2026-04-28 23:54:04,528   INFO  **********************Start logging**********************
2026-04-28 23:54:04,528   INFO  CUDA_VISIBLE_DEVICES=ALL
2026-04-28 23:54:04,528   INFO  Training with a single process
2026-04-28 23:54:04,528   INFO  cfg_file         /OpenPCDet/tools/cfgs/kitti_models/second_nuscenes.yaml
2026-04-28 23:54:04,528   INFO  batch_size       4
2026-04-28 23:54:04,528   INFO  epochs           80
2026-04-28 23:54:04,528   INFO  workers          4
2026-04-28 23:54:04,528   INFO  extra_tag        default
2026-04-28 23:54:04,528   INFO  ckpt             None
2026-04-28 23:54:04,528   INFO  pretrained_model /OpenPCDet/pcdet/models/pth/second_7862.pth
2026-04-28 23:54:04,528   INFO  launcher         none
2026-04-28 23:54:04,528   INFO  tcp_port         18888
2026-04-28 23:54:04,528   INFO  sync_bn          False
2026-04-28 23:54:04,528   INFO  fix_random_seed  False
2026-04-28 23:54:04,529   INFO  ckpt_save_interval 1
2026-04-28 23:54:04,529   INFO  local_rank       None
2026-04-28 23:54:04,529   INFO  max_ckpt_save_num 30
2026-04-28 23:54:04,529   INFO  merge_all_iters_to_one_epoch False
2026-04-28 23:54:04,529   INFO  set_cfgs         None
2026-04-28 23:54:04,529   INFO  max_waiting_mins 0
2026-04-28 23:54:04,529   INFO  start_epoch      0
2026-04-28 23:54:04,529   INFO  num_epochs_to_eval 0
2026-04-28 23:54:04,529   INFO  save_to_file     False
2026-04-28 23:54:04,529   INFO  use_tqdm_to_record False
2026-04-28 23:54:04,529   INFO  logger_iter_interval 50
2026-04-28 23:54:04,529   INFO  ckpt_save_time_interval 300
2026-04-28 23:54:04,529   INFO  wo_gpu_stat      False
2026-04-28 23:54:04,529   INFO  use_amp          False
2026-04-28 23:54:04,529   INFO  cfg.ROOT_DIR: /OpenPCDet
2026-04-28 23:54:04,529   INFO  cfg.LOCAL_RANK: 0
2026-04-28 23:54:04,529   INFO  cfg.CLASS_NAMES: ['car', 'pedestrian', 'bicycle']
2026-04-28 23:54:04,529   INFO  ----------- DATA_CONFIG -----------
2026-04-28 23:54:04,529   INFO  cfg.DATA_CONFIG.DATASET: NuScenesDataset
2026-04-28 23:54:04,529   INFO  cfg.DATA_CONFIG.DATA_PATH: /OpenPCDet/datasets/nuscenes
2026-04-28 23:54:04,529   INFO  cfg.DATA_CONFIG.VERSION: v1.0-mini
2026-04-28 23:54:04,529   INFO  cfg.DATA_CONFIG.MAX_SWEEPS: 1
2026-04-28 23:54:04,529   INFO  cfg.DATA_CONFIG.PRED_VELOCITY: False
2026-04-28 23:54:04,529   INFO  cfg.DATA_CONFIG.SET_NAN_VELOCITY_TO_ZEROS: True
2026-04-28 23:54:04,529   INFO  cfg.DATA_CONFIG.FILTER_MIN_POINTS_IN_GT: 1
2026-04-28 23:54:04,529   INFO  ----------- MAP_CLASS_TO_KITTI -----------
2026-04-28 23:54:04,529   INFO  cfg.DATA_CONFIG.MAP_CLASS_TO_KITTI.car: Car
2026-04-28 23:54:04,529   INFO  cfg.DATA_CONFIG.MAP_CLASS_TO_KITTI.pedestrian: Pedestrian
2026-04-28 23:54:04,529   INFO  cfg.DATA_CONFIG.MAP_CLASS_TO_KITTI.bicycle: Cyclist
2026-04-28 23:54:04,529   INFO  ----------- DATA_SPLIT -----------
2026-04-28 23:54:04,529   INFO  cfg.DATA_CONFIG.DATA_SPLIT.train: train
2026-04-28 23:54:04,529   INFO  cfg.DATA_CONFIG.DATA_SPLIT.test: val
2026-04-28 23:54:04,529   INFO  ----------- INFO_PATH -----------
2026-04-28 23:54:04,529   INFO  cfg.DATA_CONFIG.INFO_PATH.train: ['nuscenes_infos_10sweeps_train.pkl']
2026-04-28 23:54:04,529   INFO  cfg.DATA_CONFIG.INFO_PATH.test: ['nuscenes_infos_10sweeps_val.pkl']
2026-04-28 23:54:04,530   INFO  cfg.DATA_CONFIG.POINT_CLOUD_RANGE: [0, -51.2, -5.0, 51.2, 51.2, 3.0]
2026-04-28 23:54:04,530   INFO  cfg.DATA_CONFIG.BALANCED_RESAMPLING: True
2026-04-28 23:54:04,530   INFO  ----------- DATA_AUGMENTOR -----------
2026-04-28 23:54:04,530   INFO  cfg.DATA_CONFIG.DATA_AUGMENTOR.DISABLE_AUG_LIST: ['placeholder']
2026-04-28 23:54:04,530   INFO  cfg.DATA_CONFIG.DATA_AUGMENTOR.AUG_CONFIG_LIST: [{'NAME': 'gt_sampling', 'DB_INFO_PATH': ['nuscenes_dbinfos_10sweeps_withvelo.pkl'], 'PREPARE': {'filter_by_min_points': ['car:5', 'truck:5', 'construction_vehicle:5', 'bus:5', 'trailer:5', 'barrier:5', 'motorcycle:5', 'bicycle:5', 'pedestrian:5', 'traffic_cone:5']}, 'SAMPLE_GROUPS': ['car:2', 'truck:3', 'construction_vehicle:7', 'bus:4', 'trailer:6', 'barrier:2', 'motorcycle:6', 'bicycle:6', 'pedestrian:2', 'traffic_cone:2'], 'NUM_POINT_FEATURES': 5, 'DATABASE_WITH_FAKELIDAR': False, 'REMOVE_EXTRA_WIDTH': [0.0, 0.0, 0.0], 'LIMIT_WHOLE_SCENE': True}, {'NAME': 'random_world_flip', 'ALONG_AXIS_LIST': ['x', 'y']}, {'NAME': 'random_world_rotation', 'WORLD_ROT_ANGLE': [-0.3925, 0.3925]}, {'NAME': 'random_world_scaling', 'WORLD_SCALE_RANGE': [0.95, 1.05]}]
2026-04-28 23:54:04,530   INFO  ----------- POINT_FEATURE_ENCODING -----------
2026-04-28 23:54:04,530   INFO  cfg.DATA_CONFIG.POINT_FEATURE_ENCODING.encoding_type: absolute_coordinates_encoding
2026-04-28 23:54:04,530   INFO  cfg.DATA_CONFIG.POINT_FEATURE_ENCODING.used_feature_list: ['x', 'y', 'z', 'intensity']
2026-04-28 23:54:04,530   INFO  cfg.DATA_CONFIG.POINT_FEATURE_ENCODING.src_feature_list: ['x', 'y', 'z', 'intensity', 'timestamp']
2026-04-28 23:54:04,530   INFO  cfg.DATA_CONFIG.DATA_PROCESSOR: [{'NAME': 'mask_points_and_boxes_outside_range', 'REMOVE_OUTSIDE_BOXES': True}, {'NAME': 'shuffle_points', 'SHUFFLE_ENABLED': {'train': True, 'test': True}}, {'NAME': 'transform_points_to_voxels', 'VOXEL_SIZE': [0.1, 0.1, 0.2], 'MAX_POINTS_PER_VOXEL': 45, 'MAX_NUMBER_OF_VOXELS': {'train': 60000, 'test': 60000}}]
2026-04-28 23:54:04,530   INFO  cfg.DATA_CONFIG._BASE_CONFIG_: cfgs/dataset_configs/nuscenes_dataset.yaml
2026-04-28 23:54:04,530   INFO  ----------- MODEL -----------
2026-04-28 23:54:04,530   INFO  cfg.MODEL.NAME: SECONDNet
2026-04-28 23:54:04,530   INFO  ----------- VFE -----------
2026-04-28 23:54:04,530   INFO  cfg.MODEL.VFE.NAME: MeanVFE
2026-04-28 23:54:04,530   INFO  ----------- BACKBONE_3D -----------
2026-04-28 23:54:04,530   INFO  cfg.MODEL.BACKBONE_3D.NAME: VoxelBackBone8x
2026-04-28 23:54:04,530   INFO  ----------- MAP_TO_BEV -----------
2026-04-28 23:54:04,530   INFO  cfg.MODEL.MAP_TO_BEV.NAME: HeightCompression
2026-04-28 23:54:04,530   INFO  cfg.MODEL.MAP_TO_BEV.NUM_BEV_FEATURES: 256
2026-04-28 23:54:04,530   INFO  ----------- BACKBONE_2D -----------
2026-04-28 23:54:04,530   INFO  cfg.MODEL.BACKBONE_2D.NAME: BaseBEVBackbone
2026-04-28 23:54:04,530   INFO  cfg.MODEL.BACKBONE_2D.LAYER_NUMS: [5, 5]
2026-04-28 23:54:04,530   INFO  cfg.MODEL.BACKBONE_2D.LAYER_STRIDES: [1, 2]
2026-04-28 23:54:04,530   INFO  cfg.MODEL.BACKBONE_2D.NUM_FILTERS: [128, 256]
2026-04-28 23:54:04,530   INFO  cfg.MODEL.BACKBONE_2D.UPSAMPLE_STRIDES: [1, 2]
2026-04-28 23:54:04,530   INFO  cfg.MODEL.BACKBONE_2D.NUM_UPSAMPLE_FILTERS: [256, 256]
2026-04-28 23:54:04,530   INFO  ----------- DENSE_HEAD -----------
2026-04-28 23:54:04,530   INFO  cfg.MODEL.DENSE_HEAD.NAME: AnchorHeadSingle
2026-04-28 23:54:04,530   INFO  cfg.MODEL.DENSE_HEAD.CLASS_AGNOSTIC: False
2026-04-28 23:54:04,530   INFO  cfg.MODEL.DENSE_HEAD.USE_DIRECTION_CLASSIFIER: True
2026-04-28 23:54:04,530   INFO  cfg.MODEL.DENSE_HEAD.DIR_OFFSET: 0.78539
2026-04-28 23:54:04,530   INFO  cfg.MODEL.DENSE_HEAD.DIR_LIMIT_OFFSET: 0.0
2026-04-28 23:54:04,531   INFO  cfg.MODEL.DENSE_HEAD.NUM_DIR_BINS: 2
2026-04-28 23:54:04,531   INFO  cfg.MODEL.DENSE_HEAD.ANCHOR_GENERATOR_CONFIG: [{'class_name': 'car', 'anchor_sizes': [[3.9, 1.6, 1.56]], 'anchor_rotations': [0, 1.57], 'anchor_bottom_heights': [-1.78], 'align_center': False, 'feature_map_stride': 8, 'matched_threshold': 0.6, 'unmatched_threshold': 0.45}, {'class_name': 'pedestrian', 'anchor_sizes': [[0.8, 0.6, 1.73]], 'anchor_rotations': [0, 1.57], 'anchor_bottom_heights': [-0.6], 'align_center': False, 'feature_map_stride': 8, 'matched_threshold': 0.5, 'unmatched_threshold': 0.35}, {'class_name': 'bicycle', 'anchor_sizes': [[1.76, 0.6, 1.73]], 'anchor_rotations': [0, 1.57], 'anchor_bottom_heights': [-0.6], 'align_center': False, 'feature_map_stride': 8, 'matched_threshold': 0.5, 'unmatched_threshold': 0.35}]
2026-04-28 23:54:04,531   INFO  ----------- TARGET_ASSIGNER_CONFIG -----------
2026-04-28 23:54:04,531   INFO  cfg.MODEL.DENSE_HEAD.TARGET_ASSIGNER_CONFIG.NAME: AxisAlignedTargetAssigner
2026-04-28 23:54:04,531   INFO  cfg.MODEL.DENSE_HEAD.TARGET_ASSIGNER_CONFIG.POS_FRACTION: -1.0
2026-04-28 23:54:04,531   INFO  cfg.MODEL.DENSE_HEAD.TARGET_ASSIGNER_CONFIG.SAMPLE_SIZE: 512
2026-04-28 23:54:04,531   INFO  cfg.MODEL.DENSE_HEAD.TARGET_ASSIGNER_CONFIG.NORM_BY_NUM_EXAMPLES: False
2026-04-28 23:54:04,531   INFO  cfg.MODEL.DENSE_HEAD.TARGET_ASSIGNER_CONFIG.MATCH_HEIGHT: False
2026-04-28 23:54:04,531   INFO  cfg.MODEL.DENSE_HEAD.TARGET_ASSIGNER_CONFIG.BOX_CODER: ResidualCoder
2026-04-28 23:54:04,531   INFO  ----------- LOSS_CONFIG -----------
2026-04-28 23:54:04,531   INFO  ----------- LOSS_WEIGHTS -----------
2026-04-28 23:54:04,531   INFO  cfg.MODEL.DENSE_HEAD.LOSS_CONFIG.LOSS_WEIGHTS.cls_weight: 1.0
2026-04-28 23:54:04,531   INFO  cfg.MODEL.DENSE_HEAD.LOSS_CONFIG.LOSS_WEIGHTS.loc_weight: 2.0
2026-04-28 23:54:04,531   INFO  cfg.MODEL.DENSE_HEAD.LOSS_CONFIG.LOSS_WEIGHTS.dir_weight: 0.2
2026-04-28 23:54:04,531   INFO  cfg.MODEL.DENSE_HEAD.LOSS_CONFIG.LOSS_WEIGHTS.code_weights: [1.0, 1.0, 1.0, 1.0, 1.0, 1.0, 1.0]
2026-04-28 23:54:04,531   INFO  ----------- POST_PROCESSING -----------
2026-04-28 23:54:04,531   INFO  cfg.MODEL.POST_PROCESSING.RECALL_THRESH_LIST: [0.3, 0.5, 0.7]
2026-04-28 23:54:04,531   INFO  cfg.MODEL.POST_PROCESSING.SCORE_THRESH: 0.1
2026-04-28 23:54:04,531   INFO  cfg.MODEL.POST_PROCESSING.OUTPUT_RAW_SCORE: False
2026-04-28 23:54:04,531   INFO  cfg.MODEL.POST_PROCESSING.EVAL_METRIC: nuscenes
2026-04-28 23:54:04,531   INFO  ----------- NMS_CONFIG -----------
2026-04-28 23:54:04,531   INFO  cfg.MODEL.POST_PROCESSING.NMS_CONFIG.MULTI_CLASSES_NMS: False
2026-04-28 23:54:04,531   INFO  cfg.MODEL.POST_PROCESSING.NMS_CONFIG.NMS_TYPE: nms_gpu
2026-04-28 23:54:04,531   INFO  cfg.MODEL.POST_PROCESSING.NMS_CONFIG.NMS_THRESH: 0.01
2026-04-28 23:54:04,531   INFO  cfg.MODEL.POST_PROCESSING.NMS_CONFIG.NMS_PRE_MAXSIZE: 4096
2026-04-28 23:54:04,531   INFO  cfg.MODEL.POST_PROCESSING.NMS_CONFIG.NMS_POST_MAXSIZE: 500
2026-04-28 23:54:04,531   INFO  ----------- OPTIMIZATION -----------
2026-04-28 23:54:04,531   INFO  cfg.OPTIMIZATION.BATCH_SIZE_PER_GPU: 4
2026-04-28 23:54:04,531   INFO  cfg.OPTIMIZATION.NUM_EPOCHS: 80
2026-04-28 23:54:04,531   INFO  cfg.OPTIMIZATION.OPTIMIZER: adam_onecycle
2026-04-28 23:54:04,531   INFO  cfg.OPTIMIZATION.LR: 0.003
2026-04-28 23:54:04,531   INFO  cfg.OPTIMIZATION.WEIGHT_DECAY: 0.01
2026-04-28 23:54:04,531   INFO  cfg.OPTIMIZATION.MOMENTUM: 0.9
2026-04-28 23:54:04,532   INFO  cfg.OPTIMIZATION.MOMS: [0.95, 0.85]
2026-04-28 23:54:04,532   INFO  cfg.OPTIMIZATION.PCT_START: 0.4
2026-04-28 23:54:04,532   INFO  cfg.OPTIMIZATION.DIV_FACTOR: 10
2026-04-28 23:54:04,532   INFO  cfg.OPTIMIZATION.DECAY_STEP_LIST: [35, 45]
2026-04-28 23:54:04,532   INFO  cfg.OPTIMIZATION.LR_DECAY: 0.1
2026-04-28 23:54:04,532   INFO  cfg.OPTIMIZATION.LR_CLIP: 1e-07
2026-04-28 23:54:04,532   INFO  cfg.OPTIMIZATION.LR_WARMUP: False
2026-04-28 23:54:04,532   INFO  cfg.OPTIMIZATION.WARMUP_EPOCH: 1
2026-04-28 23:54:04,532   INFO  cfg.OPTIMIZATION.GRAD_NORM_CLIP: 10
2026-04-28 23:54:04,532   INFO  cfg.TAG: second_nuscenes
2026-04-28 23:54:04,532   INFO  cfg.EXP_GROUP_PATH: OpenPCDet/tools/cfgs/kitti_models
2026-04-28 23:54:04,535   INFO  ----------- Create dataloader & network & optimizer -----------
2026-04-28 23:54:04,566   INFO  Database filter by min points car: 4082 => 3303
2026-04-28 23:54:04,566   INFO  Database filter by min points bicycle: 147 => 136
2026-04-28 23:54:04,566   INFO  Database filter by min points pedestrian: 3068 => 2799
2026-04-28 23:54:04,568   INFO  Loading NuScenes dataset
2026-04-28 23:54:04,585   INFO  Total samples for NuScenes dataset: 323
2026-04-28 23:54:04,588   INFO  Total samples after balanced resampling: 667
2026-04-28 23:54:05,947   INFO  ==> Loading parameters from checkpoint /OpenPCDet/pcdet/models/pth/second_7862.pth to GPU
2026-04-28 23:54:05,977   INFO  ==> Done (loaded 163/163)
2026-04-28 23:54:05,978   INFO  ----------- Model SECONDNet created, param count: 5325576 -----------
2026-04-28 23:54:05,978   INFO  SECONDNet(
  (vfe): MeanVFE()
  (backbone_3d): VoxelBackBone8x(
    (conv_input): SparseSequential(
      (0): SubMConv3d(4, 16, kernel_size=[3, 3, 3], stride=[1, 1, 1], padding=[1, 1, 1], dilation=[1, 1, 1], output_padding=[0, 0, 0], bias=False, algo=ConvAlgo.MaskImplicitGemm)
      (1): BatchNorm1d(16, eps=0.001, momentum=0.01, affine=True, track_running_stats=True)
      (2): ReLU()
    )
    (conv1): SparseSequential(
      (0): SparseSequential(
        (0): SubMConv3d(16, 16, kernel_size=[3, 3, 3], stride=[1, 1, 1], padding=[0, 0, 0], dilation=[1, 1, 1], output_padding=[0, 0, 0], bias=False, algo=ConvAlgo.MaskImplicitGemm)
        (1): BatchNorm1d(16, eps=0.001, momentum=0.01, affine=True, track_running_stats=True)
        (2): ReLU()
      )
    )
    (conv2): SparseSequential(
      (0): SparseSequential(
        (0): SparseConv3d(16, 32, kernel_size=[3, 3, 3], stride=[2, 2, 2], padding=[1, 1, 1], dilation=[1, 1, 1], output_padding=[0, 0, 0], bias=False, algo=ConvAlgo.MaskImplicitGemm)
        (1): BatchNorm1d(32, eps=0.001, momentum=0.01, affine=True, track_running_stats=True)
        (2): ReLU()
      )
      (1): SparseSequential(
        (0): SubMConv3d(32, 32, kernel_size=[3, 3, 3], stride=[1, 1, 1], padding=[0, 0, 0], dilation=[1, 1, 1], output_padding=[0, 0, 0], bias=False, algo=ConvAlgo.MaskImplicitGemm)
        (1): BatchNorm1d(32, eps=0.001, momentum=0.01, affine=True, track_running_stats=True)
        (2): ReLU()
      )
      (2): SparseSequential(
        (0): SubMConv3d(32, 32, kernel_size=[3, 3, 3], stride=[1, 1, 1], padding=[0, 0, 0], dilation=[1, 1, 1], output_padding=[0, 0, 0], bias=False, algo=ConvAlgo.MaskImplicitGemm)
        (1): BatchNorm1d(32, eps=0.001, momentum=0.01, affine=True, track_running_stats=True)
        (2): ReLU()
      )
    )
    (conv3): SparseSequential(
      (0): SparseSequential(
        (0): SparseConv3d(32, 64, kernel_size=[3, 3, 3], stride=[2, 2, 2], padding=[1, 1, 1], dilation=[1, 1, 1], output_padding=[0, 0, 0], bias=False, algo=ConvAlgo.MaskImplicitGemm)
        (1): BatchNorm1d(64, eps=0.001, momentum=0.01, affine=True, track_running_stats=True)
        (2): ReLU()
      )
      (1): SparseSequential(
        (0): SubMConv3d(64, 64, kernel_size=[3, 3, 3], stride=[1, 1, 1], padding=[0, 0, 0], dilation=[1, 1, 1], output_padding=[0, 0, 0], bias=False, algo=ConvAlgo.MaskImplicitGemm)
        (1): BatchNorm1d(64, eps=0.001, momentum=0.01, affine=True, track_running_stats=True)
        (2): ReLU()
      )
      (2): SparseSequential(
        (0): SubMConv3d(64, 64, kernel_size=[3, 3, 3], stride=[1, 1, 1], padding=[0, 0, 0], dilation=[1, 1, 1], output_padding=[0, 0, 0], bias=False, algo=ConvAlgo.MaskImplicitGemm)
        (1): BatchNorm1d(64, eps=0.001, momentum=0.01, affine=True, track_running_stats=True)
        (2): ReLU()
      )
    )
    (conv4): SparseSequential(
      (0): SparseSequential(
        (0): SparseConv3d(64, 64, kernel_size=[3, 3, 3], stride=[2, 2, 2], padding=[0, 1, 1], dilation=[1, 1, 1], output_padding=[0, 0, 0], bias=False, algo=ConvAlgo.MaskImplicitGemm)
        (1): BatchNorm1d(64, eps=0.001, momentum=0.01, affine=True, track_running_stats=True)
        (2): ReLU()
      )
      (1): SparseSequential(
        (0): SubMConv3d(64, 64, kernel_size=[3, 3, 3], stride=[1, 1, 1], padding=[0, 0, 0], dilation=[1, 1, 1], output_padding=[0, 0, 0], bias=False, algo=ConvAlgo.MaskImplicitGemm)
        (1): BatchNorm1d(64, eps=0.001, momentum=0.01, affine=True, track_running_stats=True)
        (2): ReLU()
      )
      (2): SparseSequential(
        (0): SubMConv3d(64, 64, kernel_size=[3, 3, 3], stride=[1, 1, 1], padding=[0, 0, 0], dilation=[1, 1, 1], output_padding=[0, 0, 0], bias=False, algo=ConvAlgo.MaskImplicitGemm)
        (1): BatchNorm1d(64, eps=0.001, momentum=0.01, affine=True, track_running_stats=True)
        (2): ReLU()
      )
    )
    (conv_out): SparseSequential(
      (0): SparseConv3d(64, 128, kernel_size=[3, 1, 1], stride=[2, 1, 1], padding=[0, 0, 0], dilation=[1, 1, 1], output_padding=[0, 0, 0], bias=False, algo=ConvAlgo.MaskImplicitGemm)
      (1): BatchNorm1d(128, eps=0.001, momentum=0.01, affine=True, track_running_stats=True)
      (2): ReLU()
    )
  )
  (map_to_bev_module): HeightCompression()
  (pfe): None
  (backbone_2d): BaseBEVBackbone(
    (blocks): ModuleList(
      (0): Sequential(
        (0): ZeroPad2d((1, 1, 1, 1))
        (1): Conv2d(256, 128, kernel_size=(3, 3), stride=(1, 1), bias=False)
        (2): BatchNorm2d(128, eps=0.001, momentum=0.01, affine=True, track_running_stats=True)
        (3): ReLU()
        (4): Conv2d(128, 128, kernel_size=(3, 3), stride=(1, 1), padding=(1, 1), bias=False)
        (5): BatchNorm2d(128, eps=0.001, momentum=0.01, affine=True, track_running_stats=True)
        (6): ReLU()
        (7): Conv2d(128, 128, kernel_size=(3, 3), stride=(1, 1), padding=(1, 1), bias=False)
        (8): BatchNorm2d(128, eps=0.001, momentum=0.01, affine=True, track_running_stats=True)
        (9): ReLU()
        (10): Conv2d(128, 128, kernel_size=(3, 3), stride=(1, 1), padding=(1, 1), bias=False)
        (11): BatchNorm2d(128, eps=0.001, momentum=0.01, affine=True, track_running_stats=True)
        (12): ReLU()
        (13): Conv2d(128, 128, kernel_size=(3, 3), stride=(1, 1), padding=(1, 1), bias=False)
        (14): BatchNorm2d(128, eps=0.001, momentum=0.01, affine=True, track_running_stats=True)
        (15): ReLU()
        (16): Conv2d(128, 128, kernel_size=(3, 3), stride=(1, 1), padding=(1, 1), bias=False)
        (17): BatchNorm2d(128, eps=0.001, momentum=0.01, affine=True, track_running_stats=True)
        (18): ReLU()
      )
      (1): Sequential(
        (0): ZeroPad2d((1, 1, 1, 1))
        (1): Conv2d(128, 256, kernel_size=(3, 3), stride=(2, 2), bias=False)
        (2): BatchNorm2d(256, eps=0.001, momentum=0.01, affine=True, track_running_stats=True)
        (3): ReLU()
        (4): Conv2d(256, 256, kernel_size=(3, 3), stride=(1, 1), padding=(1, 1), bias=False)
        (5): BatchNorm2d(256, eps=0.001, momentum=0.01, affine=True, track_running_stats=True)
        (6): ReLU()
        (7): Conv2d(256, 256, kernel_size=(3, 3), stride=(1, 1), padding=(1, 1), bias=False)
        (8): BatchNorm2d(256, eps=0.001, momentum=0.01, affine=True, track_running_stats=True)
        (9): ReLU()
        (10): Conv2d(256, 256, kernel_size=(3, 3), stride=(1, 1), padding=(1, 1), bias=False)
        (11): BatchNorm2d(256, eps=0.001, momentum=0.01, affine=True, track_running_stats=True)
        (12): ReLU()
        (13): Conv2d(256, 256, kernel_size=(3, 3), stride=(1, 1), padding=(1, 1), bias=False)
        (14): BatchNorm2d(256, eps=0.001, momentum=0.01, affine=True, track_running_stats=True)
        (15): ReLU()
        (16): Conv2d(256, 256, kernel_size=(3, 3), stride=(1, 1), padding=(1, 1), bias=False)
        (17): BatchNorm2d(256, eps=0.001, momentum=0.01, affine=True, track_running_stats=True)
        (18): ReLU()
      )
    )
    (deblocks): ModuleList(
      (0): Sequential(
        (0): ConvTranspose2d(128, 256, kernel_size=(1, 1), stride=(1, 1), bias=False)
        (1): BatchNorm2d(256, eps=0.001, momentum=0.01, affine=True, track_running_stats=True)
        (2): ReLU()
      )
      (1): Sequential(
        (0): ConvTranspose2d(256, 256, kernel_size=(2, 2), stride=(2, 2), bias=False)
        (1): BatchNorm2d(256, eps=0.001, momentum=0.01, affine=True, track_running_stats=True)
        (2): ReLU()
      )
    )
  )
  (dense_head): AnchorHeadSingle(
    (cls_loss_func): SigmoidFocalClassificationLoss()
    (reg_loss_func): WeightedSmoothL1Loss()
    (dir_loss_func): WeightedCrossEntropyLoss()
    (conv_cls): Conv2d(512, 18, kernel_size=(1, 1), stride=(1, 1))
    (conv_box): Conv2d(512, 42, kernel_size=(1, 1), stride=(1, 1))
    (conv_dir_cls): Conv2d(512, 12, kernel_size=(1, 1), stride=(1, 1))
  )
  (point_head): None
  (roi_head): None
)
2026-04-28 23:54:05,979   INFO  **********************Start training OpenPCDet/tools/cfgs/kitti_models/second_nuscenes(default)**********************
2026-04-28 23:54:12,555   INFO  Train:    1/80 (  1%) [   0/167 (  0%)]  Loss: 3.597 (3.60)  LR: 3.000e-04  Time cost: 00:05/16:24 [00:06/21:52:17]  Acc_iter 1           Data time: 0.73(0.73)  Forward time: 5.17(5.17)  Batch time: 5.89(5.89)
2026-04-28 23:54:18,371   INFO  Train:    1/80 (  1%) [  49/167 ( 29%)]  Loss: 2.482 (2.71)  LR: 3.006e-04  Time cost: 00:11/00:27 [00:12/51:57]  Acc_iter 50          Data time: 0.01(0.02)  Forward time: 0.10(0.21)  Batch time: 0.11(0.23)
2026-04-28 23:54:23,853   INFO  Train:    1/80 (  1%) [  99/167 ( 59%)]  Loss: 1.961 (2.40)  LR: 3.023e-04  Time cost: 00:17/00:11 [00:17/37:59]  Acc_iter 100         Data time: 0.01(0.01)  Forward time: 0.09(0.16)  Batch time: 0.10(0.17)
2026-04-28 23:54:29,292   INFO  Train:    1/80 (  1%) [ 149/167 ( 89%)]  Loss: 2.013 (2.26)  LR: 3.052e-04  Time cost: 00:22/00:02 [00:23/33:13]  Acc_iter 150         Data time: 0.02(0.01)  Forward time: 0.12(0.14)  Batch time: 0.14(0.15)
2026-04-28 23:54:29,445   INFO  
2026-04-28 23:54:31,234   INFO  Train:    1/80 (  1%) [ 166/167 ( 99%)]  Loss: 1.840 (2.22)  LR: 3.064e-04  Time cost: 00:24/00:00 [00:25/32:21]  Acc_iter 167         Data time: 0.01(0.01)  Forward time: 0.07(0.13)  Batch time: 0.08(0.15)
2026-04-28 23:54:32,362   INFO  Train:    2/80 (  2%) [   0/167 (  0%)]  Loss: 2.185 (2.19)  LR: 3.065e-04  Time cost: 00:00/02:10 [00:26/2:52:20]  Acc_iter 168         Data time: 0.41(0.41)  Forward time: 0.37(0.37)  Batch time: 0.78(0.78)
2026-04-28 23:54:35,921   INFO  Train:    2/80 (  2%) [  32/167 ( 19%)]  Loss: 1.827 (1.84)  LR: 3.092e-04  Time cost: 00:04/00:17 [00:29/28:51]  Acc_iter 200         Data time: 0.00(0.02)  Forward time: 0.11(0.11)  Batch time: 0.11(0.13)
2026-04-28 23:54:41,255   INFO  Train:    2/80 (  2%) [  82/167 ( 49%)]  Loss: 2.045 (1.84)  LR: 3.144e-04  Time cost: 00:09/00:09 [00:35/25:28]  Acc_iter 250         Data time: 0.01(0.01)  Forward time: 0.11(0.10)  Batch time: 0.12(0.12)
2026-04-28 23:54:46,455   INFO  Train:    2/80 (  2%) [ 132/167 ( 79%)]  Loss: 1.700 (1.80)  LR: 3.208e-04  Time cost: 00:14/00:03 [00:40/24:20]  Acc_iter 300         Data time: 0.01(0.01)  Forward time: 0.10(0.10)  Batch time: 0.10(0.11)
2026-04-28 23:54:46,596   INFO  
2026-04-28 23:54:50,098   INFO  Train:    2/80 (  2%) [ 166/167 ( 99%)]  Loss: 1.551 (1.78)  LR: 3.258e-04  Time cost: 00:18/00:00 [00:44/24:04]  Acc_iter 334         Data time: 0.01(0.01)  Forward time: 0.07(0.10)  Batch time: 0.08(0.11)
2026-04-28 23:54:51,216   INFO  Train:    3/80 (  4%) [   0/167 (  0%)]  Loss: 1.952 (1.95)  LR: 3.259e-04  Time cost: 00:00/02:01 [00:45/2:38:00]  Acc_iter 335         Data time: 0.47(0.47)  Forward time: 0.25(0.25)  Batch time: 0.72(0.72)
2026-04-28 23:54:52,805   INFO  Train:    3/80 (  4%) [  15/167 (  9%)]  Loss: 1.628 (1.70)  LR: 3.283e-04  Time cost: 00:02/00:22 [00:46/31:24]  Acc_iter 350         Data time: 0.01(0.04)  Forward time: 0.10(0.11)  Batch time: 0.11(0.14)
2026-04-28 23:54:58,099   INFO  Train:    3/80 (  4%) [  65/167 ( 39%)]  Loss: 1.388 (1.71)  LR: 3.370e-04  Time cost: 00:07/00:11 [00:52/24:54]  Acc_iter 400         Data time: 0.00(0.02)  Forward time: 0.09(0.10)  Batch time: 0.09(0.12)
2026-04-28 23:55:03,351   INFO  Train:    3/80 (  4%) [ 115/167 ( 69%)]  Loss: 1.857 (1.67)  LR: 3.468e-04  Time cost: 00:12/00:05 [00:57/23:51]  Acc_iter 450         Data time: 0.01(0.01)  Forward time: 0.10(0.10)  Batch time: 0.11(0.11)
2026-04-28 23:55:03,490   INFO  
2026-04-28 23:55:08,661   INFO  Train:    3/80 (  4%) [ 165/167 ( 99%)]  Loss: 1.829 (1.64)  LR: 3.577e-04  Time cost: 00:18/00:00 [01:02/23:27]  Acc_iter 500         Data time: 0.01(0.01)  Forward time: 0.09(0.10)  Batch time: 0.10(0.11)
2026-04-28 23:55:08,740   INFO  Train:    3/80 (  4%) [ 166/167 ( 99%)]  Loss: 1.687 (1.64)  LR: 3.579e-04  Time cost: 00:18/00:00 [01:02/23:25]  Acc_iter 501         Data time: 0.01(0.01)  Forward time: 0.07(0.10)  Batch time: 0.08(0.11)
2026-04-28 23:55:09,850   INFO  Train:    4/80 (  5%) [   0/167 (  0%)]  Loss: 1.694 (1.69)  LR: 3.581e-04  Time cost: 00:00/02:00 [01:03/2:34:41]  Acc_iter 502         Data time: 0.45(0.45)  Forward time: 0.27(0.27)  Batch time: 0.72(0.72)
2026-04-28 23:55:15,367   INFO  Train:    4/80 (  5%) [  48/167 ( 29%)]  Loss: 1.715 (1.58)  LR: 3.697e-04  Time cost: 00:06/00:15 [01:09/27:11]  Acc_iter 550         Data time: 0.01(0.02)  Forward time: 0.10(0.11)  Batch time: 0.11(0.13)
2026-04-28 23:55:20,566   INFO  Train:    4/80 (  5%) [  98/167 ( 59%)]  Loss: 1.714 (1.57)  LR: 3.828e-04  Time cost: 00:11/00:07 [01:14/24:34]  Acc_iter 600         Data time: 0.01(0.01)  Forward time: 0.09(0.10)  Batch time: 0.10(0.12)
2026-04-28 23:55:20,692   INFO  
2026-04-28 23:55:25,817   INFO  Train:    4/80 (  5%) [ 148/167 ( 89%)]  Loss: 1.272 (1.55)  LR: 3.971e-04  Time cost: 00:16/00:02 [01:19/23:43]  Acc_iter 650         Data time: 0.01(0.01)  Forward time: 0.09(0.10)  Batch time: 0.10(0.11)
2026-04-28 23:55:27,626   INFO  Train:    4/80 (  5%) [ 166/167 ( 99%)]  Loss: 1.185 (1.54)  LR: 4.025e-04  Time cost: 00:18/00:00 [01:21/23:26]  Acc_iter 668         Data time: 0.01(0.01)  Forward time: 0.07(0.10)  Batch time: 0.08(0.11)
2026-04-28 23:55:28,591   INFO  Train:    5/80 (  6%) [   0/167 (  0%)]  Loss: 1.527 (1.53)  LR: 4.028e-04  Time cost: 00:00/01:42 [01:22/2:09:32]  Acc_iter 669         Data time: 0.40(0.40)  Forward time: 0.20(0.20)  Batch time: 0.60(0.60)
2026-04-28 23:55:31,739   INFO  Train:    5/80 (  6%) [  31/167 ( 19%)]  Loss: 1.988 (1.55)  LR: 4.124e-04  Time cost: 00:03/00:15 [01:25/24:47]  Acc_iter 700         Data time: 0.01(0.02)  Forward time: 0.08(0.10)  Batch time: 0.09(0.12)
2026-04-28 23:55:36,786   INFO  Train:    5/80 (  6%) [  81/167 ( 49%)]  Loss: 1.882 (1.53)  LR: 4.288e-04  Time cost: 00:08/00:09 [01:30/22:34]  Acc_iter 750         Data time: 0.01(0.01)  Forward time: 0.10(0.09)  Batch time: 0.11(0.11)
2026-04-28 23:55:36,908   INFO  
2026-04-28 23:55:42,007   INFO  Train:    5/80 (  6%) [ 131/167 ( 78%)]  Loss: 1.402 (1.50)  LR: 4.462e-04  Time cost: 00:14/00:03 [01:36/22:14]  Acc_iter 800         Data time: 0.00(0.01)  Forward time: 0.09(0.09)  Batch time: 0.09(0.11)
2026-04-28 23:55:45,492   INFO  Train:    5/80 (  6%) [ 166/167 ( 99%)]  Loss: 1.491 (1.50)  LR: 4.590e-04  Time cost: 00:17/00:00 [01:39/21:53]  Acc_iter 835         Data time: 0.02(0.01)  Forward time: 0.07(0.09)  Batch time: 0.09(0.10)
2026-04-28 23:55:46,465   INFO  Train:    6/80 (  8%) [   0/167 (  0%)]  Loss: 1.695 (1.70)  LR: 4.594e-04  Time cost: 00:00/01:43 [01:40/2:09:57]  Acc_iter 836         Data time: 0.43(0.43)  Forward time: 0.18(0.18)  Batch time: 0.61(0.61)
2026-04-28 23:55:47,881   INFO  Train:    6/80 (  8%) [  14/167 (  8%)]  Loss: 1.513 (1.38)  LR: 4.647e-04  Time cost: 00:02/00:20 [01:41/28:19]  Acc_iter 850         Data time: 0.01(0.04)  Forward time: 0.10(0.10)  Batch time: 0.11(0.14)
2026-04-28 23:55:52,983   INFO  Train:    6/80 (  8%) [  64/167 ( 38%)]  Loss: 1.347 (1.41)  LR: 4.842e-04  Time cost: 00:07/00:11 [01:47/22:48]  Acc_iter 900         Data time: 0.01(0.02)  Forward time: 0.09(0.09)  Batch time: 0.10(0.11)
2026-04-28 23:55:53,111   INFO  
2026-04-28 23:55:58,069   INFO  Train:    6/80 (  8%) [ 114/167 ( 68%)]  Loss: 1.666 (1.42)  LR: 5.047e-04  Time cost: 00:12/00:05 [01:52/21:59]  Acc_iter 950         Data time: 0.01(0.01)  Forward time: 0.09(0.09)  Batch time: 0.10(0.11)
2026-04-28 23:56:03,069   INFO  Train:    6/80 (  8%) [ 164/167 ( 98%)]  Loss: 1.096 (1.42)  LR: 5.262e-04  Time cost: 00:17/00:00 [01:57/21:30]  Acc_iter 1000        Data time: 0.01(0.01)  Forward time: 0.08(0.09)  Batch time: 0.09(0.10)
2026-04-28 23:56:03,242   INFO  Train:    6/80 (  8%) [ 166/167 ( 99%)]  Loss: 0.9998 (1.42)  LR: 5.271e-04  Time cost: 00:17/00:00 [01:57/21:27]  Acc_iter 1002        Data time: 0.01(0.01)  Forward time: 0.07(0.09)  Batch time: 0.08(0.10)
2026-04-28 23:56:04,218   INFO  Train:    7/80 (  9%) [   0/167 (  0%)]  Loss: 1.129 (1.13)  LR: 5.275e-04  Time cost: 00:00/01:44 [01:58/2:08:42]  Acc_iter 1003        Data time: 0.41(0.41)  Forward time: 0.21(0.21)  Batch time: 0.62(0.62)
2026-04-28 23:56:09,142   INFO  Train:    7/80 (  9%) [  47/167 ( 28%)]  Loss: 1.056 (1.37)  LR: 5.487e-04  Time cost: 00:05/00:13 [02:03/23:43]  Acc_iter 1050        Data time: 0.01(0.02)  Forward time: 0.09(0.10)  Batch time: 0.10(0.12)
2026-04-28 23:56:09,263   INFO  
2026-04-28 23:56:14,299   INFO  Train:    7/80 (  9%) [  97/167 ( 58%)]  Loss: 1.263 (1.37)  LR: 5.721e-04  Time cost: 00:10/00:07 [02:08/22:19]  Acc_iter 1100        Data time: 0.01(0.01)  Forward time: 0.09(0.10)  Batch time: 0.10(0.11)
2026-04-28 23:56:19,253   INFO  Train:    7/80 (  9%) [ 147/167 ( 88%)]  Loss: 1.852 (1.38)  LR: 5.964e-04  Time cost: 00:15/00:02 [02:13/21:31]  Acc_iter 1150        Data time: 0.01(0.01)  Forward time: 0.09(0.09)  Batch time: 0.10(0.11)
2026-04-28 23:56:21,024   INFO  Train:    7/80 (  9%) [ 166/167 ( 99%)]  Loss: 1.280 (1.37)  LR: 6.059e-04  Time cost: 00:17/00:00 [02:15/21:12]  Acc_iter 1169        Data time: 0.01(0.01)  Forward time: 0.06(0.09)  Batch time: 0.07(0.10)
2026-04-28 23:56:22,013   INFO  Train:    8/80 ( 10%) [   0/167 (  0%)]  Loss: 1.461 (1.46)  LR: 6.064e-04  Time cost: 00:00/01:45 [02:16/2:08:04]  Acc_iter 1170        Data time: 0.44(0.44)  Forward time: 0.18(0.18)  Batch time: 0.62(0.62)
2026-04-28 23:56:25,090   INFO  Train:    8/80 ( 10%) [  30/167 ( 18%)]  Loss: 1.023 (1.39)  LR: 6.217e-04  Time cost: 00:03/00:16 [02:19/24:14]  Acc_iter 1200        Data time: 0.01(0.02)  Forward time: 0.10(0.10)  Batch time: 0.10(0.12)
2026-04-28 23:56:25,209   INFO  
2026-04-28 23:56:30,546   INFO  Train:    8/80 ( 10%) [  80/167 ( 48%)]  Loss: 1.131 (1.39)  LR: 6.479e-04  Time cost: 00:09/00:09 [02:24/22:50]  Acc_iter 1250        Data time: 0.01(0.01)  Forward time: 0.10(0.10)  Batch time: 0.11(0.11)
2026-04-28 23:56:35,697   INFO  Train:    8/80 ( 10%) [ 130/167 ( 78%)]  Loss: 1.097 (1.37)  LR: 6.749e-04  Time cost: 00:14/00:04 [02:29/21:57]  Acc_iter 1300        Data time: 0.01(0.01)  Forward time: 0.09(0.10)  Batch time: 0.09(0.11)
2026-04-28 23:56:39,312   INFO  Train:    8/80 ( 10%) [ 166/167 ( 99%)]  Loss: 1.317 (1.35)  LR: 6.948e-04  Time cost: 00:17/00:00 [02:33/21:31]  Acc_iter 1336        Data time: 0.01(0.01)  Forward time: 0.06(0.10)  Batch time: 0.07(0.11)
2026-04-28 23:56:40,251   INFO  Train:    9/80 ( 11%) [   0/167 (  0%)]  Loss: 1.020 (1.02)  LR: 6.954e-04  Time cost: 00:00/01:38 [02:34/1:57:36]  Acc_iter 1337        Data time: 0.27(0.27)  Forward time: 0.32(0.32)  Batch time: 0.59(0.59)
2026-04-28 23:56:41,647   INFO  Train:    9/80 ( 11%) [  13/167 (  8%)]  Loss: 1.298 (1.28)  LR: 7.027e-04  Time cost: 00:01/00:21 [02:35/28:21]  Acc_iter 1350        Data time: 0.01(0.02)  Forward time: 0.09(0.12)  Batch time: 0.10(0.14)
2026-04-28 23:56:41,767   INFO  
2026-04-28 23:56:47,155   INFO  Train:    9/80 ( 11%) [  63/167 ( 38%)]  Loss: 0.8907 (1.31)  LR: 7.314e-04  Time cost: 00:07/00:12 [02:41/23:20]  Acc_iter 1400        Data time: 0.01(0.01)  Forward time: 0.09(0.10)  Batch time: 0.10(0.12)
2026-04-28 23:56:52,326   INFO  Train:    9/80 ( 11%) [ 113/167 ( 68%)]  Loss: 1.085 (1.29)  LR: 7.609e-04  Time cost: 00:12/00:05 [02:46/22:02]  Acc_iter 1450        Data time: 0.01(0.01)  Forward time: 0.10(0.10)  Batch time: 0.11(0.11)
2026-04-28 23:56:57,520   INFO  Train:    9/80 ( 11%) [ 163/167 ( 98%)]  Loss: 1.024 (1.29)  LR: 7.911e-04  Time cost: 00:17/00:00 [02:51/21:31]  Acc_iter 1500        Data time: 0.01(0.01)  Forward time: 0.08(0.10)  Batch time: 0.09(0.11)
2026-04-28 23:56:57,638   INFO  
2026-04-28 23:56:57,898   INFO  Train:    9/80 ( 11%) [ 166/167 ( 99%)]  Loss: 1.558 (1.29)  LR: 7.930e-04  Time cost: 00:18/00:00 [02:51/21:34]  Acc_iter 1503        Data time: 0.01(0.01)  Forward time: 0.07(0.10)  Batch time: 0.08(0.11)
2026-04-28 23:56:58,801   INFO  Train:   10/80 ( 12%) [   0/167 (  0%)]  Loss: 1.192 (1.19)  LR: 7.936e-04  Time cost: 00:00/01:31 [02:52/1:48:30]  Acc_iter 1504        Data time: 0.24(0.24)  Forward time: 0.30(0.30)  Batch time: 0.55(0.55)
2026-04-28 23:57:03,490   INFO  Train:   10/80 ( 12%) [  46/167 ( 28%)]  Loss: 1.362 (1.31)  LR: 8.221e-04  Time cost: 00:05/00:13 [02:57/21:56]  Acc_iter 1550        Data time: 0.01(0.01)  Forward time: 0.09(0.10)  Batch time: 0.10(0.11)
2026-04-28 23:57:08,538   INFO  Train:   10/80 ( 12%) [  96/167 ( 57%)]  Loss: 1.311 (1.30)  LR: 8.538e-04  Time cost: 00:10/00:07 [03:02/20:47]  Acc_iter 1600        Data time: 0.01(0.01)  Forward time: 0.09(0.10)  Batch time: 0.10(0.11)
2026-04-28 23:57:13,447   INFO  Train:   10/80 ( 12%) [ 146/167 ( 87%)]  Loss: 1.427 (1.28)  LR: 8.862e-04  Time cost: 00:15/00:02 [03:07/20:10]  Acc_iter 1650        Data time: 0.01(0.01)  Forward time: 0.09(0.09)  Batch time: 0.10(0.10)
2026-04-28 23:57:13,571   INFO  
2026-04-28 23:57:15,560   INFO  Train:   10/80 ( 12%) [ 166/167 ( 99%)]  Loss: 0.7552 (1.27)  LR: 8.993e-04  Time cost: 00:17/00:00 [03:09/20:11]  Acc_iter 1670        Data time: 0.01(0.01)  Forward time: 0.06(0.09)  Batch time: 0.07(0.10)
2026-04-28 23:57:16,507   INFO  Train:   11/80 ( 14%) [   0/167 (  0%)]  Loss: 1.245 (1.25)  LR: 9.000e-04  Time cost: 00:00/01:40 [03:10/1:57:37]  Acc_iter 1671        Data time: 0.43(0.43)  Forward time: 0.17(0.17)  Batch time: 0.60(0.60)
2026-04-28 23:57:19,452   INFO  Train:   11/80 ( 14%) [  29/167 ( 17%)]  Loss: 1.094 (1.22)  LR: 9.192e-04  Time cost: 00:03/00:16 [03:13/22:59]  Acc_iter 1700        Data time: 0.01(0.02)  Forward time: 0.09(0.10)  Batch time: 0.10(0.12)
2026-04-28 23:57:24,673   INFO  Train:   11/80 ( 14%) [  79/167 ( 47%)]  Loss: 1.358 (1.25)  LR: 9.529e-04  Time cost: 00:08/00:09 [03:18/21:12]  Acc_iter 1750        Data time: 0.01(0.01)  Forward time: 0.11(0.10)  Batch time: 0.12(0.11)
2026-04-28 23:57:29,842   INFO  Train:   11/80 ( 14%) [ 129/167 ( 77%)]  Loss: 1.121 (1.23)  LR: 9.872e-04  Time cost: 00:13/00:04 [03:23/20:39]  Acc_iter 1800        Data time: 0.01(0.01)  Forward time: 0.09(0.09)  Batch time: 0.10(0.11)
2026-04-28 23:57:29,966   INFO  
2026-04-28 23:57:33,576   INFO  Train:   11/80 ( 14%) [ 166/167 ( 99%)]  Loss: 1.346 (1.24)  LR: 1.013e-03  Time cost: 00:17/00:00 [03:27/20:19]  Acc_iter 1837        Data time: 0.01(0.01)  Forward time: 0.06(0.09)  Batch time: 0.07(0.11)
2026-04-28 23:57:34,601   INFO  Train:   12/80 ( 15%) [   0/167 (  0%)]  Loss: 1.416 (1.42)  LR: 1.014e-03  Time cost: 00:00/01:48 [03:28/2:04:32]  Acc_iter 1838        Data time: 0.45(0.45)  Forward time: 0.19(0.19)  Batch time: 0.64(0.64)
2026-04-28 23:57:35,842   INFO  Train:   12/80 ( 15%) [  12/167 (  7%)]  Loss: 1.224 (1.24)  LR: 1.022e-03  Time cost: 00:01/00:22 [03:29/27:52]  Acc_iter 1850        Data time: 0.01(0.04)  Forward time: 0.09(0.10)  Batch time: 0.10(0.14)
2026-04-28 23:57:40,888   INFO  Train:   12/80 ( 15%) [  62/167 ( 37%)]  Loss: 1.007 (1.20)  LR: 1.057e-03  Time cost: 00:06/00:11 [03:34/21:01]  Acc_iter 1900        Data time: 0.00(0.02)  Forward time: 0.10(0.09)  Batch time: 0.10(0.11)
2026-04-28 23:57:45,918   INFO  Train:   12/80 ( 15%) [ 112/167 ( 67%)]  Loss: 1.097 (1.23)  LR: 1.093e-03  Time cost: 00:11/00:05 [03:39/20:08]  Acc_iter 1950        Data time: 0.01(0.01)  Forward time: 0.09(0.09)  Batch time: 0.10(0.11)
2026-04-28 23:57:46,042   INFO  
2026-04-28 23:57:51,157   INFO  Train:   12/80 ( 15%) [ 162/167 ( 97%)]  Loss: 1.011 (1.24)  LR: 1.130e-03  Time cost: 00:17/00:00 [03:45/19:59]  Acc_iter 2000        Data time: 0.01(0.01)  Forward time: 0.09(0.09)  Batch time: 0.09(0.11)
2026-04-28 23:57:51,507   INFO  Train:   12/80 ( 15%) [ 166/167 ( 99%)]  Loss: 1.204 (1.24)  LR: 1.133e-03  Time cost: 00:17/00:00 [03:45/19:53]  Acc_iter 2004        Data time: 0.01(0.01)  Forward time: 0.07(0.09)  Batch time: 0.08(0.11)
2026-04-28 23:57:52,474   INFO  Train:   13/80 ( 16%) [   0/167 (  0%)]  Loss: 1.339 (1.34)  LR: 1.133e-03  Time cost: 00:00/01:42 [03:46/1:56:34]  Acc_iter 2005        Data time: 0.38(0.38)  Forward time: 0.24(0.24)  Batch time: 0.62(0.62)
2026-04-28 23:57:56,934   INFO  Train:   13/80 ( 16%) [  45/167 ( 27%)]  Loss: 1.138 (1.18)  LR: 1.167e-03  Time cost: 00:05/00:13 [03:50/20:48]  Acc_iter 2050        Data time: 0.01(0.02)  Forward time: 0.09(0.09)  Batch time: 0.10(0.11)
2026-04-28 23:58:01,970   INFO  Train:   13/80 ( 16%) [  95/167 ( 57%)]  Loss: 1.356 (1.22)  LR: 1.204e-03  Time cost: 00:10/00:07 [03:55/19:46]  Acc_iter 2100        Data time: 0.01(0.01)  Forward time: 0.09(0.09)  Batch time: 0.09(0.11)
2026-04-28 23:58:02,090   INFO  
2026-04-28 23:58:07,200   INFO  Train:   13/80 ( 16%) [ 145/167 ( 87%)]  Loss: 1.222 (1.22)  LR: 1.241e-03  Time cost: 00:15/00:02 [04:01/19:38]  Acc_iter 2150        Data time: 0.01(0.01)  Forward time: 0.09(0.09)  Batch time: 0.10(0.11)
2026-04-28 23:58:09,274   INFO  Train:   13/80 ( 16%) [ 166/167 ( 99%)]  Loss: 1.182 (1.22)  LR: 1.257e-03  Time cost: 00:17/00:00 [04:03/19:26]  Acc_iter 2171        Data time: 0.01(0.01)  Forward time: 0.07(0.09)  Batch time: 0.08(0.10)
2026-04-28 23:58:10,291   INFO  Train:   14/80 ( 18%) [   0/167 (  0%)]  Loss: 1.362 (1.36)  LR: 1.258e-03  Time cost: 00:00/01:51 [04:04/2:04:39]  Acc_iter 2172        Data time: 0.40(0.40)  Forward time: 0.26(0.26)  Batch time: 0.66(0.66)
2026-04-28 23:58:13,231   INFO  Train:   14/80 ( 18%) [  28/167 ( 17%)]  Loss: 1.224 (1.28)  LR: 1.279e-03  Time cost: 00:03/00:17 [04:07/23:08]  Acc_iter 2200        Data time: 0.01(0.02)  Forward time: 0.10(0.10)  Batch time: 0.11(0.12)
2026-04-28 23:58:18,421   INFO  Train:   14/80 ( 18%) [  78/167 ( 47%)]  Loss: 1.084 (1.24)  LR: 1.318e-03  Time cost: 00:08/00:09 [04:12/20:37]  Acc_iter 2250        Data time: 0.01(0.01)  Forward time: 0.09(0.10)  Batch time: 0.10(0.11)
2026-04-28 23:58:18,540   INFO  
2026-04-28 23:58:23,625   INFO  Train:   14/80 ( 18%) [ 128/167 ( 77%)]  Loss: 1.119 (1.25)  LR: 1.356e-03  Time cost: 00:14/00:04 [04:17/20:00]  Acc_iter 2300        Data time: 0.01(0.01)  Forward time: 0.09(0.10)  Batch time: 0.10(0.11)
2026-04-28 23:58:27,452   INFO  Train:   14/80 ( 18%) [ 166/167 ( 99%)]  Loss: 1.165 (1.24)  LR: 1.386e-03  Time cost: 00:17/00:00 [04:21/19:36]  Acc_iter 2338        Data time: 0.01(0.01)  Forward time: 0.06(0.10)  Batch time: 0.07(0.11)
2026-04-28 23:58:28,399   INFO  Train:   15/80 ( 19%) [   0/167 (  0%)]  Loss: 1.351 (1.35)  LR: 1.387e-03  Time cost: 00:00/01:39 [04:22/1:49:32]  Acc_iter 2339        Data time: 0.38(0.38)  Forward time: 0.22(0.22)  Batch time: 0.60(0.60)
2026-04-28 23:58:29,474   INFO  Train:   15/80 ( 19%) [  11/167 (  7%)]  Loss: 1.445 (1.18)  LR: 1.395e-03  Time cost: 00:01/00:21 [04:23/25:33]  Acc_iter 2350        Data time: 0.01(0.04)  Forward time: 0.09(0.10)  Batch time: 0.10(0.14)
2026-04-28 23:58:34,644   INFO  Train:   15/80 ( 19%) [  61/167 ( 37%)]  Loss: 1.242 (1.23)  LR: 1.434e-03  Time cost: 00:06/00:11 [04:28/20:09]  Acc_iter 2400        Data time: 0.01(0.01)  Forward time: 0.09(0.10)  Batch time: 0.10(0.11)
2026-04-28 23:58:34,766   INFO  
2026-04-28 23:58:39,830   INFO  Train:   15/80 ( 19%) [ 111/167 ( 66%)]  Loss: 1.672 (1.22)  LR: 1.474e-03  Time cost: 00:12/00:06 [04:33/19:31]  Acc_iter 2450        Data time: 0.01(0.01)  Forward time: 0.10(0.09)  Batch time: 0.11(0.11)
2026-04-28 23:58:45,016   INFO  Train:   15/80 ( 19%) [ 161/167 ( 96%)]  Loss: 1.338 (1.25)  LR: 1.513e-03  Time cost: 00:17/00:00 [04:39/19:14]  Acc_iter 2500        Data time: 0.01(0.01)  Forward time: 0.09(0.09)  Batch time: 0.10(0.11)
2026-04-28 23:58:45,485   INFO  Train:   15/80 ( 19%) [ 166/167 ( 99%)]  Loss: 1.263 (1.25)  LR: 1.517e-03  Time cost: 00:17/00:00 [04:39/19:09]  Acc_iter 2505        Data time: 0.01(0.01)  Forward time: 0.07(0.09)  Batch time: 0.08(0.11)
2026-04-28 23:58:46,521   INFO  Train:   16/80 ( 20%) [   0/167 (  0%)]  Loss: 0.9633 (0.963)  LR: 1.518e-03  Time cost: 00:00/01:52 [04:40/2:01:44]  Acc_iter 2506        Data time: 0.47(0.47)  Forward time: 0.20(0.20)  Batch time: 0.66(0.66)
2026-04-28 23:58:50,855   INFO  Train:   16/80 ( 20%) [  44/167 ( 26%)]  Loss: 0.9657 (1.25)  LR: 1.552e-03  Time cost: 00:05/00:13 [04:44/20:02]  Acc_iter 2550        Data time: 0.01(0.02)  Forward time: 0.10(0.09)  Batch time: 0.10(0.11)
2026-04-28 23:58:50,979   INFO  
2026-04-28 23:58:55,919   INFO  Train:   16/80 ( 20%) [  94/167 ( 56%)]  Loss: 1.092 (1.23)  LR: 1.592e-03  Time cost: 00:10/00:07 [04:49/19:00]  Acc_iter 2600        Data time: 0.01(0.01)  Forward time: 0.11(0.09)  Batch time: 0.12(0.11)
2026-04-28 23:59:01,011   INFO  Train:   16/80 ( 20%) [ 144/167 ( 86%)]  Loss: 1.202 (1.24)  LR: 1.632e-03  Time cost: 00:15/00:02 [04:55/18:40]  Acc_iter 2650        Data time: 0.01(0.01)  Forward time: 0.09(0.09)  Batch time: 0.10(0.10)
2026-04-28 23:59:03,147   INFO  Train:   16/80 ( 20%) [ 166/167 ( 99%)]  Loss: 1.073 (1.24)  LR: 1.649e-03  Time cost: 00:17/00:00 [04:57/18:27]  Acc_iter 2672        Data time: 0.01(0.01)  Forward time: 0.06(0.09)  Batch time: 0.07(0.10)
2026-04-28 23:59:04,122   INFO  Train:   17/80 ( 21%) [   0/167 (  0%)]  Loss: 1.708 (1.71)  LR: 1.650e-03  Time cost: 00:00/01:44 [04:58/1:50:57]  Acc_iter 2673        Data time: 0.41(0.41)  Forward time: 0.21(0.21)  Batch time: 0.61(0.61)
2026-04-28 23:59:06,803   INFO  Train:   17/80 ( 21%) [  27/167 ( 16%)]  Loss: 1.276 (1.21)  LR: 1.671e-03  Time cost: 00:03/00:16 [05:00/20:57]  Acc_iter 2700        Data time: 0.01(0.02)  Forward time: 0.09(0.10)  Batch time: 0.10(0.12)
2026-04-28 23:59:06,926   INFO  
2026-04-28 23:59:11,901   INFO  Train:   17/80 ( 21%) [  77/167 ( 46%)]  Loss: 1.105 (1.22)  LR: 1.711e-03  Time cost: 00:08/00:09 [05:05/19:02]  Acc_iter 2750        Data time: 0.01(0.01)  Forward time: 0.10(0.09)  Batch time: 0.11(0.11)
2026-04-28 23:59:16,891   INFO  Train:   17/80 ( 21%) [ 127/167 ( 76%)]  Loss: 1.139 (1.21)  LR: 1.751e-03  Time cost: 00:13/00:04 [05:10/18:24]  Acc_iter 2800        Data time: 0.01(0.01)  Forward time: 0.09(0.09)  Batch time: 0.10(0.10)
2026-04-28 23:59:20,698   INFO  Train:   17/80 ( 21%) [ 166/167 ( 99%)]  Loss: 1.409 (1.23)  LR: 1.782e-03  Time cost: 00:17/00:00 [05:14/18:03]  Acc_iter 2839        Data time: 0.01(0.01)  Forward time: 0.07(0.09)  Batch time: 0.07(0.10)
2026-04-28 23:59:21,693   INFO  Train:   18/80 ( 22%) [   0/167 (  0%)]  Loss: 1.218 (1.22)  LR: 1.782e-03  Time cost: 00:00/01:45 [05:15/1:50:21]  Acc_iter 2840        Data time: 0.43(0.43)  Forward time: 0.19(0.19)  Batch time: 0.62(0.62)
2026-04-28 23:59:22,681   INFO  Train:   18/80 ( 22%) [  10/167 (  6%)]  Loss: 1.463 (1.25)  LR: 1.790e-03  Time cost: 00:01/00:23 [05:16/25:45]  Acc_iter 2850        Data time: 0.01(0.05)  Forward time: 0.10(0.10)  Batch time: 0.11(0.15)
2026-04-28 23:59:22,806   INFO  
2026-04-28 23:59:27,862   INFO  Train:   18/80 ( 22%) [  60/167 ( 36%)]  Loss: 1.389 (1.23)  LR: 1.830e-03  Time cost: 00:06/00:11 [05:21/19:25]  Acc_iter 2900        Data time: 0.01(0.02)  Forward time: 0.10(0.09)  Batch time: 0.11(0.11)
2026-04-28 23:59:32,948   INFO  Train:   18/80 ( 22%) [ 110/167 ( 66%)]  Loss: 1.274 (1.20)  LR: 1.869e-03  Time cost: 00:11/00:06 [05:26/18:34]  Acc_iter 2950        Data time: 0.01(0.01)  Forward time: 0.09(0.09)  Batch time: 0.10(0.11)
2026-04-28 23:59:37,996   INFO  Train:   18/80 ( 22%) [ 160/167 ( 96%)]  Loss: 1.387 (1.22)  LR: 1.908e-03  Time cost: 00:16/00:00 [05:32/18:09]  Acc_iter 3000        Data time: 0.01(0.01)  Forward time: 0.08(0.09)  Batch time: 0.09(0.11)
2026-04-28 23:59:38,123   INFO  
2026-04-28 23:59:38,673   INFO  Train:   18/80 ( 22%) [ 166/167 ( 99%)]  Loss: 1.481 (1.23)  LR: 1.913e-03  Time cost: 00:17/00:00 [05:32/18:11]  Acc_iter 3006        Data time: 0.01(0.01)  Forward time: 0.07(0.09)  Batch time: 0.08(0.11)
2026-04-28 23:59:39,631   INFO  Train:   19/80 ( 24%) [   0/167 (  0%)]  Loss: 1.392 (1.39)  LR: 1.913e-03  Time cost: 00:00/01:39 [05:33/1:42:59]  Acc_iter 3007        Data time: 0.31(0.31)  Forward time: 0.29(0.29)  Batch time: 0.60(0.60)
2026-04-28 23:59:43,994   INFO  Train:   19/80 ( 24%) [  43/167 ( 26%)]  Loss: 1.409 (1.22)  LR: 1.947e-03  Time cost: 00:04/00:13 [05:38/19:22]  Acc_iter 3050        Data time: 0.01(0.02)  Forward time: 0.08(0.10)  Batch time: 0.09(0.11)
2026-04-28 23:59:48,889   INFO  Train:   19/80 ( 24%) [  93/167 ( 56%)]  Loss: 1.249 (1.23)  LR: 1.985e-03  Time cost: 00:09/00:07 [05:42/17:55]  Acc_iter 3100        Data time: 0.01(0.01)  Forward time: 0.10(0.09)  Batch time: 0.10(0.10)
2026-04-28 23:59:53,864   INFO  Train:   19/80 ( 24%) [ 143/167 ( 86%)]  Loss: 1.172 (1.25)  LR: 2.024e-03  Time cost: 00:14/00:02 [05:47/17:31]  Acc_iter 3150        Data time: 0.01(0.01)  Forward time: 0.08(0.09)  Batch time: 0.09(0.10)
2026-04-28 23:59:53,989   INFO  
2026-04-28 23:59:56,250   INFO  Train:   19/80 ( 24%) [ 166/167 ( 99%)]  Loss: 1.349 (1.25)  LR: 2.041e-03  Time cost: 00:17/00:00 [05:50/17:30]  Acc_iter 3173        Data time: 0.01(0.01)  Forward time: 0.06(0.09)  Batch time: 0.07(0.10)
2026-04-28 23:59:57,213   INFO  Train:   20/80 ( 25%) [   0/167 (  0%)]  Loss: 1.569 (1.57)  LR: 2.042e-03  Time cost: 00:00/01:40 [05:51/1:42:28]  Acc_iter 3174        Data time: 0.42(0.42)  Forward time: 0.18(0.18)  Batch time: 0.59(0.59)
2026-04-28 23:59:59,874   INFO  Train:   20/80 ( 25%) [  26/167 ( 16%)]  Loss: 1.127 (1.21)  LR: 2.062e-03  Time cost: 00:03/00:17 [05:53/20:28]  Acc_iter 3200        Data time: 0.01(0.02)  Forward time: 0.10(0.10)  Batch time: 0.11(0.12)
2026-04-29 00:00:04,989   INFO  Train:   20/80 ( 25%) [  76/167 ( 46%)]  Loss: 0.9573 (1.22)  LR: 2.099e-03  Time cost: 00:08/00:09 [05:59/18:20]  Acc_iter 3250        Data time: 0.01(0.01)  Forward time: 0.09(0.09)  Batch time: 0.10(0.11)
2026-04-29 00:00:10,126   INFO  Train:   20/80 ( 25%) [ 126/167 ( 75%)]  Loss: 1.139 (1.22)  LR: 2.136e-03  Time cost: 00:13/00:04 [06:04/17:50]  Acc_iter 3300        Data time: 0.00(0.01)  Forward time: 0.09(0.09)  Batch time: 0.10(0.11)
2026-04-29 00:00:10,254   INFO  
2026-04-29 00:00:14,311   INFO  Train:   20/80 ( 25%) [ 166/167 ( 99%)]  Loss: 1.212 (1.22)  LR: 2.166e-03  Time cost: 00:17/00:00 [06:08/17:42]  Acc_iter 3340        Data time: 0.01(0.01)  Forward time: 0.06(0.09)  Batch time: 0.07(0.11)
2026-04-29 00:00:15,252   INFO  Train:   21/80 ( 26%) [   0/167 (  0%)]  Loss: 1.071 (1.07)  LR: 2.167e-03  Time cost: 00:00/01:37 [06:09/1:37:31]  Acc_iter 3341        Data time: 0.41(0.41)  Forward time: 0.18(0.18)  Batch time: 0.58(0.58)
2026-04-29 00:00:16,155   INFO  Train:   21/80 ( 26%) [   9/167 (  5%)]  Loss: 1.046 (1.21)  LR: 2.173e-03  Time cost: 00:01/00:23 [06:10/24:48]  Acc_iter 3350        Data time: 0.01(0.05)  Forward time: 0.09(0.10)  Batch time: 0.10(0.15)
2026-04-29 00:00:21,248   INFO  Train:   21/80 ( 26%) [  59/167 ( 35%)]  Loss: 1.132 (1.23)  LR: 2.210e-03  Time cost: 00:06/00:11 [06:15/18:12]  Acc_iter 3400        Data time: 0.01(0.02)  Forward time: 0.10(0.09)  Batch time: 0.10(0.11)
2026-04-29 00:00:26,440   INFO  Train:   21/80 ( 26%) [ 109/167 ( 65%)]  Loss: 1.068 (1.23)  LR: 2.245e-03  Time cost: 00:11/00:06 [06:20/17:40]  Acc_iter 3450        Data time: 0.01(0.01)  Forward time: 0.10(0.09)  Batch time: 0.11(0.11)
2026-04-29 00:00:26,570   INFO  
2026-04-29 00:00:31,672   INFO  Train:   21/80 ( 26%) [ 159/167 ( 95%)]  Loss: 1.581 (1.24)  LR: 2.281e-03  Time cost: 00:17/00:00 [06:25/17:27]  Acc_iter 3500        Data time: 0.01(0.01)  Forward time: 0.09(0.09)  Batch time: 0.10(0.11)
2026-04-29 00:00:32,302   INFO  Train:   21/80 ( 26%) [ 166/167 ( 99%)]  Loss: 1.085 (1.25)  LR: 2.286e-03  Time cost: 00:17/00:00 [06:26/17:20]  Acc_iter 3507        Data time: 0.01(0.01)  Forward time: 0.07(0.09)  Batch time: 0.08(0.11)
2026-04-29 00:00:33,343   INFO  Train:   22/80 ( 28%) [   0/167 (  0%)]  Loss: 1.396 (1.40)  LR: 2.286e-03  Time cost: 00:00/01:51 [06:27/1:49:22]  Acc_iter 3508        Data time: 0.47(0.47)  Forward time: 0.19(0.19)  Batch time: 0.66(0.66)
2026-04-29 00:00:37,643   INFO  Train:   22/80 ( 28%) [  42/167 ( 25%)]  Loss: 1.395 (1.20)  LR: 2.316e-03  Time cost: 00:04/00:14 [06:31/18:53]  Acc_iter 3550        Data time: 0.01(0.02)  Forward time: 0.11(0.10)  Batch time: 0.12(0.12)
2026-04-29 00:00:42,786   INFO  Train:   22/80 ( 28%) [  92/167 ( 55%)]  Loss: 1.189 (1.22)  LR: 2.350e-03  Time cost: 00:10/00:08 [06:36/17:41]  Acc_iter 3600        Data time: 0.01(0.01)  Forward time: 0.09(0.09)  Batch time: 0.10(0.11)
2026-04-29 00:00:42,906   INFO  
2026-04-29 00:00:47,935   INFO  Train:   22/80 ( 28%) [ 142/167 ( 85%)]  Loss: 1.381 (1.23)  LR: 2.383e-03  Time cost: 00:15/00:02 [06:41/17:16]  Acc_iter 3650        Data time: 0.01(0.01)  Forward time: 0.09(0.09)  Batch time: 0.10(0.11)
2026-04-29 00:00:50,213   INFO  Train:   22/80 ( 28%) [ 166/167 ( 99%)]  Loss: 0.8218 (1.22)  LR: 2.399e-03  Time cost: 00:17/00:00 [06:44/16:57]  Acc_iter 3674        Data time: 0.01(0.01)  Forward time: 0.06(0.09)  Batch time: 0.07(0.10)
2026-04-29 00:00:51,198   INFO  Train:   23/80 ( 29%) [   0/167 (  0%)]  Loss: 0.8685 (0.868)  LR: 2.400e-03  Time cost: 00:00/01:42 [06:45/1:39:22]  Acc_iter 3675        Data time: 0.38(0.38)  Forward time: 0.23(0.23)  Batch time: 0.62(0.62)
2026-04-29 00:00:53,697   INFO  Train:   23/80 ( 29%) [  25/167 ( 15%)]  Loss: 1.189 (1.25)  LR: 2.416e-03  Time cost: 00:03/00:17 [06:47/19:17]  Acc_iter 3700        Data time: 0.00(0.02)  Forward time: 0.08(0.10)  Batch time: 0.08(0.12)
2026-04-29 00:00:58,666   INFO  Train:   23/80 ( 29%) [  75/167 ( 45%)]  Loss: 1.079 (1.19)  LR: 2.449e-03  Time cost: 00:08/00:09 [06:52/17:02]  Acc_iter 3750        Data time: 0.01(0.01)  Forward time: 0.09(0.09)  Batch time: 0.10(0.11)
2026-04-29 00:00:58,792   INFO  
2026-04-29 00:01:03,905   INFO  Train:   23/80 ( 29%) [ 125/167 ( 75%)]  Loss: 0.9553 (1.19)  LR: 2.480e-03  Time cost: 00:13/00:04 [06:57/16:50]  Acc_iter 3800        Data time: 0.01(0.01)  Forward time: 0.10(0.09)  Batch time: 0.11(0.11)
2026-04-29 00:01:07,898   INFO  Train:   23/80 ( 29%) [ 166/167 ( 99%)]  Loss: 1.426 (1.18)  LR: 2.506e-03  Time cost: 00:17/00:00 [07:01/16:27]  Acc_iter 3841        Data time: 0.01(0.01)  Forward time: 0.06(0.09)  Batch time: 0.07(0.10)
2026-04-29 00:01:08,884   INFO  Train:   24/80 ( 30%) [   0/167 (  0%)]  Loss: 0.8478 (0.848)  LR: 2.506e-03  Time cost: 00:00/01:45 [07:02/1:40:09]  Acc_iter 3842        Data time: 0.46(0.46)  Forward time: 0.17(0.17)  Batch time: 0.62(0.62)
2026-04-29 00:01:09,703   INFO  Train:   24/80 ( 30%) [   8/167 (  5%)]  Loss: 1.467 (1.24)  LR: 2.511e-03  Time cost: 00:01/00:25 [07:03/25:32]  Acc_iter 3850        Data time: 0.01(0.06)  Forward time: 0.10(0.10)  Batch time: 0.11(0.16)
2026-04-29 00:01:14,629   INFO  Train:   24/80 ( 30%) [  58/167 ( 35%)]  Loss: 0.9332 (1.20)  LR: 2.542e-03  Time cost: 00:06/00:11 [07:08/17:02]  Acc_iter 3900        Data time: 0.01(0.02)  Forward time: 0.08(0.09)  Batch time: 0.09(0.11)
2026-04-29 00:01:14,759   INFO  
2026-04-29 00:01:19,838   INFO  Train:   24/80 ( 30%) [ 108/167 ( 65%)]  Loss: 1.176 (1.23)  LR: 2.571e-03  Time cost: 00:11/00:06 [07:13/16:40]  Acc_iter 3950        Data time: 0.01(0.01)  Forward time: 0.10(0.09)  Batch time: 0.11(0.11)
2026-04-29 00:01:24,892   INFO  Train:   24/80 ( 30%) [ 158/167 ( 95%)]  Loss: 1.043 (1.22)  LR: 2.600e-03  Time cost: 00:16/00:00 [07:18/16:19]  Acc_iter 4000        Data time: 0.01(0.01)  Forward time: 0.10(0.09)  Batch time: 0.11(0.10)
2026-04-29 00:01:25,616   INFO  Train:   24/80 ( 30%) [ 166/167 ( 99%)]  Loss: 1.332 (1.22)  LR: 2.604e-03  Time cost: 00:17/00:00 [07:19/16:12]  Acc_iter 4008        Data time: 0.01(0.01)  Forward time: 0.07(0.09)  Batch time: 0.08(0.10)
2026-04-29 00:01:26,608   INFO  Train:   25/80 ( 31%) [   0/167 (  0%)]  Loss: 1.476 (1.48)  LR: 2.605e-03  Time cost: 00:00/01:46 [07:20/1:39:32]  Acc_iter 4009        Data time: 0.46(0.46)  Forward time: 0.17(0.17)  Batch time: 0.63(0.63)
2026-04-29 00:01:30,680   INFO  Train:   25/80 ( 31%) [  41/167 ( 25%)]  Loss: 1.219 (1.21)  LR: 2.627e-03  Time cost: 00:04/00:14 [07:24/17:24]  Acc_iter 4050        Data time: 0.01(0.02)  Forward time: 0.10(0.09)  Batch time: 0.11(0.11)
2026-04-29 00:01:30,818   INFO  
2026-04-29 00:01:35,848   INFO  Train:   25/80 ( 31%) [  91/167 ( 54%)]  Loss: 1.023 (1.20)  LR: 2.654e-03  Time cost: 00:09/00:08 [07:29/16:34]  Acc_iter 4100        Data time: 0.01(0.02)  Forward time: 0.09(0.09)  Batch time: 0.10(0.11)
2026-04-29 00:01:40,928   INFO  Train:   25/80 ( 31%) [ 141/167 ( 84%)]  Loss: 1.340 (1.23)  LR: 2.680e-03  Time cost: 00:14/00:02 [07:34/16:10]  Acc_iter 4150        Data time: 0.01(0.01)  Forward time: 0.09(0.09)  Batch time: 0.10(0.11)
2026-04-29 00:01:43,373   INFO  Train:   25/80 ( 31%) [ 166/167 ( 99%)]  Loss: 1.391 (1.24)  LR: 2.693e-03  Time cost: 00:17/00:00 [07:37/15:57]  Acc_iter 4175        Data time: 0.01(0.01)  Forward time: 0.06(0.09)  Batch time: 0.07(0.10)
2026-04-29 00:01:44,313   INFO  Train:   26/80 ( 32%) [   0/167 (  0%)]  Loss: 1.350 (1.35)  LR: 2.694e-03  Time cost: 00:00/01:38 [07:38/1:30:12]  Acc_iter 4176        Data time: 0.30(0.30)  Forward time: 0.29(0.29)  Batch time: 0.59(0.59)
2026-04-29 00:01:46,733   INFO  Train:   26/80 ( 32%) [  24/167 ( 14%)]  Loss: 1.512 (1.26)  LR: 2.706e-03  Time cost: 00:03/00:17 [07:40/18:22]  Acc_iter 4200        Data time: 0.00(0.02)  Forward time: 0.09(0.10)  Batch time: 0.09(0.12)
2026-04-29 00:01:46,856   INFO  
2026-04-29 00:01:51,823   INFO  Train:   26/80 ( 32%) [  74/167 ( 44%)]  Loss: 1.397 (1.28)  LR: 2.730e-03  Time cost: 00:08/00:10 [07:45/16:23]  Acc_iter 4250        Data time: 0.01(0.01)  Forward time: 0.09(0.09)  Batch time: 0.10(0.11)
2026-04-29 00:01:56,953   INFO  Train:   26/80 ( 32%) [ 124/167 ( 74%)]  Loss: 1.225 (1.26)  LR: 2.753e-03  Time cost: 00:13/00:04 [07:50/15:58]  Acc_iter 4300        Data time: 0.01(0.01)  Forward time: 0.10(0.09)  Batch time: 0.11(0.11)
2026-04-29 00:02:01,137   INFO  Train:   26/80 ( 32%) [ 166/167 ( 99%)]  Loss: 1.398 (1.25)  LR: 2.772e-03  Time cost: 00:17/00:00 [07:55/15:40]  Acc_iter 4342        Data time: 0.01(0.01)  Forward time: 0.07(0.09)  Batch time: 0.08(0.10)
2026-04-29 00:02:02,087   INFO  Train:   27/80 ( 34%) [   0/167 (  0%)]  Loss: 1.122 (1.12)  LR: 2.772e-03  Time cost: 00:00/01:39 [07:56/1:29:48]  Acc_iter 4343        Data time: 0.39(0.39)  Forward time: 0.20(0.20)  Batch time: 0.59(0.59)
2026-04-29 00:02:02,785   INFO  Train:   27/80 ( 34%) [   7/167 (  4%)]  Loss: 1.016 (1.20)  LR: 2.776e-03  Time cost: 00:01/00:25 [07:56/24:19]  Acc_iter 4350        Data time: 0.01(0.06)  Forward time: 0.08(0.11)  Batch time: 0.09(0.16)
2026-04-29 00:02:02,914   INFO  
2026-04-29 00:02:08,031   INFO  Train:   27/80 ( 34%) [  57/167 ( 34%)]  Loss: 1.060 (1.17)  LR: 2.797e-03  Time cost: 00:06/00:12 [08:02/16:50]  Acc_iter 4400        Data time: 0.01(0.02)  Forward time: 0.11(0.10)  Batch time: 0.12(0.11)
2026-04-29 00:02:13,215   INFO  Train:   27/80 ( 34%) [ 107/167 ( 64%)]  Loss: 1.750 (1.16)  LR: 2.817e-03  Time cost: 00:11/00:06 [08:07/16:07]  Acc_iter 4450        Data time: 0.01(0.01)  Forward time: 0.10(0.10)  Batch time: 0.11(0.11)
2026-04-29 00:02:18,453   INFO  Train:   27/80 ( 34%) [ 157/167 ( 94%)]  Loss: 1.414 (1.19)  LR: 2.837e-03  Time cost: 00:16/00:01 [08:12/15:51]  Acc_iter 4500        Data time: 0.01(0.01)  Forward time: 0.09(0.10)  Batch time: 0.10(0.11)
2026-04-29 00:02:18,577   INFO  
2026-04-29 00:02:19,404   INFO  Train:   27/80 ( 34%) [ 166/167 ( 99%)]  Loss: 1.305 (1.19)  LR: 2.840e-03  Time cost: 00:17/00:00 [08:13/15:49]  Acc_iter 4509        Data time: 0.01(0.01)  Forward time: 0.07(0.09)  Batch time: 0.08(0.11)
2026-04-29 00:02:20,416   INFO  Train:   28/80 ( 35%) [   0/167 (  0%)]  Loss: 1.175 (1.17)  LR: 2.841e-03  Time cost: 00:00/01:49 [08:14/1:36:44]  Acc_iter 4510        Data time: 0.45(0.45)  Forward time: 0.20(0.20)  Batch time: 0.65(0.65)
2026-04-29 00:02:24,436   INFO  Train:   28/80 ( 35%) [  40/167 ( 24%)]  Loss: 1.207 (1.19)  LR: 2.855e-03  Time cost: 00:04/00:14 [08:18/16:44]  Acc_iter 4550        Data time: 0.01(0.02)  Forward time: 0.09(0.09)  Batch time: 0.10(0.11)
2026-04-29 00:02:29,523   INFO  Train:   28/80 ( 35%) [  90/167 ( 54%)]  Loss: 1.509 (1.20)  LR: 2.873e-03  Time cost: 00:09/00:08 [08:23/15:39]  Acc_iter 4600        Data time: 0.01(0.01)  Forward time: 0.10(0.09)  Batch time: 0.11(0.11)
2026-04-29 00:02:34,460   INFO  Train:   28/80 ( 35%) [ 140/167 ( 84%)]  Loss: 1.226 (1.22)  LR: 2.889e-03  Time cost: 00:14/00:02 [08:28/15:08]  Acc_iter 4650        Data time: 0.01(0.01)  Forward time: 0.08(0.09)  Batch time: 0.09(0.10)
2026-04-29 00:02:34,585   INFO  
2026-04-29 00:02:37,068   INFO  Train:   28/80 ( 35%) [ 166/167 ( 99%)]  Loss: 1.544 (1.23)  LR: 2.897e-03  Time cost: 00:17/00:00 [08:31/15:00]  Acc_iter 4676        Data time: 0.01(0.01)  Forward time: 0.07(0.09)  Batch time: 0.07(0.10)
2026-04-29 00:02:38,003   INFO  Train:   29/80 ( 36%) [   0/167 (  0%)]  Loss: 1.297 (1.30)  LR: 2.897e-03  Time cost: 00:00/01:36 [08:32/1:23:32]  Acc_iter 4677        Data time: 0.37(0.37)  Forward time: 0.20(0.20)  Batch time: 0.57(0.57)
2026-04-29 00:02:40,324   INFO  Train:   29/80 ( 36%) [  23/167 ( 14%)]  Loss: 1.309 (1.27)  LR: 2.904e-03  Time cost: 00:02/00:17 [08:34/17:25]  Acc_iter 4700        Data time: 0.01(0.02)  Forward time: 0.09(0.10)  Batch time: 0.10(0.12)
2026-04-29 00:02:45,446   INFO  Train:   29/80 ( 36%) [  73/167 ( 44%)]  Loss: 1.121 (1.22)  LR: 2.918e-03  Time cost: 00:08/00:10 [08:39/15:33]  Acc_iter 4750        Data time: 0.01(0.01)  Forward time: 0.09(0.10)  Batch time: 0.10(0.11)
2026-04-29 00:02:50,577   INFO  Train:   29/80 ( 36%) [ 123/167 ( 74%)]  Loss: 1.105 (1.20)  LR: 2.931e-03  Time cost: 00:13/00:04 [08:44/15:07]  Acc_iter 4800        Data time: 0.01(0.01)  Forward time: 0.09(0.09)  Batch time: 0.10(0.11)
2026-04-29 00:02:50,704   INFO  
2026-04-29 00:02:54,944   INFO  Train:   29/80 ( 36%) [ 166/167 ( 99%)]  Loss: 0.8954 (1.18)  LR: 2.942e-03  Time cost: 00:17/00:00 [08:48/14:53]  Acc_iter 4843        Data time: 0.01(0.01)  Forward time: 0.06(0.09)  Batch time: 0.07(0.10)
2026-04-29 00:02:55,959   INFO  Train:   30/80 ( 38%) [   0/167 (  0%)]  Loss: 1.393 (1.39)  LR: 2.942e-03  Time cost: 00:00/01:47 [08:49/1:31:37]  Acc_iter 4844        Data time: 0.31(0.31)  Forward time: 0.34(0.34)  Batch time: 0.65(0.65)
2026-04-29 00:02:56,584   INFO  Train:   30/80 ( 38%) [   6/167 (  4%)]  Loss: 1.379 (1.27)  LR: 2.943e-03  Time cost: 00:01/00:29 [08:50/25:44]  Acc_iter 4850        Data time: 0.01(0.05)  Forward time: 0.09(0.13)  Batch time: 0.10(0.18)
2026-04-29 00:03:01,585   INFO  Train:   30/80 ( 38%) [  56/167 ( 34%)]  Loss: 0.9900 (1.21)  LR: 2.954e-03  Time cost: 00:06/00:12 [08:55/15:30]  Acc_iter 4900        Data time: 0.01(0.01)  Forward time: 0.10(0.10)  Batch time: 0.11(0.11)
2026-04-29 00:03:06,811   INFO  Train:   30/80 ( 38%) [ 106/167 ( 63%)]  Loss: 0.8958 (1.18)  LR: 2.964e-03  Time cost: 00:11/00:06 [09:00/15:03]  Acc_iter 4950        Data time: 0.01(0.01)  Forward time: 0.10(0.10)  Batch time: 0.11(0.11)
2026-04-29 00:03:06,947   INFO  
2026-04-29 00:03:12,077   INFO  Train:   30/80 ( 38%) [ 156/167 ( 93%)]  Loss: 1.033 (1.18)  LR: 2.972e-03  Time cost: 00:16/00:01 [09:06/14:52]  Acc_iter 5000        Data time: 0.01(0.01)  Forward time: 0.09(0.10)  Batch time: 0.10(0.11)
2026-04-29 00:03:13,059   INFO  Train:   30/80 ( 38%) [ 166/167 ( 99%)]  Loss: 1.006 (1.17)  LR: 2.974e-03  Time cost: 00:17/00:00 [09:07/14:47]  Acc_iter 5010        Data time: 0.01(0.01)  Forward time: 0.07(0.09)  Batch time: 0.08(0.11)
2026-04-29 00:03:14,075   INFO  Train:   31/80 ( 39%) [   0/167 (  0%)]  Loss: 1.411 (1.41)  LR: 2.974e-03  Time cost: 00:00/01:49 [09:08/1:31:38]  Acc_iter 5011        Data time: 0.41(0.41)  Forward time: 0.24(0.24)  Batch time: 0.65(0.65)
2026-04-29 00:03:18,036   INFO  Train:   31/80 ( 39%) [  39/167 ( 23%)]  Loss: 0.8125 (1.17)  LR: 2.980e-03  Time cost: 00:04/00:14 [09:12/15:59]  Acc_iter 5050        Data time: 0.01(0.02)  Forward time: 0.08(0.10)  Batch time: 0.09(0.12)
2026-04-29 00:03:23,164   INFO  Train:   31/80 ( 39%) [  89/167 ( 53%)]  Loss: 0.9440 (1.18)  LR: 2.986e-03  Time cost: 00:09/00:08 [09:17/14:54]  Acc_iter 5100        Data time: 0.01(0.01)  Forward time: 0.09(0.10)  Batch time: 0.10(0.11)
2026-04-29 00:03:23,297   INFO  
2026-04-29 00:03:28,373   INFO  Train:   31/80 ( 39%) [ 139/167 ( 83%)]  Loss: 0.8195 (1.19)  LR: 2.991e-03  Time cost: 00:14/00:02 [09:22/14:37]  Acc_iter 5150        Data time: 0.01(0.01)  Forward time: 0.09(0.09)  Batch time: 0.10(0.11)
2026-04-29 00:03:31,021   INFO  Train:   31/80 ( 39%) [ 166/167 ( 99%)]  Loss: 1.519 (1.19)  LR: 2.993e-03  Time cost: 00:17/00:00 [09:25/14:22]  Acc_iter 5177        Data time: 0.01(0.01)  Forward time: 0.07(0.09)  Batch time: 0.08(0.11)
2026-04-29 00:03:32,044   INFO  Train:   32/80 ( 40%) [   0/167 (  0%)]  Loss: 1.100 (1.10)  LR: 2.993e-03  Time cost: 00:00/01:48 [09:26/1:28:43]  Acc_iter 5178        Data time: 0.46(0.46)  Forward time: 0.19(0.19)  Batch time: 0.64(0.64)
2026-04-29 00:03:34,311   INFO  Train:   32/80 ( 40%) [  22/167 ( 13%)]  Loss: 1.291 (1.13)  LR: 2.995e-03  Time cost: 00:02/00:18 [09:28/17:15]  Acc_iter 5200        Data time: 0.01(0.03)  Forward time: 0.09(0.10)  Batch time: 0.10(0.13)
2026-04-29 00:03:39,616   INFO  Train:   32/80 ( 40%) [  72/167 ( 43%)]  Loss: 1.372 (1.16)  LR: 2.998e-03  Time cost: 00:08/00:10 [09:33/15:13]  Acc_iter 5250        Data time: 0.01(0.01)  Forward time: 0.10(0.10)  Batch time: 0.11(0.11)
2026-04-29 00:03:39,747   INFO  
2026-04-29 00:03:44,924   INFO  Train:   32/80 ( 40%) [ 122/167 ( 73%)]  Loss: 1.091 (1.15)  LR: 3.000e-03  Time cost: 00:13/00:04 [09:38/14:46]  Acc_iter 5300        Data time: 0.01(0.01)  Forward time: 0.09(0.10)  Batch time: 0.10(0.11)
2026-04-29 00:03:49,391   INFO  Train:   32/80 ( 40%) [ 166/167 ( 99%)]  Loss: 1.364 (1.17)  LR: 3.000e-03  Time cost: 00:17/00:00 [09:43/14:23]  Acc_iter 5344        Data time: 0.01(0.01)  Forward time: 0.06(0.10)  Batch time: 0.07(0.11)
2026-04-29 00:03:50,412   INFO  Train:   33/80 ( 41%) [   0/167 (  0%)]  Loss: 1.118 (1.12)  LR: 3.000e-03  Time cost: 00:00/01:46 [09:44/1:25:33]  Acc_iter 5345        Data time: 0.44(0.44)  Forward time: 0.19(0.19)  Batch time: 0.63(0.63)
2026-04-29 00:03:50,930   INFO  Train:   33/80 ( 41%) [   5/167 (  3%)]  Loss: 1.464 (1.13)  LR: 3.000e-03  Time cost: 00:01/00:31 [09:44/25:46]  Acc_iter 5350        Data time: 0.01(0.08)  Forward time: 0.10(0.11)  Batch time: 0.11(0.19)
2026-04-29 00:03:56,082   INFO  Train:   33/80 ( 41%) [  55/167 ( 33%)]  Loss: 0.9964 (1.13)  LR: 3.000e-03  Time cost: 00:06/00:12 [09:50/14:56]  Acc_iter 5400        Data time: 0.01(0.02)  Forward time: 0.09(0.10)  Batch time: 0.10(0.11)
2026-04-29 00:03:56,210   INFO  
2026-04-29 00:04:01,302   INFO  Train:   33/80 ( 41%) [ 105/167 ( 63%)]  Loss: 1.109 (1.11)  LR: 2.999e-03  Time cost: 00:11/00:06 [09:55/14:20]  Acc_iter 5450        Data time: 0.01(0.01)  Forward time: 0.09(0.09)  Batch time: 0.10(0.11)
2026-04-29 00:04:06,259   INFO  Train:   33/80 ( 41%) [ 155/167 ( 93%)]  Loss: 1.245 (1.13)  LR: 2.997e-03  Time cost: 00:16/00:01 [10:00/13:50]  Acc_iter 5500        Data time: 0.01(0.01)  Forward time: 0.10(0.09)  Batch time: 0.11(0.11)
2026-04-29 00:04:07,304   INFO  Train:   33/80 ( 41%) [ 166/167 ( 99%)]  Loss: 1.302 (1.13)  LR: 2.997e-03  Time cost: 00:17/00:00 [10:01/13:44]  Acc_iter 5511        Data time: 0.01(0.01)  Forward time: 0.07(0.09)  Batch time: 0.08(0.10)
2026-04-29 00:04:08,304   INFO  Train:   34/80 ( 42%) [   0/167 (  0%)]  Loss: 1.215 (1.21)  LR: 2.997e-03  Time cost: 00:00/01:44 [10:02/1:21:55]  Acc_iter 5512        Data time: 0.45(0.45)  Forward time: 0.17(0.17)  Batch time: 0.62(0.62)
2026-04-29 00:04:11,986   INFO  Train:   34/80 ( 42%) [  38/167 ( 23%)]  Loss: 0.9503 (1.18)  LR: 2.995e-03  Time cost: 00:04/00:14 [10:06/14:22]  Acc_iter 5550        Data time: 0.00(0.02)  Forward time: 0.09(0.09)  Batch time: 0.09(0.11)
2026-04-29 00:04:12,116   INFO  
2026-04-29 00:04:17,100   INFO  Train:   34/80 ( 42%) [  88/167 ( 53%)]  Loss: 1.289 (1.17)  LR: 2.993e-03  Time cost: 00:09/00:08 [10:11/13:41]  Acc_iter 5600        Data time: 0.01(0.01)  Forward time: 0.09(0.09)  Batch time: 0.10(0.11)
2026-04-29 00:04:22,086   INFO  Train:   34/80 ( 42%) [ 138/167 ( 83%)]  Loss: 1.443 (1.17)  LR: 2.989e-03  Time cost: 00:14/00:03 [10:16/13:19]  Acc_iter 5650        Data time: 0.01(0.01)  Forward time: 0.10(0.09)  Batch time: 0.11(0.10)
2026-04-29 00:04:24,792   INFO  Train:   34/80 ( 42%) [ 166/167 ( 99%)]  Loss: 1.288 (1.16)  LR: 2.987e-03  Time cost: 00:17/00:00 [10:18/13:07]  Acc_iter 5678        Data time: 0.01(0.01)  Forward time: 0.07(0.09)  Batch time: 0.08(0.10)
2026-04-29 00:04:25,779   INFO  Train:   35/80 ( 44%) [   0/167 (  0%)]  Loss: 1.212 (1.21)  LR: 2.987e-03  Time cost: 00:00/01:42 [10:19/1:18:34]  Acc_iter 5679        Data time: 0.39(0.39)  Forward time: 0.22(0.22)  Batch time: 0.61(0.61)
2026-04-29 00:04:27,856   INFO  Train:   35/80 ( 44%) [  21/167 ( 13%)]  Loss: 1.172 (1.13)  LR: 2.986e-03  Time cost: 00:02/00:17 [10:21/15:36]  Acc_iter 5700        Data time: 0.01(0.03)  Forward time: 0.10(0.10)  Batch time: 0.11(0.12)
2026-04-29 00:04:27,994   INFO  
2026-04-29 00:04:32,917   INFO  Train:   35/80 ( 44%) [  71/167 ( 43%)]  Loss: 1.101 (1.13)  LR: 2.981e-03  Time cost: 00:07/00:10 [10:26/13:39]  Acc_iter 5750        Data time: 0.01(0.02)  Forward time: 0.10(0.09)  Batch time: 0.11(0.11)
2026-04-29 00:04:37,953   INFO  Train:   35/80 ( 44%) [ 121/167 ( 72%)]  Loss: 1.153 (1.12)  LR: 2.976e-03  Time cost: 00:12/00:04 [10:31/13:12]  Acc_iter 5800        Data time: 0.01(0.01)  Forward time: 0.09(0.09)  Batch time: 0.10(0.10)
2026-04-29 00:04:42,383   INFO  Train:   35/80 ( 44%) [ 166/167 ( 99%)]  Loss: 1.312 (1.11)  LR: 2.971e-03  Time cost: 00:17/00:00 [10:36/12:54]  Acc_iter 5845        Data time: 0.01(0.01)  Forward time: 0.07(0.09)  Batch time: 0.08(0.10)
2026-04-29 00:04:43,379   INFO  Train:   36/80 ( 45%) [   0/167 (  0%)]  Loss: 0.8692 (0.869)  LR: 2.971e-03  Time cost: 00:00/01:43 [10:37/1:17:59]  Acc_iter 5846        Data time: 0.44(0.44)  Forward time: 0.18(0.18)  Batch time: 0.61(0.61)
2026-04-29 00:04:43,790   INFO  Train:   36/80 ( 45%) [   4/167 (  2%)]  Loss: 0.9970 (1.00)  LR: 2.971e-03  Time cost: 00:01/00:33 [10:37/25:54]  Acc_iter 5850        Data time: 0.01(0.09)  Forward time: 0.09(0.11)  Batch time: 0.10(0.21)
2026-04-29 00:04:43,917   INFO  
2026-04-29 00:04:49,138   INFO  Train:   36/80 ( 45%) [  54/167 ( 32%)]  Loss: 0.9614 (1.07)  LR: 2.965e-03  Time cost: 00:06/00:13 [10:43/14:25]  Acc_iter 5900        Data time: 0.01(0.02)  Forward time: 0.10(0.10)  Batch time: 0.11(0.12)
2026-04-29 00:04:54,369   INFO  Train:   36/80 ( 45%) [ 104/167 ( 62%)]  Loss: 1.055 (1.08)  LR: 2.958e-03  Time cost: 00:11/00:06 [10:48/13:39]  Acc_iter 5950        Data time: 0.01(0.01)  Forward time: 0.11(0.10)  Batch time: 0.11(0.11)
2026-04-29 00:04:59,608   INFO  Train:   36/80 ( 45%) [ 154/167 ( 92%)]  Loss: 1.079 (1.09)  LR: 2.951e-03  Time cost: 00:16/00:01 [10:53/13:20]  Acc_iter 6000        Data time: 0.01(0.01)  Forward time: 0.09(0.10)  Batch time: 0.10(0.11)
2026-04-29 00:04:59,735   INFO  
2026-04-29 00:05:00,905   INFO  Train:   36/80 ( 45%) [ 166/167 ( 99%)]  Loss: 1.281 (1.09)  LR: 2.949e-03  Time cost: 00:18/00:00 [10:54/13:18]  Acc_iter 6012        Data time: 0.01(0.01)  Forward time: 0.06(0.10)  Batch time: 0.07(0.11)
2026-04-29 00:05:01,982   INFO  Train:   37/80 ( 46%) [   0/167 (  0%)]  Loss: 1.107 (1.11)  LR: 2.949e-03  Time cost: 00:00/01:58 [10:56/1:26:51]  Acc_iter 6013        Data time: 0.42(0.42)  Forward time: 0.28(0.28)  Batch time: 0.70(0.70)
2026-04-29 00:05:05,834   INFO  Train:   37/80 ( 46%) [  37/167 ( 22%)]  Loss: 0.8733 (1.06)  LR: 2.943e-03  Time cost: 00:04/00:15 [10:59/14:37]  Acc_iter 6050        Data time: 0.01(0.02)  Forward time: 0.10(0.10)  Batch time: 0.11(0.12)
2026-04-29 00:05:10,930   INFO  Train:   37/80 ( 46%) [  87/167 ( 52%)]  Loss: 1.202 (1.06)  LR: 2.935e-03  Time cost: 00:09/00:08 [11:04/13:16]  Acc_iter 6100        Data time: 0.01(0.01)  Forward time: 0.11(0.10)  Batch time: 0.11(0.11)
2026-04-29 00:05:16,063   INFO  Train:   37/80 ( 46%) [ 137/167 ( 82%)]  Loss: 1.380 (1.06)  LR: 2.926e-03  Time cost: 00:14/00:03 [11:10/12:52]  Acc_iter 6150        Data time: 0.01(0.01)  Forward time: 0.09(0.10)  Batch time: 0.10(0.11)
2026-04-29 00:05:16,197   INFO  
2026-04-29 00:05:19,031   INFO  Train:   37/80 ( 46%) [ 166/167 ( 99%)]  Loss: 1.166 (1.07)  LR: 2.921e-03  Time cost: 00:17/00:00 [11:13/12:43]  Acc_iter 6179        Data time: 0.01(0.01)  Forward time: 0.07(0.09)  Batch time: 0.08(0.11)
2026-04-29 00:05:20,031   INFO  Train:   38/80 ( 48%) [   0/167 (  0%)]  Loss: 1.306 (1.31)  LR: 2.920e-03  Time cost: 00:00/01:43 [11:14/1:14:00]  Acc_iter 6180        Data time: 0.37(0.37)  Forward time: 0.25(0.25)  Batch time: 0.62(0.62)
2026-04-29 00:05:22,001   INFO  Train:   38/80 ( 48%) [  20/167 ( 12%)]  Loss: 0.9043 (1.11)  LR: 2.917e-03  Time cost: 00:02/00:18 [11:16/14:42]  Acc_iter 6200        Data time: 0.01(0.02)  Forward time: 0.08(0.10)  Batch time: 0.09(0.12)
2026-04-29 00:05:26,979   INFO  Train:   38/80 ( 48%) [  70/167 ( 42%)]  Loss: 1.518 (1.07)  LR: 2.907e-03  Time cost: 00:07/00:10 [11:20/12:37]  Acc_iter 6250        Data time: 0.01(0.01)  Forward time: 0.09(0.09)  Batch time: 0.10(0.11)
2026-04-29 00:05:31,996   INFO  Train:   38/80 ( 48%) [ 120/167 ( 72%)]  Loss: 0.7325 (1.04)  LR: 2.896e-03  Time cost: 00:12/00:04 [11:26/12:14]  Acc_iter 6300        Data time: 0.01(0.01)  Forward time: 0.09(0.09)  Batch time: 0.10(0.10)
2026-04-29 00:05:32,127   INFO  
2026-04-29 00:05:36,592   INFO  Train:   38/80 ( 48%) [ 166/167 ( 99%)]  Loss: 0.8978 (1.04)  LR: 2.886e-03  Time cost: 00:17/00:00 [11:30/12:01]  Acc_iter 6346        Data time: 0.01(0.01)  Forward time: 0.06(0.09)  Batch time: 0.07(0.10)
2026-04-29 00:05:37,528   INFO  Train:   39/80 ( 49%) [   0/167 (  0%)]  Loss: 1.001 (1.00)  LR: 2.886e-03  Time cost: 00:00/01:36 [11:31/1:07:18]  Acc_iter 6347        Data time: 0.40(0.40)  Forward time: 0.18(0.18)  Batch time: 0.57(0.57)
2026-04-29 00:05:37,811   INFO  Train:   39/80 ( 49%) [   3/167 (  2%)]  Loss: 0.8279 (0.866)  LR: 2.885e-03  Time cost: 00:00/00:35 [11:31/25:06]  Acc_iter 6350        Data time: 0.02(0.11)  Forward time: 0.08(0.11)  Batch time: 0.10(0.21)
2026-04-29 00:05:42,881   INFO  Train:   39/80 ( 49%) [  53/167 ( 32%)]  Loss: 1.154 (1.02)  LR: 2.874e-03  Time cost: 00:05/00:12 [11:36/12:44]  Acc_iter 6400        Data time: 0.01(0.02)  Forward time: 0.10(0.09)  Batch time: 0.11(0.11)
2026-04-29 00:05:47,905   INFO  Train:   39/80 ( 49%) [ 103/167 ( 62%)]  Loss: 1.172 (1.02)  LR: 2.862e-03  Time cost: 00:10/00:06 [11:41/12:07]  Acc_iter 6450        Data time: 0.01(0.01)  Forward time: 0.11(0.09)  Batch time: 0.11(0.11)
2026-04-29 00:05:48,034   INFO  
2026-04-29 00:05:53,229   INFO  Train:   39/80 ( 49%) [ 153/167 ( 92%)]  Loss: 0.7722 (1.02)  LR: 2.849e-03  Time cost: 00:16/00:01 [11:47/12:05]  Acc_iter 6500        Data time: 0.01(0.01)  Forward time: 0.09(0.09)  Batch time: 0.10(0.11)
2026-04-29 00:05:54,430   INFO  Train:   39/80 ( 49%) [ 166/167 ( 99%)]  Loss: 1.221 (1.02)  LR: 2.846e-03  Time cost: 00:17/00:00 [11:48/11:56]  Acc_iter 6513        Data time: 0.01(0.01)  Forward time: 0.07(0.09)  Batch time: 0.08(0.10)
2026-04-29 00:05:55,414   INFO  Train:   40/80 ( 50%) [   0/167 (  0%)]  Loss: 0.9672 (0.967)  LR: 2.845e-03  Time cost: 00:00/01:41 [11:49/1:09:07]  Acc_iter 6514        Data time: 0.37(0.37)  Forward time: 0.24(0.24)  Batch time: 0.61(0.61)
2026-04-29 00:05:59,117   INFO  Train:   40/80 ( 50%) [  36/167 ( 22%)]  Loss: 0.7959 (1.07)  LR: 2.836e-03  Time cost: 00:04/00:15 [11:53/13:13]  Acc_iter 6550        Data time: 0.01(0.02)  Forward time: 0.09(0.10)  Batch time: 0.10(0.12)
2026-04-29 00:06:04,208   INFO  Train:   40/80 ( 50%) [  86/167 ( 51%)]  Loss: 1.119 (1.03)  LR: 2.822e-03  Time cost: 00:09/00:08 [11:58/12:10]  Acc_iter 6600        Data time: 0.01(0.01)  Forward time: 0.10(0.10)  Batch time: 0.11(0.11)
2026-04-29 00:06:04,348   INFO  
2026-04-29 00:06:09,510   INFO  Train:   40/80 ( 50%) [ 136/167 ( 81%)]  Loss: 0.9617 (1.03)  LR: 2.808e-03  Time cost: 00:14/00:03 [12:03/12:00]  Acc_iter 6650        Data time: 0.01(0.01)  Forward time: 0.09(0.09)  Batch time: 0.10(0.11)
2026-04-29 00:06:12,481   INFO  Train:   40/80 ( 50%) [ 166/167 ( 99%)]  Loss: 0.7385 (1.04)  LR: 2.799e-03  Time cost: 00:17/00:00 [12:06/11:47]  Acc_iter 6680        Data time: 0.01(0.01)  Forward time: 0.07(0.09)  Batch time: 0.08(0.11)
2026-04-29 00:06:13,529   INFO  Train:   41/80 ( 51%) [   0/167 (  0%)]  Loss: 0.9145 (0.914)  LR: 2.799e-03  Time cost: 00:00/01:53 [12:07/1:15:21]  Acc_iter 6681        Data time: 0.48(0.48)  Forward time: 0.19(0.19)  Batch time: 0.67(0.67)
2026-04-29 00:06:15,504   INFO  Train:   41/80 ( 51%) [  19/167 ( 11%)]  Loss: 1.294 (1.12)  LR: 2.793e-03  Time cost: 00:02/00:19 [12:09/14:43]  Acc_iter 6700        Data time: 0.01(0.03)  Forward time: 0.10(0.10)  Batch time: 0.11(0.13)
2026-04-29 00:06:20,727   INFO  Train:   41/80 ( 51%) [  69/167 ( 41%)]  Loss: 0.8979 (1.04)  LR: 2.778e-03  Time cost: 00:07/00:11 [12:14/12:23]  Acc_iter 6750        Data time: 0.01(0.02)  Forward time: 0.09(0.10)  Batch time: 0.10(0.11)
2026-04-29 00:06:20,856   INFO  
2026-04-29 00:06:25,905   INFO  Train:   41/80 ( 51%) [ 119/167 ( 71%)]  Loss: 0.9348 (0.994)  LR: 2.763e-03  Time cost: 00:13/00:05 [12:19/11:53]  Acc_iter 6800        Data time: 0.01(0.01)  Forward time: 0.09(0.10)  Batch time: 0.10(0.11)
2026-04-29 00:06:30,770   INFO  Train:   41/80 ( 51%) [ 166/167 ( 99%)]  Loss: 1.142 (0.995)  LR: 2.748e-03  Time cost: 00:17/00:00 [12:24/11:38]  Acc_iter 6847        Data time: 0.01(0.01)  Forward time: 0.07(0.10)  Batch time: 0.08(0.11)
2026-04-29 00:06:31,707   INFO  Train:   42/80 ( 52%) [   0/167 (  0%)]  Loss: 0.7542 (0.754)  LR: 2.747e-03  Time cost: 00:00/01:34 [12:25/1:01:33]  Acc_iter 6848        Data time: 0.28(0.28)  Forward time: 0.29(0.29)  Batch time: 0.57(0.57)
2026-04-29 00:06:31,943   INFO  Train:   42/80 ( 52%) [   2/167 (  1%)]  Loss: 0.8406 (0.805)  LR: 2.747e-03  Time cost: 00:00/00:44 [12:25/29:02]  Acc_iter 6850        Data time: 0.01(0.10)  Forward time: 0.09(0.17)  Batch time: 0.10(0.26)
2026-04-29 00:06:37,070   INFO  Train:   42/80 ( 52%) [  52/167 ( 31%)]  Loss: 0.8302 (0.939)  LR: 2.730e-03  Time cost: 00:05/00:12 [12:31/12:02]  Acc_iter 6900        Data time: 0.01(0.01)  Forward time: 0.08(0.10)  Batch time: 0.09(0.11)
2026-04-29 00:06:37,194   INFO  
2026-04-29 00:06:42,312   INFO  Train:   42/80 ( 52%) [ 102/167 ( 61%)]  Loss: 0.7837 (0.959)  LR: 2.713e-03  Time cost: 00:11/00:07 [12:36/11:35]  Acc_iter 6950        Data time: 0.01(0.01)  Forward time: 0.09(0.10)  Batch time: 0.10(0.11)
2026-04-29 00:06:47,375   INFO  Train:   42/80 ( 52%) [ 152/167 ( 91%)]  Loss: 0.6359 (0.950)  LR: 2.695e-03  Time cost: 00:16/00:01 [12:41/11:14]  Acc_iter 7000        Data time: 0.01(0.01)  Forward time: 0.08(0.09)  Batch time: 0.09(0.11)
2026-04-29 00:06:48,722   INFO  Train:   42/80 ( 52%) [ 166/167 ( 99%)]  Loss: 0.9505 (0.952)  LR: 2.690e-03  Time cost: 00:17/00:00 [12:42/11:08]  Acc_iter 7014        Data time: 0.01(0.01)  Forward time: 0.06(0.09)  Batch time: 0.07(0.11)
2026-04-29 00:06:49,754   INFO  Train:   43/80 ( 54%) [   0/167 (  0%)]  Loss: 0.9105 (0.910)  LR: 2.690e-03  Time cost: 00:00/01:49 [12:43/1:09:21]  Acc_iter 7015        Data time: 0.38(0.38)  Forward time: 0.27(0.27)  Batch time: 0.65(0.65)
2026-04-29 00:06:53,173   INFO  Train:   43/80 ( 54%) [  35/167 ( 21%)]  Loss: 1.160 (1.06)  LR: 2.677e-03  Time cost: 00:04/00:14 [12:47/11:54]  Acc_iter 7050        Data time: 0.01(0.02)  Forward time: 0.09(0.09)  Batch time: 0.10(0.11)
2026-04-29 00:06:53,299   INFO  
2026-04-29 00:06:58,277   INFO  Train:   43/80 ( 54%) [  85/167 ( 51%)]  Loss: 1.028 (1.04)  LR: 2.659e-03  Time cost: 00:09/00:08 [12:52/11:08]  Acc_iter 7100        Data time: 0.01(0.01)  Forward time: 0.10(0.09)  Batch time: 0.11(0.11)
2026-04-29 00:07:03,390   INFO  Train:   43/80 ( 54%) [ 135/167 ( 81%)]  Loss: 0.8010 (1.01)  LR: 2.640e-03  Time cost: 00:14/00:03 [12:57/10:52]  Acc_iter 7150        Data time: 0.01(0.01)  Forward time: 0.10(0.09)  Batch time: 0.11(0.11)
2026-04-29 00:07:06,562   INFO  Train:   43/80 ( 54%) [ 166/167 ( 99%)]  Loss: 1.147 (0.990)  LR: 2.628e-03  Time cost: 00:17/00:00 [13:00/10:46]  Acc_iter 7181        Data time: 0.01(0.01)  Forward time: 0.06(0.09)  Batch time: 0.07(0.10)
2026-04-29 00:07:07,492   INFO  Train:   44/80 ( 55%) [   0/167 (  0%)]  Loss: 0.8383 (0.838)  LR: 2.628e-03  Time cost: 00:00/01:33 [13:01/57:31]  Acc_iter 7182        Data time: 0.29(0.29)  Forward time: 0.27(0.27)  Batch time: 0.56(0.56)
2026-04-29 00:07:09,205   INFO  Train:   44/80 ( 55%) [  18/167 ( 11%)]  Loss: 1.001 (0.845)  LR: 2.621e-03  Time cost: 00:02/00:17 [13:03/12:16]  Acc_iter 7200        Data time: 0.01(0.02)  Forward time: 0.10(0.10)  Batch time: 0.10(0.12)
2026-04-29 00:07:09,336   INFO  
2026-04-29 00:07:14,388   INFO  Train:   44/80 ( 55%) [  68/167 ( 41%)]  Loss: 0.7047 (0.916)  LR: 2.601e-03  Time cost: 00:07/00:10 [13:08/11:00]  Acc_iter 7250        Data time: 0.01(0.01)  Forward time: 0.09(0.09)  Batch time: 0.10(0.11)
2026-04-29 00:07:19,362   INFO  Train:   44/80 ( 55%) [ 118/167 ( 71%)]  Loss: 1.101 (0.953)  LR: 2.581e-03  Time cost: 00:12/00:05 [13:13/10:33]  Acc_iter 7300        Data time: 0.01(0.01)  Forward time: 0.09(0.09)  Batch time: 0.10(0.10)
2026-04-29 00:07:24,096   INFO  Train:   44/80 ( 55%) [ 166/167 ( 99%)]  Loss: 0.6894 (0.964)  LR: 2.561e-03  Time cost: 00:17/00:00 [13:18/10:17]  Acc_iter 7348        Data time: 0.01(0.01)  Forward time: 0.07(0.09)  Batch time: 0.08(0.10)
2026-04-29 00:07:25,083   INFO  Train:   45/80 ( 56%) [   0/167 (  0%)]  Loss: 0.6019 (0.602)  LR: 2.561e-03  Time cost: 00:00/01:42 [13:19/1:01:29]  Acc_iter 7349        Data time: 0.31(0.31)  Forward time: 0.30(0.30)  Batch time: 0.61(0.61)
2026-04-29 00:07:25,192   INFO  Train:   45/80 ( 56%) [   1/167 (  1%)]  Loss: 0.6718 (0.637)  LR: 2.560e-03  Time cost: 00:00/00:59 [13:19/36:11]  Acc_iter 7350        Data time: 0.00(0.16)  Forward time: 0.10(0.20)  Batch time: 0.10(0.36)
2026-04-29 00:07:25,321   INFO  
2026-04-29 00:07:30,443   INFO  Train:   45/80 ( 56%) [  51/167 ( 31%)]  Loss: 0.7183 (0.880)  LR: 2.539e-03  Time cost: 00:05/00:13 [13:24/11:24]  Acc_iter 7400        Data time: 0.01(0.02)  Forward time: 0.10(0.10)  Batch time: 0.11(0.11)
2026-04-29 00:07:35,535   INFO  Train:   45/80 ( 56%) [ 101/167 ( 60%)]  Loss: 1.360 (0.895)  LR: 2.518e-03  Time cost: 00:11/00:07 [13:29/10:41]  Acc_iter 7450        Data time: 0.01(0.01)  Forward time: 0.10(0.10)  Batch time: 0.11(0.11)
2026-04-29 00:07:40,868   INFO  Train:   45/80 ( 56%) [ 151/167 ( 90%)]  Loss: 1.406 (0.916)  LR: 2.496e-03  Time cost: 00:16/00:01 [13:34/10:32]  Acc_iter 7500        Data time: 0.01(0.01)  Forward time: 0.10(0.10)  Batch time: 0.11(0.11)
2026-04-29 00:07:40,997   INFO  
2026-04-29 00:07:42,527   INFO  Train:   45/80 ( 56%) [ 166/167 ( 99%)]  Loss: 1.139 (0.914)  LR: 2.489e-03  Time cost: 00:18/00:00 [13:36/10:32]  Acc_iter 7515        Data time: 0.01(0.01)  Forward time: 0.07(0.10)  Batch time: 0.08(0.11)
2026-04-29 00:07:43,532   INFO  Train:   46/80 ( 58%) [   0/167 (  0%)]  Loss: 0.7508 (0.751)  LR: 2.489e-03  Time cost: 00:00/01:43 [13:37/1:00:36]  Acc_iter 7516        Data time: 0.43(0.43)  Forward time: 0.19(0.19)  Batch time: 0.62(0.62)
2026-04-29 00:07:46,865   INFO  Train:   46/80 ( 58%) [  34/167 ( 20%)]  Loss: 0.9217 (0.879)  LR: 2.474e-03  Time cost: 00:03/00:15 [13:40/10:56]  Acc_iter 7550        Data time: 0.01(0.02)  Forward time: 0.09(0.09)  Batch time: 0.10(0.11)
2026-04-29 00:07:51,801   INFO  Train:   46/80 ( 58%) [  84/167 ( 50%)]  Loss: 0.7565 (0.885)  LR: 2.451e-03  Time cost: 00:08/00:08 [13:45/10:02]  Acc_iter 7600        Data time: 0.01(0.01)  Forward time: 0.08(0.09)  Batch time: 0.09(0.10)
2026-04-29 00:07:56,755   INFO  Train:   46/80 ( 58%) [ 134/167 ( 80%)]  Loss: 1.111 (0.891)  LR: 2.428e-03  Time cost: 00:13/00:03 [13:50/09:45]  Acc_iter 7650        Data time: 0.01(0.01)  Forward time: 0.10(0.09)  Batch time: 0.10(0.10)
2026-04-29 00:07:56,887   INFO  
2026-04-29 00:08:00,048   INFO  Train:   46/80 ( 58%) [ 166/167 ( 99%)]  Loss: 0.8483 (0.894)  LR: 2.414e-03  Time cost: 00:17/00:00 [13:54/09:42]  Acc_iter 7682        Data time: 0.01(0.01)  Forward time: 0.07(0.09)  Batch time: 0.07(0.10)
2026-04-29 00:08:01,065   INFO  Train:   47/80 ( 59%) [   0/167 (  0%)]  Loss: 1.156 (1.16)  LR: 2.413e-03  Time cost: 00:00/01:43 [13:55/58:30]  Acc_iter 7683        Data time: 0.44(0.44)  Forward time: 0.17(0.17)  Batch time: 0.61(0.61)
2026-04-29 00:08:02,747   INFO  Train:   47/80 ( 59%) [  17/167 ( 10%)]  Loss: 1.099 (0.958)  LR: 2.405e-03  Time cost: 00:02/00:19 [13:56/12:03]  Acc_iter 7700        Data time: 0.01(0.03)  Forward time: 0.10(0.09)  Batch time: 0.11(0.13)
2026-04-29 00:08:07,728   INFO  Train:   47/80 ( 59%) [  67/167 ( 40%)]  Loss: 0.9441 (0.898)  LR: 2.382e-03  Time cost: 00:07/00:10 [14:01/10:00]  Acc_iter 7750        Data time: 0.01(0.01)  Forward time: 0.09(0.09)  Batch time: 0.10(0.11)
2026-04-29 00:08:12,755   INFO  Train:   47/80 ( 59%) [ 117/167 ( 70%)]  Loss: 1.003 (0.889)  LR: 2.358e-03  Time cost: 00:12/00:05 [14:06/09:40]  Acc_iter 7800        Data time: 0.01(0.01)  Forward time: 0.10(0.09)  Batch time: 0.11(0.10)
2026-04-29 00:08:12,889   INFO  
2026-04-29 00:08:17,842   INFO  Train:   47/80 ( 59%) [ 166/167 ( 99%)]  Loss: 0.7180 (0.884)  LR: 2.334e-03  Time cost: 00:17/00:00 [14:11/09:34]  Acc_iter 7849        Data time: 0.01(0.01)  Forward time: 0.07(0.09)  Batch time: 0.08(0.10)
2026-04-29 00:08:18,889   INFO  Train:   48/80 ( 60%) [   0/167 (  0%)]  Loss: 1.005 (1.01)  LR: 2.333e-03  Time cost: 00:00/01:51 [14:12/1:01:05]  Acc_iter 7850        Data time: 0.44(0.44)  Forward time: 0.22(0.22)  Batch time: 0.66(0.66)
2026-04-29 00:08:24,051   INFO  Train:   48/80 ( 60%) [  50/167 ( 30%)]  Loss: 0.9324 (0.860)  LR: 2.309e-03  Time cost: 00:05/00:13 [14:18/10:23]  Acc_iter 7900        Data time: 0.00(0.02)  Forward time: 0.11(0.10)  Batch time: 0.11(0.11)
2026-04-29 00:08:29,260   INFO  Train:   48/80 ( 60%) [ 100/167 ( 60%)]  Loss: 0.8738 (0.883)  LR: 2.284e-03  Time cost: 00:11/00:07 [14:23/09:51]  Acc_iter 7950        Data time: 0.01(0.01)  Forward time: 0.10(0.10)  Batch time: 0.11(0.11)
2026-04-29 00:08:29,396   INFO  
2026-04-29 00:08:34,490   INFO  Train:   48/80 ( 60%) [ 150/167 ( 90%)]  Loss: 0.6007 (0.868)  LR: 2.259e-03  Time cost: 00:16/00:01 [14:28/09:37]  Acc_iter 8000        Data time: 0.01(0.01)  Forward time: 0.09(0.10)  Batch time: 0.10(0.11)
2026-04-29 00:08:36,034   INFO  Train:   48/80 ( 60%) [ 166/167 ( 99%)]  Loss: 0.8243 (0.869)  LR: 2.251e-03  Time cost: 00:17/00:00 [14:30/09:30]  Acc_iter 8016        Data time: 0.01(0.01)  Forward time: 0.07(0.09)  Batch time: 0.08(0.11)
2026-04-29 00:08:37,005   INFO  Train:   49/80 ( 61%) [   0/167 (  0%)]  Loss: 0.5789 (0.579)  LR: 2.250e-03  Time cost: 00:00/01:38 [14:31/52:37]  Acc_iter 8017        Data time: 0.33(0.33)  Forward time: 0.26(0.26)  Batch time: 0.59(0.59)
2026-04-29 00:08:40,345   INFO  Train:   49/80 ( 61%) [  33/167 ( 20%)]  Loss: 0.6616 (0.851)  LR: 2.233e-03  Time cost: 00:03/00:15 [14:34/10:13]  Acc_iter 8050        Data time: 0.01(0.02)  Forward time: 0.09(0.10)  Batch time: 0.10(0.12)
2026-04-29 00:08:45,569   INFO  Train:   49/80 ( 61%) [  83/167 ( 50%)]  Loss: 0.5804 (0.840)  LR: 2.207e-03  Time cost: 00:09/00:09 [14:39/09:33]  Acc_iter 8100        Data time: 0.01(0.01)  Forward time: 0.10(0.10)  Batch time: 0.11(0.11)
2026-04-29 00:08:45,697   INFO  
2026-04-29 00:08:50,858   INFO  Train:   49/80 ( 61%) [ 133/167 ( 80%)]  Loss: 0.6332 (0.840)  LR: 2.181e-03  Time cost: 00:14/00:03 [14:44/09:21]  Acc_iter 8150        Data time: 0.01(0.01)  Forward time: 0.09(0.10)  Batch time: 0.10(0.11)
2026-04-29 00:08:54,075   INFO  Train:   49/80 ( 61%) [ 166/167 ( 99%)]  Loss: 0.7304 (0.842)  LR: 2.164e-03  Time cost: 00:17/00:00 [14:48/09:07]  Acc_iter 8183        Data time: 0.01(0.01)  Forward time: 0.06(0.09)  Batch time: 0.07(0.11)
2026-04-29 00:08:55,032   INFO  Train:   50/80 ( 62%) [   0/167 (  0%)]  Loss: 0.8823 (0.882)  LR: 2.163e-03  Time cost: 00:00/01:38 [14:49/50:41]  Acc_iter 8184        Data time: 0.35(0.35)  Forward time: 0.24(0.24)  Batch time: 0.59(0.59)
2026-04-29 00:08:56,591   INFO  Train:   50/80 ( 62%) [  16/167 ( 10%)]  Loss: 1.130 (0.832)  LR: 2.155e-03  Time cost: 00:02/00:19 [14:50/10:51]  Acc_iter 8200        Data time: 0.01(0.03)  Forward time: 0.08(0.10)  Batch time: 0.09(0.13)
2026-04-29 00:09:01,557   INFO  Train:   50/80 ( 62%) [  66/167 ( 40%)]  Loss: 0.9666 (0.851)  LR: 2.128e-03  Time cost: 00:07/00:10 [14:55/09:02]  Acc_iter 8250        Data time: 0.01(0.01)  Forward time: 0.09(0.09)  Batch time: 0.10(0.11)
2026-04-29 00:09:01,687   INFO  
2026-04-29 00:09:06,748   INFO  Train:   50/80 ( 62%) [ 116/167 ( 69%)]  Loss: 0.8632 (0.856)  LR: 2.102e-03  Time cost: 00:12/00:05 [15:00/08:52]  Acc_iter 8300        Data time: 0.01(0.01)  Forward time: 0.09(0.09)  Batch time: 0.10(0.11)
2026-04-29 00:09:11,633   INFO  Train:   50/80 ( 62%) [ 166/167 ( 99%)]  Loss: 0.9155 (0.847)  LR: 2.075e-03  Time cost: 00:17/00:00 [15:05/08:35]  Acc_iter 8350        Data time: 0.01(0.01)  Forward time: 0.07(0.09)  Batch time: 0.08(0.10)
2026-04-29 00:09:12,629   INFO  Train:   51/80 ( 64%) [   0/167 (  0%)]  Loss: 0.7452 (0.745)  LR: 2.074e-03  Time cost: 00:00/01:44 [15:06/52:25]  Acc_iter 8351        Data time: 0.43(0.43)  Forward time: 0.20(0.20)  Batch time: 0.63(0.63)
2026-04-29 00:09:17,631   INFO  Train:   51/80 ( 64%) [  49/167 ( 29%)]  Loss: 0.8694 (0.817)  LR: 2.047e-03  Time cost: 00:05/00:13 [15:11/09:18]  Acc_iter 8400        Data time: 0.01(0.02)  Forward time: 0.10(0.10)  Batch time: 0.11(0.11)
2026-04-29 00:09:17,763   INFO  
2026-04-29 00:09:22,660   INFO  Train:   51/80 ( 64%) [  99/167 ( 59%)]  Loss: 0.8717 (0.823)  LR: 2.020e-03  Time cost: 00:10/00:07 [15:16/08:43]  Acc_iter 8450        Data time: 0.01(0.01)  Forward time: 0.09(0.09)  Batch time: 0.10(0.11)
2026-04-29 00:09:27,610   INFO  Train:   51/80 ( 64%) [ 149/167 ( 89%)]  Loss: 0.8795 (0.830)  LR: 1.992e-03  Time cost: 00:15/00:01 [15:21/08:25]  Acc_iter 8500        Data time: 0.01(0.01)  Forward time: 0.09(0.09)  Batch time: 0.10(0.10)
2026-04-29 00:09:29,253   INFO  Train:   51/80 ( 64%) [ 166/167 ( 99%)]  Loss: 0.6911 (0.828)  LR: 1.983e-03  Time cost: 00:17/00:00 [15:23/08:20]  Acc_iter 8517        Data time: 0.01(0.01)  Forward time: 0.06(0.09)  Batch time: 0.07(0.10)
2026-04-29 00:09:30,287   INFO  Train:   52/80 ( 65%) [   0/167 (  0%)]  Loss: 0.6736 (0.674)  LR: 1.982e-03  Time cost: 00:00/01:48 [15:24/52:28]  Acc_iter 8518        Data time: 0.43(0.43)  Forward time: 0.21(0.21)  Batch time: 0.64(0.64)
2026-04-29 00:09:33,720   INFO  Train:   52/80 ( 65%) [  32/167 ( 19%)]  Loss: 1.093 (0.837)  LR: 1.964e-03  Time cost: 00:04/00:16 [15:27/09:55]  Acc_iter 8550        Data time: 0.01(0.02)  Forward time: 0.10(0.10)  Batch time: 0.11(0.12)
2026-04-29 00:09:33,846   INFO  
2026-04-29 00:09:39,100   INFO  Train:   52/80 ( 65%) [  82/167 ( 49%)]  Loss: 0.6689 (0.827)  LR: 1.936e-03  Time cost: 00:09/00:09 [15:33/09:02]  Acc_iter 8600        Data time: 0.01(0.02)  Forward time: 0.09(0.10)  Batch time: 0.10(0.11)
2026-04-29 00:09:44,202   INFO  Train:   52/80 ( 65%) [ 132/167 ( 79%)]  Loss: 0.8523 (0.816)  LR: 1.908e-03  Time cost: 00:14/00:03 [15:38/08:35]  Acc_iter 8650        Data time: 0.01(0.01)  Forward time: 0.11(0.10)  Batch time: 0.11(0.11)
2026-04-29 00:09:47,645   INFO  Train:   52/80 ( 65%) [ 166/167 ( 99%)]  Loss: 0.9434 (0.819)  LR: 1.889e-03  Time cost: 00:18/00:00 [15:41/08:24]  Acc_iter 8684        Data time: 0.01(0.01)  Forward time: 0.07(0.10)  Batch time: 0.08(0.11)
2026-04-29 00:09:48,646   INFO  Train:   53/80 ( 66%) [   0/167 (  0%)]  Loss: 0.5837 (0.584)  LR: 1.888e-03  Time cost: 00:00/01:44 [15:42/48:48]  Acc_iter 8685        Data time: 0.37(0.37)  Forward time: 0.25(0.25)  Batch time: 0.63(0.63)
2026-04-29 00:09:50,174   INFO  Train:   53/80 ( 66%) [  15/167 (  9%)]  Loss: 0.9227 (0.751)  LR: 1.880e-03  Time cost: 00:02/00:20 [15:44/10:27]  Acc_iter 8700        Data time: 0.00(0.03)  Forward time: 0.10(0.10)  Batch time: 0.10(0.13)
2026-04-29 00:09:50,310   INFO  
2026-04-29 00:09:55,444   INFO  Train:   53/80 ( 66%) [  65/167 ( 39%)]  Loss: 0.7633 (0.784)  LR: 1.851e-03  Time cost: 00:07/00:11 [15:49/08:38]  Acc_iter 8750        Data time: 0.01(0.02)  Forward time: 0.10(0.10)  Batch time: 0.11(0.11)
2026-04-29 00:10:00,462   INFO  Train:   53/80 ( 66%) [ 115/167 ( 69%)]  Loss: 0.5841 (0.781)  LR: 1.823e-03  Time cost: 00:12/00:05 [15:54/08:09]  Acc_iter 8800        Data time: 0.01(0.01)  Forward time: 0.08(0.09)  Batch time: 0.09(0.11)
2026-04-29 00:10:05,463   INFO  Train:   53/80 ( 66%) [ 165/167 ( 99%)]  Loss: 0.6993 (0.778)  LR: 1.794e-03  Time cost: 00:17/00:00 [15:59/07:54]  Acc_iter 8850        Data time: 0.01(0.01)  Forward time: 0.08(0.09)  Batch time: 0.09(0.11)
2026-04-29 00:10:05,592   INFO  
2026-04-29 00:10:05,667   INFO  Train:   53/80 ( 66%) [ 166/167 ( 99%)]  Loss: 0.4485 (0.776)  LR: 1.793e-03  Time cost: 00:17/00:00 [15:59/07:56]  Acc_iter 8851        Data time: 0.14(0.01)  Forward time: 0.07(0.09)  Batch time: 0.21(0.11)
2026-04-29 00:10:06,688   INFO  Train:   54/80 ( 68%) [   0/167 (  0%)]  Loss: 0.6412 (0.641)  LR: 1.793e-03  Time cost: 00:00/01:50 [16:00/49:41]  Acc_iter 8852        Data time: 0.40(0.40)  Forward time: 0.26(0.26)  Batch time: 0.66(0.66)
2026-04-29 00:10:11,769   INFO  Train:   54/80 ( 68%) [  48/167 ( 29%)]  Loss: 1.013 (0.765)  LR: 1.765e-03  Time cost: 00:05/00:13 [16:05/08:42]  Acc_iter 8900        Data time: 0.01(0.02)  Forward time: 0.09(0.10)  Batch time: 0.10(0.12)
2026-04-29 00:10:16,954   INFO  Train:   54/80 ( 68%) [  98/167 ( 59%)]  Loss: 1.000 (0.767)  LR: 1.736e-03  Time cost: 00:10/00:07 [16:10/08:06]  Acc_iter 8950        Data time: 0.01(0.01)  Forward time: 0.10(0.10)  Batch time: 0.11(0.11)
2026-04-29 00:10:22,165   INFO  Train:   54/80 ( 68%) [ 148/167 ( 89%)]  Loss: 0.9786 (0.762)  LR: 1.707e-03  Time cost: 00:16/00:02 [16:16/07:52]  Acc_iter 9000        Data time: 0.01(0.01)  Forward time: 0.09(0.10)  Batch time: 0.10(0.11)
2026-04-29 00:10:22,314   INFO  
2026-04-29 00:10:24,049   INFO  Train:   54/80 ( 68%) [ 166/167 ( 99%)]  Loss: 0.7807 (0.765)  LR: 1.696e-03  Time cost: 00:18/00:00 [16:18/07:48]  Acc_iter 9018        Data time: 0.01(0.01)  Forward time: 0.06(0.10)  Batch time: 0.07(0.11)
2026-04-29 00:10:25,088   INFO  Train:   55/80 ( 69%) [   0/167 (  0%)]  Loss: 0.9221 (0.922)  LR: 1.696e-03  Time cost: 00:00/01:50 [16:19/47:52]  Acc_iter 9019        Data time: 0.45(0.45)  Forward time: 0.20(0.20)  Batch time: 0.65(0.65)
2026-04-29 00:10:28,193   INFO  Train:   55/80 ( 69%) [  31/167 ( 19%)]  Loss: 0.8273 (0.709)  LR: 1.678e-03  Time cost: 00:03/00:16 [16:22/08:27]  Acc_iter 9050        Data time: 0.01(0.02)  Forward time: 0.09(0.09)  Batch time: 0.10(0.12)
2026-04-29 00:10:33,264   INFO  Train:   55/80 ( 69%) [  81/167 ( 49%)]  Loss: 0.6185 (0.726)  LR: 1.649e-03  Time cost: 00:08/00:09 [16:27/07:39]  Acc_iter 9100        Data time: 0.01(0.01)  Forward time: 0.10(0.09)  Batch time: 0.11(0.11)
2026-04-29 00:10:38,465   INFO  Train:   55/80 ( 69%) [ 131/167 ( 78%)]  Loss: 0.6365 (0.724)  LR: 1.619e-03  Time cost: 00:14/00:03 [16:32/07:27]  Acc_iter 9150        Data time: 0.01(0.01)  Forward time: 0.10(0.09)  Batch time: 0.11(0.11)
2026-04-29 00:10:38,596   INFO  
2026-04-29 00:10:42,092   INFO  Train:   55/80 ( 69%) [ 166/167 ( 99%)]  Loss: 0.7272 (0.723)  LR: 1.599e-03  Time cost: 00:17/00:00 [16:36/07:21]  Acc_iter 9185        Data time: 0.01(0.01)  Forward time: 0.07(0.09)  Batch time: 0.08(0.11)
2026-04-29 00:10:43,086   INFO  Train:   56/80 ( 70%) [   0/167 (  0%)]  Loss: 0.8273 (0.827)  LR: 1.598e-03  Time cost: 00:00/01:42 [16:37/42:53]  Acc_iter 9186        Data time: 0.31(0.31)  Forward time: 0.30(0.30)  Batch time: 0.62(0.62)
2026-04-29 00:10:44,477   INFO  Train:   56/80 ( 70%) [  14/167 (  8%)]  Loss: 0.5976 (0.787)  LR: 1.590e-03  Time cost: 00:02/00:20 [16:38/09:16]  Acc_iter 9200        Data time: 0.01(0.03)  Forward time: 0.10(0.10)  Batch time: 0.11(0.13)
2026-04-29 00:10:49,640   INFO  Train:   56/80 ( 70%) [  64/167 ( 38%)]  Loss: 0.9053 (0.729)  LR: 1.561e-03  Time cost: 00:07/00:11 [16:43/07:33]  Acc_iter 9250        Data time: 0.01(0.01)  Forward time: 0.09(0.10)  Batch time: 0.10(0.11)
2026-04-29 00:10:54,598   INFO  Train:   56/80 ( 70%) [ 114/167 ( 68%)]  Loss: 0.5610 (0.712)  LR: 1.531e-03  Time cost: 00:12/00:05 [16:48/07:08]  Acc_iter 9300        Data time: 0.01(0.01)  Forward time: 0.08(0.09)  Batch time: 0.09(0.11)
2026-04-29 00:10:54,732   INFO  
2026-04-29 00:10:59,642   INFO  Train:   56/80 ( 70%) [ 164/167 ( 98%)]  Loss: 0.4436 (0.725)  LR: 1.502e-03  Time cost: 00:17/00:00 [16:53/06:57]  Acc_iter 9350        Data time: 0.01(0.01)  Forward time: 0.08(0.09)  Batch time: 0.09(0.10)
2026-04-29 00:10:59,805   INFO  Train:   56/80 ( 70%) [ 166/167 ( 99%)]  Loss: 0.8779 (0.725)  LR: 1.501e-03  Time cost: 00:17/00:00 [16:53/06:56]  Acc_iter 9352        Data time: 0.01(0.01)  Forward time: 0.06(0.09)  Batch time: 0.07(0.10)
2026-04-29 00:11:00,795   INFO  Train:   57/80 ( 71%) [   0/167 (  0%)]  Loss: 0.4644 (0.464)  LR: 1.500e-03  Time cost: 00:00/01:42 [16:54/41:04]  Acc_iter 9353        Data time: 0.44(0.44)  Forward time: 0.17(0.17)  Batch time: 0.61(0.61)
2026-04-29 00:11:05,563   INFO  Train:   57/80 ( 71%) [  47/167 ( 28%)]  Loss: 0.7609 (0.681)  LR: 1.472e-03  Time cost: 00:05/00:13 [16:59/07:24]  Acc_iter 9400        Data time: 0.01(0.02)  Forward time: 0.09(0.09)  Batch time: 0.10(0.11)
2026-04-29 00:11:10,673   INFO  Train:   57/80 ( 71%) [  97/167 ( 58%)]  Loss: 0.5614 (0.699)  LR: 1.443e-03  Time cost: 00:10/00:07 [17:04/06:58]  Acc_iter 9450        Data time: 0.01(0.01)  Forward time: 0.09(0.09)  Batch time: 0.10(0.11)
2026-04-29 00:11:10,797   INFO  
2026-04-29 00:11:15,998   INFO  Train:   57/80 ( 71%) [ 147/167 ( 88%)]  Loss: 0.8600 (0.705)  LR: 1.414e-03  Time cost: 00:15/00:02 [17:10/06:52]  Acc_iter 9500        Data time: 0.01(0.01)  Forward time: 0.09(0.09)  Batch time: 0.10(0.11)
2026-04-29 00:11:17,797   INFO  Train:   57/80 ( 71%) [ 166/167 ( 99%)]  Loss: 0.7124 (0.703)  LR: 1.402e-03  Time cost: 00:17/00:00 [17:11/06:45]  Acc_iter 9519        Data time: 0.01(0.01)  Forward time: 0.06(0.09)  Batch time: 0.07(0.11)
2026-04-29 00:11:18,840   INFO  Train:   58/80 ( 72%) [   0/167 (  0%)]  Loss: 0.7973 (0.797)  LR: 1.402e-03  Time cost: 00:00/01:50 [17:12/42:18]  Acc_iter 9520        Data time: 0.47(0.47)  Forward time: 0.18(0.18)  Batch time: 0.65(0.65)
2026-04-29 00:11:22,099   INFO  Train:   58/80 ( 72%) [  30/167 ( 18%)]  Loss: 0.7673 (0.695)  LR: 1.384e-03  Time cost: 00:03/00:17 [17:16/08:01]  Acc_iter 9550        Data time: 0.01(0.02)  Forward time: 0.10(0.10)  Batch time: 0.11(0.13)
2026-04-29 00:11:27,437   INFO  Train:   58/80 ( 72%) [  80/167 ( 48%)]  Loss: 0.6163 (0.692)  LR: 1.355e-03  Time cost: 00:09/00:09 [17:21/07:09]  Acc_iter 9600        Data time: 0.01(0.01)  Forward time: 0.10(0.10)  Batch time: 0.11(0.11)
2026-04-29 00:11:27,573   INFO  
2026-04-29 00:11:32,971   INFO  Train:   58/80 ( 72%) [ 130/167 ( 78%)]  Loss: 0.8314 (0.707)  LR: 1.326e-03  Time cost: 00:14/00:04 [17:26/06:59]  Acc_iter 9650        Data time: 0.01(0.01)  Forward time: 0.09(0.10)  Batch time: 0.10(0.11)
2026-04-29 00:11:36,583   INFO  Train:   58/80 ( 72%) [ 166/167 ( 99%)]  Loss: 0.5858 (0.698)  LR: 1.305e-03  Time cost: 00:18/00:00 [17:30/06:45]  Acc_iter 9686        Data time: 0.01(0.01)  Forward time: 0.06(0.10)  Batch time: 0.07(0.11)
2026-04-29 00:11:37,545   INFO  Train:   59/80 ( 74%) [   0/167 (  0%)]  Loss: 0.7854 (0.785)  LR: 1.304e-03  Time cost: 00:00/01:36 [17:31/35:12]  Acc_iter 9687        Data time: 0.30(0.30)  Forward time: 0.27(0.27)  Batch time: 0.57(0.57)
2026-04-29 00:11:38,938   INFO  Train:   59/80 ( 74%) [  13/167 (  8%)]  Loss: 0.6558 (0.732)  LR: 1.297e-03  Time cost: 00:01/00:21 [17:32/08:34]  Acc_iter 9700        Data time: 0.01(0.03)  Forward time: 0.10(0.11)  Batch time: 0.10(0.14)
2026-04-29 00:11:44,090   INFO  Train:   59/80 ( 74%) [  63/167 ( 38%)]  Loss: 0.8457 (0.689)  LR: 1.268e-03  Time cost: 00:07/00:11 [17:38/06:41]  Acc_iter 9750        Data time: 0.01(0.01)  Forward time: 0.09(0.10)  Batch time: 0.10(0.11)
2026-04-29 00:11:44,222   INFO  
2026-04-29 00:11:49,364   INFO  Train:   59/80 ( 74%) [ 113/167 ( 68%)]  Loss: 0.7778 (0.673)  LR: 1.239e-03  Time cost: 00:12/00:05 [17:43/06:27]  Acc_iter 9800        Data time: 0.01(0.01)  Forward time: 0.10(0.10)  Batch time: 0.11(0.11)
2026-04-29 00:11:54,219   INFO  Train:   59/80 ( 74%) [ 163/167 ( 98%)]  Loss: 0.3951 (0.672)  LR: 1.210e-03  Time cost: 00:17/00:00 [17:48/06:09]  Acc_iter 9850        Data time: 0.01(0.01)  Forward time: 0.08(0.09)  Batch time: 0.09(0.11)
2026-04-29 00:11:54,467   INFO  Train:   59/80 ( 74%) [ 166/167 ( 99%)]  Loss: 0.6269 (0.672)  LR: 1.208e-03  Time cost: 00:17/00:00 [17:48/06:07]  Acc_iter 9853        Data time: 0.01(0.01)  Forward time: 0.06(0.09)  Batch time: 0.07(0.10)
2026-04-29 00:11:55,426   INFO  Train:   60/80 ( 75%) [   0/167 (  0%)]  Loss: 0.5405 (0.541)  LR: 1.207e-03  Time cost: 00:00/01:38 [17:49/34:26]  Acc_iter 9854        Data time: 0.31(0.31)  Forward time: 0.28(0.28)  Batch time: 0.59(0.59)
2026-04-29 00:12:00,263   INFO  Train:   60/80 ( 75%) [  46/167 ( 28%)]  Loss: 0.5922 (0.685)  LR: 1.181e-03  Time cost: 00:05/00:13 [17:54/06:39]  Acc_iter 9900        Data time: 0.01(0.01)  Forward time: 0.09(0.10)  Batch time: 0.10(0.12)
2026-04-29 00:12:00,402   INFO  
2026-04-29 00:12:05,617   INFO  Train:   60/80 ( 75%) [  96/167 ( 57%)]  Loss: 0.5293 (0.665)  LR: 1.152e-03  Time cost: 00:10/00:07 [17:59/06:19]  Acc_iter 9950        Data time: 0.01(0.01)  Forward time: 0.10(0.10)  Batch time: 0.11(0.11)
2026-04-29 00:12:10,790   INFO  Train:   60/80 ( 75%) [ 146/167 ( 87%)]  Loss: 0.8142 (0.657)  LR: 1.124e-03  Time cost: 00:15/00:02 [18:04/06:04]  Acc_iter 10000       Data time: 0.01(0.01)  Forward time: 0.10(0.10)  Batch time: 0.10(0.11)
2026-04-29 00:12:12,795   INFO  Train:   60/80 ( 75%) [ 166/167 ( 99%)]  Loss: 0.4157 (0.648)  LR: 1.112e-03  Time cost: 00:17/00:00 [18:06/05:59]  Acc_iter 10020       Data time: 0.01(0.01)  Forward time: 0.07(0.10)  Batch time: 0.07(0.11)
2026-04-29 00:12:13,793   INFO  Train:   61/80 ( 76%) [   0/167 (  0%)]  Loss: 0.6392 (0.639)  LR: 1.112e-03  Time cost: 00:00/01:44 [18:07/34:51]  Acc_iter 10021       Data time: 0.44(0.44)  Forward time: 0.18(0.18)  Batch time: 0.62(0.62)
2026-04-29 00:12:16,731   INFO  Train:   61/80 ( 76%) [  29/167 ( 17%)]  Loss: 0.5787 (0.622)  LR: 1.095e-03  Time cost: 00:03/00:16 [18:10/06:33]  Acc_iter 10050       Data time: 0.01(0.02)  Forward time: 0.09(0.10)  Batch time: 0.10(0.12)
2026-04-29 00:12:16,864   INFO  
2026-04-29 00:12:21,904   INFO  Train:   61/80 ( 76%) [  79/167 ( 47%)]  Loss: 0.7461 (0.637)  LR: 1.067e-03  Time cost: 00:08/00:09 [18:15/05:56]  Acc_iter 10100       Data time: 0.01(0.02)  Forward time: 0.10(0.09)  Batch time: 0.10(0.11)
2026-04-29 00:12:26,923   INFO  Train:   61/80 ( 76%) [ 129/167 ( 77%)]  Loss: 0.6938 (0.619)  LR: 1.039e-03  Time cost: 00:13/00:04 [18:20/05:39]  Acc_iter 10150       Data time: 0.01(0.01)  Forward time: 0.09(0.09)  Batch time: 0.10(0.11)
2026-04-29 00:12:30,622   INFO  Train:   61/80 ( 76%) [ 166/167 ( 99%)]  Loss: 0.7968 (0.631)  LR: 1.018e-03  Time cost: 00:17/00:00 [18:24/05:31]  Acc_iter 10187       Data time: 0.01(0.01)  Forward time: 0.07(0.09)  Batch time: 0.08(0.10)
2026-04-29 00:12:31,587   INFO  Train:   62/80 ( 78%) [   0/167 (  0%)]  Loss: 0.9083 (0.908)  LR: 1.018e-03  Time cost: 00:00/01:39 [18:25/31:32]  Acc_iter 10188       Data time: 0.41(0.41)  Forward time: 0.18(0.18)  Batch time: 0.59(0.59)
2026-04-29 00:12:32,811   INFO  Train:   62/80 ( 78%) [  12/167 (  7%)]  Loss: 0.7259 (0.654)  LR: 1.011e-03  Time cost: 00:01/00:21 [18:26/07:22]  Acc_iter 10200       Data time: 0.01(0.04)  Forward time: 0.10(0.10)  Batch time: 0.11(0.14)
2026-04-29 00:12:32,944   INFO  
2026-04-29 00:12:38,184   INFO  Train:   62/80 ( 78%) [  62/167 ( 37%)]  Loss: 0.7441 (0.637)  LR: 9.835e-04  Time cost: 00:07/00:11 [18:32/05:55]  Acc_iter 10250       Data time: 0.01(0.02)  Forward time: 0.08(0.10)  Batch time: 0.09(0.11)
2026-04-29 00:12:43,263   INFO  Train:   62/80 ( 78%) [ 112/167 ( 67%)]  Loss: 0.6895 (0.640)  LR: 9.560e-04  Time cost: 00:12/00:05 [18:37/05:32]  Acc_iter 10300       Data time: 0.01(0.01)  Forward time: 0.09(0.10)  Batch time: 0.10(0.11)
2026-04-29 00:12:48,465   INFO  Train:   62/80 ( 78%) [ 162/167 ( 97%)]  Loss: 0.4385 (0.639)  LR: 9.287e-04  Time cost: 00:17/00:00 [18:42/05:22]  Acc_iter 10350       Data time: 0.01(0.01)  Forward time: 0.08(0.10)  Batch time: 0.09(0.11)
2026-04-29 00:12:48,597   INFO  
2026-04-29 00:12:48,948   INFO  Train:   62/80 ( 78%) [ 166/167 ( 99%)]  Loss: 0.6601 (0.636)  LR: 9.265e-04  Time cost: 00:17/00:00 [18:42/05:23]  Acc_iter 10354       Data time: 0.01(0.01)  Forward time: 0.07(0.09)  Batch time: 0.08(0.11)
2026-04-29 00:12:49,997   INFO  Train:   63/80 ( 79%) [   0/167 (  0%)]  Loss: 0.6079 (0.608)  LR: 9.260e-04  Time cost: 00:00/01:49 [18:44/32:48]  Acc_iter 10355       Data time: 0.38(0.38)  Forward time: 0.28(0.28)  Batch time: 0.65(0.65)
2026-04-29 00:12:54,620   INFO  Train:   63/80 ( 79%) [  45/167 ( 27%)]  Loss: 0.5706 (0.650)  LR: 9.016e-04  Time cost: 00:05/00:13 [18:48/05:39]  Acc_iter 10400       Data time: 0.01(0.02)  Forward time: 0.09(0.10)  Batch time: 0.10(0.11)
2026-04-29 00:12:59,798   INFO  Train:   63/80 ( 79%) [  95/167 ( 57%)]  Loss: 0.4989 (0.625)  LR: 8.748e-04  Time cost: 00:10/00:07 [18:53/05:17]  Acc_iter 10450       Data time: 0.01(0.01)  Forward time: 0.09(0.10)  Batch time: 0.10(0.11)
2026-04-29 00:13:04,875   INFO  Train:   63/80 ( 79%) [ 145/167 ( 87%)]  Loss: 0.6106 (0.614)  LR: 8.482e-04  Time cost: 00:15/00:02 [18:58/05:04]  Acc_iter 10500       Data time: 0.01(0.01)  Forward time: 0.09(0.10)  Batch time: 0.10(0.11)
2026-04-29 00:13:05,009   INFO  
2026-04-29 00:13:07,035   INFO  Train:   63/80 ( 79%) [ 166/167 ( 99%)]  Loss: 0.6732 (0.611)  LR: 8.371e-04  Time cost: 00:17/00:00 [19:01/05:00]  Acc_iter 10521       Data time: 0.01(0.01)  Forward time: 0.06(0.09)  Batch time: 0.07(0.11)
2026-04-29 00:13:08,061   INFO  Train:   64/80 ( 80%) [   0/167 (  0%)]  Loss: 0.7509 (0.751)  LR: 8.366e-04  Time cost: 00:00/01:47 [19:02/30:19]  Acc_iter 10522       Data time: 0.38(0.38)  Forward time: 0.26(0.26)  Batch time: 0.64(0.64)
2026-04-29 00:13:11,042   INFO  Train:   64/80 ( 80%) [  28/167 ( 17%)]  Loss: 0.4894 (0.608)  LR: 8.219e-04  Time cost: 00:03/00:17 [19:05/05:51]  Acc_iter 10550       Data time: 0.01(0.02)  Forward time: 0.09(0.10)  Batch time: 0.10(0.12)
2026-04-29 00:13:16,215   INFO  Train:   64/80 ( 80%) [  78/167 ( 47%)]  Loss: 0.6193 (0.603)  LR: 7.958e-04  Time cost: 00:08/00:09 [19:10/05:07]  Acc_iter 10600       Data time: 0.01(0.01)  Forward time: 0.10(0.10)  Batch time: 0.11(0.11)
2026-04-29 00:13:21,194   INFO  Train:   64/80 ( 80%) [ 128/167 ( 77%)]  Loss: 0.4808 (0.591)  LR: 7.700e-04  Time cost: 00:13/00:04 [19:15/04:49]  Acc_iter 10650       Data time: 0.01(0.01)  Forward time: 0.09(0.10)  Batch time: 0.10(0.11)
2026-04-29 00:13:21,322   INFO  
2026-04-29 00:13:24,975   INFO  Train:   64/80 ( 80%) [ 166/167 ( 99%)]  Loss: 0.6297 (0.583)  LR: 7.505e-04  Time cost: 00:17/00:00 [19:18/04:40]  Acc_iter 10688       Data time: 0.01(0.01)  Forward time: 0.07(0.09)  Batch time: 0.07(0.11)
2026-04-29 00:13:25,957   INFO  Train:   65/80 ( 81%) [   0/167 (  0%)]  Loss: 0.6540 (0.654)  LR: 7.500e-04  Time cost: 00:00/01:42 [19:19/27:16]  Acc_iter 10689       Data time: 0.31(0.31)  Forward time: 0.30(0.30)  Batch time: 0.61(0.61)
2026-04-29 00:13:27,086   INFO  Train:   65/80 ( 81%) [  11/167 (  7%)]  Loss: 0.6321 (0.581)  LR: 7.444e-04  Time cost: 00:01/00:22 [19:21/06:26]  Acc_iter 10700       Data time: 0.01(0.03)  Forward time: 0.10(0.11)  Batch time: 0.10(0.14)
2026-04-29 00:13:32,153   INFO  Train:   65/80 ( 81%) [  61/167 ( 37%)]  Loss: 0.4235 (0.579)  LR: 7.192e-04  Time cost: 00:06/00:11 [19:26/04:46]  Acc_iter 10750       Data time: 0.01(0.01)  Forward time: 0.11(0.10)  Batch time: 0.12(0.11)
2026-04-29 00:13:37,131   INFO  Train:   65/80 ( 81%) [ 111/167 ( 66%)]  Loss: 0.5429 (0.577)  LR: 6.942e-04  Time cost: 00:11/00:05 [19:31/04:29]  Acc_iter 10800       Data time: 0.01(0.01)  Forward time: 0.10(0.09)  Batch time: 0.11(0.11)
2026-04-29 00:13:37,267   INFO  
2026-04-29 00:13:42,202   INFO  Train:   65/80 ( 81%) [ 161/167 ( 96%)]  Loss: 0.4757 (0.580)  LR: 6.696e-04  Time cost: 00:16/00:00 [19:36/04:21]  Acc_iter 10850       Data time: 0.01(0.01)  Forward time: 0.08(0.09)  Batch time: 0.09(0.10)
2026-04-29 00:13:42,649   INFO  Train:   65/80 ( 81%) [ 166/167 ( 99%)]  Loss: 0.6072 (0.584)  LR: 6.672e-04  Time cost: 00:17/00:00 [19:36/04:19]  Acc_iter 10855       Data time: 0.01(0.01)  Forward time: 0.06(0.09)  Batch time: 0.07(0.10)
2026-04-29 00:13:43,672   INFO  Train:   66/80 ( 82%) [   0/167 (  0%)]  Loss: 0.4003 (0.400)  LR: 6.667e-04  Time cost: 00:00/01:45 [19:37/26:28]  Acc_iter 10856       Data time: 0.43(0.43)  Forward time: 0.19(0.19)  Batch time: 0.63(0.63)
2026-04-29 00:13:48,106   INFO  Train:   66/80 ( 82%) [  44/167 ( 26%)]  Loss: 0.6651 (0.585)  LR: 6.453e-04  Time cost: 00:05/00:13 [19:42/04:37]  Acc_iter 10900       Data time: 0.01(0.02)  Forward time: 0.10(0.09)  Batch time: 0.11(0.11)
2026-04-29 00:13:53,310   INFO  Train:   66/80 ( 82%) [  94/167 ( 56%)]  Loss: 0.7027 (0.593)  LR: 6.213e-04  Time cost: 00:10/00:07 [19:47/04:20]  Acc_iter 10950       Data time: 0.01(0.01)  Forward time: 0.08(0.09)  Batch time: 0.10(0.11)
2026-04-29 00:13:53,444   INFO  
2026-04-29 00:13:58,550   INFO  Train:   66/80 ( 82%) [ 144/167 ( 86%)]  Loss: 0.6067 (0.578)  LR: 5.976e-04  Time cost: 00:15/00:02 [19:52/04:12]  Acc_iter 11000       Data time: 0.01(0.01)  Forward time: 0.09(0.09)  Batch time: 0.10(0.11)
2026-04-29 00:14:00,722   INFO  Train:   66/80 ( 82%) [ 166/167 ( 99%)]  Loss: 0.7449 (0.579)  LR: 5.873e-04  Time cost: 00:17/00:00 [19:54/04:07]  Acc_iter 11022       Data time: 0.01(0.01)  Forward time: 0.07(0.09)  Batch time: 0.08(0.11)
2026-04-29 00:14:01,745   INFO  Train:   67/80 ( 84%) [   0/167 (  0%)]  Loss: 0.6728 (0.673)  LR: 5.869e-04  Time cost: 00:00/01:45 [19:55/24:40]  Acc_iter 11023       Data time: 0.38(0.38)  Forward time: 0.25(0.25)  Batch time: 0.62(0.62)
2026-04-29 00:14:04,529   INFO  Train:   67/80 ( 84%) [  27/167 ( 16%)]  Loss: 0.6221 (0.568)  LR: 5.743e-04  Time cost: 00:03/00:17 [19:58/04:42]  Acc_iter 11050       Data time: 0.01(0.02)  Forward time: 0.10(0.10)  Batch time: 0.11(0.12)
2026-04-29 00:14:09,493   INFO  Train:   67/80 ( 84%) [  77/167 ( 46%)]  Loss: 0.6747 (0.566)  LR: 5.514e-04  Time cost: 00:08/00:09 [20:03/04:02]  Acc_iter 11100       Data time: 0.01(0.01)  Forward time: 0.11(0.09)  Batch time: 0.12(0.11)
2026-04-29 00:14:09,619   INFO  
2026-04-29 00:14:14,608   INFO  Train:   67/80 ( 84%) [ 127/167 ( 76%)]  Loss: 0.7121 (0.555)  LR: 5.288e-04  Time cost: 00:13/00:04 [20:08/03:53]  Acc_iter 11150       Data time: 0.01(0.01)  Forward time: 0.10(0.09)  Batch time: 0.11(0.11)
2026-04-29 00:14:18,376   INFO  Train:   67/80 ( 84%) [ 166/167 ( 99%)]  Loss: 0.4364 (0.549)  LR: 5.114e-04  Time cost: 00:17/00:00 [20:12/03:44]  Acc_iter 11189       Data time: 0.01(0.01)  Forward time: 0.07(0.09)  Batch time: 0.07(0.10)
2026-04-29 00:14:19,438   INFO  Train:   68/80 ( 85%) [   0/167 (  0%)]  Loss: 0.7897 (0.790)  LR: 5.110e-04  Time cost: 00:00/01:54 [20:13/24:53]  Acc_iter 11190       Data time: 0.46(0.46)  Forward time: 0.22(0.22)  Batch time: 0.68(0.68)
2026-04-29 00:14:20,475   INFO  Train:   68/80 ( 85%) [  10/167 (  6%)]  Loss: 0.3390 (0.558)  LR: 5.066e-04  Time cost: 00:01/00:24 [20:14/05:38]  Acc_iter 11200       Data time: 0.01(0.05)  Forward time: 0.09(0.11)  Batch time: 0.10(0.16)
2026-04-29 00:14:25,669   INFO  Train:   68/80 ( 85%) [  60/167 ( 36%)]  Loss: 0.4754 (0.558)  LR: 4.848e-04  Time cost: 00:06/00:12 [20:19/03:59]  Acc_iter 11250       Data time: 0.01(0.02)  Forward time: 0.10(0.10)  Batch time: 0.11(0.11)
2026-04-29 00:14:25,800   INFO  
2026-04-29 00:14:30,890   INFO  Train:   68/80 ( 85%) [ 110/167 ( 66%)]  Loss: 0.4742 (0.537)  LR: 4.633e-04  Time cost: 00:12/00:06 [20:24/03:45]  Acc_iter 11300       Data time: 0.01(0.01)  Forward time: 0.10(0.10)  Batch time: 0.11(0.11)
2026-04-29 00:14:36,037   INFO  Train:   68/80 ( 85%) [ 160/167 ( 96%)]  Loss: 0.4337 (0.537)  LR: 4.423e-04  Time cost: 00:17/00:00 [20:30/03:35]  Acc_iter 11350       Data time: 0.01(0.01)  Forward time: 0.08(0.10)  Batch time: 0.09(0.11)
2026-04-29 00:14:36,592   INFO  Train:   68/80 ( 85%) [ 166/167 ( 99%)]  Loss: 0.5694 (0.539)  LR: 4.398e-04  Time cost: 00:17/00:00 [20:30/03:34]  Acc_iter 11356       Data time: 0.01(0.01)  Forward time: 0.07(0.09)  Batch time: 0.08(0.11)
2026-04-29 00:14:37,714   INFO  Train:   69/80 ( 86%) [   0/167 (  0%)]  Loss: 0.5863 (0.586)  LR: 4.394e-04  Time cost: 00:00/01:52 [20:31/22:34]  Acc_iter 11357       Data time: 0.44(0.44)  Forward time: 0.22(0.22)  Batch time: 0.67(0.67)
2026-04-29 00:14:42,016   INFO  Train:   69/80 ( 86%) [  43/167 ( 26%)]  Loss: 0.5618 (0.529)  LR: 4.216e-04  Time cost: 00:04/00:14 [20:36/03:41]  Acc_iter 11400       Data time: 0.01(0.02)  Forward time: 0.10(0.09)  Batch time: 0.11(0.11)
2026-04-29 00:14:42,145   INFO  
2026-04-29 00:14:47,144   INFO  Train:   69/80 ( 86%) [  93/167 ( 56%)]  Loss: 0.7870 (0.526)  LR: 4.014e-04  Time cost: 00:10/00:07 [20:41/03:25]  Acc_iter 11450       Data time: 0.01(0.01)  Forward time: 0.10(0.09)  Batch time: 0.11(0.11)
2026-04-29 00:14:52,306   INFO  Train:   69/80 ( 86%) [ 143/167 ( 86%)]  Loss: 0.5394 (0.516)  LR: 3.816e-04  Time cost: 00:15/00:02 [20:46/03:17]  Acc_iter 11500       Data time: 0.01(0.01)  Forward time: 0.10(0.09)  Batch time: 0.11(0.11)
2026-04-29 00:14:54,654   INFO  Train:   69/80 ( 86%) [ 166/167 ( 99%)]  Loss: 0.6416 (0.519)  LR: 3.727e-04  Time cost: 00:17/00:00 [20:48/03:13]  Acc_iter 11523       Data time: 0.01(0.01)  Forward time: 0.07(0.09)  Batch time: 0.08(0.11)
2026-04-29 00:14:55,655   INFO  Train:   70/80 ( 88%) [   0/167 (  0%)]  Loss: 0.7246 (0.725)  LR: 3.723e-04  Time cost: 00:00/01:44 [20:49/19:12]  Acc_iter 11524       Data time: 0.38(0.38)  Forward time: 0.25(0.25)  Batch time: 0.63(0.63)
2026-04-29 00:14:58,393   INFO  Train:   70/80 ( 88%) [  26/167 ( 16%)]  Loss: 0.7185 (0.563)  LR: 3.622e-04  Time cost: 00:03/00:17 [20:52/03:45]  Acc_iter 11550       Data time: 0.01(0.02)  Forward time: 0.10(0.10)  Batch time: 0.11(0.12)
2026-04-29 00:14:58,524   INFO  
2026-04-29 00:15:03,803   INFO  Train:   70/80 ( 88%) [  76/167 ( 46%)]  Loss: 0.6463 (0.556)  LR: 3.433e-04  Time cost: 00:08/00:10 [20:57/03:20]  Acc_iter 11600       Data time: 0.01(0.01)  Forward time: 0.10(0.10)  Batch time: 0.11(0.11)
2026-04-29 00:15:09,005   INFO  Train:   70/80 ( 88%) [ 126/167 ( 75%)]  Loss: 0.6327 (0.546)  LR: 3.248e-04  Time cost: 00:13/00:04 [21:03/03:08]  Acc_iter 11650       Data time: 0.01(0.01)  Forward time: 0.09(0.10)  Batch time: 0.10(0.11)
2026-04-29 00:15:13,030   INFO  Train:   70/80 ( 88%) [ 166/167 ( 99%)]  Loss: 0.3739 (0.536)  LR: 3.104e-04  Time cost: 00:18/00:00 [21:07/03:00]  Acc_iter 11690       Data time: 0.01(0.01)  Forward time: 0.06(0.10)  Batch time: 0.07(0.11)
2026-04-29 00:15:14,034   INFO  Train:   71/80 ( 89%) [   0/167 (  0%)]  Loss: 0.3606 (0.361)  LR: 3.100e-04  Time cost: 00:00/01:45 [21:08/17:36]  Acc_iter 11691       Data time: 0.42(0.42)  Forward time: 0.20(0.20)  Batch time: 0.62(0.62)
2026-04-29 00:15:14,996   INFO  Train:   71/80 ( 89%) [   9/167 (  5%)]  Loss: 0.6456 (0.519)  LR: 3.068e-04  Time cost: 00:01/00:25 [21:09/04:24]  Acc_iter 11700       Data time: 0.01(0.05)  Forward time: 0.09(0.11)  Batch time: 0.10(0.16)
2026-04-29 00:15:15,129   INFO  
2026-04-29 00:15:20,217   INFO  Train:   71/80 ( 89%) [  59/167 ( 35%)]  Loss: 0.4885 (0.534)  LR: 2.892e-04  Time cost: 00:06/00:12 [21:14/03:02]  Acc_iter 11750       Data time: 0.01(0.02)  Forward time: 0.10(0.10)  Batch time: 0.11(0.11)
2026-04-29 00:15:25,321   INFO  Train:   71/80 ( 89%) [ 109/167 ( 65%)]  Loss: 0.7896 (0.527)  LR: 2.721e-04  Time cost: 00:11/00:06 [21:19/02:49]  Acc_iter 11800       Data time: 0.01(0.01)  Forward time: 0.11(0.09)  Batch time: 0.12(0.11)
2026-04-29 00:15:30,307   INFO  Train:   71/80 ( 89%) [ 159/167 ( 95%)]  Loss: 0.4663 (0.521)  LR: 2.554e-04  Time cost: 00:16/00:00 [21:24/02:39]  Acc_iter 11850       Data time: 0.01(0.01)  Forward time: 0.08(0.09)  Batch time: 0.09(0.11)
2026-04-29 00:15:30,444   INFO  
2026-04-29 00:15:31,069   INFO  Train:   71/80 ( 89%) [ 166/167 ( 99%)]  Loss: 0.4059 (0.523)  LR: 2.531e-04  Time cost: 00:17/00:00 [21:25/02:39]  Acc_iter 11857       Data time: 0.01(0.01)  Forward time: 0.07(0.09)  Batch time: 0.08(0.11)
2026-04-29 00:15:32,024   INFO  Train:   72/80 ( 90%) [   0/167 (  0%)]  Loss: 0.3325 (0.333)  LR: 2.528e-04  Time cost: 00:00/01:35 [21:26/14:20]  Acc_iter 11858       Data time: 0.29(0.29)  Forward time: 0.28(0.28)  Batch time: 0.57(0.57)
2026-04-29 00:15:36,352   INFO  Train:   72/80 ( 90%) [  42/167 ( 25%)]  Loss: 0.3467 (0.472)  LR: 2.393e-04  Time cost: 00:04/00:14 [21:30/02:46]  Acc_iter 11900       Data time: 0.01(0.01)  Forward time: 0.10(0.10)  Batch time: 0.11(0.11)
2026-04-29 00:15:41,432   INFO  Train:   72/80 ( 90%) [  92/167 ( 55%)]  Loss: 0.5248 (0.498)  LR: 2.236e-04  Time cost: 00:09/00:08 [21:35/02:31]  Acc_iter 11950       Data time: 0.01(0.01)  Forward time: 0.10(0.10)  Batch time: 0.11(0.11)
2026-04-29 00:15:46,591   INFO  Train:   72/80 ( 90%) [ 142/167 ( 85%)]  Loss: 0.6634 (0.498)  LR: 2.084e-04  Time cost: 00:15/00:02 [21:40/02:24]  Acc_iter 12000       Data time: 0.01(0.01)  Forward time: 0.10(0.10)  Batch time: 0.10(0.11)
2026-04-29 00:15:46,725   INFO  
2026-04-29 00:15:49,030   INFO  Train:   72/80 ( 90%) [ 166/167 ( 99%)]  Loss: 0.3228 (0.496)  LR: 2.013e-04  Time cost: 00:17/00:00 [21:43/02:20]  Acc_iter 12024       Data time: 0.01(0.01)  Forward time: 0.07(0.09)  Batch time: 0.07(0.11)
2026-04-29 00:15:50,057   INFO  Train:   73/80 ( 91%) [   0/167 (  0%)]  Loss: 0.5556 (0.556)  LR: 2.010e-04  Time cost: 00:00/01:47 [21:44/14:20]  Acc_iter 12025       Data time: 0.44(0.44)  Forward time: 0.19(0.19)  Batch time: 0.63(0.63)
2026-04-29 00:15:52,539   INFO  Train:   73/80 ( 91%) [  25/167 ( 15%)]  Loss: 0.4421 (0.504)  LR: 1.937e-04  Time cost: 00:03/00:17 [21:46/02:37]  Acc_iter 12050       Data time: 0.01(0.02)  Forward time: 0.09(0.10)  Batch time: 0.10(0.12)
2026-04-29 00:15:57,562   INFO  Train:   73/80 ( 91%) [  75/167 ( 45%)]  Loss: 0.6583 (0.498)  LR: 1.795e-04  Time cost: 00:08/00:09 [21:51/02:15]  Acc_iter 12100       Data time: 0.01(0.01)  Forward time: 0.09(0.09)  Batch time: 0.10(0.11)
2026-04-29 00:16:02,512   INFO  Train:   73/80 ( 91%) [ 125/167 ( 75%)]  Loss: 0.5428 (0.504)  LR: 1.658e-04  Time cost: 00:13/00:04 [21:56/02:05]  Acc_iter 12150       Data time: 0.01(0.01)  Forward time: 0.09(0.09)  Batch time: 0.10(0.10)
2026-04-29 00:16:02,644   INFO  
2026-04-29 00:16:06,623   INFO  Train:   73/80 ( 91%) [ 166/167 ( 99%)]  Loss: 0.6245 (0.509)  LR: 1.550e-04  Time cost: 00:17/00:00 [22:00/02:00]  Acc_iter 12191       Data time: 0.01(0.01)  Forward time: 0.06(0.09)  Batch time: 0.07(0.10)
2026-04-29 00:16:07,649   INFO  Train:   74/80 ( 92%) [   0/167 (  0%)]  Loss: 0.3919 (0.392)  LR: 1.547e-04  Time cost: 00:00/01:47 [22:01/12:35]  Acc_iter 12192       Data time: 0.44(0.44)  Forward time: 0.20(0.20)  Batch time: 0.64(0.64)
2026-04-29 00:16:08,433   INFO  Train:   74/80 ( 92%) [   8/167 (  5%)]  Loss: 0.7671 (0.541)  LR: 1.526e-04  Time cost: 00:01/00:25 [22:02/03:04]  Acc_iter 12200       Data time: 0.01(0.06)  Forward time: 0.10(0.10)  Batch time: 0.11(0.16)
2026-04-29 00:16:13,611   INFO  Train:   74/80 ( 92%) [  58/167 ( 35%)]  Loss: 0.6063 (0.514)  LR: 1.400e-04  Time cost: 00:06/00:12 [22:07/02:04]  Acc_iter 12250       Data time: 0.01(0.02)  Forward time: 0.09(0.10)  Batch time: 0.10(0.11)
2026-04-29 00:16:18,721   INFO  Train:   74/80 ( 92%) [ 108/167 ( 65%)]  Loss: 0.3909 (0.517)  LR: 1.279e-04  Time cost: 00:11/00:06 [22:12/01:54]  Acc_iter 12300       Data time: 0.01(0.01)  Forward time: 0.09(0.10)  Batch time: 0.10(0.11)
2026-04-29 00:16:18,850   INFO  
2026-04-29 00:16:23,997   INFO  Train:   74/80 ( 92%) [ 158/167 ( 95%)]  Loss: 0.6017 (0.517)  LR: 1.162e-04  Time cost: 00:16/00:00 [22:18/01:48]  Acc_iter 12350       Data time: 0.01(0.01)  Forward time: 0.09(0.09)  Batch time: 0.10(0.11)
2026-04-29 00:16:24,722   INFO  Train:   74/80 ( 92%) [ 166/167 ( 99%)]  Loss: 0.4267 (0.513)  LR: 1.144e-04  Time cost: 00:17/00:00 [22:18/01:46]  Acc_iter 12358       Data time: 0.01(0.01)  Forward time: 0.06(0.09)  Batch time: 0.07(0.11)
2026-04-29 00:16:25,642   INFO  Train:   75/80 ( 94%) [   0/167 (  0%)]  Loss: 0.2415 (0.241)  LR: 1.142e-04  Time cost: 00:00/01:31 [22:19/09:09]  Acc_iter 12359       Data time: 0.31(0.31)  Forward time: 0.24(0.24)  Batch time: 0.55(0.55)
2026-04-29 00:16:29,851   INFO  Train:   75/80 ( 94%) [  41/167 ( 25%)]  Loss: 0.5024 (0.501)  LR: 1.052e-04  Time cost: 00:04/00:14 [22:23/01:48]  Acc_iter 12400       Data time: 0.01(0.02)  Forward time: 0.10(0.10)  Batch time: 0.11(0.11)
2026-04-29 00:16:34,903   INFO  Train:   75/80 ( 94%) [  91/167 ( 54%)]  Loss: 0.4270 (0.505)  LR: 9.462e-05  Time cost: 00:09/00:08 [22:28/01:37]  Acc_iter 12450       Data time: 0.01(0.01)  Forward time: 0.08(0.09)  Batch time: 0.09(0.11)
2026-04-29 00:16:35,039   INFO  
2026-04-29 00:16:40,136   INFO  Train:   75/80 ( 94%) [ 141/167 ( 84%)]  Loss: 0.5297 (0.495)  LR: 8.462e-05  Time cost: 00:15/00:02 [22:34/01:31]  Acc_iter 12500       Data time: 0.01(0.01)  Forward time: 0.09(0.09)  Batch time: 0.09(0.11)
2026-04-29 00:16:42,553   INFO  Train:   75/80 ( 94%) [ 166/167 ( 99%)]  Loss: 0.5738 (0.493)  LR: 7.982e-05  Time cost: 00:17/00:00 [22:36/01:27]  Acc_iter 12525       Data time: 0.01(0.01)  Forward time: 0.06(0.09)  Batch time: 0.07(0.10)
2026-04-29 00:16:43,554   INFO  Train:   76/80 ( 95%) [   0/167 (  0%)]  Loss: 0.5432 (0.543)  LR: 7.963e-05  Time cost: 00:00/01:44 [22:37/08:43]  Acc_iter 12526       Data time: 0.45(0.45)  Forward time: 0.17(0.17)  Batch time: 0.62(0.62)
2026-04-29 00:16:45,916   INFO  Train:   76/80 ( 95%) [  24/167 ( 14%)]  Loss: 0.3080 (0.437)  LR: 7.516e-05  Time cost: 00:02/00:17 [22:39/01:36]  Acc_iter 12550       Data time: 0.01(0.03)  Forward time: 0.08(0.09)  Batch time: 0.09(0.12)
2026-04-29 00:16:51,000   INFO  Train:   76/80 ( 95%) [  74/167 ( 44%)]  Loss: 0.4124 (0.457)  LR: 6.625e-05  Time cost: 00:08/00:10 [22:45/01:21]  Acc_iter 12600       Data time: 0.01(0.01)  Forward time: 0.09(0.09)  Batch time: 0.10(0.11)
2026-04-29 00:16:51,141   INFO  
2026-04-29 00:16:56,124   INFO  Train:   76/80 ( 95%) [ 124/167 ( 74%)]  Loss: 0.6718 (0.465)  LR: 5.789e-05  Time cost: 00:13/00:04 [22:50/01:15]  Acc_iter 12650       Data time: 0.01(0.01)  Forward time: 0.09(0.09)  Batch time: 0.10(0.11)
2026-04-29 00:17:00,271   INFO  Train:   76/80 ( 95%) [ 166/167 ( 99%)]  Loss: 0.7428 (0.481)  LR: 5.129e-05  Time cost: 00:17/00:00 [22:54/01:09]  Acc_iter 12692       Data time: 0.01(0.01)  Forward time: 0.07(0.09)  Batch time: 0.08(0.10)
2026-04-29 00:17:01,269   INFO  Train:   77/80 ( 96%) [   0/167 (  0%)]  Loss: 0.5337 (0.534)  LR: 5.114e-05  Time cost: 00:00/01:42 [22:55/06:48]  Acc_iter 12693       Data time: 0.32(0.32)  Forward time: 0.29(0.29)  Batch time: 0.61(0.61)
2026-04-29 00:17:02,029   INFO  Train:   77/80 ( 96%) [   7/167 (  4%)]  Loss: 0.7098 (0.530)  LR: 5.008e-05  Time cost: 00:01/00:27 [22:56/01:53]  Acc_iter 12700       Data time: 0.01(0.05)  Forward time: 0.11(0.12)  Batch time: 0.12(0.17)
2026-04-29 00:17:07,111   INFO  Train:   77/80 ( 96%) [  57/167 ( 34%)]  Loss: 0.6412 (0.521)  LR: 4.283e-05  Time cost: 00:06/00:12 [23:01/01:07]  Acc_iter 12750       Data time: 0.01(0.01)  Forward time: 0.09(0.10)  Batch time: 0.10(0.11)
2026-04-29 00:17:07,240   INFO  
2026-04-29 00:17:12,367   INFO  Train:   77/80 ( 96%) [ 107/167 ( 64%)]  Loss: 0.3689 (0.503)  LR: 3.614e-05  Time cost: 00:11/00:06 [23:06/01:00]  Acc_iter 12800       Data time: 0.01(0.01)  Forward time: 0.10(0.10)  Batch time: 0.11(0.11)
2026-04-29 00:17:17,569   INFO  Train:   77/80 ( 96%) [ 157/167 ( 94%)]  Loss: 0.3625 (0.504)  LR: 3.001e-05  Time cost: 00:16/00:01 [23:11/00:54]  Acc_iter 12850       Data time: 0.01(0.01)  Forward time: 0.11(0.10)  Batch time: 0.12(0.11)
2026-04-29 00:17:18,418   INFO  Train:   77/80 ( 96%) [ 166/167 ( 99%)]  Loss: 0.5459 (0.504)  LR: 2.897e-05  Time cost: 00:17/00:00 [23:12/00:53]  Acc_iter 12859       Data time: 0.01(0.01)  Forward time: 0.07(0.09)  Batch time: 0.08(0.11)
2026-04-29 00:17:19,454   INFO  Train:   78/80 ( 98%) [   0/167 (  0%)]  Loss: 0.4898 (0.490)  LR: 2.885e-05  Time cost: 00:00/01:49 [23:13/05:29]  Acc_iter 12860       Data time: 0.46(0.46)  Forward time: 0.19(0.19)  Batch time: 0.65(0.65)
2026-04-29 00:17:23,631   INFO  Train:   78/80 ( 98%) [  40/167 ( 24%)]  Loss: 0.5547 (0.505)  LR: 2.445e-05  Time cost: 00:04/00:14 [23:17/00:54]  Acc_iter 12900       Data time: 0.01(0.02)  Forward time: 0.09(0.10)  Batch time: 0.10(0.12)
2026-04-29 00:17:23,763   INFO  
2026-04-29 00:17:28,877   INFO  Train:   78/80 ( 98%) [  90/167 ( 54%)]  Loss: 0.5421 (0.507)  LR: 1.945e-05  Time cost: 00:10/00:08 [23:22/00:45]  Acc_iter 12950       Data time: 0.01(0.02)  Forward time: 0.09(0.10)  Batch time: 0.10(0.11)
2026-04-29 00:17:33,963   INFO  Train:   78/80 ( 98%) [ 140/167 ( 84%)]  Loss: 0.5036 (0.501)  LR: 1.502e-05  Time cost: 00:15/00:02 [23:27/00:38]  Acc_iter 13000       Data time: 0.01(0.01)  Forward time: 0.09(0.09)  Batch time: 0.10(0.11)
2026-04-29 00:17:36,477   INFO  Train:   78/80 ( 98%) [ 166/167 ( 99%)]  Loss: 0.3626 (0.495)  LR: 1.294e-05  Time cost: 00:17/00:00 [23:30/00:35]  Acc_iter 13026       Data time: 0.01(0.01)  Forward time: 0.06(0.09)  Batch time: 0.07(0.11)
2026-04-29 00:17:37,392   INFO  Train:   79/80 ( 99%) [   0/167 (  0%)]  Loss: 0.3775 (0.377)  LR: 1.286e-05  Time cost: 00:00/01:30 [23:31/03:01]  Acc_iter 13027       Data time: 0.27(0.27)  Forward time: 0.27(0.27)  Batch time: 0.54(0.54)
2026-04-29 00:17:39,767   INFO  Train:   79/80 ( 99%) [  23/167 ( 14%)]  Loss: 0.4441 (0.463)  LR: 1.116e-05  Time cost: 00:02/00:17 [23:33/00:37]  Acc_iter 13050       Data time: 0.01(0.02)  Forward time: 0.08(0.10)  Batch time: 0.09(0.12)
2026-04-29 00:17:39,901   INFO  
2026-04-29 00:17:45,014   INFO  Train:   79/80 ( 99%) [  73/167 ( 44%)]  Loss: 0.7637 (0.477)  LR: 7.870e-06  Time cost: 00:08/00:10 [23:39/00:28]  Acc_iter 13100       Data time: 0.01(0.01)  Forward time: 0.11(0.10)  Batch time: 0.12(0.11)
2026-04-29 00:17:50,047   INFO  Train:   79/80 ( 99%) [ 123/167 ( 74%)]  Loss: 0.5685 (0.485)  LR: 5.156e-06  Time cost: 00:13/00:04 [23:44/00:22]  Acc_iter 13150       Data time: 0.01(0.01)  Forward time: 0.10(0.09)  Batch time: 0.11(0.11)
2026-04-29 00:17:54,251   INFO  Train:   79/80 ( 99%) [ 166/167 ( 99%)]  Loss: 0.3303 (0.492)  LR: 3.280e-06  Time cost: 00:17/00:00 [23:48/00:17]  Acc_iter 13193       Data time: 0.01(0.01)  Forward time: 0.06(0.09)  Batch time: 0.07(0.10)
2026-04-29 00:17:55,247   INFO  Train:   80/80 (100%) [   0/167 (  0%)]  Loss: 0.3575 (0.357)  LR: 3.242e-06  Time cost: 00:00/01:44 [23:49/01:44]  Acc_iter 13194       Data time: 0.45(0.45)  Forward time: 0.17(0.17)  Batch time: 0.62(0.62)
2026-04-29 00:17:55,860   INFO  Train:   80/80 (100%) [   6/167 (  4%)]  Loss: 0.7830 (0.503)  LR: 3.015e-06  Time cost: 00:01/00:28 [23:49/00:28]  Acc_iter 13200       Data time: 0.00(0.07)  Forward time: 0.11(0.11)  Batch time: 0.11(0.18)
2026-04-29 00:17:55,994   INFO  
2026-04-29 00:18:01,361   INFO  Train:   80/80 (100%) [  56/167 ( 34%)]  Loss: 0.3930 (0.504)  LR: 1.449e-06  Time cost: 00:06/00:13 [23:55/00:13]  Acc_iter 13250       Data time: 0.01(0.02)  Forward time: 0.09(0.10)  Batch time: 0.10(0.12)
2026-04-29 00:18:06,610   INFO  Train:   80/80 (100%) [ 106/167 ( 63%)]  Loss: 0.5401 (0.496)  LR: 4.586e-07  Time cost: 00:11/00:06 [24:00/00:06]  Acc_iter 13300       Data time: 0.01(0.01)  Forward time: 0.09(0.10)  Batch time: 0.10(0.11)
2026-04-29 00:18:11,918   INFO  Train:   80/80 (100%) [ 156/167 ( 93%)]  Loss: 0.5612 (0.496)  LR: 4.394e-08  Time cost: 00:17/00:01 [24:05/00:01]  Acc_iter 13350       Data time: 0.01(0.01)  Forward time: 0.10(0.10)  Batch time: 0.11(0.11)
2026-04-29 00:18:12,050   INFO  
2026-04-29 00:18:12,979   INFO  Train:   80/80 (100%) [ 166/167 ( 99%)]  Loss: 0.4981 (0.497)  LR: 3.012e-08  Time cost: 00:18/00:00 [24:06/00:00]  Acc_iter 13360       Data time: 0.01(0.01)  Forward time: 0.07(0.10)  Batch time: 0.08(0.11)
2026-04-29 00:18:13,171   INFO  **********************End training OpenPCDet/tools/cfgs/kitti_models/second_nuscenes(default)**********************



2026-04-29 00:18:13,171   INFO  **********************Start evaluation OpenPCDet/tools/cfgs/kitti_models/second_nuscenes(default)**********************
2026-04-29 00:18:13,171   INFO  Loading NuScenes dataset
2026-04-29 00:18:13,175   INFO  Total samples for NuScenes dataset: 81
