2026-04-27 14:52:40,761   INFO  **********************Start logging**********************
2026-04-27 14:52:40,761   INFO  CUDA_VISIBLE_DEVICES=ALL
2026-04-27 14:52:40,761   INFO  Training with a single process
2026-04-27 14:52:40,762   INFO  cfg_file         /OpenPCDet/tools/cfgs/kitti_models/second_nuscenes.yaml
2026-04-27 14:52:40,762   INFO  batch_size       4
2026-04-27 14:52:40,762   INFO  epochs           80
2026-04-27 14:52:40,762   INFO  workers          4
2026-04-27 14:52:40,762   INFO  extra_tag        default
2026-04-27 14:52:40,762   INFO  ckpt             None
2026-04-27 14:52:40,762   INFO  pretrained_model /OpenPCDet/pcdet/models/pth/second_7862.pth
2026-04-27 14:52:40,762   INFO  launcher         none
2026-04-27 14:52:40,762   INFO  tcp_port         18888
2026-04-27 14:52:40,762   INFO  sync_bn          False
2026-04-27 14:52:40,762   INFO  fix_random_seed  False
2026-04-27 14:52:40,762   INFO  ckpt_save_interval 1
2026-04-27 14:52:40,762   INFO  local_rank       None
2026-04-27 14:52:40,762   INFO  max_ckpt_save_num 30
2026-04-27 14:52:40,762   INFO  merge_all_iters_to_one_epoch False
2026-04-27 14:52:40,762   INFO  set_cfgs         None
2026-04-27 14:52:40,762   INFO  max_waiting_mins 0
2026-04-27 14:52:40,762   INFO  start_epoch      0
2026-04-27 14:52:40,762   INFO  num_epochs_to_eval 0
2026-04-27 14:52:40,762   INFO  save_to_file     False
2026-04-27 14:52:40,762   INFO  use_tqdm_to_record False
2026-04-27 14:52:40,762   INFO  logger_iter_interval 50
2026-04-27 14:52:40,762   INFO  ckpt_save_time_interval 300
2026-04-27 14:52:40,762   INFO  wo_gpu_stat      False
2026-04-27 14:52:40,762   INFO  use_amp          False
2026-04-27 14:52:40,762   INFO  cfg.ROOT_DIR: /OpenPCDet
2026-04-27 14:52:40,762   INFO  cfg.LOCAL_RANK: 0
2026-04-27 14:52:40,763   INFO  cfg.CLASS_NAMES: ['car', 'pedestrian', 'bicycle']
2026-04-27 14:52:40,763   INFO  ----------- DATA_CONFIG -----------
2026-04-27 14:52:40,763   INFO  cfg.DATA_CONFIG.DATASET: NuScenesDataset
2026-04-27 14:52:40,763   INFO  cfg.DATA_CONFIG.DATA_PATH: /OpenPCDet/datasets/nuscenes
2026-04-27 14:52:40,763   INFO  cfg.DATA_CONFIG.VERSION: v1.0-mini
2026-04-27 14:52:40,763   INFO  cfg.DATA_CONFIG.MAX_SWEEPS: 1
2026-04-27 14:52:40,763   INFO  cfg.DATA_CONFIG.PRED_VELOCITY: False
2026-04-27 14:52:40,763   INFO  cfg.DATA_CONFIG.SET_NAN_VELOCITY_TO_ZEROS: True
2026-04-27 14:52:40,763   INFO  cfg.DATA_CONFIG.FILTER_MIN_POINTS_IN_GT: 1
2026-04-27 14:52:40,763   INFO  ----------- DATA_SPLIT -----------
2026-04-27 14:52:40,763   INFO  cfg.DATA_CONFIG.DATA_SPLIT.train: train
2026-04-27 14:52:40,763   INFO  cfg.DATA_CONFIG.DATA_SPLIT.test: val
2026-04-27 14:52:40,763   INFO  ----------- INFO_PATH -----------
2026-04-27 14:52:40,763   INFO  cfg.DATA_CONFIG.INFO_PATH.train: ['nuscenes_infos_10sweeps_train.pkl']
2026-04-27 14:52:40,763   INFO  cfg.DATA_CONFIG.INFO_PATH.test: ['nuscenes_infos_10sweeps_val.pkl']
2026-04-27 14:52:40,763   INFO  cfg.DATA_CONFIG.POINT_CLOUD_RANGE: [-51.2, -51.2, -5.0, 51.2, 51.2, 3.0]
2026-04-27 14:52:40,763   INFO  cfg.DATA_CONFIG.BALANCED_RESAMPLING: True
2026-04-27 14:52:40,763   INFO  ----------- DATA_AUGMENTOR -----------
2026-04-27 14:52:40,763   INFO  cfg.DATA_CONFIG.DATA_AUGMENTOR.DISABLE_AUG_LIST: ['placeholder']
2026-04-27 14:52:40,763   INFO  cfg.DATA_CONFIG.DATA_AUGMENTOR.AUG_CONFIG_LIST: [{'NAME': 'gt_sampling', 'DB_INFO_PATH': ['nuscenes_dbinfos_10sweeps_withvelo.pkl'], 'PREPARE': {'filter_by_min_points': ['car:5', 'truck:5', 'construction_vehicle:5', 'bus:5', 'trailer:5', 'barrier:5', 'motorcycle:5', 'bicycle:5', 'pedestrian:5', 'traffic_cone:5']}, 'SAMPLE_GROUPS': ['car:2', 'truck:3', 'construction_vehicle:7', 'bus:4', 'trailer:6', 'barrier:2', 'motorcycle:6', 'bicycle:6', 'pedestrian:2', 'traffic_cone:2'], 'NUM_POINT_FEATURES': 5, 'DATABASE_WITH_FAKELIDAR': False, 'REMOVE_EXTRA_WIDTH': [0.0, 0.0, 0.0], 'LIMIT_WHOLE_SCENE': True}, {'NAME': 'random_world_flip', 'ALONG_AXIS_LIST': ['x', 'y']}, {'NAME': 'random_world_rotation', 'WORLD_ROT_ANGLE': [-0.3925, 0.3925]}, {'NAME': 'random_world_scaling', 'WORLD_SCALE_RANGE': [0.95, 1.05]}]
2026-04-27 14:52:40,763   INFO  ----------- POINT_FEATURE_ENCODING -----------
2026-04-27 14:52:40,763   INFO  cfg.DATA_CONFIG.POINT_FEATURE_ENCODING.encoding_type: absolute_coordinates_encoding
2026-04-27 14:52:40,763   INFO  cfg.DATA_CONFIG.POINT_FEATURE_ENCODING.used_feature_list: ['x', 'y', 'z', 'intensity', 'timestamp']
2026-04-27 14:52:40,763   INFO  cfg.DATA_CONFIG.POINT_FEATURE_ENCODING.src_feature_list: ['x', 'y', 'z', 'intensity', 'timestamp']
2026-04-27 14:52:40,763   INFO  cfg.DATA_CONFIG.DATA_PROCESSOR: [{'NAME': 'mask_points_and_boxes_outside_range', 'REMOVE_OUTSIDE_BOXES': True}, {'NAME': 'shuffle_points', 'SHUFFLE_ENABLED': {'train': True, 'test': True}}, {'NAME': 'transform_points_to_voxels', 'VOXEL_SIZE': [0.1, 0.1, 0.2], 'MAX_POINTS_PER_VOXEL': 100, 'MAX_NUMBER_OF_VOXELS': {'train': 600000, 'test': 60000}}]
2026-04-27 14:52:40,763   INFO  cfg.DATA_CONFIG._BASE_CONFIG_: cfgs/dataset_configs/nuscenes_dataset.yaml
2026-04-27 14:52:40,763   INFO  ----------- MODEL -----------
2026-04-27 14:52:40,763   INFO  cfg.MODEL.NAME: SECONDNet
2026-04-27 14:52:40,763   INFO  ----------- VFE -----------
2026-04-27 14:52:40,763   INFO  cfg.MODEL.VFE.NAME: MeanVFE
2026-04-27 14:52:40,763   INFO  ----------- BACKBONE_3D -----------
2026-04-27 14:52:40,763   INFO  cfg.MODEL.BACKBONE_3D.NAME: VoxelBackBone8xSECOND
2026-04-27 14:52:40,763   INFO  ----------- MAP_TO_BEV -----------
2026-04-27 14:52:40,763   INFO  cfg.MODEL.MAP_TO_BEV.NAME: HeightCompression
2026-04-27 14:52:40,763   INFO  cfg.MODEL.MAP_TO_BEV.NUM_BEV_FEATURES: 256
2026-04-27 14:52:40,764   INFO  ----------- BACKBONE_2D -----------
2026-04-27 14:52:40,764   INFO  cfg.MODEL.BACKBONE_2D.NAME: BaseBEVBackbone
2026-04-27 14:52:40,764   INFO  cfg.MODEL.BACKBONE_2D.LAYER_NUMS: [5, 5]
2026-04-27 14:52:40,764   INFO  cfg.MODEL.BACKBONE_2D.LAYER_STRIDES: [1, 2]
2026-04-27 14:52:40,764   INFO  cfg.MODEL.BACKBONE_2D.NUM_FILTERS: [128, 256]
2026-04-27 14:52:40,764   INFO  cfg.MODEL.BACKBONE_2D.UPSAMPLE_STRIDES: [1, 2]
2026-04-27 14:52:40,764   INFO  cfg.MODEL.BACKBONE_2D.NUM_UPSAMPLE_FILTERS: [256, 256]
2026-04-27 14:52:40,764   INFO  ----------- DENSE_HEAD -----------
2026-04-27 14:52:40,764   INFO  cfg.MODEL.DENSE_HEAD.NAME: AnchorHeadSingle
2026-04-27 14:52:40,764   INFO  cfg.MODEL.DENSE_HEAD.CLASS_AGNOSTIC: False
2026-04-27 14:52:40,764   INFO  cfg.MODEL.DENSE_HEAD.USE_DIRECTION_CLASSIFIER: True
2026-04-27 14:52:40,764   INFO  cfg.MODEL.DENSE_HEAD.DIR_OFFSET: 0.78539
2026-04-27 14:52:40,764   INFO  cfg.MODEL.DENSE_HEAD.DIR_LIMIT_OFFSET: 0.0
2026-04-27 14:52:40,764   INFO  cfg.MODEL.DENSE_HEAD.NUM_DIR_BINS: 2
2026-04-27 14:52:40,764   INFO  cfg.MODEL.DENSE_HEAD.ANCHOR_GENERATOR_CONFIG: [{'class_name': 'car', 'anchor_sizes': [[3.9, 1.6, 1.56]], 'anchor_rotations': [0, 1.57], 'anchor_bottom_heights': [-1.78], 'align_center': False, 'feature_map_stride': 8, 'matched_threshold': 0.6, 'unmatched_threshold': 0.45}, {'class_name': 'pedestrian', 'anchor_sizes': [[0.8, 0.6, 1.73]], 'anchor_rotations': [0, 1.57], 'anchor_bottom_heights': [-0.6], 'align_center': False, 'feature_map_stride': 8, 'matched_threshold': 0.5, 'unmatched_threshold': 0.35}, {'class_name': 'bicycle', 'anchor_sizes': [[1.76, 0.6, 1.73]], 'anchor_rotations': [0, 1.57], 'anchor_bottom_heights': [-0.6], 'align_center': False, 'feature_map_stride': 8, 'matched_threshold': 0.5, 'unmatched_threshold': 0.35}]
2026-04-27 14:52:40,764   INFO  ----------- TARGET_ASSIGNER_CONFIG -----------
2026-04-27 14:52:40,764   INFO  cfg.MODEL.DENSE_HEAD.TARGET_ASSIGNER_CONFIG.NAME: AxisAlignedTargetAssigner
2026-04-27 14:52:40,764   INFO  cfg.MODEL.DENSE_HEAD.TARGET_ASSIGNER_CONFIG.POS_FRACTION: -1.0
2026-04-27 14:52:40,764   INFO  cfg.MODEL.DENSE_HEAD.TARGET_ASSIGNER_CONFIG.SAMPLE_SIZE: 512
2026-04-27 14:52:40,764   INFO  cfg.MODEL.DENSE_HEAD.TARGET_ASSIGNER_CONFIG.NORM_BY_NUM_EXAMPLES: False
2026-04-27 14:52:40,764   INFO  cfg.MODEL.DENSE_HEAD.TARGET_ASSIGNER_CONFIG.MATCH_HEIGHT: False
2026-04-27 14:52:40,764   INFO  cfg.MODEL.DENSE_HEAD.TARGET_ASSIGNER_CONFIG.BOX_CODER: ResidualCoder
2026-04-27 14:52:40,764   INFO  ----------- LOSS_CONFIG -----------
2026-04-27 14:52:40,764   INFO  ----------- LOSS_WEIGHTS -----------
2026-04-27 14:52:40,764   INFO  cfg.MODEL.DENSE_HEAD.LOSS_CONFIG.LOSS_WEIGHTS.cls_weight: 1.0
2026-04-27 14:52:40,764   INFO  cfg.MODEL.DENSE_HEAD.LOSS_CONFIG.LOSS_WEIGHTS.loc_weight: 2.0
2026-04-27 14:52:40,764   INFO  cfg.MODEL.DENSE_HEAD.LOSS_CONFIG.LOSS_WEIGHTS.dir_weight: 0.2
2026-04-27 14:52:40,764   INFO  cfg.MODEL.DENSE_HEAD.LOSS_CONFIG.LOSS_WEIGHTS.code_weights: [1.0, 1.0, 1.0, 1.0, 1.0, 1.0, 1.0]
2026-04-27 14:52:40,764   INFO  ----------- POST_PROCESSING -----------
2026-04-27 14:52:40,764   INFO  cfg.MODEL.POST_PROCESSING.RECALL_THRESH_LIST: [0.3, 0.5, 0.7]
2026-04-27 14:52:40,764   INFO  cfg.MODEL.POST_PROCESSING.SCORE_THRESH: 0.11
2026-04-27 14:52:40,764   INFO  cfg.MODEL.POST_PROCESSING.OUTPUT_RAW_SCORE: False
2026-04-27 14:52:40,764   INFO  cfg.MODEL.POST_PROCESSING.EVAL_METRIC: nuscenes
2026-04-27 14:52:40,764   INFO  ----------- NMS_CONFIG -----------
2026-04-27 14:52:40,764   INFO  cfg.MODEL.POST_PROCESSING.NMS_CONFIG.MULTI_CLASSES_NMS: False
2026-04-27 14:52:40,765   INFO  cfg.MODEL.POST_PROCESSING.NMS_CONFIG.NMS_TYPE: nms_gpu
2026-04-27 14:52:40,765   INFO  cfg.MODEL.POST_PROCESSING.NMS_CONFIG.NMS_THRESH: 0.01
2026-04-27 14:52:40,765   INFO  cfg.MODEL.POST_PROCESSING.NMS_CONFIG.NMS_PRE_MAXSIZE: 4096
2026-04-27 14:52:40,765   INFO  cfg.MODEL.POST_PROCESSING.NMS_CONFIG.NMS_POST_MAXSIZE: 500
2026-04-27 14:52:40,765   INFO  ----------- OPTIMIZATION -----------
2026-04-27 14:52:40,765   INFO  cfg.OPTIMIZATION.BATCH_SIZE_PER_GPU: 4
2026-04-27 14:52:40,765   INFO  cfg.OPTIMIZATION.NUM_EPOCHS: 80
2026-04-27 14:52:40,765   INFO  cfg.OPTIMIZATION.OPTIMIZER: adam_onecycle
2026-04-27 14:52:40,765   INFO  cfg.OPTIMIZATION.LR: 0.003
2026-04-27 14:52:40,765   INFO  cfg.OPTIMIZATION.WEIGHT_DECAY: 0.01
2026-04-27 14:52:40,765   INFO  cfg.OPTIMIZATION.MOMENTUM: 0.9
2026-04-27 14:52:40,765   INFO  cfg.OPTIMIZATION.MOMS: [0.95, 0.85]
2026-04-27 14:52:40,765   INFO  cfg.OPTIMIZATION.PCT_START: 0.4
2026-04-27 14:52:40,765   INFO  cfg.OPTIMIZATION.DIV_FACTOR: 10
2026-04-27 14:52:40,765   INFO  cfg.OPTIMIZATION.DECAY_STEP_LIST: [35, 45]
2026-04-27 14:52:40,765   INFO  cfg.OPTIMIZATION.LR_DECAY: 0.1
2026-04-27 14:52:40,765   INFO  cfg.OPTIMIZATION.LR_CLIP: 1e-07
2026-04-27 14:52:40,765   INFO  cfg.OPTIMIZATION.LR_WARMUP: False
2026-04-27 14:52:40,765   INFO  cfg.OPTIMIZATION.WARMUP_EPOCH: 1
2026-04-27 14:52:40,765   INFO  cfg.OPTIMIZATION.GRAD_NORM_CLIP: 10
2026-04-27 14:52:40,765   INFO  cfg.TAG: second_nuscenes
2026-04-27 14:52:40,765   INFO  cfg.EXP_GROUP_PATH: OpenPCDet/tools/cfgs/kitti_models
2026-04-27 14:52:40,769   INFO  ----------- Create dataloader & network & optimizer -----------
2026-04-27 14:52:40,801   INFO  Database filter by min points car: 4082 => 3303
2026-04-27 14:52:40,802   INFO  Database filter by min points bicycle: 147 => 136
2026-04-27 14:52:40,802   INFO  Database filter by min points pedestrian: 3068 => 2799
2026-04-27 14:52:40,806   INFO  Loading NuScenes dataset
2026-04-27 14:52:40,827   INFO  Total samples for NuScenes dataset: 323
2026-04-27 14:52:40,830   INFO  Total samples after balanced resampling: 667
2026-04-27 14:52:42,082   INFO  ==> Loading parameters from checkpoint /OpenPCDet/pcdet/models/pth/second_7862.pth to GPU
2026-04-27 14:52:42,113   INFO  ==> Done (loaded 163/163)
2026-04-27 14:52:42,114   INFO  ----------- Model SECONDNet created, param count: 5325576 -----------
2026-04-27 14:52:42,114   INFO  SECONDNet(
  (vfe): MeanVFE()
  (backbone_3d): VoxelBackBone8xSECOND(
    (conv_input): SparseSequential(
      (0): SubMConv3d(4, 16, kernel_size=[3, 3, 3], stride=[1, 1, 1], padding=[1, 1, 1], dilation=[1, 1, 1], output_padding=[0, 0, 0], bias=False, algo=ConvAlgo.MaskImplicitGemm)
      (1): BatchNorm1d(16, eps=0.001, momentum=0.01, affine=True, track_running_stats=True)
      (2): ReLU()
    )
    (conv1): SparseSequential(
      (0): SparseSequential(
        (0): SubMConv3d(16, 16, kernel_size=[3, 3, 3], stride=[1, 1, 1], padding=[0, 0, 0], dilation=[1, 1, 1], output_padding=[0, 0, 0], bias=False, algo=ConvAlgo.MaskImplicitGemm)
        (1): BatchNorm1d(16, eps=0.001, momentum=0.01, affine=True, track_running_stats=True)
        (2): ReLU()
      )
    )
    (conv2): SparseSequential(
      (0): SparseSequential(
        (0): SparseConv3d(16, 32, kernel_size=[3, 3, 3], stride=[2, 2, 2], padding=[1, 1, 1], dilation=[1, 1, 1], output_padding=[0, 0, 0], bias=False, algo=ConvAlgo.MaskImplicitGemm)
        (1): BatchNorm1d(32, eps=0.001, momentum=0.01, affine=True, track_running_stats=True)
        (2): ReLU()
      )
      (1): SparseSequential(
        (0): SubMConv3d(32, 32, kernel_size=[3, 3, 3], stride=[1, 1, 1], padding=[0, 0, 0], dilation=[1, 1, 1], output_padding=[0, 0, 0], bias=False, algo=ConvAlgo.MaskImplicitGemm)
        (1): BatchNorm1d(32, eps=0.001, momentum=0.01, affine=True, track_running_stats=True)
        (2): ReLU()
      )
      (2): SparseSequential(
        (0): SubMConv3d(32, 32, kernel_size=[3, 3, 3], stride=[1, 1, 1], padding=[0, 0, 0], dilation=[1, 1, 1], output_padding=[0, 0, 0], bias=False, algo=ConvAlgo.MaskImplicitGemm)
        (1): BatchNorm1d(32, eps=0.001, momentum=0.01, affine=True, track_running_stats=True)
        (2): ReLU()
      )
    )
    (conv3): SparseSequential(
      (0): SparseSequential(
        (0): SparseConv3d(32, 64, kernel_size=[3, 3, 3], stride=[2, 2, 2], padding=[1, 1, 1], dilation=[1, 1, 1], output_padding=[0, 0, 0], bias=False, algo=ConvAlgo.MaskImplicitGemm)
        (1): BatchNorm1d(64, eps=0.001, momentum=0.01, affine=True, track_running_stats=True)
        (2): ReLU()
      )
      (1): SparseSequential(
        (0): SubMConv3d(64, 64, kernel_size=[3, 3, 3], stride=[1, 1, 1], padding=[0, 0, 0], dilation=[1, 1, 1], output_padding=[0, 0, 0], bias=False, algo=ConvAlgo.MaskImplicitGemm)
        (1): BatchNorm1d(64, eps=0.001, momentum=0.01, affine=True, track_running_stats=True)
        (2): ReLU()
      )
      (2): SparseSequential(
        (0): SubMConv3d(64, 64, kernel_size=[3, 3, 3], stride=[1, 1, 1], padding=[0, 0, 0], dilation=[1, 1, 1], output_padding=[0, 0, 0], bias=False, algo=ConvAlgo.MaskImplicitGemm)
        (1): BatchNorm1d(64, eps=0.001, momentum=0.01, affine=True, track_running_stats=True)
        (2): ReLU()
      )
    )
    (conv4): SparseSequential(
      (0): SparseSequential(
        (0): SparseConv3d(64, 64, kernel_size=[3, 3, 3], stride=[2, 2, 2], padding=[0, 1, 1], dilation=[1, 1, 1], output_padding=[0, 0, 0], bias=False, algo=ConvAlgo.MaskImplicitGemm)
        (1): BatchNorm1d(64, eps=0.001, momentum=0.01, affine=True, track_running_stats=True)
        (2): ReLU()
      )
      (1): SparseSequential(
        (0): SubMConv3d(64, 64, kernel_size=[3, 3, 3], stride=[1, 1, 1], padding=[0, 0, 0], dilation=[1, 1, 1], output_padding=[0, 0, 0], bias=False, algo=ConvAlgo.MaskImplicitGemm)
        (1): BatchNorm1d(64, eps=0.001, momentum=0.01, affine=True, track_running_stats=True)
        (2): ReLU()
      )
      (2): SparseSequential(
        (0): SubMConv3d(64, 64, kernel_size=[3, 3, 3], stride=[1, 1, 1], padding=[0, 0, 0], dilation=[1, 1, 1], output_padding=[0, 0, 0], bias=False, algo=ConvAlgo.MaskImplicitGemm)
        (1): BatchNorm1d(64, eps=0.001, momentum=0.01, affine=True, track_running_stats=True)
        (2): ReLU()
      )
    )
    (conv_out): SparseSequential(
      (0): SparseConv3d(64, 128, kernel_size=[3, 1, 1], stride=[2, 1, 1], padding=[0, 0, 0], dilation=[1, 1, 1], output_padding=[0, 0, 0], bias=False, algo=ConvAlgo.MaskImplicitGemm)
      (1): BatchNorm1d(128, eps=0.001, momentum=0.01, affine=True, track_running_stats=True)
      (2): ReLU()
    )
  )
  (map_to_bev_module): HeightCompression()
  (pfe): None
  (backbone_2d): BaseBEVBackbone(
    (blocks): ModuleList(
      (0): Sequential(
        (0): ZeroPad2d((1, 1, 1, 1))
        (1): Conv2d(256, 128, kernel_size=(3, 3), stride=(1, 1), bias=False)
        (2): BatchNorm2d(128, eps=0.001, momentum=0.01, affine=True, track_running_stats=True)
        (3): ReLU()
        (4): Conv2d(128, 128, kernel_size=(3, 3), stride=(1, 1), padding=(1, 1), bias=False)
        (5): BatchNorm2d(128, eps=0.001, momentum=0.01, affine=True, track_running_stats=True)
        (6): ReLU()
        (7): Conv2d(128, 128, kernel_size=(3, 3), stride=(1, 1), padding=(1, 1), bias=False)
        (8): BatchNorm2d(128, eps=0.001, momentum=0.01, affine=True, track_running_stats=True)
        (9): ReLU()
        (10): Conv2d(128, 128, kernel_size=(3, 3), stride=(1, 1), padding=(1, 1), bias=False)
        (11): BatchNorm2d(128, eps=0.001, momentum=0.01, affine=True, track_running_stats=True)
        (12): ReLU()
        (13): Conv2d(128, 128, kernel_size=(3, 3), stride=(1, 1), padding=(1, 1), bias=False)
        (14): BatchNorm2d(128, eps=0.001, momentum=0.01, affine=True, track_running_stats=True)
        (15): ReLU()
        (16): Conv2d(128, 128, kernel_size=(3, 3), stride=(1, 1), padding=(1, 1), bias=False)
        (17): BatchNorm2d(128, eps=0.001, momentum=0.01, affine=True, track_running_stats=True)
        (18): ReLU()
      )
      (1): Sequential(
        (0): ZeroPad2d((1, 1, 1, 1))
        (1): Conv2d(128, 256, kernel_size=(3, 3), stride=(2, 2), bias=False)
        (2): BatchNorm2d(256, eps=0.001, momentum=0.01, affine=True, track_running_stats=True)
        (3): ReLU()
        (4): Conv2d(256, 256, kernel_size=(3, 3), stride=(1, 1), padding=(1, 1), bias=False)
        (5): BatchNorm2d(256, eps=0.001, momentum=0.01, affine=True, track_running_stats=True)
        (6): ReLU()
        (7): Conv2d(256, 256, kernel_size=(3, 3), stride=(1, 1), padding=(1, 1), bias=False)
        (8): BatchNorm2d(256, eps=0.001, momentum=0.01, affine=True, track_running_stats=True)
        (9): ReLU()
        (10): Conv2d(256, 256, kernel_size=(3, 3), stride=(1, 1), padding=(1, 1), bias=False)
        (11): BatchNorm2d(256, eps=0.001, momentum=0.01, affine=True, track_running_stats=True)
        (12): ReLU()
        (13): Conv2d(256, 256, kernel_size=(3, 3), stride=(1, 1), padding=(1, 1), bias=False)
        (14): BatchNorm2d(256, eps=0.001, momentum=0.01, affine=True, track_running_stats=True)
        (15): ReLU()
        (16): Conv2d(256, 256, kernel_size=(3, 3), stride=(1, 1), padding=(1, 1), bias=False)
        (17): BatchNorm2d(256, eps=0.001, momentum=0.01, affine=True, track_running_stats=True)
        (18): ReLU()
      )
    )
    (deblocks): ModuleList(
      (0): Sequential(
        (0): ConvTranspose2d(128, 256, kernel_size=(1, 1), stride=(1, 1), bias=False)
        (1): BatchNorm2d(256, eps=0.001, momentum=0.01, affine=True, track_running_stats=True)
        (2): ReLU()
      )
      (1): Sequential(
        (0): ConvTranspose2d(256, 256, kernel_size=(2, 2), stride=(2, 2), bias=False)
        (1): BatchNorm2d(256, eps=0.001, momentum=0.01, affine=True, track_running_stats=True)
        (2): ReLU()
      )
    )
  )
  (dense_head): AnchorHeadSingle(
    (cls_loss_func): SigmoidFocalClassificationLoss()
    (reg_loss_func): WeightedSmoothL1Loss()
    (dir_loss_func): WeightedCrossEntropyLoss()
    (conv_cls): Conv2d(512, 18, kernel_size=(1, 1), stride=(1, 1))
    (conv_box): Conv2d(512, 42, kernel_size=(1, 1), stride=(1, 1))
    (conv_dir_cls): Conv2d(512, 12, kernel_size=(1, 1), stride=(1, 1))
  )
  (point_head): None
  (roi_head): None
)
2026-04-27 14:52:42,116   INFO  **********************Start training OpenPCDet/tools/cfgs/kitti_models/second_nuscenes(default)**********************
2026-04-27 14:53:00,540   INFO  Train:    1/80 (  1%) [   0/167 (  0%)]  Loss: 3.773 (3.77)  LR: 3.000e-04  Time cost: 00:17/49:58 [00:18/66:37:41]  Acc_iter 1           Data time: 6.60(6.60)  Forward time: 11.35(11.35)  Batch time: 17.95(17.95)
2026-04-27 14:53:29,666   INFO  Train:    1/80 (  1%) [  49/167 ( 29%)]  Loss: 1.964 (2.63)  LR: 3.006e-04  Time cost: 00:47/01:51 [00:47/3:28:53]  Acc_iter 50          Data time: 0.17(0.31)  Forward time: 0.25(0.63)  Batch time: 0.42(0.94)
2026-04-27 14:54:02,382   INFO  Train:    1/80 (  1%) [  99/167 ( 59%)]  Loss: 2.273 (2.36)  LR: 3.023e-04  Time cost: 01:19/00:54 [01:20/2:56:21]  Acc_iter 100         Data time: 0.00(0.24)  Forward time: 0.57(0.56)  Batch time: 0.58(0.80)
2026-04-27 14:54:29,686   INFO  Train:    1/80 (  1%) [ 149/167 ( 89%)]  Loss: 2.051 (2.21)  LR: 3.052e-04  Time cost: 01:47/00:12 [01:47/2:37:12]  Acc_iter 150         Data time: 0.00(0.18)  Forward time: 0.53(0.53)  Batch time: 0.53(0.71)
2026-04-27 14:54:30,210   INFO  
2026-04-27 14:54:36,723   INFO  Train:    1/80 (  1%) [ 166/167 ( 99%)]  Loss: 1.555 (2.18)  LR: 3.064e-04  Time cost: 01:54/00:00 [01:54/2:30:17]  Acc_iter 167         Data time: 0.02(0.17)  Forward time: 0.11(0.51)  Batch time: 0.13(0.68)
2026-04-27 14:54:40,397   INFO  Train:    2/80 (  2%) [   0/167 (  0%)]  Loss: 1.672 (1.67)  LR: 3.065e-04  Time cost: 00:03/09:05 [01:58/11:57:40]  Acc_iter 168         Data time: 2.94(2.94)  Forward time: 0.31(0.31)  Batch time: 3.25(3.25)
2026-04-27 14:54:58,002   INFO  Train:    2/80 (  2%) [  32/167 ( 19%)]  Loss: 1.564 (1.78)  LR: 3.092e-04  Time cost: 00:20/01:25 [02:15/2:18:42]  Acc_iter 200         Data time: 0.98(0.21)  Forward time: 0.41(0.42)  Batch time: 1.39(0.63)
2026-04-27 14:55:24,009   INFO  Train:    2/80 (  2%) [  82/167 ( 49%)]  Loss: 2.198 (1.79)  LR: 3.144e-04  Time cost: 00:46/00:48 [02:41/2:03:24]  Acc_iter 250         Data time: 0.24(0.13)  Forward time: 0.53(0.44)  Batch time: 0.77(0.56)
2026-04-27 14:55:50,467   INFO  Train:    2/80 (  2%) [ 132/167 ( 79%)]  Loss: 1.655 (1.76)  LR: 3.208e-04  Time cost: 01:13/00:19 [03:08/2:00:01]  Acc_iter 300         Data time: 0.02(0.10)  Forward time: 0.32(0.45)  Batch time: 0.34(0.55)
2026-04-27 14:55:51,005   INFO  
2026-04-27 14:56:06,324   INFO  Train:    2/80 (  2%) [ 166/167 ( 99%)]  Loss: 1.950 (1.73)  LR: 3.258e-04  Time cost: 01:29/00:00 [03:24/1:55:57]  Acc_iter 334         Data time: 0.01(0.09)  Forward time: 0.12(0.44)  Batch time: 0.13(0.53)
2026-04-27 14:56:10,819   INFO  Train:    3/80 (  4%) [   0/167 (  0%)]  Loss: 1.709 (1.71)  LR: 3.259e-04  Time cost: 00:04/11:14 [03:28/14:37:05]  Acc_iter 335         Data time: 3.79(3.79)  Forward time: 0.23(0.23)  Batch time: 4.03(4.03)
2026-04-27 14:56:17,705   INFO  Train:    3/80 (  4%) [  15/167 (  9%)]  Loss: 1.551 (1.61)  LR: 3.283e-04  Time cost: 00:10/01:43 [03:35/2:28:05]  Acc_iter 350         Data time: 0.00(0.25)  Forward time: 0.44(0.43)  Batch time: 0.45(0.68)
2026-04-27 14:56:44,392   INFO  Train:    3/80 (  4%) [  65/167 ( 39%)]  Loss: 1.463 (1.59)  LR: 3.370e-04  Time cost: 00:37/00:58 [04:02/2:03:06]  Acc_iter 400         Data time: 0.42(0.15)  Forward time: 0.33(0.42)  Batch time: 0.74(0.57)
2026-04-27 14:57:10,912   INFO  Train:    3/80 (  4%) [ 115/167 ( 69%)]  Loss: 1.730 (1.58)  LR: 3.468e-04  Time cost: 01:04/00:28 [04:28/1:58:58]  Acc_iter 450         Data time: 0.00(0.15)  Forward time: 0.52(0.40)  Batch time: 0.53(0.55)
2026-04-27 14:57:11,431   INFO  
2026-04-27 14:57:35,468   INFO  Train:    3/80 (  4%) [ 165/167 ( 99%)]  Loss: 1.640 (1.58)  LR: 3.577e-04  Time cost: 01:28/00:01 [04:53/1:54:31]  Acc_iter 500         Data time: 0.01(0.13)  Forward time: 0.15(0.41)  Batch time: 0.17(0.53)
2026-04-27 14:57:35,602   INFO  Train:    3/80 (  4%) [ 166/167 ( 99%)]  Loss: 0.9579 (1.58)  LR: 3.579e-04  Time cost: 01:28/00:00 [04:53/1:53:59]  Acc_iter 501         Data time: 0.02(0.13)  Forward time: 0.12(0.40)  Batch time: 0.14(0.53)
2026-04-27 14:57:39,550   INFO  Train:    4/80 (  5%) [   0/167 (  0%)]  Loss: 1.260 (1.26)  LR: 3.581e-04  Time cost: 00:03/09:44 [04:57/12:29:41]  Acc_iter 502         Data time: 3.03(3.03)  Forward time: 0.47(0.47)  Batch time: 3.50(3.50)
2026-04-27 14:58:05,335   INFO  Train:    4/80 (  5%) [  48/167 ( 29%)]  Loss: 1.260 (1.49)  LR: 3.697e-04  Time cost: 00:29/01:11 [05:23/2:07:36]  Acc_iter 550         Data time: 0.00(0.15)  Forward time: 0.52(0.44)  Batch time: 0.52(0.60)
2026-04-27 14:58:31,679   INFO  Train:    4/80 (  5%) [  98/167 ( 59%)]  Loss: 1.793 (1.49)  LR: 3.828e-04  Time cost: 00:55/00:38 [05:49/1:59:30]  Acc_iter 600         Data time: 0.00(0.09)  Forward time: 0.40(0.47)  Batch time: 0.40(0.56)
2026-04-27 14:58:32,321   INFO  
2026-04-27 14:58:58,346   INFO  Train:    4/80 (  5%) [ 148/167 ( 89%)]  Loss: 1.580 (1.48)  LR: 3.971e-04  Time cost: 01:22/00:10 [06:16/1:57:00]  Acc_iter 650         Data time: 0.02(0.07)  Forward time: 0.50(0.48)  Batch time: 0.51(0.55)
2026-04-27 14:59:05,834   INFO  Train:    4/80 (  5%) [ 166/167 ( 99%)]  Loss: 1.169 (1.47)  LR: 4.025e-04  Time cost: 01:29/00:00 [06:23/1:53:43]  Acc_iter 668         Data time: 0.01(0.07)  Forward time: 0.12(0.46)  Batch time: 0.13(0.54)
2026-04-27 14:59:09,762   INFO  Train:    5/80 (  6%) [   0/167 (  0%)]  Loss: 1.659 (1.66)  LR: 4.028e-04  Time cost: 00:03/09:39 [06:27/12:13:50]  Acc_iter 669         Data time: 2.91(2.91)  Forward time: 0.56(0.56)  Batch time: 3.47(3.47)
2026-04-27 14:59:25,967   INFO  Train:    5/80 (  6%) [  31/167 ( 19%)]  Loss: 1.639 (1.44)  LR: 4.124e-04  Time cost: 00:19/01:23 [06:43/2:09:44]  Acc_iter 700         Data time: 0.02(0.17)  Forward time: 0.56(0.45)  Batch time: 0.57(0.61)
2026-04-27 14:59:52,800   INFO  Train:    5/80 (  6%) [  81/167 ( 49%)]  Loss: 1.280 (1.38)  LR: 4.288e-04  Time cost: 00:46/00:48 [07:10/1:59:12]  Acc_iter 750         Data time: 0.02(0.12)  Forward time: 0.50(0.45)  Batch time: 0.52(0.57)
2026-04-27 14:59:53,309   INFO  
2026-04-27 15:00:19,335   INFO  Train:    5/80 (  6%) [ 131/167 ( 78%)]  Loss: 1.545 (1.40)  LR: 4.462e-04  Time cost: 01:13/00:19 [07:37/1:55:50]  Acc_iter 800         Data time: 0.06(0.09)  Forward time: 0.44(0.46)  Batch time: 0.50(0.55)
2026-04-27 15:00:35,696   INFO  Train:    5/80 (  6%) [ 166/167 ( 99%)]  Loss: 1.385 (1.40)  LR: 4.590e-04  Time cost: 01:29/00:00 [07:53/1:51:45]  Acc_iter 835         Data time: 0.02(0.09)  Forward time: 0.12(0.45)  Batch time: 0.13(0.54)
2026-04-27 15:00:39,234   INFO  Train:    6/80 (  8%) [   0/167 (  0%)]  Loss: 1.367 (1.37)  LR: 4.594e-04  Time cost: 00:03/08:32 [07:57/10:40:01]  Acc_iter 836         Data time: 2.53(2.53)  Forward time: 0.52(0.52)  Batch time: 3.05(3.05)
2026-04-27 15:00:47,080   INFO  Train:    6/80 (  8%) [  14/167 (  8%)]  Loss: 1.281 (1.40)  LR: 4.647e-04  Time cost: 00:10/01:51 [08:04/2:31:41]  Acc_iter 850         Data time: 0.02(0.30)  Forward time: 0.54(0.43)  Batch time: 0.56(0.73)
2026-04-27 15:01:13,585   INFO  Train:    6/80 (  8%) [  64/167 ( 38%)]  Loss: 1.327 (1.37)  LR: 4.842e-04  Time cost: 00:37/00:59 [08:31/1:59:33]  Acc_iter 900         Data time: 0.02(0.15)  Forward time: 0.39(0.43)  Batch time: 0.41(0.58)
2026-04-27 15:01:14,257   INFO  
2026-04-27 15:01:40,341   INFO  Train:    6/80 (  8%) [ 114/167 ( 68%)]  Loss: 1.364 (1.36)  LR: 5.047e-04  Time cost: 01:04/00:29 [08:58/1:55:25]  Acc_iter 950         Data time: 0.01(0.11)  Forward time: 0.51(0.45)  Batch time: 0.52(0.56)
2026-04-27 15:02:05,374   INFO  Train:    6/80 (  8%) [ 164/167 ( 98%)]  Loss: 1.521 (1.35)  LR: 5.262e-04  Time cost: 01:29/00:01 [09:23/1:51:22]  Acc_iter 1000        Data time: 0.02(0.09)  Forward time: 0.15(0.45)  Batch time: 0.17(0.54)
2026-04-27 15:02:05,679   INFO  Train:    6/80 (  8%) [ 166/167 ( 99%)]  Loss: 1.565 (1.35)  LR: 5.271e-04  Time cost: 01:29/00:00 [09:23/1:50:24]  Acc_iter 1002        Data time: 0.02(0.09)  Forward time: 0.12(0.45)  Batch time: 0.14(0.54)
2026-04-27 15:02:10,232   INFO  Train:    7/80 (  9%) [   0/167 (  0%)]  Loss: 1.090 (1.09)  LR: 5.275e-04  Time cost: 00:04/11:23 [09:28/14:02:50]  Acc_iter 1003        Data time: 3.87(3.87)  Forward time: 0.22(0.22)  Batch time: 4.08(4.08)
2026-04-27 15:02:34,815   INFO  Train:    7/80 (  9%) [  47/167 ( 28%)]  Loss: 1.158 (1.32)  LR: 5.487e-04  Time cost: 00:28/01:11 [09:52/2:02:34]  Acc_iter 1050        Data time: 0.00(0.16)  Forward time: 0.55(0.43)  Batch time: 0.56(0.60)
2026-04-27 15:02:35,363   INFO  
2026-04-27 15:03:01,205   INFO  Train:    7/80 (  9%) [  97/167 ( 58%)]  Loss: 1.107 (1.31)  LR: 5.721e-04  Time cost: 00:55/00:39 [10:19/1:54:49]  Acc_iter 1100        Data time: 0.02(0.13)  Forward time: 0.35(0.43)  Batch time: 0.37(0.56)
2026-04-27 15:03:27,699   INFO  Train:    7/80 (  9%) [ 147/167 ( 88%)]  Loss: 1.444 (1.29)  LR: 5.964e-04  Time cost: 01:21/00:11 [10:45/1:52:09]  Acc_iter 1150        Data time: 0.19(0.11)  Forward time: 0.52(0.44)  Batch time: 0.71(0.55)
2026-04-27 15:03:35,517   INFO  Train:    7/80 (  9%) [ 166/167 ( 99%)]  Loss: 1.334 (1.29)  LR: 6.059e-04  Time cost: 01:29/00:00 [10:53/1:48:45]  Acc_iter 1169        Data time: 0.01(0.10)  Forward time: 0.12(0.44)  Batch time: 0.13(0.54)
2026-04-27 15:03:39,594   INFO  Train:    8/80 ( 10%) [   0/167 (  0%)]  Loss: 1.207 (1.21)  LR: 6.064e-04  Time cost: 00:03/10:02 [10:57/12:13:08]  Acc_iter 1170        Data time: 3.05(3.05)  Forward time: 0.55(0.55)  Batch time: 3.61(3.61)
2026-04-27 15:03:55,170   INFO  Train:    8/80 ( 10%) [  30/167 ( 18%)]  Loss: 1.617 (1.31)  LR: 6.217e-04  Time cost: 00:19/01:24 [11:13/2:05:25]  Acc_iter 1200        Data time: 0.00(0.22)  Forward time: 0.47(0.40)  Batch time: 0.48(0.62)
2026-04-27 15:03:55,813   INFO  
2026-04-27 15:04:21,619   INFO  Train:    8/80 ( 10%) [  80/167 ( 48%)]  Loss: 1.092 (1.24)  LR: 6.479e-04  Time cost: 00:45/00:49 [11:39/1:53:43]  Acc_iter 1250        Data time: 0.02(0.11)  Forward time: 0.73(0.45)  Batch time: 0.75(0.56)
2026-04-27 15:04:48,347   INFO  Train:    8/80 ( 10%) [ 130/167 ( 78%)]  Loss: 1.346 (1.25)  LR: 6.749e-04  Time cost: 01:12/00:20 [12:06/1:51:02]  Acc_iter 1300        Data time: 0.02(0.10)  Forward time: 0.55(0.45)  Batch time: 0.57(0.55)
2026-04-27 15:05:05,265   INFO  Train:    8/80 ( 10%) [ 166/167 ( 99%)]  Loss: 1.421 (1.25)  LR: 6.948e-04  Time cost: 01:29/00:00 [12:23/1:47:08]  Acc_iter 1336        Data time: 0.01(0.09)  Forward time: 0.12(0.45)  Batch time: 0.13(0.53)
2026-04-27 15:05:09,304   INFO  Train:    9/80 ( 11%) [   0/167 (  0%)]  Loss: 1.347 (1.35)  LR: 6.954e-04  Time cost: 00:03/09:57 [12:27/11:57:02]  Acc_iter 1337        Data time: 3.04(3.04)  Forward time: 0.54(0.54)  Batch time: 3.58(3.58)
2026-04-27 15:05:16,137   INFO  Train:    9/80 ( 11%) [  13/167 (  8%)]  Loss: 1.120 (1.21)  LR: 7.027e-04  Time cost: 00:10/01:54 [12:34/2:28:52]  Acc_iter 1350        Data time: 0.01(0.32)  Forward time: 0.58(0.42)  Batch time: 0.59(0.74)
2026-04-27 15:05:16,805   INFO  
2026-04-27 15:05:42,601   INFO  Train:    9/80 ( 11%) [  63/167 ( 38%)]  Loss: 1.191 (1.22)  LR: 7.314e-04  Time cost: 00:36/00:59 [13:00/1:54:51]  Acc_iter 1400        Data time: 0.00(0.15)  Forward time: 0.40(0.43)  Batch time: 0.40(0.58)
2026-04-27 15:06:08,928   INFO  Train:    9/80 ( 11%) [ 113/167 ( 68%)]  Loss: 1.214 (1.22)  LR: 7.609e-04  Time cost: 01:03/00:29 [13:26/1:50:03]  Acc_iter 1450        Data time: 0.21(0.11)  Forward time: 0.56(0.44)  Batch time: 0.77(0.55)
2026-04-27 15:06:34,092   INFO  Train:    9/80 ( 11%) [ 163/167 ( 98%)]  Loss: 1.103 (1.22)  LR: 7.911e-04  Time cost: 01:28/00:02 [13:51/1:46:30]  Acc_iter 1500        Data time: 0.00(0.09)  Forward time: 0.15(0.45)  Batch time: 0.15(0.54)
2026-04-27 15:06:34,238   INFO  
2026-04-27 15:06:34,707   INFO  Train:    9/80 ( 11%) [ 166/167 ( 99%)]  Loss: 1.374 (1.22)  LR: 7.930e-04  Time cost: 01:28/00:00 [13:52/1:45:18]  Acc_iter 1503        Data time: 0.01(0.09)  Forward time: 0.12(0.44)  Batch time: 0.13(0.53)
2026-04-27 15:06:38,488   INFO  Train:   10/80 ( 12%) [   0/167 (  0%)]  Loss: 1.275 (1.28)  LR: 7.936e-04  Time cost: 00:03/09:10 [13:56/10:51:32]  Acc_iter 1504        Data time: 2.95(2.95)  Forward time: 0.33(0.33)  Batch time: 3.28(3.28)
2026-04-27 15:07:02,631   INFO  Train:   10/80 ( 12%) [  46/167 ( 28%)]  Loss: 1.225 (1.25)  LR: 8.221e-04  Time cost: 00:27/01:10 [14:20/1:54:55]  Acc_iter 1550        Data time: 0.34(0.14)  Forward time: 0.24(0.45)  Batch time: 0.59(0.58)
2026-04-27 15:07:29,608   INFO  Train:   10/80 ( 12%) [  96/167 ( 57%)]  Loss: 1.110 (1.22)  LR: 8.538e-04  Time cost: 00:54/00:39 [14:47/1:49:57]  Acc_iter 1600        Data time: 0.20(0.11)  Forward time: 0.52(0.45)  Batch time: 0.71(0.56)
2026-04-27 15:07:55,563   INFO  Train:   10/80 ( 12%) [ 146/167 ( 87%)]  Loss: 1.213 (1.20)  LR: 8.862e-04  Time cost: 01:20/00:11 [15:13/1:46:43]  Acc_iter 1650        Data time: 0.17(0.09)  Forward time: 0.26(0.46)  Batch time: 0.43(0.55)
2026-04-27 15:07:56,149   INFO  
2026-04-27 15:08:04,414   INFO  Train:   10/80 ( 12%) [ 166/167 ( 99%)]  Loss: 1.399 (1.20)  LR: 8.993e-04  Time cost: 01:29/00:00 [15:22/1:44:06]  Acc_iter 1670        Data time: 0.01(0.09)  Forward time: 0.12(0.45)  Batch time: 0.13(0.53)
2026-04-27 15:08:08,592   INFO  Train:   11/80 ( 14%) [   0/167 (  0%)]  Loss: 1.047 (1.05)  LR: 9.000e-04  Time cost: 00:03/10:19 [15:26/12:02:17]  Acc_iter 1671        Data time: 3.42(3.42)  Forward time: 0.28(0.28)  Batch time: 3.69(3.69)
2026-04-27 15:08:23,028   INFO  Train:   11/80 ( 14%) [  29/167 ( 17%)]  Loss: 1.054 (1.27)  LR: 9.192e-04  Time cost: 00:18/01:23 [15:40/1:57:32]  Acc_iter 1700        Data time: 0.00(0.18)  Forward time: 0.51(0.43)  Batch time: 0.52(0.60)
2026-04-27 15:08:50,205   INFO  Train:   11/80 ( 14%) [  79/167 ( 47%)]  Loss: 1.346 (1.23)  LR: 9.529e-04  Time cost: 00:45/00:49 [16:08/1:49:37]  Acc_iter 1750        Data time: 0.01(0.15)  Forward time: 0.50(0.42)  Batch time: 0.51(0.57)
2026-04-27 15:09:16,639   INFO  Train:   11/80 ( 14%) [ 129/167 ( 77%)]  Loss: 1.171 (1.20)  LR: 9.872e-04  Time cost: 01:11/00:20 [16:34/1:46:21]  Acc_iter 1800        Data time: 0.17(0.14)  Forward time: 0.52(0.41)  Batch time: 0.69(0.55)
2026-04-27 15:09:17,205   INFO  
2026-04-27 15:09:34,019   INFO  Train:   11/80 ( 14%) [ 166/167 ( 99%)]  Loss: 1.528 (1.18)  LR: 1.013e-03  Time cost: 01:29/00:00 [16:51/1:42:30]  Acc_iter 1837        Data time: 0.01(0.12)  Forward time: 0.12(0.41)  Batch time: 0.13(0.53)
2026-04-27 15:09:37,380   INFO  Train:   12/80 ( 15%) [   0/167 (  0%)]  Loss: 1.005 (1.00)  LR: 1.014e-03  Time cost: 00:02/08:02 [16:55/9:14:57]  Acc_iter 1838        Data time: 2.53(2.53)  Forward time: 0.35(0.35)  Batch time: 2.88(2.88)
2026-04-27 15:09:44,246   INFO  Train:   12/80 ( 15%) [  12/167 (  7%)]  Loss: 1.094 (1.07)  LR: 1.022e-03  Time cost: 00:09/01:56 [17:02/2:23:58]  Acc_iter 1850        Data time: 0.01(0.32)  Forward time: 0.48(0.43)  Batch time: 0.49(0.75)
2026-04-27 15:10:10,810   INFO  Train:   12/80 ( 15%) [  62/167 ( 37%)]  Loss: 1.465 (1.19)  LR: 1.057e-03  Time cost: 00:36/01:00 [17:28/1:50:07]  Acc_iter 1900        Data time: 0.07(0.14)  Forward time: 0.52(0.43)  Batch time: 0.59(0.58)
2026-04-27 15:10:36,852   INFO  Train:   12/80 ( 15%) [ 112/167 ( 67%)]  Loss: 1.292 (1.18)  LR: 1.093e-03  Time cost: 01:02/00:30 [17:54/1:44:57]  Acc_iter 1950        Data time: 0.02(0.12)  Forward time: 0.50(0.43)  Batch time: 0.52(0.55)
2026-04-27 15:10:37,469   INFO  
2026-04-27 15:11:02,671   INFO  Train:   12/80 ( 15%) [ 162/167 ( 97%)]  Loss: 1.184 (1.18)  LR: 1.130e-03  Time cost: 01:28/00:02 [18:20/1:42:26]  Acc_iter 2000        Data time: 0.00(0.11)  Forward time: 0.26(0.43)  Batch time: 0.26(0.54)
2026-04-27 15:11:03,301   INFO  Train:   12/80 ( 15%) [ 166/167 ( 99%)]  Loss: 1.221 (1.18)  LR: 1.133e-03  Time cost: 01:28/00:00 [18:21/1:40:39]  Acc_iter 2004        Data time: 0.01(0.11)  Forward time: 0.11(0.42)  Batch time: 0.13(0.53)
2026-04-27 15:11:07,375   INFO  Train:   13/80 ( 16%) [   0/167 (  0%)]  Loss: 1.322 (1.32)  LR: 1.133e-03  Time cost: 00:03/10:02 [18:25/11:22:19]  Acc_iter 2005        Data time: 2.98(2.98)  Forward time: 0.62(0.62)  Batch time: 3.60(3.60)
2026-04-27 15:11:31,031   INFO  Train:   13/80 ( 16%) [  45/167 ( 27%)]  Loss: 0.9531 (1.21)  LR: 1.167e-03  Time cost: 00:27/01:12 [18:48/1:51:43]  Acc_iter 2050        Data time: 0.01(0.12)  Forward time: 0.52(0.47)  Batch time: 0.53(0.59)
2026-04-27 15:11:57,266   INFO  Train:   13/80 ( 16%) [  95/167 ( 57%)]  Loss: 0.9754 (1.18)  LR: 1.204e-03  Time cost: 00:53/00:40 [19:15/1:44:35]  Acc_iter 2100        Data time: 0.02(0.09)  Forward time: 0.38(0.47)  Batch time: 0.40(0.56)
2026-04-27 15:11:57,949   INFO  
2026-04-27 15:12:23,880   INFO  Train:   13/80 ( 16%) [ 145/167 ( 87%)]  Loss: 1.613 (1.17)  LR: 1.241e-03  Time cost: 01:20/00:12 [19:41/1:42:31]  Acc_iter 2150        Data time: 0.02(0.10)  Forward time: 0.57(0.45)  Batch time: 0.58(0.55)
2026-04-27 15:12:32,771   INFO  Train:   13/80 ( 16%) [ 166/167 ( 99%)]  Loss: 0.8755 (1.16)  LR: 1.257e-03  Time cost: 01:29/00:00 [19:50/1:39:23]  Acc_iter 2171        Data time: 0.01(0.09)  Forward time: 0.11(0.45)  Batch time: 0.12(0.53)
2026-04-27 15:12:37,303   INFO  Train:   14/80 ( 18%) [   0/167 (  0%)]  Loss: 1.032 (1.03)  LR: 1.258e-03  Time cost: 00:04/11:17 [19:55/12:36:51]  Acc_iter 2172        Data time: 3.82(3.82)  Forward time: 0.22(0.22)  Batch time: 4.04(4.04)
2026-04-27 15:12:51,368   INFO  Train:   14/80 ( 18%) [  28/167 ( 17%)]  Loss: 0.8075 (1.13)  LR: 1.279e-03  Time cost: 00:18/01:26 [20:09/1:56:15]  Acc_iter 2200        Data time: 0.02(0.16)  Forward time: 0.48(0.46)  Batch time: 0.49(0.62)
2026-04-27 15:13:17,735   INFO  Train:   14/80 ( 18%) [  78/167 ( 47%)]  Loss: 0.8351 (1.14)  LR: 1.318e-03  Time cost: 00:44/00:50 [20:35/1:44:17]  Acc_iter 2250        Data time: 0.02(0.13)  Forward time: 0.30(0.43)  Batch time: 0.32(0.56)
2026-04-27 15:13:18,389   INFO  
2026-04-27 15:13:45,091   INFO  Train:   14/80 ( 18%) [ 128/167 ( 77%)]  Loss: 1.174 (1.15)  LR: 1.356e-03  Time cost: 01:11/00:21 [21:02/1:42:40]  Acc_iter 2300        Data time: 0.00(0.11)  Forward time: 0.22(0.45)  Batch time: 0.23(0.56)
2026-04-27 15:14:02,844   INFO  Train:   14/80 ( 18%) [ 166/167 ( 99%)]  Loss: 0.8991 (1.15)  LR: 1.386e-03  Time cost: 01:29/00:00 [21:20/1:38:34]  Acc_iter 2338        Data time: 0.01(0.10)  Forward time: 0.12(0.44)  Batch time: 0.13(0.54)
2026-04-27 15:14:07,356   INFO  Train:   15/80 ( 19%) [   0/167 (  0%)]  Loss: 1.010 (1.01)  LR: 1.387e-03  Time cost: 00:04/11:15 [21:25/12:22:34]  Acc_iter 2339        Data time: 3.80(3.80)  Forward time: 0.24(0.24)  Batch time: 4.04(4.04)
2026-04-27 15:14:12,507   INFO  Train:   15/80 ( 19%) [  11/167 (  7%)]  Loss: 1.150 (1.17)  LR: 1.395e-03  Time cost: 00:09/01:59 [21:30/2:20:35]  Acc_iter 2350        Data time: 0.02(0.35)  Forward time: 0.66(0.42)  Batch time: 0.68(0.77)
2026-04-27 15:14:38,974   INFO  Train:   15/80 ( 19%) [  61/167 ( 37%)]  Loss: 1.006 (1.15)  LR: 1.434e-03  Time cost: 00:35/01:00 [21:56/1:45:04]  Acc_iter 2400        Data time: 0.02(0.12)  Forward time: 0.54(0.45)  Batch time: 0.56(0.58)
2026-04-27 15:14:39,546   INFO  
2026-04-27 15:15:05,306   INFO  Train:   15/80 ( 19%) [ 111/167 ( 66%)]  Loss: 1.647 (1.14)  LR: 1.474e-03  Time cost: 01:01/00:30 [22:23/1:40:39]  Acc_iter 2450        Data time: 0.00(0.11)  Forward time: 0.50(0.44)  Batch time: 0.50(0.55)
2026-04-27 15:15:31,450   INFO  Train:   15/80 ( 19%) [ 161/167 ( 96%)]  Loss: 0.9788 (1.14)  LR: 1.513e-03  Time cost: 01:28/00:03 [22:49/1:38:28]  Acc_iter 2500        Data time: 0.01(0.09)  Forward time: 0.31(0.46)  Batch time: 0.31(0.54)
2026-04-27 15:15:32,410   INFO  Train:   15/80 ( 19%) [ 166/167 ( 99%)]  Loss: 1.155 (1.14)  LR: 1.517e-03  Time cost: 01:29/00:00 [22:50/1:36:31]  Acc_iter 2505        Data time: 0.01(0.09)  Forward time: 0.12(0.45)  Batch time: 0.13(0.53)
2026-04-27 15:15:36,342   INFO  Train:   16/80 ( 20%) [   0/167 (  0%)]  Loss: 1.263 (1.26)  LR: 1.518e-03  Time cost: 00:03/09:37 [22:54/10:25:14]  Acc_iter 2506        Data time: 2.97(2.97)  Forward time: 0.48(0.48)  Batch time: 3.46(3.46)
2026-04-27 15:15:59,815   INFO  Train:   16/80 ( 20%) [  44/167 ( 26%)]  Loss: 1.055 (1.19)  LR: 1.552e-03  Time cost: 00:26/01:13 [23:17/1:47:49]  Acc_iter 2550        Data time: 0.01(0.18)  Forward time: 0.54(0.41)  Batch time: 0.55(0.60)
2026-04-27 15:16:00,337   INFO  
2026-04-27 15:16:25,916   INFO  Train:   16/80 ( 20%) [  94/167 ( 56%)]  Loss: 1.129 (1.16)  LR: 1.592e-03  Time cost: 00:53/00:40 [23:43/1:40:06]  Acc_iter 2600        Data time: 0.02(0.13)  Forward time: 0.33(0.43)  Batch time: 0.34(0.56)
2026-04-27 15:16:52,537   INFO  Train:   16/80 ( 20%) [ 144/167 ( 86%)]  Loss: 1.159 (1.14)  LR: 1.632e-03  Time cost: 01:19/00:12 [24:10/1:38:03]  Acc_iter 2650        Data time: 0.01(0.11)  Forward time: 0.41(0.44)  Batch time: 0.42(0.55)
2026-04-27 15:17:01,915   INFO  Train:   16/80 ( 20%) [ 166/167 ( 99%)]  Loss: 0.9125 (1.13)  LR: 1.649e-03  Time cost: 01:29/00:00 [24:19/1:34:58]  Acc_iter 2672        Data time: 0.02(0.10)  Forward time: 0.12(0.43)  Batch time: 0.13(0.53)
2026-04-27 15:17:05,696   INFO  Train:   17/80 ( 21%) [   0/167 (  0%)]  Loss: 0.9534 (0.953)  LR: 1.650e-03  Time cost: 00:03/09:12 [24:23/9:49:48]  Acc_iter 2673        Data time: 2.93(2.93)  Forward time: 0.37(0.37)  Batch time: 3.30(3.30)
2026-04-27 15:17:19,808   INFO  Train:   17/80 ( 21%) [  27/167 ( 16%)]  Loss: 0.9963 (1.10)  LR: 1.671e-03  Time cost: 00:17/01:27 [24:37/1:50:34]  Acc_iter 2700        Data time: 0.00(0.18)  Forward time: 0.35(0.43)  Batch time: 0.35(0.62)
2026-04-27 15:17:20,480   INFO  
2026-04-27 15:17:46,844   INFO  Train:   17/80 ( 21%) [  77/167 ( 46%)]  Loss: 1.225 (1.12)  LR: 1.711e-03  Time cost: 00:44/00:51 [25:04/1:40:48]  Acc_iter 2750        Data time: 0.00(0.12)  Forward time: 0.58(0.45)  Batch time: 0.58(0.57)
2026-04-27 15:18:13,024   INFO  Train:   17/80 ( 21%) [ 127/167 ( 76%)]  Loss: 0.9572 (1.11)  LR: 1.751e-03  Time cost: 01:10/00:22 [25:30/1:37:08]  Acc_iter 2800        Data time: 0.00(0.09)  Forward time: 0.49(0.46)  Batch time: 0.49(0.55)
2026-04-27 15:18:31,815   INFO  Train:   17/80 ( 21%) [ 166/167 ( 99%)]  Loss: 1.225 (1.12)  LR: 1.782e-03  Time cost: 01:29/00:00 [25:49/1:33:54]  Acc_iter 2839        Data time: 0.01(0.08)  Forward time: 0.12(0.45)  Batch time: 0.13(0.54)
2026-04-27 15:18:36,145   INFO  Train:   18/80 ( 22%) [   0/167 (  0%)]  Loss: 1.173 (1.17)  LR: 1.782e-03  Time cost: 00:03/10:38 [25:54/11:10:44]  Acc_iter 2840        Data time: 3.47(3.47)  Forward time: 0.34(0.34)  Batch time: 3.81(3.81)
2026-04-27 15:18:41,336   INFO  Train:   18/80 ( 22%) [  10/167 (  6%)]  Loss: 1.302 (1.15)  LR: 1.790e-03  Time cost: 00:09/02:08 [25:59/2:23:35]  Acc_iter 2850        Data time: 0.02(0.44)  Forward time: 0.38(0.38)  Batch time: 0.40(0.82)
2026-04-27 15:18:41,926   INFO  
2026-04-27 15:19:07,618   INFO  Train:   18/80 ( 22%) [  60/167 ( 36%)]  Loss: 1.094 (1.16)  LR: 1.830e-03  Time cost: 00:35/01:01 [26:25/1:40:53]  Acc_iter 2900        Data time: 0.22(0.17)  Forward time: 0.49(0.41)  Batch time: 0.71(0.58)
2026-04-27 15:19:33,978   INFO  Train:   18/80 ( 22%) [ 110/167 ( 66%)]  Loss: 1.155 (1.16)  LR: 1.869e-03  Time cost: 01:01/00:31 [26:51/1:36:23]  Acc_iter 2950        Data time: 0.25(0.14)  Forward time: 0.38(0.42)  Batch time: 0.63(0.56)
2026-04-27 15:20:00,419   INFO  Train:   18/80 ( 22%) [ 160/167 ( 96%)]  Loss: 1.053 (1.14)  LR: 1.908e-03  Time cost: 01:28/00:03 [27:18/1:34:29]  Acc_iter 3000        Data time: 0.00(0.13)  Forward time: 0.27(0.41)  Batch time: 0.27(0.55)
2026-04-27 15:20:00,592   INFO  
2026-04-27 15:20:01,703   INFO  Train:   18/80 ( 22%) [ 166/167 ( 99%)]  Loss: 1.247 (1.14)  LR: 1.913e-03  Time cost: 01:29/00:00 [27:19/1:32:22]  Acc_iter 3006        Data time: 0.01(0.13)  Forward time: 0.12(0.41)  Batch time: 0.13(0.54)
2026-04-27 15:20:05,375   INFO  Train:   19/80 ( 24%) [   0/167 (  0%)]  Loss: 1.225 (1.22)  LR: 1.913e-03  Time cost: 00:03/08:53 [27:23/9:11:30]  Acc_iter 3007        Data time: 2.52(2.52)  Forward time: 0.67(0.67)  Batch time: 3.20(3.20)
2026-04-27 15:20:27,852   INFO  Train:   19/80 ( 24%) [  43/167 ( 26%)]  Loss: 1.004 (1.09)  LR: 1.947e-03  Time cost: 00:25/01:12 [27:45/1:40:16]  Acc_iter 3050        Data time: 0.19(0.12)  Forward time: 0.24(0.46)  Batch time: 0.43(0.58)
2026-04-27 15:20:55,165   INFO  Train:   19/80 ( 24%) [  93/167 ( 56%)]  Loss: 1.065 (1.10)  LR: 1.985e-03  Time cost: 00:52/00:41 [28:13/1:36:23]  Acc_iter 3100        Data time: 0.02(0.09)  Forward time: 0.53(0.47)  Batch time: 0.54(0.56)
2026-04-27 15:21:21,371   INFO  Train:   19/80 ( 24%) [ 143/167 ( 86%)]  Loss: 1.022 (1.08)  LR: 2.024e-03  Time cost: 01:19/00:13 [28:39/1:33:35]  Acc_iter 3150        Data time: 0.00(0.07)  Forward time: 0.35(0.48)  Batch time: 0.35(0.55)
2026-04-27 15:21:21,952   INFO  
2026-04-27 15:21:31,772   INFO  Train:   19/80 ( 24%) [ 166/167 ( 99%)]  Loss: 0.8071 (1.09)  LR: 2.041e-03  Time cost: 01:29/00:00 [28:49/1:31:05]  Acc_iter 3173        Data time: 0.01(0.06)  Forward time: 0.12(0.47)  Batch time: 0.13(0.54)
2026-04-27 15:21:35,311   INFO  Train:   20/80 ( 25%) [   0/167 (  0%)]  Loss: 0.8694 (0.869)  LR: 2.042e-03  Time cost: 00:03/08:32 [28:53/8:40:38]  Acc_iter 3174        Data time: 2.54(2.54)  Forward time: 0.53(0.53)  Batch time: 3.07(3.07)
2026-04-27 15:21:49,580   INFO  Train:   20/80 ( 25%) [  26/167 ( 16%)]  Loss: 0.9835 (1.09)  LR: 2.062e-03  Time cost: 00:17/01:30 [29:07/1:48:44]  Acc_iter 3200        Data time: 0.02(0.21)  Forward time: 0.47(0.43)  Batch time: 0.49(0.64)
2026-04-27 15:22:15,987   INFO  Train:   20/80 ( 25%) [  76/167 ( 46%)]  Loss: 0.8814 (1.09)  LR: 2.099e-03  Time cost: 00:43/00:51 [29:33/1:35:43]  Acc_iter 3250        Data time: 0.00(0.12)  Forward time: 0.47(0.45)  Batch time: 0.48(0.57)
2026-04-27 15:22:42,111   INFO  Train:   20/80 ( 25%) [ 126/167 ( 75%)]  Loss: 0.8496 (1.10)  LR: 2.136e-03  Time cost: 01:09/00:22 [29:59/1:32:14]  Acc_iter 3300        Data time: 0.21(0.12)  Forward time: 0.28(0.43)  Batch time: 0.49(0.55)
2026-04-27 15:22:42,703   INFO  
2026-04-27 15:23:01,472   INFO  Train:   20/80 ( 25%) [ 166/167 ( 99%)]  Loss: 0.9913 (1.09)  LR: 2.166e-03  Time cost: 01:29/00:00 [30:19/1:29:14]  Acc_iter 3340        Data time: 0.01(0.10)  Forward time: 0.12(0.44)  Batch time: 0.13(0.53)
2026-04-27 15:23:05,472   INFO  Train:   21/80 ( 26%) [   0/167 (  0%)]  Loss: 0.9432 (0.943)  LR: 2.167e-03  Time cost: 00:03/09:49 [30:23/9:49:26]  Acc_iter 3341        Data time: 2.95(2.95)  Forward time: 0.58(0.58)  Batch time: 3.53(3.53)
2026-04-27 15:23:10,205   INFO  Train:   21/80 ( 26%) [   9/167 (  5%)]  Loss: 1.140 (1.09)  LR: 2.173e-03  Time cost: 00:08/02:10 [30:28/2:17:52]  Acc_iter 3350        Data time: 0.02(0.41)  Forward time: 0.46(0.41)  Batch time: 0.47(0.83)
2026-04-27 15:23:36,428   INFO  Train:   21/80 ( 26%) [  59/167 ( 35%)]  Loss: 1.086 (1.07)  LR: 2.210e-03  Time cost: 00:34/01:02 [30:54/1:35:25]  Acc_iter 3400        Data time: 0.00(0.16)  Forward time: 0.32(0.42)  Batch time: 0.33(0.57)
2026-04-27 15:24:03,008   INFO  Train:   21/80 ( 26%) [ 109/167 ( 65%)]  Loss: 1.218 (1.07)  LR: 2.245e-03  Time cost: 01:01/00:32 [31:20/1:31:42]  Acc_iter 3450        Data time: 0.02(0.12)  Forward time: 0.52(0.43)  Batch time: 0.53(0.56)
2026-04-27 15:24:03,549   INFO  
2026-04-27 15:24:29,212   INFO  Train:   21/80 ( 26%) [ 159/167 ( 95%)]  Loss: 0.9802 (1.07)  LR: 2.281e-03  Time cost: 01:27/00:04 [31:47/1:29:38]  Acc_iter 3500        Data time: 0.02(0.10)  Forward time: 0.41(0.45)  Batch time: 0.43(0.55)
2026-04-27 15:24:30,871   INFO  Train:   21/80 ( 26%) [ 166/167 ( 99%)]  Loss: 1.112 (1.07)  LR: 2.286e-03  Time cost: 01:28/00:00 [31:48/1:27:27]  Acc_iter 3507        Data time: 0.02(0.10)  Forward time: 0.12(0.44)  Batch time: 0.13(0.53)
2026-04-27 15:24:34,552   INFO  Train:   22/80 ( 28%) [   0/167 (  0%)]  Loss: 0.9427 (0.943)  LR: 2.286e-03  Time cost: 00:03/08:55 [31:52/8:46:33]  Acc_iter 3508        Data time: 2.55(2.55)  Forward time: 0.66(0.66)  Batch time: 3.21(3.21)
2026-04-27 15:24:57,690   INFO  Train:   22/80 ( 28%) [  42/167 ( 25%)]  Loss: 1.160 (1.12)  LR: 2.316e-03  Time cost: 00:26/01:16 [32:15/1:40:10]  Acc_iter 3550        Data time: 0.02(0.15)  Forward time: 0.68(0.46)  Batch time: 0.69(0.61)
2026-04-27 15:25:23,853   INFO  Train:   22/80 ( 28%) [  92/167 ( 55%)]  Loss: 0.8845 (1.06)  LR: 2.350e-03  Time cost: 00:52/00:42 [32:41/1:31:50]  Acc_iter 3600        Data time: 0.02(0.11)  Forward time: 0.58(0.46)  Batch time: 0.60(0.56)
2026-04-27 15:25:24,334   INFO  
2026-04-27 15:25:50,270   INFO  Train:   22/80 ( 28%) [ 142/167 ( 85%)]  Loss: 1.135 (1.07)  LR: 2.383e-03  Time cost: 01:18/00:13 [33:08/1:29:19]  Acc_iter 3650        Data time: 0.02(0.09)  Forward time: 0.71(0.46)  Batch time: 0.73(0.55)
2026-04-27 15:26:00,602   INFO  Train:   22/80 ( 28%) [ 166/167 ( 99%)]  Loss: 0.9371 (1.07)  LR: 2.399e-03  Time cost: 01:29/00:00 [33:18/1:26:17]  Acc_iter 3674        Data time: 0.01(0.08)  Forward time: 0.12(0.45)  Batch time: 0.13(0.53)
2026-04-27 15:26:04,677   INFO  Train:   23/80 ( 29%) [   0/167 (  0%)]  Loss: 1.196 (1.20)  LR: 2.400e-03  Time cost: 00:03/10:01 [33:22/9:41:42]  Acc_iter 3675        Data time: 3.02(3.02)  Forward time: 0.58(0.58)  Batch time: 3.60(3.60)
2026-04-27 15:26:17,829   INFO  Train:   23/80 ( 29%) [  25/167 ( 15%)]  Loss: 1.007 (1.08)  LR: 2.416e-03  Time cost: 00:16/01:31 [33:35/1:43:45]  Acc_iter 3700        Data time: 0.02(0.19)  Forward time: 0.51(0.46)  Batch time: 0.53(0.64)
2026-04-27 15:26:43,966   INFO  Train:   23/80 ( 29%) [  75/167 ( 45%)]  Loss: 1.092 (1.05)  LR: 2.449e-03  Time cost: 00:42/00:51 [34:01/1:30:24]  Acc_iter 3750        Data time: 0.02(0.09)  Forward time: 0.53(0.47)  Batch time: 0.55(0.56)
2026-04-27 15:26:44,643   INFO  
2026-04-27 15:27:10,595   INFO  Train:   23/80 ( 29%) [ 125/167 ( 75%)]  Loss: 0.9847 (1.04)  LR: 2.480e-03  Time cost: 01:09/00:23 [34:28/1:27:55]  Acc_iter 3800        Data time: 0.18(0.09)  Forward time: 0.35(0.46)  Batch time: 0.53(0.55)
2026-04-27 15:27:30,279   INFO  Train:   23/80 ( 29%) [ 166/167 ( 99%)]  Loss: 0.9654 (1.05)  LR: 2.506e-03  Time cost: 01:29/00:00 [34:48/1:24:45]  Acc_iter 3841        Data time: 0.01(0.09)  Forward time: 0.12(0.45)  Batch time: 0.13(0.53)
2026-04-27 15:27:33,685   INFO  Train:   24/80 ( 30%) [   0/167 (  0%)]  Loss: 1.174 (1.17)  LR: 2.506e-03  Time cost: 00:02/08:08 [34:51/7:44:04]  Acc_iter 3842        Data time: 2.57(2.57)  Forward time: 0.34(0.34)  Batch time: 2.91(2.91)
2026-04-27 15:27:39,100   INFO  Train:   24/80 ( 30%) [   8/167 (  5%)]  Loss: 0.9846 (1.10)  LR: 2.511e-03  Time cost: 00:08/02:27 [34:56/2:26:53]  Acc_iter 3850        Data time: 0.00(0.51)  Forward time: 0.40(0.42)  Batch time: 0.41(0.93)
2026-04-27 15:28:05,321   INFO  Train:   24/80 ( 30%) [  58/167 ( 35%)]  Loss: 0.7152 (1.02)  LR: 2.542e-03  Time cost: 00:34/01:03 [35:23/1:32:22]  Acc_iter 3900        Data time: 0.02(0.14)  Forward time: 0.50(0.45)  Batch time: 0.52(0.59)
2026-04-27 15:28:05,823   INFO  
2026-04-27 15:28:31,884   INFO  Train:   24/80 ( 30%) [ 108/167 ( 65%)]  Loss: 0.9915 (1.03)  LR: 2.571e-03  Time cost: 01:01/00:33 [35:49/1:27:57]  Acc_iter 3950        Data time: 0.00(0.11)  Forward time: 0.55(0.45)  Batch time: 0.56(0.56)
2026-04-27 15:28:58,335   INFO  Train:   24/80 ( 30%) [ 158/167 ( 95%)]  Loss: 0.8870 (1.02)  LR: 2.600e-03  Time cost: 01:27/00:04 [36:16/1:25:55]  Acc_iter 4000        Data time: 0.02(0.09)  Forward time: 0.41(0.46)  Batch time: 0.43(0.55)
2026-04-27 15:29:00,470   INFO  Train:   24/80 ( 30%) [ 166/167 ( 99%)]  Loss: 1.325 (1.02)  LR: 2.604e-03  Time cost: 01:29/00:00 [36:18/1:23:44]  Acc_iter 4008        Data time: 0.01(0.08)  Forward time: 0.12(0.45)  Batch time: 0.14(0.54)
2026-04-27 15:29:05,000   INFO  Train:   25/80 ( 31%) [   0/167 (  0%)]  Loss: 0.9381 (0.938)  LR: 2.605e-03  Time cost: 00:04/11:16 [36:22/10:31:42]  Acc_iter 4009        Data time: 3.82(3.82)  Forward time: 0.22(0.22)  Batch time: 4.04(4.04)
2026-04-27 15:29:26,087   INFO  Train:   25/80 ( 31%) [  41/167 ( 25%)]  Loss: 1.116 (1.00)  LR: 2.627e-03  Time cost: 00:25/01:15 [36:43/1:32:53]  Acc_iter 4050        Data time: 0.23(0.18)  Forward time: 0.38(0.42)  Batch time: 0.61(0.60)
2026-04-27 15:29:26,624   INFO  
2026-04-27 15:29:52,454   INFO  Train:   25/80 ( 31%) [  91/167 ( 54%)]  Loss: 1.206 (1.01)  LR: 2.654e-03  Time cost: 00:51/00:42 [37:10/1:26:24]  Acc_iter 4100        Data time: 0.02(0.11)  Forward time: 0.35(0.45)  Batch time: 0.37(0.56)
2026-04-27 15:30:19,291   INFO  Train:   25/80 ( 31%) [ 141/167 ( 84%)]  Loss: 1.183 (1.01)  LR: 2.680e-03  Time cost: 01:18/00:14 [37:37/1:24:41]  Acc_iter 4150        Data time: 0.02(0.10)  Forward time: 0.56(0.45)  Batch time: 0.58(0.55)
2026-04-27 15:30:30,281   INFO  Train:   25/80 ( 31%) [ 166/167 ( 99%)]  Loss: 0.6256 (1.01)  LR: 2.693e-03  Time cost: 01:29/00:00 [37:48/1:21:53]  Acc_iter 4175        Data time: 0.01(0.09)  Forward time: 0.11(0.45)  Batch time: 0.13(0.53)
2026-04-27 15:30:33,912   INFO  Train:   26/80 ( 32%) [   0/167 (  0%)]  Loss: 0.8678 (0.868)  LR: 2.694e-03  Time cost: 00:03/08:46 [37:51/8:02:47]  Acc_iter 4176        Data time: 2.55(2.55)  Forward time: 0.60(0.60)  Batch time: 3.15(3.15)
2026-04-27 15:30:46,953   INFO  Train:   26/80 ( 32%) [  24/167 ( 14%)]  Loss: 0.9007 (0.936)  LR: 2.706e-03  Time cost: 00:16/01:32 [38:04/1:38:54]  Acc_iter 4200        Data time: 0.02(0.23)  Forward time: 0.46(0.42)  Batch time: 0.48(0.65)
2026-04-27 15:30:47,491   INFO  
2026-04-27 15:31:13,323   INFO  Train:   26/80 ( 32%) [  74/167 ( 44%)]  Loss: 1.041 (0.984)  LR: 2.730e-03  Time cost: 00:42/00:52 [38:31/1:26:10]  Acc_iter 4250        Data time: 0.02(0.12)  Forward time: 0.48(0.45)  Batch time: 0.50(0.57)
2026-04-27 15:31:39,677   INFO  Train:   26/80 ( 32%) [ 124/167 ( 74%)]  Loss: 0.9111 (0.992)  LR: 2.753e-03  Time cost: 01:08/00:23 [38:57/1:23:15]  Acc_iter 4300        Data time: 0.01(0.09)  Forward time: 0.48(0.46)  Batch time: 0.49(0.55)
2026-04-27 15:31:59,789   INFO  Train:   26/80 ( 32%) [ 166/167 ( 99%)]  Loss: 1.049 (0.999)  LR: 2.772e-03  Time cost: 01:29/00:00 [39:17/1:20:08]  Acc_iter 4342        Data time: 0.01(0.09)  Forward time: 0.12(0.44)  Batch time: 0.13(0.53)
2026-04-27 15:32:04,295   INFO  Train:   27/80 ( 34%) [   0/167 (  0%)]  Loss: 1.245 (1.25)  LR: 2.772e-03  Time cost: 00:04/11:13 [39:22/10:06:25]  Acc_iter 4343        Data time: 3.52(3.52)  Forward time: 0.37(0.37)  Batch time: 3.89(3.89)
2026-04-27 15:32:07,913   INFO  Train:   27/80 ( 34%) [   7/167 (  4%)]  Loss: 1.170 (0.992)  LR: 2.776e-03  Time cost: 00:07/02:33 [39:25/2:23:40]  Acc_iter 4350        Data time: 0.02(0.51)  Forward time: 0.38(0.44)  Batch time: 0.40(0.95)
2026-04-27 15:32:08,506   INFO  
2026-04-27 15:32:33,684   INFO  Train:   27/80 ( 34%) [  57/167 ( 34%)]  Loss: 1.033 (1.00)  LR: 2.797e-03  Time cost: 00:33/01:03 [39:51/1:26:04]  Acc_iter 4400        Data time: 0.04(0.16)  Forward time: 0.47(0.41)  Batch time: 0.51(0.58)
2026-04-27 15:32:59,815   INFO  Train:   27/80 ( 34%) [ 107/167 ( 64%)]  Loss: 1.242 (1.01)  LR: 2.817e-03  Time cost: 00:59/00:33 [40:17/1:21:53]  Acc_iter 4450        Data time: 0.29(0.13)  Forward time: 0.27(0.42)  Batch time: 0.56(0.55)
2026-04-27 15:33:26,234   INFO  Train:   27/80 ( 34%) [ 157/167 ( 94%)]  Loss: 1.051 (1.01)  LR: 2.837e-03  Time cost: 01:25/00:05 [40:44/1:20:21]  Acc_iter 4500        Data time: 0.24(0.14)  Forward time: 0.30(0.41)  Batch time: 0.55(0.54)
2026-04-27 15:33:26,811   INFO  
2026-04-27 15:33:29,227   INFO  Train:   27/80 ( 34%) [ 166/167 ( 99%)]  Loss: 0.7631 (1.01)  LR: 2.840e-03  Time cost: 01:28/00:00 [40:47/1:18:35]  Acc_iter 4509        Data time: 0.01(0.13)  Forward time: 0.12(0.40)  Batch time: 0.13(0.53)
2026-04-27 15:33:32,912   INFO  Train:   28/80 ( 35%) [   0/167 (  0%)]  Loss: 1.298 (1.30)  LR: 2.841e-03  Time cost: 00:03/08:56 [40:50/7:53:36]  Acc_iter 4510        Data time: 2.65(2.65)  Forward time: 0.56(0.56)  Batch time: 3.21(3.21)
2026-04-27 15:33:54,577   INFO  Train:   28/80 ( 35%) [  40/167 ( 24%)]  Loss: 1.184 (0.963)  LR: 2.855e-03  Time cost: 00:24/01:17 [41:12/1:29:05]  Acc_iter 4550        Data time: 0.76(0.16)  Forward time: 0.26(0.45)  Batch time: 1.02(0.61)
2026-04-27 15:34:20,821   INFO  Train:   28/80 ( 35%) [  90/167 ( 54%)]  Loss: 1.022 (0.967)  LR: 2.873e-03  Time cost: 00:51/00:43 [41:38/1:22:01]  Acc_iter 4600        Data time: 0.02(0.10)  Forward time: 0.48(0.47)  Batch time: 0.49(0.56)
2026-04-27 15:34:47,356   INFO  Train:   28/80 ( 35%) [ 140/167 ( 84%)]  Loss: 0.9628 (0.989)  LR: 2.889e-03  Time cost: 01:17/00:14 [42:05/1:19:57]  Acc_iter 4650        Data time: 0.00(0.08)  Forward time: 0.58(0.47)  Batch time: 0.59(0.55)
2026-04-27 15:34:47,968   INFO  
2026-04-27 15:34:59,026   INFO  Train:   28/80 ( 35%) [ 166/167 ( 99%)]  Loss: 1.013 (0.981)  LR: 2.897e-03  Time cost: 01:29/00:00 [42:16/1:17:25]  Acc_iter 4676        Data time: 0.01(0.08)  Forward time: 0.12(0.46)  Batch time: 0.13(0.53)
2026-04-27 15:35:02,634   INFO  Train:   29/80 ( 36%) [   0/167 (  0%)]  Loss: 1.263 (1.26)  LR: 2.897e-03  Time cost: 00:03/08:44 [42:20/7:34:30]  Acc_iter 4677        Data time: 2.56(2.56)  Forward time: 0.58(0.58)  Batch time: 3.14(3.14)
2026-04-27 15:35:14,742   INFO  Train:   29/80 ( 36%) [  23/167 ( 14%)]  Loss: 1.018 (1.01)  LR: 2.904e-03  Time cost: 00:15/01:31 [42:32/1:31:42]  Acc_iter 4700        Data time: 0.21(0.17)  Forward time: 0.53(0.46)  Batch time: 0.74(0.64)
2026-04-27 15:35:41,045   INFO  Train:   29/80 ( 36%) [  73/167 ( 44%)]  Loss: 0.9622 (0.977)  LR: 2.918e-03  Time cost: 00:41/00:52 [42:58/1:20:35]  Acc_iter 4750        Data time: 0.02(0.11)  Forward time: 0.39(0.45)  Batch time: 0.40(0.56)
2026-04-27 15:36:07,610   INFO  Train:   29/80 ( 36%) [ 123/167 ( 74%)]  Loss: 0.9206 (0.962)  LR: 2.931e-03  Time cost: 01:08/00:24 [43:25/1:18:22]  Acc_iter 4800        Data time: 0.16(0.09)  Forward time: 0.56(0.46)  Batch time: 0.72(0.55)
2026-04-27 15:36:08,224   INFO  
2026-04-27 15:36:28,437   INFO  Train:   29/80 ( 36%) [ 166/167 ( 99%)]  Loss: 0.7594 (0.961)  LR: 2.942e-03  Time cost: 01:28/00:00 [43:46/1:15:36]  Acc_iter 4843        Data time: 0.01(0.08)  Forward time: 0.12(0.45)  Batch time: 0.13(0.53)
2026-04-27 15:36:32,840   INFO  Train:   30/80 ( 38%) [   0/167 (  0%)]  Loss: 0.7650 (0.765)  LR: 2.942e-03  Time cost: 00:03/10:55 [43:50/9:17:33]  Acc_iter 4844        Data time: 3.40(3.40)  Forward time: 0.36(0.36)  Batch time: 3.76(3.76)
2026-04-27 15:36:35,819   INFO  Train:   30/80 ( 38%) [   6/167 (  4%)]  Loss: 1.048 (0.947)  LR: 2.943e-03  Time cost: 00:06/02:38 [43:53/2:19:58]  Acc_iter 4850        Data time: 0.00(0.60)  Forward time: 0.40(0.39)  Batch time: 0.40(0.99)
2026-04-27 15:37:02,065   INFO  Train:   30/80 ( 38%) [  56/167 ( 34%)]  Loss: 0.9878 (0.957)  LR: 2.954e-03  Time cost: 00:33/01:04 [44:19/1:22:01]  Acc_iter 4900        Data time: 0.02(0.15)  Forward time: 0.51(0.43)  Batch time: 0.52(0.58)
2026-04-27 15:37:28,516   INFO  Train:   30/80 ( 38%) [ 106/167 ( 63%)]  Loss: 0.7044 (0.950)  LR: 2.964e-03  Time cost: 00:59/00:33 [44:46/1:18:05]  Acc_iter 4950        Data time: 0.00(0.11)  Forward time: 0.50(0.44)  Batch time: 0.51(0.56)
2026-04-27 15:37:29,077   INFO  
2026-04-27 15:37:54,747   INFO  Train:   30/80 ( 38%) [ 156/167 ( 93%)]  Loss: 0.8561 (0.954)  LR: 2.972e-03  Time cost: 01:25/00:06 [45:12/1:16:11]  Acc_iter 5000        Data time: 0.01(0.10)  Forward time: 0.31(0.45)  Batch time: 0.32(0.55)
2026-04-27 15:37:58,248   INFO  Train:   30/80 ( 38%) [ 166/167 ( 99%)]  Loss: 1.185 (0.955)  LR: 2.974e-03  Time cost: 01:29/00:00 [45:16/1:14:27]  Acc_iter 5010        Data time: 0.01(0.10)  Forward time: 0.12(0.44)  Batch time: 0.13(0.53)
2026-04-27 15:38:02,967   INFO  Train:   31/80 ( 39%) [   0/167 (  0%)]  Loss: 0.8827 (0.883)  LR: 2.974e-03  Time cost: 00:04/11:47 [45:20/9:49:42]  Acc_iter 5011        Data time: 4.01(4.01)  Forward time: 0.22(0.22)  Batch time: 4.22(4.22)
2026-04-27 15:38:23,087   INFO  Train:   31/80 ( 39%) [  39/167 ( 23%)]  Loss: 0.8507 (0.929)  LR: 2.980e-03  Time cost: 00:24/01:17 [45:40/1:24:20]  Acc_iter 5050        Data time: 0.00(0.16)  Forward time: 0.37(0.45)  Batch time: 0.37(0.61)
2026-04-27 15:38:49,504   INFO  Train:   31/80 ( 39%) [  89/167 ( 53%)]  Loss: 0.7454 (0.925)  LR: 2.986e-03  Time cost: 00:50/00:44 [46:07/1:17:40]  Acc_iter 5100        Data time: 0.02(0.09)  Forward time: 0.33(0.47)  Batch time: 0.34(0.56)
2026-04-27 15:38:50,025   INFO  
2026-04-27 15:39:16,527   INFO  Train:   31/80 ( 39%) [ 139/167 ( 83%)]  Loss: 0.8692 (0.921)  LR: 2.991e-03  Time cost: 01:17/00:15 [46:34/1:16:02]  Acc_iter 5150        Data time: 0.05(0.08)  Forward time: 0.45(0.47)  Batch time: 0.50(0.56)
2026-04-27 15:39:28,572   INFO  Train:   31/80 ( 39%) [ 166/167 ( 99%)]  Loss: 0.8916 (0.926)  LR: 2.993e-03  Time cost: 01:29/00:00 [46:46/1:13:22]  Acc_iter 5177        Data time: 0.01(0.07)  Forward time: 0.11(0.47)  Batch time: 0.13(0.54)
2026-04-27 15:39:32,265   INFO  Train:   32/80 ( 40%) [   0/167 (  0%)]  Loss: 0.8968 (0.897)  LR: 2.993e-03  Time cost: 00:03/08:57 [46:50/7:18:36]  Acc_iter 5178        Data time: 2.55(2.55)  Forward time: 0.66(0.66)  Batch time: 3.22(3.22)
2026-04-27 15:39:44,478   INFO  Train:   32/80 ( 40%) [  22/167 ( 13%)]  Loss: 1.055 (0.958)  LR: 2.995e-03  Time cost: 00:15/01:37 [47:02/1:31:14]  Acc_iter 5200        Data time: 0.02(0.20)  Forward time: 0.47(0.47)  Batch time: 0.49(0.67)
2026-04-27 15:40:10,822   INFO  Train:   32/80 ( 40%) [  72/167 ( 43%)]  Loss: 0.8842 (0.935)  LR: 2.998e-03  Time cost: 00:41/00:54 [47:28/1:17:21]  Acc_iter 5250        Data time: 0.18(0.12)  Forward time: 0.49(0.45)  Batch time: 0.67(0.57)
2026-04-27 15:40:11,367   INFO  
2026-04-27 15:40:37,180   INFO  Train:   32/80 ( 40%) [ 122/167 ( 73%)]  Loss: 0.9985 (0.920)  LR: 3.000e-03  Time cost: 01:08/00:24 [47:55/1:14:25]  Acc_iter 5300        Data time: 0.00(0.09)  Forward time: 0.57(0.47)  Batch time: 0.57(0.55)
2026-04-27 15:40:58,177   INFO  Train:   32/80 ( 40%) [ 166/167 ( 99%)]  Loss: 0.7752 (0.907)  LR: 3.000e-03  Time cost: 01:29/00:00 [48:16/1:11:18]  Acc_iter 5344        Data time: 0.01(0.08)  Forward time: 0.12(0.46)  Batch time: 0.13(0.53)
2026-04-27 15:41:02,197   INFO  Train:   33/80 ( 41%) [   0/167 (  0%)]  Loss: 0.7409 (0.741)  LR: 3.000e-03  Time cost: 00:03/09:52 [48:20/7:53:52]  Acc_iter 5345        Data time: 3.03(3.03)  Forward time: 0.51(0.51)  Batch time: 3.55(3.55)
2026-04-27 15:41:04,779   INFO  Train:   33/80 ( 41%) [   5/167 (  3%)]  Loss: 1.218 (0.867)  LR: 3.000e-03  Time cost: 00:06/02:45 [48:22/2:16:23]  Acc_iter 5350        Data time: 0.28(0.62)  Forward time: 0.25(0.40)  Batch time: 0.53(1.02)
2026-04-27 15:41:30,997   INFO  Train:   33/80 ( 41%) [  55/167 ( 33%)]  Loss: 1.011 (0.884)  LR: 3.000e-03  Time cost: 00:32/01:04 [48:48/1:16:38]  Acc_iter 5400        Data time: 0.00(0.13)  Forward time: 0.58(0.45)  Batch time: 0.58(0.58)
2026-04-27 15:41:31,564   INFO  
2026-04-27 15:41:57,506   INFO  Train:   33/80 ( 41%) [ 105/167 ( 63%)]  Loss: 0.8103 (0.896)  LR: 2.999e-03  Time cost: 00:58/00:34 [49:15/1:13:12]  Acc_iter 5450        Data time: 0.00(0.10)  Forward time: 0.32(0.46)  Batch time: 0.32(0.56)
2026-04-27 15:42:23,795   INFO  Train:   33/80 ( 41%) [ 155/167 ( 93%)]  Loss: 0.8203 (0.891)  LR: 2.997e-03  Time cost: 01:25/00:06 [49:41/1:11:30]  Acc_iter 5500        Data time: 0.02(0.11)  Forward time: 0.56(0.44)  Batch time: 0.58(0.55)
2026-04-27 15:42:27,409   INFO  Train:   33/80 ( 41%) [ 166/167 ( 99%)]  Loss: 0.9108 (0.894)  LR: 2.997e-03  Time cost: 01:28/00:00 [49:45/1:09:32]  Acc_iter 5511        Data time: 0.01(0.10)  Forward time: 0.12(0.43)  Batch time: 0.13(0.53)
2026-04-27 15:42:31,156   INFO  Train:   34/80 ( 42%) [   0/167 (  0%)]  Loss: 0.8431 (0.843)  LR: 2.997e-03  Time cost: 00:03/09:06 [49:49/7:08:14]  Acc_iter 5512        Data time: 2.92(2.92)  Forward time: 0.34(0.34)  Batch time: 3.26(3.26)
2026-04-27 15:42:50,710   INFO  Train:   34/80 ( 42%) [  38/167 ( 23%)]  Loss: 0.9628 (0.876)  LR: 2.995e-03  Time cost: 00:22/01:15 [50:08/1:16:11]  Acc_iter 5550        Data time: 0.26(0.16)  Forward time: 0.53(0.43)  Batch time: 0.80(0.59)
2026-04-27 15:42:51,308   INFO  
2026-04-27 15:43:18,059   INFO  Train:   34/80 ( 42%) [  88/167 ( 53%)]  Loss: 1.191 (0.895)  LR: 2.993e-03  Time cost: 00:50/00:44 [50:35/1:12:55]  Acc_iter 5600        Data time: 0.02(0.13)  Forward time: 0.53(0.43)  Batch time: 0.54(0.56)
2026-04-27 15:43:44,623   INFO  Train:   34/80 ( 42%) [ 138/167 ( 83%)]  Loss: 0.7021 (0.896)  LR: 2.989e-03  Time cost: 01:16/00:16 [51:02/1:10:57]  Acc_iter 5650        Data time: 0.00(0.10)  Forward time: 0.49(0.45)  Batch time: 0.50(0.55)
2026-04-27 15:43:57,259   INFO  Train:   34/80 ( 42%) [ 166/167 ( 99%)]  Loss: 0.9400 (0.886)  LR: 2.987e-03  Time cost: 01:29/00:00 [51:15/1:08:31]  Acc_iter 5678        Data time: 0.01(0.08)  Forward time: 0.12(0.45)  Batch time: 0.13(0.54)
2026-04-27 15:44:01,781   INFO  Train:   35/80 ( 44%) [   0/167 (  0%)]  Loss: 0.6821 (0.682)  LR: 2.987e-03  Time cost: 00:04/11:15 [51:19/8:37:30]  Acc_iter 5679        Data time: 3.52(3.52)  Forward time: 0.52(0.52)  Batch time: 4.04(4.04)
2026-04-27 15:44:12,812   INFO  Train:   35/80 ( 44%) [  21/167 ( 13%)]  Loss: 0.7082 (0.898)  LR: 2.986e-03  Time cost: 00:15/01:40 [51:30/1:27:28]  Acc_iter 5700        Data time: 0.00(0.23)  Forward time: 0.49(0.45)  Batch time: 0.49(0.69)
2026-04-27 15:44:13,375   INFO  
2026-04-27 15:44:39,298   INFO  Train:   35/80 ( 44%) [  71/167 ( 43%)]  Loss: 0.9484 (0.862)  LR: 2.981e-03  Time cost: 00:41/00:55 [51:57/1:13:13]  Acc_iter 5750        Data time: 0.00(0.12)  Forward time: 0.52(0.46)  Batch time: 0.53(0.58)
2026-04-27 15:45:05,698   INFO  Train:   35/80 ( 44%) [ 121/167 ( 72%)]  Loss: 1.004 (0.856)  LR: 2.976e-03  Time cost: 01:07/00:25 [52:23/1:10:11]  Acc_iter 5800        Data time: 0.00(0.09)  Forward time: 0.53(0.47)  Batch time: 0.53(0.56)
2026-04-27 15:45:27,655   INFO  Train:   35/80 ( 44%) [ 166/167 ( 99%)]  Loss: 0.6777 (0.849)  LR: 2.971e-03  Time cost: 01:29/00:00 [52:45/1:07:26]  Acc_iter 5845        Data time: 0.01(0.07)  Forward time: 0.12(0.47)  Batch time: 0.13(0.54)
2026-04-27 15:45:31,704   INFO  Train:   36/80 ( 45%) [   0/167 (  0%)]  Loss: 0.8652 (0.865)  LR: 2.971e-03  Time cost: 00:03/09:45 [52:49/7:18:50]  Acc_iter 5846        Data time: 2.96(2.96)  Forward time: 0.54(0.54)  Batch time: 3.50(3.50)
2026-04-27 15:45:33,821   INFO  Train:   36/80 ( 45%) [   4/167 (  2%)]  Loss: 0.6323 (0.767)  LR: 2.971e-03  Time cost: 00:05/03:03 [52:51/2:20:42]  Acc_iter 5850        Data time: 0.02(0.69)  Forward time: 0.51(0.44)  Batch time: 0.52(1.12)
2026-04-27 15:45:34,460   INFO  
2026-04-27 15:46:00,533   INFO  Train:   36/80 ( 45%) [  54/167 ( 32%)]  Loss: 0.8163 (0.882)  LR: 2.965e-03  Time cost: 00:32/01:06 [53:18/1:13:06]  Acc_iter 5900        Data time: 0.00(0.15)  Forward time: 0.66(0.44)  Batch time: 0.66(0.59)
2026-04-27 15:46:26,624   INFO  Train:   36/80 ( 45%) [ 104/167 ( 62%)]  Loss: 0.8787 (0.874)  LR: 2.958e-03  Time cost: 00:58/00:35 [53:44/1:08:43]  Acc_iter 5950        Data time: 0.19(0.11)  Forward time: 0.34(0.44)  Batch time: 0.54(0.55)
2026-04-27 15:46:53,186   INFO  Train:   36/80 ( 45%) [ 154/167 ( 92%)]  Loss: 0.6217 (0.859)  LR: 2.951e-03  Time cost: 01:24/00:07 [54:11/1:07:15]  Acc_iter 6000        Data time: 0.31(0.11)  Forward time: 0.45(0.44)  Batch time: 0.76(0.55)
2026-04-27 15:46:53,770   INFO  
2026-04-27 15:46:57,401   INFO  Train:   36/80 ( 45%) [ 166/167 ( 99%)]  Loss: 0.7718 (0.857)  LR: 2.949e-03  Time cost: 01:29/00:00 [54:15/1:05:25]  Acc_iter 6012        Data time: 0.01(0.10)  Forward time: 0.12(0.43)  Batch time: 0.13(0.53)
2026-04-27 15:47:01,112   INFO  Train:   37/80 ( 46%) [   0/167 (  0%)]  Loss: 0.8381 (0.838)  LR: 2.949e-03  Time cost: 00:03/09:00 [54:18/6:36:31]  Acc_iter 6013        Data time: 2.58(2.58)  Forward time: 0.66(0.66)  Batch time: 3.24(3.24)
2026-04-27 15:47:21,104   INFO  Train:   37/80 ( 46%) [  37/167 ( 22%)]  Loss: 0.7287 (0.860)  LR: 2.943e-03  Time cost: 00:23/01:19 [54:38/1:14:29]  Acc_iter 6050        Data time: 0.02(0.16)  Forward time: 0.49(0.46)  Batch time: 0.51(0.61)
2026-04-27 15:47:47,715   INFO  Train:   37/80 ( 46%) [  87/167 ( 52%)]  Loss: 0.7650 (0.863)  LR: 2.935e-03  Time cost: 00:49/00:45 [55:05/1:08:32]  Acc_iter 6100        Data time: 0.00(0.10)  Forward time: 0.67(0.47)  Batch time: 0.67(0.57)
2026-04-27 15:48:13,763   INFO  Train:   37/80 ( 46%) [ 137/167 ( 82%)]  Loss: 1.171 (0.863)  LR: 2.926e-03  Time cost: 01:15/00:16 [55:31/1:06:05]  Acc_iter 6150        Data time: 0.00(0.08)  Forward time: 0.35(0.47)  Batch time: 0.35(0.55)
2026-04-27 15:48:14,294   INFO  
2026-04-27 15:48:27,079   INFO  Train:   37/80 ( 46%) [ 166/167 ( 99%)]  Loss: 0.7902 (0.858)  LR: 2.921e-03  Time cost: 01:29/00:00 [55:44/1:03:56]  Acc_iter 6179        Data time: 0.01(0.07)  Forward time: 0.12(0.46)  Batch time: 0.13(0.53)
2026-04-27 15:48:30,998   INFO  Train:   38/80 ( 48%) [   0/167 (  0%)]  Loss: 0.7341 (0.734)  LR: 2.920e-03  Time cost: 00:03/09:35 [55:48/6:52:17]  Acc_iter 6180        Data time: 2.91(2.91)  Forward time: 0.54(0.54)  Batch time: 3.44(3.44)
2026-04-27 15:48:41,434   INFO  Train:   38/80 ( 48%) [  20/167 ( 12%)]  Loss: 0.6972 (0.796)  LR: 2.917e-03  Time cost: 00:13/01:37 [55:59/1:18:53]  Acc_iter 6200        Data time: 0.16(0.24)  Forward time: 0.25(0.42)  Batch time: 0.40(0.66)
2026-04-27 15:49:07,930   INFO  Train:   38/80 ( 48%) [  70/167 ( 42%)]  Loss: 0.8518 (0.817)  LR: 2.907e-03  Time cost: 00:40/00:55 [56:25/1:07:23]  Acc_iter 6250        Data time: 0.02(0.11)  Forward time: 0.53(0.46)  Batch time: 0.55(0.57)
2026-04-27 15:49:34,634   INFO  Train:   38/80 ( 48%) [ 120/167 ( 72%)]  Loss: 0.8066 (0.821)  LR: 2.896e-03  Time cost: 01:07/00:26 [56:52/1:05:14]  Acc_iter 6300        Data time: 0.28(0.11)  Forward time: 0.51(0.45)  Batch time: 0.79(0.55)
2026-04-27 15:49:35,101   INFO  
2026-04-27 15:49:56,671   INFO  Train:   38/80 ( 48%) [ 166/167 ( 99%)]  Loss: 0.9387 (0.824)  LR: 2.886e-03  Time cost: 01:29/00:00 [57:14/1:02:23]  Acc_iter 6346        Data time: 0.01(0.09)  Forward time: 0.12(0.44)  Batch time: 0.13(0.53)
2026-04-27 15:50:00,882   INFO  Train:   39/80 ( 49%) [   0/167 (  0%)]  Loss: 0.7745 (0.775)  LR: 2.886e-03  Time cost: 00:03/10:22 [57:18/7:15:45]  Acc_iter 6347        Data time: 3.36(3.36)  Forward time: 0.36(0.36)  Batch time: 3.71(3.71)
2026-04-27 15:50:02,451   INFO  Train:   39/80 ( 49%) [   3/167 (  2%)]  Loss: 0.7696 (0.763)  LR: 2.885e-03  Time cost: 00:05/03:37 [57:20/2:34:43]  Acc_iter 6350        Data time: 0.02(0.85)  Forward time: 0.70(0.47)  Batch time: 0.72(1.32)
2026-04-27 15:50:28,280   INFO  Train:   39/80 ( 49%) [  53/167 ( 32%)]  Loss: 0.9528 (0.789)  LR: 2.874e-03  Time cost: 00:31/01:05 [57:46/1:06:52]  Acc_iter 6400        Data time: 0.00(0.14)  Forward time: 0.33(0.43)  Batch time: 0.34(0.58)
2026-04-27 15:50:54,120   INFO  Train:   39/80 ( 49%) [ 103/167 ( 62%)]  Loss: 0.8495 (0.805)  LR: 2.862e-03  Time cost: 00:56/00:35 [58:12/1:03:05]  Acc_iter 6450        Data time: 0.00(0.11)  Forward time: 0.48(0.44)  Batch time: 0.49(0.55)
2026-04-27 15:50:54,828   INFO  
2026-04-27 15:51:20,859   INFO  Train:   39/80 ( 49%) [ 153/167 ( 92%)]  Loss: 0.7209 (0.803)  LR: 2.849e-03  Time cost: 01:23/00:07 [58:38/1:02:09]  Acc_iter 6500        Data time: 0.01(0.11)  Forward time: 0.49(0.44)  Batch time: 0.50(0.54)
2026-04-27 15:51:25,601   INFO  Train:   39/80 ( 49%) [ 166/167 ( 99%)]  Loss: 0.6588 (0.800)  LR: 2.846e-03  Time cost: 01:28/00:00 [58:43/1:00:26]  Acc_iter 6513        Data time: 0.01(0.10)  Forward time: 0.12(0.43)  Batch time: 0.13(0.53)
2026-04-27 15:51:29,873   INFO  Train:   40/80 ( 50%) [   0/167 (  0%)]  Loss: 0.7523 (0.752)  LR: 2.845e-03  Time cost: 00:03/10:34 [58:47/7:13:39]  Acc_iter 6514        Data time: 3.40(3.40)  Forward time: 0.38(0.38)  Batch time: 3.79(3.79)
2026-04-27 15:51:48,623   INFO  Train:   40/80 ( 50%) [  36/167 ( 22%)]  Loss: 0.8558 (0.769)  LR: 2.836e-03  Time cost: 00:22/01:19 [59:06/1:09:11]  Acc_iter 6550        Data time: 0.27(0.19)  Forward time: 0.37(0.42)  Batch time: 0.63(0.61)
2026-04-27 15:52:14,597   INFO  Train:   40/80 ( 50%) [  86/167 ( 51%)]  Loss: 0.9592 (0.788)  LR: 2.822e-03  Time cost: 00:48/00:45 [59:32/1:02:50]  Acc_iter 6600        Data time: 0.02(0.11)  Forward time: 0.33(0.45)  Batch time: 0.34(0.56)
2026-04-27 15:52:15,212   INFO  
2026-04-27 15:52:41,404   INFO  Train:   40/80 ( 50%) [ 136/167 ( 81%)]  Loss: 0.9301 (0.786)  LR: 2.808e-03  Time cost: 01:15/00:17 [59:59/1:01:30]  Acc_iter 6650        Data time: 0.00(0.09)  Forward time: 0.56(0.46)  Batch time: 0.56(0.55)
2026-04-27 15:52:55,176   INFO  Train:   40/80 ( 50%) [ 166/167 ( 99%)]  Loss: 0.7519 (0.792)  LR: 2.799e-03  Time cost: 01:29/00:00 [1:00:13/59:24]  Acc_iter 6680        Data time: 0.02(0.09)  Forward time: 0.12(0.44)  Batch time: 0.13(0.53)
2026-04-27 15:52:58,891   INFO  Train:   41/80 ( 51%) [   0/167 (  0%)]  Loss: 0.7538 (0.754)  LR: 2.799e-03  Time cost: 00:03/09:00 [1:00:16/6:00:17]  Acc_iter 6681        Data time: 2.58(2.58)  Forward time: 0.65(0.65)  Batch time: 3.22(3.22)
2026-04-27 15:53:09,068   INFO  Train:   41/80 ( 51%) [  19/167 ( 11%)]  Loss: 0.7211 (0.777)  LR: 2.793e-03  Time cost: 00:13/01:39 [1:00:26/1:14:27]  Acc_iter 6700        Data time: 0.02(0.20)  Forward time: 0.55(0.47)  Batch time: 0.57(0.67)
2026-04-27 15:53:35,509   INFO  Train:   41/80 ( 51%) [  69/167 ( 41%)]  Loss: 0.5300 (0.778)  LR: 2.778e-03  Time cost: 00:39/00:55 [1:00:53/1:02:43]  Acc_iter 6750        Data time: 0.02(0.11)  Forward time: 0.53(0.46)  Batch time: 0.55(0.57)
2026-04-27 15:53:36,176   INFO  
2026-04-27 15:54:02,296   INFO  Train:   41/80 ( 51%) [ 119/167 ( 71%)]  Loss: 0.5814 (0.777)  LR: 2.763e-03  Time cost: 01:06/00:26 [1:01:20/1:00:43]  Acc_iter 6800        Data time: 0.00(0.09)  Forward time: 0.34(0.47)  Batch time: 0.35(0.56)
2026-04-27 15:54:25,029   INFO  Train:   41/80 ( 51%) [ 166/167 ( 99%)]  Loss: 0.8207 (0.775)  LR: 2.748e-03  Time cost: 01:29/00:00 [1:01:42/58:06]  Acc_iter 6847        Data time: 0.01(0.08)  Forward time: 0.12(0.46)  Batch time: 0.13(0.54)
2026-04-27 15:54:29,477   INFO  Train:   42/80 ( 52%) [   0/167 (  0%)]  Loss: 0.8930 (0.893)  LR: 2.747e-03  Time cost: 00:03/11:03 [1:01:47/7:11:00]  Acc_iter 6848        Data time: 3.44(3.44)  Forward time: 0.52(0.52)  Batch time: 3.96(3.96)
2026-04-27 15:54:30,174   INFO  Train:   42/80 ( 52%) [   2/167 (  1%)]  Loss: 0.8078 (0.867)  LR: 2.747e-03  Time cost: 00:04/04:16 [1:01:48/2:48:50]  Acc_iter 6850        Data time: 0.02(1.16)  Forward time: 0.42(0.40)  Batch time: 0.43(1.56)
2026-04-27 15:54:56,323   INFO  Train:   42/80 ( 52%) [  52/167 ( 31%)]  Loss: 0.7511 (0.797)  LR: 2.730e-03  Time cost: 00:30/01:06 [1:02:14/1:02:36]  Acc_iter 6900        Data time: 0.00(0.12)  Forward time: 0.26(0.46)  Batch time: 0.26(0.58)
2026-04-27 15:54:56,901   INFO  
2026-04-27 15:55:22,879   INFO  Train:   42/80 ( 52%) [ 102/167 ( 61%)]  Loss: 0.6707 (0.787)  LR: 2.713e-03  Time cost: 00:57/00:36 [1:02:40/59:31]  Acc_iter 6950        Data time: 0.00(0.11)  Forward time: 0.33(0.45)  Batch time: 0.33(0.56)
2026-04-27 15:55:49,465   INFO  Train:   42/80 ( 52%) [ 152/167 ( 91%)]  Loss: 0.6998 (0.783)  LR: 2.695e-03  Time cost: 01:23/00:08 [1:03:07/58:10]  Acc_iter 7000        Data time: 0.25(0.09)  Forward time: 0.55(0.46)  Batch time: 0.80(0.55)
2026-04-27 15:55:54,635   INFO  Train:   42/80 ( 52%) [ 166/167 ( 99%)]  Loss: 1.014 (0.780)  LR: 2.690e-03  Time cost: 01:29/00:00 [1:03:12/56:27]  Acc_iter 7014        Data time: 0.01(0.08)  Forward time: 0.12(0.45)  Batch time: 0.13(0.53)
2026-04-27 15:55:59,246   INFO  Train:   43/80 ( 54%) [   0/167 (  0%)]  Loss: 0.7955 (0.795)  LR: 2.690e-03  Time cost: 00:04/11:28 [1:03:17/7:15:54]  Acc_iter 7015        Data time: 3.87(3.87)  Forward time: 0.23(0.23)  Batch time: 4.11(4.11)
2026-04-27 15:56:16,469   INFO  Train:   43/80 ( 54%) [  35/167 ( 21%)]  Loss: 0.8409 (0.746)  LR: 2.677e-03  Time cost: 00:21/01:18 [1:03:34/1:02:21]  Acc_iter 7050        Data time: 0.24(0.17)  Forward time: 0.28(0.42)  Batch time: 0.52(0.59)
2026-04-27 15:56:17,169   INFO  
2026-04-27 15:56:43,367   INFO  Train:   43/80 ( 54%) [  85/167 ( 51%)]  Loss: 0.5513 (0.754)  LR: 2.659e-03  Time cost: 00:48/00:45 [1:04:01/58:32]  Acc_iter 7100        Data time: 0.20(0.10)  Forward time: 0.27(0.46)  Batch time: 0.48(0.56)
2026-04-27 15:57:10,379   INFO  Train:   43/80 ( 54%) [ 135/167 ( 81%)]  Loss: 0.5714 (0.745)  LR: 2.640e-03  Time cost: 01:15/00:17 [1:04:28/57:16]  Acc_iter 7150        Data time: 0.25(0.08)  Forward time: 0.56(0.47)  Batch time: 0.81(0.55)
2026-04-27 15:57:24,896   INFO  Train:   43/80 ( 54%) [ 166/167 ( 99%)]  Loss: 0.9061 (0.753)  LR: 2.628e-03  Time cost: 01:29/00:00 [1:04:42/55:22]  Acc_iter 7181        Data time: 0.01(0.07)  Forward time: 0.12(0.46)  Batch time: 0.13(0.54)
2026-04-27 15:57:28,583   INFO  Train:   44/80 ( 55%) [   0/167 (  0%)]  Loss: 0.9132 (0.913)  LR: 2.628e-03  Time cost: 00:03/08:54 [1:04:46/5:29:45]  Acc_iter 7182        Data time: 2.60(2.60)  Forward time: 0.59(0.59)  Batch time: 3.20(3.20)
2026-04-27 15:57:38,029   INFO  Train:   44/80 ( 55%) [  18/167 ( 11%)]  Loss: 0.7569 (0.763)  LR: 2.621e-03  Time cost: 00:12/01:39 [1:04:55/1:08:21]  Acc_iter 7200        Data time: 0.02(0.22)  Forward time: 0.34(0.44)  Batch time: 0.35(0.66)
2026-04-27 15:57:38,615   INFO  
2026-04-27 15:58:05,018   INFO  Train:   44/80 ( 55%) [  68/167 ( 41%)]  Loss: 0.8568 (0.745)  LR: 2.601e-03  Time cost: 00:39/00:56 [1:05:22/58:30]  Acc_iter 7250        Data time: 0.00(0.11)  Forward time: 0.48(0.47)  Batch time: 0.48(0.57)
2026-04-27 15:58:31,541   INFO  Train:   44/80 ( 55%) [ 118/167 ( 71%)]  Loss: 0.7002 (0.736)  LR: 2.581e-03  Time cost: 01:06/00:27 [1:05:49/56:09]  Acc_iter 7300        Data time: 0.02(0.09)  Forward time: 0.47(0.46)  Batch time: 0.49(0.56)
2026-04-27 15:58:54,756   INFO  Train:   44/80 ( 55%) [ 166/167 ( 99%)]  Loss: 0.7108 (0.727)  LR: 2.561e-03  Time cost: 01:29/00:00 [1:06:12/53:38]  Acc_iter 7348        Data time: 0.01(0.08)  Forward time: 0.12(0.45)  Batch time: 0.13(0.54)
2026-04-27 15:58:58,560   INFO  Train:   45/80 ( 56%) [   0/167 (  0%)]  Loss: 0.6685 (0.668)  LR: 2.561e-03  Time cost: 00:03/09:14 [1:06:16/5:32:37]  Acc_iter 7349        Data time: 2.94(2.94)  Forward time: 0.37(0.37)  Batch time: 3.31(3.31)
2026-04-27 15:58:59,492   INFO  Train:   45/80 ( 56%) [   1/167 (  1%)]  Loss: 0.6400 (0.654)  LR: 2.560e-03  Time cost: 00:04/05:52 [1:06:17/3:32:58]  Acc_iter 7350        Data time: 0.66(1.80)  Forward time: 0.27(0.32)  Batch time: 0.93(2.12)
2026-04-27 15:58:59,942   INFO  
2026-04-27 15:59:25,606   INFO  Train:   45/80 ( 56%) [  51/167 ( 31%)]  Loss: 0.7899 (0.716)  LR: 2.539e-03  Time cost: 00:30/01:07 [1:06:43/58:00]  Acc_iter 7400        Data time: 0.02(0.11)  Forward time: 0.53(0.47)  Batch time: 0.55(0.58)
2026-04-27 15:59:52,043   INFO  Train:   45/80 ( 56%) [ 101/167 ( 60%)]  Loss: 0.6231 (0.722)  LR: 2.518e-03  Time cost: 00:56/00:36 [1:07:09/54:51]  Acc_iter 7450        Data time: 0.00(0.10)  Forward time: 0.42(0.45)  Batch time: 0.43(0.56)
2026-04-27 16:00:18,963   INFO  Train:   45/80 ( 56%) [ 151/167 ( 90%)]  Loss: 0.5122 (0.724)  LR: 2.496e-03  Time cost: 01:23/00:08 [1:07:36/53:48]  Acc_iter 7500        Data time: 0.02(0.08)  Forward time: 0.41(0.47)  Batch time: 0.43(0.55)
2026-04-27 16:00:19,465   INFO  
2026-04-27 16:00:24,600   INFO  Train:   45/80 ( 56%) [ 166/167 ( 99%)]  Loss: 0.6564 (0.719)  LR: 2.489e-03  Time cost: 01:29/00:00 [1:07:42/52:08]  Acc_iter 7515        Data time: 0.02(0.08)  Forward time: 0.12(0.45)  Batch time: 0.14(0.54)
2026-04-27 16:00:28,750   INFO  Train:   46/80 ( 58%) [   0/167 (  0%)]  Loss: 0.6419 (0.642)  LR: 2.489e-03  Time cost: 00:03/10:05 [1:07:46/5:53:26]  Acc_iter 7516        Data time: 3.08(3.08)  Forward time: 0.54(0.54)  Batch time: 3.63(3.63)
2026-04-27 16:00:46,927   INFO  Train:   46/80 ( 58%) [  34/167 ( 20%)]  Loss: 0.7615 (0.732)  LR: 2.474e-03  Time cost: 00:21/01:22 [1:08:04/1:00:20]  Acc_iter 7550        Data time: 0.02(0.19)  Forward time: 0.55(0.43)  Batch time: 0.57(0.62)
2026-04-27 16:01:13,513   INFO  Train:   46/80 ( 58%) [  84/167 ( 50%)]  Loss: 0.6800 (0.724)  LR: 2.451e-03  Time cost: 00:48/00:47 [1:08:31/54:39]  Acc_iter 7600        Data time: 0.27(0.11)  Forward time: 0.58(0.46)  Batch time: 0.85(0.57)
2026-04-27 16:01:39,987   INFO  Train:   46/80 ( 58%) [ 134/167 ( 80%)]  Loss: 0.7687 (0.706)  LR: 2.428e-03  Time cost: 01:14/00:18 [1:08:57/52:47]  Acc_iter 7650        Data time: 0.00(0.09)  Forward time: 0.55(0.46)  Batch time: 0.55(0.55)
2026-04-27 16:01:40,505   INFO  
2026-04-27 16:01:54,823   INFO  Train:   46/80 ( 58%) [ 166/167 ( 99%)]  Loss: 0.7091 (0.695)  LR: 2.414e-03  Time cost: 01:29/00:00 [1:09:12/50:50]  Acc_iter 7682        Data time: 0.01(0.09)  Forward time: 0.12(0.45)  Batch time: 0.13(0.54)
2026-04-27 16:01:58,509   INFO  Train:   47/80 ( 59%) [   0/167 (  0%)]  Loss: 0.6831 (0.683)  LR: 2.413e-03  Time cost: 00:03/08:54 [1:09:16/5:03:03]  Acc_iter 7683        Data time: 2.57(2.57)  Forward time: 0.63(0.63)  Batch time: 3.20(3.20)
2026-04-27 16:02:07,251   INFO  Train:   47/80 ( 59%) [  17/167 ( 10%)]  Loss: 0.7828 (0.706)  LR: 2.405e-03  Time cost: 00:11/01:39 [1:09:25/1:02:36]  Acc_iter 7700        Data time: 0.02(0.19)  Forward time: 0.34(0.47)  Batch time: 0.36(0.65)
2026-04-27 16:02:34,430   INFO  Train:   47/80 ( 59%) [  67/167 ( 40%)]  Loss: 0.5870 (0.686)  LR: 2.382e-03  Time cost: 00:39/00:57 [1:09:52/53:48]  Acc_iter 7750        Data time: 0.00(0.10)  Forward time: 0.50(0.48)  Batch time: 0.51(0.58)
2026-04-27 16:03:00,648   INFO  Train:   47/80 ( 59%) [ 117/167 ( 70%)]  Loss: 0.7485 (0.686)  LR: 2.358e-03  Time cost: 01:05/00:27 [1:10:18/51:19]  Acc_iter 7800        Data time: 0.02(0.07)  Forward time: 0.43(0.48)  Batch time: 0.45(0.55)
2026-04-27 16:03:01,245   INFO  
2026-04-27 16:03:24,353   INFO  Train:   47/80 ( 59%) [ 166/167 ( 99%)]  Loss: 0.6192 (0.680)  LR: 2.334e-03  Time cost: 01:29/00:00 [1:10:42/48:59]  Acc_iter 7849        Data time: 0.01(0.07)  Forward time: 0.12(0.46)  Batch time: 0.13(0.53)
2026-04-27 16:03:29,047   INFO  Train:   48/80 ( 60%) [   0/167 (  0%)]  Loss: 0.6678 (0.668)  LR: 2.333e-03  Time cost: 00:04/11:43 [1:10:46/6:26:47]  Acc_iter 7850        Data time: 3.97(3.97)  Forward time: 0.22(0.22)  Batch time: 4.20(4.20)
2026-04-27 16:03:55,010   INFO  Train:   48/80 ( 60%) [  50/167 ( 30%)]  Loss: 0.5699 (0.696)  LR: 2.309e-03  Time cost: 00:30/01:09 [1:11:12/53:51]  Acc_iter 7900        Data time: 0.16(0.18)  Forward time: 0.54(0.41)  Batch time: 0.70(0.59)
2026-04-27 16:04:21,662   INFO  Train:   48/80 ( 60%) [ 100/167 ( 60%)]  Loss: 0.5025 (0.689)  LR: 2.284e-03  Time cost: 00:56/00:37 [1:11:39/50:44]  Acc_iter 7950        Data time: 0.02(0.12)  Forward time: 0.48(0.44)  Batch time: 0.49(0.56)
2026-04-27 16:04:22,239   INFO  
2026-04-27 16:04:48,120   INFO  Train:   48/80 ( 60%) [ 150/167 ( 90%)]  Loss: 0.7940 (0.688)  LR: 2.259e-03  Time cost: 01:23/00:09 [1:12:06/49:16]  Acc_iter 8000        Data time: 0.00(0.10)  Forward time: 0.59(0.45)  Batch time: 0.59(0.55)
2026-04-27 16:04:54,207   INFO  Train:   48/80 ( 60%) [ 166/167 ( 99%)]  Loss: 1.041 (0.685)  LR: 2.251e-03  Time cost: 01:29/00:00 [1:12:12/47:40]  Acc_iter 8016        Data time: 0.01(0.09)  Forward time: 0.12(0.44)  Batch time: 0.13(0.54)
2026-04-27 16:04:57,520   INFO  Train:   49/80 ( 61%) [   0/167 (  0%)]  Loss: 0.6483 (0.648)  LR: 2.250e-03  Time cost: 00:02/07:52 [1:12:15/4:11:50]  Acc_iter 8017        Data time: 2.44(2.44)  Forward time: 0.37(0.37)  Batch time: 2.81(2.81)
2026-04-27 16:05:15,658   INFO  Train:   49/80 ( 61%) [  33/167 ( 20%)]  Loss: 0.5763 (0.655)  LR: 2.233e-03  Time cost: 00:20/01:22 [1:12:33/54:34]  Acc_iter 8050        Data time: 0.00(0.16)  Forward time: 0.46(0.46)  Batch time: 0.47(0.62)
2026-04-27 16:05:42,117   INFO  Train:   49/80 ( 61%) [  83/167 ( 50%)]  Loss: 0.7250 (0.667)  LR: 2.207e-03  Time cost: 00:47/00:47 [1:13:00/49:30]  Acc_iter 8100        Data time: 0.19(0.08)  Forward time: 0.35(0.49)  Batch time: 0.54(0.56)
2026-04-27 16:05:42,690   INFO  
2026-04-27 16:06:08,845   INFO  Train:   49/80 ( 61%) [ 133/167 ( 80%)]  Loss: 0.5224 (0.656)  LR: 2.181e-03  Time cost: 01:14/00:18 [1:13:26/48:03]  Acc_iter 8150        Data time: 0.19(0.08)  Forward time: 0.55(0.47)  Batch time: 0.74(0.55)
2026-04-27 16:06:24,115   INFO  Train:   49/80 ( 61%) [ 166/167 ( 99%)]  Loss: 0.5937 (0.661)  LR: 2.164e-03  Time cost: 01:29/00:00 [1:13:41/46:12]  Acc_iter 8183        Data time: 0.01(0.07)  Forward time: 0.12(0.46)  Batch time: 0.13(0.54)
2026-04-27 16:06:27,932   INFO  Train:   50/80 ( 62%) [   0/167 (  0%)]  Loss: 0.6294 (0.629)  LR: 2.163e-03  Time cost: 00:03/09:15 [1:13:45/4:46:49]  Acc_iter 8184        Data time: 2.67(2.67)  Forward time: 0.65(0.65)  Batch time: 3.32(3.32)
2026-04-27 16:06:36,735   INFO  Train:   50/80 ( 62%) [  16/167 ( 10%)]  Loss: 0.6659 (0.670)  LR: 2.155e-03  Time cost: 00:12/01:47 [1:13:54/1:01:21]  Acc_iter 8200        Data time: 0.02(0.26)  Forward time: 0.61(0.45)  Batch time: 0.63(0.71)
2026-04-27 16:07:02,617   INFO  Train:   50/80 ( 62%) [  66/167 ( 40%)]  Loss: 0.5380 (0.651)  LR: 2.128e-03  Time cost: 00:38/00:57 [1:14:20/48:19]  Acc_iter 8250        Data time: 0.17(0.12)  Forward time: 0.27(0.44)  Batch time: 0.44(0.57)
2026-04-27 16:07:03,137   INFO  
2026-04-27 16:07:29,599   INFO  Train:   50/80 ( 62%) [ 116/167 ( 69%)]  Loss: 0.6998 (0.645)  LR: 2.102e-03  Time cost: 01:04/00:28 [1:14:47/46:51]  Acc_iter 8300        Data time: 0.19(0.11)  Forward time: 0.50(0.44)  Batch time: 0.69(0.56)
2026-04-27 16:07:53,749   INFO  Train:   50/80 ( 62%) [ 166/167 ( 99%)]  Loss: 0.7901 (0.643)  LR: 2.075e-03  Time cost: 01:29/00:00 [1:15:11/44:34]  Acc_iter 8350        Data time: 0.01(0.10)  Forward time: 0.12(0.43)  Batch time: 0.14(0.53)
2026-04-27 16:07:58,158   INFO  Train:   51/80 ( 64%) [   0/167 (  0%)]  Loss: 0.6087 (0.609)  LR: 2.074e-03  Time cost: 00:03/10:55 [1:15:16/5:27:53]  Acc_iter 8351        Data time: 3.42(3.42)  Forward time: 0.51(0.51)  Batch time: 3.93(3.93)
2026-04-27 16:08:23,399   INFO  Train:   51/80 ( 64%) [  49/167 ( 29%)]  Loss: 0.5834 (0.655)  LR: 2.047e-03  Time cost: 00:29/01:08 [1:15:41/48:14]  Acc_iter 8400        Data time: 0.00(0.14)  Forward time: 0.37(0.45)  Batch time: 0.37(0.58)
2026-04-27 16:08:23,969   INFO  
2026-04-27 16:08:50,126   INFO  Train:   51/80 ( 64%) [  99/167 ( 59%)]  Loss: 0.6503 (0.641)  LR: 2.020e-03  Time cost: 00:55/00:38 [1:16:08/45:44]  Acc_iter 8450        Data time: 0.00(0.12)  Forward time: 0.49(0.44)  Batch time: 0.50(0.56)
2026-04-27 16:09:16,452   INFO  Train:   51/80 ( 64%) [ 149/167 ( 89%)]  Loss: 0.6872 (0.637)  LR: 1.992e-03  Time cost: 01:22/00:09 [1:16:34/44:24]  Acc_iter 8500        Data time: 0.01(0.10)  Forward time: 0.34(0.44)  Batch time: 0.35(0.55)
2026-04-27 16:09:23,454   INFO  Train:   51/80 ( 64%) [ 166/167 ( 99%)]  Loss: 0.5240 (0.634)  LR: 1.983e-03  Time cost: 01:29/00:00 [1:16:41/43:08]  Acc_iter 8517        Data time: 0.01(0.10)  Forward time: 0.12(0.43)  Batch time: 0.13(0.53)
2026-04-27 16:09:28,097   INFO  Train:   52/80 ( 65%) [   0/167 (  0%)]  Loss: 0.6025 (0.602)  LR: 1.982e-03  Time cost: 00:04/11:32 [1:16:45/5:34:49]  Acc_iter 8518        Data time: 3.61(3.61)  Forward time: 0.53(0.53)  Batch time: 4.13(4.13)
2026-04-27 16:09:44,461   INFO  Train:   52/80 ( 65%) [  32/167 ( 19%)]  Loss: 0.5840 (0.609)  LR: 1.964e-03  Time cost: 00:20/01:23 [1:17:02/49:50]  Acc_iter 8550        Data time: 0.01(0.17)  Forward time: 0.54(0.45)  Batch time: 0.55(0.62)
2026-04-27 16:09:45,125   INFO  
2026-04-27 16:10:11,527   INFO  Train:   52/80 ( 65%) [  82/167 ( 49%)]  Loss: 0.8186 (0.604)  LR: 1.936e-03  Time cost: 00:47/00:48 [1:17:29/45:29]  Acc_iter 8600        Data time: 0.00(0.10)  Forward time: 0.55(0.48)  Batch time: 0.56(0.57)
2026-04-27 16:10:38,010   INFO  Train:   52/80 ( 65%) [ 132/167 ( 79%)]  Loss: 0.7004 (0.605)  LR: 1.908e-03  Time cost: 01:14/00:19 [1:17:55/43:43]  Acc_iter 8650        Data time: 0.17(0.08)  Forward time: 0.47(0.48)  Batch time: 0.63(0.56)
2026-04-27 16:10:53,777   INFO  Train:   52/80 ( 65%) [ 166/167 ( 99%)]  Loss: 0.4246 (0.609)  LR: 1.889e-03  Time cost: 01:29/00:00 [1:18:11/41:55]  Acc_iter 8684        Data time: 0.01(0.06)  Forward time: 0.11(0.47)  Batch time: 0.13(0.54)
2026-04-27 16:10:57,395   INFO  Train:   53/80 ( 66%) [   0/167 (  0%)]  Loss: 0.5740 (0.574)  LR: 1.888e-03  Time cost: 00:03/08:41 [1:18:15/4:03:34]  Acc_iter 8685        Data time: 2.52(2.52)  Forward time: 0.61(0.61)  Batch time: 3.12(3.12)
2026-04-27 16:11:05,460   INFO  Train:   53/80 ( 66%) [  15/167 (  9%)]  Loss: 0.4948 (0.578)  LR: 1.880e-03  Time cost: 00:11/01:46 [1:18:23/54:19]  Acc_iter 8700        Data time: 0.02(0.24)  Forward time: 0.49(0.45)  Batch time: 0.51(0.70)
2026-04-27 16:11:06,095   INFO  
2026-04-27 16:11:31,925   INFO  Train:   53/80 ( 66%) [  65/167 ( 39%)]  Loss: 0.6163 (0.610)  LR: 1.851e-03  Time cost: 00:37/00:58 [1:18:49/43:50]  Acc_iter 8750        Data time: 0.21(0.12)  Forward time: 0.25(0.45)  Batch time: 0.46(0.57)
2026-04-27 16:11:58,744   INFO  Train:   53/80 ( 66%) [ 115/167 ( 69%)]  Loss: 0.4657 (0.604)  LR: 1.823e-03  Time cost: 01:04/00:28 [1:19:16/42:15]  Acc_iter 8800        Data time: 0.19(0.11)  Forward time: 0.58(0.44)  Batch time: 0.77(0.56)
2026-04-27 16:12:23,354   INFO  Train:   53/80 ( 66%) [ 165/167 ( 99%)]  Loss: 0.4655 (0.602)  LR: 1.794e-03  Time cost: 01:29/00:01 [1:19:41/40:20]  Acc_iter 8850        Data time: 0.01(0.09)  Forward time: 0.15(0.44)  Batch time: 0.16(0.54)
2026-04-27 16:12:23,499   INFO  
2026-04-27 16:12:23,635   INFO  Train:   53/80 ( 66%) [ 166/167 ( 99%)]  Loss: 0.3459 (0.600)  LR: 1.793e-03  Time cost: 01:29/00:00 [1:19:41/40:13]  Acc_iter 8851        Data time: 0.16(0.10)  Forward time: 0.12(0.44)  Batch time: 0.28(0.54)
2026-04-27 16:12:28,175   INFO  Train:   54/80 ( 68%) [   0/167 (  0%)]  Loss: 0.5268 (0.527)  LR: 1.793e-03  Time cost: 00:04/11:16 [1:19:46/5:04:15]  Acc_iter 8852        Data time: 3.82(3.82)  Forward time: 0.22(0.22)  Batch time: 4.04(4.04)
2026-04-27 16:12:52,473   INFO  Train:   54/80 ( 68%) [  48/167 ( 29%)]  Loss: 0.5369 (0.595)  LR: 1.765e-03  Time cost: 00:28/01:08 [1:20:10/43:00]  Acc_iter 8900        Data time: 0.38(0.11)  Forward time: 0.33(0.47)  Batch time: 0.71(0.58)
2026-04-27 16:13:19,580   INFO  Train:   54/80 ( 68%) [  98/167 ( 59%)]  Loss: 0.6135 (0.601)  LR: 1.736e-03  Time cost: 00:55/00:38 [1:20:37/41:10]  Acc_iter 8950        Data time: 0.02(0.11)  Forward time: 0.50(0.45)  Batch time: 0.52(0.56)
2026-04-27 16:13:46,116   INFO  Train:   54/80 ( 68%) [ 148/167 ( 89%)]  Loss: 0.6042 (0.592)  LR: 1.707e-03  Time cost: 01:21/00:10 [1:21:03/39:59]  Acc_iter 9000        Data time: 0.19(0.09)  Forward time: 0.54(0.46)  Batch time: 0.73(0.55)
2026-04-27 16:13:46,640   INFO  
2026-04-27 16:13:53,391   INFO  Train:   54/80 ( 68%) [ 166/167 ( 99%)]  Loss: 0.6088 (0.593)  LR: 1.696e-03  Time cost: 01:29/00:00 [1:21:11/38:41]  Acc_iter 9018        Data time: 0.02(0.09)  Forward time: 0.13(0.45)  Batch time: 0.14(0.53)
2026-04-27 16:13:57,720   INFO  Train:   55/80 ( 69%) [   0/167 (  0%)]  Loss: 0.7959 (0.796)  LR: 1.696e-03  Time cost: 00:03/10:39 [1:21:15/4:37:19]  Acc_iter 9019        Data time: 3.47(3.47)  Forward time: 0.35(0.35)  Batch time: 3.82(3.82)
2026-04-27 16:14:13,509   INFO  Train:   55/80 ( 69%) [  31/167 ( 19%)]  Loss: 0.6553 (0.608)  LR: 1.678e-03  Time cost: 00:19/01:23 [1:21:31/44:03]  Acc_iter 9050        Data time: 0.02(0.16)  Forward time: 0.70(0.45)  Batch time: 0.71(0.61)
2026-04-27 16:14:40,383   INFO  Train:   55/80 ( 69%) [  81/167 ( 49%)]  Loss: 0.4747 (0.592)  LR: 1.649e-03  Time cost: 00:46/00:48 [1:21:58/40:16]  Acc_iter 9100        Data time: 0.22(0.13)  Forward time: 0.33(0.44)  Batch time: 0.54(0.57)
2026-04-27 16:15:06,887   INFO  Train:   55/80 ( 69%) [ 131/167 ( 78%)]  Loss: 0.5084 (0.584)  LR: 1.619e-03  Time cost: 01:12/00:19 [1:22:24/38:48]  Acc_iter 9150        Data time: 0.02(0.09)  Forward time: 0.42(0.46)  Batch time: 0.44(0.55)
2026-04-27 16:15:07,594   INFO  
2026-04-27 16:15:23,514   INFO  Train:   55/80 ( 69%) [ 166/167 ( 99%)]  Loss: 0.3807 (0.579)  LR: 1.599e-03  Time cost: 01:29/00:00 [1:22:41/37:21]  Acc_iter 9185        Data time: 0.02(0.09)  Forward time: 0.12(0.45)  Batch time: 0.13(0.54)
2026-04-27 16:15:27,078   INFO  Train:   56/80 ( 70%) [   0/167 (  0%)]  Loss: 0.4244 (0.424)  LR: 1.598e-03  Time cost: 00:03/08:29 [1:22:44/3:32:22]  Acc_iter 9186        Data time: 2.67(2.67)  Forward time: 0.38(0.38)  Batch time: 3.04(3.04)
2026-04-27 16:15:35,018   INFO  Train:   56/80 ( 70%) [  14/167 (  8%)]  Loss: 0.5552 (0.556)  LR: 1.590e-03  Time cost: 00:10/01:52 [1:22:52/50:49]  Acc_iter 9200        Data time: 0.00(0.30)  Forward time: 0.51(0.44)  Batch time: 0.52(0.73)
2026-04-27 16:16:01,529   INFO  Train:   56/80 ( 70%) [  64/167 ( 38%)]  Loss: 0.4929 (0.548)  LR: 1.561e-03  Time cost: 00:37/00:59 [1:23:19/39:31]  Acc_iter 9250        Data time: 0.01(0.11)  Forward time: 0.58(0.47)  Batch time: 0.59(0.58)
2026-04-27 16:16:28,019   INFO  Train:   56/80 ( 70%) [ 114/167 ( 68%)]  Loss: 0.5721 (0.546)  LR: 1.531e-03  Time cost: 01:03/00:29 [1:23:45/37:39]  Acc_iter 9300        Data time: 0.17(0.09)  Forward time: 0.52(0.46)  Batch time: 0.69(0.56)
2026-04-27 16:16:28,589   INFO  
2026-04-27 16:16:52,999   INFO  Train:   56/80 ( 70%) [ 164/167 ( 98%)]  Loss: 0.4401 (0.553)  LR: 1.502e-03  Time cost: 01:28/00:01 [1:24:10/36:02]  Acc_iter 9350        Data time: 0.01(0.09)  Forward time: 0.15(0.44)  Batch time: 0.16(0.54)
2026-04-27 16:16:53,309   INFO  Train:   56/80 ( 70%) [ 166/167 ( 99%)]  Loss: 0.6392 (0.555)  LR: 1.501e-03  Time cost: 01:29/00:00 [1:24:11/35:43]  Acc_iter 9352        Data time: 0.01(0.09)  Forward time: 0.12(0.44)  Batch time: 0.13(0.53)
2026-04-27 16:16:58,187   INFO  Train:   57/80 ( 71%) [   0/167 (  0%)]  Loss: 0.6001 (0.600)  LR: 1.500e-03  Time cost: 00:04/12:11 [1:24:16/4:52:28]  Acc_iter 9353        Data time: 3.98(3.98)  Forward time: 0.40(0.40)  Batch time: 4.38(4.38)
2026-04-27 16:17:21,682   INFO  Train:   57/80 ( 71%) [  47/167 ( 28%)]  Loss: 0.5701 (0.562)  LR: 1.472e-03  Time cost: 00:27/01:09 [1:24:39/38:20]  Acc_iter 9400        Data time: 0.18(0.11)  Forward time: 0.25(0.47)  Batch time: 0.43(0.58)
2026-04-27 16:17:49,387   INFO  Train:   57/80 ( 71%) [  97/167 ( 58%)]  Loss: 0.4855 (0.560)  LR: 1.443e-03  Time cost: 00:55/00:39 [1:25:07/36:58]  Acc_iter 9450        Data time: 0.06(0.09)  Forward time: 0.43(0.47)  Batch time: 0.49(0.57)
2026-04-27 16:17:49,891   INFO  
2026-04-27 16:18:15,897   INFO  Train:   57/80 ( 71%) [ 147/167 ( 88%)]  Loss: 0.5920 (0.564)  LR: 1.414e-03  Time cost: 01:22/00:11 [1:25:33/35:41]  Acc_iter 9500        Data time: 0.00(0.08)  Forward time: 0.52(0.47)  Batch time: 0.52(0.55)
2026-04-27 16:18:23,641   INFO  Train:   57/80 ( 71%) [ 166/167 ( 99%)]  Loss: 0.5141 (0.562)  LR: 1.402e-03  Time cost: 01:29/00:00 [1:25:41/34:26]  Acc_iter 9519        Data time: 0.01(0.07)  Forward time: 0.12(0.46)  Batch time: 0.13(0.54)
2026-04-27 16:18:28,500   INFO  Train:   58/80 ( 72%) [   0/167 (  0%)]  Loss: 0.6411 (0.641)  LR: 1.402e-03  Time cost: 00:04/12:08 [1:25:46/4:39:23]  Acc_iter 9520        Data time: 3.98(3.98)  Forward time: 0.29(0.29)  Batch time: 4.26(4.26)
2026-04-27 16:18:43,607   INFO  Train:   58/80 ( 72%) [  30/167 ( 18%)]  Loss: 0.6161 (0.539)  LR: 1.384e-03  Time cost: 00:19/01:26 [1:26:01/39:53]  Acc_iter 9550        Data time: 0.02(0.24)  Forward time: 0.31(0.38)  Batch time: 0.33(0.63)
2026-04-27 16:19:10,048   INFO  Train:   58/80 ( 72%) [  80/167 ( 48%)]  Loss: 0.5035 (0.543)  LR: 1.355e-03  Time cost: 00:45/00:49 [1:26:27/35:31]  Acc_iter 9600        Data time: 0.02(0.15)  Forward time: 0.54(0.42)  Batch time: 0.56(0.57)
2026-04-27 16:19:10,577   INFO  
2026-04-27 16:19:36,320   INFO  Train:   58/80 ( 72%) [ 130/167 ( 78%)]  Loss: 0.5343 (0.538)  LR: 1.326e-03  Time cost: 01:12/00:20 [1:26:54/34:04]  Acc_iter 9650        Data time: 0.02(0.11)  Forward time: 0.48(0.44)  Batch time: 0.50(0.55)
2026-04-27 16:19:53,062   INFO  Train:   58/80 ( 72%) [ 166/167 ( 99%)]  Loss: 0.5624 (0.539)  LR: 1.305e-03  Time cost: 01:28/00:00 [1:27:10/32:36]  Acc_iter 9686        Data time: 0.01(0.10)  Forward time: 0.12(0.43)  Batch time: 0.13(0.53)
2026-04-27 16:19:57,312   INFO  Train:   59/80 ( 74%) [   0/167 (  0%)]  Loss: 0.6762 (0.676)  LR: 1.304e-03  Time cost: 00:03/10:28 [1:27:15/3:50:19]  Acc_iter 9687        Data time: 3.42(3.42)  Forward time: 0.33(0.33)  Batch time: 3.75(3.75)
2026-04-27 16:20:03,482   INFO  Train:   59/80 ( 74%) [  13/167 (  8%)]  Loss: 0.6127 (0.560)  LR: 1.297e-03  Time cost: 00:09/01:49 [1:27:21/43:17]  Acc_iter 9700        Data time: 0.02(0.28)  Forward time: 0.43(0.43)  Batch time: 0.44(0.71)
2026-04-27 16:20:30,472   INFO  Train:   59/80 ( 74%) [  63/167 ( 38%)]  Loss: 0.6743 (0.552)  LR: 1.268e-03  Time cost: 00:36/00:59 [1:27:48/34:43]  Acc_iter 9750        Data time: 0.00(0.17)  Forward time: 0.45(0.41)  Batch time: 0.46(0.58)
2026-04-27 16:20:31,068   INFO  
2026-04-27 16:20:56,467   INFO  Train:   59/80 ( 74%) [ 113/167 ( 68%)]  Loss: 0.4921 (0.528)  LR: 1.239e-03  Time cost: 01:02/00:29 [1:28:14/32:45]  Acc_iter 9800        Data time: 0.02(0.14)  Forward time: 0.55(0.42)  Batch time: 0.57(0.55)
2026-04-27 16:21:22,175   INFO  Train:   59/80 ( 74%) [ 163/167 ( 98%)]  Loss: 0.4054 (0.525)  LR: 1.210e-03  Time cost: 01:28/00:02 [1:28:40/31:37]  Acc_iter 9850        Data time: 0.00(0.11)  Forward time: 0.16(0.43)  Batch time: 0.16(0.54)
2026-04-27 16:21:22,651   INFO  Train:   59/80 ( 74%) [ 166/167 ( 99%)]  Loss: 0.5314 (0.525)  LR: 1.208e-03  Time cost: 01:29/00:00 [1:28:40/31:11]  Acc_iter 9853        Data time: 0.01(0.11)  Forward time: 0.13(0.43)  Batch time: 0.14(0.53)
2026-04-27 16:21:27,003   INFO  Train:   60/80 ( 75%) [   0/167 (  0%)]  Loss: 0.4527 (0.453)  LR: 1.207e-03  Time cost: 00:03/10:45 [1:28:44/3:45:50]  Acc_iter 9854        Data time: 3.52(3.52)  Forward time: 0.33(0.33)  Batch time: 3.85(3.85)
2026-04-27 16:21:51,282   INFO  Train:   60/80 ( 75%) [  46/167 ( 28%)]  Loss: 0.7143 (0.526)  LR: 1.181e-03  Time cost: 00:28/01:12 [1:29:09/34:32]  Acc_iter 9900        Data time: 0.00(0.14)  Forward time: 0.52(0.45)  Batch time: 0.52(0.60)
2026-04-27 16:21:51,851   INFO  
2026-04-27 16:22:17,547   INFO  Train:   60/80 ( 75%) [  96/167 ( 57%)]  Loss: 0.4980 (0.517)  LR: 1.152e-03  Time cost: 00:54/00:39 [1:29:35/31:53]  Acc_iter 9950        Data time: 0.01(0.10)  Forward time: 0.43(0.46)  Batch time: 0.43(0.56)
2026-04-27 16:22:44,246   INFO  Train:   60/80 ( 75%) [ 146/167 ( 87%)]  Loss: 0.3615 (0.513)  LR: 1.124e-03  Time cost: 01:21/00:11 [1:30:02/30:54]  Acc_iter 10000       Data time: 0.00(0.09)  Forward time: 0.47(0.47)  Batch time: 0.47(0.55)
2026-04-27 16:22:52,609   INFO  Train:   60/80 ( 75%) [ 166/167 ( 99%)]  Loss: 0.5012 (0.507)  LR: 1.112e-03  Time cost: 01:29/00:00 [1:30:10/29:49]  Acc_iter 10020       Data time: 0.01(0.08)  Forward time: 0.12(0.45)  Batch time: 0.13(0.54)
2026-04-27 16:22:56,329   INFO  Train:   61/80 ( 76%) [   0/167 (  0%)]  Loss: 0.6270 (0.627)  LR: 1.112e-03  Time cost: 00:03/08:57 [1:30:14/2:59:19]  Acc_iter 10021       Data time: 2.65(2.65)  Forward time: 0.57(0.57)  Batch time: 3.22(3.22)
2026-04-27 16:23:11,305   INFO  Train:   61/80 ( 76%) [  29/167 ( 17%)]  Loss: 0.3820 (0.465)  LR: 1.095e-03  Time cost: 00:18/01:23 [1:30:29/33:28]  Acc_iter 10050       Data time: 0.02(0.14)  Forward time: 0.36(0.47)  Batch time: 0.37(0.60)
2026-04-27 16:23:11,999   INFO  
2026-04-27 16:23:38,279   INFO  Train:   61/80 ( 76%) [  79/167 ( 47%)]  Loss: 0.4948 (0.492)  LR: 1.067e-03  Time cost: 00:45/00:49 [1:30:56/30:41]  Acc_iter 10100       Data time: 0.21(0.12)  Forward time: 0.35(0.45)  Batch time: 0.55(0.56)
2026-04-27 16:24:04,845   INFO  Train:   61/80 ( 76%) [ 129/167 ( 77%)]  Loss: 0.4529 (0.499)  LR: 1.039e-03  Time cost: 01:11/00:20 [1:31:22/29:31]  Acc_iter 10150       Data time: 0.01(0.10)  Forward time: 0.50(0.45)  Batch time: 0.51(0.55)
2026-04-27 16:24:22,471   INFO  Train:   61/80 ( 76%) [ 166/167 ( 99%)]  Loss: 0.6455 (0.502)  LR: 1.018e-03  Time cost: 01:29/00:00 [1:31:40/28:18]  Acc_iter 10187       Data time: 0.01(0.10)  Forward time: 0.12(0.44)  Batch time: 0.13(0.54)
2026-04-27 16:24:26,529   INFO  Train:   62/80 ( 78%) [   0/167 (  0%)]  Loss: 0.4547 (0.455)  LR: 1.018e-03  Time cost: 00:03/09:53 [1:31:44/3:08:03]  Acc_iter 10188       Data time: 3.01(3.01)  Forward time: 0.54(0.54)  Batch time: 3.54(3.54)
2026-04-27 16:24:33,287   INFO  Train:   62/80 ( 78%) [  12/167 (  7%)]  Loss: 0.4853 (0.472)  LR: 1.011e-03  Time cost: 00:10/02:02 [1:31:51/41:47]  Acc_iter 10200       Data time: 0.00(0.32)  Forward time: 0.52(0.48)  Batch time: 0.53(0.79)
2026-04-27 16:24:33,812   INFO  
2026-04-27 16:24:59,341   INFO  Train:   62/80 ( 78%) [  62/167 ( 37%)]  Loss: 0.6268 (0.491)  LR: 9.835e-04  Time cost: 00:36/01:00 [1:32:17/29:55]  Acc_iter 10250       Data time: 0.19(0.17)  Forward time: 0.51(0.40)  Batch time: 0.70(0.58)
2026-04-27 16:25:25,731   INFO  Train:   62/80 ( 78%) [ 112/167 ( 67%)]  Loss: 0.6287 (0.498)  LR: 9.560e-04  Time cost: 01:02/00:30 [1:32:43/28:20]  Acc_iter 10300       Data time: 0.24(0.16)  Forward time: 0.51(0.40)  Batch time: 0.75(0.56)
2026-04-27 16:25:51,390   INFO  Train:   62/80 ( 78%) [ 162/167 ( 97%)]  Loss: 0.5385 (0.487)  LR: 9.287e-04  Time cost: 01:28/00:02 [1:33:09/27:13]  Acc_iter 10350       Data time: 0.04(0.14)  Forward time: 0.26(0.40)  Batch time: 0.30(0.54)
2026-04-27 16:25:51,546   INFO  
2026-04-27 16:25:52,188   INFO  Train:   62/80 ( 78%) [ 166/167 ( 99%)]  Loss: 0.6537 (0.487)  LR: 9.265e-04  Time cost: 01:29/00:00 [1:33:10/26:46]  Acc_iter 10354       Data time: 0.01(0.14)  Forward time: 0.12(0.39)  Batch time: 0.13(0.53)
2026-04-27 16:25:56,671   INFO  Train:   63/80 ( 79%) [   0/167 (  0%)]  Loss: 0.6920 (0.692)  LR: 9.260e-04  Time cost: 00:03/11:06 [1:33:14/3:19:55]  Acc_iter 10355       Data time: 3.48(3.48)  Forward time: 0.51(0.51)  Batch time: 3.99(3.99)
2026-04-27 16:26:20,033   INFO  Train:   63/80 ( 79%) [  45/167 ( 27%)]  Loss: 0.4762 (0.499)  LR: 9.016e-04  Time cost: 00:27/01:12 [1:33:37/29:20]  Acc_iter 10400       Data time: 0.00(0.15)  Forward time: 0.51(0.45)  Batch time: 0.51(0.59)
2026-04-27 16:26:46,399   INFO  Train:   63/80 ( 79%) [  95/167 ( 57%)]  Loss: 0.4137 (0.482)  LR: 8.748e-04  Time cost: 00:53/00:40 [1:34:04/27:08]  Acc_iter 10450       Data time: 0.06(0.10)  Forward time: 0.42(0.46)  Batch time: 0.47(0.56)
2026-04-27 16:27:12,562   INFO  Train:   63/80 ( 79%) [ 145/167 ( 87%)]  Loss: 0.3935 (0.477)  LR: 8.482e-04  Time cost: 01:19/00:12 [1:34:30/26:05]  Acc_iter 10500       Data time: 0.02(0.09)  Forward time: 0.47(0.46)  Batch time: 0.49(0.55)
2026-04-27 16:27:13,107   INFO  
2026-04-27 16:27:21,498   INFO  Train:   63/80 ( 79%) [ 166/167 ( 99%)]  Loss: 0.4248 (0.475)  LR: 8.371e-04  Time cost: 01:28/00:00 [1:34:39/25:10]  Acc_iter 10521       Data time: 0.01(0.08)  Forward time: 0.12(0.45)  Batch time: 0.13(0.53)
2026-04-27 16:27:25,871   INFO  Train:   64/80 ( 80%) [   0/167 (  0%)]  Loss: 0.6211 (0.621)  LR: 8.366e-04  Time cost: 00:03/10:48 [1:34:43/3:03:50]  Acc_iter 10522       Data time: 3.47(3.47)  Forward time: 0.41(0.41)  Batch time: 3.88(3.88)
2026-04-27 16:27:40,814   INFO  Train:   64/80 ( 80%) [  28/167 ( 17%)]  Loss: 0.4145 (0.477)  LR: 8.219e-04  Time cost: 00:18/01:30 [1:34:58/30:25]  Acc_iter 10550       Data time: 0.02(0.20)  Forward time: 0.40(0.45)  Batch time: 0.42(0.65)
2026-04-27 16:28:06,751   INFO  Train:   64/80 ( 80%) [  78/167 ( 47%)]  Loss: 0.4766 (0.468)  LR: 7.958e-04  Time cost: 00:44/00:50 [1:35:24/26:04]  Acc_iter 10600       Data time: 0.20(0.10)  Forward time: 0.35(0.46)  Batch time: 0.55(0.57)
2026-04-27 16:28:33,683   INFO  Train:   64/80 ( 80%) [ 128/167 ( 77%)]  Loss: 0.4419 (0.475)  LR: 7.700e-04  Time cost: 01:11/00:21 [1:35:51/25:06]  Acc_iter 10650       Data time: 0.00(0.08)  Forward time: 0.38(0.48)  Batch time: 0.39(0.56)
2026-04-27 16:28:34,219   INFO  
2026-04-27 16:28:51,559   INFO  Train:   64/80 ( 80%) [ 166/167 ( 99%)]  Loss: 0.3331 (0.469)  LR: 7.505e-04  Time cost: 01:29/00:00 [1:36:09/23:53]  Acc_iter 10688       Data time: 0.01(0.07)  Forward time: 0.12(0.47)  Batch time: 0.13(0.54)
2026-04-27 16:28:56,464   INFO  Train:   65/80 ( 81%) [   0/167 (  0%)]  Loss: 0.5639 (0.564)  LR: 7.500e-04  Time cost: 00:04/12:18 [1:36:14/3:16:56]  Acc_iter 10689       Data time: 4.01(4.01)  Forward time: 0.40(0.40)  Batch time: 4.41(4.41)
2026-04-27 16:29:01,176   INFO  Train:   65/80 ( 81%) [  11/167 (  7%)]  Loss: 0.6204 (0.503)  LR: 7.444e-04  Time cost: 00:09/01:58 [1:36:19/33:45]  Acc_iter 10700       Data time: 0.02(0.37)  Forward time: 0.43(0.39)  Batch time: 0.44(0.76)
2026-04-27 16:29:27,778   INFO  Train:   65/80 ( 81%) [  61/167 ( 37%)]  Loss: 0.4242 (0.484)  LR: 7.192e-04  Time cost: 00:35/01:01 [1:36:45/25:04]  Acc_iter 10750       Data time: 0.02(0.18)  Forward time: 0.55(0.39)  Batch time: 0.57(0.58)
2026-04-27 16:29:54,159   INFO  Train:   65/80 ( 81%) [ 111/167 ( 66%)]  Loss: 0.4960 (0.476)  LR: 6.942e-04  Time cost: 01:02/00:31 [1:37:12/23:40]  Acc_iter 10800       Data time: 0.02(0.14)  Forward time: 0.62(0.41)  Batch time: 0.64(0.55)
2026-04-27 16:29:54,677   INFO  
2026-04-27 16:30:19,999   INFO  Train:   65/80 ( 81%) [ 161/167 ( 96%)]  Loss: 0.3595 (0.463)  LR: 6.696e-04  Time cost: 01:27/00:03 [1:37:37/22:43]  Acc_iter 10850       Data time: 0.00(0.11)  Forward time: 0.29(0.43)  Batch time: 0.29(0.54)
2026-04-27 16:30:20,854   INFO  Train:   65/80 ( 81%) [ 166/167 ( 99%)]  Loss: 0.5339 (0.464)  LR: 6.672e-04  Time cost: 01:28/00:00 [1:37:38/22:12]  Acc_iter 10855       Data time: 0.02(0.11)  Forward time: 0.12(0.43)  Batch time: 0.13(0.53)
2026-04-27 16:30:25,361   INFO  Train:   66/80 ( 82%) [   0/167 (  0%)]  Loss: 0.4248 (0.425)  LR: 6.667e-04  Time cost: 00:04/11:08 [1:37:43/2:47:13]  Acc_iter 10856       Data time: 3.41(3.41)  Forward time: 0.58(0.58)  Batch time: 3.99(3.99)
2026-04-27 16:30:48,325   INFO  Train:   66/80 ( 82%) [  44/167 ( 26%)]  Loss: 0.4624 (0.437)  LR: 6.453e-04  Time cost: 00:26/01:13 [1:38:06/24:34]  Acc_iter 10900       Data time: 0.37(0.14)  Forward time: 0.49(0.46)  Batch time: 0.86(0.60)
2026-04-27 16:31:14,550   INFO  Train:   66/80 ( 82%) [  94/167 ( 56%)]  Loss: 0.3655 (0.440)  LR: 6.213e-04  Time cost: 00:53/00:40 [1:38:32/22:30]  Acc_iter 10950       Data time: 0.02(0.10)  Forward time: 0.34(0.46)  Batch time: 0.35(0.56)
2026-04-27 16:31:15,090   INFO  
2026-04-27 16:31:41,465   INFO  Train:   66/80 ( 82%) [ 144/167 ( 86%)]  Loss: 0.5416 (0.456)  LR: 5.976e-04  Time cost: 01:20/00:12 [1:38:59/21:44]  Acc_iter 11000       Data time: 0.00(0.09)  Forward time: 0.44(0.47)  Batch time: 0.44(0.55)
2026-04-27 16:31:50,857   INFO  Train:   66/80 ( 82%) [ 166/167 ( 99%)]  Loss: 0.4542 (0.452)  LR: 5.873e-04  Time cost: 01:29/00:00 [1:39:08/20:53]  Acc_iter 11022       Data time: 0.01(0.08)  Forward time: 0.12(0.45)  Batch time: 0.13(0.54)
2026-04-27 16:31:55,102   INFO  Train:   67/80 ( 84%) [   0/167 (  0%)]  Loss: 0.4712 (0.471)  LR: 5.869e-04  Time cost: 00:03/10:28 [1:39:12/2:26:36]  Acc_iter 11023       Data time: 3.42(3.42)  Forward time: 0.33(0.33)  Batch time: 3.75(3.75)
2026-04-27 16:32:08,926   INFO  Train:   67/80 ( 84%) [  27/167 ( 16%)]  Loss: 0.4909 (0.457)  LR: 5.743e-04  Time cost: 00:17/01:27 [1:39:26/24:11]  Acc_iter 11050       Data time: 0.02(0.16)  Forward time: 0.69(0.47)  Batch time: 0.71(0.63)
2026-04-27 16:32:35,146   INFO  Train:   67/80 ( 84%) [  77/167 ( 46%)]  Loss: 0.4979 (0.441)  LR: 5.514e-04  Time cost: 00:43/00:50 [1:39:53/21:09]  Acc_iter 11100       Data time: 0.22(0.11)  Forward time: 0.34(0.45)  Batch time: 0.56(0.56)
2026-04-27 16:32:35,776   INFO  
2026-04-27 16:33:02,101   INFO  Train:   67/80 ( 84%) [ 127/167 ( 76%)]  Loss: 0.3947 (0.446)  LR: 5.288e-04  Time cost: 01:10/00:22 [1:40:19/20:22]  Acc_iter 11150       Data time: 0.30(0.09)  Forward time: 0.49(0.46)  Batch time: 0.79(0.55)
2026-04-27 16:33:20,596   INFO  Train:   67/80 ( 84%) [ 166/167 ( 99%)]  Loss: 0.3990 (0.444)  LR: 5.114e-04  Time cost: 01:29/00:00 [1:40:38/19:20]  Acc_iter 11189       Data time: 0.01(0.08)  Forward time: 0.12(0.45)  Batch time: 0.14(0.53)
2026-04-27 16:33:25,341   INFO  Train:   68/80 ( 85%) [   0/167 (  0%)]  Loss: 0.4294 (0.429)  LR: 5.110e-04  Time cost: 00:04/11:50 [1:40:43/2:33:51]  Acc_iter 11190       Data time: 3.93(3.93)  Forward time: 0.32(0.32)  Batch time: 4.25(4.25)
2026-04-27 16:33:29,945   INFO  Train:   68/80 ( 85%) [  10/167 (  6%)]  Loss: 0.4812 (0.443)  LR: 5.066e-04  Time cost: 00:08/02:06 [1:40:47/28:59]  Acc_iter 11200       Data time: 0.00(0.38)  Forward time: 0.53(0.42)  Batch time: 0.53(0.81)
2026-04-27 16:33:56,323   INFO  Train:   68/80 ( 85%) [  60/167 ( 36%)]  Loss: 0.3722 (0.417)  LR: 4.848e-04  Time cost: 00:35/01:01 [1:41:14/20:19]  Acc_iter 11250       Data time: 0.01(0.16)  Forward time: 0.34(0.42)  Batch time: 0.35(0.58)
2026-04-27 16:33:56,889   INFO  
2026-04-27 16:34:23,106   INFO  Train:   68/80 ( 85%) [ 110/167 ( 66%)]  Loss: 0.5231 (0.430)  LR: 4.633e-04  Time cost: 01:02/00:31 [1:41:40/19:11]  Acc_iter 11300       Data time: 0.18(0.13)  Forward time: 0.34(0.42)  Batch time: 0.52(0.56)
2026-04-27 16:34:49,021   INFO  Train:   68/80 ( 85%) [ 160/167 ( 96%)]  Loss: 0.4179 (0.431)  LR: 4.423e-04  Time cost: 01:27/00:03 [1:42:06/18:18]  Acc_iter 11350       Data time: 0.00(0.12)  Forward time: 0.32(0.43)  Batch time: 0.32(0.55)
2026-04-27 16:34:50,234   INFO  Train:   68/80 ( 85%) [ 166/167 ( 99%)]  Loss: 0.4199 (0.430)  LR: 4.398e-04  Time cost: 01:29/00:00 [1:42:08/17:50]  Acc_iter 11356       Data time: 0.01(0.11)  Forward time: 0.12(0.42)  Batch time: 0.13(0.53)
2026-04-27 16:34:54,506   INFO  Train:   69/80 ( 86%) [   0/167 (  0%)]  Loss: 0.4941 (0.494)  LR: 4.394e-04  Time cost: 00:03/10:31 [1:42:12/2:06:12]  Acc_iter 11357       Data time: 3.44(3.44)  Forward time: 0.32(0.32)  Batch time: 3.76(3.76)
2026-04-27 16:35:16,827   INFO  Train:   69/80 ( 86%) [  43/167 ( 26%)]  Loss: 0.4733 (0.432)  LR: 4.216e-04  Time cost: 00:26/01:13 [1:42:34/19:23]  Acc_iter 11400       Data time: 0.00(0.18)  Forward time: 0.37(0.42)  Batch time: 0.37(0.59)
2026-04-27 16:35:17,411   INFO  
2026-04-27 16:35:43,645   INFO  Train:   69/80 ( 86%) [  93/167 ( 56%)]  Loss: 0.3357 (0.433)  LR: 4.014e-04  Time cost: 00:52/00:41 [1:43:01/17:55]  Acc_iter 11450       Data time: 0.00(0.13)  Forward time: 0.54(0.44)  Batch time: 0.54(0.56)
2026-04-27 16:36:09,847   INFO  Train:   69/80 ( 86%) [ 143/167 ( 86%)]  Loss: 0.4195 (0.429)  LR: 3.816e-04  Time cost: 01:19/00:13 [1:43:27/17:02]  Acc_iter 11500       Data time: 0.28(0.12)  Forward time: 0.52(0.43)  Batch time: 0.80(0.55)
2026-04-27 16:36:19,976   INFO  Train:   69/80 ( 86%) [ 166/167 ( 99%)]  Loss: 0.5467 (0.429)  LR: 3.727e-04  Time cost: 01:29/00:00 [1:43:37/16:22]  Acc_iter 11523       Data time: 0.02(0.10)  Forward time: 0.12(0.43)  Batch time: 0.14(0.53)
2026-04-27 16:36:24,026   INFO  Train:   70/80 ( 88%) [   0/167 (  0%)]  Loss: 0.4571 (0.457)  LR: 3.723e-04  Time cost: 00:03/09:54 [1:43:41/1:49:02]  Acc_iter 11524       Data time: 2.97(2.97)  Forward time: 0.60(0.60)  Batch time: 3.56(3.56)
2026-04-27 16:36:37,853   INFO  Train:   70/80 ( 88%) [  26/167 ( 16%)]  Loss: 0.4838 (0.413)  LR: 3.622e-04  Time cost: 00:17/01:30 [1:43:55/19:26]  Acc_iter 11550       Data time: 0.42(0.21)  Forward time: 0.34(0.42)  Batch time: 0.76(0.64)
2026-04-27 16:36:38,423   INFO  
2026-04-27 16:37:03,903   INFO  Train:   70/80 ( 88%) [  76/167 ( 46%)]  Loss: 0.3870 (0.428)  LR: 3.433e-04  Time cost: 00:43/00:51 [1:44:21/16:33]  Acc_iter 11600       Data time: 0.18(0.13)  Forward time: 0.25(0.43)  Batch time: 0.43(0.56)
2026-04-27 16:37:30,635   INFO  Train:   70/80 ( 88%) [ 126/167 ( 75%)]  Loss: 0.4096 (0.432)  LR: 3.248e-04  Time cost: 01:10/00:22 [1:44:48/15:45]  Acc_iter 11650       Data time: 0.02(0.10)  Forward time: 0.52(0.45)  Batch time: 0.54(0.55)
2026-04-27 16:37:49,551   INFO  Train:   70/80 ( 88%) [ 166/167 ( 99%)]  Loss: 0.3373 (0.427)  LR: 3.104e-04  Time cost: 01:29/00:00 [1:45:07/14:51]  Acc_iter 11690       Data time: 0.01(0.10)  Forward time: 0.11(0.43)  Batch time: 0.13(0.53)
2026-04-27 16:37:53,604   INFO  Train:   71/80 ( 89%) [   0/167 (  0%)]  Loss: 0.4388 (0.439)  LR: 3.100e-04  Time cost: 00:03/09:56 [1:45:11/1:39:26]  Acc_iter 11691       Data time: 2.98(2.98)  Forward time: 0.59(0.59)  Batch time: 3.57(3.57)
2026-04-27 16:37:58,695   INFO  Train:   71/80 ( 89%) [   9/167 (  5%)]  Loss: 0.2460 (0.378)  LR: 3.068e-04  Time cost: 00:08/02:16 [1:45:16/23:58]  Acc_iter 11700       Data time: 0.00(0.42)  Forward time: 0.30(0.45)  Batch time: 0.30(0.87)
2026-04-27 16:37:59,234   INFO  
2026-04-27 16:38:24,870   INFO  Train:   71/80 ( 89%) [  59/167 ( 35%)]  Loss: 0.3934 (0.419)  LR: 2.892e-04  Time cost: 00:34/01:02 [1:45:42/15:35]  Acc_iter 11750       Data time: 0.02(0.14)  Forward time: 0.36(0.44)  Batch time: 0.38(0.58)
2026-04-27 16:38:51,841   INFO  Train:   71/80 ( 89%) [ 109/167 ( 65%)]  Loss: 0.4538 (0.409)  LR: 2.721e-04  Time cost: 01:01/00:32 [1:46:09/14:37]  Acc_iter 11800       Data time: 0.00(0.13)  Forward time: 0.49(0.44)  Batch time: 0.49(0.56)
2026-04-27 16:39:17,922   INFO  Train:   71/80 ( 89%) [ 159/167 ( 95%)]  Loss: 0.3213 (0.416)  LR: 2.554e-04  Time cost: 01:27/00:04 [1:46:35/13:50]  Acc_iter 11850       Data time: 0.01(0.11)  Forward time: 0.57(0.44)  Batch time: 0.57(0.55)
2026-04-27 16:39:18,218   INFO  
2026-04-27 16:39:19,681   INFO  Train:   71/80 ( 89%) [ 166/167 ( 99%)]  Loss: 0.3590 (0.415)  LR: 2.531e-04  Time cost: 01:29/00:00 [1:46:37/13:27]  Acc_iter 11857       Data time: 0.02(0.10)  Forward time: 0.12(0.43)  Batch time: 0.14(0.54)
2026-04-27 16:39:24,320   INFO  Train:   72/80 ( 90%) [   0/167 (  0%)]  Loss: 0.3361 (0.336)  LR: 2.528e-04  Time cost: 00:04/11:32 [1:46:42/1:43:54]  Acc_iter 11858       Data time: 3.92(3.92)  Forward time: 0.21(0.21)  Batch time: 4.13(4.13)
2026-04-27 16:39:46,020   INFO  Train:   72/80 ( 90%) [  42/167 ( 25%)]  Loss: 0.4442 (0.413)  LR: 2.393e-04  Time cost: 00:25/01:15 [1:47:03/14:38]  Acc_iter 11900       Data time: 0.17(0.20)  Forward time: 0.36(0.40)  Batch time: 0.53(0.60)
2026-04-27 16:40:12,718   INFO  Train:   72/80 ( 90%) [  92/167 ( 55%)]  Loss: 0.3288 (0.408)  LR: 2.236e-04  Time cost: 00:52/00:42 [1:47:30/13:17]  Acc_iter 11950       Data time: 0.02(0.12)  Forward time: 0.67(0.44)  Batch time: 0.69(0.57)
2026-04-27 16:40:39,239   INFO  Train:   72/80 ( 90%) [ 142/167 ( 85%)]  Loss: 0.3903 (0.408)  LR: 2.084e-04  Time cost: 01:19/00:13 [1:47:57/12:32]  Acc_iter 12000       Data time: 0.00(0.11)  Forward time: 0.69(0.44)  Batch time: 0.70(0.55)
2026-04-27 16:40:39,689   INFO  
2026-04-27 16:40:49,411   INFO  Train:   72/80 ( 90%) [ 166/167 ( 99%)]  Loss: 0.3616 (0.407)  LR: 2.013e-04  Time cost: 01:29/00:00 [1:48:07/11:54]  Acc_iter 12024       Data time: 0.01(0.10)  Forward time: 0.12(0.43)  Batch time: 0.13(0.53)
2026-04-27 16:40:52,765   INFO  Train:   73/80 ( 91%) [   0/167 (  0%)]  Loss: 0.3289 (0.329)  LR: 2.010e-04  Time cost: 00:02/08:00 [1:48:10/1:04:01]  Acc_iter 12025       Data time: 2.52(2.52)  Forward time: 0.35(0.35)  Batch time: 2.86(2.86)
2026-04-27 16:41:06,611   INFO  Train:   73/80 ( 91%) [  25/167 ( 15%)]  Loss: 0.3781 (0.412)  LR: 1.937e-04  Time cost: 00:16/01:31 [1:48:24/14:03]  Acc_iter 12050       Data time: 0.02(0.19)  Forward time: 0.52(0.46)  Batch time: 0.54(0.64)
2026-04-27 16:41:33,237   INFO  Train:   73/80 ( 91%) [  75/167 ( 45%)]  Loss: 0.4669 (0.394)  LR: 1.795e-04  Time cost: 00:43/00:52 [1:48:51/11:59]  Acc_iter 12100       Data time: 0.00(0.11)  Forward time: 0.64(0.46)  Batch time: 0.65(0.57)
2026-04-27 16:41:59,704   INFO  Train:   73/80 ( 91%) [ 125/167 ( 75%)]  Loss: 0.3651 (0.402)  LR: 1.658e-04  Time cost: 01:09/00:23 [1:49:17/11:10]  Acc_iter 12150       Data time: 0.02(0.09)  Forward time: 0.50(0.47)  Batch time: 0.51(0.55)
2026-04-27 16:42:00,217   INFO  
2026-04-27 16:42:19,356   INFO  Train:   73/80 ( 91%) [ 166/167 ( 99%)]  Loss: 0.3518 (0.405)  LR: 1.550e-04  Time cost: 01:29/00:00 [1:49:37/10:26]  Acc_iter 12191       Data time: 0.01(0.07)  Forward time: 0.12(0.46)  Batch time: 0.13(0.54)
2026-04-27 16:42:23,170   INFO  Train:   74/80 ( 92%) [   0/167 (  0%)]  Loss: 0.5057 (0.506)  LR: 1.547e-04  Time cost: 00:03/09:15 [1:49:41/1:04:47]  Acc_iter 12192       Data time: 2.94(2.94)  Forward time: 0.37(0.37)  Batch time: 3.31(3.31)
2026-04-27 16:42:27,284   INFO  Train:   74/80 ( 92%) [   8/167 (  5%)]  Loss: 0.4658 (0.417)  LR: 1.526e-04  Time cost: 00:07/02:11 [1:49:45/15:59]  Acc_iter 12200       Data time: 0.19(0.43)  Forward time: 0.27(0.40)  Batch time: 0.46(0.83)
2026-04-27 16:42:53,835   INFO  Train:   74/80 ( 92%) [  58/167 ( 35%)]  Loss: 0.3414 (0.401)  LR: 1.400e-04  Time cost: 00:33/01:02 [1:50:11/10:40]  Acc_iter 12250       Data time: 0.02(0.12)  Forward time: 0.44(0.45)  Batch time: 0.46(0.58)
2026-04-27 16:43:20,644   INFO  Train:   74/80 ( 92%) [ 108/167 ( 65%)]  Loss: 0.5171 (0.391)  LR: 1.279e-04  Time cost: 01:00/00:32 [1:50:38/09:51]  Acc_iter 12300       Data time: 0.02(0.10)  Forward time: 0.50(0.46)  Batch time: 0.51(0.56)
2026-04-27 16:43:21,170   INFO  
2026-04-27 16:43:47,444   INFO  Train:   74/80 ( 92%) [ 158/167 ( 95%)]  Loss: 0.5229 (0.399)  LR: 1.162e-04  Time cost: 01:27/00:04 [1:51:05/09:17]  Acc_iter 12350       Data time: 0.02(0.09)  Forward time: 0.56(0.46)  Batch time: 0.58(0.55)
2026-04-27 16:43:49,551   INFO  Train:   74/80 ( 92%) [ 166/167 ( 99%)]  Loss: 0.5430 (0.401)  LR: 1.144e-04  Time cost: 01:29/00:00 [1:51:07/08:58]  Acc_iter 12358       Data time: 0.01(0.09)  Forward time: 0.12(0.45)  Batch time: 0.14(0.54)
2026-04-27 16:43:54,195   INFO  Train:   75/80 ( 94%) [   0/167 (  0%)]  Loss: 0.4041 (0.404)  LR: 1.142e-04  Time cost: 00:04/11:34 [1:51:12/1:09:26]  Acc_iter 12359       Data time: 3.91(3.91)  Forward time: 0.24(0.24)  Batch time: 4.14(4.14)
2026-04-27 16:44:14,982   INFO  Train:   75/80 ( 94%) [  41/167 ( 25%)]  Loss: 0.3029 (0.386)  LR: 1.052e-04  Time cost: 00:24/01:14 [1:51:32/09:30]  Acc_iter 12400       Data time: 0.01(0.12)  Forward time: 0.50(0.48)  Batch time: 0.51(0.59)
2026-04-27 16:44:42,248   INFO  Train:   75/80 ( 94%) [  91/167 ( 54%)]  Loss: 0.4198 (0.395)  LR: 9.462e-05  Time cost: 00:52/00:43 [1:52:00/08:37]  Acc_iter 12450       Data time: 0.02(0.10)  Forward time: 0.45(0.47)  Batch time: 0.47(0.57)
2026-04-27 16:44:42,790   INFO  
2026-04-27 16:45:08,607   INFO  Train:   75/80 ( 94%) [ 141/167 ( 84%)]  Loss: 0.4033 (0.399)  LR: 8.462e-05  Time cost: 01:18/00:14 [1:52:26/07:56]  Acc_iter 12500       Data time: 0.02(0.08)  Forward time: 0.62(0.47)  Batch time: 0.64(0.55)
2026-04-27 16:45:19,777   INFO  Train:   75/80 ( 94%) [ 166/167 ( 99%)]  Loss: 0.5346 (0.399)  LR: 7.982e-05  Time cost: 01:29/00:00 [1:52:37/07:29]  Acc_iter 12525       Data time: 0.01(0.08)  Forward time: 0.11(0.46)  Batch time: 0.13(0.54)
2026-04-27 16:45:23,798   INFO  Train:   76/80 ( 95%) [   0/167 (  0%)]  Loss: 0.3126 (0.313)  LR: 7.963e-05  Time cost: 00:03/09:50 [1:52:41/49:14]  Acc_iter 12526       Data time: 2.96(2.96)  Forward time: 0.58(0.58)  Batch time: 3.54(3.54)
2026-04-27 16:45:36,334   INFO  Train:   76/80 ( 95%) [  24/167 ( 14%)]  Loss: 0.5612 (0.412)  LR: 7.516e-05  Time cost: 00:16/01:31 [1:52:54/08:41]  Acc_iter 12550       Data time: 0.18(0.18)  Forward time: 0.35(0.47)  Batch time: 0.53(0.64)
2026-04-27 16:46:03,100   INFO  Train:   76/80 ( 95%) [  74/167 ( 44%)]  Loss: 0.3788 (0.404)  LR: 6.625e-05  Time cost: 00:42/00:53 [1:53:20/07:14]  Acc_iter 12600       Data time: 0.01(0.11)  Forward time: 0.38(0.46)  Batch time: 0.39(0.57)
2026-04-27 16:46:03,734   INFO  
2026-04-27 16:46:29,548   INFO  Train:   76/80 ( 95%) [ 124/167 ( 74%)]  Loss: 0.3514 (0.397)  LR: 5.789e-05  Time cost: 01:09/00:23 [1:53:47/06:34]  Acc_iter 12650       Data time: 0.02(0.10)  Forward time: 0.50(0.46)  Batch time: 0.51(0.55)
2026-04-27 16:46:49,807   INFO  Train:   76/80 ( 95%) [ 166/167 ( 99%)]  Loss: 0.2622 (0.398)  LR: 5.129e-05  Time cost: 01:29/00:00 [1:54:07/05:58]  Acc_iter 12692       Data time: 0.02(0.09)  Forward time: 0.12(0.45)  Batch time: 0.14(0.54)
2026-04-27 16:46:53,848   INFO  Train:   77/80 ( 96%) [   0/167 (  0%)]  Loss: 0.3673 (0.367)  LR: 5.114e-05  Time cost: 00:03/09:54 [1:54:11/39:36]  Acc_iter 12693       Data time: 2.96(2.96)  Forward time: 0.60(0.60)  Batch time: 3.56(3.56)
2026-04-27 16:46:57,689   INFO  Train:   77/80 ( 96%) [   7/167 (  4%)]  Loss: 0.3661 (0.389)  LR: 5.008e-05  Time cost: 00:07/02:27 [1:54:15/10:11]  Acc_iter 12700       Data time: 0.01(0.49)  Forward time: 0.47(0.44)  Batch time: 0.48(0.92)
2026-04-27 16:47:23,809   INFO  Train:   77/80 ( 96%) [  57/167 ( 34%)]  Loss: 0.3035 (0.382)  LR: 4.283e-05  Time cost: 00:33/01:03 [1:54:41/05:53]  Acc_iter 12750       Data time: 0.19(0.14)  Forward time: 0.34(0.43)  Batch time: 0.53(0.58)
2026-04-27 16:47:24,345   INFO  
2026-04-27 16:47:50,469   INFO  Train:   77/80 ( 96%) [ 107/167 ( 64%)]  Loss: 0.4938 (0.389)  LR: 3.614e-05  Time cost: 01:00/00:33 [1:55:08/05:12]  Acc_iter 12800       Data time: 0.17(0.10)  Forward time: 0.53(0.46)  Batch time: 0.69(0.56)
2026-04-27 16:48:16,999   INFO  Train:   77/80 ( 96%) [ 157/167 ( 94%)]  Loss: 0.4296 (0.390)  LR: 3.001e-05  Time cost: 01:26/00:05 [1:55:34/04:40]  Acc_iter 12850       Data time: 0.02(0.10)  Forward time: 0.59(0.45)  Batch time: 0.61(0.55)
2026-04-27 16:48:19,539   INFO  Train:   77/80 ( 96%) [ 166/167 ( 99%)]  Loss: 0.2965 (0.391)  LR: 2.897e-05  Time cost: 01:29/00:00 [1:55:37/04:28]  Acc_iter 12859       Data time: 0.01(0.09)  Forward time: 0.11(0.44)  Batch time: 0.13(0.53)
2026-04-27 16:48:23,118   INFO  Train:   78/80 ( 98%) [   0/167 (  0%)]  Loss: 0.2857 (0.286)  LR: 2.885e-05  Time cost: 00:03/08:36 [1:55:41/25:49]  Acc_iter 12860       Data time: 2.55(2.55)  Forward time: 0.54(0.54)  Batch time: 3.09(3.09)
2026-04-27 16:48:44,921   INFO  Train:   78/80 ( 98%) [  40/167 ( 24%)]  Loss: 0.3320 (0.399)  LR: 2.445e-05  Time cost: 00:24/01:17 [1:56:02/04:39]  Acc_iter 12900       Data time: 0.23(0.16)  Forward time: 0.52(0.45)  Batch time: 0.74(0.61)
2026-04-27 16:48:45,471   INFO  
2026-04-27 16:49:10,857   INFO  Train:   78/80 ( 98%) [  90/167 ( 54%)]  Loss: 0.1720 (0.389)  LR: 1.945e-05  Time cost: 00:50/00:43 [1:56:28/03:49]  Acc_iter 12950       Data time: 0.02(0.11)  Forward time: 0.30(0.45)  Batch time: 0.32(0.56)
2026-04-27 16:49:37,008   INFO  Train:   78/80 ( 98%) [ 140/167 ( 84%)]  Loss: 0.2501 (0.389)  LR: 1.502e-05  Time cost: 01:16/00:14 [1:56:54/03:17]  Acc_iter 13000       Data time: 0.16(0.09)  Forward time: 0.24(0.45)  Batch time: 0.40(0.55)
2026-04-27 16:49:48,790   INFO  Train:   78/80 ( 98%) [ 166/167 ( 99%)]  Loss: 0.5209 (0.390)  LR: 1.294e-05  Time cost: 01:28/00:00 [1:57:06/02:58]  Acc_iter 13026       Data time: 0.02(0.08)  Forward time: 0.12(0.45)  Batch time: 0.13(0.53)
2026-04-27 16:49:52,778   INFO  Train:   79/80 ( 99%) [   0/167 (  0%)]  Loss: 0.3665 (0.366)  LR: 1.286e-05  Time cost: 00:03/09:45 [1:57:10/19:31]  Acc_iter 13027       Data time: 2.96(2.96)  Forward time: 0.55(0.55)  Batch time: 3.51(3.51)
2026-04-27 16:50:04,849   INFO  Train:   79/80 ( 99%) [  23/167 ( 14%)]  Loss: 0.4896 (0.388)  LR: 1.116e-05  Time cost: 00:15/01:33 [1:57:22/03:21]  Acc_iter 13050       Data time: 0.00(0.22)  Forward time: 0.25(0.43)  Batch time: 0.25(0.65)
2026-04-27 16:50:05,589   INFO  
2026-04-27 16:50:31,522   INFO  Train:   79/80 ( 99%) [  73/167 ( 44%)]  Loss: 0.4590 (0.383)  LR: 7.870e-06  Time cost: 00:42/00:53 [1:57:49/02:29]  Acc_iter 13100       Data time: 0.00(0.12)  Forward time: 0.54(0.45)  Batch time: 0.54(0.57)
2026-04-27 16:50:58,042   INFO  Train:   79/80 ( 99%) [ 123/167 ( 74%)]  Loss: 0.3633 (0.391)  LR: 5.156e-06  Time cost: 01:08/00:24 [1:58:15/01:57]  Acc_iter 13150       Data time: 0.01(0.10)  Forward time: 0.48(0.46)  Batch time: 0.49(0.55)
2026-04-27 16:51:18,710   INFO  Train:   79/80 ( 99%) [ 166/167 ( 99%)]  Loss: 0.3154 (0.388)  LR: 3.280e-06  Time cost: 01:29/00:00 [1:58:36/01:29]  Acc_iter 13193       Data time: 0.01(0.08)  Forward time: 0.12(0.45)  Batch time: 0.13(0.54)
2026-04-27 16:51:23,313   INFO  Train:   80/80 (100%) [   0/167 (  0%)]  Loss: 0.3893 (0.389)  LR: 3.242e-06  Time cost: 00:04/11:26 [1:58:41/11:26]  Acc_iter 13194       Data time: 3.84(3.84)  Forward time: 0.26(0.26)  Batch time: 4.10(4.10)
2026-04-27 16:51:26,573   INFO  Train:   80/80 (100%) [   6/167 (  4%)]  Loss: 0.6445 (0.460)  LR: 3.015e-06  Time cost: 00:07/02:49 [1:58:44/02:49]  Acc_iter 13200       Data time: 0.00(0.58)  Forward time: 0.44(0.47)  Batch time: 0.44(1.05)
2026-04-27 16:51:27,003   INFO  
2026-04-27 16:51:52,425   INFO  Train:   80/80 (100%) [  56/167 ( 34%)]  Loss: 0.3044 (0.409)  LR: 1.449e-06  Time cost: 00:33/01:04 [1:59:10/01:04]  Acc_iter 13250       Data time: 0.00(0.15)  Forward time: 0.52(0.43)  Batch time: 0.52(0.58)
2026-04-27 16:52:19,053   INFO  Train:   80/80 (100%) [ 106/167 ( 63%)]  Loss: 0.4371 (0.398)  LR: 4.586e-07  Time cost: 00:59/00:34 [1:59:36/00:34]  Acc_iter 13300       Data time: 0.00(0.11)  Forward time: 0.48(0.45)  Batch time: 0.48(0.56)
2026-04-27 16:52:45,635   INFO  Train:   80/80 (100%) [ 156/167 ( 93%)]  Loss: 0.4684 (0.399)  LR: 4.394e-08  Time cost: 01:26/00:06 [2:00:03/00:06]  Acc_iter 13350       Data time: 0.02(0.09)  Forward time: 0.56(0.46)  Batch time: 0.58(0.55)
2026-04-27 16:52:46,188   INFO  
2026-04-27 16:52:48,813   INFO  Train:   80/80 (100%) [ 166/167 ( 99%)]  Loss: 0.2977 (0.398)  LR: 3.012e-08  Time cost: 01:29/00:00 [2:00:06/00:00]  Acc_iter 13360       Data time: 0.01(0.08)  Forward time: 0.12(0.45)  Batch time: 0.13(0.54)
2026-04-27 16:52:49,176   INFO  **********************End training OpenPCDet/tools/cfgs/kitti_models/second_nuscenes(default)**********************



2026-04-27 16:52:49,176   INFO  **********************Start evaluation OpenPCDet/tools/cfgs/kitti_models/second_nuscenes(default)**********************
2026-04-27 16:52:49,176   INFO  Loading NuScenes dataset
2026-04-27 16:52:49,181   INFO  Total samples for NuScenes dataset: 81
