2026-04-29 01:00:22,318   INFO  **********************Start logging**********************
2026-04-29 01:00:22,318   INFO  CUDA_VISIBLE_DEVICES=ALL
2026-04-29 01:00:22,318   INFO  Training with a single process
2026-04-29 01:00:22,318   INFO  cfg_file         /OpenPCDet/tools/cfgs/kitti_models/second_nuscenes_focal.yaml
2026-04-29 01:00:22,318   INFO  batch_size       4
2026-04-29 01:00:22,318   INFO  epochs           80
2026-04-29 01:00:22,318   INFO  workers          4
2026-04-29 01:00:22,318   INFO  extra_tag        default
2026-04-29 01:00:22,318   INFO  ckpt             None
2026-04-29 01:00:22,319   INFO  pretrained_model None
2026-04-29 01:00:22,319   INFO  launcher         none
2026-04-29 01:00:22,319   INFO  tcp_port         18888
2026-04-29 01:00:22,319   INFO  sync_bn          False
2026-04-29 01:00:22,319   INFO  fix_random_seed  False
2026-04-29 01:00:22,319   INFO  ckpt_save_interval 1
2026-04-29 01:00:22,319   INFO  local_rank       None
2026-04-29 01:00:22,319   INFO  max_ckpt_save_num 30
2026-04-29 01:00:22,319   INFO  merge_all_iters_to_one_epoch False
2026-04-29 01:00:22,319   INFO  set_cfgs         None
2026-04-29 01:00:22,319   INFO  max_waiting_mins 0
2026-04-29 01:00:22,319   INFO  start_epoch      0
2026-04-29 01:00:22,319   INFO  num_epochs_to_eval 0
2026-04-29 01:00:22,319   INFO  save_to_file     False
2026-04-29 01:00:22,319   INFO  use_tqdm_to_record False
2026-04-29 01:00:22,319   INFO  logger_iter_interval 50
2026-04-29 01:00:22,319   INFO  ckpt_save_time_interval 300
2026-04-29 01:00:22,319   INFO  wo_gpu_stat      False
2026-04-29 01:00:22,319   INFO  use_amp          False
2026-04-29 01:00:22,319   INFO  cfg.ROOT_DIR: /OpenPCDet
2026-04-29 01:00:22,319   INFO  cfg.LOCAL_RANK: 0
2026-04-29 01:00:22,319   INFO  cfg.CLASS_NAMES: ['car', 'pedestrian', 'bicycle']
2026-04-29 01:00:22,319   INFO  ----------- DATA_CONFIG -----------
2026-04-29 01:00:22,319   INFO  cfg.DATA_CONFIG.DATASET: NuScenesDataset
2026-04-29 01:00:22,319   INFO  cfg.DATA_CONFIG.DATA_PATH: /OpenPCDet/datasets/nuscenes
2026-04-29 01:00:22,319   INFO  cfg.DATA_CONFIG.VERSION: v1.0-mini
2026-04-29 01:00:22,320   INFO  cfg.DATA_CONFIG.MAX_SWEEPS: 1
2026-04-29 01:00:22,320   INFO  cfg.DATA_CONFIG.PRED_VELOCITY: False
2026-04-29 01:00:22,320   INFO  cfg.DATA_CONFIG.SET_NAN_VELOCITY_TO_ZEROS: True
2026-04-29 01:00:22,320   INFO  cfg.DATA_CONFIG.FILTER_MIN_POINTS_IN_GT: 1
2026-04-29 01:00:22,320   INFO  ----------- MAP_CLASS_TO_KITTI -----------
2026-04-29 01:00:22,320   INFO  cfg.DATA_CONFIG.MAP_CLASS_TO_KITTI.car: Car
2026-04-29 01:00:22,320   INFO  cfg.DATA_CONFIG.MAP_CLASS_TO_KITTI.pedestrian: Pedestrian
2026-04-29 01:00:22,320   INFO  cfg.DATA_CONFIG.MAP_CLASS_TO_KITTI.bicycle: Cyclist
2026-04-29 01:00:22,320   INFO  ----------- DATA_SPLIT -----------
2026-04-29 01:00:22,320   INFO  cfg.DATA_CONFIG.DATA_SPLIT.train: train
2026-04-29 01:00:22,320   INFO  cfg.DATA_CONFIG.DATA_SPLIT.test: val
2026-04-29 01:00:22,320   INFO  ----------- INFO_PATH -----------
2026-04-29 01:00:22,320   INFO  cfg.DATA_CONFIG.INFO_PATH.train: ['nuscenes_infos_10sweeps_train.pkl']
2026-04-29 01:00:22,320   INFO  cfg.DATA_CONFIG.INFO_PATH.test: ['nuscenes_infos_10sweeps_val.pkl']
2026-04-29 01:00:22,320   INFO  cfg.DATA_CONFIG.POINT_CLOUD_RANGE: [0, -51.2, -5.0, 51.2, 51.2, 3.0]
2026-04-29 01:00:22,320   INFO  cfg.DATA_CONFIG.BALANCED_RESAMPLING: True
2026-04-29 01:00:22,320   INFO  ----------- DATA_AUGMENTOR -----------
2026-04-29 01:00:22,320   INFO  cfg.DATA_CONFIG.DATA_AUGMENTOR.DISABLE_AUG_LIST: ['placeholder']
2026-04-29 01:00:22,320   INFO  cfg.DATA_CONFIG.DATA_AUGMENTOR.AUG_CONFIG_LIST: [{'NAME': 'gt_sampling', 'DB_INFO_PATH': ['nuscenes_dbinfos_10sweeps_withvelo.pkl'], 'PREPARE': {'filter_by_min_points': ['car:5', 'truck:5', 'construction_vehicle:5', 'bus:5', 'trailer:5', 'barrier:5', 'motorcycle:5', 'bicycle:5', 'pedestrian:5', 'traffic_cone:5']}, 'SAMPLE_GROUPS': ['car:2', 'truck:3', 'construction_vehicle:7', 'bus:4', 'trailer:6', 'barrier:2', 'motorcycle:6', 'bicycle:6', 'pedestrian:2', 'traffic_cone:2'], 'NUM_POINT_FEATURES': 5, 'DATABASE_WITH_FAKELIDAR': False, 'REMOVE_EXTRA_WIDTH': [0.0, 0.0, 0.0], 'LIMIT_WHOLE_SCENE': True}, {'NAME': 'random_world_flip', 'ALONG_AXIS_LIST': ['x', 'y']}, {'NAME': 'random_world_rotation', 'WORLD_ROT_ANGLE': [-0.3925, 0.3925]}, {'NAME': 'random_world_scaling', 'WORLD_SCALE_RANGE': [0.95, 1.05]}]
2026-04-29 01:00:22,320   INFO  ----------- POINT_FEATURE_ENCODING -----------
2026-04-29 01:00:22,320   INFO  cfg.DATA_CONFIG.POINT_FEATURE_ENCODING.encoding_type: absolute_coordinates_encoding
2026-04-29 01:00:22,320   INFO  cfg.DATA_CONFIG.POINT_FEATURE_ENCODING.used_feature_list: ['x', 'y', 'z', 'intensity']
2026-04-29 01:00:22,320   INFO  cfg.DATA_CONFIG.POINT_FEATURE_ENCODING.src_feature_list: ['x', 'y', 'z', 'intensity', 'timestamp']
2026-04-29 01:00:22,320   INFO  cfg.DATA_CONFIG.DATA_PROCESSOR: [{'NAME': 'mask_points_and_boxes_outside_range', 'REMOVE_OUTSIDE_BOXES': True}, {'NAME': 'shuffle_points', 'SHUFFLE_ENABLED': {'train': True, 'test': True}}, {'NAME': 'transform_points_to_voxels', 'VOXEL_SIZE': [0.1, 0.1, 0.2], 'MAX_POINTS_PER_VOXEL': 45, 'MAX_NUMBER_OF_VOXELS': {'train': 60000, 'test': 60000}}]
2026-04-29 01:00:22,320   INFO  cfg.DATA_CONFIG._BASE_CONFIG_: cfgs/dataset_configs/nuscenes_dataset.yaml
2026-04-29 01:00:22,320   INFO  cfg.DATA_CONFIG.SKIPH: True
2026-04-29 01:00:22,320   INFO  ----------- MODEL -----------
2026-04-29 01:00:22,321   INFO  cfg.MODEL.NAME: SECONDNet
2026-04-29 01:00:22,321   INFO  ----------- VFE -----------
2026-04-29 01:00:22,321   INFO  cfg.MODEL.VFE.NAME: MeanVFE
2026-04-29 01:00:22,321   INFO  ----------- BACKBONE_3D -----------
2026-04-29 01:00:22,321   INFO  cfg.MODEL.BACKBONE_3D.NAME: VoxelBackBone8xFocal
2026-04-29 01:00:22,321   INFO  ----------- MAP_TO_BEV -----------
2026-04-29 01:00:22,321   INFO  cfg.MODEL.MAP_TO_BEV.NAME: HeightCompression
2026-04-29 01:00:22,321   INFO  cfg.MODEL.MAP_TO_BEV.NUM_BEV_FEATURES: 256
2026-04-29 01:00:22,321   INFO  ----------- BACKBONE_2D -----------
2026-04-29 01:00:22,321   INFO  cfg.MODEL.BACKBONE_2D.NAME: BaseBEVBackbone
2026-04-29 01:00:22,321   INFO  cfg.MODEL.BACKBONE_2D.LAYER_NUMS: [5, 5]
2026-04-29 01:00:22,321   INFO  cfg.MODEL.BACKBONE_2D.LAYER_STRIDES: [1, 2]
2026-04-29 01:00:22,321   INFO  cfg.MODEL.BACKBONE_2D.NUM_FILTERS: [128, 256]
2026-04-29 01:00:22,321   INFO  cfg.MODEL.BACKBONE_2D.UPSAMPLE_STRIDES: [1, 2]
2026-04-29 01:00:22,321   INFO  cfg.MODEL.BACKBONE_2D.NUM_UPSAMPLE_FILTERS: [256, 256]
2026-04-29 01:00:22,321   INFO  ----------- DENSE_HEAD -----------
2026-04-29 01:00:22,321   INFO  cfg.MODEL.DENSE_HEAD.NAME: AnchorHeadSingle
2026-04-29 01:00:22,321   INFO  cfg.MODEL.DENSE_HEAD.CLASS_AGNOSTIC: False
2026-04-29 01:00:22,321   INFO  cfg.MODEL.DENSE_HEAD.USE_DIRECTION_CLASSIFIER: True
2026-04-29 01:00:22,321   INFO  cfg.MODEL.DENSE_HEAD.DIR_OFFSET: 0.78539
2026-04-29 01:00:22,321   INFO  cfg.MODEL.DENSE_HEAD.DIR_LIMIT_OFFSET: 0.0
2026-04-29 01:00:22,321   INFO  cfg.MODEL.DENSE_HEAD.NUM_DIR_BINS: 2
2026-04-29 01:00:22,321   INFO  cfg.MODEL.DENSE_HEAD.ANCHOR_GENERATOR_CONFIG: [{'class_name': 'car', 'anchor_sizes': [[3.9, 1.6, 1.56]], 'anchor_rotations': [0, 1.57], 'anchor_bottom_heights': [-1.78], 'align_center': False, 'feature_map_stride': 8, 'matched_threshold': 0.6, 'unmatched_threshold': 0.45}, {'class_name': 'pedestrian', 'anchor_sizes': [[0.8, 0.6, 1.73]], 'anchor_rotations': [0, 1.57], 'anchor_bottom_heights': [-0.6], 'align_center': False, 'feature_map_stride': 8, 'matched_threshold': 0.5, 'unmatched_threshold': 0.35}, {'class_name': 'bicycle', 'anchor_sizes': [[1.76, 0.6, 1.73]], 'anchor_rotations': [0, 1.57], 'anchor_bottom_heights': [-0.6], 'align_center': False, 'feature_map_stride': 8, 'matched_threshold': 0.5, 'unmatched_threshold': 0.35}]
2026-04-29 01:00:22,321   INFO  ----------- TARGET_ASSIGNER_CONFIG -----------
2026-04-29 01:00:22,321   INFO  cfg.MODEL.DENSE_HEAD.TARGET_ASSIGNER_CONFIG.NAME: AxisAlignedTargetAssigner
2026-04-29 01:00:22,321   INFO  cfg.MODEL.DENSE_HEAD.TARGET_ASSIGNER_CONFIG.POS_FRACTION: -1.0
2026-04-29 01:00:22,322   INFO  cfg.MODEL.DENSE_HEAD.TARGET_ASSIGNER_CONFIG.SAMPLE_SIZE: 512
2026-04-29 01:00:22,322   INFO  cfg.MODEL.DENSE_HEAD.TARGET_ASSIGNER_CONFIG.NORM_BY_NUM_EXAMPLES: False
2026-04-29 01:00:22,322   INFO  cfg.MODEL.DENSE_HEAD.TARGET_ASSIGNER_CONFIG.MATCH_HEIGHT: False
2026-04-29 01:00:22,322   INFO  cfg.MODEL.DENSE_HEAD.TARGET_ASSIGNER_CONFIG.BOX_CODER: ResidualCoder
2026-04-29 01:00:22,322   INFO  ----------- LOSS_CONFIG -----------
2026-04-29 01:00:22,322   INFO  ----------- LOSS_WEIGHTS -----------
2026-04-29 01:00:22,322   INFO  cfg.MODEL.DENSE_HEAD.LOSS_CONFIG.LOSS_WEIGHTS.cls_weight: 1.0
2026-04-29 01:00:22,322   INFO  cfg.MODEL.DENSE_HEAD.LOSS_CONFIG.LOSS_WEIGHTS.loc_weight: 2.0
2026-04-29 01:00:22,322   INFO  cfg.MODEL.DENSE_HEAD.LOSS_CONFIG.LOSS_WEIGHTS.dir_weight: 0.2
2026-04-29 01:00:22,322   INFO  cfg.MODEL.DENSE_HEAD.LOSS_CONFIG.LOSS_WEIGHTS.code_weights: [1.0, 1.0, 1.0, 1.0, 1.0, 1.0, 1.0]
2026-04-29 01:00:22,322   INFO  ----------- POST_PROCESSING -----------
2026-04-29 01:00:22,322   INFO  cfg.MODEL.POST_PROCESSING.RECALL_THRESH_LIST: [0.3, 0.5, 0.7]
2026-04-29 01:00:22,322   INFO  cfg.MODEL.POST_PROCESSING.SCORE_THRESH: 0.1
2026-04-29 01:00:22,322   INFO  cfg.MODEL.POST_PROCESSING.OUTPUT_RAW_SCORE: False
2026-04-29 01:00:22,322   INFO  cfg.MODEL.POST_PROCESSING.EVAL_METRIC: nuscenes
2026-04-29 01:00:22,322   INFO  ----------- NMS_CONFIG -----------
2026-04-29 01:00:22,322   INFO  cfg.MODEL.POST_PROCESSING.NMS_CONFIG.MULTI_CLASSES_NMS: False
2026-04-29 01:00:22,322   INFO  cfg.MODEL.POST_PROCESSING.NMS_CONFIG.NMS_TYPE: nms_gpu
2026-04-29 01:00:22,322   INFO  cfg.MODEL.POST_PROCESSING.NMS_CONFIG.NMS_THRESH: 0.01
2026-04-29 01:00:22,322   INFO  cfg.MODEL.POST_PROCESSING.NMS_CONFIG.NMS_PRE_MAXSIZE: 4096
2026-04-29 01:00:22,322   INFO  cfg.MODEL.POST_PROCESSING.NMS_CONFIG.NMS_POST_MAXSIZE: 500
2026-04-29 01:00:22,322   INFO  ----------- OPTIMIZATION -----------
2026-04-29 01:00:22,322   INFO  cfg.OPTIMIZATION.BATCH_SIZE_PER_GPU: 4
2026-04-29 01:00:22,322   INFO  cfg.OPTIMIZATION.NUM_EPOCHS: 80
2026-04-29 01:00:22,322   INFO  cfg.OPTIMIZATION.OPTIMIZER: adam_onecycle
2026-04-29 01:00:22,322   INFO  cfg.OPTIMIZATION.LR: 0.003
2026-04-29 01:00:22,322   INFO  cfg.OPTIMIZATION.WEIGHT_DECAY: 0.01
2026-04-29 01:00:22,322   INFO  cfg.OPTIMIZATION.MOMENTUM: 0.9
2026-04-29 01:00:22,322   INFO  cfg.OPTIMIZATION.MOMS: [0.95, 0.85]
2026-04-29 01:00:22,323   INFO  cfg.OPTIMIZATION.PCT_START: 0.4
2026-04-29 01:00:22,323   INFO  cfg.OPTIMIZATION.DIV_FACTOR: 10
2026-04-29 01:00:22,323   INFO  cfg.OPTIMIZATION.DECAY_STEP_LIST: [35, 45]
2026-04-29 01:00:22,323   INFO  cfg.OPTIMIZATION.LR_DECAY: 0.1
2026-04-29 01:00:22,323   INFO  cfg.OPTIMIZATION.LR_CLIP: 1e-07
2026-04-29 01:00:22,323   INFO  cfg.OPTIMIZATION.LR_WARMUP: False
2026-04-29 01:00:22,323   INFO  cfg.OPTIMIZATION.WARMUP_EPOCH: 1
2026-04-29 01:00:22,323   INFO  cfg.OPTIMIZATION.GRAD_NORM_CLIP: 10
2026-04-29 01:00:22,323   INFO  cfg.TAG: second_nuscenes_focal
2026-04-29 01:00:22,323   INFO  cfg.EXP_GROUP_PATH: OpenPCDet/tools/cfgs/kitti_models
2026-04-29 01:00:22,326   INFO  ----------- Create dataloader & network & optimizer -----------
2026-04-29 01:00:22,360   INFO  Database filter by min points car: 4082 => 3303
2026-04-29 01:00:22,360   INFO  Database filter by min points bicycle: 147 => 136
2026-04-29 01:00:22,360   INFO  Database filter by min points pedestrian: 3068 => 2799
2026-04-29 01:00:22,361   INFO  Loading NuScenes dataset
2026-04-29 01:00:22,377   INFO  Total samples for NuScenes dataset: 323
2026-04-29 01:00:22,380   INFO  Total samples after balanced resampling: 667
2026-04-29 01:00:23,530   INFO  ----------- Model SECONDNet created, param count: 5552600 -----------
2026-04-29 01:00:23,530   INFO  SECONDNet(
  (vfe): MeanVFE()
  (backbone_3d): VoxelBackBone8xFocal(
    (conv_input): SparseSequential(
      (0): SubMConv3d(4, 16, kernel_size=[3, 3, 3], stride=[1, 1, 1], padding=[1, 1, 1], dilation=[1, 1, 1], output_padding=[0, 0, 0], bias=False, algo=ConvAlgo.MaskImplicitGemm)
      (1): BatchNorm1d(16, eps=0.001, momentum=0.01, affine=True, track_running_stats=True)
      (2): ReLU(inplace=True)
    )
    (conv1): SparseSequentialBatchdict(
      (0): SparseSequential(
        (0): SubMConv3d(16, 16, kernel_size=[3, 3, 3], stride=[1, 1, 1], padding=[0, 0, 0], dilation=[1, 1, 1], output_padding=[0, 0, 0], bias=False, algo=ConvAlgo.MaskImplicitGemm)
        (1): BatchNorm1d(16, eps=0.001, momentum=0.01, affine=True, track_running_stats=True)
        (2): ReLU(inplace=True)
      )
      (1): FocalSparseConv(
        (conv): SubMConv3d(16, 16, kernel_size=[3, 3, 3], stride=[1, 1, 1], padding=[0, 0, 0], dilation=[1, 1, 1], output_padding=[0, 0, 0], bias=False, algo=ConvAlgo.MaskImplicitGemm)
        (bn1): BatchNorm1d(16, eps=0.001, momentum=0.01, affine=True, track_running_stats=True)
        (relu): ReLU(inplace=True)
        (focal_loss): FocalLoss()
        (conv_imp): SubMConv3d(16, 27, kernel_size=[3, 3, 3], stride=[1, 1, 1], padding=[1, 1, 1], dilation=[1, 1, 1], output_padding=[0, 0, 0], bias=False, algo=ConvAlgo.MaskImplicitGemm)
      )
    )
    (conv2): SparseSequentialBatchdict(
      (0): SparseSequential(
        (0): SparseConv3d(16, 32, kernel_size=[3, 3, 3], stride=[2, 2, 2], padding=[1, 1, 1], dilation=[1, 1, 1], output_padding=[0, 0, 0], bias=False, algo=ConvAlgo.MaskImplicitGemm)
        (1): BatchNorm1d(32, eps=0.001, momentum=0.01, affine=True, track_running_stats=True)
        (2): ReLU(inplace=True)
      )
      (1): SparseSequential(
        (0): SubMConv3d(32, 32, kernel_size=[3, 3, 3], stride=[1, 1, 1], padding=[0, 0, 0], dilation=[1, 1, 1], output_padding=[0, 0, 0], bias=False, algo=ConvAlgo.MaskImplicitGemm)
        (1): BatchNorm1d(32, eps=0.001, momentum=0.01, affine=True, track_running_stats=True)
        (2): ReLU(inplace=True)
      )
      (2): SparseSequential(
        (0): SubMConv3d(32, 32, kernel_size=[3, 3, 3], stride=[1, 1, 1], padding=[0, 0, 0], dilation=[1, 1, 1], output_padding=[0, 0, 0], bias=False, algo=ConvAlgo.MaskImplicitGemm)
        (1): BatchNorm1d(32, eps=0.001, momentum=0.01, affine=True, track_running_stats=True)
        (2): ReLU(inplace=True)
      )
      (3): FocalSparseConv(
        (conv): SubMConv3d(32, 32, kernel_size=[3, 3, 3], stride=[1, 1, 1], padding=[0, 0, 0], dilation=[1, 1, 1], output_padding=[0, 0, 0], bias=False, algo=ConvAlgo.MaskImplicitGemm)
        (bn1): BatchNorm1d(32, eps=0.001, momentum=0.01, affine=True, track_running_stats=True)
        (relu): ReLU(inplace=True)
        (focal_loss): FocalLoss()
        (conv_imp): SubMConv3d(32, 27, kernel_size=[3, 3, 3], stride=[1, 1, 1], padding=[1, 1, 1], dilation=[1, 1, 1], output_padding=[0, 0, 0], bias=False, algo=ConvAlgo.MaskImplicitGemm)
      )
    )
    (conv3): SparseSequentialBatchdict(
      (0): SparseSequential(
        (0): SparseConv3d(32, 64, kernel_size=[3, 3, 3], stride=[2, 2, 2], padding=[1, 1, 1], dilation=[1, 1, 1], output_padding=[0, 0, 0], bias=False, algo=ConvAlgo.MaskImplicitGemm)
        (1): BatchNorm1d(64, eps=0.001, momentum=0.01, affine=True, track_running_stats=True)
        (2): ReLU(inplace=True)
      )
      (1): SparseSequential(
        (0): SubMConv3d(64, 64, kernel_size=[3, 3, 3], stride=[1, 1, 1], padding=[0, 0, 0], dilation=[1, 1, 1], output_padding=[0, 0, 0], bias=False, algo=ConvAlgo.MaskImplicitGemm)
        (1): BatchNorm1d(64, eps=0.001, momentum=0.01, affine=True, track_running_stats=True)
        (2): ReLU(inplace=True)
      )
      (2): SparseSequential(
        (0): SubMConv3d(64, 64, kernel_size=[3, 3, 3], stride=[1, 1, 1], padding=[0, 0, 0], dilation=[1, 1, 1], output_padding=[0, 0, 0], bias=False, algo=ConvAlgo.MaskImplicitGemm)
        (1): BatchNorm1d(64, eps=0.001, momentum=0.01, affine=True, track_running_stats=True)
        (2): ReLU(inplace=True)
      )
      (3): FocalSparseConv(
        (conv): SubMConv3d(64, 64, kernel_size=[3, 3, 3], stride=[1, 1, 1], padding=[0, 0, 0], dilation=[1, 1, 1], output_padding=[0, 0, 0], bias=False, algo=ConvAlgo.MaskImplicitGemm)
        (bn1): BatchNorm1d(64, eps=0.001, momentum=0.01, affine=True, track_running_stats=True)
        (relu): ReLU(inplace=True)
        (focal_loss): FocalLoss()
        (conv_imp): SubMConv3d(64, 27, kernel_size=[3, 3, 3], stride=[1, 1, 1], padding=[1, 1, 1], dilation=[1, 1, 1], output_padding=[0, 0, 0], bias=False, algo=ConvAlgo.MaskImplicitGemm)
      )
    )
    (conv4): SparseSequentialBatchdict(
      (0): SparseSequential(
        (0): SparseConv3d(64, 64, kernel_size=[3, 3, 3], stride=[2, 2, 2], padding=[0, 1, 1], dilation=[1, 1, 1], output_padding=[0, 0, 0], bias=False, algo=ConvAlgo.MaskImplicitGemm)
        (1): BatchNorm1d(64, eps=0.001, momentum=0.01, affine=True, track_running_stats=True)
        (2): ReLU(inplace=True)
      )
      (1): SparseSequential(
        (0): SubMConv3d(64, 64, kernel_size=[3, 3, 3], stride=[1, 1, 1], padding=[0, 0, 0], dilation=[1, 1, 1], output_padding=[0, 0, 0], bias=False, algo=ConvAlgo.MaskImplicitGemm)
        (1): BatchNorm1d(64, eps=0.001, momentum=0.01, affine=True, track_running_stats=True)
        (2): ReLU(inplace=True)
      )
      (2): SparseSequential(
        (0): SubMConv3d(64, 64, kernel_size=[3, 3, 3], stride=[1, 1, 1], padding=[0, 0, 0], dilation=[1, 1, 1], output_padding=[0, 0, 0], bias=False, algo=ConvAlgo.MaskImplicitGemm)
        (1): BatchNorm1d(64, eps=0.001, momentum=0.01, affine=True, track_running_stats=True)
        (2): ReLU(inplace=True)
      )
    )
    (conv_out): SparseSequential(
      (0): SparseConv3d(64, 128, kernel_size=[3, 1, 1], stride=[2, 1, 1], padding=[0, 0, 0], dilation=[1, 1, 1], output_padding=[0, 0, 0], bias=False, algo=ConvAlgo.MaskImplicitGemm)
      (1): BatchNorm1d(128, eps=0.001, momentum=0.01, affine=True, track_running_stats=True)
      (2): ReLU(inplace=True)
    )
  )
  (map_to_bev_module): HeightCompression()
  (pfe): None
  (backbone_2d): BaseBEVBackbone(
    (blocks): ModuleList(
      (0): Sequential(
        (0): ZeroPad2d((1, 1, 1, 1))
        (1): Conv2d(256, 128, kernel_size=(3, 3), stride=(1, 1), bias=False)
        (2): BatchNorm2d(128, eps=0.001, momentum=0.01, affine=True, track_running_stats=True)
        (3): ReLU()
        (4): Conv2d(128, 128, kernel_size=(3, 3), stride=(1, 1), padding=(1, 1), bias=False)
        (5): BatchNorm2d(128, eps=0.001, momentum=0.01, affine=True, track_running_stats=True)
        (6): ReLU()
        (7): Conv2d(128, 128, kernel_size=(3, 3), stride=(1, 1), padding=(1, 1), bias=False)
        (8): BatchNorm2d(128, eps=0.001, momentum=0.01, affine=True, track_running_stats=True)
        (9): ReLU()
        (10): Conv2d(128, 128, kernel_size=(3, 3), stride=(1, 1), padding=(1, 1), bias=False)
        (11): BatchNorm2d(128, eps=0.001, momentum=0.01, affine=True, track_running_stats=True)
        (12): ReLU()
        (13): Conv2d(128, 128, kernel_size=(3, 3), stride=(1, 1), padding=(1, 1), bias=False)
        (14): BatchNorm2d(128, eps=0.001, momentum=0.01, affine=True, track_running_stats=True)
        (15): ReLU()
        (16): Conv2d(128, 128, kernel_size=(3, 3), stride=(1, 1), padding=(1, 1), bias=False)
        (17): BatchNorm2d(128, eps=0.001, momentum=0.01, affine=True, track_running_stats=True)
        (18): ReLU()
      )
      (1): Sequential(
        (0): ZeroPad2d((1, 1, 1, 1))
        (1): Conv2d(128, 256, kernel_size=(3, 3), stride=(2, 2), bias=False)
        (2): BatchNorm2d(256, eps=0.001, momentum=0.01, affine=True, track_running_stats=True)
        (3): ReLU()
        (4): Conv2d(256, 256, kernel_size=(3, 3), stride=(1, 1), padding=(1, 1), bias=False)
        (5): BatchNorm2d(256, eps=0.001, momentum=0.01, affine=True, track_running_stats=True)
        (6): ReLU()
        (7): Conv2d(256, 256, kernel_size=(3, 3), stride=(1, 1), padding=(1, 1), bias=False)
        (8): BatchNorm2d(256, eps=0.001, momentum=0.01, affine=True, track_running_stats=True)
        (9): ReLU()
        (10): Conv2d(256, 256, kernel_size=(3, 3), stride=(1, 1), padding=(1, 1), bias=False)
        (11): BatchNorm2d(256, eps=0.001, momentum=0.01, affine=True, track_running_stats=True)
        (12): ReLU()
        (13): Conv2d(256, 256, kernel_size=(3, 3), stride=(1, 1), padding=(1, 1), bias=False)
        (14): BatchNorm2d(256, eps=0.001, momentum=0.01, affine=True, track_running_stats=True)
        (15): ReLU()
        (16): Conv2d(256, 256, kernel_size=(3, 3), stride=(1, 1), padding=(1, 1), bias=False)
        (17): BatchNorm2d(256, eps=0.001, momentum=0.01, affine=True, track_running_stats=True)
        (18): ReLU()
      )
    )
    (deblocks): ModuleList(
      (0): Sequential(
        (0): ConvTranspose2d(128, 256, kernel_size=(1, 1), stride=(1, 1), bias=False)
        (1): BatchNorm2d(256, eps=0.001, momentum=0.01, affine=True, track_running_stats=True)
        (2): ReLU()
      )
      (1): Sequential(
        (0): ConvTranspose2d(256, 256, kernel_size=(2, 2), stride=(2, 2), bias=False)
        (1): BatchNorm2d(256, eps=0.001, momentum=0.01, affine=True, track_running_stats=True)
        (2): ReLU()
      )
    )
  )
  (dense_head): AnchorHeadSingle(
    (cls_loss_func): SigmoidFocalClassificationLoss()
    (reg_loss_func): WeightedSmoothL1Loss()
    (dir_loss_func): WeightedCrossEntropyLoss()
    (conv_cls): Conv2d(512, 18, kernel_size=(1, 1), stride=(1, 1))
    (conv_box): Conv2d(512, 42, kernel_size=(1, 1), stride=(1, 1))
    (conv_dir_cls): Conv2d(512, 12, kernel_size=(1, 1), stride=(1, 1))
  )
  (point_head): None
  (roi_head): None
)
2026-04-29 01:00:23,531   INFO  **********************Start training OpenPCDet/tools/cfgs/kitti_models/second_nuscenes_focal(default)**********************
2026-04-29 01:00:44,090   INFO  Train:    1/80 (  1%) [   0/167 (  0%)]  Loss: 10.59 (10.6)  LR: 3.000e-04  Time cost: 00:19/55:18 [00:20/73:44:17]  Acc_iter 1           Data time: 0.69(0.69)  Forward time: 19.18(19.18)  Batch time: 19.87(19.87)
2026-04-29 01:00:57,265   INFO  Train:    1/80 (  1%) [  49/167 ( 29%)]  Loss: 2.738 (3.66)  LR: 3.006e-04  Time cost: 00:33/01:17 [00:33/2:26:37]  Acc_iter 50          Data time: 0.00(0.01)  Forward time: 0.27(0.65)  Batch time: 0.27(0.66)
2026-04-29 01:01:10,625   INFO  Train:    1/80 (  1%) [  99/167 ( 59%)]  Loss: 3.003 (3.29)  LR: 3.023e-04  Time cost: 00:46/00:31 [00:47/1:42:33]  Acc_iter 100         Data time: 0.00(0.01)  Forward time: 0.28(0.46)  Batch time: 0.28(0.46)
2026-04-29 01:01:23,906   INFO  Train:    1/80 (  1%) [ 149/167 ( 89%)]  Loss: 2.638 (3.13)  LR: 3.052e-04  Time cost: 00:59/00:07 [01:00/1:27:36]  Acc_iter 150         Data time: 0.00(0.01)  Forward time: 0.27(0.39)  Batch time: 0.27(0.40)
2026-04-29 01:01:24,079   INFO  
2026-04-29 01:01:28,258   INFO  Train:    1/80 (  1%) [ 166/167 ( 99%)]  Loss: 2.759 (3.10)  LR: 3.064e-04  Time cost: 01:04/00:00 [01:04/1:24:19]  Acc_iter 167         Data time: 0.00(0.01)  Forward time: 0.19(0.38)  Batch time: 0.19(0.38)
2026-04-29 01:01:29,653   INFO  Train:    2/80 (  2%) [   0/167 (  0%)]  Loss: 2.739 (2.74)  LR: 3.065e-04  Time cost: 00:00/02:44 [01:06/3:36:54]  Acc_iter 168         Data time: 0.62(0.62)  Forward time: 0.36(0.36)  Batch time: 0.99(0.99)
2026-04-29 01:01:37,909   INFO  Train:    2/80 (  2%) [  32/167 ( 19%)]  Loss: 2.588 (2.67)  LR: 3.092e-04  Time cost: 00:09/00:37 [01:14/1:01:25]  Acc_iter 200         Data time: 0.00(0.02)  Forward time: 0.27(0.26)  Batch time: 0.27(0.28)
2026-04-29 01:01:50,596   INFO  Train:    2/80 (  2%) [  82/167 ( 49%)]  Loss: 2.810 (2.60)  LR: 3.144e-04  Time cost: 00:21/00:22 [01:27/57:44]  Acc_iter 250         Data time: 0.00(0.01)  Forward time: 0.26(0.26)  Batch time: 0.26(0.26)
2026-04-29 01:02:03,169   INFO  Train:    2/80 (  2%) [ 132/167 ( 79%)]  Loss: 2.310 (2.55)  LR: 3.208e-04  Time cost: 00:34/00:09 [01:39/56:28]  Acc_iter 300         Data time: 0.00(0.01)  Forward time: 0.26(0.25)  Batch time: 0.26(0.26)
2026-04-29 01:02:03,316   INFO  
2026-04-29 01:02:11,560   INFO  Train:    2/80 (  2%) [ 166/167 ( 99%)]  Loss: 2.403 (2.53)  LR: 3.258e-04  Time cost: 00:42/00:00 [01:48/55:45]  Acc_iter 334         Data time: 0.00(0.01)  Forward time: 0.17(0.25)  Batch time: 0.17(0.26)
2026-04-29 01:02:12,762   INFO  Train:    3/80 (  4%) [   0/167 (  0%)]  Loss: 2.563 (2.56)  LR: 3.259e-04  Time cost: 00:00/02:10 [01:49/2:49:55]  Acc_iter 335         Data time: 0.34(0.34)  Forward time: 0.44(0.44)  Batch time: 0.78(0.78)
2026-04-29 01:02:16,413   INFO  Train:    3/80 (  4%) [  15/167 (  9%)]  Loss: 2.682 (2.41)  LR: 3.283e-04  Time cost: 00:04/00:42 [01:52/1:00:05]  Acc_iter 350         Data time: 0.00(0.02)  Forward time: 0.28(0.25)  Batch time: 0.28(0.28)
2026-04-29 01:02:28,428   INFO  Train:    3/80 (  4%) [  65/167 ( 39%)]  Loss: 2.443 (2.30)  LR: 3.370e-04  Time cost: 00:16/00:25 [02:04/53:50]  Acc_iter 400         Data time: 0.00(0.01)  Forward time: 0.24(0.24)  Batch time: 0.24(0.25)
2026-04-29 01:02:40,216   INFO  Train:    3/80 (  4%) [ 115/167 ( 69%)]  Loss: 1.842 (2.27)  LR: 3.468e-04  Time cost: 00:28/00:12 [02:16/52:22]  Acc_iter 450         Data time: 0.00(0.00)  Forward time: 0.23(0.24)  Batch time: 0.23(0.24)
2026-04-29 01:02:40,356   INFO  
2026-04-29 01:02:51,774   INFO  Train:    3/80 (  4%) [ 165/167 ( 99%)]  Loss: 1.975 (2.26)  LR: 3.577e-04  Time cost: 00:39/00:00 [02:28/51:23]  Acc_iter 500         Data time: 0.00(0.00)  Forward time: 0.24(0.24)  Batch time: 0.24(0.24)
2026-04-29 01:02:51,945   INFO  Train:    3/80 (  4%) [ 166/167 ( 99%)]  Loss: 2.496 (2.26)  LR: 3.579e-04  Time cost: 00:39/00:00 [02:28/51:17]  Acc_iter 501         Data time: 0.00(0.00)  Forward time: 0.17(0.24)  Batch time: 0.17(0.24)
2026-04-29 01:02:53,111   INFO  Train:    4/80 (  5%) [   0/167 (  0%)]  Loss: 1.956 (1.96)  LR: 3.581e-04  Time cost: 00:00/02:07 [02:29/2:44:14]  Acc_iter 502         Data time: 0.46(0.46)  Forward time: 0.30(0.30)  Batch time: 0.77(0.77)
2026-04-29 01:03:04,286   INFO  Train:    4/80 (  5%) [  48/167 ( 29%)]  Loss: 2.011 (2.14)  LR: 3.697e-04  Time cost: 00:11/00:28 [02:40/52:01]  Acc_iter 550         Data time: 0.00(0.01)  Forward time: 0.25(0.23)  Batch time: 0.25(0.24)
2026-04-29 01:03:16,110   INFO  Train:    4/80 (  5%) [  98/167 ( 59%)]  Loss: 2.446 (2.13)  LR: 3.828e-04  Time cost: 00:23/00:16 [02:52/51:03]  Acc_iter 600         Data time: 0.00(0.01)  Forward time: 0.28(0.23)  Batch time: 0.28(0.24)
2026-04-29 01:03:16,259   INFO  
2026-04-29 01:03:27,962   INFO  Train:    4/80 (  5%) [ 148/167 ( 89%)]  Loss: 2.222 (2.11)  LR: 3.971e-04  Time cost: 00:35/00:04 [03:04/50:38]  Acc_iter 650         Data time: 0.00(0.01)  Forward time: 0.23(0.23)  Batch time: 0.23(0.24)
2026-04-29 01:03:31,816   INFO  Train:    4/80 (  5%) [ 166/167 ( 99%)]  Loss: 1.643 (2.10)  LR: 4.025e-04  Time cost: 00:39/00:00 [03:08/50:00]  Acc_iter 668         Data time: 0.00(0.00)  Forward time: 0.16(0.23)  Batch time: 0.16(0.24)
2026-04-29 01:03:33,044   INFO  Train:    5/80 (  6%) [   0/167 (  0%)]  Loss: 1.890 (1.89)  LR: 4.028e-04  Time cost: 00:00/02:15 [03:09/2:51:33]  Acc_iter 669         Data time: 0.44(0.44)  Forward time: 0.37(0.37)  Batch time: 0.81(0.81)
2026-04-29 01:03:40,213   INFO  Train:    5/80 (  6%) [  31/167 ( 19%)]  Loss: 2.225 (2.01)  LR: 4.124e-04  Time cost: 00:07/00:33 [03:16/52:37]  Acc_iter 700         Data time: 0.00(0.01)  Forward time: 0.22(0.23)  Batch time: 0.22(0.25)
2026-04-29 01:03:51,583   INFO  Train:    5/80 (  6%) [  81/167 ( 49%)]  Loss: 2.831 (2.06)  LR: 4.288e-04  Time cost: 00:19/00:20 [03:28/49:35]  Acc_iter 750         Data time: 0.00(0.01)  Forward time: 0.22(0.23)  Batch time: 0.23(0.24)
2026-04-29 01:03:51,726   INFO  
2026-04-29 01:04:03,305   INFO  Train:    5/80 (  6%) [ 131/167 ( 78%)]  Loss: 2.265 (2.04)  LR: 4.462e-04  Time cost: 00:31/00:08 [03:39/49:16]  Acc_iter 800         Data time: 0.00(0.01)  Forward time: 0.23(0.23)  Batch time: 0.24(0.24)
2026-04-29 01:04:11,386   INFO  Train:    5/80 (  6%) [ 166/167 ( 99%)]  Loss: 1.913 (2.06)  LR: 4.590e-04  Time cost: 00:39/00:00 [03:47/48:56]  Acc_iter 835         Data time: 0.01(0.00)  Forward time: 0.18(0.23)  Batch time: 0.20(0.23)
2026-04-29 01:04:12,543   INFO  Train:    6/80 (  8%) [   0/167 (  0%)]  Loss: 2.047 (2.05)  LR: 4.594e-04  Time cost: 00:00/02:08 [03:49/2:40:13]  Acc_iter 836         Data time: 0.38(0.38)  Forward time: 0.39(0.39)  Batch time: 0.77(0.77)
2026-04-29 01:04:15,860   INFO  Train:    6/80 (  8%) [  14/167 (  8%)]  Loss: 1.716 (1.94)  LR: 4.647e-04  Time cost: 00:04/00:41 [03:52/56:47]  Acc_iter 850         Data time: 0.00(0.03)  Forward time: 0.22(0.25)  Batch time: 0.22(0.27)
2026-04-29 01:04:27,315   INFO  Train:    6/80 (  8%) [  64/167 ( 38%)]  Loss: 2.343 (1.98)  LR: 4.842e-04  Time cost: 00:15/00:24 [04:03/49:39]  Acc_iter 900         Data time: 0.00(0.01)  Forward time: 0.22(0.23)  Batch time: 0.22(0.24)
2026-04-29 01:04:27,459   INFO  
2026-04-29 01:04:38,798   INFO  Train:    6/80 (  8%) [ 114/167 ( 68%)]  Loss: 2.073 (1.98)  LR: 5.047e-04  Time cost: 00:27/00:12 [04:15/48:36]  Acc_iter 950         Data time: 0.00(0.01)  Forward time: 0.22(0.23)  Batch time: 0.22(0.23)
2026-04-29 01:04:49,919   INFO  Train:    6/80 (  8%) [ 164/167 ( 98%)]  Loss: 2.006 (2.00)  LR: 5.262e-04  Time cost: 00:38/00:00 [04:26/47:37]  Acc_iter 1000        Data time: 0.00(0.00)  Forward time: 0.22(0.23)  Batch time: 0.22(0.23)
2026-04-29 01:04:50,284   INFO  Train:    6/80 (  8%) [ 166/167 ( 99%)]  Loss: 1.516 (1.99)  LR: 5.271e-04  Time cost: 00:38/00:00 [04:26/47:29]  Acc_iter 1002        Data time: 0.00(0.00)  Forward time: 0.14(0.23)  Batch time: 0.14(0.23)
2026-04-29 01:04:51,451   INFO  Train:    7/80 (  9%) [   0/167 (  0%)]  Loss: 1.599 (1.60)  LR: 5.275e-04  Time cost: 00:00/02:06 [04:27/2:36:36]  Acc_iter 1003        Data time: 0.39(0.39)  Forward time: 0.37(0.37)  Batch time: 0.76(0.76)
2026-04-29 01:05:01,917   INFO  Train:    7/80 (  9%) [  47/167 ( 28%)]  Loss: 1.934 (1.94)  LR: 5.487e-04  Time cost: 00:11/00:28 [04:38/47:59]  Acc_iter 1050        Data time: 0.00(0.01)  Forward time: 0.23(0.22)  Batch time: 0.23(0.23)
2026-04-29 01:05:02,058   INFO  
2026-04-29 01:05:13,401   INFO  Train:    7/80 (  9%) [  97/167 ( 58%)]  Loss: 2.000 (1.97)  LR: 5.721e-04  Time cost: 00:22/00:16 [04:49/47:21]  Acc_iter 1100        Data time: 0.00(0.01)  Forward time: 0.23(0.23)  Batch time: 0.23(0.23)
2026-04-29 01:05:24,435   INFO  Train:    7/80 (  9%) [ 147/167 ( 88%)]  Loss: 2.230 (1.98)  LR: 5.964e-04  Time cost: 00:33/00:04 [05:00/46:24]  Acc_iter 1150        Data time: 0.00(0.00)  Forward time: 0.24(0.22)  Batch time: 0.24(0.23)
2026-04-29 01:05:28,469   INFO  Train:    7/80 (  9%) [ 166/167 ( 99%)]  Loss: 2.030 (1.98)  LR: 6.059e-04  Time cost: 00:37/00:00 [05:04/45:58]  Acc_iter 1169        Data time: 0.00(0.00)  Forward time: 0.15(0.22)  Batch time: 0.15(0.23)
2026-04-29 01:05:29,652   INFO  Train:    8/80 ( 10%) [   0/167 (  0%)]  Loss: 1.748 (1.75)  LR: 6.064e-04  Time cost: 00:00/02:07 [05:06/2:34:55]  Acc_iter 1170        Data time: 0.38(0.38)  Forward time: 0.38(0.38)  Batch time: 0.76(0.76)
2026-04-29 01:05:36,263   INFO  Train:    8/80 ( 10%) [  30/167 ( 18%)]  Loss: 1.699 (1.86)  LR: 6.217e-04  Time cost: 00:07/00:32 [05:12/48:12]  Acc_iter 1200        Data time: 0.00(0.01)  Forward time: 0.23(0.22)  Batch time: 0.23(0.24)
2026-04-29 01:05:36,405   INFO  
2026-04-29 01:05:47,492   INFO  Train:    8/80 ( 10%) [  80/167 ( 48%)]  Loss: 2.039 (1.94)  LR: 6.479e-04  Time cost: 00:18/00:19 [05:23/46:21]  Acc_iter 1250        Data time: 0.00(0.01)  Forward time: 0.21(0.22)  Batch time: 0.21(0.23)
2026-04-29 01:05:58,632   INFO  Train:    8/80 ( 10%) [ 130/167 ( 78%)]  Loss: 1.818 (1.95)  LR: 6.749e-04  Time cost: 00:29/00:08 [05:35/45:38]  Acc_iter 1300        Data time: 0.00(0.00)  Forward time: 0.23(0.22)  Batch time: 0.23(0.23)
2026-04-29 01:06:06,396   INFO  Train:    8/80 ( 10%) [ 166/167 ( 99%)]  Loss: 1.290 (1.94)  LR: 6.948e-04  Time cost: 00:37/00:00 [05:42/45:00]  Acc_iter 1336        Data time: 0.00(0.00)  Forward time: 0.15(0.22)  Batch time: 0.15(0.22)
2026-04-29 01:06:07,585   INFO  Train:    9/80 ( 11%) [   0/167 (  0%)]  Loss: 1.709 (1.71)  LR: 6.954e-04  Time cost: 00:00/02:11 [05:44/2:37:36]  Acc_iter 1337        Data time: 0.46(0.46)  Forward time: 0.32(0.32)  Batch time: 0.79(0.79)
2026-04-29 01:06:10,458   INFO  Train:    9/80 ( 11%) [  13/167 (  8%)]  Loss: 1.850 (1.91)  LR: 7.027e-04  Time cost: 00:03/00:40 [05:46/52:19]  Acc_iter 1350        Data time: 0.00(0.03)  Forward time: 0.23(0.23)  Batch time: 0.23(0.26)
2026-04-29 01:06:10,603   INFO  
2026-04-29 01:06:21,527   INFO  Train:    9/80 ( 11%) [  63/167 ( 38%)]  Loss: 1.930 (1.89)  LR: 7.314e-04  Time cost: 00:14/00:23 [05:57/45:52]  Acc_iter 1400        Data time: 0.00(0.01)  Forward time: 0.23(0.22)  Batch time: 0.23(0.23)
2026-04-29 01:06:32,402   INFO  Train:    9/80 ( 11%) [ 113/167 ( 68%)]  Loss: 1.897 (1.90)  LR: 7.609e-04  Time cost: 00:25/00:12 [06:08/44:35]  Acc_iter 1450        Data time: 0.00(0.01)  Forward time: 0.22(0.22)  Batch time: 0.22(0.22)
2026-04-29 01:06:43,361   INFO  Train:    9/80 ( 11%) [ 163/167 ( 98%)]  Loss: 1.873 (1.89)  LR: 7.911e-04  Time cost: 00:36/00:00 [06:19/44:04]  Acc_iter 1500        Data time: 0.00(0.00)  Forward time: 0.22(0.22)  Batch time: 0.22(0.22)
2026-04-29 01:06:43,501   INFO  
2026-04-29 01:06:44,052   INFO  Train:    9/80 ( 11%) [ 166/167 ( 99%)]  Loss: 1.690 (1.89)  LR: 7.930e-04  Time cost: 00:37/00:00 [06:20/44:05]  Acc_iter 1503        Data time: 0.00(0.01)  Forward time: 0.15(0.22)  Batch time: 0.15(0.22)
2026-04-29 01:06:45,260   INFO  Train:   10/80 ( 12%) [   0/167 (  0%)]  Loss: 2.224 (2.22)  LR: 7.936e-04  Time cost: 00:00/02:13 [06:21/2:37:42]  Acc_iter 1504        Data time: 0.47(0.47)  Forward time: 0.32(0.32)  Batch time: 0.80(0.80)
2026-04-29 01:06:55,675   INFO  Train:   10/80 ( 12%) [  46/167 ( 28%)]  Loss: 1.635 (1.91)  LR: 8.221e-04  Time cost: 00:11/00:28 [06:32/46:57]  Acc_iter 1550        Data time: 0.00(0.01)  Forward time: 0.23(0.23)  Batch time: 0.23(0.24)
2026-04-29 01:07:06,915   INFO  Train:   10/80 ( 12%) [  96/167 ( 57%)]  Loss: 2.309 (1.90)  LR: 8.538e-04  Time cost: 00:22/00:16 [06:43/45:22]  Acc_iter 1600        Data time: 0.00(0.01)  Forward time: 0.24(0.23)  Batch time: 0.24(0.23)
2026-04-29 01:07:18,073   INFO  Train:   10/80 ( 12%) [ 146/167 ( 87%)]  Loss: 1.953 (1.90)  LR: 8.862e-04  Time cost: 00:33/00:04 [06:54/44:37]  Acc_iter 1650        Data time: 0.00(0.00)  Forward time: 0.22(0.22)  Batch time: 0.23(0.23)
2026-04-29 01:07:18,224   INFO  
2026-04-29 01:07:22,476   INFO  Train:   10/80 ( 12%) [ 166/167 ( 99%)]  Loss: 1.825 (1.90)  LR: 8.993e-04  Time cost: 00:38/00:00 [06:58/44:21]  Acc_iter 1670        Data time: 0.00(0.00)  Forward time: 0.17(0.22)  Batch time: 0.17(0.23)
2026-04-29 01:07:23,616   INFO  Train:   11/80 ( 14%) [   0/167 (  0%)]  Loss: 2.133 (2.13)  LR: 9.000e-04  Time cost: 00:00/02:04 [07:00/2:24:52]  Acc_iter 1671        Data time: 0.41(0.41)  Forward time: 0.34(0.34)  Batch time: 0.74(0.74)
2026-04-29 01:07:29,933   INFO  Train:   11/80 ( 14%) [  29/167 ( 17%)]  Loss: 1.703 (1.78)  LR: 9.192e-04  Time cost: 00:07/00:32 [07:06/45:44]  Acc_iter 1700        Data time: 0.00(0.01)  Forward time: 0.24(0.22)  Batch time: 0.24(0.24)
2026-04-29 01:07:40,856   INFO  Train:   11/80 ( 14%) [  79/167 ( 47%)]  Loss: 1.877 (1.86)  LR: 9.529e-04  Time cost: 00:17/00:19 [07:17/43:30]  Acc_iter 1750        Data time: 0.00(0.01)  Forward time: 0.21(0.22)  Batch time: 0.21(0.22)
2026-04-29 01:07:51,941   INFO  Train:   11/80 ( 14%) [ 129/167 ( 77%)]  Loss: 1.666 (1.86)  LR: 9.872e-04  Time cost: 00:29/00:08 [07:28/43:05]  Acc_iter 1800        Data time: 0.00(0.00)  Forward time: 0.22(0.22)  Batch time: 0.22(0.22)
2026-04-29 01:07:52,087   INFO  
2026-04-29 01:08:00,096   INFO  Train:   11/80 ( 14%) [ 166/167 ( 99%)]  Loss: 1.912 (1.85)  LR: 1.013e-03  Time cost: 00:37/00:00 [07:36/42:48]  Acc_iter 1837        Data time: 0.00(0.00)  Forward time: 0.17(0.22)  Batch time: 0.17(0.22)
2026-04-29 01:08:01,254   INFO  Train:   12/80 ( 15%) [   0/167 (  0%)]  Loss: 1.768 (1.77)  LR: 1.014e-03  Time cost: 00:00/02:05 [07:37/2:24:21]  Acc_iter 1838        Data time: 0.40(0.40)  Forward time: 0.35(0.35)  Batch time: 0.75(0.75)
2026-04-29 01:08:03,924   INFO  Train:   12/80 ( 15%) [  12/167 (  7%)]  Loss: 1.903 (1.74)  LR: 1.022e-03  Time cost: 00:03/00:40 [07:40/50:29]  Acc_iter 1850        Data time: 0.00(0.03)  Forward time: 0.25(0.23)  Batch time: 0.25(0.26)
2026-04-29 01:08:15,391   INFO  Train:   12/80 ( 15%) [  62/167 ( 37%)]  Loss: 1.886 (1.84)  LR: 1.057e-03  Time cost: 00:14/00:24 [07:51/45:08]  Acc_iter 1900        Data time: 0.00(0.01)  Forward time: 0.23(0.23)  Batch time: 0.23(0.24)
2026-04-29 01:08:26,898   INFO  Train:   12/80 ( 15%) [ 112/167 ( 67%)]  Loss: 1.737 (1.83)  LR: 1.093e-03  Time cost: 00:26/00:12 [08:03/44:25]  Acc_iter 1950        Data time: 0.00(0.00)  Forward time: 0.23(0.23)  Batch time: 0.23(0.23)
2026-04-29 01:08:27,042   INFO  
2026-04-29 01:08:38,291   INFO  Train:   12/80 ( 15%) [ 162/167 ( 97%)]  Loss: 1.755 (1.85)  LR: 1.130e-03  Time cost: 00:37/00:01 [08:14/43:53]  Acc_iter 2000        Data time: 0.00(0.00)  Forward time: 0.20(0.23)  Batch time: 0.20(0.23)
2026-04-29 01:08:39,110   INFO  Train:   12/80 ( 15%) [ 166/167 ( 99%)]  Loss: 1.559 (1.85)  LR: 1.133e-03  Time cost: 00:38/00:00 [08:15/43:45]  Acc_iter 2004        Data time: 0.00(0.00)  Forward time: 0.17(0.23)  Batch time: 0.17(0.23)
2026-04-29 01:08:40,307   INFO  Train:   13/80 ( 16%) [   0/167 (  0%)]  Loss: 1.852 (1.85)  LR: 1.133e-03  Time cost: 00:00/02:08 [08:16/2:25:28]  Acc_iter 2005        Data time: 0.41(0.41)  Forward time: 0.36(0.36)  Batch time: 0.77(0.77)
2026-04-29 01:08:50,554   INFO  Train:   13/80 ( 16%) [  45/167 ( 27%)]  Loss: 1.684 (1.86)  LR: 1.167e-03  Time cost: 00:11/00:29 [08:27/45:08]  Acc_iter 2050        Data time: 0.00(0.01)  Forward time: 0.22(0.23)  Batch time: 0.22(0.24)
2026-04-29 01:09:01,994   INFO  Train:   13/80 ( 16%) [  95/167 ( 57%)]  Loss: 1.837 (1.83)  LR: 1.204e-03  Time cost: 00:22/00:16 [08:38/43:54]  Acc_iter 2100        Data time: 0.00(0.01)  Forward time: 0.23(0.23)  Batch time: 0.23(0.23)
2026-04-29 01:09:02,136   INFO  
2026-04-29 01:09:13,694   INFO  Train:   13/80 ( 16%) [ 145/167 ( 87%)]  Loss: 1.653 (1.81)  LR: 1.241e-03  Time cost: 00:34/00:05 [08:50/43:42]  Acc_iter 2150        Data time: 0.00(0.00)  Forward time: 0.22(0.23)  Batch time: 0.22(0.23)
2026-04-29 01:09:18,278   INFO  Train:   13/80 ( 16%) [ 166/167 ( 99%)]  Loss: 1.657 (1.80)  LR: 1.257e-03  Time cost: 00:38/00:00 [08:54/43:15]  Acc_iter 2171        Data time: 0.00(0.00)  Forward time: 0.16(0.23)  Batch time: 0.16(0.23)
2026-04-29 01:09:19,455   INFO  Train:   14/80 ( 18%) [   0/167 (  0%)]  Loss: 1.733 (1.73)  LR: 1.258e-03  Time cost: 00:00/02:08 [08:55/2:23:39]  Acc_iter 2172        Data time: 0.48(0.48)  Forward time: 0.29(0.29)  Batch time: 0.77(0.77)
2026-04-29 01:09:25,823   INFO  Train:   14/80 ( 18%) [  28/167 ( 17%)]  Loss: 1.816 (1.84)  LR: 1.279e-03  Time cost: 00:07/00:34 [09:02/45:47]  Acc_iter 2200        Data time: 0.00(0.02)  Forward time: 0.24(0.23)  Batch time: 0.24(0.25)
2026-04-29 01:09:37,202   INFO  Train:   14/80 ( 18%) [  78/167 ( 47%)]  Loss: 1.616 (1.80)  LR: 1.318e-03  Time cost: 00:18/00:20 [09:13/43:24]  Acc_iter 2250        Data time: 0.00(0.01)  Forward time: 0.23(0.23)  Batch time: 0.23(0.23)
2026-04-29 01:09:37,351   INFO  
2026-04-29 01:09:48,535   INFO  Train:   14/80 ( 18%) [ 128/167 ( 77%)]  Loss: 1.768 (1.80)  LR: 1.356e-03  Time cost: 00:29/00:09 [09:25/42:39]  Acc_iter 2300        Data time: 0.00(0.01)  Forward time: 0.21(0.23)  Batch time: 0.21(0.23)
2026-04-29 01:09:56,740   INFO  Train:   14/80 ( 18%) [ 166/167 ( 99%)]  Loss: 1.254 (1.80)  LR: 1.386e-03  Time cost: 00:38/00:00 [09:33/41:51]  Acc_iter 2338        Data time: 0.00(0.00)  Forward time: 0.14(0.22)  Batch time: 0.14(0.23)
2026-04-29 01:09:57,943   INFO  Train:   15/80 ( 19%) [   0/167 (  0%)]  Loss: 2.023 (2.02)  LR: 1.387e-03  Time cost: 00:00/02:14 [09:34/2:27:45]  Acc_iter 2339        Data time: 0.51(0.51)  Forward time: 0.29(0.29)  Batch time: 0.80(0.80)
2026-04-29 01:10:00,288   INFO  Train:   15/80 ( 19%) [  11/167 (  7%)]  Loss: 1.956 (1.89)  LR: 1.395e-03  Time cost: 00:03/00:40 [09:36/48:09]  Acc_iter 2350        Data time: 0.00(0.04)  Forward time: 0.23(0.22)  Batch time: 0.23(0.26)
2026-04-29 01:10:11,295   INFO  Train:   15/80 ( 19%) [  61/167 ( 37%)]  Loss: 1.939 (1.81)  LR: 1.434e-03  Time cost: 00:14/00:24 [09:47/41:42]  Acc_iter 2400        Data time: 0.00(0.01)  Forward time: 0.22(0.22)  Batch time: 0.22(0.23)
2026-04-29 01:10:11,440   INFO  
2026-04-29 01:10:22,524   INFO  Train:   15/80 ( 19%) [ 111/167 ( 66%)]  Loss: 1.776 (1.82)  LR: 1.474e-03  Time cost: 00:25/00:12 [09:58/41:13]  Acc_iter 2450        Data time: 0.00(0.01)  Forward time: 0.22(0.22)  Batch time: 0.22(0.23)
2026-04-29 01:10:33,601   INFO  Train:   15/80 ( 19%) [ 161/167 ( 96%)]  Loss: 1.577 (1.81)  LR: 1.513e-03  Time cost: 00:36/00:01 [10:10/40:44]  Acc_iter 2500        Data time: 0.00(0.00)  Forward time: 0.21(0.22)  Batch time: 0.21(0.23)
2026-04-29 01:10:34,568   INFO  Train:   15/80 ( 19%) [ 166/167 ( 99%)]  Loss: 2.280 (1.81)  LR: 1.517e-03  Time cost: 00:37/00:00 [10:11/40:33]  Acc_iter 2505        Data time: 0.00(0.00)  Forward time: 0.15(0.22)  Batch time: 0.15(0.22)
2026-04-29 01:10:35,717   INFO  Train:   16/80 ( 20%) [   0/167 (  0%)]  Loss: 1.689 (1.69)  LR: 1.518e-03  Time cost: 00:00/02:04 [10:12/2:15:00]  Acc_iter 2506        Data time: 0.37(0.37)  Forward time: 0.38(0.38)  Batch time: 0.75(0.75)
2026-04-29 01:10:45,430   INFO  Train:   16/80 ( 20%) [  44/167 ( 26%)]  Loss: 1.949 (1.82)  LR: 1.552e-03  Time cost: 00:10/00:28 [10:21/41:52]  Acc_iter 2550        Data time: 0.00(0.01)  Forward time: 0.23(0.22)  Batch time: 0.23(0.23)
2026-04-29 01:10:45,577   INFO  
2026-04-29 01:10:56,794   INFO  Train:   16/80 ( 20%) [  94/167 ( 56%)]  Loss: 1.768 (1.76)  LR: 1.592e-03  Time cost: 00:21/00:16 [10:33/41:11]  Acc_iter 2600        Data time: 0.00(0.01)  Forward time: 0.20(0.22)  Batch time: 0.20(0.23)
2026-04-29 01:11:07,893   INFO  Train:   16/80 ( 20%) [ 144/167 ( 86%)]  Loss: 1.534 (1.76)  LR: 1.632e-03  Time cost: 00:32/00:05 [10:44/40:31]  Acc_iter 2650        Data time: 0.00(0.00)  Forward time: 0.24(0.22)  Batch time: 0.24(0.23)
2026-04-29 01:11:12,610   INFO  Train:   16/80 ( 20%) [ 166/167 ( 99%)]  Loss: 1.364 (1.77)  LR: 1.649e-03  Time cost: 00:37/00:00 [10:49/40:09]  Acc_iter 2672        Data time: 0.00(0.00)  Forward time: 0.16(0.22)  Batch time: 0.16(0.23)
2026-04-29 01:11:13,792   INFO  Train:   17/80 ( 21%) [   0/167 (  0%)]  Loss: 1.553 (1.55)  LR: 1.650e-03  Time cost: 00:00/02:08 [10:50/2:17:09]  Acc_iter 2673        Data time: 0.29(0.29)  Forward time: 0.48(0.48)  Batch time: 0.77(0.77)
2026-04-29 01:11:19,958   INFO  Train:   17/80 ( 21%) [  27/167 ( 16%)]  Loss: 1.540 (1.75)  LR: 1.671e-03  Time cost: 00:06/00:34 [10:56/44:00]  Acc_iter 2700        Data time: 0.00(0.01)  Forward time: 0.23(0.24)  Batch time: 0.23(0.25)
2026-04-29 01:11:20,106   INFO  
2026-04-29 01:11:31,446   INFO  Train:   17/80 ( 21%) [  77/167 ( 46%)]  Loss: 1.741 (1.82)  LR: 1.711e-03  Time cost: 00:18/00:21 [11:07/41:46]  Acc_iter 2750        Data time: 0.00(0.01)  Forward time: 0.21(0.23)  Batch time: 0.21(0.24)
2026-04-29 01:11:42,569   INFO  Train:   17/80 ( 21%) [ 127/167 ( 76%)]  Loss: 1.730 (1.79)  LR: 1.751e-03  Time cost: 00:29/00:09 [11:19/40:37]  Acc_iter 2800        Data time: 0.00(0.00)  Forward time: 0.24(0.23)  Batch time: 0.24(0.23)
2026-04-29 01:11:51,203   INFO  Train:   17/80 ( 21%) [ 166/167 ( 99%)]  Loss: 1.860 (1.78)  LR: 1.782e-03  Time cost: 00:38/00:00 [11:27/40:05]  Acc_iter 2839        Data time: 0.00(0.00)  Forward time: 0.17(0.23)  Batch time: 0.17(0.23)
2026-04-29 01:11:52,342   INFO  Train:   18/80 ( 22%) [   0/167 (  0%)]  Loss: 1.450 (1.45)  LR: 1.782e-03  Time cost: 00:00/02:03 [11:28/2:09:18]  Acc_iter 2840        Data time: 0.31(0.31)  Forward time: 0.42(0.42)  Batch time: 0.74(0.74)
2026-04-29 01:11:54,613   INFO  Train:   18/80 ( 22%) [  10/167 (  6%)]  Loss: 1.884 (1.71)  LR: 1.790e-03  Time cost: 00:03/00:42 [11:31/47:54]  Acc_iter 2850        Data time: 0.00(0.03)  Forward time: 0.25(0.24)  Batch time: 0.25(0.27)
2026-04-29 01:11:54,763   INFO  
2026-04-29 01:12:06,024   INFO  Train:   18/80 ( 22%) [  60/167 ( 36%)]  Loss: 1.495 (1.77)  LR: 1.830e-03  Time cost: 00:14/00:25 [11:42/41:12]  Acc_iter 2900        Data time: 0.00(0.01)  Forward time: 0.21(0.23)  Batch time: 0.21(0.24)
2026-04-29 01:12:17,418   INFO  Train:   18/80 ( 22%) [ 110/167 ( 66%)]  Loss: 1.462 (1.73)  LR: 1.869e-03  Time cost: 00:25/00:13 [11:53/40:21]  Acc_iter 2950        Data time: 0.00(0.01)  Forward time: 0.22(0.23)  Batch time: 0.22(0.23)
2026-04-29 01:12:28,883   INFO  Train:   18/80 ( 22%) [ 160/167 ( 96%)]  Loss: 1.490 (1.73)  LR: 1.908e-03  Time cost: 00:37/00:01 [12:05/39:59]  Acc_iter 3000        Data time: 0.00(0.00)  Forward time: 0.21(0.23)  Batch time: 0.21(0.23)
2026-04-29 01:12:29,025   INFO  
2026-04-29 01:12:30,244   INFO  Train:   18/80 ( 22%) [ 166/167 ( 99%)]  Loss: 2.406 (1.74)  LR: 1.913e-03  Time cost: 00:38/00:00 [12:06/39:55]  Acc_iter 3006        Data time: 0.00(0.00)  Forward time: 0.15(0.23)  Batch time: 0.15(0.23)
2026-04-29 01:12:31,443   INFO  Train:   19/80 ( 24%) [   0/167 (  0%)]  Loss: 2.021 (2.02)  LR: 1.913e-03  Time cost: 00:00/02:09 [12:07/2:13:46]  Acc_iter 3007        Data time: 0.45(0.45)  Forward time: 0.32(0.32)  Batch time: 0.78(0.78)
2026-04-29 01:12:41,305   INFO  Train:   19/80 ( 24%) [  43/167 ( 26%)]  Loss: 1.833 (1.67)  LR: 1.947e-03  Time cost: 00:10/00:29 [12:17/41:32]  Acc_iter 3050        Data time: 0.00(0.01)  Forward time: 0.23(0.23)  Batch time: 0.23(0.24)
2026-04-29 01:12:52,705   INFO  Train:   19/80 ( 24%) [  93/167 ( 56%)]  Loss: 1.706 (1.71)  LR: 1.985e-03  Time cost: 00:22/00:17 [12:29/40:05]  Acc_iter 3100        Data time: 0.00(0.01)  Forward time: 0.23(0.23)  Batch time: 0.23(0.23)
2026-04-29 01:13:04,290   INFO  Train:   19/80 ( 24%) [ 143/167 ( 86%)]  Loss: 1.889 (1.70)  LR: 2.024e-03  Time cost: 00:33/00:05 [12:40/39:44]  Acc_iter 3150        Data time: 0.00(0.00)  Forward time: 0.24(0.23)  Batch time: 0.24(0.23)
2026-04-29 01:13:04,438   INFO  
2026-04-29 01:13:09,614   INFO  Train:   19/80 ( 24%) [ 166/167 ( 99%)]  Loss: 1.605 (1.76)  LR: 2.041e-03  Time cost: 00:38/00:00 [12:46/39:35]  Acc_iter 3173        Data time: 0.00(0.00)  Forward time: 0.17(0.23)  Batch time: 0.17(0.23)
2026-04-29 01:13:10,822   INFO  Train:   20/80 ( 25%) [   0/167 (  0%)]  Loss: 2.112 (2.11)  LR: 2.042e-03  Time cost: 00:00/02:11 [12:47/2:13:57]  Acc_iter 3174        Data time: 0.46(0.46)  Forward time: 0.33(0.33)  Batch time: 0.79(0.79)
2026-04-29 01:13:16,922   INFO  Train:   20/80 ( 25%) [  26/167 ( 16%)]  Loss: 1.358 (1.64)  LR: 2.062e-03  Time cost: 00:06/00:35 [12:53/43:12]  Acc_iter 3200        Data time: 0.00(0.02)  Forward time: 0.23(0.24)  Batch time: 0.24(0.26)
2026-04-29 01:13:28,550   INFO  Train:   20/80 ( 25%) [  76/167 ( 46%)]  Loss: 1.875 (1.70)  LR: 2.099e-03  Time cost: 00:18/00:21 [13:05/40:31]  Acc_iter 3250        Data time: 0.00(0.01)  Forward time: 0.24(0.23)  Batch time: 0.24(0.24)
2026-04-29 01:13:40,182   INFO  Train:   20/80 ( 25%) [ 126/167 ( 75%)]  Loss: 1.228 (1.72)  LR: 2.136e-03  Time cost: 00:30/00:09 [13:16/39:48]  Acc_iter 3300        Data time: 0.00(0.00)  Forward time: 0.24(0.23)  Batch time: 0.24(0.24)
2026-04-29 01:13:40,329   INFO  
2026-04-29 01:13:49,479   INFO  Train:   20/80 ( 25%) [ 166/167 ( 99%)]  Loss: 1.663 (1.70)  LR: 2.166e-03  Time cost: 00:39/00:00 [13:25/39:27]  Acc_iter 3340        Data time: 0.00(0.00)  Forward time: 0.17(0.23)  Batch time: 0.17(0.24)
2026-04-29 01:13:50,711   INFO  Train:   21/80 ( 26%) [   0/167 (  0%)]  Loss: 1.995 (1.99)  LR: 2.167e-03  Time cost: 00:00/02:16 [13:27/2:16:40]  Acc_iter 3341        Data time: 0.47(0.47)  Forward time: 0.35(0.35)  Batch time: 0.82(0.82)
2026-04-29 01:13:52,866   INFO  Train:   21/80 ( 26%) [   9/167 (  5%)]  Loss: 1.815 (1.67)  LR: 2.173e-03  Time cost: 00:02/00:46 [13:29/49:37]  Acc_iter 3350        Data time: 0.00(0.05)  Forward time: 0.23(0.25)  Batch time: 0.23(0.30)
2026-04-29 01:14:04,451   INFO  Train:   21/80 ( 26%) [  59/167 ( 35%)]  Loss: 1.875 (1.65)  LR: 2.210e-03  Time cost: 00:14/00:26 [13:40/40:17]  Acc_iter 3400        Data time: 0.00(0.01)  Forward time: 0.21(0.23)  Batch time: 0.22(0.24)
2026-04-29 01:14:16,056   INFO  Train:   21/80 ( 26%) [ 109/167 ( 65%)]  Loss: 1.415 (1.65)  LR: 2.245e-03  Time cost: 00:26/00:13 [13:52/39:17]  Acc_iter 3450        Data time: 0.00(0.01)  Forward time: 0.25(0.23)  Batch time: 0.25(0.24)
2026-04-29 01:14:16,204   INFO  
2026-04-29 01:14:27,996   INFO  Train:   21/80 ( 26%) [ 159/167 ( 95%)]  Loss: 1.355 (1.66)  LR: 2.281e-03  Time cost: 00:38/00:01 [14:04/39:08]  Acc_iter 3500        Data time: 0.00(0.00)  Forward time: 0.20(0.23)  Batch time: 0.20(0.24)
2026-04-29 01:14:29,437   INFO  Train:   21/80 ( 26%) [ 166/167 ( 99%)]  Loss: 1.497 (1.67)  LR: 2.286e-03  Time cost: 00:39/00:00 [14:05/38:53]  Acc_iter 3507        Data time: 0.00(0.00)  Forward time: 0.16(0.23)  Batch time: 0.16(0.24)
2026-04-29 01:14:30,709   INFO  Train:   22/80 ( 28%) [   0/167 (  0%)]  Loss: 1.640 (1.64)  LR: 2.286e-03  Time cost: 00:00/02:21 [14:07/2:18:46]  Acc_iter 3508        Data time: 0.44(0.44)  Forward time: 0.41(0.41)  Batch time: 0.84(0.84)
2026-04-29 01:14:40,547   INFO  Train:   22/80 ( 28%) [  42/167 ( 25%)]  Loss: 1.632 (1.66)  LR: 2.316e-03  Time cost: 00:10/00:31 [14:17/40:37]  Acc_iter 3550        Data time: 0.00(0.01)  Forward time: 0.25(0.24)  Batch time: 0.25(0.25)
2026-04-29 01:14:52,065   INFO  Train:   22/80 ( 28%) [  92/167 ( 55%)]  Loss: 1.576 (1.65)  LR: 2.350e-03  Time cost: 00:22/00:17 [14:28/38:50]  Acc_iter 3600        Data time: 0.00(0.01)  Forward time: 0.24(0.23)  Batch time: 0.24(0.24)
2026-04-29 01:14:52,206   INFO  
2026-04-29 01:15:04,026   INFO  Train:   22/80 ( 28%) [ 142/167 ( 85%)]  Loss: 1.460 (1.66)  LR: 2.383e-03  Time cost: 00:34/00:05 [14:40/38:39]  Acc_iter 3650        Data time: 0.00(0.01)  Forward time: 0.23(0.23)  Batch time: 0.23(0.24)
2026-04-29 01:15:09,547   INFO  Train:   22/80 ( 28%) [ 166/167 ( 99%)]  Loss: 1.526 (1.65)  LR: 2.399e-03  Time cost: 00:39/00:00 [14:46/38:21]  Acc_iter 3674        Data time: 0.00(0.00)  Forward time: 0.18(0.23)  Batch time: 0.18(0.24)
2026-04-29 01:15:10,744   INFO  Train:   23/80 ( 29%) [   0/167 (  0%)]  Loss: 1.772 (1.77)  LR: 2.400e-03  Time cost: 00:00/02:09 [14:47/2:05:04]  Acc_iter 3675        Data time: 0.45(0.45)  Forward time: 0.32(0.32)  Batch time: 0.77(0.77)
2026-04-29 01:15:16,766   INFO  Train:   23/80 ( 29%) [  25/167 ( 15%)]  Loss: 1.826 (1.62)  LR: 2.416e-03  Time cost: 00:06/00:37 [14:53/42:05]  Acc_iter 3700        Data time: 0.00(0.02)  Forward time: 0.26(0.24)  Batch time: 0.26(0.26)
2026-04-29 01:15:28,358   INFO  Train:   23/80 ( 29%) [  75/167 ( 45%)]  Loss: 2.178 (1.60)  LR: 2.449e-03  Time cost: 00:18/00:22 [15:04/38:45]  Acc_iter 3750        Data time: 0.00(0.01)  Forward time: 0.24(0.24)  Batch time: 0.24(0.24)
2026-04-29 01:15:28,506   INFO  
2026-04-29 01:15:40,325   INFO  Train:   23/80 ( 29%) [ 125/167 ( 75%)]  Loss: 1.347 (1.61)  LR: 2.480e-03  Time cost: 00:30/00:10 [15:16/38:23]  Acc_iter 3800        Data time: 0.00(0.01)  Forward time: 0.22(0.24)  Batch time: 0.22(0.24)
2026-04-29 01:15:49,791   INFO  Train:   23/80 ( 29%) [ 166/167 ( 99%)]  Loss: 1.743 (1.60)  LR: 2.506e-03  Time cost: 00:39/00:00 [15:26/37:50]  Acc_iter 3841        Data time: 0.00(0.00)  Forward time: 0.17(0.23)  Batch time: 0.17(0.24)
2026-04-29 01:15:50,978   INFO  Train:   24/80 ( 30%) [   0/167 (  0%)]  Loss: 1.887 (1.89)  LR: 2.506e-03  Time cost: 00:00/02:07 [15:27/2:00:57]  Acc_iter 3842        Data time: 0.37(0.37)  Forward time: 0.39(0.39)  Batch time: 0.76(0.76)
2026-04-29 01:15:52,901   INFO  Train:   24/80 ( 30%) [   8/167 (  5%)]  Loss: 1.132 (1.63)  LR: 2.511e-03  Time cost: 00:02/00:47 [15:29/47:18]  Acc_iter 3850        Data time: 0.00(0.04)  Forward time: 0.21(0.26)  Batch time: 0.21(0.30)
2026-04-29 01:16:04,666   INFO  Train:   24/80 ( 30%) [  58/167 ( 35%)]  Loss: 1.536 (1.55)  LR: 2.542e-03  Time cost: 00:14/00:26 [15:41/38:37]  Acc_iter 3900        Data time: 0.00(0.01)  Forward time: 0.24(0.24)  Batch time: 0.24(0.24)
2026-04-29 01:16:04,813   INFO  
2026-04-29 01:16:16,661   INFO  Train:   24/80 ( 30%) [ 108/167 ( 65%)]  Loss: 1.365 (1.59)  LR: 2.571e-03  Time cost: 00:26/00:14 [15:53/38:03]  Acc_iter 3950        Data time: 0.00(0.01)  Forward time: 0.24(0.24)  Batch time: 0.24(0.24)
2026-04-29 01:16:28,483   INFO  Train:   24/80 ( 30%) [ 158/167 ( 95%)]  Loss: 1.531 (1.60)  LR: 2.600e-03  Time cost: 00:38/00:02 [16:04/37:32]  Acc_iter 4000        Data time: 0.00(0.00)  Forward time: 0.22(0.24)  Batch time: 0.22(0.24)
2026-04-29 01:16:30,198   INFO  Train:   24/80 ( 30%) [ 166/167 ( 99%)]  Loss: 1.819 (1.61)  LR: 2.604e-03  Time cost: 00:39/00:00 [16:06/37:19]  Acc_iter 4008        Data time: 0.00(0.00)  Forward time: 0.18(0.24)  Batch time: 0.18(0.24)
2026-04-29 01:16:31,410   INFO  Train:   25/80 ( 31%) [   0/167 (  0%)]  Loss: 1.806 (1.81)  LR: 2.605e-03  Time cost: 00:00/02:11 [16:07/2:02:21]  Acc_iter 4009        Data time: 0.44(0.44)  Forward time: 0.34(0.34)  Batch time: 0.78(0.78)
2026-04-29 01:16:41,068   INFO  Train:   25/80 ( 31%) [  41/167 ( 25%)]  Loss: 1.775 (1.65)  LR: 2.627e-03  Time cost: 00:10/00:31 [16:17/38:35]  Acc_iter 4050        Data time: 0.00(0.01)  Forward time: 0.24(0.24)  Batch time: 0.24(0.25)
2026-04-29 01:16:41,217   INFO  
2026-04-29 01:16:53,291   INFO  Train:   25/80 ( 31%) [  91/167 ( 54%)]  Loss: 1.431 (1.59)  LR: 2.654e-03  Time cost: 00:22/00:18 [16:29/38:01]  Acc_iter 4100        Data time: 0.00(0.01)  Forward time: 0.23(0.24)  Batch time: 0.23(0.25)
2026-04-29 01:17:04,847   INFO  Train:   25/80 ( 31%) [ 141/167 ( 84%)]  Loss: 1.787 (1.57)  LR: 2.680e-03  Time cost: 00:34/00:06 [16:41/36:59]  Acc_iter 4150        Data time: 0.00(0.01)  Forward time: 0.25(0.24)  Batch time: 0.25(0.24)
2026-04-29 01:17:10,593   INFO  Train:   25/80 ( 31%) [ 166/167 ( 99%)]  Loss: 1.429 (1.59)  LR: 2.693e-03  Time cost: 00:39/00:00 [16:47/36:38]  Acc_iter 4175        Data time: 0.00(0.00)  Forward time: 0.17(0.23)  Batch time: 0.17(0.24)
2026-04-29 01:17:11,739   INFO  Train:   26/80 ( 32%) [   0/167 (  0%)]  Loss: 1.926 (1.93)  LR: 2.694e-03  Time cost: 00:00/02:02 [16:48/1:52:07]  Acc_iter 4176        Data time: 0.29(0.29)  Forward time: 0.44(0.44)  Batch time: 0.73(0.73)
2026-04-29 01:17:17,502   INFO  Train:   26/80 ( 32%) [  24/167 ( 14%)]  Loss: 1.708 (1.63)  LR: 2.706e-03  Time cost: 00:06/00:37 [16:53/39:40]  Acc_iter 4200        Data time: 0.00(0.01)  Forward time: 0.24(0.25)  Batch time: 0.24(0.26)
2026-04-29 01:17:17,647   INFO  
2026-04-29 01:17:29,595   INFO  Train:   26/80 ( 32%) [  74/167 ( 44%)]  Loss: 1.491 (1.61)  LR: 2.730e-03  Time cost: 00:18/00:23 [17:06/37:38]  Acc_iter 4250        Data time: 0.00(0.01)  Forward time: 0.23(0.24)  Batch time: 0.23(0.25)
2026-04-29 01:17:41,371   INFO  Train:   26/80 ( 32%) [ 124/167 ( 74%)]  Loss: 1.333 (1.59)  LR: 2.753e-03  Time cost: 00:30/00:10 [17:17/36:41]  Acc_iter 4300        Data time: 0.00(0.00)  Forward time: 0.23(0.24)  Batch time: 0.23(0.24)
2026-04-29 01:17:50,947   INFO  Train:   26/80 ( 32%) [ 166/167 ( 99%)]  Loss: 1.884 (1.57)  LR: 2.772e-03  Time cost: 00:39/00:00 [17:27/35:57]  Acc_iter 4342        Data time: 0.00(0.00)  Forward time: 0.16(0.24)  Batch time: 0.16(0.24)
2026-04-29 01:17:52,077   INFO  Train:   27/80 ( 34%) [   0/167 (  0%)]  Loss: 1.370 (1.37)  LR: 2.772e-03  Time cost: 00:00/02:01 [17:28/1:48:57]  Acc_iter 4343        Data time: 0.28(0.28)  Forward time: 0.45(0.45)  Batch time: 0.72(0.72)
2026-04-29 01:17:53,737   INFO  Train:   27/80 ( 34%) [   7/167 (  4%)]  Loss: 1.631 (1.54)  LR: 2.776e-03  Time cost: 00:02/00:47 [17:30/44:46]  Acc_iter 4350        Data time: 0.00(0.04)  Forward time: 0.24(0.26)  Batch time: 0.25(0.30)
2026-04-29 01:17:53,883   INFO  
2026-04-29 01:18:05,659   INFO  Train:   27/80 ( 34%) [  57/167 ( 34%)]  Loss: 1.497 (1.56)  LR: 2.797e-03  Time cost: 00:14/00:27 [17:42/36:50]  Acc_iter 4400        Data time: 0.00(0.01)  Forward time: 0.21(0.24)  Batch time: 0.21(0.25)
2026-04-29 01:18:17,488   INFO  Train:   27/80 ( 34%) [ 107/167 ( 64%)]  Loss: 1.436 (1.55)  LR: 2.817e-03  Time cost: 00:26/00:14 [17:53/35:56]  Acc_iter 4450        Data time: 0.00(0.00)  Forward time: 0.23(0.24)  Batch time: 0.23(0.24)
2026-04-29 01:18:29,036   INFO  Train:   27/80 ( 34%) [ 157/167 ( 94%)]  Loss: 1.389 (1.54)  LR: 2.837e-03  Time cost: 00:37/00:02 [18:05/35:13]  Acc_iter 4500        Data time: 0.00(0.00)  Forward time: 0.23(0.23)  Batch time: 0.23(0.24)
2026-04-29 01:18:29,174   INFO  
2026-04-29 01:18:31,106   INFO  Train:   27/80 ( 34%) [ 166/167 ( 99%)]  Loss: 1.426 (1.53)  LR: 2.840e-03  Time cost: 00:39/00:00 [18:07/35:07]  Acc_iter 4509        Data time: 0.00(0.00)  Forward time: 0.16(0.23)  Batch time: 0.16(0.24)
2026-04-29 01:18:32,274   INFO  Train:   28/80 ( 35%) [   0/167 (  0%)]  Loss: 1.137 (1.14)  LR: 2.841e-03  Time cost: 00:00/02:07 [18:08/1:52:33]  Acc_iter 4510        Data time: 0.44(0.44)  Forward time: 0.33(0.33)  Batch time: 0.76(0.76)
2026-04-29 01:18:41,976   INFO  Train:   28/80 ( 35%) [  40/167 ( 24%)]  Loss: 1.638 (1.53)  LR: 2.855e-03  Time cost: 00:10/00:32 [18:18/37:28]  Acc_iter 4550        Data time: 0.00(0.01)  Forward time: 0.25(0.24)  Batch time: 0.25(0.26)
2026-04-29 01:18:53,940   INFO  Train:   28/80 ( 35%) [  90/167 ( 54%)]  Loss: 1.401 (1.55)  LR: 2.873e-03  Time cost: 00:22/00:18 [18:30/35:59]  Acc_iter 4600        Data time: 0.00(0.01)  Forward time: 0.23(0.24)  Batch time: 0.23(0.25)
2026-04-29 01:19:05,508   INFO  Train:   28/80 ( 35%) [ 140/167 ( 84%)]  Loss: 1.513 (1.53)  LR: 2.889e-03  Time cost: 00:33/00:06 [18:41/35:00]  Acc_iter 4650        Data time: 0.00(0.00)  Forward time: 0.20(0.24)  Batch time: 0.20(0.24)
2026-04-29 01:19:05,653   INFO  
2026-04-29 01:19:11,525   INFO  Train:   28/80 ( 35%) [ 166/167 ( 99%)]  Loss: 1.332 (1.53)  LR: 2.897e-03  Time cost: 00:40/00:00 [18:47/34:41]  Acc_iter 4676        Data time: 0.00(0.00)  Forward time: 0.17(0.24)  Batch time: 0.17(0.24)
2026-04-29 01:19:12,646   INFO  Train:   29/80 ( 36%) [   0/167 (  0%)]  Loss: 1.248 (1.25)  LR: 2.897e-03  Time cost: 00:00/01:57 [18:49/1:41:52]  Acc_iter 4677        Data time: 0.28(0.28)  Forward time: 0.43(0.43)  Batch time: 0.70(0.70)
2026-04-29 01:19:17,974   INFO  Train:   29/80 ( 36%) [  23/167 ( 14%)]  Loss: 1.268 (1.51)  LR: 2.904e-03  Time cost: 00:06/00:36 [18:54/36:16]  Acc_iter 4700        Data time: 0.00(0.01)  Forward time: 0.21(0.24)  Batch time: 0.21(0.25)
2026-04-29 01:19:29,548   INFO  Train:   29/80 ( 36%) [  73/167 ( 44%)]  Loss: 1.885 (1.53)  LR: 2.918e-03  Time cost: 00:17/00:22 [19:06/34:08]  Acc_iter 4750        Data time: 0.00(0.00)  Forward time: 0.26(0.23)  Batch time: 0.26(0.24)
2026-04-29 01:19:41,522   INFO  Train:   29/80 ( 36%) [ 123/167 ( 74%)]  Loss: 1.658 (1.50)  LR: 2.931e-03  Time cost: 00:29/00:10 [19:17/34:02]  Acc_iter 4800        Data time: 0.00(0.00)  Forward time: 0.23(0.24)  Batch time: 0.23(0.24)
2026-04-29 01:19:41,666   INFO  
2026-04-29 01:19:51,707   INFO  Train:   29/80 ( 36%) [ 166/167 ( 99%)]  Loss: 1.229 (1.51)  LR: 2.942e-03  Time cost: 00:39/00:00 [19:28/33:48]  Acc_iter 4843        Data time: 0.00(0.00)  Forward time: 0.16(0.23)  Batch time: 0.16(0.24)
2026-04-29 01:19:52,936   INFO  Train:   30/80 ( 38%) [   0/167 (  0%)]  Loss: 1.592 (1.59)  LR: 2.942e-03  Time cost: 00:00/02:17 [19:29/1:57:08]  Acc_iter 4844        Data time: 0.49(0.49)  Forward time: 0.33(0.33)  Batch time: 0.83(0.83)
2026-04-29 01:19:54,308   INFO  Train:   30/80 ( 38%) [   6/167 (  4%)]  Loss: 1.714 (1.44)  LR: 2.943e-03  Time cost: 00:02/00:50 [19:30/44:31]  Acc_iter 4850        Data time: 0.00(0.07)  Forward time: 0.24(0.24)  Batch time: 0.24(0.31)
2026-04-29 01:20:05,960   INFO  Train:   30/80 ( 38%) [  56/167 ( 34%)]  Loss: 1.669 (1.50)  LR: 2.954e-03  Time cost: 00:13/00:26 [19:42/34:15]  Acc_iter 4900        Data time: 0.00(0.01)  Forward time: 0.22(0.23)  Batch time: 0.22(0.24)
2026-04-29 01:20:17,819   INFO  Train:   30/80 ( 38%) [ 106/167 ( 63%)]  Loss: 1.425 (1.52)  LR: 2.964e-03  Time cost: 00:25/00:14 [19:54/33:40]  Acc_iter 4950        Data time: 0.00(0.01)  Forward time: 0.23(0.23)  Batch time: 0.23(0.24)
2026-04-29 01:20:17,968   INFO  
2026-04-29 01:20:29,852   INFO  Train:   30/80 ( 38%) [ 156/167 ( 93%)]  Loss: 1.769 (1.51)  LR: 2.972e-03  Time cost: 00:37/00:02 [20:06/33:29]  Acc_iter 5000        Data time: 0.00(0.01)  Forward time: 0.24(0.24)  Batch time: 0.24(0.24)
2026-04-29 01:20:32,017   INFO  Train:   30/80 ( 38%) [ 166/167 ( 99%)]  Loss: 1.532 (1.50)  LR: 2.974e-03  Time cost: 00:39/00:00 [20:08/33:15]  Acc_iter 5010        Data time: 0.00(0.00)  Forward time: 0.15(0.23)  Batch time: 0.15(0.24)
2026-04-29 01:20:33,149   INFO  Train:   31/80 ( 39%) [   0/167 (  0%)]  Loss: 1.214 (1.21)  LR: 2.974e-03  Time cost: 00:00/02:00 [20:09/1:40:05]  Acc_iter 5011        Data time: 0.28(0.28)  Forward time: 0.44(0.44)  Batch time: 0.72(0.72)
2026-04-29 01:20:42,235   INFO  Train:   31/80 ( 39%) [  39/167 ( 23%)]  Loss: 1.771 (1.53)  LR: 2.980e-03  Time cost: 00:09/00:31 [20:18/33:57]  Acc_iter 5050        Data time: 0.00(0.01)  Forward time: 0.25(0.24)  Batch time: 0.25(0.25)
2026-04-29 01:20:53,866   INFO  Train:   31/80 ( 39%) [  89/167 ( 53%)]  Loss: 1.467 (1.53)  LR: 2.986e-03  Time cost: 00:21/00:18 [20:30/32:47]  Acc_iter 5100        Data time: 0.00(0.00)  Forward time: 0.21(0.23)  Batch time: 0.21(0.24)
2026-04-29 01:20:54,018   INFO  
2026-04-29 01:21:05,664   INFO  Train:   31/80 ( 39%) [ 139/167 ( 83%)]  Loss: 1.407 (1.49)  LR: 2.991e-03  Time cost: 00:33/00:06 [20:42/32:29]  Acc_iter 5150        Data time: 0.00(0.00)  Forward time: 0.22(0.23)  Batch time: 0.23(0.24)
2026-04-29 01:21:11,786   INFO  Train:   31/80 ( 39%) [ 166/167 ( 99%)]  Loss: 1.970 (1.49)  LR: 2.993e-03  Time cost: 00:39/00:00 [20:48/32:08]  Acc_iter 5177        Data time: 0.00(0.00)  Forward time: 0.17(0.23)  Batch time: 0.17(0.24)
2026-04-29 01:21:12,980   INFO  Train:   32/80 ( 40%) [   0/167 (  0%)]  Loss: 1.385 (1.38)  LR: 2.993e-03  Time cost: 00:00/02:06 [20:49/1:43:19]  Acc_iter 5178        Data time: 0.37(0.37)  Forward time: 0.39(0.39)  Batch time: 0.76(0.76)
2026-04-29 01:21:18,168   INFO  Train:   32/80 ( 40%) [  22/167 ( 13%)]  Loss: 1.628 (1.45)  LR: 2.995e-03  Time cost: 00:05/00:37 [20:54/35:09]  Acc_iter 5200        Data time: 0.00(0.02)  Forward time: 0.24(0.24)  Batch time: 0.24(0.26)
2026-04-29 01:21:29,890   INFO  Train:   32/80 ( 40%) [  72/167 ( 43%)]  Loss: 1.460 (1.46)  LR: 2.998e-03  Time cost: 00:17/00:22 [21:06/32:43]  Acc_iter 5250        Data time: 0.00(0.01)  Forward time: 0.24(0.24)  Batch time: 0.24(0.24)
2026-04-29 01:21:30,037   INFO  
2026-04-29 01:21:42,015   INFO  Train:   32/80 ( 40%) [ 122/167 ( 73%)]  Loss: 1.546 (1.45)  LR: 3.000e-03  Time cost: 00:29/00:10 [21:18/32:32]  Acc_iter 5300        Data time: 0.00(0.01)  Forward time: 0.24(0.24)  Batch time: 0.24(0.24)
2026-04-29 01:21:52,161   INFO  Train:   32/80 ( 40%) [ 166/167 ( 99%)]  Loss: 1.367 (1.45)  LR: 3.000e-03  Time cost: 00:39/00:00 [21:28/31:57]  Acc_iter 5344        Data time: 0.00(0.00)  Forward time: 0.16(0.24)  Batch time: 0.16(0.24)
2026-04-29 01:21:53,371   INFO  Train:   33/80 ( 41%) [   0/167 (  0%)]  Loss: 1.527 (1.53)  LR: 3.000e-03  Time cost: 00:00/02:11 [21:29/1:45:06]  Acc_iter 5345        Data time: 0.44(0.44)  Forward time: 0.35(0.35)  Batch time: 0.79(0.79)
2026-04-29 01:21:54,533   INFO  Train:   33/80 ( 41%) [   5/167 (  3%)]  Loss: 1.597 (1.52)  LR: 3.000e-03  Time cost: 00:01/00:52 [21:31/43:22]  Acc_iter 5350        Data time: 0.00(0.07)  Forward time: 0.25(0.25)  Batch time: 0.25(0.32)
2026-04-29 01:22:06,367   INFO  Train:   33/80 ( 41%) [  55/167 ( 33%)]  Loss: 1.540 (1.44)  LR: 3.000e-03  Time cost: 00:13/00:27 [21:42/32:39]  Acc_iter 5400        Data time: 0.00(0.01)  Forward time: 0.24(0.24)  Batch time: 0.24(0.25)
2026-04-29 01:22:06,514   INFO  
2026-04-29 01:22:18,209   INFO  Train:   33/80 ( 41%) [ 105/167 ( 63%)]  Loss: 1.035 (1.43)  LR: 2.999e-03  Time cost: 00:25/00:14 [21:54/31:52]  Acc_iter 5450        Data time: 0.00(0.01)  Forward time: 0.20(0.24)  Batch time: 0.20(0.24)
2026-04-29 01:22:30,018   INFO  Train:   33/80 ( 41%) [ 155/167 ( 93%)]  Loss: 1.274 (1.45)  LR: 2.997e-03  Time cost: 00:37/00:02 [22:06/31:26]  Acc_iter 5500        Data time: 0.00(0.00)  Forward time: 0.23(0.24)  Batch time: 0.24(0.24)
2026-04-29 01:22:32,434   INFO  Train:   33/80 ( 41%) [ 166/167 ( 99%)]  Loss: 1.162 (1.44)  LR: 2.997e-03  Time cost: 00:39/00:00 [22:08/31:13]  Acc_iter 5511        Data time: 0.00(0.00)  Forward time: 0.16(0.23)  Batch time: 0.16(0.24)
2026-04-29 01:22:33,628   INFO  Train:   34/80 ( 42%) [   0/167 (  0%)]  Loss: 1.416 (1.42)  LR: 2.997e-03  Time cost: 00:00/02:10 [22:10/1:42:10]  Acc_iter 5512        Data time: 0.42(0.42)  Forward time: 0.36(0.36)  Batch time: 0.78(0.78)
2026-04-29 01:22:42,568   INFO  Train:   34/80 ( 42%) [  38/167 ( 23%)]  Loss: 1.340 (1.39)  LR: 2.995e-03  Time cost: 00:09/00:32 [22:19/32:26]  Acc_iter 5550        Data time: 0.00(0.01)  Forward time: 0.24(0.24)  Batch time: 0.24(0.25)
2026-04-29 01:22:42,721   INFO  
2026-04-29 01:22:54,566   INFO  Train:   34/80 ( 42%) [  88/167 ( 53%)]  Loss: 0.9601 (1.40)  LR: 2.993e-03  Time cost: 00:21/00:19 [22:31/31:33]  Acc_iter 5600        Data time: 0.00(0.01)  Forward time: 0.20(0.24)  Batch time: 0.20(0.24)
2026-04-29 01:23:06,518   INFO  Train:   34/80 ( 42%) [ 138/167 ( 83%)]  Loss: 1.231 (1.41)  LR: 2.989e-03  Time cost: 00:33/00:07 [22:42/31:07]  Acc_iter 5650        Data time: 0.00(0.01)  Forward time: 0.23(0.24)  Batch time: 0.23(0.24)
2026-04-29 01:23:12,867   INFO  Train:   34/80 ( 42%) [ 166/167 ( 99%)]  Loss: 1.465 (1.40)  LR: 2.987e-03  Time cost: 00:40/00:00 [22:49/30:41]  Acc_iter 5678        Data time: 0.00(0.00)  Forward time: 0.16(0.24)  Batch time: 0.16(0.24)
2026-04-29 01:23:14,019   INFO  Train:   35/80 ( 44%) [   0/167 (  0%)]  Loss: 1.697 (1.70)  LR: 2.987e-03  Time cost: 00:00/02:02 [22:50/1:33:58]  Acc_iter 5679        Data time: 0.32(0.32)  Forward time: 0.42(0.42)  Batch time: 0.73(0.73)
2026-04-29 01:23:18,878   INFO  Train:   35/80 ( 44%) [  21/167 ( 13%)]  Loss: 1.489 (1.37)  LR: 2.986e-03  Time cost: 00:05/00:37 [22:55/32:27]  Acc_iter 5700        Data time: 0.00(0.02)  Forward time: 0.22(0.24)  Batch time: 0.22(0.25)
2026-04-29 01:23:19,030   INFO  
2026-04-29 01:23:30,654   INFO  Train:   35/80 ( 44%) [  71/167 ( 43%)]  Loss: 1.224 (1.40)  LR: 2.981e-03  Time cost: 00:17/00:23 [23:07/30:36]  Acc_iter 5750        Data time: 0.00(0.01)  Forward time: 0.22(0.23)  Batch time: 0.22(0.24)
2026-04-29 01:23:42,276   INFO  Train:   35/80 ( 44%) [ 121/167 ( 72%)]  Loss: 1.668 (1.41)  LR: 2.976e-03  Time cost: 00:28/00:10 [23:18/29:56]  Acc_iter 5800        Data time: 0.00(0.00)  Forward time: 0.24(0.23)  Batch time: 0.24(0.24)
2026-04-29 01:23:52,665   INFO  Train:   35/80 ( 44%) [ 166/167 ( 99%)]  Loss: 1.450 (1.42)  LR: 2.971e-03  Time cost: 00:39/00:00 [23:29/29:32]  Acc_iter 5845        Data time: 0.00(0.00)  Forward time: 0.17(0.23)  Batch time: 0.17(0.24)
2026-04-29 01:23:53,825   INFO  Train:   36/80 ( 45%) [   0/167 (  0%)]  Loss: 1.305 (1.31)  LR: 2.971e-03  Time cost: 00:00/02:03 [23:30/1:32:55]  Acc_iter 5846        Data time: 0.44(0.44)  Forward time: 0.30(0.30)  Batch time: 0.74(0.74)
2026-04-29 01:23:54,786   INFO  Train:   36/80 ( 45%) [   4/167 (  2%)]  Loss: 1.747 (1.50)  LR: 2.971e-03  Time cost: 00:01/00:55 [23:31/42:38]  Acc_iter 5850        Data time: 0.00(0.09)  Forward time: 0.24(0.25)  Batch time: 0.24(0.34)
2026-04-29 01:23:54,939   INFO  
2026-04-29 01:24:06,707   INFO  Train:   36/80 ( 45%) [  54/167 ( 32%)]  Loss: 1.414 (1.40)  LR: 2.965e-03  Time cost: 00:13/00:27 [23:43/30:48]  Acc_iter 5900        Data time: 0.00(0.01)  Forward time: 0.23(0.24)  Batch time: 0.23(0.25)
2026-04-29 01:24:18,313   INFO  Train:   36/80 ( 45%) [ 104/167 ( 62%)]  Loss: 0.9597 (1.36)  LR: 2.958e-03  Time cost: 00:25/00:15 [23:54/29:40]  Acc_iter 5950        Data time: 0.00(0.01)  Forward time: 0.22(0.23)  Batch time: 0.22(0.24)
2026-04-29 01:24:30,160   INFO  Train:   36/80 ( 45%) [ 154/167 ( 92%)]  Loss: 1.330 (1.37)  LR: 2.951e-03  Time cost: 00:37/00:03 [24:06/29:20]  Acc_iter 6000        Data time: 0.00(0.00)  Forward time: 0.23(0.23)  Batch time: 0.23(0.24)
2026-04-29 01:24:30,314   INFO  
2026-04-29 01:24:32,957   INFO  Train:   36/80 ( 45%) [ 166/167 ( 99%)]  Loss: 1.548 (1.37)  LR: 2.949e-03  Time cost: 00:39/00:00 [24:09/29:14]  Acc_iter 6012        Data time: 0.00(0.01)  Forward time: 0.18(0.23)  Batch time: 0.18(0.24)
2026-04-29 01:24:34,180   INFO  Train:   37/80 ( 46%) [   0/167 (  0%)]  Loss: 1.181 (1.18)  LR: 2.949e-03  Time cost: 00:00/02:11 [24:10/1:36:10]  Acc_iter 6013        Data time: 0.43(0.43)  Forward time: 0.35(0.35)  Batch time: 0.79(0.79)
2026-04-29 01:24:42,737   INFO  Train:   37/80 ( 46%) [  37/167 ( 22%)]  Loss: 1.455 (1.37)  LR: 2.943e-03  Time cost: 00:09/00:31 [24:19/29:57]  Acc_iter 6050        Data time: 0.00(0.01)  Forward time: 0.23(0.23)  Batch time: 0.23(0.25)
2026-04-29 01:24:54,537   INFO  Train:   37/80 ( 46%) [  87/167 ( 52%)]  Loss: 1.301 (1.35)  LR: 2.935e-03  Time cost: 00:21/00:19 [24:31/29:04]  Acc_iter 6100        Data time: 0.00(0.01)  Forward time: 0.25(0.23)  Batch time: 0.25(0.24)
2026-04-29 01:25:06,340   INFO  Train:   37/80 ( 46%) [ 137/167 ( 82%)]  Loss: 1.591 (1.35)  LR: 2.926e-03  Time cost: 00:32/00:07 [24:42/28:41]  Acc_iter 6150        Data time: 0.00(0.00)  Forward time: 0.25(0.23)  Batch time: 0.25(0.24)
2026-04-29 01:25:06,484   INFO  
2026-04-29 01:25:13,134   INFO  Train:   37/80 ( 46%) [ 166/167 ( 99%)]  Loss: 1.489 (1.35)  LR: 2.921e-03  Time cost: 00:39/00:00 [24:49/28:29]  Acc_iter 6179        Data time: 0.00(0.00)  Forward time: 0.16(0.23)  Batch time: 0.16(0.24)
2026-04-29 01:25:14,338   INFO  Train:   38/80 ( 48%) [   0/167 (  0%)]  Loss: 1.418 (1.42)  LR: 2.920e-03  Time cost: 00:00/02:09 [24:50/1:32:37]  Acc_iter 6180        Data time: 0.37(0.37)  Forward time: 0.40(0.40)  Batch time: 0.77(0.77)
2026-04-29 01:25:19,095   INFO  Train:   38/80 ( 48%) [  20/167 ( 12%)]  Loss: 1.088 (1.25)  LR: 2.917e-03  Time cost: 00:05/00:38 [24:55/31:26]  Acc_iter 6200        Data time: 0.00(0.02)  Forward time: 0.23(0.24)  Batch time: 0.23(0.26)
2026-04-29 01:25:31,112   INFO  Train:   38/80 ( 48%) [  70/167 ( 42%)]  Loss: 1.560 (1.29)  LR: 2.907e-03  Time cost: 00:17/00:23 [25:07/29:17]  Acc_iter 6250        Data time: 0.00(0.01)  Forward time: 0.27(0.24)  Batch time: 0.27(0.25)
2026-04-29 01:25:43,175   INFO  Train:   38/80 ( 48%) [ 120/167 ( 72%)]  Loss: 1.021 (1.27)  LR: 2.896e-03  Time cost: 00:29/00:11 [25:19/28:47]  Acc_iter 6300        Data time: 0.00(0.00)  Forward time: 0.22(0.24)  Batch time: 0.22(0.24)
2026-04-29 01:25:43,321   INFO  
2026-04-29 01:25:54,295   INFO  Train:   38/80 ( 48%) [ 166/167 ( 99%)]  Loss: 1.194 (1.29)  LR: 2.886e-03  Time cost: 00:40/00:00 [25:30/28:30]  Acc_iter 6346        Data time: 0.00(0.00)  Forward time: 0.16(0.24)  Batch time: 0.16(0.24)
2026-04-29 01:25:55,425   INFO  Train:   39/80 ( 49%) [   0/167 (  0%)]  Loss: 1.612 (1.61)  LR: 2.886e-03  Time cost: 00:00/01:59 [25:31/1:23:59]  Acc_iter 6347        Data time: 0.31(0.31)  Forward time: 0.41(0.41)  Batch time: 0.72(0.72)
2026-04-29 01:25:56,179   INFO  Train:   39/80 ( 49%) [   3/167 (  2%)]  Loss: 1.515 (1.57)  LR: 2.885e-03  Time cost: 00:01/01:00 [25:32/43:01]  Acc_iter 6350        Data time: 0.00(0.08)  Forward time: 0.25(0.29)  Batch time: 0.25(0.37)
2026-04-29 01:26:07,949   INFO  Train:   39/80 ( 49%) [  53/167 ( 32%)]  Loss: 1.291 (1.31)  LR: 2.874e-03  Time cost: 00:13/00:27 [25:44/28:27]  Acc_iter 6400        Data time: 0.00(0.01)  Forward time: 0.26(0.24)  Batch time: 0.26(0.25)
2026-04-29 01:26:19,744   INFO  Train:   39/80 ( 49%) [ 103/167 ( 62%)]  Loss: 1.321 (1.30)  LR: 2.862e-03  Time cost: 00:25/00:15 [25:56/27:43]  Acc_iter 6450        Data time: 0.00(0.00)  Forward time: 0.25(0.24)  Batch time: 0.26(0.24)
2026-04-29 01:26:19,891   INFO  
2026-04-29 01:26:31,971   INFO  Train:   39/80 ( 49%) [ 153/167 ( 92%)]  Loss: 1.695 (1.29)  LR: 2.849e-03  Time cost: 00:37/00:03 [26:08/27:40]  Acc_iter 6500        Data time: 0.00(0.00)  Forward time: 0.24(0.24)  Batch time: 0.24(0.24)
2026-04-29 01:26:34,853   INFO  Train:   39/80 ( 49%) [ 166/167 ( 99%)]  Loss: 1.376 (1.29)  LR: 2.846e-03  Time cost: 00:40/00:00 [26:11/27:26]  Acc_iter 6513        Data time: 0.00(0.00)  Forward time: 0.17(0.24)  Batch time: 0.17(0.24)
2026-04-29 01:26:36,042   INFO  Train:   40/80 ( 50%) [   0/167 (  0%)]  Loss: 0.9469 (0.947)  LR: 2.845e-03  Time cost: 00:00/02:09 [26:12/1:28:16]  Acc_iter 6514        Data time: 0.43(0.43)  Forward time: 0.34(0.34)  Batch time: 0.77(0.77)
2026-04-29 01:26:44,742   INFO  Train:   40/80 ( 50%) [  36/167 ( 22%)]  Loss: 1.124 (1.26)  LR: 2.836e-03  Time cost: 00:09/00:33 [26:21/29:03]  Acc_iter 6550        Data time: 0.00(0.01)  Forward time: 0.26(0.24)  Batch time: 0.26(0.26)
2026-04-29 01:26:56,713   INFO  Train:   40/80 ( 50%) [  86/167 ( 51%)]  Loss: 1.216 (1.32)  LR: 2.822e-03  Time cost: 00:21/00:19 [26:33/27:46]  Acc_iter 6600        Data time: 0.00(0.01)  Forward time: 0.25(0.24)  Batch time: 0.25(0.25)
2026-04-29 01:26:56,864   INFO  
2026-04-29 01:27:08,703   INFO  Train:   40/80 ( 50%) [ 136/167 ( 81%)]  Loss: 1.550 (1.28)  LR: 2.808e-03  Time cost: 00:33/00:07 [26:45/27:17]  Acc_iter 6650        Data time: 0.00(0.01)  Forward time: 0.25(0.24)  Batch time: 0.25(0.24)
2026-04-29 01:27:15,659   INFO  Train:   40/80 ( 50%) [ 166/167 ( 99%)]  Loss: 1.738 (1.27)  LR: 2.799e-03  Time cost: 00:40/00:00 [26:52/26:55]  Acc_iter 6680        Data time: 0.00(0.00)  Forward time: 0.19(0.24)  Batch time: 0.19(0.24)
2026-04-29 01:27:16,826   INFO  Train:   41/80 ( 51%) [   0/167 (  0%)]  Loss: 0.9539 (0.954)  LR: 2.799e-03  Time cost: 00:00/02:05 [26:53/1:23:25]  Acc_iter 6681        Data time: 0.37(0.37)  Forward time: 0.38(0.38)  Batch time: 0.75(0.75)
2026-04-29 01:27:21,411   INFO  Train:   41/80 ( 51%) [  19/167 ( 11%)]  Loss: 1.409 (1.20)  LR: 2.793e-03  Time cost: 00:05/00:39 [26:57/29:36]  Acc_iter 6700        Data time: 0.00(0.02)  Forward time: 0.23(0.25)  Batch time: 0.23(0.27)
2026-04-29 01:27:33,613   INFO  Train:   41/80 ( 51%) [  69/167 ( 41%)]  Loss: 1.171 (1.24)  LR: 2.778e-03  Time cost: 00:17/00:24 [27:10/27:36]  Acc_iter 6750        Data time: 0.00(0.01)  Forward time: 0.24(0.24)  Batch time: 0.24(0.25)
2026-04-29 01:27:33,771   INFO  
2026-04-29 01:27:45,789   INFO  Train:   41/80 ( 51%) [ 119/167 ( 71%)]  Loss: 1.017 (1.22)  LR: 2.763e-03  Time cost: 00:29/00:11 [27:22/27:04]  Acc_iter 6800        Data time: 0.00(0.01)  Forward time: 0.22(0.24)  Batch time: 0.23(0.25)
2026-04-29 01:27:56,773   INFO  Train:   41/80 ( 51%) [ 166/167 ( 99%)]  Loss: 1.217 (1.23)  LR: 2.748e-03  Time cost: 00:40/00:00 [27:33/26:27]  Acc_iter 6847        Data time: 0.00(0.00)  Forward time: 0.18(0.24)  Batch time: 0.18(0.24)
2026-04-29 01:27:57,959   INFO  Train:   42/80 ( 52%) [   0/167 (  0%)]  Loss: 1.070 (1.07)  LR: 2.747e-03  Time cost: 00:00/02:05 [27:34/1:21:37]  Acc_iter 6848        Data time: 0.46(0.46)  Forward time: 0.30(0.30)  Batch time: 0.75(0.75)
2026-04-29 01:27:58,465   INFO  Train:   42/80 ( 52%) [   2/167 (  1%)]  Loss: 1.482 (1.24)  LR: 2.747e-03  Time cost: 00:01/01:09 [27:34/45:31]  Acc_iter 6850        Data time: 0.00(0.15)  Forward time: 0.24(0.27)  Batch time: 0.24(0.42)
2026-04-29 01:28:10,632   INFO  Train:   42/80 ( 52%) [  52/167 ( 31%)]  Loss: 1.055 (1.31)  LR: 2.730e-03  Time cost: 00:13/00:29 [27:47/27:16]  Acc_iter 6900        Data time: 0.00(0.01)  Forward time: 0.24(0.24)  Batch time: 0.24(0.25)
2026-04-29 01:28:10,773   INFO  
2026-04-29 01:28:22,772   INFO  Train:   42/80 ( 52%) [ 102/167 ( 61%)]  Loss: 1.375 (1.27)  LR: 2.713e-03  Time cost: 00:25/00:16 [27:59/26:31]  Acc_iter 6950        Data time: 0.00(0.01)  Forward time: 0.24(0.24)  Batch time: 0.24(0.25)
2026-04-29 01:28:34,634   INFO  Train:   42/80 ( 52%) [ 152/167 ( 91%)]  Loss: 0.9634 (1.24)  LR: 2.695e-03  Time cost: 00:37/00:03 [28:11/25:56]  Acc_iter 7000        Data time: 0.00(0.00)  Forward time: 0.24(0.24)  Batch time: 0.24(0.24)
2026-04-29 01:28:37,906   INFO  Train:   42/80 ( 52%) [ 166/167 ( 99%)]  Loss: 1.467 (1.25)  LR: 2.690e-03  Time cost: 00:40/00:00 [28:14/25:46]  Acc_iter 7014        Data time: 0.00(0.00)  Forward time: 0.19(0.24)  Batch time: 0.19(0.24)
2026-04-29 01:28:39,117   INFO  Train:   43/80 ( 54%) [   0/167 (  0%)]  Loss: 1.312 (1.31)  LR: 2.690e-03  Time cost: 00:00/02:09 [28:15/1:21:42]  Acc_iter 7015        Data time: 0.46(0.46)  Forward time: 0.31(0.31)  Batch time: 0.77(0.77)
2026-04-29 01:28:47,508   INFO  Train:   43/80 ( 54%) [  35/167 ( 21%)]  Loss: 1.388 (1.29)  LR: 2.677e-03  Time cost: 00:09/00:33 [28:23/26:46]  Acc_iter 7050        Data time: 0.00(0.01)  Forward time: 0.24(0.24)  Batch time: 0.24(0.25)
2026-04-29 01:28:47,663   INFO  
2026-04-29 01:28:59,490   INFO  Train:   43/80 ( 54%) [  85/167 ( 51%)]  Loss: 1.022 (1.25)  LR: 2.659e-03  Time cost: 00:21/00:20 [28:35/25:39]  Acc_iter 7100        Data time: 0.00(0.01)  Forward time: 0.25(0.24)  Batch time: 0.25(0.25)
2026-04-29 01:29:11,384   INFO  Train:   43/80 ( 54%) [ 135/167 ( 81%)]  Loss: 1.214 (1.23)  LR: 2.640e-03  Time cost: 00:33/00:07 [28:47/25:08]  Acc_iter 7150        Data time: 0.00(0.01)  Forward time: 0.23(0.24)  Batch time: 0.23(0.24)
2026-04-29 01:29:18,470   INFO  Train:   43/80 ( 54%) [ 166/167 ( 99%)]  Loss: 1.317 (1.22)  LR: 2.628e-03  Time cost: 00:40/00:00 [28:54/24:44]  Acc_iter 7181        Data time: 0.00(0.00)  Forward time: 0.19(0.24)  Batch time: 0.19(0.24)
2026-04-29 01:29:19,715   INFO  Train:   44/80 ( 55%) [   0/167 (  0%)]  Loss: 1.313 (1.31)  LR: 2.628e-03  Time cost: 00:00/02:17 [28:56/1:24:51]  Acc_iter 7182        Data time: 0.49(0.49)  Forward time: 0.33(0.33)  Batch time: 0.82(0.82)
2026-04-29 01:29:24,023   INFO  Train:   44/80 ( 55%) [  18/167 ( 11%)]  Loss: 1.459 (1.27)  LR: 2.621e-03  Time cost: 00:05/00:40 [29:00/27:44]  Acc_iter 7200        Data time: 0.00(0.03)  Forward time: 0.24(0.24)  Batch time: 0.25(0.27)
2026-04-29 01:29:24,174   INFO  
2026-04-29 01:29:35,916   INFO  Train:   44/80 ( 55%) [  68/167 ( 41%)]  Loss: 1.086 (1.22)  LR: 2.601e-03  Time cost: 00:17/00:24 [29:12/25:07]  Acc_iter 7250        Data time: 0.00(0.01)  Forward time: 0.23(0.24)  Batch time: 0.23(0.25)
2026-04-29 01:29:47,825   INFO  Train:   44/80 ( 55%) [ 118/167 ( 71%)]  Loss: 1.479 (1.20)  LR: 2.581e-03  Time cost: 00:28/00:11 [29:24/24:33]  Acc_iter 7300        Data time: 0.00(0.01)  Forward time: 0.25(0.24)  Batch time: 0.25(0.24)
2026-04-29 01:29:59,022   INFO  Train:   44/80 ( 55%) [ 166/167 ( 99%)]  Loss: 0.9414 (1.20)  LR: 2.561e-03  Time cost: 00:40/00:00 [29:35/24:04]  Acc_iter 7348        Data time: 0.00(0.00)  Forward time: 0.18(0.24)  Batch time: 0.18(0.24)
2026-04-29 01:30:00,167   INFO  Train:   45/80 ( 56%) [   0/167 (  0%)]  Loss: 1.079 (1.08)  LR: 2.561e-03  Time cost: 00:00/02:02 [29:36/1:13:44]  Acc_iter 7349        Data time: 0.43(0.43)  Forward time: 0.31(0.31)  Batch time: 0.74(0.74)
2026-04-29 01:30:00,422   INFO  Train:   45/80 ( 56%) [   1/167 (  1%)]  Loss: 1.352 (1.22)  LR: 2.560e-03  Time cost: 00:00/01:22 [29:36/49:39]  Acc_iter 7350        Data time: 0.00(0.22)  Forward time: 0.25(0.28)  Batch time: 0.26(0.50)
2026-04-29 01:30:00,573   INFO  
2026-04-29 01:30:12,421   INFO  Train:   45/80 ( 56%) [  51/167 ( 31%)]  Loss: 1.252 (1.15)  LR: 2.539e-03  Time cost: 00:12/00:28 [29:48/24:49]  Acc_iter 7400        Data time: 0.00(0.01)  Forward time: 0.24(0.24)  Batch time: 0.25(0.25)
2026-04-29 01:30:24,312   INFO  Train:   45/80 ( 56%) [ 101/167 ( 60%)]  Loss: 1.493 (1.18)  LR: 2.518e-03  Time cost: 00:24/00:16 [30:00/24:01]  Acc_iter 7450        Data time: 0.00(0.01)  Forward time: 0.24(0.24)  Batch time: 0.24(0.24)
2026-04-29 01:30:36,188   INFO  Train:   45/80 ( 56%) [ 151/167 ( 90%)]  Loss: 1.192 (1.19)  LR: 2.496e-03  Time cost: 00:36/00:03 [30:12/23:37]  Acc_iter 7500        Data time: 0.00(0.00)  Forward time: 0.24(0.24)  Batch time: 0.24(0.24)
2026-04-29 01:30:36,337   INFO  
2026-04-29 01:30:39,813   INFO  Train:   45/80 ( 56%) [ 166/167 ( 99%)]  Loss: 1.277 (1.19)  LR: 2.489e-03  Time cost: 00:40/00:00 [30:16/23:33]  Acc_iter 7515        Data time: 0.00(0.01)  Forward time: 0.16(0.24)  Batch time: 0.16(0.24)
2026-04-29 01:30:40,982   INFO  Train:   46/80 ( 58%) [   0/167 (  0%)]  Loss: 0.7919 (0.792)  LR: 2.489e-03  Time cost: 00:00/02:08 [30:17/1:14:41]  Acc_iter 7516        Data time: 0.43(0.43)  Forward time: 0.34(0.34)  Batch time: 0.77(0.77)
2026-04-29 01:30:49,084   INFO  Train:   46/80 ( 58%) [  34/167 ( 20%)]  Loss: 1.159 (1.18)  LR: 2.474e-03  Time cost: 00:08/00:33 [30:25/24:32]  Acc_iter 7550        Data time: 0.00(0.01)  Forward time: 0.26(0.24)  Batch time: 0.26(0.25)
2026-04-29 01:31:00,892   INFO  Train:   46/80 ( 58%) [  84/167 ( 50%)]  Loss: 1.031 (1.18)  LR: 2.451e-03  Time cost: 00:20/00:20 [30:37/23:21]  Acc_iter 7600        Data time: 0.00(0.01)  Forward time: 0.23(0.24)  Batch time: 0.24(0.24)
2026-04-29 01:31:12,693   INFO  Train:   46/80 ( 58%) [ 134/167 ( 80%)]  Loss: 1.469 (1.17)  LR: 2.428e-03  Time cost: 00:32/00:07 [30:49/22:53]  Acc_iter 7650        Data time: 0.00(0.00)  Forward time: 0.24(0.24)  Batch time: 0.24(0.24)
2026-04-29 01:31:12,849   INFO  
2026-04-29 01:31:20,372   INFO  Train:   46/80 ( 58%) [ 166/167 ( 99%)]  Loss: 1.283 (1.18)  LR: 2.414e-03  Time cost: 00:40/00:00 [30:56/22:45]  Acc_iter 7682        Data time: 0.00(0.00)  Forward time: 0.18(0.24)  Batch time: 0.19(0.24)
2026-04-29 01:31:21,556   INFO  Train:   47/80 ( 59%) [   0/167 (  0%)]  Loss: 0.9181 (0.918)  LR: 2.413e-03  Time cost: 00:00/02:04 [30:58/1:10:46]  Acc_iter 7683        Data time: 0.32(0.32)  Forward time: 0.42(0.42)  Batch time: 0.75(0.75)
2026-04-29 01:31:25,616   INFO  Train:   47/80 ( 59%) [  17/167 ( 10%)]  Loss: 0.9595 (1.19)  LR: 2.405e-03  Time cost: 00:04/00:40 [31:02/25:11]  Acc_iter 7700        Data time: 0.00(0.02)  Forward time: 0.22(0.25)  Batch time: 0.22(0.27)
2026-04-29 01:31:37,458   INFO  Train:   47/80 ( 59%) [  67/167 ( 40%)]  Loss: 1.447 (1.19)  LR: 2.382e-03  Time cost: 00:16/00:24 [31:13/22:53]  Acc_iter 7750        Data time: 0.00(0.01)  Forward time: 0.25(0.24)  Batch time: 0.25(0.24)
2026-04-29 01:31:49,394   INFO  Train:   47/80 ( 59%) [ 117/167 ( 70%)]  Loss: 0.9791 (1.19)  LR: 2.358e-03  Time cost: 00:28/00:12 [31:25/22:27]  Acc_iter 7800        Data time: 0.00(0.00)  Forward time: 0.26(0.24)  Batch time: 0.26(0.24)
2026-04-29 01:31:49,545   INFO  
2026-04-29 01:32:01,072   INFO  Train:   47/80 ( 59%) [ 166/167 ( 99%)]  Loss: 1.190 (1.19)  LR: 2.334e-03  Time cost: 00:40/00:00 [31:37/22:08]  Acc_iter 7849        Data time: 0.00(0.00)  Forward time: 0.17(0.24)  Batch time: 0.17(0.24)
2026-04-29 01:32:02,241   INFO  Train:   48/80 ( 60%) [   0/167 (  0%)]  Loss: 1.162 (1.16)  LR: 2.333e-03  Time cost: 00:00/02:02 [31:38/1:07:32]  Acc_iter 7850        Data time: 0.31(0.31)  Forward time: 0.43(0.43)  Batch time: 0.74(0.74)
2026-04-29 01:32:14,105   INFO  Train:   48/80 ( 60%) [  50/167 ( 30%)]  Loss: 1.446 (1.12)  LR: 2.309e-03  Time cost: 00:12/00:28 [31:50/22:29]  Acc_iter 7900        Data time: 0.00(0.01)  Forward time: 0.25(0.24)  Batch time: 0.26(0.25)
2026-04-29 01:32:26,221   INFO  Train:   48/80 ( 60%) [ 100/167 ( 60%)]  Loss: 1.127 (1.14)  LR: 2.284e-03  Time cost: 00:24/00:16 [32:02/22:04]  Acc_iter 7950        Data time: 0.00(0.00)  Forward time: 0.23(0.24)  Batch time: 0.23(0.24)
2026-04-29 01:32:26,368   INFO  
2026-04-29 01:32:38,373   INFO  Train:   48/80 ( 60%) [ 150/167 ( 90%)]  Loss: 1.319 (1.14)  LR: 2.259e-03  Time cost: 00:36/00:04 [32:14/21:48]  Acc_iter 8000        Data time: 0.00(0.00)  Forward time: 0.26(0.24)  Batch time: 0.26(0.24)
2026-04-29 01:32:42,017   INFO  Train:   48/80 ( 60%) [ 166/167 ( 99%)]  Loss: 1.021 (1.14)  LR: 2.251e-03  Time cost: 00:40/00:00 [32:18/21:36]  Acc_iter 8016        Data time: 0.00(0.00)  Forward time: 0.15(0.24)  Batch time: 0.15(0.24)
2026-04-29 01:32:43,200   INFO  Train:   49/80 ( 61%) [   0/167 (  0%)]  Loss: 1.184 (1.18)  LR: 2.250e-03  Time cost: 00:00/02:08 [32:19/1:08:28]  Acc_iter 8017        Data time: 0.45(0.45)  Forward time: 0.32(0.32)  Batch time: 0.77(0.77)
2026-04-29 01:32:51,112   INFO  Train:   49/80 ( 61%) [  33/167 ( 20%)]  Loss: 1.369 (1.18)  LR: 2.233e-03  Time cost: 00:08/00:34 [32:27/22:35]  Acc_iter 8050        Data time: 0.00(0.01)  Forward time: 0.26(0.24)  Batch time: 0.26(0.26)
2026-04-29 01:33:03,154   INFO  Train:   49/80 ( 61%) [  83/167 ( 50%)]  Loss: 0.9808 (1.15)  LR: 2.207e-03  Time cost: 00:20/00:20 [32:39/21:37]  Acc_iter 8100        Data time: 0.00(0.01)  Forward time: 0.23(0.24)  Batch time: 0.23(0.25)
2026-04-29 01:33:03,307   INFO  
2026-04-29 01:33:15,273   INFO  Train:   49/80 ( 61%) [ 133/167 ( 80%)]  Loss: 0.6766 (1.12)  LR: 2.181e-03  Time cost: 00:32/00:08 [32:51/21:17]  Acc_iter 8150        Data time: 0.00(0.01)  Forward time: 0.23(0.24)  Batch time: 0.23(0.25)
2026-04-29 01:33:23,038   INFO  Train:   49/80 ( 61%) [ 166/167 ( 99%)]  Loss: 1.210 (1.11)  LR: 2.164e-03  Time cost: 00:40/00:00 [32:59/20:59]  Acc_iter 8183        Data time: 0.00(0.00)  Forward time: 0.18(0.24)  Batch time: 0.18(0.24)
2026-04-29 01:33:24,206   INFO  Train:   50/80 ( 62%) [   0/167 (  0%)]  Loss: 0.9749 (0.975)  LR: 2.163e-03  Time cost: 00:00/02:05 [33:00/1:04:47]  Acc_iter 8184        Data time: 0.33(0.33)  Forward time: 0.43(0.43)  Batch time: 0.75(0.75)
2026-04-29 01:33:28,084   INFO  Train:   50/80 ( 62%) [  16/167 ( 10%)]  Loss: 0.7581 (1.09)  LR: 2.155e-03  Time cost: 00:04/00:41 [33:04/23:25]  Acc_iter 8200        Data time: 0.00(0.02)  Forward time: 0.24(0.25)  Batch time: 0.24(0.27)
2026-04-29 01:33:40,002   INFO  Train:   50/80 ( 62%) [  66/167 ( 40%)]  Loss: 1.094 (1.07)  LR: 2.128e-03  Time cost: 00:16/00:24 [33:16/21:02]  Acc_iter 8250        Data time: 0.00(0.01)  Forward time: 0.26(0.24)  Batch time: 0.26(0.25)
2026-04-29 01:33:40,154   INFO  
2026-04-29 01:33:52,665   INFO  Train:   50/80 ( 62%) [ 116/167 ( 69%)]  Loss: 0.7979 (1.09)  LR: 2.102e-03  Time cost: 00:29/00:12 [33:29/21:03]  Acc_iter 8300        Data time: 0.00(0.00)  Forward time: 0.25(0.24)  Batch time: 0.25(0.25)
2026-04-29 01:34:04,824   INFO  Train:   50/80 ( 62%) [ 166/167 ( 99%)]  Loss: 1.373 (1.10)  LR: 2.075e-03  Time cost: 00:41/00:00 [33:41/20:41]  Acc_iter 8350        Data time: 0.00(0.00)  Forward time: 0.20(0.24)  Batch time: 0.20(0.25)
2026-04-29 01:34:06,048   INFO  Train:   51/80 ( 64%) [   0/167 (  0%)]  Loss: 1.114 (1.11)  LR: 2.074e-03  Time cost: 00:00/02:09 [33:42/1:04:49]  Acc_iter 8351        Data time: 0.40(0.40)  Forward time: 0.38(0.38)  Batch time: 0.78(0.78)
2026-04-29 01:34:17,937   INFO  Train:   51/80 ( 64%) [  49/167 ( 29%)]  Loss: 0.7544 (1.06)  LR: 2.047e-03  Time cost: 00:12/00:29 [33:54/20:56]  Acc_iter 8400        Data time: 0.00(0.01)  Forward time: 0.23(0.24)  Batch time: 0.23(0.25)
2026-04-29 01:34:18,091   INFO  
2026-04-29 01:34:30,184   INFO  Train:   51/80 ( 64%) [  99/167 ( 59%)]  Loss: 1.148 (1.08)  LR: 2.020e-03  Time cost: 00:24/00:16 [34:06/20:23]  Acc_iter 8450        Data time: 0.00(0.01)  Forward time: 0.26(0.24)  Batch time: 0.26(0.25)
2026-04-29 01:34:42,187   INFO  Train:   51/80 ( 64%) [ 149/167 ( 89%)]  Loss: 0.8501 (1.07)  LR: 1.992e-03  Time cost: 00:36/00:04 [34:18/19:56]  Acc_iter 8500        Data time: 0.00(0.00)  Forward time: 0.24(0.24)  Batch time: 0.24(0.25)
2026-04-29 01:34:45,946   INFO  Train:   51/80 ( 64%) [ 166/167 ( 99%)]  Loss: 0.8729 (1.06)  LR: 1.983e-03  Time cost: 00:40/00:00 [34:22/19:39]  Acc_iter 8517        Data time: 0.00(0.00)  Forward time: 0.16(0.24)  Batch time: 0.16(0.24)
2026-04-29 01:34:47,188   INFO  Train:   52/80 ( 65%) [   0/167 (  0%)]  Loss: 1.093 (1.09)  LR: 1.982e-03  Time cost: 00:00/02:13 [34:23/1:04:43]  Acc_iter 8518        Data time: 0.43(0.43)  Forward time: 0.37(0.37)  Batch time: 0.80(0.80)
2026-04-29 01:34:54,837   INFO  Train:   52/80 ( 65%) [  32/167 ( 19%)]  Loss: 1.104 (1.07)  LR: 1.964e-03  Time cost: 00:08/00:34 [34:31/20:31]  Acc_iter 8550        Data time: 0.00(0.01)  Forward time: 0.25(0.24)  Batch time: 0.25(0.26)
2026-04-29 01:34:54,981   INFO  
2026-04-29 01:35:06,937   INFO  Train:   52/80 ( 65%) [  82/167 ( 49%)]  Loss: 0.9214 (1.08)  LR: 1.936e-03  Time cost: 00:20/00:21 [34:43/19:38]  Acc_iter 8600        Data time: 0.00(0.01)  Forward time: 0.23(0.24)  Batch time: 0.23(0.25)
2026-04-29 01:35:18,745   INFO  Train:   52/80 ( 65%) [ 132/167 ( 79%)]  Loss: 1.103 (1.08)  LR: 1.908e-03  Time cost: 00:32/00:08 [34:55/19:06]  Acc_iter 8650        Data time: 0.00(0.01)  Forward time: 0.24(0.24)  Batch time: 0.24(0.24)
2026-04-29 01:35:26,618   INFO  Train:   52/80 ( 65%) [ 166/167 ( 99%)]  Loss: 0.8460 (1.07)  LR: 1.889e-03  Time cost: 00:40/00:00 [35:03/18:46]  Acc_iter 8684        Data time: 0.00(0.00)  Forward time: 0.15(0.24)  Batch time: 0.16(0.24)
2026-04-29 01:35:27,807   INFO  Train:   53/80 ( 66%) [   0/167 (  0%)]  Loss: 0.9838 (0.984)  LR: 1.888e-03  Time cost: 00:00/02:04 [35:04/57:56]  Acc_iter 8685        Data time: 0.34(0.34)  Forward time: 0.40(0.40)  Batch time: 0.74(0.74)
2026-04-29 01:35:31,306   INFO  Train:   53/80 ( 66%) [  15/167 (  9%)]  Loss: 0.7214 (1.10)  LR: 1.880e-03  Time cost: 00:04/00:40 [35:07/20:35]  Acc_iter 8700        Data time: 0.00(0.02)  Forward time: 0.23(0.24)  Batch time: 0.23(0.27)
2026-04-29 01:35:31,461   INFO  
2026-04-29 01:35:43,448   INFO  Train:   53/80 ( 66%) [  65/167 ( 39%)]  Loss: 1.228 (1.06)  LR: 1.851e-03  Time cost: 00:16/00:25 [35:19/19:04]  Acc_iter 8750        Data time: 0.00(0.01)  Forward time: 0.25(0.24)  Batch time: 0.25(0.25)
2026-04-29 01:35:55,555   INFO  Train:   53/80 ( 66%) [ 115/167 ( 69%)]  Loss: 0.9865 (1.04)  LR: 1.823e-03  Time cost: 00:28/00:12 [35:32/18:40]  Acc_iter 8800        Data time: 0.00(0.01)  Forward time: 0.26(0.24)  Batch time: 0.26(0.25)
2026-04-29 01:36:07,445   INFO  Train:   53/80 ( 66%) [ 165/167 ( 99%)]  Loss: 0.6706 (1.02)  LR: 1.794e-03  Time cost: 00:40/00:00 [35:43/18:17]  Acc_iter 8850        Data time: 0.00(0.00)  Forward time: 0.20(0.24)  Batch time: 0.20(0.24)
2026-04-29 01:36:07,592   INFO  
2026-04-29 01:36:07,757   INFO  Train:   53/80 ( 66%) [ 166/167 ( 99%)]  Loss: 0.8801 (1.02)  LR: 1.793e-03  Time cost: 00:40/00:00 [35:44/18:18]  Acc_iter 8851        Data time: 0.15(0.00)  Forward time: 0.16(0.24)  Batch time: 0.31(0.24)
2026-04-29 01:36:08,949   INFO  Train:   54/80 ( 68%) [   0/167 (  0%)]  Loss: 0.8937 (0.894)  LR: 1.793e-03  Time cost: 00:00/02:05 [35:45/56:37]  Acc_iter 8852        Data time: 0.43(0.43)  Forward time: 0.32(0.32)  Batch time: 0.75(0.75)
2026-04-29 01:36:20,581   INFO  Train:   54/80 ( 68%) [  48/167 ( 29%)]  Loss: 1.212 (1.04)  LR: 1.765e-03  Time cost: 00:12/00:30 [35:57/18:47]  Acc_iter 8900        Data time: 0.00(0.01)  Forward time: 0.24(0.24)  Batch time: 0.24(0.25)
2026-04-29 01:36:32,653   INFO  Train:   54/80 ( 68%) [  98/167 ( 59%)]  Loss: 1.086 (1.01)  LR: 1.736e-03  Time cost: 00:24/00:17 [36:09/18:09]  Acc_iter 8950        Data time: 0.00(0.01)  Forward time: 0.24(0.24)  Batch time: 0.24(0.25)
2026-04-29 01:36:44,745   INFO  Train:   54/80 ( 68%) [ 148/167 ( 89%)]  Loss: 1.035 (1.01)  LR: 1.707e-03  Time cost: 00:36/00:04 [36:21/17:49]  Acc_iter 9000        Data time: 0.00(0.00)  Forward time: 0.23(0.24)  Batch time: 0.23(0.25)
2026-04-29 01:36:44,890   INFO  
2026-04-29 01:36:48,997   INFO  Train:   54/80 ( 68%) [ 166/167 ( 99%)]  Loss: 1.071 (1.01)  LR: 1.696e-03  Time cost: 00:40/00:00 [36:25/17:41]  Acc_iter 9018        Data time: 0.00(0.00)  Forward time: 0.16(0.24)  Batch time: 0.16(0.24)
2026-04-29 01:36:50,187   INFO  Train:   55/80 ( 69%) [   0/167 (  0%)]  Loss: 1.424 (1.42)  LR: 1.696e-03  Time cost: 00:00/02:06 [36:26/54:51]  Acc_iter 9019        Data time: 0.41(0.41)  Forward time: 0.35(0.35)  Batch time: 0.76(0.76)
2026-04-29 01:36:57,672   INFO  Train:   55/80 ( 69%) [  31/167 ( 19%)]  Loss: 0.9643 (1.05)  LR: 1.678e-03  Time cost: 00:08/00:35 [36:34/18:30]  Acc_iter 9050        Data time: 0.00(0.01)  Forward time: 0.25(0.24)  Batch time: 0.25(0.26)
2026-04-29 01:37:09,698   INFO  Train:   55/80 ( 69%) [  81/167 ( 49%)]  Loss: 1.295 (1.02)  LR: 1.649e-03  Time cost: 00:20/00:21 [36:46/17:33]  Acc_iter 9100        Data time: 0.00(0.01)  Forward time: 0.23(0.24)  Batch time: 0.23(0.25)
2026-04-29 01:37:21,664   INFO  Train:   55/80 ( 69%) [ 131/167 ( 78%)]  Loss: 0.7451 (1.01)  LR: 1.619e-03  Time cost: 00:32/00:08 [36:58/17:08]  Acc_iter 9150        Data time: 0.00(0.00)  Forward time: 0.24(0.24)  Batch time: 0.24(0.24)
2026-04-29 01:37:21,822   INFO  
2026-04-29 01:37:30,169   INFO  Train:   55/80 ( 69%) [ 166/167 ( 99%)]  Loss: 0.7127 (1.01)  LR: 1.599e-03  Time cost: 00:40/00:00 [37:06/16:58]  Acc_iter 9185        Data time: 0.00(0.00)  Forward time: 0.16(0.24)  Batch time: 0.16(0.24)
2026-04-29 01:37:31,351   INFO  Train:   56/80 ( 70%) [   0/167 (  0%)]  Loss: 0.9515 (0.951)  LR: 1.598e-03  Time cost: 00:00/02:05 [37:07/52:14]  Acc_iter 9186        Data time: 0.44(0.44)  Forward time: 0.31(0.31)  Batch time: 0.75(0.75)
2026-04-29 01:37:34,767   INFO  Train:   56/80 ( 70%) [  14/167 (  8%)]  Loss: 1.122 (0.935)  LR: 1.590e-03  Time cost: 00:04/00:42 [37:11/19:15]  Acc_iter 9200        Data time: 0.00(0.03)  Forward time: 0.24(0.25)  Batch time: 0.24(0.28)
2026-04-29 01:37:46,741   INFO  Train:   56/80 ( 70%) [  64/167 ( 38%)]  Loss: 1.147 (0.933)  LR: 1.561e-03  Time cost: 00:16/00:25 [37:23/17:00]  Acc_iter 9250        Data time: 0.00(0.01)  Forward time: 0.26(0.24)  Batch time: 0.26(0.25)
2026-04-29 01:37:58,996   INFO  Train:   56/80 ( 70%) [ 114/167 ( 68%)]  Loss: 1.164 (0.959)  LR: 1.531e-03  Time cost: 00:28/00:13 [37:35/16:42]  Acc_iter 9300        Data time: 0.00(0.00)  Forward time: 0.26(0.24)  Batch time: 0.26(0.25)
2026-04-29 01:37:59,154   INFO  
2026-04-29 01:38:11,219   INFO  Train:   56/80 ( 70%) [ 164/167 ( 98%)]  Loss: 1.130 (1.05)  LR: 1.502e-03  Time cost: 00:40/00:00 [37:47/16:27]  Acc_iter 9350        Data time: 0.00(0.00)  Forward time: 0.25(0.24)  Batch time: 0.25(0.25)
2026-04-29 01:38:11,639   INFO  Train:   56/80 ( 70%) [ 166/167 ( 99%)]  Loss: 0.9505 (1.05)  LR: 1.501e-03  Time cost: 00:41/00:00 [37:48/16:25]  Acc_iter 9352        Data time: 0.00(0.00)  Forward time: 0.18(0.24)  Batch time: 0.18(0.25)
2026-04-29 01:38:12,901   INFO  Train:   57/80 ( 71%) [   0/167 (  0%)]  Loss: 0.8073 (0.807)  LR: 1.500e-03  Time cost: 00:00/02:11 [37:49/52:28]  Acc_iter 9353        Data time: 0.34(0.34)  Forward time: 0.45(0.45)  Batch time: 0.79(0.79)
2026-04-29 01:38:24,205   INFO  Train:   57/80 ( 71%) [  47/167 ( 28%)]  Loss: 0.9927 (1.07)  LR: 1.472e-03  Time cost: 00:12/00:30 [38:00/16:37]  Acc_iter 9400        Data time: 0.00(0.01)  Forward time: 0.26(0.24)  Batch time: 0.26(0.25)
2026-04-29 01:38:36,285   INFO  Train:   57/80 ( 71%) [  97/167 ( 58%)]  Loss: 0.9247 (1.05)  LR: 1.443e-03  Time cost: 00:24/00:17 [38:12/16:04]  Acc_iter 9450        Data time: 0.00(0.00)  Forward time: 0.23(0.24)  Batch time: 0.24(0.25)
2026-04-29 01:38:36,429   INFO  
2026-04-29 01:38:48,590   INFO  Train:   57/80 ( 71%) [ 147/167 ( 88%)]  Loss: 1.045 (1.03)  LR: 1.414e-03  Time cost: 00:36/00:04 [38:25/15:51]  Acc_iter 9500        Data time: 0.00(0.00)  Forward time: 0.28(0.24)  Batch time: 0.28(0.25)
2026-04-29 01:38:53,003   INFO  Train:   57/80 ( 71%) [ 166/167 ( 99%)]  Loss: 0.9056 (1.03)  LR: 1.402e-03  Time cost: 00:40/00:00 [38:29/15:40]  Acc_iter 9519        Data time: 0.00(0.00)  Forward time: 0.16(0.24)  Batch time: 0.16(0.24)
2026-04-29 01:38:54,275   INFO  Train:   58/80 ( 72%) [   0/167 (  0%)]  Loss: 0.8188 (0.819)  LR: 1.402e-03  Time cost: 00:00/02:16 [38:30/52:18]  Acc_iter 9520        Data time: 0.48(0.48)  Forward time: 0.33(0.33)  Batch time: 0.82(0.82)
2026-04-29 01:39:01,556   INFO  Train:   58/80 ( 72%) [  30/167 ( 18%)]  Loss: 1.235 (0.968)  LR: 1.384e-03  Time cost: 00:08/00:35 [38:38/16:35]  Acc_iter 9550        Data time: 0.00(0.02)  Forward time: 0.24(0.24)  Batch time: 0.24(0.26)
2026-04-29 01:39:13,653   INFO  Train:   58/80 ( 72%) [  80/167 ( 48%)]  Loss: 0.8321 (0.958)  LR: 1.355e-03  Time cost: 00:20/00:21 [38:50/15:37]  Acc_iter 9600        Data time: 0.00(0.01)  Forward time: 0.25(0.24)  Batch time: 0.25(0.25)
2026-04-29 01:39:13,808   INFO  
2026-04-29 01:39:25,935   INFO  Train:   58/80 ( 72%) [ 130/167 ( 78%)]  Loss: 0.4050 (0.941)  LR: 1.326e-03  Time cost: 00:32/00:09 [39:02/15:20]  Acc_iter 9650        Data time: 0.00(0.01)  Forward time: 0.23(0.24)  Batch time: 0.23(0.25)
2026-04-29 01:39:34,507   INFO  Train:   58/80 ( 72%) [ 166/167 ( 99%)]  Loss: 1.088 (0.957)  LR: 1.305e-03  Time cost: 00:41/00:00 [39:10/15:03]  Acc_iter 9686        Data time: 0.00(0.00)  Forward time: 0.18(0.24)  Batch time: 0.18(0.25)
2026-04-29 01:39:35,719   INFO  Train:   59/80 ( 74%) [   0/167 (  0%)]  Loss: 0.8287 (0.829)  LR: 1.304e-03  Time cost: 00:00/02:11 [39:12/48:05]  Acc_iter 9687        Data time: 0.43(0.43)  Forward time: 0.35(0.35)  Batch time: 0.79(0.79)
2026-04-29 01:39:38,804   INFO  Train:   59/80 ( 74%) [  13/167 (  8%)]  Loss: 0.6480 (0.898)  LR: 1.297e-03  Time cost: 00:03/00:42 [39:15/16:51]  Acc_iter 9700        Data time: 0.00(0.03)  Forward time: 0.22(0.24)  Batch time: 0.22(0.28)
2026-04-29 01:39:50,747   INFO  Train:   59/80 ( 74%) [  63/167 ( 38%)]  Loss: 0.9112 (0.935)  LR: 1.268e-03  Time cost: 00:15/00:25 [39:27/14:52]  Acc_iter 9750        Data time: 0.00(0.01)  Forward time: 0.24(0.24)  Batch time: 0.24(0.25)
2026-04-29 01:39:50,910   INFO  
2026-04-29 01:40:03,292   INFO  Train:   59/80 ( 74%) [ 113/167 ( 68%)]  Loss: 1.047 (0.936)  LR: 1.239e-03  Time cost: 00:28/00:13 [39:39/14:45]  Acc_iter 9800        Data time: 0.00(0.01)  Forward time: 0.26(0.24)  Batch time: 0.26(0.25)
2026-04-29 01:40:15,555   INFO  Train:   59/80 ( 74%) [ 163/167 ( 98%)]  Loss: 0.8924 (0.935)  LR: 1.210e-03  Time cost: 00:40/00:00 [39:52/14:29]  Acc_iter 9850        Data time: 0.00(0.00)  Forward time: 0.23(0.24)  Batch time: 0.23(0.25)
2026-04-29 01:40:16,188   INFO  Train:   59/80 ( 74%) [ 166/167 ( 99%)]  Loss: 1.031 (0.935)  LR: 1.208e-03  Time cost: 00:41/00:00 [39:52/14:26]  Acc_iter 9853        Data time: 0.00(0.00)  Forward time: 0.19(0.24)  Batch time: 0.19(0.25)
2026-04-29 01:40:17,410   INFO  Train:   60/80 ( 75%) [   0/167 (  0%)]  Loss: 0.7562 (0.756)  LR: 1.207e-03  Time cost: 00:00/02:12 [39:53/46:29]  Acc_iter 9854        Data time: 0.45(0.45)  Forward time: 0.34(0.34)  Batch time: 0.80(0.80)
2026-04-29 01:40:28,625   INFO  Train:   60/80 ( 75%) [  46/167 ( 28%)]  Loss: 1.117 (0.925)  LR: 1.181e-03  Time cost: 00:12/00:30 [40:05/14:44]  Acc_iter 9900        Data time: 0.00(0.01)  Forward time: 0.23(0.25)  Batch time: 0.23(0.26)
2026-04-29 01:40:28,786   INFO  
2026-04-29 01:40:41,109   INFO  Train:   60/80 ( 75%) [  96/167 ( 57%)]  Loss: 0.7357 (0.936)  LR: 1.152e-03  Time cost: 00:24/00:17 [40:17/14:21]  Acc_iter 9950        Data time: 0.00(0.01)  Forward time: 0.22(0.25)  Batch time: 0.22(0.25)
2026-04-29 01:40:53,168   INFO  Train:   60/80 ( 75%) [ 146/167 ( 87%)]  Loss: 0.8203 (0.933)  LR: 1.124e-03  Time cost: 00:36/00:05 [40:29/13:55]  Acc_iter 10000       Data time: 0.00(0.01)  Forward time: 0.25(0.24)  Batch time: 0.25(0.25)
2026-04-29 01:40:57,733   INFO  Train:   60/80 ( 75%) [ 166/167 ( 99%)]  Loss: 0.7236 (0.926)  LR: 1.112e-03  Time cost: 00:41/00:00 [40:34/13:42]  Acc_iter 10020       Data time: 0.00(0.00)  Forward time: 0.17(0.24)  Batch time: 0.17(0.25)
2026-04-29 01:40:58,915   INFO  Train:   61/80 ( 76%) [   0/167 (  0%)]  Loss: 0.8623 (0.862)  LR: 1.112e-03  Time cost: 00:00/02:05 [40:35/41:44]  Acc_iter 10021       Data time: 0.34(0.34)  Forward time: 0.41(0.41)  Batch time: 0.75(0.75)
2026-04-29 01:41:05,911   INFO  Train:   61/80 ( 76%) [  29/167 ( 17%)]  Loss: 0.7096 (0.913)  LR: 1.095e-03  Time cost: 00:07/00:35 [40:42/14:14]  Acc_iter 10050       Data time: 0.00(0.01)  Forward time: 0.24(0.25)  Batch time: 0.24(0.26)
2026-04-29 01:41:06,063   INFO  
2026-04-29 01:41:18,159   INFO  Train:   61/80 ( 76%) [  79/167 ( 47%)]  Loss: 0.8948 (0.911)  LR: 1.067e-03  Time cost: 00:19/00:21 [40:54/13:34]  Acc_iter 10100       Data time: 0.00(0.01)  Forward time: 0.22(0.24)  Batch time: 0.22(0.25)
2026-04-29 01:41:30,197   INFO  Train:   61/80 ( 76%) [ 129/167 ( 77%)]  Loss: 1.048 (0.912)  LR: 1.039e-03  Time cost: 00:32/00:09 [41:06/13:11]  Acc_iter 10150       Data time: 0.00(0.00)  Forward time: 0.26(0.24)  Batch time: 0.26(0.25)
2026-04-29 01:41:39,013   INFO  Train:   61/80 ( 76%) [ 166/167 ( 99%)]  Loss: 1.153 (0.917)  LR: 1.018e-03  Time cost: 00:40/00:00 [41:15/12:56]  Acc_iter 10187       Data time: 0.00(0.00)  Forward time: 0.18(0.24)  Batch time: 0.18(0.24)
2026-04-29 01:41:40,283   INFO  Train:   62/80 ( 78%) [   0/167 (  0%)]  Loss: 1.001 (1.00)  LR: 1.018e-03  Time cost: 00:00/02:20 [41:16/44:23]  Acc_iter 10188       Data time: 0.47(0.47)  Forward time: 0.37(0.37)  Batch time: 0.84(0.84)
2026-04-29 01:41:43,240   INFO  Train:   62/80 ( 78%) [  12/167 (  7%)]  Loss: 0.9727 (0.921)  LR: 1.011e-03  Time cost: 00:03/00:45 [41:19/15:23]  Acc_iter 10200       Data time: 0.00(0.04)  Forward time: 0.25(0.25)  Batch time: 0.26(0.29)
2026-04-29 01:41:43,398   INFO  
2026-04-29 01:41:55,721   INFO  Train:   62/80 ( 78%) [  62/167 ( 37%)]  Loss: 0.7426 (0.919)  LR: 9.835e-04  Time cost: 00:16/00:27 [41:32/13:23]  Acc_iter 10250       Data time: 0.00(0.01)  Forward time: 0.23(0.25)  Batch time: 0.23(0.26)
2026-04-29 01:42:07,922   INFO  Train:   62/80 ( 78%) [ 112/167 ( 67%)]  Loss: 0.9838 (0.905)  LR: 9.560e-04  Time cost: 00:28/00:13 [41:44/12:51]  Acc_iter 10300       Data time: 0.00(0.01)  Forward time: 0.23(0.25)  Batch time: 0.23(0.25)
2026-04-29 01:42:19,961   INFO  Train:   62/80 ( 78%) [ 162/167 ( 97%)]  Loss: 0.8488 (0.903)  LR: 9.287e-04  Time cost: 00:40/00:01 [41:56/12:28]  Acc_iter 10350       Data time: 0.00(0.00)  Forward time: 0.23(0.24)  Batch time: 0.24(0.25)
2026-04-29 01:42:20,107   INFO  
2026-04-29 01:42:20,972   INFO  Train:   62/80 ( 78%) [ 166/167 ( 99%)]  Loss: 0.5919 (0.900)  LR: 9.265e-04  Time cost: 00:41/00:00 [41:57/12:27]  Acc_iter 10354       Data time: 0.00(0.01)  Forward time: 0.16(0.24)  Batch time: 0.17(0.25)
2026-04-29 01:42:22,173   INFO  Train:   63/80 ( 79%) [   0/167 (  0%)]  Loss: 0.9471 (0.947)  LR: 9.260e-04  Time cost: 00:00/02:08 [41:58/38:33]  Acc_iter 10355       Data time: 0.44(0.44)  Forward time: 0.33(0.33)  Batch time: 0.77(0.77)
2026-04-29 01:42:33,218   INFO  Train:   63/80 ( 79%) [  45/167 ( 27%)]  Loss: 0.7804 (0.887)  LR: 9.016e-04  Time cost: 00:11/00:31 [42:09/12:40]  Acc_iter 10400       Data time: 0.00(0.01)  Forward time: 0.25(0.25)  Batch time: 0.25(0.26)
2026-04-29 01:42:45,215   INFO  Train:   63/80 ( 79%) [  95/167 ( 57%)]  Loss: 0.8337 (0.877)  LR: 8.748e-04  Time cost: 00:23/00:17 [42:21/12:02]  Acc_iter 10450       Data time: 0.00(0.01)  Forward time: 0.23(0.24)  Batch time: 0.23(0.25)
2026-04-29 01:42:57,300   INFO  Train:   63/80 ( 79%) [ 145/167 ( 87%)]  Loss: 0.6603 (0.876)  LR: 8.482e-04  Time cost: 00:35/00:05 [42:33/11:43]  Acc_iter 10500       Data time: 0.00(0.00)  Forward time: 0.25(0.24)  Batch time: 0.25(0.25)
2026-04-29 01:42:57,447   INFO  
2026-04-29 01:43:02,477   INFO  Train:   63/80 ( 79%) [ 166/167 ( 99%)]  Loss: 0.9325 (0.881)  LR: 8.371e-04  Time cost: 00:41/00:00 [42:38/11:38]  Acc_iter 10521       Data time: 0.00(0.00)  Forward time: 0.17(0.24)  Batch time: 0.17(0.25)
2026-04-29 01:43:03,682   INFO  Train:   64/80 ( 80%) [   0/167 (  0%)]  Loss: 0.6628 (0.663)  LR: 8.366e-04  Time cost: 00:00/02:10 [42:40/36:57]  Acc_iter 10522       Data time: 0.47(0.47)  Forward time: 0.31(0.31)  Batch time: 0.78(0.78)
2026-04-29 01:43:10,531   INFO  Train:   64/80 ( 80%) [  28/167 ( 17%)]  Loss: 0.9281 (0.860)  LR: 8.219e-04  Time cost: 00:07/00:36 [42:46/12:19]  Acc_iter 10550       Data time: 0.00(0.02)  Forward time: 0.24(0.25)  Batch time: 0.24(0.26)
2026-04-29 01:43:22,732   INFO  Train:   64/80 ( 80%) [  78/167 ( 47%)]  Loss: 1.115 (0.855)  LR: 7.958e-04  Time cost: 00:19/00:22 [42:59/11:33]  Acc_iter 10600       Data time: 0.00(0.01)  Forward time: 0.25(0.24)  Batch time: 0.25(0.25)
2026-04-29 01:43:34,861   INFO  Train:   64/80 ( 80%) [ 128/167 ( 77%)]  Loss: 0.7287 (0.871)  LR: 7.700e-04  Time cost: 00:31/00:09 [43:11/11:11]  Acc_iter 10650       Data time: 0.00(0.00)  Forward time: 0.22(0.24)  Batch time: 0.22(0.25)
2026-04-29 01:43:35,013   INFO  
2026-04-29 01:43:43,937   INFO  Train:   64/80 ( 80%) [ 166/167 ( 99%)]  Loss: 0.7571 (0.868)  LR: 7.505e-04  Time cost: 00:41/00:00 [43:20/10:56]  Acc_iter 10688       Data time: 0.00(0.00)  Forward time: 0.17(0.24)  Batch time: 0.17(0.25)
2026-04-29 01:43:45,084   INFO  Train:   65/80 ( 81%) [   0/167 (  0%)]  Loss: 1.023 (1.02)  LR: 7.500e-04  Time cost: 00:00/02:02 [43:21/32:33]  Acc_iter 10689       Data time: 0.39(0.39)  Forward time: 0.34(0.34)  Batch time: 0.73(0.73)
2026-04-29 01:43:47,879   INFO  Train:   65/80 ( 81%) [  11/167 (  7%)]  Loss: 0.7097 (0.940)  LR: 7.444e-04  Time cost: 00:03/00:45 [43:24/13:01]  Acc_iter 10700       Data time: 0.00(0.03)  Forward time: 0.23(0.26)  Batch time: 0.23(0.29)
2026-04-29 01:44:00,036   INFO  Train:   65/80 ( 81%) [  61/167 ( 37%)]  Loss: 0.7297 (0.900)  LR: 7.192e-04  Time cost: 00:15/00:26 [43:36/11:00]  Acc_iter 10750       Data time: 0.00(0.01)  Forward time: 0.23(0.25)  Batch time: 0.23(0.25)
2026-04-29 01:44:12,176   INFO  Train:   65/80 ( 81%) [ 111/167 ( 66%)]  Loss: 0.5492 (0.880)  LR: 6.942e-04  Time cost: 00:27/00:13 [43:48/10:36]  Acc_iter 10800       Data time: 0.00(0.00)  Forward time: 0.26(0.24)  Batch time: 0.26(0.25)
2026-04-29 01:44:12,332   INFO  
2026-04-29 01:44:24,453   INFO  Train:   65/80 ( 81%) [ 161/167 ( 96%)]  Loss: 0.7834 (0.876)  LR: 6.696e-04  Time cost: 00:40/00:01 [44:00/10:21]  Acc_iter 10850       Data time: 0.00(0.00)  Forward time: 0.24(0.24)  Batch time: 0.24(0.25)
2026-04-29 01:44:25,523   INFO  Train:   65/80 ( 81%) [ 166/167 ( 99%)]  Loss: 0.9040 (0.879)  LR: 6.672e-04  Time cost: 00:41/00:00 [44:01/10:17]  Acc_iter 10855       Data time: 0.00(0.00)  Forward time: 0.17(0.24)  Batch time: 0.17(0.25)
2026-04-29 01:44:26,742   INFO  Train:   66/80 ( 82%) [   0/167 (  0%)]  Loss: 1.046 (1.05)  LR: 6.667e-04  Time cost: 00:00/02:13 [44:03/33:18]  Acc_iter 10856       Data time: 0.46(0.46)  Forward time: 0.34(0.34)  Batch time: 0.80(0.80)
2026-04-29 01:44:37,399   INFO  Train:   66/80 ( 82%) [  44/167 ( 26%)]  Loss: 0.9327 (0.838)  LR: 6.453e-04  Time cost: 00:11/00:31 [44:13/10:26]  Acc_iter 10900       Data time: 0.00(0.01)  Forward time: 0.23(0.24)  Batch time: 0.23(0.25)
2026-04-29 01:44:49,723   INFO  Train:   66/80 ( 82%) [  94/167 ( 56%)]  Loss: 0.9474 (0.840)  LR: 6.213e-04  Time cost: 00:23/00:18 [44:26/10:03]  Acc_iter 10950       Data time: 0.00(0.01)  Forward time: 0.25(0.24)  Batch time: 0.25(0.25)
2026-04-29 01:44:49,878   INFO  
2026-04-29 01:45:02,100   INFO  Train:   66/80 ( 82%) [ 144/167 ( 86%)]  Loss: 0.9728 (0.841)  LR: 5.976e-04  Time cost: 00:36/00:05 [44:38/09:48]  Acc_iter 11000       Data time: 0.00(0.01)  Forward time: 0.23(0.24)  Batch time: 0.23(0.25)
2026-04-29 01:45:07,282   INFO  Train:   66/80 ( 82%) [ 166/167 ( 99%)]  Loss: 0.9969 (0.838)  LR: 5.873e-04  Time cost: 00:41/00:00 [44:43/09:38]  Acc_iter 11022       Data time: 0.00(0.00)  Forward time: 0.18(0.24)  Batch time: 0.18(0.25)
2026-04-29 01:45:08,518   INFO  Train:   67/80 ( 84%) [   0/167 (  0%)]  Loss: 1.514 (1.51)  LR: 5.869e-04  Time cost: 00:00/02:13 [44:44/31:06]  Acc_iter 11023       Data time: 0.37(0.37)  Forward time: 0.42(0.42)  Batch time: 0.80(0.80)
2026-04-29 01:45:15,239   INFO  Train:   67/80 ( 84%) [  27/167 ( 16%)]  Loss: 1.212 (0.862)  LR: 5.743e-04  Time cost: 00:07/00:37 [44:51/10:20]  Acc_iter 11050       Data time: 0.00(0.01)  Forward time: 0.26(0.25)  Batch time: 0.26(0.27)
2026-04-29 01:45:27,397   INFO  Train:   67/80 ( 84%) [  77/167 ( 46%)]  Loss: 0.9012 (0.847)  LR: 5.514e-04  Time cost: 00:19/00:22 [45:03/09:30]  Acc_iter 11100       Data time: 0.00(0.01)  Forward time: 0.24(0.25)  Batch time: 0.24(0.25)
2026-04-29 01:45:27,546   INFO  
2026-04-29 01:45:39,683   INFO  Train:   67/80 ( 84%) [ 127/167 ( 76%)]  Loss: 1.019 (0.857)  LR: 5.288e-04  Time cost: 00:31/00:09 [45:16/09:12]  Acc_iter 11150       Data time: 0.00(0.01)  Forward time: 0.23(0.24)  Batch time: 0.23(0.25)
2026-04-29 01:45:49,065   INFO  Train:   67/80 ( 84%) [ 166/167 ( 99%)]  Loss: 1.210 (0.864)  LR: 5.114e-04  Time cost: 00:41/00:00 [45:25/08:57]  Acc_iter 11189       Data time: 0.00(0.00)  Forward time: 0.17(0.24)  Batch time: 0.17(0.25)
2026-04-29 01:45:50,307   INFO  Train:   68/80 ( 85%) [   0/167 (  0%)]  Loss: 1.085 (1.08)  LR: 5.110e-04  Time cost: 00:00/02:11 [45:26/28:29]  Acc_iter 11190       Data time: 0.47(0.47)  Forward time: 0.32(0.32)  Batch time: 0.79(0.79)
2026-04-29 01:45:52,755   INFO  Train:   68/80 ( 85%) [  10/167 (  6%)]  Loss: 0.9155 (0.860)  LR: 5.066e-04  Time cost: 00:03/00:46 [45:29/10:35]  Acc_iter 11200       Data time: 0.00(0.04)  Forward time: 0.24(0.25)  Batch time: 0.24(0.29)
2026-04-29 01:46:04,968   INFO  Train:   68/80 ( 85%) [  60/167 ( 36%)]  Loss: 0.7852 (0.860)  LR: 4.848e-04  Time cost: 00:15/00:27 [45:41/08:54]  Acc_iter 11250       Data time: 0.00(0.01)  Forward time: 0.25(0.24)  Batch time: 0.25(0.25)
2026-04-29 01:46:05,118   INFO  
2026-04-29 01:46:17,063   INFO  Train:   68/80 ( 85%) [ 110/167 ( 66%)]  Loss: 0.6261 (0.832)  LR: 4.633e-04  Time cost: 00:27/00:14 [45:53/08:31]  Acc_iter 11300       Data time: 0.00(0.01)  Forward time: 0.23(0.24)  Batch time: 0.23(0.25)
2026-04-29 01:46:29,107   INFO  Train:   68/80 ( 85%) [ 160/167 ( 96%)]  Loss: 0.7770 (0.813)  LR: 4.423e-04  Time cost: 00:39/00:01 [46:05/08:14]  Acc_iter 11350       Data time: 0.00(0.00)  Forward time: 0.22(0.24)  Batch time: 0.22(0.25)
2026-04-29 01:46:30,444   INFO  Train:   68/80 ( 85%) [ 166/167 ( 99%)]  Loss: 0.9535 (0.814)  LR: 4.398e-04  Time cost: 00:40/00:00 [46:06/08:11]  Acc_iter 11356       Data time: 0.00(0.00)  Forward time: 0.18(0.24)  Batch time: 0.18(0.25)
2026-04-29 01:46:31,644   INFO  Train:   69/80 ( 86%) [   0/167 (  0%)]  Loss: 0.8429 (0.843)  LR: 4.394e-04  Time cost: 00:00/02:08 [46:08/25:43]  Acc_iter 11357       Data time: 0.46(0.46)  Forward time: 0.31(0.31)  Batch time: 0.77(0.77)
2026-04-29 01:46:41,842   INFO  Train:   69/80 ( 86%) [  43/167 ( 26%)]  Loss: 0.6494 (0.843)  LR: 4.216e-04  Time cost: 00:10/00:30 [46:18/08:08]  Acc_iter 11400       Data time: 0.00(0.01)  Forward time: 0.27(0.24)  Batch time: 0.27(0.25)
2026-04-29 01:46:42,000   INFO  
2026-04-29 01:46:54,160   INFO  Train:   69/80 ( 86%) [  93/167 ( 56%)]  Loss: 0.7843 (0.839)  LR: 4.014e-04  Time cost: 00:23/00:18 [46:30/07:53]  Acc_iter 11450       Data time: 0.00(0.01)  Forward time: 0.28(0.24)  Batch time: 0.28(0.25)
2026-04-29 01:47:06,315   INFO  Train:   69/80 ( 86%) [ 143/167 ( 86%)]  Loss: 1.049 (0.834)  LR: 3.816e-04  Time cost: 00:35/00:05 [46:42/07:38]  Acc_iter 11500       Data time: 0.00(0.01)  Forward time: 0.26(0.24)  Batch time: 0.26(0.25)
2026-04-29 01:47:11,734   INFO  Train:   69/80 ( 86%) [ 166/167 ( 99%)]  Loss: 0.6919 (0.841)  LR: 3.727e-04  Time cost: 00:40/00:00 [46:48/07:29]  Acc_iter 11523       Data time: 0.00(0.00)  Forward time: 0.18(0.24)  Batch time: 0.18(0.24)
2026-04-29 01:47:12,907   INFO  Train:   70/80 ( 88%) [   0/167 (  0%)]  Loss: 0.7885 (0.789)  LR: 3.723e-04  Time cost: 00:00/02:05 [46:49/22:56]  Acc_iter 11524       Data time: 0.29(0.29)  Forward time: 0.46(0.46)  Batch time: 0.75(0.75)
2026-04-29 01:47:19,215   INFO  Train:   70/80 ( 88%) [  26/167 ( 16%)]  Loss: 0.6719 (0.821)  LR: 3.622e-04  Time cost: 00:07/00:36 [46:55/07:53]  Acc_iter 11550       Data time: 0.00(0.01)  Forward time: 0.23(0.25)  Batch time: 0.23(0.26)
2026-04-29 01:47:19,372   INFO  
2026-04-29 01:47:31,237   INFO  Train:   70/80 ( 88%) [  76/167 ( 46%)]  Loss: 0.7032 (0.797)  LR: 3.433e-04  Time cost: 00:19/00:22 [47:07/07:16]  Acc_iter 11600       Data time: 0.00(0.01)  Forward time: 0.23(0.24)  Batch time: 0.23(0.25)
2026-04-29 01:47:43,439   INFO  Train:   70/80 ( 88%) [ 126/167 ( 75%)]  Loss: 0.5987 (0.803)  LR: 3.248e-04  Time cost: 00:31/00:10 [47:19/07:01]  Acc_iter 11650       Data time: 0.00(0.00)  Forward time: 0.25(0.24)  Batch time: 0.25(0.25)
2026-04-29 01:47:53,217   INFO  Train:   70/80 ( 88%) [ 166/167 ( 99%)]  Loss: 0.9554 (0.808)  LR: 3.104e-04  Time cost: 00:41/00:00 [47:29/06:50]  Acc_iter 11690       Data time: 0.00(0.00)  Forward time: 0.18(0.24)  Batch time: 0.18(0.25)
2026-04-29 01:47:54,432   INFO  Train:   71/80 ( 89%) [   0/167 (  0%)]  Loss: 0.9218 (0.922)  LR: 3.100e-04  Time cost: 00:00/02:11 [47:30/21:54]  Acc_iter 11691       Data time: 0.45(0.45)  Forward time: 0.34(0.34)  Batch time: 0.79(0.79)
2026-04-29 01:47:56,605   INFO  Train:   71/80 ( 89%) [   9/167 (  5%)]  Loss: 1.140 (0.805)  LR: 3.068e-04  Time cost: 00:02/00:46 [47:33/08:11]  Acc_iter 11700       Data time: 0.00(0.05)  Forward time: 0.25(0.25)  Batch time: 0.25(0.30)
2026-04-29 01:47:56,756   INFO  
2026-04-29 01:48:09,262   INFO  Train:   71/80 ( 89%) [  59/167 ( 35%)]  Loss: 0.8387 (0.776)  LR: 2.892e-04  Time cost: 00:15/00:28 [47:45/06:59]  Acc_iter 11750       Data time: 0.00(0.01)  Forward time: 0.25(0.25)  Batch time: 0.25(0.26)
2026-04-29 01:48:21,732   INFO  Train:   71/80 ( 89%) [ 109/167 ( 65%)]  Loss: 0.8301 (0.798)  LR: 2.721e-04  Time cost: 00:28/00:14 [47:58/06:38]  Acc_iter 11800       Data time: 0.00(0.01)  Forward time: 0.25(0.25)  Batch time: 0.25(0.26)
2026-04-29 01:48:34,116   INFO  Train:   71/80 ( 89%) [ 159/167 ( 95%)]  Loss: 1.008 (0.803)  LR: 2.554e-04  Time cost: 00:40/00:02 [48:10/06:22]  Acc_iter 11850       Data time: 0.00(0.00)  Forward time: 0.24(0.25)  Batch time: 0.24(0.25)
2026-04-29 01:48:34,271   INFO  
2026-04-29 01:48:35,792   INFO  Train:   71/80 ( 89%) [ 166/167 ( 99%)]  Loss: 0.6331 (0.799)  LR: 2.531e-04  Time cost: 00:42/00:00 [48:12/06:19]  Acc_iter 11857       Data time: 0.00(0.01)  Forward time: 0.19(0.25)  Batch time: 0.19(0.25)
2026-04-29 01:48:37,055   INFO  Train:   72/80 ( 90%) [   0/167 (  0%)]  Loss: 0.5872 (0.587)  LR: 2.528e-04  Time cost: 00:00/02:16 [48:13/20:25]  Acc_iter 11858       Data time: 0.46(0.46)  Forward time: 0.35(0.35)  Batch time: 0.82(0.82)
2026-04-29 01:48:47,269   INFO  Train:   72/80 ( 90%) [  42/167 ( 25%)]  Loss: 0.9607 (0.749)  LR: 2.393e-04  Time cost: 00:11/00:32 [48:23/06:14]  Acc_iter 11900       Data time: 0.00(0.01)  Forward time: 0.26(0.24)  Batch time: 0.26(0.26)
2026-04-29 01:48:59,423   INFO  Train:   72/80 ( 90%) [  92/167 ( 55%)]  Loss: 0.6831 (0.774)  LR: 2.236e-04  Time cost: 00:23/00:18 [48:35/05:51]  Acc_iter 11950       Data time: 0.00(0.01)  Forward time: 0.26(0.24)  Batch time: 0.26(0.25)
2026-04-29 01:49:11,552   INFO  Train:   72/80 ( 90%) [ 142/167 ( 85%)]  Loss: 0.7449 (0.786)  LR: 2.084e-04  Time cost: 00:35/00:06 [48:48/05:36]  Acc_iter 12000       Data time: 0.00(0.00)  Forward time: 0.25(0.24)  Batch time: 0.25(0.25)
2026-04-29 01:49:11,699   INFO  
2026-04-29 01:49:17,405   INFO  Train:   72/80 ( 90%) [ 166/167 ( 99%)]  Loss: 0.5617 (0.787)  LR: 2.013e-04  Time cost: 00:41/00:00 [48:53/05:29]  Acc_iter 12024       Data time: 0.00(0.00)  Forward time: 0.17(0.24)  Batch time: 0.18(0.25)
2026-04-29 01:49:18,591   INFO  Train:   73/80 ( 91%) [   0/167 (  0%)]  Loss: 0.7836 (0.784)  LR: 2.010e-04  Time cost: 00:00/02:05 [48:55/16:45]  Acc_iter 12025       Data time: 0.35(0.35)  Forward time: 0.40(0.40)  Batch time: 0.75(0.75)
2026-04-29 01:49:24,758   INFO  Train:   73/80 ( 91%) [  25/167 ( 15%)]  Loss: 1.189 (0.832)  LR: 1.937e-04  Time cost: 00:06/00:37 [49:01/05:48]  Acc_iter 12050       Data time: 0.00(0.01)  Forward time: 0.26(0.25)  Batch time: 0.26(0.27)
2026-04-29 01:49:36,839   INFO  Train:   73/80 ( 91%) [  75/167 ( 45%)]  Loss: 0.8763 (0.781)  LR: 1.795e-04  Time cost: 00:19/00:23 [49:13/05:15]  Acc_iter 12100       Data time: 0.00(0.01)  Forward time: 0.27(0.24)  Batch time: 0.27(0.25)
2026-04-29 01:49:49,013   INFO  Train:   73/80 ( 91%) [ 125/167 ( 75%)]  Loss: 0.8116 (0.783)  LR: 1.658e-04  Time cost: 00:31/00:10 [49:25/04:59]  Acc_iter 12150       Data time: 0.00(0.00)  Forward time: 0.23(0.24)  Batch time: 0.23(0.25)
2026-04-29 01:49:49,160   INFO  
2026-04-29 01:49:58,891   INFO  Train:   73/80 ( 91%) [ 166/167 ( 99%)]  Loss: 0.5698 (0.778)  LR: 1.550e-04  Time cost: 00:41/00:00 [49:35/04:47]  Acc_iter 12191       Data time: 0.00(0.00)  Forward time: 0.14(0.24)  Batch time: 0.14(0.25)
2026-04-29 01:50:00,105   INFO  Train:   74/80 ( 92%) [   0/167 (  0%)]  Loss: 0.7332 (0.733)  LR: 1.547e-04  Time cost: 00:00/02:09 [49:36/15:08]  Acc_iter 12192       Data time: 0.45(0.45)  Forward time: 0.33(0.33)  Batch time: 0.78(0.78)
2026-04-29 01:50:02,059   INFO  Train:   74/80 ( 92%) [   8/167 (  5%)]  Loss: 0.8443 (0.783)  LR: 1.526e-04  Time cost: 00:02/00:48 [49:38/05:52]  Acc_iter 12200       Data time: 0.00(0.05)  Forward time: 0.23(0.25)  Batch time: 0.24(0.30)
2026-04-29 01:50:14,131   INFO  Train:   74/80 ( 92%) [  58/167 ( 35%)]  Loss: 0.8963 (0.753)  LR: 1.400e-04  Time cost: 00:14/00:27 [49:50/04:38]  Acc_iter 12250       Data time: 0.00(0.01)  Forward time: 0.23(0.24)  Batch time: 0.23(0.25)
2026-04-29 01:50:26,269   INFO  Train:   74/80 ( 92%) [ 108/167 ( 65%)]  Loss: 0.6492 (0.776)  LR: 1.279e-04  Time cost: 00:26/00:14 [50:02/04:22]  Acc_iter 12300       Data time: 0.00(0.01)  Forward time: 0.25(0.24)  Batch time: 0.25(0.25)
2026-04-29 01:50:26,422   INFO  
2026-04-29 01:50:38,797   INFO  Train:   74/80 ( 92%) [ 158/167 ( 95%)]  Loss: 0.8660 (0.779)  LR: 1.162e-04  Time cost: 00:39/00:02 [50:15/04:10]  Acc_iter 12350       Data time: 0.00(0.00)  Forward time: 0.23(0.24)  Batch time: 0.23(0.25)
2026-04-29 01:50:40,542   INFO  Train:   74/80 ( 92%) [ 166/167 ( 99%)]  Loss: 0.8157 (0.780)  LR: 1.144e-04  Time cost: 00:41/00:00 [50:17/04:07]  Acc_iter 12358       Data time: 0.00(0.00)  Forward time: 0.17(0.24)  Batch time: 0.17(0.25)
2026-04-29 01:50:41,744   INFO  Train:   75/80 ( 94%) [   0/167 (  0%)]  Loss: 0.7165 (0.716)  LR: 1.142e-04  Time cost: 00:00/02:09 [50:18/12:57]  Acc_iter 12359       Data time: 0.44(0.44)  Forward time: 0.34(0.34)  Batch time: 0.78(0.78)
2026-04-29 01:50:51,790   INFO  Train:   75/80 ( 94%) [  41/167 ( 25%)]  Loss: 0.8773 (0.767)  LR: 1.052e-04  Time cost: 00:10/00:32 [50:28/04:07]  Acc_iter 12400       Data time: 0.00(0.01)  Forward time: 0.25(0.25)  Batch time: 0.25(0.26)
2026-04-29 01:51:03,865   INFO  Train:   75/80 ( 94%) [  91/167 ( 54%)]  Loss: 0.9707 (0.790)  LR: 9.462e-05  Time cost: 00:22/00:18 [50:40/03:46]  Acc_iter 12450       Data time: 0.00(0.01)  Forward time: 0.24(0.24)  Batch time: 0.24(0.25)
2026-04-29 01:51:04,021   INFO  
2026-04-29 01:51:16,067   INFO  Train:   75/80 ( 94%) [ 141/167 ( 84%)]  Loss: 0.6365 (0.779)  LR: 8.462e-05  Time cost: 00:35/00:06 [50:52/03:32]  Acc_iter 12500       Data time: 0.00(0.01)  Forward time: 0.23(0.24)  Batch time: 0.23(0.25)
2026-04-29 01:51:22,104   INFO  Train:   75/80 ( 94%) [ 166/167 ( 99%)]  Loss: 0.9699 (0.773)  LR: 7.982e-05  Time cost: 00:41/00:00 [50:58/03:25]  Acc_iter 12525       Data time: 0.00(0.00)  Forward time: 0.19(0.24)  Batch time: 0.19(0.25)
2026-04-29 01:51:23,258   INFO  Train:   76/80 ( 95%) [   0/167 (  0%)]  Loss: 0.5783 (0.578)  LR: 7.963e-05  Time cost: 00:00/02:01 [50:59/10:05]  Acc_iter 12526       Data time: 0.28(0.28)  Forward time: 0.44(0.44)  Batch time: 0.72(0.72)
2026-04-29 01:51:29,169   INFO  Train:   76/80 ( 95%) [  24/167 ( 14%)]  Loss: 0.7887 (0.749)  LR: 7.516e-05  Time cost: 00:06/00:37 [51:05/03:35]  Acc_iter 12550       Data time: 0.00(0.01)  Forward time: 0.24(0.25)  Batch time: 0.24(0.27)
2026-04-29 01:51:41,242   INFO  Train:   76/80 ( 95%) [  74/167 ( 44%)]  Loss: 0.9330 (0.767)  LR: 6.625e-05  Time cost: 00:18/00:23 [51:17/03:09]  Acc_iter 12600       Data time: 0.00(0.00)  Forward time: 0.24(0.24)  Batch time: 0.24(0.25)
2026-04-29 01:51:41,395   INFO  
2026-04-29 01:51:53,601   INFO  Train:   76/80 ( 95%) [ 124/167 ( 74%)]  Loss: 0.4428 (0.783)  LR: 5.789e-05  Time cost: 00:31/00:10 [51:30/02:56]  Acc_iter 12650       Data time: 0.00(0.00)  Forward time: 0.22(0.24)  Batch time: 0.22(0.25)
2026-04-29 01:52:03,707   INFO  Train:   76/80 ( 95%) [ 166/167 ( 99%)]  Loss: 0.9833 (0.777)  LR: 5.129e-05  Time cost: 00:41/00:00 [51:40/02:44]  Acc_iter 12692       Data time: 0.00(0.00)  Forward time: 0.18(0.24)  Batch time: 0.18(0.25)
2026-04-29 01:52:04,900   INFO  Train:   77/80 ( 96%) [   0/167 (  0%)]  Loss: 0.9247 (0.925)  LR: 5.114e-05  Time cost: 00:00/02:05 [51:41/08:20]  Acc_iter 12693       Data time: 0.33(0.33)  Forward time: 0.42(0.42)  Batch time: 0.75(0.75)
2026-04-29 01:52:06,629   INFO  Train:   77/80 ( 96%) [   7/167 (  4%)]  Loss: 0.8071 (0.772)  LR: 5.008e-05  Time cost: 00:02/00:49 [51:43/03:24]  Acc_iter 12700       Data time: 0.00(0.04)  Forward time: 0.25(0.27)  Batch time: 0.25(0.31)
2026-04-29 01:52:18,831   INFO  Train:   77/80 ( 96%) [  57/167 ( 34%)]  Loss: 0.7722 (0.754)  LR: 4.283e-05  Time cost: 00:14/00:27 [51:55/02:34]  Acc_iter 12750       Data time: 0.00(0.01)  Forward time: 0.26(0.25)  Batch time: 0.26(0.25)
2026-04-29 01:52:18,977   INFO  
2026-04-29 01:52:31,407   INFO  Train:   77/80 ( 96%) [ 107/167 ( 64%)]  Loss: 0.7439 (0.770)  LR: 3.614e-05  Time cost: 00:27/00:15 [52:07/02:21]  Acc_iter 12800       Data time: 0.00(0.01)  Forward time: 0.22(0.25)  Batch time: 0.22(0.25)
2026-04-29 01:52:43,707   INFO  Train:   77/80 ( 96%) [ 157/167 ( 94%)]  Loss: 0.8663 (0.778)  LR: 3.001e-05  Time cost: 00:39/00:02 [52:20/02:07]  Acc_iter 12850       Data time: 0.00(0.00)  Forward time: 0.24(0.25)  Batch time: 0.24(0.25)
2026-04-29 01:52:45,723   INFO  Train:   77/80 ( 96%) [ 166/167 ( 99%)]  Loss: 0.9064 (0.778)  LR: 2.897e-05  Time cost: 00:41/00:00 [52:22/02:04]  Acc_iter 12859       Data time: 0.00(0.00)  Forward time: 0.20(0.25)  Batch time: 0.20(0.25)
2026-04-29 01:52:46,922   INFO  Train:   78/80 ( 98%) [   0/167 (  0%)]  Loss: 0.8329 (0.833)  LR: 2.885e-05  Time cost: 00:00/02:03 [52:23/06:11]  Acc_iter 12860       Data time: 0.38(0.38)  Forward time: 0.37(0.37)  Batch time: 0.74(0.74)
2026-04-29 01:52:56,612   INFO  Train:   78/80 ( 98%) [  40/167 ( 24%)]  Loss: 0.5681 (0.753)  LR: 2.445e-05  Time cost: 00:10/00:32 [52:33/01:57]  Acc_iter 12900       Data time: 0.00(0.01)  Forward time: 0.25(0.24)  Batch time: 0.25(0.25)
2026-04-29 01:52:56,762   INFO  
2026-04-29 01:53:09,071   INFO  Train:   78/80 ( 98%) [  90/167 ( 54%)]  Loss: 0.8345 (0.763)  LR: 1.945e-05  Time cost: 00:22/00:19 [52:45/01:43]  Acc_iter 12950       Data time: 0.00(0.01)  Forward time: 0.24(0.24)  Batch time: 0.24(0.25)
2026-04-29 01:53:21,122   INFO  Train:   78/80 ( 98%) [ 140/167 ( 84%)]  Loss: 0.5674 (0.782)  LR: 1.502e-05  Time cost: 00:34/00:06 [52:57/01:29]  Acc_iter 13000       Data time: 0.00(0.00)  Forward time: 0.22(0.24)  Batch time: 0.22(0.25)
2026-04-29 01:53:27,295   INFO  Train:   78/80 ( 98%) [ 166/167 ( 99%)]  Loss: 0.8690 (0.781)  LR: 1.294e-05  Time cost: 00:41/00:00 [53:03/01:22]  Acc_iter 13026       Data time: 0.00(0.00)  Forward time: 0.17(0.24)  Batch time: 0.18(0.25)
2026-04-29 01:53:28,523   INFO  Train:   79/80 ( 99%) [   0/167 (  0%)]  Loss: 0.7356 (0.736)  LR: 1.286e-05  Time cost: 00:00/02:13 [53:04/04:27]  Acc_iter 13027       Data time: 0.46(0.46)  Forward time: 0.34(0.34)  Batch time: 0.80(0.80)
2026-04-29 01:53:34,168   INFO  Train:   79/80 ( 99%) [  23/167 ( 14%)]  Loss: 0.7941 (0.790)  LR: 1.116e-05  Time cost: 00:06/00:38 [53:10/01:23]  Acc_iter 13050       Data time: 0.00(0.02)  Forward time: 0.26(0.25)  Batch time: 0.26(0.27)
2026-04-29 01:53:34,323   INFO  
2026-04-29 01:53:46,694   INFO  Train:   79/80 ( 99%) [  73/167 ( 44%)]  Loss: 0.5935 (0.778)  LR: 7.870e-06  Time cost: 00:18/00:24 [53:23/01:06]  Acc_iter 13100       Data time: 0.00(0.01)  Forward time: 0.23(0.25)  Batch time: 0.23(0.26)
2026-04-29 01:53:58,784   INFO  Train:   79/80 ( 99%) [ 123/167 ( 74%)]  Loss: 0.9416 (0.758)  LR: 5.156e-06  Time cost: 00:31/00:11 [53:35/00:52]  Acc_iter 13150       Data time: 0.00(0.01)  Forward time: 0.26(0.24)  Batch time: 0.26(0.25)
2026-04-29 01:54:09,187   INFO  Train:   79/80 ( 99%) [ 166/167 ( 99%)]  Loss: 0.4979 (0.759)  LR: 3.280e-06  Time cost: 00:41/00:00 [53:45/00:41]  Acc_iter 13193       Data time: 0.00(0.00)  Forward time: 0.17(0.24)  Batch time: 0.17(0.25)
2026-04-29 01:54:10,362   INFO  Train:   80/80 (100%) [   0/167 (  0%)]  Loss: 0.5435 (0.544)  LR: 3.242e-06  Time cost: 00:00/02:05 [53:46/02:05]  Acc_iter 13194       Data time: 0.39(0.39)  Forward time: 0.36(0.36)  Batch time: 0.75(0.75)
2026-04-29 01:54:11,866   INFO  Train:   80/80 (100%) [   6/167 (  4%)]  Loss: 0.6536 (0.699)  LR: 3.015e-06  Time cost: 00:02/00:51 [53:48/00:51]  Acc_iter 13200       Data time: 0.00(0.06)  Forward time: 0.24(0.27)  Batch time: 0.24(0.32)
2026-04-29 01:54:12,019   INFO  
2026-04-29 01:54:24,252   INFO  Train:   80/80 (100%) [  56/167 ( 34%)]  Loss: 0.8437 (0.754)  LR: 1.449e-06  Time cost: 00:14/00:28 [54:00/00:28]  Acc_iter 13250       Data time: 0.00(0.01)  Forward time: 0.26(0.25)  Batch time: 0.26(0.26)
2026-04-29 01:54:36,365   INFO  Train:   80/80 (100%) [ 106/167 ( 63%)]  Loss: 0.7760 (0.772)  LR: 4.586e-07  Time cost: 00:26/00:15 [54:12/00:15]  Acc_iter 13300       Data time: 0.00(0.01)  Forward time: 0.23(0.24)  Batch time: 0.23(0.25)
2026-04-29 01:54:48,508   INFO  Train:   80/80 (100%) [ 156/167 ( 93%)]  Loss: 0.8716 (0.768)  LR: 4.394e-08  Time cost: 00:38/00:02 [54:24/00:02]  Acc_iter 13350       Data time: 0.00(0.00)  Forward time: 0.25(0.24)  Batch time: 0.25(0.25)
2026-04-29 01:54:48,652   INFO  
2026-04-29 01:54:50,899   INFO  Train:   80/80 (100%) [ 166/167 ( 99%)]  Loss: 0.6313 (0.767)  LR: 3.012e-08  Time cost: 00:41/00:00 [54:27/00:00]  Acc_iter 13360       Data time: 0.00(0.01)  Forward time: 0.16(0.24)  Batch time: 0.16(0.25)
2026-04-29 01:54:51,113   INFO  **********************End training OpenPCDet/tools/cfgs/kitti_models/second_nuscenes_focal(default)**********************



2026-04-29 01:54:51,113   INFO  **********************Start evaluation OpenPCDet/tools/cfgs/kitti_models/second_nuscenes_focal(default)**********************
2026-04-29 01:54:51,113   INFO  Loading NuScenes dataset
2026-04-29 01:54:51,117   INFO  Total samples for NuScenes dataset: 81
2026-04-29 01:54:51,118   INFO  ==> Loading parameters from checkpoint /OpenPCDet/output/OpenPCDet/tools/cfgs/kitti_models/second_nuscenes_focal/default/ckpt/checkpoint_epoch_80.pth to GPU
2026-04-29 01:54:51,155   INFO  ==> Checkpoint trained from version: pcdet+0.6.0+233f849+py94fd2fd
2026-04-29 01:54:51,159   INFO  ==> Done (loaded 184/184)
2026-04-29 01:54:51,161   INFO  *************** EPOCH 80 EVALUATION *****************
2026-04-29 01:54:53,879   INFO  *************** Performance of EPOCH 80 *****************
2026-04-29 01:54:53,879   INFO  Generate label finished(sec_per_example: 0.0336 second).
2026-04-29 01:54:53,879   INFO  recall_roi_0.3: 0.000000
2026-04-29 01:54:53,879   INFO  recall_rcnn_0.3: 0.293796
2026-04-29 01:54:53,879   INFO  recall_roi_0.5: 0.000000
2026-04-29 01:54:53,879   INFO  recall_rcnn_0.5: 0.184002
2026-04-29 01:54:53,879   INFO  recall_roi_0.7: 0.000000
2026-04-29 01:54:53,880   INFO  recall_rcnn_0.7: 0.054440
2026-04-29 01:54:53,880   INFO  Average predicted number of objects(81 samples): 32.963
2026-04-29 01:54:54,898   INFO  The predictions of NuScenes have been saved to /OpenPCDet/output/OpenPCDet/tools/cfgs/kitti_models/second_nuscenes_focal/default/eval/eval_with_train/epoch_80/val/final_result/data/results_nusc.json
2026-04-29 01:54:56,148   INFO  ----------------Nuscene detection_cvpr_2019 results-----------------
***car error@trans, scale, orient, vel, attr | AP@0.5, 1.0, 2.0, 4.0
0.43, 0.19, 0.95, 0.27, 0.04 | 10.70, 20.43, 30.66, 34.43 | mean AP: 0.24054986148889634
***pedestrian error@trans, scale, orient, vel, attr | AP@0.5, 1.0, 2.0, 4.0
0.20, 0.30, 1.67, 1.11, 0.93 | 18.61, 19.98, 20.80, 22.55 | mean AP: 0.20486151185226095
***bicycle error@trans, scale, orient, vel, attr | AP@0.5, 1.0, 2.0, 4.0
1.00, 1.00, 1.00, 1.00, 1.00 | 0.00, 0.00, 0.00, 0.00 | mean AP: 0.0
--------------average performance-------------
trans_err:	 0.8634
scale_err:	 0.8489
orient_err:	 1.0695
vel_err:	 0.9229
attr_err:	 0.8709
mAP:	 0.0445
NDS:	 0.0717

2026-04-29 01:54:56,148   INFO  Result is saved to /OpenPCDet/output/OpenPCDet/tools/cfgs/kitti_models/second_nuscenes_focal/default/eval/eval_with_train/epoch_80/val
2026-04-29 01:54:56,148   INFO  ****************Evaluation done.*****************
2026-04-29 01:54:56,150   INFO  Epoch 80 has been evaluated
2026-04-29 01:55:26,180   INFO  **********************End evaluation OpenPCDet/tools/cfgs/kitti_models/second_nuscenes_focal(default)**********************
