2026-05-04 21:39:48,127   INFO  **********************Start logging**********************
2026-05-04 21:39:48,128   INFO  CUDA_VISIBLE_DEVICES=ALL
2026-05-04 21:39:48,128   INFO  Training with a single process
2026-05-04 21:39:48,128   INFO  cfg_file         /OpenPCDet/tools/cfgs/kitti_models/second_nuscenes_focal.yaml
2026-05-04 21:39:48,128   INFO  batch_size       4
2026-05-04 21:39:48,128   INFO  epochs           80
2026-05-04 21:39:48,128   INFO  workers          4
2026-05-04 21:39:48,128   INFO  extra_tag        default
2026-05-04 21:39:48,128   INFO  ckpt             None
2026-05-04 21:39:48,128   INFO  pretrained_model None
2026-05-04 21:39:48,128   INFO  launcher         none
2026-05-04 21:39:48,128   INFO  tcp_port         18888
2026-05-04 21:39:48,128   INFO  sync_bn          False
2026-05-04 21:39:48,128   INFO  fix_random_seed  False
2026-05-04 21:39:48,128   INFO  ckpt_save_interval 1
2026-05-04 21:39:48,128   INFO  local_rank       None
2026-05-04 21:39:48,128   INFO  max_ckpt_save_num 30
2026-05-04 21:39:48,128   INFO  merge_all_iters_to_one_epoch False
2026-05-04 21:39:48,128   INFO  set_cfgs         None
2026-05-04 21:39:48,128   INFO  max_waiting_mins 0
2026-05-04 21:39:48,128   INFO  start_epoch      0
2026-05-04 21:39:48,128   INFO  num_epochs_to_eval 0
2026-05-04 21:39:48,128   INFO  save_to_file     False
2026-05-04 21:39:48,128   INFO  use_tqdm_to_record False
2026-05-04 21:39:48,128   INFO  logger_iter_interval 50
2026-05-04 21:39:48,128   INFO  ckpt_save_time_interval 300
2026-05-04 21:39:48,129   INFO  wo_gpu_stat      False
2026-05-04 21:39:48,129   INFO  use_amp          False
2026-05-04 21:39:48,129   INFO  cfg.ROOT_DIR: /OpenPCDet
2026-05-04 21:39:48,129   INFO  cfg.LOCAL_RANK: 0
2026-05-04 21:39:48,129   INFO  cfg.CLASS_NAMES: ['car', 'pedestrian', 'bicycle']
2026-05-04 21:39:48,129   INFO  ----------- DATA_CONFIG -----------
2026-05-04 21:39:48,129   INFO  cfg.DATA_CONFIG.DATASET: NuScenesDataset
2026-05-04 21:39:48,129   INFO  cfg.DATA_CONFIG.DATA_PATH: /OpenPCDet/datasets/nuscenes
2026-05-04 21:39:48,129   INFO  cfg.DATA_CONFIG.VERSION: v1.0-mini
2026-05-04 21:39:48,129   INFO  cfg.DATA_CONFIG.MAX_SWEEPS: 1
2026-05-04 21:39:48,129   INFO  cfg.DATA_CONFIG.PRED_VELOCITY: False
2026-05-04 21:39:48,129   INFO  cfg.DATA_CONFIG.SET_NAN_VELOCITY_TO_ZEROS: True
2026-05-04 21:39:48,129   INFO  cfg.DATA_CONFIG.FILTER_MIN_POINTS_IN_GT: 1
2026-05-04 21:39:48,129   INFO  ----------- MAP_CLASS_TO_KITTI -----------
2026-05-04 21:39:48,129   INFO  cfg.DATA_CONFIG.MAP_CLASS_TO_KITTI.car: Car
2026-05-04 21:39:48,129   INFO  cfg.DATA_CONFIG.MAP_CLASS_TO_KITTI.pedestrian: Pedestrian
2026-05-04 21:39:48,129   INFO  cfg.DATA_CONFIG.MAP_CLASS_TO_KITTI.bicycle: Cyclist
2026-05-04 21:39:48,129   INFO  ----------- DATA_SPLIT -----------
2026-05-04 21:39:48,129   INFO  cfg.DATA_CONFIG.DATA_SPLIT.train: train
2026-05-04 21:39:48,129   INFO  cfg.DATA_CONFIG.DATA_SPLIT.test: test
2026-05-04 21:39:48,129   INFO  ----------- INFO_PATH -----------
2026-05-04 21:39:48,129   INFO  cfg.DATA_CONFIG.INFO_PATH.train: ['nuscenes_infos_10sweeps_train.pkl']
2026-05-04 21:39:48,129   INFO  cfg.DATA_CONFIG.INFO_PATH.test: ['nuscenes_infos_10sweeps_val.pkl']
2026-05-04 21:39:48,129   INFO  cfg.DATA_CONFIG.POINT_CLOUD_RANGE: [0, -51.2, -5.0, 51.2, 51.2, 3.0]
2026-05-04 21:39:48,129   INFO  cfg.DATA_CONFIG.BALANCED_RESAMPLING: True
2026-05-04 21:39:48,129   INFO  ----------- DATA_AUGMENTOR -----------
2026-05-04 21:39:48,129   INFO  cfg.DATA_CONFIG.DATA_AUGMENTOR.DISABLE_AUG_LIST: ['placeholder']
2026-05-04 21:39:48,129   INFO  cfg.DATA_CONFIG.DATA_AUGMENTOR.AUG_CONFIG_LIST: [{'NAME': 'gt_sampling', 'DB_INFO_PATH': ['nuscenes_dbinfos_10sweeps_withvelo.pkl'], 'PREPARE': {'filter_by_min_points': ['car:5', 'truck:5', 'construction_vehicle:5', 'bus:5', 'trailer:5', 'barrier:5', 'motorcycle:5', 'bicycle:5', 'pedestrian:5', 'traffic_cone:5']}, 'SAMPLE_GROUPS': ['car:2', 'truck:3', 'construction_vehicle:7', 'bus:4', 'trailer:6', 'barrier:2', 'motorcycle:6', 'bicycle:6', 'pedestrian:2', 'traffic_cone:2'], 'NUM_POINT_FEATURES': 5, 'DATABASE_WITH_FAKELIDAR': False, 'REMOVE_EXTRA_WIDTH': [0.0, 0.0, 0.0], 'LIMIT_WHOLE_SCENE': True}, {'NAME': 'random_world_flip', 'ALONG_AXIS_LIST': ['x', 'y']}, {'NAME': 'random_world_rotation', 'WORLD_ROT_ANGLE': [-0.3925, 0.3925]}, {'NAME': 'random_world_scaling', 'WORLD_SCALE_RANGE': [0.95, 1.05]}]
2026-05-04 21:39:48,129   INFO  ----------- POINT_FEATURE_ENCODING -----------
2026-05-04 21:39:48,129   INFO  cfg.DATA_CONFIG.POINT_FEATURE_ENCODING.encoding_type: absolute_coordinates_encoding
2026-05-04 21:39:48,129   INFO  cfg.DATA_CONFIG.POINT_FEATURE_ENCODING.used_feature_list: ['x', 'y', 'z', 'intensity']
2026-05-04 21:39:48,129   INFO  cfg.DATA_CONFIG.POINT_FEATURE_ENCODING.src_feature_list: ['x', 'y', 'z', 'intensity', 'timestamp']
2026-05-04 21:39:48,129   INFO  cfg.DATA_CONFIG.DATA_PROCESSOR: [{'NAME': 'mask_points_and_boxes_outside_range', 'REMOVE_OUTSIDE_BOXES': True}, {'NAME': 'shuffle_points', 'SHUFFLE_ENABLED': {'train': True, 'test': True}}, {'NAME': 'transform_points_to_voxels', 'VOXEL_SIZE': [0.1, 0.1, 0.2], 'MAX_POINTS_PER_VOXEL': 45, 'MAX_NUMBER_OF_VOXELS': {'train': 60000, 'test': 60000}}]
2026-05-04 21:39:48,130   INFO  cfg.DATA_CONFIG._BASE_CONFIG_: cfgs/dataset_configs/nuscenes_dataset.yaml
2026-05-04 21:39:48,130   INFO  cfg.DATA_CONFIG.SKIPH: True
2026-05-04 21:39:48,130   INFO  ----------- MODEL -----------
2026-05-04 21:39:48,130   INFO  cfg.MODEL.NAME: SECONDNet
2026-05-04 21:39:48,130   INFO  ----------- VFE -----------
2026-05-04 21:39:48,130   INFO  cfg.MODEL.VFE.NAME: MeanVFE
2026-05-04 21:39:48,130   INFO  ----------- BACKBONE_3D -----------
2026-05-04 21:39:48,130   INFO  cfg.MODEL.BACKBONE_3D.NAME: VoxelBackBone8xFocal
2026-05-04 21:39:48,130   INFO  cfg.MODEL.BACKBONE_3D.MASK_MULTI: True
2026-05-04 21:39:48,130   INFO  cfg.MODEL.BACKBONE_3D.ENLARGE_VOXEL_CHANNELS: 64
2026-05-04 21:39:48,130   INFO  ----------- MAP_TO_BEV -----------
2026-05-04 21:39:48,130   INFO  cfg.MODEL.MAP_TO_BEV.NAME: HeightCompression
2026-05-04 21:39:48,130   INFO  cfg.MODEL.MAP_TO_BEV.NUM_BEV_FEATURES: 256
2026-05-04 21:39:48,130   INFO  ----------- BACKBONE_2D -----------
2026-05-04 21:39:48,130   INFO  cfg.MODEL.BACKBONE_2D.NAME: BaseBEVBackbone
2026-05-04 21:39:48,130   INFO  cfg.MODEL.BACKBONE_2D.LAYER_NUMS: [5, 5]
2026-05-04 21:39:48,130   INFO  cfg.MODEL.BACKBONE_2D.LAYER_STRIDES: [1, 2]
2026-05-04 21:39:48,130   INFO  cfg.MODEL.BACKBONE_2D.NUM_FILTERS: [128, 256]
2026-05-04 21:39:48,130   INFO  cfg.MODEL.BACKBONE_2D.UPSAMPLE_STRIDES: [1, 2]
2026-05-04 21:39:48,130   INFO  cfg.MODEL.BACKBONE_2D.NUM_UPSAMPLE_FILTERS: [256, 256]
2026-05-04 21:39:48,130   INFO  ----------- DENSE_HEAD -----------
2026-05-04 21:39:48,130   INFO  cfg.MODEL.DENSE_HEAD.NAME: AnchorHeadSingle
2026-05-04 21:39:48,130   INFO  cfg.MODEL.DENSE_HEAD.CLASS_AGNOSTIC: False
2026-05-04 21:39:48,130   INFO  cfg.MODEL.DENSE_HEAD.USE_DIRECTION_CLASSIFIER: True
2026-05-04 21:39:48,130   INFO  cfg.MODEL.DENSE_HEAD.DIR_OFFSET: 0.78539
2026-05-04 21:39:48,130   INFO  cfg.MODEL.DENSE_HEAD.DIR_LIMIT_OFFSET: 0.0
2026-05-04 21:39:48,130   INFO  cfg.MODEL.DENSE_HEAD.NUM_DIR_BINS: 2
2026-05-04 21:39:48,130   INFO  cfg.MODEL.DENSE_HEAD.ANCHOR_GENERATOR_CONFIG: [{'class_name': 'car', 'anchor_sizes': [[3.9, 1.6, 1.56]], 'anchor_rotations': [0, 1.57], 'anchor_bottom_heights': [-1.78], 'align_center': False, 'feature_map_stride': 8, 'matched_threshold': 0.6, 'unmatched_threshold': 0.45}, {'class_name': 'pedestrian', 'anchor_sizes': [[0.8, 0.6, 1.73]], 'anchor_rotations': [0, 1.57], 'anchor_bottom_heights': [-0.6], 'align_center': False, 'feature_map_stride': 8, 'matched_threshold': 0.5, 'unmatched_threshold': 0.35}, {'class_name': 'bicycle', 'anchor_sizes': [[1.76, 0.6, 1.73]], 'anchor_rotations': [0, 1.57], 'anchor_bottom_heights': [-0.6], 'align_center': False, 'feature_map_stride': 8, 'matched_threshold': 0.5, 'unmatched_threshold': 0.35}]
2026-05-04 21:39:48,130   INFO  ----------- TARGET_ASSIGNER_CONFIG -----------
2026-05-04 21:39:48,130   INFO  cfg.MODEL.DENSE_HEAD.TARGET_ASSIGNER_CONFIG.NAME: AxisAlignedTargetAssigner
2026-05-04 21:39:48,130   INFO  cfg.MODEL.DENSE_HEAD.TARGET_ASSIGNER_CONFIG.POS_FRACTION: -1.0
2026-05-04 21:39:48,130   INFO  cfg.MODEL.DENSE_HEAD.TARGET_ASSIGNER_CONFIG.SAMPLE_SIZE: 512
2026-05-04 21:39:48,130   INFO  cfg.MODEL.DENSE_HEAD.TARGET_ASSIGNER_CONFIG.NORM_BY_NUM_EXAMPLES: False
2026-05-04 21:39:48,131   INFO  cfg.MODEL.DENSE_HEAD.TARGET_ASSIGNER_CONFIG.MATCH_HEIGHT: False
2026-05-04 21:39:48,131   INFO  cfg.MODEL.DENSE_HEAD.TARGET_ASSIGNER_CONFIG.BOX_CODER: ResidualCoder
2026-05-04 21:39:48,131   INFO  ----------- LOSS_CONFIG -----------
2026-05-04 21:39:48,131   INFO  ----------- LOSS_WEIGHTS -----------
2026-05-04 21:39:48,131   INFO  cfg.MODEL.DENSE_HEAD.LOSS_CONFIG.LOSS_WEIGHTS.cls_weight: 1.0
2026-05-04 21:39:48,131   INFO  cfg.MODEL.DENSE_HEAD.LOSS_CONFIG.LOSS_WEIGHTS.loc_weight: 2.0
2026-05-04 21:39:48,131   INFO  cfg.MODEL.DENSE_HEAD.LOSS_CONFIG.LOSS_WEIGHTS.dir_weight: 0.2
2026-05-04 21:39:48,131   INFO  cfg.MODEL.DENSE_HEAD.LOSS_CONFIG.LOSS_WEIGHTS.code_weights: [1.0, 1.0, 1.0, 1.0, 1.0, 1.0, 1.0]
2026-05-04 21:39:48,131   INFO  ----------- POST_PROCESSING -----------
2026-05-04 21:39:48,131   INFO  cfg.MODEL.POST_PROCESSING.RECALL_THRESH_LIST: [0.3, 0.5, 0.7]
2026-05-04 21:39:48,131   INFO  cfg.MODEL.POST_PROCESSING.SCORE_THRESH: 0.1
2026-05-04 21:39:48,131   INFO  cfg.MODEL.POST_PROCESSING.OUTPUT_RAW_SCORE: False
2026-05-04 21:39:48,131   INFO  cfg.MODEL.POST_PROCESSING.EVAL_METRIC: nuscenes
2026-05-04 21:39:48,131   INFO  ----------- NMS_CONFIG -----------
2026-05-04 21:39:48,131   INFO  cfg.MODEL.POST_PROCESSING.NMS_CONFIG.MULTI_CLASSES_NMS: False
2026-05-04 21:39:48,131   INFO  cfg.MODEL.POST_PROCESSING.NMS_CONFIG.NMS_TYPE: nms_gpu
2026-05-04 21:39:48,131   INFO  cfg.MODEL.POST_PROCESSING.NMS_CONFIG.NMS_THRESH: 0.01
2026-05-04 21:39:48,131   INFO  cfg.MODEL.POST_PROCESSING.NMS_CONFIG.NMS_PRE_MAXSIZE: 4096
2026-05-04 21:39:48,131   INFO  cfg.MODEL.POST_PROCESSING.NMS_CONFIG.NMS_POST_MAXSIZE: 500
2026-05-04 21:39:48,131   INFO  ----------- OPTIMIZATION -----------
2026-05-04 21:39:48,131   INFO  cfg.OPTIMIZATION.BATCH_SIZE_PER_GPU: 4
2026-05-04 21:39:48,131   INFO  cfg.OPTIMIZATION.NUM_EPOCHS: 80
2026-05-04 21:39:48,131   INFO  cfg.OPTIMIZATION.OPTIMIZER: adam_onecycle
2026-05-04 21:39:48,131   INFO  cfg.OPTIMIZATION.LR: 0.003
2026-05-04 21:39:48,131   INFO  cfg.OPTIMIZATION.WEIGHT_DECAY: 0.01
2026-05-04 21:39:48,131   INFO  cfg.OPTIMIZATION.MOMENTUM: 0.9
2026-05-04 21:39:48,131   INFO  cfg.OPTIMIZATION.MOMS: [0.95, 0.85]
2026-05-04 21:39:48,131   INFO  cfg.OPTIMIZATION.PCT_START: 0.4
2026-05-04 21:39:48,131   INFO  cfg.OPTIMIZATION.DIV_FACTOR: 10
2026-05-04 21:39:48,131   INFO  cfg.OPTIMIZATION.DECAY_STEP_LIST: [35, 45]
2026-05-04 21:39:48,131   INFO  cfg.OPTIMIZATION.LR_DECAY: 0.1
2026-05-04 21:39:48,131   INFO  cfg.OPTIMIZATION.LR_CLIP: 1e-07
2026-05-04 21:39:48,131   INFO  cfg.OPTIMIZATION.LR_WARMUP: False
2026-05-04 21:39:48,131   INFO  cfg.OPTIMIZATION.WARMUP_EPOCH: 1
2026-05-04 21:39:48,132   INFO  cfg.OPTIMIZATION.GRAD_NORM_CLIP: 10
2026-05-04 21:39:48,132   INFO  cfg.TAG: second_nuscenes_focal
2026-05-04 21:39:48,132   INFO  cfg.EXP_GROUP_PATH: OpenPCDet/tools/cfgs/kitti_models
2026-05-04 21:39:48,135   INFO  ----------- Create dataloader & network & optimizer -----------
2026-05-04 21:39:48,166   INFO  Database filter by min points car: 4082 => 3303
2026-05-04 21:39:48,166   INFO  Database filter by min points bicycle: 147 => 136
2026-05-04 21:39:48,166   INFO  Database filter by min points pedestrian: 3068 => 2799
2026-05-04 21:39:48,168   INFO  Loading NuScenes dataset
2026-05-04 21:39:48,182   INFO  Total samples for NuScenes dataset: 323
2026-05-04 21:39:48,185   INFO  Total samples after balanced resampling: 667
2026-05-04 21:39:49,510   INFO  ----------- Model SECONDNet created, param count: 5804840 -----------
2026-05-04 21:39:49,510   INFO  SECONDNet(
  (vfe): MeanVFE()
  (backbone_3d): VoxelBackBone8xFocal(
    (conv_input): SparseSequential(
      (0): SubMConv3d(4, 16, kernel_size=[3, 3, 3], stride=[1, 1, 1], padding=[1, 1, 1], dilation=[1, 1, 1], output_padding=[0, 0, 0], bias=False, algo=ConvAlgo.MaskImplicitGemm)
      (1): BatchNorm1d(16, eps=0.001, momentum=0.01, affine=True, track_running_stats=True)
      (2): ReLU(inplace=True)
    )
    (conv1): SparseSequentialBatchdict(
      (0): SparseSequential(
        (0): SubMConv3d(16, 16, kernel_size=[3, 3, 3], stride=[1, 1, 1], padding=[0, 0, 0], dilation=[1, 1, 1], output_padding=[0, 0, 0], bias=False, algo=ConvAlgo.MaskImplicitGemm)
        (1): BatchNorm1d(16, eps=0.001, momentum=0.01, affine=True, track_running_stats=True)
        (2): ReLU(inplace=True)
      )
      (1): FocalSparseConv(
        (conv): SubMConv3d(16, 16, kernel_size=[3, 3, 3], stride=[1, 1, 1], padding=[0, 0, 0], dilation=[1, 1, 1], output_padding=[0, 0, 0], bias=False, algo=ConvAlgo.MaskImplicitGemm)
        (bn1): BatchNorm1d(16, eps=0.001, momentum=0.01, affine=True, track_running_stats=True)
        (relu): ReLU(inplace=True)
        (focal_loss): FocalLoss()
        (conv_enlarge): SparseSequential(
          (0): SubMConv3d(16, 64, kernel_size=[3, 3, 3], stride=[1, 1, 1], padding=[1, 1, 1], dilation=[1, 1, 1], output_padding=[0, 0, 0], bias=False, algo=ConvAlgo.MaskImplicitGemm)
          (1): BatchNorm1d(64, eps=0.001, momentum=0.01, affine=True, track_running_stats=True)
          (2): ReLU(inplace=True)
        )
        (conv_imp): SubMConv3d(64, 27, kernel_size=[3, 3, 3], stride=[1, 1, 1], padding=[1, 1, 1], dilation=[1, 1, 1], output_padding=[0, 0, 0], bias=False, algo=ConvAlgo.MaskImplicitGemm)
      )
    )
    (conv2): SparseSequentialBatchdict(
      (0): SparseSequential(
        (0): SparseConv3d(16, 32, kernel_size=[3, 3, 3], stride=[2, 2, 2], padding=[1, 1, 1], dilation=[1, 1, 1], output_padding=[0, 0, 0], bias=False, algo=ConvAlgo.MaskImplicitGemm)
        (1): BatchNorm1d(32, eps=0.001, momentum=0.01, affine=True, track_running_stats=True)
        (2): ReLU(inplace=True)
      )
      (1): SparseSequential(
        (0): SubMConv3d(32, 32, kernel_size=[3, 3, 3], stride=[1, 1, 1], padding=[0, 0, 0], dilation=[1, 1, 1], output_padding=[0, 0, 0], bias=False, algo=ConvAlgo.MaskImplicitGemm)
        (1): BatchNorm1d(32, eps=0.001, momentum=0.01, affine=True, track_running_stats=True)
        (2): ReLU(inplace=True)
      )
      (2): SparseSequential(
        (0): SubMConv3d(32, 32, kernel_size=[3, 3, 3], stride=[1, 1, 1], padding=[0, 0, 0], dilation=[1, 1, 1], output_padding=[0, 0, 0], bias=False, algo=ConvAlgo.MaskImplicitGemm)
        (1): BatchNorm1d(32, eps=0.001, momentum=0.01, affine=True, track_running_stats=True)
        (2): ReLU(inplace=True)
      )
      (3): FocalSparseConv(
        (conv): SubMConv3d(32, 32, kernel_size=[3, 3, 3], stride=[1, 1, 1], padding=[0, 0, 0], dilation=[1, 1, 1], output_padding=[0, 0, 0], bias=False, algo=ConvAlgo.MaskImplicitGemm)
        (bn1): BatchNorm1d(32, eps=0.001, momentum=0.01, affine=True, track_running_stats=True)
        (relu): ReLU(inplace=True)
        (focal_loss): FocalLoss()
        (conv_enlarge): SparseSequential(
          (0): SubMConv3d(32, 64, kernel_size=[3, 3, 3], stride=[1, 1, 1], padding=[1, 1, 1], dilation=[1, 1, 1], output_padding=[0, 0, 0], bias=False, algo=ConvAlgo.MaskImplicitGemm)
          (1): BatchNorm1d(64, eps=0.001, momentum=0.01, affine=True, track_running_stats=True)
          (2): ReLU(inplace=True)
        )
        (conv_imp): SubMConv3d(64, 27, kernel_size=[3, 3, 3], stride=[1, 1, 1], padding=[1, 1, 1], dilation=[1, 1, 1], output_padding=[0, 0, 0], bias=False, algo=ConvAlgo.MaskImplicitGemm)
      )
    )
    (conv3): SparseSequentialBatchdict(
      (0): SparseSequential(
        (0): SparseConv3d(32, 64, kernel_size=[3, 3, 3], stride=[2, 2, 2], padding=[1, 1, 1], dilation=[1, 1, 1], output_padding=[0, 0, 0], bias=False, algo=ConvAlgo.MaskImplicitGemm)
        (1): BatchNorm1d(64, eps=0.001, momentum=0.01, affine=True, track_running_stats=True)
        (2): ReLU(inplace=True)
      )
      (1): SparseSequential(
        (0): SubMConv3d(64, 64, kernel_size=[3, 3, 3], stride=[1, 1, 1], padding=[0, 0, 0], dilation=[1, 1, 1], output_padding=[0, 0, 0], bias=False, algo=ConvAlgo.MaskImplicitGemm)
        (1): BatchNorm1d(64, eps=0.001, momentum=0.01, affine=True, track_running_stats=True)
        (2): ReLU(inplace=True)
      )
      (2): SparseSequential(
        (0): SubMConv3d(64, 64, kernel_size=[3, 3, 3], stride=[1, 1, 1], padding=[0, 0, 0], dilation=[1, 1, 1], output_padding=[0, 0, 0], bias=False, algo=ConvAlgo.MaskImplicitGemm)
        (1): BatchNorm1d(64, eps=0.001, momentum=0.01, affine=True, track_running_stats=True)
        (2): ReLU(inplace=True)
      )
      (3): FocalSparseConv(
        (conv): SubMConv3d(64, 64, kernel_size=[3, 3, 3], stride=[1, 1, 1], padding=[0, 0, 0], dilation=[1, 1, 1], output_padding=[0, 0, 0], bias=False, algo=ConvAlgo.MaskImplicitGemm)
        (bn1): BatchNorm1d(64, eps=0.001, momentum=0.01, affine=True, track_running_stats=True)
        (relu): ReLU(inplace=True)
        (focal_loss): FocalLoss()
        (conv_enlarge): SparseSequential(
          (0): SubMConv3d(64, 64, kernel_size=[3, 3, 3], stride=[1, 1, 1], padding=[1, 1, 1], dilation=[1, 1, 1], output_padding=[0, 0, 0], bias=False, algo=ConvAlgo.MaskImplicitGemm)
          (1): BatchNorm1d(64, eps=0.001, momentum=0.01, affine=True, track_running_stats=True)
          (2): ReLU(inplace=True)
        )
        (conv_imp): SubMConv3d(64, 27, kernel_size=[3, 3, 3], stride=[1, 1, 1], padding=[1, 1, 1], dilation=[1, 1, 1], output_padding=[0, 0, 0], bias=False, algo=ConvAlgo.MaskImplicitGemm)
      )
    )
    (conv4): SparseSequentialBatchdict(
      (0): SparseSequential(
        (0): SparseConv3d(64, 64, kernel_size=[3, 3, 3], stride=[2, 2, 2], padding=[0, 1, 1], dilation=[1, 1, 1], output_padding=[0, 0, 0], bias=False, algo=ConvAlgo.MaskImplicitGemm)
        (1): BatchNorm1d(64, eps=0.001, momentum=0.01, affine=True, track_running_stats=True)
        (2): ReLU(inplace=True)
      )
      (1): SparseSequential(
        (0): SubMConv3d(64, 64, kernel_size=[3, 3, 3], stride=[1, 1, 1], padding=[0, 0, 0], dilation=[1, 1, 1], output_padding=[0, 0, 0], bias=False, algo=ConvAlgo.MaskImplicitGemm)
        (1): BatchNorm1d(64, eps=0.001, momentum=0.01, affine=True, track_running_stats=True)
        (2): ReLU(inplace=True)
      )
      (2): SparseSequential(
        (0): SubMConv3d(64, 64, kernel_size=[3, 3, 3], stride=[1, 1, 1], padding=[0, 0, 0], dilation=[1, 1, 1], output_padding=[0, 0, 0], bias=False, algo=ConvAlgo.MaskImplicitGemm)
        (1): BatchNorm1d(64, eps=0.001, momentum=0.01, affine=True, track_running_stats=True)
        (2): ReLU(inplace=True)
      )
    )
    (conv_out): SparseSequential(
      (0): SparseConv3d(64, 128, kernel_size=[3, 1, 1], stride=[2, 1, 1], padding=[0, 0, 0], dilation=[1, 1, 1], output_padding=[0, 0, 0], bias=False, algo=ConvAlgo.MaskImplicitGemm)
      (1): BatchNorm1d(128, eps=0.001, momentum=0.01, affine=True, track_running_stats=True)
      (2): ReLU(inplace=True)
    )
  )
  (map_to_bev_module): HeightCompression()
  (pfe): None
  (backbone_2d): BaseBEVBackbone(
    (blocks): ModuleList(
      (0): Sequential(
        (0): ZeroPad2d((1, 1, 1, 1))
        (1): Conv2d(256, 128, kernel_size=(3, 3), stride=(1, 1), bias=False)
        (2): BatchNorm2d(128, eps=0.001, momentum=0.01, affine=True, track_running_stats=True)
        (3): ReLU()
        (4): Conv2d(128, 128, kernel_size=(3, 3), stride=(1, 1), padding=(1, 1), bias=False)
        (5): BatchNorm2d(128, eps=0.001, momentum=0.01, affine=True, track_running_stats=True)
        (6): ReLU()
        (7): Conv2d(128, 128, kernel_size=(3, 3), stride=(1, 1), padding=(1, 1), bias=False)
        (8): BatchNorm2d(128, eps=0.001, momentum=0.01, affine=True, track_running_stats=True)
        (9): ReLU()
        (10): Conv2d(128, 128, kernel_size=(3, 3), stride=(1, 1), padding=(1, 1), bias=False)
        (11): BatchNorm2d(128, eps=0.001, momentum=0.01, affine=True, track_running_stats=True)
        (12): ReLU()
        (13): Conv2d(128, 128, kernel_size=(3, 3), stride=(1, 1), padding=(1, 1), bias=False)
        (14): BatchNorm2d(128, eps=0.001, momentum=0.01, affine=True, track_running_stats=True)
        (15): ReLU()
        (16): Conv2d(128, 128, kernel_size=(3, 3), stride=(1, 1), padding=(1, 1), bias=False)
        (17): BatchNorm2d(128, eps=0.001, momentum=0.01, affine=True, track_running_stats=True)
        (18): ReLU()
      )
      (1): Sequential(
        (0): ZeroPad2d((1, 1, 1, 1))
        (1): Conv2d(128, 256, kernel_size=(3, 3), stride=(2, 2), bias=False)
        (2): BatchNorm2d(256, eps=0.001, momentum=0.01, affine=True, track_running_stats=True)
        (3): ReLU()
        (4): Conv2d(256, 256, kernel_size=(3, 3), stride=(1, 1), padding=(1, 1), bias=False)
        (5): BatchNorm2d(256, eps=0.001, momentum=0.01, affine=True, track_running_stats=True)
        (6): ReLU()
        (7): Conv2d(256, 256, kernel_size=(3, 3), stride=(1, 1), padding=(1, 1), bias=False)
        (8): BatchNorm2d(256, eps=0.001, momentum=0.01, affine=True, track_running_stats=True)
        (9): ReLU()
        (10): Conv2d(256, 256, kernel_size=(3, 3), stride=(1, 1), padding=(1, 1), bias=False)
        (11): BatchNorm2d(256, eps=0.001, momentum=0.01, affine=True, track_running_stats=True)
        (12): ReLU()
        (13): Conv2d(256, 256, kernel_size=(3, 3), stride=(1, 1), padding=(1, 1), bias=False)
        (14): BatchNorm2d(256, eps=0.001, momentum=0.01, affine=True, track_running_stats=True)
        (15): ReLU()
        (16): Conv2d(256, 256, kernel_size=(3, 3), stride=(1, 1), padding=(1, 1), bias=False)
        (17): BatchNorm2d(256, eps=0.001, momentum=0.01, affine=True, track_running_stats=True)
        (18): ReLU()
      )
    )
    (deblocks): ModuleList(
      (0): Sequential(
        (0): ConvTranspose2d(128, 256, kernel_size=(1, 1), stride=(1, 1), bias=False)
        (1): BatchNorm2d(256, eps=0.001, momentum=0.01, affine=True, track_running_stats=True)
        (2): ReLU()
      )
      (1): Sequential(
        (0): ConvTranspose2d(256, 256, kernel_size=(2, 2), stride=(2, 2), bias=False)
        (1): BatchNorm2d(256, eps=0.001, momentum=0.01, affine=True, track_running_stats=True)
        (2): ReLU()
      )
    )
  )
  (dense_head): AnchorHeadSingle(
    (cls_loss_func): SigmoidFocalClassificationLoss()
    (reg_loss_func): WeightedSmoothL1Loss()
    (dir_loss_func): WeightedCrossEntropyLoss()
    (conv_cls): Conv2d(512, 18, kernel_size=(1, 1), stride=(1, 1))
    (conv_box): Conv2d(512, 42, kernel_size=(1, 1), stride=(1, 1))
    (conv_dir_cls): Conv2d(512, 12, kernel_size=(1, 1), stride=(1, 1))
  )
  (point_head): None
  (roi_head): None
)
2026-05-04 21:39:49,511   INFO  **********************Start training OpenPCDet/tools/cfgs/kitti_models/second_nuscenes_focal(default)**********************
2026-05-04 21:40:07,379   INFO  Train:    1/80 (  1%) [   0/167 (  0%)]  Loss: 5.474 (5.47)  LR: 3.000e-04  Time cost: 00:17/49:00 [00:17/65:20:30]  Acc_iter 1           Data time: 0.78(0.78)  Forward time: 16.83(16.83)  Batch time: 17.61(17.61)
2026-05-04 21:40:19,759   INFO  Train:    1/80 (  1%) [  49/167 ( 29%)]  Loss: 3.199 (3.48)  LR: 3.006e-04  Time cost: 00:29/01:10 [00:30/2:13:03]  Acc_iter 50          Data time: 0.00(0.02)  Forward time: 0.25(0.58)  Batch time: 0.25(0.60)
2026-05-04 21:40:32,401   INFO  Train:    1/80 (  1%) [  99/167 ( 59%)]  Loss: 2.677 (3.18)  LR: 3.023e-04  Time cost: 00:42/00:28 [00:42/1:34:13]  Acc_iter 100         Data time: 0.00(0.01)  Forward time: 0.27(0.42)  Batch time: 0.27(0.43)
2026-05-04 21:40:45,157   INFO  Train:    1/80 (  1%) [ 149/167 ( 89%)]  Loss: 2.750 (3.03)  LR: 3.052e-04  Time cost: 00:55/00:06 [00:55/1:21:17]  Acc_iter 150         Data time: 0.00(0.01)  Forward time: 0.26(0.36)  Batch time: 0.26(0.37)
2026-05-04 21:40:45,248   INFO  
2026-05-04 21:40:49,332   INFO  Train:    1/80 (  1%) [ 166/167 ( 99%)]  Loss: 2.687 (2.99)  LR: 3.064e-04  Time cost: 00:59/00:00 [00:59/1:18:25]  Acc_iter 167         Data time: 0.00(0.01)  Forward time: 0.17(0.35)  Batch time: 0.17(0.36)
2026-05-04 21:40:50,383   INFO  Train:    2/80 (  2%) [   0/167 (  0%)]  Loss: 2.814 (2.81)  LR: 3.065e-04  Time cost: 00:00/02:14 [01:00/2:57:24]  Acc_iter 168         Data time: 0.44(0.44)  Forward time: 0.36(0.36)  Batch time: 0.81(0.81)
2026-05-04 21:40:58,353   INFO  Train:    2/80 (  2%) [  32/167 ( 19%)]  Loss: 2.469 (2.69)  LR: 3.092e-04  Time cost: 00:08/00:35 [01:08/58:20]  Acc_iter 200         Data time: 0.00(0.01)  Forward time: 0.26(0.25)  Batch time: 0.26(0.27)
2026-05-04 21:41:10,836   INFO  Train:    2/80 (  2%) [  82/167 ( 49%)]  Loss: 2.469 (2.63)  LR: 3.144e-04  Time cost: 00:21/00:21 [01:21/55:58]  Acc_iter 250         Data time: 0.00(0.01)  Forward time: 0.24(0.25)  Batch time: 0.24(0.26)
2026-05-04 21:41:23,259   INFO  Train:    2/80 (  2%) [ 132/167 ( 79%)]  Loss: 2.322 (2.56)  LR: 3.208e-04  Time cost: 00:33/00:08 [01:33/55:07]  Acc_iter 300         Data time: 0.00(0.00)  Forward time: 0.25(0.25)  Batch time: 0.25(0.25)
2026-05-04 21:41:23,347   INFO  
2026-05-04 21:41:31,603   INFO  Train:    2/80 (  2%) [ 166/167 ( 99%)]  Loss: 2.432 (2.51)  LR: 3.258e-04  Time cost: 00:42/00:00 [01:42/54:38]  Acc_iter 334         Data time: 0.00(0.00)  Forward time: 0.17(0.25)  Batch time: 0.18(0.25)
2026-05-04 21:41:32,697   INFO  Train:    3/80 (  4%) [   0/167 (  0%)]  Loss: 2.698 (2.70)  LR: 3.259e-04  Time cost: 00:00/02:16 [01:43/2:57:58]  Acc_iter 335         Data time: 0.47(0.47)  Forward time: 0.35(0.35)  Batch time: 0.82(0.82)
2026-05-04 21:41:36,451   INFO  Train:    3/80 (  4%) [  15/167 (  9%)]  Loss: 2.271 (2.35)  LR: 3.283e-04  Time cost: 00:04/00:43 [01:46/1:01:59]  Acc_iter 350         Data time: 0.00(0.03)  Forward time: 0.24(0.26)  Batch time: 0.24(0.29)
2026-05-04 21:41:48,947   INFO  Train:    3/80 (  4%) [  65/167 ( 39%)]  Loss: 1.958 (2.35)  LR: 3.370e-04  Time cost: 00:17/00:26 [01:59/55:52]  Acc_iter 400         Data time: 0.00(0.01)  Forward time: 0.24(0.25)  Batch time: 0.24(0.26)
2026-05-04 21:42:01,706   INFO  Train:    3/80 (  4%) [ 115/167 ( 69%)]  Loss: 2.229 (2.30)  LR: 3.468e-04  Time cost: 00:29/00:13 [02:12/55:19]  Acc_iter 450         Data time: 0.00(0.00)  Forward time: 0.27(0.25)  Batch time: 0.27(0.26)
2026-05-04 21:42:01,792   INFO  
2026-05-04 21:42:14,166   INFO  Train:    3/80 (  4%) [ 165/167 ( 99%)]  Loss: 2.170 (2.28)  LR: 3.577e-04  Time cost: 00:42/00:00 [02:24/54:36]  Acc_iter 500         Data time: 0.00(0.00)  Forward time: 0.24(0.25)  Batch time: 0.24(0.25)
2026-05-04 21:42:14,358   INFO  Train:    3/80 (  4%) [ 166/167 ( 99%)]  Loss: 2.276 (2.28)  LR: 3.579e-04  Time cost: 00:42/00:00 [02:24/54:31]  Acc_iter 501         Data time: 0.00(0.00)  Forward time: 0.19(0.25)  Batch time: 0.19(0.25)
2026-05-04 21:42:15,380   INFO  Train:    4/80 (  5%) [   0/167 (  0%)]  Loss: 2.758 (2.76)  LR: 3.581e-04  Time cost: 00:00/02:05 [02:25/2:41:28]  Acc_iter 502         Data time: 0.28(0.28)  Forward time: 0.47(0.47)  Batch time: 0.75(0.75)
2026-05-04 21:42:27,382   INFO  Train:    4/80 (  5%) [  48/167 ( 29%)]  Loss: 1.738 (2.17)  LR: 3.697e-04  Time cost: 00:12/00:30 [02:37/55:35]  Acc_iter 550         Data time: 0.00(0.01)  Forward time: 0.22(0.25)  Batch time: 0.22(0.26)
2026-05-04 21:42:39,709   INFO  Train:    4/80 (  5%) [  98/167 ( 59%)]  Loss: 2.155 (2.15)  LR: 3.828e-04  Time cost: 00:25/00:17 [02:50/53:53]  Acc_iter 600         Data time: 0.00(0.00)  Forward time: 0.28(0.25)  Batch time: 0.28(0.25)
2026-05-04 21:42:39,800   INFO  
2026-05-04 21:42:52,402   INFO  Train:    4/80 (  5%) [ 148/167 ( 89%)]  Loss: 1.863 (2.12)  LR: 3.971e-04  Time cost: 00:37/00:04 [03:02/53:42]  Acc_iter 650         Data time: 0.00(0.00)  Forward time: 0.26(0.25)  Batch time: 0.26(0.25)
2026-05-04 21:42:56,828   INFO  Train:    4/80 (  5%) [ 166/167 ( 99%)]  Loss: 2.259 (2.12)  LR: 4.025e-04  Time cost: 00:42/00:00 [03:07/53:27]  Acc_iter 668         Data time: 0.00(0.00)  Forward time: 0.19(0.25)  Batch time: 0.19(0.25)
2026-05-04 21:42:57,908   INFO  Train:    5/80 (  6%) [   0/167 (  0%)]  Loss: 2.157 (2.16)  LR: 4.028e-04  Time cost: 00:00/02:14 [03:08/2:50:55]  Acc_iter 669         Data time: 0.45(0.45)  Forward time: 0.36(0.36)  Batch time: 0.81(0.81)
2026-05-04 21:43:06,006   INFO  Train:    5/80 (  6%) [  31/167 ( 19%)]  Loss: 2.293 (2.09)  LR: 4.124e-04  Time cost: 00:08/00:37 [03:16/58:43]  Acc_iter 700         Data time: 0.00(0.02)  Forward time: 0.25(0.26)  Batch time: 0.25(0.28)
2026-05-04 21:43:18,787   INFO  Train:    5/80 (  6%) [  81/167 ( 49%)]  Loss: 2.075 (2.09)  LR: 4.288e-04  Time cost: 00:21/00:22 [03:29/55:35]  Acc_iter 750         Data time: 0.00(0.01)  Forward time: 0.29(0.26)  Batch time: 0.29(0.26)
2026-05-04 21:43:18,878   INFO  
2026-05-04 21:43:31,878   INFO  Train:    5/80 (  6%) [ 131/167 ( 78%)]  Loss: 1.868 (2.08)  LR: 4.462e-04  Time cost: 00:34/00:09 [03:42/55:09]  Acc_iter 800         Data time: 0.00(0.01)  Forward time: 0.26(0.26)  Batch time: 0.26(0.26)
2026-05-04 21:43:40,839   INFO  Train:    5/80 (  6%) [ 166/167 ( 99%)]  Loss: 1.977 (2.04)  LR: 4.590e-04  Time cost: 00:43/00:00 [03:51/54:40]  Acc_iter 835         Data time: 0.01(0.00)  Forward time: 0.20(0.26)  Batch time: 0.21(0.26)
2026-05-04 21:43:41,904   INFO  Train:    6/80 (  8%) [   0/167 (  0%)]  Loss: 2.128 (2.13)  LR: 4.594e-04  Time cost: 00:00/02:13 [03:52/2:46:40]  Acc_iter 836         Data time: 0.45(0.45)  Forward time: 0.35(0.35)  Batch time: 0.80(0.80)
2026-05-04 21:43:45,554   INFO  Train:    6/80 (  8%) [  14/167 (  8%)]  Loss: 1.980 (1.94)  LR: 4.647e-04  Time cost: 00:04/00:45 [03:56/1:01:50]  Acc_iter 850         Data time: 0.00(0.03)  Forward time: 0.26(0.27)  Batch time: 0.26(0.30)
2026-05-04 21:43:58,742   INFO  Train:    6/80 (  8%) [  64/167 ( 38%)]  Loss: 2.286 (2.03)  LR: 4.842e-04  Time cost: 00:17/00:27 [04:09/56:20]  Acc_iter 900         Data time: 0.00(0.01)  Forward time: 0.30(0.26)  Batch time: 0.30(0.27)
2026-05-04 21:43:58,830   INFO  
2026-05-04 21:44:12,363   INFO  Train:    6/80 (  8%) [ 114/167 ( 68%)]  Loss: 1.972 (2.02)  LR: 5.047e-04  Time cost: 00:31/00:14 [04:22/56:13]  Acc_iter 950         Data time: 0.00(0.01)  Forward time: 0.24(0.27)  Batch time: 0.24(0.27)
2026-05-04 21:44:25,774   INFO  Train:    6/80 (  8%) [ 164/167 ( 98%)]  Loss: 2.078 (2.02)  LR: 5.262e-04  Time cost: 00:44/00:00 [04:36/55:46]  Acc_iter 1000        Data time: 0.00(0.00)  Forward time: 0.26(0.27)  Batch time: 0.27(0.27)
2026-05-04 21:44:26,174   INFO  Train:    6/80 (  8%) [ 166/167 ( 99%)]  Loss: 1.576 (2.02)  LR: 5.271e-04  Time cost: 00:45/00:00 [04:36/55:35]  Acc_iter 1002        Data time: 0.00(0.00)  Forward time: 0.17(0.27)  Batch time: 0.17(0.27)
2026-05-04 21:44:27,306   INFO  Train:    7/80 (  9%) [   0/167 (  0%)]  Loss: 2.000 (2.00)  LR: 5.275e-04  Time cost: 00:00/02:23 [04:37/2:57:20]  Acc_iter 1003        Data time: 0.48(0.48)  Forward time: 0.38(0.38)  Batch time: 0.86(0.86)
2026-05-04 21:44:39,737   INFO  Train:    7/80 (  9%) [  47/167 ( 28%)]  Loss: 2.364 (2.06)  LR: 5.487e-04  Time cost: 00:13/00:33 [04:50/56:49]  Acc_iter 1050        Data time: 0.00(0.01)  Forward time: 0.26(0.27)  Batch time: 0.26(0.28)
2026-05-04 21:44:39,826   INFO  
2026-05-04 21:44:53,043   INFO  Train:    7/80 (  9%) [  97/167 ( 58%)]  Loss: 2.117 (2.04)  LR: 5.721e-04  Time cost: 00:26/00:18 [05:03/55:27]  Acc_iter 1100        Data time: 0.00(0.01)  Forward time: 0.25(0.26)  Batch time: 0.25(0.27)
2026-05-04 21:45:05,963   INFO  Train:    7/80 (  9%) [ 147/167 ( 88%)]  Loss: 1.532 (2.01)  LR: 5.964e-04  Time cost: 00:39/00:05 [05:16/54:20]  Acc_iter 1150        Data time: 0.00(0.00)  Forward time: 0.25(0.26)  Batch time: 0.25(0.27)
2026-05-04 21:45:10,791   INFO  Train:    7/80 (  9%) [ 166/167 ( 99%)]  Loss: 2.644 (1.99)  LR: 6.059e-04  Time cost: 00:44/00:00 [05:21/53:57]  Acc_iter 1169        Data time: 0.00(0.00)  Forward time: 0.21(0.26)  Batch time: 0.21(0.27)
2026-05-04 21:45:11,830   INFO  Train:    8/80 ( 10%) [   0/167 (  0%)]  Loss: 1.711 (1.71)  LR: 6.064e-04  Time cost: 00:00/02:06 [05:22/2:34:26]  Acc_iter 1170        Data time: 0.27(0.27)  Forward time: 0.49(0.49)  Batch time: 0.76(0.76)
2026-05-04 21:45:20,007   INFO  Train:    8/80 ( 10%) [  30/167 ( 18%)]  Loss: 2.038 (1.89)  LR: 6.217e-04  Time cost: 00:08/00:39 [05:30/58:25]  Acc_iter 1200        Data time: 0.00(0.01)  Forward time: 0.29(0.28)  Batch time: 0.29(0.29)
2026-05-04 21:45:20,098   INFO  
2026-05-04 21:45:33,491   INFO  Train:    8/80 ( 10%) [  80/167 ( 48%)]  Loss: 2.173 (1.91)  LR: 6.479e-04  Time cost: 00:22/00:24 [05:43/55:52]  Acc_iter 1250        Data time: 0.00(0.01)  Forward time: 0.27(0.27)  Batch time: 0.27(0.28)
2026-05-04 21:45:47,017   INFO  Train:    8/80 ( 10%) [ 130/167 ( 78%)]  Loss: 1.924 (1.92)  LR: 6.749e-04  Time cost: 00:35/00:10 [05:57/55:09]  Acc_iter 1300        Data time: 0.00(0.00)  Forward time: 0.28(0.27)  Batch time: 0.29(0.27)
2026-05-04 21:45:56,495   INFO  Train:    8/80 ( 10%) [ 166/167 ( 99%)]  Loss: 1.893 (1.93)  LR: 6.948e-04  Time cost: 00:45/00:00 [06:06/54:30]  Acc_iter 1336        Data time: 0.00(0.00)  Forward time: 0.20(0.27)  Batch time: 0.20(0.27)
2026-05-04 21:45:57,545   INFO  Train:    9/80 ( 11%) [   0/167 (  0%)]  Loss: 1.509 (1.51)  LR: 6.954e-04  Time cost: 00:00/02:09 [06:08/2:35:37]  Acc_iter 1337        Data time: 0.28(0.28)  Forward time: 0.50(0.50)  Batch time: 0.78(0.78)
2026-05-04 21:46:01,157   INFO  Train:    9/80 ( 11%) [  13/167 (  8%)]  Loss: 2.108 (1.97)  LR: 7.027e-04  Time cost: 00:04/00:48 [06:11/1:02:44]  Acc_iter 1350        Data time: 0.00(0.02)  Forward time: 0.28(0.29)  Batch time: 0.28(0.31)
2026-05-04 21:46:01,248   INFO  
2026-05-04 21:46:14,819   INFO  Train:    9/80 ( 11%) [  63/167 ( 38%)]  Loss: 1.945 (2.01)  LR: 7.314e-04  Time cost: 00:18/00:29 [06:25/56:13]  Acc_iter 1400        Data time: 0.00(0.01)  Forward time: 0.26(0.28)  Batch time: 0.26(0.28)
2026-05-04 21:46:28,279   INFO  Train:    9/80 ( 11%) [ 113/167 ( 68%)]  Loss: 1.897 (1.96)  LR: 7.609e-04  Time cost: 00:31/00:14 [06:38/54:52]  Acc_iter 1450        Data time: 0.00(0.00)  Forward time: 0.25(0.27)  Batch time: 0.25(0.28)
2026-05-04 21:46:41,677   INFO  Train:    9/80 ( 11%) [ 163/167 ( 98%)]  Loss: 1.545 (1.93)  LR: 7.911e-04  Time cost: 00:44/00:01 [06:52/54:07]  Acc_iter 1500        Data time: 0.00(0.00)  Forward time: 0.23(0.27)  Batch time: 0.23(0.27)
2026-05-04 21:46:41,769   INFO  
2026-05-04 21:46:42,478   INFO  Train:    9/80 ( 11%) [ 166/167 ( 99%)]  Loss: 1.736 (1.93)  LR: 7.930e-04  Time cost: 00:45/00:00 [06:52/54:05]  Acc_iter 1503        Data time: 0.00(0.00)  Forward time: 0.17(0.27)  Batch time: 0.17(0.27)
2026-05-04 21:46:43,562   INFO  Train:   10/80 ( 12%) [   0/167 (  0%)]  Loss: 2.247 (2.25)  LR: 7.936e-04  Time cost: 00:00/02:15 [06:54/2:40:45]  Acc_iter 1504        Data time: 0.47(0.47)  Forward time: 0.35(0.35)  Batch time: 0.81(0.81)
2026-05-04 21:46:55,745   INFO  Train:   10/80 ( 12%) [  46/167 ( 28%)]  Loss: 1.945 (1.88)  LR: 8.221e-04  Time cost: 00:12/00:33 [07:06/54:26]  Acc_iter 1550        Data time: 0.00(0.01)  Forward time: 0.26(0.27)  Batch time: 0.26(0.28)
2026-05-04 21:47:09,031   INFO  Train:   10/80 ( 12%) [  96/167 ( 57%)]  Loss: 1.721 (1.86)  LR: 8.538e-04  Time cost: 00:26/00:19 [07:19/53:06]  Acc_iter 1600        Data time: 0.00(0.01)  Forward time: 0.26(0.27)  Batch time: 0.26(0.27)
2026-05-04 21:47:22,204   INFO  Train:   10/80 ( 12%) [ 146/167 ( 87%)]  Loss: 2.046 (1.87)  LR: 8.862e-04  Time cost: 00:39/00:05 [07:32/52:23]  Acc_iter 1650        Data time: 0.00(0.00)  Forward time: 0.27(0.26)  Batch time: 0.27(0.27)
2026-05-04 21:47:22,294   INFO  
2026-05-04 21:47:27,479   INFO  Train:   10/80 ( 12%) [ 166/167 ( 99%)]  Loss: 2.030 (1.87)  LR: 8.993e-04  Time cost: 00:44/00:00 [07:37/52:11]  Acc_iter 1670        Data time: 0.00(0.00)  Forward time: 0.21(0.26)  Batch time: 0.22(0.27)
2026-05-04 21:47:28,539   INFO  Train:   11/80 ( 14%) [   0/167 (  0%)]  Loss: 1.712 (1.71)  LR: 9.000e-04  Time cost: 00:00/02:12 [07:39/2:34:07]  Acc_iter 1671        Data time: 0.39(0.39)  Forward time: 0.40(0.40)  Batch time: 0.79(0.79)
2026-05-04 21:47:36,319   INFO  Train:   11/80 ( 14%) [  29/167 ( 17%)]  Loss: 2.238 (1.87)  LR: 9.192e-04  Time cost: 00:08/00:39 [07:46/55:31]  Acc_iter 1700        Data time: 0.00(0.01)  Forward time: 0.26(0.27)  Batch time: 0.27(0.29)
2026-05-04 21:47:49,493   INFO  Train:   11/80 ( 14%) [  79/167 ( 47%)]  Loss: 1.651 (1.87)  LR: 9.529e-04  Time cost: 00:21/00:23 [07:59/52:35]  Acc_iter 1750        Data time: 0.00(0.01)  Forward time: 0.26(0.27)  Batch time: 0.26(0.27)
2026-05-04 21:48:02,871   INFO  Train:   11/80 ( 14%) [ 129/167 ( 77%)]  Loss: 1.753 (1.89)  LR: 9.872e-04  Time cost: 00:35/00:10 [08:13/52:03]  Acc_iter 1800        Data time: 0.00(0.00)  Forward time: 0.25(0.27)  Batch time: 0.25(0.27)
2026-05-04 21:48:02,964   INFO  
2026-05-04 21:48:12,613   INFO  Train:   11/80 ( 14%) [ 166/167 ( 99%)]  Loss: 2.127 (1.87)  LR: 1.013e-03  Time cost: 00:44/00:00 [08:23/51:35]  Acc_iter 1837        Data time: 0.00(0.00)  Forward time: 0.18(0.26)  Batch time: 0.18(0.27)
2026-05-04 21:48:13,633   INFO  Train:   12/80 ( 15%) [   0/167 (  0%)]  Loss: 1.688 (1.69)  LR: 1.014e-03  Time cost: 00:00/02:02 [08:24/2:20:42]  Acc_iter 1838        Data time: 0.30(0.30)  Forward time: 0.44(0.44)  Batch time: 0.73(0.73)
2026-05-04 21:48:16,742   INFO  Train:   12/80 ( 15%) [  12/167 (  7%)]  Loss: 2.070 (1.87)  LR: 1.022e-03  Time cost: 00:03/00:45 [08:27/56:41]  Acc_iter 1850        Data time: 0.00(0.02)  Forward time: 0.26(0.27)  Batch time: 0.26(0.30)
2026-05-04 21:48:29,929   INFO  Train:   12/80 ( 15%) [  62/167 ( 37%)]  Loss: 1.847 (1.85)  LR: 1.057e-03  Time cost: 00:17/00:28 [08:40/51:37]  Acc_iter 1900        Data time: 0.00(0.01)  Forward time: 0.29(0.26)  Batch time: 0.29(0.27)
2026-05-04 21:48:43,221   INFO  Train:   12/80 ( 15%) [ 112/167 ( 67%)]  Loss: 2.136 (1.86)  LR: 1.093e-03  Time cost: 00:30/00:14 [08:53/51:01]  Acc_iter 1950        Data time: 0.00(0.00)  Forward time: 0.28(0.26)  Batch time: 0.28(0.27)
2026-05-04 21:48:43,310   INFO  
2026-05-04 21:48:56,384   INFO  Train:   12/80 ( 15%) [ 162/167 ( 97%)]  Loss: 1.754 (1.86)  LR: 1.130e-03  Time cost: 00:43/00:01 [09:06/50:30]  Acc_iter 2000        Data time: 0.00(0.00)  Forward time: 0.24(0.26)  Batch time: 0.24(0.27)
2026-05-04 21:48:57,320   INFO  Train:   12/80 ( 15%) [ 166/167 ( 99%)]  Loss: 1.549 (1.86)  LR: 1.133e-03  Time cost: 00:44/00:00 [09:07/50:20]  Acc_iter 2004        Data time: 0.00(0.00)  Forward time: 0.20(0.26)  Batch time: 0.20(0.27)
2026-05-04 21:48:58,425   INFO  Train:   13/80 ( 16%) [   0/167 (  0%)]  Loss: 1.757 (1.76)  LR: 1.133e-03  Time cost: 00:00/02:18 [09:08/2:36:29]  Acc_iter 2005        Data time: 0.41(0.41)  Forward time: 0.42(0.42)  Batch time: 0.83(0.83)
2026-05-04 21:49:09,838   INFO  Train:   13/80 ( 16%) [  45/167 ( 27%)]  Loss: 1.620 (1.75)  LR: 1.167e-03  Time cost: 00:12/00:32 [09:20/50:09]  Acc_iter 2050        Data time: 0.00(0.01)  Forward time: 0.22(0.26)  Batch time: 0.22(0.27)
2026-05-04 21:49:22,784   INFO  Train:   13/80 ( 16%) [  95/167 ( 57%)]  Loss: 1.849 (1.81)  LR: 1.204e-03  Time cost: 00:25/00:18 [09:33/49:14]  Acc_iter 2100        Data time: 0.00(0.01)  Forward time: 0.22(0.26)  Batch time: 0.23(0.26)
2026-05-04 21:49:22,873   INFO  
2026-05-04 21:49:35,638   INFO  Train:   13/80 ( 16%) [ 145/167 ( 87%)]  Loss: 1.752 (1.79)  LR: 1.241e-03  Time cost: 00:38/00:05 [09:46/48:40]  Acc_iter 2150        Data time: 0.00(0.00)  Forward time: 0.24(0.26)  Batch time: 0.24(0.26)
2026-05-04 21:49:40,820   INFO  Train:   13/80 ( 16%) [ 166/167 ( 99%)]  Loss: 1.611 (1.80)  LR: 1.257e-03  Time cost: 00:43/00:00 [09:51/48:16]  Acc_iter 2171        Data time: 0.00(0.00)  Forward time: 0.17(0.25)  Batch time: 0.17(0.26)
2026-05-04 21:49:41,872   INFO  Train:   14/80 ( 18%) [   0/167 (  0%)]  Loss: 2.017 (2.02)  LR: 1.258e-03  Time cost: 00:00/02:10 [09:52/2:26:06]  Acc_iter 2172        Data time: 0.36(0.36)  Forward time: 0.43(0.43)  Batch time: 0.78(0.78)
2026-05-04 21:49:49,063   INFO  Train:   14/80 ( 18%) [  28/167 ( 17%)]  Loss: 1.668 (1.86)  LR: 1.279e-03  Time cost: 00:07/00:38 [09:59/51:08]  Acc_iter 2200        Data time: 0.00(0.01)  Forward time: 0.26(0.26)  Batch time: 0.26(0.27)
2026-05-04 21:50:02,048   INFO  Train:   14/80 ( 18%) [  78/167 ( 47%)]  Loss: 1.703 (1.79)  LR: 1.318e-03  Time cost: 00:20/00:23 [10:12/49:07]  Acc_iter 2250        Data time: 0.00(0.01)  Forward time: 0.26(0.26)  Batch time: 0.26(0.27)
2026-05-04 21:50:02,138   INFO  
2026-05-04 21:50:15,147   INFO  Train:   14/80 ( 18%) [ 128/167 ( 77%)]  Loss: 1.573 (1.78)  LR: 1.356e-03  Time cost: 00:34/00:10 [10:25/48:40]  Acc_iter 2300        Data time: 0.00(0.00)  Forward time: 0.26(0.26)  Batch time: 0.26(0.26)
2026-05-04 21:50:24,750   INFO  Train:   14/80 ( 18%) [ 166/167 ( 99%)]  Loss: 2.255 (1.79)  LR: 1.386e-03  Time cost: 00:43/00:00 [10:35/48:01]  Acc_iter 2338        Data time: 0.00(0.00)  Forward time: 0.19(0.26)  Batch time: 0.19(0.26)
2026-05-04 21:50:25,813   INFO  Train:   15/80 ( 19%) [   0/167 (  0%)]  Loss: 1.520 (1.52)  LR: 1.387e-03  Time cost: 00:00/02:11 [10:36/2:24:59]  Acc_iter 2339        Data time: 0.41(0.41)  Forward time: 0.38(0.38)  Batch time: 0.79(0.79)
2026-05-04 21:50:28,765   INFO  Train:   15/80 ( 19%) [  11/167 (  7%)]  Loss: 1.781 (1.70)  LR: 1.395e-03  Time cost: 00:03/00:48 [10:39/57:13]  Acc_iter 2350        Data time: 0.00(0.04)  Forward time: 0.29(0.28)  Batch time: 0.29(0.31)
2026-05-04 21:50:41,683   INFO  Train:   15/80 ( 19%) [  61/167 ( 37%)]  Loss: 1.768 (1.81)  LR: 1.434e-03  Time cost: 00:16/00:28 [10:52/49:05]  Acc_iter 2400        Data time: 0.00(0.01)  Forward time: 0.24(0.26)  Batch time: 0.24(0.27)
2026-05-04 21:50:41,775   INFO  
2026-05-04 21:50:54,434   INFO  Train:   15/80 ( 19%) [ 111/167 ( 66%)]  Loss: 1.788 (1.77)  LR: 1.474e-03  Time cost: 00:29/00:14 [11:04/47:45]  Acc_iter 2450        Data time: 0.00(0.01)  Forward time: 0.25(0.26)  Batch time: 0.26(0.26)
2026-05-04 21:51:06,916   INFO  Train:   15/80 ( 19%) [ 161/167 ( 96%)]  Loss: 1.660 (1.78)  LR: 1.513e-03  Time cost: 00:41/00:01 [11:17/46:48]  Acc_iter 2500        Data time: 0.00(0.00)  Forward time: 0.22(0.25)  Batch time: 0.22(0.26)
2026-05-04 21:51:08,126   INFO  Train:   15/80 ( 19%) [ 166/167 ( 99%)]  Loss: 1.861 (1.78)  LR: 1.517e-03  Time cost: 00:43/00:00 [11:18/46:41]  Acc_iter 2505        Data time: 0.00(0.00)  Forward time: 0.19(0.25)  Batch time: 0.20(0.26)
2026-05-04 21:51:09,272   INFO  Train:   16/80 ( 20%) [   0/167 (  0%)]  Loss: 1.987 (1.99)  LR: 1.518e-03  Time cost: 00:00/02:14 [11:19/2:25:35]  Acc_iter 2506        Data time: 0.45(0.45)  Forward time: 0.36(0.36)  Batch time: 0.80(0.80)
2026-05-04 21:51:20,486   INFO  Train:   16/80 ( 20%) [  44/167 ( 26%)]  Loss: 1.892 (1.83)  LR: 1.552e-03  Time cost: 00:12/00:32 [11:30/48:07]  Acc_iter 2550        Data time: 0.00(0.01)  Forward time: 0.25(0.26)  Batch time: 0.25(0.27)
2026-05-04 21:51:20,579   INFO  
2026-05-04 21:51:33,081   INFO  Train:   16/80 ( 20%) [  94/167 ( 56%)]  Loss: 1.937 (1.80)  LR: 1.592e-03  Time cost: 00:24/00:18 [11:43/46:28]  Acc_iter 2600        Data time: 0.00(0.01)  Forward time: 0.24(0.25)  Batch time: 0.24(0.26)
2026-05-04 21:51:45,567   INFO  Train:   16/80 ( 20%) [ 144/167 ( 86%)]  Loss: 2.032 (1.79)  LR: 1.632e-03  Time cost: 00:37/00:05 [11:56/45:40]  Acc_iter 2650        Data time: 0.00(0.00)  Forward time: 0.25(0.25)  Batch time: 0.25(0.26)
2026-05-04 21:51:50,877   INFO  Train:   16/80 ( 20%) [ 166/167 ( 99%)]  Loss: 2.500 (1.79)  LR: 1.649e-03  Time cost: 00:42/00:00 [12:01/45:14]  Acc_iter 2672        Data time: 0.00(0.00)  Forward time: 0.19(0.25)  Batch time: 0.19(0.25)
2026-05-04 21:51:51,952   INFO  Train:   17/80 ( 21%) [   0/167 (  0%)]  Loss: 1.676 (1.68)  LR: 1.650e-03  Time cost: 00:00/02:11 [12:02/2:20:22]  Acc_iter 2673        Data time: 0.44(0.44)  Forward time: 0.35(0.35)  Batch time: 0.79(0.79)
2026-05-04 21:51:58,740   INFO  Train:   17/80 ( 21%) [  27/167 ( 16%)]  Loss: 1.592 (1.77)  LR: 1.671e-03  Time cost: 00:07/00:37 [12:09/48:04]  Acc_iter 2700        Data time: 0.00(0.02)  Forward time: 0.25(0.25)  Batch time: 0.25(0.27)
2026-05-04 21:51:58,835   INFO  
2026-05-04 21:52:11,717   INFO  Train:   17/80 ( 21%) [  77/167 ( 46%)]  Loss: 1.698 (1.73)  LR: 1.711e-03  Time cost: 00:20/00:23 [12:22/46:35]  Acc_iter 2750        Data time: 0.00(0.01)  Forward time: 0.27(0.26)  Batch time: 0.27(0.26)
2026-05-04 21:52:24,467   INFO  Train:   17/80 ( 21%) [ 127/167 ( 76%)]  Loss: 1.579 (1.71)  LR: 1.751e-03  Time cost: 00:33/00:10 [12:34/45:47]  Acc_iter 2800        Data time: 0.00(0.01)  Forward time: 0.28(0.26)  Batch time: 0.28(0.26)
2026-05-04 21:52:34,380   INFO  Train:   17/80 ( 21%) [ 166/167 ( 99%)]  Loss: 1.513 (1.73)  LR: 1.782e-03  Time cost: 00:43/00:00 [12:44/45:22]  Acc_iter 2839        Data time: 0.00(0.00)  Forward time: 0.17(0.25)  Batch time: 0.17(0.26)
2026-05-04 21:52:35,454   INFO  Train:   18/80 ( 22%) [   0/167 (  0%)]  Loss: 1.647 (1.65)  LR: 1.782e-03  Time cost: 00:00/02:10 [12:45/2:16:37]  Acc_iter 2840        Data time: 0.41(0.41)  Forward time: 0.37(0.37)  Batch time: 0.78(0.78)
2026-05-04 21:52:37,884   INFO  Train:   18/80 ( 22%) [  10/167 (  6%)]  Loss: 1.427 (1.60)  LR: 1.790e-03  Time cost: 00:03/00:45 [12:48/51:06]  Acc_iter 2850        Data time: 0.00(0.04)  Forward time: 0.22(0.25)  Batch time: 0.22(0.29)
2026-05-04 21:52:37,979   INFO  
2026-05-04 21:52:50,442   INFO  Train:   18/80 ( 22%) [  60/167 ( 36%)]  Loss: 1.651 (1.67)  LR: 1.830e-03  Time cost: 00:15/00:27 [13:00/45:03]  Acc_iter 2900        Data time: 0.00(0.01)  Forward time: 0.25(0.25)  Batch time: 0.25(0.26)
2026-05-04 21:53:03,190   INFO  Train:   18/80 ( 22%) [ 110/167 ( 66%)]  Loss: 1.812 (1.70)  LR: 1.869e-03  Time cost: 00:28/00:14 [13:13/44:34]  Acc_iter 2950        Data time: 0.00(0.01)  Forward time: 0.26(0.25)  Batch time: 0.26(0.26)
2026-05-04 21:53:15,863   INFO  Train:   18/80 ( 22%) [ 160/167 ( 96%)]  Loss: 1.831 (1.70)  LR: 1.908e-03  Time cost: 00:41/00:01 [13:26/44:10]  Acc_iter 3000        Data time: 0.00(0.00)  Forward time: 0.25(0.25)  Batch time: 0.25(0.26)
2026-05-04 21:53:15,957   INFO  
2026-05-04 21:53:17,251   INFO  Train:   18/80 ( 22%) [ 166/167 ( 99%)]  Loss: 1.361 (1.70)  LR: 1.913e-03  Time cost: 00:42/00:00 [13:27/43:59]  Acc_iter 3006        Data time: 0.00(0.00)  Forward time: 0.17(0.25)  Batch time: 0.17(0.25)
2026-05-04 21:53:18,334   INFO  Train:   19/80 ( 24%) [   0/167 (  0%)]  Loss: 1.996 (2.00)  LR: 1.913e-03  Time cost: 00:00/02:10 [13:28/2:14:28]  Acc_iter 3007        Data time: 0.35(0.35)  Forward time: 0.43(0.43)  Batch time: 0.78(0.78)
2026-05-04 21:53:29,289   INFO  Train:   19/80 ( 24%) [  43/167 ( 26%)]  Loss: 1.904 (1.76)  LR: 1.947e-03  Time cost: 00:11/00:33 [13:39/45:49]  Acc_iter 3050        Data time: 0.00(0.01)  Forward time: 0.27(0.26)  Batch time: 0.27(0.27)
2026-05-04 21:53:42,246   INFO  Train:   19/80 ( 24%) [  93/167 ( 56%)]  Loss: 2.204 (1.72)  LR: 1.985e-03  Time cost: 00:24/00:19 [13:52/44:55]  Acc_iter 3100        Data time: 0.00(0.00)  Forward time: 0.29(0.26)  Batch time: 0.29(0.26)
2026-05-04 21:53:55,057   INFO  Train:   19/80 ( 24%) [ 143/167 ( 86%)]  Loss: 1.258 (1.71)  LR: 2.024e-03  Time cost: 00:37/00:06 [14:05/44:19]  Acc_iter 3150        Data time: 0.00(0.00)  Forward time: 0.24(0.26)  Batch time: 0.24(0.26)
2026-05-04 21:53:55,149   INFO  
2026-05-04 21:54:00,736   INFO  Train:   19/80 ( 24%) [ 166/167 ( 99%)]  Loss: 1.972 (1.71)  LR: 2.041e-03  Time cost: 00:43/00:00 [14:11/43:54]  Acc_iter 3173        Data time: 0.00(0.00)  Forward time: 0.19(0.25)  Batch time: 0.19(0.26)
2026-05-04 21:54:01,829   INFO  Train:   20/80 ( 25%) [   0/167 (  0%)]  Loss: 1.569 (1.57)  LR: 2.042e-03  Time cost: 00:00/02:15 [14:12/2:17:38]  Acc_iter 3174        Data time: 0.46(0.46)  Forward time: 0.36(0.36)  Batch time: 0.81(0.81)
2026-05-04 21:54:08,369   INFO  Train:   20/80 ( 25%) [  26/167 ( 16%)]  Loss: 1.398 (1.64)  LR: 2.062e-03  Time cost: 00:07/00:38 [14:18/46:06]  Acc_iter 3200        Data time: 0.00(0.02)  Forward time: 0.25(0.25)  Batch time: 0.25(0.27)
2026-05-04 21:54:21,094   INFO  Train:   20/80 ( 25%) [  76/167 ( 46%)]  Loss: 1.612 (1.71)  LR: 2.099e-03  Time cost: 00:20/00:23 [14:31/43:56]  Acc_iter 3250        Data time: 0.00(0.01)  Forward time: 0.27(0.25)  Batch time: 0.27(0.26)
2026-05-04 21:54:33,824   INFO  Train:   20/80 ( 25%) [ 126/167 ( 75%)]  Loss: 1.925 (1.67)  LR: 2.136e-03  Time cost: 00:32/00:10 [14:44/43:18]  Acc_iter 3300        Data time: 0.00(0.00)  Forward time: 0.26(0.25)  Batch time: 0.26(0.26)
2026-05-04 21:54:33,916   INFO  
2026-05-04 21:54:43,781   INFO  Train:   20/80 ( 25%) [ 166/167 ( 99%)]  Loss: 1.923 (1.68)  LR: 2.166e-03  Time cost: 00:42/00:00 [14:54/42:46]  Acc_iter 3340        Data time: 0.00(0.00)  Forward time: 0.16(0.25)  Batch time: 0.17(0.26)
2026-05-04 21:54:44,874   INFO  Train:   21/80 ( 26%) [   0/167 (  0%)]  Loss: 1.851 (1.85)  LR: 2.167e-03  Time cost: 00:00/02:14 [14:55/2:14:35]  Acc_iter 3341        Data time: 0.46(0.46)  Forward time: 0.35(0.35)  Batch time: 0.81(0.81)
2026-05-04 21:54:47,135   INFO  Train:   21/80 ( 26%) [   9/167 (  5%)]  Loss: 1.558 (1.64)  LR: 2.173e-03  Time cost: 00:03/00:48 [14:57/51:09]  Acc_iter 3350        Data time: 0.00(0.05)  Forward time: 0.26(0.26)  Batch time: 0.26(0.31)
2026-05-04 21:54:59,943   INFO  Train:   21/80 ( 26%) [  59/167 ( 35%)]  Loss: 1.755 (1.68)  LR: 2.210e-03  Time cost: 00:15/00:28 [15:10/43:55]  Acc_iter 3400        Data time: 0.00(0.01)  Forward time: 0.26(0.26)  Batch time: 0.26(0.26)
2026-05-04 21:55:12,485   INFO  Train:   21/80 ( 26%) [ 109/167 ( 65%)]  Loss: 1.305 (1.68)  LR: 2.245e-03  Time cost: 00:28/00:14 [15:22/42:40]  Acc_iter 3450        Data time: 0.00(0.01)  Forward time: 0.26(0.25)  Batch time: 0.26(0.26)
2026-05-04 21:55:12,577   INFO  
2026-05-04 21:55:25,070   INFO  Train:   21/80 ( 26%) [ 159/167 ( 95%)]  Loss: 2.196 (1.68)  LR: 2.281e-03  Time cost: 00:41/00:02 [15:35/42:06]  Acc_iter 3500        Data time: 0.00(0.00)  Forward time: 0.24(0.25)  Batch time: 0.24(0.26)
2026-05-04 21:55:26,676   INFO  Train:   21/80 ( 26%) [ 166/167 ( 99%)]  Loss: 1.290 (1.68)  LR: 2.286e-03  Time cost: 00:42/00:00 [15:37/41:54]  Acc_iter 3507        Data time: 0.00(0.00)  Forward time: 0.18(0.25)  Batch time: 0.18(0.26)
2026-05-04 21:55:27,789   INFO  Train:   22/80 ( 28%) [   0/167 (  0%)]  Loss: 1.708 (1.71)  LR: 2.286e-03  Time cost: 00:00/02:18 [15:38/2:16:27]  Acc_iter 3508        Data time: 0.47(0.47)  Forward time: 0.36(0.36)  Batch time: 0.83(0.83)
2026-05-04 21:55:38,873   INFO  Train:   22/80 ( 28%) [  42/167 ( 25%)]  Loss: 2.041 (1.71)  LR: 2.316e-03  Time cost: 00:11/00:34 [15:49/45:18]  Acc_iter 3550        Data time: 0.00(0.01)  Forward time: 0.27(0.27)  Batch time: 0.27(0.28)
2026-05-04 21:55:51,860   INFO  Train:   22/80 ( 28%) [  92/167 ( 55%)]  Loss: 2.046 (1.70)  LR: 2.350e-03  Time cost: 00:24/00:20 [16:02/43:33]  Acc_iter 3600        Data time: 0.00(0.01)  Forward time: 0.28(0.26)  Batch time: 0.28(0.27)
2026-05-04 21:55:51,956   INFO  
2026-05-04 21:56:04,845   INFO  Train:   22/80 ( 28%) [ 142/167 ( 85%)]  Loss: 1.434 (1.66)  LR: 2.383e-03  Time cost: 00:37/00:06 [16:15/42:52]  Acc_iter 3650        Data time: 0.00(0.00)  Forward time: 0.28(0.26)  Batch time: 0.28(0.26)
2026-05-04 21:56:10,884   INFO  Train:   22/80 ( 28%) [ 166/167 ( 99%)]  Loss: 1.863 (1.65)  LR: 2.399e-03  Time cost: 00:43/00:00 [16:21/42:27]  Acc_iter 3674        Data time: 0.00(0.00)  Forward time: 0.21(0.26)  Batch time: 0.21(0.26)
2026-05-04 21:56:11,939   INFO  Train:   23/80 ( 29%) [   0/167 (  0%)]  Loss: 1.397 (1.40)  LR: 2.400e-03  Time cost: 00:00/02:08 [16:22/2:03:57]  Acc_iter 3675        Data time: 0.27(0.27)  Forward time: 0.50(0.50)  Batch time: 0.77(0.77)
2026-05-04 21:56:18,518   INFO  Train:   23/80 ( 29%) [  25/167 ( 15%)]  Loss: 1.572 (1.56)  LR: 2.416e-03  Time cost: 00:07/00:40 [16:29/45:29]  Acc_iter 3700        Data time: 0.00(0.01)  Forward time: 0.24(0.27)  Batch time: 0.24(0.28)
2026-05-04 21:56:31,398   INFO  Train:   23/80 ( 29%) [  75/167 ( 45%)]  Loss: 1.403 (1.58)  LR: 2.449e-03  Time cost: 00:20/00:24 [16:41/42:37]  Acc_iter 3750        Data time: 0.00(0.00)  Forward time: 0.25(0.26)  Batch time: 0.25(0.27)
2026-05-04 21:56:31,497   INFO  
2026-05-04 21:56:44,577   INFO  Train:   23/80 ( 29%) [ 125/167 ( 75%)]  Loss: 1.589 (1.61)  LR: 2.480e-03  Time cost: 00:33/00:11 [16:55/42:14]  Acc_iter 3800        Data time: 0.00(0.00)  Forward time: 0.26(0.26)  Batch time: 0.26(0.27)
2026-05-04 21:56:55,196   INFO  Train:   23/80 ( 29%) [ 166/167 ( 99%)]  Loss: 1.370 (1.61)  LR: 2.506e-03  Time cost: 00:44/00:00 [17:05/41:49]  Acc_iter 3841        Data time: 0.00(0.00)  Forward time: 0.18(0.26)  Batch time: 0.18(0.26)
2026-05-04 21:56:56,266   INFO  Train:   24/80 ( 30%) [   0/167 (  0%)]  Loss: 1.532 (1.53)  LR: 2.506e-03  Time cost: 00:00/02:09 [17:06/2:03:18]  Acc_iter 3842        Data time: 0.32(0.32)  Forward time: 0.46(0.46)  Batch time: 0.78(0.78)
2026-05-04 21:56:58,353   INFO  Train:   24/80 ( 30%) [   8/167 (  5%)]  Loss: 1.701 (1.61)  LR: 2.511e-03  Time cost: 00:02/00:50 [17:08/50:26]  Acc_iter 3850        Data time: 0.00(0.04)  Forward time: 0.26(0.28)  Batch time: 0.26(0.32)
2026-05-04 21:57:11,415   INFO  Train:   24/80 ( 30%) [  58/167 ( 35%)]  Loss: 1.725 (1.62)  LR: 2.542e-03  Time cost: 00:15/00:29 [17:21/42:33]  Acc_iter 3900        Data time: 0.00(0.01)  Forward time: 0.29(0.26)  Batch time: 0.29(0.27)
2026-05-04 21:57:11,510   INFO  
2026-05-04 21:57:24,497   INFO  Train:   24/80 ( 30%) [ 108/167 ( 65%)]  Loss: 1.621 (1.59)  LR: 2.571e-03  Time cost: 00:29/00:15 [17:34/41:44]  Acc_iter 3950        Data time: 0.00(0.00)  Forward time: 0.27(0.26)  Batch time: 0.27(0.27)
2026-05-04 21:57:37,601   INFO  Train:   24/80 ( 30%) [ 158/167 ( 95%)]  Loss: 1.652 (1.60)  LR: 2.600e-03  Time cost: 00:42/00:02 [17:48/41:19]  Acc_iter 4000        Data time: 0.00(0.00)  Forward time: 0.27(0.26)  Batch time: 0.27(0.26)
2026-05-04 21:57:39,517   INFO  Train:   24/80 ( 30%) [ 166/167 ( 99%)]  Loss: 1.527 (1.59)  LR: 2.604e-03  Time cost: 00:44/00:00 [17:50/41:05]  Acc_iter 4008        Data time: 0.00(0.00)  Forward time: 0.18(0.26)  Batch time: 0.18(0.26)
2026-05-04 21:57:40,660   INFO  Train:   25/80 ( 31%) [   0/167 (  0%)]  Loss: 1.522 (1.52)  LR: 2.605e-03  Time cost: 00:00/02:21 [17:51/2:11:40]  Acc_iter 4009        Data time: 0.43(0.43)  Forward time: 0.41(0.41)  Batch time: 0.84(0.84)
2026-05-04 21:57:51,100   INFO  Train:   25/80 ( 31%) [  41/167 ( 25%)]  Loss: 1.543 (1.59)  LR: 2.627e-03  Time cost: 00:11/00:33 [18:01/41:41]  Acc_iter 4050        Data time: 0.00(0.01)  Forward time: 0.24(0.26)  Batch time: 0.24(0.27)
2026-05-04 21:57:51,191   INFO  
2026-05-04 21:58:04,261   INFO  Train:   25/80 ( 31%) [  91/167 ( 54%)]  Loss: 1.567 (1.60)  LR: 2.654e-03  Time cost: 00:24/00:20 [18:14/41:00]  Acc_iter 4100        Data time: 0.00(0.01)  Forward time: 0.25(0.26)  Batch time: 0.25(0.27)
2026-05-04 21:58:17,064   INFO  Train:   25/80 ( 31%) [ 141/167 ( 84%)]  Loss: 1.511 (1.59)  LR: 2.680e-03  Time cost: 00:37/00:06 [18:27/40:16]  Acc_iter 4150        Data time: 0.00(0.00)  Forward time: 0.24(0.26)  Batch time: 0.25(0.26)
2026-05-04 21:58:23,401   INFO  Train:   25/80 ( 31%) [ 166/167 ( 99%)]  Loss: 1.645 (1.59)  LR: 2.693e-03  Time cost: 00:43/00:00 [18:33/39:57]  Acc_iter 4175        Data time: 0.00(0.00)  Forward time: 0.18(0.26)  Batch time: 0.18(0.26)
2026-05-04 21:58:24,496   INFO  Train:   26/80 ( 32%) [   0/167 (  0%)]  Loss: 1.556 (1.56)  LR: 2.694e-03  Time cost: 00:00/02:16 [18:34/2:04:57]  Acc_iter 4176        Data time: 0.40(0.40)  Forward time: 0.42(0.42)  Batch time: 0.82(0.82)
2026-05-04 21:58:30,873   INFO  Train:   26/80 ( 32%) [  24/167 ( 14%)]  Loss: 1.606 (1.58)  LR: 2.706e-03  Time cost: 00:07/00:41 [18:41/43:56]  Acc_iter 4200        Data time: 0.00(0.02)  Forward time: 0.23(0.27)  Batch time: 0.23(0.29)
2026-05-04 21:58:30,967   INFO  
2026-05-04 21:58:43,813   INFO  Train:   26/80 ( 32%) [  74/167 ( 44%)]  Loss: 1.432 (1.53)  LR: 2.730e-03  Time cost: 00:20/00:24 [18:54/40:45]  Acc_iter 4250        Data time: 0.00(0.01)  Forward time: 0.26(0.26)  Batch time: 0.26(0.27)
2026-05-04 21:58:56,680   INFO  Train:   26/80 ( 32%) [ 124/167 ( 74%)]  Loss: 1.183 (1.55)  LR: 2.753e-03  Time cost: 00:33/00:11 [19:07/39:52]  Acc_iter 4300        Data time: 0.00(0.00)  Forward time: 0.24(0.26)  Batch time: 0.24(0.26)
2026-05-04 21:59:07,274   INFO  Train:   26/80 ( 32%) [ 166/167 ( 99%)]  Loss: 1.537 (1.54)  LR: 2.772e-03  Time cost: 00:43/00:00 [19:17/39:14]  Acc_iter 4342        Data time: 0.00(0.00)  Forward time: 0.18(0.26)  Batch time: 0.18(0.26)
2026-05-04 21:59:08,367   INFO  Train:   27/80 ( 34%) [   0/167 (  0%)]  Loss: 1.324 (1.32)  LR: 2.772e-03  Time cost: 00:00/02:15 [19:18/2:01:48]  Acc_iter 4343        Data time: 0.46(0.46)  Forward time: 0.35(0.35)  Batch time: 0.81(0.81)
2026-05-04 21:59:10,146   INFO  Train:   27/80 ( 34%) [   7/167 (  4%)]  Loss: 1.669 (1.59)  LR: 2.776e-03  Time cost: 00:02/00:51 [19:20/48:37]  Acc_iter 4350        Data time: 0.00(0.06)  Forward time: 0.26(0.27)  Batch time: 0.26(0.32)
2026-05-04 21:59:10,243   INFO  
2026-05-04 21:59:23,022   INFO  Train:   27/80 ( 34%) [  57/167 ( 34%)]  Loss: 1.630 (1.56)  LR: 2.797e-03  Time cost: 00:15/00:29 [19:33/39:49]  Acc_iter 4400        Data time: 0.00(0.01)  Forward time: 0.27(0.26)  Batch time: 0.27(0.27)
2026-05-04 21:59:35,860   INFO  Train:   27/80 ( 34%) [ 107/167 ( 64%)]  Loss: 1.557 (1.57)  LR: 2.817e-03  Time cost: 00:28/00:15 [19:46/38:55]  Acc_iter 4450        Data time: 0.00(0.01)  Forward time: 0.26(0.26)  Batch time: 0.27(0.26)
2026-05-04 21:59:48,352   INFO  Train:   27/80 ( 34%) [ 157/167 ( 94%)]  Loss: 1.542 (1.55)  LR: 2.837e-03  Time cost: 00:40/00:02 [19:58/38:07]  Acc_iter 4500        Data time: 0.00(0.00)  Forward time: 0.25(0.25)  Batch time: 0.26(0.26)
2026-05-04 21:59:48,445   INFO  
2026-05-04 21:59:50,573   INFO  Train:   27/80 ( 34%) [ 166/167 ( 99%)]  Loss: 1.453 (1.55)  LR: 2.840e-03  Time cost: 00:43/00:00 [20:01/38:00]  Acc_iter 4509        Data time: 0.00(0.00)  Forward time: 0.19(0.25)  Batch time: 0.19(0.26)
2026-05-04 21:59:51,584   INFO  Train:   28/80 ( 35%) [   0/167 (  0%)]  Loss: 1.640 (1.64)  LR: 2.841e-03  Time cost: 00:00/02:01 [20:02/1:47:42]  Acc_iter 4510        Data time: 0.28(0.28)  Forward time: 0.45(0.45)  Batch time: 0.73(0.73)
2026-05-04 22:00:01,723   INFO  Train:   28/80 ( 35%) [  40/167 ( 24%)]  Loss: 1.329 (1.47)  LR: 2.855e-03  Time cost: 00:10/00:33 [20:12/38:55]  Acc_iter 4550        Data time: 0.00(0.01)  Forward time: 0.24(0.26)  Batch time: 0.24(0.27)
2026-05-04 22:00:14,314   INFO  Train:   28/80 ( 35%) [  90/167 ( 54%)]  Loss: 1.439 (1.49)  LR: 2.873e-03  Time cost: 00:23/00:19 [20:24/37:38]  Acc_iter 4600        Data time: 0.00(0.00)  Forward time: 0.24(0.25)  Batch time: 0.24(0.26)
2026-05-04 22:00:27,261   INFO  Train:   28/80 ( 35%) [ 140/167 ( 84%)]  Loss: 1.863 (1.49)  LR: 2.889e-03  Time cost: 00:36/00:06 [20:37/37:29]  Acc_iter 4650        Data time: 0.00(0.00)  Forward time: 0.27(0.26)  Batch time: 0.28(0.26)
2026-05-04 22:00:27,353   INFO  
2026-05-04 22:00:33,878   INFO  Train:   28/80 ( 35%) [ 166/167 ( 99%)]  Loss: 1.220 (1.50)  LR: 2.897e-03  Time cost: 00:43/00:00 [20:44/37:17]  Acc_iter 4676        Data time: 0.00(0.00)  Forward time: 0.17(0.25)  Batch time: 0.17(0.26)
2026-05-04 22:00:35,056   INFO  Train:   29/80 ( 36%) [   0/167 (  0%)]  Loss: 1.098 (1.10)  LR: 2.897e-03  Time cost: 00:00/02:24 [20:45/2:04:52]  Acc_iter 4677        Data time: 0.46(0.46)  Forward time: 0.40(0.40)  Batch time: 0.86(0.86)
2026-05-04 22:00:40,877   INFO  Train:   29/80 ( 36%) [  23/167 ( 14%)]  Loss: 1.358 (1.55)  LR: 2.904e-03  Time cost: 00:06/00:40 [20:51/40:12]  Acc_iter 4700        Data time: 0.00(0.02)  Forward time: 0.24(0.26)  Batch time: 0.24(0.28)
2026-05-04 22:00:53,602   INFO  Train:   29/80 ( 36%) [  73/167 ( 44%)]  Loss: 1.458 (1.52)  LR: 2.918e-03  Time cost: 00:19/00:24 [21:04/37:38]  Acc_iter 4750        Data time: 0.00(0.01)  Forward time: 0.26(0.26)  Batch time: 0.26(0.26)
2026-05-04 22:01:06,330   INFO  Train:   29/80 ( 36%) [ 123/167 ( 74%)]  Loss: 1.830 (1.51)  LR: 2.931e-03  Time cost: 00:32/00:11 [21:16/36:58]  Acc_iter 4800        Data time: 0.00(0.00)  Forward time: 0.26(0.25)  Batch time: 0.26(0.26)
2026-05-04 22:01:06,426   INFO  
2026-05-04 22:01:17,468   INFO  Train:   29/80 ( 36%) [ 166/167 ( 99%)]  Loss: 1.106 (1.52)  LR: 2.942e-03  Time cost: 00:43/00:00 [21:27/36:47]  Acc_iter 4843        Data time: 0.00(0.00)  Forward time: 0.17(0.25)  Batch time: 0.17(0.26)
2026-05-04 22:01:18,547   INFO  Train:   30/80 ( 38%) [   0/167 (  0%)]  Loss: 1.411 (1.41)  LR: 2.942e-03  Time cost: 00:00/02:12 [21:29/1:52:28]  Acc_iter 4844        Data time: 0.35(0.35)  Forward time: 0.44(0.44)  Batch time: 0.79(0.79)
2026-05-04 22:01:20,103   INFO  Train:   30/80 ( 38%) [   6/167 (  4%)]  Loss: 1.419 (1.47)  LR: 2.943e-03  Time cost: 00:02/00:54 [21:30/47:34]  Acc_iter 4850        Data time: 0.00(0.05)  Forward time: 0.26(0.29)  Batch time: 0.26(0.34)
2026-05-04 22:01:32,902   INFO  Train:   30/80 ( 38%) [  56/167 ( 34%)]  Loss: 1.639 (1.46)  LR: 2.954e-03  Time cost: 00:15/00:29 [21:43/37:28]  Acc_iter 4900        Data time: 0.00(0.01)  Forward time: 0.31(0.26)  Batch time: 0.31(0.27)
2026-05-04 22:01:45,919   INFO  Train:   30/80 ( 38%) [ 106/167 ( 63%)]  Loss: 1.625 (1.45)  LR: 2.964e-03  Time cost: 00:28/00:16 [21:56/36:53]  Acc_iter 4950        Data time: 0.00(0.00)  Forward time: 0.26(0.26)  Batch time: 0.26(0.26)
2026-05-04 22:01:46,016   INFO  
2026-05-04 22:01:59,103   INFO  Train:   30/80 ( 38%) [ 156/167 ( 93%)]  Loss: 1.307 (1.45)  LR: 2.972e-03  Time cost: 00:41/00:02 [22:09/36:41]  Acc_iter 5000        Data time: 0.00(0.00)  Forward time: 0.24(0.26)  Batch time: 0.25(0.26)
2026-05-04 22:02:01,482   INFO  Train:   30/80 ( 38%) [ 166/167 ( 99%)]  Loss: 1.467 (1.45)  LR: 2.974e-03  Time cost: 00:43/00:00 [22:11/36:26]  Acc_iter 5010        Data time: 0.00(0.00)  Forward time: 0.20(0.26)  Batch time: 0.20(0.26)
2026-05-04 22:02:02,564   INFO  Train:   31/80 ( 39%) [   0/167 (  0%)]  Loss: 1.407 (1.41)  LR: 2.974e-03  Time cost: 00:00/02:12 [22:13/1:50:24]  Acc_iter 5011        Data time: 0.46(0.46)  Forward time: 0.34(0.34)  Batch time: 0.79(0.79)
2026-05-04 22:02:12,837   INFO  Train:   31/80 ( 39%) [  39/167 ( 23%)]  Loss: 1.602 (1.47)  LR: 2.980e-03  Time cost: 00:11/00:35 [22:23/38:19]  Acc_iter 5050        Data time: 0.00(0.01)  Forward time: 0.26(0.26)  Batch time: 0.26(0.28)
2026-05-04 22:02:25,860   INFO  Train:   31/80 ( 39%) [  89/167 ( 53%)]  Loss: 1.573 (1.48)  LR: 2.986e-03  Time cost: 00:24/00:20 [22:36/36:51]  Acc_iter 5100        Data time: 0.00(0.01)  Forward time: 0.24(0.26)  Batch time: 0.24(0.27)
2026-05-04 22:02:25,956   INFO  
2026-05-04 22:02:38,797   INFO  Train:   31/80 ( 39%) [ 139/167 ( 83%)]  Loss: 1.400 (1.46)  LR: 2.991e-03  Time cost: 00:37/00:07 [22:49/36:11]  Acc_iter 5150        Data time: 0.00(0.00)  Forward time: 0.28(0.26)  Batch time: 0.28(0.26)
2026-05-04 22:02:45,324   INFO  Train:   31/80 ( 39%) [ 166/167 ( 99%)]  Loss: 1.259 (1.44)  LR: 2.993e-03  Time cost: 00:43/00:00 [22:55/35:34]  Acc_iter 5177        Data time: 0.00(0.00)  Forward time: 0.18(0.26)  Batch time: 0.18(0.26)
2026-05-04 22:02:46,460   INFO  Train:   32/80 ( 40%) [   0/167 (  0%)]  Loss: 1.977 (1.98)  LR: 2.993e-03  Time cost: 00:00/02:20 [22:56/1:54:20]  Acc_iter 5178        Data time: 0.44(0.44)  Forward time: 0.40(0.40)  Batch time: 0.84(0.84)
2026-05-04 22:02:52,120   INFO  Train:   32/80 ( 40%) [  22/167 ( 13%)]  Loss: 1.324 (1.46)  LR: 2.995e-03  Time cost: 00:06/00:40 [23:02/38:26]  Acc_iter 5200        Data time: 0.00(0.02)  Forward time: 0.29(0.26)  Batch time: 0.29(0.28)
2026-05-04 22:03:04,995   INFO  Train:   32/80 ( 40%) [  72/167 ( 43%)]  Loss: 1.239 (1.49)  LR: 2.998e-03  Time cost: 00:19/00:25 [23:15/35:52]  Acc_iter 5250        Data time: 0.00(0.01)  Forward time: 0.27(0.26)  Batch time: 0.27(0.27)
2026-05-04 22:03:05,090   INFO  
2026-05-04 22:03:18,070   INFO  Train:   32/80 ( 40%) [ 122/167 ( 73%)]  Loss: 1.395 (1.49)  LR: 3.000e-03  Time cost: 00:32/00:11 [23:28/35:26]  Acc_iter 5300        Data time: 0.00(0.01)  Forward time: 0.27(0.26)  Batch time: 0.27(0.26)
2026-05-04 22:03:29,174   INFO  Train:   32/80 ( 40%) [ 166/167 ( 99%)]  Loss: 1.285 (1.47)  LR: 3.000e-03  Time cost: 00:43/00:00 [23:39/34:50]  Acc_iter 5344        Data time: 0.00(0.00)  Forward time: 0.20(0.26)  Batch time: 0.20(0.26)
2026-05-04 22:03:30,239   INFO  Train:   33/80 ( 41%) [   0/167 (  0%)]  Loss: 1.452 (1.45)  LR: 3.000e-03  Time cost: 00:00/02:09 [23:40/1:43:24]  Acc_iter 5345        Data time: 0.40(0.40)  Forward time: 0.37(0.37)  Batch time: 0.77(0.77)
2026-05-04 22:03:31,572   INFO  Train:   33/80 ( 41%) [   5/167 (  3%)]  Loss: 1.210 (1.38)  LR: 3.000e-03  Time cost: 00:02/00:56 [23:42/46:53]  Acc_iter 5350        Data time: 0.00(0.07)  Forward time: 0.26(0.28)  Batch time: 0.26(0.35)
2026-05-04 22:03:44,210   INFO  Train:   33/80 ( 41%) [  55/167 ( 33%)]  Loss: 1.042 (1.40)  LR: 3.000e-03  Time cost: 00:14/00:29 [23:54/34:56]  Acc_iter 5400        Data time: 0.00(0.01)  Forward time: 0.22(0.26)  Batch time: 0.22(0.26)
2026-05-04 22:03:44,301   INFO  
2026-05-04 22:03:56,986   INFO  Train:   33/80 ( 41%) [ 105/167 ( 63%)]  Loss: 1.245 (1.40)  LR: 2.999e-03  Time cost: 00:27/00:16 [24:07/34:13]  Acc_iter 5450        Data time: 0.00(0.01)  Forward time: 0.25(0.25)  Batch time: 0.25(0.26)
2026-05-04 22:04:09,567   INFO  Train:   33/80 ( 41%) [ 155/167 ( 93%)]  Loss: 1.756 (1.41)  LR: 2.997e-03  Time cost: 00:40/00:03 [24:20/33:40]  Acc_iter 5500        Data time: 0.00(0.00)  Forward time: 0.26(0.25)  Batch time: 0.26(0.26)
2026-05-04 22:04:12,152   INFO  Train:   33/80 ( 41%) [ 166/167 ( 99%)]  Loss: 1.321 (1.41)  LR: 2.997e-03  Time cost: 00:42/00:00 [24:22/33:26]  Acc_iter 5511        Data time: 0.00(0.00)  Forward time: 0.18(0.25)  Batch time: 0.18(0.26)
2026-05-04 22:04:13,203   INFO  Train:   34/80 ( 42%) [   0/167 (  0%)]  Loss: 1.074 (1.07)  LR: 2.997e-03  Time cost: 00:00/02:06 [24:23/1:38:49]  Acc_iter 5512        Data time: 0.27(0.27)  Forward time: 0.48(0.48)  Batch time: 0.76(0.76)
2026-05-04 22:04:22,840   INFO  Train:   34/80 ( 42%) [  38/167 ( 23%)]  Loss: 1.365 (1.37)  LR: 2.995e-03  Time cost: 00:10/00:34 [24:33/34:41]  Acc_iter 5550        Data time: 0.00(0.01)  Forward time: 0.25(0.26)  Batch time: 0.25(0.27)
2026-05-04 22:04:22,936   INFO  
2026-05-04 22:04:35,705   INFO  Train:   34/80 ( 42%) [  88/167 ( 53%)]  Loss: 1.191 (1.37)  LR: 2.993e-03  Time cost: 00:23/00:20 [24:46/33:48]  Acc_iter 5600        Data time: 0.00(0.01)  Forward time: 0.24(0.26)  Batch time: 0.24(0.26)
2026-05-04 22:04:48,467   INFO  Train:   34/80 ( 42%) [ 138/167 ( 83%)]  Loss: 1.120 (1.37)  LR: 2.989e-03  Time cost: 00:36/00:07 [24:58/33:18]  Acc_iter 5650        Data time: 0.00(0.00)  Forward time: 0.24(0.26)  Batch time: 0.24(0.26)
2026-05-04 22:04:55,428   INFO  Train:   34/80 ( 42%) [ 166/167 ( 99%)]  Loss: 1.485 (1.39)  LR: 2.987e-03  Time cost: 00:42/00:00 [25:05/32:57]  Acc_iter 5678        Data time: 0.00(0.00)  Forward time: 0.17(0.25)  Batch time: 0.17(0.26)
2026-05-04 22:04:56,457   INFO  Train:   35/80 ( 44%) [   0/167 (  0%)]  Loss: 1.052 (1.05)  LR: 2.987e-03  Time cost: 00:00/02:04 [25:06/1:35:43]  Acc_iter 5679        Data time: 0.30(0.30)  Forward time: 0.45(0.45)  Batch time: 0.75(0.75)
2026-05-04 22:05:01,914   INFO  Train:   35/80 ( 44%) [  21/167 ( 13%)]  Loss: 0.9220 (1.37)  LR: 2.986e-03  Time cost: 00:06/00:41 [25:12/36:00]  Acc_iter 5700        Data time: 0.00(0.01)  Forward time: 0.26(0.27)  Batch time: 0.26(0.28)
2026-05-04 22:05:02,006   INFO  
2026-05-04 22:05:14,738   INFO  Train:   35/80 ( 44%) [  71/167 ( 43%)]  Loss: 1.635 (1.37)  LR: 2.981e-03  Time cost: 00:19/00:25 [25:25/33:31]  Acc_iter 5750        Data time: 0.00(0.01)  Forward time: 0.26(0.26)  Batch time: 0.26(0.26)
2026-05-04 22:05:27,685   INFO  Train:   35/80 ( 44%) [ 121/167 ( 72%)]  Loss: 1.401 (1.37)  LR: 2.976e-03  Time cost: 00:31/00:12 [25:38/33:01]  Acc_iter 5800        Data time: 0.00(0.00)  Forward time: 0.26(0.26)  Batch time: 0.26(0.26)
2026-05-04 22:05:39,261   INFO  Train:   35/80 ( 44%) [ 166/167 ( 99%)]  Loss: 1.361 (1.38)  LR: 2.971e-03  Time cost: 00:43/00:00 [25:49/32:40]  Acc_iter 5845        Data time: 0.00(0.00)  Forward time: 0.20(0.26)  Batch time: 0.20(0.26)
2026-05-04 22:05:40,321   INFO  Train:   36/80 ( 45%) [   0/167 (  0%)]  Loss: 1.462 (1.46)  LR: 2.971e-03  Time cost: 00:00/02:09 [25:50/1:37:19]  Acc_iter 5846        Data time: 0.35(0.35)  Forward time: 0.43(0.43)  Batch time: 0.78(0.78)
2026-05-04 22:05:41,309   INFO  Train:   36/80 ( 45%) [   4/167 (  2%)]  Loss: 1.433 (1.29)  LR: 2.971e-03  Time cost: 00:01/00:57 [25:51/44:11]  Acc_iter 5850        Data time: 0.00(0.07)  Forward time: 0.26(0.28)  Batch time: 0.27(0.35)
2026-05-04 22:05:41,403   INFO  
2026-05-04 22:05:54,053   INFO  Train:   36/80 ( 45%) [  54/167 ( 32%)]  Loss: 1.245 (1.29)  LR: 2.965e-03  Time cost: 00:14/00:29 [26:04/32:48]  Acc_iter 5900        Data time: 0.00(0.01)  Forward time: 0.26(0.25)  Batch time: 0.26(0.26)
2026-05-04 22:06:07,103   INFO  Train:   36/80 ( 45%) [ 104/167 ( 62%)]  Loss: 1.455 (1.31)  LR: 2.958e-03  Time cost: 00:27/00:16 [26:17/32:25]  Acc_iter 5950        Data time: 0.00(0.01)  Forward time: 0.27(0.26)  Batch time: 0.27(0.26)
2026-05-04 22:06:19,992   INFO  Train:   36/80 ( 45%) [ 154/167 ( 92%)]  Loss: 1.027 (1.32)  LR: 2.951e-03  Time cost: 00:40/00:03 [26:30/32:00]  Acc_iter 6000        Data time: 0.00(0.00)  Forward time: 0.24(0.26)  Batch time: 0.24(0.26)
2026-05-04 22:06:20,087   INFO  
2026-05-04 22:06:22,912   INFO  Train:   36/80 ( 45%) [ 166/167 ( 99%)]  Loss: 1.419 (1.32)  LR: 2.949e-03  Time cost: 00:43/00:00 [26:33/31:48]  Acc_iter 6012        Data time: 0.00(0.00)  Forward time: 0.17(0.26)  Batch time: 0.17(0.26)
2026-05-04 22:06:24,025   INFO  Train:   37/80 ( 46%) [   0/167 (  0%)]  Loss: 1.244 (1.24)  LR: 2.949e-03  Time cost: 00:00/02:16 [26:34/1:40:12]  Acc_iter 6013        Data time: 0.42(0.42)  Forward time: 0.40(0.40)  Batch time: 0.82(0.82)
2026-05-04 22:06:33,681   INFO  Train:   37/80 ( 46%) [  37/167 ( 22%)]  Loss: 1.401 (1.37)  LR: 2.943e-03  Time cost: 00:10/00:35 [26:44/33:35]  Acc_iter 6050        Data time: 0.00(0.01)  Forward time: 0.25(0.26)  Batch time: 0.25(0.28)
2026-05-04 22:06:46,782   INFO  Train:   37/80 ( 46%) [  87/167 ( 52%)]  Loss: 1.312 (1.40)  LR: 2.935e-03  Time cost: 00:23/00:21 [26:57/32:25]  Acc_iter 6100        Data time: 0.00(0.01)  Forward time: 0.22(0.26)  Batch time: 0.23(0.27)
2026-05-04 22:06:59,710   INFO  Train:   37/80 ( 46%) [ 137/167 ( 82%)]  Loss: 1.485 (1.36)  LR: 2.926e-03  Time cost: 00:36/00:07 [27:10/31:47]  Acc_iter 6150        Data time: 0.00(0.00)  Forward time: 0.27(0.26)  Batch time: 0.27(0.26)
2026-05-04 22:06:59,802   INFO  
2026-05-04 22:07:07,256   INFO  Train:   37/80 ( 46%) [ 166/167 ( 99%)]  Loss: 1.908 (1.34)  LR: 2.921e-03  Time cost: 00:44/00:00 [27:17/31:34]  Acc_iter 6179        Data time: 0.00(0.00)  Forward time: 0.20(0.26)  Batch time: 0.20(0.26)
2026-05-04 22:07:08,324   INFO  Train:   38/80 ( 48%) [   0/167 (  0%)]  Loss: 1.010 (1.01)  LR: 2.920e-03  Time cost: 00:00/02:08 [27:18/1:32:00]  Acc_iter 6180        Data time: 0.45(0.45)  Forward time: 0.32(0.32)  Batch time: 0.77(0.77)
2026-05-04 22:07:13,512   INFO  Train:   38/80 ( 48%) [  20/167 ( 12%)]  Loss: 1.965 (1.29)  LR: 2.917e-03  Time cost: 00:05/00:41 [27:23/33:51]  Acc_iter 6200        Data time: 0.00(0.02)  Forward time: 0.28(0.26)  Batch time: 0.28(0.28)
2026-05-04 22:07:26,480   INFO  Train:   38/80 ( 48%) [  70/167 ( 42%)]  Loss: 1.148 (1.29)  LR: 2.907e-03  Time cost: 00:18/00:25 [27:36/31:35]  Acc_iter 6250        Data time: 0.00(0.01)  Forward time: 0.30(0.26)  Batch time: 0.30(0.27)
2026-05-04 22:07:39,539   INFO  Train:   38/80 ( 48%) [ 120/167 ( 72%)]  Loss: 1.794 (1.31)  LR: 2.896e-03  Time cost: 00:31/00:12 [27:50/31:06]  Acc_iter 6300        Data time: 0.00(0.00)  Forward time: 0.26(0.26)  Batch time: 0.26(0.26)
2026-05-04 22:07:39,635   INFO  
2026-05-04 22:07:51,435   INFO  Train:   38/80 ( 48%) [ 166/167 ( 99%)]  Loss: 1.676 (1.32)  LR: 2.886e-03  Time cost: 00:43/00:00 [28:01/30:43]  Acc_iter 6346        Data time: 0.00(0.00)  Forward time: 0.17(0.26)  Batch time: 0.17(0.26)
2026-05-04 22:07:52,455   INFO  Train:   39/80 ( 49%) [   0/167 (  0%)]  Loss: 1.248 (1.25)  LR: 2.886e-03  Time cost: 00:00/02:03 [28:02/1:26:21]  Acc_iter 6347        Data time: 0.32(0.32)  Forward time: 0.41(0.41)  Batch time: 0.74(0.74)
2026-05-04 22:07:53,230   INFO  Train:   39/80 ( 49%) [   3/167 (  2%)]  Loss: 1.378 (1.22)  LR: 2.885e-03  Time cost: 00:01/01:02 [28:03/44:13]  Acc_iter 6350        Data time: 0.00(0.08)  Forward time: 0.24(0.30)  Batch time: 0.24(0.38)
2026-05-04 22:08:06,346   INFO  Train:   39/80 ( 49%) [  53/167 ( 32%)]  Loss: 1.121 (1.28)  LR: 2.874e-03  Time cost: 00:14/00:30 [28:16/31:25]  Acc_iter 6400        Data time: 0.00(0.01)  Forward time: 0.27(0.26)  Batch time: 0.27(0.27)
2026-05-04 22:08:19,327   INFO  Train:   39/80 ( 49%) [ 103/167 ( 62%)]  Loss: 1.389 (1.28)  LR: 2.862e-03  Time cost: 00:27/00:16 [28:29/30:34]  Acc_iter 6450        Data time: 0.00(0.00)  Forward time: 0.26(0.26)  Batch time: 0.26(0.27)
2026-05-04 22:08:19,423   INFO  
2026-05-04 22:08:32,518   INFO  Train:   39/80 ( 49%) [ 153/167 ( 92%)]  Loss: 1.179 (1.28)  LR: 2.849e-03  Time cost: 00:40/00:03 [28:43/30:17]  Acc_iter 6500        Data time: 0.00(0.00)  Forward time: 0.27(0.26)  Batch time: 0.27(0.26)
2026-05-04 22:08:35,843   INFO  Train:   39/80 ( 49%) [ 166/167 ( 99%)]  Loss: 1.080 (1.28)  LR: 2.846e-03  Time cost: 00:44/00:00 [28:46/30:09]  Acc_iter 6513        Data time: 0.00(0.00)  Forward time: 0.19(0.26)  Batch time: 0.19(0.26)
2026-05-04 22:08:36,942   INFO  Train:   40/80 ( 50%) [   0/167 (  0%)]  Loss: 1.592 (1.59)  LR: 2.845e-03  Time cost: 00:00/02:11 [28:47/1:30:01]  Acc_iter 6514        Data time: 0.36(0.36)  Forward time: 0.43(0.43)  Batch time: 0.79(0.79)
2026-05-04 22:08:46,401   INFO  Train:   40/80 ( 50%) [  36/167 ( 22%)]  Loss: 0.9385 (1.26)  LR: 2.836e-03  Time cost: 00:10/00:36 [28:56/31:26]  Acc_iter 6550        Data time: 0.00(0.01)  Forward time: 0.28(0.27)  Batch time: 0.28(0.28)
2026-05-04 22:08:59,327   INFO  Train:   40/80 ( 50%) [  86/167 ( 51%)]  Loss: 1.197 (1.24)  LR: 2.822e-03  Time cost: 00:23/00:21 [29:09/30:00]  Acc_iter 6600        Data time: 0.00(0.01)  Forward time: 0.24(0.26)  Batch time: 0.24(0.27)
2026-05-04 22:08:59,422   INFO  
2026-05-04 22:09:12,298   INFO  Train:   40/80 ( 50%) [ 136/167 ( 81%)]  Loss: 1.333 (1.24)  LR: 2.808e-03  Time cost: 00:36/00:08 [29:22/29:30]  Acc_iter 6650        Data time: 0.00(0.00)  Forward time: 0.27(0.26)  Batch time: 0.27(0.26)
2026-05-04 22:09:19,875   INFO  Train:   40/80 ( 50%) [ 166/167 ( 99%)]  Loss: 1.688 (1.24)  LR: 2.799e-03  Time cost: 00:43/00:00 [29:30/29:09]  Acc_iter 6680        Data time: 0.00(0.00)  Forward time: 0.22(0.26)  Batch time: 0.22(0.26)
2026-05-04 22:09:21,028   INFO  Train:   41/80 ( 51%) [   0/167 (  0%)]  Loss: 1.243 (1.24)  LR: 2.799e-03  Time cost: 00:00/02:21 [29:31/1:34:18]  Acc_iter 6681        Data time: 0.38(0.38)  Forward time: 0.46(0.46)  Batch time: 0.85(0.85)
2026-05-04 22:09:26,002   INFO  Train:   41/80 ( 51%) [  19/167 ( 11%)]  Loss: 1.282 (1.23)  LR: 2.793e-03  Time cost: 00:05/00:43 [29:36/32:18]  Acc_iter 6700        Data time: 0.00(0.02)  Forward time: 0.29(0.27)  Batch time: 0.29(0.29)
2026-05-04 22:09:38,778   INFO  Train:   41/80 ( 51%) [  69/167 ( 41%)]  Loss: 1.439 (1.27)  LR: 2.778e-03  Time cost: 00:18/00:26 [29:49/29:16]  Acc_iter 6750        Data time: 0.00(0.01)  Forward time: 0.28(0.26)  Batch time: 0.28(0.27)
2026-05-04 22:09:38,872   INFO  
2026-05-04 22:09:51,807   INFO  Train:   41/80 ( 51%) [ 119/167 ( 71%)]  Loss: 1.463 (1.28)  LR: 2.763e-03  Time cost: 00:31/00:12 [30:02/28:49]  Acc_iter 6800        Data time: 0.00(0.00)  Forward time: 0.25(0.26)  Batch time: 0.25(0.26)
2026-05-04 22:10:03,674   INFO  Train:   41/80 ( 51%) [ 166/167 ( 99%)]  Loss: 1.547 (1.27)  LR: 2.748e-03  Time cost: 00:43/00:00 [30:14/28:16]  Acc_iter 6847        Data time: 0.00(0.00)  Forward time: 0.18(0.26)  Batch time: 0.18(0.26)
2026-05-04 22:10:04,809   INFO  Train:   42/80 ( 52%) [   0/167 (  0%)]  Loss: 1.161 (1.16)  LR: 2.747e-03  Time cost: 00:00/02:18 [30:15/1:29:48]  Acc_iter 6848        Data time: 0.48(0.48)  Forward time: 0.35(0.35)  Batch time: 0.83(0.83)
2026-05-04 22:10:05,371   INFO  Train:   42/80 ( 52%) [   2/167 (  1%)]  Loss: 1.331 (1.29)  LR: 2.747e-03  Time cost: 00:01/01:16 [30:15/50:15]  Acc_iter 6850        Data time: 0.00(0.16)  Forward time: 0.28(0.30)  Batch time: 0.28(0.46)
2026-05-04 22:10:18,364   INFO  Train:   42/80 ( 52%) [  52/167 ( 31%)]  Loss: 1.314 (1.27)  LR: 2.730e-03  Time cost: 00:14/00:31 [30:28/29:13]  Acc_iter 6900        Data time: 0.00(0.01)  Forward time: 0.28(0.26)  Batch time: 0.28(0.27)
2026-05-04 22:10:18,459   INFO  
2026-05-04 22:10:31,454   INFO  Train:   42/80 ( 52%) [ 102/167 ( 61%)]  Loss: 0.8855 (1.27)  LR: 2.713e-03  Time cost: 00:27/00:17 [30:41/28:30]  Acc_iter 6950        Data time: 0.00(0.01)  Forward time: 0.25(0.26)  Batch time: 0.25(0.27)
2026-05-04 22:10:44,473   INFO  Train:   42/80 ( 52%) [ 152/167 ( 91%)]  Loss: 1.038 (1.25)  LR: 2.695e-03  Time cost: 00:40/00:03 [30:54/28:03]  Acc_iter 7000        Data time: 0.00(0.00)  Forward time: 0.27(0.26)  Batch time: 0.27(0.26)
2026-05-04 22:10:47,904   INFO  Train:   42/80 ( 52%) [ 166/167 ( 99%)]  Loss: 0.8564 (1.24)  LR: 2.690e-03  Time cost: 00:43/00:00 [30:58/27:49]  Acc_iter 7014        Data time: 0.00(0.00)  Forward time: 0.17(0.26)  Batch time: 0.17(0.26)
2026-05-04 22:10:48,985   INFO  Train:   43/80 ( 54%) [   0/167 (  0%)]  Loss: 1.296 (1.30)  LR: 2.690e-03  Time cost: 00:00/02:12 [30:59/1:24:03]  Acc_iter 7015        Data time: 0.46(0.46)  Forward time: 0.34(0.34)  Batch time: 0.79(0.79)
2026-05-04 22:10:58,022   INFO  Train:   43/80 ( 54%) [  35/167 ( 21%)]  Loss: 1.567 (1.20)  LR: 2.677e-03  Time cost: 00:09/00:36 [31:08/28:43]  Acc_iter 7050        Data time: 0.00(0.01)  Forward time: 0.27(0.26)  Batch time: 0.27(0.27)
2026-05-04 22:10:58,116   INFO  
2026-05-04 22:11:11,262   INFO  Train:   43/80 ( 54%) [  85/167 ( 51%)]  Loss: 1.361 (1.24)  LR: 2.659e-03  Time cost: 00:23/00:21 [31:21/27:59]  Acc_iter 7100        Data time: 0.00(0.01)  Forward time: 0.26(0.26)  Batch time: 0.26(0.27)
2026-05-04 22:11:24,150   INFO  Train:   43/80 ( 54%) [ 135/167 ( 81%)]  Loss: 0.8513 (1.23)  LR: 2.640e-03  Time cost: 00:35/00:08 [31:34/27:22]  Acc_iter 7150        Data time: 0.00(0.00)  Forward time: 0.25(0.26)  Batch time: 0.25(0.26)
2026-05-04 22:11:32,115   INFO  Train:   43/80 ( 54%) [ 166/167 ( 99%)]  Loss: 1.618 (1.23)  LR: 2.628e-03  Time cost: 00:43/00:00 [31:42/27:05]  Acc_iter 7181        Data time: 0.00(0.00)  Forward time: 0.19(0.26)  Batch time: 0.19(0.26)
2026-05-04 22:11:33,218   INFO  Train:   44/80 ( 55%) [   0/167 (  0%)]  Loss: 1.437 (1.44)  LR: 2.628e-03  Time cost: 00:00/02:13 [31:43/1:22:08]  Acc_iter 7182        Data time: 0.33(0.33)  Forward time: 0.47(0.47)  Batch time: 0.80(0.80)
2026-05-04 22:11:37,845   INFO  Train:   44/80 ( 55%) [  18/167 ( 11%)]  Loss: 0.9724 (1.18)  LR: 2.621e-03  Time cost: 00:05/00:42 [31:48/29:19]  Acc_iter 7200        Data time: 0.00(0.02)  Forward time: 0.26(0.27)  Batch time: 0.26(0.29)
2026-05-04 22:11:37,938   INFO  
2026-05-04 22:11:50,908   INFO  Train:   44/80 ( 55%) [  68/167 ( 41%)]  Loss: 0.8064 (1.16)  LR: 2.601e-03  Time cost: 00:18/00:26 [32:01/27:17]  Acc_iter 7250        Data time: 0.00(0.01)  Forward time: 0.22(0.26)  Batch time: 0.22(0.27)
2026-05-04 22:12:03,748   INFO  Train:   44/80 ( 55%) [ 118/167 ( 71%)]  Loss: 1.078 (1.16)  LR: 2.581e-03  Time cost: 00:31/00:12 [32:14/26:35]  Acc_iter 7300        Data time: 0.00(0.00)  Forward time: 0.24(0.26)  Batch time: 0.24(0.26)
2026-05-04 22:12:15,937   INFO  Train:   44/80 ( 55%) [ 166/167 ( 99%)]  Loss: 1.041 (1.16)  LR: 2.561e-03  Time cost: 00:43/00:00 [32:26/26:06]  Acc_iter 7348        Data time: 0.00(0.00)  Forward time: 0.21(0.26)  Batch time: 0.21(0.26)
2026-05-04 22:12:17,061   INFO  Train:   45/80 ( 56%) [   0/167 (  0%)]  Loss: 1.277 (1.28)  LR: 2.561e-03  Time cost: 00:00/02:19 [32:27/1:23:57]  Acc_iter 7349        Data time: 0.45(0.45)  Forward time: 0.39(0.39)  Batch time: 0.84(0.84)
2026-05-04 22:12:17,326   INFO  Train:   45/80 ( 56%) [   1/167 (  1%)]  Loss: 1.117 (1.20)  LR: 2.560e-03  Time cost: 00:01/01:31 [32:27/55:13]  Acc_iter 7350        Data time: 0.00(0.22)  Forward time: 0.26(0.33)  Batch time: 0.26(0.55)
2026-05-04 22:12:17,419   INFO  
2026-05-04 22:12:30,667   INFO  Train:   45/80 ( 56%) [  51/167 ( 31%)]  Loss: 1.269 (1.18)  LR: 2.539e-03  Time cost: 00:14/00:32 [32:41/27:35]  Acc_iter 7400        Data time: 0.00(0.01)  Forward time: 0.29(0.27)  Batch time: 0.29(0.28)
2026-05-04 22:12:43,543   INFO  Train:   45/80 ( 56%) [ 101/167 ( 60%)]  Loss: 1.071 (1.16)  LR: 2.518e-03  Time cost: 00:27/00:17 [32:54/26:23]  Acc_iter 7450        Data time: 0.00(0.01)  Forward time: 0.26(0.26)  Batch time: 0.26(0.27)
2026-05-04 22:12:56,617   INFO  Train:   45/80 ( 56%) [ 151/167 ( 90%)]  Loss: 1.330 (1.16)  LR: 2.496e-03  Time cost: 00:40/00:04 [33:07/25:57]  Acc_iter 7500        Data time: 0.00(0.00)  Forward time: 0.27(0.26)  Batch time: 0.27(0.27)
2026-05-04 22:12:56,718   INFO  
2026-05-04 22:13:00,493   INFO  Train:   45/80 ( 56%) [ 166/167 ( 99%)]  Loss: 1.116 (1.16)  LR: 2.489e-03  Time cost: 00:44/00:00 [33:10/25:49]  Acc_iter 7515        Data time: 0.00(0.00)  Forward time: 0.21(0.26)  Batch time: 0.21(0.27)
2026-05-04 22:13:01,595   INFO  Train:   46/80 ( 58%) [   0/167 (  0%)]  Loss: 1.152 (1.15)  LR: 2.489e-03  Time cost: 00:00/02:16 [33:12/1:19:30]  Acc_iter 7516        Data time: 0.45(0.45)  Forward time: 0.36(0.36)  Batch time: 0.82(0.82)
2026-05-04 22:13:10,421   INFO  Train:   46/80 ( 58%) [  34/167 ( 20%)]  Loss: 1.377 (1.14)  LR: 2.474e-03  Time cost: 00:09/00:36 [33:20/26:40]  Acc_iter 7550        Data time: 0.00(0.01)  Forward time: 0.25(0.26)  Batch time: 0.26(0.28)
2026-05-04 22:13:23,480   INFO  Train:   46/80 ( 58%) [  84/167 ( 50%)]  Loss: 1.087 (1.17)  LR: 2.451e-03  Time cost: 00:22/00:22 [33:33/25:38]  Acc_iter 7600        Data time: 0.00(0.01)  Forward time: 0.23(0.26)  Batch time: 0.23(0.27)
2026-05-04 22:13:36,604   INFO  Train:   46/80 ( 58%) [ 134/167 ( 80%)]  Loss: 1.120 (1.15)  LR: 2.428e-03  Time cost: 00:35/00:08 [33:47/25:15]  Acc_iter 7650        Data time: 0.00(0.00)  Forward time: 0.27(0.26)  Batch time: 0.28(0.27)
2026-05-04 22:13:36,699   INFO  
2026-05-04 22:13:44,833   INFO  Train:   46/80 ( 58%) [ 166/167 ( 99%)]  Loss: 1.247 (1.15)  LR: 2.414e-03  Time cost: 00:44/00:00 [33:55/24:58]  Acc_iter 7682        Data time: 0.00(0.00)  Forward time: 0.18(0.26)  Batch time: 0.18(0.26)
2026-05-04 22:13:45,870   INFO  Train:   47/80 ( 59%) [   0/167 (  0%)]  Loss: 1.070 (1.07)  LR: 2.413e-03  Time cost: 00:00/02:04 [33:56/1:10:30]  Acc_iter 7683        Data time: 0.27(0.27)  Forward time: 0.47(0.47)  Batch time: 0.74(0.74)
2026-05-04 22:13:50,316   INFO  Train:   47/80 ( 59%) [  17/167 ( 10%)]  Loss: 0.9080 (1.03)  LR: 2.405e-03  Time cost: 00:05/00:43 [34:00/27:12]  Acc_iter 7700        Data time: 0.00(0.02)  Forward time: 0.25(0.27)  Batch time: 0.25(0.29)
2026-05-04 22:14:03,752   INFO  Train:   47/80 ( 59%) [  67/167 ( 40%)]  Loss: 1.308 (1.14)  LR: 2.382e-03  Time cost: 00:18/00:27 [34:14/25:37]  Acc_iter 7750        Data time: 0.00(0.01)  Forward time: 0.26(0.27)  Batch time: 0.26(0.27)
2026-05-04 22:14:16,856   INFO  Train:   47/80 ( 59%) [ 117/167 ( 70%)]  Loss: 1.040 (1.11)  LR: 2.358e-03  Time cost: 00:31/00:13 [34:27/24:55]  Acc_iter 7800        Data time: 0.00(0.00)  Forward time: 0.26(0.27)  Batch time: 0.26(0.27)
2026-05-04 22:14:16,953   INFO  
2026-05-04 22:14:29,497   INFO  Train:   47/80 ( 59%) [ 166/167 ( 99%)]  Loss: 1.419 (1.11)  LR: 2.334e-03  Time cost: 00:44/00:00 [34:39/24:24]  Acc_iter 7849        Data time: 0.00(0.00)  Forward time: 0.20(0.26)  Batch time: 0.20(0.27)
2026-05-04 22:14:30,603   INFO  Train:   48/80 ( 60%) [   0/167 (  0%)]  Loss: 0.8771 (0.877)  LR: 2.333e-03  Time cost: 00:00/02:16 [34:41/1:14:48]  Acc_iter 7850        Data time: 0.29(0.29)  Forward time: 0.52(0.52)  Batch time: 0.81(0.81)
2026-05-04 22:14:43,727   INFO  Train:   48/80 ( 60%) [  50/167 ( 30%)]  Loss: 1.014 (1.07)  LR: 2.309e-03  Time cost: 00:13/00:31 [34:54/24:52]  Acc_iter 7900        Data time: 0.00(0.01)  Forward time: 0.25(0.27)  Batch time: 0.25(0.27)
2026-05-04 22:14:56,771   INFO  Train:   48/80 ( 60%) [ 100/167 ( 60%)]  Loss: 1.076 (1.10)  LR: 2.284e-03  Time cost: 00:26/00:17 [35:07/24:05]  Acc_iter 7950        Data time: 0.00(0.00)  Forward time: 0.25(0.26)  Batch time: 0.25(0.27)
2026-05-04 22:14:56,864   INFO  
2026-05-04 22:15:09,868   INFO  Train:   48/80 ( 60%) [ 150/167 ( 90%)]  Loss: 0.9716 (1.11)  LR: 2.259e-03  Time cost: 00:40/00:04 [35:20/23:42]  Acc_iter 8000        Data time: 0.00(0.00)  Forward time: 0.28(0.26)  Batch time: 0.28(0.27)
2026-05-04 22:15:13,702   INFO  Train:   48/80 ( 60%) [ 166/167 ( 99%)]  Loss: 1.058 (1.11)  LR: 2.251e-03  Time cost: 00:43/00:00 [35:24/23:25]  Acc_iter 8016        Data time: 0.00(0.00)  Forward time: 0.18(0.26)  Batch time: 0.18(0.26)
2026-05-04 22:15:14,818   INFO  Train:   49/80 ( 61%) [   0/167 (  0%)]  Loss: 1.108 (1.11)  LR: 2.250e-03  Time cost: 00:00/02:18 [35:25/1:13:51]  Acc_iter 8017        Data time: 0.36(0.36)  Forward time: 0.47(0.47)  Batch time: 0.83(0.83)
2026-05-04 22:15:23,658   INFO  Train:   49/80 ( 61%) [  33/167 ( 20%)]  Loss: 0.9300 (1.10)  LR: 2.233e-03  Time cost: 00:09/00:38 [35:34/25:10]  Acc_iter 8050        Data time: 0.00(0.01)  Forward time: 0.24(0.27)  Batch time: 0.24(0.28)
2026-05-04 22:15:37,023   INFO  Train:   49/80 ( 61%) [  83/167 ( 50%)]  Loss: 0.8469 (1.11)  LR: 2.207e-03  Time cost: 00:23/00:23 [35:47/24:02]  Acc_iter 8100        Data time: 0.00(0.01)  Forward time: 0.25(0.27)  Batch time: 0.25(0.27)
2026-05-04 22:15:37,119   INFO  
2026-05-04 22:15:50,246   INFO  Train:   49/80 ( 61%) [ 133/167 ( 80%)]  Loss: 1.251 (1.12)  LR: 2.181e-03  Time cost: 00:36/00:09 [36:00/23:29]  Acc_iter 8150        Data time: 0.00(0.00)  Forward time: 0.26(0.27)  Batch time: 0.26(0.27)
2026-05-04 22:15:58,629   INFO  Train:   49/80 ( 61%) [ 166/167 ( 99%)]  Loss: 1.225 (1.11)  LR: 2.164e-03  Time cost: 00:44/00:00 [36:09/23:04]  Acc_iter 8183        Data time: 0.00(0.00)  Forward time: 0.17(0.26)  Batch time: 0.17(0.27)
2026-05-04 22:15:59,719   INFO  Train:   50/80 ( 62%) [   0/167 (  0%)]  Loss: 0.8239 (0.824)  LR: 2.163e-03  Time cost: 00:00/02:13 [36:10/1:09:00]  Acc_iter 8184        Data time: 0.46(0.46)  Forward time: 0.34(0.34)  Batch time: 0.80(0.80)
2026-05-04 22:16:03,971   INFO  Train:   50/80 ( 62%) [  16/167 ( 10%)]  Loss: 1.105 (1.10)  LR: 2.155e-03  Time cost: 00:05/00:44 [36:14/25:33]  Acc_iter 8200        Data time: 0.00(0.03)  Forward time: 0.30(0.27)  Batch time: 0.30(0.30)
2026-05-04 22:16:16,946   INFO  Train:   50/80 ( 62%) [  66/167 ( 40%)]  Loss: 1.041 (1.08)  LR: 2.128e-03  Time cost: 00:18/00:27 [36:27/22:55]  Acc_iter 8250        Data time: 0.00(0.01)  Forward time: 0.25(0.26)  Batch time: 0.26(0.27)
2026-05-04 22:16:17,045   INFO  
2026-05-04 22:16:30,194   INFO  Train:   50/80 ( 62%) [ 116/167 ( 69%)]  Loss: 0.8223 (1.08)  LR: 2.102e-03  Time cost: 00:31/00:13 [36:40/22:32]  Acc_iter 8300        Data time: 0.00(0.01)  Forward time: 0.25(0.26)  Batch time: 0.25(0.27)
2026-05-04 22:16:42,975   INFO  Train:   50/80 ( 62%) [ 166/167 ( 99%)]  Loss: 1.205 (1.07)  LR: 2.075e-03  Time cost: 00:44/00:00 [36:53/22:01]  Acc_iter 8350        Data time: 0.00(0.00)  Forward time: 0.19(0.26)  Batch time: 0.19(0.26)
2026-05-04 22:16:44,112   INFO  Train:   51/80 ( 64%) [   0/167 (  0%)]  Loss: 1.062 (1.06)  LR: 2.074e-03  Time cost: 00:00/02:18 [36:54/1:09:22]  Acc_iter 8351        Data time: 0.45(0.45)  Forward time: 0.38(0.38)  Batch time: 0.83(0.83)
2026-05-04 22:16:56,931   INFO  Train:   51/80 ( 64%) [  49/167 ( 29%)]  Loss: 1.125 (1.10)  LR: 2.047e-03  Time cost: 00:13/00:32 [37:07/22:34]  Acc_iter 8400        Data time: 0.00(0.01)  Forward time: 0.24(0.26)  Batch time: 0.24(0.27)
2026-05-04 22:16:57,028   INFO  
2026-05-04 22:17:10,436   INFO  Train:   51/80 ( 64%) [  99/167 ( 59%)]  Loss: 1.171 (1.07)  LR: 2.020e-03  Time cost: 00:27/00:18 [37:20/22:13]  Acc_iter 8450        Data time: 0.00(0.01)  Forward time: 0.29(0.27)  Batch time: 0.29(0.27)
2026-05-04 22:17:23,781   INFO  Train:   51/80 ( 64%) [ 149/167 ( 89%)]  Loss: 0.8450 (1.06)  LR: 1.992e-03  Time cost: 00:40/00:04 [37:34/21:52]  Acc_iter 8500        Data time: 0.00(0.00)  Forward time: 0.26(0.27)  Batch time: 0.26(0.27)
2026-05-04 22:17:28,006   INFO  Train:   51/80 ( 64%) [ 166/167 ( 99%)]  Loss: 1.218 (1.05)  LR: 1.983e-03  Time cost: 00:44/00:00 [37:38/21:37]  Acc_iter 8517        Data time: 0.00(0.00)  Forward time: 0.21(0.26)  Batch time: 0.21(0.27)
2026-05-04 22:17:29,132   INFO  Train:   52/80 ( 65%) [   0/167 (  0%)]  Loss: 1.206 (1.21)  LR: 1.982e-03  Time cost: 00:00/02:17 [37:39/1:06:26]  Acc_iter 8518        Data time: 0.49(0.49)  Forward time: 0.33(0.33)  Batch time: 0.82(0.82)
2026-05-04 22:17:37,421   INFO  Train:   52/80 ( 65%) [  32/167 ( 19%)]  Loss: 1.279 (0.981)  LR: 1.964e-03  Time cost: 00:09/00:37 [37:47/22:08]  Acc_iter 8550        Data time: 0.00(0.02)  Forward time: 0.29(0.26)  Batch time: 0.29(0.28)
2026-05-04 22:17:37,517   INFO  
2026-05-04 22:17:50,659   INFO  Train:   52/80 ( 65%) [  82/167 ( 49%)]  Loss: 0.9388 (1.02)  LR: 1.936e-03  Time cost: 00:22/00:22 [38:01/21:22]  Acc_iter 8600        Data time: 0.00(0.01)  Forward time: 0.26(0.26)  Batch time: 0.26(0.27)
2026-05-04 22:18:03,721   INFO  Train:   52/80 ( 65%) [ 132/167 ( 79%)]  Loss: 1.106 (1.02)  LR: 1.908e-03  Time cost: 00:35/00:09 [38:14/20:54]  Acc_iter 8650        Data time: 0.00(0.01)  Forward time: 0.25(0.26)  Batch time: 0.25(0.27)
2026-05-04 22:18:12,595   INFO  Train:   52/80 ( 65%) [ 166/167 ( 99%)]  Loss: 0.8990 (1.03)  LR: 1.889e-03  Time cost: 00:44/00:00 [38:23/20:40]  Acc_iter 8684        Data time: 0.00(0.00)  Forward time: 0.18(0.26)  Batch time: 0.18(0.27)
2026-05-04 22:18:13,682   INFO  Train:   53/80 ( 66%) [   0/167 (  0%)]  Loss: 0.9814 (0.981)  LR: 1.888e-03  Time cost: 00:00/02:07 [38:24/59:28]  Acc_iter 8685        Data time: 0.33(0.33)  Forward time: 0.44(0.44)  Batch time: 0.76(0.76)
2026-05-04 22:18:17,675   INFO  Train:   53/80 ( 66%) [  15/167 (  9%)]  Loss: 0.8454 (1.02)  LR: 1.880e-03  Time cost: 00:04/00:45 [38:28/23:05]  Acc_iter 8700        Data time: 0.00(0.02)  Forward time: 0.27(0.28)  Batch time: 0.28(0.30)
2026-05-04 22:18:17,766   INFO  
2026-05-04 22:18:31,078   INFO  Train:   53/80 ( 66%) [  65/167 ( 39%)]  Loss: 0.9268 (1.03)  LR: 1.851e-03  Time cost: 00:18/00:28 [38:41/21:08]  Acc_iter 8750        Data time: 0.00(0.01)  Forward time: 0.27(0.27)  Batch time: 0.27(0.28)
2026-05-04 22:18:44,438   INFO  Train:   53/80 ( 66%) [ 115/167 ( 69%)]  Loss: 1.072 (1.03)  LR: 1.823e-03  Time cost: 00:31/00:14 [38:54/20:39]  Acc_iter 8800        Data time: 0.00(0.00)  Forward time: 0.26(0.27)  Batch time: 0.26(0.27)
2026-05-04 22:18:57,589   INFO  Train:   53/80 ( 66%) [ 165/167 ( 99%)]  Loss: 0.7644 (1.03)  LR: 1.794e-03  Time cost: 00:44/00:00 [39:08/20:13]  Acc_iter 8850        Data time: 0.00(0.00)  Forward time: 0.24(0.27)  Batch time: 0.24(0.27)
2026-05-04 22:18:57,681   INFO  
2026-05-04 22:18:57,860   INFO  Train:   53/80 ( 66%) [ 166/167 ( 99%)]  Loss: 0.8564 (1.03)  LR: 1.793e-03  Time cost: 00:44/00:00 [39:08/20:13]  Acc_iter 8851        Data time: 0.09(0.00)  Forward time: 0.18(0.27)  Batch time: 0.27(0.27)
2026-05-04 22:18:58,990   INFO  Train:   54/80 ( 68%) [   0/167 (  0%)]  Loss: 1.010 (1.01)  LR: 1.793e-03  Time cost: 00:00/02:21 [39:09/1:03:30]  Acc_iter 8852        Data time: 0.48(0.48)  Forward time: 0.36(0.36)  Batch time: 0.84(0.84)
2026-05-04 22:19:11,547   INFO  Train:   54/80 ( 68%) [  48/167 ( 29%)]  Loss: 0.6027 (0.975)  LR: 1.765e-03  Time cost: 00:13/00:32 [39:22/20:20]  Acc_iter 8900        Data time: 0.00(0.01)  Forward time: 0.24(0.26)  Batch time: 0.24(0.27)
2026-05-04 22:19:24,697   INFO  Train:   54/80 ( 68%) [  98/167 ( 59%)]  Loss: 1.229 (1.01)  LR: 1.736e-03  Time cost: 00:26/00:18 [39:35/19:43]  Acc_iter 8950        Data time: 0.00(0.01)  Forward time: 0.25(0.26)  Batch time: 0.25(0.27)
2026-05-04 22:19:37,806   INFO  Train:   54/80 ( 68%) [ 148/167 ( 89%)]  Loss: 0.8982 (1.01)  LR: 1.707e-03  Time cost: 00:39/00:05 [39:48/19:20]  Acc_iter 9000        Data time: 0.00(0.00)  Forward time: 0.26(0.26)  Batch time: 0.26(0.27)
2026-05-04 22:19:37,900   INFO  
2026-05-04 22:19:42,426   INFO  Train:   54/80 ( 68%) [ 166/167 ( 99%)]  Loss: 0.9819 (1.01)  LR: 1.696e-03  Time cost: 00:44/00:00 [39:52/19:11]  Acc_iter 9018        Data time: 0.00(0.00)  Forward time: 0.18(0.26)  Batch time: 0.19(0.27)
2026-05-04 22:19:43,517   INFO  Train:   55/80 ( 69%) [   0/167 (  0%)]  Loss: 1.078 (1.08)  LR: 1.696e-03  Time cost: 00:00/02:14 [39:54/58:12]  Acc_iter 9019        Data time: 0.41(0.41)  Forward time: 0.39(0.39)  Batch time: 0.80(0.80)
2026-05-04 22:19:51,857   INFO  Train:   55/80 ( 69%) [  31/167 ( 19%)]  Loss: 1.202 (1.00)  LR: 1.678e-03  Time cost: 00:09/00:38 [40:02/20:31]  Acc_iter 9050        Data time: 0.00(0.01)  Forward time: 0.29(0.27)  Batch time: 0.29(0.29)
2026-05-04 22:20:04,896   INFO  Train:   55/80 ( 69%) [  81/167 ( 49%)]  Loss: 0.8518 (0.990)  LR: 1.649e-03  Time cost: 00:22/00:23 [40:15/19:12]  Acc_iter 9100        Data time: 0.00(0.01)  Forward time: 0.25(0.26)  Batch time: 0.26(0.27)
2026-05-04 22:20:18,047   INFO  Train:   55/80 ( 69%) [ 131/167 ( 78%)]  Loss: 1.215 (0.986)  LR: 1.619e-03  Time cost: 00:35/00:09 [40:28/18:47]  Acc_iter 9150        Data time: 0.00(0.00)  Forward time: 0.28(0.26)  Batch time: 0.29(0.27)
2026-05-04 22:20:18,143   INFO  
2026-05-04 22:20:27,414   INFO  Train:   55/80 ( 69%) [ 166/167 ( 99%)]  Loss: 0.9476 (0.998)  LR: 1.599e-03  Time cost: 00:44/00:00 [40:37/18:37]  Acc_iter 9185        Data time: 0.00(0.00)  Forward time: 0.20(0.26)  Batch time: 0.20(0.27)
2026-05-04 22:20:28,504   INFO  Train:   56/80 ( 70%) [   0/167 (  0%)]  Loss: 1.039 (1.04)  LR: 1.598e-03  Time cost: 00:00/02:14 [40:38/55:57]  Acc_iter 9186        Data time: 0.36(0.36)  Forward time: 0.44(0.44)  Batch time: 0.80(0.80)
2026-05-04 22:20:32,146   INFO  Train:   56/80 ( 70%) [  14/167 (  8%)]  Loss: 1.034 (0.900)  LR: 1.590e-03  Time cost: 00:04/00:45 [40:42/20:33]  Acc_iter 9200        Data time: 0.00(0.02)  Forward time: 0.26(0.27)  Batch time: 0.26(0.30)
2026-05-04 22:20:45,413   INFO  Train:   56/80 ( 70%) [  64/167 ( 38%)]  Loss: 1.140 (0.955)  LR: 1.561e-03  Time cost: 00:17/00:28 [40:55/18:40]  Acc_iter 9250        Data time: 0.00(0.01)  Forward time: 0.26(0.27)  Batch time: 0.26(0.27)
2026-05-04 22:20:58,536   INFO  Train:   56/80 ( 70%) [ 114/167 ( 68%)]  Loss: 0.8394 (0.974)  LR: 1.531e-03  Time cost: 00:30/00:14 [41:09/18:08]  Acc_iter 9300        Data time: 0.00(0.00)  Forward time: 0.27(0.26)  Batch time: 0.27(0.27)
2026-05-04 22:20:58,629   INFO  
2026-05-04 22:21:11,768   INFO  Train:   56/80 ( 70%) [ 164/167 ( 98%)]  Loss: 1.256 (0.979)  LR: 1.502e-03  Time cost: 00:44/00:00 [41:22/17:51]  Acc_iter 9350        Data time: 0.00(0.00)  Forward time: 0.26(0.26)  Batch time: 0.26(0.27)
2026-05-04 22:21:12,182   INFO  Train:   56/80 ( 70%) [ 166/167 ( 99%)]  Loss: 0.9389 (0.977)  LR: 1.501e-03  Time cost: 00:44/00:00 [41:22/17:47]  Acc_iter 9352        Data time: 0.00(0.00)  Forward time: 0.19(0.26)  Batch time: 0.19(0.27)
2026-05-04 22:21:13,297   INFO  Train:   57/80 ( 71%) [   0/167 (  0%)]  Loss: 1.053 (1.05)  LR: 1.500e-03  Time cost: 00:00/02:16 [41:23/54:34]  Acc_iter 9353        Data time: 0.43(0.43)  Forward time: 0.39(0.39)  Batch time: 0.82(0.82)
2026-05-04 22:21:25,672   INFO  Train:   57/80 ( 71%) [  47/167 ( 28%)]  Loss: 1.242 (0.952)  LR: 1.472e-03  Time cost: 00:13/00:32 [41:36/18:08]  Acc_iter 9400        Data time: 0.00(0.01)  Forward time: 0.29(0.26)  Batch time: 0.29(0.27)
2026-05-04 22:21:38,846   INFO  Train:   57/80 ( 71%) [  97/167 ( 58%)]  Loss: 1.060 (0.970)  LR: 1.443e-03  Time cost: 00:26/00:18 [41:49/17:32]  Acc_iter 9450        Data time: 0.00(0.01)  Forward time: 0.28(0.26)  Batch time: 0.28(0.27)
2026-05-04 22:21:38,937   INFO  
2026-05-04 22:21:51,993   INFO  Train:   57/80 ( 71%) [ 147/167 ( 88%)]  Loss: 0.9002 (0.967)  LR: 1.414e-03  Time cost: 00:39/00:05 [42:02/17:10]  Acc_iter 9500        Data time: 0.00(0.00)  Forward time: 0.27(0.26)  Batch time: 0.27(0.27)
2026-05-04 22:21:56,784   INFO  Train:   57/80 ( 71%) [ 166/167 ( 99%)]  Loss: 0.8160 (0.967)  LR: 1.402e-03  Time cost: 00:44/00:00 [42:07/16:59]  Acc_iter 9519        Data time: 0.00(0.00)  Forward time: 0.20(0.26)  Batch time: 0.20(0.27)
2026-05-04 22:21:57,895   INFO  Train:   58/80 ( 72%) [   0/167 (  0%)]  Loss: 0.9277 (0.928)  LR: 1.402e-03  Time cost: 00:00/02:17 [42:08/52:46]  Acc_iter 9520        Data time: 0.47(0.47)  Forward time: 0.36(0.36)  Batch time: 0.82(0.82)
2026-05-04 22:22:05,744   INFO  Train:   58/80 ( 72%) [  30/167 ( 18%)]  Loss: 1.085 (0.911)  LR: 1.384e-03  Time cost: 00:08/00:38 [42:16/17:46]  Acc_iter 9550        Data time: 0.00(0.02)  Forward time: 0.28(0.26)  Batch time: 0.28(0.28)
2026-05-04 22:22:19,007   INFO  Train:   58/80 ( 72%) [  80/167 ( 48%)]  Loss: 0.8744 (0.931)  LR: 1.355e-03  Time cost: 00:21/00:23 [42:29/16:58]  Acc_iter 9600        Data time: 0.00(0.01)  Forward time: 0.24(0.26)  Batch time: 0.25(0.27)
2026-05-04 22:22:19,104   INFO  
2026-05-04 22:22:32,580   INFO  Train:   58/80 ( 72%) [ 130/167 ( 78%)]  Loss: 0.7129 (0.929)  LR: 1.326e-03  Time cost: 00:35/00:10 [42:43/16:45]  Acc_iter 9650        Data time: 0.00(0.01)  Forward time: 0.28(0.27)  Batch time: 0.28(0.27)
2026-05-04 22:22:41,888   INFO  Train:   58/80 ( 72%) [ 166/167 ( 99%)]  Loss: 0.9135 (0.923)  LR: 1.305e-03  Time cost: 00:44/00:00 [42:52/16:26]  Acc_iter 9686        Data time: 0.00(0.00)  Forward time: 0.17(0.26)  Batch time: 0.17(0.27)
2026-05-04 22:22:42,973   INFO  Train:   59/80 ( 74%) [   0/167 (  0%)]  Loss: 0.8683 (0.868)  LR: 1.304e-03  Time cost: 00:00/02:09 [42:53/47:33]  Acc_iter 9687        Data time: 0.29(0.29)  Forward time: 0.49(0.49)  Batch time: 0.78(0.78)
2026-05-04 22:22:46,433   INFO  Train:   59/80 ( 74%) [  13/167 (  8%)]  Loss: 1.057 (0.926)  LR: 1.297e-03  Time cost: 00:04/00:46 [42:56/18:27]  Acc_iter 9700        Data time: 0.00(0.02)  Forward time: 0.30(0.28)  Batch time: 0.30(0.30)
2026-05-04 22:22:59,504   INFO  Train:   59/80 ( 74%) [  63/167 ( 38%)]  Loss: 0.9886 (0.931)  LR: 1.268e-03  Time cost: 00:17/00:28 [43:09/16:16]  Acc_iter 9750        Data time: 0.00(0.01)  Forward time: 0.24(0.27)  Batch time: 0.24(0.27)
2026-05-04 22:22:59,598   INFO  
2026-05-04 22:23:12,837   INFO  Train:   59/80 ( 74%) [ 113/167 ( 68%)]  Loss: 0.8876 (0.925)  LR: 1.239e-03  Time cost: 00:30/00:14 [43:23/15:57]  Acc_iter 9800        Data time: 0.00(0.00)  Forward time: 0.25(0.26)  Batch time: 0.25(0.27)
2026-05-04 22:23:26,437   INFO  Train:   59/80 ( 74%) [ 163/167 ( 98%)]  Loss: 1.147 (0.927)  LR: 1.210e-03  Time cost: 00:44/00:01 [43:36/15:47]  Acc_iter 9850        Data time: 0.00(0.00)  Forward time: 0.27(0.27)  Batch time: 0.27(0.27)
2026-05-04 22:23:27,143   INFO  Train:   59/80 ( 74%) [ 166/167 ( 99%)]  Loss: 1.218 (0.928)  LR: 1.208e-03  Time cost: 00:44/00:00 [43:37/15:44]  Acc_iter 9853        Data time: 0.00(0.00)  Forward time: 0.21(0.27)  Batch time: 0.21(0.27)
2026-05-04 22:23:28,223   INFO  Train:   60/80 ( 75%) [   0/167 (  0%)]  Loss: 0.7548 (0.755)  LR: 1.207e-03  Time cost: 00:00/02:09 [43:38/45:16]  Acc_iter 9854        Data time: 0.46(0.46)  Forward time: 0.32(0.32)  Batch time: 0.77(0.77)
2026-05-04 22:23:40,490   INFO  Train:   60/80 ( 75%) [  46/167 ( 28%)]  Loss: 1.034 (0.875)  LR: 1.181e-03  Time cost: 00:13/00:33 [43:50/16:00]  Acc_iter 9900        Data time: 0.00(0.01)  Forward time: 0.27(0.27)  Batch time: 0.27(0.28)
2026-05-04 22:23:40,583   INFO  
2026-05-04 22:23:53,850   INFO  Train:   60/80 ( 75%) [  96/167 ( 57%)]  Loss: 1.220 (0.882)  LR: 1.152e-03  Time cost: 00:26/00:19 [44:04/15:28]  Acc_iter 9950        Data time: 0.00(0.01)  Forward time: 0.29(0.27)  Batch time: 0.29(0.27)
2026-05-04 22:24:07,130   INFO  Train:   60/80 ( 75%) [ 146/167 ( 87%)]  Loss: 0.8973 (0.884)  LR: 1.124e-03  Time cost: 00:39/00:05 [44:17/15:07]  Acc_iter 10000       Data time: 0.00(0.00)  Forward time: 0.26(0.27)  Batch time: 0.27(0.27)
2026-05-04 22:24:12,381   INFO  Train:   60/80 ( 75%) [ 166/167 ( 99%)]  Loss: 0.9284 (0.890)  LR: 1.112e-03  Time cost: 00:44/00:00 [44:22/14:58]  Acc_iter 10020       Data time: 0.00(0.00)  Forward time: 0.20(0.26)  Batch time: 0.21(0.27)
2026-05-04 22:24:13,523   INFO  Train:   61/80 ( 76%) [   0/167 (  0%)]  Loss: 1.033 (1.03)  LR: 1.112e-03  Time cost: 00:00/02:22 [44:24/47:35]  Acc_iter 10021       Data time: 0.48(0.48)  Forward time: 0.37(0.37)  Batch time: 0.85(0.85)
2026-05-04 22:24:21,309   INFO  Train:   61/80 ( 76%) [  29/167 ( 17%)]  Loss: 0.8986 (0.916)  LR: 1.095e-03  Time cost: 00:08/00:39 [44:31/15:53]  Acc_iter 10050       Data time: 0.00(0.02)  Forward time: 0.25(0.27)  Batch time: 0.25(0.29)
2026-05-04 22:24:21,404   INFO  
2026-05-04 22:24:34,761   INFO  Train:   61/80 ( 76%) [  79/167 ( 47%)]  Loss: 0.8656 (0.890)  LR: 1.067e-03  Time cost: 00:22/00:24 [44:45/15:00]  Acc_iter 10100       Data time: 0.00(0.01)  Forward time: 0.25(0.27)  Batch time: 0.25(0.28)
2026-05-04 22:24:48,072   INFO  Train:   61/80 ( 76%) [ 129/167 ( 77%)]  Loss: 0.9218 (0.888)  LR: 1.039e-03  Time cost: 00:35/00:10 [44:58/14:34]  Acc_iter 10150       Data time: 0.00(0.01)  Forward time: 0.28(0.27)  Batch time: 0.28(0.27)
2026-05-04 22:24:57,708   INFO  Train:   61/80 ( 76%) [ 166/167 ( 99%)]  Loss: 0.9806 (0.915)  LR: 1.018e-03  Time cost: 00:45/00:00 [45:08/14:16]  Acc_iter 10187       Data time: 0.00(0.00)  Forward time: 0.23(0.27)  Batch time: 0.23(0.27)
2026-05-04 22:24:58,894   INFO  Train:   62/80 ( 78%) [   0/167 (  0%)]  Loss: 0.8103 (0.810)  LR: 1.018e-03  Time cost: 00:00/02:26 [45:09/46:28]  Acc_iter 10188       Data time: 0.45(0.45)  Forward time: 0.43(0.43)  Batch time: 0.88(0.88)
2026-05-04 22:25:02,071   INFO  Train:   62/80 ( 78%) [  12/167 (  7%)]  Loss: 0.9268 (0.912)  LR: 1.011e-03  Time cost: 00:04/00:48 [45:12/16:26]  Acc_iter 10200       Data time: 0.00(0.04)  Forward time: 0.25(0.28)  Batch time: 0.25(0.31)
2026-05-04 22:25:02,168   INFO  
2026-05-04 22:25:15,515   INFO  Train:   62/80 ( 78%) [  62/167 ( 37%)]  Loss: 0.9540 (0.909)  LR: 9.835e-04  Time cost: 00:17/00:29 [45:26/14:24]  Acc_iter 10250       Data time: 0.00(0.01)  Forward time: 0.26(0.27)  Batch time: 0.27(0.28)
2026-05-04 22:25:28,697   INFO  Train:   62/80 ( 78%) [ 112/167 ( 67%)]  Loss: 0.9886 (0.877)  LR: 9.560e-04  Time cost: 00:30/00:14 [45:39/13:51]  Acc_iter 10300       Data time: 0.00(0.01)  Forward time: 0.27(0.27)  Batch time: 0.27(0.27)
2026-05-04 22:25:41,826   INFO  Train:   62/80 ( 78%) [ 162/167 ( 97%)]  Loss: 0.7951 (0.878)  LR: 9.287e-04  Time cost: 00:43/00:01 [45:52/13:29]  Acc_iter 10350       Data time: 0.00(0.00)  Forward time: 0.25(0.26)  Batch time: 0.25(0.27)
2026-05-04 22:25:41,917   INFO  
2026-05-04 22:25:42,909   INFO  Train:   62/80 ( 78%) [ 166/167 ( 99%)]  Loss: 0.7942 (0.880)  LR: 9.265e-04  Time cost: 00:44/00:00 [45:53/13:28]  Acc_iter 10354       Data time: 0.00(0.00)  Forward time: 0.19(0.26)  Batch time: 0.19(0.27)
2026-05-04 22:25:43,988   INFO  Train:   63/80 ( 79%) [   0/167 (  0%)]  Loss: 0.8817 (0.882)  LR: 9.260e-04  Time cost: 00:00/02:11 [45:54/39:28]  Acc_iter 10355       Data time: 0.47(0.47)  Forward time: 0.32(0.32)  Batch time: 0.79(0.79)
2026-05-04 22:25:55,969   INFO  Train:   63/80 ( 79%) [  45/167 ( 27%)]  Loss: 0.7928 (0.871)  LR: 9.016e-04  Time cost: 00:12/00:33 [46:06/13:41]  Acc_iter 10400       Data time: 0.00(0.01)  Forward time: 0.25(0.27)  Batch time: 0.25(0.28)
2026-05-04 22:26:08,992   INFO  Train:   63/80 ( 79%) [  95/167 ( 57%)]  Loss: 1.180 (0.857)  LR: 8.748e-04  Time cost: 00:25/00:19 [46:19/13:02]  Acc_iter 10450       Data time: 0.00(0.01)  Forward time: 0.26(0.26)  Batch time: 0.26(0.27)
2026-05-04 22:26:22,599   INFO  Train:   63/80 ( 79%) [ 145/167 ( 87%)]  Loss: 1.303 (0.874)  LR: 8.482e-04  Time cost: 00:39/00:05 [46:33/12:52]  Acc_iter 10500       Data time: 0.00(0.00)  Forward time: 0.30(0.27)  Batch time: 0.30(0.27)
2026-05-04 22:26:22,693   INFO  
2026-05-04 22:26:28,142   INFO  Train:   63/80 ( 79%) [ 166/167 ( 99%)]  Loss: 0.8834 (0.870)  LR: 8.371e-04  Time cost: 00:44/00:00 [46:38/12:44]  Acc_iter 10521       Data time: 0.00(0.00)  Forward time: 0.18(0.26)  Batch time: 0.18(0.27)
2026-05-04 22:26:29,199   INFO  Train:   64/80 ( 80%) [   0/167 (  0%)]  Loss: 0.7158 (0.716)  LR: 8.366e-04  Time cost: 00:00/02:08 [46:39/36:30]  Acc_iter 10522       Data time: 0.36(0.36)  Forward time: 0.41(0.41)  Batch time: 0.77(0.77)
2026-05-04 22:26:36,948   INFO  Train:   64/80 ( 80%) [  28/167 ( 17%)]  Loss: 1.022 (0.880)  LR: 8.219e-04  Time cost: 00:08/00:40 [46:47/13:45]  Acc_iter 10550       Data time: 0.00(0.01)  Forward time: 0.29(0.28)  Batch time: 0.29(0.29)
2026-05-04 22:26:50,311   INFO  Train:   64/80 ( 80%) [  78/167 ( 47%)]  Loss: 0.8230 (0.848)  LR: 7.958e-04  Time cost: 00:21/00:24 [47:00/12:44]  Acc_iter 10600       Data time: 0.00(0.01)  Forward time: 0.28(0.27)  Batch time: 0.28(0.28)
2026-05-04 22:27:03,357   INFO  Train:   64/80 ( 80%) [ 128/167 ( 77%)]  Loss: 0.7796 (0.835)  LR: 7.700e-04  Time cost: 00:34/00:10 [47:13/12:14]  Acc_iter 10650       Data time: 0.00(0.00)  Forward time: 0.26(0.27)  Batch time: 0.26(0.27)
2026-05-04 22:27:03,451   INFO  
2026-05-04 22:27:13,340   INFO  Train:   64/80 ( 80%) [ 166/167 ( 99%)]  Loss: 0.8701 (0.843)  LR: 7.505e-04  Time cost: 00:44/00:00 [47:23/11:58]  Acc_iter 10688       Data time: 0.00(0.00)  Forward time: 0.18(0.27)  Batch time: 0.18(0.27)
2026-05-04 22:27:14,532   INFO  Train:   65/80 ( 81%) [   0/167 (  0%)]  Loss: 1.018 (1.02)  LR: 7.500e-04  Time cost: 00:00/02:26 [47:25/39:06]  Acc_iter 10689       Data time: 0.44(0.44)  Forward time: 0.44(0.44)  Batch time: 0.88(0.88)
2026-05-04 22:27:17,499   INFO  Train:   65/80 ( 81%) [  11/167 (  7%)]  Loss: 0.7984 (0.867)  LR: 7.444e-04  Time cost: 00:03/00:49 [47:27/14:12]  Acc_iter 10700       Data time: 0.00(0.04)  Forward time: 0.30(0.28)  Batch time: 0.30(0.32)
2026-05-04 22:27:30,801   INFO  Train:   65/80 ( 81%) [  61/167 ( 37%)]  Loss: 0.7129 (0.841)  LR: 7.192e-04  Time cost: 00:17/00:29 [47:41/12:02]  Acc_iter 10750       Data time: 0.00(0.01)  Forward time: 0.26(0.27)  Batch time: 0.26(0.28)
2026-05-04 22:27:43,772   INFO  Train:   65/80 ( 81%) [ 111/167 ( 66%)]  Loss: 0.9915 (0.839)  LR: 6.942e-04  Time cost: 00:30/00:15 [47:54/11:28]  Acc_iter 10800       Data time: 0.00(0.00)  Forward time: 0.28(0.26)  Batch time: 0.28(0.27)
2026-05-04 22:27:43,869   INFO  
2026-05-04 22:27:56,969   INFO  Train:   65/80 ( 81%) [ 161/167 ( 96%)]  Loss: 0.6825 (0.832)  LR: 6.696e-04  Time cost: 00:43/00:01 [48:07/11:11]  Acc_iter 10850       Data time: 0.00(0.00)  Forward time: 0.24(0.26)  Batch time: 0.24(0.27)
2026-05-04 22:27:58,176   INFO  Train:   65/80 ( 81%) [ 166/167 ( 99%)]  Loss: 0.9622 (0.831)  LR: 6.672e-04  Time cost: 00:44/00:00 [48:08/11:08]  Acc_iter 10855       Data time: 0.00(0.00)  Forward time: 0.19(0.26)  Batch time: 0.19(0.27)
2026-05-04 22:27:59,301   INFO  Train:   66/80 ( 82%) [   0/167 (  0%)]  Loss: 0.7735 (0.773)  LR: 6.667e-04  Time cost: 00:00/02:16 [48:09/34:07]  Acc_iter 10856       Data time: 0.43(0.43)  Forward time: 0.39(0.39)  Batch time: 0.82(0.82)
2026-05-04 22:28:10,981   INFO  Train:   66/80 ( 82%) [  44/167 ( 26%)]  Loss: 0.7526 (0.827)  LR: 6.453e-04  Time cost: 00:12/00:34 [48:21/11:23]  Acc_iter 10900       Data time: 0.00(0.01)  Forward time: 0.28(0.27)  Batch time: 0.28(0.28)
2026-05-04 22:28:24,208   INFO  Train:   66/80 ( 82%) [  94/167 ( 56%)]  Loss: 0.7715 (0.819)  LR: 6.213e-04  Time cost: 00:25/00:19 [48:34/10:52]  Acc_iter 10950       Data time: 0.00(0.01)  Forward time: 0.27(0.27)  Batch time: 0.27(0.27)
2026-05-04 22:28:24,307   INFO  
2026-05-04 22:28:37,598   INFO  Train:   66/80 ( 82%) [ 144/167 ( 86%)]  Loss: 0.8955 (0.822)  LR: 5.976e-04  Time cost: 00:39/00:06 [48:48/10:36]  Acc_iter 11000       Data time: 0.00(0.00)  Forward time: 0.26(0.27)  Batch time: 0.26(0.27)
2026-05-04 22:28:43,306   INFO  Train:   66/80 ( 82%) [ 166/167 ( 99%)]  Loss: 0.8662 (0.824)  LR: 5.873e-04  Time cost: 00:44/00:00 [48:53/10:27]  Acc_iter 11022       Data time: 0.00(0.00)  Forward time: 0.18(0.26)  Batch time: 0.18(0.27)
2026-05-04 22:28:44,467   INFO  Train:   67/80 ( 84%) [   0/167 (  0%)]  Loss: 1.226 (1.23)  LR: 5.869e-04  Time cost: 00:00/02:22 [48:54/33:08]  Acc_iter 11023       Data time: 0.43(0.43)  Forward time: 0.42(0.42)  Batch time: 0.85(0.85)
2026-05-04 22:28:51,572   INFO  Train:   67/80 ( 84%) [  27/167 ( 16%)]  Loss: 1.004 (0.825)  LR: 5.743e-04  Time cost: 00:07/00:39 [49:02/10:56]  Acc_iter 11050       Data time: 0.00(0.02)  Forward time: 0.27(0.27)  Batch time: 0.27(0.28)
2026-05-04 22:29:05,150   INFO  Train:   67/80 ( 84%) [  77/167 ( 46%)]  Loss: 0.8080 (0.826)  LR: 5.514e-04  Time cost: 00:21/00:24 [49:15/10:24]  Acc_iter 11100       Data time: 0.00(0.01)  Forward time: 0.24(0.27)  Batch time: 0.25(0.28)
2026-05-04 22:29:05,243   INFO  
2026-05-04 22:29:18,363   INFO  Train:   67/80 ( 84%) [ 127/167 ( 76%)]  Loss: 0.8407 (0.817)  LR: 5.288e-04  Time cost: 00:34/00:10 [49:28/10:00]  Acc_iter 11150       Data time: 0.00(0.01)  Forward time: 0.28(0.27)  Batch time: 0.28(0.27)
2026-05-04 22:29:28,568   INFO  Train:   67/80 ( 84%) [ 166/167 ( 99%)]  Loss: 0.8251 (0.815)  LR: 5.114e-04  Time cost: 00:44/00:00 [49:39/09:44]  Acc_iter 11189       Data time: 0.00(0.00)  Forward time: 0.19(0.27)  Batch time: 0.20(0.27)
2026-05-04 22:29:29,665   INFO  Train:   68/80 ( 85%) [   0/167 (  0%)]  Loss: 0.5280 (0.528)  LR: 5.110e-04  Time cost: 00:00/02:12 [49:40/28:44]  Acc_iter 11190       Data time: 0.46(0.46)  Forward time: 0.34(0.34)  Batch time: 0.79(0.79)
2026-05-04 22:29:32,345   INFO  Train:   68/80 ( 85%) [  10/167 (  6%)]  Loss: 1.030 (0.804)  LR: 5.066e-04  Time cost: 00:03/00:49 [49:42/11:22]  Acc_iter 11200       Data time: 0.00(0.04)  Forward time: 0.25(0.27)  Batch time: 0.25(0.32)
2026-05-04 22:29:45,766   INFO  Train:   68/80 ( 85%) [  60/167 ( 36%)]  Loss: 0.5187 (0.801)  LR: 4.848e-04  Time cost: 00:16/00:29 [49:56/09:44]  Acc_iter 11250       Data time: 0.00(0.01)  Forward time: 0.25(0.27)  Batch time: 0.25(0.28)
2026-05-04 22:29:45,862   INFO  
2026-05-04 22:29:59,262   INFO  Train:   68/80 ( 85%) [ 110/167 ( 66%)]  Loss: 0.5270 (0.787)  LR: 4.633e-04  Time cost: 00:30/00:15 [50:09/09:24]  Acc_iter 11300       Data time: 0.00(0.01)  Forward time: 0.25(0.27)  Batch time: 0.25(0.27)
2026-05-04 22:30:12,753   INFO  Train:   68/80 ( 85%) [ 160/167 ( 96%)]  Loss: 1.030 (0.804)  LR: 4.423e-04  Time cost: 00:43/00:01 [50:23/09:08]  Acc_iter 11350       Data time: 0.00(0.00)  Forward time: 0.24(0.27)  Batch time: 0.24(0.27)
2026-05-04 22:30:14,249   INFO  Train:   68/80 ( 85%) [ 166/167 ( 99%)]  Loss: 0.7565 (0.808)  LR: 4.398e-04  Time cost: 00:45/00:00 [50:24/09:04]  Acc_iter 11356       Data time: 0.00(0.00)  Forward time: 0.21(0.27)  Batch time: 0.21(0.27)
2026-05-04 22:30:15,363   INFO  Train:   69/80 ( 86%) [   0/167 (  0%)]  Loss: 0.8599 (0.860)  LR: 4.394e-04  Time cost: 00:00/02:17 [50:25/27:30]  Acc_iter 11357       Data time: 0.41(0.41)  Forward time: 0.42(0.42)  Batch time: 0.82(0.82)
2026-05-04 22:30:27,064   INFO  Train:   69/80 ( 86%) [  43/167 ( 26%)]  Loss: 0.6451 (0.805)  LR: 4.216e-04  Time cost: 00:12/00:35 [50:37/09:18]  Acc_iter 11400       Data time: 0.00(0.01)  Forward time: 0.26(0.27)  Batch time: 0.26(0.28)
2026-05-04 22:30:27,159   INFO  
2026-05-04 22:30:40,612   INFO  Train:   69/80 ( 86%) [  93/167 ( 56%)]  Loss: 0.7043 (0.805)  LR: 4.014e-04  Time cost: 00:26/00:20 [50:51/08:50]  Acc_iter 11450       Data time: 0.00(0.01)  Forward time: 0.28(0.27)  Batch time: 0.28(0.28)
2026-05-04 22:30:53,793   INFO  Train:   69/80 ( 86%) [ 143/167 ( 86%)]  Loss: 0.8866 (0.800)  LR: 3.816e-04  Time cost: 00:39/00:06 [51:04/08:27]  Acc_iter 11500       Data time: 0.00(0.00)  Forward time: 0.24(0.27)  Batch time: 0.24(0.27)
2026-05-04 22:30:59,710   INFO  Train:   69/80 ( 86%) [ 166/167 ( 99%)]  Loss: 0.7161 (0.795)  LR: 3.727e-04  Time cost: 00:45/00:00 [51:10/08:17]  Acc_iter 11523       Data time: 0.00(0.00)  Forward time: 0.18(0.27)  Batch time: 0.18(0.27)
2026-05-04 22:31:00,835   INFO  Train:   70/80 ( 88%) [   0/167 (  0%)]  Loss: 0.6696 (0.670)  LR: 3.723e-04  Time cost: 00:00/02:15 [51:11/24:51]  Acc_iter 11524       Data time: 0.31(0.31)  Forward time: 0.51(0.51)  Batch time: 0.81(0.81)
2026-05-04 22:31:08,000   INFO  Train:   70/80 ( 88%) [  26/167 ( 16%)]  Loss: 1.008 (0.797)  LR: 3.622e-04  Time cost: 00:07/00:41 [51:18/08:55]  Acc_iter 11550       Data time: 0.00(0.01)  Forward time: 0.30(0.28)  Batch time: 0.31(0.30)
2026-05-04 22:31:08,095   INFO  
2026-05-04 22:31:21,445   INFO  Train:   70/80 ( 88%) [  76/167 ( 46%)]  Loss: 1.035 (0.786)  LR: 3.433e-04  Time cost: 00:21/00:25 [51:31/08:09]  Acc_iter 11600       Data time: 0.00(0.01)  Forward time: 0.27(0.27)  Batch time: 0.27(0.28)
2026-05-04 22:31:34,607   INFO  Train:   70/80 ( 88%) [ 126/167 ( 75%)]  Loss: 0.6413 (0.787)  LR: 3.248e-04  Time cost: 00:34/00:11 [51:45/07:45]  Acc_iter 11650       Data time: 0.00(0.00)  Forward time: 0.26(0.27)  Batch time: 0.26(0.27)
2026-05-04 22:31:45,090   INFO  Train:   70/80 ( 88%) [ 166/167 ( 99%)]  Loss: 1.478 (0.794)  LR: 3.104e-04  Time cost: 00:45/00:00 [51:55/07:30]  Acc_iter 11690       Data time: 0.00(0.00)  Forward time: 0.17(0.27)  Batch time: 0.18(0.27)
2026-05-04 22:31:46,210   INFO  Train:   71/80 ( 89%) [   0/167 (  0%)]  Loss: 0.7653 (0.765)  LR: 3.100e-04  Time cost: 00:00/02:19 [51:56/23:18]  Acc_iter 11691       Data time: 0.46(0.46)  Forward time: 0.37(0.37)  Batch time: 0.84(0.84)
2026-05-04 22:31:48,632   INFO  Train:   71/80 ( 89%) [   9/167 (  5%)]  Loss: 0.9304 (0.780)  LR: 3.068e-04  Time cost: 00:03/00:51 [51:59/09:01]  Acc_iter 11700       Data time: 0.00(0.05)  Forward time: 0.26(0.28)  Batch time: 0.26(0.33)
2026-05-04 22:31:48,740   INFO  
2026-05-04 22:32:01,929   INFO  Train:   71/80 ( 89%) [  59/167 ( 35%)]  Loss: 0.9132 (0.760)  LR: 2.892e-04  Time cost: 00:16/00:29 [52:12/07:24]  Acc_iter 11750       Data time: 0.00(0.01)  Forward time: 0.24(0.27)  Batch time: 0.24(0.28)
2026-05-04 22:32:15,402   INFO  Train:   71/80 ( 89%) [ 109/167 ( 65%)]  Loss: 0.6315 (0.796)  LR: 2.721e-04  Time cost: 00:30/00:15 [52:25/07:06]  Acc_iter 11800       Data time: 0.00(0.01)  Forward time: 0.27(0.27)  Batch time: 0.27(0.27)
2026-05-04 22:32:28,909   INFO  Train:   71/80 ( 89%) [ 159/167 ( 95%)]  Loss: 1.018 (0.788)  LR: 2.554e-04  Time cost: 00:43/00:02 [52:39/06:51]  Acc_iter 11850       Data time: 0.00(0.00)  Forward time: 0.29(0.27)  Batch time: 0.29(0.27)
2026-05-04 22:32:29,004   INFO  
2026-05-04 22:32:30,685   INFO  Train:   71/80 ( 89%) [ 166/167 ( 99%)]  Loss: 1.059 (0.790)  LR: 2.531e-04  Time cost: 00:45/00:00 [52:41/06:48]  Acc_iter 11857       Data time: 0.00(0.00)  Forward time: 0.19(0.27)  Batch time: 0.19(0.27)
2026-05-04 22:32:31,811   INFO  Train:   72/80 ( 90%) [   0/167 (  0%)]  Loss: 1.224 (1.22)  LR: 2.528e-04  Time cost: 00:00/02:18 [52:42/20:48]  Acc_iter 11858       Data time: 0.49(0.49)  Forward time: 0.34(0.34)  Batch time: 0.83(0.83)
2026-05-04 22:32:43,043   INFO  Train:   72/80 ( 90%) [  42/167 ( 25%)]  Loss: 1.021 (0.806)  LR: 2.393e-04  Time cost: 00:12/00:35 [52:53/06:49]  Acc_iter 11900       Data time: 0.00(0.01)  Forward time: 0.28(0.27)  Batch time: 0.28(0.28)
2026-05-04 22:32:56,076   INFO  Train:   72/80 ( 90%) [  92/167 ( 55%)]  Loss: 0.4438 (0.773)  LR: 2.236e-04  Time cost: 00:25/00:20 [53:06/06:20]  Acc_iter 11950       Data time: 0.00(0.01)  Forward time: 0.25(0.26)  Batch time: 0.25(0.27)
2026-05-04 22:33:09,144   INFO  Train:   72/80 ( 90%) [ 142/167 ( 85%)]  Loss: 1.029 (0.773)  LR: 2.084e-04  Time cost: 00:38/00:06 [53:19/06:03]  Acc_iter 12000       Data time: 0.00(0.00)  Forward time: 0.24(0.26)  Batch time: 0.25(0.27)
2026-05-04 22:33:09,236   INFO  
2026-05-04 22:33:15,546   INFO  Train:   72/80 ( 90%) [ 166/167 ( 99%)]  Loss: 0.8622 (0.767)  LR: 2.013e-04  Time cost: 00:44/00:00 [53:26/05:56]  Acc_iter 12024       Data time: 0.00(0.00)  Forward time: 0.20(0.26)  Batch time: 0.20(0.27)
2026-05-04 22:33:16,654   INFO  Train:   73/80 ( 91%) [   0/167 (  0%)]  Loss: 0.4973 (0.497)  LR: 2.010e-04  Time cost: 00:00/02:13 [53:27/17:46]  Acc_iter 12025       Data time: 0.40(0.40)  Forward time: 0.40(0.40)  Batch time: 0.80(0.80)
2026-05-04 22:33:23,243   INFO  Train:   73/80 ( 91%) [  25/167 ( 15%)]  Loss: 0.8777 (0.732)  LR: 1.937e-04  Time cost: 00:07/00:40 [53:33/06:12]  Acc_iter 12050       Data time: 0.00(0.02)  Forward time: 0.27(0.27)  Batch time: 0.27(0.28)
2026-05-04 22:33:36,707   INFO  Train:   73/80 ( 91%) [  75/167 ( 45%)]  Loss: 0.7786 (0.743)  LR: 1.795e-04  Time cost: 00:20/00:25 [53:47/05:45]  Acc_iter 12100       Data time: 0.00(0.01)  Forward time: 0.29(0.27)  Batch time: 0.29(0.27)
2026-05-04 22:33:50,170   INFO  Train:   73/80 ( 91%) [ 125/167 ( 75%)]  Loss: 0.6301 (0.764)  LR: 1.658e-04  Time cost: 00:34/00:11 [54:00/05:29]  Acc_iter 12150       Data time: 0.00(0.00)  Forward time: 0.27(0.27)  Batch time: 0.27(0.27)
2026-05-04 22:33:50,263   INFO  
2026-05-04 22:34:00,957   INFO  Train:   73/80 ( 91%) [ 166/167 ( 99%)]  Loss: 0.8764 (0.764)  LR: 1.550e-04  Time cost: 00:45/00:00 [54:11/05:15]  Acc_iter 12191       Data time: 0.00(0.00)  Forward time: 0.20(0.27)  Batch time: 0.20(0.27)
2026-05-04 22:34:02,089   INFO  Train:   74/80 ( 92%) [   0/167 (  0%)]  Loss: 0.8905 (0.891)  LR: 1.547e-04  Time cost: 00:00/02:16 [54:12/15:56]  Acc_iter 12192       Data time: 0.34(0.34)  Forward time: 0.48(0.48)  Batch time: 0.82(0.82)
2026-05-04 22:34:04,176   INFO  Train:   74/80 ( 92%) [   8/167 (  5%)]  Loss: 0.6732 (0.715)  LR: 1.526e-04  Time cost: 00:02/00:51 [54:14/06:14]  Acc_iter 12200       Data time: 0.00(0.04)  Forward time: 0.28(0.28)  Batch time: 0.28(0.32)
2026-05-04 22:34:17,586   INFO  Train:   74/80 ( 92%) [  58/167 ( 35%)]  Loss: 1.123 (0.764)  LR: 1.400e-04  Time cost: 00:16/00:30 [54:28/05:07]  Acc_iter 12250       Data time: 0.00(0.01)  Forward time: 0.26(0.27)  Batch time: 0.26(0.28)
2026-05-04 22:34:30,778   INFO  Train:   74/80 ( 92%) [ 108/167 ( 65%)]  Loss: 0.5631 (0.773)  LR: 1.279e-04  Time cost: 00:29/00:15 [54:41/04:47]  Acc_iter 12300       Data time: 0.00(0.00)  Forward time: 0.23(0.27)  Batch time: 0.23(0.27)
2026-05-04 22:34:30,867   INFO  
2026-05-04 22:34:43,918   INFO  Train:   74/80 ( 92%) [ 158/167 ( 95%)]  Loss: 0.5418 (0.754)  LR: 1.162e-04  Time cost: 00:42/00:02 [54:54/04:31]  Acc_iter 12350       Data time: 0.00(0.00)  Forward time: 0.25(0.26)  Batch time: 0.25(0.27)
2026-05-04 22:34:45,909   INFO  Train:   74/80 ( 92%) [ 166/167 ( 99%)]  Loss: 0.5527 (0.753)  LR: 1.144e-04  Time cost: 00:44/00:00 [54:56/04:28]  Acc_iter 12358       Data time: 0.00(0.00)  Forward time: 0.18(0.26)  Batch time: 0.18(0.27)
2026-05-04 22:34:46,973   INFO  Train:   75/80 ( 94%) [   0/167 (  0%)]  Loss: 0.6131 (0.613)  LR: 1.142e-04  Time cost: 00:00/02:09 [54:57/12:57]  Acc_iter 12359       Data time: 0.42(0.42)  Forward time: 0.36(0.36)  Batch time: 0.78(0.78)
2026-05-04 22:34:57,638   INFO  Train:   75/80 ( 94%) [  41/167 ( 25%)]  Loss: 0.6870 (0.716)  LR: 1.052e-04  Time cost: 00:11/00:34 [55:08/04:21]  Acc_iter 12400       Data time: 0.00(0.01)  Forward time: 0.27(0.26)  Batch time: 0.27(0.27)
2026-05-04 22:35:10,997   INFO  Train:   75/80 ( 94%) [  91/167 ( 54%)]  Loss: 0.5602 (0.734)  LR: 9.462e-05  Time cost: 00:24/00:20 [55:21/04:05]  Acc_iter 12450       Data time: 0.00(0.01)  Forward time: 0.26(0.26)  Batch time: 0.26(0.27)
2026-05-04 22:35:11,097   INFO  
2026-05-04 22:35:24,418   INFO  Train:   75/80 ( 94%) [ 141/167 ( 84%)]  Loss: 0.7929 (0.756)  LR: 8.462e-05  Time cost: 00:38/00:06 [55:34/03:51]  Acc_iter 12500       Data time: 0.00(0.00)  Forward time: 0.27(0.26)  Batch time: 0.27(0.27)
2026-05-04 22:35:30,841   INFO  Train:   75/80 ( 94%) [ 166/167 ( 99%)]  Loss: 0.8001 (0.758)  LR: 7.982e-05  Time cost: 00:44/00:00 [55:41/03:43]  Acc_iter 12525       Data time: 0.00(0.00)  Forward time: 0.18(0.26)  Batch time: 0.18(0.27)
2026-05-04 22:35:31,952   INFO  Train:   76/80 ( 95%) [   0/167 (  0%)]  Loss: 0.9302 (0.930)  LR: 7.963e-05  Time cost: 00:00/02:17 [55:42/11:28]  Acc_iter 12526       Data time: 0.48(0.48)  Forward time: 0.34(0.34)  Batch time: 0.82(0.82)
2026-05-04 22:35:38,221   INFO  Train:   76/80 ( 95%) [  24/167 ( 14%)]  Loss: 0.9024 (0.763)  LR: 7.516e-05  Time cost: 00:07/00:40 [55:48/03:50]  Acc_iter 12550       Data time: 0.00(0.02)  Forward time: 0.27(0.26)  Batch time: 0.27(0.28)
2026-05-04 22:35:51,714   INFO  Train:   76/80 ( 95%) [  74/167 ( 44%)]  Loss: 0.5671 (0.767)  LR: 6.625e-05  Time cost: 00:20/00:25 [56:02/03:28]  Acc_iter 12600       Data time: 0.00(0.01)  Forward time: 0.25(0.27)  Batch time: 0.26(0.27)
2026-05-04 22:35:51,808   INFO  
2026-05-04 22:36:04,676   INFO  Train:   76/80 ( 95%) [ 124/167 ( 74%)]  Loss: 0.9847 (0.751)  LR: 5.789e-05  Time cost: 00:33/00:11 [56:15/03:10]  Acc_iter 12650       Data time: 0.00(0.01)  Forward time: 0.27(0.26)  Batch time: 0.27(0.27)
2026-05-04 22:36:15,510   INFO  Train:   76/80 ( 95%) [ 166/167 ( 99%)]  Loss: 0.8190 (0.751)  LR: 5.129e-05  Time cost: 00:44/00:00 [56:25/02:57]  Acc_iter 12692       Data time: 0.00(0.00)  Forward time: 0.16(0.26)  Batch time: 0.16(0.27)
2026-05-04 22:36:16,588   INFO  Train:   77/80 ( 96%) [   0/167 (  0%)]  Loss: 1.021 (1.02)  LR: 5.114e-05  Time cost: 00:00/02:11 [56:27/08:45]  Acc_iter 12693       Data time: 0.42(0.42)  Forward time: 0.36(0.36)  Batch time: 0.79(0.79)
2026-05-04 22:36:18,440   INFO  Train:   77/80 ( 96%) [   7/167 (  4%)]  Loss: 1.075 (0.820)  LR: 5.008e-05  Time cost: 00:02/00:52 [56:28/03:38]  Acc_iter 12700       Data time: 0.00(0.05)  Forward time: 0.28(0.28)  Batch time: 0.28(0.33)
2026-05-04 22:36:31,787   INFO  Train:   77/80 ( 96%) [  57/167 ( 34%)]  Loss: 0.6312 (0.745)  LR: 4.283e-05  Time cost: 00:15/00:30 [56:42/02:48]  Acc_iter 12750       Data time: 0.00(0.01)  Forward time: 0.25(0.27)  Batch time: 0.25(0.28)
2026-05-04 22:36:31,881   INFO  
2026-05-04 22:36:44,956   INFO  Train:   77/80 ( 96%) [ 107/167 ( 64%)]  Loss: 0.8172 (0.753)  LR: 3.614e-05  Time cost: 00:29/00:16 [56:55/02:31]  Acc_iter 12800       Data time: 0.00(0.01)  Forward time: 0.27(0.26)  Batch time: 0.27(0.27)
2026-05-04 22:36:58,344   INFO  Train:   77/80 ( 96%) [ 157/167 ( 94%)]  Loss: 0.6515 (0.763)  LR: 3.001e-05  Time cost: 00:42/00:02 [57:08/02:17]  Acc_iter 12850       Data time: 0.00(0.00)  Forward time: 0.29(0.26)  Batch time: 0.29(0.27)
2026-05-04 22:37:00,532   INFO  Train:   77/80 ( 96%) [ 166/167 ( 99%)]  Loss: 0.7557 (0.757)  LR: 2.897e-05  Time cost: 00:44/00:00 [57:11/02:14]  Acc_iter 12859       Data time: 0.00(0.00)  Forward time: 0.20(0.26)  Batch time: 0.20(0.27)
2026-05-04 22:37:01,624   INFO  Train:   78/80 ( 98%) [   0/167 (  0%)]  Loss: 0.9877 (0.988)  LR: 2.885e-05  Time cost: 00:00/02:12 [57:12/06:37]  Acc_iter 12860       Data time: 0.41(0.41)  Forward time: 0.38(0.38)  Batch time: 0.79(0.79)
2026-05-04 22:37:12,486   INFO  Train:   78/80 ( 98%) [  40/167 ( 24%)]  Loss: 0.7721 (0.774)  LR: 2.445e-05  Time cost: 00:11/00:36 [57:22/02:11]  Acc_iter 12900       Data time: 0.00(0.01)  Forward time: 0.28(0.27)  Batch time: 0.28(0.28)
2026-05-04 22:37:12,583   INFO  
2026-05-04 22:37:25,893   INFO  Train:   78/80 ( 98%) [  90/167 ( 54%)]  Loss: 0.5914 (0.741)  LR: 1.945e-05  Time cost: 00:25/00:21 [57:36/01:53]  Acc_iter 12950       Data time: 0.00(0.01)  Forward time: 0.29(0.27)  Batch time: 0.29(0.28)
2026-05-04 22:37:39,268   INFO  Train:   78/80 ( 98%) [ 140/167 ( 84%)]  Loss: 0.6102 (0.742)  LR: 1.502e-05  Time cost: 00:38/00:07 [57:49/01:38]  Acc_iter 13000       Data time: 0.00(0.00)  Forward time: 0.30(0.27)  Batch time: 0.30(0.27)
2026-05-04 22:37:46,110   INFO  Train:   78/80 ( 98%) [ 166/167 ( 99%)]  Loss: 0.4368 (0.751)  LR: 1.294e-05  Time cost: 00:45/00:00 [57:56/01:30]  Acc_iter 13026       Data time: 0.00(0.00)  Forward time: 0.18(0.27)  Batch time: 0.18(0.27)
2026-05-04 22:37:47,140   INFO  Train:   79/80 ( 99%) [   0/167 (  0%)]  Loss: 0.6794 (0.679)  LR: 1.286e-05  Time cost: 00:00/02:02 [57:57/04:05]  Acc_iter 13027       Data time: 0.28(0.28)  Forward time: 0.45(0.45)  Batch time: 0.73(0.73)
2026-05-04 22:37:53,254   INFO  Train:   79/80 ( 99%) [  23/167 ( 14%)]  Loss: 0.7726 (0.762)  LR: 1.116e-05  Time cost: 00:06/00:41 [58:03/01:28]  Acc_iter 13050       Data time: 0.00(0.01)  Forward time: 0.28(0.27)  Batch time: 0.28(0.29)
2026-05-04 22:37:53,351   INFO  
2026-05-04 22:38:06,754   INFO  Train:   79/80 ( 99%) [  73/167 ( 44%)]  Loss: 1.132 (0.750)  LR: 7.870e-06  Time cost: 00:20/00:25 [58:17/01:11]  Acc_iter 13100       Data time: 0.00(0.01)  Forward time: 0.30(0.27)  Batch time: 0.30(0.27)
2026-05-04 22:38:19,907   INFO  Train:   79/80 ( 99%) [ 123/167 ( 74%)]  Loss: 0.6771 (0.742)  LR: 5.156e-06  Time cost: 00:33/00:11 [58:30/00:57]  Acc_iter 13150       Data time: 0.00(0.00)  Forward time: 0.23(0.27)  Batch time: 0.23(0.27)
2026-05-04 22:38:31,227   INFO  Train:   79/80 ( 99%) [ 166/167 ( 99%)]  Loss: 0.6596 (0.740)  LR: 3.280e-06  Time cost: 00:44/00:00 [58:41/00:45]  Acc_iter 13193       Data time: 0.00(0.00)  Forward time: 0.19(0.27)  Batch time: 0.19(0.27)
2026-05-04 22:38:32,367   INFO  Train:   80/80 (100%) [   0/167 (  0%)]  Loss: 0.3793 (0.379)  LR: 3.242e-06  Time cost: 00:00/02:17 [58:42/02:17]  Acc_iter 13194       Data time: 0.31(0.31)  Forward time: 0.52(0.52)  Batch time: 0.83(0.83)
2026-05-04 22:38:33,898   INFO  Train:   80/80 (100%) [   6/167 (  4%)]  Loss: 0.6760 (0.667)  LR: 3.015e-06  Time cost: 00:02/00:54 [58:44/00:54]  Acc_iter 13200       Data time: 0.00(0.05)  Forward time: 0.23(0.29)  Batch time: 0.23(0.34)
2026-05-04 22:38:33,993   INFO  
2026-05-04 22:38:47,473   INFO  Train:   80/80 (100%) [  56/167 ( 34%)]  Loss: 0.8883 (0.756)  LR: 1.449e-06  Time cost: 00:15/00:31 [58:57/00:31]  Acc_iter 13250       Data time: 0.00(0.01)  Forward time: 0.30(0.27)  Batch time: 0.30(0.28)
2026-05-04 22:39:00,662   INFO  Train:   80/80 (100%) [ 106/167 ( 63%)]  Loss: 0.4880 (0.755)  LR: 4.586e-07  Time cost: 00:29/00:16 [59:11/00:16]  Acc_iter 13300       Data time: 0.00(0.00)  Forward time: 0.28(0.27)  Batch time: 0.28(0.27)
2026-05-04 22:39:13,906   INFO  Train:   80/80 (100%) [ 156/167 ( 93%)]  Loss: 0.6869 (0.750)  LR: 4.394e-08  Time cost: 00:42/00:02 [59:24/00:02]  Acc_iter 13350       Data time: 0.00(0.00)  Forward time: 0.23(0.27)  Batch time: 0.23(0.27)
2026-05-04 22:39:13,999   INFO  
2026-05-04 22:39:16,586   INFO  Train:   80/80 (100%) [ 166/167 ( 99%)]  Loss: 0.6527 (0.755)  LR: 3.012e-08  Time cost: 00:45/00:00 [59:27/00:00]  Acc_iter 13360       Data time: 0.00(0.00)  Forward time: 0.17(0.27)  Batch time: 0.17(0.27)
2026-05-04 22:39:16,763   INFO  **********************End training OpenPCDet/tools/cfgs/kitti_models/second_nuscenes_focal(default)**********************



2026-05-04 22:39:16,763   INFO  **********************Start evaluation OpenPCDet/tools/cfgs/kitti_models/second_nuscenes_focal(default)**********************
2026-05-04 22:39:16,764   INFO  Loading NuScenes dataset
2026-05-04 22:39:16,768   INFO  Total samples for NuScenes dataset: 81
2026-05-04 22:39:16,770   INFO  ==> Loading parameters from checkpoint /OpenPCDet/output/OpenPCDet/tools/cfgs/kitti_models/second_nuscenes_focal/default/ckpt/checkpoint_epoch_80.pth to GPU
2026-05-04 22:39:16,811   INFO  ==> Checkpoint trained from version: pcdet+0.6.0+233f849+py2c6bd54
2026-05-04 22:39:16,816   INFO  ==> Done (loaded 202/202)
2026-05-04 22:39:16,818   INFO  *************** EPOCH 80 EVALUATION *****************
2026-05-04 22:39:19,618   INFO  *************** Performance of EPOCH 80 *****************
2026-05-04 22:39:19,618   INFO  Generate label finished(sec_per_example: 0.0346 second).
2026-05-04 22:39:19,618   INFO  recall_roi_0.3: 0.000000
2026-05-04 22:39:19,618   INFO  recall_rcnn_0.3: 0.303832
2026-05-04 22:39:19,619   INFO  recall_roi_0.5: 0.000000
2026-05-04 22:39:19,619   INFO  recall_rcnn_0.5: 0.198905
2026-05-04 22:39:19,619   INFO  recall_roi_0.7: 0.000000
2026-05-04 22:39:19,619   INFO  recall_rcnn_0.7: 0.060219
2026-05-04 22:39:19,619   INFO  Average predicted number of objects(81 samples): 33.815
2026-05-04 22:39:20,576   INFO  The predictions of NuScenes have been saved to /OpenPCDet/output/OpenPCDet/tools/cfgs/kitti_models/second_nuscenes_focal/default/eval/eval_with_train/epoch_80/test/final_result/data/results_nusc.json
2026-05-04 22:39:21,975   INFO  ----------------Nuscene detection_cvpr_2019 results-----------------
***car error@trans, scale, orient, vel, attr | AP@0.5, 1.0, 2.0, 4.0
0.42, 0.19, 0.90, 0.27, 0.04 | 13.56, 22.04, 34.00, 38.39 | mean AP: 0.2699702238703092
***pedestrian error@trans, scale, orient, vel, attr | AP@0.5, 1.0, 2.0, 4.0
0.21, 0.30, 1.76, 1.11, 0.93 | 20.29, 21.72, 22.93, 24.54 | mean AP: 0.22370707808955906
***bicycle error@trans, scale, orient, vel, attr | AP@0.5, 1.0, 2.0, 4.0
1.00, 1.00, 1.00, 1.00, 1.00 | 0.00, 0.00, 0.00, 0.00 | mean AP: 0.0
--------------average performance-------------
trans_err:	 0.8630
scale_err:	 0.8488
orient_err:	 1.0736
vel_err:	 0.9224
attr_err:	 0.8716
mAP:	 0.0494
NDS:	 0.0741

2026-05-04 22:39:21,975   INFO  Result is saved to /OpenPCDet/output/OpenPCDet/tools/cfgs/kitti_models/second_nuscenes_focal/default/eval/eval_with_train/epoch_80/test
2026-05-04 22:39:21,976   INFO  ****************Evaluation done.*****************
2026-05-04 22:39:21,978   INFO  Epoch 80 has been evaluated
2026-05-04 22:39:52,009   INFO  **********************End evaluation OpenPCDet/tools/cfgs/kitti_models/second_nuscenes_focal(default)**********************
