2026-07-27 09:47:44,119   INFO  **********************Start logging**********************
2026-07-27 09:47:44,119   INFO  CUDA_VISIBLE_DEVICES=ALL
2026-07-27 09:47:44,119   INFO  Training with a single process
2026-07-27 09:47:44,119   INFO  cfg_file         /OpenPCDet/tools/cfgs/models/S/D/S_D_N.yaml
2026-07-27 09:47:44,119   INFO  batch_size       4
2026-07-27 09:47:44,119   INFO  epochs           4
2026-07-27 09:47:44,119   INFO  workers          4
2026-07-27 09:47:44,119   INFO  extra_tag        unfrozen_backbone_1_9
2026-07-27 09:47:44,119   INFO  ckpt             None
2026-07-27 09:47:44,120   INFO  pretrained_model /OpenPCDet/pcdet/models/pth/second_7862.pth
2026-07-27 09:47:44,120   INFO  launcher         none
2026-07-27 09:47:44,120   INFO  tcp_port         18888
2026-07-27 09:47:44,120   INFO  sync_bn          False
2026-07-27 09:47:44,120   INFO  fix_random_seed  False
2026-07-27 09:47:44,120   INFO  ckpt_save_interval 1
2026-07-27 09:47:44,120   INFO  local_rank       None
2026-07-27 09:47:44,120   INFO  max_ckpt_save_num 30
2026-07-27 09:47:44,120   INFO  merge_all_iters_to_one_epoch False
2026-07-27 09:47:44,120   INFO  set_cfgs         None
2026-07-27 09:47:44,120   INFO  max_waiting_mins 0
2026-07-27 09:47:44,120   INFO  start_epoch      0
2026-07-27 09:47:44,120   INFO  num_epochs_to_eval 0
2026-07-27 09:47:44,120   INFO  save_to_file     False
2026-07-27 09:47:44,120   INFO  use_tqdm_to_record False
2026-07-27 09:47:44,120   INFO  logger_iter_interval 50
2026-07-27 09:47:44,120   INFO  ckpt_save_time_interval 300
2026-07-27 09:47:44,120   INFO  wo_gpu_stat      False
2026-07-27 09:47:44,120   INFO  use_amp          False
2026-07-27 09:47:44,120   INFO  freeze_backbone  False
2026-07-27 09:47:44,120   INFO  freeze_bn        False
2026-07-27 09:47:44,120   INFO  cfg.ROOT_DIR: /OpenPCDet
2026-07-27 09:47:44,120   INFO  cfg.LOCAL_RANK: 0
2026-07-27 09:47:44,120   INFO  cfg.CLASS_NAMES: ['car', 'pedestrian', 'bicycle']
2026-07-27 09:47:44,120   INFO  ----------- MAP_CLASS_TO_KITTI -----------
2026-07-27 09:47:44,120   INFO  cfg.MAP_CLASS_TO_KITTI.car: Car
2026-07-27 09:47:44,120   INFO  cfg.MAP_CLASS_TO_KITTI.pedestrian: Pedestrian
2026-07-27 09:47:44,120   INFO  cfg.MAP_CLASS_TO_KITTI.bicycle: Cyclist
2026-07-27 09:47:44,120   INFO  ----------- DATA_CONFIG -----------
2026-07-27 09:47:44,120   INFO  cfg.DATA_CONFIG.DATASET: NuScenesDataset
2026-07-27 09:47:44,120   INFO  cfg.DATA_CONFIG.DATA_PATH: ../datasets/nuscenes
2026-07-27 09:47:44,120   INFO  cfg.DATA_CONFIG.VERSION: v1.0-trainval
2026-07-27 09:47:44,120   INFO  cfg.DATA_CONFIG.MAX_SWEEPS: 1
2026-07-27 09:47:44,120   INFO  cfg.DATA_CONFIG.PRED_VELOCITY: False
2026-07-27 09:47:44,121   INFO  cfg.DATA_CONFIG.SET_NAN_VELOCITY_TO_ZEROS: True
2026-07-27 09:47:44,121   INFO  cfg.DATA_CONFIG.FILTER_MIN_POINTS_IN_GT: 1
2026-07-27 09:47:44,121   INFO  ----------- MAP_CLASS_TO_KITTI -----------
2026-07-27 09:47:44,121   INFO  cfg.DATA_CONFIG.MAP_CLASS_TO_KITTI.car: Car
2026-07-27 09:47:44,121   INFO  cfg.DATA_CONFIG.MAP_CLASS_TO_KITTI.pedestrian: Pedestrian
2026-07-27 09:47:44,121   INFO  cfg.DATA_CONFIG.MAP_CLASS_TO_KITTI.bicycle: Cyclist
2026-07-27 09:47:44,121   INFO  ----------- DATA_SPLIT -----------
2026-07-27 09:47:44,121   INFO  cfg.DATA_CONFIG.DATA_SPLIT.train: train
2026-07-27 09:47:44,121   INFO  cfg.DATA_CONFIG.DATA_SPLIT.test: val
2026-07-27 09:47:44,121   INFO  ----------- INFO_PATH -----------
2026-07-27 09:47:44,121   INFO  cfg.DATA_CONFIG.INFO_PATH.train: ['nuscenes_infos_1sweeps_train.pkl']
2026-07-27 09:47:44,121   INFO  cfg.DATA_CONFIG.INFO_PATH.test: ['nuscenes_infos_1sweeps_val.pkl']
2026-07-27 09:47:44,121   INFO  cfg.DATA_CONFIG.POINT_CLOUD_RANGE: [-51.2, -51.2, -5.0, 51.2, 51.2, 3.0]
2026-07-27 09:47:44,121   INFO  cfg.DATA_CONFIG.BALANCED_RESAMPLING: True
2026-07-27 09:47:44,121   INFO  ----------- DATA_AUGMENTOR -----------
2026-07-27 09:47:44,121   INFO  cfg.DATA_CONFIG.DATA_AUGMENTOR.DISABLE_AUG_LIST: ['gt_sampling']
2026-07-27 09:47:44,121   INFO  cfg.DATA_CONFIG.DATA_AUGMENTOR.AUG_CONFIG_LIST: [{'NAME': 'gt_sampling', 'DB_INFO_PATH': ['nuscenes_dbinfos_1sweeps_withvelo.pkl'], 'PREPARE': {'filter_by_min_points': ['car:5', 'bicycle:5', 'pedestrian:5']}, 'SAMPLE_GROUPS': ['car:2', 'bicycle:6', 'pedestrian:2'], 'NUM_POINT_FEATURES': 4, 'DATABASE_WITH_FAKELIDAR': False, 'REMOVE_EXTRA_WIDTH': [0.0, 0.0, 0.0], 'LIMIT_WHOLE_SCENE': True}, {'NAME': 'random_world_flip', 'ALONG_AXIS_LIST': ['x', 'y']}, {'NAME': 'random_world_rotation', 'WORLD_ROT_ANGLE': [-0.3925, 0.3925]}, {'NAME': 'random_world_scaling', 'WORLD_SCALE_RANGE': [0.95, 1.05]}]
2026-07-27 09:47:44,121   INFO  ----------- POINT_FEATURE_ENCODING -----------
2026-07-27 09:47:44,121   INFO  cfg.DATA_CONFIG.POINT_FEATURE_ENCODING.encoding_type: absolute_coordinates_encoding
2026-07-27 09:47:44,121   INFO  cfg.DATA_CONFIG.POINT_FEATURE_ENCODING.used_feature_list: ['x', 'y', 'z', 'intensity']
2026-07-27 09:47:44,121   INFO  cfg.DATA_CONFIG.POINT_FEATURE_ENCODING.src_feature_list: ['x', 'y', 'z', 'intensity']
2026-07-27 09:47:44,121   INFO  cfg.DATA_CONFIG.DATA_PROCESSOR: [{'NAME': 'mask_points_and_boxes_outside_range', 'REMOVE_OUTSIDE_BOXES': True}, {'NAME': 'shuffle_points', 'SHUFFLE_ENABLED': {'train': True, 'test': True}}, {'NAME': 'transform_points_to_voxels', 'VOXEL_SIZE': [0.1, 0.1, 0.2], 'MAX_POINTS_PER_VOXEL': 45, 'MAX_NUMBER_OF_VOXELS': {'train': 60000, 'test': 60000}}]
2026-07-27 09:47:44,121   INFO  cfg.DATA_CONFIG._BASE_CONFIG_: cfgs/dataset_configs/nuscenes_dataset.yaml
2026-07-27 09:47:44,121   INFO  cfg.DATA_CONFIG.VOXEL_SIZE: [0.1, 0.1, 0.2]
2026-07-27 09:47:44,121   INFO  cfg.DATA_CONFIG.MAX_POINTS_PER_VOXEL: 45
2026-07-27 09:47:44,121   INFO  ----------- MODEL -----------
2026-07-27 09:47:44,121   INFO  cfg.MODEL.NAME: SECONDNet
2026-07-27 09:47:44,121   INFO  ----------- VFE -----------
2026-07-27 09:47:44,121   INFO  cfg.MODEL.VFE.NAME: MeanVFE
2026-07-27 09:47:44,121   INFO  ----------- BACKBONE_3D -----------
2026-07-27 09:47:44,121   INFO  cfg.MODEL.BACKBONE_3D.NAME: VoxelBackBone8x
2026-07-27 09:47:44,121   INFO  ----------- MAP_TO_BEV -----------
2026-07-27 09:47:44,121   INFO  cfg.MODEL.MAP_TO_BEV.NAME: HeightCompression
2026-07-27 09:47:44,121   INFO  cfg.MODEL.MAP_TO_BEV.NUM_BEV_FEATURES: 256
2026-07-27 09:47:44,122   INFO  ----------- BACKBONE_2D -----------
2026-07-27 09:47:44,122   INFO  cfg.MODEL.BACKBONE_2D.NAME: BaseBEVBackbone
2026-07-27 09:47:44,122   INFO  cfg.MODEL.BACKBONE_2D.LAYER_NUMS: [5, 5]
2026-07-27 09:47:44,122   INFO  cfg.MODEL.BACKBONE_2D.LAYER_STRIDES: [1, 2]
2026-07-27 09:47:44,122   INFO  cfg.MODEL.BACKBONE_2D.NUM_FILTERS: [128, 256]
2026-07-27 09:47:44,122   INFO  cfg.MODEL.BACKBONE_2D.UPSAMPLE_STRIDES: [1, 2]
2026-07-27 09:47:44,122   INFO  cfg.MODEL.BACKBONE_2D.NUM_UPSAMPLE_FILTERS: [256, 256]
2026-07-27 09:47:44,122   INFO  ----------- DENSE_HEAD -----------
2026-07-27 09:47:44,122   INFO  cfg.MODEL.DENSE_HEAD.NAME: AnchorHeadSingle
2026-07-27 09:47:44,122   INFO  cfg.MODEL.DENSE_HEAD.CLASS_AGNOSTIC: False
2026-07-27 09:47:44,122   INFO  cfg.MODEL.DENSE_HEAD.USE_DIRECTION_CLASSIFIER: True
2026-07-27 09:47:44,122   INFO  cfg.MODEL.DENSE_HEAD.DIR_OFFSET: 0.78539
2026-07-27 09:47:44,122   INFO  cfg.MODEL.DENSE_HEAD.DIR_LIMIT_OFFSET: 0.0
2026-07-27 09:47:44,122   INFO  cfg.MODEL.DENSE_HEAD.NUM_DIR_BINS: 2
2026-07-27 09:47:44,122   INFO  cfg.MODEL.DENSE_HEAD.ANCHOR_GENERATOR_CONFIG: [{'class_name': 'Car', 'anchor_sizes': [[3.9, 1.6, 1.56]], 'anchor_rotations': [0, 1.57], 'anchor_bottom_heights': [-1.78], 'align_center': False, 'feature_map_stride': 8, 'matched_threshold': 0.6, 'unmatched_threshold': 0.45}, {'class_name': 'Pedestrian', 'anchor_sizes': [[0.8, 0.6, 1.73]], 'anchor_rotations': [0, 1.57], 'anchor_bottom_heights': [-0.6], 'align_center': False, 'feature_map_stride': 8, 'matched_threshold': 0.5, 'unmatched_threshold': 0.35}, {'class_name': 'Cyclist', 'anchor_sizes': [[1.76, 0.6, 1.73]], 'anchor_rotations': [0, 1.57], 'anchor_bottom_heights': [-0.6], 'align_center': False, 'feature_map_stride': 8, 'matched_threshold': 0.5, 'unmatched_threshold': 0.35}]
2026-07-27 09:47:44,122   INFO  ----------- TARGET_ASSIGNER_CONFIG -----------
2026-07-27 09:47:44,122   INFO  cfg.MODEL.DENSE_HEAD.TARGET_ASSIGNER_CONFIG.NAME: AxisAlignedTargetAssigner
2026-07-27 09:47:44,122   INFO  cfg.MODEL.DENSE_HEAD.TARGET_ASSIGNER_CONFIG.POS_FRACTION: -1.0
2026-07-27 09:47:44,122   INFO  cfg.MODEL.DENSE_HEAD.TARGET_ASSIGNER_CONFIG.SAMPLE_SIZE: 512
2026-07-27 09:47:44,122   INFO  cfg.MODEL.DENSE_HEAD.TARGET_ASSIGNER_CONFIG.NORM_BY_NUM_EXAMPLES: False
2026-07-27 09:47:44,122   INFO  cfg.MODEL.DENSE_HEAD.TARGET_ASSIGNER_CONFIG.MATCH_HEIGHT: False
2026-07-27 09:47:44,122   INFO  cfg.MODEL.DENSE_HEAD.TARGET_ASSIGNER_CONFIG.BOX_CODER: ResidualCoder
2026-07-27 09:47:44,122   INFO  ----------- LOSS_CONFIG -----------
2026-07-27 09:47:44,122   INFO  ----------- LOSS_WEIGHTS -----------
2026-07-27 09:47:44,122   INFO  cfg.MODEL.DENSE_HEAD.LOSS_CONFIG.LOSS_WEIGHTS.cls_weight: 1.0
2026-07-27 09:47:44,122   INFO  cfg.MODEL.DENSE_HEAD.LOSS_CONFIG.LOSS_WEIGHTS.loc_weight: 2.0
2026-07-27 09:47:44,122   INFO  cfg.MODEL.DENSE_HEAD.LOSS_CONFIG.LOSS_WEIGHTS.dir_weight: 0.2
2026-07-27 09:47:44,122   INFO  cfg.MODEL.DENSE_HEAD.LOSS_CONFIG.LOSS_WEIGHTS.code_weights: [1.0, 1.0, 1.0, 1.0, 1.0, 1.0, 1.0]
2026-07-27 09:47:44,122   INFO  ----------- POST_PROCESSING -----------
2026-07-27 09:47:44,122   INFO  cfg.MODEL.POST_PROCESSING.RECALL_THRESH_LIST: [0.3, 0.5, 0.7]
2026-07-27 09:47:44,122   INFO  cfg.MODEL.POST_PROCESSING.SCORE_THRESH: 0.1
2026-07-27 09:47:44,122   INFO  cfg.MODEL.POST_PROCESSING.OUTPUT_RAW_SCORE: False
2026-07-27 09:47:44,122   INFO  cfg.MODEL.POST_PROCESSING.EVAL_METRIC: kitti
2026-07-27 09:47:44,122   INFO  ----------- NMS_CONFIG -----------
2026-07-27 09:47:44,123   INFO  cfg.MODEL.POST_PROCESSING.NMS_CONFIG.MULTI_CLASSES_NMS: False
2026-07-27 09:47:44,123   INFO  cfg.MODEL.POST_PROCESSING.NMS_CONFIG.NMS_TYPE: nms_gpu
2026-07-27 09:47:44,123   INFO  cfg.MODEL.POST_PROCESSING.NMS_CONFIG.NMS_THRESH: 0.2
2026-07-27 09:47:44,123   INFO  cfg.MODEL.POST_PROCESSING.NMS_CONFIG.NMS_PRE_MAXSIZE: 1000
2026-07-27 09:47:44,123   INFO  cfg.MODEL.POST_PROCESSING.NMS_CONFIG.NMS_POST_MAXSIZE: 83
2026-07-27 09:47:44,123   INFO  ----------- OPTIMIZATION -----------
2026-07-27 09:47:44,123   INFO  cfg.OPTIMIZATION.BATCH_SIZE_PER_GPU: 4
2026-07-27 09:47:44,123   INFO  cfg.OPTIMIZATION.NUM_EPOCHS: 4
2026-07-27 09:47:44,123   INFO  cfg.OPTIMIZATION.OPTIMIZER: adam_onecycle
2026-07-27 09:47:44,123   INFO  cfg.OPTIMIZATION.LR: 0.0003
2026-07-27 09:47:44,123   INFO  cfg.OPTIMIZATION.WEIGHT_DECAY: 0.01
2026-07-27 09:47:44,123   INFO  cfg.OPTIMIZATION.MOMENTUM: 0.9
2026-07-27 09:47:44,123   INFO  cfg.OPTIMIZATION.MOMS: [0.95, 0.85]
2026-07-27 09:47:44,123   INFO  cfg.OPTIMIZATION.PCT_START: 0.2
2026-07-27 09:47:44,123   INFO  cfg.OPTIMIZATION.DIV_FACTOR: 10
2026-07-27 09:47:44,123   INFO  cfg.OPTIMIZATION.DECAY_STEP_LIST: [25, 35]
2026-07-27 09:47:44,123   INFO  cfg.OPTIMIZATION.LR_DECAY: 0.1
2026-07-27 09:47:44,123   INFO  cfg.OPTIMIZATION.LR_CLIP: 1e-07
2026-07-27 09:47:44,123   INFO  cfg.OPTIMIZATION.LR_WARMUP: False
2026-07-27 09:47:44,123   INFO  cfg.OPTIMIZATION.WARMUP_EPOCH: 1
2026-07-27 09:47:44,123   INFO  cfg.OPTIMIZATION.GRAD_NORM_CLIP: 10
2026-07-27 09:47:44,123   INFO  cfg.TAG: S_D_N
2026-07-27 09:47:44,123   INFO  cfg.EXP_GROUP_PATH: OpenPCDet/tools/cfgs/models/S/D
2026-07-27 09:47:44,126   INFO  ----------- Create dataloader & network & optimizer -----------
2026-07-27 09:47:44,126   INFO  Loading NuScenes dataset
2026-07-27 09:47:44,668   INFO  Total samples for NuScenes dataset: 28130
2026-07-27 09:47:44,887   INFO  Total samples after balanced resampling: 55563
2026-07-27 09:47:46,648   INFO  ==> Loading parameters from checkpoint /OpenPCDet/pcdet/models/pth/second_7862.pth to GPU
2026-07-27 09:47:46,674   INFO  ==> Done (loaded 163/163)
2026-07-27 09:47:46,676   INFO  ----------- Model SECONDNet created, param count: 5325576 -----------
2026-07-27 09:47:46,676   INFO  SECONDNet(
  (vfe): MeanVFE()
  (backbone_3d): VoxelBackBone8x(
    (conv_input): SparseSequential(
      (0): SubMConv3d(4, 16, kernel_size=[3, 3, 3], stride=[1, 1, 1], padding=[1, 1, 1], dilation=[1, 1, 1], output_padding=[0, 0, 0], bias=False, algo=ConvAlgo.MaskImplicitGemm)
      (1): BatchNorm1d(16, eps=0.001, momentum=0.01, affine=True, track_running_stats=True)
      (2): ReLU()
    )
    (conv1): SparseSequential(
      (0): SparseSequential(
        (0): SubMConv3d(16, 16, kernel_size=[3, 3, 3], stride=[1, 1, 1], padding=[0, 0, 0], dilation=[1, 1, 1], output_padding=[0, 0, 0], bias=False, algo=ConvAlgo.MaskImplicitGemm)
        (1): BatchNorm1d(16, eps=0.001, momentum=0.01, affine=True, track_running_stats=True)
        (2): ReLU()
      )
    )
    (conv2): SparseSequential(
      (0): SparseSequential(
        (0): SparseConv3d(16, 32, kernel_size=[3, 3, 3], stride=[2, 2, 2], padding=[1, 1, 1], dilation=[1, 1, 1], output_padding=[0, 0, 0], bias=False, algo=ConvAlgo.MaskImplicitGemm)
        (1): BatchNorm1d(32, eps=0.001, momentum=0.01, affine=True, track_running_stats=True)
        (2): ReLU()
      )
      (1): SparseSequential(
        (0): SubMConv3d(32, 32, kernel_size=[3, 3, 3], stride=[1, 1, 1], padding=[0, 0, 0], dilation=[1, 1, 1], output_padding=[0, 0, 0], bias=False, algo=ConvAlgo.MaskImplicitGemm)
        (1): BatchNorm1d(32, eps=0.001, momentum=0.01, affine=True, track_running_stats=True)
        (2): ReLU()
      )
      (2): SparseSequential(
        (0): SubMConv3d(32, 32, kernel_size=[3, 3, 3], stride=[1, 1, 1], padding=[0, 0, 0], dilation=[1, 1, 1], output_padding=[0, 0, 0], bias=False, algo=ConvAlgo.MaskImplicitGemm)
        (1): BatchNorm1d(32, eps=0.001, momentum=0.01, affine=True, track_running_stats=True)
        (2): ReLU()
      )
    )
    (conv3): SparseSequential(
      (0): SparseSequential(
        (0): SparseConv3d(32, 64, kernel_size=[3, 3, 3], stride=[2, 2, 2], padding=[1, 1, 1], dilation=[1, 1, 1], output_padding=[0, 0, 0], bias=False, algo=ConvAlgo.MaskImplicitGemm)
        (1): BatchNorm1d(64, eps=0.001, momentum=0.01, affine=True, track_running_stats=True)
        (2): ReLU()
      )
      (1): SparseSequential(
        (0): SubMConv3d(64, 64, kernel_size=[3, 3, 3], stride=[1, 1, 1], padding=[0, 0, 0], dilation=[1, 1, 1], output_padding=[0, 0, 0], bias=False, algo=ConvAlgo.MaskImplicitGemm)
        (1): BatchNorm1d(64, eps=0.001, momentum=0.01, affine=True, track_running_stats=True)
        (2): ReLU()
      )
      (2): SparseSequential(
        (0): SubMConv3d(64, 64, kernel_size=[3, 3, 3], stride=[1, 1, 1], padding=[0, 0, 0], dilation=[1, 1, 1], output_padding=[0, 0, 0], bias=False, algo=ConvAlgo.MaskImplicitGemm)
        (1): BatchNorm1d(64, eps=0.001, momentum=0.01, affine=True, track_running_stats=True)
        (2): ReLU()
      )
    )
    (conv4): SparseSequential(
      (0): SparseSequential(
        (0): SparseConv3d(64, 64, kernel_size=[3, 3, 3], stride=[2, 2, 2], padding=[0, 1, 1], dilation=[1, 1, 1], output_padding=[0, 0, 0], bias=False, algo=ConvAlgo.MaskImplicitGemm)
        (1): BatchNorm1d(64, eps=0.001, momentum=0.01, affine=True, track_running_stats=True)
        (2): ReLU()
      )
      (1): SparseSequential(
        (0): SubMConv3d(64, 64, kernel_size=[3, 3, 3], stride=[1, 1, 1], padding=[0, 0, 0], dilation=[1, 1, 1], output_padding=[0, 0, 0], bias=False, algo=ConvAlgo.MaskImplicitGemm)
        (1): BatchNorm1d(64, eps=0.001, momentum=0.01, affine=True, track_running_stats=True)
        (2): ReLU()
      )
      (2): SparseSequential(
        (0): SubMConv3d(64, 64, kernel_size=[3, 3, 3], stride=[1, 1, 1], padding=[0, 0, 0], dilation=[1, 1, 1], output_padding=[0, 0, 0], bias=False, algo=ConvAlgo.MaskImplicitGemm)
        (1): BatchNorm1d(64, eps=0.001, momentum=0.01, affine=True, track_running_stats=True)
        (2): ReLU()
      )
    )
    (conv_out): SparseSequential(
      (0): SparseConv3d(64, 128, kernel_size=[3, 1, 1], stride=[2, 1, 1], padding=[0, 0, 0], dilation=[1, 1, 1], output_padding=[0, 0, 0], bias=False, algo=ConvAlgo.MaskImplicitGemm)
      (1): BatchNorm1d(128, eps=0.001, momentum=0.01, affine=True, track_running_stats=True)
      (2): ReLU()
    )
  )
  (map_to_bev_module): HeightCompression()
  (pfe): None
  (backbone_2d): BaseBEVBackbone(
    (blocks): ModuleList(
      (0): Sequential(
        (0): ZeroPad2d((1, 1, 1, 1))
        (1): Conv2d(256, 128, kernel_size=(3, 3), stride=(1, 1), bias=False)
        (2): BatchNorm2d(128, eps=0.001, momentum=0.01, affine=True, track_running_stats=True)
        (3): ReLU()
        (4): Conv2d(128, 128, kernel_size=(3, 3), stride=(1, 1), padding=(1, 1), bias=False)
        (5): BatchNorm2d(128, eps=0.001, momentum=0.01, affine=True, track_running_stats=True)
        (6): ReLU()
        (7): Conv2d(128, 128, kernel_size=(3, 3), stride=(1, 1), padding=(1, 1), bias=False)
        (8): BatchNorm2d(128, eps=0.001, momentum=0.01, affine=True, track_running_stats=True)
        (9): ReLU()
        (10): Conv2d(128, 128, kernel_size=(3, 3), stride=(1, 1), padding=(1, 1), bias=False)
        (11): BatchNorm2d(128, eps=0.001, momentum=0.01, affine=True, track_running_stats=True)
        (12): ReLU()
        (13): Conv2d(128, 128, kernel_size=(3, 3), stride=(1, 1), padding=(1, 1), bias=False)
        (14): BatchNorm2d(128, eps=0.001, momentum=0.01, affine=True, track_running_stats=True)
        (15): ReLU()
        (16): Conv2d(128, 128, kernel_size=(3, 3), stride=(1, 1), padding=(1, 1), bias=False)
        (17): BatchNorm2d(128, eps=0.001, momentum=0.01, affine=True, track_running_stats=True)
        (18): ReLU()
      )
      (1): Sequential(
        (0): ZeroPad2d((1, 1, 1, 1))
        (1): Conv2d(128, 256, kernel_size=(3, 3), stride=(2, 2), bias=False)
        (2): BatchNorm2d(256, eps=0.001, momentum=0.01, affine=True, track_running_stats=True)
        (3): ReLU()
        (4): Conv2d(256, 256, kernel_size=(3, 3), stride=(1, 1), padding=(1, 1), bias=False)
        (5): BatchNorm2d(256, eps=0.001, momentum=0.01, affine=True, track_running_stats=True)
        (6): ReLU()
        (7): Conv2d(256, 256, kernel_size=(3, 3), stride=(1, 1), padding=(1, 1), bias=False)
        (8): BatchNorm2d(256, eps=0.001, momentum=0.01, affine=True, track_running_stats=True)
        (9): ReLU()
        (10): Conv2d(256, 256, kernel_size=(3, 3), stride=(1, 1), padding=(1, 1), bias=False)
        (11): BatchNorm2d(256, eps=0.001, momentum=0.01, affine=True, track_running_stats=True)
        (12): ReLU()
        (13): Conv2d(256, 256, kernel_size=(3, 3), stride=(1, 1), padding=(1, 1), bias=False)
        (14): BatchNorm2d(256, eps=0.001, momentum=0.01, affine=True, track_running_stats=True)
        (15): ReLU()
        (16): Conv2d(256, 256, kernel_size=(3, 3), stride=(1, 1), padding=(1, 1), bias=False)
        (17): BatchNorm2d(256, eps=0.001, momentum=0.01, affine=True, track_running_stats=True)
        (18): ReLU()
      )
    )
    (deblocks): ModuleList(
      (0): Sequential(
        (0): ConvTranspose2d(128, 256, kernel_size=(1, 1), stride=(1, 1), bias=False)
        (1): BatchNorm2d(256, eps=0.001, momentum=0.01, affine=True, track_running_stats=True)
        (2): ReLU()
      )
      (1): Sequential(
        (0): ConvTranspose2d(256, 256, kernel_size=(2, 2), stride=(2, 2), bias=False)
        (1): BatchNorm2d(256, eps=0.001, momentum=0.01, affine=True, track_running_stats=True)
        (2): ReLU()
      )
    )
  )
  (dense_head): AnchorHeadSingle(
    (cls_loss_func): SigmoidFocalClassificationLoss()
    (reg_loss_func): WeightedSmoothL1Loss()
    (dir_loss_func): WeightedCrossEntropyLoss()
    (conv_cls): Conv2d(512, 18, kernel_size=(1, 1), stride=(1, 1))
    (conv_box): Conv2d(512, 42, kernel_size=(1, 1), stride=(1, 1))
    (conv_dir_cls): Conv2d(512, 12, kernel_size=(1, 1), stride=(1, 1))
  )
  (point_head): None
  (roi_head): None
)
2026-07-27 09:47:46,678   INFO  **********************Start training OpenPCDet/tools/cfgs/models/S/D/S_D_N(unfrozen_backbone_1_9)**********************
2026-07-27 09:47:55,985   INFO  Train:    1/4 ( 25%) [   0/13891 (  0%)]  Loss: 5.084 (5.08)  LR: 3.000e-05  Time cost: 00:08/33:51:00 [00:09/135:24:00]  Acc_iter 1           Data time: 1.43(1.43)  Forward time: 7.34(7.34)  Batch time: 8.77(8.77)
2026-07-27 09:48:04,544   INFO  Train:    1/4 ( 25%) [  49/13891 (  0%)]  Loss: 0.2538 (1.60)  LR: 3.001e-05  Time cost: 00:17/1:19:58 [00:17/5:20:43]  Acc_iter 50          Data time: 0.03(0.04)  Forward time: 0.13(0.30)  Batch time: 0.16(0.35)
2026-07-27 09:48:12,731   INFO  Train:    1/4 ( 25%) [  99/13891 (  1%)]  Loss: 0.2682 (0.891)  LR: 3.005e-05  Time cost: 00:25/58:39 [00:26/3:55:53]  Acc_iter 100         Data time: 0.04(0.03)  Forward time: 0.14(0.23)  Batch time: 0.18(0.26)
2026-07-27 09:48:20,768   INFO  Train:    1/4 ( 25%) [ 149/13891 (  1%)]  Loss: 0.03916 (0.620)  LR: 3.012e-05  Time cost: 00:33/51:14 [00:34/3:26:36]  Acc_iter 150         Data time: 0.01(0.03)  Forward time: 0.15(0.20)  Batch time: 0.16(0.22)
2026-07-27 09:48:21,129   INFO  a1e06a0b30c0                Mon Jul 27 09:48:21 2026  580.173.02
[0] NVIDIA GeForce RTX 3070 | 58°C,  83 % |  4927 /  8192 MB | root(4242M)

2026-07-27 09:48:28,889   INFO  Train:    1/4 ( 25%) [ 199/13891 (  1%)]  Loss: 0.03030 (0.477)  LR: 3.021e-05  Time cost: 00:41/47:33 [00:42/3:12:17]  Acc_iter 200         Data time: 0.01(0.02)  Forward time: 0.14(0.18)  Batch time: 0.15(0.21)
2026-07-27 09:48:36,787   INFO  Train:    1/4 ( 25%) [ 249/13891 (  2%)]  Loss: 0.02036 (0.388)  LR: 3.033e-05  Time cost: 00:49/45:05 [00:50/3:02:48]  Acc_iter 250         Data time: 0.02(0.02)  Forward time: 0.15(0.18)  Batch time: 0.17(0.20)
2026-07-27 09:48:44,721   INFO  Train:    1/4 ( 25%) [ 299/13891 (  2%)]  Loss: 0.02057 (0.328)  LR: 3.048e-05  Time cost: 00:57/43:25 [00:58/2:56:34]  Acc_iter 300         Data time: 0.01(0.02)  Forward time: 0.14(0.17)  Batch time: 0.15(0.19)
2026-07-27 09:48:45,161   INFO  a1e06a0b30c0                Mon Jul 27 09:48:45 2026  580.173.02
[0] NVIDIA GeForce RTX 3070 | 60°C,  87 % |  4924 /  8192 MB | root(4242M)

2026-07-27 09:48:53,092   INFO  Train:    1/4 ( 25%) [ 349/13891 (  3%)]  Loss: 0.01631 (0.284)  LR: 3.066e-05  Time cost: 01:05/42:28 [01:06/2:53:12]  Acc_iter 350         Data time: 0.02(0.02)  Forward time: 0.14(0.17)  Batch time: 0.16(0.19)
2026-07-27 09:49:01,353   INFO  Train:    1/4 ( 25%) [ 399/13891 (  3%)]  Loss: 0.01881 (0.250)  LR: 3.086e-05  Time cost: 01:14/41:40 [01:14/2:50:24]  Acc_iter 400         Data time: 0.01(0.02)  Forward time: 0.14(0.17)  Batch time: 0.15(0.19)
2026-07-27 09:49:10,153   INFO  Train:    1/4 ( 25%) [ 449/13891 (  3%)]  Loss: 0.006955 (0.223)  LR: 3.109e-05  Time cost: 01:22/41:17 [01:23/2:49:18]  Acc_iter 450         Data time: 0.02(0.02)  Forward time: 0.13(0.16)  Batch time: 0.16(0.18)
2026-07-27 09:49:10,553   INFO  a1e06a0b30c0                Mon Jul 27 09:49:10 2026  580.173.02
[0] NVIDIA GeForce RTX 3070 | 59°C,  80 % |  4924 /  8192 MB | root(4242M)

2026-07-27 09:49:18,649   INFO  Train:    1/4 ( 25%) [ 499/13891 (  4%)]  Loss: 0.008712 (0.202)  LR: 3.134e-05  Time cost: 01:31/40:49 [01:31/2:47:49]  Acc_iter 500         Data time: 0.03(0.02)  Forward time: 0.14(0.16)  Batch time: 0.16(0.18)
2026-07-27 09:49:26,650   INFO  Train:    1/4 ( 25%) [ 549/13891 (  4%)]  Loss: 0.004967 (0.184)  LR: 3.162e-05  Time cost: 01:39/40:12 [01:39/2:45:46]  Acc_iter 550         Data time: 0.00(0.02)  Forward time: 0.15(0.16)  Batch time: 0.15(0.18)
2026-07-27 09:49:34,680   INFO  Train:    1/4 ( 25%) [ 599/13891 (  4%)]  Loss: 0.003402 (0.169)  LR: 3.193e-05  Time cost: 01:47/39:40 [01:48/2:44:04]  Acc_iter 600         Data time: 0.04(0.02)  Forward time: 0.14(0.16)  Batch time: 0.18(0.18)
2026-07-27 09:49:35,037   INFO  a1e06a0b30c0                Mon Jul 27 09:49:35 2026  580.173.02
[0] NVIDIA GeForce RTX 3070 | 62°C,  80 % |  4923 /  8192 MB | root(4242M)

2026-07-27 09:49:42,783   INFO  Train:    1/4 ( 25%) [ 649/13891 (  5%)]  Loss: 0.003220 (0.156)  LR: 3.227e-05  Time cost: 01:55/39:14 [01:56/2:42:43]  Acc_iter 650         Data time: 0.02(0.02)  Forward time: 0.13(0.16)  Batch time: 0.15(0.18)
2026-07-27 09:49:50,678   INFO  Train:    1/4 ( 25%) [ 699/13891 (  5%)]  Loss: 0.002655 (0.145)  LR: 3.263e-05  Time cost: 02:03/38:46 [02:03/2:41:17]  Acc_iter 700         Data time: 0.00(0.02)  Forward time: 0.16(0.16)  Batch time: 0.16(0.18)
2026-07-27 09:49:58,311   INFO  Train:    1/4 ( 25%) [ 749/13891 (  5%)]  Loss: 0.001753 (0.136)  LR: 3.302e-05  Time cost: 02:11/38:17 [02:11/2:39:41]  Acc_iter 750         Data time: 0.02(0.02)  Forward time: 0.17(0.16)  Batch time: 0.19(0.17)
2026-07-27 09:49:58,700   INFO  a1e06a0b30c0                Mon Jul 27 09:49:58 2026  580.173.02
[0] NVIDIA GeForce RTX 3070 | 62°C,  86 % |  4923 /  8192 MB | root(4242M)

2026-07-27 09:50:07,307   INFO  Train:    1/4 ( 25%) [ 799/13891 (  6%)]  Loss: 0.001205 (0.127)  LR: 3.343e-05  Time cost: 02:20/38:12 [02:20/2:39:50]  Acc_iter 800         Data time: 0.02(0.02)  Forward time: 0.17(0.16)  Batch time: 0.19(0.18)
2026-07-27 09:50:16,269   INFO  Train:    1/4 ( 25%) [ 849/13891 (  6%)]  Loss: 0.0009581 (0.120)  LR: 3.387e-05  Time cost: 02:29/38:07 [02:29/2:39:54]  Acc_iter 850         Data time: 0.02(0.02)  Forward time: 0.19(0.16)  Batch time: 0.21(0.18)
2026-07-27 09:50:24,105   INFO  Train:    1/4 ( 25%) [ 899/13891 (  6%)]  Loss: 0.0008886 (0.113)  LR: 3.434e-05  Time cost: 02:36/37:44 [02:37/2:38:49]  Acc_iter 900         Data time: 0.05(0.02)  Forward time: 0.15(0.16)  Batch time: 0.20(0.17)
2026-07-27 09:50:24,451   INFO  a1e06a0b30c0                Mon Jul 27 09:50:24 2026  580.173.02
[0] NVIDIA GeForce RTX 3070 | 59°C,  66 % |  4923 /  8192 MB | root(4242M)

2026-07-27 09:50:32,140   INFO  Train:    1/4 ( 25%) [ 949/13891 (  7%)]  Loss: 0.0008539 (0.107)  LR: 3.483e-05  Time cost: 02:44/37:26 [02:45/2:38:01]  Acc_iter 950         Data time: 0.02(0.02)  Forward time: 0.13(0.16)  Batch time: 0.15(0.17)
2026-07-27 09:50:39,907   INFO  Train:    1/4 ( 25%) [ 999/13891 (  7%)]  Loss: 0.0006043 (0.102)  LR: 3.535e-05  Time cost: 02:52/37:06 [02:53/2:37:03]  Acc_iter 1000        Data time: 0.01(0.02)  Forward time: 0.14(0.15)  Batch time: 0.16(0.17)
2026-07-27 09:50:47,723   INFO  Train:    1/4 ( 25%) [1049/13891 (  8%)]  Loss: 0.0004058 (0.0973)  LR: 3.589e-05  Time cost: 03:00/36:47 [03:01/2:36:11]  Acc_iter 1050        Data time: 0.02(0.02)  Forward time: 0.13(0.15)  Batch time: 0.15(0.17)
2026-07-27 09:50:48,069   INFO  a1e06a0b30c0                Mon Jul 27 09:50:48 2026  580.173.02
[0] NVIDIA GeForce RTX 3070 | 62°C,  93 % |  4924 /  8192 MB | root(4242M)

2026-07-27 09:50:56,205   INFO  Train:    1/4 ( 25%) [1099/13891 (  8%)]  Loss: 0.0002584 (0.0929)  LR: 3.646e-05  Time cost: 03:08/36:37 [03:09/2:35:57]  Acc_iter 1100        Data time: 0.02(0.02)  Forward time: 0.15(0.15)  Batch time: 0.17(0.17)
2026-07-27 09:51:04,310   INFO  Train:    1/4 ( 25%) [1149/13891 (  8%)]  Loss: 0.0002397 (0.0889)  LR: 3.706e-05  Time cost: 03:17/36:23 [03:17/2:35:26]  Acc_iter 1150        Data time: 0.02(0.02)  Forward time: 0.13(0.15)  Batch time: 0.15(0.17)
2026-07-27 09:51:12,873   INFO  Train:    1/4 ( 25%) [1199/13891 (  9%)]  Loss: 0.0001398 (0.0852)  LR: 3.768e-05  Time cost: 03:25/36:15 [03:26/2:35:17]  Acc_iter 1200        Data time: 0.02(0.02)  Forward time: 0.19(0.15)  Batch time: 0.21(0.17)
2026-07-27 09:51:13,266   INFO  a1e06a0b30c0                Mon Jul 27 09:51:13 2026  580.173.02
[0] NVIDIA GeForce RTX 3070 | 62°C,  78 % |  4924 /  8192 MB | root(4242M)

2026-07-27 09:51:22,009   INFO  Train:    1/4 ( 25%) [1249/13891 (  9%)]  Loss: 0.0001212 (0.0818)  LR: 3.833e-05  Time cost: 03:34/36:12 [03:35/2:35:33]  Acc_iter 1250        Data time: 0.02(0.02)  Forward time: 0.23(0.15)  Batch time: 0.25(0.17)
2026-07-27 09:51:30,102   INFO  Train:    1/4 ( 25%) [1299/13891 (  9%)]  Loss: 8.465e-05 (0.0786)  LR: 3.900e-05  Time cost: 03:42/35:58 [03:43/2:35:03]  Acc_iter 1300        Data time: 0.00(0.02)  Forward time: 0.13(0.15)  Batch time: 0.13(0.17)
2026-07-27 09:51:37,734   INFO  Train:    1/4 ( 25%) [1349/13891 ( 10%)]  Loss: 8.301e-05 (0.0757)  LR: 3.970e-05  Time cost: 03:50/35:41 [03:51/2:34:17]  Acc_iter 1350        Data time: 0.03(0.02)  Forward time: 0.14(0.15)  Batch time: 0.17(0.17)
2026-07-27 09:51:38,077   INFO  a1e06a0b30c0                Mon Jul 27 09:51:38 2026  580.173.02
[0] NVIDIA GeForce RTX 3070 | 62°C,  80 % |  4923 /  8192 MB | root(4242M)

2026-07-27 09:51:45,996   INFO  Train:    1/4 ( 25%) [1399/13891 ( 10%)]  Loss: 6.720e-05 (0.0730)  LR: 4.042e-05  Time cost: 03:58/35:30 [03:59/2:33:58]  Acc_iter 1400        Data time: 0.00(0.02)  Forward time: 0.13(0.15)  Batch time: 0.13(0.17)
2026-07-27 09:51:53,682   INFO  Train:    1/4 ( 25%) [1449/13891 ( 10%)]  Loss: 4.837e-05 (0.0705)  LR: 4.117e-05  Time cost: 04:06/35:14 [04:07/2:33:18]  Acc_iter 1450        Data time: 0.02(0.02)  Forward time: 0.14(0.15)  Batch time: 0.16(0.17)
2026-07-27 09:52:01,580   INFO  Train:    1/4 ( 25%) [1499/13891 ( 11%)]  Loss: 3.709e-05 (0.0681)  LR: 4.194e-05  Time cost: 04:14/35:01 [04:14/2:32:48]  Acc_iter 1500        Data time: 0.01(0.02)  Forward time: 0.14(0.15)  Batch time: 0.16(0.17)
2026-07-27 09:52:01,930   INFO  a1e06a0b30c0                Mon Jul 27 09:52:01 2026  580.173.02
[0] NVIDIA GeForce RTX 3070 | 59°C,  73 % |  4923 /  8192 MB | root(4242M)

2026-07-27 09:52:09,929   INFO  Train:    1/4 ( 25%) [1549/13891 ( 11%)]  Loss: 3.271e-05 (0.0659)  LR: 4.274e-05  Time cost: 04:22/34:51 [04:23/2:32:35]  Acc_iter 1550        Data time: 0.05(0.02)  Forward time: 0.13(0.15)  Batch time: 0.18(0.17)
2026-07-27 09:52:18,775   INFO  Train:    1/4 ( 25%) [1599/13891 ( 12%)]  Loss: 2.503e-05 (0.0639)  LR: 4.356e-05  Time cost: 04:31/34:46 [04:32/2:32:39]  Acc_iter 1600        Data time: 0.02(0.02)  Forward time: 0.15(0.15)  Batch time: 0.17(0.17)
2026-07-27 09:52:27,777   INFO  Train:    1/4 ( 25%) [1649/13891 ( 12%)]  Loss: 1.986e-05 (0.0620)  LR: 4.441e-05  Time cost: 04:40/34:41 [04:41/2:32:47]  Acc_iter 1650        Data time: 0.01(0.02)  Forward time: 0.15(0.15)  Batch time: 0.15(0.17)
2026-07-27 09:52:28,128   INFO  a1e06a0b30c0                Mon Jul 27 09:52:28 2026  580.173.02
[0] NVIDIA GeForce RTX 3070 | 62°C,  86 % |  4923 /  8192 MB | root(4242M)

2026-07-27 09:52:35,839   INFO  Train:    1/4 ( 25%) [1699/13891 ( 12%)]  Loss: 1.352e-05 (0.0601)  LR: 4.528e-05  Time cost: 04:48/34:29 [04:49/2:32:25]  Acc_iter 1700        Data time: 0.01(0.02)  Forward time: 0.13(0.15)  Batch time: 0.14(0.17)
2026-07-27 09:52:43,502   INFO  Train:    1/4 ( 25%) [1749/13891 ( 13%)]  Loss: 1.237e-05 (0.0584)  LR: 4.617e-05  Time cost: 04:56/34:15 [04:56/2:31:51]  Acc_iter 1750        Data time: 0.02(0.02)  Forward time: 0.22(0.15)  Batch time: 0.23(0.17)
2026-07-27 09:52:47,340   INFO  Save latest model to /OpenPCDet/output/OpenPCDet/tools/cfgs/models/S/D/S_D_N/unfrozen_backbone_1_9/ckpt/latest_model
2026-07-27 09:52:51,452   INFO  Train:    1/4 ( 25%) [1799/13891 ( 13%)]  Loss: 7.154e-06 (0.0568)  LR: 4.709e-05  Time cost: 05:04/34:03 [05:04/2:31:27]  Acc_iter 1800        Data time: 0.02(0.02)  Forward time: 0.13(0.15)  Batch time: 0.15(0.17)
2026-07-27 09:52:51,804   INFO  a1e06a0b30c0                Mon Jul 27 09:52:51 2026  580.173.02
[0] NVIDIA GeForce RTX 3070 | 62°C,  84 % |  4902 /  8192 MB | root(4242M)

2026-07-27 09:52:59,638   INFO  Train:    1/4 ( 25%) [1849/13891 ( 13%)]  Loss: 5.885e-06 (0.0553)  LR: 4.803e-05  Time cost: 05:12/33:53 [05:12/2:31:11]  Acc_iter 1850        Data time: 0.02(0.02)  Forward time: 0.17(0.15)  Batch time: 0.19(0.17)
2026-07-27 09:53:07,747   INFO  Train:    1/4 ( 25%) [1899/13891 ( 14%)]  Loss: 5.329e-06 (0.0538)  LR: 4.899e-05  Time cost: 05:20/33:43 [05:21/2:30:53]  Acc_iter 1900        Data time: 0.02(0.02)  Forward time: 0.13(0.15)  Batch time: 0.15(0.17)
2026-07-27 09:53:16,182   INFO  Train:    1/4 ( 25%) [1949/13891 ( 14%)]  Loss: 3.336e-06 (0.0524)  LR: 4.998e-05  Time cost: 05:28/33:34 [05:29/2:30:44]  Acc_iter 1950        Data time: 0.02(0.02)  Forward time: 0.20(0.15)  Batch time: 0.22(0.17)
2026-07-27 09:53:16,534   INFO  a1e06a0b30c0                Mon Jul 27 09:53:16 2026  580.173.02
[0] NVIDIA GeForce RTX 3070 | 63°C,  82 % |  4901 /  8192 MB | root(4242M)

2026-07-27 09:53:25,241   INFO  Train:    1/4 ( 25%) [1999/13891 ( 14%)]  Loss: 2.825e-06 (0.0511)  LR: 5.099e-05  Time cost: 05:38/33:29 [05:38/2:30:53]  Acc_iter 2000        Data time: 0.00(0.02)  Forward time: 0.14(0.15)  Batch time: 0.14(0.17)
2026-07-27 09:53:33,477   INFO  Train:    1/4 ( 25%) [2049/13891 ( 15%)]  Loss: 2.216e-06 (0.0499)  LR: 5.203e-05  Time cost: 05:46/33:20 [05:46/2:30:39]  Acc_iter 2050        Data time: 0.01(0.02)  Forward time: 0.13(0.15)  Batch time: 0.14(0.17)
2026-07-27 09:53:41,051   INFO  Train:    1/4 ( 25%) [2099/13891 ( 15%)]  Loss: 1.688e-06 (0.0487)  LR: 5.308e-05  Time cost: 05:53/33:06 [05:54/2:30:08]  Acc_iter 2100        Data time: 0.00(0.02)  Forward time: 0.12(0.15)  Batch time: 0.13(0.17)
2026-07-27 09:53:41,399   INFO  a1e06a0b30c0                Mon Jul 27 09:53:41 2026  580.173.02
[0] NVIDIA GeForce RTX 3070 | 59°C,   4 % |  4901 /  8192 MB | root(4242M)

2026-07-27 09:53:49,003   INFO  Train:    1/4 ( 25%) [2149/13891 ( 15%)]  Loss: 1.501e-06 (0.0475)  LR: 5.416e-05  Time cost: 06:01/32:55 [06:02/2:29:48]  Acc_iter 2150        Data time: 0.01(0.02)  Forward time: 0.12(0.15)  Batch time: 0.14(0.17)
2026-07-27 09:53:56,549   INFO  Train:    1/4 ( 25%) [2199/13891 ( 16%)]  Loss: 8.314e-07 (0.0465)  LR: 5.526e-05  Time cost: 06:09/32:42 [06:09/2:29:18]  Acc_iter 2200        Data time: 0.00(0.02)  Forward time: 0.14(0.15)  Batch time: 0.14(0.17)
2026-07-27 09:54:03,951   INFO  Train:    1/4 ( 25%) [2249/13891 ( 16%)]  Loss: 7.255e-07 (0.0454)  LR: 5.638e-05  Time cost: 06:16/32:29 [06:17/2:28:47]  Acc_iter 2250        Data time: 0.02(0.02)  Forward time: 0.14(0.15)  Batch time: 0.16(0.17)
2026-07-27 09:54:04,352   INFO  a1e06a0b30c0                Mon Jul 27 09:54:04 2026  580.173.02
[0] NVIDIA GeForce RTX 3070 | 63°C,  93 % |  4897 /  8192 MB | root(4242M)

2026-07-27 09:54:12,140   INFO  Train:    1/4 ( 25%) [2299/13891 ( 17%)]  Loss: 6.208e-07 (0.0444)  LR: 5.753e-05  Time cost: 06:24/32:20 [06:25/2:28:34]  Acc_iter 2300        Data time: 0.02(0.02)  Forward time: 0.15(0.15)  Batch time: 0.17(0.17)
2026-07-27 09:54:20,943   INFO  Train:    1/4 ( 25%) [2349/13891 ( 17%)]  Loss: 5.725e-07 (0.0435)  LR: 5.869e-05  Time cost: 06:33/32:13 [06:34/2:28:35]  Acc_iter 2350        Data time: 0.02(0.02)  Forward time: 0.15(0.15)  Batch time: 0.17(0.17)
2026-07-27 09:54:29,903   INFO  Train:    1/4 ( 25%) [2399/13891 ( 17%)]  Loss: 4.348e-07 (0.0426)  LR: 5.988e-05  Time cost: 06:42/32:08 [06:43/2:28:40]  Acc_iter 2400        Data time: 0.03(0.02)  Forward time: 0.16(0.15)  Batch time: 0.19(0.17)
2026-07-27 09:54:30,295   INFO  a1e06a0b30c0                Mon Jul 27 09:54:30 2026  580.173.02
[0] NVIDIA GeForce RTX 3070 | 62°C,  88 % |  4896 /  8192 MB | root(4242M)

2026-07-27 09:54:38,870   INFO  Train:    1/4 ( 25%) [2449/13891 ( 18%)]  Loss: 2.538e-07 (0.0417)  LR: 6.109e-05  Time cost: 06:51/32:02 [06:52/2:28:44]  Acc_iter 2450        Data time: 0.03(0.02)  Forward time: 0.17(0.15)  Batch time: 0.20(0.17)
2026-07-27 09:54:46,542   INFO  Train:    1/4 ( 25%) [2499/13891 ( 18%)]  Loss: 2.236e-07 (0.0409)  LR: 6.232e-05  Time cost: 06:59/31:50 [06:59/2:28:20]  Acc_iter 2500        Data time: 0.01(0.02)  Forward time: 0.13(0.15)  Batch time: 0.15(0.17)
2026-07-27 09:54:54,213   INFO  Train:    1/4 ( 25%) [2549/13891 ( 18%)]  Loss: 2.165e-07 (0.0401)  LR: 6.356e-05  Time cost: 07:07/31:39 [07:07/2:27:57]  Acc_iter 2550        Data time: 0.02(0.02)  Forward time: 0.12(0.15)  Batch time: 0.15(0.17)
2026-07-27 09:54:54,557   INFO  a1e06a0b30c0                Mon Jul 27 09:54:54 2026  580.173.02
[0] NVIDIA GeForce RTX 3070 | 63°C,  68 % |  4896 /  8192 MB | root(4242M)

2026-07-27 09:55:02,430   INFO  Train:    1/4 ( 25%) [2599/13891 ( 19%)]  Loss: 1.820e-07 (0.0393)  LR: 6.483e-05  Time cost: 07:15/31:30 [07:15/2:27:45]  Acc_iter 2600        Data time: 0.02(0.02)  Forward time: 0.15(0.15)  Batch time: 0.16(0.17)
2026-07-27 09:55:10,024   INFO  Train:    1/4 ( 25%) [2649/13891 ( 19%)]  Loss: 1.415e-07 (0.0386)  LR: 6.612e-05  Time cost: 07:22/31:18 [07:23/2:27:22]  Acc_iter 2650        Data time: 0.02(0.02)  Forward time: 0.13(0.15)  Batch time: 0.16(0.17)
2026-07-27 09:55:18,163   INFO  Train:    1/4 ( 25%) [2699/13891 ( 19%)]  Loss: 8.835e-08 (0.0379)  LR: 6.743e-05  Time cost: 07:30/31:09 [07:31/2:27:09]  Acc_iter 2700        Data time: 0.00(0.02)  Forward time: 0.13(0.15)  Batch time: 0.13(0.17)
2026-07-27 09:55:18,512   INFO  a1e06a0b30c0                Mon Jul 27 09:55:18 2026  580.173.02
[0] NVIDIA GeForce RTX 3070 | 63°C,  19 % |  4896 /  8192 MB | root(4242M)

2026-07-27 09:55:26,982   INFO  Train:    1/4 ( 25%) [2749/13891 ( 20%)]  Loss: 8.644e-08 (0.0372)  LR: 6.876e-05  Time cost: 07:39/31:02 [07:40/2:27:10]  Acc_iter 2750        Data time: 0.02(0.02)  Forward time: 0.20(0.15)  Batch time: 0.22(0.17)
2026-07-27 09:55:35,895   INFO  Train:    1/4 ( 25%) [2799/13891 ( 20%)]  Loss: 6.707e-08 (0.0365)  LR: 7.011e-05  Time cost: 07:48/30:56 [07:49/2:27:12]  Acc_iter 2800        Data time: 0.02(0.02)  Forward time: 0.17(0.15)  Batch time: 0.19(0.17)
2026-07-27 09:55:43,979   INFO  Train:    1/4 ( 25%) [2849/13891 ( 21%)]  Loss: 4.900e-08 (0.0359)  LR: 7.148e-05  Time cost: 07:56/30:47 [07:57/2:26:58]  Acc_iter 2850        Data time: 0.02(0.02)  Forward time: 0.14(0.15)  Batch time: 0.16(0.17)
2026-07-27 09:55:44,330   INFO  a1e06a0b30c0                Mon Jul 27 09:55:44 2026  580.173.02
[0] NVIDIA GeForce RTX 3070 | 63°C,  62 % |  4896 /  8192 MB | root(4242M)

2026-07-27 09:55:51,908   INFO  Train:    1/4 ( 25%) [2899/13891 ( 21%)]  Loss: 3.705e-08 (0.0353)  LR: 7.286e-05  Time cost: 08:04/30:37 [08:05/2:26:42]  Acc_iter 2900        Data time: 0.00(0.02)  Forward time: 0.14(0.15)  Batch time: 0.14(0.17)
2026-07-27 09:55:59,542   INFO  Train:    1/4 ( 25%) [2949/13891 ( 21%)]  Loss: 4.302e-08 (0.0347)  LR: 7.427e-05  Time cost: 08:12/30:26 [08:12/2:26:20]  Acc_iter 2950        Data time: 0.03(0.02)  Forward time: 0.14(0.15)  Batch time: 0.17(0.17)
2026-07-27 09:56:07,002   INFO  Train:    1/4 ( 25%) [2999/13891 ( 22%)]  Loss: 2.801e-08 (0.0341)  LR: 7.569e-05  Time cost: 08:19/30:14 [08:20/2:25:57]  Acc_iter 3000        Data time: 0.01(0.02)  Forward time: 0.12(0.15)  Batch time: 0.14(0.17)
2026-07-27 09:56:07,391   INFO  a1e06a0b30c0                Mon Jul 27 09:56:07 2026  580.173.02
[0] NVIDIA GeForce RTX 3070 | 59°C,   3 % |  4897 /  8192 MB | root(4242M)

2026-07-27 09:56:15,128   INFO  Train:    1/4 ( 25%) [3049/13891 ( 22%)]  Loss: 2.421e-08 (0.0335)  LR: 7.713e-05  Time cost: 08:27/30:05 [08:28/2:25:45]  Acc_iter 3050        Data time: 0.02(0.02)  Forward time: 0.19(0.15)  Batch time: 0.20(0.17)
2026-07-27 09:56:22,765   INFO  Train:    1/4 ( 25%) [3099/13891 ( 22%)]  Loss: 1.730e-08 (0.0330)  LR: 7.858e-05  Time cost: 08:35/29:54 [08:36/2:25:25]  Acc_iter 3100        Data time: 0.01(0.02)  Forward time: 0.13(0.15)  Batch time: 0.14(0.17)
2026-07-27 09:56:31,105   INFO  Train:    1/4 ( 25%) [3149/13891 ( 23%)]  Loss: 1.739e-08 (0.0325)  LR: 8.006e-05  Time cost: 08:43/29:46 [08:44/2:25:17]  Acc_iter 3150        Data time: 0.00(0.02)  Forward time: 0.15(0.15)  Batch time: 0.15(0.17)
2026-07-27 09:56:31,457   INFO  a1e06a0b30c0                Mon Jul 27 09:56:31 2026  580.173.02
[0] NVIDIA GeForce RTX 3070 | 59°C,   3 % |  4896 /  8192 MB | root(4242M)

2026-07-27 09:56:40,755   INFO  Train:    1/4 ( 25%) [3199/13891 ( 23%)]  Loss: 1.776e-08 (0.0319)  LR: 8.155e-05  Time cost: 08:53/29:42 [08:54/2:25:30]  Acc_iter 3200        Data time: 0.02(0.02)  Forward time: 0.14(0.15)  Batch time: 0.15(0.17)
2026-07-27 09:56:49,060   INFO  Train:    1/4 ( 25%) [3249/13891 ( 23%)]  Loss: 1.359e-08 (0.0315)  LR: 8.306e-05  Time cost: 09:01/29:34 [09:02/2:25:22]  Acc_iter 3250        Data time: 0.00(0.02)  Forward time: 0.12(0.15)  Batch time: 0.13(0.17)
2026-07-27 09:56:56,608   INFO  Train:    1/4 ( 25%) [3299/13891 ( 24%)]  Loss: 1.042e-08 (0.0310)  LR: 8.458e-05  Time cost: 09:09/29:23 [09:09/2:25:01]  Acc_iter 3300        Data time: 0.01(0.02)  Forward time: 0.14(0.15)  Batch time: 0.16(0.17)
2026-07-27 09:56:56,954   INFO  a1e06a0b30c0                Mon Jul 27 09:56:56 2026  580.173.02
[0] NVIDIA GeForce RTX 3070 | 59°C,  83 % |  4896 /  8192 MB | root(4242M)

2026-07-27 09:57:04,446   INFO  Train:    1/4 ( 25%) [3349/13891 ( 24%)]  Loss: 7.733e-09 (0.0305)  LR: 8.613e-05  Time cost: 09:17/29:13 [09:17/2:24:45]  Acc_iter 3350        Data time: 0.02(0.02)  Forward time: 0.13(0.15)  Batch time: 0.15(0.17)
2026-07-27 09:57:11,906   INFO  Train:    1/4 ( 25%) [3399/13891 ( 24%)]  Loss: 8.268e-09 (0.0301)  LR: 8.768e-05  Time cost: 09:24/29:02 [09:25/2:24:23]  Acc_iter 3400        Data time: 0.01(0.02)  Forward time: 0.13(0.15)  Batch time: 0.14(0.17)
2026-07-27 09:57:19,631   INFO  Train:    1/4 ( 25%) [3449/13891 ( 25%)]  Loss: 6.637e-09 (0.0296)  LR: 8.925e-05  Time cost: 09:32/28:52 [09:32/2:24:06]  Acc_iter 3450        Data time: 0.02(0.02)  Forward time: 0.17(0.15)  Batch time: 0.19(0.17)
2026-07-27 09:57:20,035   INFO  a1e06a0b30c0                Mon Jul 27 09:57:20 2026  580.173.02
[0] NVIDIA GeForce RTX 3070 | 60°C,  48 % |  4896 /  8192 MB | root(4242M)

2026-07-27 09:57:28,169   INFO  Train:    1/4 ( 25%) [3499/13891 ( 25%)]  Loss: 5.824e-09 (0.0292)  LR: 9.084e-05  Time cost: 09:40/28:44 [09:41/2:24:02]  Acc_iter 3500        Data time: 0.02(0.02)  Forward time: 0.24(0.15)  Batch time: 0.26(0.17)
2026-07-27 09:57:36,412   INFO  Train:    1/4 ( 25%) [3549/13891 ( 26%)]  Loss: 4.342e-09 (0.0288)  LR: 9.244e-05  Time cost: 09:49/28:36 [09:49/2:23:53]  Acc_iter 3550        Data time: 0.02(0.02)  Forward time: 0.23(0.15)  Batch time: 0.25(0.17)
2026-07-27 09:57:45,738   INFO  Train:    1/4 ( 25%) [3599/13891 ( 26%)]  Loss: 4.702e-09 (0.0284)  LR: 9.406e-05  Time cost: 09:58/28:31 [09:59/2:23:59]  Acc_iter 3600        Data time: 0.02(0.02)  Forward time: 0.14(0.15)  Batch time: 0.15(0.17)
2026-07-27 09:57:46,171   INFO  a1e06a0b30c0                Mon Jul 27 09:57:46 2026  580.173.02
[0] NVIDIA GeForce RTX 3070 | 62°C,  60 % |  4896 /  8192 MB | root(4242M)

2026-07-27 09:57:47,323   INFO  Save latest model to /OpenPCDet/output/OpenPCDet/tools/cfgs/models/S/D/S_D_N/unfrozen_backbone_1_9/ckpt/latest_model
2026-07-27 09:57:54,536   INFO  Train:    1/4 ( 25%) [3649/13891 ( 26%)]  Loss: 3.224e-09 (0.0280)  LR: 9.569e-05  Time cost: 10:07/28:24 [10:07/2:23:58]  Acc_iter 3650        Data time: 0.02(0.02)  Forward time: 0.14(0.15)  Batch time: 0.16(0.17)
2026-07-27 09:58:02,182   INFO  Train:    1/4 ( 25%) [3699/13891 ( 27%)]  Loss: 3.905e-09 (0.0276)  LR: 9.733e-05  Time cost: 10:14/28:13 [10:15/2:23:40]  Acc_iter 3700        Data time: 0.00(0.02)  Forward time: 0.13(0.15)  Batch time: 0.14(0.17)
2026-07-27 09:58:09,766   INFO  Train:    1/4 ( 25%) [3749/13891 ( 27%)]  Loss: 3.154e-09 (0.0273)  LR: 9.899e-05  Time cost: 10:22/28:03 [10:23/2:23:22]  Acc_iter 3750        Data time: 0.02(0.02)  Forward time: 0.15(0.15)  Batch time: 0.17(0.17)
2026-07-27 09:58:10,161   INFO  a1e06a0b30c0                Mon Jul 27 09:58:10 2026  580.173.02
[0] NVIDIA GeForce RTX 3070 | 63°C,  80 % |  4884 /  8192 MB | root(4242M)

2026-07-27 09:58:17,995   INFO  Train:    1/4 ( 25%) [3799/13891 ( 27%)]  Loss: 2.393e-09 (0.0269)  LR: 1.007e-04  Time cost: 10:30/27:55 [10:31/2:23:12]  Acc_iter 3800        Data time: 0.02(0.02)  Forward time: 0.17(0.15)  Batch time: 0.19(0.17)
2026-07-27 09:58:26,179   INFO  Train:    1/4 ( 25%) [3849/13891 ( 28%)]  Loss: 2.471e-09 (0.0266)  LR: 1.023e-04  Time cost: 10:38/27:46 [10:39/2:23:02]  Acc_iter 3850        Data time: 0.02(0.02)  Forward time: 0.16(0.15)  Batch time: 0.18(0.17)
2026-07-27 09:58:34,012   INFO  Train:    1/4 ( 25%) [3899/13891 ( 28%)]  Loss: 2.372e-09 (0.0262)  LR: 1.040e-04  Time cost: 10:46/27:37 [10:47/2:22:48]  Acc_iter 3900        Data time: 0.01(0.02)  Forward time: 0.13(0.15)  Batch time: 0.14(0.17)
2026-07-27 09:58:34,351   INFO  a1e06a0b30c0                Mon Jul 27 09:58:34 2026  580.173.02
[0] NVIDIA GeForce RTX 3070 | 63°C,  73 % |  4883 /  8192 MB | root(4242M)

2026-07-27 09:58:43,063   INFO  Train:    1/4 ( 25%) [3949/13891 ( 28%)]  Loss: 1.845e-09 (0.0259)  LR: 1.058e-04  Time cost: 10:55/27:30 [10:56/2:22:50]  Acc_iter 3950        Data time: 0.01(0.02)  Forward time: 0.22(0.15)  Batch time: 0.24(0.17)
2026-07-27 09:58:52,004   INFO  Train:    1/4 ( 25%) [3999/13891 ( 29%)]  Loss: 1.838e-09 (0.0256)  LR: 1.075e-04  Time cost: 11:04/27:24 [11:05/2:22:49]  Acc_iter 4000        Data time: 0.00(0.02)  Forward time: 0.14(0.15)  Batch time: 0.14(0.17)
2026-07-27 09:58:59,766   INFO  Train:    1/4 ( 25%) [4049/13891 ( 29%)]  Loss: 2.938e-09 (0.0252)  LR: 1.092e-04  Time cost: 11:12/27:14 [11:13/2:22:34]  Acc_iter 4050        Data time: 0.02(0.02)  Forward time: 0.14(0.15)  Batch time: 0.16(0.17)
2026-07-27 09:59:00,105   INFO  a1e06a0b30c0                Mon Jul 27 09:59:00 2026  580.173.02
[0] NVIDIA GeForce RTX 3070 | 62°C,  89 % |  4883 /  8192 MB | root(4242M)

2026-07-27 09:59:07,737   INFO  Train:    1/4 ( 25%) [4099/13891 ( 30%)]  Loss: 1.690e-09 (0.0249)  LR: 1.109e-04  Time cost: 11:20/27:05 [11:21/2:22:22]  Acc_iter 4100        Data time: 0.01(0.02)  Forward time: 0.13(0.15)  Batch time: 0.14(0.17)
2026-07-27 09:59:15,580   INFO  Train:    1/4 ( 25%) [4149/13891 ( 30%)]  Loss: 1.747e-09 (0.0246)  LR: 1.127e-04  Time cost: 11:28/26:55 [11:28/2:22:08]  Acc_iter 4150        Data time: 0.00(0.02)  Forward time: 0.15(0.15)  Batch time: 0.15(0.17)
2026-07-27 09:59:23,259   INFO  Train:    1/4 ( 25%) [4199/13891 ( 30%)]  Loss: 1.734e-09 (0.0243)  LR: 1.145e-04  Time cost: 11:36/26:46 [11:36/2:21:52]  Acc_iter 4200        Data time: 0.02(0.02)  Forward time: 0.13(0.15)  Batch time: 0.15(0.17)
2026-07-27 09:59:23,604   INFO  a1e06a0b30c0                Mon Jul 27 09:59:23 2026  580.173.02
[0] NVIDIA GeForce RTX 3070 | 62°C,  78 % |  4884 /  8192 MB | root(4242M)

2026-07-27 09:59:31,626   INFO  Train:    1/4 ( 25%) [4249/13891 ( 31%)]  Loss: 1.371e-09 (0.0241)  LR: 1.162e-04  Time cost: 11:44/26:38 [11:44/2:21:45]  Acc_iter 4250        Data time: 0.02(0.02)  Forward time: 0.13(0.15)  Batch time: 0.15(0.17)
2026-07-27 09:59:39,797   INFO  Train:    1/4 ( 25%) [4299/13891 ( 31%)]  Loss: 1.288e-09 (0.0238)  LR: 1.180e-04  Time cost: 11:52/26:29 [11:53/2:21:35]  Acc_iter 4300        Data time: 0.02(0.02)  Forward time: 0.14(0.15)  Batch time: 0.16(0.17)
2026-07-27 09:59:48,551   INFO  Train:    1/4 ( 25%) [4349/13891 ( 31%)]  Loss: 1.570e-09 (0.0235)  LR: 1.198e-04  Time cost: 12:01/26:22 [12:01/2:21:32]  Acc_iter 4350        Data time: 0.03(0.02)  Forward time: 0.18(0.15)  Batch time: 0.21(0.17)
2026-07-27 09:59:48,964   INFO  a1e06a0b30c0                Mon Jul 27 09:59:48 2026  580.173.02
[0] NVIDIA GeForce RTX 3070 | 58°C,  90 % |  4884 /  8192 MB | root(4242M)

2026-07-27 09:59:57,725   INFO  Train:    1/4 ( 25%) [4399/13891 ( 32%)]  Loss: 1.295e-09 (0.0232)  LR: 1.216e-04  Time cost: 12:10/26:15 [12:11/2:21:34]  Acc_iter 4400        Data time: 0.02(0.02)  Forward time: 0.14(0.15)  Batch time: 0.16(0.17)
2026-07-27 10:00:05,578   INFO  Train:    1/4 ( 25%) [4449/13891 ( 32%)]  Loss: 8.106e-10 (0.0230)  LR: 1.234e-04  Time cost: 12:18/26:06 [12:18/2:21:21]  Acc_iter 4450        Data time: 0.00(0.02)  Forward time: 0.16(0.15)  Batch time: 0.16(0.17)
2026-07-27 10:00:13,279   INFO  Train:    1/4 ( 25%) [4499/13891 ( 32%)]  Loss: 1.016e-09 (0.0227)  LR: 1.253e-04  Time cost: 12:26/25:57 [12:26/2:21:06]  Acc_iter 4500        Data time: 0.02(0.02)  Forward time: 0.13(0.15)  Batch time: 0.15(0.17)
2026-07-27 10:00:13,618   INFO  a1e06a0b30c0                Mon Jul 27 10:00:13 2026  580.173.02
[0] NVIDIA GeForce RTX 3070 | 62°C,  91 % |  4884 /  8192 MB | root(4242M)

2026-07-27 10:00:21,327   INFO  Train:    1/4 ( 25%) [4549/13891 ( 33%)]  Loss: 1.110e-09 (0.0225)  LR: 1.271e-04  Time cost: 12:34/25:48 [12:34/2:20:55]  Acc_iter 4550        Data time: 0.01(0.02)  Forward time: 0.16(0.15)  Batch time: 0.17(0.17)
2026-07-27 10:00:28,963   INFO  Train:    1/4 ( 25%) [4599/13891 ( 33%)]  Loss: 1.626e-09 (0.0222)  LR: 1.289e-04  Time cost: 12:41/25:38 [12:42/2:20:39]  Acc_iter 4600        Data time: 0.00(0.02)  Forward time: 0.13(0.15)  Batch time: 0.13(0.17)
2026-07-27 10:00:36,994   INFO  Train:    1/4 ( 25%) [4649/13891 ( 33%)]  Loss: 1.151e-09 (0.0220)  LR: 1.308e-04  Time cost: 12:49/25:29 [12:50/2:20:28]  Acc_iter 4650        Data time: 0.00(0.02)  Forward time: 0.13(0.15)  Batch time: 0.13(0.17)
2026-07-27 10:00:37,370   INFO  a1e06a0b30c0                Mon Jul 27 10:00:37 2026  580.173.02
[0] NVIDIA GeForce RTX 3070 | 63°C,  86 % |  4883 /  8192 MB | root(4242M)

2026-07-27 10:00:45,401   INFO  Train:    1/4 ( 25%) [4699/13891 ( 34%)]  Loss: 8.265e-10 (0.0218)  LR: 1.326e-04  Time cost: 12:58/25:21 [12:58/2:20:21]  Acc_iter 4700        Data time: 0.02(0.02)  Forward time: 0.22(0.15)  Batch time: 0.24(0.17)
2026-07-27 10:00:54,337   INFO  Train:    1/4 ( 25%) [4749/13891 ( 34%)]  Loss: 1.573e-09 (0.0215)  LR: 1.345e-04  Time cost: 13:07/25:14 [13:07/2:20:20]  Acc_iter 4750        Data time: 0.01(0.02)  Forward time: 0.14(0.15)  Batch time: 0.16(0.17)
2026-07-27 10:01:02,992   INFO  Train:    1/4 ( 25%) [4799/13891 ( 35%)]  Loss: 7.756e-10 (0.0213)  LR: 1.363e-04  Time cost: 13:15/25:07 [13:16/2:20:16]  Acc_iter 4800        Data time: 0.01(0.02)  Forward time: 0.13(0.15)  Batch time: 0.14(0.17)
2026-07-27 10:01:03,347   INFO  a1e06a0b30c0                Mon Jul 27 10:01:03 2026  580.173.02
[0] NVIDIA GeForce RTX 3070 | 62°C,  83 % |  4884 /  8192 MB | root(4242M)

2026-07-27 10:01:11,087   INFO  Train:    1/4 ( 25%) [4849/13891 ( 35%)]  Loss: 6.088e-10 (0.0211)  LR: 1.382e-04  Time cost: 13:23/24:58 [13:24/2:20:05]  Acc_iter 4850        Data time: 0.00(0.02)  Forward time: 0.13(0.15)  Batch time: 0.13(0.17)
2026-07-27 10:01:18,651   INFO  Train:    1/4 ( 25%) [4899/13891 ( 35%)]  Loss: 1.260e-09 (0.0209)  LR: 1.401e-04  Time cost: 13:31/24:49 [13:31/2:19:50]  Acc_iter 4900        Data time: 0.01(0.02)  Forward time: 0.14(0.15)  Batch time: 0.15(0.17)
2026-07-27 10:01:26,378   INFO  Train:    1/4 ( 25%) [4949/13891 ( 36%)]  Loss: 5.904e-10 (0.0207)  LR: 1.419e-04  Time cost: 13:39/24:39 [13:39/2:19:36]  Acc_iter 4950        Data time: 0.01(0.02)  Forward time: 0.13(0.15)  Batch time: 0.14(0.17)
2026-07-27 10:01:26,718   INFO  a1e06a0b30c0                Mon Jul 27 10:01:26 2026  580.173.02
[0] NVIDIA GeForce RTX 3070 | 63°C,  90 % |  4884 /  8192 MB | root(4242M)

2026-07-27 10:01:34,340   INFO  Train:    1/4 ( 25%) [4999/13891 ( 36%)]  Loss: 6.391e-10 (0.0204)  LR: 1.438e-04  Time cost: 13:47/24:30 [13:47/2:19:24]  Acc_iter 5000        Data time: 0.00(0.02)  Forward time: 0.15(0.15)  Batch time: 0.15(0.17)
2026-07-27 10:01:42,454   INFO  Train:    1/4 ( 25%) [5049/13891 ( 36%)]  Loss: 7.970e-10 (0.0202)  LR: 1.457e-04  Time cost: 13:55/24:22 [13:55/2:19:14]  Acc_iter 5050        Data time: 0.02(0.02)  Forward time: 0.14(0.15)  Batch time: 0.16(0.17)
2026-07-27 10:01:50,554   INFO  Train:    1/4 ( 25%) [5099/13891 ( 37%)]  Loss: 7.639e-10 (0.0200)  LR: 1.476e-04  Time cost: 14:03/24:13 [14:03/2:19:04]  Acc_iter 5100        Data time: 0.00(0.02)  Forward time: 0.13(0.15)  Batch time: 0.13(0.17)
2026-07-27 10:01:50,973   INFO  a1e06a0b30c0                Mon Jul 27 10:01:50 2026  580.173.02
[0] NVIDIA GeForce RTX 3070 | 59°C,  91 % |  4883 /  8192 MB | root(4242M)

2026-07-27 10:01:59,866   INFO  Train:    1/4 ( 25%) [5149/13891 ( 37%)]  Loss: 7.060e-10 (0.0199)  LR: 1.495e-04  Time cost: 14:12/24:07 [14:13/2:19:06]  Acc_iter 5150        Data time: 0.02(0.02)  Forward time: 0.17(0.15)  Batch time: 0.19(0.17)
2026-07-27 10:02:08,261   INFO  Train:    1/4 ( 25%) [5199/13891 ( 37%)]  Loss: 5.296e-10 (0.0197)  LR: 1.514e-04  Time cost: 14:21/23:59 [14:21/2:18:59]  Acc_iter 5200        Data time: 0.01(0.02)  Forward time: 0.17(0.15)  Batch time: 0.17(0.17)
2026-07-27 10:02:16,073   INFO  Train:    1/4 ( 25%) [5249/13891 ( 38%)]  Loss: 4.882e-10 (0.0195)  LR: 1.533e-04  Time cost: 14:28/23:50 [14:29/2:18:46]  Acc_iter 5250        Data time: 0.02(0.02)  Forward time: 0.13(0.15)  Batch time: 0.15(0.17)
2026-07-27 10:02:16,414   INFO  a1e06a0b30c0                Mon Jul 27 10:02:16 2026  580.173.02
[0] NVIDIA GeForce RTX 3070 | 59°C,   3 % |  4883 /  8192 MB | root(4242M)

2026-07-27 10:02:24,051   INFO  Train:    1/4 ( 25%) [5299/13891 ( 38%)]  Loss: 4.449e-10 (0.0193)  LR: 1.552e-04  Time cost: 14:36/23:41 [14:37/2:18:35]  Acc_iter 5300        Data time: 0.00(0.02)  Forward time: 0.13(0.15)  Batch time: 0.13(0.17)
2026-07-27 10:02:31,754   INFO  Train:    1/4 ( 25%) [5349/13891 ( 39%)]  Loss: 5.354e-10 (0.0191)  LR: 1.571e-04  Time cost: 14:44/23:32 [14:45/2:18:22]  Acc_iter 5350        Data time: 0.02(0.02)  Forward time: 0.14(0.15)  Batch time: 0.15(0.17)
2026-07-27 10:02:39,929   INFO  Train:    1/4 ( 25%) [5399/13891 ( 39%)]  Loss: 6.288e-10 (0.0189)  LR: 1.590e-04  Time cost: 14:52/23:23 [14:53/2:18:13]  Acc_iter 5400        Data time: 0.01(0.02)  Forward time: 0.16(0.15)  Batch time: 0.17(0.17)
2026-07-27 10:02:40,354   INFO  a1e06a0b30c0                Mon Jul 27 10:02:40 2026  580.173.02
[0] NVIDIA GeForce RTX 3070 | 64°C,  91 % |  4884 /  8192 MB | root(4242M)

2026-07-27 10:02:47,307   INFO  Save latest model to /OpenPCDet/output/OpenPCDet/tools/cfgs/models/S/D/S_D_N/unfrozen_backbone_1_9/ckpt/latest_model
2026-07-27 10:02:48,395   INFO  Train:    1/4 ( 25%) [5449/13891 ( 39%)]  Loss: 6.330e-10 (0.0188)  LR: 1.609e-04  Time cost: 15:01/23:15 [15:01/2:18:06]  Acc_iter 5450        Data time: 0.00(0.02)  Forward time: 0.14(0.15)  Batch time: 0.14(0.17)
2026-07-27 10:02:56,583   INFO  Train:    1/4 ( 25%) [5499/13891 ( 40%)]  Loss: 6.619e-10 (0.0186)  LR: 1.628e-04  Time cost: 15:09/23:07 [15:09/2:17:57]  Acc_iter 5500        Data time: 0.01(0.02)  Forward time: 0.13(0.15)  Batch time: 0.14(0.17)
2026-07-27 10:03:05,585   INFO  Train:    1/4 ( 25%) [5549/13891 ( 40%)]  Loss: 5.267e-10 (0.0184)  LR: 1.647e-04  Time cost: 15:18/23:00 [15:18/2:17:56]  Acc_iter 5550        Data time: 0.03(0.02)  Forward time: 0.17(0.15)  Batch time: 0.20(0.17)
2026-07-27 10:03:05,981   INFO  a1e06a0b30c0                Mon Jul 27 10:03:05 2026  580.173.02
[0] NVIDIA GeForce RTX 3070 | 59°C,  85 % |  4883 /  8192 MB | root(4242M)

2026-07-27 10:03:13,849   INFO  Train:    1/4 ( 25%) [5599/13891 ( 40%)]  Loss: 3.881e-10 (0.0183)  LR: 1.666e-04  Time cost: 15:26/22:52 [15:27/2:17:47]  Acc_iter 5600        Data time: 0.02(0.02)  Forward time: 0.17(0.15)  Batch time: 0.19(0.17)
2026-07-27 10:03:21,407   INFO  Train:    1/4 ( 25%) [5649/13891 ( 41%)]  Loss: 6.141e-10 (0.0181)  LR: 1.685e-04  Time cost: 15:34/22:42 [15:34/2:17:33]  Acc_iter 5650        Data time: 0.02(0.02)  Forward time: 0.13(0.15)  Batch time: 0.15(0.17)
2026-07-27 10:03:28,809   INFO  Train:    1/4 ( 25%) [5699/13891 ( 41%)]  Loss: 5.980e-10 (0.0179)  LR: 1.705e-04  Time cost: 15:41/22:33 [15:42/2:17:17]  Acc_iter 5700        Data time: 0.02(0.02)  Forward time: 0.15(0.15)  Batch time: 0.17(0.17)
2026-07-27 10:03:29,205   INFO  a1e06a0b30c0                Mon Jul 27 10:03:29 2026  580.173.02
[0] NVIDIA GeForce RTX 3070 | 64°C,  88 % |  4884 /  8192 MB | root(4242M)

2026-07-27 10:03:36,682   INFO  Train:    1/4 ( 25%) [5749/13891 ( 41%)]  Loss: 6.311e-10 (0.0178)  LR: 1.724e-04  Time cost: 15:49/22:24 [15:50/2:17:05]  Acc_iter 5750        Data time: 0.01(0.02)  Forward time: 0.16(0.15)  Batch time: 0.18(0.17)
2026-07-27 10:03:44,245   INFO  Train:    1/4 ( 25%) [5799/13891 ( 42%)]  Loss: 6.913e-10 (0.0176)  LR: 1.743e-04  Time cost: 15:57/22:15 [15:57/2:16:51]  Acc_iter 5800        Data time: 0.02(0.02)  Forward time: 0.14(0.15)  Batch time: 0.16(0.17)
2026-07-27 10:03:51,950   INFO  Train:    1/4 ( 25%) [5849/13891 ( 42%)]  Loss: 5.327e-10 (0.0175)  LR: 1.762e-04  Time cost: 16:04/22:06 [16:05/2:16:38]  Acc_iter 5850        Data time: 0.01(0.02)  Forward time: 0.14(0.15)  Batch time: 0.15(0.16)
2026-07-27 10:03:52,293   INFO  a1e06a0b30c0                Mon Jul 27 10:03:52 2026  580.173.02
[0] NVIDIA GeForce RTX 3070 | 62°C,  47 % |  4883 /  8192 MB | root(4242M)

2026-07-27 10:04:00,696   INFO  Train:    1/4 ( 25%) [5899/13891 ( 42%)]  Loss: 5.973e-10 (0.0173)  LR: 1.781e-04  Time cost: 16:13/21:58 [16:14/2:16:34]  Acc_iter 5900        Data time: 0.02(0.02)  Forward time: 0.22(0.15)  Batch time: 0.24(0.16)
2026-07-27 10:04:09,706   INFO  Train:    1/4 ( 25%) [5949/13891 ( 43%)]  Loss: 5.478e-10 (0.0172)  LR: 1.800e-04  Time cost: 16:22/21:51 [16:23/2:16:32]  Acc_iter 5950        Data time: 0.02(0.02)  Forward time: 0.13(0.15)  Batch time: 0.15(0.17)
2026-07-27 10:04:17,235   INFO  Train:    1/4 ( 25%) [5999/13891 ( 43%)]  Loss: 5.020e-10 (0.0170)  LR: 1.819e-04  Time cost: 16:30/21:42 [16:30/2:16:18]  Acc_iter 6000        Data time: 0.01(0.02)  Forward time: 0.13(0.15)  Batch time: 0.15(0.17)
2026-07-27 10:04:17,591   INFO  a1e06a0b30c0                Mon Jul 27 10:04:17 2026  580.173.02
[0] NVIDIA GeForce RTX 3070 | 65°C,  79 % |  4884 /  8192 MB | root(4242M)

2026-07-27 10:04:25,058   INFO  Train:    1/4 ( 25%) [6049/13891 ( 44%)]  Loss: 3.597e-10 (0.0169)  LR: 1.838e-04  Time cost: 16:37/21:33 [16:38/2:16:06]  Acc_iter 6050        Data time: 0.01(0.02)  Forward time: 0.13(0.15)  Batch time: 0.15(0.16)
2026-07-27 10:04:32,676   INFO  Train:    1/4 ( 25%) [6099/13891 ( 44%)]  Loss: 5.612e-10 (0.0168)  LR: 1.856e-04  Time cost: 16:45/21:24 [16:45/2:15:53]  Acc_iter 6100        Data time: 0.00(0.02)  Forward time: 0.15(0.15)  Batch time: 0.15(0.16)
2026-07-27 10:04:40,424   INFO  Train:    1/4 ( 25%) [6149/13891 ( 44%)]  Loss: 3.491e-10 (0.0166)  LR: 1.875e-04  Time cost: 16:53/21:15 [16:53/2:15:41]  Acc_iter 6150        Data time: 0.02(0.02)  Forward time: 0.14(0.15)  Batch time: 0.16(0.16)
2026-07-27 10:04:40,782   INFO  a1e06a0b30c0                Mon Jul 27 10:04:40 2026  580.173.02
[0] NVIDIA GeForce RTX 3070 | 64°C,  94 % |  4883 /  8192 MB | root(4242M)

2026-07-27 10:04:49,007   INFO  Train:    1/4 ( 25%) [6199/13891 ( 45%)]  Loss: 5.262e-10 (0.0165)  LR: 1.894e-04  Time cost: 17:01/21:07 [17:02/2:15:35]  Acc_iter 6200        Data time: 0.00(0.02)  Forward time: 0.13(0.15)  Batch time: 0.14(0.16)
2026-07-27 10:04:56,859   INFO  Train:    1/4 ( 25%) [6249/13891 ( 45%)]  Loss: 3.745e-10 (0.0164)  LR: 1.913e-04  Time cost: 17:09/20:58 [17:10/2:15:24]  Acc_iter 6250        Data time: 0.02(0.02)  Forward time: 0.16(0.15)  Batch time: 0.18(0.16)
2026-07-27 10:05:05,475   INFO  Train:    1/4 ( 25%) [6299/13891 ( 45%)]  Loss: 4.458e-10 (0.0162)  LR: 1.932e-04  Time cost: 17:18/20:51 [17:18/2:15:19]  Acc_iter 6300        Data time: 0.02(0.02)  Forward time: 0.14(0.15)  Batch time: 0.16(0.16)
2026-07-27 10:05:05,852   INFO  a1e06a0b30c0                Mon Jul 27 10:05:05 2026  580.173.02
[0] NVIDIA GeForce RTX 3070 | 61°C,  76 % |  4883 /  8192 MB | root(4242M)

2026-07-27 10:05:14,824   INFO  Train:    1/4 ( 25%) [6349/13891 ( 46%)]  Loss: 3.799e-10 (0.0161)  LR: 1.950e-04  Time cost: 17:27/20:44 [17:28/2:15:19]  Acc_iter 6350        Data time: 0.03(0.02)  Forward time: 0.16(0.15)  Batch time: 0.19(0.16)
2026-07-27 10:05:22,820   INFO  Train:    1/4 ( 25%) [6399/13891 ( 46%)]  Loss: 4.029e-10 (0.0160)  LR: 1.969e-04  Time cost: 17:35/20:35 [17:36/2:15:09]  Acc_iter 6400        Data time: 0.01(0.02)  Forward time: 0.14(0.15)  Batch time: 0.15(0.16)
2026-07-27 10:05:30,508   INFO  Train:    1/4 ( 25%) [6449/13891 ( 46%)]  Loss: 3.955e-10 (0.0158)  LR: 1.987e-04  Time cost: 17:43/20:26 [17:43/2:14:56]  Acc_iter 6450        Data time: 0.01(0.02)  Forward time: 0.14(0.15)  Batch time: 0.15(0.16)
2026-07-27 10:05:30,860   INFO  a1e06a0b30c0                Mon Jul 27 10:05:30 2026  580.173.02
[0] NVIDIA GeForce RTX 3070 | 64°C,  86 % |  4883 /  8192 MB | root(4242M)

2026-07-27 10:05:38,631   INFO  Train:    1/4 ( 25%) [6499/13891 ( 47%)]  Loss: 2.880e-10 (0.0157)  LR: 2.006e-04  Time cost: 17:51/20:18 [17:51/2:14:47]  Acc_iter 6500        Data time: 0.02(0.02)  Forward time: 0.17(0.15)  Batch time: 0.18(0.16)
2026-07-27 10:05:46,183   INFO  Train:    1/4 ( 25%) [6549/13891 ( 47%)]  Loss: 4.288e-10 (0.0156)  LR: 2.024e-04  Time cost: 17:58/20:09 [17:59/2:14:34]  Acc_iter 6550        Data time: 0.02(0.02)  Forward time: 0.14(0.15)  Batch time: 0.16(0.16)
2026-07-27 10:05:54,227   INFO  Train:    1/4 ( 25%) [6599/13891 ( 48%)]  Loss: 2.340e-10 (0.0155)  LR: 2.042e-04  Time cost: 18:07/20:00 [18:07/2:14:24]  Acc_iter 6600        Data time: 0.00(0.02)  Forward time: 0.18(0.15)  Batch time: 0.18(0.16)
2026-07-27 10:05:54,575   INFO  a1e06a0b30c0                Mon Jul 27 10:05:54 2026  580.173.02
[0] NVIDIA GeForce RTX 3070 | 62°C,  75 % |  4884 /  8192 MB | root(4242M)

2026-07-27 10:06:02,386   INFO  Train:    1/4 ( 25%) [6649/13891 ( 48%)]  Loss: 4.083e-10 (0.0154)  LR: 2.061e-04  Time cost: 18:15/19:52 [18:15/2:14:15]  Acc_iter 6650        Data time: 0.02(0.02)  Forward time: 0.14(0.15)  Batch time: 0.16(0.16)
2026-07-27 10:06:11,014   INFO  Train:    1/4 ( 25%) [6699/13891 ( 48%)]  Loss: 4.621e-10 (0.0153)  LR: 2.079e-04  Time cost: 18:23/19:44 [18:24/2:14:10]  Acc_iter 6700        Data time: 0.02(0.02)  Forward time: 0.25(0.15)  Batch time: 0.27(0.16)
2026-07-27 10:06:20,299   INFO  Train:    1/4 ( 25%) [6749/13891 ( 49%)]  Loss: 4.535e-10 (0.0151)  LR: 2.097e-04  Time cost: 18:33/19:37 [18:33/2:14:09]  Acc_iter 6750        Data time: 0.00(0.02)  Forward time: 0.14(0.15)  Batch time: 0.14(0.16)
2026-07-27 10:06:20,713   INFO  a1e06a0b30c0                Mon Jul 27 10:06:20 2026  580.173.02
[0] NVIDIA GeForce RTX 3070 | 63°C,  79 % |  4884 /  8192 MB | root(4242M)

2026-07-27 10:06:28,809   INFO  Train:    1/4 ( 25%) [6799/13891 ( 49%)]  Loss: 2.550e-10 (0.0150)  LR: 2.115e-04  Time cost: 18:41/19:29 [18:42/2:14:03]  Acc_iter 6800        Data time: 0.02(0.02)  Forward time: 0.13(0.15)  Batch time: 0.16(0.16)
2026-07-27 10:06:36,646   INFO  Train:    1/4 ( 25%) [6849/13891 ( 49%)]  Loss: 4.163e-10 (0.0149)  LR: 2.133e-04  Time cost: 18:49/19:21 [18:49/2:13:52]  Acc_iter 6850        Data time: 0.00(0.02)  Forward time: 0.13(0.15)  Batch time: 0.13(0.16)
2026-07-27 10:06:44,394   INFO  Train:    1/4 ( 25%) [6899/13891 ( 50%)]  Loss: 4.090e-10 (0.0148)  LR: 2.150e-04  Time cost: 18:57/19:12 [18:57/2:13:40]  Acc_iter 6900        Data time: 0.02(0.02)  Forward time: 0.16(0.15)  Batch time: 0.18(0.16)
2026-07-27 10:06:44,788   INFO  a1e06a0b30c0                Mon Jul 27 10:06:44 2026  580.173.02
[0] NVIDIA GeForce RTX 3070 | 62°C,  83 % |  4884 /  8192 MB | root(4242M)

2026-07-27 10:06:52,449   INFO  Train:    1/4 ( 25%) [6949/13891 ( 50%)]  Loss: 2.724e-10 (0.0147)  LR: 2.168e-04  Time cost: 19:05/19:03 [19:05/2:13:30]  Acc_iter 6950        Data time: 0.01(0.02)  Forward time: 0.14(0.15)  Batch time: 0.14(0.16)
2026-07-27 10:07:00,474   INFO  Train:    1/4 ( 25%) [6999/13891 ( 50%)]  Loss: 4.558e-10 (0.0146)  LR: 2.186e-04  Time cost: 19:13/18:55 [19:13/2:13:21]  Acc_iter 7000        Data time: 0.02(0.02)  Forward time: 0.13(0.15)  Batch time: 0.14(0.16)
2026-07-27 10:07:08,319   INFO  Train:    1/4 ( 25%) [7049/13891 ( 51%)]  Loss: 3.289e-10 (0.0145)  LR: 2.203e-04  Time cost: 19:21/18:46 [19:21/2:13:10]  Acc_iter 7050        Data time: 0.02(0.02)  Forward time: 0.13(0.15)  Batch time: 0.15(0.16)
2026-07-27 10:07:08,664   INFO  a1e06a0b30c0                Mon Jul 27 10:07:08 2026  580.173.02
[0] NVIDIA GeForce RTX 3070 | 64°C,  84 % |  4883 /  8192 MB | root(4242M)

2026-07-27 10:07:17,324   INFO  Train:    1/4 ( 25%) [7099/13891 ( 51%)]  Loss: 3.037e-10 (0.0144)  LR: 2.220e-04  Time cost: 19:30/18:39 [19:30/2:13:07]  Acc_iter 7100        Data time: 0.02(0.02)  Forward time: 0.20(0.15)  Batch time: 0.22(0.16)
2026-07-27 10:07:26,459   INFO  Train:    1/4 ( 25%) [7149/13891 ( 51%)]  Loss: 4.927e-10 (0.0143)  LR: 2.238e-04  Time cost: 19:39/18:31 [19:39/2:13:05]  Acc_iter 7150        Data time: 0.02(0.02)  Forward time: 0.22(0.15)  Batch time: 0.24(0.16)
2026-07-27 10:07:34,326   INFO  Train:    1/4 ( 25%) [7199/13891 ( 52%)]  Loss: 3.729e-10 (0.0142)  LR: 2.255e-04  Time cost: 19:47/18:23 [19:47/2:12:54]  Acc_iter 7200        Data time: 0.01(0.02)  Forward time: 0.14(0.15)  Batch time: 0.15(0.16)
2026-07-27 10:07:34,689   INFO  a1e06a0b30c0                Mon Jul 27 10:07:34 2026  580.173.02
[0] NVIDIA GeForce RTX 3070 | 63°C,  87 % |  4883 /  8192 MB | root(4242M)

2026-07-27 10:07:42,583   INFO  Train:    1/4 ( 25%) [7249/13891 ( 52%)]  Loss: 2.847e-10 (0.0141)  LR: 2.272e-04  Time cost: 19:55/18:15 [19:55/2:12:46]  Acc_iter 7250        Data time: 0.01(0.02)  Forward time: 0.14(0.15)  Batch time: 0.15(0.16)
2026-07-27 10:07:47,438   INFO  Save latest model to /OpenPCDet/output/OpenPCDet/tools/cfgs/models/S/D/S_D_N/unfrozen_backbone_1_9/ckpt/latest_model
2026-07-27 10:07:50,445   INFO  Train:    1/4 ( 25%) [7299/13891 ( 53%)]  Loss: 2.531e-10 (0.0140)  LR: 2.289e-04  Time cost: 20:03/18:06 [20:03/2:12:35]  Acc_iter 7300        Data time: 0.01(0.02)  Forward time: 0.16(0.15)  Batch time: 0.18(0.16)
2026-07-27 10:07:58,103   INFO  Train:    1/4 ( 25%) [7349/13891 ( 53%)]  Loss: 2.206e-10 (0.0139)  LR: 2.305e-04  Time cost: 20:10/17:57 [20:11/2:12:23]  Acc_iter 7350        Data time: 0.03(0.02)  Forward time: 0.14(0.15)  Batch time: 0.17(0.16)
2026-07-27 10:07:58,454   INFO  a1e06a0b30c0                Mon Jul 27 10:07:58 2026  580.173.02
[0] NVIDIA GeForce RTX 3070 | 60°C,   5 % |  4884 /  8192 MB | root(4242M)

2026-07-27 10:08:06,381   INFO  Train:    1/4 ( 25%) [7399/13891 ( 53%)]  Loss: 4.198e-10 (0.0138)  LR: 2.322e-04  Time cost: 20:19/17:49 [20:19/2:12:15]  Acc_iter 7400        Data time: 0.00(0.02)  Forward time: 0.13(0.15)  Batch time: 0.13(0.16)
2026-07-27 10:08:14,271   INFO  Train:    1/4 ( 25%) [7449/13891 ( 54%)]  Loss: 2.242e-10 (0.0137)  LR: 2.339e-04  Time cost: 20:27/17:41 [20:27/2:12:04]  Acc_iter 7450        Data time: 0.01(0.02)  Forward time: 0.20(0.15)  Batch time: 0.22(0.16)
2026-07-27 10:08:23,343   INFO  Train:    1/4 ( 25%) [7499/13891 ( 54%)]  Loss: 2.714e-10 (0.0136)  LR: 2.355e-04  Time cost: 20:36/17:33 [20:36/2:12:01]  Acc_iter 7500        Data time: 0.01(0.02)  Forward time: 0.15(0.15)  Batch time: 0.16(0.16)
2026-07-27 10:08:23,736   INFO  a1e06a0b30c0                Mon Jul 27 10:08:23 2026  580.173.02
[0] NVIDIA GeForce RTX 3070 | 62°C,  81 % |  4884 /  8192 MB | root(4242M)

2026-07-27 10:08:32,493   INFO  Train:    1/4 ( 25%) [7549/13891 ( 54%)]  Loss: 2.118e-10 (0.0135)  LR: 2.371e-04  Time cost: 20:45/17:26 [20:45/2:11:59]  Acc_iter 7550        Data time: 0.02(0.02)  Forward time: 0.17(0.15)  Batch time: 0.19(0.16)
2026-07-27 10:08:40,363   INFO  Train:    1/4 ( 25%) [7599/13891 ( 55%)]  Loss: 1.822e-10 (0.0135)  LR: 2.387e-04  Time cost: 20:53/17:17 [20:53/2:11:48]  Acc_iter 7600        Data time: 0.02(0.02)  Forward time: 0.13(0.15)  Batch time: 0.15(0.16)
2026-07-27 10:08:47,943   INFO  Train:    1/4 ( 25%) [7649/13891 ( 55%)]  Loss: 2.654e-10 (0.0134)  LR: 2.403e-04  Time cost: 21:00/17:08 [21:01/2:11:36]  Acc_iter 7650        Data time: 0.00(0.02)  Forward time: 0.12(0.15)  Batch time: 0.12(0.16)
2026-07-27 10:08:48,294   INFO  a1e06a0b30c0                Mon Jul 27 10:08:48 2026  580.173.02
[0] NVIDIA GeForce RTX 3070 | 64°C,  94 % |  4883 /  8192 MB | root(4242M)

2026-07-27 10:08:56,207   INFO  Train:    1/4 ( 25%) [7699/13891 ( 55%)]  Loss: 2.326e-10 (0.0133)  LR: 2.419e-04  Time cost: 21:08/17:00 [21:09/2:11:28]  Acc_iter 7700        Data time: 0.01(0.02)  Forward time: 0.14(0.15)  Batch time: 0.16(0.16)
2026-07-27 10:09:03,868   INFO  Train:    1/4 ( 25%) [7749/13891 ( 56%)]  Loss: 2.851e-10 (0.0132)  LR: 2.434e-04  Time cost: 21:16/16:51 [21:17/2:11:16]  Acc_iter 7750        Data time: 0.02(0.02)  Forward time: 0.22(0.15)  Batch time: 0.24(0.16)
2026-07-27 10:09:11,803   INFO  Train:    1/4 ( 25%) [7799/13891 ( 56%)]  Loss: 2.182e-10 (0.0131)  LR: 2.450e-04  Time cost: 21:24/16:43 [21:25/2:11:06]  Acc_iter 7800        Data time: 0.03(0.02)  Forward time: 0.14(0.15)  Batch time: 0.17(0.16)
2026-07-27 10:09:12,151   INFO  a1e06a0b30c0                Mon Jul 27 10:09:12 2026  580.173.02
[0] NVIDIA GeForce RTX 3070 | 63°C,  66 % |  4883 /  8192 MB | root(4242M)

2026-07-27 10:09:20,215   INFO  Train:    1/4 ( 25%) [7849/13891 ( 57%)]  Loss: 2.652e-10 (0.0130)  LR: 2.465e-04  Time cost: 21:33/16:35 [21:33/2:10:59]  Acc_iter 7850        Data time: 0.00(0.02)  Forward time: 0.16(0.15)  Batch time: 0.17(0.16)
2026-07-27 10:09:28,978   INFO  Train:    1/4 ( 25%) [7899/13891 ( 57%)]  Loss: 1.844e-10 (0.0129)  LR: 2.480e-04  Time cost: 21:41/16:27 [21:42/2:10:54]  Acc_iter 7900        Data time: 0.00(0.02)  Forward time: 0.13(0.15)  Batch time: 0.13(0.16)
2026-07-27 10:09:38,143   INFO  Train:    1/4 ( 25%) [7949/13891 ( 57%)]  Loss: 2.334e-10 (0.0129)  LR: 2.495e-04  Time cost: 21:50/16:19 [21:51/2:10:51]  Acc_iter 7950        Data time: 0.01(0.02)  Forward time: 0.19(0.15)  Batch time: 0.21(0.16)
2026-07-27 10:09:38,502   INFO  a1e06a0b30c0                Mon Jul 27 10:09:38 2026  580.173.02
[0] NVIDIA GeForce RTX 3070 | 61°C,   3 % |  4884 /  8192 MB | root(4242M)

2026-07-27 10:09:46,230   INFO  Train:    1/4 ( 25%) [7999/13891 ( 58%)]  Loss: 2.225e-10 (0.0128)  LR: 2.510e-04  Time cost: 21:59/16:11 [21:59/2:10:42]  Acc_iter 8000        Data time: 0.01(0.02)  Forward time: 0.14(0.15)  Batch time: 0.15(0.16)
2026-07-27 10:09:53,792   INFO  Train:    1/4 ( 25%) [8049/13891 ( 58%)]  Loss: 2.296e-10 (0.0127)  LR: 2.525e-04  Time cost: 22:06/16:02 [22:07/2:10:30]  Acc_iter 8050        Data time: 0.00(0.02)  Forward time: 0.13(0.15)  Batch time: 0.13(0.16)
2026-07-27 10:10:01,591   INFO  Train:    1/4 ( 25%) [8099/13891 ( 58%)]  Loss: 2.239e-10 (0.0126)  LR: 2.539e-04  Time cost: 22:14/15:54 [22:14/2:10:19]  Acc_iter 8100        Data time: 0.01(0.02)  Forward time: 0.13(0.15)  Batch time: 0.14(0.16)
2026-07-27 10:10:01,933   INFO  a1e06a0b30c0                Mon Jul 27 10:10:01 2026  580.173.02
[0] NVIDIA GeForce RTX 3070 | 60°C,  86 % |  4884 /  8192 MB | root(4242M)

2026-07-27 10:10:09,540   INFO  Train:    1/4 ( 25%) [8149/13891 ( 59%)]  Loss: 2.196e-10 (0.0125)  LR: 2.553e-04  Time cost: 22:22/15:45 [22:22/2:10:09]  Acc_iter 8150        Data time: 0.02(0.02)  Forward time: 0.13(0.15)  Batch time: 0.15(0.16)
2026-07-27 10:10:17,617   INFO  Train:    1/4 ( 25%) [8199/13891 ( 59%)]  Loss: 1.979e-10 (0.0125)  LR: 2.567e-04  Time cost: 22:30/15:37 [22:30/2:10:00]  Acc_iter 8200        Data time: 0.00(0.02)  Forward time: 0.16(0.15)  Batch time: 0.16(0.16)
2026-07-27 10:10:25,620   INFO  Train:    1/4 ( 25%) [8249/13891 ( 59%)]  Loss: 2.811e-10 (0.0124)  LR: 2.581e-04  Time cost: 22:38/15:28 [22:38/2:09:50]  Acc_iter 8250        Data time: 0.01(0.02)  Forward time: 0.21(0.15)  Batch time: 0.22(0.16)
2026-07-27 10:10:26,032   INFO  a1e06a0b30c0                Mon Jul 27 10:10:26 2026  580.173.02
[0] NVIDIA GeForce RTX 3070 | 60°C,  85 % |  4883 /  8192 MB | root(4242M)

2026-07-27 10:10:34,882   INFO  Train:    1/4 ( 25%) [8299/13891 ( 60%)]  Loss: 1.841e-10 (0.0123)  LR: 2.595e-04  Time cost: 22:47/15:21 [22:48/2:09:48]  Acc_iter 8300        Data time: 0.01(0.02)  Forward time: 0.14(0.15)  Batch time: 0.15(0.16)
2026-07-27 10:10:43,624   INFO  Train:    1/4 ( 25%) [8349/13891 ( 60%)]  Loss: 2.117e-10 (0.0122)  LR: 2.609e-04  Time cost: 22:56/15:13 [22:56/2:09:42]  Acc_iter 8350        Data time: 0.02(0.02)  Forward time: 0.14(0.15)  Batch time: 0.15(0.16)
2026-07-27 10:10:51,275   INFO  Train:    1/4 ( 25%) [8399/13891 ( 60%)]  Loss: 2.508e-10 (0.0122)  LR: 2.622e-04  Time cost: 23:04/15:04 [23:04/2:09:31]  Acc_iter 8400        Data time: 0.00(0.02)  Forward time: 0.14(0.15)  Batch time: 0.14(0.16)
2026-07-27 10:10:51,649   INFO  a1e06a0b30c0                Mon Jul 27 10:10:51 2026  580.173.02
[0] NVIDIA GeForce RTX 3070 | 65°C,  92 % |  4883 /  8192 MB | root(4242M)

2026-07-27 10:10:59,246   INFO  Train:    1/4 ( 25%) [8449/13891 ( 61%)]  Loss: 3.376e-10 (0.0121)  LR: 2.635e-04  Time cost: 23:12/14:56 [23:12/2:09:21]  Acc_iter 8450        Data time: 0.02(0.02)  Forward time: 0.16(0.15)  Batch time: 0.17(0.16)
2026-07-27 10:11:07,098   INFO  Train:    1/4 ( 25%) [8499/13891 ( 61%)]  Loss: 1.922e-10 (0.0120)  LR: 2.648e-04  Time cost: 23:19/14:48 [23:20/2:09:11]  Acc_iter 8500        Data time: 0.01(0.02)  Forward time: 0.14(0.15)  Batch time: 0.14(0.16)
2026-07-27 10:11:14,764   INFO  Train:    1/4 ( 25%) [8549/13891 ( 62%)]  Loss: 1.716e-10 (0.0120)  LR: 2.661e-04  Time cost: 23:27/14:39 [23:28/2:08:59]  Acc_iter 8550        Data time: 0.00(0.02)  Forward time: 0.15(0.15)  Batch time: 0.15(0.16)
2026-07-27 10:11:15,153   INFO  a1e06a0b30c0                Mon Jul 27 10:11:15 2026  580.173.02
[0] NVIDIA GeForce RTX 3070 | 66°C,  91 % |  4883 /  8192 MB | root(4242M)

2026-07-27 10:11:23,160   INFO  Train:    1/4 ( 25%) [8599/13891 ( 62%)]  Loss: 1.680e-10 (0.0119)  LR: 2.673e-04  Time cost: 23:35/14:31 [23:36/2:08:52]  Acc_iter 8600        Data time: 0.03(0.02)  Forward time: 0.14(0.15)  Batch time: 0.17(0.16)
2026-07-27 10:11:31,515   INFO  Train:    1/4 ( 25%) [8649/13891 ( 62%)]  Loss: 2.071e-10 (0.0118)  LR: 2.686e-04  Time cost: 23:44/14:23 [23:44/2:08:44]  Acc_iter 8650        Data time: 0.00(0.02)  Forward time: 0.17(0.15)  Batch time: 0.17(0.16)
2026-07-27 10:11:40,799   INFO  Train:    1/4 ( 25%) [8699/13891 ( 63%)]  Loss: 1.316e-10 (0.0118)  LR: 2.698e-04  Time cost: 23:53/14:15 [23:54/2:08:42]  Acc_iter 8700        Data time: 0.03(0.02)  Forward time: 0.15(0.15)  Batch time: 0.18(0.16)
2026-07-27 10:11:41,208   INFO  a1e06a0b30c0                Mon Jul 27 10:11:41 2026  580.173.02
[0] NVIDIA GeForce RTX 3070 | 64°C,  65 % |  4884 /  8192 MB | root(4242M)

2026-07-27 10:11:49,702   INFO  Train:    1/4 ( 25%) [8749/13891 ( 63%)]  Loss: 2.176e-10 (0.0117)  LR: 2.710e-04  Time cost: 24:02/14:07 [24:03/2:08:37]  Acc_iter 8750        Data time: 0.01(0.02)  Forward time: 0.15(0.15)  Batch time: 0.16(0.16)
2026-07-27 10:11:57,392   INFO  Train:    1/4 ( 25%) [8799/13891 ( 63%)]  Loss: 2.335e-10 (0.0116)  LR: 2.721e-04  Time cost: 24:10/13:59 [24:10/2:08:26]  Acc_iter 8800        Data time: 0.01(0.02)  Forward time: 0.13(0.15)  Batch time: 0.14(0.16)
2026-07-27 10:12:04,931   INFO  Train:    1/4 ( 25%) [8849/13891 ( 64%)]  Loss: 1.602e-10 (0.0116)  LR: 2.733e-04  Time cost: 24:17/13:50 [24:18/2:08:14]  Acc_iter 8850        Data time: 0.00(0.02)  Forward time: 0.14(0.15)  Batch time: 0.14(0.16)
2026-07-27 10:12:05,280   INFO  a1e06a0b30c0                Mon Jul 27 10:12:05 2026  580.173.02
[0] NVIDIA GeForce RTX 3070 | 66°C,  75 % |  4884 /  8192 MB | root(4242M)

2026-07-27 10:12:13,053   INFO  Train:    1/4 ( 25%) [8899/13891 ( 64%)]  Loss: 2.209e-10 (0.0115)  LR: 2.744e-04  Time cost: 24:25/13:42 [24:26/2:08:05]  Acc_iter 8900        Data time: 0.01(0.02)  Forward time: 0.13(0.15)  Batch time: 0.14(0.16)
2026-07-27 10:12:20,823   INFO  Train:    1/4 ( 25%) [8949/13891 ( 64%)]  Loss: 1.926e-10 (0.0114)  LR: 2.755e-04  Time cost: 24:33/13:33 [24:34/2:07:55]  Acc_iter 8950        Data time: 0.02(0.02)  Forward time: 0.20(0.15)  Batch time: 0.22(0.16)
2026-07-27 10:12:28,730   INFO  Train:    1/4 ( 25%) [8999/13891 ( 65%)]  Loss: 2.477e-10 (0.0114)  LR: 2.766e-04  Time cost: 24:41/13:25 [24:42/2:07:45]  Acc_iter 9000        Data time: 0.02(0.02)  Forward time: 0.15(0.15)  Batch time: 0.17(0.16)
2026-07-27 10:12:29,124   INFO  a1e06a0b30c0                Mon Jul 27 10:12:29 2026  580.173.02
[0] NVIDIA GeForce RTX 3070 | 64°C,  78 % |  4883 /  8192 MB | root(4242M)

2026-07-27 10:12:37,368   INFO  Train:    1/4 ( 25%) [9049/13891 ( 65%)]  Loss: 2.003e-10 (0.0113)  LR: 2.777e-04  Time cost: 24:50/13:17 [24:50/2:07:39]  Acc_iter 9050        Data time: 0.02(0.02)  Forward time: 0.18(0.15)  Batch time: 0.20(0.16)
2026-07-27 10:12:46,579   INFO  Train:    1/4 ( 25%) [9099/13891 ( 66%)]  Loss: 1.705e-10 (0.0112)  LR: 2.787e-04  Time cost: 24:59/13:09 [24:59/2:07:35]  Acc_iter 9100        Data time: 0.03(0.02)  Forward time: 0.14(0.15)  Batch time: 0.16(0.16)
2026-07-27 10:12:47,478   INFO  Save latest model to /OpenPCDet/output/OpenPCDet/tools/cfgs/models/S/D/S_D_N/unfrozen_backbone_1_9/ckpt/latest_model
2026-07-27 10:12:55,135   INFO  Train:    1/4 ( 25%) [9149/13891 ( 66%)]  Loss: 1.675e-10 (0.0112)  LR: 2.797e-04  Time cost: 25:07/13:01 [25:08/2:07:29]  Acc_iter 9150        Data time: 0.02(0.02)  Forward time: 0.14(0.15)  Batch time: 0.16(0.16)
2026-07-27 10:12:55,497   INFO  a1e06a0b30c0                Mon Jul 27 10:12:55 2026  580.173.02
[0] NVIDIA GeForce RTX 3070 | 61°C,  26 % |  4883 /  8192 MB | root(4242M)

2026-07-27 10:13:03,287   INFO  Train:    1/4 ( 25%) [9199/13891 ( 66%)]  Loss: 1.593e-10 (0.0111)  LR: 2.807e-04  Time cost: 25:16/12:53 [25:16/2:07:20]  Acc_iter 9200        Data time: 0.02(0.02)  Forward time: 0.14(0.15)  Batch time: 0.16(0.16)
2026-07-27 10:13:10,792   INFO  Train:    1/4 ( 25%) [9249/13891 ( 67%)]  Loss: 1.584e-10 (0.0111)  LR: 2.817e-04  Time cost: 25:23/12:44 [25:24/2:07:08]  Acc_iter 9250        Data time: 0.02(0.02)  Forward time: 0.14(0.15)  Batch time: 0.15(0.16)
2026-07-27 10:13:18,481   INFO  Train:    1/4 ( 25%) [9299/13891 ( 67%)]  Loss: 1.852e-10 (0.0110)  LR: 2.827e-04  Time cost: 25:31/12:36 [25:31/2:06:57]  Acc_iter 9300        Data time: 0.01(0.02)  Forward time: 0.14(0.15)  Batch time: 0.15(0.16)
2026-07-27 10:13:18,819   INFO  a1e06a0b30c0                Mon Jul 27 10:13:18 2026  580.173.02
[0] NVIDIA GeForce RTX 3070 | 65°C,  90 % |  4884 /  8192 MB | root(4242M)

2026-07-27 10:13:26,651   INFO  Train:    1/4 ( 25%) [9349/13891 ( 67%)]  Loss: 1.554e-10 (0.0109)  LR: 2.836e-04  Time cost: 25:39/12:27 [25:39/2:06:49]  Acc_iter 9350        Data time: 0.02(0.02)  Forward time: 0.16(0.15)  Batch time: 0.18(0.16)
2026-07-27 10:13:34,642   INFO  Train:    1/4 ( 25%) [9399/13891 ( 68%)]  Loss: 1.408e-10 (0.0109)  LR: 2.845e-04  Time cost: 25:47/12:19 [25:47/2:06:39]  Acc_iter 9400        Data time: 0.01(0.02)  Forward time: 0.14(0.15)  Batch time: 0.15(0.16)
2026-07-27 10:13:42,811   INFO  Train:    1/4 ( 25%) [9449/13891 ( 68%)]  Loss: 1.457e-10 (0.0108)  LR: 2.854e-04  Time cost: 25:55/12:11 [25:56/2:06:31]  Acc_iter 9450        Data time: 0.03(0.02)  Forward time: 0.15(0.15)  Batch time: 0.18(0.16)
2026-07-27 10:13:43,221   INFO  a1e06a0b30c0                Mon Jul 27 10:13:43 2026  580.173.02
[0] NVIDIA GeForce RTX 3070 | 63°C,  93 % |  4884 /  8192 MB | root(4242M)

2026-07-27 10:13:52,083   INFO  Train:    1/4 ( 25%) [9499/13891 ( 68%)]  Loss: 2.526e-10 (0.0108)  LR: 2.862e-04  Time cost: 26:04/12:03 [26:05/2:06:27]  Acc_iter 9500        Data time: 0.00(0.02)  Forward time: 0.13(0.15)  Batch time: 0.14(0.16)
2026-07-27 10:14:00,468   INFO  Train:    1/4 ( 25%) [9549/13891 ( 69%)]  Loss: 1.500e-10 (0.0107)  LR: 2.870e-04  Time cost: 26:13/11:55 [26:13/2:06:20]  Acc_iter 9550        Data time: 0.00(0.02)  Forward time: 0.15(0.15)  Batch time: 0.15(0.16)
2026-07-27 10:14:08,183   INFO  Train:    1/4 ( 25%) [9599/13891 ( 69%)]  Loss: 1.682e-10 (0.0106)  LR: 2.878e-04  Time cost: 26:20/11:46 [26:21/2:06:09]  Acc_iter 9600        Data time: 0.02(0.02)  Forward time: 0.14(0.15)  Batch time: 0.16(0.16)
2026-07-27 10:14:08,534   INFO  a1e06a0b30c0                Mon Jul 27 10:14:08 2026  580.173.02
[0] NVIDIA GeForce RTX 3070 | 64°C,   4 % |  4884 /  8192 MB | root(4242M)

2026-07-27 10:14:16,189   INFO  Train:    1/4 ( 25%) [9649/13891 ( 69%)]  Loss: 1.304e-10 (0.0106)  LR: 2.886e-04  Time cost: 26:28/11:38 [26:29/2:06:00]  Acc_iter 9650        Data time: 0.02(0.02)  Forward time: 0.13(0.15)  Batch time: 0.15(0.16)
2026-07-27 10:14:23,914   INFO  Train:    1/4 ( 25%) [9699/13891 ( 70%)]  Loss: 1.442e-10 (0.0105)  LR: 2.894e-04  Time cost: 26:36/11:30 [26:37/2:05:49]  Acc_iter 9700        Data time: 0.02(0.02)  Forward time: 0.14(0.15)  Batch time: 0.17(0.16)
2026-07-27 10:14:31,764   INFO  Train:    1/4 ( 25%) [9749/13891 ( 70%)]  Loss: 1.523e-10 (0.0105)  LR: 2.901e-04  Time cost: 26:44/11:21 [26:45/2:05:39]  Acc_iter 9750        Data time: 0.01(0.02)  Forward time: 0.17(0.15)  Batch time: 0.18(0.16)
2026-07-27 10:14:32,162   INFO  a1e06a0b30c0                Mon Jul 27 10:14:32 2026  580.173.02
[0] NVIDIA GeForce RTX 3070 | 62°C,  79 % |  4884 /  8192 MB | root(4242M)

2026-07-27 10:14:40,284   INFO  Train:    1/4 ( 25%) [9799/13891 ( 71%)]  Loss: 1.343e-10 (0.0104)  LR: 2.908e-04  Time cost: 26:53/11:13 [26:53/2:05:32]  Acc_iter 9800        Data time: 0.03(0.02)  Forward time: 0.13(0.15)  Batch time: 0.16(0.16)
2026-07-27 10:14:48,738   INFO  Train:    1/4 ( 25%) [9849/13891 ( 71%)]  Loss: 1.328e-10 (0.0104)  LR: 2.915e-04  Time cost: 27:01/11:05 [27:02/2:05:25]  Acc_iter 9850        Data time: 0.01(0.02)  Forward time: 0.15(0.15)  Batch time: 0.16(0.16)
2026-07-27 10:14:58,216   INFO  Train:    1/4 ( 25%) [9899/13891 ( 71%)]  Loss: 2.260e-10 (0.0103)  LR: 2.921e-04  Time cost: 27:11/10:57 [27:11/2:05:23]  Acc_iter 9900        Data time: 0.01(0.02)  Forward time: 0.20(0.15)  Batch time: 0.22(0.16)
2026-07-27 10:14:58,635   INFO  a1e06a0b30c0                Mon Jul 27 10:14:58 2026  580.173.02
[0] NVIDIA GeForce RTX 3070 | 60°C,  45 % |  4883 /  8192 MB | root(4242M)

2026-07-27 10:15:06,860   INFO  Train:    1/4 ( 25%) [9949/13891 ( 72%)]  Loss: 1.581e-10 (0.0103)  LR: 2.928e-04  Time cost: 27:19/10:49 [27:20/2:05:16]  Acc_iter 9950        Data time: 0.00(0.02)  Forward time: 0.14(0.15)  Batch time: 0.14(0.16)
2026-07-27 10:15:14,582   INFO  Train:    1/4 ( 25%) [9999/13891 ( 72%)]  Loss: 2.297e-10 (0.0102)  LR: 2.934e-04  Time cost: 27:27/10:41 [27:27/2:05:06]  Acc_iter 10000       Data time: 0.00(0.02)  Forward time: 0.14(0.15)  Batch time: 0.14(0.16)
2026-07-27 10:15:22,297   INFO  Train:    1/4 ( 25%) [10049/13891 ( 72%)]  Loss: 2.116e-10 (0.0102)  LR: 2.939e-04  Time cost: 27:35/10:32 [27:35/2:04:55]  Acc_iter 10050       Data time: 0.01(0.02)  Forward time: 0.21(0.15)  Batch time: 0.22(0.16)
2026-07-27 10:15:22,681   INFO  a1e06a0b30c0                Mon Jul 27 10:15:22 2026  580.173.02
[0] NVIDIA GeForce RTX 3070 | 63°C,  66 % |  4884 /  8192 MB | root(4242M)

2026-07-27 10:15:30,246   INFO  Train:    1/4 ( 25%) [10099/13891 ( 73%)]  Loss: 1.503e-10 (0.0101)  LR: 2.945e-04  Time cost: 27:43/10:24 [27:43/2:04:46]  Acc_iter 10100       Data time: 0.00(0.02)  Forward time: 0.13(0.15)  Batch time: 0.13(0.16)
2026-07-27 10:15:38,224   INFO  Train:    1/4 ( 25%) [10149/13891 ( 73%)]  Loss: 1.153e-10 (0.0101)  LR: 2.950e-04  Time cost: 27:51/10:16 [27:51/2:04:36]  Acc_iter 10150       Data time: 0.00(0.02)  Forward time: 0.16(0.15)  Batch time: 0.16(0.16)
2026-07-27 10:15:46,022   INFO  Train:    1/4 ( 25%) [10199/13891 ( 73%)]  Loss: 2.172e-10 (0.0100)  LR: 2.955e-04  Time cost: 27:58/10:07 [27:59/2:04:26]  Acc_iter 10200       Data time: 0.03(0.02)  Forward time: 0.15(0.15)  Batch time: 0.17(0.16)
2026-07-27 10:15:46,372   INFO  a1e06a0b30c0                Mon Jul 27 10:15:46 2026  580.173.02
[0] NVIDIA GeForce RTX 3070 | 65°C,  88 % |  4884 /  8192 MB | root(4242M)

2026-07-27 10:15:54,973   INFO  Train:    1/4 ( 25%) [10249/13891 ( 74%)]  Loss: 1.864e-10 (0.00997)  LR: 2.960e-04  Time cost: 28:07/09:59 [28:08/2:04:21]  Acc_iter 10250       Data time: 0.01(0.02)  Forward time: 0.14(0.15)  Batch time: 0.15(0.16)
2026-07-27 10:16:04,065   INFO  Train:    1/4 ( 25%) [10299/13891 ( 74%)]  Loss: 1.811e-10 (0.00993)  LR: 2.964e-04  Time cost: 28:16/09:51 [28:17/2:04:17]  Acc_iter 10300       Data time: 0.03(0.02)  Forward time: 0.19(0.15)  Batch time: 0.22(0.16)
2026-07-27 10:16:12,148   INFO  Train:    1/4 ( 25%) [10349/13891 ( 75%)]  Loss: 2.015e-10 (0.00988)  LR: 2.969e-04  Time cost: 28:24/09:43 [28:25/2:04:08]  Acc_iter 10350       Data time: 0.00(0.02)  Forward time: 0.17(0.15)  Batch time: 0.17(0.16)
2026-07-27 10:16:12,508   INFO  a1e06a0b30c0                Mon Jul 27 10:16:12 2026  580.173.02
[0] NVIDIA GeForce RTX 3070 | 60°C,   5 % |  4884 /  8192 MB | root(4242M)

2026-07-27 10:16:20,237   INFO  Train:    1/4 ( 25%) [10399/13891 ( 75%)]  Loss: 1.147e-10 (0.00983)  LR: 2.973e-04  Time cost: 28:33/09:35 [28:33/2:03:59]  Acc_iter 10400       Data time: 0.03(0.02)  Forward time: 0.16(0.15)  Batch time: 0.19(0.16)
2026-07-27 10:16:27,755   INFO  Train:    1/4 ( 25%) [10449/13891 ( 75%)]  Loss: 1.599e-10 (0.00978)  LR: 2.976e-04  Time cost: 28:40/09:26 [28:41/2:03:47]  Acc_iter 10450       Data time: 0.02(0.02)  Forward time: 0.20(0.15)  Batch time: 0.22(0.16)
2026-07-27 10:16:35,388   INFO  Train:    1/4 ( 25%) [10499/13891 ( 76%)]  Loss: 1.094e-10 (0.00974)  LR: 2.980e-04  Time cost: 28:48/09:18 [28:48/2:03:37]  Acc_iter 10500       Data time: 0.02(0.02)  Forward time: 0.17(0.15)  Batch time: 0.19(0.16)
2026-07-27 10:16:35,793   INFO  a1e06a0b30c0                Mon Jul 27 10:16:35 2026  580.173.02
[0] NVIDIA GeForce RTX 3070 | 63°C,  53 % |  4883 /  8192 MB | root(4242M)

2026-07-27 10:16:43,747   INFO  Train:    1/4 ( 25%) [10549/13891 ( 76%)]  Loss: 1.884e-10 (0.00969)  LR: 2.983e-04  Time cost: 28:56/09:10 [28:57/2:03:29]  Acc_iter 10550       Data time: 0.01(0.02)  Forward time: 0.14(0.15)  Batch time: 0.15(0.16)
2026-07-27 10:16:51,468   INFO  Train:    1/4 ( 25%) [10599/13891 ( 76%)]  Loss: 2.333e-10 (0.00964)  LR: 2.986e-04  Time cost: 29:04/09:01 [29:04/2:03:19]  Acc_iter 10600       Data time: 0.01(0.02)  Forward time: 0.14(0.15)  Batch time: 0.15(0.16)
2026-07-27 10:16:59,798   INFO  Train:    1/4 ( 25%) [10649/13891 ( 77%)]  Loss: 1.621e-10 (0.00960)  LR: 2.988e-04  Time cost: 29:12/08:53 [29:13/2:03:11]  Acc_iter 10650       Data time: 0.02(0.02)  Forward time: 0.13(0.15)  Batch time: 0.15(0.16)
2026-07-27 10:17:00,181   INFO  a1e06a0b30c0                Mon Jul 27 10:17:00 2026  580.173.02
[0] NVIDIA GeForce RTX 3070 | 65°C,  48 % |  4884 /  8192 MB | root(4242M)

2026-07-27 10:17:09,263   INFO  Train:    1/4 ( 25%) [10699/13891 ( 77%)]  Loss: 1.315e-10 (0.00955)  LR: 2.991e-04  Time cost: 29:22/08:45 [29:22/2:03:08]  Acc_iter 10700       Data time: 0.03(0.02)  Forward time: 0.16(0.15)  Batch time: 0.19(0.16)
2026-07-27 10:17:17,148   INFO  Train:    1/4 ( 25%) [10749/13891 ( 77%)]  Loss: 1.199e-10 (0.00951)  LR: 2.993e-04  Time cost: 29:29/08:37 [29:30/2:02:58]  Acc_iter 10750       Data time: 0.02(0.02)  Forward time: 0.15(0.15)  Batch time: 0.17(0.16)
2026-07-27 10:17:24,851   INFO  Train:    1/4 ( 25%) [10799/13891 ( 78%)]  Loss: 1.509e-10 (0.00947)  LR: 2.995e-04  Time cost: 29:37/08:28 [29:38/2:02:48]  Acc_iter 10800       Data time: 0.00(0.02)  Forward time: 0.13(0.15)  Batch time: 0.13(0.16)
2026-07-27 10:17:25,190   INFO  a1e06a0b30c0                Mon Jul 27 10:17:25 2026  580.173.02
[0] NVIDIA GeForce RTX 3070 | 65°C,  85 % |  4884 /  8192 MB | root(4242M)

2026-07-27 10:17:32,989   INFO  Train:    1/4 ( 25%) [10849/13891 ( 78%)]  Loss: 1.354e-10 (0.00942)  LR: 2.996e-04  Time cost: 29:45/08:20 [29:46/2:02:39]  Acc_iter 10850       Data time: 0.02(0.02)  Forward time: 0.15(0.15)  Batch time: 0.16(0.16)
2026-07-27 10:17:40,611   INFO  Train:    1/4 ( 25%) [10899/13891 ( 78%)]  Loss: 1.988e-10 (0.00938)  LR: 2.998e-04  Time cost: 29:53/08:12 [29:53/2:02:28]  Acc_iter 10900       Data time: 0.02(0.02)  Forward time: 0.15(0.15)  Batch time: 0.16(0.16)
2026-07-27 10:17:47,313   INFO  Save latest model to /OpenPCDet/output/OpenPCDet/tools/cfgs/models/S/D/S_D_N/unfrozen_backbone_1_9/ckpt/latest_model
2026-07-27 10:17:48,559   INFO  Train:    1/4 ( 25%) [10949/13891 ( 79%)]  Loss: 1.722e-10 (0.00934)  LR: 2.999e-04  Time cost: 30:01/08:03 [30:01/2:02:19]  Acc_iter 10950       Data time: 0.01(0.02)  Forward time: 0.16(0.15)  Batch time: 0.17(0.16)
2026-07-27 10:17:48,905   INFO  a1e06a0b30c0                Mon Jul 27 10:17:48 2026  580.173.02
[0] NVIDIA GeForce RTX 3070 | 65°C,  87 % |  4883 /  8192 MB | root(4242M)

2026-07-27 10:17:56,676   INFO  Train:    1/4 ( 25%) [10999/13891 ( 79%)]  Loss: 1.096e-10 (0.00929)  LR: 2.999e-04  Time cost: 30:09/07:55 [30:09/2:02:10]  Acc_iter 11000       Data time: 0.02(0.02)  Forward time: 0.15(0.15)  Batch time: 0.17(0.16)
2026-07-27 10:18:05,572   INFO  Train:    1/4 ( 25%) [11049/13891 ( 80%)]  Loss: 1.268e-10 (0.00925)  LR: 3.000e-04  Time cost: 30:18/07:47 [30:18/2:02:05]  Acc_iter 11050       Data time: 0.00(0.02)  Forward time: 0.14(0.15)  Batch time: 0.14(0.16)
2026-07-27 10:18:14,684   INFO  Train:    1/4 ( 25%) [11099/13891 ( 80%)]  Loss: 1.556e-10 (0.00921)  LR: 3.000e-04  Time cost: 30:27/07:39 [30:28/2:02:00]  Acc_iter 11100       Data time: 0.00(0.02)  Forward time: 0.13(0.15)  Batch time: 0.13(0.16)
2026-07-27 10:18:15,071   INFO  a1e06a0b30c0                Mon Jul 27 10:18:15 2026  580.173.02
[0] NVIDIA GeForce RTX 3070 | 63°C,  43 % |  4884 /  8192 MB | root(4242M)

2026-07-27 10:18:23,071   INFO  Train:    1/4 ( 25%) [11149/13891 ( 80%)]  Loss: 1.298e-10 (0.00917)  LR: 3.000e-04  Time cost: 30:35/07:31 [30:36/2:01:52]  Acc_iter 11150       Data time: 0.02(0.02)  Forward time: 0.17(0.15)  Batch time: 0.18(0.16)
2026-07-27 10:18:30,654   INFO  Train:    1/4 ( 25%) [11199/13891 ( 81%)]  Loss: 1.626e-10 (0.00913)  LR: 3.000e-04  Time cost: 30:43/07:23 [30:43/2:01:42]  Acc_iter 11200       Data time: 0.01(0.02)  Forward time: 0.14(0.15)  Batch time: 0.15(0.16)
2026-07-27 10:18:38,443   INFO  Train:    1/4 ( 25%) [11249/13891 ( 81%)]  Loss: 1.449e-10 (0.00909)  LR: 3.000e-04  Time cost: 30:51/07:14 [30:51/2:01:32]  Acc_iter 11250       Data time: 0.01(0.02)  Forward time: 0.14(0.15)  Batch time: 0.15(0.16)
2026-07-27 10:18:38,794   INFO  a1e06a0b30c0                Mon Jul 27 10:18:38 2026  580.173.02
[0] NVIDIA GeForce RTX 3070 | 65°C,  88 % |  4883 /  8192 MB | root(4242M)

2026-07-27 10:18:46,539   INFO  Train:    1/4 ( 25%) [11299/13891 ( 81%)]  Loss: 9.535e-11 (0.00905)  LR: 3.000e-04  Time cost: 30:59/07:06 [30:59/2:01:23]  Acc_iter 11300       Data time: 0.05(0.02)  Forward time: 0.14(0.15)  Batch time: 0.18(0.16)
2026-07-27 10:18:54,512   INFO  Train:    1/4 ( 25%) [11349/13891 ( 82%)]  Loss: 1.507e-10 (0.00901)  LR: 3.000e-04  Time cost: 31:07/06:58 [31:07/2:01:14]  Acc_iter 11350       Data time: 0.01(0.02)  Forward time: 0.15(0.15)  Batch time: 0.16(0.16)
2026-07-27 10:19:02,407   INFO  Train:    1/4 ( 25%) [11399/13891 ( 82%)]  Loss: 1.600e-10 (0.00897)  LR: 3.000e-04  Time cost: 31:15/06:49 [31:15/2:01:04]  Acc_iter 11400       Data time: 0.03(0.02)  Forward time: 0.15(0.15)  Batch time: 0.17(0.16)
2026-07-27 10:19:02,808   INFO  a1e06a0b30c0                Mon Jul 27 10:19:02 2026  580.173.02
[0] NVIDIA GeForce RTX 3070 | 65°C,  54 % |  4884 /  8192 MB | root(4242M)

2026-07-27 10:19:11,538   INFO  Train:    1/4 ( 25%) [11449/13891 ( 82%)]  Loss: 2.153e-10 (0.00893)  LR: 3.000e-04  Time cost: 31:24/06:41 [31:24/2:01:00]  Acc_iter 11450       Data time: 0.02(0.02)  Forward time: 0.22(0.15)  Batch time: 0.23(0.16)
2026-07-27 10:19:20,633   INFO  Train:    1/4 ( 25%) [11499/13891 ( 83%)]  Loss: 1.307e-10 (0.00889)  LR: 2.999e-04  Time cost: 31:33/06:33 [31:33/2:00:55]  Acc_iter 11500       Data time: 0.01(0.02)  Forward time: 0.14(0.15)  Batch time: 0.15(0.16)
2026-07-27 10:19:28,397   INFO  Train:    1/4 ( 25%) [11549/13891 ( 83%)]  Loss: 1.171e-10 (0.00885)  LR: 2.999e-04  Time cost: 31:41/06:25 [31:41/2:00:45]  Acc_iter 11550       Data time: 0.02(0.02)  Forward time: 0.14(0.15)  Batch time: 0.16(0.16)
2026-07-27 10:19:28,748   INFO  a1e06a0b30c0                Mon Jul 27 10:19:28 2026  580.173.02
[0] NVIDIA GeForce RTX 3070 | 65°C,  78 % |  4884 /  8192 MB | root(4242M)

2026-07-27 10:19:36,476   INFO  Train:    1/4 ( 25%) [11599/13891 ( 84%)]  Loss: 1.134e-10 (0.00881)  LR: 2.999e-04  Time cost: 31:49/06:17 [31:49/2:00:36]  Acc_iter 11600       Data time: 0.02(0.02)  Forward time: 0.12(0.15)  Batch time: 0.15(0.16)
2026-07-27 10:19:44,211   INFO  Train:    1/4 ( 25%) [11649/13891 ( 84%)]  Loss: 1.500e-10 (0.00877)  LR: 2.999e-04  Time cost: 31:56/06:08 [31:57/2:00:26]  Acc_iter 11650       Data time: 0.02(0.02)  Forward time: 0.13(0.15)  Batch time: 0.16(0.16)
2026-07-27 10:19:51,911   INFO  Train:    1/4 ( 25%) [11699/13891 ( 84%)]  Loss: 1.642e-10 (0.00874)  LR: 2.999e-04  Time cost: 32:04/06:00 [32:05/2:00:15]  Acc_iter 11700       Data time: 0.01(0.02)  Forward time: 0.18(0.15)  Batch time: 0.18(0.16)
2026-07-27 10:19:52,254   INFO  a1e06a0b30c0                Mon Jul 27 10:19:52 2026  580.173.02
[0] NVIDIA GeForce RTX 3070 | 64°C,  89 % |  4883 /  8192 MB | root(4242M)

2026-07-27 10:20:00,392   INFO  Train:    1/4 ( 25%) [11749/13891 ( 85%)]  Loss: 1.950e-10 (0.00870)  LR: 2.998e-04  Time cost: 32:13/05:52 [32:13/2:00:08]  Acc_iter 11750       Data time: 0.02(0.02)  Forward time: 0.14(0.15)  Batch time: 0.16(0.16)
2026-07-27 10:20:08,725   INFO  Train:    1/4 ( 25%) [11799/13891 ( 85%)]  Loss: 1.745e-10 (0.00866)  LR: 2.998e-04  Time cost: 32:21/05:44 [32:22/2:00:00]  Acc_iter 11800       Data time: 0.02(0.02)  Forward time: 0.21(0.15)  Batch time: 0.23(0.16)
2026-07-27 10:20:17,670   INFO  Train:    1/4 ( 25%) [11849/13891 ( 85%)]  Loss: 1.613e-10 (0.00863)  LR: 2.998e-04  Time cost: 32:30/05:36 [32:30/1:59:55]  Acc_iter 11850       Data time: 0.02(0.02)  Forward time: 0.16(0.15)  Batch time: 0.18(0.16)
2026-07-27 10:20:18,080   INFO  a1e06a0b30c0                Mon Jul 27 10:20:18 2026  580.173.02
[0] NVIDIA GeForce RTX 3070 | 61°C,  64 % |  4883 /  8192 MB | root(4242M)

2026-07-27 10:20:26,586   INFO  Train:    1/4 ( 25%) [11899/13891 ( 86%)]  Loss: 1.393e-10 (0.00859)  LR: 2.998e-04  Time cost: 32:39/05:27 [32:39/1:59:49]  Acc_iter 11900       Data time: 0.00(0.02)  Forward time: 0.13(0.15)  Batch time: 0.13(0.16)
2026-07-27 10:20:34,333   INFO  Train:    1/4 ( 25%) [11949/13891 ( 86%)]  Loss: 9.685e-11 (0.00855)  LR: 2.997e-04  Time cost: 32:47/05:19 [32:47/1:59:39]  Acc_iter 11950       Data time: 0.02(0.02)  Forward time: 0.14(0.15)  Batch time: 0.16(0.16)
2026-07-27 10:20:41,913   INFO  Train:    1/4 ( 25%) [11999/13891 ( 86%)]  Loss: 1.225e-10 (0.00852)  LR: 2.997e-04  Time cost: 32:54/05:11 [32:55/1:59:28]  Acc_iter 12000       Data time: 0.02(0.02)  Forward time: 0.15(0.15)  Batch time: 0.16(0.16)
2026-07-27 10:20:42,257   INFO  a1e06a0b30c0                Mon Jul 27 10:20:42 2026  580.173.02
[0] NVIDIA GeForce RTX 3070 | 67°C,  81 % |  4884 /  8192 MB | root(4242M)

2026-07-27 10:20:50,108   INFO  Train:    1/4 ( 25%) [12049/13891 ( 87%)]  Loss: 9.759e-11 (0.00848)  LR: 2.997e-04  Time cost: 33:02/05:03 [33:03/1:59:20]  Acc_iter 12050       Data time: 0.00(0.02)  Forward time: 0.14(0.15)  Batch time: 0.14(0.16)
2026-07-27 10:20:57,878   INFO  Train:    1/4 ( 25%) [12099/13891 ( 87%)]  Loss: 9.882e-11 (0.00845)  LR: 2.996e-04  Time cost: 33:10/04:54 [33:11/1:59:10]  Acc_iter 12100       Data time: 0.01(0.02)  Forward time: 0.14(0.15)  Batch time: 0.15(0.16)
2026-07-27 10:21:05,949   INFO  Train:    1/4 ( 25%) [12149/13891 ( 87%)]  Loss: 1.312e-10 (0.00841)  LR: 2.996e-04  Time cost: 33:18/04:46 [33:19/1:59:01]  Acc_iter 12150       Data time: 0.02(0.02)  Forward time: 0.13(0.15)  Batch time: 0.15(0.16)
2026-07-27 10:21:06,303   INFO  a1e06a0b30c0                Mon Jul 27 10:21:06 2026  580.173.02
[0] NVIDIA GeForce RTX 3070 | 66°C,  68 % |  4884 /  8192 MB | root(4242M)

2026-07-27 10:21:14,359   INFO  Train:    1/4 ( 25%) [12199/13891 ( 88%)]  Loss: 1.476e-10 (0.00838)  LR: 2.996e-04  Time cost: 33:27/04:38 [33:27/1:58:54]  Acc_iter 12200       Data time: 0.02(0.02)  Forward time: 0.14(0.15)  Batch time: 0.16(0.16)
2026-07-27 10:21:23,281   INFO  Train:    1/4 ( 25%) [12249/13891 ( 88%)]  Loss: 1.345e-10 (0.00835)  LR: 2.995e-04  Time cost: 33:36/04:30 [33:36/1:58:48]  Acc_iter 12250       Data time: 0.00(0.02)  Forward time: 0.14(0.15)  Batch time: 0.14(0.16)
2026-07-27 10:21:32,210   INFO  Train:    1/4 ( 25%) [12299/13891 ( 89%)]  Loss: 1.457e-10 (0.00831)  LR: 2.995e-04  Time cost: 33:44/04:22 [33:45/1:58:42]  Acc_iter 12300       Data time: 0.02(0.02)  Forward time: 0.16(0.15)  Batch time: 0.19(0.16)
2026-07-27 10:21:32,574   INFO  a1e06a0b30c0                Mon Jul 27 10:21:32 2026  580.173.02
[0] NVIDIA GeForce RTX 3070 | 63°C,  63 % |  4884 /  8192 MB | root(4242M)

2026-07-27 10:21:40,513   INFO  Train:    1/4 ( 25%) [12349/13891 ( 89%)]  Loss: 1.349e-10 (0.00828)  LR: 2.994e-04  Time cost: 33:53/04:13 [33:53/1:58:34]  Acc_iter 12350       Data time: 0.02(0.02)  Forward time: 0.13(0.15)  Batch time: 0.16(0.16)
2026-07-27 10:21:48,243   INFO  Train:    1/4 ( 25%) [12399/13891 ( 89%)]  Loss: 1.514e-10 (0.00824)  LR: 2.994e-04  Time cost: 34:01/04:05 [34:01/1:58:24]  Acc_iter 12400       Data time: 0.00(0.02)  Forward time: 0.13(0.15)  Batch time: 0.13(0.16)
2026-07-27 10:21:56,330   INFO  Train:    1/4 ( 25%) [12449/13891 ( 90%)]  Loss: 1.114e-10 (0.00821)  LR: 2.993e-04  Time cost: 34:09/03:57 [34:09/1:58:16]  Acc_iter 12450       Data time: 0.01(0.02)  Forward time: 0.14(0.15)  Batch time: 0.15(0.16)
2026-07-27 10:21:56,683   INFO  a1e06a0b30c0                Mon Jul 27 10:21:56 2026  580.173.02
[0] NVIDIA GeForce RTX 3070 | 65°C,  89 % |  4883 /  8192 MB | root(4242M)

2026-07-27 10:22:04,710   INFO  Train:    1/4 ( 25%) [12499/13891 ( 90%)]  Loss: 1.074e-10 (0.00818)  LR: 2.993e-04  Time cost: 34:17/03:49 [34:18/1:58:08]  Acc_iter 12500       Data time: 0.00(0.02)  Forward time: 0.15(0.15)  Batch time: 0.15(0.16)
2026-07-27 10:22:13,047   INFO  Train:    1/4 ( 25%) [12549/13891 ( 90%)]  Loss: 1.176e-10 (0.00815)  LR: 2.992e-04  Time cost: 34:25/03:40 [34:26/1:58:00]  Acc_iter 12550       Data time: 0.02(0.02)  Forward time: 0.22(0.15)  Batch time: 0.24(0.16)
2026-07-27 10:22:21,302   INFO  Train:    1/4 ( 25%) [12599/13891 ( 91%)]  Loss: 1.371e-10 (0.00811)  LR: 2.992e-04  Time cost: 34:34/03:32 [34:34/1:57:52]  Acc_iter 12600       Data time: 0.02(0.02)  Forward time: 0.21(0.15)  Batch time: 0.22(0.16)
2026-07-27 10:22:21,701   INFO  a1e06a0b30c0                Mon Jul 27 10:22:21 2026  580.173.02
[0] NVIDIA GeForce RTX 3070 | 65°C,  58 % |  4883 /  8192 MB | root(4242M)

2026-07-27 10:22:30,518   INFO  Train:    1/4 ( 25%) [12649/13891 ( 91%)]  Loss: 1.579e-10 (0.00808)  LR: 2.991e-04  Time cost: 34:43/03:24 [34:43/1:57:47]  Acc_iter 12650       Data time: 0.02(0.02)  Forward time: 0.21(0.15)  Batch time: 0.22(0.16)
2026-07-27 10:22:39,314   INFO  Train:    1/4 ( 25%) [12699/13891 ( 91%)]  Loss: 1.399e-10 (0.00805)  LR: 2.991e-04  Time cost: 34:52/03:16 [34:52/1:57:41]  Acc_iter 12700       Data time: 0.00(0.02)  Forward time: 0.13(0.15)  Batch time: 0.13(0.16)
2026-07-27 10:22:47,021   INFO  Train:    1/4 ( 25%) [12749/13891 ( 92%)]  Loss: 1.169e-10 (0.00802)  LR: 2.990e-04  Time cost: 34:59/03:08 [35:00/1:57:31]  Acc_iter 12750       Data time: 0.02(0.02)  Forward time: 0.15(0.15)  Batch time: 0.16(0.16)
2026-07-27 10:22:47,371   INFO  a1e06a0b30c0                Mon Jul 27 10:22:47 2026  580.173.02
[0] NVIDIA GeForce RTX 3070 | 66°C,  85 % |  4883 /  8192 MB | root(4242M)

2026-07-27 10:22:47,445   INFO  Save latest model to /OpenPCDet/output/OpenPCDet/tools/cfgs/models/S/D/S_D_N/unfrozen_backbone_1_9/ckpt/latest_model
2026-07-27 10:22:54,945   INFO  Train:    1/4 ( 25%) [12799/13891 ( 92%)]  Loss: 1.046e-10 (0.00799)  LR: 2.989e-04  Time cost: 35:07/02:59 [35:08/1:57:21]  Acc_iter 12800       Data time: 0.02(0.02)  Forward time: 0.13(0.15)  Batch time: 0.15(0.16)
2026-07-27 10:23:02,782   INFO  Train:    1/4 ( 25%) [12849/13891 ( 92%)]  Loss: 1.464e-10 (0.00796)  LR: 2.989e-04  Time cost: 35:15/02:51 [35:16/1:57:12]  Acc_iter 12850       Data time: 0.03(0.02)  Forward time: 0.15(0.15)  Batch time: 0.18(0.16)
2026-07-27 10:23:10,509   INFO  Train:    1/4 ( 25%) [12899/13891 ( 93%)]  Loss: 1.324e-10 (0.00792)  LR: 2.988e-04  Time cost: 35:23/02:43 [35:23/1:57:02]  Acc_iter 12900       Data time: 0.02(0.02)  Forward time: 0.15(0.15)  Batch time: 0.17(0.16)
2026-07-27 10:23:10,909   INFO  a1e06a0b30c0                Mon Jul 27 10:23:10 2026  580.173.02
[0] NVIDIA GeForce RTX 3070 | 66°C,  91 % |  4884 /  8192 MB | root(4242M)

2026-07-27 10:23:18,893   INFO  Train:    1/4 ( 25%) [12949/13891 ( 93%)]  Loss: 1.209e-10 (0.00789)  LR: 2.987e-04  Time cost: 35:31/02:35 [35:32/1:56:54]  Acc_iter 12950       Data time: 0.02(0.02)  Forward time: 0.13(0.15)  Batch time: 0.15(0.16)
2026-07-27 10:23:27,260   INFO  Train:    1/4 ( 25%) [12999/13891 ( 94%)]  Loss: 1.616e-10 (0.00786)  LR: 2.987e-04  Time cost: 35:40/02:26 [35:40/1:56:47]  Acc_iter 13000       Data time: 0.03(0.02)  Forward time: 0.16(0.15)  Batch time: 0.18(0.16)
2026-07-27 10:23:36,231   INFO  Train:    1/4 ( 25%) [13049/13891 ( 94%)]  Loss: 1.068e-10 (0.00783)  LR: 2.986e-04  Time cost: 35:49/02:18 [35:49/1:56:41]  Acc_iter 13050       Data time: 0.02(0.02)  Forward time: 0.18(0.15)  Batch time: 0.20(0.16)
2026-07-27 10:23:36,634   INFO  a1e06a0b30c0                Mon Jul 27 10:23:36 2026  580.173.02
[0] NVIDIA GeForce RTX 3070 | 62°C,  13 % |  4884 /  8192 MB | root(4242M)

2026-07-27 10:23:45,202   INFO  Train:    1/4 ( 25%) [13099/13891 ( 94%)]  Loss: 1.449e-10 (0.00780)  LR: 2.985e-04  Time cost: 35:57/02:10 [35:58/1:56:35]  Acc_iter 13100       Data time: 0.00(0.02)  Forward time: 0.13(0.15)  Batch time: 0.13(0.16)
2026-07-27 10:23:52,873   INFO  Train:    1/4 ( 25%) [13149/13891 ( 95%)]  Loss: 1.384e-10 (0.00777)  LR: 2.984e-04  Time cost: 36:05/02:02 [36:06/1:56:25]  Acc_iter 13150       Data time: 0.03(0.02)  Forward time: 0.17(0.15)  Batch time: 0.20(0.16)
2026-07-27 10:24:00,379   INFO  Train:    1/4 ( 25%) [13199/13891 ( 95%)]  Loss: 1.034e-10 (0.00774)  LR: 2.984e-04  Time cost: 36:13/01:53 [36:13/1:56:14]  Acc_iter 13200       Data time: 0.02(0.02)  Forward time: 0.15(0.15)  Batch time: 0.17(0.16)
2026-07-27 10:24:00,722   INFO  a1e06a0b30c0                Mon Jul 27 10:24:00 2026  580.173.02
[0] NVIDIA GeForce RTX 3070 | 66°C,  72 % |  4883 /  8192 MB | root(4242M)

2026-07-27 10:24:08,543   INFO  Train:    1/4 ( 25%) [13249/13891 ( 95%)]  Loss: 1.426e-10 (0.00772)  LR: 2.983e-04  Time cost: 36:21/01:45 [36:21/1:56:06]  Acc_iter 13250       Data time: 0.02(0.02)  Forward time: 0.16(0.15)  Batch time: 0.18(0.16)
2026-07-27 10:24:16,147   INFO  Train:    1/4 ( 25%) [13299/13891 ( 96%)]  Loss: 1.053e-10 (0.00769)  LR: 2.982e-04  Time cost: 36:28/01:37 [36:29/1:55:56]  Acc_iter 13300       Data time: 0.02(0.02)  Forward time: 0.13(0.15)  Batch time: 0.15(0.16)
2026-07-27 10:24:24,124   INFO  Train:    1/4 ( 25%) [13349/13891 ( 96%)]  Loss: 1.099e-10 (0.00766)  LR: 2.981e-04  Time cost: 36:36/01:29 [36:37/1:55:47]  Acc_iter 13350       Data time: 0.02(0.02)  Forward time: 0.16(0.15)  Batch time: 0.18(0.16)
2026-07-27 10:24:24,481   INFO  a1e06a0b30c0                Mon Jul 27 10:24:24 2026  580.173.02
[0] NVIDIA GeForce RTX 3070 | 61°C,   3 % |  4884 /  8192 MB | root(4242M)

2026-07-27 10:24:32,589   INFO  Train:    1/4 ( 25%) [13399/13891 ( 96%)]  Loss: 9.499e-11 (0.00763)  LR: 2.980e-04  Time cost: 36:45/01:20 [36:45/1:55:39]  Acc_iter 13400       Data time: 0.01(0.02)  Forward time: 0.14(0.15)  Batch time: 0.15(0.16)
2026-07-27 10:24:41,488   INFO  Train:    1/4 ( 25%) [13449/13891 ( 97%)]  Loss: 1.644e-10 (0.00760)  LR: 2.980e-04  Time cost: 36:54/01:12 [36:54/1:55:33]  Acc_iter 13450       Data time: 0.02(0.02)  Forward time: 0.17(0.15)  Batch time: 0.19(0.16)
2026-07-27 10:24:50,143   INFO  Train:    1/4 ( 25%) [13499/13891 ( 97%)]  Loss: 1.173e-10 (0.00757)  LR: 2.979e-04  Time cost: 37:02/01:04 [37:03/1:55:26]  Acc_iter 13500       Data time: 0.02(0.02)  Forward time: 0.13(0.15)  Batch time: 0.15(0.16)
2026-07-27 10:24:50,506   INFO  a1e06a0b30c0                Mon Jul 27 10:24:50 2026  580.173.02
[0] NVIDIA GeForce RTX 3070 | 61°C,   3 % |  4883 /  8192 MB | root(4242M)

2026-07-27 10:24:58,127   INFO  Train:    1/4 ( 25%) [13549/13891 ( 98%)]  Loss: 1.256e-10 (0.00754)  LR: 2.978e-04  Time cost: 37:10/00:56 [37:11/1:55:17]  Acc_iter 13550       Data time: 0.02(0.02)  Forward time: 0.14(0.15)  Batch time: 0.16(0.16)
2026-07-27 10:25:05,622   INFO  Train:    1/4 ( 25%) [13599/13891 ( 98%)]  Loss: 1.713e-10 (0.00752)  LR: 2.977e-04  Time cost: 37:18/00:48 [37:18/1:55:06]  Acc_iter 13600       Data time: 0.01(0.02)  Forward time: 0.14(0.15)  Batch time: 0.15(0.16)
2026-07-27 10:25:13,315   INFO  Train:    1/4 ( 25%) [13649/13891 ( 98%)]  Loss: 1.175e-10 (0.00749)  LR: 2.976e-04  Time cost: 37:26/00:39 [37:26/1:54:57]  Acc_iter 13650       Data time: 0.01(0.02)  Forward time: 0.16(0.15)  Batch time: 0.17(0.16)
2026-07-27 10:25:13,655   INFO  a1e06a0b30c0                Mon Jul 27 10:25:13 2026  580.173.02
[0] NVIDIA GeForce RTX 3070 | 67°C,  81 % |  4884 /  8192 MB | root(4242M)

2026-07-27 10:25:21,216   INFO  Train:    1/4 ( 25%) [13699/13891 ( 99%)]  Loss: 1.225e-10 (0.00746)  LR: 2.975e-04  Time cost: 37:34/00:31 [37:34/1:54:47]  Acc_iter 13700       Data time: 0.00(0.02)  Forward time: 0.16(0.15)  Batch time: 0.16(0.16)
2026-07-27 10:25:29,189   INFO  Train:    1/4 ( 25%) [13749/13891 ( 99%)]  Loss: 1.219e-10 (0.00743)  LR: 2.974e-04  Time cost: 37:41/00:23 [37:42/1:54:38]  Acc_iter 13750       Data time: 0.00(0.02)  Forward time: 0.16(0.15)  Batch time: 0.16(0.16)
2026-07-27 10:25:37,390   INFO  Train:    1/4 ( 25%) [13799/13891 ( 99%)]  Loss: 1.458e-10 (0.00741)  LR: 2.973e-04  Time cost: 37:50/00:15 [37:50/1:54:30]  Acc_iter 13800       Data time: 0.02(0.02)  Forward time: 0.13(0.15)  Batch time: 0.16(0.16)
2026-07-27 10:25:37,745   INFO  a1e06a0b30c0                Mon Jul 27 10:25:37 2026  580.173.02
[0] NVIDIA GeForce RTX 3070 | 66°C,  74 % |  4883 /  8192 MB | root(4242M)

2026-07-27 10:25:46,643   INFO  Train:    1/4 ( 25%) [13849/13891 (100%)]  Loss: 1.249e-10 (0.00738)  LR: 2.972e-04  Time cost: 37:59/00:06 [37:59/1:54:25]  Acc_iter 13850       Data time: 0.01(0.02)  Forward time: 0.14(0.15)  Batch time: 0.15(0.16)
2026-07-27 10:25:53,609   INFO  Train:    1/4 ( 25%) [13890/13891 (100%)]  Loss: 1.160e-10 (0.00736)  LR: 2.971e-04  Time cost: 38:06/00:00 [38:06/1:54:19]  Acc_iter 13891       Data time: 0.02(0.02)  Forward time: 0.10(0.15)  Batch time: 0.11(0.16)
2026-07-27 10:25:54,956   INFO  Train:    2/4 ( 50%) [   0/13891 (  0%)]  Loss: 1.050e-10 (1.05e-10)  LR: 2.971e-04  Time cost: 00:00/3:48:12 [38:08/11:24:36]  Acc_iter 13892       Data time: 0.73(0.73)  Forward time: 0.25(0.25)  Batch time: 0.98(0.98)
2026-07-27 10:25:56,441   INFO  Train:    2/4 ( 50%) [   8/13891 (  0%)]  Loss: 1.015e-10 (1.26e-10)  LR: 2.971e-04  Time cost: 00:02/1:03:31 [38:09/3:10:39]  Acc_iter 13900       Data time: 0.03(0.09)  Forward time: 0.15(0.18)  Batch time: 0.18(0.27)
2026-07-27 10:26:04,099   INFO  Train:    2/4 ( 50%) [  58/13891 (  0%)]  Loss: 1.413e-10 (1.23e-10)  LR: 2.970e-04  Time cost: 00:10/39:34 [38:17/1:59:04]  Acc_iter 13950       Data time: 0.01(0.02)  Forward time: 0.14(0.15)  Batch time: 0.15(0.17)
2026-07-27 10:26:04,477   INFO  a1e06a0b30c0                Mon Jul 27 10:26:04 2026  580.173.02
[0] NVIDIA GeForce RTX 3070 | 61°C,   3 % |  4883 /  8192 MB | root(4242M)

2026-07-27 10:26:12,156   INFO  Train:    2/4 ( 50%) [ 108/13891 (  1%)]  Loss: 1.427e-10 (1.24e-10)  LR: 2.969e-04  Time cost: 00:18/38:19 [38:25/1:55:34]  Acc_iter 14000       Data time: 0.02(0.02)  Forward time: 0.17(0.14)  Batch time: 0.18(0.17)
2026-07-27 10:26:19,920   INFO  Train:    2/4 ( 50%) [ 158/13891 (  1%)]  Loss: 1.324e-10 (1.24e-10)  LR: 2.968e-04  Time cost: 00:25/37:21 [38:33/1:52:55]  Acc_iter 14050       Data time: 0.01(0.02)  Forward time: 0.14(0.14)  Batch time: 0.15(0.16)
2026-07-27 10:26:27,947   INFO  Train:    2/4 ( 50%) [ 208/13891 (  1%)]  Loss: 1.255e-10 (1.23e-10)  LR: 2.967e-04  Time cost: 00:33/37:04 [38:41/1:52:20]  Acc_iter 14100       Data time: 0.01(0.02)  Forward time: 0.14(0.14)  Batch time: 0.16(0.16)
2026-07-27 10:26:28,299   INFO  a1e06a0b30c0                Mon Jul 27 10:26:28 2026  580.173.02
[0] NVIDIA GeForce RTX 3070 | 66°C,  70 % |  4883 /  8192 MB | root(4242M)

2026-07-27 10:26:36,197   INFO  Train:    2/4 ( 50%) [ 258/13891 (  2%)]  Loss: 9.014e-11 (1.23e-10)  LR: 2.966e-04  Time cost: 00:42/37:02 [38:49/1:52:32]  Acc_iter 14150       Data time: 0.01(0.02)  Forward time: 0.17(0.14)  Batch time: 0.18(0.16)
2026-07-27 10:26:45,066   INFO  Train:    2/4 ( 50%) [ 308/13891 (  2%)]  Loss: 1.195e-10 (1.23e-10)  LR: 2.964e-04  Time cost: 00:51/37:26 [38:58/1:54:00]  Acc_iter 14200       Data time: 0.01(0.02)  Forward time: 0.14(0.15)  Batch time: 0.15(0.17)
2026-07-27 10:26:53,952   INFO  Train:    2/4 ( 50%) [ 358/13891 (  3%)]  Loss: 1.031e-10 (1.23e-10)  LR: 2.963e-04  Time cost: 00:59/37:41 [39:07/1:55:02]  Acc_iter 14250       Data time: 0.01(0.02)  Forward time: 0.13(0.15)  Batch time: 0.14(0.17)
2026-07-27 10:26:54,336   INFO  a1e06a0b30c0                Mon Jul 27 10:26:54 2026  580.173.02
[0] NVIDIA GeForce RTX 3070 | 64°C,  78 % |  4883 /  8192 MB | root(4242M)

2026-07-27 10:27:02,472   INFO  Train:    2/4 ( 50%) [ 408/13891 (  3%)]  Loss: 1.185e-10 (1.23e-10)  LR: 2.962e-04  Time cost: 01:08/37:38 [39:15/1:55:11]  Acc_iter 14300       Data time: 0.01(0.02)  Forward time: 0.21(0.15)  Batch time: 0.22(0.17)
2026-07-27 10:27:10,370   INFO  Train:    2/4 ( 50%) [ 458/13891 (  3%)]  Loss: 1.120e-10 (1.22e-10)  LR: 2.961e-04  Time cost: 01:16/37:15 [39:23/1:54:20]  Acc_iter 14350       Data time: 0.02(0.02)  Forward time: 0.19(0.15)  Batch time: 0.21(0.17)
2026-07-27 10:27:18,289   INFO  Train:    2/4 ( 50%) [ 508/13891 (  4%)]  Loss: 1.574e-10 (1.22e-10)  LR: 2.960e-04  Time cost: 01:24/36:56 [39:31/1:53:39]  Acc_iter 14400       Data time: 0.01(0.02)  Forward time: 0.15(0.15)  Batch time: 0.16(0.17)
2026-07-27 10:27:18,651   INFO  a1e06a0b30c0                Mon Jul 27 10:27:18 2026  580.173.02
[0] NVIDIA GeForce RTX 3070 | 66°C,  53 % |  4884 /  8192 MB | root(4242M)

2026-07-27 10:27:26,575   INFO  Train:    2/4 ( 50%) [ 558/13891 (  4%)]  Loss: 1.389e-10 (1.22e-10)  LR: 2.958e-04  Time cost: 01:32/36:48 [39:39/1:53:31]  Acc_iter 14450       Data time: 0.01(0.02)  Forward time: 0.13(0.15)  Batch time: 0.14(0.17)
2026-07-27 10:27:34,748   INFO  Train:    2/4 ( 50%) [ 608/13891 (  4%)]  Loss: 9.436e-11 (1.22e-10)  LR: 2.957e-04  Time cost: 01:40/36:38 [39:48/1:53:15]  Acc_iter 14500       Data time: 0.03(0.02)  Forward time: 0.13(0.15)  Batch time: 0.16(0.17)
2026-07-27 10:27:42,975   INFO  Train:    2/4 ( 50%) [ 658/13891 (  5%)]  Loss: 1.128e-10 (1.21e-10)  LR: 2.956e-04  Time cost: 01:49/36:28 [39:56/1:53:04]  Acc_iter 14550       Data time: 0.02(0.02)  Forward time: 0.19(0.15)  Batch time: 0.21(0.17)
2026-07-27 10:27:43,427   INFO  a1e06a0b30c0                Mon Jul 27 10:27:43 2026  580.173.02
[0] NVIDIA GeForce RTX 3070 | 65°C,  75 % |  4884 /  8192 MB | root(4242M)

2026-07-27 10:27:52,580   INFO  Train:    2/4 ( 50%) [ 708/13891 (  5%)]  Loss: 1.254e-10 (1.21e-10)  LR: 2.955e-04  Time cost: 01:58/36:45 [40:05/1:54:13]  Acc_iter 14600       Data time: 0.01(0.02)  Forward time: 0.19(0.15)  Batch time: 0.20(0.17)
2026-07-27 10:28:01,527   INFO  Train:    2/4 ( 50%) [ 758/13891 (  5%)]  Loss: 1.160e-10 (1.22e-10)  LR: 2.953e-04  Time cost: 02:07/36:47 [40:14/1:54:36]  Acc_iter 14650       Data time: 0.02(0.02)  Forward time: 0.13(0.15)  Batch time: 0.15(0.17)
2026-07-27 10:28:09,535   INFO  Train:    2/4 ( 50%) [ 808/13891 (  6%)]  Loss: 1.205e-10 (1.22e-10)  LR: 2.952e-04  Time cost: 02:15/36:32 [40:22/1:54:07]  Acc_iter 14700       Data time: 0.01(0.02)  Forward time: 0.16(0.15)  Batch time: 0.17(0.17)
2026-07-27 10:28:09,883   INFO  a1e06a0b30c0                Mon Jul 27 10:28:09 2026  580.173.02
[0] NVIDIA GeForce RTX 3070 | 65°C,  79 % |  4884 /  8192 MB | root(4242M)

2026-07-27 10:28:17,671   INFO  Train:    2/4 ( 50%) [ 858/13891 (  6%)]  Loss: 1.490e-10 (1.22e-10)  LR: 2.951e-04  Time cost: 02:23/36:20 [40:30/1:53:47]  Acc_iter 14750       Data time: 0.00(0.02)  Forward time: 0.14(0.15)  Batch time: 0.15(0.17)
2026-07-27 10:28:25,348   INFO  Train:    2/4 ( 50%) [ 908/13891 (  7%)]  Loss: 1.224e-10 (1.22e-10)  LR: 2.949e-04  Time cost: 02:31/36:02 [40:38/1:53:08]  Acc_iter 14800       Data time: 0.01(0.02)  Forward time: 0.17(0.15)  Batch time: 0.18(0.17)
2026-07-27 10:28:33,321   INFO  Train:    2/4 ( 50%) [ 958/13891 (  7%)]  Loss: 1.123e-10 (1.22e-10)  LR: 2.948e-04  Time cost: 02:39/35:48 [40:46/1:52:45]  Acc_iter 14850       Data time: 0.02(0.02)  Forward time: 0.15(0.15)  Batch time: 0.17(0.17)
2026-07-27 10:28:33,667   INFO  a1e06a0b30c0                Mon Jul 27 10:28:33 2026  580.173.02
[0] NVIDIA GeForce RTX 3070 | 66°C,  93 % |  4883 /  8192 MB | root(4242M)

2026-07-27 10:28:41,814   INFO  Train:    2/4 ( 50%) [1008/13891 (  7%)]  Loss: 1.371e-10 (1.22e-10)  LR: 2.947e-04  Time cost: 02:47/35:43 [40:55/1:52:44]  Acc_iter 14900       Data time: 0.02(0.02)  Forward time: 0.15(0.15)  Batch time: 0.17(0.17)
2026-07-27 10:28:50,119   INFO  Train:    2/4 ( 50%) [1058/13891 (  8%)]  Loss: 1.440e-10 (1.22e-10)  LR: 2.945e-04  Time cost: 02:56/35:34 [41:03/1:52:35]  Acc_iter 14950       Data time: 0.00(0.02)  Forward time: 0.14(0.15)  Batch time: 0.14(0.17)
2026-07-27 10:28:59,158   INFO  Train:    2/4 ( 50%) [1108/13891 (  8%)]  Loss: 1.047e-10 (1.21e-10)  LR: 2.944e-04  Time cost: 03:05/35:34 [41:12/1:52:53]  Acc_iter 15000       Data time: 0.00(0.02)  Forward time: 0.14(0.15)  Batch time: 0.14(0.17)
2026-07-27 10:28:59,590   INFO  a1e06a0b30c0                Mon Jul 27 10:28:59 2026  580.173.02
[0] NVIDIA GeForce RTX 3070 | 59°C,   3 % |  4883 /  8192 MB | root(4242M)

2026-07-27 10:29:08,497   INFO  Train:    2/4 ( 50%) [1158/13891 (  8%)]  Loss: 1.198e-10 (1.21e-10)  LR: 2.942e-04  Time cost: 03:14/35:37 [41:21/1:53:20]  Acc_iter 15050       Data time: 0.02(0.02)  Forward time: 0.19(0.15)  Batch time: 0.21(0.17)
2026-07-27 10:29:16,428   INFO  Train:    2/4 ( 50%) [1208/13891 (  9%)]  Loss: 9.807e-11 (1.21e-10)  LR: 2.941e-04  Time cost: 03:22/35:23 [41:29/1:52:56]  Acc_iter 15100       Data time: 0.02(0.02)  Forward time: 0.14(0.15)  Batch time: 0.17(0.17)
2026-07-27 10:29:24,345   INFO  Train:    2/4 ( 50%) [1258/13891 (  9%)]  Loss: 1.407e-10 (1.21e-10)  LR: 2.939e-04  Time cost: 03:30/35:10 [41:37/1:52:33]  Acc_iter 15150       Data time: 0.01(0.02)  Forward time: 0.14(0.15)  Batch time: 0.15(0.17)
2026-07-27 10:29:24,690   INFO  a1e06a0b30c0                Mon Jul 27 10:29:24 2026  580.173.02
[0] NVIDIA GeForce RTX 3070 | 65°C,  81 % |  4883 /  8192 MB | root(4242M)

2026-07-27 10:29:32,781   INFO  Train:    2/4 ( 50%) [1308/13891 (  9%)]  Loss: 1.270e-10 (1.21e-10)  LR: 2.938e-04  Time cost: 03:38/35:03 [41:46/1:52:27]  Acc_iter 15200       Data time: 0.01(0.02)  Forward time: 0.13(0.15)  Batch time: 0.14(0.17)
2026-07-27 10:29:40,880   INFO  Train:    2/4 ( 50%) [1358/13891 ( 10%)]  Loss: 8.681e-11 (1.21e-10)  LR: 2.936e-04  Time cost: 03:46/34:52 [41:54/1:52:11]  Acc_iter 15250       Data time: 0.01(0.02)  Forward time: 0.16(0.15)  Batch time: 0.17(0.17)
2026-07-27 10:29:48,859   INFO  Train:    2/4 ( 50%) [1408/13891 ( 10%)]  Loss: 1.168e-10 (1.21e-10)  LR: 2.935e-04  Time cost: 03:54/34:40 [42:02/1:51:52]  Acc_iter 15300       Data time: 0.02(0.02)  Forward time: 0.13(0.15)  Batch time: 0.15(0.17)
2026-07-27 10:29:49,208   INFO  a1e06a0b30c0                Mon Jul 27 10:29:49 2026  580.173.02
[0] NVIDIA GeForce RTX 3070 | 65°C,  84 % |  4883 /  8192 MB | root(4242M)

2026-07-27 10:29:57,393   INFO  Train:    2/4 ( 50%) [1458/13891 ( 10%)]  Loss: 1.299e-10 (1.21e-10)  LR: 2.933e-04  Time cost: 04:03/34:34 [42:10/1:51:49]  Acc_iter 15350       Data time: 0.02(0.02)  Forward time: 0.14(0.15)  Batch time: 0.16(0.17)
2026-07-27 10:30:06,490   INFO  Train:    2/4 ( 50%) [1508/13891 ( 11%)]  Loss: 9.196e-11 (1.21e-10)  LR: 2.932e-04  Time cost: 04:12/34:32 [42:19/1:52:01]  Acc_iter 15400       Data time: 0.00(0.02)  Forward time: 0.14(0.15)  Batch time: 0.14(0.17)
2026-07-27 10:30:15,029   INFO  Train:    2/4 ( 50%) [1558/13891 ( 11%)]  Loss: 1.059e-10 (1.21e-10)  LR: 2.930e-04  Time cost: 04:21/34:25 [42:28/1:51:57]  Acc_iter 15450       Data time: 0.03(0.02)  Forward time: 0.14(0.15)  Batch time: 0.18(0.17)
2026-07-27 10:30:15,406   INFO  a1e06a0b30c0                Mon Jul 27 10:30:15 2026  580.173.02
[0] NVIDIA GeForce RTX 3070 | 63°C,  90 % |  4883 /  8192 MB | root(4242M)

2026-07-27 10:30:23,716   INFO  Train:    2/4 ( 50%) [1608/13891 ( 12%)]  Loss: 1.175e-10 (1.21e-10)  LR: 2.928e-04  Time cost: 04:29/34:19 [42:37/1:51:56]  Acc_iter 15500       Data time: 0.02(0.02)  Forward time: 0.17(0.15)  Batch time: 0.19(0.17)
2026-07-27 10:30:31,915   INFO  Train:    2/4 ( 50%) [1658/13891 ( 12%)]  Loss: 1.100e-10 (1.21e-10)  LR: 2.927e-04  Time cost: 04:37/34:09 [42:45/1:51:44]  Acc_iter 15550       Data time: 0.00(0.02)  Forward time: 0.14(0.15)  Batch time: 0.14(0.17)
2026-07-27 10:30:40,302   INFO  Train:    2/4 ( 50%) [1708/13891 ( 12%)]  Loss: 1.077e-10 (1.21e-10)  LR: 2.925e-04  Time cost: 04:46/34:01 [42:53/1:51:35]  Acc_iter 15600       Data time: 0.02(0.02)  Forward time: 0.14(0.15)  Batch time: 0.16(0.17)
2026-07-27 10:30:40,649   INFO  a1e06a0b30c0                Mon Jul 27 10:30:40 2026  580.173.02
[0] NVIDIA GeForce RTX 3070 | 65°C,  89 % |  4884 /  8192 MB | root(4242M)

2026-07-27 10:30:49,267   INFO  Train:    2/4 ( 50%) [1758/13891 ( 13%)]  Loss: 9.883e-11 (1.20e-10)  LR: 2.924e-04  Time cost: 04:55/33:56 [43:02/1:51:40]  Acc_iter 15650       Data time: 0.00(0.02)  Forward time: 0.13(0.15)  Batch time: 0.13(0.17)
2026-07-27 10:30:54,169   INFO  Save latest model to /OpenPCDet/output/OpenPCDet/tools/cfgs/models/S/D/S_D_N/unfrozen_backbone_1_9/ckpt/latest_model
2026-07-27 10:30:57,671   INFO  Train:    2/4 ( 50%) [1808/13891 ( 13%)]  Loss: 1.093e-10 (1.20e-10)  LR: 2.922e-04  Time cost: 05:03/33:48 [43:10/1:51:32]  Acc_iter 15700       Data time: 0.06(0.02)  Forward time: 0.14(0.15)  Batch time: 0.20(0.17)
2026-07-27 10:31:06,823   INFO  Train:    2/4 ( 50%) [1858/13891 ( 13%)]  Loss: 1.178e-10 (1.20e-10)  LR: 2.920e-04  Time cost: 05:12/33:45 [43:20/1:51:40]  Acc_iter 15750       Data time: 0.03(0.02)  Forward time: 0.17(0.15)  Batch time: 0.21(0.17)
2026-07-27 10:31:07,194   INFO  a1e06a0b30c0                Mon Jul 27 10:31:07 2026  580.173.02
[0] NVIDIA GeForce RTX 3070 | 63°C,  49 % |  4883 /  8192 MB | root(4242M)

2026-07-27 10:31:16,693   INFO  Train:    2/4 ( 50%) [1908/13891 ( 14%)]  Loss: 9.533e-11 (1.20e-10)  LR: 2.918e-04  Time cost: 05:22/33:45 [43:30/1:52:02]  Acc_iter 15800       Data time: 0.01(0.02)  Forward time: 0.15(0.15)  Batch time: 0.16(0.17)
2026-07-27 10:31:24,907   INFO  Train:    2/4 ( 50%) [1958/13891 ( 14%)]  Loss: 9.239e-11 (1.20e-10)  LR: 2.917e-04  Time cost: 05:30/33:35 [43:38/1:51:49]  Acc_iter 15850       Data time: 0.00(0.02)  Forward time: 0.17(0.15)  Batch time: 0.17(0.17)
2026-07-27 10:31:32,714   INFO  Train:    2/4 ( 50%) [2008/13891 ( 14%)]  Loss: 1.072e-10 (1.20e-10)  LR: 2.915e-04  Time cost: 05:38/33:23 [43:46/1:51:28]  Acc_iter 15900       Data time: 0.03(0.02)  Forward time: 0.13(0.15)  Batch time: 0.16(0.17)
2026-07-27 10:31:33,052   INFO  a1e06a0b30c0                Mon Jul 27 10:31:33 2026  580.173.02
[0] NVIDIA GeForce RTX 3070 | 61°C,  90 % |  4883 /  8192 MB | root(4242M)

2026-07-27 10:31:41,130   INFO  Train:    2/4 ( 50%) [2058/13891 ( 15%)]  Loss: 1.163e-10 (1.19e-10)  LR: 2.913e-04  Time cost: 05:47/33:15 [43:54/1:51:19]  Acc_iter 15950       Data time: 0.02(0.02)  Forward time: 0.13(0.15)  Batch time: 0.15(0.17)
2026-07-27 10:31:49,230   INFO  Train:    2/4 ( 50%) [2108/13891 ( 15%)]  Loss: 1.303e-10 (1.19e-10)  LR: 2.911e-04  Time cost: 05:55/33:04 [44:02/1:51:04]  Acc_iter 16000       Data time: 0.00(0.02)  Forward time: 0.15(0.15)  Batch time: 0.15(0.17)
2026-07-27 10:31:57,626   INFO  Train:    2/4 ( 50%) [2158/13891 ( 16%)]  Loss: 9.005e-11 (1.19e-10)  LR: 2.910e-04  Time cost: 06:03/32:56 [44:10/1:50:55]  Acc_iter 16050       Data time: 0.00(0.02)  Forward time: 0.21(0.15)  Batch time: 0.21(0.17)
2026-07-27 10:31:58,008   INFO  a1e06a0b30c0                Mon Jul 27 10:31:57 2026  580.173.02
[0] NVIDIA GeForce RTX 3070 | 60°C,  78 % |  4884 /  8192 MB | root(4242M)

2026-07-27 10:32:06,687   INFO  Train:    2/4 ( 50%) [2208/13891 ( 16%)]  Loss: 1.017e-10 (1.19e-10)  LR: 2.908e-04  Time cost: 06:12/32:51 [44:20/1:50:58]  Acc_iter 16100       Data time: 0.00(0.02)  Forward time: 0.15(0.15)  Batch time: 0.15(0.17)
2026-07-27 10:32:16,153   INFO  Train:    2/4 ( 50%) [2258/13891 ( 16%)]  Loss: 1.005e-10 (1.19e-10)  LR: 2.906e-04  Time cost: 06:22/32:48 [44:29/1:51:08]  Acc_iter 16150       Data time: 0.03(0.02)  Forward time: 0.14(0.15)  Batch time: 0.17(0.17)
2026-07-27 10:32:25,162   INFO  Train:    2/4 ( 50%) [2308/13891 ( 17%)]  Loss: 8.830e-11 (1.19e-10)  LR: 2.904e-04  Time cost: 06:31/32:42 [44:38/1:51:09]  Acc_iter 16200       Data time: 0.00(0.02)  Forward time: 0.16(0.15)  Batch time: 0.16(0.17)
2026-07-27 10:32:25,509   INFO  a1e06a0b30c0                Mon Jul 27 10:32:25 2026  580.173.02
[0] NVIDIA GeForce RTX 3070 | 60°C,   3 % |  4883 /  8192 MB | root(4242M)

2026-07-27 10:32:33,362   INFO  Train:    2/4 ( 50%) [2358/13891 ( 17%)]  Loss: 8.555e-11 (1.19e-10)  LR: 2.902e-04  Time cost: 06:39/32:32 [44:46/1:50:56]  Acc_iter 16250       Data time: 0.00(0.02)  Forward time: 0.14(0.15)  Batch time: 0.14(0.17)
2026-07-27 10:32:41,212   INFO  Train:    2/4 ( 50%) [2408/13891 ( 17%)]  Loss: 1.088e-10 (1.19e-10)  LR: 2.900e-04  Time cost: 06:47/32:21 [44:54/1:50:37]  Acc_iter 16300       Data time: 0.01(0.02)  Forward time: 0.13(0.15)  Batch time: 0.14(0.17)
2026-07-27 10:32:49,460   INFO  Train:    2/4 ( 50%) [2458/13891 ( 18%)]  Loss: 9.908e-11 (1.19e-10)  LR: 2.898e-04  Time cost: 06:55/32:11 [45:02/1:50:26]  Acc_iter 16350       Data time: 0.01(0.02)  Forward time: 0.14(0.15)  Batch time: 0.16(0.17)
2026-07-27 10:32:49,874   INFO  a1e06a0b30c0                Mon Jul 27 10:32:49 2026  580.173.02
[0] NVIDIA GeForce RTX 3070 | 64°C,  79 % |  4881 /  8192 MB | root(4242M)

2026-07-27 10:32:57,933   INFO  Train:    2/4 ( 50%) [2508/13891 ( 18%)]  Loss: 1.345e-10 (1.19e-10)  LR: 2.897e-04  Time cost: 07:03/32:03 [45:11/1:50:17]  Acc_iter 16400       Data time: 0.00(0.02)  Forward time: 0.14(0.15)  Batch time: 0.14(0.17)
2026-07-27 10:33:06,066   INFO  Train:    2/4 ( 50%) [2558/13891 ( 18%)]  Loss: 1.092e-10 (1.18e-10)  LR: 2.895e-04  Time cost: 07:12/31:53 [45:19/1:50:04]  Acc_iter 16450       Data time: 0.00(0.02)  Forward time: 0.13(0.15)  Batch time: 0.13(0.17)
2026-07-27 10:33:14,688   INFO  Train:    2/4 ( 50%) [2608/13891 ( 19%)]  Loss: 1.473e-10 (1.18e-10)  LR: 2.893e-04  Time cost: 07:20/31:45 [45:28/1:49:58]  Acc_iter 16500       Data time: 0.03(0.02)  Forward time: 0.14(0.15)  Batch time: 0.17(0.17)
2026-07-27 10:33:15,120   INFO  a1e06a0b30c0                Mon Jul 27 10:33:15 2026  580.173.02
[0] NVIDIA GeForce RTX 3070 | 60°C,  82 % |  4884 /  8192 MB | root(4242M)

2026-07-27 10:33:24,419   INFO  Train:    2/4 ( 50%) [2658/13891 ( 19%)]  Loss: 1.145e-10 (1.18e-10)  LR: 2.891e-04  Time cost: 07:30/31:42 [45:37/1:50:09]  Acc_iter 16550       Data time: 0.02(0.02)  Forward time: 0.14(0.15)  Batch time: 0.16(0.17)
2026-07-27 10:33:32,529   INFO  Train:    2/4 ( 50%) [2708/13891 ( 19%)]  Loss: 1.171e-10 (1.18e-10)  LR: 2.889e-04  Time cost: 07:38/31:32 [45:45/1:49:55]  Acc_iter 16600       Data time: 0.01(0.02)  Forward time: 0.16(0.15)  Batch time: 0.17(0.17)
2026-07-27 10:33:40,287   INFO  Train:    2/4 ( 50%) [2758/13891 ( 20%)]  Loss: 1.050e-10 (1.18e-10)  LR: 2.887e-04  Time cost: 07:46/31:21 [45:53/1:49:37]  Acc_iter 16650       Data time: 0.00(0.02)  Forward time: 0.13(0.15)  Batch time: 0.13(0.17)
2026-07-27 10:33:40,629   INFO  a1e06a0b30c0                Mon Jul 27 10:33:40 2026  580.173.02
[0] NVIDIA GeForce RTX 3070 | 62°C,  66 % |  4883 /  8192 MB | root(4242M)

2026-07-27 10:33:48,564   INFO  Train:    2/4 ( 50%) [2808/13891 ( 20%)]  Loss: 8.072e-11 (1.18e-10)  LR: 2.885e-04  Time cost: 07:54/31:12 [46:01/1:49:26]  Acc_iter 16700       Data time: 0.00(0.02)  Forward time: 0.15(0.15)  Batch time: 0.16(0.17)
2026-07-27 10:33:56,259   INFO  Train:    2/4 ( 50%) [2858/13891 ( 21%)]  Loss: 9.374e-11 (1.18e-10)  LR: 2.883e-04  Time cost: 08:02/31:01 [46:09/1:49:07]  Acc_iter 16750       Data time: 0.03(0.02)  Forward time: 0.13(0.15)  Batch time: 0.16(0.17)
2026-07-27 10:34:04,512   INFO  Train:    2/4 ( 50%) [2908/13891 ( 21%)]  Loss: 7.710e-11 (1.18e-10)  LR: 2.880e-04  Time cost: 08:10/30:52 [46:17/1:48:56]  Acc_iter 16800       Data time: 0.00(0.02)  Forward time: 0.13(0.15)  Batch time: 0.13(0.17)
2026-07-27 10:34:04,870   INFO  a1e06a0b30c0                Mon Jul 27 10:34:04 2026  580.173.02
[0] NVIDIA GeForce RTX 3070 | 65°C,  86 % |  4884 /  8192 MB | root(4242M)

2026-07-27 10:34:13,256   INFO  Train:    2/4 ( 50%) [2958/13891 ( 21%)]  Loss: 9.858e-11 (1.18e-10)  LR: 2.878e-04  Time cost: 08:19/30:44 [46:26/1:48:52]  Acc_iter 16850       Data time: 0.04(0.02)  Forward time: 0.25(0.15)  Batch time: 0.29(0.17)
2026-07-27 10:34:22,262   INFO  Train:    2/4 ( 50%) [3008/13891 ( 22%)]  Loss: 1.278e-10 (1.18e-10)  LR: 2.876e-04  Time cost: 08:28/30:38 [46:35/1:48:51]  Acc_iter 16900       Data time: 0.02(0.02)  Forward time: 0.18(0.15)  Batch time: 0.20(0.17)
2026-07-27 10:34:31,450   INFO  Train:    2/4 ( 50%) [3058/13891 ( 22%)]  Loss: 1.290e-10 (1.18e-10)  LR: 2.874e-04  Time cost: 08:37/30:32 [46:44/1:48:52]  Acc_iter 16950       Data time: 0.03(0.02)  Forward time: 0.13(0.15)  Batch time: 0.17(0.17)
2026-07-27 10:34:31,814   INFO  a1e06a0b30c0                Mon Jul 27 10:34:31 2026  580.173.02
[0] NVIDIA GeForce RTX 3070 | 63°C,  78 % |  4884 /  8192 MB | root(4242M)

2026-07-27 10:34:40,151   INFO  Train:    2/4 ( 50%) [3108/13891 ( 22%)]  Loss: 9.166e-11 (1.18e-10)  LR: 2.872e-04  Time cost: 08:46/30:24 [46:53/1:48:46]  Acc_iter 17000       Data time: 0.01(0.02)  Forward time: 0.16(0.15)  Batch time: 0.17(0.17)
2026-07-27 10:34:48,174   INFO  Train:    2/4 ( 50%) [3158/13891 ( 23%)]  Loss: 8.588e-11 (1.17e-10)  LR: 2.870e-04  Time cost: 08:54/30:15 [47:01/1:48:33]  Acc_iter 17050       Data time: 0.00(0.02)  Forward time: 0.13(0.15)  Batch time: 0.13(0.17)
2026-07-27 10:34:56,143   INFO  Train:    2/4 ( 50%) [3208/13891 ( 23%)]  Loss: 1.087e-10 (1.17e-10)  LR: 2.868e-04  Time cost: 09:02/30:04 [47:09/1:48:18]  Acc_iter 17100       Data time: 0.01(0.02)  Forward time: 0.13(0.15)  Batch time: 0.14(0.17)
2026-07-27 10:34:56,491   INFO  a1e06a0b30c0                Mon Jul 27 10:34:56 2026  580.173.02
[0] NVIDIA GeForce RTX 3070 | 65°C,  89 % |  4884 /  8192 MB | root(4242M)

2026-07-27 10:35:04,542   INFO  Train:    2/4 ( 50%) [3258/13891 ( 23%)]  Loss: 1.012e-10 (1.17e-10)  LR: 2.866e-04  Time cost: 09:10/29:56 [47:17/1:48:09]  Acc_iter 17150       Data time: 0.00(0.02)  Forward time: 0.16(0.15)  Batch time: 0.16(0.17)
2026-07-27 10:35:12,879   INFO  Train:    2/4 ( 50%) [3308/13891 ( 24%)]  Loss: 1.460e-10 (1.17e-10)  LR: 2.863e-04  Time cost: 09:18/29:47 [47:26/1:48:00]  Acc_iter 17200       Data time: 0.02(0.02)  Forward time: 0.13(0.15)  Batch time: 0.15(0.17)
2026-07-27 10:35:21,176   INFO  Train:    2/4 ( 50%) [3358/13891 ( 24%)]  Loss: 1.137e-10 (1.17e-10)  LR: 2.861e-04  Time cost: 09:27/29:38 [47:34/1:47:49]  Acc_iter 17250       Data time: 0.03(0.02)  Forward time: 0.17(0.15)  Batch time: 0.20(0.17)
2026-07-27 10:35:21,537   INFO  a1e06a0b30c0                Mon Jul 27 10:35:21 2026  580.173.02
[0] NVIDIA GeForce RTX 3070 | 60°C,   4 % |  4883 /  8192 MB | root(4242M)

2026-07-27 10:35:30,940   INFO  Train:    2/4 ( 50%) [3408/13891 ( 25%)]  Loss: 1.053e-10 (1.17e-10)  LR: 2.859e-04  Time cost: 09:36/29:34 [47:44/1:47:56]  Acc_iter 17300       Data time: 0.01(0.02)  Forward time: 0.14(0.15)  Batch time: 0.15(0.17)
2026-07-27 10:35:39,630   INFO  Train:    2/4 ( 50%) [3458/13891 ( 25%)]  Loss: 1.113e-10 (1.17e-10)  LR: 2.857e-04  Time cost: 09:45/29:26 [47:52/1:47:50]  Acc_iter 17350       Data time: 0.02(0.02)  Forward time: 0.14(0.15)  Batch time: 0.15(0.17)
2026-07-27 10:35:47,549   INFO  Train:    2/4 ( 50%) [3508/13891 ( 25%)]  Loss: 1.379e-10 (1.17e-10)  LR: 2.854e-04  Time cost: 09:53/29:16 [48:00/1:47:35]  Acc_iter 17400       Data time: 0.02(0.02)  Forward time: 0.17(0.15)  Batch time: 0.19(0.17)
2026-07-27 10:35:47,895   INFO  a1e06a0b30c0                Mon Jul 27 10:35:47 2026  580.173.02
[0] NVIDIA GeForce RTX 3070 | 65°C,  88 % |  4884 /  8192 MB | root(4242M)

2026-07-27 10:35:54,092   INFO  Save latest model to /OpenPCDet/output/OpenPCDet/tools/cfgs/models/S/D/S_D_N/unfrozen_backbone_1_9/ckpt/latest_model
2026-07-27 10:35:55,697   INFO  Train:    2/4 ( 50%) [3558/13891 ( 26%)]  Loss: 9.490e-11 (1.17e-10)  LR: 2.852e-04  Time cost: 10:01/29:07 [48:09/1:47:24]  Acc_iter 17450       Data time: 0.00(0.02)  Forward time: 0.14(0.15)  Batch time: 0.14(0.17)
2026-07-27 10:36:03,843   INFO  Train:    2/4 ( 50%) [3608/13891 ( 26%)]  Loss: 9.381e-11 (1.17e-10)  LR: 2.850e-04  Time cost: 10:09/28:57 [48:17/1:47:12]  Acc_iter 17500       Data time: 0.02(0.02)  Forward time: 0.14(0.15)  Batch time: 0.16(0.17)
2026-07-27 10:36:11,987   INFO  Train:    2/4 ( 50%) [3658/13891 ( 26%)]  Loss: 1.130e-10 (1.17e-10)  LR: 2.847e-04  Time cost: 10:18/28:48 [48:25/1:47:00]  Acc_iter 17550       Data time: 0.00(0.02)  Forward time: 0.13(0.15)  Batch time: 0.13(0.17)
2026-07-27 10:36:12,351   INFO  a1e06a0b30c0                Mon Jul 27 10:36:12 2026  580.173.02
[0] NVIDIA GeForce RTX 3070 | 65°C,  81 % |  4883 /  8192 MB | root(4242M)

2026-07-27 10:36:20,316   INFO  Train:    2/4 ( 50%) [3708/13891 ( 27%)]  Loss: 1.242e-10 (1.17e-10)  LR: 2.845e-04  Time cost: 10:26/28:39 [48:33/1:46:51]  Acc_iter 17600       Data time: 0.02(0.02)  Forward time: 0.14(0.15)  Batch time: 0.16(0.17)
2026-07-27 10:36:29,300   INFO  Train:    2/4 ( 50%) [3758/13891 ( 27%)]  Loss: 1.352e-10 (1.17e-10)  LR: 2.843e-04  Time cost: 10:35/28:32 [48:42/1:46:48]  Acc_iter 17650       Data time: 0.00(0.02)  Forward time: 0.14(0.15)  Batch time: 0.14(0.17)
2026-07-27 10:36:38,854   INFO  Train:    2/4 ( 50%) [3808/13891 ( 27%)]  Loss: 9.907e-11 (1.17e-10)  LR: 2.840e-04  Time cost: 10:44/28:27 [48:52/1:46:50]  Acc_iter 17700       Data time: 0.02(0.02)  Forward time: 0.18(0.15)  Batch time: 0.20(0.17)
2026-07-27 10:36:39,214   INFO  a1e06a0b30c0                Mon Jul 27 10:36:39 2026  580.173.02
[0] NVIDIA GeForce RTX 3070 | 63°C,  34 % |  4884 /  8192 MB | root(4242M)

2026-07-27 10:36:47,459   INFO  Train:    2/4 ( 50%) [3858/13891 ( 28%)]  Loss: 9.704e-11 (1.17e-10)  LR: 2.838e-04  Time cost: 10:53/28:19 [49:00/1:46:43]  Acc_iter 17750       Data time: 0.00(0.02)  Forward time: 0.15(0.15)  Batch time: 0.15(0.17)
2026-07-27 10:36:55,248   INFO  Train:    2/4 ( 50%) [3908/13891 ( 28%)]  Loss: 1.111e-10 (1.16e-10)  LR: 2.836e-04  Time cost: 11:01/28:08 [49:08/1:46:28]  Acc_iter 17800       Data time: 0.00(0.02)  Forward time: 0.13(0.15)  Batch time: 0.13(0.17)
2026-07-27 10:37:03,415   INFO  Train:    2/4 ( 50%) [3958/13891 ( 28%)]  Loss: 8.869e-11 (1.16e-10)  LR: 2.833e-04  Time cost: 11:09/27:59 [49:16/1:46:17]  Acc_iter 17850       Data time: 0.02(0.02)  Forward time: 0.15(0.15)  Batch time: 0.17(0.17)
2026-07-27 10:37:03,757   INFO  a1e06a0b30c0                Mon Jul 27 10:37:03 2026  580.173.02
[0] NVIDIA GeForce RTX 3070 | 65°C,  71 % |  4883 /  8192 MB | root(4242M)

2026-07-27 10:37:11,581   INFO  Train:    2/4 ( 50%) [4008/13891 ( 29%)]  Loss: 9.616e-11 (1.16e-10)  LR: 2.831e-04  Time cost: 11:17/27:50 [49:24/1:46:06]  Acc_iter 17900       Data time: 0.02(0.02)  Forward time: 0.14(0.15)  Batch time: 0.16(0.17)
2026-07-27 10:37:19,885   INFO  Train:    2/4 ( 50%) [4058/13891 ( 29%)]  Loss: 1.089e-10 (1.16e-10)  LR: 2.828e-04  Time cost: 11:25/27:41 [49:33/1:45:56]  Acc_iter 17950       Data time: 0.00(0.02)  Forward time: 0.13(0.15)  Batch time: 0.13(0.17)
2026-07-27 10:37:28,103   INFO  Train:    2/4 ( 50%) [4108/13891 ( 30%)]  Loss: 1.311e-10 (1.16e-10)  LR: 2.826e-04  Time cost: 11:34/27:32 [49:41/1:45:45]  Acc_iter 18000       Data time: 0.00(0.02)  Forward time: 0.17(0.15)  Batch time: 0.17(0.17)
2026-07-27 10:37:28,458   INFO  a1e06a0b30c0                Mon Jul 27 10:37:28 2026  580.173.02
[0] NVIDIA GeForce RTX 3070 | 65°C,  33 % |  4883 /  8192 MB | root(4242M)

2026-07-27 10:37:37,878   INFO  Train:    2/4 ( 50%) [4158/13891 ( 30%)]  Loss: 1.123e-10 (1.16e-10)  LR: 2.823e-04  Time cost: 11:43/27:27 [49:51/1:45:49]  Acc_iter 18050       Data time: 0.03(0.02)  Forward time: 0.17(0.15)  Batch time: 0.20(0.17)
2026-07-27 10:37:46,894   INFO  Train:    2/4 ( 50%) [4208/13891 ( 30%)]  Loss: 1.347e-10 (1.16e-10)  LR: 2.821e-04  Time cost: 11:52/27:20 [50:00/1:45:45]  Acc_iter 18100       Data time: 0.01(0.02)  Forward time: 0.23(0.15)  Batch time: 0.24(0.17)
2026-07-27 10:37:54,919   INFO  Train:    2/4 ( 50%) [4258/13891 ( 31%)]  Loss: 8.384e-11 (1.16e-10)  LR: 2.818e-04  Time cost: 12:00/27:10 [50:08/1:45:33]  Acc_iter 18150       Data time: 0.01(0.02)  Forward time: 0.18(0.15)  Batch time: 0.19(0.17)
2026-07-27 10:37:55,267   INFO  a1e06a0b30c0                Mon Jul 27 10:37:55 2026  580.173.02
[0] NVIDIA GeForce RTX 3070 | 64°C,  82 % |  4883 /  8192 MB | root(4242M)

2026-07-27 10:38:03,151   INFO  Train:    2/4 ( 50%) [4308/13891 ( 31%)]  Loss: 1.092e-10 (1.16e-10)  LR: 2.816e-04  Time cost: 12:09/27:01 [50:16/1:45:23]  Acc_iter 18200       Data time: 0.00(0.02)  Forward time: 0.13(0.15)  Batch time: 0.13(0.17)
2026-07-27 10:38:11,365   INFO  Train:    2/4 ( 50%) [4358/13891 ( 31%)]  Loss: 8.317e-11 (1.16e-10)  LR: 2.813e-04  Time cost: 12:17/26:52 [50:24/1:45:12]  Acc_iter 18250       Data time: 0.02(0.02)  Forward time: 0.14(0.15)  Batch time: 0.16(0.17)
2026-07-27 10:38:19,533   INFO  Train:    2/4 ( 50%) [4408/13891 ( 32%)]  Loss: 8.345e-11 (1.16e-10)  LR: 2.811e-04  Time cost: 12:25/26:43 [50:32/1:45:01]  Acc_iter 18300       Data time: 0.00(0.02)  Forward time: 0.14(0.15)  Batch time: 0.15(0.17)
2026-07-27 10:38:19,941   INFO  a1e06a0b30c0                Mon Jul 27 10:38:19 2026  580.173.02
[0] NVIDIA GeForce RTX 3070 | 66°C,  88 % |  4883 /  8192 MB | root(4242M)

2026-07-27 10:38:27,958   INFO  Train:    2/4 ( 50%) [4458/13891 ( 32%)]  Loss: 1.350e-10 (1.16e-10)  LR: 2.808e-04  Time cost: 12:33/26:35 [50:41/1:44:52]  Acc_iter 18350       Data time: 0.02(0.02)  Forward time: 0.13(0.15)  Batch time: 0.15(0.17)
2026-07-27 10:38:36,488   INFO  Train:    2/4 ( 50%) [4508/13891 ( 32%)]  Loss: 1.259e-10 (1.16e-10)  LR: 2.805e-04  Time cost: 12:42/26:26 [50:49/1:44:44]  Acc_iter 18400       Data time: 0.01(0.02)  Forward time: 0.13(0.15)  Batch time: 0.14(0.17)
2026-07-27 10:38:45,852   INFO  Train:    2/4 ( 50%) [4558/13891 ( 33%)]  Loss: 9.563e-11 (1.16e-10)  LR: 2.803e-04  Time cost: 12:51/26:20 [50:59/1:44:43]  Acc_iter 18450       Data time: 0.03(0.02)  Forward time: 0.23(0.15)  Batch time: 0.26(0.17)
2026-07-27 10:38:46,204   INFO  a1e06a0b30c0                Mon Jul 27 10:38:46 2026  580.173.02
[0] NVIDIA GeForce RTX 3070 | 64°C,  39 % |  4883 /  8192 MB | root(4242M)

2026-07-27 10:38:54,613   INFO  Train:    2/4 ( 50%) [4608/13891 ( 33%)]  Loss: 9.132e-11 (1.16e-10)  LR: 2.800e-04  Time cost: 13:00/26:12 [51:07/1:44:37]  Acc_iter 18500       Data time: 0.00(0.02)  Forward time: 0.14(0.15)  Batch time: 0.14(0.17)
2026-07-27 10:39:02,527   INFO  Train:    2/4 ( 50%) [4658/13891 ( 34%)]  Loss: 9.647e-11 (1.16e-10)  LR: 2.798e-04  Time cost: 13:08/26:02 [51:15/1:44:24]  Acc_iter 18550       Data time: 0.02(0.02)  Forward time: 0.15(0.15)  Batch time: 0.18(0.17)
2026-07-27 10:39:10,583   INFO  Train:    2/4 ( 50%) [4708/13891 ( 34%)]  Loss: 1.347e-10 (1.16e-10)  LR: 2.795e-04  Time cost: 13:16/25:53 [51:23/1:44:13]  Acc_iter 18600       Data time: 0.01(0.02)  Forward time: 0.13(0.15)  Batch time: 0.14(0.17)
2026-07-27 10:39:10,925   INFO  a1e06a0b30c0                Mon Jul 27 10:39:10 2026  580.173.02
[0] NVIDIA GeForce RTX 3070 | 63°C,  40 % |  4883 /  8192 MB | root(4242M)

2026-07-27 10:39:18,697   INFO  Train:    2/4 ( 50%) [4758/13891 ( 34%)]  Loss: 1.515e-10 (1.16e-10)  LR: 2.792e-04  Time cost: 13:24/25:44 [51:32/1:44:02]  Acc_iter 18650       Data time: 0.01(0.02)  Forward time: 0.14(0.15)  Batch time: 0.15(0.17)
2026-07-27 10:39:26,775   INFO  Train:    2/4 ( 50%) [4808/13891 ( 35%)]  Loss: 1.145e-10 (1.16e-10)  LR: 2.789e-04  Time cost: 13:32/25:35 [51:40/1:43:50]  Acc_iter 18700       Data time: 0.00(0.02)  Forward time: 0.16(0.15)  Batch time: 0.16(0.17)
2026-07-27 10:39:35,172   INFO  Train:    2/4 ( 50%) [4858/13891 ( 35%)]  Loss: 8.457e-11 (1.16e-10)  LR: 2.787e-04  Time cost: 13:41/25:26 [51:48/1:43:41]  Acc_iter 18750       Data time: 0.00(0.02)  Forward time: 0.21(0.15)  Batch time: 0.22(0.17)
2026-07-27 10:39:35,604   INFO  a1e06a0b30c0                Mon Jul 27 10:39:35 2026  580.173.02
[0] NVIDIA GeForce RTX 3070 | 62°C,   4 % |  4884 /  8192 MB | root(4242M)

2026-07-27 10:39:44,717   INFO  Train:    2/4 ( 50%) [4908/13891 ( 35%)]  Loss: 8.205e-11 (1.16e-10)  LR: 2.784e-04  Time cost: 13:50/25:20 [51:58/1:43:41]  Acc_iter 18800       Data time: 0.00(0.02)  Forward time: 0.14(0.15)  Batch time: 0.14(0.17)
2026-07-27 10:39:53,910   INFO  Train:    2/4 ( 50%) [4958/13891 ( 36%)]  Loss: 1.280e-10 (1.16e-10)  LR: 2.781e-04  Time cost: 13:59/25:13 [52:07/1:43:38]  Acc_iter 18850       Data time: 0.02(0.02)  Forward time: 0.15(0.15)  Batch time: 0.16(0.17)
2026-07-27 10:40:01,981   INFO  Train:    2/4 ( 50%) [5008/13891 ( 36%)]  Loss: 9.235e-11 (1.15e-10)  LR: 2.779e-04  Time cost: 14:08/25:03 [52:15/1:43:27]  Acc_iter 18900       Data time: 0.02(0.02)  Forward time: 0.14(0.15)  Batch time: 0.16(0.17)
2026-07-27 10:40:02,341   INFO  a1e06a0b30c0                Mon Jul 27 10:40:02 2026  580.173.02
[0] NVIDIA GeForce RTX 3070 | 66°C,  81 % |  4884 /  8192 MB | root(4242M)

2026-07-27 10:40:10,176   INFO  Train:    2/4 ( 50%) [5058/13891 ( 36%)]  Loss: 8.964e-11 (1.15e-10)  LR: 2.776e-04  Time cost: 14:16/24:54 [52:23/1:43:16]  Acc_iter 18950       Data time: 0.02(0.02)  Forward time: 0.13(0.15)  Batch time: 0.15(0.17)
2026-07-27 10:40:18,419   INFO  Train:    2/4 ( 50%) [5108/13891 ( 37%)]  Loss: 1.075e-10 (1.15e-10)  LR: 2.773e-04  Time cost: 14:24/24:46 [52:31/1:43:06]  Acc_iter 19000       Data time: 0.02(0.02)  Forward time: 0.18(0.15)  Batch time: 0.20(0.17)
2026-07-27 10:40:26,393   INFO  Train:    2/4 ( 50%) [5158/13891 ( 37%)]  Loss: 9.988e-11 (1.15e-10)  LR: 2.770e-04  Time cost: 14:32/24:36 [52:39/1:42:54]  Acc_iter 19050       Data time: 0.00(0.02)  Forward time: 0.17(0.15)  Batch time: 0.18(0.17)
2026-07-27 10:40:26,746   INFO  a1e06a0b30c0                Mon Jul 27 10:40:26 2026  580.173.02
[0] NVIDIA GeForce RTX 3070 | 66°C,  94 % |  4883 /  8192 MB | root(4242M)

2026-07-27 10:40:35,148   INFO  Train:    2/4 ( 50%) [5208/13891 ( 37%)]  Loss: 1.258e-10 (1.15e-10)  LR: 2.767e-04  Time cost: 14:41/24:28 [52:48/1:42:48]  Acc_iter 19100       Data time: 0.02(0.02)  Forward time: 0.17(0.15)  Batch time: 0.19(0.17)
2026-07-27 10:40:43,734   INFO  Train:    2/4 ( 50%) [5258/13891 ( 38%)]  Loss: 1.227e-10 (1.15e-10)  LR: 2.764e-04  Time cost: 14:49/24:20 [52:57/1:42:41]  Acc_iter 19150       Data time: 0.01(0.02)  Forward time: 0.13(0.15)  Batch time: 0.15(0.17)
2026-07-27 10:40:52,965   INFO  Train:    2/4 ( 50%) [5308/13891 ( 38%)]  Loss: 1.075e-10 (1.15e-10)  LR: 2.762e-04  Time cost: 14:58/24:13 [53:06/1:42:37]  Acc_iter 19200       Data time: 0.00(0.02)  Forward time: 0.14(0.15)  Batch time: 0.14(0.17)
2026-07-27 10:40:53,406   INFO  a1e06a0b30c0                Mon Jul 27 10:40:53 2026  580.173.02
[0] NVIDIA GeForce RTX 3070 | 65°C,  83 % |  4884 /  8192 MB | root(4242M)

2026-07-27 10:40:54,184   INFO  Save latest model to /OpenPCDet/output/OpenPCDet/tools/cfgs/models/S/D/S_D_N/unfrozen_backbone_1_9/ckpt/latest_model
2026-07-27 10:41:01,990   INFO  Train:    2/4 ( 50%) [5358/13891 ( 39%)]  Loss: 1.008e-10 (1.15e-10)  LR: 2.759e-04  Time cost: 15:08/24:05 [53:15/1:42:33]  Acc_iter 19250       Data time: 0.01(0.02)  Forward time: 0.14(0.15)  Batch time: 0.15(0.17)
2026-07-27 10:41:09,929   INFO  Train:    2/4 ( 50%) [5408/13891 ( 39%)]  Loss: 1.111e-10 (1.15e-10)  LR: 2.756e-04  Time cost: 15:15/23:56 [53:23/1:42:21]  Acc_iter 19300       Data time: 0.02(0.02)  Forward time: 0.14(0.15)  Batch time: 0.17(0.17)
2026-07-27 10:41:17,723   INFO  Train:    2/4 ( 50%) [5458/13891 ( 39%)]  Loss: 1.267e-10 (1.15e-10)  LR: 2.753e-04  Time cost: 15:23/23:47 [53:31/1:42:08]  Acc_iter 19350       Data time: 0.03(0.02)  Forward time: 0.13(0.15)  Batch time: 0.16(0.17)
2026-07-27 10:41:18,076   INFO  a1e06a0b30c0                Mon Jul 27 10:41:18 2026  580.173.02
[0] NVIDIA GeForce RTX 3070 | 63°C,  86 % |  4883 /  8192 MB | root(4242M)

2026-07-27 10:41:26,121   INFO  Train:    2/4 ( 50%) [5508/13891 ( 40%)]  Loss: 1.044e-10 (1.15e-10)  LR: 2.750e-04  Time cost: 15:32/23:38 [53:39/1:41:59]  Acc_iter 19400       Data time: 0.01(0.02)  Forward time: 0.15(0.15)  Batch time: 0.16(0.17)
2026-07-27 10:41:34,544   INFO  Train:    2/4 ( 50%) [5558/13891 ( 40%)]  Loss: 1.229e-10 (1.15e-10)  LR: 2.747e-04  Time cost: 15:40/23:29 [53:47/1:41:50]  Acc_iter 19450       Data time: 0.03(0.02)  Forward time: 0.18(0.15)  Batch time: 0.20(0.17)
2026-07-27 10:41:42,677   INFO  Train:    2/4 ( 50%) [5608/13891 ( 40%)]  Loss: 9.855e-11 (1.15e-10)  LR: 2.744e-04  Time cost: 15:48/23:20 [53:55/1:41:40]  Acc_iter 19500       Data time: 0.03(0.02)  Forward time: 0.15(0.15)  Batch time: 0.17(0.17)
2026-07-27 10:41:43,029   INFO  a1e06a0b30c0                Mon Jul 27 10:41:43 2026  580.173.02
[0] NVIDIA GeForce RTX 3070 | 61°C,  89 % |  4883 /  8192 MB | root(4242M)

2026-07-27 10:41:51,822   INFO  Train:    2/4 ( 50%) [5658/13891 ( 41%)]  Loss: 9.453e-11 (1.15e-10)  LR: 2.741e-04  Time cost: 15:57/23:13 [54:05/1:41:35]  Acc_iter 19550       Data time: 0.02(0.02)  Forward time: 0.18(0.15)  Batch time: 0.20(0.17)
2026-07-27 10:42:01,326   INFO  Train:    2/4 ( 50%) [5708/13891 ( 41%)]  Loss: 1.267e-10 (1.15e-10)  LR: 2.738e-04  Time cost: 16:07/23:06 [54:14/1:41:34]  Acc_iter 19600       Data time: 0.03(0.02)  Forward time: 0.18(0.15)  Batch time: 0.21(0.17)
2026-07-27 10:42:09,727   INFO  Train:    2/4 ( 50%) [5758/13891 ( 41%)]  Loss: 8.255e-11 (1.15e-10)  LR: 2.735e-04  Time cost: 16:15/22:57 [54:23/1:41:25]  Acc_iter 19650       Data time: 0.01(0.02)  Forward time: 0.15(0.15)  Batch time: 0.16(0.17)
2026-07-27 10:42:10,083   INFO  a1e06a0b30c0                Mon Jul 27 10:42:10 2026  580.173.02
[0] NVIDIA GeForce RTX 3070 | 61°C,  76 % |  4883 /  8192 MB | root(4242M)

2026-07-27 10:42:18,083   INFO  Train:    2/4 ( 50%) [5808/13891 ( 42%)]  Loss: 1.105e-10 (1.15e-10)  LR: 2.732e-04  Time cost: 16:24/22:49 [54:31/1:41:15]  Acc_iter 19700       Data time: 0.02(0.02)  Forward time: 0.14(0.15)  Batch time: 0.16(0.17)
2026-07-27 10:42:25,921   INFO  Train:    2/4 ( 50%) [5858/13891 ( 42%)]  Loss: 9.473e-11 (1.15e-10)  LR: 2.729e-04  Time cost: 16:31/22:40 [54:39/1:41:03]  Acc_iter 19750       Data time: 0.00(0.02)  Forward time: 0.13(0.15)  Batch time: 0.14(0.17)
2026-07-27 10:42:33,760   INFO  Train:    2/4 ( 50%) [5908/13891 ( 43%)]  Loss: 9.890e-11 (1.14e-10)  LR: 2.726e-04  Time cost: 16:39/22:30 [54:47/1:40:51]  Acc_iter 19800       Data time: 0.02(0.02)  Forward time: 0.17(0.15)  Batch time: 0.18(0.17)
2026-07-27 10:42:34,112   INFO  a1e06a0b30c0                Mon Jul 27 10:42:34 2026  580.173.02
[0] NVIDIA GeForce RTX 3070 | 62°C,  79 % |  4883 /  8192 MB | root(4242M)

2026-07-27 10:42:42,533   INFO  Train:    2/4 ( 50%) [5958/13891 ( 43%)]  Loss: 1.597e-10 (1.14e-10)  LR: 2.723e-04  Time cost: 16:48/22:22 [54:55/1:40:44]  Acc_iter 19850       Data time: 0.03(0.02)  Forward time: 0.15(0.15)  Batch time: 0.17(0.17)
2026-07-27 10:42:50,528   INFO  Train:    2/4 ( 50%) [6008/13891 ( 43%)]  Loss: 1.215e-10 (1.14e-10)  LR: 2.720e-04  Time cost: 16:56/22:13 [55:03/1:40:33]  Acc_iter 19900       Data time: 0.02(0.02)  Forward time: 0.21(0.15)  Batch time: 0.23(0.17)
2026-07-27 10:42:59,664   INFO  Train:    2/4 ( 50%) [6058/13891 ( 44%)]  Loss: 1.317e-10 (1.14e-10)  LR: 2.717e-04  Time cost: 17:05/22:06 [55:12/1:40:29]  Acc_iter 19950       Data time: 0.01(0.02)  Forward time: 0.22(0.15)  Batch time: 0.23(0.17)
2026-07-27 10:43:00,058   INFO  a1e06a0b30c0                Mon Jul 27 10:43:00 2026  580.173.02
[0] NVIDIA GeForce RTX 3070 | 61°C,  86 % |  4883 /  8192 MB | root(4242M)

2026-07-27 10:43:09,377   INFO  Train:    2/4 ( 50%) [6108/13891 ( 44%)]  Loss: 1.137e-10 (1.14e-10)  LR: 2.714e-04  Time cost: 17:15/21:59 [55:22/1:40:27]  Acc_iter 20000       Data time: 0.02(0.02)  Forward time: 0.16(0.15)  Batch time: 0.18(0.17)
2026-07-27 10:43:17,646   INFO  Train:    2/4 ( 50%) [6158/13891 ( 44%)]  Loss: 9.811e-11 (1.14e-10)  LR: 2.711e-04  Time cost: 17:23/21:50 [55:30/1:40:18]  Acc_iter 20050       Data time: 0.03(0.02)  Forward time: 0.14(0.15)  Batch time: 0.17(0.17)
2026-07-27 10:43:25,662   INFO  Train:    2/4 ( 50%) [6208/13891 ( 45%)]  Loss: 1.460e-10 (1.14e-10)  LR: 2.707e-04  Time cost: 17:31/21:41 [55:38/1:40:07]  Acc_iter 20100       Data time: 0.01(0.02)  Forward time: 0.18(0.15)  Batch time: 0.19(0.17)
2026-07-27 10:43:26,014   INFO  a1e06a0b30c0                Mon Jul 27 10:43:25 2026  580.173.02
[0] NVIDIA GeForce RTX 3070 | 66°C,  79 % |  4883 /  8192 MB | root(4242M)

2026-07-27 10:43:34,028   INFO  Train:    2/4 ( 50%) [6258/13891 ( 45%)]  Loss: 1.040e-10 (1.14e-10)  LR: 2.704e-04  Time cost: 17:40/21:32 [55:47/1:39:58]  Acc_iter 20150       Data time: 0.00(0.02)  Forward time: 0.14(0.15)  Batch time: 0.14(0.17)
2026-07-27 10:43:41,844   INFO  Train:    2/4 ( 50%) [6308/13891 ( 45%)]  Loss: 9.912e-11 (1.14e-10)  LR: 2.701e-04  Time cost: 17:47/21:23 [55:55/1:39:45]  Acc_iter 20200       Data time: 0.03(0.02)  Forward time: 0.13(0.15)  Batch time: 0.16(0.17)
2026-07-27 10:43:50,250   INFO  Train:    2/4 ( 50%) [6358/13891 ( 46%)]  Loss: 8.950e-11 (1.14e-10)  LR: 2.698e-04  Time cost: 17:56/21:14 [56:03/1:39:37]  Acc_iter 20250       Data time: 0.00(0.02)  Forward time: 0.13(0.15)  Batch time: 0.14(0.17)
2026-07-27 10:43:50,605   INFO  a1e06a0b30c0                Mon Jul 27 10:43:50 2026  580.173.02
[0] NVIDIA GeForce RTX 3070 | 63°C,  22 % |  4883 /  8192 MB | root(4242M)

2026-07-27 10:43:58,911   INFO  Train:    2/4 ( 50%) [6408/13891 ( 46%)]  Loss: 1.073e-10 (1.14e-10)  LR: 2.695e-04  Time cost: 18:04/21:06 [56:12/1:39:29]  Acc_iter 20300       Data time: 0.01(0.02)  Forward time: 0.17(0.15)  Batch time: 0.19(0.17)
2026-07-27 10:44:08,076   INFO  Train:    2/4 ( 50%) [6458/13891 ( 46%)]  Loss: 1.229e-10 (1.14e-10)  LR: 2.692e-04  Time cost: 18:14/20:59 [56:21/1:39:25]  Acc_iter 20350       Data time: 0.02(0.02)  Forward time: 0.28(0.15)  Batch time: 0.30(0.17)
2026-07-27 10:44:17,255   INFO  Train:    2/4 ( 50%) [6508/13891 ( 47%)]  Loss: 1.143e-10 (1.14e-10)  LR: 2.688e-04  Time cost: 18:23/20:51 [56:30/1:39:20]  Acc_iter 20400       Data time: 0.02(0.02)  Forward time: 0.15(0.15)  Batch time: 0.16(0.17)
2026-07-27 10:44:17,630   INFO  a1e06a0b30c0                Mon Jul 27 10:44:17 2026  580.173.02
[0] NVIDIA GeForce RTX 3070 | 62°C,  41 % |  4883 /  8192 MB | root(4242M)

2026-07-27 10:44:25,717   INFO  Train:    2/4 ( 50%) [6558/13891 ( 47%)]  Loss: 1.070e-10 (1.14e-10)  LR: 2.685e-04  Time cost: 18:31/20:42 [56:39/1:39:11]  Acc_iter 20450       Data time: 0.00(0.02)  Forward time: 0.17(0.15)  Batch time: 0.17(0.17)
2026-07-27 10:44:33,413   INFO  Train:    2/4 ( 50%) [6608/13891 ( 48%)]  Loss: 9.432e-11 (1.14e-10)  LR: 2.682e-04  Time cost: 18:39/20:33 [56:46/1:38:59]  Acc_iter 20500       Data time: 0.01(0.02)  Forward time: 0.13(0.15)  Batch time: 0.14(0.17)
2026-07-27 10:44:41,467   INFO  Train:    2/4 ( 50%) [6658/13891 ( 48%)]  Loss: 9.689e-11 (1.14e-10)  LR: 2.679e-04  Time cost: 18:47/20:24 [56:54/1:38:48]  Acc_iter 20550       Data time: 0.00(0.02)  Forward time: 0.13(0.15)  Batch time: 0.13(0.17)
2026-07-27 10:44:41,806   INFO  a1e06a0b30c0                Mon Jul 27 10:44:41 2026  580.173.02
[0] NVIDIA GeForce RTX 3070 | 68°C,  92 % |  4883 /  8192 MB | root(4242M)

2026-07-27 10:44:49,939   INFO  Train:    2/4 ( 50%) [6708/13891 ( 48%)]  Loss: 1.327e-10 (1.14e-10)  LR: 2.675e-04  Time cost: 18:55/20:16 [57:03/1:38:40]  Acc_iter 20600       Data time: 0.02(0.02)  Forward time: 0.24(0.15)  Batch time: 0.26(0.17)
2026-07-27 10:44:58,108   INFO  Train:    2/4 ( 50%) [6758/13891 ( 49%)]  Loss: 1.191e-10 (1.14e-10)  LR: 2.672e-04  Time cost: 19:04/20:07 [57:11/1:38:30]  Acc_iter 20650       Data time: 0.00(0.02)  Forward time: 0.14(0.15)  Batch time: 0.14(0.17)
2026-07-27 10:45:06,559   INFO  Train:    2/4 ( 50%) [6808/13891 ( 49%)]  Loss: 1.019e-10 (1.14e-10)  LR: 2.669e-04  Time cost: 19:12/19:58 [57:19/1:38:21]  Acc_iter 20700       Data time: 0.00(0.02)  Forward time: 0.14(0.15)  Batch time: 0.15(0.17)
2026-07-27 10:45:06,994   INFO  a1e06a0b30c0                Mon Jul 27 10:45:06 2026  580.173.02
[0] NVIDIA GeForce RTX 3070 | 64°C,  88 % |  4884 /  8192 MB | root(4242M)

2026-07-27 10:45:16,285   INFO  Train:    2/4 ( 50%) [6858/13891 ( 49%)]  Loss: 9.674e-11 (1.14e-10)  LR: 2.665e-04  Time cost: 19:22/19:51 [57:29/1:38:19]  Acc_iter 20750       Data time: 0.03(0.02)  Forward time: 0.16(0.15)  Batch time: 0.19(0.17)
2026-07-27 10:45:24,968   INFO  Train:    2/4 ( 50%) [6908/13891 ( 50%)]  Loss: 9.960e-11 (1.14e-10)  LR: 2.662e-04  Time cost: 19:30/19:43 [57:38/1:38:12]  Acc_iter 20800       Data time: 0.02(0.02)  Forward time: 0.17(0.15)  Batch time: 0.19(0.17)
2026-07-27 10:45:32,761   INFO  Train:    2/4 ( 50%) [6958/13891 ( 50%)]  Loss: 1.041e-10 (1.14e-10)  LR: 2.659e-04  Time cost: 19:38/19:34 [57:46/1:38:00]  Acc_iter 20850       Data time: 0.02(0.02)  Forward time: 0.14(0.15)  Batch time: 0.16(0.17)
2026-07-27 10:45:33,110   INFO  a1e06a0b30c0                Mon Jul 27 10:45:33 2026  580.173.02
[0] NVIDIA GeForce RTX 3070 | 64°C,  83 % |  4883 /  8192 MB | root(4242M)

2026-07-27 10:45:40,736   INFO  Train:    2/4 ( 50%) [7008/13891 ( 50%)]  Loss: 1.198e-10 (1.14e-10)  LR: 2.655e-04  Time cost: 19:46/19:25 [57:54/1:37:49]  Acc_iter 20900       Data time: 0.00(0.02)  Forward time: 0.15(0.15)  Batch time: 0.15(0.17)
2026-07-27 10:45:48,785   INFO  Train:    2/4 ( 50%) [7058/13891 ( 51%)]  Loss: 9.069e-11 (1.14e-10)  LR: 2.652e-04  Time cost: 19:54/19:16 [58:02/1:37:38]  Acc_iter 20950       Data time: 0.00(0.02)  Forward time: 0.13(0.15)  Batch time: 0.13(0.17)
2026-07-27 10:45:54,052   INFO  Save latest model to /OpenPCDet/output/OpenPCDet/tools/cfgs/models/S/D/S_D_N/unfrozen_backbone_1_9/ckpt/latest_model
2026-07-27 10:45:56,850   INFO  Train:    2/4 ( 50%) [7108/13891 ( 51%)]  Loss: 9.248e-11 (1.14e-10)  LR: 2.648e-04  Time cost: 20:02/19:07 [58:10/1:37:28]  Acc_iter 21000       Data time: 0.01(0.02)  Forward time: 0.20(0.15)  Batch time: 0.21(0.17)
2026-07-27 10:45:57,303   INFO  a1e06a0b30c0                Mon Jul 27 10:45:57 2026  580.173.02
[0] NVIDIA GeForce RTX 3070 | 63°C,  38 % |  4884 /  8192 MB | root(4242M)

2026-07-27 10:46:05,438   INFO  Train:    2/4 ( 50%) [7158/13891 ( 52%)]  Loss: 8.266e-11 (1.14e-10)  LR: 2.645e-04  Time cost: 20:11/18:59 [58:18/1:37:20]  Acc_iter 21050       Data time: 0.01(0.02)  Forward time: 0.17(0.15)  Batch time: 0.18(0.17)
2026-07-27 10:46:14,167   INFO  Train:    2/4 ( 50%) [7208/13891 ( 52%)]  Loss: 1.133e-10 (1.14e-10)  LR: 2.642e-04  Time cost: 20:20/18:51 [58:27/1:37:13]  Acc_iter 21100       Data time: 0.03(0.02)  Forward time: 0.14(0.15)  Batch time: 0.17(0.17)
2026-07-27 10:46:23,696   INFO  Train:    2/4 ( 50%) [7258/13891 ( 52%)]  Loss: 9.214e-11 (1.13e-10)  LR: 2.638e-04  Time cost: 20:29/18:43 [58:37/1:37:10]  Acc_iter 21150       Data time: 0.02(0.02)  Forward time: 0.14(0.15)  Batch time: 0.16(0.17)
2026-07-27 10:46:24,097   INFO  a1e06a0b30c0                Mon Jul 27 10:46:24 2026  580.173.02
[0] NVIDIA GeForce RTX 3070 | 60°C,  25 % |  4884 /  8192 MB | root(4242M)

2026-07-27 10:46:32,524   INFO  Train:    2/4 ( 50%) [7308/13891 ( 53%)]  Loss: 9.980e-11 (1.13e-10)  LR: 2.635e-04  Time cost: 20:38/18:35 [58:45/1:37:03]  Acc_iter 21200       Data time: 0.02(0.02)  Forward time: 0.16(0.15)  Batch time: 0.18(0.17)
2026-07-27 10:46:40,289   INFO  Train:    2/4 ( 50%) [7358/13891 ( 53%)]  Loss: 1.339e-10 (1.13e-10)  LR: 2.631e-04  Time cost: 20:46/18:26 [58:53/1:36:51]  Acc_iter 21250       Data time: 0.03(0.02)  Forward time: 0.15(0.15)  Batch time: 0.17(0.17)
2026-07-27 10:46:48,166   INFO  Train:    2/4 ( 50%) [7408/13891 ( 53%)]  Loss: 9.213e-11 (1.13e-10)  LR: 2.628e-04  Time cost: 20:54/18:17 [59:01/1:36:40]  Acc_iter 21300       Data time: 0.00(0.02)  Forward time: 0.13(0.15)  Batch time: 0.13(0.17)
2026-07-27 10:46:48,510   INFO  a1e06a0b30c0                Mon Jul 27 10:46:48 2026  580.173.02
[0] NVIDIA GeForce RTX 3070 | 63°C,  86 % |  4883 /  8192 MB | root(4242M)

2026-07-27 10:46:56,230   INFO  Train:    2/4 ( 50%) [7458/13891 ( 54%)]  Loss: 1.713e-10 (1.13e-10)  LR: 2.624e-04  Time cost: 21:02/18:08 [59:09/1:36:30]  Acc_iter 21350       Data time: 0.01(0.02)  Forward time: 0.15(0.15)  Batch time: 0.16(0.17)
2026-07-27 10:47:04,623   INFO  Train:    2/4 ( 50%) [7508/13891 ( 54%)]  Loss: 1.403e-10 (1.13e-10)  LR: 2.621e-04  Time cost: 21:10/18:00 [59:17/1:36:21]  Acc_iter 21400       Data time: 0.04(0.02)  Forward time: 0.14(0.15)  Batch time: 0.17(0.17)
2026-07-27 10:47:12,667   INFO  Train:    2/4 ( 50%) [7558/13891 ( 54%)]  Loss: 1.447e-10 (1.13e-10)  LR: 2.617e-04  Time cost: 21:18/17:51 [59:25/1:36:10]  Acc_iter 21450       Data time: 0.02(0.02)  Forward time: 0.16(0.15)  Batch time: 0.18(0.17)
2026-07-27 10:47:13,134   INFO  a1e06a0b30c0                Mon Jul 27 10:47:13 2026  580.173.02
[0] NVIDIA GeForce RTX 3070 | 60°C,  52 % |  4883 /  8192 MB | root(4242M)

2026-07-27 10:47:22,093   INFO  Train:    2/4 ( 50%) [7608/13891 ( 55%)]  Loss: 1.288e-10 (1.13e-10)  LR: 2.614e-04  Time cost: 21:28/17:43 [59:35/1:36:06]  Acc_iter 21500       Data time: 0.01(0.02)  Forward time: 0.14(0.15)  Batch time: 0.14(0.17)
2026-07-27 10:47:30,977   INFO  Train:    2/4 ( 50%) [7658/13891 ( 55%)]  Loss: 8.333e-11 (1.13e-10)  LR: 2.610e-04  Time cost: 21:37/17:35 [59:44/1:36:00]  Acc_iter 21550       Data time: 0.02(0.02)  Forward time: 0.13(0.15)  Batch time: 0.15(0.17)
2026-07-27 10:47:38,882   INFO  Train:    2/4 ( 50%) [7708/13891 ( 55%)]  Loss: 1.111e-10 (1.13e-10)  LR: 2.607e-04  Time cost: 21:44/17:26 [59:52/1:35:49]  Acc_iter 21600       Data time: 0.00(0.02)  Forward time: 0.16(0.15)  Batch time: 0.16(0.17)
2026-07-27 10:47:39,224   INFO  a1e06a0b30c0                Mon Jul 27 10:47:39 2026  580.173.02
[0] NVIDIA GeForce RTX 3070 | 66°C,  64 % |  4883 /  8192 MB | root(4242M)

2026-07-27 10:47:46,976   INFO  Train:    2/4 ( 50%) [7758/13891 ( 56%)]  Loss: 1.275e-10 (1.13e-10)  LR: 2.603e-04  Time cost: 21:53/17:17 [1:00:00/1:35:39]  Acc_iter 21650       Data time: 0.03(0.02)  Forward time: 0.18(0.15)  Batch time: 0.21(0.17)
2026-07-27 10:47:55,000   INFO  Train:    2/4 ( 50%) [7808/13891 ( 56%)]  Loss: 1.042e-10 (1.13e-10)  LR: 2.599e-04  Time cost: 22:01/17:09 [1:00:08/1:35:28]  Acc_iter 21700       Data time: 0.02(0.02)  Forward time: 0.12(0.15)  Batch time: 0.14(0.17)
2026-07-27 10:48:03,103   INFO  Train:    2/4 ( 50%) [7858/13891 ( 57%)]  Loss: 1.088e-10 (1.13e-10)  LR: 2.596e-04  Time cost: 22:09/17:00 [1:00:16/1:35:18]  Acc_iter 21750       Data time: 0.01(0.02)  Forward time: 0.18(0.15)  Batch time: 0.19(0.17)
2026-07-27 10:48:03,498   INFO  a1e06a0b30c0                Mon Jul 27 10:48:03 2026  580.173.02
[0] NVIDIA GeForce RTX 3070 | 66°C,  93 % |  4883 /  8192 MB | root(4242M)

2026-07-27 10:48:11,562   INFO  Train:    2/4 ( 50%) [7908/13891 ( 57%)]  Loss: 8.775e-11 (1.13e-10)  LR: 2.592e-04  Time cost: 22:17/16:51 [1:00:24/1:35:10]  Acc_iter 21800       Data time: 0.01(0.02)  Forward time: 0.16(0.15)  Batch time: 0.17(0.17)
2026-07-27 10:48:20,217   INFO  Train:    2/4 ( 50%) [7958/13891 ( 57%)]  Loss: 9.668e-11 (1.13e-10)  LR: 2.588e-04  Time cost: 22:26/16:43 [1:00:33/1:35:02]  Acc_iter 21850       Data time: 0.00(0.02)  Forward time: 0.13(0.15)  Batch time: 0.13(0.17)
2026-07-27 10:48:29,630   INFO  Train:    2/4 ( 50%) [8008/13891 ( 58%)]  Loss: 9.144e-11 (1.13e-10)  LR: 2.585e-04  Time cost: 22:35/16:35 [1:00:42/1:34:58]  Acc_iter 21900       Data time: 0.02(0.02)  Forward time: 0.22(0.15)  Batch time: 0.24(0.17)
2026-07-27 10:48:30,019   INFO  a1e06a0b30c0                Mon Jul 27 10:48:29 2026  580.173.02
[0] NVIDIA GeForce RTX 3070 | 65°C,  82 % |  4883 /  8192 MB | root(4242M)

2026-07-27 10:48:38,288   INFO  Train:    2/4 ( 50%) [8058/13891 ( 58%)]  Loss: 9.074e-11 (1.13e-10)  LR: 2.581e-04  Time cost: 22:44/16:27 [1:00:51/1:34:50]  Acc_iter 21950       Data time: 0.02(0.02)  Forward time: 0.15(0.15)  Batch time: 0.17(0.17)
2026-07-27 10:48:46,318   INFO  Train:    2/4 ( 50%) [8108/13891 ( 58%)]  Loss: 1.450e-10 (1.13e-10)  LR: 2.577e-04  Time cost: 22:52/16:18 [1:00:59/1:34:40]  Acc_iter 22000       Data time: 0.00(0.02)  Forward time: 0.13(0.15)  Batch time: 0.13(0.17)
2026-07-27 10:48:54,566   INFO  Train:    2/4 ( 50%) [8158/13891 ( 59%)]  Loss: 1.032e-10 (1.13e-10)  LR: 2.574e-04  Time cost: 23:00/16:10 [1:01:07/1:34:31]  Acc_iter 22050       Data time: 0.03(0.02)  Forward time: 0.14(0.15)  Batch time: 0.17(0.17)
2026-07-27 10:48:54,928   INFO  a1e06a0b30c0                Mon Jul 27 10:48:54 2026  580.173.02
[0] NVIDIA GeForce RTX 3070 | 65°C,  81 % |  4883 /  8192 MB | root(4242M)

2026-07-27 10:49:02,664   INFO  Train:    2/4 ( 50%) [8208/13891 ( 59%)]  Loss: 8.539e-11 (1.13e-10)  LR: 2.570e-04  Time cost: 23:08/16:01 [1:01:15/1:34:21]  Acc_iter 22100       Data time: 0.03(0.02)  Forward time: 0.15(0.15)  Batch time: 0.18(0.17)
2026-07-27 10:49:10,854   INFO  Train:    2/4 ( 50%) [8258/13891 ( 59%)]  Loss: 9.913e-11 (1.13e-10)  LR: 2.566e-04  Time cost: 23:16/15:52 [1:01:24/1:34:11]  Acc_iter 22150       Data time: 0.02(0.02)  Forward time: 0.17(0.15)  Batch time: 0.19(0.17)
2026-07-27 10:49:19,005   INFO  Train:    2/4 ( 50%) [8308/13891 ( 60%)]  Loss: 9.572e-11 (1.13e-10)  LR: 2.563e-04  Time cost: 23:25/15:44 [1:01:32/1:34:01]  Acc_iter 22200       Data time: 0.02(0.02)  Forward time: 0.17(0.15)  Batch time: 0.19(0.17)
2026-07-27 10:49:19,397   INFO  a1e06a0b30c0                Mon Jul 27 10:49:19 2026  580.173.02
[0] NVIDIA GeForce RTX 3070 | 64°C,  85 % |  4884 /  8192 MB | root(4242M)

2026-07-27 10:49:28,556   INFO  Train:    2/4 ( 50%) [8358/13891 ( 60%)]  Loss: 8.422e-11 (1.13e-10)  LR: 2.559e-04  Time cost: 23:34/15:36 [1:01:41/1:33:57]  Acc_iter 22250       Data time: 0.01(0.02)  Forward time: 0.19(0.15)  Batch time: 0.20(0.17)
2026-07-27 10:49:37,854   INFO  Train:    2/4 ( 50%) [8408/13891 ( 61%)]  Loss: 1.075e-10 (1.13e-10)  LR: 2.555e-04  Time cost: 23:43/15:28 [1:01:51/1:33:52]  Acc_iter 22300       Data time: 0.01(0.02)  Forward time: 0.14(0.15)  Batch time: 0.15(0.17)
2026-07-27 10:49:46,090   INFO  Train:    2/4 ( 50%) [8458/13891 ( 61%)]  Loss: 8.929e-11 (1.13e-10)  LR: 2.551e-04  Time cost: 23:52/15:19 [1:01:59/1:33:43]  Acc_iter 22350       Data time: 0.03(0.02)  Forward time: 0.16(0.15)  Batch time: 0.19(0.17)
2026-07-27 10:49:46,458   INFO  a1e06a0b30c0                Mon Jul 27 10:49:46 2026  580.173.02
[0] NVIDIA GeForce RTX 3070 | 65°C,  78 % |  4883 /  8192 MB | root(4242M)

2026-07-27 10:49:54,291   INFO  Train:    2/4 ( 50%) [8508/13891 ( 61%)]  Loss: 1.028e-10 (1.13e-10)  LR: 2.548e-04  Time cost: 24:00/15:11 [1:02:07/1:33:33]  Acc_iter 22400       Data time: 0.01(0.02)  Forward time: 0.14(0.15)  Batch time: 0.15(0.17)
2026-07-27 10:50:02,321   INFO  Train:    2/4 ( 50%) [8558/13891 ( 62%)]  Loss: 1.106e-10 (1.12e-10)  LR: 2.544e-04  Time cost: 24:08/15:02 [1:02:15/1:33:23]  Acc_iter 22450       Data time: 0.03(0.02)  Forward time: 0.13(0.15)  Batch time: 0.16(0.17)
2026-07-27 10:50:10,495   INFO  Train:    2/4 ( 50%) [8608/13891 ( 62%)]  Loss: 7.540e-11 (1.12e-10)  LR: 2.540e-04  Time cost: 24:16/14:53 [1:02:23/1:33:14]  Acc_iter 22500       Data time: 0.01(0.02)  Forward time: 0.14(0.15)  Batch time: 0.15(0.17)
2026-07-27 10:50:10,845   INFO  a1e06a0b30c0                Mon Jul 27 10:50:10 2026  580.173.02
[0] NVIDIA GeForce RTX 3070 | 66°C,  84 % |  4884 /  8192 MB | root(4242M)

2026-07-27 10:50:19,035   INFO  Train:    2/4 ( 50%) [8658/13891 ( 62%)]  Loss: 9.419e-11 (1.12e-10)  LR: 2.536e-04  Time cost: 24:25/14:45 [1:02:32/1:33:05]  Acc_iter 22550       Data time: 0.02(0.02)  Forward time: 0.14(0.15)  Batch time: 0.16(0.17)
2026-07-27 10:50:27,253   INFO  Train:    2/4 ( 50%) [8708/13891 ( 63%)]  Loss: 8.684e-11 (1.12e-10)  LR: 2.532e-04  Time cost: 24:33/14:36 [1:02:40/1:32:56]  Acc_iter 22600       Data time: 0.02(0.02)  Forward time: 0.20(0.15)  Batch time: 0.21(0.17)
2026-07-27 10:50:36,255   INFO  Train:    2/4 ( 50%) [8758/13891 ( 63%)]  Loss: 9.321e-11 (1.12e-10)  LR: 2.528e-04  Time cost: 24:42/14:28 [1:02:49/1:32:50]  Acc_iter 22650       Data time: 0.00(0.02)  Forward time: 0.13(0.15)  Batch time: 0.13(0.17)
2026-07-27 10:50:36,709   INFO  a1e06a0b30c0                Mon Jul 27 10:50:36 2026  580.173.02
[0] NVIDIA GeForce RTX 3070 | 61°C,   3 % |  4884 /  8192 MB | root(4242M)

2026-07-27 10:50:45,376   INFO  Train:    2/4 ( 50%) [8808/13891 ( 63%)]  Loss: 9.209e-11 (1.12e-10)  LR: 2.525e-04  Time cost: 24:51/14:20 [1:02:58/1:32:44]  Acc_iter 22700       Data time: 0.02(0.02)  Forward time: 0.15(0.15)  Batch time: 0.18(0.17)
2026-07-27 10:50:53,258   INFO  Train:    2/4 ( 50%) [8858/13891 ( 64%)]  Loss: 1.257e-10 (1.12e-10)  LR: 2.521e-04  Time cost: 24:59/14:11 [1:03:06/1:32:33]  Acc_iter 22750       Data time: 0.01(0.02)  Forward time: 0.14(0.15)  Batch time: 0.16(0.17)
2026-07-27 10:50:54,098   INFO  Save latest model to /OpenPCDet/output/OpenPCDet/tools/cfgs/models/S/D/S_D_N/unfrozen_backbone_1_9/ckpt/latest_model
2026-07-27 10:51:00,951   INFO  Train:    2/4 ( 50%) [8908/13891 ( 64%)]  Loss: 9.900e-11 (1.12e-10)  LR: 2.517e-04  Time cost: 25:06/14:02 [1:03:14/1:32:22]  Acc_iter 22800       Data time: 0.01(0.02)  Forward time: 0.16(0.15)  Batch time: 0.17(0.17)
2026-07-27 10:51:01,304   INFO  a1e06a0b30c0                Mon Jul 27 10:51:01 2026  580.173.02
[0] NVIDIA GeForce RTX 3070 | 66°C,  85 % |  4883 /  8192 MB | root(4242M)

2026-07-27 10:51:09,299   INFO  Train:    2/4 ( 50%) [8958/13891 ( 64%)]  Loss: 1.394e-10 (1.12e-10)  LR: 2.513e-04  Time cost: 25:15/13:54 [1:03:22/1:32:13]  Acc_iter 22850       Data time: 0.00(0.02)  Forward time: 0.14(0.15)  Batch time: 0.14(0.17)
2026-07-27 10:51:17,427   INFO  Train:    2/4 ( 50%) [9008/13891 ( 65%)]  Loss: 1.279e-10 (1.12e-10)  LR: 2.509e-04  Time cost: 25:23/13:45 [1:03:30/1:32:03]  Acc_iter 22900       Data time: 0.00(0.02)  Forward time: 0.16(0.15)  Batch time: 0.16(0.17)
2026-07-27 10:51:25,859   INFO  Train:    2/4 ( 50%) [9058/13891 ( 65%)]  Loss: 1.158e-10 (1.12e-10)  LR: 2.505e-04  Time cost: 25:31/13:37 [1:03:39/1:31:55]  Acc_iter 22950       Data time: 0.00(0.02)  Forward time: 0.13(0.15)  Batch time: 0.13(0.17)
2026-07-27 10:51:26,221   INFO  a1e06a0b30c0                Mon Jul 27 10:51:26 2026  580.173.02
[0] NVIDIA GeForce RTX 3070 | 64°C,  81 % |  4883 /  8192 MB | root(4242M)

2026-07-27 10:51:34,856   INFO  Train:    2/4 ( 50%) [9108/13891 ( 66%)]  Loss: 1.019e-10 (1.12e-10)  LR: 2.501e-04  Time cost: 25:40/13:29 [1:03:48/1:31:48]  Acc_iter 23000       Data time: 0.01(0.02)  Forward time: 0.14(0.15)  Batch time: 0.15(0.17)
2026-07-27 10:51:44,301   INFO  Train:    2/4 ( 50%) [9158/13891 ( 66%)]  Loss: 1.383e-10 (1.12e-10)  LR: 2.497e-04  Time cost: 25:50/13:21 [1:03:57/1:31:43]  Acc_iter 23050       Data time: 0.02(0.02)  Forward time: 0.17(0.15)  Batch time: 0.20(0.17)
2026-07-27 10:51:52,615   INFO  Train:    2/4 ( 50%) [9208/13891 ( 66%)]  Loss: 1.320e-10 (1.12e-10)  LR: 2.493e-04  Time cost: 25:58/13:12 [1:04:05/1:31:34]  Acc_iter 23100       Data time: 0.00(0.02)  Forward time: 0.14(0.15)  Batch time: 0.14(0.17)
2026-07-27 10:51:52,980   INFO  a1e06a0b30c0                Mon Jul 27 10:51:52 2026  580.173.02
[0] NVIDIA GeForce RTX 3070 | 66°C,  85 % |  4884 /  8192 MB | root(4242M)

2026-07-27 10:52:01,053   INFO  Train:    2/4 ( 50%) [9258/13891 ( 67%)]  Loss: 9.099e-11 (1.12e-10)  LR: 2.489e-04  Time cost: 26:07/13:04 [1:04:14/1:31:26]  Acc_iter 23150       Data time: 0.02(0.02)  Forward time: 0.15(0.15)  Batch time: 0.17(0.17)
2026-07-27 10:52:09,264   INFO  Train:    2/4 ( 50%) [9308/13891 ( 67%)]  Loss: 9.844e-11 (1.12e-10)  LR: 2.485e-04  Time cost: 26:15/12:55 [1:04:22/1:31:16]  Acc_iter 23200       Data time: 0.01(0.02)  Forward time: 0.20(0.15)  Batch time: 0.21(0.17)
2026-07-27 10:52:17,020   INFO  Train:    2/4 ( 50%) [9358/13891 ( 67%)]  Loss: 9.904e-11 (1.12e-10)  LR: 2.481e-04  Time cost: 26:23/12:46 [1:04:30/1:31:05]  Acc_iter 23250       Data time: 0.00(0.02)  Forward time: 0.13(0.15)  Batch time: 0.13(0.17)
2026-07-27 10:52:17,359   INFO  a1e06a0b30c0                Mon Jul 27 10:52:17 2026  580.173.02
[0] NVIDIA GeForce RTX 3070 | 67°C,  83 % |  4883 /  8192 MB | root(4242M)

2026-07-27 10:52:25,920   INFO  Train:    2/4 ( 50%) [9408/13891 ( 68%)]  Loss: 9.233e-11 (1.12e-10)  LR: 2.477e-04  Time cost: 26:31/12:38 [1:04:39/1:30:59]  Acc_iter 23300       Data time: 0.02(0.02)  Forward time: 0.17(0.15)  Batch time: 0.19(0.17)
2026-07-27 10:52:33,992   INFO  Train:    2/4 ( 50%) [9458/13891 ( 68%)]  Loss: 8.625e-11 (1.12e-10)  LR: 2.473e-04  Time cost: 26:40/12:29 [1:04:47/1:30:49]  Acc_iter 23350       Data time: 0.02(0.02)  Forward time: 0.18(0.15)  Batch time: 0.20(0.17)
2026-07-27 10:52:43,031   INFO  Train:    2/4 ( 50%) [9508/13891 ( 68%)]  Loss: 1.127e-10 (1.12e-10)  LR: 2.469e-04  Time cost: 26:49/12:21 [1:04:56/1:30:42]  Acc_iter 23400       Data time: 0.01(0.02)  Forward time: 0.13(0.15)  Batch time: 0.14(0.17)
2026-07-27 10:52:43,430   INFO  a1e06a0b30c0                Mon Jul 27 10:52:43 2026  580.173.02
[0] NVIDIA GeForce RTX 3070 | 67°C,  48 % |  4883 /  8192 MB | root(4242M)

2026-07-27 10:52:52,661   INFO  Train:    2/4 ( 50%) [9558/13891 ( 69%)]  Loss: 9.540e-11 (1.12e-10)  LR: 2.465e-04  Time cost: 26:58/12:13 [1:05:05/1:30:38]  Acc_iter 23450       Data time: 0.01(0.02)  Forward time: 0.19(0.15)  Batch time: 0.20(0.17)
2026-07-27 10:53:00,824   INFO  Train:    2/4 ( 50%) [9608/13891 ( 69%)]  Loss: 1.108e-10 (1.12e-10)  LR: 2.461e-04  Time cost: 27:06/12:05 [1:05:14/1:30:28]  Acc_iter 23500       Data time: 0.03(0.02)  Forward time: 0.13(0.15)  Batch time: 0.16(0.17)
2026-07-27 10:53:08,802   INFO  Train:    2/4 ( 50%) [9658/13891 ( 70%)]  Loss: 9.631e-11 (1.12e-10)  LR: 2.457e-04  Time cost: 27:14/11:56 [1:05:22/1:30:18]  Acc_iter 23550       Data time: 0.00(0.02)  Forward time: 0.13(0.15)  Batch time: 0.13(0.17)
2026-07-27 10:53:09,148   INFO  a1e06a0b30c0                Mon Jul 27 10:53:09 2026  580.173.02
[0] NVIDIA GeForce RTX 3070 | 63°C,  46 % |  4883 /  8192 MB | root(4242M)

2026-07-27 10:53:17,299   INFO  Train:    2/4 ( 50%) [9708/13891 ( 70%)]  Loss: 7.795e-11 (1.12e-10)  LR: 2.453e-04  Time cost: 27:23/11:48 [1:05:30/1:30:10]  Acc_iter 23600       Data time: 0.02(0.02)  Forward time: 0.14(0.15)  Batch time: 0.17(0.17)
2026-07-27 10:53:25,141   INFO  Train:    2/4 ( 50%) [9758/13891 ( 70%)]  Loss: 1.163e-10 (1.12e-10)  LR: 2.449e-04  Time cost: 27:31/11:39 [1:05:38/1:29:59]  Acc_iter 23650       Data time: 0.01(0.02)  Forward time: 0.13(0.15)  Batch time: 0.14(0.17)
2026-07-27 10:53:33,424   INFO  Train:    2/4 ( 50%) [9808/13891 ( 71%)]  Loss: 1.069e-10 (1.12e-10)  LR: 2.445e-04  Time cost: 27:39/11:30 [1:05:46/1:29:50]  Acc_iter 23700       Data time: 0.00(0.02)  Forward time: 0.14(0.15)  Batch time: 0.14(0.17)
2026-07-27 10:53:33,766   INFO  a1e06a0b30c0                Mon Jul 27 10:53:33 2026  580.173.02
[0] NVIDIA GeForce RTX 3070 | 66°C,  60 % |  4883 /  8192 MB | root(4242M)

2026-07-27 10:53:42,446   INFO  Train:    2/4 ( 50%) [9858/13891 ( 71%)]  Loss: 1.308e-10 (1.12e-10)  LR: 2.440e-04  Time cost: 27:48/11:22 [1:05:55/1:29:44]  Acc_iter 23750       Data time: 0.01(0.02)  Forward time: 0.18(0.15)  Batch time: 0.19(0.17)
2026-07-27 10:53:51,445   INFO  Train:    2/4 ( 50%) [9908/13891 ( 71%)]  Loss: 9.205e-11 (1.12e-10)  LR: 2.436e-04  Time cost: 27:57/11:14 [1:06:04/1:29:37]  Acc_iter 23800       Data time: 0.03(0.02)  Forward time: 0.14(0.15)  Batch time: 0.17(0.17)
2026-07-27 10:54:00,439   INFO  Train:    2/4 ( 50%) [9958/13891 ( 72%)]  Loss: 9.610e-11 (1.12e-10)  LR: 2.432e-04  Time cost: 28:06/11:06 [1:06:13/1:29:30]  Acc_iter 23850       Data time: 0.01(0.02)  Forward time: 0.14(0.15)  Batch time: 0.15(0.17)
2026-07-27 10:54:00,806   INFO  a1e06a0b30c0                Mon Jul 27 10:54:00 2026  580.173.02
[0] NVIDIA GeForce RTX 3070 | 66°C,  84 % |  4883 /  8192 MB | root(4242M)

2026-07-27 10:54:08,788   INFO  Train:    2/4 ( 50%) [10008/13891 ( 72%)]  Loss: 1.088e-10 (1.12e-10)  LR: 2.428e-04  Time cost: 28:14/10:57 [1:06:22/1:29:21]  Acc_iter 23900       Data time: 0.01(0.02)  Forward time: 0.13(0.15)  Batch time: 0.14(0.17)
2026-07-27 10:54:16,803   INFO  Train:    2/4 ( 50%) [10058/13891 ( 72%)]  Loss: 1.337e-10 (1.12e-10)  LR: 2.424e-04  Time cost: 28:22/10:48 [1:06:30/1:29:11]  Acc_iter 23950       Data time: 0.03(0.02)  Forward time: 0.14(0.15)  Batch time: 0.17(0.17)
2026-07-27 10:54:24,837   INFO  Train:    2/4 ( 50%) [10108/13891 ( 73%)]  Loss: 1.100e-10 (1.12e-10)  LR: 2.420e-04  Time cost: 28:30/10:40 [1:06:38/1:29:02]  Acc_iter 24000       Data time: 0.02(0.02)  Forward time: 0.13(0.15)  Batch time: 0.15(0.17)
2026-07-27 10:54:25,176   INFO  a1e06a0b30c0                Mon Jul 27 10:54:25 2026  580.173.02
[0] NVIDIA GeForce RTX 3070 | 68°C,  86 % |  4883 /  8192 MB | root(4242M)

2026-07-27 10:54:33,290   INFO  Train:    2/4 ( 50%) [10158/13891 ( 73%)]  Loss: 1.020e-10 (1.12e-10)  LR: 2.416e-04  Time cost: 28:39/10:31 [1:06:46/1:28:53]  Acc_iter 24050       Data time: 0.01(0.02)  Forward time: 0.15(0.15)  Batch time: 0.15(0.17)
2026-07-27 10:54:41,599   INFO  Train:    2/4 ( 50%) [10208/13891 ( 73%)]  Loss: 9.002e-11 (1.11e-10)  LR: 2.411e-04  Time cost: 28:47/10:23 [1:06:54/1:28:44]  Acc_iter 24100       Data time: 0.01(0.02)  Forward time: 0.17(0.15)  Batch time: 0.17(0.17)
2026-07-27 10:54:50,242   INFO  Train:    2/4 ( 50%) [10258/13891 ( 74%)]  Loss: 9.341e-11 (1.11e-10)  LR: 2.407e-04  Time cost: 28:56/10:14 [1:07:03/1:28:36]  Acc_iter 24150       Data time: 0.00(0.02)  Forward time: 0.16(0.15)  Batch time: 0.16(0.17)
2026-07-27 10:54:50,622   INFO  a1e06a0b30c0                Mon Jul 27 10:54:50 2026  580.173.02
[0] NVIDIA GeForce RTX 3070 | 63°C,   3 % |  4883 /  8192 MB | root(4242M)

2026-07-27 10:55:00,063   INFO  Train:    2/4 ( 50%) [10308/13891 ( 74%)]  Loss: 1.176e-10 (1.11e-10)  LR: 2.403e-04  Time cost: 29:06/10:06 [1:07:13/1:28:32]  Acc_iter 24200       Data time: 0.01(0.02)  Forward time: 0.18(0.15)  Batch time: 0.19(0.17)
2026-07-27 10:55:08,612   INFO  Train:    2/4 ( 50%) [10358/13891 ( 75%)]  Loss: 2.303e-10 (1.11e-10)  LR: 2.399e-04  Time cost: 29:14/09:58 [1:07:21/1:28:24]  Acc_iter 24250       Data time: 0.02(0.02)  Forward time: 0.14(0.15)  Batch time: 0.16(0.17)
2026-07-27 10:55:16,586   INFO  Train:    2/4 ( 50%) [10408/13891 ( 75%)]  Loss: 9.048e-11 (1.11e-10)  LR: 2.394e-04  Time cost: 29:22/09:49 [1:07:29/1:28:14]  Acc_iter 24300       Data time: 0.02(0.02)  Forward time: 0.17(0.15)  Batch time: 0.19(0.17)
2026-07-27 10:55:16,944   INFO  a1e06a0b30c0                Mon Jul 27 10:55:16 2026  580.173.02
[0] NVIDIA GeForce RTX 3070 | 66°C,  85 % |  4883 /  8192 MB | root(4242M)

2026-07-27 10:55:25,105   INFO  Train:    2/4 ( 50%) [10458/13891 ( 75%)]  Loss: 8.696e-11 (1.11e-10)  LR: 2.390e-04  Time cost: 29:31/09:41 [1:07:38/1:28:05]  Acc_iter 24350       Data time: 0.01(0.02)  Forward time: 0.21(0.15)  Batch time: 0.21(0.17)
2026-07-27 10:55:33,187   INFO  Train:    2/4 ( 50%) [10508/13891 ( 76%)]  Loss: 9.468e-11 (1.11e-10)  LR: 2.386e-04  Time cost: 29:39/09:32 [1:07:46/1:27:56]  Acc_iter 24400       Data time: 0.01(0.02)  Forward time: 0.25(0.15)  Batch time: 0.26(0.17)
2026-07-27 10:55:41,471   INFO  Train:    2/4 ( 50%) [10558/13891 ( 76%)]  Loss: 1.019e-10 (1.11e-10)  LR: 2.382e-04  Time cost: 29:47/09:24 [1:07:54/1:27:47]  Acc_iter 24450       Data time: 0.00(0.02)  Forward time: 0.18(0.15)  Batch time: 0.18(0.17)
2026-07-27 10:55:41,831   INFO  a1e06a0b30c0                Mon Jul 27 10:55:41 2026  580.173.02
[0] NVIDIA GeForce RTX 3070 | 66°C,  62 % |  4883 /  8192 MB | root(4242M)

2026-07-27 10:55:49,945   INFO  Train:    2/4 ( 50%) [10608/13891 ( 76%)]  Loss: 1.533e-10 (1.11e-10)  LR: 2.377e-04  Time cost: 29:55/09:15 [1:08:03/1:27:38]  Acc_iter 24500       Data time: 0.00(0.02)  Forward time: 0.14(0.15)  Batch time: 0.14(0.17)
2026-07-27 10:55:54,124   INFO  Save latest model to /OpenPCDet/output/OpenPCDet/tools/cfgs/models/S/D/S_D_N/unfrozen_backbone_1_9/ckpt/latest_model
2026-07-27 10:55:59,116   INFO  Train:    2/4 ( 50%) [10658/13891 ( 77%)]  Loss: 1.114e-10 (1.11e-10)  LR: 2.373e-04  Time cost: 30:05/09:07 [1:08:12/1:27:32]  Acc_iter 24550       Data time: 0.05(0.02)  Forward time: 0.16(0.15)  Batch time: 0.21(0.17)
2026-07-27 10:56:08,472   INFO  Train:    2/4 ( 50%) [10708/13891 ( 77%)]  Loss: 1.235e-10 (1.11e-10)  LR: 2.369e-04  Time cost: 30:14/08:59 [1:08:21/1:27:26]  Acc_iter 24600       Data time: 0.00(0.02)  Forward time: 0.15(0.15)  Batch time: 0.15(0.17)
2026-07-27 10:56:08,833   INFO  a1e06a0b30c0                Mon Jul 27 10:56:08 2026  580.173.02
[0] NVIDIA GeForce RTX 3070 | 66°C,  73 % |  4884 /  8192 MB | root(4242M)

2026-07-27 10:56:16,956   INFO  Train:    2/4 ( 50%) [10758/13891 ( 77%)]  Loss: 9.955e-11 (1.11e-10)  LR: 2.364e-04  Time cost: 30:22/08:50 [1:08:30/1:27:18]  Acc_iter 24650       Data time: 0.01(0.02)  Forward time: 0.13(0.15)  Batch time: 0.14(0.17)
2026-07-27 10:56:24,861   INFO  Train:    2/4 ( 50%) [10808/13891 ( 78%)]  Loss: 1.311e-10 (1.11e-10)  LR: 2.360e-04  Time cost: 30:30/08:42 [1:08:38/1:27:08]  Acc_iter 24700       Data time: 0.01(0.02)  Forward time: 0.14(0.15)  Batch time: 0.14(0.17)
2026-07-27 10:56:32,870   INFO  Train:    2/4 ( 50%) [10858/13891 ( 78%)]  Loss: 9.973e-11 (1.11e-10)  LR: 2.356e-04  Time cost: 30:38/08:33 [1:08:46/1:26:58]  Acc_iter 24750       Data time: 0.00(0.02)  Forward time: 0.14(0.15)  Batch time: 0.14(0.17)
2026-07-27 10:56:33,217   INFO  a1e06a0b30c0                Mon Jul 27 10:56:33 2026  580.173.02
[0] NVIDIA GeForce RTX 3070 | 66°C,  92 % |  4884 /  8192 MB | root(4242M)

2026-07-27 10:56:41,085   INFO  Train:    2/4 ( 50%) [10908/13891 ( 79%)]  Loss: 1.179e-10 (1.11e-10)  LR: 2.351e-04  Time cost: 30:47/08:25 [1:08:54/1:26:49]  Acc_iter 24800       Data time: 0.00(0.02)  Forward time: 0.14(0.15)  Batch time: 0.14(0.17)
2026-07-27 10:56:49,460   INFO  Train:    2/4 ( 50%) [10958/13891 ( 79%)]  Loss: 1.067e-10 (1.11e-10)  LR: 2.347e-04  Time cost: 30:55/08:16 [1:09:02/1:26:40]  Acc_iter 24850       Data time: 0.00(0.02)  Forward time: 0.15(0.15)  Batch time: 0.15(0.17)
2026-07-27 10:56:57,988   INFO  Train:    2/4 ( 50%) [11008/13891 ( 79%)]  Loss: 9.346e-11 (1.11e-10)  LR: 2.343e-04  Time cost: 31:04/08:08 [1:09:11/1:26:32]  Acc_iter 24900       Data time: 0.03(0.02)  Forward time: 0.13(0.15)  Batch time: 0.16(0.17)
2026-07-27 10:56:58,343   INFO  a1e06a0b30c0                Mon Jul 27 10:56:58 2026  580.173.02
[0] NVIDIA GeForce RTX 3070 | 65°C,  35 % |  4884 /  8192 MB | root(4242M)

2026-07-27 10:57:07,509   INFO  Train:    2/4 ( 50%) [11058/13891 ( 80%)]  Loss: 8.402e-11 (1.11e-10)  LR: 2.338e-04  Time cost: 31:13/07:59 [1:09:20/1:26:26]  Acc_iter 24950       Data time: 0.02(0.02)  Forward time: 0.13(0.15)  Batch time: 0.15(0.17)
2026-07-27 10:57:16,086   INFO  Train:    2/4 ( 50%) [11108/13891 ( 80%)]  Loss: 9.793e-11 (1.11e-10)  LR: 2.334e-04  Time cost: 31:22/07:51 [1:09:29/1:26:18]  Acc_iter 25000       Data time: 0.00(0.02)  Forward time: 0.14(0.15)  Batch time: 0.14(0.17)
2026-07-27 10:57:24,178   INFO  Train:    2/4 ( 50%) [11158/13891 ( 80%)]  Loss: 1.145e-10 (1.11e-10)  LR: 2.329e-04  Time cost: 31:30/07:42 [1:09:37/1:26:08]  Acc_iter 25050       Data time: 0.00(0.02)  Forward time: 0.14(0.15)  Batch time: 0.14(0.17)
2026-07-27 10:57:24,523   INFO  a1e06a0b30c0                Mon Jul 27 10:57:24 2026  580.173.02
[0] NVIDIA GeForce RTX 3070 | 66°C,  93 % |  4884 /  8192 MB | root(4242M)

2026-07-27 10:57:32,315   INFO  Train:    2/4 ( 50%) [11208/13891 ( 81%)]  Loss: 1.053e-10 (1.11e-10)  LR: 2.325e-04  Time cost: 31:38/07:34 [1:09:45/1:25:59]  Acc_iter 25100       Data time: 0.01(0.02)  Forward time: 0.13(0.15)  Batch time: 0.14(0.17)
2026-07-27 10:57:40,398   INFO  Train:    2/4 ( 50%) [11258/13891 ( 81%)]  Loss: 8.744e-11 (1.11e-10)  LR: 2.320e-04  Time cost: 31:46/07:25 [1:09:53/1:25:50]  Acc_iter 25150       Data time: 0.02(0.02)  Forward time: 0.15(0.15)  Batch time: 0.17(0.17)
2026-07-27 10:57:48,717   INFO  Train:    2/4 ( 50%) [11308/13891 ( 81%)]  Loss: 1.205e-10 (1.11e-10)  LR: 2.316e-04  Time cost: 31:54/07:17 [1:10:02/1:25:41]  Acc_iter 25200       Data time: 0.00(0.02)  Forward time: 0.14(0.15)  Batch time: 0.14(0.17)
2026-07-27 10:57:49,176   INFO  a1e06a0b30c0                Mon Jul 27 10:57:49 2026  580.173.02
[0] NVIDIA GeForce RTX 3070 | 61°C,  84 % |  4883 /  8192 MB | root(4242M)

2026-07-27 10:57:57,079   INFO  Train:    2/4 ( 50%) [11358/13891 ( 82%)]  Loss: 9.745e-11 (1.11e-10)  LR: 2.312e-04  Time cost: 32:03/07:08 [1:10:10/1:25:32]  Acc_iter 25250       Data time: 0.02(0.02)  Forward time: 0.13(0.15)  Batch time: 0.15(0.17)
2026-07-27 10:58:05,586   INFO  Train:    2/4 ( 50%) [11408/13891 ( 82%)]  Loss: 1.034e-10 (1.11e-10)  LR: 2.307e-04  Time cost: 32:11/07:00 [1:10:18/1:25:24]  Acc_iter 25300       Data time: 0.02(0.02)  Forward time: 0.14(0.15)  Batch time: 0.15(0.17)
2026-07-27 10:58:14,947   INFO  Train:    2/4 ( 50%) [11458/13891 ( 82%)]  Loss: 1.446e-10 (1.11e-10)  LR: 2.303e-04  Time cost: 32:20/06:52 [1:10:28/1:25:17]  Acc_iter 25350       Data time: 0.00(0.02)  Forward time: 0.14(0.15)  Batch time: 0.14(0.17)
2026-07-27 10:58:15,417   INFO  a1e06a0b30c0                Mon Jul 27 10:58:15 2026  580.173.02
[0] NVIDIA GeForce RTX 3070 | 65°C,  68 % |  4884 /  8192 MB | root(4242M)

2026-07-27 10:58:23,694   INFO  Train:    2/4 ( 50%) [11508/13891 ( 83%)]  Loss: 1.064e-10 (1.11e-10)  LR: 2.298e-04  Time cost: 32:29/06:43 [1:10:37/1:25:10]  Acc_iter 25400       Data time: 0.00(0.02)  Forward time: 0.14(0.15)  Batch time: 0.14(0.17)
2026-07-27 10:58:31,794   INFO  Train:    2/4 ( 50%) [11558/13891 ( 83%)]  Loss: 1.068e-10 (1.11e-10)  LR: 2.294e-04  Time cost: 32:37/06:35 [1:10:45/1:25:00]  Acc_iter 25450       Data time: 0.01(0.02)  Forward time: 0.14(0.15)  Batch time: 0.16(0.17)
2026-07-27 10:58:39,840   INFO  Train:    2/4 ( 50%) [11608/13891 ( 84%)]  Loss: 9.225e-11 (1.11e-10)  LR: 2.289e-04  Time cost: 32:45/06:26 [1:10:53/1:24:51]  Acc_iter 25500       Data time: 0.02(0.02)  Forward time: 0.14(0.15)  Batch time: 0.15(0.17)
2026-07-27 10:58:40,209   INFO  a1e06a0b30c0                Mon Jul 27 10:58:40 2026  580.173.02
[0] NVIDIA GeForce RTX 3070 | 64°C,  76 % |  4883 /  8192 MB | root(4242M)

2026-07-27 10:58:48,133   INFO  Train:    2/4 ( 50%) [11658/13891 ( 84%)]  Loss: 9.912e-11 (1.11e-10)  LR: 2.285e-04  Time cost: 32:54/06:18 [1:11:01/1:24:42]  Acc_iter 25550       Data time: 0.02(0.02)  Forward time: 0.18(0.15)  Batch time: 0.19(0.17)
2026-07-27 10:58:56,570   INFO  Train:    2/4 ( 50%) [11708/13891 ( 84%)]  Loss: 1.104e-10 (1.11e-10)  LR: 2.280e-04  Time cost: 33:02/06:09 [1:11:09/1:24:33]  Acc_iter 25600       Data time: 0.03(0.02)  Forward time: 0.17(0.15)  Batch time: 0.20(0.17)
2026-07-27 10:59:04,762   INFO  Train:    2/4 ( 50%) [11758/13891 ( 85%)]  Loss: 1.173e-10 (1.11e-10)  LR: 2.276e-04  Time cost: 33:10/06:01 [1:11:18/1:24:24]  Acc_iter 25650       Data time: 0.01(0.02)  Forward time: 0.14(0.15)  Batch time: 0.15(0.17)
2026-07-27 10:59:05,172   INFO  a1e06a0b30c0                Mon Jul 27 10:59:05 2026  580.173.02
[0] NVIDIA GeForce RTX 3070 | 62°C,  37 % |  4883 /  8192 MB | root(4242M)

2026-07-27 10:59:14,002   INFO  Train:    2/4 ( 50%) [11808/13891 ( 85%)]  Loss: 8.636e-11 (1.11e-10)  LR: 2.271e-04  Time cost: 33:20/05:52 [1:11:27/1:24:18]  Acc_iter 25700       Data time: 0.00(0.02)  Forward time: 0.15(0.15)  Batch time: 0.15(0.17)
2026-07-27 10:59:23,395   INFO  Train:    2/4 ( 50%) [11858/13891 ( 85%)]  Loss: 1.236e-10 (1.11e-10)  LR: 2.267e-04  Time cost: 33:29/05:44 [1:11:36/1:24:11]  Acc_iter 25750       Data time: 0.01(0.02)  Forward time: 0.14(0.15)  Batch time: 0.15(0.17)
2026-07-27 10:59:31,296   INFO  Train:    2/4 ( 50%) [11908/13891 ( 86%)]  Loss: 9.887e-11 (1.11e-10)  LR: 2.262e-04  Time cost: 33:37/05:35 [1:11:44/1:24:02]  Acc_iter 25800       Data time: 0.00(0.02)  Forward time: 0.15(0.15)  Batch time: 0.15(0.17)
2026-07-27 10:59:31,665   INFO  a1e06a0b30c0                Mon Jul 27 10:59:31 2026  580.173.02
[0] NVIDIA GeForce RTX 3070 | 61°C,   3 % |  4883 /  8192 MB | root(4242M)

2026-07-27 10:59:39,610   INFO  Train:    2/4 ( 50%) [11958/13891 ( 86%)]  Loss: 1.168e-10 (1.11e-10)  LR: 2.257e-04  Time cost: 33:45/05:27 [1:11:52/1:23:53]  Acc_iter 25850       Data time: 0.02(0.02)  Forward time: 0.14(0.15)  Batch time: 0.16(0.17)
2026-07-27 10:59:47,673   INFO  Train:    2/4 ( 50%) [12008/13891 ( 86%)]  Loss: 9.306e-11 (1.11e-10)  LR: 2.253e-04  Time cost: 33:53/05:18 [1:12:00/1:23:43]  Acc_iter 25900       Data time: 0.02(0.02)  Forward time: 0.17(0.15)  Batch time: 0.19(0.17)
2026-07-27 10:59:55,328   INFO  Train:    2/4 ( 50%) [12058/13891 ( 87%)]  Loss: 1.073e-10 (1.11e-10)  LR: 2.248e-04  Time cost: 34:01/05:10 [1:12:08/1:23:33]  Acc_iter 25950       Data time: 0.02(0.02)  Forward time: 0.13(0.15)  Batch time: 0.15(0.17)
2026-07-27 10:59:55,684   INFO  a1e06a0b30c0                Mon Jul 27 10:59:55 2026  580.173.02
[0] NVIDIA GeForce RTX 3070 | 62°C,   3 % |  4883 /  8192 MB | root(4242M)

2026-07-27 11:00:04,102   INFO  Train:    2/4 ( 50%) [12108/13891 ( 87%)]  Loss: 1.018e-10 (1.11e-10)  LR: 2.244e-04  Time cost: 34:10/05:01 [1:12:17/1:23:25]  Acc_iter 26000       Data time: 0.02(0.02)  Forward time: 0.15(0.15)  Batch time: 0.16(0.17)
2026-07-27 11:00:12,618   INFO  Train:    2/4 ( 50%) [12158/13891 ( 88%)]  Loss: 9.660e-11 (1.11e-10)  LR: 2.239e-04  Time cost: 34:18/04:53 [1:12:25/1:23:17]  Acc_iter 26050       Data time: 0.01(0.02)  Forward time: 0.17(0.15)  Batch time: 0.18(0.17)
2026-07-27 11:00:22,066   INFO  Train:    2/4 ( 50%) [12208/13891 ( 88%)]  Loss: 1.101e-10 (1.11e-10)  LR: 2.234e-04  Time cost: 34:28/04:45 [1:12:35/1:23:11]  Acc_iter 26100       Data time: 0.00(0.02)  Forward time: 0.13(0.15)  Batch time: 0.13(0.17)
2026-07-27 11:00:22,486   INFO  a1e06a0b30c0                Mon Jul 27 11:00:22 2026  580.173.02
[0] NVIDIA GeForce RTX 3070 | 64°C,  40 % |  4883 /  8192 MB | root(4242M)

2026-07-27 11:00:31,063   INFO  Train:    2/4 ( 50%) [12258/13891 ( 88%)]  Loss: 1.142e-10 (1.11e-10)  LR: 2.230e-04  Time cost: 34:37/04:36 [1:12:44/1:23:03]  Acc_iter 26150       Data time: 0.00(0.02)  Forward time: 0.15(0.15)  Batch time: 0.15(0.17)
2026-07-27 11:00:39,033   INFO  Train:    2/4 ( 50%) [12308/13891 ( 89%)]  Loss: 1.192e-10 (1.11e-10)  LR: 2.225e-04  Time cost: 34:45/04:28 [1:12:52/1:22:54]  Acc_iter 26200       Data time: 0.00(0.02)  Forward time: 0.14(0.15)  Batch time: 0.14(0.17)
2026-07-27 11:00:46,889   INFO  Train:    2/4 ( 50%) [12358/13891 ( 89%)]  Loss: 1.033e-10 (1.11e-10)  LR: 2.220e-04  Time cost: 34:52/04:19 [1:13:00/1:22:44]  Acc_iter 26250       Data time: 0.00(0.02)  Forward time: 0.13(0.15)  Batch time: 0.13(0.17)
2026-07-27 11:00:47,237   INFO  a1e06a0b30c0                Mon Jul 27 11:00:47 2026  580.173.02
[0] NVIDIA GeForce RTX 3070 | 64°C,  91 % |  4883 /  8192 MB | root(4242M)

2026-07-27 11:00:54,079   INFO  Save latest model to /OpenPCDet/output/OpenPCDet/tools/cfgs/models/S/D/S_D_N/unfrozen_backbone_1_9/ckpt/latest_model
2026-07-27 11:00:55,130   INFO  Train:    2/4 ( 50%) [12408/13891 ( 89%)]  Loss: 1.158e-10 (1.11e-10)  LR: 2.216e-04  Time cost: 35:01/04:11 [1:13:08/1:22:35]  Acc_iter 26300       Data time: 0.00(0.02)  Forward time: 0.14(0.15)  Batch time: 0.14(0.17)
2026-07-27 11:01:03,374   INFO  Train:    2/4 ( 50%) [12458/13891 ( 90%)]  Loss: 1.427e-10 (1.11e-10)  LR: 2.211e-04  Time cost: 35:09/04:02 [1:13:16/1:22:26]  Acc_iter 26350       Data time: 0.02(0.02)  Forward time: 0.18(0.15)  Batch time: 0.20(0.17)
2026-07-27 11:01:11,430   INFO  Train:    2/4 ( 50%) [12508/13891 ( 90%)]  Loss: 1.185e-10 (1.11e-10)  LR: 2.206e-04  Time cost: 35:17/03:54 [1:13:24/1:22:16]  Acc_iter 26400       Data time: 0.00(0.02)  Forward time: 0.13(0.15)  Batch time: 0.13(0.17)
2026-07-27 11:01:11,778   INFO  a1e06a0b30c0                Mon Jul 27 11:01:11 2026  580.173.02
[0] NVIDIA GeForce RTX 3070 | 66°C,  93 % |  4884 /  8192 MB | root(4242M)

2026-07-27 11:01:20,467   INFO  Train:    2/4 ( 50%) [12558/13891 ( 90%)]  Loss: 1.006e-10 (1.11e-10)  LR: 2.202e-04  Time cost: 35:26/03:45 [1:13:33/1:22:09]  Acc_iter 26450       Data time: 0.01(0.02)  Forward time: 0.14(0.15)  Batch time: 0.14(0.17)
2026-07-27 11:01:30,091   INFO  Train:    2/4 ( 50%) [12608/13891 ( 91%)]  Loss: 1.209e-10 (1.11e-10)  LR: 2.197e-04  Time cost: 35:36/03:37 [1:13:43/1:22:03]  Acc_iter 26500       Data time: 0.02(0.02)  Forward time: 0.18(0.15)  Batch time: 0.19(0.17)
2026-07-27 11:01:38,554   INFO  Train:    2/4 ( 50%) [12658/13891 ( 91%)]  Loss: 1.289e-10 (1.11e-10)  LR: 2.192e-04  Time cost: 35:44/03:28 [1:13:51/1:21:55]  Acc_iter 26550       Data time: 0.02(0.02)  Forward time: 0.15(0.15)  Batch time: 0.17(0.17)
2026-07-27 11:01:38,904   INFO  a1e06a0b30c0                Mon Jul 27 11:01:38 2026  580.173.02
[0] NVIDIA GeForce RTX 3070 | 66°C,  94 % |  4884 /  8192 MB | root(4242M)

2026-07-27 11:01:46,789   INFO  Train:    2/4 ( 50%) [12708/13891 ( 91%)]  Loss: 1.105e-10 (1.10e-10)  LR: 2.188e-04  Time cost: 35:52/03:20 [1:14:00/1:21:46]  Acc_iter 26600       Data time: 0.02(0.02)  Forward time: 0.13(0.15)  Batch time: 0.15(0.17)
2026-07-27 11:01:54,943   INFO  Train:    2/4 ( 50%) [12758/13891 ( 92%)]  Loss: 8.925e-11 (1.10e-10)  LR: 2.183e-04  Time cost: 36:00/03:11 [1:14:08/1:21:37]  Acc_iter 26650       Data time: 0.01(0.02)  Forward time: 0.15(0.15)  Batch time: 0.15(0.17)
2026-07-27 11:02:02,878   INFO  Train:    2/4 ( 50%) [12808/13891 ( 92%)]  Loss: 1.023e-10 (1.10e-10)  LR: 2.178e-04  Time cost: 36:08/03:03 [1:14:16/1:21:27]  Acc_iter 26700       Data time: 0.01(0.02)  Forward time: 0.13(0.15)  Batch time: 0.15(0.17)
2026-07-27 11:02:03,221   INFO  a1e06a0b30c0                Mon Jul 27 11:02:03 2026  580.173.02
[0] NVIDIA GeForce RTX 3070 | 65°C,  80 % |  4884 /  8192 MB | root(4242M)

2026-07-27 11:02:11,317   INFO  Train:    2/4 ( 50%) [12858/13891 ( 93%)]  Loss: 8.832e-11 (1.10e-10)  LR: 2.174e-04  Time cost: 36:17/02:54 [1:14:24/1:21:19]  Acc_iter 26750       Data time: 0.00(0.02)  Forward time: 0.15(0.15)  Batch time: 0.15(0.17)
2026-07-27 11:02:19,358   INFO  Train:    2/4 ( 50%) [12908/13891 ( 93%)]  Loss: 1.023e-10 (1.10e-10)  LR: 2.169e-04  Time cost: 36:25/02:46 [1:14:32/1:21:09]  Acc_iter 26800       Data time: 0.02(0.02)  Forward time: 0.16(0.15)  Batch time: 0.18(0.17)
2026-07-27 11:02:28,313   INFO  Train:    2/4 ( 50%) [12958/13891 ( 93%)]  Loss: 1.105e-10 (1.10e-10)  LR: 2.164e-04  Time cost: 36:34/02:37 [1:14:41/1:21:02]  Acc_iter 26850       Data time: 0.02(0.02)  Forward time: 0.17(0.15)  Batch time: 0.18(0.17)
2026-07-27 11:02:28,718   INFO  a1e06a0b30c0                Mon Jul 27 11:02:28 2026  580.173.02
[0] NVIDIA GeForce RTX 3070 | 62°C,  25 % |  4884 /  8192 MB | root(4242M)

2026-07-27 11:02:37,893   INFO  Train:    2/4 ( 50%) [13008/13891 ( 94%)]  Loss: 1.013e-10 (1.10e-10)  LR: 2.159e-04  Time cost: 36:43/02:29 [1:14:51/1:20:56]  Acc_iter 26900       Data time: 0.01(0.02)  Forward time: 0.26(0.15)  Batch time: 0.27(0.17)
2026-07-27 11:02:45,826   INFO  Train:    2/4 ( 50%) [13058/13891 ( 94%)]  Loss: 9.600e-11 (1.10e-10)  LR: 2.155e-04  Time cost: 36:51/02:21 [1:14:59/1:20:46]  Acc_iter 26950       Data time: 0.01(0.02)  Forward time: 0.13(0.15)  Batch time: 0.14(0.17)
2026-07-27 11:02:53,494   INFO  Train:    2/4 ( 50%) [13108/13891 ( 94%)]  Loss: 1.578e-10 (1.10e-10)  LR: 2.150e-04  Time cost: 36:59/02:12 [1:15:06/1:20:36]  Acc_iter 27000       Data time: 0.00(0.02)  Forward time: 0.15(0.15)  Batch time: 0.15(0.17)
2026-07-27 11:02:53,832   INFO  a1e06a0b30c0                Mon Jul 27 11:02:53 2026  580.173.02
[0] NVIDIA GeForce RTX 3070 | 66°C,  89 % |  4881 /  8192 MB | root(4242M)

2026-07-27 11:03:01,821   INFO  Train:    2/4 ( 50%) [13158/13891 ( 95%)]  Loss: 1.073e-10 (1.10e-10)  LR: 2.145e-04  Time cost: 37:07/02:04 [1:15:15/1:20:27]  Acc_iter 27050       Data time: 0.02(0.02)  Forward time: 0.13(0.15)  Batch time: 0.15(0.17)
2026-07-27 11:03:09,481   INFO  Train:    2/4 ( 50%) [13208/13891 ( 95%)]  Loss: 9.098e-11 (1.10e-10)  LR: 2.140e-04  Time cost: 37:15/01:55 [1:15:22/1:20:17]  Acc_iter 27100       Data time: 0.00(0.02)  Forward time: 0.14(0.15)  Batch time: 0.14(0.17)
2026-07-27 11:03:17,720   INFO  Train:    2/4 ( 50%) [13258/13891 ( 95%)]  Loss: 1.203e-10 (1.10e-10)  LR: 2.135e-04  Time cost: 37:23/01:47 [1:15:31/1:20:08]  Acc_iter 27150       Data time: 0.00(0.02)  Forward time: 0.13(0.15)  Batch time: 0.13(0.17)
2026-07-27 11:03:18,089   INFO  a1e06a0b30c0                Mon Jul 27 11:03:18 2026  580.173.02
[0] NVIDIA GeForce RTX 3070 | 66°C,  86 % |  4883 /  8192 MB | root(4242M)

2026-07-27 11:03:26,434   INFO  Train:    2/4 ( 50%) [13308/13891 ( 96%)]  Loss: 1.545e-10 (1.10e-10)  LR: 2.131e-04  Time cost: 37:32/01:38 [1:15:39/1:20:00]  Acc_iter 27200       Data time: 0.00(0.02)  Forward time: 0.14(0.15)  Batch time: 0.14(0.17)
2026-07-27 11:03:35,811   INFO  Train:    2/4 ( 50%) [13358/13891 ( 96%)]  Loss: 1.115e-10 (1.10e-10)  LR: 2.126e-04  Time cost: 37:41/01:30 [1:15:49/1:19:54]  Acc_iter 27250       Data time: 0.01(0.02)  Forward time: 0.22(0.15)  Batch time: 0.24(0.17)
2026-07-27 11:03:44,635   INFO  Train:    2/4 ( 50%) [13408/13891 ( 97%)]  Loss: 1.110e-10 (1.10e-10)  LR: 2.121e-04  Time cost: 37:50/01:21 [1:15:57/1:19:46]  Acc_iter 27300       Data time: 0.00(0.02)  Forward time: 0.13(0.15)  Batch time: 0.14(0.17)
2026-07-27 11:03:44,998   INFO  a1e06a0b30c0                Mon Jul 27 11:03:44 2026  580.173.02
[0] NVIDIA GeForce RTX 3070 | 66°C,  94 % |  4883 /  8192 MB | root(4242M)

2026-07-27 11:03:52,921   INFO  Train:    2/4 ( 50%) [13458/13891 ( 97%)]  Loss: 9.413e-11 (1.10e-10)  LR: 2.116e-04  Time cost: 37:58/01:13 [1:16:06/1:19:37]  Acc_iter 27350       Data time: 0.00(0.02)  Forward time: 0.13(0.15)  Batch time: 0.13(0.17)
2026-07-27 11:04:00,849   INFO  Train:    2/4 ( 50%) [13508/13891 ( 97%)]  Loss: 8.677e-11 (1.10e-10)  LR: 2.111e-04  Time cost: 38:06/01:04 [1:16:14/1:19:27]  Acc_iter 27400       Data time: 0.02(0.02)  Forward time: 0.17(0.15)  Batch time: 0.19(0.17)
2026-07-27 11:04:08,744   INFO  Train:    2/4 ( 50%) [13558/13891 ( 98%)]  Loss: 1.127e-10 (1.10e-10)  LR: 2.106e-04  Time cost: 38:14/00:56 [1:16:22/1:19:18]  Acc_iter 27450       Data time: 0.03(0.02)  Forward time: 0.14(0.15)  Batch time: 0.17(0.17)
2026-07-27 11:04:09,083   INFO  a1e06a0b30c0                Mon Jul 27 11:04:09 2026  580.173.02
[0] NVIDIA GeForce RTX 3070 | 66°C,  92 % |  4883 /  8192 MB | root(4242M)

2026-07-27 11:04:17,128   INFO  Train:    2/4 ( 50%) [13608/13891 ( 98%)]  Loss: 8.405e-11 (1.10e-10)  LR: 2.102e-04  Time cost: 38:23/00:47 [1:16:30/1:19:09]  Acc_iter 27500       Data time: 0.03(0.02)  Forward time: 0.15(0.15)  Batch time: 0.18(0.17)
2026-07-27 11:04:25,284   INFO  Train:    2/4 ( 50%) [13658/13891 ( 98%)]  Loss: 9.504e-11 (1.10e-10)  LR: 2.097e-04  Time cost: 38:31/00:39 [1:16:38/1:19:00]  Acc_iter 27550       Data time: 0.02(0.02)  Forward time: 0.15(0.15)  Batch time: 0.17(0.17)
2026-07-27 11:04:33,684   INFO  Train:    2/4 ( 50%) [13708/13891 ( 99%)]  Loss: 1.203e-10 (1.10e-10)  LR: 2.092e-04  Time cost: 38:39/00:30 [1:16:47/1:18:51]  Acc_iter 27600       Data time: 0.02(0.02)  Forward time: 0.14(0.15)  Batch time: 0.16(0.17)
2026-07-27 11:04:34,067   INFO  a1e06a0b30c0                Mon Jul 27 11:04:34 2026  580.173.02
[0] NVIDIA GeForce RTX 3070 | 65°C,  77 % |  4884 /  8192 MB | root(4242M)

2026-07-27 11:04:43,444   INFO  Train:    2/4 ( 50%) [13758/13891 ( 99%)]  Loss: 1.349e-10 (1.10e-10)  LR: 2.087e-04  Time cost: 38:49/00:22 [1:16:56/1:18:46]  Acc_iter 27650       Data time: 0.01(0.02)  Forward time: 0.19(0.15)  Batch time: 0.20(0.17)
2026-07-27 11:04:52,191   INFO  Train:    2/4 ( 50%) [13808/13891 ( 99%)]  Loss: 1.245e-10 (1.10e-10)  LR: 2.082e-04  Time cost: 38:58/00:14 [1:17:05/1:18:38]  Acc_iter 27700       Data time: 0.00(0.02)  Forward time: 0.16(0.15)  Batch time: 0.16(0.17)
2026-07-27 11:05:00,163   INFO  Train:    2/4 ( 50%) [13858/13891 (100%)]  Loss: 1.137e-10 (1.10e-10)  LR: 2.077e-04  Time cost: 39:06/00:05 [1:17:13/1:18:28]  Acc_iter 27750       Data time: 0.02(0.02)  Forward time: 0.15(0.15)  Batch time: 0.17(0.17)
2026-07-27 11:05:00,501   INFO  a1e06a0b30c0                Mon Jul 27 11:05:00 2026  580.173.02
[0] NVIDIA GeForce RTX 3070 | 65°C,  89 % |  4883 /  8192 MB | root(4242M)

2026-07-27 11:05:05,411   INFO  Train:    2/4 ( 50%) [13890/13891 (100%)]  Loss: 9.954e-11 (1.10e-10)  LR: 2.074e-04  Time cost: 39:11/00:00 [1:17:18/1:18:23]  Acc_iter 27782       Data time: 0.01(0.02)  Forward time: 0.09(0.15)  Batch time: 0.11(0.17)
2026-07-27 11:05:06,740   INFO  Train:    3/4 ( 75%) [   0/13891 (  0%)]  Loss: 1.354e-10 (1.35e-10)  LR: 2.074e-04  Time cost: 00:00/3:35:21 [1:17:20/7:10:42]  Acc_iter 27783       Data time: 0.68(0.68)  Forward time: 0.25(0.25)  Batch time: 0.93(0.93)
2026-07-27 11:05:09,602   INFO  Train:    3/4 ( 75%) [  17/13891 (  0%)]  Loss: 1.171e-10 (1.07e-10)  LR: 2.072e-04  Time cost: 00:03/48:42 [1:17:22/1:37:29]  Acc_iter 27800       Data time: 0.03(0.05)  Forward time: 0.18(0.16)  Batch time: 0.20(0.21)
2026-07-27 11:05:17,514   INFO  Train:    3/4 ( 75%) [  67/13891 (  0%)]  Loss: 9.512e-11 (1.07e-10)  LR: 2.067e-04  Time cost: 00:11/39:39 [1:17:30/1:19:30]  Acc_iter 27850       Data time: 0.00(0.02)  Forward time: 0.16(0.15)  Batch time: 0.16(0.17)
2026-07-27 11:05:25,431   INFO  Train:    3/4 ( 75%) [ 117/13891 (  1%)]  Loss: 9.632e-11 (1.06e-10)  LR: 2.063e-04  Time cost: 00:19/38:10 [1:17:38/1:16:40]  Acc_iter 27900       Data time: 0.01(0.02)  Forward time: 0.13(0.15)  Batch time: 0.15(0.17)
2026-07-27 11:05:25,774   INFO  a1e06a0b30c0                Mon Jul 27 11:05:25 2026  580.173.02
[0] NVIDIA GeForce RTX 3070 | 66°C,  92 % |  4883 /  8192 MB | root(4242M)

2026-07-27 11:05:33,386   INFO  Train:    3/4 ( 75%) [ 167/13891 (  1%)]  Loss: 1.547e-10 (1.07e-10)  LR: 2.058e-04  Time cost: 00:27/37:32 [1:17:46/1:15:32]  Acc_iter 27950       Data time: 0.01(0.02)  Forward time: 0.15(0.15)  Batch time: 0.16(0.16)
2026-07-27 11:05:41,624   INFO  Train:    3/4 ( 75%) [ 217/13891 (  2%)]  Loss: 9.571e-11 (1.06e-10)  LR: 2.053e-04  Time cost: 00:35/37:26 [1:17:54/1:15:28]  Acc_iter 28000       Data time: 0.01(0.02)  Forward time: 0.17(0.15)  Batch time: 0.18(0.16)
2026-07-27 11:05:50,386   INFO  Train:    3/4 ( 75%) [ 267/13891 (  2%)]  Loss: 1.508e-10 (1.06e-10)  LR: 2.048e-04  Time cost: 00:44/37:46 [1:18:03/1:16:16]  Acc_iter 28050       Data time: 0.02(0.02)  Forward time: 0.16(0.15)  Batch time: 0.19(0.17)
2026-07-27 11:05:50,766   INFO  a1e06a0b30c0                Mon Jul 27 11:05:50 2026  580.173.02
[0] NVIDIA GeForce RTX 3070 | 63°C,  59 % |  4884 /  8192 MB | root(4242M)

2026-07-27 11:05:58,309   INFO  Train:    3/4 ( 75%) [ 317/13891 (  2%)]  Loss: 9.585e-11 (1.07e-10)  LR: 2.043e-04  Time cost: 00:52/37:20 [1:18:11/1:15:34]  Acc_iter 28100       Data time: 0.02(0.02)  Forward time: 0.13(0.15)  Batch time: 0.15(0.17)
2026-07-27 11:06:05,966   INFO  Train:    3/4 ( 75%) [ 367/13891 (  3%)]  Loss: 1.252e-10 (1.07e-10)  LR: 2.038e-04  Time cost: 01:00/36:50 [1:18:19/1:14:41]  Acc_iter 28150       Data time: 0.02(0.02)  Forward time: 0.13(0.15)  Batch time: 0.15(0.16)
2026-07-27 11:06:13,617   INFO  Train:    3/4 ( 75%) [ 417/13891 (  3%)]  Loss: 8.914e-11 (1.07e-10)  LR: 2.033e-04  Time cost: 01:07/36:25 [1:18:26/1:13:59]  Acc_iter 28200       Data time: 0.03(0.02)  Forward time: 0.20(0.15)  Batch time: 0.22(0.16)
2026-07-27 11:06:13,962   INFO  a1e06a0b30c0                Mon Jul 27 11:06:13 2026  580.173.02
[0] NVIDIA GeForce RTX 3070 | 67°C,  81 % |  4883 /  8192 MB | root(4242M)

2026-07-27 11:06:21,398   INFO  Train:    3/4 ( 75%) [ 467/13891 (  3%)]  Loss: 9.814e-11 (1.07e-10)  LR: 2.028e-04  Time cost: 01:15/36:08 [1:18:34/1:13:31]  Acc_iter 28250       Data time: 0.01(0.02)  Forward time: 0.13(0.14)  Batch time: 0.14(0.16)
2026-07-27 11:06:29,271   INFO  Train:    3/4 ( 75%) [ 517/13891 (  4%)]  Loss: 1.085e-10 (1.07e-10)  LR: 2.023e-04  Time cost: 01:23/35:54 [1:18:42/1:13:13]  Acc_iter 28300       Data time: 0.02(0.02)  Forward time: 0.14(0.14)  Batch time: 0.16(0.16)
2026-07-27 11:06:36,910   INFO  Train:    3/4 ( 75%) [ 567/13891 (  4%)]  Loss: 1.006e-10 (1.07e-10)  LR: 2.018e-04  Time cost: 01:31/35:37 [1:18:50/1:12:44]  Acc_iter 28350       Data time: 0.01(0.02)  Forward time: 0.13(0.14)  Batch time: 0.14(0.16)
2026-07-27 11:06:37,258   INFO  a1e06a0b30c0                Mon Jul 27 11:06:37 2026  580.173.02
[0] NVIDIA GeForce RTX 3070 | 68°C,  84 % |  4884 /  8192 MB | root(4242M)

2026-07-27 11:06:45,725   INFO  Train:    3/4 ( 75%) [ 617/13891 (  4%)]  Loss: 8.935e-11 (1.07e-10)  LR: 2.013e-04  Time cost: 01:39/35:46 [1:18:59/1:13:11]  Acc_iter 28400       Data time: 0.05(0.02)  Forward time: 0.13(0.14)  Batch time: 0.18(0.16)
2026-07-27 11:06:54,418   INFO  Train:    3/4 ( 75%) [ 667/13891 (  5%)]  Loss: 1.028e-10 (1.07e-10)  LR: 2.008e-04  Time cost: 01:48/35:50 [1:19:07/1:13:28]  Acc_iter 28450       Data time: 0.02(0.02)  Forward time: 0.13(0.15)  Batch time: 0.15(0.16)
2026-07-27 11:07:01,975   INFO  Train:    3/4 ( 75%) [ 717/13891 (  5%)]  Loss: 1.007e-10 (1.07e-10)  LR: 2.003e-04  Time cost: 01:56/35:31 [1:19:15/1:12:58]  Acc_iter 28500       Data time: 0.01(0.02)  Forward time: 0.13(0.15)  Batch time: 0.14(0.16)
2026-07-27 11:07:02,336   INFO  a1e06a0b30c0                Mon Jul 27 11:07:02 2026  580.173.02
[0] NVIDIA GeForce RTX 3070 | 67°C,  93 % |  4884 /  8192 MB | root(4242M)

2026-07-27 11:07:09,921   INFO  Train:    3/4 ( 75%) [ 767/13891 (  6%)]  Loss: 8.585e-11 (1.06e-10)  LR: 1.998e-04  Time cost: 02:04/35:20 [1:19:23/1:12:45]  Acc_iter 28550       Data time: 0.02(0.02)  Forward time: 0.14(0.14)  Batch time: 0.15(0.16)
2026-07-27 11:07:17,638   INFO  Train:    3/4 ( 75%) [ 817/13891 (  6%)]  Loss: 9.800e-11 (1.07e-10)  LR: 1.993e-04  Time cost: 02:11/35:06 [1:19:30/1:12:25]  Acc_iter 28600       Data time: 0.02(0.02)  Forward time: 0.14(0.14)  Batch time: 0.16(0.16)
2026-07-27 11:07:25,237   INFO  Train:    3/4 ( 75%) [ 867/13891 (  6%)]  Loss: 9.995e-11 (1.07e-10)  LR: 1.988e-04  Time cost: 02:19/34:52 [1:19:38/1:12:03]  Acc_iter 28650       Data time: 0.01(0.02)  Forward time: 0.13(0.14)  Batch time: 0.14(0.16)
2026-07-27 11:07:25,602   INFO  a1e06a0b30c0                Mon Jul 27 11:07:25 2026  580.173.02
[0] NVIDIA GeForce RTX 3070 | 68°C,  94 % |  4883 /  8192 MB | root(4242M)

2026-07-27 11:07:33,319   INFO  Train:    3/4 ( 75%) [ 917/13891 (  7%)]  Loss: 1.018e-10 (1.07e-10)  LR: 1.983e-04  Time cost: 02:27/34:44 [1:19:46/1:11:56]  Acc_iter 28700       Data time: 0.02(0.02)  Forward time: 0.15(0.14)  Batch time: 0.17(0.16)
2026-07-27 11:07:41,082   INFO  Train:    3/4 ( 75%) [ 967/13891 (  7%)]  Loss: 1.022e-10 (1.07e-10)  LR: 1.978e-04  Time cost: 02:35/34:33 [1:19:54/1:11:41]  Acc_iter 28750       Data time: 0.02(0.02)  Forward time: 0.14(0.14)  Batch time: 0.16(0.16)
2026-07-27 11:07:49,631   INFO  Train:    3/4 ( 75%) [1017/13891 (  7%)]  Loss: 9.198e-11 (1.07e-10)  LR: 1.973e-04  Time cost: 02:43/34:31 [1:20:02/1:11:47]  Acc_iter 28800       Data time: 0.02(0.02)  Forward time: 0.17(0.14)  Batch time: 0.19(0.16)
2026-07-27 11:07:50,070   INFO  a1e06a0b30c0                Mon Jul 27 11:07:50 2026  580.173.02
[0] NVIDIA GeForce RTX 3070 | 67°C,  59 % |  4882 /  8192 MB | root(4242M)

2026-07-27 11:07:58,752   INFO  Train:    3/4 ( 75%) [1067/13891 (  8%)]  Loss: 1.008e-10 (1.07e-10)  LR: 1.968e-04  Time cost: 02:52/34:36 [1:20:12/1:12:05]  Acc_iter 28850       Data time: 0.03(0.02)  Forward time: 0.16(0.14)  Batch time: 0.18(0.16)
2026-07-27 11:08:06,280   INFO  Train:    3/4 ( 75%) [1117/13891 (  8%)]  Loss: 9.790e-11 (1.06e-10)  LR: 1.963e-04  Time cost: 03:00/34:22 [1:20:19/1:11:44]  Acc_iter 28900       Data time: 0.01(0.02)  Forward time: 0.13(0.14)  Batch time: 0.14(0.16)
2026-07-27 11:08:13,666   INFO  Train:    3/4 ( 75%) [1167/13891 (  8%)]  Loss: 1.066e-10 (1.06e-10)  LR: 1.958e-04  Time cost: 03:07/34:06 [1:20:26/1:11:20]  Acc_iter 28950       Data time: 0.01(0.02)  Forward time: 0.13(0.14)  Batch time: 0.15(0.16)
2026-07-27 11:08:14,012   INFO  a1e06a0b30c0                Mon Jul 27 11:08:13 2026  580.173.02
[0] NVIDIA GeForce RTX 3070 | 68°C,  81 % |  4883 /  8192 MB | root(4242M)

2026-07-27 11:08:21,843   INFO  Train:    3/4 ( 75%) [1217/13891 (  9%)]  Loss: 1.028e-10 (1.06e-10)  LR: 1.953e-04  Time cost: 03:16/33:59 [1:20:35/1:11:15]  Acc_iter 29000       Data time: 0.01(0.02)  Forward time: 0.14(0.14)  Batch time: 0.16(0.16)
2026-07-27 11:08:29,690   INFO  Train:    3/4 ( 75%) [1267/13891 (  9%)]  Loss: 1.073e-10 (1.06e-10)  LR: 1.948e-04  Time cost: 03:23/33:49 [1:20:43/1:11:03]  Acc_iter 29050       Data time: 0.00(0.02)  Forward time: 0.14(0.14)  Batch time: 0.14(0.16)
2026-07-27 11:08:37,829   INFO  Train:    3/4 ( 75%) [1317/13891 (  9%)]  Loss: 1.110e-10 (1.06e-10)  LR: 1.943e-04  Time cost: 03:32/33:42 [1:20:51/1:10:57]  Acc_iter 29100       Data time: 0.01(0.02)  Forward time: 0.14(0.14)  Batch time: 0.15(0.16)
2026-07-27 11:08:38,185   INFO  a1e06a0b30c0                Mon Jul 27 11:08:38 2026  580.173.02
[0] NVIDIA GeForce RTX 3070 | 63°C,  92 % |  5064 /  8192 MB | root(4242M)

2026-07-27 11:08:46,244   INFO  Train:    3/4 ( 75%) [1367/13891 ( 10%)]  Loss: 7.699e-11 (1.06e-10)  LR: 1.938e-04  Time cost: 03:40/33:38 [1:20:59/1:10:56]  Acc_iter 29150       Data time: 0.02(0.02)  Forward time: 0.14(0.14)  Batch time: 0.15(0.16)
2026-07-27 11:08:54,966   INFO  Train:    3/4 ( 75%) [1417/13891 ( 10%)]  Loss: 9.489e-11 (1.06e-10)  LR: 1.933e-04  Time cost: 03:49/33:35 [1:21:08/1:11:00]  Acc_iter 29200       Data time: 0.02(0.02)  Forward time: 0.17(0.15)  Batch time: 0.19(0.16)
2026-07-27 11:09:04,016   INFO  Train:    3/4 ( 75%) [1467/13891 ( 11%)]  Loss: 1.041e-10 (1.06e-10)  LR: 1.927e-04  Time cost: 03:58/33:35 [1:21:17/1:11:10]  Acc_iter 29250       Data time: 0.01(0.02)  Forward time: 0.13(0.15)  Batch time: 0.14(0.16)
2026-07-27 11:09:04,388   INFO  a1e06a0b30c0                Mon Jul 27 11:09:04 2026  580.173.02
[0] NVIDIA GeForce RTX 3070 | 67°C,  80 % |  5061 /  8192 MB | root(4242M)

2026-07-27 11:09:12,168   INFO  Train:    3/4 ( 75%) [1517/13891 ( 11%)]  Loss: 1.017e-10 (1.06e-10)  LR: 1.922e-04  Time cost: 04:06/33:28 [1:21:25/1:11:02]  Acc_iter 29300       Data time: 0.01(0.02)  Forward time: 0.14(0.15)  Batch time: 0.14(0.16)
2026-07-27 11:09:19,877   INFO  Train:    3/4 ( 75%) [1567/13891 ( 11%)]  Loss: 1.424e-10 (1.06e-10)  LR: 1.917e-04  Time cost: 04:14/33:16 [1:21:33/1:10:47]  Acc_iter 29350       Data time: 0.00(0.02)  Forward time: 0.14(0.15)  Batch time: 0.14(0.16)
2026-07-27 11:09:27,808   INFO  Train:    3/4 ( 75%) [1617/13891 ( 12%)]  Loss: 1.035e-10 (1.06e-10)  LR: 1.912e-04  Time cost: 04:21/33:07 [1:21:41/1:10:36]  Acc_iter 29400       Data time: 0.02(0.02)  Forward time: 0.14(0.15)  Batch time: 0.15(0.16)
2026-07-27 11:09:28,167   INFO  a1e06a0b30c0                Mon Jul 27 11:09:28 2026  580.173.02
[0] NVIDIA GeForce RTX 3070 | 63°C,  71 % |  5057 /  8192 MB | root(4242M)

2026-07-27 11:09:35,944   INFO  Train:    3/4 ( 75%) [1667/13891 ( 12%)]  Loss: 1.051e-10 (1.06e-10)  LR: 1.907e-04  Time cost: 04:30/32:59 [1:21:49/1:10:29]  Acc_iter 29450       Data time: 0.02(0.02)  Forward time: 0.14(0.15)  Batch time: 0.16(0.16)
2026-07-27 11:09:44,032   INFO  Train:    3/4 ( 75%) [1717/13891 ( 12%)]  Loss: 1.061e-10 (1.06e-10)  LR: 1.902e-04  Time cost: 04:38/32:51 [1:21:57/1:10:21]  Acc_iter 29500       Data time: 0.00(0.02)  Forward time: 0.13(0.15)  Batch time: 0.13(0.16)
2026-07-27 11:09:51,890   INFO  Train:    3/4 ( 75%) [1767/13891 ( 13%)]  Loss: 9.328e-11 (1.06e-10)  LR: 1.897e-04  Time cost: 04:46/32:41 [1:22:05/1:10:09]  Acc_iter 29550       Data time: 0.01(0.02)  Forward time: 0.14(0.15)  Batch time: 0.16(0.16)
2026-07-27 11:09:52,309   INFO  a1e06a0b30c0                Mon Jul 27 11:09:52 2026  580.173.02
[0] NVIDIA GeForce RTX 3070 | 65°C,  87 % |  5056 /  8192 MB | root(4242M)

2026-07-27 11:10:01,220   INFO  Train:    3/4 ( 75%) [1817/13891 ( 13%)]  Loss: 8.669e-11 (1.06e-10)  LR: 1.892e-04  Time cost: 04:55/32:41 [1:22:14/1:10:19]  Acc_iter 29600       Data time: 0.01(0.02)  Forward time: 0.18(0.15)  Batch time: 0.19(0.16)
2026-07-27 11:10:05,981   INFO  Save latest model to /OpenPCDet/output/OpenPCDet/tools/cfgs/models/S/D/S_D_N/unfrozen_backbone_1_9/ckpt/latest_model
2026-07-27 11:10:10,326   INFO  Train:    3/4 ( 75%) [1867/13891 ( 13%)]  Loss: 9.769e-11 (1.07e-10)  LR: 1.887e-04  Time cost: 05:04/32:40 [1:22:23/1:10:24]  Acc_iter 29650       Data time: 0.00(0.02)  Forward time: 0.14(0.15)  Batch time: 0.14(0.16)
2026-07-27 11:10:18,084   INFO  Train:    3/4 ( 75%) [1917/13891 ( 14%)]  Loss: 9.318e-11 (1.07e-10)  LR: 1.882e-04  Time cost: 05:12/32:29 [1:22:31/1:10:11]  Acc_iter 29700       Data time: 0.01(0.02)  Forward time: 0.13(0.15)  Batch time: 0.15(0.16)
2026-07-27 11:10:18,471   INFO  a1e06a0b30c0                Mon Jul 27 11:10:18 2026  580.173.02
[0] NVIDIA GeForce RTX 3070 | 68°C,  81 % |  5056 /  8192 MB | root(4242M)

2026-07-27 11:10:26,159   INFO  Train:    3/4 ( 75%) [1967/13891 ( 14%)]  Loss: 1.108e-10 (1.07e-10)  LR: 1.876e-04  Time cost: 05:20/32:20 [1:22:39/1:10:02]  Acc_iter 29750       Data time: 0.01(0.02)  Forward time: 0.14(0.15)  Batch time: 0.16(0.16)
2026-07-27 11:10:34,215   INFO  Train:    3/4 ( 75%) [2017/13891 ( 15%)]  Loss: 9.746e-11 (1.07e-10)  LR: 1.871e-04  Time cost: 05:28/32:12 [1:22:47/1:09:52]  Acc_iter 29800       Data time: 0.02(0.02)  Forward time: 0.14(0.15)  Batch time: 0.16(0.16)
2026-07-27 11:10:42,067   INFO  Train:    3/4 ( 75%) [2067/13891 ( 15%)]  Loss: 1.119e-10 (1.07e-10)  LR: 1.866e-04  Time cost: 05:36/32:02 [1:22:55/1:09:41]  Acc_iter 29850       Data time: 0.02(0.02)  Forward time: 0.13(0.15)  Batch time: 0.15(0.16)
2026-07-27 11:10:42,441   INFO  a1e06a0b30c0                Mon Jul 27 11:10:42 2026  580.173.02
[0] NVIDIA GeForce RTX 3070 | 66°C,  82 % |  5056 /  8192 MB | root(4242M)

2026-07-27 11:10:50,784   INFO  Train:    3/4 ( 75%) [2117/13891 ( 15%)]  Loss: 9.411e-11 (1.07e-10)  LR: 1.861e-04  Time cost: 05:44/31:57 [1:23:04/1:09:40]  Acc_iter 29900       Data time: 0.02(0.02)  Forward time: 0.13(0.15)  Batch time: 0.15(0.16)
2026-07-27 11:10:59,089   INFO  Train:    3/4 ( 75%) [2167/13891 ( 16%)]  Loss: 9.002e-11 (1.07e-10)  LR: 1.856e-04  Time cost: 05:53/31:50 [1:23:12/1:09:34]  Acc_iter 29950       Data time: 0.01(0.02)  Forward time: 0.14(0.15)  Batch time: 0.16(0.16)
2026-07-27 11:11:08,135   INFO  Train:    3/4 ( 75%) [2217/13891 ( 16%)]  Loss: 8.570e-11 (1.07e-10)  LR: 1.851e-04  Time cost: 06:02/31:47 [1:23:21/1:09:36]  Acc_iter 30000       Data time: 0.02(0.02)  Forward time: 0.16(0.15)  Batch time: 0.18(0.16)
2026-07-27 11:11:08,593   INFO  a1e06a0b30c0                Mon Jul 27 11:11:08 2026  580.173.02
[0] NVIDIA GeForce RTX 3070 | 67°C,  88 % |  5056 /  8192 MB | root(4242M)

2026-07-27 11:11:17,663   INFO  Train:    3/4 ( 75%) [2267/13891 ( 16%)]  Loss: 8.666e-11 (1.07e-10)  LR: 1.846e-04  Time cost: 06:11/31:45 [1:23:30/1:09:43]  Acc_iter 30050       Data time: 0.02(0.02)  Forward time: 0.15(0.15)  Batch time: 0.17(0.16)
2026-07-27 11:11:25,617   INFO  Train:    3/4 ( 75%) [2317/13891 ( 17%)]  Loss: 1.053e-10 (1.07e-10)  LR: 1.840e-04  Time cost: 06:19/31:36 [1:23:38/1:09:32]  Acc_iter 30100       Data time: 0.00(0.02)  Forward time: 0.15(0.15)  Batch time: 0.15(0.16)
2026-07-27 11:11:33,463   INFO  Train:    3/4 ( 75%) [2367/13891 ( 17%)]  Loss: 1.096e-10 (1.07e-10)  LR: 1.835e-04  Time cost: 06:27/31:26 [1:23:46/1:09:20]  Acc_iter 30150       Data time: 0.01(0.02)  Forward time: 0.15(0.15)  Batch time: 0.16(0.16)
2026-07-27 11:11:33,823   INFO  a1e06a0b30c0                Mon Jul 27 11:11:33 2026  580.173.02
[0] NVIDIA GeForce RTX 3070 | 67°C,  63 % |  5056 /  8192 MB | root(4242M)

2026-07-27 11:11:41,862   INFO  Train:    3/4 ( 75%) [2417/13891 ( 17%)]  Loss: 1.044e-10 (1.07e-10)  LR: 1.830e-04  Time cost: 06:36/31:19 [1:23:55/1:09:14]  Acc_iter 30200       Data time: 0.02(0.02)  Forward time: 0.14(0.15)  Batch time: 0.16(0.16)
2026-07-27 11:11:49,601   INFO  Train:    3/4 ( 75%) [2467/13891 ( 18%)]  Loss: 7.712e-11 (1.07e-10)  LR: 1.825e-04  Time cost: 06:43/31:09 [1:24:02/1:09:01]  Acc_iter 30250       Data time: 0.02(0.02)  Forward time: 0.13(0.15)  Batch time: 0.15(0.16)
2026-07-27 11:11:57,712   INFO  Train:    3/4 ( 75%) [2517/13891 ( 18%)]  Loss: 1.051e-10 (1.07e-10)  LR: 1.820e-04  Time cost: 06:51/31:00 [1:24:11/1:08:52]  Acc_iter 30300       Data time: 0.02(0.02)  Forward time: 0.14(0.15)  Batch time: 0.16(0.16)
2026-07-27 11:11:58,072   INFO  a1e06a0b30c0                Mon Jul 27 11:11:58 2026  580.173.02
[0] NVIDIA GeForce RTX 3070 | 66°C,  81 % |  5057 /  8192 MB | root(4242M)

2026-07-27 11:12:06,267   INFO  Train:    3/4 ( 75%) [2567/13891 ( 18%)]  Loss: 9.522e-11 (1.07e-10)  LR: 1.815e-04  Time cost: 07:00/30:54 [1:24:19/1:08:48]  Acc_iter 30350       Data time: 0.02(0.02)  Forward time: 0.17(0.15)  Batch time: 0.19(0.16)
2026-07-27 11:12:15,059   INFO  Train:    3/4 ( 75%) [2617/13891 ( 19%)]  Loss: 1.089e-10 (1.07e-10)  LR: 1.809e-04  Time cost: 07:09/30:48 [1:24:28/1:08:46]  Acc_iter 30400       Data time: 0.01(0.02)  Forward time: 0.15(0.15)  Batch time: 0.16(0.16)
2026-07-27 11:12:24,155   INFO  Train:    3/4 ( 75%) [2667/13891 ( 19%)]  Loss: 9.317e-11 (1.07e-10)  LR: 1.804e-04  Time cost: 07:18/30:44 [1:24:37/1:08:46]  Acc_iter 30450       Data time: 0.02(0.02)  Forward time: 0.14(0.15)  Batch time: 0.15(0.16)
2026-07-27 11:12:24,550   INFO  a1e06a0b30c0                Mon Jul 27 11:12:24 2026  580.173.02
[0] NVIDIA GeForce RTX 3070 | 66°C,  83 % |  5057 /  8192 MB | root(4242M)

2026-07-27 11:12:32,572   INFO  Train:    3/4 ( 75%) [2717/13891 ( 20%)]  Loss: 8.946e-11 (1.07e-10)  LR: 1.799e-04  Time cost: 07:26/30:36 [1:24:45/1:08:39]  Acc_iter 30500       Data time: 0.01(0.02)  Forward time: 0.14(0.15)  Batch time: 0.15(0.16)
2026-07-27 11:12:40,337   INFO  Train:    3/4 ( 75%) [2767/13891 ( 20%)]  Loss: 1.013e-10 (1.07e-10)  LR: 1.794e-04  Time cost: 07:34/30:26 [1:24:53/1:08:27]  Acc_iter 30550       Data time: 0.00(0.02)  Forward time: 0.14(0.15)  Batch time: 0.15(0.16)
2026-07-27 11:12:48,454   INFO  Train:    3/4 ( 75%) [2817/13891 ( 20%)]  Loss: 1.015e-10 (1.07e-10)  LR: 1.789e-04  Time cost: 07:42/30:18 [1:25:01/1:08:18]  Acc_iter 30600       Data time: 0.00(0.02)  Forward time: 0.14(0.15)  Batch time: 0.14(0.16)
2026-07-27 11:12:48,822   INFO  a1e06a0b30c0                Mon Jul 27 11:12:48 2026  580.173.02
[0] NVIDIA GeForce RTX 3070 | 66°C,  78 % |  5056 /  8192 MB | root(4242M)

2026-07-27 11:12:56,836   INFO  Train:    3/4 ( 75%) [2867/13891 ( 21%)]  Loss: 1.162e-10 (1.07e-10)  LR: 1.783e-04  Time cost: 07:51/30:10 [1:25:10/1:08:11]  Acc_iter 30650       Data time: 0.02(0.02)  Forward time: 0.16(0.15)  Batch time: 0.18(0.16)
2026-07-27 11:13:04,977   INFO  Train:    3/4 ( 75%) [2917/13891 ( 21%)]  Loss: 9.889e-11 (1.07e-10)  LR: 1.778e-04  Time cost: 07:59/30:02 [1:25:18/1:08:03]  Acc_iter 30700       Data time: 0.02(0.02)  Forward time: 0.13(0.15)  Batch time: 0.15(0.16)
2026-07-27 11:13:13,362   INFO  Train:    3/4 ( 75%) [2967/13891 ( 21%)]  Loss: 1.007e-10 (1.07e-10)  LR: 1.773e-04  Time cost: 08:07/29:54 [1:25:26/1:07:56]  Acc_iter 30750       Data time: 0.02(0.02)  Forward time: 0.14(0.15)  Batch time: 0.17(0.16)
2026-07-27 11:13:13,804   INFO  a1e06a0b30c0                Mon Jul 27 11:13:13 2026  580.173.02
[0] NVIDIA GeForce RTX 3070 | 63°C,  10 % |  5056 /  8192 MB | root(4242M)

2026-07-27 11:13:23,068   INFO  Train:    3/4 ( 75%) [3017/13891 ( 22%)]  Loss: 1.205e-10 (1.07e-10)  LR: 1.768e-04  Time cost: 08:17/29:51 [1:25:36/1:08:00]  Acc_iter 30800       Data time: 0.03(0.02)  Forward time: 0.17(0.15)  Batch time: 0.19(0.16)
2026-07-27 11:13:31,688   INFO  Train:    3/4 ( 75%) [3067/13891 ( 22%)]  Loss: 1.166e-10 (1.07e-10)  LR: 1.763e-04  Time cost: 08:25/29:44 [1:25:45/1:07:55]  Acc_iter 30850       Data time: 0.02(0.02)  Forward time: 0.15(0.15)  Batch time: 0.17(0.16)
2026-07-27 11:13:39,708   INFO  Train:    3/4 ( 75%) [3117/13891 ( 22%)]  Loss: 1.162e-10 (1.07e-10)  LR: 1.757e-04  Time cost: 08:33/29:35 [1:25:53/1:07:45]  Acc_iter 30900       Data time: 0.02(0.02)  Forward time: 0.17(0.15)  Batch time: 0.19(0.16)
2026-07-27 11:13:40,064   INFO  a1e06a0b30c0                Mon Jul 27 11:13:40 2026  580.173.02
[0] NVIDIA GeForce RTX 3070 | 67°C,  78 % |  5056 /  8192 MB | root(4242M)

2026-07-27 11:13:47,825   INFO  Train:    3/4 ( 75%) [3167/13891 ( 23%)]  Loss: 8.591e-11 (1.07e-10)  LR: 1.752e-04  Time cost: 08:42/29:27 [1:26:01/1:07:36]  Acc_iter 30950       Data time: 0.01(0.02)  Forward time: 0.14(0.15)  Batch time: 0.16(0.16)
2026-07-27 11:13:55,736   INFO  Train:    3/4 ( 75%) [3217/13891 ( 23%)]  Loss: 8.392e-11 (1.07e-10)  LR: 1.747e-04  Time cost: 08:49/29:17 [1:26:09/1:07:25]  Acc_iter 31000       Data time: 0.02(0.02)  Forward time: 0.15(0.15)  Batch time: 0.16(0.16)
2026-07-27 11:14:03,635   INFO  Train:    3/4 ( 75%) [3267/13891 ( 24%)]  Loss: 9.746e-11 (1.07e-10)  LR: 1.742e-04  Time cost: 08:57/29:08 [1:26:16/1:07:14]  Acc_iter 31050       Data time: 0.02(0.02)  Forward time: 0.14(0.15)  Batch time: 0.16(0.16)
2026-07-27 11:14:04,034   INFO  a1e06a0b30c0                Mon Jul 27 11:14:04 2026  580.173.02
[0] NVIDIA GeForce RTX 3070 | 68°C,  93 % |  5047 /  8192 MB | root(4242M)

2026-07-27 11:14:12,215   INFO  Train:    3/4 ( 75%) [3317/13891 ( 24%)]  Loss: 1.098e-10 (1.07e-10)  LR: 1.736e-04  Time cost: 09:06/29:01 [1:26:25/1:07:08]  Acc_iter 31100       Data time: 0.01(0.02)  Forward time: 0.14(0.15)  Batch time: 0.15(0.16)
2026-07-27 11:14:20,602   INFO  Train:    3/4 ( 75%) [3367/13891 ( 24%)]  Loss: 1.003e-10 (1.07e-10)  LR: 1.731e-04  Time cost: 09:14/28:53 [1:26:33/1:07:01]  Acc_iter 31150       Data time: 0.01(0.02)  Forward time: 0.15(0.15)  Batch time: 0.16(0.16)
2026-07-27 11:14:29,608   INFO  Train:    3/4 ( 75%) [3417/13891 ( 25%)]  Loss: 1.028e-10 (1.07e-10)  LR: 1.726e-04  Time cost: 09:23/28:47 [1:26:42/1:06:59]  Acc_iter 31200       Data time: 0.03(0.02)  Forward time: 0.15(0.15)  Batch time: 0.17(0.16)
2026-07-27 11:14:30,063   INFO  a1e06a0b30c0                Mon Jul 27 11:14:30 2026  580.173.02
[0] NVIDIA GeForce RTX 3070 | 65°C,  83 % |  5047 /  8192 MB | root(4242M)

2026-07-27 11:14:38,815   INFO  Train:    3/4 ( 75%) [3467/13891 ( 25%)]  Loss: 9.545e-11 (1.07e-10)  LR: 1.721e-04  Time cost: 09:33/28:42 [1:26:52/1:06:57]  Acc_iter 31250       Data time: 0.02(0.02)  Forward time: 0.14(0.15)  Batch time: 0.15(0.17)
2026-07-27 11:14:46,729   INFO  Train:    3/4 ( 75%) [3517/13891 ( 25%)]  Loss: 1.563e-10 (1.07e-10)  LR: 1.715e-04  Time cost: 09:40/28:33 [1:27:00/1:06:46]  Acc_iter 31300       Data time: 0.01(0.02)  Forward time: 0.14(0.15)  Batch time: 0.16(0.17)
2026-07-27 11:14:54,418   INFO  Train:    3/4 ( 75%) [3567/13891 ( 26%)]  Loss: 9.687e-11 (1.07e-10)  LR: 1.710e-04  Time cost: 09:48/28:23 [1:27:07/1:06:34]  Acc_iter 31350       Data time: 0.02(0.02)  Forward time: 0.15(0.15)  Batch time: 0.16(0.16)
2026-07-27 11:14:54,780   INFO  a1e06a0b30c0                Mon Jul 27 11:14:54 2026  580.173.02
[0] NVIDIA GeForce RTX 3070 | 66°C,  77 % |  5048 /  8192 MB | root(4242M)

2026-07-27 11:15:02,771   INFO  Train:    3/4 ( 75%) [3617/13891 ( 26%)]  Loss: 1.020e-10 (1.07e-10)  LR: 1.705e-04  Time cost: 09:56/28:15 [1:27:16/1:06:27]  Acc_iter 31400       Data time: 0.01(0.02)  Forward time: 0.13(0.15)  Batch time: 0.14(0.16)
2026-07-27 11:15:05,969   INFO  Save latest model to /OpenPCDet/output/OpenPCDet/tools/cfgs/models/S/D/S_D_N/unfrozen_backbone_1_9/ckpt/latest_model
2026-07-27 11:15:10,947   INFO  Train:    3/4 ( 75%) [3667/13891 ( 26%)]  Loss: 1.116e-10 (1.07e-10)  LR: 1.700e-04  Time cost: 10:05/28:06 [1:27:24/1:06:18]  Acc_iter 31450       Data time: 0.02(0.02)  Forward time: 0.14(0.15)  Batch time: 0.16(0.16)
2026-07-27 11:15:18,981   INFO  Train:    3/4 ( 75%) [3717/13891 ( 27%)]  Loss: 9.327e-11 (1.07e-10)  LR: 1.694e-04  Time cost: 10:13/27:57 [1:27:32/1:06:08]  Acc_iter 31500       Data time: 0.01(0.02)  Forward time: 0.14(0.15)  Batch time: 0.15(0.16)
2026-07-27 11:15:19,393   INFO  a1e06a0b30c0                Mon Jul 27 11:15:19 2026  580.173.02
[0] NVIDIA GeForce RTX 3070 | 68°C,  90 % |  5047 /  8192 MB | root(4242M)

2026-07-27 11:15:27,756   INFO  Train:    3/4 ( 75%) [3767/13891 ( 27%)]  Loss: 1.115e-10 (1.07e-10)  LR: 1.689e-04  Time cost: 10:21/27:51 [1:27:41/1:06:03]  Acc_iter 31550       Data time: 0.01(0.02)  Forward time: 0.15(0.15)  Batch time: 0.15(0.17)
2026-07-27 11:15:36,617   INFO  Train:    3/4 ( 75%) [3817/13891 ( 27%)]  Loss: 1.002e-10 (1.07e-10)  LR: 1.684e-04  Time cost: 10:30/27:44 [1:27:49/1:05:59]  Acc_iter 31600       Data time: 0.02(0.02)  Forward time: 0.17(0.15)  Batch time: 0.19(0.17)
2026-07-27 11:15:44,984   INFO  Train:    3/4 ( 75%) [3867/13891 ( 28%)]  Loss: 1.018e-10 (1.07e-10)  LR: 1.679e-04  Time cost: 10:39/27:36 [1:27:58/1:05:51]  Acc_iter 31650       Data time: 0.03(0.02)  Forward time: 0.16(0.15)  Batch time: 0.19(0.17)
2026-07-27 11:15:45,360   INFO  a1e06a0b30c0                Mon Jul 27 11:15:45 2026  580.173.02
[0] NVIDIA GeForce RTX 3070 | 67°C,  88 % |  5047 /  8192 MB | root(4242M)

2026-07-27 11:15:53,179   INFO  Train:    3/4 ( 75%) [3917/13891 ( 28%)]  Loss: 1.006e-10 (1.07e-10)  LR: 1.673e-04  Time cost: 10:47/27:27 [1:28:06/1:05:43]  Acc_iter 31700       Data time: 0.01(0.02)  Forward time: 0.14(0.15)  Batch time: 0.15(0.17)
2026-07-27 11:16:00,854   INFO  Train:    3/4 ( 75%) [3967/13891 ( 29%)]  Loss: 1.073e-10 (1.07e-10)  LR: 1.668e-04  Time cost: 10:55/27:18 [1:28:14/1:05:31]  Acc_iter 31750       Data time: 0.02(0.02)  Forward time: 0.13(0.15)  Batch time: 0.15(0.17)
2026-07-27 11:16:08,776   INFO  Train:    3/4 ( 75%) [4017/13891 ( 29%)]  Loss: 1.005e-10 (1.07e-10)  LR: 1.663e-04  Time cost: 11:02/27:09 [1:28:22/1:05:21]  Acc_iter 31800       Data time: 0.02(0.02)  Forward time: 0.14(0.15)  Batch time: 0.15(0.16)
2026-07-27 11:16:09,138   INFO  a1e06a0b30c0                Mon Jul 27 11:16:09 2026  580.173.02
[0] NVIDIA GeForce RTX 3070 | 68°C,  81 % |  5047 /  8192 MB | root(4242M)

2026-07-27 11:16:16,889   INFO  Train:    3/4 ( 75%) [4067/13891 ( 29%)]  Loss: 8.156e-11 (1.07e-10)  LR: 1.658e-04  Time cost: 11:11/27:00 [1:28:30/1:05:12]  Acc_iter 31850       Data time: 0.02(0.02)  Forward time: 0.15(0.15)  Batch time: 0.17(0.16)
2026-07-27 11:16:25,043   INFO  Train:    3/4 ( 75%) [4117/13891 ( 30%)]  Loss: 8.796e-11 (1.07e-10)  LR: 1.652e-04  Time cost: 11:19/26:52 [1:28:38/1:05:03]  Acc_iter 31900       Data time: 0.01(0.02)  Forward time: 0.14(0.15)  Batch time: 0.15(0.16)
2026-07-27 11:16:33,565   INFO  Train:    3/4 ( 75%) [4167/13891 ( 30%)]  Loss: 8.490e-11 (1.07e-10)  LR: 1.647e-04  Time cost: 11:27/26:44 [1:28:46/1:04:56]  Acc_iter 31950       Data time: 0.02(0.02)  Forward time: 0.22(0.15)  Batch time: 0.24(0.17)
2026-07-27 11:16:33,938   INFO  a1e06a0b30c0                Mon Jul 27 11:16:33 2026  580.173.02
[0] NVIDIA GeForce RTX 3070 | 65°C,  62 % |  5047 /  8192 MB | root(4242M)

2026-07-27 11:16:43,117   INFO  Train:    3/4 ( 75%) [4217/13891 ( 30%)]  Loss: 1.037e-10 (1.07e-10)  LR: 1.642e-04  Time cost: 11:37/26:39 [1:28:56/1:04:55]  Acc_iter 32000       Data time: 0.02(0.02)  Forward time: 0.19(0.15)  Batch time: 0.21(0.17)
2026-07-27 11:16:51,595   INFO  Train:    3/4 ( 75%) [4267/13891 ( 31%)]  Loss: 1.207e-10 (1.07e-10)  LR: 1.636e-04  Time cost: 11:45/26:31 [1:29:04/1:04:48]  Acc_iter 32050       Data time: 0.02(0.02)  Forward time: 0.14(0.15)  Batch time: 0.16(0.17)
2026-07-27 11:16:59,472   INFO  Train:    3/4 ( 75%) [4317/13891 ( 31%)]  Loss: 1.377e-10 (1.07e-10)  LR: 1.631e-04  Time cost: 11:53/26:22 [1:29:12/1:04:38]  Acc_iter 32100       Data time: 0.01(0.02)  Forward time: 0.15(0.15)  Batch time: 0.15(0.17)
2026-07-27 11:16:59,836   INFO  a1e06a0b30c0                Mon Jul 27 11:16:59 2026  580.173.02
[0] NVIDIA GeForce RTX 3070 | 66°C,  73 % |  5047 /  8192 MB | root(4242M)

2026-07-27 11:17:07,741   INFO  Train:    3/4 ( 75%) [4367/13891 ( 31%)]  Loss: 1.317e-10 (1.07e-10)  LR: 1.626e-04  Time cost: 12:01/26:14 [1:29:21/1:04:29]  Acc_iter 32150       Data time: 0.01(0.02)  Forward time: 0.21(0.15)  Batch time: 0.22(0.17)
2026-07-27 11:17:15,500   INFO  Train:    3/4 ( 75%) [4417/13891 ( 32%)]  Loss: 1.237e-10 (1.07e-10)  LR: 1.621e-04  Time cost: 12:09/26:04 [1:29:28/1:04:19]  Acc_iter 32200       Data time: 0.01(0.02)  Forward time: 0.14(0.15)  Batch time: 0.15(0.17)
2026-07-27 11:17:23,574   INFO  Train:    3/4 ( 75%) [4467/13891 ( 32%)]  Loss: 1.253e-10 (1.07e-10)  LR: 1.615e-04  Time cost: 12:17/25:56 [1:29:36/1:04:09]  Acc_iter 32250       Data time: 0.02(0.02)  Forward time: 0.14(0.15)  Batch time: 0.16(0.17)
2026-07-27 11:17:24,020   INFO  a1e06a0b30c0                Mon Jul 27 11:17:24 2026  580.173.02
[0] NVIDIA GeForce RTX 3070 | 68°C,  74 % |  4986 /  8192 MB | root(4242M)

2026-07-27 11:17:31,944   INFO  Train:    3/4 ( 75%) [4517/13891 ( 33%)]  Loss: 9.167e-11 (1.07e-10)  LR: 1.610e-04  Time cost: 12:26/25:48 [1:29:45/1:04:02]  Acc_iter 32300       Data time: 0.01(0.02)  Forward time: 0.12(0.15)  Batch time: 0.13(0.17)
2026-07-27 11:17:40,279   INFO  Train:    3/4 ( 75%) [4567/13891 ( 33%)]  Loss: 1.025e-10 (1.07e-10)  LR: 1.605e-04  Time cost: 12:34/25:39 [1:29:53/1:03:54]  Acc_iter 32350       Data time: 0.03(0.02)  Forward time: 0.15(0.15)  Batch time: 0.18(0.17)
2026-07-27 11:17:49,242   INFO  Train:    3/4 ( 75%) [4617/13891 ( 33%)]  Loss: 1.228e-10 (1.07e-10)  LR: 1.599e-04  Time cost: 12:43/25:33 [1:30:02/1:03:49]  Acc_iter 32400       Data time: 0.02(0.02)  Forward time: 0.14(0.15)  Batch time: 0.16(0.17)
2026-07-27 11:17:49,623   INFO  a1e06a0b30c0                Mon Jul 27 11:17:49 2026  580.173.02
[0] NVIDIA GeForce RTX 3070 | 68°C,  78 % |  4987 /  8192 MB | root(4242M)

2026-07-27 11:17:57,584   INFO  Train:    3/4 ( 75%) [4667/13891 ( 34%)]  Loss: 9.377e-11 (1.07e-10)  LR: 1.594e-04  Time cost: 12:51/25:25 [1:30:10/1:03:41]  Acc_iter 32450       Data time: 0.02(0.02)  Forward time: 0.14(0.15)  Batch time: 0.16(0.17)
2026-07-27 11:18:05,361   INFO  Train:    3/4 ( 75%) [4717/13891 ( 34%)]  Loss: 1.243e-10 (1.07e-10)  LR: 1.589e-04  Time cost: 12:59/25:15 [1:30:18/1:03:31]  Acc_iter 32500       Data time: 0.00(0.02)  Forward time: 0.14(0.15)  Batch time: 0.14(0.17)
2026-07-27 11:18:13,315   INFO  Train:    3/4 ( 75%) [4767/13891 ( 34%)]  Loss: 1.088e-10 (1.07e-10)  LR: 1.584e-04  Time cost: 13:07/25:06 [1:30:26/1:03:21]  Acc_iter 32550       Data time: 0.02(0.02)  Forward time: 0.13(0.15)  Batch time: 0.15(0.17)
2026-07-27 11:18:13,685   INFO  a1e06a0b30c0                Mon Jul 27 11:18:13 2026  580.173.02
[0] NVIDIA GeForce RTX 3070 | 64°C,   9 % |  4974 /  8192 MB | root(4242M)

2026-07-27 11:18:21,662   INFO  Train:    3/4 ( 75%) [4817/13891 ( 35%)]  Loss: 1.620e-10 (1.07e-10)  LR: 1.578e-04  Time cost: 13:15/24:58 [1:30:34/1:03:13]  Acc_iter 32600       Data time: 0.02(0.02)  Forward time: 0.14(0.15)  Batch time: 0.16(0.17)
2026-07-27 11:18:29,727   INFO  Train:    3/4 ( 75%) [4867/13891 ( 35%)]  Loss: 8.763e-11 (1.07e-10)  LR: 1.573e-04  Time cost: 13:23/24:50 [1:30:43/1:03:04]  Acc_iter 32650       Data time: 0.01(0.02)  Forward time: 0.14(0.15)  Batch time: 0.16(0.17)
2026-07-27 11:18:37,705   INFO  Train:    3/4 ( 75%) [4917/13891 ( 35%)]  Loss: 1.144e-10 (1.07e-10)  LR: 1.568e-04  Time cost: 13:31/24:41 [1:30:51/1:02:54]  Acc_iter 32700       Data time: 0.02(0.02)  Forward time: 0.14(0.15)  Batch time: 0.16(0.17)
2026-07-27 11:18:38,115   INFO  a1e06a0b30c0                Mon Jul 27 11:18:38 2026  580.173.02
[0] NVIDIA GeForce RTX 3070 | 68°C,  75 % |  4974 /  8192 MB | root(4242M)

2026-07-27 11:18:46,867   INFO  Train:    3/4 ( 75%) [4967/13891 ( 36%)]  Loss: 1.060e-10 (1.07e-10)  LR: 1.562e-04  Time cost: 13:41/24:34 [1:31:00/1:02:50]  Acc_iter 32750       Data time: 0.02(0.02)  Forward time: 0.19(0.15)  Batch time: 0.21(0.17)
2026-07-27 11:18:55,989   INFO  Train:    3/4 ( 75%) [5017/13891 ( 36%)]  Loss: 1.152e-10 (1.07e-10)  LR: 1.557e-04  Time cost: 13:50/24:28 [1:31:09/1:02:46]  Acc_iter 32800       Data time: 0.02(0.02)  Forward time: 0.14(0.15)  Batch time: 0.16(0.17)
2026-07-27 11:19:03,967   INFO  Train:    3/4 ( 75%) [5067/13891 ( 36%)]  Loss: 9.495e-11 (1.07e-10)  LR: 1.552e-04  Time cost: 13:58/24:19 [1:31:17/1:02:36]  Acc_iter 32850       Data time: 0.01(0.02)  Forward time: 0.13(0.15)  Batch time: 0.14(0.17)
2026-07-27 11:19:04,337   INFO  a1e06a0b30c0                Mon Jul 27 11:19:04 2026  580.173.02
[0] NVIDIA GeForce RTX 3070 | 69°C,  69 % |  4974 /  8192 MB | root(4242M)

2026-07-27 11:19:12,076   INFO  Train:    3/4 ( 75%) [5117/13891 ( 37%)]  Loss: 1.100e-10 (1.07e-10)  LR: 1.547e-04  Time cost: 14:06/24:10 [1:31:25/1:02:27]  Acc_iter 32900       Data time: 0.01(0.02)  Forward time: 0.13(0.15)  Batch time: 0.14(0.17)
2026-07-27 11:19:19,996   INFO  Train:    3/4 ( 75%) [5167/13891 ( 37%)]  Loss: 9.774e-11 (1.07e-10)  LR: 1.541e-04  Time cost: 14:14/24:01 [1:31:33/1:02:17]  Acc_iter 32950       Data time: 0.03(0.02)  Forward time: 0.16(0.15)  Batch time: 0.19(0.17)
2026-07-27 11:19:27,935   INFO  Train:    3/4 ( 75%) [5217/13891 ( 38%)]  Loss: 1.115e-10 (1.07e-10)  LR: 1.536e-04  Time cost: 14:22/23:53 [1:31:41/1:02:08]  Acc_iter 33000       Data time: 0.02(0.02)  Forward time: 0.13(0.15)  Batch time: 0.15(0.17)
2026-07-27 11:19:28,319   INFO  a1e06a0b30c0                Mon Jul 27 11:19:28 2026  580.173.02
[0] NVIDIA GeForce RTX 3070 | 66°C,  69 % |  4974 /  8192 MB | root(4242M)

2026-07-27 11:19:36,419   INFO  Train:    3/4 ( 75%) [5267/13891 ( 38%)]  Loss: 9.214e-11 (1.07e-10)  LR: 1.531e-04  Time cost: 14:30/23:45 [1:31:49/1:02:00]  Acc_iter 33050       Data time: 0.02(0.02)  Forward time: 0.14(0.15)  Batch time: 0.16(0.17)
2026-07-27 11:19:44,434   INFO  Train:    3/4 ( 75%) [5317/13891 ( 38%)]  Loss: 1.250e-10 (1.07e-10)  LR: 1.525e-04  Time cost: 14:38/23:36 [1:31:57/1:01:51]  Acc_iter 33100       Data time: 0.01(0.02)  Forward time: 0.14(0.15)  Batch time: 0.15(0.17)
2026-07-27 11:19:53,042   INFO  Train:    3/4 ( 75%) [5367/13891 ( 39%)]  Loss: 1.007e-10 (1.07e-10)  LR: 1.520e-04  Time cost: 14:47/23:28 [1:32:06/1:01:44]  Acc_iter 33150       Data time: 0.02(0.02)  Forward time: 0.16(0.15)  Batch time: 0.18(0.17)
2026-07-27 11:19:53,483   INFO  a1e06a0b30c0                Mon Jul 27 11:19:53 2026  580.173.02
[0] NVIDIA GeForce RTX 3070 | 66°C,  47 % |  4974 /  8192 MB | root(4242M)

2026-07-27 11:20:02,951   INFO  Train:    3/4 ( 75%) [5417/13891 ( 39%)]  Loss: 1.361e-10 (1.07e-10)  LR: 1.515e-04  Time cost: 14:57/23:23 [1:32:16/1:01:43]  Acc_iter 33200       Data time: 0.01(0.02)  Forward time: 0.17(0.15)  Batch time: 0.18(0.17)
2026-07-27 11:20:05,903   INFO  Save latest model to /OpenPCDet/output/OpenPCDet/tools/cfgs/models/S/D/S_D_N/unfrozen_backbone_1_9/ckpt/latest_model
2026-07-27 11:20:11,316   INFO  Train:    3/4 ( 75%) [5467/13891 ( 39%)]  Loss: 8.714e-11 (1.07e-10)  LR: 1.509e-04  Time cost: 15:05/23:15 [1:32:24/1:01:35]  Acc_iter 33250       Data time: 0.01(0.02)  Forward time: 0.17(0.15)  Batch time: 0.18(0.17)
2026-07-27 11:20:19,158   INFO  Train:    3/4 ( 75%) [5517/13891 ( 40%)]  Loss: 1.125e-10 (1.07e-10)  LR: 1.504e-04  Time cost: 15:13/23:06 [1:32:32/1:01:25]  Acc_iter 33300       Data time: 0.01(0.02)  Forward time: 0.14(0.15)  Batch time: 0.15(0.17)
2026-07-27 11:20:19,506   INFO  a1e06a0b30c0                Mon Jul 27 11:20:19 2026  580.173.02
[0] NVIDIA GeForce RTX 3070 | 67°C,  94 % |  4974 /  8192 MB | root(4242M)

2026-07-27 11:20:27,445   INFO  Train:    3/4 ( 75%) [5567/13891 ( 40%)]  Loss: 1.011e-10 (1.07e-10)  LR: 1.499e-04  Time cost: 15:21/22:57 [1:32:40/1:01:17]  Acc_iter 33350       Data time: 0.00(0.02)  Forward time: 0.15(0.15)  Batch time: 0.15(0.17)
2026-07-27 11:20:35,505   INFO  Train:    3/4 ( 75%) [5617/13891 ( 40%)]  Loss: 1.148e-10 (1.07e-10)  LR: 1.494e-04  Time cost: 15:29/22:49 [1:32:48/1:01:07]  Acc_iter 33400       Data time: 0.03(0.02)  Forward time: 0.18(0.15)  Batch time: 0.21(0.17)
2026-07-27 11:20:44,031   INFO  Train:    3/4 ( 75%) [5667/13891 ( 41%)]  Loss: 1.224e-10 (1.07e-10)  LR: 1.488e-04  Time cost: 15:38/22:41 [1:32:57/1:01:00]  Acc_iter 33450       Data time: 0.02(0.02)  Forward time: 0.19(0.15)  Batch time: 0.21(0.17)
2026-07-27 11:20:44,390   INFO  a1e06a0b30c0                Mon Jul 27 11:20:44 2026  580.173.02
[0] NVIDIA GeForce RTX 3070 | 65°C,  57 % |  4974 /  8192 MB | root(4242M)

2026-07-27 11:20:52,392   INFO  Train:    3/4 ( 75%) [5717/13891 ( 41%)]  Loss: 9.364e-11 (1.07e-10)  LR: 1.483e-04  Time cost: 15:46/22:33 [1:33:05/1:00:52]  Acc_iter 33500       Data time: 0.00(0.02)  Forward time: 0.14(0.15)  Batch time: 0.14(0.17)
2026-07-27 11:21:00,866   INFO  Train:    3/4 ( 75%) [5767/13891 ( 42%)]  Loss: 9.343e-11 (1.07e-10)  LR: 1.478e-04  Time cost: 15:55/22:25 [1:33:14/1:00:45]  Acc_iter 33550       Data time: 0.01(0.02)  Forward time: 0.17(0.15)  Batch time: 0.18(0.17)
2026-07-27 11:21:09,997   INFO  Train:    3/4 ( 75%) [5817/13891 ( 42%)]  Loss: 1.046e-10 (1.07e-10)  LR: 1.472e-04  Time cost: 16:04/22:18 [1:33:23/1:00:40]  Acc_iter 33600       Data time: 0.01(0.02)  Forward time: 0.14(0.15)  Batch time: 0.15(0.17)
2026-07-27 11:21:10,452   INFO  a1e06a0b30c0                Mon Jul 27 11:21:10 2026  580.173.02
[0] NVIDIA GeForce RTX 3070 | 66°C,  63 % |  4974 /  8192 MB | root(4242M)

2026-07-27 11:21:18,545   INFO  Train:    3/4 ( 75%) [5867/13891 ( 42%)]  Loss: 8.783e-11 (1.07e-10)  LR: 1.467e-04  Time cost: 16:12/22:10 [1:33:31/1:00:32]  Acc_iter 33650       Data time: 0.02(0.02)  Forward time: 0.13(0.15)  Batch time: 0.15(0.17)
2026-07-27 11:21:26,366   INFO  Train:    3/4 ( 75%) [5917/13891 ( 43%)]  Loss: 9.644e-11 (1.07e-10)  LR: 1.462e-04  Time cost: 16:20/22:01 [1:33:39/1:00:22]  Acc_iter 33700       Data time: 0.02(0.02)  Forward time: 0.14(0.15)  Batch time: 0.16(0.17)
2026-07-27 11:21:34,058   INFO  Train:    3/4 ( 75%) [5967/13891 ( 43%)]  Loss: 1.052e-10 (1.07e-10)  LR: 1.456e-04  Time cost: 16:28/21:52 [1:33:47/1:00:12]  Acc_iter 33750       Data time: 0.02(0.02)  Forward time: 0.13(0.15)  Batch time: 0.15(0.17)
2026-07-27 11:21:34,422   INFO  a1e06a0b30c0                Mon Jul 27 11:21:34 2026  580.173.02
[0] NVIDIA GeForce RTX 3070 | 67°C,  88 % |  4974 /  8192 MB | root(4242M)

2026-07-27 11:21:42,259   INFO  Train:    3/4 ( 75%) [6017/13891 ( 43%)]  Loss: 9.812e-11 (1.07e-10)  LR: 1.451e-04  Time cost: 16:36/21:43 [1:33:55/1:00:03]  Acc_iter 33800       Data time: 0.02(0.02)  Forward time: 0.15(0.15)  Batch time: 0.16(0.17)
2026-07-27 11:21:49,980   INFO  Train:    3/4 ( 75%) [6067/13891 ( 44%)]  Loss: 1.020e-10 (1.07e-10)  LR: 1.446e-04  Time cost: 16:44/21:34 [1:34:03/59:53]  Acc_iter 33850       Data time: 0.00(0.02)  Forward time: 0.16(0.15)  Batch time: 0.16(0.17)
2026-07-27 11:21:57,916   INFO  Train:    3/4 ( 75%) [6117/13891 ( 44%)]  Loss: 1.248e-10 (1.07e-10)  LR: 1.441e-04  Time cost: 16:52/21:26 [1:34:11/59:44]  Acc_iter 33900       Data time: 0.00(0.02)  Forward time: 0.13(0.15)  Batch time: 0.13(0.17)
2026-07-27 11:21:58,270   INFO  a1e06a0b30c0                Mon Jul 27 11:21:58 2026  580.173.02
[0] NVIDIA GeForce RTX 3070 | 63°C,  90 % |  4974 /  8192 MB | root(4242M)

2026-07-27 11:22:06,584   INFO  Train:    3/4 ( 75%) [6167/13891 ( 44%)]  Loss: 1.369e-10 (1.07e-10)  LR: 1.435e-04  Time cost: 17:00/21:18 [1:34:19/59:37]  Acc_iter 33950       Data time: 0.02(0.02)  Forward time: 0.20(0.15)  Batch time: 0.22(0.17)
2026-07-27 11:22:15,615   INFO  Train:    3/4 ( 75%) [6217/13891 ( 45%)]  Loss: 1.046e-10 (1.07e-10)  LR: 1.430e-04  Time cost: 17:09/21:10 [1:34:28/59:31]  Acc_iter 34000       Data time: 0.02(0.02)  Forward time: 0.14(0.15)  Batch time: 0.16(0.17)
2026-07-27 11:22:24,240   INFO  Train:    3/4 ( 75%) [6267/13891 ( 45%)]  Loss: 9.912e-11 (1.07e-10)  LR: 1.425e-04  Time cost: 17:18/21:03 [1:34:37/59:24]  Acc_iter 34050       Data time: 0.01(0.02)  Forward time: 0.15(0.15)  Batch time: 0.15(0.17)
2026-07-27 11:22:24,606   INFO  a1e06a0b30c0                Mon Jul 27 11:22:24 2026  580.173.02
[0] NVIDIA GeForce RTX 3070 | 66°C,  75 % |  4974 /  8192 MB | root(4242M)

2026-07-27 11:22:32,560   INFO  Train:    3/4 ( 75%) [6317/13891 ( 45%)]  Loss: 1.091e-10 (1.07e-10)  LR: 1.419e-04  Time cost: 17:26/20:54 [1:34:45/59:16]  Acc_iter 34100       Data time: 0.02(0.02)  Forward time: 0.14(0.15)  Batch time: 0.16(0.17)
2026-07-27 11:22:40,285   INFO  Train:    3/4 ( 75%) [6367/13891 ( 46%)]  Loss: 1.332e-10 (1.07e-10)  LR: 1.414e-04  Time cost: 17:34/20:45 [1:34:53/59:06]  Acc_iter 34150       Data time: 0.01(0.02)  Forward time: 0.14(0.15)  Batch time: 0.15(0.17)
2026-07-27 11:22:48,409   INFO  Train:    3/4 ( 75%) [6417/13891 ( 46%)]  Loss: 1.099e-10 (1.08e-10)  LR: 1.409e-04  Time cost: 17:42/20:37 [1:35:01/58:57]  Acc_iter 34200       Data time: 0.02(0.02)  Forward time: 0.14(0.15)  Batch time: 0.16(0.17)
2026-07-27 11:22:48,761   INFO  a1e06a0b30c0                Mon Jul 27 11:22:48 2026  580.173.02
[0] NVIDIA GeForce RTX 3070 | 63°C,  21 % |  4974 /  8192 MB | root(4242M)

2026-07-27 11:22:56,553   INFO  Train:    3/4 ( 75%) [6467/13891 ( 47%)]  Loss: 1.133e-10 (1.08e-10)  LR: 1.404e-04  Time cost: 17:50/20:29 [1:35:09/58:48]  Acc_iter 34250       Data time: 0.01(0.02)  Forward time: 0.15(0.15)  Batch time: 0.16(0.17)
2026-07-27 11:23:04,681   INFO  Train:    3/4 ( 75%) [6517/13891 ( 47%)]  Loss: 1.016e-10 (1.07e-10)  LR: 1.398e-04  Time cost: 17:58/20:20 [1:35:18/58:39]  Acc_iter 34300       Data time: 0.01(0.02)  Forward time: 0.14(0.15)  Batch time: 0.14(0.17)
2026-07-27 11:23:12,833   INFO  Train:    3/4 ( 75%) [6567/13891 ( 47%)]  Loss: 9.860e-11 (1.07e-10)  LR: 1.393e-04  Time cost: 18:07/20:12 [1:35:26/58:31]  Acc_iter 34350       Data time: 0.01(0.02)  Forward time: 0.14(0.15)  Batch time: 0.15(0.17)
2026-07-27 11:23:13,205   INFO  a1e06a0b30c0                Mon Jul 27 11:23:13 2026  580.173.02
[0] NVIDIA GeForce RTX 3070 | 62°C,  84 % |  4974 /  8192 MB | root(4242M)

2026-07-27 11:23:22,054   INFO  Train:    3/4 ( 75%) [6617/13891 ( 48%)]  Loss: 9.170e-11 (1.07e-10)  LR: 1.388e-04  Time cost: 18:16/20:04 [1:35:35/58:25]  Acc_iter 34400       Data time: 0.01(0.02)  Forward time: 0.20(0.15)  Batch time: 0.22(0.17)
2026-07-27 11:23:30,385   INFO  Train:    3/4 ( 75%) [6667/13891 ( 48%)]  Loss: 9.659e-11 (1.07e-10)  LR: 1.382e-04  Time cost: 18:24/19:56 [1:35:43/58:17]  Acc_iter 34450       Data time: 0.01(0.02)  Forward time: 0.15(0.15)  Batch time: 0.16(0.17)
2026-07-27 11:23:38,134   INFO  Train:    3/4 ( 75%) [6717/13891 ( 48%)]  Loss: 1.235e-10 (1.07e-10)  LR: 1.377e-04  Time cost: 18:32/19:47 [1:35:51/58:07]  Acc_iter 34500       Data time: 0.03(0.02)  Forward time: 0.14(0.15)  Batch time: 0.17(0.17)
2026-07-27 11:23:38,505   INFO  a1e06a0b30c0                Mon Jul 27 11:23:38 2026  580.173.02
[0] NVIDIA GeForce RTX 3070 | 65°C,  95 % |  4974 /  8192 MB | root(4242M)

2026-07-27 11:23:46,159   INFO  Train:    3/4 ( 75%) [6767/13891 ( 49%)]  Loss: 9.659e-11 (1.07e-10)  LR: 1.372e-04  Time cost: 18:40/19:39 [1:35:59/57:58]  Acc_iter 34550       Data time: 0.01(0.02)  Forward time: 0.15(0.15)  Batch time: 0.16(0.17)
2026-07-27 11:23:54,094   INFO  Train:    3/4 ( 75%) [6817/13891 ( 49%)]  Loss: 1.156e-10 (1.07e-10)  LR: 1.367e-04  Time cost: 18:48/19:30 [1:36:07/57:49]  Acc_iter 34600       Data time: 0.00(0.02)  Forward time: 0.13(0.15)  Batch time: 0.13(0.17)
2026-07-27 11:24:01,900   INFO  Train:    3/4 ( 75%) [6867/13891 ( 49%)]  Loss: 9.419e-11 (1.08e-10)  LR: 1.361e-04  Time cost: 18:56/19:21 [1:36:15/57:39]  Acc_iter 34650       Data time: 0.00(0.02)  Forward time: 0.14(0.15)  Batch time: 0.14(0.17)
2026-07-27 11:24:02,277   INFO  a1e06a0b30c0                Mon Jul 27 11:24:02 2026  580.173.02
[0] NVIDIA GeForce RTX 3070 | 63°C,  78 % |  4974 /  8192 MB | root(4242M)

2026-07-27 11:24:10,447   INFO  Train:    3/4 ( 75%) [6917/13891 ( 50%)]  Loss: 1.067e-10 (1.07e-10)  LR: 1.356e-04  Time cost: 19:04/19:13 [1:36:23/57:32]  Acc_iter 34700       Data time: 0.00(0.02)  Forward time: 0.13(0.15)  Batch time: 0.13(0.17)
2026-07-27 11:24:18,798   INFO  Train:    3/4 ( 75%) [6967/13891 ( 50%)]  Loss: 9.528e-11 (1.07e-10)  LR: 1.351e-04  Time cost: 19:12/19:05 [1:36:32/57:24]  Acc_iter 34750       Data time: 0.01(0.02)  Forward time: 0.16(0.15)  Batch time: 0.17(0.17)
2026-07-27 11:24:27,794   INFO  Train:    3/4 ( 75%) [7017/13891 ( 51%)]  Loss: 1.121e-10 (1.07e-10)  LR: 1.345e-04  Time cost: 19:21/18:58 [1:36:41/57:18]  Acc_iter 34800       Data time: 0.03(0.02)  Forward time: 0.15(0.15)  Batch time: 0.17(0.17)
2026-07-27 11:24:28,210   INFO  a1e06a0b30c0                Mon Jul 27 11:24:28 2026  580.173.02
[0] NVIDIA GeForce RTX 3070 | 61°C,  73 % |  4974 /  8192 MB | root(4242M)

2026-07-27 11:24:36,992   INFO  Train:    3/4 ( 75%) [7067/13891 ( 51%)]  Loss: 8.468e-11 (1.07e-10)  LR: 1.340e-04  Time cost: 19:31/18:50 [1:36:50/57:12]  Acc_iter 34850       Data time: 0.01(0.02)  Forward time: 0.14(0.15)  Batch time: 0.15(0.17)
2026-07-27 11:24:44,844   INFO  Train:    3/4 ( 75%) [7117/13891 ( 51%)]  Loss: 1.175e-10 (1.08e-10)  LR: 1.335e-04  Time cost: 19:39/18:42 [1:36:58/57:02]  Acc_iter 34900       Data time: 0.02(0.02)  Forward time: 0.15(0.15)  Batch time: 0.16(0.17)
2026-07-27 11:24:52,595   INFO  Train:    3/4 ( 75%) [7167/13891 ( 52%)]  Loss: 1.164e-10 (1.08e-10)  LR: 1.330e-04  Time cost: 19:46/18:33 [1:37:05/56:53]  Acc_iter 34950       Data time: 0.02(0.02)  Forward time: 0.14(0.15)  Batch time: 0.16(0.17)
2026-07-27 11:24:52,948   INFO  a1e06a0b30c0                Mon Jul 27 11:24:52 2026  580.173.02
[0] NVIDIA GeForce RTX 3070 | 67°C,  86 % |  4974 /  8192 MB | root(4242M)

2026-07-27 11:25:00,842   INFO  Train:    3/4 ( 75%) [7217/13891 ( 52%)]  Loss: 9.215e-11 (1.08e-10)  LR: 1.324e-04  Time cost: 19:55/18:24 [1:37:14/56:44]  Acc_iter 35000       Data time: 0.01(0.02)  Forward time: 0.14(0.15)  Batch time: 0.15(0.17)
2026-07-27 11:25:05,893   INFO  Save latest model to /OpenPCDet/output/OpenPCDet/tools/cfgs/models/S/D/S_D_N/unfrozen_backbone_1_9/ckpt/latest_model
2026-07-27 11:25:08,686   INFO  Train:    3/4 ( 75%) [7267/13891 ( 52%)]  Loss: 1.022e-10 (1.08e-10)  LR: 1.319e-04  Time cost: 20:02/18:16 [1:37:22/56:35]  Acc_iter 35050       Data time: 0.00(0.02)  Forward time: 0.13(0.15)  Batch time: 0.14(0.17)
2026-07-27 11:25:16,737   INFO  Train:    3/4 ( 75%) [7317/13891 ( 53%)]  Loss: 1.018e-10 (1.08e-10)  LR: 1.314e-04  Time cost: 20:10/18:07 [1:37:30/56:26]  Acc_iter 35100       Data time: 0.01(0.02)  Forward time: 0.14(0.15)  Batch time: 0.15(0.17)
2026-07-27 11:25:17,110   INFO  a1e06a0b30c0                Mon Jul 27 11:25:17 2026  580.173.02
[0] NVIDIA GeForce RTX 3070 | 66°C,  89 % |  4974 /  8192 MB | root(4242M)

2026-07-27 11:25:25,024   INFO  Train:    3/4 ( 75%) [7367/13891 ( 53%)]  Loss: 9.345e-11 (1.08e-10)  LR: 1.309e-04  Time cost: 20:19/17:59 [1:37:38/56:18]  Acc_iter 35150       Data time: 0.02(0.02)  Forward time: 0.16(0.15)  Batch time: 0.18(0.17)
2026-07-27 11:25:33,440   INFO  Train:    3/4 ( 75%) [7417/13891 ( 53%)]  Loss: 9.526e-11 (1.08e-10)  LR: 1.303e-04  Time cost: 20:27/17:51 [1:37:46/56:10]  Acc_iter 35200       Data time: 0.00(0.02)  Forward time: 0.17(0.15)  Batch time: 0.17(0.17)
2026-07-27 11:25:42,436   INFO  Train:    3/4 ( 75%) [7467/13891 ( 54%)]  Loss: 8.961e-11 (1.08e-10)  LR: 1.298e-04  Time cost: 20:36/17:43 [1:37:55/56:03]  Acc_iter 35250       Data time: 0.01(0.02)  Forward time: 0.14(0.15)  Batch time: 0.16(0.17)
2026-07-27 11:25:42,837   INFO  a1e06a0b30c0                Mon Jul 27 11:25:42 2026  580.173.02
[0] NVIDIA GeForce RTX 3070 | 67°C,   7 % |  4975 /  8192 MB | root(4242M)

2026-07-27 11:25:50,699   INFO  Train:    3/4 ( 75%) [7517/13891 ( 54%)]  Loss: 1.029e-10 (1.08e-10)  LR: 1.293e-04  Time cost: 20:44/17:35 [1:38:04/55:55]  Acc_iter 35300       Data time: 0.01(0.02)  Forward time: 0.14(0.15)  Batch time: 0.15(0.17)
2026-07-27 11:25:58,521   INFO  Train:    3/4 ( 75%) [7567/13891 ( 54%)]  Loss: 1.003e-10 (1.08e-10)  LR: 1.288e-04  Time cost: 20:52/17:26 [1:38:11/55:46]  Acc_iter 35350       Data time: 0.02(0.02)  Forward time: 0.13(0.15)  Batch time: 0.15(0.17)
2026-07-27 11:26:06,279   INFO  Train:    3/4 ( 75%) [7617/13891 ( 55%)]  Loss: 1.197e-10 (1.08e-10)  LR: 1.282e-04  Time cost: 21:00/17:18 [1:38:19/55:36]  Acc_iter 35400       Data time: 0.02(0.02)  Forward time: 0.14(0.15)  Batch time: 0.17(0.17)
2026-07-27 11:26:06,697   INFO  a1e06a0b30c0                Mon Jul 27 11:26:06 2026  580.173.02
[0] NVIDIA GeForce RTX 3070 | 61°C,   5 % |  4974 /  8192 MB | root(4242M)

2026-07-27 11:26:14,656   INFO  Train:    3/4 ( 75%) [7667/13891 ( 55%)]  Loss: 1.160e-10 (1.08e-10)  LR: 1.277e-04  Time cost: 21:08/17:09 [1:38:27/55:28]  Acc_iter 35450       Data time: 0.00(0.02)  Forward time: 0.15(0.15)  Batch time: 0.16(0.17)
2026-07-27 11:26:22,854   INFO  Train:    3/4 ( 75%) [7717/13891 ( 56%)]  Loss: 9.451e-11 (1.08e-10)  LR: 1.272e-04  Time cost: 21:17/17:01 [1:38:36/55:20]  Acc_iter 35500       Data time: 0.02(0.02)  Forward time: 0.13(0.15)  Batch time: 0.15(0.17)
2026-07-27 11:26:30,746   INFO  Train:    3/4 ( 75%) [7767/13891 ( 56%)]  Loss: 8.586e-11 (1.08e-10)  LR: 1.267e-04  Time cost: 21:24/16:52 [1:38:44/55:10]  Acc_iter 35550       Data time: 0.02(0.02)  Forward time: 0.15(0.15)  Batch time: 0.17(0.17)
2026-07-27 11:26:31,106   INFO  a1e06a0b30c0                Mon Jul 27 11:26:31 2026  580.173.02
[0] NVIDIA GeForce RTX 3070 | 67°C,  80 % |  4974 /  8192 MB | root(4242M)

2026-07-27 11:26:39,737   INFO  Train:    3/4 ( 75%) [7817/13891 ( 56%)]  Loss: 9.867e-11 (1.08e-10)  LR: 1.261e-04  Time cost: 21:33/16:45 [1:38:53/55:04]  Acc_iter 35600       Data time: 0.03(0.02)  Forward time: 0.18(0.15)  Batch time: 0.21(0.17)
2026-07-27 11:26:48,728   INFO  Train:    3/4 ( 75%) [7867/13891 ( 57%)]  Loss: 9.756e-11 (1.08e-10)  LR: 1.256e-04  Time cost: 21:42/16:37 [1:39:02/54:57]  Acc_iter 35650       Data time: 0.01(0.02)  Forward time: 0.15(0.15)  Batch time: 0.15(0.17)
2026-07-27 11:26:56,832   INFO  Train:    3/4 ( 75%) [7917/13891 ( 57%)]  Loss: 1.034e-10 (1.08e-10)  LR: 1.251e-04  Time cost: 21:51/16:29 [1:39:10/54:49]  Acc_iter 35700       Data time: 0.03(0.02)  Forward time: 0.13(0.15)  Batch time: 0.16(0.17)
2026-07-27 11:26:57,202   INFO  a1e06a0b30c0                Mon Jul 27 11:26:57 2026  580.173.02
[0] NVIDIA GeForce RTX 3070 | 61°C,  86 % |  4974 /  8192 MB | root(4242M)

2026-07-27 11:27:04,945   INFO  Train:    3/4 ( 75%) [7967/13891 ( 57%)]  Loss: 9.463e-11 (1.08e-10)  LR: 1.246e-04  Time cost: 21:59/16:20 [1:39:18/54:40]  Acc_iter 35750       Data time: 0.02(0.02)  Forward time: 0.14(0.15)  Batch time: 0.16(0.17)
2026-07-27 11:27:12,814   INFO  Train:    3/4 ( 75%) [8017/13891 ( 58%)]  Loss: 1.072e-10 (1.08e-10)  LR: 1.240e-04  Time cost: 22:07/16:12 [1:39:26/54:31]  Acc_iter 35800       Data time: 0.02(0.02)  Forward time: 0.19(0.15)  Batch time: 0.21(0.17)
2026-07-27 11:27:20,742   INFO  Train:    3/4 ( 75%) [8067/13891 ( 58%)]  Loss: 9.876e-11 (1.08e-10)  LR: 1.235e-04  Time cost: 22:14/16:03 [1:39:34/54:22]  Acc_iter 35850       Data time: 0.02(0.02)  Forward time: 0.16(0.15)  Batch time: 0.17(0.17)
2026-07-27 11:27:21,149   INFO  a1e06a0b30c0                Mon Jul 27 11:27:21 2026  580.173.02
[0] NVIDIA GeForce RTX 3070 | 67°C,  80 % |  4974 /  8192 MB | root(4242M)

2026-07-27 11:27:29,295   INFO  Train:    3/4 ( 75%) [8117/13891 ( 58%)]  Loss: 9.206e-11 (1.08e-10)  LR: 1.230e-04  Time cost: 22:23/15:55 [1:39:42/54:14]  Acc_iter 35900       Data time: 0.00(0.02)  Forward time: 0.14(0.15)  Batch time: 0.14(0.17)
2026-07-27 11:27:37,378   INFO  Train:    3/4 ( 75%) [8167/13891 ( 59%)]  Loss: 1.061e-10 (1.08e-10)  LR: 1.225e-04  Time cost: 22:31/15:47 [1:39:50/54:05]  Acc_iter 35950       Data time: 0.01(0.02)  Forward time: 0.16(0.15)  Batch time: 0.17(0.17)
2026-07-27 11:27:45,835   INFO  Train:    3/4 ( 75%) [8217/13891 ( 59%)]  Loss: 1.159e-10 (1.08e-10)  LR: 1.220e-04  Time cost: 22:40/15:39 [1:39:59/53:57]  Acc_iter 36000       Data time: 0.02(0.02)  Forward time: 0.14(0.15)  Batch time: 0.16(0.17)
2026-07-27 11:27:46,298   INFO  a1e06a0b30c0                Mon Jul 27 11:27:46 2026  580.173.02
[0] NVIDIA GeForce RTX 3070 | 62°C,  91 % |  4974 /  8192 MB | root(4242M)

2026-07-27 11:27:55,556   INFO  Train:    3/4 ( 75%) [8267/13891 ( 60%)]  Loss: 9.111e-11 (1.08e-10)  LR: 1.214e-04  Time cost: 22:49/15:31 [1:40:08/53:53]  Acc_iter 36050       Data time: 0.01(0.02)  Forward time: 0.15(0.15)  Batch time: 0.16(0.17)
2026-07-27 11:28:03,350   INFO  Train:    3/4 ( 75%) [8317/13891 ( 60%)]  Loss: 1.147e-10 (1.08e-10)  LR: 1.209e-04  Time cost: 22:57/15:23 [1:40:16/53:43]  Acc_iter 36100       Data time: 0.01(0.02)  Forward time: 0.15(0.15)  Batch time: 0.16(0.17)
2026-07-27 11:28:11,137   INFO  Train:    3/4 ( 75%) [8367/13891 ( 60%)]  Loss: 8.465e-11 (1.08e-10)  LR: 1.204e-04  Time cost: 23:05/15:14 [1:40:24/53:34]  Acc_iter 36150       Data time: 0.02(0.02)  Forward time: 0.15(0.15)  Batch time: 0.16(0.17)
2026-07-27 11:28:11,500   INFO  a1e06a0b30c0                Mon Jul 27 11:28:11 2026  580.173.02
[0] NVIDIA GeForce RTX 3070 | 67°C,  93 % |  4974 /  8192 MB | root(4242M)

2026-07-27 11:28:19,390   INFO  Train:    3/4 ( 75%) [8417/13891 ( 61%)]  Loss: 1.021e-10 (1.08e-10)  LR: 1.199e-04  Time cost: 23:13/15:06 [1:40:32/53:25]  Acc_iter 36200       Data time: 0.02(0.02)  Forward time: 0.13(0.15)  Batch time: 0.15(0.17)
2026-07-27 11:28:27,178   INFO  Train:    3/4 ( 75%) [8467/13891 ( 61%)]  Loss: 1.275e-10 (1.08e-10)  LR: 1.194e-04  Time cost: 23:21/14:57 [1:40:40/53:16]  Acc_iter 36250       Data time: 0.01(0.02)  Forward time: 0.16(0.15)  Batch time: 0.17(0.17)
2026-07-27 11:28:35,371   INFO  Train:    3/4 ( 75%) [8517/13891 ( 61%)]  Loss: 1.046e-10 (1.08e-10)  LR: 1.188e-04  Time cost: 23:29/14:49 [1:40:48/53:07]  Acc_iter 36300       Data time: 0.01(0.02)  Forward time: 0.14(0.15)  Batch time: 0.15(0.17)
2026-07-27 11:28:35,726   INFO  a1e06a0b30c0                Mon Jul 27 11:28:35 2026  580.173.02
[0] NVIDIA GeForce RTX 3070 | 63°C,   7 % |  4974 /  8192 MB | root(4242M)

2026-07-27 11:28:43,702   INFO  Train:    3/4 ( 75%) [8567/13891 ( 62%)]  Loss: 1.168e-10 (1.08e-10)  LR: 1.183e-04  Time cost: 23:37/14:41 [1:40:57/52:59]  Acc_iter 36350       Data time: 0.02(0.02)  Forward time: 0.14(0.15)  Batch time: 0.16(0.17)
2026-07-27 11:28:52,503   INFO  Train:    3/4 ( 75%) [8617/13891 ( 62%)]  Loss: 1.060e-10 (1.08e-10)  LR: 1.178e-04  Time cost: 23:46/14:33 [1:41:05/52:52]  Acc_iter 36400       Data time: 0.02(0.02)  Forward time: 0.15(0.15)  Batch time: 0.17(0.17)
2026-07-27 11:29:01,341   INFO  Train:    3/4 ( 75%) [8667/13891 ( 62%)]  Loss: 9.393e-11 (1.08e-10)  LR: 1.173e-04  Time cost: 23:55/14:25 [1:41:14/52:45]  Acc_iter 36450       Data time: 0.02(0.02)  Forward time: 0.15(0.15)  Batch time: 0.16(0.17)
2026-07-27 11:29:01,706   INFO  a1e06a0b30c0                Mon Jul 27 11:29:01 2026  580.173.02
[0] NVIDIA GeForce RTX 3070 | 63°C,   5 % |  4974 /  8192 MB | root(4242M)

2026-07-27 11:29:09,614   INFO  Train:    3/4 ( 75%) [8717/13891 ( 63%)]  Loss: 9.756e-11 (1.08e-10)  LR: 1.168e-04  Time cost: 24:03/14:16 [1:41:22/52:37]  Acc_iter 36500       Data time: 0.01(0.02)  Forward time: 0.14(0.15)  Batch time: 0.15(0.17)
2026-07-27 11:29:17,366   INFO  Train:    3/4 ( 75%) [8767/13891 ( 63%)]  Loss: 9.012e-11 (1.08e-10)  LR: 1.163e-04  Time cost: 24:11/14:08 [1:41:30/52:27]  Acc_iter 36550       Data time: 0.00(0.02)  Forward time: 0.13(0.15)  Batch time: 0.13(0.17)
2026-07-27 11:29:25,279   INFO  Train:    3/4 ( 75%) [8817/13891 ( 63%)]  Loss: 1.117e-10 (1.08e-10)  LR: 1.157e-04  Time cost: 24:19/13:59 [1:41:38/52:18]  Acc_iter 36600       Data time: 0.00(0.02)  Forward time: 0.14(0.15)  Batch time: 0.14(0.17)
2026-07-27 11:29:25,645   INFO  a1e06a0b30c0                Mon Jul 27 11:29:25 2026  580.173.02
[0] NVIDIA GeForce RTX 3070 | 69°C,  87 % |  4975 /  8192 MB | root(4242M)

2026-07-27 11:29:33,309   INFO  Train:    3/4 ( 75%) [8867/13891 ( 64%)]  Loss: 1.011e-10 (1.08e-10)  LR: 1.152e-04  Time cost: 24:27/13:51 [1:41:46/52:10]  Acc_iter 36650       Data time: 0.02(0.02)  Forward time: 0.13(0.15)  Batch time: 0.15(0.17)
2026-07-27 11:29:41,697   INFO  Train:    3/4 ( 75%) [8917/13891 ( 64%)]  Loss: 9.513e-11 (1.08e-10)  LR: 1.147e-04  Time cost: 24:35/13:43 [1:41:55/52:02]  Acc_iter 36700       Data time: 0.02(0.02)  Forward time: 0.14(0.15)  Batch time: 0.16(0.17)
2026-07-27 11:29:49,800   INFO  Train:    3/4 ( 75%) [8967/13891 ( 65%)]  Loss: 8.505e-11 (1.08e-10)  LR: 1.142e-04  Time cost: 24:43/13:34 [1:42:03/51:53]  Acc_iter 36750       Data time: 0.02(0.02)  Forward time: 0.17(0.15)  Batch time: 0.19(0.17)
2026-07-27 11:29:50,211   INFO  a1e06a0b30c0                Mon Jul 27 11:29:50 2026  580.173.02
[0] NVIDIA GeForce RTX 3070 | 63°C,  85 % |  4974 /  8192 MB | root(4242M)

2026-07-27 11:29:59,225   INFO  Train:    3/4 ( 75%) [9017/13891 ( 65%)]  Loss: 7.957e-11 (1.08e-10)  LR: 1.137e-04  Time cost: 24:53/13:27 [1:42:12/51:47]  Acc_iter 36800       Data time: 0.02(0.02)  Forward time: 0.18(0.15)  Batch time: 0.19(0.17)
2026-07-27 11:30:05,971   INFO  Save latest model to /OpenPCDet/output/OpenPCDet/tools/cfgs/models/S/D/S_D_N/unfrozen_backbone_1_9/ckpt/latest_model
2026-07-27 11:30:08,535   INFO  Train:    3/4 ( 75%) [9067/13891 ( 65%)]  Loss: 9.588e-11 (1.08e-10)  LR: 1.132e-04  Time cost: 25:02/13:19 [1:42:21/51:41]  Acc_iter 36850       Data time: 0.00(0.02)  Forward time: 0.14(0.15)  Batch time: 0.14(0.17)
2026-07-27 11:30:16,561   INFO  Train:    3/4 ( 75%) [9117/13891 ( 66%)]  Loss: 9.209e-11 (1.08e-10)  LR: 1.126e-04  Time cost: 25:10/13:10 [1:42:29/51:32]  Acc_iter 36900       Data time: 0.03(0.02)  Forward time: 0.16(0.15)  Batch time: 0.19(0.17)
2026-07-27 11:30:16,929   INFO  a1e06a0b30c0                Mon Jul 27 11:30:16 2026  580.173.02
[0] NVIDIA GeForce RTX 3070 | 67°C,  87 % |  4974 /  8192 MB | root(4242M)

2026-07-27 11:30:24,821   INFO  Train:    3/4 ( 75%) [9167/13891 ( 66%)]  Loss: 1.067e-10 (1.08e-10)  LR: 1.121e-04  Time cost: 25:19/13:02 [1:42:38/51:24]  Acc_iter 36950       Data time: 0.02(0.02)  Forward time: 0.14(0.15)  Batch time: 0.16(0.17)
2026-07-27 11:30:32,966   INFO  Train:    3/4 ( 75%) [9217/13891 ( 66%)]  Loss: 1.148e-10 (1.08e-10)  LR: 1.116e-04  Time cost: 25:27/12:54 [1:42:46/51:15]  Acc_iter 37000       Data time: 0.02(0.02)  Forward time: 0.13(0.15)  Batch time: 0.15(0.17)
2026-07-27 11:30:40,820   INFO  Train:    3/4 ( 75%) [9267/13891 ( 67%)]  Loss: 1.018e-10 (1.08e-10)  LR: 1.111e-04  Time cost: 25:35/12:45 [1:42:54/51:06]  Acc_iter 37050       Data time: 0.00(0.02)  Forward time: 0.14(0.15)  Batch time: 0.14(0.17)
2026-07-27 11:30:41,189   INFO  a1e06a0b30c0                Mon Jul 27 11:30:41 2026  580.173.02
[0] NVIDIA GeForce RTX 3070 | 68°C,  88 % |  4974 /  8192 MB | root(4242M)

2026-07-27 11:30:49,385   INFO  Train:    3/4 ( 75%) [9317/13891 ( 67%)]  Loss: 1.018e-10 (1.08e-10)  LR: 1.106e-04  Time cost: 25:43/12:37 [1:43:02/50:58]  Acc_iter 37100       Data time: 0.02(0.02)  Forward time: 0.15(0.15)  Batch time: 0.17(0.17)
2026-07-27 11:30:57,460   INFO  Train:    3/4 ( 75%) [9367/13891 ( 67%)]  Loss: 9.605e-11 (1.08e-10)  LR: 1.101e-04  Time cost: 25:51/12:29 [1:43:10/50:50]  Acc_iter 37150       Data time: 0.00(0.02)  Forward time: 0.14(0.15)  Batch time: 0.14(0.17)
2026-07-27 11:31:06,322   INFO  Train:    3/4 ( 75%) [9417/13891 ( 68%)]  Loss: 9.600e-11 (1.08e-10)  LR: 1.096e-04  Time cost: 26:00/12:21 [1:43:19/50:42]  Acc_iter 37200       Data time: 0.03(0.02)  Forward time: 0.17(0.15)  Batch time: 0.20(0.17)
2026-07-27 11:31:06,789   INFO  a1e06a0b30c0                Mon Jul 27 11:31:06 2026  580.173.02
[0] NVIDIA GeForce RTX 3070 | 62°C,   5 % |  4974 /  8192 MB | root(4242M)

2026-07-27 11:31:15,985   INFO  Train:    3/4 ( 75%) [9467/13891 ( 68%)]  Loss: 1.023e-10 (1.08e-10)  LR: 1.091e-04  Time cost: 26:10/12:13 [1:43:29/50:37]  Acc_iter 37250       Data time: 0.01(0.02)  Forward time: 0.14(0.15)  Batch time: 0.15(0.17)
2026-07-27 11:31:23,967   INFO  Train:    3/4 ( 75%) [9517/13891 ( 69%)]  Loss: 1.209e-10 (1.08e-10)  LR: 1.086e-04  Time cost: 26:18/12:05 [1:43:37/50:28]  Acc_iter 37300       Data time: 0.01(0.02)  Forward time: 0.12(0.15)  Batch time: 0.13(0.17)
2026-07-27 11:31:31,877   INFO  Train:    3/4 ( 75%) [9567/13891 ( 69%)]  Loss: 7.868e-11 (1.08e-10)  LR: 1.080e-04  Time cost: 26:26/11:56 [1:43:45/50:19]  Acc_iter 37350       Data time: 0.01(0.02)  Forward time: 0.14(0.15)  Batch time: 0.15(0.17)
2026-07-27 11:31:32,232   INFO  a1e06a0b30c0                Mon Jul 27 11:31:32 2026  580.173.02
[0] NVIDIA GeForce RTX 3070 | 62°C,  91 % |  4974 /  8192 MB | root(4242M)

2026-07-27 11:31:40,193   INFO  Train:    3/4 ( 75%) [9617/13891 ( 69%)]  Loss: 1.041e-10 (1.08e-10)  LR: 1.075e-04  Time cost: 26:34/11:48 [1:43:53/50:11]  Acc_iter 37400       Data time: 0.01(0.02)  Forward time: 0.14(0.15)  Batch time: 0.15(0.17)
2026-07-27 11:31:48,046   INFO  Train:    3/4 ( 75%) [9667/13891 ( 70%)]  Loss: 1.033e-10 (1.08e-10)  LR: 1.070e-04  Time cost: 26:42/11:40 [1:44:01/50:02]  Acc_iter 37450       Data time: 0.00(0.02)  Forward time: 0.13(0.15)  Batch time: 0.14(0.17)
2026-07-27 11:31:56,045   INFO  Train:    3/4 ( 75%) [9717/13891 ( 70%)]  Loss: 9.705e-11 (1.08e-10)  LR: 1.065e-04  Time cost: 26:50/11:31 [1:44:09/49:53]  Acc_iter 37500       Data time: 0.01(0.02)  Forward time: 0.14(0.15)  Batch time: 0.15(0.17)
2026-07-27 11:31:56,427   INFO  a1e06a0b30c0                Mon Jul 27 11:31:56 2026  580.173.02
[0] NVIDIA GeForce RTX 3070 | 69°C,  79 % |  4974 /  8192 MB | root(4242M)

2026-07-27 11:32:04,200   INFO  Train:    3/4 ( 75%) [9767/13891 ( 70%)]  Loss: 9.658e-11 (1.08e-10)  LR: 1.060e-04  Time cost: 26:58/11:23 [1:44:17/49:44]  Acc_iter 37550       Data time: 0.00(0.02)  Forward time: 0.16(0.15)  Batch time: 0.16(0.17)
2026-07-27 11:32:12,753   INFO  Train:    3/4 ( 75%) [9817/13891 ( 71%)]  Loss: 9.631e-11 (1.08e-10)  LR: 1.055e-04  Time cost: 27:06/11:15 [1:44:26/49:36]  Acc_iter 37600       Data time: 0.03(0.02)  Forward time: 0.19(0.15)  Batch time: 0.21(0.17)
2026-07-27 11:32:21,704   INFO  Train:    3/4 ( 75%) [9867/13891 ( 71%)]  Loss: 9.859e-11 (1.08e-10)  LR: 1.050e-04  Time cost: 27:15/11:07 [1:44:35/49:29]  Acc_iter 37650       Data time: 0.01(0.02)  Forward time: 0.20(0.15)  Batch time: 0.21(0.17)
2026-07-27 11:32:22,114   INFO  a1e06a0b30c0                Mon Jul 27 11:32:22 2026  580.173.02
[0] NVIDIA GeForce RTX 3070 | 65°C,  88 % |  4974 /  8192 MB | root(4242M)

2026-07-27 11:32:30,016   INFO  Train:    3/4 ( 75%) [9917/13891 ( 71%)]  Loss: 1.132e-10 (1.08e-10)  LR: 1.045e-04  Time cost: 27:24/10:58 [1:44:43/49:21]  Acc_iter 37700       Data time: 0.01(0.02)  Forward time: 0.13(0.15)  Batch time: 0.14(0.17)
2026-07-27 11:32:37,917   INFO  Train:    3/4 ( 75%) [9967/13891 ( 72%)]  Loss: 1.139e-10 (1.08e-10)  LR: 1.040e-04  Time cost: 27:32/10:50 [1:44:51/49:12]  Acc_iter 37750       Data time: 0.03(0.02)  Forward time: 0.14(0.15)  Batch time: 0.17(0.17)
2026-07-27 11:32:45,753   INFO  Train:    3/4 ( 75%) [10017/13891 ( 72%)]  Loss: 1.039e-10 (1.08e-10)  LR: 1.035e-04  Time cost: 27:39/10:41 [1:44:59/49:03]  Acc_iter 37800       Data time: 0.02(0.02)  Forward time: 0.14(0.15)  Batch time: 0.15(0.17)
2026-07-27 11:32:46,189   INFO  a1e06a0b30c0                Mon Jul 27 11:32:46 2026  580.173.02
[0] NVIDIA GeForce RTX 3070 | 67°C,  77 % |  4974 /  8192 MB | root(4242M)

2026-07-27 11:32:54,089   INFO  Train:    3/4 ( 75%) [10067/13891 ( 72%)]  Loss: 9.906e-11 (1.08e-10)  LR: 1.030e-04  Time cost: 27:48/10:33 [1:45:07/48:55]  Acc_iter 37850       Data time: 0.00(0.02)  Forward time: 0.14(0.15)  Batch time: 0.14(0.17)
2026-07-27 11:33:02,268   INFO  Train:    3/4 ( 75%) [10117/13891 ( 73%)]  Loss: 1.042e-10 (1.08e-10)  LR: 1.025e-04  Time cost: 27:56/10:25 [1:45:15/48:46]  Acc_iter 37900       Data time: 0.00(0.02)  Forward time: 0.14(0.15)  Batch time: 0.14(0.17)
2026-07-27 11:33:10,198   INFO  Train:    3/4 ( 75%) [10167/13891 ( 73%)]  Loss: 1.143e-10 (1.08e-10)  LR: 1.020e-04  Time cost: 28:04/10:16 [1:45:23/48:38]  Acc_iter 37950       Data time: 0.01(0.02)  Forward time: 0.14(0.15)  Batch time: 0.15(0.17)
2026-07-27 11:33:10,564   INFO  a1e06a0b30c0                Mon Jul 27 11:33:10 2026  580.173.02
[0] NVIDIA GeForce RTX 3070 | 68°C,  85 % |  4974 /  8192 MB | root(4242M)

2026-07-27 11:33:19,196   INFO  Train:    3/4 ( 75%) [10217/13891 ( 74%)]  Loss: 1.068e-10 (1.08e-10)  LR: 1.015e-04  Time cost: 28:13/10:08 [1:45:32/48:30]  Acc_iter 38000       Data time: 0.00(0.02)  Forward time: 0.15(0.15)  Batch time: 0.15(0.17)
2026-07-27 11:33:28,244   INFO  Train:    3/4 ( 75%) [10267/13891 ( 74%)]  Loss: 9.119e-11 (1.08e-10)  LR: 1.010e-04  Time cost: 28:22/10:00 [1:45:41/48:23]  Acc_iter 38050       Data time: 0.00(0.02)  Forward time: 0.15(0.15)  Batch time: 0.15(0.17)
2026-07-27 11:33:36,801   INFO  Train:    3/4 ( 75%) [10317/13891 ( 74%)]  Loss: 1.145e-10 (1.08e-10)  LR: 1.005e-04  Time cost: 28:30/09:52 [1:45:50/48:16]  Acc_iter 38100       Data time: 0.01(0.02)  Forward time: 0.14(0.15)  Batch time: 0.15(0.17)
2026-07-27 11:33:37,180   INFO  a1e06a0b30c0                Mon Jul 27 11:33:37 2026  580.173.02
[0] NVIDIA GeForce RTX 3070 | 65°C,  83 % |  4974 /  8192 MB | root(4242M)

2026-07-27 11:33:44,937   INFO  Train:    3/4 ( 75%) [10367/13891 ( 75%)]  Loss: 1.143e-10 (1.08e-10)  LR: 9.998e-05  Time cost: 28:39/09:44 [1:45:58/48:07]  Acc_iter 38150       Data time: 0.02(0.02)  Forward time: 0.13(0.15)  Batch time: 0.15(0.17)
2026-07-27 11:33:52,761   INFO  Train:    3/4 ( 75%) [10417/13891 ( 75%)]  Loss: 1.063e-10 (1.08e-10)  LR: 9.948e-05  Time cost: 28:46/09:35 [1:46:06/47:58]  Acc_iter 38200       Data time: 0.01(0.02)  Forward time: 0.14(0.15)  Batch time: 0.15(0.17)
2026-07-27 11:34:00,607   INFO  Train:    3/4 ( 75%) [10467/13891 ( 75%)]  Loss: 9.004e-11 (1.08e-10)  LR: 9.898e-05  Time cost: 28:54/09:27 [1:46:13/47:49]  Acc_iter 38250       Data time: 0.03(0.02)  Forward time: 0.14(0.15)  Batch time: 0.17(0.17)
2026-07-27 11:34:01,036   INFO  a1e06a0b30c0                Mon Jul 27 11:34:01 2026  580.173.02
[0] NVIDIA GeForce RTX 3070 | 66°C,  91 % |  4974 /  8192 MB | root(4242M)

2026-07-27 11:34:08,908   INFO  Train:    3/4 ( 75%) [10517/13891 ( 76%)]  Loss: 1.013e-10 (1.08e-10)  LR: 9.848e-05  Time cost: 29:03/09:19 [1:46:22/47:41]  Acc_iter 38300       Data time: 0.02(0.02)  Forward time: 0.16(0.15)  Batch time: 0.18(0.17)
2026-07-27 11:34:16,779   INFO  Train:    3/4 ( 75%) [10567/13891 ( 76%)]  Loss: 1.154e-10 (1.08e-10)  LR: 9.798e-05  Time cost: 29:10/09:10 [1:46:30/47:32]  Acc_iter 38350       Data time: 0.01(0.02)  Forward time: 0.13(0.15)  Batch time: 0.14(0.17)
2026-07-27 11:34:25,274   INFO  Train:    3/4 ( 75%) [10617/13891 ( 76%)]  Loss: 1.098e-10 (1.08e-10)  LR: 9.749e-05  Time cost: 29:19/09:02 [1:46:38/47:24]  Acc_iter 38400       Data time: 0.02(0.02)  Forward time: 0.17(0.15)  Batch time: 0.18(0.17)
2026-07-27 11:34:25,666   INFO  a1e06a0b30c0                Mon Jul 27 11:34:25 2026  580.173.02
[0] NVIDIA GeForce RTX 3070 | 66°C,  90 % |  4974 /  8192 MB | root(4242M)

2026-07-27 11:34:34,966   INFO  Train:    3/4 ( 75%) [10667/13891 ( 77%)]  Loss: 1.026e-10 (1.08e-10)  LR: 9.699e-05  Time cost: 29:29/08:54 [1:46:48/47:18]  Acc_iter 38450       Data time: 0.00(0.02)  Forward time: 0.15(0.15)  Batch time: 0.15(0.17)
2026-07-27 11:34:43,257   INFO  Train:    3/4 ( 75%) [10717/13891 ( 77%)]  Loss: 9.962e-11 (1.08e-10)  LR: 9.650e-05  Time cost: 29:37/08:46 [1:46:56/47:10]  Acc_iter 38500       Data time: 0.01(0.02)  Forward time: 0.17(0.15)  Batch time: 0.18(0.17)
2026-07-27 11:34:51,053   INFO  Train:    3/4 ( 75%) [10767/13891 ( 78%)]  Loss: 1.004e-10 (1.08e-10)  LR: 9.600e-05  Time cost: 29:45/08:37 [1:47:04/47:00]  Acc_iter 38550       Data time: 0.02(0.02)  Forward time: 0.13(0.15)  Batch time: 0.16(0.17)
2026-07-27 11:34:51,434   INFO  a1e06a0b30c0                Mon Jul 27 11:34:51 2026  580.173.02
[0] NVIDIA GeForce RTX 3070 | 66°C,  84 % |  4974 /  8192 MB | root(4242M)

2026-07-27 11:34:59,159   INFO  Train:    3/4 ( 75%) [10817/13891 ( 78%)]  Loss: 9.370e-11 (1.08e-10)  LR: 9.551e-05  Time cost: 29:53/08:29 [1:47:12/46:52]  Acc_iter 38600       Data time: 0.04(0.02)  Forward time: 0.13(0.15)  Batch time: 0.17(0.17)
2026-07-27 11:35:05,912   INFO  Save latest model to /OpenPCDet/output/OpenPCDet/tools/cfgs/models/S/D/S_D_N/unfrozen_backbone_1_9/ckpt/latest_model
2026-07-27 11:35:07,007   INFO  Train:    3/4 ( 75%) [10867/13891 ( 78%)]  Loss: 9.419e-11 (1.08e-10)  LR: 9.501e-05  Time cost: 30:01/08:21 [1:47:20/46:43]  Acc_iter 38650       Data time: 0.00(0.02)  Forward time: 0.14(0.15)  Batch time: 0.14(0.17)
2026-07-27 11:35:15,144   INFO  Train:    3/4 ( 75%) [10917/13891 ( 79%)]  Loss: 1.027e-10 (1.08e-10)  LR: 9.452e-05  Time cost: 30:09/08:12 [1:47:28/46:34]  Acc_iter 38700       Data time: 0.01(0.02)  Forward time: 0.22(0.15)  Batch time: 0.23(0.17)
2026-07-27 11:35:15,543   INFO  a1e06a0b30c0                Mon Jul 27 11:35:15 2026  580.173.02
[0] NVIDIA GeForce RTX 3070 | 65°C,  88 % |  4974 /  8192 MB | root(4242M)

2026-07-27 11:35:23,406   INFO  Train:    3/4 ( 75%) [10967/13891 ( 79%)]  Loss: 1.035e-10 (1.08e-10)  LR: 9.403e-05  Time cost: 30:17/08:04 [1:47:36/46:26]  Acc_iter 38750       Data time: 0.01(0.02)  Forward time: 0.14(0.15)  Batch time: 0.15(0.17)
2026-07-27 11:35:32,019   INFO  Train:    3/4 ( 75%) [11017/13891 ( 79%)]  Loss: 9.272e-11 (1.08e-10)  LR: 9.354e-05  Time cost: 30:26/07:56 [1:47:45/46:18]  Acc_iter 38800       Data time: 0.02(0.02)  Forward time: 0.14(0.15)  Batch time: 0.15(0.17)
2026-07-27 11:35:41,381   INFO  Train:    3/4 ( 75%) [11067/13891 ( 80%)]  Loss: 9.788e-11 (1.08e-10)  LR: 9.305e-05  Time cost: 30:35/07:48 [1:47:54/46:12]  Acc_iter 38850       Data time: 0.02(0.02)  Forward time: 0.17(0.15)  Batch time: 0.19(0.17)
2026-07-27 11:35:41,803   INFO  a1e06a0b30c0                Mon Jul 27 11:35:41 2026  580.173.02
[0] NVIDIA GeForce RTX 3070 | 62°C,   4 % |  4974 /  8192 MB | root(4242M)

2026-07-27 11:35:50,159   INFO  Train:    3/4 ( 75%) [11117/13891 ( 80%)]  Loss: 8.825e-11 (1.08e-10)  LR: 9.256e-05  Time cost: 30:44/07:40 [1:48:03/46:04]  Acc_iter 38900       Data time: 0.01(0.02)  Forward time: 0.14(0.15)  Batch time: 0.16(0.17)
2026-07-27 11:35:58,101   INFO  Train:    3/4 ( 75%) [11167/13891 ( 80%)]  Loss: 1.147e-10 (1.08e-10)  LR: 9.207e-05  Time cost: 30:52/07:31 [1:48:11/45:55]  Acc_iter 38950       Data time: 0.02(0.02)  Forward time: 0.13(0.15)  Batch time: 0.14(0.17)
2026-07-27 11:36:05,755   INFO  Train:    3/4 ( 75%) [11217/13891 ( 81%)]  Loss: 9.204e-11 (1.08e-10)  LR: 9.158e-05  Time cost: 30:59/07:23 [1:48:19/45:46]  Acc_iter 39000       Data time: 0.01(0.02)  Forward time: 0.13(0.15)  Batch time: 0.14(0.17)
2026-07-27 11:36:06,118   INFO  a1e06a0b30c0                Mon Jul 27 11:36:06 2026  580.173.02
[0] NVIDIA GeForce RTX 3070 | 67°C,  79 % |  4974 /  8192 MB | root(4242M)

2026-07-27 11:36:14,097   INFO  Train:    3/4 ( 75%) [11267/13891 ( 81%)]  Loss: 9.934e-11 (1.08e-10)  LR: 9.109e-05  Time cost: 31:08/07:15 [1:48:27/45:38]  Acc_iter 39050       Data time: 0.02(0.02)  Forward time: 0.13(0.15)  Batch time: 0.15(0.17)
2026-07-27 11:36:21,939   INFO  Train:    3/4 ( 75%) [11317/13891 ( 81%)]  Loss: 9.159e-11 (1.08e-10)  LR: 9.060e-05  Time cost: 31:16/07:06 [1:48:35/45:29]  Acc_iter 39100       Data time: 0.00(0.02)  Forward time: 0.14(0.15)  Batch time: 0.14(0.17)
2026-07-27 11:36:29,948   INFO  Train:    3/4 ( 75%) [11367/13891 ( 82%)]  Loss: 9.367e-11 (1.08e-10)  LR: 9.012e-05  Time cost: 31:24/06:58 [1:48:43/45:20]  Acc_iter 39150       Data time: 0.01(0.02)  Forward time: 0.19(0.15)  Batch time: 0.20(0.17)
2026-07-27 11:36:30,366   INFO  a1e06a0b30c0                Mon Jul 27 11:36:30 2026  580.173.02
[0] NVIDIA GeForce RTX 3070 | 63°C,  83 % |  4974 /  8192 MB | root(4242M)

2026-07-27 11:36:38,687   INFO  Train:    3/4 ( 75%) [11417/13891 ( 82%)]  Loss: 9.619e-11 (1.08e-10)  LR: 8.963e-05  Time cost: 31:32/06:50 [1:48:52/45:12]  Acc_iter 39200       Data time: 0.01(0.02)  Forward time: 0.15(0.15)  Batch time: 0.15(0.17)
2026-07-27 11:36:47,834   INFO  Train:    3/4 ( 75%) [11467/13891 ( 83%)]  Loss: 1.013e-10 (1.08e-10)  LR: 8.915e-05  Time cost: 31:42/06:42 [1:49:01/45:05]  Acc_iter 39250       Data time: 0.03(0.02)  Forward time: 0.14(0.15)  Batch time: 0.17(0.17)
2026-07-27 11:36:56,220   INFO  Train:    3/4 ( 75%) [11517/13891 ( 83%)]  Loss: 1.082e-10 (1.08e-10)  LR: 8.866e-05  Time cost: 31:50/06:33 [1:49:09/44:57]  Acc_iter 39300       Data time: 0.02(0.02)  Forward time: 0.15(0.15)  Batch time: 0.17(0.17)
2026-07-27 11:36:56,591   INFO  a1e06a0b30c0                Mon Jul 27 11:36:56 2026  580.173.02
[0] NVIDIA GeForce RTX 3070 | 68°C,  81 % |  4974 /  8192 MB | root(4242M)

2026-07-27 11:37:04,452   INFO  Train:    3/4 ( 75%) [11567/13891 ( 83%)]  Loss: 8.849e-11 (1.08e-10)  LR: 8.818e-05  Time cost: 31:58/06:25 [1:49:17/44:49]  Acc_iter 39350       Data time: 0.03(0.02)  Forward time: 0.18(0.15)  Batch time: 0.21(0.17)
2026-07-27 11:37:12,216   INFO  Train:    3/4 ( 75%) [11617/13891 ( 84%)]  Loss: 1.493e-10 (1.08e-10)  LR: 8.770e-05  Time cost: 32:06/06:17 [1:49:25/44:40]  Acc_iter 39400       Data time: 0.02(0.02)  Forward time: 0.14(0.15)  Batch time: 0.15(0.17)
2026-07-27 11:37:20,054   INFO  Train:    3/4 ( 75%) [11667/13891 ( 84%)]  Loss: 1.051e-10 (1.08e-10)  LR: 8.721e-05  Time cost: 32:14/06:08 [1:49:33/44:31]  Acc_iter 39450       Data time: 0.02(0.02)  Forward time: 0.14(0.15)  Batch time: 0.16(0.17)
2026-07-27 11:37:20,494   INFO  a1e06a0b30c0                Mon Jul 27 11:37:20 2026  580.173.02
[0] NVIDIA GeForce RTX 3070 | 69°C,  93 % |  4974 /  8192 MB | root(4242M)

2026-07-27 11:37:28,767   INFO  Train:    3/4 ( 75%) [11717/13891 ( 84%)]  Loss: 1.072e-10 (1.08e-10)  LR: 8.673e-05  Time cost: 32:22/06:00 [1:49:42/44:23]  Acc_iter 39500       Data time: 0.02(0.02)  Forward time: 0.15(0.15)  Batch time: 0.17(0.17)
2026-07-27 11:37:36,629   INFO  Train:    3/4 ( 75%) [11767/13891 ( 85%)]  Loss: 1.227e-10 (1.08e-10)  LR: 8.625e-05  Time cost: 32:30/05:52 [1:49:49/44:14]  Acc_iter 39550       Data time: 0.00(0.02)  Forward time: 0.15(0.15)  Batch time: 0.15(0.17)
2026-07-27 11:37:45,206   INFO  Train:    3/4 ( 75%) [11817/13891 ( 85%)]  Loss: 1.132e-10 (1.08e-10)  LR: 8.577e-05  Time cost: 32:39/05:43 [1:49:58/44:06]  Acc_iter 39600       Data time: 0.02(0.02)  Forward time: 0.16(0.15)  Batch time: 0.18(0.17)
2026-07-27 11:37:45,571   INFO  a1e06a0b30c0                Mon Jul 27 11:37:45 2026  580.173.02
[0] NVIDIA GeForce RTX 3070 | 68°C,  88 % |  4974 /  8192 MB | root(4242M)

2026-07-27 11:37:54,768   INFO  Train:    3/4 ( 75%) [11867/13891 ( 85%)]  Loss: 9.768e-11 (1.08e-10)  LR: 8.530e-05  Time cost: 32:48/05:35 [1:50:08/44:00]  Acc_iter 39650       Data time: 0.02(0.02)  Forward time: 0.14(0.15)  Batch time: 0.16(0.17)
2026-07-27 11:38:02,830   INFO  Train:    3/4 ( 75%) [11917/13891 ( 86%)]  Loss: 1.064e-10 (1.08e-10)  LR: 8.482e-05  Time cost: 32:57/05:27 [1:50:16/43:51]  Acc_iter 39700       Data time: 0.02(0.02)  Forward time: 0.14(0.15)  Batch time: 0.16(0.17)
2026-07-27 11:38:10,707   INFO  Train:    3/4 ( 75%) [11967/13891 ( 86%)]  Loss: 1.255e-10 (1.08e-10)  LR: 8.434e-05  Time cost: 33:04/05:19 [1:50:24/43:42]  Acc_iter 39750       Data time: 0.00(0.02)  Forward time: 0.17(0.15)  Batch time: 0.17(0.17)
2026-07-27 11:38:11,068   INFO  a1e06a0b30c0                Mon Jul 27 11:38:11 2026  580.173.02
[0] NVIDIA GeForce RTX 3070 | 68°C,  57 % |  4974 /  8192 MB | root(4242M)

2026-07-27 11:38:19,151   INFO  Train:    3/4 ( 75%) [12017/13891 ( 87%)]  Loss: 9.137e-11 (1.08e-10)  LR: 8.386e-05  Time cost: 33:13/05:10 [1:50:32/43:34]  Acc_iter 39800       Data time: 0.03(0.02)  Forward time: 0.15(0.15)  Batch time: 0.18(0.17)
2026-07-27 11:38:27,094   INFO  Train:    3/4 ( 75%) [12067/13891 ( 87%)]  Loss: 9.624e-11 (1.08e-10)  LR: 8.339e-05  Time cost: 33:21/05:02 [1:50:40/43:26]  Acc_iter 39850       Data time: 0.04(0.02)  Forward time: 0.14(0.15)  Batch time: 0.17(0.17)
2026-07-27 11:38:35,274   INFO  Train:    3/4 ( 75%) [12117/13891 ( 87%)]  Loss: 1.191e-10 (1.08e-10)  LR: 8.291e-05  Time cost: 33:29/04:54 [1:50:48/43:17]  Acc_iter 39900       Data time: 0.02(0.02)  Forward time: 0.13(0.15)  Batch time: 0.16(0.17)
2026-07-27 11:38:35,642   INFO  a1e06a0b30c0                Mon Jul 27 11:38:35 2026  580.173.02
[0] NVIDIA GeForce RTX 3070 | 68°C,  77 % |  4975 /  8192 MB | root(4242M)

2026-07-27 11:38:43,533   INFO  Train:    3/4 ( 75%) [12167/13891 ( 88%)]  Loss: 1.392e-10 (1.08e-10)  LR: 8.244e-05  Time cost: 33:37/04:45 [1:50:56/43:09]  Acc_iter 39950       Data time: 0.01(0.02)  Forward time: 0.14(0.15)  Batch time: 0.15(0.17)
2026-07-27 11:38:52,453   INFO  Train:    3/4 ( 75%) [12217/13891 ( 88%)]  Loss: 1.123e-10 (1.08e-10)  LR: 8.197e-05  Time cost: 33:46/04:37 [1:51:05/43:01]  Acc_iter 40000       Data time: 0.01(0.02)  Forward time: 0.19(0.15)  Batch time: 0.20(0.17)
2026-07-27 11:39:01,564   INFO  Train:    3/4 ( 75%) [12267/13891 ( 88%)]  Loss: 1.173e-10 (1.08e-10)  LR: 8.150e-05  Time cost: 33:55/04:29 [1:51:14/42:54]  Acc_iter 40050       Data time: 0.02(0.02)  Forward time: 0.18(0.15)  Batch time: 0.20(0.17)
2026-07-27 11:39:01,950   INFO  a1e06a0b30c0                Mon Jul 27 11:39:01 2026  580.173.02
[0] NVIDIA GeForce RTX 3070 | 66°C,  79 % |  4974 /  8192 MB | root(4242M)

2026-07-27 11:39:09,953   INFO  Train:    3/4 ( 75%) [12317/13891 ( 89%)]  Loss: 1.004e-10 (1.08e-10)  LR: 8.102e-05  Time cost: 34:04/04:21 [1:51:23/42:46]  Acc_iter 40100       Data time: 0.02(0.02)  Forward time: 0.19(0.15)  Batch time: 0.20(0.17)
2026-07-27 11:39:17,924   INFO  Train:    3/4 ( 75%) [12367/13891 ( 89%)]  Loss: 1.475e-10 (1.08e-10)  LR: 8.055e-05  Time cost: 34:12/04:12 [1:51:31/42:37]  Acc_iter 40150       Data time: 0.02(0.02)  Forward time: 0.14(0.15)  Batch time: 0.15(0.17)
2026-07-27 11:39:25,925   INFO  Train:    3/4 ( 75%) [12417/13891 ( 89%)]  Loss: 1.055e-10 (1.08e-10)  LR: 8.009e-05  Time cost: 34:20/04:04 [1:51:39/42:29]  Acc_iter 40200       Data time: 0.01(0.02)  Forward time: 0.18(0.15)  Batch time: 0.19(0.17)
2026-07-27 11:39:26,270   INFO  a1e06a0b30c0                Mon Jul 27 11:39:26 2026  580.173.02
[0] NVIDIA GeForce RTX 3070 | 63°C,  86 % |  4974 /  8192 MB | root(4242M)

2026-07-27 11:39:34,189   INFO  Train:    3/4 ( 75%) [12467/13891 ( 90%)]  Loss: 9.208e-11 (1.08e-10)  LR: 7.962e-05  Time cost: 34:28/03:56 [1:51:47/42:20]  Acc_iter 40250       Data time: 0.00(0.02)  Forward time: 0.14(0.15)  Batch time: 0.14(0.17)
2026-07-27 11:39:42,375   INFO  Train:    3/4 ( 75%) [12517/13891 ( 90%)]  Loss: 1.248e-10 (1.08e-10)  LR: 7.915e-05  Time cost: 34:36/03:47 [1:51:55/42:12]  Acc_iter 40300       Data time: 0.02(0.02)  Forward time: 0.16(0.15)  Batch time: 0.18(0.17)
2026-07-27 11:39:50,389   INFO  Train:    3/4 ( 75%) [12567/13891 ( 90%)]  Loss: 1.011e-10 (1.08e-10)  LR: 7.868e-05  Time cost: 34:44/03:39 [1:52:03/42:03]  Acc_iter 40350       Data time: 0.02(0.02)  Forward time: 0.14(0.15)  Batch time: 0.16(0.17)
2026-07-27 11:39:50,817   INFO  a1e06a0b30c0                Mon Jul 27 11:39:50 2026  580.173.02
[0] NVIDIA GeForce RTX 3070 | 63°C,   5 % |  4974 /  8192 MB | root(4242M)

2026-07-27 11:39:59,956   INFO  Train:    3/4 ( 75%) [12617/13891 ( 91%)]  Loss: 1.384e-10 (1.08e-10)  LR: 7.822e-05  Time cost: 34:54/03:31 [1:52:13/41:56]  Acc_iter 40400       Data time: 0.01(0.02)  Forward time: 0.15(0.15)  Batch time: 0.15(0.17)
2026-07-27 11:40:06,092   INFO  Save latest model to /OpenPCDet/output/OpenPCDet/tools/cfgs/models/S/D/S_D_N/unfrozen_backbone_1_9/ckpt/latest_model
2026-07-27 11:40:09,175   INFO  Train:    3/4 ( 75%) [12667/13891 ( 91%)]  Loss: 1.119e-10 (1.08e-10)  LR: 7.775e-05  Time cost: 35:03/03:23 [1:52:22/41:49]  Acc_iter 40450       Data time: 0.01(0.02)  Forward time: 0.17(0.15)  Batch time: 0.18(0.17)
2026-07-27 11:40:17,124   INFO  Train:    3/4 ( 75%) [12717/13891 ( 92%)]  Loss: 1.261e-10 (1.08e-10)  LR: 7.729e-05  Time cost: 35:11/03:14 [1:52:30/41:40]  Acc_iter 40500       Data time: 0.02(0.02)  Forward time: 0.13(0.15)  Batch time: 0.15(0.17)
2026-07-27 11:40:17,499   INFO  a1e06a0b30c0                Mon Jul 27 11:40:17 2026  580.173.02
[0] NVIDIA GeForce RTX 3070 | 68°C,  80 % |  4974 /  8192 MB | root(4242M)

2026-07-27 11:40:25,271   INFO  Train:    3/4 ( 75%) [12767/13891 ( 92%)]  Loss: 9.040e-11 (1.08e-10)  LR: 7.682e-05  Time cost: 35:19/03:06 [1:52:38/41:32]  Acc_iter 40550       Data time: 0.01(0.02)  Forward time: 0.15(0.15)  Batch time: 0.17(0.17)
2026-07-27 11:40:32,971   INFO  Train:    3/4 ( 75%) [12817/13891 ( 92%)]  Loss: 9.976e-11 (1.08e-10)  LR: 7.636e-05  Time cost: 35:27/02:58 [1:52:46/41:23]  Acc_iter 40600       Data time: 0.02(0.02)  Forward time: 0.14(0.15)  Batch time: 0.15(0.17)
2026-07-27 11:40:40,929   INFO  Train:    3/4 ( 75%) [12867/13891 ( 93%)]  Loss: 9.532e-11 (1.08e-10)  LR: 7.590e-05  Time cost: 35:35/02:49 [1:52:54/41:14]  Acc_iter 40650       Data time: 0.00(0.02)  Forward time: 0.13(0.15)  Batch time: 0.13(0.17)
2026-07-27 11:40:41,321   INFO  a1e06a0b30c0                Mon Jul 27 11:40:41 2026  580.173.02
[0] NVIDIA GeForce RTX 3070 | 64°C,  83 % |  4974 /  8192 MB | root(4242M)

2026-07-27 11:40:49,436   INFO  Train:    3/4 ( 75%) [12917/13891 ( 93%)]  Loss: 1.134e-10 (1.08e-10)  LR: 7.544e-05  Time cost: 35:43/02:41 [1:53:02/41:06]  Acc_iter 40700       Data time: 0.02(0.02)  Forward time: 0.14(0.15)  Batch time: 0.17(0.17)
2026-07-27 11:40:57,403   INFO  Train:    3/4 ( 75%) [12967/13891 ( 93%)]  Loss: 1.126e-10 (1.08e-10)  LR: 7.498e-05  Time cost: 35:51/02:33 [1:53:10/40:58]  Acc_iter 40750       Data time: 0.02(0.02)  Forward time: 0.13(0.15)  Batch time: 0.16(0.17)
2026-07-27 11:41:06,101   INFO  Train:    3/4 ( 75%) [13017/13891 ( 94%)]  Loss: 9.252e-11 (1.08e-10)  LR: 7.452e-05  Time cost: 36:00/02:25 [1:53:19/40:50]  Acc_iter 40800       Data time: 0.00(0.02)  Forward time: 0.14(0.15)  Batch time: 0.14(0.17)
2026-07-27 11:41:06,476   INFO  a1e06a0b30c0                Mon Jul 27 11:41:06 2026  580.173.02
[0] NVIDIA GeForce RTX 3070 | 68°C,  92 % |  4974 /  8192 MB | root(4242M)

2026-07-27 11:41:15,767   INFO  Train:    3/4 ( 75%) [13067/13891 ( 94%)]  Loss: 1.220e-10 (1.08e-10)  LR: 7.406e-05  Time cost: 36:09/02:16 [1:53:29/40:43]  Acc_iter 40850       Data time: 0.01(0.02)  Forward time: 0.17(0.15)  Batch time: 0.18(0.17)
2026-07-27 11:41:23,960   INFO  Train:    3/4 ( 75%) [13117/13891 ( 94%)]  Loss: 1.184e-10 (1.08e-10)  LR: 7.361e-05  Time cost: 36:18/02:08 [1:53:37/40:35]  Acc_iter 40900       Data time: 0.00(0.02)  Forward time: 0.13(0.15)  Batch time: 0.14(0.17)
2026-07-27 11:41:31,928   INFO  Train:    3/4 ( 75%) [13167/13891 ( 95%)]  Loss: 1.023e-10 (1.08e-10)  LR: 7.315e-05  Time cost: 36:26/02:00 [1:53:45/40:26]  Acc_iter 40950       Data time: 0.02(0.02)  Forward time: 0.13(0.15)  Batch time: 0.15(0.17)
2026-07-27 11:41:32,290   INFO  a1e06a0b30c0                Mon Jul 27 11:41:32 2026  580.173.02
[0] NVIDIA GeForce RTX 3070 | 64°C,  78 % |  4975 /  8192 MB | root(4242M)

2026-07-27 11:41:40,340   INFO  Train:    3/4 ( 75%) [13217/13891 ( 95%)]  Loss: 9.676e-11 (1.08e-10)  LR: 7.270e-05  Time cost: 36:34/01:51 [1:53:53/40:18]  Acc_iter 41000       Data time: 0.00(0.02)  Forward time: 0.14(0.15)  Batch time: 0.14(0.17)
2026-07-27 11:41:48,129   INFO  Train:    3/4 ( 75%) [13267/13891 ( 96%)]  Loss: 1.121e-10 (1.08e-10)  LR: 7.224e-05  Time cost: 36:42/01:43 [1:54:01/40:09]  Acc_iter 41050       Data time: 0.01(0.02)  Forward time: 0.16(0.15)  Batch time: 0.16(0.17)
2026-07-27 11:41:56,376   INFO  Train:    3/4 ( 75%) [13317/13891 ( 96%)]  Loss: 1.170e-10 (1.08e-10)  LR: 7.179e-05  Time cost: 36:50/01:35 [1:54:09/40:00]  Acc_iter 41100       Data time: 0.01(0.02)  Forward time: 0.14(0.15)  Batch time: 0.15(0.17)
2026-07-27 11:41:56,762   INFO  a1e06a0b30c0                Mon Jul 27 11:41:56 2026  580.173.02
[0] NVIDIA GeForce RTX 3070 | 63°C,   5 % |  4974 /  8192 MB | root(4242M)

2026-07-27 11:42:04,765   INFO  Train:    3/4 ( 75%) [13367/13891 ( 96%)]  Loss: 8.529e-11 (1.08e-10)  LR: 7.134e-05  Time cost: 36:58/01:26 [1:54:18/39:52]  Acc_iter 41150       Data time: 0.02(0.02)  Forward time: 0.16(0.15)  Batch time: 0.18(0.17)
2026-07-27 11:42:13,611   INFO  Train:    3/4 ( 75%) [13417/13891 ( 97%)]  Loss: 1.279e-10 (1.08e-10)  LR: 7.089e-05  Time cost: 37:07/01:18 [1:54:26/39:45]  Acc_iter 41200       Data time: 0.02(0.02)  Forward time: 0.14(0.15)  Batch time: 0.17(0.17)
2026-07-27 11:42:22,800   INFO  Train:    3/4 ( 75%) [13467/13891 ( 97%)]  Loss: 8.967e-11 (1.08e-10)  LR: 7.044e-05  Time cost: 37:16/01:10 [1:54:36/39:37]  Acc_iter 41250       Data time: 0.03(0.02)  Forward time: 0.15(0.15)  Batch time: 0.17(0.17)
2026-07-27 11:42:23,174   INFO  a1e06a0b30c0                Mon Jul 27 11:42:23 2026  580.173.02
[0] NVIDIA GeForce RTX 3070 | 66°C,  52 % |  4974 /  8192 MB | root(4242M)

2026-07-27 11:42:31,085   INFO  Train:    3/4 ( 75%) [13517/13891 ( 97%)]  Loss: 1.116e-10 (1.08e-10)  LR: 6.999e-05  Time cost: 37:25/01:02 [1:54:44/39:29]  Acc_iter 41300       Data time: 0.01(0.02)  Forward time: 0.13(0.15)  Batch time: 0.14(0.17)
2026-07-27 11:42:38,877   INFO  Train:    3/4 ( 75%) [13567/13891 ( 98%)]  Loss: 1.019e-10 (1.08e-10)  LR: 6.954e-05  Time cost: 37:33/00:53 [1:54:52/39:20]  Acc_iter 41350       Data time: 0.01(0.02)  Forward time: 0.13(0.15)  Batch time: 0.14(0.17)
2026-07-27 11:42:46,756   INFO  Train:    3/4 ( 75%) [13617/13891 ( 98%)]  Loss: 9.076e-11 (1.08e-10)  LR: 6.910e-05  Time cost: 37:40/00:45 [1:55:00/39:11]  Acc_iter 41400       Data time: 0.02(0.02)  Forward time: 0.13(0.15)  Batch time: 0.15(0.17)
2026-07-27 11:42:47,102   INFO  a1e06a0b30c0                Mon Jul 27 11:42:47 2026  580.173.02
[0] NVIDIA GeForce RTX 3070 | 68°C,  91 % |  4974 /  8192 MB | root(4242M)

2026-07-27 11:42:54,842   INFO  Train:    3/4 ( 75%) [13667/13891 ( 98%)]  Loss: 1.169e-10 (1.08e-10)  LR: 6.865e-05  Time cost: 37:49/00:37 [1:55:08/39:03]  Acc_iter 41450       Data time: 0.01(0.02)  Forward time: 0.14(0.15)  Batch time: 0.15(0.17)
2026-07-27 11:43:03,022   INFO  Train:    3/4 ( 75%) [13717/13891 ( 99%)]  Loss: 9.397e-11 (1.08e-10)  LR: 6.820e-05  Time cost: 37:57/00:28 [1:55:16/38:54]  Acc_iter 41500       Data time: 0.01(0.02)  Forward time: 0.15(0.15)  Batch time: 0.16(0.17)
2026-07-27 11:43:11,009   INFO  Train:    3/4 ( 75%) [13767/13891 ( 99%)]  Loss: 1.213e-10 (1.08e-10)  LR: 6.776e-05  Time cost: 38:05/00:20 [1:55:24/38:46]  Acc_iter 41550       Data time: 0.02(0.02)  Forward time: 0.13(0.15)  Batch time: 0.14(0.17)
2026-07-27 11:43:11,446   INFO  a1e06a0b30c0                Mon Jul 27 11:43:11 2026  580.173.02
[0] NVIDIA GeForce RTX 3070 | 68°C,  76 % |  4974 /  8192 MB | root(4242M)

2026-07-27 11:43:20,354   INFO  Train:    3/4 ( 75%) [13817/13891 ( 99%)]  Loss: 1.007e-10 (1.08e-10)  LR: 6.732e-05  Time cost: 38:14/00:12 [1:55:33/38:38]  Acc_iter 41600       Data time: 0.02(0.02)  Forward time: 0.25(0.15)  Batch time: 0.27(0.17)
2026-07-27 11:43:29,288   INFO  Train:    3/4 ( 75%) [13867/13891 (100%)]  Loss: 1.116e-10 (1.08e-10)  LR: 6.688e-05  Time cost: 38:23/00:03 [1:55:42/38:31]  Acc_iter 41650       Data time: 0.01(0.02)  Forward time: 0.13(0.15)  Batch time: 0.15(0.17)
2026-07-27 11:43:32,812   INFO  Train:    3/4 ( 75%) [13890/13891 (100%)]  Loss: 1.327e-10 (1.08e-10)  LR: 6.667e-05  Time cost: 38:27/00:00 [1:55:46/38:27]  Acc_iter 41673       Data time: 0.01(0.02)  Forward time: 0.10(0.15)  Batch time: 0.11(0.17)
2026-07-27 11:43:34,215   INFO  Train:    4/4 (100%) [   0/13891 (  0%)]  Loss: 1.059e-10 (1.06e-10)  LR: 6.666e-05  Time cost: 00:00/3:48:03 [1:55:47/3:48:03]  Acc_iter 41674       Data time: 0.74(0.74)  Forward time: 0.24(0.24)  Batch time: 0.98(0.98)
2026-07-27 11:43:38,979   INFO  Train:    4/4 (100%) [  26/13891 (  0%)]  Loss: 1.114e-10 (1.10e-10)  LR: 6.644e-05  Time cost: 00:05/49:11 [1:55:52/49:11]  Acc_iter 41700       Data time: 0.00(0.04)  Forward time: 0.14(0.17)  Batch time: 0.14(0.21)
2026-07-27 11:43:39,330   INFO  a1e06a0b30c0                Mon Jul 27 11:43:39 2026  580.173.02
[0] NVIDIA GeForce RTX 3070 | 65°C,  74 % |  4974 /  8192 MB | root(4242M)

2026-07-27 11:43:47,611   INFO  Train:    4/4 (100%) [  76/13891 (  1%)]  Loss: 1.216e-10 (1.09e-10)  LR: 6.600e-05  Time cost: 00:14/43:00 [1:56:00/43:00]  Acc_iter 41750       Data time: 0.03(0.03)  Forward time: 0.15(0.16)  Batch time: 0.18(0.19)
2026-07-27 11:43:56,138   INFO  Train:    4/4 (100%) [ 126/13891 (  1%)]  Loss: 1.058e-10 (1.11e-10)  LR: 6.556e-05  Time cost: 00:22/41:22 [1:56:09/41:22]  Acc_iter 41800       Data time: 0.01(0.02)  Forward time: 0.16(0.16)  Batch time: 0.17(0.18)
2026-07-27 11:44:04,882   INFO  Train:    4/4 (100%) [ 176/13891 (  1%)]  Loss: 9.312e-11 (1.10e-10)  LR: 6.512e-05  Time cost: 00:31/40:52 [1:56:18/40:52]  Acc_iter 41850       Data time: 0.03(0.02)  Forward time: 0.17(0.16)  Batch time: 0.20(0.18)
2026-07-27 11:44:05,239   INFO  a1e06a0b30c0                Mon Jul 27 11:44:05 2026  580.173.02
[0] NVIDIA GeForce RTX 3070 | 65°C,  78 % |  4974 /  8192 MB | root(4242M)

2026-07-27 11:44:13,949   INFO  Train:    4/4 (100%) [ 226/13891 (  2%)]  Loss: 1.335e-10 (1.09e-10)  LR: 6.468e-05  Time cost: 00:40/40:51 [1:56:27/40:51]  Acc_iter 41900       Data time: 0.02(0.02)  Forward time: 0.14(0.16)  Batch time: 0.15(0.18)
2026-07-27 11:44:23,661   INFO  Train:    4/4 (100%) [ 276/13891 (  2%)]  Loss: 1.141e-10 (1.09e-10)  LR: 6.425e-05  Time cost: 00:50/41:18 [1:56:36/41:18]  Acc_iter 41950       Data time: 0.02(0.02)  Forward time: 0.20(0.16)  Batch time: 0.22(0.18)
2026-07-27 11:44:33,281   INFO  Train:    4/4 (100%) [ 326/13891 (  2%)]  Loss: 1.016e-10 (1.09e-10)  LR: 6.381e-05  Time cost: 01:00/41:31 [1:56:46/41:31]  Acc_iter 42000       Data time: 0.02(0.02)  Forward time: 0.23(0.16)  Batch time: 0.25(0.18)
2026-07-27 11:44:33,662   INFO  a1e06a0b30c0                Mon Jul 27 11:44:33 2026  580.173.02
[0] NVIDIA GeForce RTX 3070 | 63°C,  86 % |  4974 /  8192 MB | root(4242M)

2026-07-27 11:44:42,473   INFO  Train:    4/4 (100%) [ 376/13891 (  3%)]  Loss: 1.034e-10 (1.09e-10)  LR: 6.338e-05  Time cost: 01:09/41:22 [1:56:55/41:22]  Acc_iter 42050       Data time: 0.02(0.02)  Forward time: 0.14(0.16)  Batch time: 0.17(0.18)
2026-07-27 11:44:50,570   INFO  Train:    4/4 (100%) [ 426/13891 (  3%)]  Loss: 9.096e-11 (1.09e-10)  LR: 6.295e-05  Time cost: 01:17/40:38 [1:57:03/40:38]  Acc_iter 42100       Data time: 0.02(0.02)  Forward time: 0.13(0.16)  Batch time: 0.15(0.18)
2026-07-27 11:44:59,369   INFO  Train:    4/4 (100%) [ 476/13891 (  3%)]  Loss: 9.521e-11 (1.09e-10)  LR: 6.252e-05  Time cost: 01:26/40:22 [1:57:12/40:22]  Acc_iter 42150       Data time: 0.02(0.02)  Forward time: 0.14(0.16)  Batch time: 0.16(0.18)
2026-07-27 11:44:59,716   INFO  a1e06a0b30c0                Mon Jul 27 11:44:59 2026  580.173.02
[0] NVIDIA GeForce RTX 3070 | 64°C,  90 % |  4974 /  8192 MB | root(4242M)

2026-07-27 11:45:08,128   INFO  Train:    4/4 (100%) [ 526/13891 (  4%)]  Loss: 1.378e-10 (1.10e-10)  LR: 6.209e-05  Time cost: 01:34/40:06 [1:57:21/40:06]  Acc_iter 42200       Data time: 0.01(0.02)  Forward time: 0.25(0.16)  Batch time: 0.26(0.18)
2026-07-27 11:45:16,971   INFO  Train:    4/4 (100%) [ 576/13891 (  4%)]  Loss: 1.021e-10 (1.10e-10)  LR: 6.166e-05  Time cost: 01:43/39:53 [1:57:30/39:53]  Acc_iter 42250       Data time: 0.01(0.02)  Forward time: 0.14(0.16)  Batch time: 0.14(0.18)
2026-07-27 11:45:26,251   INFO  Train:    4/4 (100%) [ 626/13891 (  5%)]  Loss: 1.151e-10 (1.10e-10)  LR: 6.123e-05  Time cost: 01:53/39:51 [1:57:39/39:51]  Acc_iter 42300       Data time: 0.01(0.02)  Forward time: 0.18(0.16)  Batch time: 0.19(0.18)
2026-07-27 11:45:26,701   INFO  a1e06a0b30c0                Mon Jul 27 11:45:26 2026  580.173.02
[0] NVIDIA GeForce RTX 3070 | 65°C,  88 % |  4974 /  8192 MB | root(4242M)

2026-07-27 11:45:36,686   INFO  Train:    4/4 (100%) [ 676/13891 (  5%)]  Loss: 1.045e-10 (1.10e-10)  LR: 6.080e-05  Time cost: 02:03/40:09 [1:57:50/40:09]  Acc_iter 42350       Data time: 0.00(0.02)  Forward time: 0.15(0.16)  Batch time: 0.15(0.18)
2026-07-27 11:45:45,768   INFO  Train:    4/4 (100%) [ 726/13891 (  5%)]  Loss: 1.071e-10 (1.09e-10)  LR: 6.038e-05  Time cost: 02:12/40:00 [1:57:59/40:00]  Acc_iter 42400       Data time: 0.01(0.02)  Forward time: 0.24(0.16)  Batch time: 0.25(0.18)
2026-07-27 11:45:54,094   INFO  Train:    4/4 (100%) [ 776/13891 (  6%)]  Loss: 8.654e-11 (1.09e-10)  LR: 5.995e-05  Time cost: 02:20/39:37 [1:58:07/39:37]  Acc_iter 42450       Data time: 0.01(0.02)  Forward time: 0.13(0.16)  Batch time: 0.15(0.18)
2026-07-27 11:45:54,476   INFO  a1e06a0b30c0                Mon Jul 27 11:45:54 2026  580.173.02
[0] NVIDIA GeForce RTX 3070 | 66°C,  67 % |  4974 /  8192 MB | root(4242M)

2026-07-27 11:46:02,943   INFO  Train:    4/4 (100%) [ 826/13891 (  6%)]  Loss: 1.264e-10 (1.10e-10)  LR: 5.953e-05  Time cost: 02:29/39:25 [1:58:16/39:25]  Acc_iter 42500       Data time: 0.02(0.02)  Forward time: 0.19(0.16)  Batch time: 0.21(0.18)
2026-07-27 11:46:11,293   INFO  Train:    4/4 (100%) [ 876/13891 (  6%)]  Loss: 1.012e-10 (1.09e-10)  LR: 5.911e-05  Time cost: 02:38/39:05 [1:58:24/39:05]  Acc_iter 42550       Data time: 0.01(0.02)  Forward time: 0.15(0.16)  Batch time: 0.16(0.18)
2026-07-27 11:46:19,918   INFO  Train:    4/4 (100%) [ 926/13891 (  7%)]  Loss: 1.073e-10 (1.09e-10)  LR: 5.869e-05  Time cost: 02:46/38:51 [1:58:33/38:51]  Acc_iter 42600       Data time: 0.02(0.02)  Forward time: 0.20(0.16)  Batch time: 0.21(0.18)
2026-07-27 11:46:20,270   INFO  a1e06a0b30c0                Mon Jul 27 11:46:20 2026  580.173.02
[0] NVIDIA GeForce RTX 3070 | 62°C,  92 % |  4974 /  8192 MB | root(4242M)

2026-07-27 11:46:28,815   INFO  Train:    4/4 (100%) [ 976/13891 (  7%)]  Loss: 1.043e-10 (1.09e-10)  LR: 5.827e-05  Time cost: 02:55/38:41 [1:58:42/38:41]  Acc_iter 42650       Data time: 0.01(0.02)  Forward time: 0.18(0.16)  Batch time: 0.19(0.18)
2026-07-27 11:46:38,207   INFO  Train:    4/4 (100%) [1026/13891 (  7%)]  Loss: 1.038e-10 (1.09e-10)  LR: 5.785e-05  Time cost: 03:04/38:37 [1:58:51/38:37]  Acc_iter 42700       Data time: 0.02(0.02)  Forward time: 0.25(0.16)  Batch time: 0.27(0.18)
2026-07-27 11:46:47,458   INFO  Train:    4/4 (100%) [1076/13891 (  8%)]  Loss: 9.100e-11 (1.09e-10)  LR: 5.743e-05  Time cost: 03:14/38:31 [1:59:00/38:31]  Acc_iter 42750       Data time: 0.02(0.02)  Forward time: 0.17(0.16)  Batch time: 0.20(0.18)
2026-07-27 11:46:47,820   INFO  a1e06a0b30c0                Mon Jul 27 11:46:47 2026  580.173.02
[0] NVIDIA GeForce RTX 3070 | 62°C,  24 % |  4974 /  8192 MB | root(4242M)

2026-07-27 11:46:55,968   INFO  Train:    4/4 (100%) [1126/13891 (  8%)]  Loss: 8.871e-11 (1.09e-10)  LR: 5.701e-05  Time cost: 03:22/38:16 [1:59:09/38:16]  Acc_iter 42800       Data time: 0.02(0.02)  Forward time: 0.15(0.16)  Batch time: 0.16(0.18)
2026-07-27 11:47:04,060   INFO  Train:    4/4 (100%) [1176/13891 (  8%)]  Loss: 1.137e-10 (1.09e-10)  LR: 5.660e-05  Time cost: 03:30/37:57 [1:59:17/37:57]  Acc_iter 42850       Data time: 0.00(0.02)  Forward time: 0.16(0.16)  Batch time: 0.16(0.18)
2026-07-27 11:47:12,239   INFO  Train:    4/4 (100%) [1226/13891 (  9%)]  Loss: 1.016e-10 (1.09e-10)  LR: 5.618e-05  Time cost: 03:39/37:40 [1:59:25/37:40]  Acc_iter 42900       Data time: 0.02(0.02)  Forward time: 0.15(0.16)  Batch time: 0.17(0.18)
2026-07-27 11:47:12,582   INFO  a1e06a0b30c0                Mon Jul 27 11:47:12 2026  580.173.02
[0] NVIDIA GeForce RTX 3070 | 67°C,  91 % |  4974 /  8192 MB | root(4242M)

2026-07-27 11:47:21,049   INFO  Train:    4/4 (100%) [1276/13891 (  9%)]  Loss: 1.028e-10 (1.09e-10)  LR: 5.577e-05  Time cost: 03:47/37:30 [1:59:34/37:30]  Acc_iter 42950       Data time: 0.04(0.02)  Forward time: 0.15(0.16)  Batch time: 0.19(0.18)
2026-07-27 11:47:29,649   INFO  Train:    4/4 (100%) [1326/13891 ( 10%)]  Loss: 9.860e-11 (1.09e-10)  LR: 5.536e-05  Time cost: 03:56/37:18 [1:59:42/37:18]  Acc_iter 43000       Data time: 0.02(0.02)  Forward time: 0.13(0.16)  Batch time: 0.15(0.18)
2026-07-27 11:47:38,558   INFO  Train:    4/4 (100%) [1376/13891 ( 10%)]  Loss: 9.431e-11 (1.09e-10)  LR: 5.495e-05  Time cost: 04:05/37:09 [1:59:51/37:09]  Acc_iter 43050       Data time: 0.02(0.02)  Forward time: 0.16(0.16)  Batch time: 0.18(0.18)
2026-07-27 11:47:38,969   INFO  a1e06a0b30c0                Mon Jul 27 11:47:38 2026  580.173.02
[0] NVIDIA GeForce RTX 3070 | 67°C,  39 % |  4974 /  8192 MB | root(4242M)

2026-07-27 11:47:48,546   INFO  Train:    4/4 (100%) [1426/13891 ( 10%)]  Loss: 1.032e-10 (1.09e-10)  LR: 5.454e-05  Time cost: 04:15/37:10 [2:00:01/37:10]  Acc_iter 43100       Data time: 0.02(0.02)  Forward time: 0.14(0.16)  Batch time: 0.16(0.18)
2026-07-27 11:47:57,500   INFO  Train:    4/4 (100%) [1476/13891 ( 11%)]  Loss: 1.152e-10 (1.09e-10)  LR: 5.413e-05  Time cost: 04:24/37:01 [2:00:10/37:01]  Acc_iter 43150       Data time: 0.01(0.02)  Forward time: 0.16(0.16)  Batch time: 0.17(0.18)
2026-07-27 11:48:05,663   INFO  Train:    4/4 (100%) [1526/13891 ( 11%)]  Loss: 1.115e-10 (1.09e-10)  LR: 5.372e-05  Time cost: 04:32/36:46 [2:00:18/36:46]  Acc_iter 43200       Data time: 0.00(0.02)  Forward time: 0.14(0.16)  Batch time: 0.14(0.18)
2026-07-27 11:48:06,011   INFO  a1e06a0b30c0                Mon Jul 27 11:48:05 2026  580.173.02
[0] NVIDIA GeForce RTX 3070 | 64°C,  82 % |  4974 /  8192 MB | root(4242M)

2026-07-27 11:48:14,128   INFO  Train:    4/4 (100%) [1576/13891 ( 11%)]  Loss: 9.713e-11 (1.09e-10)  LR: 5.332e-05  Time cost: 04:40/36:33 [2:00:27/36:33]  Acc_iter 43250       Data time: 0.04(0.02)  Forward time: 0.14(0.16)  Batch time: 0.18(0.18)
2026-07-27 11:48:22,170   INFO  Train:    4/4 (100%) [1626/13891 ( 12%)]  Loss: 9.402e-11 (1.09e-10)  LR: 5.291e-05  Time cost: 04:48/36:18 [2:00:35/36:18]  Acc_iter 43300       Data time: 0.03(0.02)  Forward time: 0.14(0.16)  Batch time: 0.16(0.18)
2026-07-27 11:48:30,726   INFO  Train:    4/4 (100%) [1676/13891 ( 12%)]  Loss: 1.080e-10 (1.09e-10)  LR: 5.251e-05  Time cost: 04:57/36:06 [2:00:44/36:06]  Acc_iter 43350       Data time: 0.01(0.02)  Forward time: 0.15(0.16)  Batch time: 0.16(0.18)
2026-07-27 11:48:31,096   INFO  a1e06a0b30c0                Mon Jul 27 11:48:31 2026  580.173.02
[0] NVIDIA GeForce RTX 3070 | 67°C,  85 % |  4974 /  8192 MB | root(4242M)

2026-07-27 11:48:33,402   INFO  Save latest model to /OpenPCDet/output/OpenPCDet/tools/cfgs/models/S/D/S_D_N/unfrozen_backbone_1_9/ckpt/latest_model
2026-07-27 11:48:39,642   INFO  Train:    4/4 (100%) [1726/13891 ( 12%)]  Loss: 1.134e-10 (1.09e-10)  LR: 5.211e-05  Time cost: 05:06/35:58 [2:00:52/35:58]  Acc_iter 43400       Data time: 0.02(0.02)  Forward time: 0.17(0.16)  Batch time: 0.19(0.18)
2026-07-27 11:48:49,119   INFO  Train:    4/4 (100%) [1776/13891 ( 13%)]  Loss: 8.464e-11 (1.09e-10)  LR: 5.171e-05  Time cost: 05:15/35:53 [2:01:02/35:53]  Acc_iter 43450       Data time: 0.02(0.02)  Forward time: 0.16(0.16)  Batch time: 0.18(0.18)
2026-07-27 11:48:58,666   INFO  Train:    4/4 (100%) [1826/13891 ( 13%)]  Loss: 1.326e-10 (1.09e-10)  LR: 5.131e-05  Time cost: 05:25/35:49 [2:01:11/35:49]  Acc_iter 43500       Data time: 0.04(0.02)  Forward time: 0.14(0.16)  Batch time: 0.18(0.18)
2026-07-27 11:48:59,025   INFO  a1e06a0b30c0                Mon Jul 27 11:48:59 2026  580.173.02
[0] NVIDIA GeForce RTX 3070 | 66°C,  73 % |  4974 /  8192 MB | root(4242M)

2026-07-27 11:49:07,332   INFO  Train:    4/4 (100%) [1876/13891 ( 14%)]  Loss: 1.027e-10 (1.09e-10)  LR: 5.091e-05  Time cost: 05:34/35:38 [2:01:20/35:38]  Acc_iter 43550       Data time: 0.02(0.02)  Forward time: 0.18(0.16)  Batch time: 0.19(0.18)
2026-07-27 11:49:15,188   INFO  Train:    4/4 (100%) [1926/13891 ( 14%)]  Loss: 1.259e-10 (1.09e-10)  LR: 5.051e-05  Time cost: 05:41/35:23 [2:01:28/35:23]  Acc_iter 43600       Data time: 0.02(0.02)  Forward time: 0.15(0.16)  Batch time: 0.17(0.18)
2026-07-27 11:49:23,484   INFO  Train:    4/4 (100%) [1976/13891 ( 14%)]  Loss: 1.057e-10 (1.09e-10)  LR: 5.012e-05  Time cost: 05:50/35:10 [2:01:36/35:10]  Acc_iter 43650       Data time: 0.01(0.02)  Forward time: 0.14(0.16)  Batch time: 0.15(0.18)
2026-07-27 11:49:23,837   INFO  a1e06a0b30c0                Mon Jul 27 11:49:23 2026  580.173.02
[0] NVIDIA GeForce RTX 3070 | 63°C,   7 % |  4975 /  8192 MB | root(4242M)

2026-07-27 11:49:32,044   INFO  Train:    4/4 (100%) [2026/13891 ( 15%)]  Loss: 1.073e-10 (1.09e-10)  LR: 4.972e-05  Time cost: 05:58/35:00 [2:01:45/35:00]  Acc_iter 43700       Data time: 0.01(0.02)  Forward time: 0.15(0.16)  Batch time: 0.16(0.18)
2026-07-27 11:49:40,436   INFO  Train:    4/4 (100%) [2076/13891 ( 15%)]  Loss: 9.292e-11 (1.09e-10)  LR: 4.933e-05  Time cost: 06:07/34:48 [2:01:53/34:48]  Acc_iter 43750       Data time: 0.01(0.02)  Forward time: 0.14(0.16)  Batch time: 0.15(0.18)
2026-07-27 11:49:49,497   INFO  Train:    4/4 (100%) [2126/13891 ( 15%)]  Loss: 9.772e-11 (1.09e-10)  LR: 4.893e-05  Time cost: 06:16/34:41 [2:02:02/34:41]  Acc_iter 43800       Data time: 0.02(0.02)  Forward time: 0.20(0.16)  Batch time: 0.21(0.18)
2026-07-27 11:49:49,903   INFO  a1e06a0b30c0                Mon Jul 27 11:49:49 2026  580.173.02
[0] NVIDIA GeForce RTX 3070 | 63°C,  21 % |  4974 /  8192 MB | root(4242M)

2026-07-27 11:49:59,567   INFO  Train:    4/4 (100%) [2176/13891 ( 16%)]  Loss: 9.669e-11 (1.09e-10)  LR: 4.854e-05  Time cost: 06:26/34:38 [2:02:12/34:38]  Acc_iter 43850       Data time: 0.02(0.02)  Forward time: 0.27(0.16)  Batch time: 0.28(0.18)
2026-07-27 11:50:08,541   INFO  Train:    4/4 (100%) [2226/13891 ( 16%)]  Loss: 1.273e-10 (1.09e-10)  LR: 4.815e-05  Time cost: 06:35/34:30 [2:02:21/34:30]  Acc_iter 43900       Data time: 0.00(0.02)  Forward time: 0.17(0.16)  Batch time: 0.17(0.18)
2026-07-27 11:50:16,878   INFO  Train:    4/4 (100%) [2276/13891 ( 16%)]  Loss: 1.094e-10 (1.09e-10)  LR: 4.777e-05  Time cost: 06:43/34:19 [2:02:30/34:19]  Acc_iter 43950       Data time: 0.01(0.02)  Forward time: 0.14(0.16)  Batch time: 0.15(0.18)
2026-07-27 11:50:17,238   INFO  a1e06a0b30c0                Mon Jul 27 11:50:17 2026  580.173.02
[0] NVIDIA GeForce RTX 3070 | 67°C,  91 % |  4974 /  8192 MB | root(4242M)

2026-07-27 11:50:25,571   INFO  Train:    4/4 (100%) [2326/13891 ( 17%)]  Loss: 1.594e-10 (1.09e-10)  LR: 4.738e-05  Time cost: 06:52/34:09 [2:02:38/34:09]  Acc_iter 44000       Data time: 0.01(0.02)  Forward time: 0.22(0.16)  Batch time: 0.23(0.18)
2026-07-27 11:50:33,843   INFO  Train:    4/4 (100%) [2376/13891 ( 17%)]  Loss: 1.021e-10 (1.09e-10)  LR: 4.699e-05  Time cost: 07:00/33:57 [2:02:47/33:57]  Acc_iter 44050       Data time: 0.01(0.02)  Forward time: 0.23(0.16)  Batch time: 0.24(0.18)
2026-07-27 11:50:42,383   INFO  Train:    4/4 (100%) [2426/13891 ( 17%)]  Loss: 9.606e-11 (1.09e-10)  LR: 4.661e-05  Time cost: 07:09/33:47 [2:02:55/33:47]  Acc_iter 44100       Data time: 0.01(0.02)  Forward time: 0.18(0.16)  Batch time: 0.19(0.18)
2026-07-27 11:50:42,736   INFO  a1e06a0b30c0                Mon Jul 27 11:50:42 2026  580.173.02
[0] NVIDIA GeForce RTX 3070 | 66°C,  54 % |  4974 /  8192 MB | root(4242M)

2026-07-27 11:50:50,971   INFO  Train:    4/4 (100%) [2476/13891 ( 18%)]  Loss: 1.001e-10 (1.09e-10)  LR: 4.622e-05  Time cost: 07:17/33:37 [2:03:04/33:37]  Acc_iter 44150       Data time: 0.01(0.02)  Forward time: 0.15(0.16)  Batch time: 0.16(0.18)
2026-07-27 11:51:00,162   INFO  Train:    4/4 (100%) [2526/13891 ( 18%)]  Loss: 1.134e-10 (1.09e-10)  LR: 4.584e-05  Time cost: 07:26/33:30 [2:03:13/33:30]  Acc_iter 44200       Data time: 0.01(0.02)  Forward time: 0.14(0.16)  Batch time: 0.16(0.18)
2026-07-27 11:51:09,581   INFO  Train:    4/4 (100%) [2576/13891 ( 19%)]  Loss: 1.152e-10 (1.09e-10)  LR: 4.546e-05  Time cost: 07:36/33:23 [2:03:22/33:23]  Acc_iter 44250       Data time: 0.00(0.02)  Forward time: 0.14(0.16)  Batch time: 0.14(0.18)
2026-07-27 11:51:09,949   INFO  a1e06a0b30c0                Mon Jul 27 11:51:09 2026  580.173.02
[0] NVIDIA GeForce RTX 3070 | 67°C,  93 % |  4974 /  8192 MB | root(4242M)

2026-07-27 11:51:18,229   INFO  Train:    4/4 (100%) [2626/13891 ( 19%)]  Loss: 1.098e-10 (1.10e-10)  LR: 4.508e-05  Time cost: 07:44/33:13 [2:03:31/33:13]  Acc_iter 44300       Data time: 0.00(0.02)  Forward time: 0.14(0.16)  Batch time: 0.14(0.18)
2026-07-27 11:51:26,276   INFO  Train:    4/4 (100%) [2676/13891 ( 19%)]  Loss: 1.388e-10 (1.09e-10)  LR: 4.470e-05  Time cost: 07:53/33:01 [2:03:39/33:01]  Acc_iter 44350       Data time: 0.00(0.02)  Forward time: 0.16(0.16)  Batch time: 0.17(0.18)
2026-07-27 11:51:34,503   INFO  Train:    4/4 (100%) [2726/13891 ( 20%)]  Loss: 1.415e-10 (1.09e-10)  LR: 4.433e-05  Time cost: 08:01/32:50 [2:03:47/32:50]  Acc_iter 44400       Data time: 0.00(0.02)  Forward time: 0.14(0.16)  Batch time: 0.14(0.18)
2026-07-27 11:51:34,849   INFO  a1e06a0b30c0                Mon Jul 27 11:51:34 2026  580.173.02
[0] NVIDIA GeForce RTX 3070 | 65°C,   5 % |  4974 /  8192 MB | root(4242M)

2026-07-27 11:51:42,863   INFO  Train:    4/4 (100%) [2776/13891 ( 20%)]  Loss: 1.108e-10 (1.09e-10)  LR: 4.395e-05  Time cost: 08:09/32:39 [2:03:56/32:39]  Acc_iter 44450       Data time: 0.04(0.02)  Forward time: 0.13(0.16)  Batch time: 0.18(0.18)
2026-07-27 11:51:51,417   INFO  Train:    4/4 (100%) [2826/13891 ( 20%)]  Loss: 1.013e-10 (1.09e-10)  LR: 4.358e-05  Time cost: 08:18/32:29 [2:04:04/32:29]  Acc_iter 44500       Data time: 0.02(0.02)  Forward time: 0.13(0.16)  Batch time: 0.15(0.18)
2026-07-27 11:52:00,250   INFO  Train:    4/4 (100%) [2876/13891 ( 21%)]  Loss: 1.145e-10 (1.09e-10)  LR: 4.320e-05  Time cost: 08:27/32:21 [2:04:13/32:21]  Acc_iter 44550       Data time: 0.02(0.02)  Forward time: 0.14(0.16)  Batch time: 0.16(0.18)
2026-07-27 11:52:00,621   INFO  a1e06a0b30c0                Mon Jul 27 11:52:00 2026  580.173.02
[0] NVIDIA GeForce RTX 3070 | 67°C,  37 % |  4974 /  8192 MB | root(4242M)

2026-07-27 11:52:10,273   INFO  Train:    4/4 (100%) [2926/13891 ( 21%)]  Loss: 9.913e-11 (1.09e-10)  LR: 4.283e-05  Time cost: 08:37/32:16 [2:04:23/32:16]  Acc_iter 44600       Data time: 0.01(0.02)  Forward time: 0.18(0.16)  Batch time: 0.20(0.18)
2026-07-27 11:52:19,246   INFO  Train:    4/4 (100%) [2976/13891 ( 21%)]  Loss: 9.098e-11 (1.09e-10)  LR: 4.246e-05  Time cost: 08:46/32:08 [2:04:32/32:08]  Acc_iter 44650       Data time: 0.01(0.02)  Forward time: 0.23(0.16)  Batch time: 0.24(0.18)
2026-07-27 11:52:27,457   INFO  Train:    4/4 (100%) [3026/13891 ( 22%)]  Loss: 1.285e-10 (1.10e-10)  LR: 4.209e-05  Time cost: 08:54/31:57 [2:04:40/31:57]  Acc_iter 44700       Data time: 0.02(0.02)  Forward time: 0.18(0.16)  Batch time: 0.20(0.18)
2026-07-27 11:52:27,815   INFO  a1e06a0b30c0                Mon Jul 27 11:52:27 2026  580.173.02
[0] NVIDIA GeForce RTX 3070 | 64°C,   5 % |  4974 /  8192 MB | root(4242M)

2026-07-27 11:52:35,828   INFO  Train:    4/4 (100%) [3076/13891 ( 22%)]  Loss: 1.181e-10 (1.09e-10)  LR: 4.173e-05  Time cost: 09:02/31:47 [2:04:49/31:47]  Acc_iter 44750       Data time: 0.02(0.02)  Forward time: 0.15(0.16)  Batch time: 0.17(0.18)
2026-07-27 11:52:44,262   INFO  Train:    4/4 (100%) [3126/13891 ( 23%)]  Loss: 9.850e-11 (1.09e-10)  LR: 4.136e-05  Time cost: 09:11/31:36 [2:04:57/31:36]  Acc_iter 44800       Data time: 0.02(0.02)  Forward time: 0.22(0.16)  Batch time: 0.23(0.18)
2026-07-27 11:52:52,847   INFO  Train:    4/4 (100%) [3176/13891 ( 23%)]  Loss: 9.793e-11 (1.09e-10)  LR: 4.100e-05  Time cost: 09:19/31:27 [2:05:06/31:27]  Acc_iter 44850       Data time: 0.02(0.02)  Forward time: 0.20(0.16)  Batch time: 0.21(0.18)
2026-07-27 11:52:53,207   INFO  a1e06a0b30c0                Mon Jul 27 11:52:53 2026  580.173.02
[0] NVIDIA GeForce RTX 3070 | 67°C,  73 % |  4974 /  8192 MB | root(4242M)

2026-07-27 11:53:01,552   INFO  Train:    4/4 (100%) [3226/13891 ( 23%)]  Loss: 9.052e-11 (1.09e-10)  LR: 4.063e-05  Time cost: 09:28/31:18 [2:05:14/31:18]  Acc_iter 44900       Data time: 0.02(0.02)  Forward time: 0.14(0.16)  Batch time: 0.16(0.18)
2026-07-27 11:53:10,862   INFO  Train:    4/4 (100%) [3276/13891 ( 24%)]  Loss: 8.631e-11 (1.09e-10)  LR: 4.027e-05  Time cost: 09:37/31:11 [2:05:24/31:11]  Acc_iter 44950       Data time: 0.01(0.02)  Forward time: 0.23(0.16)  Batch time: 0.24(0.18)
2026-07-27 11:53:20,802   INFO  Train:    4/4 (100%) [3326/13891 ( 24%)]  Loss: 1.145e-10 (1.10e-10)  LR: 3.991e-05  Time cost: 09:47/31:05 [2:05:34/31:05]  Acc_iter 45000       Data time: 0.02(0.02)  Forward time: 0.27(0.16)  Batch time: 0.29(0.18)
2026-07-27 11:53:21,183   INFO  a1e06a0b30c0                Mon Jul 27 11:53:21 2026  580.173.02
[0] NVIDIA GeForce RTX 3070 | 64°C,  23 % |  4974 /  8192 MB | root(4242M)

2026-07-27 11:53:29,660   INFO  Train:    4/4 (100%) [3376/13891 ( 24%)]  Loss: 1.156e-10 (1.09e-10)  LR: 3.955e-05  Time cost: 09:56/30:57 [2:05:42/30:57]  Acc_iter 45050       Data time: 0.02(0.02)  Forward time: 0.15(0.16)  Batch time: 0.17(0.18)
2026-07-27 11:53:33,331   INFO  Save latest model to /OpenPCDet/output/OpenPCDet/tools/cfgs/models/S/D/S_D_N/unfrozen_backbone_1_9/ckpt/latest_model
2026-07-27 11:53:37,936   INFO  Train:    4/4 (100%) [3426/13891 ( 25%)]  Loss: 9.639e-11 (1.10e-10)  LR: 3.919e-05  Time cost: 10:04/30:46 [2:05:51/30:46]  Acc_iter 45100       Data time: 0.01(0.02)  Forward time: 0.15(0.16)  Batch time: 0.16(0.18)
2026-07-27 11:53:46,172   INFO  Train:    4/4 (100%) [3476/13891 ( 25%)]  Loss: 1.054e-10 (1.09e-10)  LR: 3.884e-05  Time cost: 10:12/30:36 [2:05:59/30:36]  Acc_iter 45150       Data time: 0.00(0.02)  Forward time: 0.14(0.16)  Batch time: 0.15(0.18)
2026-07-27 11:53:46,524   INFO  a1e06a0b30c0                Mon Jul 27 11:53:46 2026  580.173.02
[0] NVIDIA GeForce RTX 3070 | 68°C,  87 % |  4974 /  8192 MB | root(4242M)

2026-07-27 11:53:54,648   INFO  Train:    4/4 (100%) [3526/13891 ( 25%)]  Loss: 1.032e-10 (1.09e-10)  LR: 3.848e-05  Time cost: 10:21/30:26 [2:06:07/30:26]  Acc_iter 45200       Data time: 0.00(0.02)  Forward time: 0.15(0.16)  Batch time: 0.15(0.18)
2026-07-27 11:54:03,185   INFO  Train:    4/4 (100%) [3576/13891 ( 26%)]  Loss: 1.156e-10 (1.09e-10)  LR: 3.813e-05  Time cost: 10:29/30:16 [2:06:16/30:16]  Acc_iter 45250       Data time: 0.02(0.02)  Forward time: 0.14(0.16)  Batch time: 0.15(0.18)
2026-07-27 11:54:11,757   INFO  Train:    4/4 (100%) [3626/13891 ( 26%)]  Loss: 1.521e-10 (1.10e-10)  LR: 3.777e-05  Time cost: 10:38/30:07 [2:06:25/30:07]  Acc_iter 45300       Data time: 0.01(0.02)  Forward time: 0.21(0.16)  Batch time: 0.23(0.18)
2026-07-27 11:54:12,179   INFO  a1e06a0b30c0                Mon Jul 27 11:54:12 2026  580.173.02
[0] NVIDIA GeForce RTX 3070 | 63°C,  50 % |  4974 /  8192 MB | root(4242M)

2026-07-27 11:54:21,453   INFO  Train:    4/4 (100%) [3676/13891 ( 26%)]  Loss: 1.100e-10 (1.09e-10)  LR: 3.742e-05  Time cost: 10:48/30:00 [2:06:34/30:00]  Acc_iter 45350       Data time: 0.01(0.02)  Forward time: 0.19(0.16)  Batch time: 0.20(0.18)
2026-07-27 11:54:30,724   INFO  Train:    4/4 (100%) [3726/13891 ( 27%)]  Loss: 9.448e-11 (1.09e-10)  LR: 3.707e-05  Time cost: 10:57/29:53 [2:06:44/29:53]  Acc_iter 45400       Data time: 0.02(0.02)  Forward time: 0.19(0.16)  Batch time: 0.20(0.18)
2026-07-27 11:54:39,052   INFO  Train:    4/4 (100%) [3776/13891 ( 27%)]  Loss: 1.097e-10 (1.09e-10)  LR: 3.673e-05  Time cost: 11:05/29:43 [2:06:52/29:43]  Acc_iter 45450       Data time: 0.02(0.02)  Forward time: 0.15(0.16)  Batch time: 0.17(0.18)
2026-07-27 11:54:39,408   INFO  a1e06a0b30c0                Mon Jul 27 11:54:39 2026  580.173.02
[0] NVIDIA GeForce RTX 3070 | 64°C,  85 % |  4974 /  8192 MB | root(4242M)

2026-07-27 11:54:47,382   INFO  Train:    4/4 (100%) [3826/13891 ( 28%)]  Loss: 1.077e-10 (1.09e-10)  LR: 3.638e-05  Time cost: 11:14/29:33 [2:07:00/29:33]  Acc_iter 45500       Data time: 0.00(0.02)  Forward time: 0.15(0.16)  Batch time: 0.16(0.18)
2026-07-27 11:54:55,632   INFO  Train:    4/4 (100%) [3876/13891 ( 28%)]  Loss: 1.418e-10 (1.09e-10)  LR: 3.603e-05  Time cost: 11:22/29:22 [2:07:08/29:22]  Acc_iter 45550       Data time: 0.02(0.02)  Forward time: 0.14(0.16)  Batch time: 0.16(0.18)
2026-07-27 11:55:04,016   INFO  Train:    4/4 (100%) [3926/13891 ( 28%)]  Loss: 1.026e-10 (1.09e-10)  LR: 3.569e-05  Time cost: 11:30/29:12 [2:07:17/29:12]  Acc_iter 45600       Data time: 0.02(0.02)  Forward time: 0.20(0.16)  Batch time: 0.21(0.18)
2026-07-27 11:55:04,431   INFO  a1e06a0b30c0                Mon Jul 27 11:55:04 2026  580.173.02
[0] NVIDIA GeForce RTX 3070 | 63°C,  67 % |  4974 /  8192 MB | root(4242M)

2026-07-27 11:55:12,854   INFO  Train:    4/4 (100%) [3976/13891 ( 29%)]  Loss: 1.253e-10 (1.09e-10)  LR: 3.535e-05  Time cost: 11:39/29:04 [2:07:26/29:04]  Acc_iter 45650       Data time: 0.01(0.02)  Forward time: 0.14(0.16)  Batch time: 0.15(0.18)
2026-07-27 11:55:21,814   INFO  Train:    4/4 (100%) [4026/13891 ( 29%)]  Loss: 1.018e-10 (1.09e-10)  LR: 3.501e-05  Time cost: 11:48/28:55 [2:07:35/28:55]  Acc_iter 45700       Data time: 0.01(0.02)  Forward time: 0.13(0.16)  Batch time: 0.14(0.18)
2026-07-27 11:55:31,612   INFO  Train:    4/4 (100%) [4076/13891 ( 29%)]  Loss: 9.565e-11 (1.09e-10)  LR: 3.467e-05  Time cost: 11:58/28:49 [2:07:44/28:49]  Acc_iter 45750       Data time: 0.02(0.02)  Forward time: 0.19(0.16)  Batch time: 0.21(0.18)
2026-07-27 11:55:32,015   INFO  a1e06a0b30c0                Mon Jul 27 11:55:31 2026  580.173.02
[0] NVIDIA GeForce RTX 3070 | 65°C,  93 % |  4974 /  8192 MB | root(4242M)

2026-07-27 11:55:40,683   INFO  Train:    4/4 (100%) [4126/13891 ( 30%)]  Loss: 8.917e-11 (1.09e-10)  LR: 3.433e-05  Time cost: 12:07/28:41 [2:07:54/28:41]  Acc_iter 45800       Data time: 0.05(0.02)  Forward time: 0.16(0.16)  Batch time: 0.21(0.18)
2026-07-27 11:55:48,957   INFO  Train:    4/4 (100%) [4176/13891 ( 30%)]  Loss: 1.317e-10 (1.09e-10)  LR: 3.399e-05  Time cost: 12:15/28:31 [2:08:02/28:31]  Acc_iter 45850       Data time: 0.01(0.02)  Forward time: 0.13(0.16)  Batch time: 0.14(0.18)
2026-07-27 11:55:57,148   INFO  Train:    4/4 (100%) [4226/13891 ( 30%)]  Loss: 1.169e-10 (1.10e-10)  LR: 3.366e-05  Time cost: 12:23/28:20 [2:08:10/28:20]  Acc_iter 45900       Data time: 0.00(0.02)  Forward time: 0.15(0.16)  Batch time: 0.15(0.18)
2026-07-27 11:55:57,510   INFO  a1e06a0b30c0                Mon Jul 27 11:55:57 2026  580.173.02
[0] NVIDIA GeForce RTX 3070 | 65°C,  94 % |  4974 /  8192 MB | root(4242M)

2026-07-27 11:56:05,656   INFO  Train:    4/4 (100%) [4276/13891 ( 31%)]  Loss: 1.164e-10 (1.09e-10)  LR: 3.332e-05  Time cost: 12:32/28:11 [2:08:18/28:11]  Acc_iter 45950       Data time: 0.01(0.02)  Forward time: 0.16(0.16)  Batch time: 0.17(0.18)
2026-07-27 11:56:14,152   INFO  Train:    4/4 (100%) [4326/13891 ( 31%)]  Loss: 1.198e-10 (1.09e-10)  LR: 3.299e-05  Time cost: 12:40/28:02 [2:08:27/28:02]  Acc_iter 46000       Data time: 0.02(0.02)  Forward time: 0.15(0.16)  Batch time: 0.17(0.18)
2026-07-27 11:56:22,643   INFO  Train:    4/4 (100%) [4376/13891 ( 32%)]  Loss: 1.095e-10 (1.09e-10)  LR: 3.266e-05  Time cost: 12:49/27:52 [2:08:35/27:52]  Acc_iter 46050       Data time: 0.01(0.02)  Forward time: 0.17(0.16)  Batch time: 0.19(0.18)
2026-07-27 11:56:23,051   INFO  a1e06a0b30c0                Mon Jul 27 11:56:23 2026  580.173.02
[0] NVIDIA GeForce RTX 3070 | 65°C,  68 % |  4974 /  8192 MB | root(4242M)

2026-07-27 11:56:32,391   INFO  Train:    4/4 (100%) [4426/13891 ( 32%)]  Loss: 8.963e-11 (1.09e-10)  LR: 3.233e-05  Time cost: 12:59/27:45 [2:08:45/27:45]  Acc_iter 46100       Data time: 0.02(0.02)  Forward time: 0.21(0.16)  Batch time: 0.23(0.18)
2026-07-27 11:56:41,987   INFO  Train:    4/4 (100%) [4476/13891 ( 32%)]  Loss: 1.113e-10 (1.09e-10)  LR: 3.200e-05  Time cost: 13:08/27:38 [2:08:55/27:38]  Acc_iter 46150       Data time: 0.00(0.02)  Forward time: 0.14(0.16)  Batch time: 0.14(0.18)
2026-07-27 11:56:50,343   INFO  Train:    4/4 (100%) [4526/13891 ( 33%)]  Loss: 1.209e-10 (1.09e-10)  LR: 3.168e-05  Time cost: 13:17/27:28 [2:09:03/27:28]  Acc_iter 46200       Data time: 0.02(0.02)  Forward time: 0.14(0.16)  Batch time: 0.16(0.18)
2026-07-27 11:56:50,698   INFO  a1e06a0b30c0                Mon Jul 27 11:56:50 2026  580.173.02
[0] NVIDIA GeForce RTX 3070 | 64°C,  94 % |  4974 /  8192 MB | root(4242M)

2026-07-27 11:56:58,821   INFO  Train:    4/4 (100%) [4576/13891 ( 33%)]  Loss: 1.015e-10 (1.09e-10)  LR: 3.135e-05  Time cost: 13:25/27:19 [2:09:12/27:19]  Acc_iter 46250       Data time: 0.02(0.02)  Forward time: 0.14(0.16)  Batch time: 0.16(0.18)
2026-07-27 11:57:07,355   INFO  Train:    4/4 (100%) [4626/13891 ( 33%)]  Loss: 1.158e-10 (1.09e-10)  LR: 3.103e-05  Time cost: 13:34/27:10 [2:09:20/27:10]  Acc_iter 46300       Data time: 0.00(0.02)  Forward time: 0.15(0.16)  Batch time: 0.15(0.18)
2026-07-27 11:57:15,610   INFO  Train:    4/4 (100%) [4676/13891 ( 34%)]  Loss: 1.074e-10 (1.09e-10)  LR: 3.070e-05  Time cost: 13:42/27:00 [2:09:28/27:00]  Acc_iter 46350       Data time: 0.02(0.02)  Forward time: 0.16(0.16)  Batch time: 0.19(0.18)
2026-07-27 11:57:16,110   INFO  a1e06a0b30c0                Mon Jul 27 11:57:16 2026  580.173.02
[0] NVIDIA GeForce RTX 3070 | 64°C,  67 % |  4975 /  8192 MB | root(4242M)

2026-07-27 11:57:24,738   INFO  Train:    4/4 (100%) [4726/13891 ( 34%)]  Loss: 9.615e-11 (1.09e-10)  LR: 3.038e-05  Time cost: 13:51/26:52 [2:09:38/26:52]  Acc_iter 46400       Data time: 0.00(0.02)  Forward time: 0.15(0.16)  Batch time: 0.15(0.18)
2026-07-27 11:57:33,476   INFO  Train:    4/4 (100%) [4776/13891 ( 34%)]  Loss: 1.128e-10 (1.09e-10)  LR: 3.006e-05  Time cost: 14:00/26:43 [2:09:46/26:43]  Acc_iter 46450       Data time: 0.01(0.02)  Forward time: 0.13(0.16)  Batch time: 0.14(0.18)
2026-07-27 11:57:43,084   INFO  Train:    4/4 (100%) [4826/13891 ( 35%)]  Loss: 9.158e-11 (1.09e-10)  LR: 2.975e-05  Time cost: 14:09/26:36 [2:09:56/26:36]  Acc_iter 46500       Data time: 0.02(0.02)  Forward time: 0.22(0.16)  Batch time: 0.24(0.18)
2026-07-27 11:57:43,494   INFO  a1e06a0b30c0                Mon Jul 27 11:57:43 2026  580.173.02
[0] NVIDIA GeForce RTX 3070 | 61°C,  94 % |  4974 /  8192 MB | root(4242M)

2026-07-27 11:57:52,861   INFO  Train:    4/4 (100%) [4876/13891 ( 35%)]  Loss: 1.556e-10 (1.09e-10)  LR: 2.943e-05  Time cost: 14:19/26:29 [2:10:06/26:29]  Acc_iter 46550       Data time: 0.00(0.02)  Forward time: 0.14(0.16)  Batch time: 0.14(0.18)
2026-07-27 11:58:01,078   INFO  Train:    4/4 (100%) [4926/13891 ( 35%)]  Loss: 1.088e-10 (1.09e-10)  LR: 2.912e-05  Time cost: 14:27/26:19 [2:10:14/26:19]  Acc_iter 46600       Data time: 0.02(0.02)  Forward time: 0.15(0.16)  Batch time: 0.16(0.18)
2026-07-27 11:58:09,100   INFO  Train:    4/4 (100%) [4976/13891 ( 36%)]  Loss: 1.065e-10 (1.09e-10)  LR: 2.880e-05  Time cost: 14:35/26:08 [2:10:22/26:08]  Acc_iter 46650       Data time: 0.00(0.02)  Forward time: 0.13(0.16)  Batch time: 0.13(0.18)
2026-07-27 11:58:09,523   INFO  a1e06a0b30c0                Mon Jul 27 11:58:09 2026  580.173.02
[0] NVIDIA GeForce RTX 3070 | 64°C,  87 % |  4974 /  8192 MB | root(4242M)

2026-07-27 11:58:17,747   INFO  Train:    4/4 (100%) [5026/13891 ( 36%)]  Loss: 1.218e-10 (1.09e-10)  LR: 2.849e-05  Time cost: 14:44/25:59 [2:10:31/25:59]  Acc_iter 46700       Data time: 0.02(0.02)  Forward time: 0.19(0.16)  Batch time: 0.21(0.18)
2026-07-27 11:58:26,244   INFO  Train:    4/4 (100%) [5076/13891 ( 37%)]  Loss: 1.447e-10 (1.09e-10)  LR: 2.818e-05  Time cost: 14:53/25:50 [2:10:39/25:50]  Acc_iter 46750       Data time: 0.03(0.02)  Forward time: 0.15(0.16)  Batch time: 0.18(0.18)
2026-07-27 11:58:33,371   INFO  Save latest model to /OpenPCDet/output/OpenPCDet/tools/cfgs/models/S/D/S_D_N/unfrozen_backbone_1_9/ckpt/latest_model
2026-07-27 11:58:34,746   INFO  Train:    4/4 (100%) [5126/13891 ( 37%)]  Loss: 8.605e-11 (1.09e-10)  LR: 2.787e-05  Time cost: 15:01/25:41 [2:10:48/25:41]  Acc_iter 46800       Data time: 0.00(0.02)  Forward time: 0.17(0.16)  Batch time: 0.17(0.18)
2026-07-27 11:58:35,098   INFO  a1e06a0b30c0                Mon Jul 27 11:58:35 2026  580.173.02
[0] NVIDIA GeForce RTX 3070 | 64°C,  68 % |  4974 /  8192 MB | root(4242M)

2026-07-27 11:58:44,410   INFO  Train:    4/4 (100%) [5176/13891 ( 37%)]  Loss: 1.251e-10 (1.09e-10)  LR: 2.757e-05  Time cost: 15:11/25:33 [2:10:57/25:33]  Acc_iter 46850       Data time: 0.03(0.02)  Forward time: 0.14(0.16)  Batch time: 0.18(0.18)
2026-07-27 11:58:54,359   INFO  Train:    4/4 (100%) [5226/13891 ( 38%)]  Loss: 1.155e-10 (1.09e-10)  LR: 2.726e-05  Time cost: 15:21/25:26 [2:11:07/25:26]  Acc_iter 46900       Data time: 0.02(0.02)  Forward time: 0.19(0.16)  Batch time: 0.21(0.18)
2026-07-27 11:59:02,637   INFO  Train:    4/4 (100%) [5276/13891 ( 38%)]  Loss: 1.002e-10 (1.09e-10)  LR: 2.696e-05  Time cost: 15:29/25:17 [2:11:15/25:17]  Acc_iter 46950       Data time: 0.02(0.02)  Forward time: 0.14(0.16)  Batch time: 0.16(0.18)
2026-07-27 11:59:03,010   INFO  a1e06a0b30c0                Mon Jul 27 11:59:02 2026  580.173.02
[0] NVIDIA GeForce RTX 3070 | 66°C,  92 % |  4974 /  8192 MB | root(4242M)

2026-07-27 11:59:11,265   INFO  Train:    4/4 (100%) [5326/13891 ( 38%)]  Loss: 1.351e-10 (1.09e-10)  LR: 2.665e-05  Time cost: 15:38/25:08 [2:11:24/25:08]  Acc_iter 47000       Data time: 0.02(0.02)  Forward time: 0.15(0.16)  Batch time: 0.17(0.18)
2026-07-27 11:59:19,587   INFO  Train:    4/4 (100%) [5376/13891 ( 39%)]  Loss: 1.004e-10 (1.09e-10)  LR: 2.635e-05  Time cost: 15:46/24:58 [2:11:32/24:58]  Acc_iter 47050       Data time: 0.01(0.02)  Forward time: 0.15(0.16)  Batch time: 0.16(0.18)
2026-07-27 11:59:27,660   INFO  Train:    4/4 (100%) [5426/13891 ( 39%)]  Loss: 1.089e-10 (1.09e-10)  LR: 2.605e-05  Time cost: 15:54/24:48 [2:11:40/24:48]  Acc_iter 47100       Data time: 0.01(0.02)  Forward time: 0.14(0.16)  Batch time: 0.14(0.18)
2026-07-27 11:59:28,021   INFO  a1e06a0b30c0                Mon Jul 27 11:59:28 2026  580.173.02
[0] NVIDIA GeForce RTX 3070 | 66°C,  84 % |  4974 /  8192 MB | root(4242M)

2026-07-27 11:59:36,612   INFO  Train:    4/4 (100%) [5476/13891 ( 39%)]  Loss: 1.002e-10 (1.09e-10)  LR: 2.576e-05  Time cost: 16:03/24:40 [2:11:49/24:40]  Acc_iter 47150       Data time: 0.01(0.02)  Forward time: 0.18(0.16)  Batch time: 0.19(0.18)
2026-07-27 11:59:45,432   INFO  Train:    4/4 (100%) [5526/13891 ( 40%)]  Loss: 9.481e-11 (1.09e-10)  LR: 2.546e-05  Time cost: 16:12/24:31 [2:11:58/24:31]  Acc_iter 47200       Data time: 0.03(0.02)  Forward time: 0.14(0.16)  Batch time: 0.18(0.18)
2026-07-27 11:59:54,887   INFO  Train:    4/4 (100%) [5576/13891 ( 40%)]  Loss: 1.190e-10 (1.09e-10)  LR: 2.517e-05  Time cost: 16:21/24:23 [2:12:08/24:23]  Acc_iter 47250       Data time: 0.02(0.02)  Forward time: 0.24(0.16)  Batch time: 0.25(0.18)
2026-07-27 11:59:55,315   INFO  a1e06a0b30c0                Mon Jul 27 11:59:55 2026  580.173.02
[0] NVIDIA GeForce RTX 3070 | 60°C,  76 % |  4974 /  8192 MB | root(4242M)

2026-07-27 12:00:03,973   INFO  Train:    4/4 (100%) [5626/13891 ( 41%)]  Loss: 1.070e-10 (1.09e-10)  LR: 2.487e-05  Time cost: 16:30/24:15 [2:12:17/24:15]  Acc_iter 47300       Data time: 0.01(0.02)  Forward time: 0.15(0.16)  Batch time: 0.16(0.18)
2026-07-27 12:00:12,185   INFO  Train:    4/4 (100%) [5676/13891 ( 41%)]  Loss: 9.172e-11 (1.09e-10)  LR: 2.458e-05  Time cost: 16:38/24:05 [2:12:25/24:05]  Acc_iter 47350       Data time: 0.02(0.02)  Forward time: 0.15(0.16)  Batch time: 0.17(0.18)
2026-07-27 12:00:20,487   INFO  Train:    4/4 (100%) [5726/13891 ( 41%)]  Loss: 1.247e-10 (1.09e-10)  LR: 2.429e-05  Time cost: 16:47/23:56 [2:12:33/23:56]  Acc_iter 47400       Data time: 0.00(0.02)  Forward time: 0.14(0.16)  Batch time: 0.15(0.18)
2026-07-27 12:00:20,865   INFO  a1e06a0b30c0                Mon Jul 27 12:00:20 2026  580.173.02
[0] NVIDIA GeForce RTX 3070 | 61°C,   6 % |  4974 /  8192 MB | root(4242M)

2026-07-27 12:00:28,984   INFO  Train:    4/4 (100%) [5776/13891 ( 42%)]  Loss: 1.154e-10 (1.09e-10)  LR: 2.400e-05  Time cost: 16:55/23:46 [2:12:42/23:46]  Acc_iter 47450       Data time: 0.01(0.02)  Forward time: 0.13(0.16)  Batch time: 0.14(0.18)
2026-07-27 12:00:37,509   INFO  Train:    4/4 (100%) [5826/13891 ( 42%)]  Loss: 1.047e-10 (1.09e-10)  LR: 2.372e-05  Time cost: 17:04/23:37 [2:12:50/23:37]  Acc_iter 47500       Data time: 0.02(0.02)  Forward time: 0.18(0.16)  Batch time: 0.20(0.18)
2026-07-27 12:00:46,129   INFO  Train:    4/4 (100%) [5876/13891 ( 42%)]  Loss: 1.133e-10 (1.09e-10)  LR: 2.343e-05  Time cost: 17:12/23:28 [2:12:59/23:28]  Acc_iter 47550       Data time: 0.02(0.02)  Forward time: 0.17(0.16)  Batch time: 0.19(0.18)
2026-07-27 12:00:46,566   INFO  a1e06a0b30c0                Mon Jul 27 12:00:46 2026  580.173.02
[0] NVIDIA GeForce RTX 3070 | 66°C,  50 % |  4974 /  8192 MB | root(4242M)

2026-07-27 12:00:56,226   INFO  Train:    4/4 (100%) [5926/13891 ( 43%)]  Loss: 1.147e-10 (1.09e-10)  LR: 2.315e-05  Time cost: 17:22/23:21 [2:13:09/23:21]  Acc_iter 47600       Data time: 0.00(0.02)  Forward time: 0.18(0.16)  Batch time: 0.19(0.18)
2026-07-27 12:01:05,714   INFO  Train:    4/4 (100%) [5976/13891 ( 43%)]  Loss: 1.306e-10 (1.09e-10)  LR: 2.287e-05  Time cost: 17:32/23:13 [2:13:19/23:13]  Acc_iter 47650       Data time: 0.01(0.02)  Forward time: 0.16(0.16)  Batch time: 0.16(0.18)
2026-07-27 12:01:13,994   INFO  Train:    4/4 (100%) [6026/13891 ( 43%)]  Loss: 9.626e-11 (1.09e-10)  LR: 2.258e-05  Time cost: 17:40/23:04 [2:13:27/23:04]  Acc_iter 47700       Data time: 0.01(0.02)  Forward time: 0.20(0.16)  Batch time: 0.21(0.18)
2026-07-27 12:01:14,360   INFO  a1e06a0b30c0                Mon Jul 27 12:01:14 2026  580.173.02
[0] NVIDIA GeForce RTX 3070 | 62°C,  72 % |  4974 /  8192 MB | root(4242M)

2026-07-27 12:01:22,319   INFO  Train:    4/4 (100%) [6076/13891 ( 44%)]  Loss: 1.044e-10 (1.09e-10)  LR: 2.231e-05  Time cost: 17:49/22:54 [2:13:35/22:54]  Acc_iter 47750       Data time: 0.01(0.02)  Forward time: 0.18(0.16)  Batch time: 0.18(0.18)
2026-07-27 12:01:30,888   INFO  Train:    4/4 (100%) [6126/13891 ( 44%)]  Loss: 1.095e-10 (1.09e-10)  LR: 2.203e-05  Time cost: 17:57/22:45 [2:13:44/22:45]  Acc_iter 47800       Data time: 0.00(0.02)  Forward time: 0.13(0.16)  Batch time: 0.14(0.18)
2026-07-27 12:01:39,092   INFO  Train:    4/4 (100%) [6176/13891 ( 44%)]  Loss: 1.008e-10 (1.09e-10)  LR: 2.175e-05  Time cost: 18:05/22:36 [2:13:52/22:36]  Acc_iter 47850       Data time: 0.00(0.02)  Forward time: 0.13(0.16)  Batch time: 0.13(0.18)
2026-07-27 12:01:39,497   INFO  a1e06a0b30c0                Mon Jul 27 12:01:39 2026  580.173.02
[0] NVIDIA GeForce RTX 3070 | 63°C,  61 % |  4974 /  8192 MB | root(4242M)

2026-07-27 12:01:47,959   INFO  Train:    4/4 (100%) [6226/13891 ( 45%)]  Loss: 1.118e-10 (1.09e-10)  LR: 2.148e-05  Time cost: 18:14/22:27 [2:14:01/22:27]  Acc_iter 47900       Data time: 0.02(0.02)  Forward time: 0.19(0.16)  Batch time: 0.21(0.18)
2026-07-27 12:01:56,607   INFO  Train:    4/4 (100%) [6276/13891 ( 45%)]  Loss: 9.772e-11 (1.09e-10)  LR: 2.121e-05  Time cost: 18:23/22:18 [2:14:09/22:18]  Acc_iter 47950       Data time: 0.01(0.02)  Forward time: 0.22(0.16)  Batch time: 0.24(0.18)
2026-07-27 12:02:06,342   INFO  Train:    4/4 (100%) [6326/13891 ( 46%)]  Loss: 1.404e-10 (1.09e-10)  LR: 2.094e-05  Time cost: 18:33/22:10 [2:14:19/22:10]  Acc_iter 48000       Data time: 0.02(0.02)  Forward time: 0.30(0.16)  Batch time: 0.32(0.18)
2026-07-27 12:02:06,720   INFO  a1e06a0b30c0                Mon Jul 27 12:02:06 2026  580.173.02
[0] NVIDIA GeForce RTX 3070 | 63°C,  84 % |  4974 /  8192 MB | root(4242M)

2026-07-27 12:02:15,201   INFO  Train:    4/4 (100%) [6376/13891 ( 46%)]  Loss: 8.943e-11 (1.09e-10)  LR: 2.067e-05  Time cost: 18:41/22:02 [2:14:28/22:02]  Acc_iter 48050       Data time: 0.02(0.02)  Forward time: 0.17(0.16)  Batch time: 0.20(0.18)
2026-07-27 12:02:23,237   INFO  Train:    4/4 (100%) [6426/13891 ( 46%)]  Loss: 1.137e-10 (1.09e-10)  LR: 2.040e-05  Time cost: 18:50/21:52 [2:14:36/21:52]  Acc_iter 48100       Data time: 0.03(0.02)  Forward time: 0.14(0.16)  Batch time: 0.17(0.18)
2026-07-27 12:02:31,604   INFO  Train:    4/4 (100%) [6476/13891 ( 47%)]  Loss: 1.044e-10 (1.09e-10)  LR: 2.013e-05  Time cost: 18:58/21:43 [2:14:44/21:43]  Acc_iter 48150       Data time: 0.01(0.02)  Forward time: 0.16(0.16)  Batch time: 0.16(0.18)
2026-07-27 12:02:31,959   INFO  a1e06a0b30c0                Mon Jul 27 12:02:31 2026  580.173.02
[0] NVIDIA GeForce RTX 3070 | 64°C,  64 % |  4974 /  8192 MB | root(4242M)

2026-07-27 12:02:40,045   INFO  Train:    4/4 (100%) [6526/13891 ( 47%)]  Loss: 1.081e-10 (1.09e-10)  LR: 1.987e-05  Time cost: 19:06/21:34 [2:14:53/21:34]  Acc_iter 48200       Data time: 0.02(0.02)  Forward time: 0.13(0.16)  Batch time: 0.14(0.18)
2026-07-27 12:02:48,612   INFO  Train:    4/4 (100%) [6576/13891 ( 47%)]  Loss: 1.161e-10 (1.09e-10)  LR: 1.961e-05  Time cost: 19:15/21:25 [2:15:01/21:25]  Acc_iter 48250       Data time: 0.02(0.02)  Forward time: 0.16(0.16)  Batch time: 0.18(0.18)
2026-07-27 12:02:57,172   INFO  Train:    4/4 (100%) [6626/13891 ( 48%)]  Loss: 9.473e-11 (1.09e-10)  LR: 1.934e-05  Time cost: 19:23/21:15 [2:15:10/21:15]  Acc_iter 48300       Data time: 0.03(0.02)  Forward time: 0.14(0.16)  Batch time: 0.16(0.18)
2026-07-27 12:02:57,569   INFO  a1e06a0b30c0                Mon Jul 27 12:02:57 2026  580.173.02
[0] NVIDIA GeForce RTX 3070 | 66°C,  80 % |  4974 /  8192 MB | root(4242M)

2026-07-27 12:03:07,299   INFO  Train:    4/4 (100%) [6676/13891 ( 48%)]  Loss: 9.946e-11 (1.09e-10)  LR: 1.908e-05  Time cost: 19:34/21:08 [2:15:20/21:08]  Acc_iter 48350       Data time: 0.04(0.02)  Forward time: 0.15(0.16)  Batch time: 0.18(0.18)
2026-07-27 12:03:16,543   INFO  Train:    4/4 (100%) [6726/13891 ( 48%)]  Loss: 9.339e-11 (1.09e-10)  LR: 1.883e-05  Time cost: 19:43/21:00 [2:15:29/21:00]  Acc_iter 48400       Data time: 0.00(0.02)  Forward time: 0.15(0.16)  Batch time: 0.15(0.18)
2026-07-27 12:03:24,694   INFO  Train:    4/4 (100%) [6776/13891 ( 49%)]  Loss: 1.118e-10 (1.09e-10)  LR: 1.857e-05  Time cost: 19:51/20:50 [2:15:38/20:50]  Acc_iter 48450       Data time: 0.02(0.02)  Forward time: 0.13(0.16)  Batch time: 0.16(0.18)
2026-07-27 12:03:25,035   INFO  a1e06a0b30c0                Mon Jul 27 12:03:25 2026  580.173.02
[0] NVIDIA GeForce RTX 3070 | 66°C,  78 % |  4975 /  8192 MB | root(4242M)

2026-07-27 12:03:33,362   INFO  Save latest model to /OpenPCDet/output/OpenPCDet/tools/cfgs/models/S/D/S_D_N/unfrozen_backbone_1_9/ckpt/latest_model
2026-07-27 12:03:33,545   INFO  Train:    4/4 (100%) [6826/13891 ( 49%)]  Loss: 1.244e-10 (1.09e-10)  LR: 1.832e-05  Time cost: 20:00/20:42 [2:15:46/20:42]  Acc_iter 48500       Data time: 0.13(0.02)  Forward time: 0.16(0.16)  Batch time: 0.29(0.18)
2026-07-27 12:03:41,767   INFO  Train:    4/4 (100%) [6876/13891 ( 49%)]  Loss: 1.209e-10 (1.09e-10)  LR: 1.806e-05  Time cost: 20:08/20:32 [2:15:55/20:32]  Acc_iter 48550       Data time: 0.02(0.02)  Forward time: 0.15(0.16)  Batch time: 0.16(0.18)
2026-07-27 12:03:50,175   INFO  Train:    4/4 (100%) [6926/13891 ( 50%)]  Loss: 9.557e-11 (1.10e-10)  LR: 1.781e-05  Time cost: 20:16/20:23 [2:16:03/20:23]  Acc_iter 48600       Data time: 0.02(0.02)  Forward time: 0.18(0.16)  Batch time: 0.20(0.18)
2026-07-27 12:03:50,531   INFO  a1e06a0b30c0                Mon Jul 27 12:03:50 2026  580.173.02
[0] NVIDIA GeForce RTX 3070 | 66°C,  88 % |  4975 /  8192 MB | root(4242M)

2026-07-27 12:03:58,955   INFO  Train:    4/4 (100%) [6976/13891 ( 50%)]  Loss: 9.169e-11 (1.09e-10)  LR: 1.756e-05  Time cost: 20:25/20:14 [2:16:12/20:14]  Acc_iter 48650       Data time: 0.02(0.02)  Forward time: 0.19(0.16)  Batch time: 0.21(0.18)
2026-07-27 12:04:08,407   INFO  Train:    4/4 (100%) [7026/13891 ( 51%)]  Loss: 9.640e-11 (1.10e-10)  LR: 1.731e-05  Time cost: 20:35/20:06 [2:16:21/20:06]  Acc_iter 48700       Data time: 0.01(0.02)  Forward time: 0.23(0.16)  Batch time: 0.24(0.18)
2026-07-27 12:04:18,139   INFO  Train:    4/4 (100%) [7076/13891 ( 51%)]  Loss: 9.762e-11 (1.09e-10)  LR: 1.707e-05  Time cost: 20:44/19:58 [2:16:31/19:58]  Acc_iter 48750       Data time: 0.01(0.02)  Forward time: 0.13(0.16)  Batch time: 0.14(0.18)
2026-07-27 12:04:18,526   INFO  a1e06a0b30c0                Mon Jul 27 12:04:18 2026  580.173.02
[0] NVIDIA GeForce RTX 3070 | 67°C,  95 % |  4974 /  8192 MB | root(4242M)

2026-07-27 12:04:27,183   INFO  Train:    4/4 (100%) [7126/13891 ( 51%)]  Loss: 1.231e-10 (1.10e-10)  LR: 1.682e-05  Time cost: 20:53/19:50 [2:16:40/19:50]  Acc_iter 48800       Data time: 0.00(0.02)  Forward time: 0.14(0.16)  Batch time: 0.14(0.18)
2026-07-27 12:04:35,377   INFO  Train:    4/4 (100%) [7176/13891 ( 52%)]  Loss: 1.180e-10 (1.10e-10)  LR: 1.658e-05  Time cost: 21:02/19:40 [2:16:48/19:40]  Acc_iter 48850       Data time: 0.01(0.02)  Forward time: 0.14(0.16)  Batch time: 0.15(0.18)
2026-07-27 12:04:43,933   INFO  Train:    4/4 (100%) [7226/13891 ( 52%)]  Loss: 1.066e-10 (1.10e-10)  LR: 1.634e-05  Time cost: 21:10/19:31 [2:16:57/19:31]  Acc_iter 48900       Data time: 0.02(0.02)  Forward time: 0.16(0.16)  Batch time: 0.18(0.18)
2026-07-27 12:04:44,277   INFO  a1e06a0b30c0                Mon Jul 27 12:04:44 2026  580.173.02
[0] NVIDIA GeForce RTX 3070 | 67°C,  92 % |  4974 /  8192 MB | root(4242M)

2026-07-27 12:04:52,614   INFO  Train:    4/4 (100%) [7276/13891 ( 52%)]  Loss: 1.069e-10 (1.10e-10)  LR: 1.610e-05  Time cost: 21:19/19:22 [2:17:05/19:22]  Acc_iter 48950       Data time: 0.00(0.02)  Forward time: 0.16(0.16)  Batch time: 0.16(0.18)
2026-07-27 12:05:01,515   INFO  Train:    4/4 (100%) [7326/13891 ( 53%)]  Loss: 1.057e-10 (1.10e-10)  LR: 1.586e-05  Time cost: 21:28/19:14 [2:17:14/19:14]  Acc_iter 49000       Data time: 0.02(0.02)  Forward time: 0.15(0.16)  Batch time: 0.17(0.18)
2026-07-27 12:05:10,042   INFO  Train:    4/4 (100%) [7376/13891 ( 53%)]  Loss: 1.347e-10 (1.10e-10)  LR: 1.562e-05  Time cost: 21:36/19:05 [2:17:23/19:05]  Acc_iter 49050       Data time: 0.00(0.02)  Forward time: 0.14(0.16)  Batch time: 0.14(0.18)
2026-07-27 12:05:10,484   INFO  a1e06a0b30c0                Mon Jul 27 12:05:10 2026  580.173.02
[0] NVIDIA GeForce RTX 3070 | 64°C,  87 % |  4974 /  8192 MB | root(4242M)

2026-07-27 12:05:20,140   INFO  Train:    4/4 (100%) [7426/13891 ( 53%)]  Loss: 9.739e-11 (1.10e-10)  LR: 1.539e-05  Time cost: 21:46/18:57 [2:17:33/18:57]  Acc_iter 49100       Data time: 0.02(0.02)  Forward time: 0.25(0.16)  Batch time: 0.26(0.18)
2026-07-27 12:05:29,226   INFO  Train:    4/4 (100%) [7476/13891 ( 54%)]  Loss: 9.667e-11 (1.10e-10)  LR: 1.516e-05  Time cost: 21:55/18:49 [2:17:42/18:49]  Acc_iter 49150       Data time: 0.01(0.02)  Forward time: 0.20(0.16)  Batch time: 0.21(0.18)
2026-07-27 12:05:37,546   INFO  Train:    4/4 (100%) [7526/13891 ( 54%)]  Loss: 1.008e-10 (1.10e-10)  LR: 1.493e-05  Time cost: 22:04/18:39 [2:17:50/18:39]  Acc_iter 49200       Data time: 0.01(0.02)  Forward time: 0.22(0.16)  Batch time: 0.23(0.18)
2026-07-27 12:05:37,889   INFO  a1e06a0b30c0                Mon Jul 27 12:05:37 2026  580.173.02
[0] NVIDIA GeForce RTX 3070 | 65°C,   5 % |  4974 /  8192 MB | root(4242M)

2026-07-27 12:05:46,451   INFO  Train:    4/4 (100%) [7576/13891 ( 55%)]  Loss: 1.188e-10 (1.10e-10)  LR: 1.470e-05  Time cost: 22:13/18:31 [2:17:59/18:31]  Acc_iter 49250       Data time: 0.01(0.02)  Forward time: 0.14(0.16)  Batch time: 0.15(0.18)
2026-07-27 12:05:54,775   INFO  Train:    4/4 (100%) [7626/13891 ( 55%)]  Loss: 1.119e-10 (1.10e-10)  LR: 1.447e-05  Time cost: 22:21/18:21 [2:18:08/18:21]  Acc_iter 49300       Data time: 0.02(0.02)  Forward time: 0.14(0.16)  Batch time: 0.15(0.18)
2026-07-27 12:06:03,554   INFO  Train:    4/4 (100%) [7676/13891 ( 55%)]  Loss: 1.031e-10 (1.10e-10)  LR: 1.424e-05  Time cost: 22:30/18:13 [2:18:16/18:13]  Acc_iter 49350       Data time: 0.03(0.02)  Forward time: 0.16(0.16)  Batch time: 0.18(0.18)
2026-07-27 12:06:03,905   INFO  a1e06a0b30c0                Mon Jul 27 12:06:03 2026  580.173.02
[0] NVIDIA GeForce RTX 3070 | 65°C,   5 % |  4974 /  8192 MB | root(4242M)

2026-07-27 12:06:12,540   INFO  Train:    4/4 (100%) [7726/13891 ( 56%)]  Loss: 1.173e-10 (1.10e-10)  LR: 1.402e-05  Time cost: 22:39/18:04 [2:18:25/18:04]  Acc_iter 49400       Data time: 0.02(0.02)  Forward time: 0.24(0.16)  Batch time: 0.25(0.18)
2026-07-27 12:06:21,915   INFO  Train:    4/4 (100%) [7776/13891 ( 56%)]  Loss: 1.201e-10 (1.10e-10)  LR: 1.379e-05  Time cost: 22:48/17:56 [2:18:35/17:56]  Acc_iter 49450       Data time: 0.04(0.02)  Forward time: 0.13(0.16)  Batch time: 0.17(0.18)
2026-07-27 12:06:31,221   INFO  Train:    4/4 (100%) [7826/13891 ( 56%)]  Loss: 1.051e-10 (1.10e-10)  LR: 1.357e-05  Time cost: 22:57/17:47 [2:18:44/17:47]  Acc_iter 49500       Data time: 0.00(0.02)  Forward time: 0.14(0.16)  Batch time: 0.14(0.18)
2026-07-27 12:06:31,592   INFO  a1e06a0b30c0                Mon Jul 27 12:06:31 2026  580.173.02
[0] NVIDIA GeForce RTX 3070 | 66°C,  75 % |  4975 /  8192 MB | root(4242M)

2026-07-27 12:06:39,827   INFO  Train:    4/4 (100%) [7876/13891 ( 57%)]  Loss: 1.102e-10 (1.10e-10)  LR: 1.335e-05  Time cost: 23:06/17:38 [2:18:53/17:38]  Acc_iter 49550       Data time: 0.00(0.02)  Forward time: 0.14(0.16)  Batch time: 0.14(0.18)
2026-07-27 12:06:48,049   INFO  Train:    4/4 (100%) [7926/13891 ( 57%)]  Loss: 9.851e-11 (1.10e-10)  LR: 1.314e-05  Time cost: 23:14/17:29 [2:19:01/17:29]  Acc_iter 49600       Data time: 0.02(0.02)  Forward time: 0.13(0.16)  Batch time: 0.15(0.18)
2026-07-27 12:06:56,440   INFO  Train:    4/4 (100%) [7976/13891 ( 57%)]  Loss: 1.004e-10 (1.10e-10)  LR: 1.292e-05  Time cost: 23:23/17:20 [2:19:09/17:20]  Acc_iter 49650       Data time: 0.02(0.02)  Forward time: 0.19(0.16)  Batch time: 0.21(0.18)
2026-07-27 12:06:56,865   INFO  a1e06a0b30c0                Mon Jul 27 12:06:56 2026  580.173.02
[0] NVIDIA GeForce RTX 3070 | 62°C,   5 % |  4974 /  8192 MB | root(4242M)

2026-07-27 12:07:05,586   INFO  Train:    4/4 (100%) [8026/13891 ( 58%)]  Loss: 1.318e-10 (1.10e-10)  LR: 1.271e-05  Time cost: 23:32/17:11 [2:19:18/17:11]  Acc_iter 49700       Data time: 0.02(0.02)  Forward time: 0.16(0.16)  Batch time: 0.18(0.18)
2026-07-27 12:07:13,989   INFO  Train:    4/4 (100%) [8076/13891 ( 58%)]  Loss: 9.547e-11 (1.10e-10)  LR: 1.249e-05  Time cost: 23:40/17:02 [2:19:27/17:02]  Acc_iter 49750       Data time: 0.02(0.02)  Forward time: 0.13(0.16)  Batch time: 0.15(0.18)
2026-07-27 12:07:23,478   INFO  Train:    4/4 (100%) [8126/13891 ( 58%)]  Loss: 1.045e-10 (1.10e-10)  LR: 1.228e-05  Time cost: 23:50/16:54 [2:19:36/16:54]  Acc_iter 49800       Data time: 0.02(0.02)  Forward time: 0.23(0.16)  Batch time: 0.24(0.18)
2026-07-27 12:07:23,889   INFO  a1e06a0b30c0                Mon Jul 27 12:07:23 2026  580.173.02
[0] NVIDIA GeForce RTX 3070 | 62°C,   5 % |  4975 /  8192 MB | root(4242M)

2026-07-27 12:07:33,665   INFO  Train:    4/4 (100%) [8176/13891 ( 59%)]  Loss: 1.953e-10 (1.10e-10)  LR: 1.207e-05  Time cost: 24:00/16:46 [2:19:46/16:46]  Acc_iter 49850       Data time: 0.02(0.02)  Forward time: 0.14(0.16)  Batch time: 0.16(0.18)
2026-07-27 12:07:42,328   INFO  Train:    4/4 (100%) [8226/13891 ( 59%)]  Loss: 1.180e-10 (1.10e-10)  LR: 1.187e-05  Time cost: 24:09/16:37 [2:19:55/16:37]  Acc_iter 49900       Data time: 0.01(0.02)  Forward time: 0.13(0.16)  Batch time: 0.15(0.18)
2026-07-27 12:07:50,616   INFO  Train:    4/4 (100%) [8276/13891 ( 60%)]  Loss: 9.396e-11 (1.10e-10)  LR: 1.166e-05  Time cost: 24:17/16:28 [2:20:03/16:28]  Acc_iter 49950       Data time: 0.02(0.02)  Forward time: 0.14(0.16)  Batch time: 0.16(0.18)
2026-07-27 12:07:50,973   INFO  a1e06a0b30c0                Mon Jul 27 12:07:50 2026  580.173.02
[0] NVIDIA GeForce RTX 3070 | 65°C,  62 % |  4972 /  8192 MB | root(4242M)

2026-07-27 12:07:59,474   INFO  Train:    4/4 (100%) [8326/13891 ( 60%)]  Loss: 1.175e-10 (1.10e-10)  LR: 1.146e-05  Time cost: 24:26/16:19 [2:20:12/16:19]  Acc_iter 50000       Data time: 0.03(0.02)  Forward time: 0.15(0.16)  Batch time: 0.18(0.18)
2026-07-27 12:08:07,596   INFO  Train:    4/4 (100%) [8376/13891 ( 60%)]  Loss: 1.497e-10 (1.10e-10)  LR: 1.125e-05  Time cost: 24:34/16:10 [2:20:20/16:10]  Acc_iter 50050       Data time: 0.00(0.02)  Forward time: 0.14(0.16)  Batch time: 0.14(0.18)
2026-07-27 12:08:16,234   INFO  Train:    4/4 (100%) [8426/13891 ( 61%)]  Loss: 1.158e-10 (1.10e-10)  LR: 1.105e-05  Time cost: 24:43/16:01 [2:20:29/16:01]  Acc_iter 50100       Data time: 0.00(0.02)  Forward time: 0.17(0.16)  Batch time: 0.18(0.18)
2026-07-27 12:08:16,586   INFO  a1e06a0b30c0                Mon Jul 27 12:08:16 2026  580.173.02
[0] NVIDIA GeForce RTX 3070 | 67°C,  78 % |  4975 /  8192 MB | root(4242M)

2026-07-27 12:08:25,150   INFO  Train:    4/4 (100%) [8476/13891 ( 61%)]  Loss: 8.985e-11 (1.10e-10)  LR: 1.085e-05  Time cost: 24:51/15:53 [2:20:38/15:53]  Acc_iter 50150       Data time: 0.03(0.02)  Forward time: 0.14(0.16)  Batch time: 0.17(0.18)
2026-07-27 12:08:33,383   INFO  Save latest model to /OpenPCDet/output/OpenPCDet/tools/cfgs/models/S/D/S_D_N/unfrozen_backbone_1_9/ckpt/latest_model
2026-07-27 12:08:34,718   INFO  Train:    4/4 (100%) [8526/13891 ( 61%)]  Loss: 8.559e-11 (1.10e-10)  LR: 1.066e-05  Time cost: 25:01/15:44 [2:20:48/15:44]  Acc_iter 50200       Data time: 0.00(0.02)  Forward time: 0.14(0.16)  Batch time: 0.15(0.18)
2026-07-27 12:08:44,247   INFO  Train:    4/4 (100%) [8576/13891 ( 62%)]  Loss: 9.283e-11 (1.10e-10)  LR: 1.046e-05  Time cost: 25:11/15:36 [2:20:57/15:36]  Acc_iter 50250       Data time: 0.00(0.02)  Forward time: 0.14(0.16)  Batch time: 0.15(0.18)
2026-07-27 12:08:44,614   INFO  a1e06a0b30c0                Mon Jul 27 12:08:44 2026  580.173.02
[0] NVIDIA GeForce RTX 3070 | 65°C,  84 % |  4974 /  8192 MB | root(4242M)

2026-07-27 12:08:52,920   INFO  Train:    4/4 (100%) [8626/13891 ( 62%)]  Loss: 1.062e-10 (1.10e-10)  LR: 1.027e-05  Time cost: 25:19/15:27 [2:21:06/15:27]  Acc_iter 50300       Data time: 0.02(0.02)  Forward time: 0.13(0.16)  Batch time: 0.16(0.18)
2026-07-27 12:09:00,927   INFO  Train:    4/4 (100%) [8676/13891 ( 62%)]  Loss: 1.037e-10 (1.10e-10)  LR: 1.008e-05  Time cost: 25:27/15:18 [2:21:14/15:18]  Acc_iter 50350       Data time: 0.00(0.02)  Forward time: 0.15(0.16)  Batch time: 0.15(0.18)
2026-07-27 12:09:09,167   INFO  Train:    4/4 (100%) [8726/13891 ( 63%)]  Loss: 1.253e-10 (1.10e-10)  LR: 9.886e-06  Time cost: 25:35/15:09 [2:21:22/15:09]  Acc_iter 50400       Data time: 0.00(0.02)  Forward time: 0.14(0.16)  Batch time: 0.14(0.18)
2026-07-27 12:09:09,516   INFO  a1e06a0b30c0                Mon Jul 27 12:09:09 2026  580.173.02
[0] NVIDIA GeForce RTX 3070 | 68°C,  86 % |  4974 /  8192 MB | root(4242M)

2026-07-27 12:09:17,896   INFO  Train:    4/4 (100%) [8776/13891 ( 63%)]  Loss: 1.279e-10 (1.10e-10)  LR: 9.698e-06  Time cost: 25:44/15:00 [2:21:31/15:00]  Acc_iter 50450       Data time: 0.02(0.02)  Forward time: 0.21(0.16)  Batch time: 0.23(0.18)
2026-07-27 12:09:26,296   INFO  Train:    4/4 (100%) [8826/13891 ( 64%)]  Loss: 1.065e-10 (1.10e-10)  LR: 9.511e-06  Time cost: 25:53/14:51 [2:21:39/14:51]  Acc_iter 50500       Data time: 0.02(0.02)  Forward time: 0.19(0.16)  Batch time: 0.20(0.18)
2026-07-27 12:09:35,092   INFO  Train:    4/4 (100%) [8876/13891 ( 64%)]  Loss: 1.019e-10 (1.10e-10)  LR: 9.326e-06  Time cost: 26:01/14:42 [2:21:48/14:42]  Acc_iter 50550       Data time: 0.02(0.02)  Forward time: 0.17(0.16)  Batch time: 0.18(0.18)
2026-07-27 12:09:35,479   INFO  a1e06a0b30c0                Mon Jul 27 12:09:35 2026  580.173.02
[0] NVIDIA GeForce RTX 3070 | 66°C,  62 % |  4974 /  8192 MB | root(4242M)

2026-07-27 12:09:45,344   INFO  Train:    4/4 (100%) [8926/13891 ( 64%)]  Loss: 9.612e-11 (1.10e-10)  LR: 9.143e-06  Time cost: 26:12/14:34 [2:21:58/14:34]  Acc_iter 50600       Data time: 0.02(0.02)  Forward time: 0.20(0.16)  Batch time: 0.22(0.18)
2026-07-27 12:09:54,548   INFO  Train:    4/4 (100%) [8976/13891 ( 65%)]  Loss: 1.141e-10 (1.10e-10)  LR: 8.962e-06  Time cost: 26:21/14:25 [2:22:07/14:25]  Acc_iter 50650       Data time: 0.02(0.02)  Forward time: 0.19(0.16)  Batch time: 0.21(0.18)
2026-07-27 12:10:02,811   INFO  Train:    4/4 (100%) [9026/13891 ( 65%)]  Loss: 1.033e-10 (1.10e-10)  LR: 8.782e-06  Time cost: 26:29/14:16 [2:22:16/14:16]  Acc_iter 50700       Data time: 0.02(0.02)  Forward time: 0.16(0.16)  Batch time: 0.18(0.18)
2026-07-27 12:10:03,157   INFO  a1e06a0b30c0                Mon Jul 27 12:10:03 2026  580.173.02
[0] NVIDIA GeForce RTX 3070 | 67°C,  77 % |  4974 /  8192 MB | root(4242M)

2026-07-27 12:10:11,074   INFO  Train:    4/4 (100%) [9076/13891 ( 65%)]  Loss: 9.669e-11 (1.10e-10)  LR: 8.604e-06  Time cost: 26:37/14:07 [2:22:24/14:07]  Acc_iter 50750       Data time: 0.00(0.02)  Forward time: 0.13(0.16)  Batch time: 0.14(0.18)
2026-07-27 12:10:19,347   INFO  Train:    4/4 (100%) [9126/13891 ( 66%)]  Loss: 1.006e-10 (1.10e-10)  LR: 8.428e-06  Time cost: 26:46/13:58 [2:22:32/13:58]  Acc_iter 50800       Data time: 0.02(0.02)  Forward time: 0.14(0.16)  Batch time: 0.16(0.18)
2026-07-27 12:10:27,743   INFO  Train:    4/4 (100%) [9176/13891 ( 66%)]  Loss: 1.085e-10 (1.10e-10)  LR: 8.254e-06  Time cost: 26:54/13:49 [2:22:41/13:49]  Acc_iter 50850       Data time: 0.01(0.02)  Forward time: 0.16(0.16)  Batch time: 0.17(0.18)
2026-07-27 12:10:28,144   INFO  a1e06a0b30c0                Mon Jul 27 12:10:28 2026  580.173.02
[0] NVIDIA GeForce RTX 3070 | 66°C,  88 % |  4974 /  8192 MB | root(4242M)

2026-07-27 12:10:36,564   INFO  Train:    4/4 (100%) [9226/13891 ( 66%)]  Loss: 1.065e-10 (1.10e-10)  LR: 8.082e-06  Time cost: 27:03/13:40 [2:22:49/13:40]  Acc_iter 50900       Data time: 0.00(0.02)  Forward time: 0.15(0.16)  Batch time: 0.15(0.18)
2026-07-27 12:10:45,590   INFO  Train:    4/4 (100%) [9276/13891 ( 67%)]  Loss: 1.007e-10 (1.10e-10)  LR: 7.911e-06  Time cost: 27:12/13:32 [2:22:58/13:32]  Acc_iter 50950       Data time: 0.00(0.02)  Forward time: 0.13(0.16)  Batch time: 0.13(0.18)
2026-07-27 12:10:55,753   INFO  Train:    4/4 (100%) [9326/13891 ( 67%)]  Loss: 1.085e-10 (1.10e-10)  LR: 7.742e-06  Time cost: 27:22/13:23 [2:23:09/13:23]  Acc_iter 51000       Data time: 0.02(0.02)  Forward time: 0.25(0.16)  Batch time: 0.27(0.18)
2026-07-27 12:10:56,173   INFO  a1e06a0b30c0                Mon Jul 27 12:10:56 2026  580.173.02
[0] NVIDIA GeForce RTX 3070 | 62°C,  37 % |  4974 /  8192 MB | root(4242M)

2026-07-27 12:11:05,002   INFO  Train:    4/4 (100%) [9376/13891 ( 67%)]  Loss: 1.564e-10 (1.10e-10)  LR: 7.575e-06  Time cost: 27:31/13:15 [2:23:18/13:15]  Acc_iter 51050       Data time: 0.02(0.02)  Forward time: 0.14(0.16)  Batch time: 0.16(0.18)
2026-07-27 12:11:13,184   INFO  Train:    4/4 (100%) [9426/13891 ( 68%)]  Loss: 9.344e-11 (1.10e-10)  LR: 7.409e-06  Time cost: 27:39/13:06 [2:23:26/13:06]  Acc_iter 51100       Data time: 0.01(0.02)  Forward time: 0.22(0.16)  Batch time: 0.24(0.18)
2026-07-27 12:11:21,746   INFO  Train:    4/4 (100%) [9476/13891 ( 68%)]  Loss: 1.024e-10 (1.10e-10)  LR: 7.246e-06  Time cost: 27:48/12:57 [2:23:35/12:57]  Acc_iter 51150       Data time: 0.02(0.02)  Forward time: 0.15(0.16)  Batch time: 0.17(0.18)
2026-07-27 12:11:22,107   INFO  a1e06a0b30c0                Mon Jul 27 12:11:22 2026  580.173.02
[0] NVIDIA GeForce RTX 3070 | 66°C,  81 % |  4974 /  8192 MB | root(4242M)

2026-07-27 12:11:30,301   INFO  Train:    4/4 (100%) [9526/13891 ( 69%)]  Loss: 1.234e-10 (1.10e-10)  LR: 7.084e-06  Time cost: 27:57/12:48 [2:23:43/12:48]  Acc_iter 51200       Data time: 0.03(0.02)  Forward time: 0.15(0.16)  Batch time: 0.18(0.18)
2026-07-27 12:11:38,847   INFO  Train:    4/4 (100%) [9576/13891 ( 69%)]  Loss: 1.096e-10 (1.10e-10)  LR: 6.924e-06  Time cost: 28:05/12:39 [2:23:52/12:39]  Acc_iter 51250       Data time: 0.02(0.02)  Forward time: 0.14(0.16)  Batch time: 0.16(0.18)
2026-07-27 12:11:47,420   INFO  Train:    4/4 (100%) [9626/13891 ( 69%)]  Loss: 1.075e-10 (1.10e-10)  LR: 6.766e-06  Time cost: 28:14/12:30 [2:24:00/12:30]  Acc_iter 51300       Data time: 0.01(0.02)  Forward time: 0.14(0.16)  Batch time: 0.15(0.18)
2026-07-27 12:11:47,813   INFO  a1e06a0b30c0                Mon Jul 27 12:11:47 2026  580.173.02
[0] NVIDIA GeForce RTX 3070 | 65°C,  73 % |  4974 /  8192 MB | root(4242M)

2026-07-27 12:11:57,352   INFO  Train:    4/4 (100%) [9676/13891 ( 70%)]  Loss: 1.240e-10 (1.10e-10)  LR: 6.609e-06  Time cost: 28:24/12:22 [2:24:10/12:22]  Acc_iter 51350       Data time: 0.02(0.02)  Forward time: 0.18(0.16)  Batch time: 0.20(0.18)
2026-07-27 12:12:06,538   INFO  Train:    4/4 (100%) [9726/13891 ( 70%)]  Loss: 9.612e-11 (1.10e-10)  LR: 6.455e-06  Time cost: 28:33/12:13 [2:24:19/12:13]  Acc_iter 51400       Data time: 0.00(0.02)  Forward time: 0.17(0.16)  Batch time: 0.17(0.18)
2026-07-27 12:12:14,748   INFO  Train:    4/4 (100%) [9776/13891 ( 70%)]  Loss: 1.070e-10 (1.10e-10)  LR: 6.302e-06  Time cost: 28:41/12:04 [2:24:28/12:04]  Acc_iter 51450       Data time: 0.02(0.02)  Forward time: 0.16(0.16)  Batch time: 0.18(0.18)
2026-07-27 12:12:15,095   INFO  a1e06a0b30c0                Mon Jul 27 12:12:15 2026  580.173.02
[0] NVIDIA GeForce RTX 3070 | 65°C,  77 % |  4975 /  8192 MB | root(4242M)

2026-07-27 12:12:23,310   INFO  Train:    4/4 (100%) [9826/13891 ( 71%)]  Loss: 1.575e-10 (1.10e-10)  LR: 6.151e-06  Time cost: 28:50/11:55 [2:24:36/11:55]  Acc_iter 51500       Data time: 0.02(0.02)  Forward time: 0.21(0.16)  Batch time: 0.23(0.18)
2026-07-27 12:12:31,534   INFO  Train:    4/4 (100%) [9876/13891 ( 71%)]  Loss: 1.017e-10 (1.10e-10)  LR: 6.001e-06  Time cost: 28:58/11:46 [2:24:44/11:46]  Acc_iter 51550       Data time: 0.02(0.02)  Forward time: 0.23(0.16)  Batch time: 0.26(0.18)
2026-07-27 12:12:39,995   INFO  Train:    4/4 (100%) [9926/13891 ( 71%)]  Loss: 1.267e-10 (1.10e-10)  LR: 5.854e-06  Time cost: 29:06/11:37 [2:24:53/11:37]  Acc_iter 51600       Data time: 0.03(0.02)  Forward time: 0.14(0.16)  Batch time: 0.17(0.18)
2026-07-27 12:12:40,371   INFO  a1e06a0b30c0                Mon Jul 27 12:12:40 2026  580.173.02
[0] NVIDIA GeForce RTX 3070 | 61°C,  79 % |  4975 /  8192 MB | root(4242M)

2026-07-27 12:12:48,592   INFO  Train:    4/4 (100%) [9976/13891 ( 72%)]  Loss: 1.038e-10 (1.10e-10)  LR: 5.708e-06  Time cost: 29:15/11:28 [2:25:01/11:28]  Acc_iter 51650       Data time: 0.01(0.02)  Forward time: 0.14(0.16)  Batch time: 0.15(0.18)
2026-07-27 12:12:57,483   INFO  Train:    4/4 (100%) [10026/13891 ( 72%)]  Loss: 1.339e-10 (1.10e-10)  LR: 5.564e-06  Time cost: 29:24/11:20 [2:25:10/11:20]  Acc_iter 51700       Data time: 0.01(0.02)  Forward time: 0.20(0.16)  Batch time: 0.21(0.18)
2026-07-27 12:13:07,122   INFO  Train:    4/4 (100%) [10076/13891 ( 73%)]  Loss: 1.062e-10 (1.10e-10)  LR: 5.422e-06  Time cost: 29:33/11:11 [2:25:20/11:11]  Acc_iter 51750       Data time: 0.00(0.02)  Forward time: 0.14(0.16)  Batch time: 0.14(0.18)
2026-07-27 12:13:07,576   INFO  a1e06a0b30c0                Mon Jul 27 12:13:07 2026  580.173.02
[0] NVIDIA GeForce RTX 3070 | 64°C,  48 % |  4974 /  8192 MB | root(4242M)

2026-07-27 12:13:16,112   INFO  Train:    4/4 (100%) [10126/13891 ( 73%)]  Loss: 1.038e-10 (1.10e-10)  LR: 5.282e-06  Time cost: 29:42/11:02 [2:25:29/11:02]  Acc_iter 51800       Data time: 0.01(0.02)  Forward time: 0.20(0.16)  Batch time: 0.21(0.18)
2026-07-27 12:13:24,523   INFO  Train:    4/4 (100%) [10176/13891 ( 73%)]  Loss: 9.071e-11 (1.10e-10)  LR: 5.143e-06  Time cost: 29:51/10:53 [2:25:37/10:53]  Acc_iter 51850       Data time: 0.00(0.02)  Forward time: 0.14(0.16)  Batch time: 0.15(0.18)
2026-07-27 12:13:33,048   INFO  Train:    4/4 (100%) [10226/13891 ( 74%)]  Loss: 1.095e-10 (1.10e-10)  LR: 5.007e-06  Time cost: 29:59/10:44 [2:25:46/10:44]  Acc_iter 51900       Data time: 0.01(0.02)  Forward time: 0.13(0.16)  Batch time: 0.15(0.18)
2026-07-27 12:13:33,411   INFO  a1e06a0b30c0                Mon Jul 27 12:13:33 2026  580.173.02
[0] NVIDIA GeForce RTX 3070 | 61°C,  83 % |  4974 /  8192 MB | root(4242M)

2026-07-27 12:13:33,499   INFO  Save latest model to /OpenPCDet/output/OpenPCDet/tools/cfgs/models/S/D/S_D_N/unfrozen_backbone_1_9/ckpt/latest_model
2026-07-27 12:13:41,743   INFO  Train:    4/4 (100%) [10276/13891 ( 74%)]  Loss: 1.354e-10 (1.10e-10)  LR: 4.872e-06  Time cost: 30:08/10:36 [2:25:55/10:36]  Acc_iter 51950       Data time: 0.00(0.02)  Forward time: 0.14(0.16)  Batch time: 0.14(0.18)
2026-07-27 12:13:50,411   INFO  Train:    4/4 (100%) [10326/13891 ( 74%)]  Loss: 9.321e-11 (1.10e-10)  LR: 4.739e-06  Time cost: 30:17/10:27 [2:26:03/10:27]  Acc_iter 52000       Data time: 0.03(0.02)  Forward time: 0.13(0.16)  Batch time: 0.16(0.18)
2026-07-27 12:13:59,093   INFO  Train:    4/4 (100%) [10376/13891 ( 75%)]  Loss: 1.067e-10 (1.10e-10)  LR: 4.608e-06  Time cost: 30:25/10:18 [2:26:12/10:18]  Acc_iter 52050       Data time: 0.02(0.02)  Forward time: 0.15(0.16)  Batch time: 0.17(0.18)
2026-07-27 12:13:59,463   INFO  a1e06a0b30c0                Mon Jul 27 12:13:59 2026  580.173.02
[0] NVIDIA GeForce RTX 3070 | 64°C,  58 % |  4974 /  8192 MB | root(4242M)

2026-07-27 12:14:08,870   INFO  Train:    4/4 (100%) [10426/13891 ( 75%)]  Loss: 1.022e-10 (1.10e-10)  LR: 4.478e-06  Time cost: 30:35/10:10 [2:26:22/10:10]  Acc_iter 52100       Data time: 0.03(0.02)  Forward time: 0.15(0.16)  Batch time: 0.18(0.18)
2026-07-27 12:14:18,305   INFO  Train:    4/4 (100%) [10476/13891 ( 75%)]  Loss: 1.009e-10 (1.10e-10)  LR: 4.351e-06  Time cost: 30:45/10:01 [2:26:31/10:01]  Acc_iter 52150       Data time: 0.00(0.02)  Forward time: 0.14(0.16)  Batch time: 0.14(0.18)
2026-07-27 12:14:26,636   INFO  Train:    4/4 (100%) [10526/13891 ( 76%)]  Loss: 1.006e-10 (1.10e-10)  LR: 4.225e-06  Time cost: 30:53/09:52 [2:26:39/09:52]  Acc_iter 52200       Data time: 0.00(0.02)  Forward time: 0.15(0.16)  Batch time: 0.16(0.18)
2026-07-27 12:14:26,996   INFO  a1e06a0b30c0                Mon Jul 27 12:14:26 2026  580.173.02
[0] NVIDIA GeForce RTX 3070 | 66°C,  17 % |  4974 /  8192 MB | root(4242M)

2026-07-27 12:14:35,174   INFO  Train:    4/4 (100%) [10576/13891 ( 76%)]  Loss: 1.408e-10 (1.10e-10)  LR: 4.101e-06  Time cost: 31:01/09:43 [2:26:48/09:43]  Acc_iter 52250       Data time: 0.00(0.02)  Forward time: 0.15(0.16)  Batch time: 0.15(0.18)
2026-07-27 12:14:43,317   INFO  Train:    4/4 (100%) [10626/13891 ( 76%)]  Loss: 9.323e-11 (1.10e-10)  LR: 3.979e-06  Time cost: 31:10/09:34 [2:26:56/09:34]  Acc_iter 52300       Data time: 0.00(0.02)  Forward time: 0.15(0.16)  Batch time: 0.15(0.18)
2026-07-27 12:14:51,394   INFO  Train:    4/4 (100%) [10676/13891 ( 77%)]  Loss: 8.831e-11 (1.10e-10)  LR: 3.858e-06  Time cost: 31:18/09:25 [2:27:04/09:25]  Acc_iter 52350       Data time: 0.01(0.02)  Forward time: 0.15(0.16)  Batch time: 0.16(0.18)
2026-07-27 12:14:51,749   INFO  a1e06a0b30c0                Mon Jul 27 12:14:51 2026  580.173.02
[0] NVIDIA GeForce RTX 3070 | 65°C,  91 % |  4974 /  8192 MB | root(4242M)

2026-07-27 12:15:00,538   INFO  Train:    4/4 (100%) [10726/13891 ( 77%)]  Loss: 1.141e-10 (1.10e-10)  LR: 3.740e-06  Time cost: 31:27/09:16 [2:27:13/09:16]  Acc_iter 52400       Data time: 0.03(0.02)  Forward time: 0.15(0.16)  Batch time: 0.18(0.18)
2026-07-27 12:15:09,415   INFO  Train:    4/4 (100%) [10776/13891 ( 78%)]  Loss: 9.756e-11 (1.10e-10)  LR: 3.623e-06  Time cost: 31:36/09:08 [2:27:22/09:08]  Acc_iter 52450       Data time: 0.03(0.02)  Forward time: 0.14(0.16)  Batch time: 0.17(0.18)
2026-07-27 12:15:19,096   INFO  Train:    4/4 (100%) [10826/13891 ( 78%)]  Loss: 9.313e-11 (1.10e-10)  LR: 3.508e-06  Time cost: 31:45/08:59 [2:27:32/08:59]  Acc_iter 52500       Data time: 0.02(0.02)  Forward time: 0.17(0.16)  Batch time: 0.18(0.18)
2026-07-27 12:15:19,517   INFO  a1e06a0b30c0                Mon Jul 27 12:15:19 2026  580.173.02
[0] NVIDIA GeForce RTX 3070 | 61°C,  79 % |  4974 /  8192 MB | root(4242M)

2026-07-27 12:15:28,438   INFO  Train:    4/4 (100%) [10876/13891 ( 78%)]  Loss: 1.080e-10 (1.10e-10)  LR: 3.395e-06  Time cost: 31:55/08:50 [2:27:41/08:50]  Acc_iter 52550       Data time: 0.01(0.02)  Forward time: 0.14(0.16)  Batch time: 0.15(0.18)
2026-07-27 12:15:36,936   INFO  Train:    4/4 (100%) [10926/13891 ( 79%)]  Loss: 9.617e-11 (1.10e-10)  LR: 3.284e-06  Time cost: 32:03/08:41 [2:27:50/08:41]  Acc_iter 52600       Data time: 0.02(0.02)  Forward time: 0.13(0.16)  Batch time: 0.15(0.18)
2026-07-27 12:15:44,942   INFO  Train:    4/4 (100%) [10976/13891 ( 79%)]  Loss: 1.014e-10 (1.10e-10)  LR: 3.175e-06  Time cost: 32:11/08:32 [2:27:58/08:32]  Acc_iter 52650       Data time: 0.01(0.02)  Forward time: 0.15(0.16)  Batch time: 0.16(0.18)
2026-07-27 12:15:45,299   INFO  a1e06a0b30c0                Mon Jul 27 12:15:45 2026  580.173.02
[0] NVIDIA GeForce RTX 3070 | 66°C,  88 % |  4974 /  8192 MB | root(4242M)

2026-07-27 12:15:53,721   INFO  Train:    4/4 (100%) [11026/13891 ( 79%)]  Loss: 1.403e-10 (1.10e-10)  LR: 3.067e-06  Time cost: 32:20/08:24 [2:28:07/08:24]  Acc_iter 52700       Data time: 0.02(0.02)  Forward time: 0.20(0.16)  Batch time: 0.22(0.18)
2026-07-27 12:16:02,288   INFO  Train:    4/4 (100%) [11076/13891 ( 80%)]  Loss: 1.420e-10 (1.10e-10)  LR: 2.962e-06  Time cost: 32:29/08:15 [2:28:15/08:15]  Acc_iter 52750       Data time: 0.01(0.02)  Forward time: 0.20(0.16)  Batch time: 0.21(0.18)
2026-07-27 12:16:10,799   INFO  Train:    4/4 (100%) [11126/13891 ( 80%)]  Loss: 1.047e-10 (1.10e-10)  LR: 2.858e-06  Time cost: 32:37/08:06 [2:28:24/08:06]  Acc_iter 52800       Data time: 0.02(0.02)  Forward time: 0.17(0.16)  Batch time: 0.19(0.18)
2026-07-27 12:16:11,145   INFO  a1e06a0b30c0                Mon Jul 27 12:16:11 2026  580.173.02
[0] NVIDIA GeForce RTX 3070 | 65°C,  56 % |  4974 /  8192 MB | root(4242M)

2026-07-27 12:16:20,276   INFO  Train:    4/4 (100%) [11176/13891 ( 80%)]  Loss: 1.126e-10 (1.10e-10)  LR: 2.756e-06  Time cost: 32:47/07:57 [2:28:33/07:57]  Acc_iter 52850       Data time: 0.03(0.02)  Forward time: 0.15(0.16)  Batch time: 0.18(0.18)
2026-07-27 12:16:30,230   INFO  Train:    4/4 (100%) [11226/13891 ( 81%)]  Loss: 1.176e-10 (1.10e-10)  LR: 2.656e-06  Time cost: 32:56/07:49 [2:28:43/07:49]  Acc_iter 52900       Data time: 0.02(0.02)  Forward time: 0.25(0.16)  Batch time: 0.26(0.18)
2026-07-27 12:16:39,101   INFO  Train:    4/4 (100%) [11276/13891 ( 81%)]  Loss: 9.946e-11 (1.10e-10)  LR: 2.557e-06  Time cost: 33:05/07:40 [2:28:52/07:40]  Acc_iter 52950       Data time: 0.03(0.02)  Forward time: 0.13(0.16)  Batch time: 0.16(0.18)
2026-07-27 12:16:39,462   INFO  a1e06a0b30c0                Mon Jul 27 12:16:39 2026  580.173.02
[0] NVIDIA GeForce RTX 3070 | 62°C,  87 % |  4974 /  8192 MB | root(4242M)

2026-07-27 12:16:47,630   INFO  Train:    4/4 (100%) [11326/13891 ( 82%)]  Loss: 1.150e-10 (1.10e-10)  LR: 2.461e-06  Time cost: 33:14/07:31 [2:29:00/07:31]  Acc_iter 53000       Data time: 0.02(0.02)  Forward time: 0.15(0.16)  Batch time: 0.18(0.18)
2026-07-27 12:16:55,929   INFO  Train:    4/4 (100%) [11376/13891 ( 82%)]  Loss: 1.025e-10 (1.10e-10)  LR: 2.366e-06  Time cost: 33:22/07:22 [2:29:09/07:22]  Acc_iter 53050       Data time: 0.02(0.02)  Forward time: 0.13(0.16)  Batch time: 0.15(0.18)
2026-07-27 12:17:03,996   INFO  Train:    4/4 (100%) [11426/13891 ( 82%)]  Loss: 1.026e-10 (1.10e-10)  LR: 2.273e-06  Time cost: 33:30/07:13 [2:29:17/07:13]  Acc_iter 53100       Data time: 0.01(0.02)  Forward time: 0.17(0.16)  Batch time: 0.18(0.18)
2026-07-27 12:17:04,361   INFO  a1e06a0b30c0                Mon Jul 27 12:17:04 2026  580.173.02
[0] NVIDIA GeForce RTX 3070 | 68°C,  94 % |  4974 /  8192 MB | root(4242M)

2026-07-27 12:17:13,020   INFO  Train:    4/4 (100%) [11476/13891 ( 83%)]  Loss: 1.282e-10 (1.10e-10)  LR: 2.182e-06  Time cost: 33:39/07:05 [2:29:26/07:05]  Acc_iter 53150       Data time: 0.01(0.02)  Forward time: 0.13(0.16)  Batch time: 0.14(0.18)
2026-07-27 12:17:21,583   INFO  Train:    4/4 (100%) [11526/13891 ( 83%)]  Loss: 9.012e-11 (1.10e-10)  LR: 2.093e-06  Time cost: 33:48/06:56 [2:29:34/06:56]  Acc_iter 53200       Data time: 0.02(0.02)  Forward time: 0.17(0.16)  Batch time: 0.18(0.18)
2026-07-27 12:17:31,342   INFO  Train:    4/4 (100%) [11576/13891 ( 83%)]  Loss: 8.725e-11 (1.10e-10)  LR: 2.006e-06  Time cost: 33:58/06:47 [2:29:44/06:47]  Acc_iter 53250       Data time: 0.02(0.02)  Forward time: 0.20(0.16)  Batch time: 0.22(0.18)
2026-07-27 12:17:31,817   INFO  a1e06a0b30c0                Mon Jul 27 12:17:31 2026  580.173.02
[0] NVIDIA GeForce RTX 3070 | 64°C,  40 % |  4975 /  8192 MB | root(4242M)

2026-07-27 12:17:40,909   INFO  Train:    4/4 (100%) [11626/13891 ( 84%)]  Loss: 1.206e-10 (1.10e-10)  LR: 1.921e-06  Time cost: 34:07/06:38 [2:29:54/06:38]  Acc_iter 53300       Data time: 0.02(0.02)  Forward time: 0.20(0.16)  Batch time: 0.22(0.18)
2026-07-27 12:17:49,040   INFO  Train:    4/4 (100%) [11676/13891 ( 84%)]  Loss: 1.092e-10 (1.10e-10)  LR: 1.837e-06  Time cost: 34:15/06:29 [2:30:02/06:29]  Acc_iter 53350       Data time: 0.03(0.02)  Forward time: 0.13(0.16)  Batch time: 0.16(0.18)
2026-07-27 12:17:57,075   INFO  Train:    4/4 (100%) [11726/13891 ( 84%)]  Loss: 1.032e-10 (1.10e-10)  LR: 1.755e-06  Time cost: 34:23/06:21 [2:30:10/06:21]  Acc_iter 53400       Data time: 0.03(0.02)  Forward time: 0.15(0.16)  Batch time: 0.18(0.18)
2026-07-27 12:17:57,432   INFO  a1e06a0b30c0                Mon Jul 27 12:17:57 2026  580.173.02
[0] NVIDIA GeForce RTX 3070 | 64°C,  76 % |  4974 /  8192 MB | root(4242M)

2026-07-27 12:18:05,579   INFO  Train:    4/4 (100%) [11776/13891 ( 85%)]  Loss: 1.123e-10 (1.10e-10)  LR: 1.676e-06  Time cost: 34:32/06:12 [2:30:18/06:12]  Acc_iter 53450       Data time: 0.00(0.02)  Forward time: 0.15(0.16)  Batch time: 0.15(0.18)
2026-07-27 12:18:14,143   INFO  Train:    4/4 (100%) [11826/13891 ( 85%)]  Loss: 1.118e-10 (1.10e-10)  LR: 1.598e-06  Time cost: 34:40/06:03 [2:30:27/06:03]  Acc_iter 53500       Data time: 0.01(0.02)  Forward time: 0.15(0.16)  Batch time: 0.17(0.18)
2026-07-27 12:18:22,670   INFO  Train:    4/4 (100%) [11876/13891 ( 85%)]  Loss: 9.914e-11 (1.10e-10)  LR: 1.521e-06  Time cost: 34:49/05:54 [2:30:35/05:54]  Acc_iter 53550       Data time: 0.02(0.02)  Forward time: 0.17(0.16)  Batch time: 0.19(0.18)
2026-07-27 12:18:23,022   INFO  a1e06a0b30c0                Mon Jul 27 12:18:23 2026  580.173.02
[0] NVIDIA GeForce RTX 3070 | 68°C,  30 % |  4975 /  8192 MB | root(4242M)

2026-07-27 12:18:32,090   INFO  Train:    4/4 (100%) [11926/13891 ( 86%)]  Loss: 1.469e-10 (1.10e-10)  LR: 1.447e-06  Time cost: 34:58/05:45 [2:30:45/05:45]  Acc_iter 53600       Data time: 0.03(0.02)  Forward time: 0.19(0.16)  Batch time: 0.22(0.18)
2026-07-27 12:18:33,352   INFO  Save latest model to /OpenPCDet/output/OpenPCDet/tools/cfgs/models/S/D/S_D_N/unfrozen_backbone_1_9/ckpt/latest_model
2026-07-27 12:18:41,932   INFO  Train:    4/4 (100%) [11976/13891 ( 86%)]  Loss: 9.044e-11 (1.10e-10)  LR: 1.375e-06  Time cost: 35:08/05:37 [2:30:55/05:37]  Acc_iter 53650       Data time: 0.04(0.02)  Forward time: 0.13(0.16)  Batch time: 0.17(0.18)
2026-07-27 12:18:50,385   INFO  Train:    4/4 (100%) [12026/13891 ( 87%)]  Loss: 1.016e-10 (1.10e-10)  LR: 1.304e-06  Time cost: 35:17/05:28 [2:31:03/05:28]  Acc_iter 53700       Data time: 0.02(0.02)  Forward time: 0.15(0.16)  Batch time: 0.16(0.18)
2026-07-27 12:18:50,747   INFO  a1e06a0b30c0                Mon Jul 27 12:18:50 2026  580.173.02
[0] NVIDIA GeForce RTX 3070 | 67°C,  75 % |  4974 /  8192 MB | root(4242M)

2026-07-27 12:18:58,837   INFO  Train:    4/4 (100%) [12076/13891 ( 87%)]  Loss: 1.117e-10 (1.10e-10)  LR: 1.235e-06  Time cost: 35:25/05:19 [2:31:12/05:19]  Acc_iter 53750       Data time: 0.02(0.02)  Forward time: 0.18(0.16)  Batch time: 0.20(0.18)
2026-07-27 12:19:07,034   INFO  Train:    4/4 (100%) [12126/13891 ( 87%)]  Loss: 1.144e-10 (1.10e-10)  LR: 1.168e-06  Time cost: 35:33/05:10 [2:31:20/05:10]  Acc_iter 53800       Data time: 0.03(0.02)  Forward time: 0.13(0.16)  Batch time: 0.15(0.18)
2026-07-27 12:19:15,064   INFO  Train:    4/4 (100%) [12176/13891 ( 88%)]  Loss: 1.111e-10 (1.10e-10)  LR: 1.103e-06  Time cost: 35:41/05:01 [2:31:28/05:01]  Acc_iter 53850       Data time: 0.01(0.02)  Forward time: 0.13(0.16)  Batch time: 0.13(0.18)
2026-07-27 12:19:15,409   INFO  a1e06a0b30c0                Mon Jul 27 12:19:15 2026  580.173.02
[0] NVIDIA GeForce RTX 3070 | 64°C,  76 % |  4974 /  8192 MB | root(4242M)

2026-07-27 12:19:23,888   INFO  Train:    4/4 (100%) [12226/13891 ( 88%)]  Loss: 9.384e-11 (1.10e-10)  LR: 1.040e-06  Time cost: 35:50/04:52 [2:31:37/04:52]  Acc_iter 53900       Data time: 0.01(0.02)  Forward time: 0.14(0.16)  Batch time: 0.15(0.18)
2026-07-27 12:19:32,326   INFO  Train:    4/4 (100%) [12276/13891 ( 88%)]  Loss: 1.065e-10 (1.10e-10)  LR: 9.790e-07  Time cost: 35:59/04:44 [2:31:45/04:44]  Acc_iter 53950       Data time: 0.00(0.02)  Forward time: 0.15(0.16)  Batch time: 0.15(0.18)
2026-07-27 12:19:41,724   INFO  Train:    4/4 (100%) [12326/13891 ( 89%)]  Loss: 8.692e-11 (1.10e-10)  LR: 9.196e-07  Time cost: 36:08/04:35 [2:31:55/04:35]  Acc_iter 54000       Data time: 0.02(0.02)  Forward time: 0.17(0.16)  Batch time: 0.19(0.18)
2026-07-27 12:19:42,142   INFO  a1e06a0b30c0                Mon Jul 27 12:19:42 2026  580.173.02
[0] NVIDIA GeForce RTX 3070 | 66°C,  94 % |  4974 /  8192 MB | root(4242M)

2026-07-27 12:19:51,838   INFO  Train:    4/4 (100%) [12376/13891 ( 89%)]  Loss: 1.214e-10 (1.10e-10)  LR: 8.620e-07  Time cost: 36:18/04:26 [2:32:05/04:26]  Acc_iter 54050       Data time: 0.02(0.02)  Forward time: 0.23(0.16)  Batch time: 0.25(0.18)
2026-07-27 12:20:00,533   INFO  Train:    4/4 (100%) [12426/13891 ( 89%)]  Loss: 1.035e-10 (1.10e-10)  LR: 8.063e-07  Time cost: 36:27/04:17 [2:32:13/04:17]  Acc_iter 54100       Data time: 0.02(0.02)  Forward time: 0.15(0.16)  Batch time: 0.17(0.18)
2026-07-27 12:20:08,683   INFO  Train:    4/4 (100%) [12476/13891 ( 90%)]  Loss: 9.595e-11 (1.10e-10)  LR: 7.524e-07  Time cost: 36:35/04:08 [2:32:22/04:08]  Acc_iter 54150       Data time: 0.02(0.02)  Forward time: 0.15(0.16)  Batch time: 0.16(0.18)
2026-07-27 12:20:09,040   INFO  a1e06a0b30c0                Mon Jul 27 12:20:09 2026  580.173.02
[0] NVIDIA GeForce RTX 3070 | 66°C,  77 % |  4974 /  8192 MB | root(4242M)

2026-07-27 12:20:17,445   INFO  Train:    4/4 (100%) [12526/13891 ( 90%)]  Loss: 1.031e-10 (1.10e-10)  LR: 7.004e-07  Time cost: 36:44/04:00 [2:32:30/04:00]  Acc_iter 54200       Data time: 0.02(0.02)  Forward time: 0.14(0.16)  Batch time: 0.16(0.18)
2026-07-27 12:20:25,546   INFO  Train:    4/4 (100%) [12576/13891 ( 91%)]  Loss: 9.918e-11 (1.10e-10)  LR: 6.503e-07  Time cost: 36:52/03:51 [2:32:38/03:51]  Acc_iter 54250       Data time: 0.00(0.02)  Forward time: 0.16(0.16)  Batch time: 0.16(0.18)
2026-07-27 12:20:34,062   INFO  Train:    4/4 (100%) [12626/13891 ( 91%)]  Loss: 1.011e-10 (1.10e-10)  LR: 6.021e-07  Time cost: 37:00/03:42 [2:32:47/03:42]  Acc_iter 54300       Data time: 0.02(0.02)  Forward time: 0.15(0.16)  Batch time: 0.17(0.18)
2026-07-27 12:20:34,427   INFO  a1e06a0b30c0                Mon Jul 27 12:20:34 2026  580.173.02
[0] NVIDIA GeForce RTX 3070 | 63°C,  88 % |  4974 /  8192 MB | root(4242M)

2026-07-27 12:20:43,345   INFO  Train:    4/4 (100%) [12676/13891 ( 91%)]  Loss: 1.403e-10 (1.10e-10)  LR: 5.557e-07  Time cost: 37:10/03:33 [2:32:56/03:33]  Acc_iter 54350       Data time: 0.02(0.02)  Forward time: 0.15(0.16)  Batch time: 0.17(0.18)
2026-07-27 12:20:53,107   INFO  Train:    4/4 (100%) [12726/13891 ( 92%)]  Loss: 9.719e-11 (1.10e-10)  LR: 5.111e-07  Time cost: 37:19/03:25 [2:33:06/03:25]  Acc_iter 54400       Data time: 0.03(0.02)  Forward time: 0.15(0.16)  Batch time: 0.18(0.18)
2026-07-27 12:21:02,007   INFO  Train:    4/4 (100%) [12776/13891 ( 92%)]  Loss: 1.298e-10 (1.10e-10)  LR: 4.685e-07  Time cost: 37:28/03:16 [2:33:15/03:16]  Acc_iter 54450       Data time: 0.04(0.02)  Forward time: 0.14(0.16)  Batch time: 0.18(0.18)
2026-07-27 12:21:02,370   INFO  a1e06a0b30c0                Mon Jul 27 12:21:02 2026  580.173.02
[0] NVIDIA GeForce RTX 3070 | 65°C,  70 % |  4974 /  8192 MB | root(4242M)

2026-07-27 12:21:10,759   INFO  Train:    4/4 (100%) [12826/13891 ( 92%)]  Loss: 1.018e-10 (1.10e-10)  LR: 4.277e-07  Time cost: 37:37/03:07 [2:33:24/03:07]  Acc_iter 54500       Data time: 0.00(0.02)  Forward time: 0.16(0.16)  Batch time: 0.16(0.18)
2026-07-27 12:21:19,256   INFO  Train:    4/4 (100%) [12876/13891 ( 93%)]  Loss: 9.142e-11 (1.10e-10)  LR: 3.888e-07  Time cost: 37:46/02:58 [2:33:32/02:58]  Acc_iter 54550       Data time: 0.00(0.02)  Forward time: 0.14(0.16)  Batch time: 0.14(0.18)
2026-07-27 12:21:27,515   INFO  Train:    4/4 (100%) [12926/13891 ( 93%)]  Loss: 1.126e-10 (1.10e-10)  LR: 3.517e-07  Time cost: 37:54/02:49 [2:33:40/02:49]  Acc_iter 54600       Data time: 0.02(0.02)  Forward time: 0.15(0.16)  Batch time: 0.17(0.18)
2026-07-27 12:21:27,859   INFO  a1e06a0b30c0                Mon Jul 27 12:21:27 2026  580.173.02
[0] NVIDIA GeForce RTX 3070 | 68°C,  94 % |  4974 /  8192 MB | root(4242M)

2026-07-27 12:21:36,590   INFO  Train:    4/4 (100%) [12976/13891 ( 93%)]  Loss: 1.166e-10 (1.10e-10)  LR: 3.165e-07  Time cost: 38:03/02:40 [2:33:49/02:40]  Acc_iter 54650       Data time: 0.01(0.02)  Forward time: 0.15(0.16)  Batch time: 0.16(0.18)
2026-07-27 12:21:45,258   INFO  Train:    4/4 (100%) [13026/13891 ( 94%)]  Loss: 1.084e-10 (1.10e-10)  LR: 2.832e-07  Time cost: 38:12/02:32 [2:33:58/02:32]  Acc_iter 54700       Data time: 0.04(0.02)  Forward time: 0.16(0.16)  Batch time: 0.20(0.18)
2026-07-27 12:21:54,786   INFO  Train:    4/4 (100%) [13076/13891 ( 94%)]  Loss: 9.742e-11 (1.10e-10)  LR: 2.518e-07  Time cost: 38:21/02:23 [2:34:08/02:23]  Acc_iter 54750       Data time: 0.02(0.02)  Forward time: 0.18(0.16)  Batch time: 0.20(0.18)
2026-07-27 12:21:55,215   INFO  a1e06a0b30c0                Mon Jul 27 12:21:55 2026  580.173.02
[0] NVIDIA GeForce RTX 3070 | 65°C,  49 % |  4974 /  8192 MB | root(4242M)

2026-07-27 12:22:04,745   INFO  Train:    4/4 (100%) [13126/13891 ( 94%)]  Loss: 1.217e-10 (1.10e-10)  LR: 2.222e-07  Time cost: 38:31/02:14 [2:34:18/02:14]  Acc_iter 54800       Data time: 0.02(0.02)  Forward time: 0.15(0.16)  Batch time: 0.18(0.18)
2026-07-27 12:22:13,075   INFO  Train:    4/4 (100%) [13176/13891 ( 95%)]  Loss: 1.186e-10 (1.10e-10)  LR: 1.945e-07  Time cost: 38:39/02:05 [2:34:26/02:05]  Acc_iter 54850       Data time: 0.00(0.02)  Forward time: 0.14(0.16)  Batch time: 0.14(0.18)
2026-07-27 12:22:21,174   INFO  Train:    4/4 (100%) [13226/13891 ( 95%)]  Loss: 9.575e-11 (1.10e-10)  LR: 1.686e-07  Time cost: 38:47/01:57 [2:34:34/01:57]  Acc_iter 54900       Data time: 0.00(0.02)  Forward time: 0.14(0.16)  Batch time: 0.15(0.18)
2026-07-27 12:22:21,523   INFO  a1e06a0b30c0                Mon Jul 27 12:22:21 2026  580.173.02
[0] NVIDIA GeForce RTX 3070 | 65°C,  85 % |  4974 /  8192 MB | root(4242M)

2026-07-27 12:22:29,965   INFO  Train:    4/4 (100%) [13276/13891 ( 96%)]  Loss: 9.709e-11 (1.10e-10)  LR: 1.447e-07  Time cost: 38:56/01:48 [2:34:43/01:48]  Acc_iter 54950       Data time: 0.02(0.02)  Forward time: 0.13(0.16)  Batch time: 0.15(0.18)
2026-07-27 12:22:38,461   INFO  Train:    4/4 (100%) [13326/13891 ( 96%)]  Loss: 9.563e-11 (1.10e-10)  LR: 1.226e-07  Time cost: 39:05/01:39 [2:34:51/01:39]  Acc_iter 55000       Data time: 0.01(0.02)  Forward time: 0.18(0.16)  Batch time: 0.18(0.18)
2026-07-27 12:22:46,937   INFO  Train:    4/4 (100%) [13376/13891 ( 96%)]  Loss: 1.136e-10 (1.10e-10)  LR: 1.023e-07  Time cost: 39:13/01:30 [2:35:00/01:30]  Acc_iter 55050       Data time: 0.02(0.02)  Forward time: 0.14(0.16)  Batch time: 0.16(0.18)
2026-07-27 12:22:47,298   INFO  a1e06a0b30c0                Mon Jul 27 12:22:47 2026  580.173.02
[0] NVIDIA GeForce RTX 3070 | 66°C,  87 % |  4974 /  8192 MB | root(4242M)

2026-07-27 12:22:56,216   INFO  Train:    4/4 (100%) [13426/13891 ( 97%)]  Loss: 1.087e-10 (1.10e-10)  LR: 8.399e-08  Time cost: 39:22/01:21 [2:35:09/01:21]  Acc_iter 55100       Data time: 0.02(0.02)  Forward time: 0.25(0.16)  Batch time: 0.27(0.18)
2026-07-27 12:23:05,710   INFO  Train:    4/4 (100%) [13476/13891 ( 97%)]  Loss: 1.011e-10 (1.10e-10)  LR: 6.751e-08  Time cost: 39:32/01:13 [2:35:19/01:13]  Acc_iter 55150       Data time: 0.03(0.02)  Forward time: 0.15(0.16)  Batch time: 0.18(0.18)
2026-07-27 12:23:13,787   INFO  Train:    4/4 (100%) [13526/13891 ( 97%)]  Loss: 9.281e-11 (1.10e-10)  LR: 5.290e-08  Time cost: 39:40/01:04 [2:35:27/01:04]  Acc_iter 55200       Data time: 0.01(0.02)  Forward time: 0.13(0.16)  Batch time: 0.14(0.18)
2026-07-27 12:23:14,153   INFO  a1e06a0b30c0                Mon Jul 27 12:23:14 2026  580.173.02
[0] NVIDIA GeForce RTX 3070 | 65°C,  89 % |  4974 /  8192 MB | root(4242M)

2026-07-27 12:23:21,972   INFO  Train:    4/4 (100%) [13576/13891 ( 98%)]  Loss: 9.172e-11 (1.10e-10)  LR: 4.017e-08  Time cost: 39:48/00:55 [2:35:35/00:55]  Acc_iter 55250       Data time: 0.01(0.02)  Forward time: 0.13(0.16)  Batch time: 0.14(0.18)
2026-07-27 12:23:29,840   INFO  Train:    4/4 (100%) [13626/13891 ( 98%)]  Loss: 9.564e-11 (1.10e-10)  LR: 2.931e-08  Time cost: 39:56/00:46 [2:35:43/00:46]  Acc_iter 55300       Data time: 0.00(0.02)  Forward time: 0.13(0.16)  Batch time: 0.14(0.18)
2026-07-27 12:23:33,404   INFO  Save latest model to /OpenPCDet/output/OpenPCDet/tools/cfgs/models/S/D/S_D_N/unfrozen_backbone_1_9/ckpt/latest_model
2026-07-27 12:23:37,519   INFO  Train:    4/4 (100%) [13676/13891 ( 98%)]  Loss: 1.237e-10 (1.10e-10)  LR: 2.032e-08  Time cost: 40:04/00:37 [2:35:50/00:37]  Acc_iter 55350       Data time: 0.02(0.02)  Forward time: 0.14(0.16)  Batch time: 0.16(0.18)
2026-07-27 12:23:37,863   INFO  a1e06a0b30c0                Mon Jul 27 12:23:37 2026  580.173.02
[0] NVIDIA GeForce RTX 3070 | 67°C,  93 % |  4974 /  8192 MB | root(4242M)

2026-07-27 12:23:45,861   INFO  Train:    4/4 (100%) [13726/13891 ( 99%)]  Loss: 9.865e-11 (1.10e-10)  LR: 1.320e-08  Time cost: 40:12/00:29 [2:35:59/00:29]  Acc_iter 55400       Data time: 0.01(0.02)  Forward time: 0.16(0.16)  Batch time: 0.17(0.18)
2026-07-27 12:23:53,787   INFO  Train:    4/4 (100%) [13776/13891 ( 99%)]  Loss: 9.242e-11 (1.10e-10)  LR: 7.954e-09  Time cost: 40:20/00:20 [2:36:07/00:20]  Acc_iter 55450       Data time: 0.02(0.02)  Forward time: 0.19(0.16)  Batch time: 0.20(0.18)
2026-07-27 12:24:02,439   INFO  Train:    4/4 (100%) [13826/13891 (100%)]  Loss: 1.007e-10 (1.10e-10)  LR: 4.583e-09  Time cost: 40:29/00:11 [2:36:15/00:11]  Acc_iter 55500       Data time: 0.02(0.02)  Forward time: 0.17(0.16)  Batch time: 0.19(0.18)
2026-07-27 12:24:02,864   INFO  a1e06a0b30c0                Mon Jul 27 12:24:02 2026  580.173.02
[0] NVIDIA GeForce RTX 3070 | 67°C,  92 % |  4974 /  8192 MB | root(4242M)

2026-07-27 12:24:12,181   INFO  Train:    4/4 (100%) [13876/13891 (100%)]  Loss: 1.013e-10 (1.10e-10)  LR: 3.084e-09  Time cost: 40:38/00:02 [2:36:25/00:02]  Acc_iter 55550       Data time: 0.00(0.02)  Forward time: 0.14(0.16)  Batch time: 0.14(0.18)
2026-07-27 12:24:14,246   INFO  Train:    4/4 (100%) [13890/13891 (100%)]  Loss: 1.046e-10 (1.10e-10)  LR: 3.000e-09  Time cost: 40:41/00:00 [2:36:27/00:00]  Acc_iter 55564       Data time: 0.01(0.02)  Forward time: 0.11(0.16)  Batch time: 0.12(0.18)
2026-07-27 12:24:14,499   INFO  **********************End training OpenPCDet/tools/cfgs/models/S/D/S_D_N(unfrozen_backbone_1_9)**********************



2026-07-27 12:24:14,499   INFO  **********************Start evaluation OpenPCDet/tools/cfgs/models/S/D/S_D_N(unfrozen_backbone_1_9)**********************
2026-07-27 12:24:14,499   INFO  Loading NuScenes dataset
2026-07-27 12:24:14,608   INFO  Total samples for NuScenes dataset: 6019
2026-07-27 12:24:14,610   INFO  ==> Loading parameters from checkpoint /OpenPCDet/output/OpenPCDet/tools/cfgs/models/S/D/S_D_N/unfrozen_backbone_1_9/ckpt/checkpoint_epoch_4.pth to GPU
2026-07-27 12:24:14,644   INFO  ==> Checkpoint trained from version: pcdet+0.6.0+233f849+py970b202
2026-07-27 12:24:14,648   INFO  ==> Done (loaded 163/163)
2026-07-27 12:24:14,650   INFO  *************** EPOCH 4 EVALUATION *****************
2026-07-27 12:27:16,281   INFO  *************** Performance of EPOCH 4 *****************
2026-07-27 12:27:16,281   INFO  Generate label finished(sec_per_example: 0.0302 second).
2026-07-27 12:27:16,281   INFO  recall_roi_0.3: 0.000000
2026-07-27 12:27:16,281   INFO  recall_rcnn_0.3: 0.000000
2026-07-27 12:27:16,281   INFO  recall_roi_0.5: 0.000000
2026-07-27 12:27:16,281   INFO  recall_rcnn_0.5: 0.000000
2026-07-27 12:27:16,281   INFO  recall_roi_0.7: 0.000000
2026-07-27 12:27:16,281   INFO  recall_rcnn_0.7: 0.000000
2026-07-27 12:27:16,284   INFO  Average predicted number of objects(6019 samples): 0.000
2026-07-27 12:27:51,523   INFO  The predictions of NuScenes have been saved to /OpenPCDet/output/OpenPCDet/tools/cfgs/models/S/D/S_D_N/unfrozen_backbone_1_9/eval/eval_with_train/epoch_4/val/final_result/data/results_nusc.json
2026-07-27 12:27:59,087   INFO  Evaluation failed: list index out of range
2026-07-27 12:27:59,138   INFO  Result is saved to /OpenPCDet/output/OpenPCDet/tools/cfgs/models/S/D/S_D_N/unfrozen_backbone_1_9/eval/eval_with_train/epoch_4/val
2026-07-27 12:27:59,139   INFO  ****************Evaluation done.*****************
2026-07-27 12:27:59,160   INFO  Epoch 4 has been evaluated
2026-07-27 12:28:29,191   INFO  **********************End evaluation OpenPCDet/tools/cfgs/models/S/D/S_D_N(unfrozen_backbone_1_9)**********************
