2026-07-29 19:37:01,413   INFO  **********************Start logging**********************
2026-07-29 19:37:01,413   INFO  CUDA_VISIBLE_DEVICES=ALL
2026-07-29 19:37:01,413   INFO  Training with a single process
2026-07-29 19:37:01,413   INFO  cfg_file         /OpenPCDet/tools/cfgs/models/S/D/S_D_N.yaml
2026-07-29 19:37:01,413   INFO  batch_size       6
2026-07-29 19:37:01,413   INFO  epochs           40
2026-07-29 19:37:01,413   INFO  workers          6
2026-07-29 19:37:01,413   INFO  extra_tag        unfrozen_backbone_1_93
2026-07-29 19:37:01,413   INFO  ckpt             None
2026-07-29 19:37:01,413   INFO  pretrained_model /OpenPCDet/pcdet/models/pth/second_7862.pth
2026-07-29 19:37:01,413   INFO  launcher         none
2026-07-29 19:37:01,413   INFO  tcp_port         18888
2026-07-29 19:37:01,413   INFO  sync_bn          False
2026-07-29 19:37:01,414   INFO  fix_random_seed  False
2026-07-29 19:37:01,414   INFO  ckpt_save_interval 1
2026-07-29 19:37:01,414   INFO  local_rank       None
2026-07-29 19:37:01,414   INFO  max_ckpt_save_num 100
2026-07-29 19:37:01,414   INFO  merge_all_iters_to_one_epoch False
2026-07-29 19:37:01,414   INFO  set_cfgs         None
2026-07-29 19:37:01,414   INFO  max_waiting_mins 0
2026-07-29 19:37:01,414   INFO  start_epoch      0
2026-07-29 19:37:01,414   INFO  num_epochs_to_eval 0
2026-07-29 19:37:01,414   INFO  save_to_file     False
2026-07-29 19:37:01,414   INFO  use_tqdm_to_record False
2026-07-29 19:37:01,414   INFO  logger_iter_interval 50
2026-07-29 19:37:01,414   INFO  ckpt_save_time_interval 300
2026-07-29 19:37:01,414   INFO  wo_gpu_stat      False
2026-07-29 19:37:01,414   INFO  use_amp          False
2026-07-29 19:37:01,414   INFO  freeze_backbone  False
2026-07-29 19:37:01,414   INFO  freeze_bn        False
2026-07-29 19:37:01,414   INFO  cfg.ROOT_DIR: /OpenPCDet
2026-07-29 19:37:01,414   INFO  cfg.LOCAL_RANK: 0
2026-07-29 19:37:01,414   INFO  cfg.CLASS_NAMES: ['car', 'pedestrian', 'bicycle']
2026-07-29 19:37:01,414   INFO  ----------- MAP_CLASS_TO_KITTI -----------
2026-07-29 19:37:01,414   INFO  cfg.MAP_CLASS_TO_KITTI.car: Car
2026-07-29 19:37:01,414   INFO  cfg.MAP_CLASS_TO_KITTI.pedestrian: Pedestrian
2026-07-29 19:37:01,414   INFO  cfg.MAP_CLASS_TO_KITTI.bicycle: Cyclist
2026-07-29 19:37:01,414   INFO  ----------- DATA_CONFIG -----------
2026-07-29 19:37:01,414   INFO  cfg.DATA_CONFIG.DATASET: NuScenesDataset
2026-07-29 19:37:01,414   INFO  cfg.DATA_CONFIG.DATA_PATH: ../datasets/nuscenes
2026-07-29 19:37:01,414   INFO  cfg.DATA_CONFIG.VERSION: v1.0-trainval
2026-07-29 19:37:01,414   INFO  cfg.DATA_CONFIG.MAX_SWEEPS: 1
2026-07-29 19:37:01,414   INFO  cfg.DATA_CONFIG.PRED_VELOCITY: False
2026-07-29 19:37:01,414   INFO  cfg.DATA_CONFIG.SET_NAN_VELOCITY_TO_ZEROS: True
2026-07-29 19:37:01,414   INFO  cfg.DATA_CONFIG.FILTER_MIN_POINTS_IN_GT: 1
2026-07-29 19:37:01,414   INFO  ----------- MAP_CLASS_TO_KITTI -----------
2026-07-29 19:37:01,414   INFO  cfg.DATA_CONFIG.MAP_CLASS_TO_KITTI.car: Car
2026-07-29 19:37:01,414   INFO  cfg.DATA_CONFIG.MAP_CLASS_TO_KITTI.pedestrian: Pedestrian
2026-07-29 19:37:01,414   INFO  cfg.DATA_CONFIG.MAP_CLASS_TO_KITTI.bicycle: Cyclist
2026-07-29 19:37:01,415   INFO  ----------- DATA_SPLIT -----------
2026-07-29 19:37:01,415   INFO  cfg.DATA_CONFIG.DATA_SPLIT.train: train
2026-07-29 19:37:01,415   INFO  cfg.DATA_CONFIG.DATA_SPLIT.test: val
2026-07-29 19:37:01,415   INFO  ----------- INFO_PATH -----------
2026-07-29 19:37:01,415   INFO  cfg.DATA_CONFIG.INFO_PATH.train: ['nuscenes_infos_1sweeps_train.pkl']
2026-07-29 19:37:01,415   INFO  cfg.DATA_CONFIG.INFO_PATH.test: ['nuscenes_infos_1sweeps_val.pkl']
2026-07-29 19:37:01,415   INFO  cfg.DATA_CONFIG.POINT_CLOUD_RANGE: [-51.2, -51.2, -5.0, 51.2, 51.2, 3.0]
2026-07-29 19:37:01,415   INFO  cfg.DATA_CONFIG.BALANCED_RESAMPLING: True
2026-07-29 19:37:01,415   INFO  ----------- DATA_AUGMENTOR -----------
2026-07-29 19:37:01,415   INFO  cfg.DATA_CONFIG.DATA_AUGMENTOR.DISABLE_AUG_LIST: ['gt_sampling']
2026-07-29 19:37:01,415   INFO  cfg.DATA_CONFIG.DATA_AUGMENTOR.AUG_CONFIG_LIST: [{'NAME': 'gt_sampling', 'DB_INFO_PATH': ['nuscenes_dbinfos_1sweeps_withvelo.pkl'], 'PREPARE': {'filter_by_min_points': ['car:5', 'bicycle:5', 'pedestrian:5']}, 'SAMPLE_GROUPS': ['car:2', 'bicycle:6', 'pedestrian:2'], 'NUM_POINT_FEATURES': 4, 'DATABASE_WITH_FAKELIDAR': False, 'REMOVE_EXTRA_WIDTH': [0.0, 0.0, 0.0], 'LIMIT_WHOLE_SCENE': True}, {'NAME': 'random_world_flip', 'ALONG_AXIS_LIST': ['x', 'y']}, {'NAME': 'random_world_rotation', 'WORLD_ROT_ANGLE': [-0.3925, 0.3925]}, {'NAME': 'random_world_scaling', 'WORLD_SCALE_RANGE': [0.95, 1.05]}]
2026-07-29 19:37:01,415   INFO  ----------- POINT_FEATURE_ENCODING -----------
2026-07-29 19:37:01,415   INFO  cfg.DATA_CONFIG.POINT_FEATURE_ENCODING.encoding_type: absolute_coordinates_encoding
2026-07-29 19:37:01,415   INFO  cfg.DATA_CONFIG.POINT_FEATURE_ENCODING.used_feature_list: ['x', 'y', 'z', 'intensity']
2026-07-29 19:37:01,415   INFO  cfg.DATA_CONFIG.POINT_FEATURE_ENCODING.src_feature_list: ['x', 'y', 'z', 'intensity']
2026-07-29 19:37:01,415   INFO  cfg.DATA_CONFIG.DATA_PROCESSOR: [{'NAME': 'mask_points_and_boxes_outside_range', 'REMOVE_OUTSIDE_BOXES': True}, {'NAME': 'shuffle_points', 'SHUFFLE_ENABLED': {'train': True, 'test': True}}, {'NAME': 'transform_points_to_voxels', 'VOXEL_SIZE': [0.1, 0.1, 0.2], 'MAX_POINTS_PER_VOXEL': 45, 'MAX_NUMBER_OF_VOXELS': {'train': 60000, 'test': 60000}}]
2026-07-29 19:37:01,415   INFO  cfg.DATA_CONFIG._BASE_CONFIG_: cfgs/dataset_configs/nuscenes_dataset.yaml
2026-07-29 19:37:01,415   INFO  cfg.DATA_CONFIG.VOXEL_SIZE: [0.1, 0.1, 0.2]
2026-07-29 19:37:01,415   INFO  cfg.DATA_CONFIG.MAX_POINTS_PER_VOXEL: 45
2026-07-29 19:37:01,415   INFO  ----------- MODEL -----------
2026-07-29 19:37:01,415   INFO  cfg.MODEL.NAME: SECONDNet
2026-07-29 19:37:01,415   INFO  ----------- VFE -----------
2026-07-29 19:37:01,415   INFO  cfg.MODEL.VFE.NAME: MeanVFE
2026-07-29 19:37:01,415   INFO  ----------- BACKBONE_3D -----------
2026-07-29 19:37:01,415   INFO  cfg.MODEL.BACKBONE_3D.NAME: VoxelBackBone8x
2026-07-29 19:37:01,415   INFO  ----------- MAP_TO_BEV -----------
2026-07-29 19:37:01,415   INFO  cfg.MODEL.MAP_TO_BEV.NAME: HeightCompression
2026-07-29 19:37:01,415   INFO  cfg.MODEL.MAP_TO_BEV.NUM_BEV_FEATURES: 256
2026-07-29 19:37:01,415   INFO  ----------- BACKBONE_2D -----------
2026-07-29 19:37:01,415   INFO  cfg.MODEL.BACKBONE_2D.NAME: BaseBEVBackbone
2026-07-29 19:37:01,415   INFO  cfg.MODEL.BACKBONE_2D.LAYER_NUMS: [5, 5]
2026-07-29 19:37:01,415   INFO  cfg.MODEL.BACKBONE_2D.LAYER_STRIDES: [1, 2]
2026-07-29 19:37:01,415   INFO  cfg.MODEL.BACKBONE_2D.NUM_FILTERS: [128, 256]
2026-07-29 19:37:01,415   INFO  cfg.MODEL.BACKBONE_2D.UPSAMPLE_STRIDES: [1, 2]
2026-07-29 19:37:01,415   INFO  cfg.MODEL.BACKBONE_2D.NUM_UPSAMPLE_FILTERS: [256, 256]
2026-07-29 19:37:01,416   INFO  ----------- DENSE_HEAD -----------
2026-07-29 19:37:01,416   INFO  cfg.MODEL.DENSE_HEAD.NAME: AnchorHeadSingle
2026-07-29 19:37:01,416   INFO  cfg.MODEL.DENSE_HEAD.CLASS_AGNOSTIC: False
2026-07-29 19:37:01,416   INFO  cfg.MODEL.DENSE_HEAD.USE_DIRECTION_CLASSIFIER: True
2026-07-29 19:37:01,416   INFO  cfg.MODEL.DENSE_HEAD.DIR_OFFSET: 0.78539
2026-07-29 19:37:01,416   INFO  cfg.MODEL.DENSE_HEAD.DIR_LIMIT_OFFSET: 0.0
2026-07-29 19:37:01,416   INFO  cfg.MODEL.DENSE_HEAD.NUM_DIR_BINS: 2
2026-07-29 19:37:01,416   INFO  cfg.MODEL.DENSE_HEAD.ANCHOR_GENERATOR_CONFIG: [{'class_name': 'car', 'anchor_sizes': [[3.9, 1.6, 1.56]], 'anchor_rotations': [0, 1.57], 'anchor_bottom_heights': [-1.78], 'align_center': False, 'feature_map_stride': 8, 'matched_threshold': 0.6, 'unmatched_threshold': 0.45}, {'class_name': 'pedestrian', 'anchor_sizes': [[0.8, 0.6, 1.73]], 'anchor_rotations': [0, 1.57], 'anchor_bottom_heights': [-0.6], 'align_center': False, 'feature_map_stride': 8, 'matched_threshold': 0.5, 'unmatched_threshold': 0.35}, {'class_name': 'bicycle', 'anchor_sizes': [[1.76, 0.6, 1.73]], 'anchor_rotations': [0, 1.57], 'anchor_bottom_heights': [-0.6], 'align_center': False, 'feature_map_stride': 8, 'matched_threshold': 0.5, 'unmatched_threshold': 0.35}]
2026-07-29 19:37:01,416   INFO  ----------- TARGET_ASSIGNER_CONFIG -----------
2026-07-29 19:37:01,416   INFO  cfg.MODEL.DENSE_HEAD.TARGET_ASSIGNER_CONFIG.NAME: AxisAlignedTargetAssigner
2026-07-29 19:37:01,416   INFO  cfg.MODEL.DENSE_HEAD.TARGET_ASSIGNER_CONFIG.POS_FRACTION: -1.0
2026-07-29 19:37:01,416   INFO  cfg.MODEL.DENSE_HEAD.TARGET_ASSIGNER_CONFIG.SAMPLE_SIZE: 512
2026-07-29 19:37:01,416   INFO  cfg.MODEL.DENSE_HEAD.TARGET_ASSIGNER_CONFIG.NORM_BY_NUM_EXAMPLES: False
2026-07-29 19:37:01,416   INFO  cfg.MODEL.DENSE_HEAD.TARGET_ASSIGNER_CONFIG.MATCH_HEIGHT: False
2026-07-29 19:37:01,416   INFO  cfg.MODEL.DENSE_HEAD.TARGET_ASSIGNER_CONFIG.BOX_CODER: ResidualCoder
2026-07-29 19:37:01,416   INFO  ----------- LOSS_CONFIG -----------
2026-07-29 19:37:01,416   INFO  ----------- LOSS_WEIGHTS -----------
2026-07-29 19:37:01,416   INFO  cfg.MODEL.DENSE_HEAD.LOSS_CONFIG.LOSS_WEIGHTS.cls_weight: 1.0
2026-07-29 19:37:01,416   INFO  cfg.MODEL.DENSE_HEAD.LOSS_CONFIG.LOSS_WEIGHTS.loc_weight: 2.0
2026-07-29 19:37:01,416   INFO  cfg.MODEL.DENSE_HEAD.LOSS_CONFIG.LOSS_WEIGHTS.dir_weight: 0.2
2026-07-29 19:37:01,416   INFO  cfg.MODEL.DENSE_HEAD.LOSS_CONFIG.LOSS_WEIGHTS.code_weights: [1.0, 1.0, 1.0, 1.0, 1.0, 1.0, 1.0]
2026-07-29 19:37:01,416   INFO  ----------- POST_PROCESSING -----------
2026-07-29 19:37:01,416   INFO  cfg.MODEL.POST_PROCESSING.RECALL_THRESH_LIST: [0.3, 0.5, 0.7]
2026-07-29 19:37:01,416   INFO  cfg.MODEL.POST_PROCESSING.SCORE_THRESH: 0.1
2026-07-29 19:37:01,416   INFO  cfg.MODEL.POST_PROCESSING.OUTPUT_RAW_SCORE: False
2026-07-29 19:37:01,416   INFO  cfg.MODEL.POST_PROCESSING.EVAL_METRIC: kitti
2026-07-29 19:37:01,416   INFO  ----------- NMS_CONFIG -----------
2026-07-29 19:37:01,416   INFO  cfg.MODEL.POST_PROCESSING.NMS_CONFIG.MULTI_CLASSES_NMS: False
2026-07-29 19:37:01,416   INFO  cfg.MODEL.POST_PROCESSING.NMS_CONFIG.NMS_TYPE: nms_gpu
2026-07-29 19:37:01,416   INFO  cfg.MODEL.POST_PROCESSING.NMS_CONFIG.NMS_THRESH: 0.2
2026-07-29 19:37:01,416   INFO  cfg.MODEL.POST_PROCESSING.NMS_CONFIG.NMS_PRE_MAXSIZE: 1000
2026-07-29 19:37:01,416   INFO  cfg.MODEL.POST_PROCESSING.NMS_CONFIG.NMS_POST_MAXSIZE: 83
2026-07-29 19:37:01,416   INFO  ----------- OPTIMIZATION -----------
2026-07-29 19:37:01,416   INFO  cfg.OPTIMIZATION.BATCH_SIZE_PER_GPU: 6
2026-07-29 19:37:01,416   INFO  cfg.OPTIMIZATION.NUM_EPOCHS: 40
2026-07-29 19:37:01,417   INFO  cfg.OPTIMIZATION.OPTIMIZER: adam_onecycle
2026-07-29 19:37:01,417   INFO  cfg.OPTIMIZATION.LR: 0.0003
2026-07-29 19:37:01,417   INFO  cfg.OPTIMIZATION.WEIGHT_DECAY: 0.01
2026-07-29 19:37:01,417   INFO  cfg.OPTIMIZATION.MOMENTUM: 0.9
2026-07-29 19:37:01,417   INFO  cfg.OPTIMIZATION.MOMS: [0.95, 0.85]
2026-07-29 19:37:01,417   INFO  cfg.OPTIMIZATION.PCT_START: 0.2
2026-07-29 19:37:01,417   INFO  cfg.OPTIMIZATION.DIV_FACTOR: 10
2026-07-29 19:37:01,417   INFO  cfg.OPTIMIZATION.DECAY_STEP_LIST: [25, 35]
2026-07-29 19:37:01,417   INFO  cfg.OPTIMIZATION.LR_DECAY: 0.1
2026-07-29 19:37:01,417   INFO  cfg.OPTIMIZATION.LR_CLIP: 1e-07
2026-07-29 19:37:01,417   INFO  cfg.OPTIMIZATION.LR_WARMUP: False
2026-07-29 19:37:01,417   INFO  cfg.OPTIMIZATION.WARMUP_EPOCH: 1
2026-07-29 19:37:01,417   INFO  cfg.OPTIMIZATION.GRAD_NORM_CLIP: 10
2026-07-29 19:37:01,417   INFO  cfg.TAG: S_D_N
2026-07-29 19:37:01,417   INFO  cfg.EXP_GROUP_PATH: OpenPCDet/tools/cfgs/models/S/D
2026-07-29 19:37:01,422   INFO  ----------- Create dataloader & network & optimizer -----------
2026-07-29 19:37:01,422   INFO  Loading NuScenes dataset
2026-07-29 19:37:02,133   INFO  Total samples for NuScenes dataset: 28130
2026-07-29 19:37:02,555   INFO  Total samples after balanced resampling: 55563
2026-07-29 19:37:04,515   INFO  ==> Loading parameters from checkpoint /OpenPCDet/pcdet/models/pth/second_7862.pth to GPU
2026-07-29 19:37:04,566   INFO  ==> Done (loaded 163/163)
2026-07-29 19:37:04,567   INFO  ----------- Model SECONDNet created, param count: 5325576 -----------
2026-07-29 19:37:04,567   INFO  SECONDNet(
  (vfe): MeanVFE()
  (backbone_3d): VoxelBackBone8x(
    (conv_input): SparseSequential(
      (0): SubMConv3d(4, 16, kernel_size=[3, 3, 3], stride=[1, 1, 1], padding=[1, 1, 1], dilation=[1, 1, 1], output_padding=[0, 0, 0], bias=False, algo=ConvAlgo.MaskImplicitGemm)
      (1): BatchNorm1d(16, eps=0.001, momentum=0.01, affine=True, track_running_stats=True)
      (2): ReLU()
    )
    (conv1): SparseSequential(
      (0): SparseSequential(
        (0): SubMConv3d(16, 16, kernel_size=[3, 3, 3], stride=[1, 1, 1], padding=[0, 0, 0], dilation=[1, 1, 1], output_padding=[0, 0, 0], bias=False, algo=ConvAlgo.MaskImplicitGemm)
        (1): BatchNorm1d(16, eps=0.001, momentum=0.01, affine=True, track_running_stats=True)
        (2): ReLU()
      )
    )
    (conv2): SparseSequential(
      (0): SparseSequential(
        (0): SparseConv3d(16, 32, kernel_size=[3, 3, 3], stride=[2, 2, 2], padding=[1, 1, 1], dilation=[1, 1, 1], output_padding=[0, 0, 0], bias=False, algo=ConvAlgo.MaskImplicitGemm)
        (1): BatchNorm1d(32, eps=0.001, momentum=0.01, affine=True, track_running_stats=True)
        (2): ReLU()
      )
      (1): SparseSequential(
        (0): SubMConv3d(32, 32, kernel_size=[3, 3, 3], stride=[1, 1, 1], padding=[0, 0, 0], dilation=[1, 1, 1], output_padding=[0, 0, 0], bias=False, algo=ConvAlgo.MaskImplicitGemm)
        (1): BatchNorm1d(32, eps=0.001, momentum=0.01, affine=True, track_running_stats=True)
        (2): ReLU()
      )
      (2): SparseSequential(
        (0): SubMConv3d(32, 32, kernel_size=[3, 3, 3], stride=[1, 1, 1], padding=[0, 0, 0], dilation=[1, 1, 1], output_padding=[0, 0, 0], bias=False, algo=ConvAlgo.MaskImplicitGemm)
        (1): BatchNorm1d(32, eps=0.001, momentum=0.01, affine=True, track_running_stats=True)
        (2): ReLU()
      )
    )
    (conv3): SparseSequential(
      (0): SparseSequential(
        (0): SparseConv3d(32, 64, kernel_size=[3, 3, 3], stride=[2, 2, 2], padding=[1, 1, 1], dilation=[1, 1, 1], output_padding=[0, 0, 0], bias=False, algo=ConvAlgo.MaskImplicitGemm)
        (1): BatchNorm1d(64, eps=0.001, momentum=0.01, affine=True, track_running_stats=True)
        (2): ReLU()
      )
      (1): SparseSequential(
        (0): SubMConv3d(64, 64, kernel_size=[3, 3, 3], stride=[1, 1, 1], padding=[0, 0, 0], dilation=[1, 1, 1], output_padding=[0, 0, 0], bias=False, algo=ConvAlgo.MaskImplicitGemm)
        (1): BatchNorm1d(64, eps=0.001, momentum=0.01, affine=True, track_running_stats=True)
        (2): ReLU()
      )
      (2): SparseSequential(
        (0): SubMConv3d(64, 64, kernel_size=[3, 3, 3], stride=[1, 1, 1], padding=[0, 0, 0], dilation=[1, 1, 1], output_padding=[0, 0, 0], bias=False, algo=ConvAlgo.MaskImplicitGemm)
        (1): BatchNorm1d(64, eps=0.001, momentum=0.01, affine=True, track_running_stats=True)
        (2): ReLU()
      )
    )
    (conv4): SparseSequential(
      (0): SparseSequential(
        (0): SparseConv3d(64, 64, kernel_size=[3, 3, 3], stride=[2, 2, 2], padding=[0, 1, 1], dilation=[1, 1, 1], output_padding=[0, 0, 0], bias=False, algo=ConvAlgo.MaskImplicitGemm)
        (1): BatchNorm1d(64, eps=0.001, momentum=0.01, affine=True, track_running_stats=True)
        (2): ReLU()
      )
      (1): SparseSequential(
        (0): SubMConv3d(64, 64, kernel_size=[3, 3, 3], stride=[1, 1, 1], padding=[0, 0, 0], dilation=[1, 1, 1], output_padding=[0, 0, 0], bias=False, algo=ConvAlgo.MaskImplicitGemm)
        (1): BatchNorm1d(64, eps=0.001, momentum=0.01, affine=True, track_running_stats=True)
        (2): ReLU()
      )
      (2): SparseSequential(
        (0): SubMConv3d(64, 64, kernel_size=[3, 3, 3], stride=[1, 1, 1], padding=[0, 0, 0], dilation=[1, 1, 1], output_padding=[0, 0, 0], bias=False, algo=ConvAlgo.MaskImplicitGemm)
        (1): BatchNorm1d(64, eps=0.001, momentum=0.01, affine=True, track_running_stats=True)
        (2): ReLU()
      )
    )
    (conv_out): SparseSequential(
      (0): SparseConv3d(64, 128, kernel_size=[3, 1, 1], stride=[2, 1, 1], padding=[0, 0, 0], dilation=[1, 1, 1], output_padding=[0, 0, 0], bias=False, algo=ConvAlgo.MaskImplicitGemm)
      (1): BatchNorm1d(128, eps=0.001, momentum=0.01, affine=True, track_running_stats=True)
      (2): ReLU()
    )
  )
  (map_to_bev_module): HeightCompression()
  (pfe): None
  (backbone_2d): BaseBEVBackbone(
    (blocks): ModuleList(
      (0): Sequential(
        (0): ZeroPad2d((1, 1, 1, 1))
        (1): Conv2d(256, 128, kernel_size=(3, 3), stride=(1, 1), bias=False)
        (2): BatchNorm2d(128, eps=0.001, momentum=0.01, affine=True, track_running_stats=True)
        (3): ReLU()
        (4): Conv2d(128, 128, kernel_size=(3, 3), stride=(1, 1), padding=(1, 1), bias=False)
        (5): BatchNorm2d(128, eps=0.001, momentum=0.01, affine=True, track_running_stats=True)
        (6): ReLU()
        (7): Conv2d(128, 128, kernel_size=(3, 3), stride=(1, 1), padding=(1, 1), bias=False)
        (8): BatchNorm2d(128, eps=0.001, momentum=0.01, affine=True, track_running_stats=True)
        (9): ReLU()
        (10): Conv2d(128, 128, kernel_size=(3, 3), stride=(1, 1), padding=(1, 1), bias=False)
        (11): BatchNorm2d(128, eps=0.001, momentum=0.01, affine=True, track_running_stats=True)
        (12): ReLU()
        (13): Conv2d(128, 128, kernel_size=(3, 3), stride=(1, 1), padding=(1, 1), bias=False)
        (14): BatchNorm2d(128, eps=0.001, momentum=0.01, affine=True, track_running_stats=True)
        (15): ReLU()
        (16): Conv2d(128, 128, kernel_size=(3, 3), stride=(1, 1), padding=(1, 1), bias=False)
        (17): BatchNorm2d(128, eps=0.001, momentum=0.01, affine=True, track_running_stats=True)
        (18): ReLU()
      )
      (1): Sequential(
        (0): ZeroPad2d((1, 1, 1, 1))
        (1): Conv2d(128, 256, kernel_size=(3, 3), stride=(2, 2), bias=False)
        (2): BatchNorm2d(256, eps=0.001, momentum=0.01, affine=True, track_running_stats=True)
        (3): ReLU()
        (4): Conv2d(256, 256, kernel_size=(3, 3), stride=(1, 1), padding=(1, 1), bias=False)
        (5): BatchNorm2d(256, eps=0.001, momentum=0.01, affine=True, track_running_stats=True)
        (6): ReLU()
        (7): Conv2d(256, 256, kernel_size=(3, 3), stride=(1, 1), padding=(1, 1), bias=False)
        (8): BatchNorm2d(256, eps=0.001, momentum=0.01, affine=True, track_running_stats=True)
        (9): ReLU()
        (10): Conv2d(256, 256, kernel_size=(3, 3), stride=(1, 1), padding=(1, 1), bias=False)
        (11): BatchNorm2d(256, eps=0.001, momentum=0.01, affine=True, track_running_stats=True)
        (12): ReLU()
        (13): Conv2d(256, 256, kernel_size=(3, 3), stride=(1, 1), padding=(1, 1), bias=False)
        (14): BatchNorm2d(256, eps=0.001, momentum=0.01, affine=True, track_running_stats=True)
        (15): ReLU()
        (16): Conv2d(256, 256, kernel_size=(3, 3), stride=(1, 1), padding=(1, 1), bias=False)
        (17): BatchNorm2d(256, eps=0.001, momentum=0.01, affine=True, track_running_stats=True)
        (18): ReLU()
      )
    )
    (deblocks): ModuleList(
      (0): Sequential(
        (0): ConvTranspose2d(128, 256, kernel_size=(1, 1), stride=(1, 1), bias=False)
        (1): BatchNorm2d(256, eps=0.001, momentum=0.01, affine=True, track_running_stats=True)
        (2): ReLU()
      )
      (1): Sequential(
        (0): ConvTranspose2d(256, 256, kernel_size=(2, 2), stride=(2, 2), bias=False)
        (1): BatchNorm2d(256, eps=0.001, momentum=0.01, affine=True, track_running_stats=True)
        (2): ReLU()
      )
    )
  )
  (dense_head): AnchorHeadSingle(
    (cls_loss_func): SigmoidFocalClassificationLoss()
    (reg_loss_func): WeightedSmoothL1Loss()
    (dir_loss_func): WeightedCrossEntropyLoss()
    (conv_cls): Conv2d(512, 18, kernel_size=(1, 1), stride=(1, 1))
    (conv_box): Conv2d(512, 42, kernel_size=(1, 1), stride=(1, 1))
    (conv_dir_cls): Conv2d(512, 12, kernel_size=(1, 1), stride=(1, 1))
  )
  (point_head): None
  (roi_head): None
)
2026-07-29 19:37:04,568   INFO  **********************Start training OpenPCDet/tools/cfgs/models/S/D/S_D_N(unfrozen_backbone_1_93)**********************
2026-07-29 19:37:18,626   INFO  Train:    1/40 (  2%) [   0/9261 (  0%)]  Loss: 3.947 (3.95)  LR: 3.000e-05  Time cost: 00:12/31:32:02 [00:14/1261:21:59]  Acc_iter 1           Data time: 2.48(2.48)  Forward time: 9.78(9.78)  Batch time: 12.26(12.26)
2026-07-29 19:37:33,647   INFO  Train:    1/40 (  2%) [  49/9261 (  1%)]  Loss: 3.173 (3.63)  LR: 3.000e-05  Time cost: 00:27/1:23:46 [00:29/56:08:04]  Acc_iter 50          Data time: 0.06(0.08)  Forward time: 0.23(0.47)  Batch time: 0.30(0.54)
2026-07-29 19:37:50,277   INFO  Train:    1/40 (  2%) [  99/9261 (  1%)]  Loss: 3.035 (3.43)  LR: 3.000e-05  Time cost: 00:43/1:07:02 [00:45/45:10:14]  Acc_iter 100         Data time: 0.02(0.05)  Forward time: 0.37(0.39)  Batch time: 0.39(0.44)
2026-07-29 19:38:06,639   INFO  Train:    1/40 (  2%) [ 149/9261 (  2%)]  Loss: 2.980 (3.29)  LR: 3.000e-05  Time cost: 01:00/1:01:01 [01:02/41:19:45]  Acc_iter 150         Data time: 0.00(0.04)  Forward time: 0.26(0.36)  Batch time: 0.26(0.40)
2026-07-29 19:38:07,156   INFO  a1e06a0b30c0                Wed Jul 29 19:38:07 2026  580.173.02
[0] NVIDIA GeForce RTX 3070 | 62°C,  71 % |  6465 /  8192 MB | root(5398M)

2026-07-29 19:38:21,909   INFO  Train:    1/40 (  2%) [ 199/9261 (  2%)]  Loss: 2.550 (3.17)  LR: 3.000e-05  Time cost: 01:15/57:02 [01:17/38:50:43]  Acc_iter 200         Data time: 0.05(0.04)  Forward time: 0.22(0.34)  Batch time: 0.27(0.38)
2026-07-29 19:38:37,114   INFO  Train:    1/40 (  2%) [ 249/9261 (  3%)]  Loss: 2.518 (3.07)  LR: 3.001e-05  Time cost: 01:30/54:31 [01:32/37:19:33]  Acc_iter 250         Data time: 0.02(0.04)  Forward time: 0.28(0.33)  Batch time: 0.30(0.36)
2026-07-29 19:38:52,377   INFO  Train:    1/40 (  2%) [ 299/9261 (  3%)]  Loss: 2.875 (2.98)  LR: 3.001e-05  Time cost: 01:46/52:46 [01:47/36:19:55]  Acc_iter 300         Data time: 0.02(0.04)  Forward time: 0.37(0.32)  Batch time: 0.39(0.35)
2026-07-29 19:38:52,830   INFO  a1e06a0b30c0                Wed Jul 29 19:38:52 2026  580.173.02
[0] NVIDIA GeForce RTX 3070 | 59°C,   9 % |  6465 /  8192 MB | root(5398M)

2026-07-29 19:39:08,685   INFO  Train:    1/40 (  2%) [ 349/9261 (  4%)]  Loss: 2.342 (2.91)  LR: 3.001e-05  Time cost: 02:02/51:54 [02:04/35:55:38]  Acc_iter 350         Data time: 0.02(0.04)  Forward time: 0.27(0.31)  Batch time: 0.29(0.35)
2026-07-29 19:39:25,074   INFO  Train:    1/40 (  2%) [ 399/9261 (  4%)]  Loss: 2.328 (2.85)  LR: 3.002e-05  Time cost: 02:18/51:13 [02:20/35:38:38]  Acc_iter 400         Data time: 0.02(0.03)  Forward time: 0.33(0.31)  Batch time: 0.35(0.35)
2026-07-29 19:39:39,864   INFO  Train:    1/40 (  2%) [ 449/9261 (  5%)]  Loss: 2.180 (2.79)  LR: 3.002e-05  Time cost: 02:33/50:05 [02:35/35:03:24]  Acc_iter 450         Data time: 0.02(0.03)  Forward time: 0.26(0.31)  Batch time: 0.29(0.34)
2026-07-29 19:39:40,318   INFO  a1e06a0b30c0                Wed Jul 29 19:39:40 2026  580.173.02
[0] NVIDIA GeForce RTX 3070 | 60°C, 100 % |  6448 /  8192 MB | root(5398M)

2026-07-29 19:39:55,466   INFO  Train:    1/40 (  2%) [ 499/9261 (  5%)]  Loss: 2.465 (2.74)  LR: 3.003e-05  Time cost: 02:49/49:23 [02:50/34:45:13]  Acc_iter 500         Data time: 0.02(0.03)  Forward time: 0.24(0.31)  Batch time: 0.26(0.34)
2026-07-29 19:40:10,408   INFO  Train:    1/40 (  2%) [ 549/9261 (  6%)]  Loss: 2.292 (2.70)  LR: 3.004e-05  Time cost: 03:04/48:35 [03:05/34:22:52]  Acc_iter 550         Data time: 0.03(0.03)  Forward time: 0.23(0.30)  Batch time: 0.27(0.33)
2026-07-29 19:40:26,521   INFO  Train:    1/40 (  2%) [ 599/9261 (  6%)]  Loss: 2.780 (2.65)  LR: 3.004e-05  Time cost: 03:20/48:09 [03:21/34:16:14]  Acc_iter 600         Data time: 0.04(0.03)  Forward time: 0.26(0.30)  Batch time: 0.30(0.33)
2026-07-29 19:40:27,123   INFO  a1e06a0b30c0                Wed Jul 29 19:40:27 2026  580.173.02
[0] NVIDIA GeForce RTX 3070 | 64°C,  94 % |  6455 /  8192 MB | root(5398M)

2026-07-29 19:40:44,259   INFO  Train:    1/40 (  2%) [ 649/9261 (  7%)]  Loss: 1.748 (2.62)  LR: 3.005e-05  Time cost: 03:37/48:06 [03:39/34:26:00]  Acc_iter 650         Data time: 0.02(0.03)  Forward time: 0.32(0.30)  Batch time: 0.34(0.34)
2026-07-29 19:40:59,000   INFO  Train:    1/40 (  2%) [ 699/9261 (  8%)]  Loss: 2.200 (2.59)  LR: 3.006e-05  Time cost: 03:52/47:25 [03:54/34:07:56]  Acc_iter 700         Data time: 0.01(0.03)  Forward time: 0.28(0.30)  Batch time: 0.29(0.33)
2026-07-29 19:41:13,903   INFO  Train:    1/40 (  2%) [ 749/9261 (  8%)]  Loss: 2.174 (2.56)  LR: 3.007e-05  Time cost: 04:07/46:49 [04:09/33:53:35]  Acc_iter 750         Data time: 0.02(0.03)  Forward time: 0.31(0.30)  Batch time: 0.33(0.33)
2026-07-29 19:41:14,350   INFO  a1e06a0b30c0                Wed Jul 29 19:41:14 2026  580.173.02
[0] NVIDIA GeForce RTX 3070 | 61°C,  76 % |  6309 /  8192 MB | root(5398M)

2026-07-29 19:41:29,667   INFO  Train:    1/40 (  2%) [ 799/9261 (  9%)]  Loss: 1.661 (2.53)  LR: 3.008e-05  Time cost: 04:23/46:25 [04:25/33:47:37]  Acc_iter 800         Data time: 0.02(0.03)  Forward time: 0.27(0.30)  Batch time: 0.30(0.33)
2026-07-29 19:41:45,754   INFO  Train:    1/40 (  2%) [ 849/9261 (  9%)]  Loss: 2.278 (2.51)  LR: 3.009e-05  Time cost: 04:39/46:04 [04:41/33:44:40]  Acc_iter 850         Data time: 0.05(0.03)  Forward time: 0.23(0.30)  Batch time: 0.28(0.33)
2026-07-29 19:42:02,761   INFO  Train:    1/40 (  2%) [ 899/9261 ( 10%)]  Loss: 2.125 (2.49)  LR: 3.010e-05  Time cost: 04:56/45:53 [04:58/33:48:19]  Acc_iter 900         Data time: 0.05(0.03)  Forward time: 0.23(0.30)  Batch time: 0.28(0.33)
2026-07-29 19:42:03,306   INFO  a1e06a0b30c0                Wed Jul 29 19:42:03 2026  580.173.02
[0] NVIDIA GeForce RTX 3070 | 60°C,  87 % |  6304 /  8192 MB | root(5398M)

2026-07-29 19:42:06,565   INFO  Save latest model to /OpenPCDet/output/OpenPCDet/tools/cfgs/models/S/D/S_D_N/unfrozen_backbone_1_93/ckpt/latest_model
2026-07-29 19:42:18,298   INFO  Train:    1/40 (  2%) [ 949/9261 ( 10%)]  Loss: 2.011 (2.47)  LR: 3.011e-05  Time cost: 05:11/45:29 [05:13/33:42:01]  Acc_iter 950         Data time: 0.04(0.03)  Forward time: 0.22(0.30)  Batch time: 0.26(0.33)
2026-07-29 19:42:32,901   INFO  Train:    1/40 (  2%) [ 999/9261 ( 11%)]  Loss: 2.054 (2.45)  LR: 3.012e-05  Time cost: 05:26/44:57 [05:28/33:30:34]  Acc_iter 1000        Data time: 0.01(0.03)  Forward time: 0.24(0.30)  Batch time: 0.25(0.33)
2026-07-29 19:42:48,065   INFO  Train:    1/40 (  2%) [1049/9261 ( 11%)]  Loss: 1.836 (2.43)  LR: 3.013e-05  Time cost: 05:41/44:32 [05:43/33:23:29]  Acc_iter 1050        Data time: 0.02(0.03)  Forward time: 0.34(0.29)  Batch time: 0.37(0.33)
2026-07-29 19:42:48,555   INFO  a1e06a0b30c0                Wed Jul 29 19:42:48 2026  580.173.02
[0] NVIDIA GeForce RTX 3070 | 64°C,  65 % |  6304 /  8192 MB | root(5398M)

2026-07-29 19:43:03,865   INFO  Train:    1/40 (  2%) [1099/9261 ( 12%)]  Loss: 2.288 (2.41)  LR: 3.015e-05  Time cost: 05:57/44:12 [05:59/33:20:34]  Acc_iter 1100        Data time: 0.06(0.03)  Forward time: 0.25(0.29)  Batch time: 0.30(0.32)
2026-07-29 19:43:21,098   INFO  Train:    1/40 (  2%) [1149/9261 ( 12%)]  Loss: 2.326 (2.40)  LR: 3.016e-05  Time cost: 06:14/44:03 [06:16/33:25:34]  Acc_iter 1150        Data time: 0.02(0.03)  Forward time: 0.33(0.29)  Batch time: 0.34(0.33)
2026-07-29 19:43:36,671   INFO  Train:    1/40 (  2%) [1199/9261 ( 13%)]  Loss: 2.108 (2.38)  LR: 3.017e-05  Time cost: 06:30/43:42 [06:32/33:21:36]  Acc_iter 1200        Data time: 0.02(0.03)  Forward time: 0.30(0.29)  Batch time: 0.32(0.33)
2026-07-29 19:43:37,127   INFO  a1e06a0b30c0                Wed Jul 29 19:43:37 2026  580.173.02
[0] NVIDIA GeForce RTX 3070 | 63°C,  76 % |  6304 /  8192 MB | root(5398M)

2026-07-29 19:43:52,254   INFO  Train:    1/40 (  2%) [1249/9261 ( 13%)]  Loss: 2.189 (2.37)  LR: 3.019e-05  Time cost: 06:45/43:21 [06:47/33:17:59]  Acc_iter 1250        Data time: 0.03(0.03)  Forward time: 0.31(0.29)  Batch time: 0.34(0.32)
2026-07-29 19:44:07,231   INFO  Train:    1/40 (  2%) [1299/9261 ( 14%)]  Loss: 1.802 (2.36)  LR: 3.020e-05  Time cost: 07:00/42:57 [07:02/33:11:46]  Acc_iter 1300        Data time: 0.02(0.03)  Forward time: 0.32(0.29)  Batch time: 0.34(0.32)
2026-07-29 19:44:23,032   INFO  Train:    1/40 (  2%) [1349/9261 ( 15%)]  Loss: 2.195 (2.35)  LR: 3.022e-05  Time cost: 07:16/42:39 [07:18/33:09:44]  Acc_iter 1350        Data time: 0.02(0.03)  Forward time: 0.40(0.29)  Batch time: 0.43(0.32)
2026-07-29 19:44:23,689   INFO  a1e06a0b30c0                Wed Jul 29 19:44:23 2026  580.173.02
[0] NVIDIA GeForce RTX 3070 | 63°C,  57 % |  6700 /  8192 MB | root(5806M)

2026-07-29 19:44:41,002   INFO  Train:    1/40 (  2%) [1399/9261 ( 15%)]  Loss: 1.906 (2.33)  LR: 3.024e-05  Time cost: 07:34/42:33 [07:36/33:17:21]  Acc_iter 1400        Data time: 0.05(0.03)  Forward time: 0.23(0.29)  Batch time: 0.29(0.32)
2026-07-29 19:44:57,028   INFO  Train:    1/40 (  2%) [1449/9261 ( 16%)]  Loss: 2.402 (2.32)  LR: 3.025e-05  Time cost: 07:50/42:15 [07:52/33:16:12]  Acc_iter 1450        Data time: 0.02(0.03)  Forward time: 0.32(0.29)  Batch time: 0.34(0.32)
2026-07-29 19:45:11,553   INFO  Train:    1/40 (  2%) [1499/9261 ( 16%)]  Loss: 2.014 (2.31)  LR: 3.027e-05  Time cost: 08:05/41:50 [08:06/33:08:56]  Acc_iter 1500        Data time: 0.02(0.03)  Forward time: 0.31(0.29)  Batch time: 0.33(0.32)
2026-07-29 19:45:12,041   INFO  a1e06a0b30c0                Wed Jul 29 19:45:12 2026  580.173.02
[0] NVIDIA GeForce RTX 3070 | 66°C,  99 % |  6703 /  8192 MB | root(5806M)

2026-07-29 19:45:26,936   INFO  Train:    1/40 (  2%) [1549/9261 ( 17%)]  Loss: 2.078 (2.30)  LR: 3.029e-05  Time cost: 08:20/41:30 [08:22/33:05:32]  Acc_iter 1550        Data time: 0.00(0.03)  Forward time: 0.23(0.29)  Batch time: 0.24(0.32)
2026-07-29 19:45:42,481   INFO  Train:    1/40 (  2%) [1599/9261 ( 17%)]  Loss: 1.854 (2.29)  LR: 3.031e-05  Time cost: 08:36/41:11 [08:37/33:02:57]  Acc_iter 1600        Data time: 0.02(0.03)  Forward time: 0.30(0.29)  Batch time: 0.32(0.32)
2026-07-29 19:45:59,771   INFO  Train:    1/40 (  2%) [1649/9261 ( 18%)]  Loss: 1.876 (2.28)  LR: 3.033e-05  Time cost: 08:53/41:00 [08:55/33:07:00]  Acc_iter 1650        Data time: 0.02(0.03)  Forward time: 0.37(0.29)  Batch time: 0.39(0.32)
2026-07-29 19:46:00,395   INFO  a1e06a0b30c0                Wed Jul 29 19:46:00 2026  580.173.02
[0] NVIDIA GeForce RTX 3070 | 59°C,  21 % |  6642 /  8192 MB | root(5806M)

2026-07-29 19:46:16,728   INFO  Train:    1/40 (  2%) [1699/9261 ( 18%)]  Loss: 2.037 (2.27)  LR: 3.035e-05  Time cost: 09:10/40:48 [09:12/33:09:36]  Acc_iter 1700        Data time: 0.01(0.03)  Forward time: 0.27(0.29)  Batch time: 0.29(0.32)
2026-07-29 19:46:31,397   INFO  Train:    1/40 (  2%) [1749/9261 ( 19%)]  Loss: 1.568 (2.26)  LR: 3.037e-05  Time cost: 09:25/40:25 [09:26/33:04:00]  Acc_iter 1750        Data time: 0.05(0.03)  Forward time: 0.22(0.29)  Batch time: 0.27(0.32)
2026-07-29 19:46:46,474   INFO  Train:    1/40 (  2%) [1799/9261 ( 19%)]  Loss: 1.790 (2.25)  LR: 3.039e-05  Time cost: 09:40/40:04 [09:41/33:00:06]  Acc_iter 1800        Data time: 0.01(0.03)  Forward time: 0.31(0.29)  Batch time: 0.32(0.32)
2026-07-29 19:46:46,932   INFO  a1e06a0b30c0                Wed Jul 29 19:46:46 2026  580.173.02
[0] NVIDIA GeForce RTX 3070 | 63°C,  10 % |  6642 /  8192 MB | root(5806M)

2026-07-29 19:47:02,393   INFO  Train:    1/40 (  2%) [1849/9261 ( 20%)]  Loss: 2.035 (2.24)  LR: 3.041e-05  Time cost: 09:56/39:47 [09:57/32:59:11]  Acc_iter 1850        Data time: 0.04(0.03)  Forward time: 0.25(0.29)  Batch time: 0.29(0.32)
2026-07-29 19:47:06,671   INFO  Save latest model to /OpenPCDet/output/OpenPCDet/tools/cfgs/models/S/D/S_D_N/unfrozen_backbone_1_93/ckpt/latest_model
2026-07-29 19:47:19,329   INFO  Train:    1/40 (  2%) [1899/9261 ( 21%)]  Loss: 1.845 (2.24)  LR: 3.044e-05  Time cost: 10:12/39:35 [10:14/33:01:35]  Acc_iter 1900        Data time: 0.02(0.03)  Forward time: 0.34(0.29)  Batch time: 0.36(0.32)
2026-07-29 19:47:36,113   INFO  Train:    1/40 (  2%) [1949/9261 ( 21%)]  Loss: 1.787 (2.23)  LR: 3.046e-05  Time cost: 10:29/39:21 [10:31/33:03:22]  Acc_iter 1950        Data time: 0.02(0.03)  Forward time: 0.30(0.29)  Batch time: 0.31(0.32)
2026-07-29 19:47:36,583   INFO  a1e06a0b30c0                Wed Jul 29 19:47:36 2026  580.173.02
[0] NVIDIA GeForce RTX 3070 | 63°C,  60 % |  6642 /  8192 MB | root(5806M)

2026-07-29 19:47:51,339   INFO  Train:    1/40 (  2%) [1999/9261 ( 22%)]  Loss: 1.917 (2.22)  LR: 3.048e-05  Time cost: 10:44/39:01 [10:46/33:00:16]  Acc_iter 2000        Data time: 0.01(0.03)  Forward time: 0.26(0.29)  Batch time: 0.27(0.32)
2026-07-29 19:48:06,281   INFO  Train:    1/40 (  2%) [2049/9261 ( 22%)]  Loss: 1.746 (2.21)  LR: 3.051e-05  Time cost: 10:59/38:41 [11:01/32:56:28]  Acc_iter 2050        Data time: 0.02(0.03)  Forward time: 0.23(0.29)  Batch time: 0.25(0.32)
2026-07-29 19:48:21,558   INFO  Train:    1/40 (  2%) [2099/9261 ( 23%)]  Loss: 1.975 (2.21)  LR: 3.053e-05  Time cost: 11:15/38:22 [11:16/32:53:48]  Acc_iter 2100        Data time: 0.02(0.03)  Forward time: 0.28(0.29)  Batch time: 0.30(0.32)
2026-07-29 19:48:22,132   INFO  a1e06a0b30c0                Wed Jul 29 19:48:22 2026  580.173.02
[0] NVIDIA GeForce RTX 3070 | 63°C,  53 % |  6642 /  8192 MB | root(5806M)

2026-07-29 19:48:38,792   INFO  Train:    1/40 (  2%) [2149/9261 ( 23%)]  Loss: 1.730 (2.20)  LR: 3.056e-05  Time cost: 11:32/38:10 [11:34/32:56:50]  Acc_iter 2150        Data time: 0.07(0.03)  Forward time: 0.24(0.29)  Batch time: 0.31(0.32)
2026-07-29 19:48:55,914   INFO  Train:    1/40 (  2%) [2199/9261 ( 24%)]  Loss: 2.093 (2.19)  LR: 3.059e-05  Time cost: 11:49/37:57 [11:51/32:59:25]  Acc_iter 2200        Data time: 0.02(0.03)  Forward time: 0.25(0.29)  Batch time: 0.27(0.32)
2026-07-29 19:49:10,596   INFO  Train:    1/40 (  2%) [2249/9261 ( 24%)]  Loss: 1.753 (2.19)  LR: 3.061e-05  Time cost: 12:04/37:37 [12:06/32:55:13]  Acc_iter 2250        Data time: 0.06(0.03)  Forward time: 0.23(0.29)  Batch time: 0.28(0.32)
2026-07-29 19:49:11,065   INFO  a1e06a0b30c0                Wed Jul 29 19:49:11 2026  580.173.02
[0] NVIDIA GeForce RTX 3070 | 67°C,  99 % |  6636 /  8192 MB | root(5806M)

2026-07-29 19:49:25,904   INFO  Train:    1/40 (  2%) [2299/9261 ( 25%)]  Loss: 1.675 (2.18)  LR: 3.064e-05  Time cost: 12:19/37:18 [12:21/32:52:51]  Acc_iter 2300        Data time: 0.06(0.03)  Forward time: 0.26(0.29)  Batch time: 0.32(0.32)
2026-07-29 19:49:41,475   INFO  Train:    1/40 (  2%) [2349/9261 ( 25%)]  Loss: 2.134 (2.17)  LR: 3.067e-05  Time cost: 12:35/37:00 [12:36/32:51:15]  Acc_iter 2350        Data time: 0.01(0.03)  Forward time: 0.29(0.29)  Batch time: 0.30(0.32)
2026-07-29 19:49:57,807   INFO  Train:    1/40 (  2%) [2399/9261 ( 26%)]  Loss: 1.989 (2.17)  LR: 3.070e-05  Time cost: 12:51/36:45 [12:53/32:51:40]  Acc_iter 2400        Data time: 0.01(0.03)  Forward time: 0.35(0.29)  Batch time: 0.36(0.32)
2026-07-29 19:49:58,425   INFO  a1e06a0b30c0                Wed Jul 29 19:49:58 2026  580.173.02
[0] NVIDIA GeForce RTX 3070 | 61°C,  19 % |  6642 /  8192 MB | root(5806M)

2026-07-29 19:50:15,121   INFO  Train:    1/40 (  2%) [2449/9261 ( 26%)]  Loss: 2.150 (2.16)  LR: 3.073e-05  Time cost: 13:08/36:33 [13:10/32:54:31]  Acc_iter 2450        Data time: 0.04(0.03)  Forward time: 0.25(0.29)  Batch time: 0.29(0.32)
2026-07-29 19:50:30,029   INFO  Train:    1/40 (  2%) [2499/9261 ( 27%)]  Loss: 2.378 (2.15)  LR: 3.076e-05  Time cost: 13:23/36:13 [13:25/32:51:19]  Acc_iter 2500        Data time: 0.02(0.03)  Forward time: 0.30(0.29)  Batch time: 0.32(0.32)
2026-07-29 19:50:44,792   INFO  Train:    1/40 (  2%) [2549/9261 ( 28%)]  Loss: 2.069 (2.15)  LR: 3.079e-05  Time cost: 13:38/35:54 [13:40/32:47:54]  Acc_iter 2550        Data time: 0.01(0.03)  Forward time: 0.28(0.29)  Batch time: 0.29(0.32)
2026-07-29 19:50:45,269   INFO  a1e06a0b30c0                Wed Jul 29 19:50:45 2026  580.173.02
[0] NVIDIA GeForce RTX 3070 | 61°C,  79 % |  6642 /  8192 MB | root(5806M)

2026-07-29 19:51:00,650   INFO  Train:    1/40 (  2%) [2599/9261 ( 28%)]  Loss: 1.874 (2.14)  LR: 3.082e-05  Time cost: 13:54/35:37 [13:56/32:47:12]  Acc_iter 2600        Data time: 0.05(0.03)  Forward time: 0.24(0.29)  Batch time: 0.28(0.32)
2026-07-29 19:51:17,021   INFO  Train:    1/40 (  2%) [2649/9261 ( 29%)]  Loss: 1.775 (2.14)  LR: 3.085e-05  Time cost: 14:10/35:22 [14:12/32:47:41]  Acc_iter 2650        Data time: 0.02(0.03)  Forward time: 0.35(0.29)  Batch time: 0.37(0.32)
2026-07-29 19:51:34,416   INFO  Train:    1/40 (  2%) [2699/9261 ( 29%)]  Loss: 1.925 (2.13)  LR: 3.088e-05  Time cost: 14:28/35:09 [14:29/32:50:28]  Acc_iter 2700        Data time: 0.02(0.03)  Forward time: 0.33(0.29)  Batch time: 0.34(0.32)
2026-07-29 19:51:34,913   INFO  a1e06a0b30c0                Wed Jul 29 19:51:34 2026  580.173.02
[0] NVIDIA GeForce RTX 3070 | 61°C,   9 % |  6646 /  8192 MB | root(5806M)

2026-07-29 19:51:49,834   INFO  Train:    1/40 (  2%) [2749/9261 ( 30%)]  Loss: 2.061 (2.13)  LR: 3.092e-05  Time cost: 14:43/34:52 [14:45/32:48:44]  Acc_iter 2750        Data time: 0.02(0.03)  Forward time: 0.30(0.29)  Batch time: 0.32(0.32)
2026-07-29 19:52:04,810   INFO  Train:    1/40 (  2%) [2799/9261 ( 30%)]  Loss: 1.886 (2.12)  LR: 3.095e-05  Time cost: 14:58/34:33 [15:00/32:46:05]  Acc_iter 2800        Data time: 0.04(0.03)  Forward time: 0.22(0.29)  Batch time: 0.26(0.32)
2026-07-29 19:52:06,754   INFO  Save latest model to /OpenPCDet/output/OpenPCDet/tools/cfgs/models/S/D/S_D_N/unfrozen_backbone_1_93/ckpt/latest_model
2026-07-29 19:52:20,237   INFO  Train:    1/40 (  2%) [2849/9261 ( 31%)]  Loss: 1.576 (2.12)  LR: 3.098e-05  Time cost: 15:13/34:16 [15:15/32:44:30]  Acc_iter 2850        Data time: 0.05(0.03)  Forward time: 0.26(0.29)  Batch time: 0.30(0.32)
2026-07-29 19:52:20,719   INFO  a1e06a0b30c0                Wed Jul 29 19:52:20 2026  580.173.02
[0] NVIDIA GeForce RTX 3070 | 64°C,  90 % |  6642 /  8192 MB | root(5806M)

2026-07-29 19:52:36,496   INFO  Train:    1/40 (  2%) [2899/9261 ( 31%)]  Loss: 2.088 (2.11)  LR: 3.102e-05  Time cost: 15:30/34:00 [15:31/32:44:42]  Acc_iter 2900        Data time: 0.05(0.03)  Forward time: 0.23(0.29)  Batch time: 0.27(0.32)
2026-07-29 19:52:54,086   INFO  Train:    1/40 (  2%) [2949/9261 ( 32%)]  Loss: 1.860 (2.11)  LR: 3.105e-05  Time cost: 15:47/33:47 [15:49/32:47:40]  Acc_iter 2950        Data time: 0.02(0.03)  Forward time: 0.34(0.29)  Batch time: 0.36(0.32)
2026-07-29 19:53:09,302   INFO  Train:    1/40 (  2%) [2999/9261 ( 32%)]  Loss: 1.781 (2.10)  LR: 3.109e-05  Time cost: 16:02/33:29 [16:04/32:45:40]  Acc_iter 3000        Data time: 0.02(0.03)  Forward time: 0.29(0.29)  Batch time: 0.32(0.32)
2026-07-29 19:53:09,815   INFO  a1e06a0b30c0                Wed Jul 29 19:53:09 2026  580.173.02
[0] NVIDIA GeForce RTX 3070 | 61°C,   9 % |  6642 /  8192 MB | root(5806M)

2026-07-29 19:53:24,689   INFO  Train:    1/40 (  2%) [3049/9261 ( 33%)]  Loss: 1.783 (2.10)  LR: 3.113e-05  Time cost: 16:18/33:12 [16:20/32:44:04]  Acc_iter 3050        Data time: 0.02(0.03)  Forward time: 0.24(0.29)  Batch time: 0.26(0.32)
2026-07-29 19:53:39,619   INFO  Train:    1/40 (  2%) [3099/9261 ( 33%)]  Loss: 1.768 (2.09)  LR: 3.116e-05  Time cost: 16:33/32:54 [16:35/32:41:37]  Acc_iter 3100        Data time: 0.02(0.03)  Forward time: 0.32(0.29)  Batch time: 0.34(0.32)
2026-07-29 19:53:55,366   INFO  Train:    1/40 (  2%) [3149/9261 ( 34%)]  Loss: 1.642 (2.09)  LR: 3.120e-05  Time cost: 16:48/32:37 [16:50/32:40:49]  Acc_iter 3150        Data time: 0.02(0.03)  Forward time: 0.33(0.29)  Batch time: 0.36(0.32)
2026-07-29 19:53:55,999   INFO  a1e06a0b30c0                Wed Jul 29 19:53:55 2026  580.173.02
[0] NVIDIA GeForce RTX 3070 | 61°C,   9 % |  6642 /  8192 MB | root(5806M)

2026-07-29 19:54:13,285   INFO  Train:    1/40 (  2%) [3199/9261 ( 35%)]  Loss: 2.499 (2.09)  LR: 3.124e-05  Time cost: 17:06/32:25 [17:08/32:44:11]  Acc_iter 3200        Data time: 0.02(0.03)  Forward time: 0.30(0.29)  Batch time: 0.32(0.32)
2026-07-29 19:54:29,175   INFO  Train:    1/40 (  2%) [3249/9261 ( 35%)]  Loss: 1.705 (2.08)  LR: 3.128e-05  Time cost: 17:22/32:09 [17:24/32:43:38]  Acc_iter 3250        Data time: 0.03(0.03)  Forward time: 0.34(0.29)  Batch time: 0.37(0.32)
2026-07-29 19:54:43,939   INFO  Train:    1/40 (  2%) [3299/9261 ( 36%)]  Loss: 1.964 (2.08)  LR: 3.132e-05  Time cost: 17:37/31:50 [17:39/32:40:59]  Acc_iter 3300        Data time: 0.03(0.03)  Forward time: 0.32(0.29)  Batch time: 0.35(0.32)
2026-07-29 19:54:44,549   INFO  a1e06a0b30c0                Wed Jul 29 19:54:44 2026  580.173.02
[0] NVIDIA GeForce RTX 3070 | 61°C,  93 % |  6642 /  8192 MB | root(5806M)

2026-07-29 19:54:59,386   INFO  Train:    1/40 (  2%) [3349/9261 ( 36%)]  Loss: 1.644 (2.07)  LR: 3.136e-05  Time cost: 17:53/31:33 [17:54/32:39:40]  Acc_iter 3350        Data time: 0.02(0.03)  Forward time: 0.36(0.29)  Batch time: 0.38(0.32)
2026-07-29 19:55:14,969   INFO  Train:    1/40 (  2%) [3399/9261 ( 37%)]  Loss: 1.901 (2.07)  LR: 3.140e-05  Time cost: 18:08/31:16 [18:10/32:38:38]  Acc_iter 3400        Data time: 0.06(0.03)  Forward time: 0.26(0.29)  Batch time: 0.32(0.32)
2026-07-29 19:55:32,146   INFO  Train:    1/40 (  2%) [3449/9261 ( 37%)]  Loss: 1.812 (2.06)  LR: 3.144e-05  Time cost: 18:25/31:02 [18:27/32:40:26]  Acc_iter 3450        Data time: 0.03(0.03)  Forward time: 0.30(0.29)  Batch time: 0.33(0.32)
2026-07-29 19:55:32,776   INFO  a1e06a0b30c0                Wed Jul 29 19:55:32 2026  580.173.02
[0] NVIDIA GeForce RTX 3070 | 59°C,   8 % |  6642 /  8192 MB | root(5806M)

2026-07-29 19:55:49,123   INFO  Train:    1/40 (  2%) [3499/9261 ( 38%)]  Loss: 1.735 (2.06)  LR: 3.148e-05  Time cost: 18:42/30:48 [18:44/32:41:50]  Acc_iter 3500        Data time: 0.05(0.03)  Forward time: 0.26(0.29)  Batch time: 0.31(0.32)
2026-07-29 19:56:03,648   INFO  Train:    1/40 (  2%) [3549/9261 ( 38%)]  Loss: 1.935 (2.06)  LR: 3.153e-05  Time cost: 18:57/30:29 [18:59/32:38:57]  Acc_iter 3550        Data time: 0.04(0.03)  Forward time: 0.24(0.29)  Batch time: 0.28(0.32)
2026-07-29 19:56:18,397   INFO  Train:    1/40 (  2%) [3599/9261 ( 39%)]  Loss: 1.543 (2.05)  LR: 3.157e-05  Time cost: 19:12/30:11 [19:13/32:36:32]  Acc_iter 3600        Data time: 0.02(0.03)  Forward time: 0.29(0.29)  Batch time: 0.31(0.32)
2026-07-29 19:56:18,886   INFO  a1e06a0b30c0                Wed Jul 29 19:56:18 2026  580.173.02
[0] NVIDIA GeForce RTX 3070 | 61°C,   8 % |  6635 /  8192 MB | root(5806M)

2026-07-29 19:56:34,642   INFO  Train:    1/40 (  2%) [3649/9261 ( 39%)]  Loss: 1.301 (2.05)  LR: 3.161e-05  Time cost: 19:28/29:56 [19:30/32:36:40]  Acc_iter 3650        Data time: 0.04(0.03)  Forward time: 0.23(0.29)  Batch time: 0.27(0.32)
2026-07-29 19:56:51,749   INFO  Train:    1/40 (  2%) [3699/9261 ( 40%)]  Loss: 1.540 (2.05)  LR: 3.166e-05  Time cost: 19:45/29:41 [19:47/32:38:14]  Acc_iter 3700        Data time: 0.02(0.03)  Forward time: 0.30(0.29)  Batch time: 0.33(0.32)
2026-07-29 19:57:06,595   INFO  Save latest model to /OpenPCDet/output/OpenPCDet/tools/cfgs/models/S/D/S_D_N/unfrozen_backbone_1_93/ckpt/latest_model
2026-07-29 19:57:08,742   INFO  Train:    1/40 (  2%) [3749/9261 ( 40%)]  Loss: 1.670 (2.04)  LR: 3.170e-05  Time cost: 20:02/29:27 [20:04/32:39:33]  Acc_iter 3750        Data time: 0.00(0.03)  Forward time: 0.24(0.29)  Batch time: 0.25(0.32)
2026-07-29 19:57:09,318   INFO  a1e06a0b30c0                Wed Jul 29 19:57:09 2026  580.173.02
[0] NVIDIA GeForce RTX 3070 | 59°C,  69 % |  6639 /  8192 MB | root(5806M)

2026-07-29 19:57:23,870   INFO  Train:    1/40 (  2%) [3799/9261 ( 41%)]  Loss: 1.781 (2.04)  LR: 3.175e-05  Time cost: 20:17/29:09 [20:19/32:37:50]  Acc_iter 3800        Data time: 0.00(0.03)  Forward time: 0.23(0.29)  Batch time: 0.23(0.32)
2026-07-29 19:57:38,558   INFO  Train:    1/40 (  2%) [3849/9261 ( 42%)]  Loss: 1.726 (2.03)  LR: 3.179e-05  Time cost: 20:32/28:52 [20:33/32:35:27]  Acc_iter 3850        Data time: 0.03(0.03)  Forward time: 0.33(0.29)  Batch time: 0.37(0.32)
2026-07-29 19:57:54,047   INFO  Train:    1/40 (  2%) [3899/9261 ( 42%)]  Loss: 1.604 (2.03)  LR: 3.184e-05  Time cost: 20:47/28:35 [20:49/32:34:23]  Acc_iter 3900        Data time: 0.04(0.03)  Forward time: 0.23(0.29)  Batch time: 0.27(0.32)
2026-07-29 19:57:54,570   INFO  a1e06a0b30c0                Wed Jul 29 19:57:54 2026  580.173.02
[0] NVIDIA GeForce RTX 3070 | 62°C,  62 % |  6635 /  8192 MB | root(5806M)

2026-07-29 19:58:10,764   INFO  Train:    1/40 (  2%) [3949/9261 ( 43%)]  Loss: 1.735 (2.03)  LR: 3.189e-05  Time cost: 21:04/28:20 [21:06/32:35:13]  Acc_iter 3950        Data time: 0.02(0.03)  Forward time: 0.32(0.29)  Batch time: 0.34(0.32)
2026-07-29 19:58:27,894   INFO  Train:    1/40 (  2%) [3999/9261 ( 43%)]  Loss: 2.107 (2.02)  LR: 3.194e-05  Time cost: 21:21/28:05 [21:23/32:36:40]  Acc_iter 4000        Data time: 0.00(0.03)  Forward time: 0.25(0.29)  Batch time: 0.26(0.32)
2026-07-29 19:58:42,646   INFO  Train:    1/40 (  2%) [4049/9261 ( 44%)]  Loss: 1.990 (2.02)  LR: 3.198e-05  Time cost: 21:36/27:48 [21:38/32:34:30]  Acc_iter 4050        Data time: 0.02(0.03)  Forward time: 0.30(0.29)  Batch time: 0.32(0.32)
2026-07-29 19:58:43,132   INFO  a1e06a0b30c0                Wed Jul 29 19:58:43 2026  580.173.02
[0] NVIDIA GeForce RTX 3070 | 65°C,  77 % |  6635 /  8192 MB | root(5806M)

2026-07-29 19:58:58,048   INFO  Train:    1/40 (  2%) [4099/9261 ( 44%)]  Loss: 2.001 (2.02)  LR: 3.203e-05  Time cost: 21:51/27:31 [21:53/32:33:20]  Acc_iter 4100        Data time: 0.06(0.03)  Forward time: 0.26(0.29)  Batch time: 0.32(0.32)
2026-07-29 19:59:13,422   INFO  Train:    1/40 (  2%) [4149/9261 ( 45%)]  Loss: 1.827 (2.01)  LR: 3.208e-05  Time cost: 22:07/27:14 [22:08/32:32:09]  Acc_iter 4150        Data time: 0.02(0.03)  Forward time: 0.34(0.29)  Batch time: 0.36(0.32)
2026-07-29 19:59:29,262   INFO  Train:    1/40 (  2%) [4199/9261 ( 45%)]  Loss: 1.942 (2.01)  LR: 3.213e-05  Time cost: 22:22/26:58 [22:24/32:31:40]  Acc_iter 4200        Data time: 0.02(0.03)  Forward time: 0.30(0.29)  Batch time: 0.32(0.32)
2026-07-29 19:59:29,924   INFO  a1e06a0b30c0                Wed Jul 29 19:59:29 2026  580.173.02
[0] NVIDIA GeForce RTX 3070 | 60°C,   9 % |  6631 /  8192 MB | root(5806M)

2026-07-29 19:59:47,013   INFO  Train:    1/40 (  2%) [4249/9261 ( 46%)]  Loss: 1.688 (2.01)  LR: 3.219e-05  Time cost: 22:40/26:44 [22:42/32:33:56]  Acc_iter 4250        Data time: 0.01(0.03)  Forward time: 0.31(0.29)  Batch time: 0.32(0.32)
2026-07-29 20:00:02,482   INFO  Train:    1/40 (  2%) [4299/9261 ( 46%)]  Loss: 1.909 (2.01)  LR: 3.224e-05  Time cost: 22:56/26:27 [22:57/32:32:54]  Acc_iter 4300        Data time: 0.02(0.03)  Forward time: 0.29(0.29)  Batch time: 0.31(0.32)
2026-07-29 20:00:17,376   INFO  Train:    1/40 (  2%) [4349/9261 ( 47%)]  Loss: 2.256 (2.00)  LR: 3.229e-05  Time cost: 23:11/26:10 [23:12/32:31:05]  Acc_iter 4350        Data time: 0.01(0.03)  Forward time: 0.36(0.29)  Batch time: 0.37(0.32)
2026-07-29 20:00:17,862   INFO  a1e06a0b30c0                Wed Jul 29 20:00:17 2026  580.173.02
[0] NVIDIA GeForce RTX 3070 | 61°C,   7 % |  6635 /  8192 MB | root(5806M)

2026-07-29 20:00:32,648   INFO  Train:    1/40 (  2%) [4399/9261 ( 48%)]  Loss: 1.488 (2.00)  LR: 3.234e-05  Time cost: 23:26/25:53 [23:28/32:29:50]  Acc_iter 4400        Data time: 0.00(0.03)  Forward time: 0.24(0.29)  Batch time: 0.25(0.32)
2026-07-29 20:00:48,313   INFO  Train:    1/40 (  2%) [4449/9261 ( 48%)]  Loss: 1.571 (2.00)  LR: 3.240e-05  Time cost: 23:41/25:37 [23:43/32:29:08]  Acc_iter 4450        Data time: 0.02(0.03)  Forward time: 0.28(0.29)  Batch time: 0.30(0.32)
2026-07-29 20:01:05,638   INFO  Train:    1/40 (  2%) [4499/9261 ( 49%)]  Loss: 1.855 (1.99)  LR: 3.245e-05  Time cost: 23:59/25:23 [24:01/32:30:41]  Acc_iter 4500        Data time: 0.02(0.03)  Forward time: 0.33(0.29)  Batch time: 0.35(0.32)
2026-07-29 20:01:06,250   INFO  a1e06a0b30c0                Wed Jul 29 20:01:06 2026  580.173.02
[0] NVIDIA GeForce RTX 3070 | 65°C,  94 % |  6635 /  8192 MB | root(5806M)

2026-07-29 20:01:22,032   INFO  Train:    1/40 (  2%) [4549/9261 ( 49%)]  Loss: 2.045 (1.99)  LR: 3.250e-05  Time cost: 24:15/25:07 [24:17/32:30:58]  Acc_iter 4550        Data time: 0.01(0.03)  Forward time: 0.30(0.29)  Batch time: 0.32(0.32)
2026-07-29 20:01:36,562   INFO  Train:    1/40 (  2%) [4599/9261 ( 50%)]  Loss: 1.769 (1.99)  LR: 3.256e-05  Time cost: 24:30/24:50 [24:31/32:28:45]  Acc_iter 4600        Data time: 0.00(0.03)  Forward time: 0.23(0.29)  Batch time: 0.23(0.32)
2026-07-29 20:01:51,992   INFO  Train:    1/40 (  2%) [4649/9261 ( 50%)]  Loss: 1.908 (1.98)  LR: 3.261e-05  Time cost: 24:45/24:33 [24:47/32:27:46]  Acc_iter 4650        Data time: 0.01(0.03)  Forward time: 0.25(0.29)  Batch time: 0.26(0.32)
2026-07-29 20:01:52,478   INFO  a1e06a0b30c0                Wed Jul 29 20:01:52 2026  580.173.02
[0] NVIDIA GeForce RTX 3070 | 62°C,  67 % |  6642 /  8192 MB | root(5806M)

2026-07-29 20:02:06,709   INFO  Save latest model to /OpenPCDet/output/OpenPCDet/tools/cfgs/models/S/D/S_D_N/unfrozen_backbone_1_93/ckpt/latest_model
2026-07-29 20:02:08,218   INFO  Train:    1/40 (  2%) [4699/9261 ( 51%)]  Loss: 1.820 (1.98)  LR: 3.267e-05  Time cost: 25:01/24:17 [25:03/32:27:49]  Acc_iter 4700        Data time: 0.02(0.03)  Forward time: 0.25(0.29)  Batch time: 0.27(0.32)
2026-07-29 20:02:24,988   INFO  Train:    1/40 (  2%) [4749/9261 ( 51%)]  Loss: 1.865 (1.98)  LR: 3.273e-05  Time cost: 25:18/24:02 [25:20/32:28:34]  Acc_iter 4750        Data time: 0.04(0.03)  Forward time: 0.31(0.29)  Batch time: 0.35(0.32)
2026-07-29 20:02:42,014   INFO  Train:    1/40 (  2%) [4799/9261 ( 52%)]  Loss: 1.918 (1.98)  LR: 3.279e-05  Time cost: 25:35/23:47 [25:37/32:29:38]  Acc_iter 4800        Data time: 0.02(0.03)  Forward time: 0.35(0.29)  Batch time: 0.37(0.32)
2026-07-29 20:02:42,507   INFO  a1e06a0b30c0                Wed Jul 29 20:02:42 2026  580.173.02
[0] NVIDIA GeForce RTX 3070 | 61°C,  79 % |  6646 /  8192 MB | root(5806M)

2026-07-29 20:02:57,458   INFO  Train:    1/40 (  2%) [4849/9261 ( 52%)]  Loss: 1.741 (1.97)  LR: 3.284e-05  Time cost: 25:51/23:31 [25:52/32:28:40]  Acc_iter 4850        Data time: 0.02(0.03)  Forward time: 0.28(0.29)  Batch time: 0.31(0.32)
2026-07-29 20:03:12,366   INFO  Train:    1/40 (  2%) [4899/9261 ( 53%)]  Loss: 1.816 (1.97)  LR: 3.290e-05  Time cost: 26:05/23:14 [26:07/32:27:03]  Acc_iter 4900        Data time: 0.02(0.03)  Forward time: 0.28(0.29)  Batch time: 0.30(0.32)
2026-07-29 20:03:27,747   INFO  Train:    1/40 (  2%) [4949/9261 ( 53%)]  Loss: 1.563 (1.97)  LR: 3.296e-05  Time cost: 26:21/22:57 [26:23/32:26:03]  Acc_iter 4950        Data time: 0.06(0.03)  Forward time: 0.24(0.29)  Batch time: 0.31(0.32)
2026-07-29 20:03:28,287   INFO  a1e06a0b30c0                Wed Jul 29 20:03:28 2026  580.173.02
[0] NVIDIA GeForce RTX 3070 | 64°C,  70 % |  6642 /  8192 MB | root(5806M)

2026-07-29 20:03:44,422   INFO  Train:    1/40 (  2%) [4999/9261 ( 54%)]  Loss: 1.661 (1.97)  LR: 3.302e-05  Time cost: 26:38/22:42 [26:39/32:26:38]  Acc_iter 5000        Data time: 0.01(0.03)  Forward time: 0.35(0.29)  Batch time: 0.37(0.32)
2026-07-29 20:04:02,151   INFO  Train:    1/40 (  2%) [5049/9261 ( 55%)]  Loss: 1.420 (1.96)  LR: 3.308e-05  Time cost: 26:55/22:27 [26:57/32:28:29]  Acc_iter 5050        Data time: 0.04(0.03)  Forward time: 0.31(0.29)  Batch time: 0.35(0.32)
2026-07-29 20:04:17,193   INFO  Train:    1/40 (  2%) [5099/9261 ( 55%)]  Loss: 1.403 (1.96)  LR: 3.314e-05  Time cost: 27:10/22:10 [27:12/32:27:05]  Acc_iter 5100        Data time: 0.00(0.03)  Forward time: 0.23(0.29)  Batch time: 0.23(0.32)
2026-07-29 20:04:17,704   INFO  a1e06a0b30c0                Wed Jul 29 20:04:17 2026  580.173.02
[0] NVIDIA GeForce RTX 3070 | 63°C,  74 % |  6640 /  8192 MB | root(5806M)

2026-07-29 20:04:32,733   INFO  Train:    1/40 (  2%) [5149/9261 ( 56%)]  Loss: 1.567 (1.96)  LR: 3.320e-05  Time cost: 27:26/21:54 [27:28/32:26:17]  Acc_iter 5150        Data time: 0.00(0.03)  Forward time: 0.24(0.29)  Batch time: 0.24(0.32)
2026-07-29 20:04:47,908   INFO  Train:    1/40 (  2%) [5199/9261 ( 56%)]  Loss: 1.846 (1.96)  LR: 3.327e-05  Time cost: 27:41/21:37 [27:43/32:25:04]  Acc_iter 5200        Data time: 0.02(0.03)  Forward time: 0.30(0.29)  Batch time: 0.32(0.32)
2026-07-29 20:05:03,957   INFO  Train:    1/40 (  2%) [5249/9261 ( 57%)]  Loss: 1.810 (1.95)  LR: 3.333e-05  Time cost: 27:57/21:21 [27:59/32:24:53]  Acc_iter 5250        Data time: 0.01(0.03)  Forward time: 0.28(0.29)  Batch time: 0.30(0.32)
2026-07-29 20:05:04,495   INFO  a1e06a0b30c0                Wed Jul 29 20:05:04 2026  580.173.02
[0] NVIDIA GeForce RTX 3070 | 61°C,  78 % |  6640 /  8192 MB | root(5806M)

2026-07-29 20:05:21,611   INFO  Train:    1/40 (  2%) [5299/9261 ( 57%)]  Loss: 1.515 (1.95)  LR: 3.339e-05  Time cost: 28:15/21:07 [28:17/32:26:32]  Acc_iter 5300        Data time: 0.02(0.03)  Forward time: 0.30(0.29)  Batch time: 0.32(0.32)
2026-07-29 20:05:36,768   INFO  Train:    1/40 (  2%) [5349/9261 ( 58%)]  Loss: 1.733 (1.95)  LR: 3.346e-05  Time cost: 28:30/20:50 [28:32/32:25:19]  Acc_iter 5350        Data time: 0.04(0.03)  Forward time: 0.24(0.29)  Batch time: 0.28(0.32)
2026-07-29 20:05:51,893   INFO  Train:    1/40 (  2%) [5399/9261 ( 58%)]  Loss: 2.203 (1.95)  LR: 3.352e-05  Time cost: 28:45/20:34 [28:47/32:24:05]  Acc_iter 5400        Data time: 0.01(0.03)  Forward time: 0.25(0.29)  Batch time: 0.26(0.32)
2026-07-29 20:05:52,399   INFO  a1e06a0b30c0                Wed Jul 29 20:05:52 2026  580.173.02
[0] NVIDIA GeForce RTX 3070 | 61°C,  85 % |  6642 /  8192 MB | root(5806M)

2026-07-29 20:06:07,719   INFO  Train:    1/40 (  2%) [5449/9261 ( 59%)]  Loss: 1.871 (1.94)  LR: 3.359e-05  Time cost: 29:01/20:17 [29:03/32:23:39]  Acc_iter 5450        Data time: 0.02(0.03)  Forward time: 0.29(0.29)  Batch time: 0.31(0.32)
2026-07-29 20:06:23,633   INFO  Train:    1/40 (  2%) [5499/9261 ( 59%)]  Loss: 1.380 (1.94)  LR: 3.365e-05  Time cost: 29:17/20:01 [29:19/32:23:19]  Acc_iter 5500        Data time: 0.02(0.03)  Forward time: 0.40(0.29)  Batch time: 0.42(0.32)
2026-07-29 20:06:41,100   INFO  Train:    1/40 (  2%) [5549/9261 ( 60%)]  Loss: 1.105 (1.94)  LR: 3.372e-05  Time cost: 29:34/19:46 [29:36/32:24:41]  Acc_iter 5550        Data time: 0.06(0.03)  Forward time: 0.23(0.29)  Batch time: 0.29(0.32)
2026-07-29 20:06:41,730   INFO  a1e06a0b30c0                Wed Jul 29 20:06:41 2026  580.173.02
[0] NVIDIA GeForce RTX 3070 | 62°C,  58 % |  6642 /  8192 MB | root(5806M)

2026-07-29 20:06:57,166   INFO  Train:    1/40 (  2%) [5599/9261 ( 60%)]  Loss: 1.513 (1.94)  LR: 3.379e-05  Time cost: 29:50/19:31 [29:52/32:24:30]  Acc_iter 5600        Data time: 0.00(0.03)  Forward time: 0.23(0.29)  Batch time: 0.23(0.32)
2026-07-29 20:07:06,724   INFO  Save latest model to /OpenPCDet/output/OpenPCDet/tools/cfgs/models/S/D/S_D_N/unfrozen_backbone_1_93/ckpt/latest_model
2026-07-29 20:07:12,044   INFO  Train:    1/40 (  2%) [5649/9261 ( 61%)]  Loss: 1.522 (1.94)  LR: 3.385e-05  Time cost: 30:05/19:14 [30:07/32:23:03]  Acc_iter 5650        Data time: 0.02(0.03)  Forward time: 0.32(0.29)  Batch time: 0.34(0.32)
2026-07-29 20:07:27,395   INFO  Train:    1/40 (  2%) [5699/9261 ( 62%)]  Loss: 2.142 (1.93)  LR: 3.392e-05  Time cost: 30:21/18:57 [30:22/32:22:06]  Acc_iter 5700        Data time: 0.02(0.03)  Forward time: 0.33(0.29)  Batch time: 0.35(0.32)
2026-07-29 20:07:27,983   INFO  a1e06a0b30c0                Wed Jul 29 20:07:27 2026  580.173.02
[0] NVIDIA GeForce RTX 3070 | 60°C,   9 % |  6642 /  8192 MB | root(5806M)

2026-07-29 20:07:43,788   INFO  Train:    1/40 (  2%) [5749/9261 ( 62%)]  Loss: 1.780 (1.93)  LR: 3.399e-05  Time cost: 30:37/18:42 [30:39/32:22:17]  Acc_iter 5750        Data time: 0.04(0.03)  Forward time: 0.30(0.29)  Batch time: 0.35(0.32)
2026-07-29 20:08:01,303   INFO  Train:    1/40 (  2%) [5799/9261 ( 63%)]  Loss: 1.708 (1.93)  LR: 3.406e-05  Time cost: 30:54/18:27 [30:56/32:23:38]  Acc_iter 5800        Data time: 0.02(0.03)  Forward time: 0.31(0.29)  Batch time: 0.33(0.32)
2026-07-29 20:08:18,196   INFO  Train:    1/40 (  2%) [5849/9261 ( 63%)]  Loss: 2.202 (1.93)  LR: 3.413e-05  Time cost: 31:11/18:11 [31:13/32:24:18]  Acc_iter 5850        Data time: 0.05(0.03)  Forward time: 0.26(0.29)  Batch time: 0.31(0.32)
2026-07-29 20:08:18,743   INFO  a1e06a0b30c0                Wed Jul 29 20:08:18 2026  580.173.02
[0] NVIDIA GeForce RTX 3070 | 63°C,  96 % |  6642 /  8192 MB | root(5806M)

2026-07-29 20:08:33,503   INFO  Train:    1/40 (  2%) [5899/9261 ( 64%)]  Loss: 1.753 (1.93)  LR: 3.420e-05  Time cost: 31:27/17:55 [31:28/32:23:19]  Acc_iter 5900        Data time: 0.06(0.03)  Forward time: 0.23(0.29)  Batch time: 0.28(0.32)
2026-07-29 20:08:47,458   INFO  Train:    1/40 (  2%) [5949/9261 ( 64%)]  Loss: 1.865 (1.92)  LR: 3.427e-05  Time cost: 31:41/17:38 [31:42/32:20:58]  Acc_iter 5950        Data time: 0.04(0.03)  Forward time: 0.26(0.29)  Batch time: 0.30(0.32)
2026-07-29 20:09:02,362   INFO  Train:    1/40 (  2%) [5999/9261 ( 65%)]  Loss: 1.371 (1.92)  LR: 3.434e-05  Time cost: 31:55/17:21 [31:57/32:19:37]  Acc_iter 6000        Data time: 0.05(0.03)  Forward time: 0.26(0.29)  Batch time: 0.31(0.32)
2026-07-29 20:09:02,885   INFO  a1e06a0b30c0                Wed Jul 29 20:09:02 2026  580.173.02
[0] NVIDIA GeForce RTX 3070 | 61°C,   9 % |  6636 /  8192 MB | root(5806M)

2026-07-29 20:09:19,950   INFO  Train:    1/40 (  2%) [6049/9261 ( 65%)]  Loss: 1.602 (1.92)  LR: 3.442e-05  Time cost: 32:13/17:06 [32:15/32:20:59]  Acc_iter 6050        Data time: 0.03(0.03)  Forward time: 0.32(0.29)  Batch time: 0.35(0.32)
2026-07-29 20:09:36,702   INFO  Train:    1/40 (  2%) [6099/9261 ( 66%)]  Loss: 1.581 (1.92)  LR: 3.449e-05  Time cost: 32:30/16:50 [32:32/32:21:29]  Acc_iter 6100        Data time: 0.01(0.03)  Forward time: 0.28(0.29)  Batch time: 0.29(0.32)
2026-07-29 20:09:51,888   INFO  Train:    1/40 (  2%) [6149/9261 ( 66%)]  Loss: 1.563 (1.92)  LR: 3.456e-05  Time cost: 32:45/16:34 [32:47/32:20:26]  Acc_iter 6150        Data time: 0.02(0.03)  Forward time: 0.25(0.29)  Batch time: 0.27(0.32)
2026-07-29 20:09:52,387   INFO  a1e06a0b30c0                Wed Jul 29 20:09:52 2026  580.173.02
[0] NVIDIA GeForce RTX 3070 | 61°C,  77 % |  6642 /  8192 MB | root(5806M)

2026-07-29 20:10:07,771   INFO  Train:    1/40 (  2%) [6199/9261 ( 67%)]  Loss: 1.481 (1.91)  LR: 3.464e-05  Time cost: 33:01/16:18 [33:03/32:20:04]  Acc_iter 6200        Data time: 0.02(0.03)  Forward time: 0.29(0.29)  Batch time: 0.32(0.32)
2026-07-29 20:10:23,157   INFO  Train:    1/40 (  2%) [6249/9261 ( 67%)]  Loss: 1.650 (1.91)  LR: 3.471e-05  Time cost: 33:16/16:02 [33:18/32:19:14]  Acc_iter 6250        Data time: 0.05(0.03)  Forward time: 0.23(0.29)  Batch time: 0.28(0.32)
2026-07-29 20:10:39,599   INFO  Train:    1/40 (  2%) [6299/9261 ( 68%)]  Loss: 1.872 (1.91)  LR: 3.479e-05  Time cost: 33:33/15:46 [33:35/32:19:25]  Acc_iter 6300        Data time: 0.02(0.03)  Forward time: 0.39(0.29)  Batch time: 0.41(0.32)
2026-07-29 20:10:40,217   INFO  a1e06a0b30c0                Wed Jul 29 20:10:40 2026  580.173.02
[0] NVIDIA GeForce RTX 3070 | 62°C,  52 % |  6642 /  8192 MB | root(5806M)

2026-07-29 20:10:57,488   INFO  Train:    1/40 (  2%) [6349/9261 ( 69%)]  Loss: 1.988 (1.91)  LR: 3.486e-05  Time cost: 33:51/15:31 [33:52/32:20:58]  Acc_iter 6350        Data time: 0.02(0.03)  Forward time: 0.35(0.29)  Batch time: 0.37(0.32)
2026-07-29 20:11:12,416   INFO  Train:    1/40 (  2%) [6399/9261 ( 69%)]  Loss: 1.859 (1.91)  LR: 3.494e-05  Time cost: 34:06/15:14 [34:07/32:19:42]  Acc_iter 6400        Data time: 0.02(0.03)  Forward time: 0.30(0.29)  Batch time: 0.32(0.32)
2026-07-29 20:11:27,648   INFO  Train:    1/40 (  2%) [6449/9261 ( 70%)]  Loss: 1.797 (1.91)  LR: 3.502e-05  Time cost: 34:21/14:58 [34:23/32:18:43]  Acc_iter 6450        Data time: 0.02(0.03)  Forward time: 0.33(0.29)  Batch time: 0.35(0.32)
2026-07-29 20:11:28,208   INFO  a1e06a0b30c0                Wed Jul 29 20:11:28 2026  580.173.02
[0] NVIDIA GeForce RTX 3070 | 67°C, 100 % |  6642 /  8192 MB | root(5806M)

2026-07-29 20:11:43,647   INFO  Train:    1/40 (  2%) [6499/9261 ( 70%)]  Loss: 1.451 (1.90)  LR: 3.509e-05  Time cost: 34:37/14:42 [34:39/32:18:28]  Acc_iter 6500        Data time: 0.02(0.03)  Forward time: 0.32(0.29)  Batch time: 0.34(0.32)
2026-07-29 20:12:00,212   INFO  Train:    1/40 (  2%) [6549/9261 ( 71%)]  Loss: 1.832 (1.90)  LR: 3.517e-05  Time cost: 34:53/14:26 [34:55/32:18:45]  Acc_iter 6550        Data time: 0.02(0.03)  Forward time: 0.36(0.29)  Batch time: 0.38(0.32)
2026-07-29 20:12:06,764   INFO  Save latest model to /OpenPCDet/output/OpenPCDet/tools/cfgs/models/S/D/S_D_N/unfrozen_backbone_1_93/ckpt/latest_model
2026-07-29 20:12:17,924   INFO  Train:    1/40 (  2%) [6599/9261 ( 71%)]  Loss: 2.046 (1.90)  LR: 3.525e-05  Time cost: 35:11/14:11 [35:13/32:20:04]  Acc_iter 6600        Data time: 0.02(0.03)  Forward time: 0.34(0.29)  Batch time: 0.37(0.32)
2026-07-29 20:12:18,490   INFO  a1e06a0b30c0                Wed Jul 29 20:12:18 2026  580.173.02
[0] NVIDIA GeForce RTX 3070 | 60°C,  66 % |  6646 /  8192 MB | root(5806M)

2026-07-29 20:12:33,590   INFO  Train:    1/40 (  2%) [6649/9261 ( 72%)]  Loss: 1.883 (1.90)  LR: 3.533e-05  Time cost: 35:27/13:55 [35:29/32:19:30]  Acc_iter 6650        Data time: 0.02(0.03)  Forward time: 0.33(0.29)  Batch time: 0.35(0.32)
2026-07-29 20:12:48,539   INFO  Train:    1/40 (  2%) [6699/9261 ( 72%)]  Loss: 1.877 (1.90)  LR: 3.541e-05  Time cost: 35:42/13:39 [35:43/32:18:17]  Acc_iter 6700        Data time: 0.01(0.03)  Forward time: 0.29(0.29)  Batch time: 0.30(0.32)
2026-07-29 20:13:04,035   INFO  Train:    1/40 (  2%) [6749/9261 ( 73%)]  Loss: 1.267 (1.89)  LR: 3.549e-05  Time cost: 35:57/13:22 [35:59/32:17:35]  Acc_iter 6750        Data time: 0.00(0.03)  Forward time: 0.23(0.29)  Batch time: 0.23(0.32)
2026-07-29 20:13:04,575   INFO  a1e06a0b30c0                Wed Jul 29 20:13:04 2026  580.173.02
[0] NVIDIA GeForce RTX 3070 | 63°C,  44 % |  6642 /  8192 MB | root(5806M)

2026-07-29 20:13:20,734   INFO  Train:    1/40 (  2%) [6799/9261 ( 73%)]  Loss: 1.872 (1.89)  LR: 3.557e-05  Time cost: 36:14/13:07 [36:16/32:17:57]  Acc_iter 6800        Data time: 0.02(0.03)  Forward time: 0.34(0.29)  Batch time: 0.36(0.32)
2026-07-29 20:13:38,143   INFO  Train:    1/40 (  2%) [6849/9261 ( 74%)]  Loss: 1.719 (1.89)  LR: 3.565e-05  Time cost: 36:31/12:51 [36:33/32:18:57]  Acc_iter 6850        Data time: 0.06(0.03)  Forward time: 0.25(0.29)  Batch time: 0.31(0.32)
2026-07-29 20:13:53,282   INFO  Train:    1/40 (  2%) [6899/9261 ( 74%)]  Loss: 1.831 (1.89)  LR: 3.574e-05  Time cost: 36:46/12:35 [36:48/32:17:55]  Acc_iter 6900        Data time: 0.05(0.03)  Forward time: 0.22(0.29)  Batch time: 0.27(0.32)
2026-07-29 20:13:53,754   INFO  a1e06a0b30c0                Wed Jul 29 20:13:53 2026  580.173.02
[0] NVIDIA GeForce RTX 3070 | 65°C,  56 % |  6642 /  8192 MB | root(5806M)

2026-07-29 20:14:08,924   INFO  Train:    1/40 (  2%) [6949/9261 ( 75%)]  Loss: 1.516 (1.89)  LR: 3.582e-05  Time cost: 37:02/12:19 [37:04/32:17:21]  Acc_iter 6950        Data time: 0.00(0.03)  Forward time: 0.32(0.29)  Batch time: 0.32(0.32)
2026-07-29 20:14:24,163   INFO  Train:    1/40 (  2%) [6999/9261 ( 76%)]  Loss: 1.433 (1.89)  LR: 3.590e-05  Time cost: 37:17/12:03 [37:19/32:16:26]  Acc_iter 7000        Data time: 0.02(0.03)  Forward time: 0.27(0.29)  Batch time: 0.30(0.32)
2026-07-29 20:14:40,345   INFO  Train:    1/40 (  2%) [7049/9261 ( 76%)]  Loss: 1.515 (1.89)  LR: 3.599e-05  Time cost: 37:33/11:47 [37:35/32:16:20]  Acc_iter 7050        Data time: 0.02(0.03)  Forward time: 0.33(0.29)  Batch time: 0.35(0.32)
2026-07-29 20:14:40,951   INFO  a1e06a0b30c0                Wed Jul 29 20:14:40 2026  580.173.02
[0] NVIDIA GeForce RTX 3070 | 60°C,  11 % |  6638 /  8192 MB | root(5806M)

2026-07-29 20:14:58,659   INFO  Train:    1/40 (  2%) [7099/9261 ( 77%)]  Loss: 1.871 (1.88)  LR: 3.607e-05  Time cost: 37:52/11:31 [37:54/32:18:04]  Acc_iter 7100        Data time: 0.10(0.03)  Forward time: 0.28(0.29)  Batch time: 0.38(0.32)
2026-07-29 20:15:14,042   INFO  Train:    1/40 (  2%) [7149/9261 ( 77%)]  Loss: 1.567 (1.88)  LR: 3.616e-05  Time cost: 38:07/11:15 [38:09/32:17:16]  Acc_iter 7150        Data time: 0.00(0.03)  Forward time: 0.32(0.29)  Batch time: 0.33(0.32)
2026-07-29 20:15:28,994   INFO  Train:    1/40 (  2%) [7199/9261 ( 78%)]  Loss: 1.116 (1.88)  LR: 3.624e-05  Time cost: 38:22/10:59 [38:24/32:16:07]  Acc_iter 7200        Data time: 0.04(0.03)  Forward time: 0.23(0.29)  Batch time: 0.26(0.32)
2026-07-29 20:15:29,514   INFO  a1e06a0b30c0                Wed Jul 29 20:15:29 2026  580.173.02
[0] NVIDIA GeForce RTX 3070 | 61°C,  76 % |  6644 /  8192 MB | root(5806M)

2026-07-29 20:15:44,898   INFO  Train:    1/40 (  2%) [7249/9261 ( 78%)]  Loss: 1.441 (1.88)  LR: 3.633e-05  Time cost: 38:38/10:43 [38:40/32:15:47]  Acc_iter 7250        Data time: 0.02(0.03)  Forward time: 0.28(0.29)  Batch time: 0.30(0.32)
2026-07-29 20:16:00,927   INFO  Train:    1/40 (  2%) [7299/9261 ( 79%)]  Loss: 1.616 (1.88)  LR: 3.641e-05  Time cost: 38:54/10:27 [38:56/32:15:33]  Acc_iter 7300        Data time: 0.02(0.03)  Forward time: 0.32(0.29)  Batch time: 0.35(0.32)
2026-07-29 20:16:17,692   INFO  Train:    1/40 (  2%) [7349/9261 ( 79%)]  Loss: 2.096 (1.88)  LR: 3.650e-05  Time cost: 39:11/10:11 [39:13/32:15:55]  Acc_iter 7350        Data time: 0.06(0.03)  Forward time: 0.26(0.29)  Batch time: 0.31(0.32)
2026-07-29 20:16:18,242   INFO  a1e06a0b30c0                Wed Jul 29 20:16:18 2026  580.173.02
[0] NVIDIA GeForce RTX 3070 | 65°C,  81 % |  6646 /  8192 MB | root(5806M)

2026-07-29 20:16:33,273   INFO  Train:    1/40 (  2%) [7399/9261 ( 80%)]  Loss: 1.292 (1.87)  LR: 3.659e-05  Time cost: 39:26/09:55 [39:28/32:15:19]  Acc_iter 7400        Data time: 0.04(0.03)  Forward time: 0.22(0.29)  Batch time: 0.26(0.32)
2026-07-29 20:16:48,396   INFO  Train:    1/40 (  2%) [7449/9261 ( 80%)]  Loss: 1.442 (1.87)  LR: 3.668e-05  Time cost: 39:42/09:39 [39:43/32:14:21]  Acc_iter 7450        Data time: 0.01(0.03)  Forward time: 0.22(0.29)  Batch time: 0.23(0.32)
2026-07-29 20:17:03,740   INFO  Train:    1/40 (  2%) [7499/9261 ( 81%)]  Loss: 1.783 (1.87)  LR: 3.677e-05  Time cost: 39:57/09:23 [39:59/32:13:33]  Acc_iter 7500        Data time: 0.01(0.03)  Forward time: 0.29(0.29)  Batch time: 0.30(0.32)
2026-07-29 20:17:04,272   INFO  a1e06a0b30c0                Wed Jul 29 20:17:04 2026  580.173.02
[0] NVIDIA GeForce RTX 3070 | 64°C,  74 % |  6642 /  8192 MB | root(5806M)

2026-07-29 20:17:06,565   INFO  Save latest model to /OpenPCDet/output/OpenPCDet/tools/cfgs/models/S/D/S_D_N/unfrozen_backbone_1_93/ckpt/latest_model
2026-07-29 20:17:20,288   INFO  Train:    1/40 (  2%) [7549/9261 ( 82%)]  Loss: 1.811 (1.87)  LR: 3.686e-05  Time cost: 40:13/09:07 [40:15/32:13:45]  Acc_iter 7550        Data time: 0.00(0.03)  Forward time: 0.25(0.29)  Batch time: 0.25(0.32)
2026-07-29 20:17:38,105   INFO  Train:    1/40 (  2%) [7599/9261 ( 82%)]  Loss: 1.739 (1.87)  LR: 3.695e-05  Time cost: 40:31/08:51 [40:33/32:14:56]  Acc_iter 7600        Data time: 0.01(0.03)  Forward time: 0.35(0.29)  Batch time: 0.36(0.32)
2026-07-29 20:17:53,159   INFO  Train:    1/40 (  2%) [7649/9261 ( 83%)]  Loss: 1.501 (1.87)  LR: 3.704e-05  Time cost: 40:46/08:35 [40:48/32:13:55]  Acc_iter 7650        Data time: 0.03(0.03)  Forward time: 0.28(0.29)  Batch time: 0.32(0.32)
2026-07-29 20:17:53,783   INFO  a1e06a0b30c0                Wed Jul 29 20:17:53 2026  580.173.02
[0] NVIDIA GeForce RTX 3070 | 65°C,  79 % |  6642 /  8192 MB | root(5806M)

2026-07-29 20:18:08,558   INFO  Train:    1/40 (  2%) [7699/9261 ( 83%)]  Loss: 2.016 (1.86)  LR: 3.713e-05  Time cost: 41:02/08:19 [41:03/32:13:11]  Acc_iter 7700        Data time: 0.01(0.03)  Forward time: 0.24(0.29)  Batch time: 0.25(0.32)
2026-07-29 20:18:24,107   INFO  Train:    1/40 (  2%) [7749/9261 ( 84%)]  Loss: 1.800 (1.86)  LR: 3.722e-05  Time cost: 41:17/08:03 [41:19/32:12:35]  Acc_iter 7750        Data time: 0.02(0.03)  Forward time: 0.29(0.29)  Batch time: 0.31(0.32)
2026-07-29 20:18:38,532   INFO  Train:    1/40 (  2%) [7799/9261 ( 84%)]  Loss: 1.340 (1.86)  LR: 3.732e-05  Time cost: 41:32/07:47 [41:33/32:11:06]  Acc_iter 7800        Data time: 0.02(0.03)  Forward time: 0.34(0.29)  Batch time: 0.36(0.32)
2026-07-29 20:18:39,122   INFO  a1e06a0b30c0                Wed Jul 29 20:18:39 2026  580.173.02
[0] NVIDIA GeForce RTX 3070 | 63°C,   3 % |  6642 /  8192 MB | root(5806M)

2026-07-29 20:18:55,002   INFO  Train:    1/40 (  2%) [7849/9261 ( 85%)]  Loss: 1.686 (1.86)  LR: 3.741e-05  Time cost: 41:48/07:31 [41:50/32:11:13]  Acc_iter 7850        Data time: 0.06(0.03)  Forward time: 0.25(0.29)  Batch time: 0.31(0.32)
2026-07-29 20:19:08,568   INFO  Train:    1/40 (  2%) [7899/9261 ( 85%)]  Loss: 1.667 (1.86)  LR: 3.750e-05  Time cost: 42:02/07:14 [42:03/32:09:06]  Acc_iter 7900        Data time: 0.00(0.03)  Forward time: 0.26(0.29)  Batch time: 0.26(0.32)
2026-07-29 20:19:22,125   INFO  Train:    1/40 (  2%) [7949/9261 ( 86%)]  Loss: 1.493 (1.86)  LR: 3.760e-05  Time cost: 42:15/06:58 [42:17/32:07:01]  Acc_iter 7950        Data time: 0.00(0.03)  Forward time: 0.24(0.29)  Batch time: 0.25(0.32)
2026-07-29 20:19:22,565   INFO  a1e06a0b30c0                Wed Jul 29 20:19:22 2026  580.173.02
[0] NVIDIA GeForce RTX 3070 | 69°C,  48 % |  6399 /  8192 MB | root(5806M)

2026-07-29 20:19:36,169   INFO  Train:    1/40 (  2%) [7999/9261 ( 86%)]  Loss: 1.895 (1.86)  LR: 3.769e-05  Time cost: 42:29/06:42 [42:31/32:05:19]  Acc_iter 8000        Data time: 0.03(0.03)  Forward time: 0.26(0.29)  Batch time: 0.29(0.32)
2026-07-29 20:19:50,082   INFO  Train:    1/40 (  2%) [8049/9261 ( 87%)]  Loss: 1.267 (1.85)  LR: 3.779e-05  Time cost: 42:43/06:25 [42:45/32:03:32]  Acc_iter 8050        Data time: 0.02(0.03)  Forward time: 0.27(0.29)  Batch time: 0.29(0.32)
2026-07-29 20:20:05,387   INFO  Train:    1/40 (  2%) [8099/9261 ( 87%)]  Loss: 1.682 (1.85)  LR: 3.788e-05  Time cost: 42:59/06:09 [43:00/32:02:48]  Acc_iter 8100        Data time: 0.05(0.03)  Forward time: 0.23(0.29)  Batch time: 0.28(0.32)
2026-07-29 20:20:05,840   INFO  a1e06a0b30c0                Wed Jul 29 20:20:05 2026  580.173.02
[0] NVIDIA GeForce RTX 3070 | 67°C,  62 % |  6409 /  8192 MB | root(5806M)

2026-07-29 20:20:19,191   INFO  Train:    1/40 (  2%) [8149/9261 ( 88%)]  Loss: 1.579 (1.85)  LR: 3.798e-05  Time cost: 43:12/05:53 [43:14/32:00:58]  Acc_iter 8150        Data time: 0.03(0.03)  Forward time: 0.25(0.29)  Batch time: 0.27(0.32)
2026-07-29 20:20:32,523   INFO  Train:    1/40 (  2%) [8199/9261 ( 89%)]  Loss: 1.804 (1.85)  LR: 3.808e-05  Time cost: 43:26/05:37 [43:27/31:58:48]  Acc_iter 8200        Data time: 0.00(0.03)  Forward time: 0.24(0.29)  Batch time: 0.24(0.32)
2026-07-29 20:20:46,255   INFO  Train:    1/40 (  2%) [8249/9261 ( 89%)]  Loss: 1.583 (1.85)  LR: 3.817e-05  Time cost: 43:39/05:21 [43:41/31:56:58]  Acc_iter 8250        Data time: 0.04(0.03)  Forward time: 0.24(0.29)  Batch time: 0.28(0.32)
2026-07-29 20:20:46,702   INFO  a1e06a0b30c0                Wed Jul 29 20:20:46 2026  580.173.02
[0] NVIDIA GeForce RTX 3070 | 68°C,  62 % |  6409 /  8192 MB | root(5808M)

2026-07-29 20:21:01,097   INFO  Train:    1/40 (  2%) [8299/9261 ( 90%)]  Loss: 1.465 (1.85)  LR: 3.827e-05  Time cost: 43:54/05:05 [43:56/31:55:57]  Acc_iter 8300        Data time: 0.03(0.03)  Forward time: 0.22(0.29)  Batch time: 0.25(0.32)
2026-07-29 20:21:16,236   INFO  Train:    1/40 (  2%) [8349/9261 ( 90%)]  Loss: 1.672 (1.85)  LR: 3.837e-05  Time cost: 44:09/04:49 [44:11/31:55:09]  Acc_iter 8350        Data time: 0.02(0.03)  Forward time: 0.30(0.29)  Batch time: 0.32(0.32)
2026-07-29 20:21:29,802   INFO  Train:    1/40 (  2%) [8399/9261 ( 91%)]  Loss: 1.599 (1.85)  LR: 3.847e-05  Time cost: 44:23/04:33 [44:25/31:53:14]  Acc_iter 8400        Data time: 0.05(0.03)  Forward time: 0.22(0.29)  Batch time: 0.27(0.32)
2026-07-29 20:21:30,276   INFO  a1e06a0b30c0                Wed Jul 29 20:21:30 2026  580.173.02
[0] NVIDIA GeForce RTX 3070 | 67°C,  67 % |  6399 /  8192 MB | root(5808M)

2026-07-29 20:21:43,971   INFO  Train:    1/40 (  2%) [8449/9261 ( 91%)]  Loss: 1.361 (1.84)  LR: 3.857e-05  Time cost: 44:37/04:17 [44:39/31:51:46]  Acc_iter 8450        Data time: 0.00(0.03)  Forward time: 0.22(0.29)  Batch time: 0.22(0.32)
2026-07-29 20:21:57,638   INFO  Train:    1/40 (  2%) [8499/9261 ( 92%)]  Loss: 1.474 (1.84)  LR: 3.867e-05  Time cost: 44:51/04:01 [44:53/31:49:57]  Acc_iter 8500        Data time: 0.04(0.03)  Forward time: 0.22(0.29)  Batch time: 0.26(0.32)
2026-07-29 20:22:06,824   INFO  Save latest model to /OpenPCDet/output/OpenPCDet/tools/cfgs/models/S/D/S_D_N/unfrozen_backbone_1_93/ckpt/latest_model
2026-07-29 20:22:12,686   INFO  Train:    1/40 (  2%) [8549/9261 ( 92%)]  Loss: 1.541 (1.84)  LR: 3.877e-05  Time cost: 45:06/03:45 [45:08/31:49:08]  Acc_iter 8550        Data time: 0.05(0.03)  Forward time: 0.25(0.29)  Batch time: 0.30(0.32)
2026-07-29 20:22:13,293   INFO  a1e06a0b30c0                Wed Jul 29 20:22:13 2026  580.173.02
[0] NVIDIA GeForce RTX 3070 | 68°C,  48 % |  6399 /  8192 MB | root(5808M)

2026-07-29 20:22:27,858   INFO  Train:    1/40 (  2%) [8599/9261 ( 93%)]  Loss: 1.586 (1.84)  LR: 3.888e-05  Time cost: 45:21/03:29 [45:23/31:48:25]  Acc_iter 8600        Data time: 0.01(0.03)  Forward time: 0.25(0.29)  Batch time: 0.26(0.32)
2026-07-29 20:22:41,089   INFO  Train:    1/40 (  2%) [8649/9261 ( 93%)]  Loss: 2.059 (1.84)  LR: 3.898e-05  Time cost: 45:34/03:13 [45:36/31:46:21]  Acc_iter 8650        Data time: 0.04(0.03)  Forward time: 0.23(0.29)  Batch time: 0.27(0.32)
2026-07-29 20:22:54,737   INFO  Train:    1/40 (  2%) [8699/9261 ( 94%)]  Loss: 1.308 (1.84)  LR: 3.908e-05  Time cost: 45:48/02:57 [45:50/31:44:35]  Acc_iter 8700        Data time: 0.01(0.03)  Forward time: 0.22(0.29)  Batch time: 0.22(0.32)
2026-07-29 20:22:55,179   INFO  a1e06a0b30c0                Wed Jul 29 20:22:55 2026  580.173.02
[0] NVIDIA GeForce RTX 3070 | 67°C, 100 % |  6399 /  8192 MB | root(5808M)

2026-07-29 20:23:09,086   INFO  Train:    1/40 (  2%) [8749/9261 ( 94%)]  Loss: 1.315 (1.84)  LR: 3.918e-05  Time cost: 46:02/02:41 [46:04/31:43:20]  Acc_iter 8750        Data time: 0.04(0.03)  Forward time: 0.22(0.29)  Batch time: 0.26(0.32)
2026-07-29 20:23:24,026   INFO  Train:    1/40 (  2%) [8799/9261 ( 95%)]  Loss: 1.532 (1.83)  LR: 3.929e-05  Time cost: 46:17/02:25 [46:19/31:42:29]  Acc_iter 8800        Data time: 0.02(0.03)  Forward time: 0.27(0.29)  Batch time: 0.29(0.32)
2026-07-29 20:23:38,776   INFO  Train:    1/40 (  2%) [8849/9261 ( 96%)]  Loss: 1.928 (1.83)  LR: 3.939e-05  Time cost: 46:32/02:09 [46:34/31:41:31]  Acc_iter 8850        Data time: 0.00(0.03)  Forward time: 0.23(0.29)  Batch time: 0.23(0.32)
2026-07-29 20:23:39,244   INFO  a1e06a0b30c0                Wed Jul 29 20:23:39 2026  580.173.02
[0] NVIDIA GeForce RTX 3070 | 67°C,  84 % |  6399 /  8192 MB | root(5808M)

2026-07-29 20:23:52,912   INFO  Train:    1/40 (  2%) [8899/9261 ( 96%)]  Loss: 1.444 (1.83)  LR: 3.950e-05  Time cost: 46:46/01:54 [46:48/31:40:09]  Acc_iter 8900        Data time: 0.05(0.03)  Forward time: 0.22(0.29)  Batch time: 0.27(0.32)
2026-07-29 20:24:06,490   INFO  Train:    1/40 (  2%) [8949/9261 ( 97%)]  Loss: 1.712 (1.83)  LR: 3.960e-05  Time cost: 47:00/01:38 [47:01/31:38:24]  Acc_iter 8950        Data time: 0.04(0.03)  Forward time: 0.26(0.29)  Batch time: 0.30(0.32)
2026-07-29 20:24:20,371   INFO  Train:    1/40 (  2%) [8999/9261 ( 97%)]  Loss: 1.520 (1.83)  LR: 3.971e-05  Time cost: 47:14/01:22 [47:15/31:36:53]  Acc_iter 9000        Data time: 0.02(0.03)  Forward time: 0.27(0.29)  Batch time: 0.29(0.31)
2026-07-29 20:24:20,823   INFO  a1e06a0b30c0                Wed Jul 29 20:24:20 2026  580.173.02
[0] NVIDIA GeForce RTX 3070 | 67°C,  50 % |  6395 /  8192 MB | root(5808M)

2026-07-29 20:24:35,597   INFO  Train:    1/40 (  2%) [9049/9261 ( 98%)]  Loss: 1.815 (1.83)  LR: 3.982e-05  Time cost: 47:29/01:06 [47:31/31:36:17]  Acc_iter 9050        Data time: 0.00(0.03)  Forward time: 0.24(0.29)  Batch time: 0.24(0.31)
2026-07-29 20:24:50,614   INFO  Train:    1/40 (  2%) [9099/9261 ( 98%)]  Loss: 1.536 (1.83)  LR: 3.992e-05  Time cost: 47:44/00:50 [47:46/31:35:32]  Acc_iter 9100        Data time: 0.01(0.03)  Forward time: 0.24(0.29)  Batch time: 0.25(0.31)
2026-07-29 20:25:03,926   INFO  Train:    1/40 (  2%) [9149/9261 ( 99%)]  Loss: 1.848 (1.83)  LR: 4.003e-05  Time cost: 47:57/00:35 [47:59/31:33:41]  Acc_iter 9150        Data time: 0.00(0.03)  Forward time: 0.24(0.29)  Batch time: 0.24(0.31)
2026-07-29 20:25:04,366   INFO  a1e06a0b30c0                Wed Jul 29 20:25:04 2026  580.173.02
[0] NVIDIA GeForce RTX 3070 | 62°C,   2 % |  6401 /  8192 MB | root(5808M)

2026-07-29 20:25:17,775   INFO  Train:    1/40 (  2%) [9199/9261 ( 99%)]  Loss: 1.716 (1.82)  LR: 4.014e-05  Time cost: 48:11/00:19 [48:13/31:32:12]  Acc_iter 9200        Data time: 0.02(0.03)  Forward time: 0.26(0.28)  Batch time: 0.28(0.31)
2026-07-29 20:25:32,034   INFO  Train:    1/40 (  2%) [9249/9261 (100%)]  Loss: 1.880 (1.82)  LR: 4.025e-05  Time cost: 48:25/00:03 [48:27/31:30:59]  Acc_iter 9250        Data time: 0.02(0.03)  Forward time: 0.20(0.28)  Batch time: 0.22(0.31)
2026-07-29 20:25:34,474   INFO  Train:    1/40 (  2%) [9260/9261 (100%)]  Loss: 1.774 (1.82)  LR: 4.027e-05  Time cost: 48:28/00:00 [48:29/31:30:16]  Acc_iter 9261        Data time: 0.02(0.03)  Forward time: 0.12(0.28)  Batch time: 0.14(0.31)
2026-07-29 20:25:37,688   INFO  Train:    2/40 (  5%) [   0/9261 (  0%)]  Loss: 1.979 (1.98)  LR: 4.028e-05  Time cost: 00:02/5:45:20 [48:33/224:28:25]  Acc_iter 9262        Data time: 1.70(1.70)  Forward time: 0.52(0.52)  Batch time: 2.21(2.21)
2026-07-29 20:25:49,641   INFO  Train:    2/40 (  5%) [  38/9261 (  0%)]  Loss: 1.457 (1.62)  LR: 4.036e-05  Time cost: 00:14/55:55 [48:45/36:30:02]  Acc_iter 9300        Data time: 0.04(0.07)  Forward time: 0.32(0.30)  Batch time: 0.36(0.36)
2026-07-29 20:25:50,191   INFO  a1e06a0b30c0                Wed Jul 29 20:25:50 2026  580.173.02
[0] NVIDIA GeForce RTX 3070 | 64°C,  41 % |  6401 /  8192 MB | root(5808M)

2026-07-29 20:26:04,099   INFO  Train:    2/40 (  5%) [  88/9261 (  1%)]  Loss: 1.470 (1.66)  LR: 4.047e-05  Time cost: 00:28/49:12 [48:59/32:17:12]  Acc_iter 9350        Data time: 0.05(0.05)  Forward time: 0.25(0.27)  Batch time: 0.30(0.32)
2026-07-29 20:26:17,448   INFO  Train:    2/40 (  5%) [ 138/9261 (  1%)]  Loss: 1.503 (1.64)  LR: 4.058e-05  Time cost: 00:41/45:56 [49:12/30:18:05]  Acc_iter 9400        Data time: 0.02(0.04)  Forward time: 0.30(0.26)  Batch time: 0.32(0.30)
2026-07-29 20:26:30,797   INFO  Train:    2/40 (  5%) [ 188/9261 (  2%)]  Loss: 1.566 (1.64)  LR: 4.069e-05  Time cost: 00:55/44:16 [49:26/29:21:51]  Acc_iter 9450        Data time: 0.05(0.03)  Forward time: 0.23(0.26)  Batch time: 0.28(0.29)
2026-07-29 20:26:31,267   INFO  a1e06a0b30c0                Wed Jul 29 20:26:31 2026  580.173.02
[0] NVIDIA GeForce RTX 3070 | 66°C,  65 % |  6399 /  8192 MB | root(5808M)

2026-07-29 20:26:44,956   INFO  Train:    2/40 (  5%) [ 238/9261 (  3%)]  Loss: 1.284 (1.62)  LR: 4.080e-05  Time cost: 01:09/43:44 [49:40/29:09:27]  Acc_iter 9500        Data time: 0.04(0.03)  Forward time: 0.21(0.26)  Batch time: 0.25(0.29)
2026-07-29 20:27:00,222   INFO  Train:    2/40 (  5%) [ 288/9261 (  3%)]  Loss: 1.541 (1.62)  LR: 4.092e-05  Time cost: 01:24/43:52 [49:55/29:24:18]  Acc_iter 9550        Data time: 0.02(0.03)  Forward time: 0.32(0.26)  Batch time: 0.34(0.29)
2026-07-29 20:27:14,247   INFO  Train:    2/40 (  5%) [ 338/9261 (  4%)]  Loss: 1.439 (1.62)  LR: 4.103e-05  Time cost: 01:38/43:20 [50:09/29:12:42]  Acc_iter 9600        Data time: 0.02(0.03)  Forward time: 0.28(0.26)  Batch time: 0.30(0.29)
2026-07-29 20:27:14,730   INFO  a1e06a0b30c0                Wed Jul 29 20:27:14 2026  580.173.02
[0] NVIDIA GeForce RTX 3070 | 67°C, 100 % |  6399 /  8192 MB | root(5808M)

2026-07-29 20:27:28,597   INFO  Train:    2/40 (  5%) [ 388/9261 (  4%)]  Loss: 1.780 (1.62)  LR: 4.114e-05  Time cost: 01:53/43:00 [50:24/29:09:01]  Acc_iter 9650        Data time: 0.02(0.03)  Forward time: 0.28(0.26)  Batch time: 0.30(0.29)
2026-07-29 20:27:42,009   INFO  Train:    2/40 (  5%) [ 438/9261 (  5%)]  Loss: 1.524 (1.62)  LR: 4.126e-05  Time cost: 02:06/42:23 [50:37/28:53:17]  Acc_iter 9700        Data time: 0.02(0.03)  Forward time: 0.28(0.26)  Batch time: 0.31(0.29)
2026-07-29 20:27:55,685   INFO  Train:    2/40 (  5%) [ 488/9261 (  5%)]  Loss: 1.583 (1.62)  LR: 4.137e-05  Time cost: 02:20/41:55 [50:51/28:43:58]  Acc_iter 9750        Data time: 0.04(0.03)  Forward time: 0.23(0.26)  Batch time: 0.27(0.29)
2026-07-29 20:27:56,287   INFO  a1e06a0b30c0                Wed Jul 29 20:27:56 2026  580.173.02
[0] NVIDIA GeForce RTX 3070 | 68°C,  41 % |  6399 /  8192 MB | root(5808M)

2026-07-29 20:28:11,365   INFO  Train:    2/40 (  5%) [ 538/9261 (  6%)]  Loss: 1.443 (1.61)  LR: 4.149e-05  Time cost: 02:35/42:03 [51:06/28:58:41]  Acc_iter 9800        Data time: 0.00(0.03)  Forward time: 0.24(0.26)  Batch time: 0.24(0.29)
2026-07-29 20:28:25,792   INFO  Train:    2/40 (  5%) [ 588/9261 (  6%)]  Loss: 1.937 (1.61)  LR: 4.160e-05  Time cost: 02:50/41:48 [51:21/28:58:04]  Acc_iter 9850        Data time: 0.02(0.03)  Forward time: 0.29(0.26)  Batch time: 0.31(0.29)
2026-07-29 20:28:39,325   INFO  Train:    2/40 (  5%) [ 638/9261 (  7%)]  Loss: 2.116 (1.61)  LR: 4.172e-05  Time cost: 03:03/41:21 [51:34/28:49:06]  Acc_iter 9900        Data time: 0.00(0.03)  Forward time: 0.23(0.26)  Batch time: 0.23(0.29)
2026-07-29 20:28:39,784   INFO  a1e06a0b30c0                Wed Jul 29 20:28:39 2026  580.173.02
[0] NVIDIA GeForce RTX 3070 | 67°C,  69 % |  6399 /  8192 MB | root(5808M)

2026-07-29 20:28:53,333   INFO  Train:    2/40 (  5%) [ 688/9261 (  7%)]  Loss: 1.518 (1.61)  LR: 4.184e-05  Time cost: 03:17/41:02 [51:48/28:45:33]  Acc_iter 9950        Data time: 0.04(0.03)  Forward time: 0.24(0.26)  Batch time: 0.28(0.29)
2026-07-29 20:29:07,709   INFO  Train:    2/40 (  5%) [ 738/9261 (  8%)]  Loss: 1.406 (1.61)  LR: 4.195e-05  Time cost: 03:32/40:48 [52:03/28:45:27]  Acc_iter 10000       Data time: 0.05(0.03)  Forward time: 0.24(0.26)  Batch time: 0.29(0.29)
2026-07-29 20:29:22,703   INFO  Train:    2/40 (  5%) [ 788/9261 (  9%)]  Loss: 1.954 (1.61)  LR: 4.207e-05  Time cost: 03:47/40:40 [52:18/28:50:01]  Acc_iter 10050       Data time: 0.02(0.03)  Forward time: 0.30(0.26)  Batch time: 0.33(0.29)
2026-07-29 20:29:23,316   INFO  a1e06a0b30c0                Wed Jul 29 20:29:23 2026  580.173.02
[0] NVIDIA GeForce RTX 3070 | 66°C,  45 % |  6393 /  8192 MB | root(5808M)

2026-07-29 20:29:37,915   INFO  Train:    2/40 (  5%) [ 838/9261 (  9%)]  Loss: 1.508 (1.61)  LR: 4.219e-05  Time cost: 04:02/40:34 [52:33/28:55:35]  Acc_iter 10100       Data time: 0.01(0.03)  Forward time: 0.22(0.26)  Batch time: 0.22(0.29)
2026-07-29 20:29:51,324   INFO  Train:    2/40 (  5%) [ 888/9261 ( 10%)]  Loss: 1.561 (1.61)  LR: 4.231e-05  Time cost: 04:15/40:09 [52:46/28:48:19]  Acc_iter 10150       Data time: 0.02(0.03)  Forward time: 0.26(0.26)  Batch time: 0.29(0.29)
2026-07-29 20:30:04,928   INFO  Train:    2/40 (  5%) [ 938/9261 ( 10%)]  Loss: 1.563 (1.61)  LR: 4.243e-05  Time cost: 04:29/39:48 [53:00/28:43:03]  Acc_iter 10200       Data time: 0.02(0.03)  Forward time: 0.22(0.26)  Batch time: 0.24(0.29)
2026-07-29 20:30:05,397   INFO  a1e06a0b30c0                Wed Jul 29 20:30:05 2026  580.173.02
[0] NVIDIA GeForce RTX 3070 | 62°C,   2 % |  6399 /  8192 MB | root(5808M)

2026-07-29 20:30:19,398   INFO  Train:    2/40 (  5%) [ 988/9261 ( 11%)]  Loss: 1.466 (1.61)  LR: 4.255e-05  Time cost: 04:43/39:35 [53:14/28:43:32]  Acc_iter 10250       Data time: 0.02(0.03)  Forward time: 0.24(0.26)  Batch time: 0.26(0.29)
2026-07-29 20:30:34,421   INFO  Train:    2/40 (  5%) [1038/9261 ( 11%)]  Loss: 1.449 (1.61)  LR: 4.267e-05  Time cost: 04:58/39:26 [53:29/28:47:09]  Acc_iter 10300       Data time: 0.01(0.03)  Forward time: 0.28(0.26)  Batch time: 0.29(0.29)
2026-07-29 20:30:35,843   INFO  Save latest model to /OpenPCDet/output/OpenPCDet/tools/cfgs/models/S/D/S_D_N/unfrozen_backbone_1_93/ckpt/latest_model
2026-07-29 20:30:50,028   INFO  Train:    2/40 (  5%) [1088/9261 ( 12%)]  Loss: 1.598 (1.61)  LR: 4.279e-05  Time cost: 05:14/39:20 [53:45/28:53:38]  Acc_iter 10350       Data time: 0.00(0.03)  Forward time: 0.23(0.26)  Batch time: 0.23(0.29)
2026-07-29 20:30:50,518   INFO  a1e06a0b30c0                Wed Jul 29 20:30:50 2026  580.173.02
[0] NVIDIA GeForce RTX 3070 | 62°C,   2 % |  6399 /  8192 MB | root(5808M)

2026-07-29 20:31:04,061   INFO  Train:    2/40 (  5%) [1138/9261 ( 12%)]  Loss: 1.635 (1.61)  LR: 4.291e-05  Time cost: 05:28/39:03 [53:59/28:51:14]  Acc_iter 10400       Data time: 0.02(0.03)  Forward time: 0.29(0.26)  Batch time: 0.31(0.29)
2026-07-29 20:31:17,822   INFO  Train:    2/40 (  5%) [1188/9261 ( 13%)]  Loss: 1.733 (1.61)  LR: 4.304e-05  Time cost: 05:42/38:44 [54:13/28:47:38]  Acc_iter 10450       Data time: 0.02(0.03)  Forward time: 0.26(0.26)  Batch time: 0.28(0.29)
2026-07-29 20:31:31,708   INFO  Train:    2/40 (  5%) [1238/9261 ( 13%)]  Loss: 1.204 (1.61)  LR: 4.316e-05  Time cost: 05:56/38:26 [54:27/28:44:56]  Acc_iter 10500       Data time: 0.02(0.03)  Forward time: 0.26(0.26)  Batch time: 0.28(0.29)
2026-07-29 20:31:32,148   INFO  a1e06a0b30c0                Wed Jul 29 20:31:32 2026  580.173.02
[0] NVIDIA GeForce RTX 3070 | 68°C,  51 % |  6399 /  8192 MB | root(5808M)

2026-07-29 20:31:46,918   INFO  Train:    2/40 (  5%) [1288/9261 ( 14%)]  Loss: 1.753 (1.61)  LR: 4.328e-05  Time cost: 06:11/38:17 [54:42/28:48:34]  Acc_iter 10550       Data time: 0.02(0.03)  Forward time: 0.29(0.26)  Batch time: 0.31(0.29)
2026-07-29 20:32:01,406   INFO  Train:    2/40 (  5%) [1338/9261 ( 14%)]  Loss: 1.356 (1.61)  LR: 4.341e-05  Time cost: 06:25/38:03 [54:56/28:48:41]  Acc_iter 10600       Data time: 0.04(0.03)  Forward time: 0.22(0.26)  Batch time: 0.26(0.29)
2026-07-29 20:32:14,805   INFO  Train:    2/40 (  5%) [1388/9261 ( 15%)]  Loss: 1.573 (1.61)  LR: 4.353e-05  Time cost: 06:39/37:43 [55:10/28:44:04]  Acc_iter 10650       Data time: 0.04(0.03)  Forward time: 0.22(0.26)  Batch time: 0.26(0.29)
2026-07-29 20:32:15,360   INFO  a1e06a0b30c0                Wed Jul 29 20:32:15 2026  580.173.02
[0] NVIDIA GeForce RTX 3070 | 67°C,  80 % |  6399 /  8192 MB | root(5808M)

2026-07-29 20:32:29,179   INFO  Train:    2/40 (  5%) [1438/9261 ( 16%)]  Loss: 1.172 (1.61)  LR: 4.366e-05  Time cost: 06:53/37:29 [55:24/28:43:49]  Acc_iter 10700       Data time: 0.03(0.03)  Forward time: 0.21(0.26)  Batch time: 0.24(0.29)
2026-07-29 20:32:43,118   INFO  Train:    2/40 (  5%) [1488/9261 ( 16%)]  Loss: 1.477 (1.61)  LR: 4.378e-05  Time cost: 07:07/37:12 [55:38/28:41:49]  Acc_iter 10750       Data time: 0.01(0.03)  Forward time: 0.26(0.26)  Batch time: 0.27(0.29)
2026-07-29 20:32:58,104   INFO  Train:    2/40 (  5%) [1538/9261 ( 17%)]  Loss: 1.257 (1.60)  LR: 4.391e-05  Time cost: 07:22/37:01 [55:53/28:44:01]  Acc_iter 10800       Data time: 0.03(0.03)  Forward time: 0.29(0.26)  Batch time: 0.32(0.29)
2026-07-29 20:32:58,734   INFO  a1e06a0b30c0                Wed Jul 29 20:32:58 2026  580.173.02
[0] NVIDIA GeForce RTX 3070 | 63°C,   4 % |  6399 /  8192 MB | root(5808M)

2026-07-29 20:33:12,982   INFO  Train:    2/40 (  5%) [1588/9261 ( 17%)]  Loss: 1.751 (1.60)  LR: 4.404e-05  Time cost: 07:37/36:49 [56:08/28:45:39]  Acc_iter 10850       Data time: 0.01(0.03)  Forward time: 0.30(0.26)  Batch time: 0.31(0.29)
2026-07-29 20:33:26,369   INFO  Train:    2/40 (  5%) [1638/9261 ( 18%)]  Loss: 1.605 (1.60)  LR: 4.416e-05  Time cost: 07:50/36:30 [56:21/28:41:43]  Acc_iter 10900       Data time: 0.02(0.03)  Forward time: 0.33(0.26)  Batch time: 0.35(0.29)
2026-07-29 20:33:40,150   INFO  Train:    2/40 (  5%) [1688/9261 ( 18%)]  Loss: 1.645 (1.60)  LR: 4.429e-05  Time cost: 08:04/36:13 [56:35/28:39:24]  Acc_iter 10950       Data time: 0.00(0.03)  Forward time: 0.23(0.26)  Batch time: 0.23(0.29)
2026-07-29 20:33:40,611   INFO  a1e06a0b30c0                Wed Jul 29 20:33:40 2026  580.173.02
[0] NVIDIA GeForce RTX 3070 | 64°C,  18 % |  6399 /  8192 MB | root(5808M)

2026-07-29 20:33:54,356   INFO  Train:    2/40 (  5%) [1738/9261 ( 19%)]  Loss: 1.212 (1.60)  LR: 4.442e-05  Time cost: 08:18/35:58 [56:49/28:38:40]  Acc_iter 11000       Data time: 0.02(0.03)  Forward time: 0.24(0.26)  Batch time: 0.26(0.29)
2026-07-29 20:34:09,030   INFO  Train:    2/40 (  5%) [1788/9261 ( 19%)]  Loss: 2.276 (1.60)  LR: 4.455e-05  Time cost: 08:33/35:45 [57:04/28:39:32]  Acc_iter 11050       Data time: 0.02(0.03)  Forward time: 0.32(0.26)  Batch time: 0.34(0.29)
2026-07-29 20:34:24,329   INFO  Train:    2/40 (  5%) [1838/9261 ( 20%)]  Loss: 1.507 (1.60)  LR: 4.468e-05  Time cost: 08:48/35:34 [57:19/28:42:23]  Acc_iter 11100       Data time: 0.03(0.03)  Forward time: 0.23(0.26)  Batch time: 0.26(0.29)
2026-07-29 20:34:24,791   INFO  a1e06a0b30c0                Wed Jul 29 20:34:24 2026  580.173.02
[0] NVIDIA GeForce RTX 3070 | 65°C,  66 % |  6399 /  8192 MB | root(5808M)

2026-07-29 20:34:38,312   INFO  Train:    2/40 (  5%) [1888/9261 ( 20%)]  Loss: 1.702 (1.60)  LR: 4.481e-05  Time cost: 09:02/35:18 [57:33/28:40:53]  Acc_iter 11150       Data time: 0.04(0.03)  Forward time: 0.25(0.26)  Batch time: 0.30(0.29)
2026-07-29 20:34:51,738   INFO  Train:    2/40 (  5%) [1938/9261 ( 21%)]  Loss: 1.859 (1.60)  LR: 4.494e-05  Time cost: 09:16/35:00 [57:47/28:37:44]  Acc_iter 11200       Data time: 0.02(0.03)  Forward time: 0.29(0.26)  Batch time: 0.31(0.29)
2026-07-29 20:35:05,506   INFO  Train:    2/40 (  5%) [1988/9261 ( 21%)]  Loss: 1.862 (1.60)  LR: 4.507e-05  Time cost: 09:30/34:44 [58:00/28:35:45]  Acc_iter 11250       Data time: 0.00(0.03)  Forward time: 0.22(0.26)  Batch time: 0.22(0.29)
2026-07-29 20:35:05,955   INFO  a1e06a0b30c0                Wed Jul 29 20:35:05 2026  580.173.02
[0] NVIDIA GeForce RTX 3070 | 62°C,  80 % |  6399 /  8192 MB | root(5808M)

2026-07-29 20:35:20,600   INFO  Train:    2/40 (  5%) [2038/9261 ( 22%)]  Loss: 1.392 (1.60)  LR: 4.520e-05  Time cost: 09:45/34:32 [58:16/28:37:45]  Acc_iter 11300       Data time: 0.05(0.03)  Forward time: 0.25(0.26)  Batch time: 0.30(0.29)
2026-07-29 20:35:35,614   INFO  Save latest model to /OpenPCDet/output/OpenPCDet/tools/cfgs/models/S/D/S_D_N/unfrozen_backbone_1_93/ckpt/latest_model
2026-07-29 20:35:35,883   INFO  Train:    2/40 (  5%) [2088/9261 ( 23%)]  Loss: 1.861 (1.60)  LR: 4.533e-05  Time cost: 10:00/34:21 [58:31/28:40:11]  Acc_iter 11350       Data time: 0.16(0.03)  Forward time: 0.25(0.26)  Batch time: 0.41(0.29)
2026-07-29 20:35:49,492   INFO  Train:    2/40 (  5%) [2138/9261 ( 23%)]  Loss: 1.871 (1.60)  LR: 4.547e-05  Time cost: 10:14/34:04 [58:44/28:37:49]  Acc_iter 11400       Data time: 0.02(0.03)  Forward time: 0.32(0.26)  Batch time: 0.35(0.29)
2026-07-29 20:35:49,944   INFO  a1e06a0b30c0                Wed Jul 29 20:35:49 2026  580.173.02
[0] NVIDIA GeForce RTX 3070 | 62°C,  75 % |  6399 /  8192 MB | root(5808M)

2026-07-29 20:36:03,444   INFO  Train:    2/40 (  5%) [2188/9261 ( 24%)]  Loss: 1.353 (1.60)  LR: 4.560e-05  Time cost: 10:27/33:49 [58:58/28:36:29]  Acc_iter 11450       Data time: 0.05(0.03)  Forward time: 0.26(0.26)  Batch time: 0.30(0.29)
2026-07-29 20:36:17,375   INFO  Train:    2/40 (  5%) [2238/9261 ( 24%)]  Loss: 1.433 (1.60)  LR: 4.573e-05  Time cost: 10:41/33:33 [59:12/28:35:08]  Acc_iter 11500       Data time: 0.04(0.03)  Forward time: 0.22(0.26)  Batch time: 0.26(0.29)
2026-07-29 20:36:31,687   INFO  Train:    2/40 (  5%) [2288/9261 ( 25%)]  Loss: 1.503 (1.60)  LR: 4.587e-05  Time cost: 10:56/33:19 [59:27/28:34:50]  Acc_iter 11550       Data time: 0.03(0.03)  Forward time: 0.33(0.26)  Batch time: 0.36(0.29)
2026-07-29 20:36:32,140   INFO  a1e06a0b30c0                Wed Jul 29 20:36:32 2026  580.173.02
[0] NVIDIA GeForce RTX 3070 | 68°C,  67 % |  6399 /  8192 MB | root(5808M)

2026-07-29 20:36:47,855   INFO  Train:    2/40 (  5%) [2338/9261 ( 25%)]  Loss: 1.530 (1.60)  LR: 4.600e-05  Time cost: 11:12/33:10 [59:43/28:39:17]  Acc_iter 11600       Data time: 0.02(0.03)  Forward time: 0.32(0.26)  Batch time: 0.34(0.29)
2026-07-29 20:37:01,570   INFO  Train:    2/40 (  5%) [2388/9261 ( 26%)]  Loss: 1.282 (1.60)  LR: 4.614e-05  Time cost: 11:26/32:53 [59:57/28:37:24]  Acc_iter 11650       Data time: 0.00(0.03)  Forward time: 0.23(0.26)  Batch time: 0.23(0.29)
2026-07-29 20:37:15,035   INFO  Train:    2/40 (  5%) [2438/9261 ( 26%)]  Loss: 1.523 (1.60)  LR: 4.627e-05  Time cost: 11:39/32:37 [1:00:10/28:34:58]  Acc_iter 11700       Data time: 0.02(0.03)  Forward time: 0.27(0.26)  Batch time: 0.28(0.29)
2026-07-29 20:37:15,470   INFO  a1e06a0b30c0                Wed Jul 29 20:37:15 2026  580.173.02
[0] NVIDIA GeForce RTX 3070 | 62°C,   2 % |  6399 /  8192 MB | root(5808M)

2026-07-29 20:37:29,058   INFO  Train:    2/40 (  5%) [2488/9261 ( 27%)]  Loss: 1.641 (1.60)  LR: 4.641e-05  Time cost: 11:53/32:21 [1:00:24/28:33:58]  Acc_iter 11750       Data time: 0.01(0.03)  Forward time: 0.22(0.26)  Batch time: 0.24(0.29)
2026-07-29 20:37:43,113   INFO  Train:    2/40 (  5%) [2538/9261 ( 27%)]  Loss: 1.295 (1.60)  LR: 4.655e-05  Time cost: 12:07/32:06 [1:00:38/28:33:04]  Acc_iter 11800       Data time: 0.03(0.03)  Forward time: 0.30(0.26)  Batch time: 0.33(0.29)
2026-07-29 20:37:58,772   INFO  Train:    2/40 (  5%) [2588/9261 ( 28%)]  Loss: 1.398 (1.60)  LR: 4.668e-05  Time cost: 12:23/31:55 [1:00:54/28:35:54]  Acc_iter 11850       Data time: 0.02(0.03)  Forward time: 0.31(0.26)  Batch time: 0.33(0.29)
2026-07-29 20:37:59,369   INFO  a1e06a0b30c0                Wed Jul 29 20:37:59 2026  580.173.02
[0] NVIDIA GeForce RTX 3070 | 67°C,  25 % |  6399 /  8192 MB | root(5808M)

2026-07-29 20:38:13,351   INFO  Train:    2/40 (  5%) [2638/9261 ( 28%)]  Loss: 1.206 (1.60)  LR: 4.682e-05  Time cost: 12:37/31:42 [1:01:08/28:36:10]  Acc_iter 11900       Data time: 0.02(0.03)  Forward time: 0.24(0.26)  Batch time: 0.25(0.29)
2026-07-29 20:38:27,006   INFO  Train:    2/40 (  5%) [2688/9261 ( 29%)]  Loss: 2.112 (1.59)  LR: 4.696e-05  Time cost: 12:51/31:25 [1:01:22/28:34:21]  Acc_iter 11950       Data time: 0.01(0.03)  Forward time: 0.27(0.26)  Batch time: 0.28(0.29)
2026-07-29 20:38:40,717   INFO  Train:    2/40 (  5%) [2738/9261 ( 30%)]  Loss: 1.439 (1.59)  LR: 4.710e-05  Time cost: 13:05/31:10 [1:01:36/28:32:44]  Acc_iter 12000       Data time: 0.03(0.03)  Forward time: 0.31(0.26)  Batch time: 0.34(0.29)
2026-07-29 20:38:41,245   INFO  a1e06a0b30c0                Wed Jul 29 20:38:41 2026  580.173.02
[0] NVIDIA GeForce RTX 3070 | 68°C,  66 % |  6399 /  8192 MB | root(5808M)

2026-07-29 20:38:55,114   INFO  Train:    2/40 (  5%) [2788/9261 ( 30%)]  Loss: 1.485 (1.59)  LR: 4.724e-05  Time cost: 13:19/30:55 [1:01:50/28:32:38]  Acc_iter 12050       Data time: 0.01(0.03)  Forward time: 0.24(0.26)  Batch time: 0.25(0.29)
2026-07-29 20:39:11,066   INFO  Train:    2/40 (  5%) [2838/9261 ( 31%)]  Loss: 1.635 (1.59)  LR: 4.738e-05  Time cost: 13:35/30:45 [1:02:06/28:35:47]  Acc_iter 12100       Data time: 0.02(0.03)  Forward time: 0.28(0.26)  Batch time: 0.30(0.29)
2026-07-29 20:39:25,139   INFO  Train:    2/40 (  5%) [2888/9261 ( 31%)]  Loss: 1.859 (1.59)  LR: 4.752e-05  Time cost: 13:49/30:30 [1:02:20/28:34:57]  Acc_iter 12150       Data time: 0.05(0.03)  Forward time: 0.22(0.26)  Batch time: 0.27(0.29)
2026-07-29 20:39:25,598   INFO  a1e06a0b30c0                Wed Jul 29 20:39:25 2026  580.173.02
[0] NVIDIA GeForce RTX 3070 | 63°C,   3 % |  6399 /  8192 MB | root(5808M)

2026-07-29 20:39:39,303   INFO  Train:    2/40 (  5%) [2938/9261 ( 32%)]  Loss: 1.511 (1.59)  LR: 4.766e-05  Time cost: 14:03/30:15 [1:02:34/28:34:18]  Acc_iter 12200       Data time: 0.05(0.03)  Forward time: 0.24(0.26)  Batch time: 0.28(0.29)
2026-07-29 20:39:53,044   INFO  Train:    2/40 (  5%) [2988/9261 ( 32%)]  Loss: 1.263 (1.59)  LR: 4.780e-05  Time cost: 14:17/29:59 [1:02:48/28:32:50]  Acc_iter 12250       Data time: 0.00(0.03)  Forward time: 0.23(0.26)  Batch time: 0.23(0.29)
2026-07-29 20:40:06,990   INFO  Train:    2/40 (  5%) [3038/9261 ( 33%)]  Loss: 1.892 (1.59)  LR: 4.795e-05  Time cost: 14:31/29:44 [1:03:02/28:31:49]  Acc_iter 12300       Data time: 0.04(0.03)  Forward time: 0.22(0.26)  Batch time: 0.26(0.29)
2026-07-29 20:40:07,495   INFO  a1e06a0b30c0                Wed Jul 29 20:40:07 2026  580.173.02
[0] NVIDIA GeForce RTX 3070 | 62°C,   3 % |  6399 /  8192 MB | root(5808M)

2026-07-29 20:40:22,705   INFO  Train:    2/40 (  5%) [3088/9261 ( 33%)]  Loss: 1.123 (1.59)  LR: 4.809e-05  Time cost: 14:47/29:33 [1:03:18/28:34:14]  Acc_iter 12350       Data time: 0.04(0.03)  Forward time: 0.23(0.26)  Batch time: 0.27(0.29)
2026-07-29 20:40:35,741   INFO  Save latest model to /OpenPCDet/output/OpenPCDet/tools/cfgs/models/S/D/S_D_N/unfrozen_backbone_1_93/ckpt/latest_model
2026-07-29 20:40:37,413   INFO  Train:    2/40 (  5%) [3138/9261 ( 34%)]  Loss: 1.885 (1.59)  LR: 4.823e-05  Time cost: 15:01/29:19 [1:03:32/28:34:39]  Acc_iter 12400       Data time: 0.02(0.03)  Forward time: 0.28(0.26)  Batch time: 0.30(0.29)
2026-07-29 20:40:50,956   INFO  Train:    2/40 (  5%) [3188/9261 ( 34%)]  Loss: 1.476 (1.59)  LR: 4.838e-05  Time cost: 15:15/29:03 [1:03:46/28:32:52]  Acc_iter 12450       Data time: 0.00(0.03)  Forward time: 0.23(0.26)  Batch time: 0.23(0.29)
2026-07-29 20:40:51,421   INFO  a1e06a0b30c0                Wed Jul 29 20:40:51 2026  580.173.02
[0] NVIDIA GeForce RTX 3070 | 68°C,  42 % |  6399 /  8192 MB | root(5808M)

2026-07-29 20:41:05,307   INFO  Train:    2/40 (  5%) [3238/9261 ( 35%)]  Loss: 1.536 (1.59)  LR: 4.852e-05  Time cost: 15:29/28:49 [1:04:00/28:32:38]  Acc_iter 12500       Data time: 0.02(0.03)  Forward time: 0.30(0.26)  Batch time: 0.32(0.29)
2026-07-29 20:41:19,382   INFO  Train:    2/40 (  5%) [3288/9261 ( 36%)]  Loss: 1.589 (1.59)  LR: 4.867e-05  Time cost: 15:43/28:34 [1:04:14/28:31:53]  Acc_iter 12550       Data time: 0.01(0.03)  Forward time: 0.22(0.26)  Batch time: 0.23(0.29)
2026-07-29 20:41:34,433   INFO  Train:    2/40 (  5%) [3338/9261 ( 36%)]  Loss: 1.642 (1.59)  LR: 4.881e-05  Time cost: 15:58/28:21 [1:04:29/28:32:54]  Acc_iter 12600       Data time: 0.02(0.03)  Forward time: 0.31(0.26)  Batch time: 0.33(0.29)
2026-07-29 20:41:34,990   INFO  a1e06a0b30c0                Wed Jul 29 20:41:34 2026  580.173.02
[0] NVIDIA GeForce RTX 3070 | 61°C,  57 % |  6399 /  8192 MB | root(5808M)

2026-07-29 20:41:49,799   INFO  Train:    2/40 (  5%) [3388/9261 ( 37%)]  Loss: 1.365 (1.59)  LR: 4.896e-05  Time cost: 16:14/28:08 [1:04:45/28:34:26]  Acc_iter 12650       Data time: 0.02(0.03)  Forward time: 0.29(0.26)  Batch time: 0.30(0.29)
2026-07-29 20:42:03,415   INFO  Train:    2/40 (  5%) [3438/9261 ( 37%)]  Loss: 1.263 (1.59)  LR: 4.910e-05  Time cost: 16:27/27:52 [1:04:58/28:32:52]  Acc_iter 12700       Data time: 0.02(0.03)  Forward time: 0.26(0.26)  Batch time: 0.28(0.29)
2026-07-29 20:42:17,114   INFO  Train:    2/40 (  5%) [3488/9261 ( 38%)]  Loss: 1.886 (1.59)  LR: 4.925e-05  Time cost: 16:41/27:37 [1:05:12/28:31:30]  Acc_iter 12750       Data time: 0.03(0.03)  Forward time: 0.23(0.26)  Batch time: 0.27(0.29)
2026-07-29 20:42:17,570   INFO  a1e06a0b30c0                Wed Jul 29 20:42:17 2026  580.173.02
[0] NVIDIA GeForce RTX 3070 | 63°C,   4 % |  6399 /  8192 MB | root(5808M)

2026-07-29 20:42:31,468   INFO  Train:    2/40 (  5%) [3538/9261 ( 38%)]  Loss: 1.673 (1.59)  LR: 4.940e-05  Time cost: 16:56/27:23 [1:05:26/28:31:15]  Acc_iter 12800       Data time: 0.02(0.03)  Forward time: 0.27(0.26)  Batch time: 0.29(0.29)
2026-07-29 20:42:46,155   INFO  Train:    2/40 (  5%) [3588/9261 ( 39%)]  Loss: 1.173 (1.59)  LR: 4.955e-05  Time cost: 17:10/27:09 [1:05:41/28:31:34]  Acc_iter 12850       Data time: 0.02(0.03)  Forward time: 0.29(0.26)  Batch time: 0.31(0.29)
2026-07-29 20:43:01,553   INFO  Train:    2/40 (  5%) [3638/9261 ( 39%)]  Loss: 1.517 (1.59)  LR: 4.970e-05  Time cost: 17:26/26:56 [1:05:56/28:33:02]  Acc_iter 12900       Data time: 0.05(0.03)  Forward time: 0.25(0.26)  Batch time: 0.30(0.29)
2026-07-29 20:43:02,035   INFO  a1e06a0b30c0                Wed Jul 29 20:43:02 2026  580.173.02
[0] NVIDIA GeForce RTX 3070 | 62°C, 100 % |  6403 /  8192 MB | root(5808M)

2026-07-29 20:43:15,569   INFO  Train:    2/40 (  5%) [3688/9261 ( 40%)]  Loss: 1.443 (1.59)  LR: 4.984e-05  Time cost: 17:40/26:41 [1:06:11/28:32:13]  Acc_iter 12950       Data time: 0.02(0.03)  Forward time: 0.21(0.26)  Batch time: 0.24(0.29)
2026-07-29 20:43:29,017   INFO  Train:    2/40 (  5%) [3738/9261 ( 40%)]  Loss: 1.540 (1.59)  LR: 4.999e-05  Time cost: 17:53/26:25 [1:06:24/28:30:30]  Acc_iter 13000       Data time: 0.00(0.03)  Forward time: 0.22(0.26)  Batch time: 0.22(0.29)
2026-07-29 20:43:42,766   INFO  Train:    2/40 (  5%) [3788/9261 ( 41%)]  Loss: 1.575 (1.59)  LR: 5.014e-05  Time cost: 18:07/26:10 [1:06:38/28:29:19]  Acc_iter 13050       Data time: 0.02(0.03)  Forward time: 0.29(0.26)  Batch time: 0.32(0.29)
2026-07-29 20:43:43,232   INFO  a1e06a0b30c0                Wed Jul 29 20:43:43 2026  580.173.02
[0] NVIDIA GeForce RTX 3070 | 68°C,  86 % |  6399 /  8192 MB | root(5808M)

2026-07-29 20:43:57,715   INFO  Train:    2/40 (  5%) [3838/9261 ( 41%)]  Loss: 1.745 (1.59)  LR: 5.030e-05  Time cost: 18:22/25:57 [1:06:53/28:30:00]  Acc_iter 13100       Data time: 0.02(0.03)  Forward time: 0.31(0.26)  Batch time: 0.34(0.29)
2026-07-29 20:44:12,983   INFO  Train:    2/40 (  5%) [3888/9261 ( 42%)]  Loss: 1.742 (1.59)  LR: 5.045e-05  Time cost: 18:37/25:43 [1:07:08/28:31:10]  Acc_iter 13150       Data time: 0.02(0.03)  Forward time: 0.30(0.26)  Batch time: 0.32(0.29)
2026-07-29 20:44:26,702   INFO  Train:    2/40 (  5%) [3938/9261 ( 43%)]  Loss: 2.127 (1.59)  LR: 5.060e-05  Time cost: 18:51/25:28 [1:07:22/28:29:56]  Acc_iter 13200       Data time: 0.02(0.03)  Forward time: 0.26(0.26)  Batch time: 0.29(0.29)
2026-07-29 20:44:27,154   INFO  a1e06a0b30c0                Wed Jul 29 20:44:27 2026  580.173.02
[0] NVIDIA GeForce RTX 3070 | 67°C,  83 % |  6399 /  8192 MB | root(5808M)

2026-07-29 20:44:40,768   INFO  Train:    2/40 (  5%) [3988/9261 ( 43%)]  Loss: 1.651 (1.59)  LR: 5.075e-05  Time cost: 19:05/25:13 [1:07:36/28:29:16]  Acc_iter 13250       Data time: 0.02(0.03)  Forward time: 0.30(0.26)  Batch time: 0.33(0.29)
2026-07-29 20:44:54,722   INFO  Train:    2/40 (  5%) [4038/9261 ( 44%)]  Loss: 1.409 (1.59)  LR: 5.090e-05  Time cost: 19:19/24:59 [1:07:50/28:28:26]  Acc_iter 13300       Data time: 0.05(0.03)  Forward time: 0.22(0.26)  Batch time: 0.27(0.29)
2026-07-29 20:45:08,988   INFO  Train:    2/40 (  5%) [4088/9261 ( 44%)]  Loss: 1.568 (1.59)  LR: 5.106e-05  Time cost: 19:33/24:44 [1:08:04/28:28:04]  Acc_iter 13350       Data time: 0.04(0.03)  Forward time: 0.22(0.26)  Batch time: 0.25(0.29)
2026-07-29 20:45:09,556   INFO  a1e06a0b30c0                Wed Jul 29 20:45:09 2026  580.173.02
[0] NVIDIA GeForce RTX 3070 | 62°C,   3 % |  6399 /  8192 MB | root(5808M)

2026-07-29 20:45:24,826   INFO  Train:    2/40 (  5%) [4138/9261 ( 45%)]  Loss: 2.005 (1.59)  LR: 5.121e-05  Time cost: 19:49/24:32 [1:08:20/28:29:58]  Acc_iter 13400       Data time: 0.01(0.03)  Forward time: 0.34(0.26)  Batch time: 0.36(0.29)
2026-07-29 20:45:35,676   INFO  Save latest model to /OpenPCDet/output/OpenPCDet/tools/cfgs/models/S/D/S_D_N/unfrozen_backbone_1_93/ckpt/latest_model
2026-07-29 20:45:38,663   INFO  Train:    2/40 (  5%) [4188/9261 ( 45%)]  Loss: 1.866 (1.59)  LR: 5.136e-05  Time cost: 20:03/24:17 [1:08:34/28:28:58]  Acc_iter 13450       Data time: 0.02(0.03)  Forward time: 0.29(0.26)  Batch time: 0.31(0.29)
2026-07-29 20:45:52,398   INFO  Train:    2/40 (  5%) [4238/9261 ( 46%)]  Loss: 1.246 (1.59)  LR: 5.152e-05  Time cost: 20:16/24:02 [1:08:47/28:27:51]  Acc_iter 13500       Data time: 0.03(0.03)  Forward time: 0.23(0.26)  Batch time: 0.26(0.29)
2026-07-29 20:45:52,851   INFO  a1e06a0b30c0                Wed Jul 29 20:45:52 2026  580.173.02
[0] NVIDIA GeForce RTX 3070 | 65°C,  68 % |  6399 /  8192 MB | root(5808M)

2026-07-29 20:46:06,648   INFO  Train:    2/40 (  5%) [4288/9261 ( 46%)]  Loss: 1.749 (1.58)  LR: 5.167e-05  Time cost: 20:31/23:47 [1:09:02/28:27:28]  Acc_iter 13550       Data time: 0.04(0.03)  Forward time: 0.23(0.26)  Batch time: 0.27(0.29)
2026-07-29 20:46:21,164   INFO  Train:    2/40 (  5%) [4338/9261 ( 47%)]  Loss: 1.785 (1.58)  LR: 5.183e-05  Time cost: 20:45/23:33 [1:09:16/28:27:27]  Acc_iter 13600       Data time: 0.03(0.03)  Forward time: 0.28(0.26)  Batch time: 0.31(0.29)
2026-07-29 20:46:36,404   INFO  Train:    2/40 (  5%) [4388/9261 ( 47%)]  Loss: 1.763 (1.58)  LR: 5.199e-05  Time cost: 21:00/23:20 [1:09:31/28:28:25]  Acc_iter 13650       Data time: 0.01(0.03)  Forward time: 0.27(0.26)  Batch time: 0.29(0.29)
2026-07-29 20:46:36,896   INFO  a1e06a0b30c0                Wed Jul 29 20:46:36 2026  580.173.02
[0] NVIDIA GeForce RTX 3070 | 66°C,  75 % |  6403 /  8192 MB | root(5808M)

2026-07-29 20:46:50,711   INFO  Train:    2/40 (  5%) [4438/9261 ( 48%)]  Loss: 1.806 (1.58)  LR: 5.214e-05  Time cost: 21:15/23:05 [1:09:46/28:28:06]  Acc_iter 13700       Data time: 0.02(0.03)  Forward time: 0.22(0.26)  Batch time: 0.24(0.29)
2026-07-29 20:47:04,530   INFO  Train:    2/40 (  5%) [4488/9261 ( 48%)]  Loss: 1.614 (1.58)  LR: 5.230e-05  Time cost: 21:29/22:50 [1:09:59/28:27:08]  Acc_iter 13750       Data time: 0.00(0.03)  Forward time: 0.24(0.26)  Batch time: 0.24(0.29)
2026-07-29 20:47:18,423   INFO  Train:    2/40 (  5%) [4538/9261 ( 49%)]  Loss: 1.481 (1.58)  LR: 5.246e-05  Time cost: 21:42/22:35 [1:10:13/28:26:17]  Acc_iter 13800       Data time: 0.00(0.03)  Forward time: 0.22(0.26)  Batch time: 0.23(0.29)
2026-07-29 20:47:18,902   INFO  a1e06a0b30c0                Wed Jul 29 20:47:18 2026  580.173.02
[0] NVIDIA GeForce RTX 3070 | 68°C,  81 % |  6399 /  8192 MB | root(5808M)

2026-07-29 20:47:33,301   INFO  Train:    2/40 (  5%) [4588/9261 ( 50%)]  Loss: 1.617 (1.58)  LR: 5.262e-05  Time cost: 21:57/22:21 [1:10:28/28:26:44]  Acc_iter 13850       Data time: 0.02(0.03)  Forward time: 0.31(0.26)  Batch time: 0.34(0.29)
2026-07-29 20:47:48,739   INFO  Train:    2/40 (  5%) [4638/9261 ( 50%)]  Loss: 1.176 (1.58)  LR: 5.278e-05  Time cost: 22:13/22:08 [1:10:44/28:27:52]  Acc_iter 13900       Data time: 0.02(0.03)  Forward time: 0.31(0.26)  Batch time: 0.33(0.29)
2026-07-29 20:48:02,572   INFO  Train:    2/40 (  5%) [4688/9261 ( 51%)]  Loss: 1.078 (1.58)  LR: 5.293e-05  Time cost: 22:27/21:53 [1:10:58/28:26:57]  Acc_iter 13950       Data time: 0.00(0.03)  Forward time: 0.24(0.26)  Batch time: 0.24(0.29)
2026-07-29 20:48:03,067   INFO  a1e06a0b30c0                Wed Jul 29 20:48:03 2026  580.173.02
[0] NVIDIA GeForce RTX 3070 | 62°C,  76 % |  6399 /  8192 MB | root(5808M)

2026-07-29 20:48:16,943   INFO  Train:    2/40 (  5%) [4738/9261 ( 51%)]  Loss: 1.491 (1.58)  LR: 5.309e-05  Time cost: 22:41/21:39 [1:11:12/28:26:43]  Acc_iter 14000       Data time: 0.02(0.03)  Forward time: 0.22(0.26)  Batch time: 0.24(0.29)
2026-07-29 20:48:30,743   INFO  Train:    2/40 (  5%) [4788/9261 ( 52%)]  Loss: 1.914 (1.58)  LR: 5.326e-05  Time cost: 22:55/21:24 [1:11:26/28:25:47]  Acc_iter 14050       Data time: 0.03(0.03)  Forward time: 0.25(0.26)  Batch time: 0.29(0.29)
2026-07-29 20:48:44,855   INFO  Train:    2/40 (  5%) [4838/9261 ( 52%)]  Loss: 1.611 (1.58)  LR: 5.342e-05  Time cost: 23:09/21:09 [1:11:40/28:25:14]  Acc_iter 14100       Data time: 0.02(0.03)  Forward time: 0.30(0.26)  Batch time: 0.32(0.29)
2026-07-29 20:48:45,390   INFO  a1e06a0b30c0                Wed Jul 29 20:48:45 2026  580.173.02
[0] NVIDIA GeForce RTX 3070 | 65°C,  69 % |  6399 /  8192 MB | root(5808M)

2026-07-29 20:49:01,019   INFO  Train:    2/40 (  5%) [4888/9261 ( 53%)]  Loss: 1.831 (1.58)  LR: 5.358e-05  Time cost: 23:25/20:57 [1:11:56/28:27:12]  Acc_iter 14150       Data time: 0.02(0.03)  Forward time: 0.28(0.26)  Batch time: 0.30(0.29)
2026-07-29 20:49:14,963   INFO  Train:    2/40 (  5%) [4938/9261 ( 53%)]  Loss: 1.695 (1.58)  LR: 5.374e-05  Time cost: 23:39/20:42 [1:12:10/28:26:26]  Acc_iter 14200       Data time: 0.02(0.03)  Forward time: 0.28(0.26)  Batch time: 0.30(0.29)
2026-07-29 20:49:28,923   INFO  Train:    2/40 (  5%) [4988/9261 ( 54%)]  Loss: 1.898 (1.58)  LR: 5.390e-05  Time cost: 23:53/20:27 [1:12:24/28:25:43]  Acc_iter 14250       Data time: 0.04(0.03)  Forward time: 0.23(0.26)  Batch time: 0.27(0.29)
2026-07-29 20:49:29,366   INFO  a1e06a0b30c0                Wed Jul 29 20:49:29 2026  580.173.02
[0] NVIDIA GeForce RTX 3070 | 67°C,  75 % |  6401 /  8192 MB | root(5808M)

2026-07-29 20:49:43,188   INFO  Train:    2/40 (  5%) [5038/9261 ( 54%)]  Loss: 1.695 (1.58)  LR: 5.406e-05  Time cost: 24:07/20:13 [1:12:38/28:25:21]  Acc_iter 14300       Data time: 0.01(0.03)  Forward time: 0.27(0.26)  Batch time: 0.29(0.29)
2026-07-29 20:49:57,029   INFO  Train:    2/40 (  5%) [5088/9261 ( 55%)]  Loss: 1.281 (1.58)  LR: 5.423e-05  Time cost: 24:21/19:58 [1:12:52/28:24:30]  Acc_iter 14350       Data time: 0.01(0.03)  Forward time: 0.31(0.26)  Batch time: 0.31(0.29)
2026-07-29 20:50:12,641   INFO  Train:    2/40 (  5%) [5138/9261 ( 55%)]  Loss: 1.610 (1.58)  LR: 5.439e-05  Time cost: 24:37/19:45 [1:13:08/28:25:42]  Acc_iter 14400       Data time: 0.04(0.03)  Forward time: 0.23(0.26)  Batch time: 0.27(0.29)
2026-07-29 20:50:13,151   INFO  a1e06a0b30c0                Wed Jul 29 20:50:13 2026  580.173.02
[0] NVIDIA GeForce RTX 3070 | 63°C,  70 % |  6405 /  8192 MB | root(5808M)

2026-07-29 20:50:26,822   INFO  Train:    2/40 (  5%) [5188/9261 ( 56%)]  Loss: 1.521 (1.58)  LR: 5.456e-05  Time cost: 24:51/19:30 [1:13:22/28:25:15]  Acc_iter 14450       Data time: 0.01(0.03)  Forward time: 0.29(0.26)  Batch time: 0.29(0.29)
2026-07-29 20:50:35,617   INFO  Save latest model to /OpenPCDet/output/OpenPCDet/tools/cfgs/models/S/D/S_D_N/unfrozen_backbone_1_93/ckpt/latest_model
2026-07-29 20:50:40,447   INFO  Train:    2/40 (  5%) [5238/9261 ( 57%)]  Loss: 1.891 (1.58)  LR: 5.472e-05  Time cost: 25:04/19:15 [1:13:35/28:24:10]  Acc_iter 14500       Data time: 0.04(0.03)  Forward time: 0.23(0.26)  Batch time: 0.27(0.29)
2026-07-29 20:50:54,390   INFO  Train:    2/40 (  5%) [5288/9261 ( 57%)]  Loss: 1.812 (1.58)  LR: 5.489e-05  Time cost: 25:18/19:00 [1:13:49/28:23:27]  Acc_iter 14550       Data time: 0.00(0.03)  Forward time: 0.22(0.26)  Batch time: 0.23(0.29)
2026-07-29 20:50:54,864   INFO  a1e06a0b30c0                Wed Jul 29 20:50:54 2026  580.173.02
[0] NVIDIA GeForce RTX 3070 | 66°C,  72 % |  6405 /  8192 MB | root(5808M)

2026-07-29 20:51:09,016   INFO  Train:    2/40 (  5%) [5338/9261 ( 58%)]  Loss: 1.618 (1.58)  LR: 5.505e-05  Time cost: 25:33/18:46 [1:14:04/28:23:31]  Acc_iter 14600       Data time: 0.02(0.03)  Forward time: 0.33(0.26)  Batch time: 0.35(0.29)
2026-07-29 20:51:24,854   INFO  Train:    2/40 (  5%) [5388/9261 ( 58%)]  Loss: 1.566 (1.58)  LR: 5.522e-05  Time cost: 25:49/18:33 [1:14:20/28:24:54]  Acc_iter 14650       Data time: 0.02(0.03)  Forward time: 0.29(0.26)  Batch time: 0.31(0.29)
2026-07-29 20:51:38,750   INFO  Train:    2/40 (  5%) [5438/9261 ( 59%)]  Loss: 1.612 (1.57)  LR: 5.539e-05  Time cost: 26:03/18:18 [1:14:34/28:24:08]  Acc_iter 14700       Data time: 0.02(0.03)  Forward time: 0.29(0.26)  Batch time: 0.31(0.29)
2026-07-29 20:51:39,186   INFO  a1e06a0b30c0                Wed Jul 29 20:51:39 2026  580.173.02
[0] NVIDIA GeForce RTX 3070 | 65°C,  61 % |  6399 /  8192 MB | root(5808M)

2026-07-29 20:51:53,035   INFO  Train:    2/40 (  5%) [5488/9261 ( 59%)]  Loss: 1.479 (1.57)  LR: 5.555e-05  Time cost: 26:17/18:04 [1:14:48/28:23:48]  Acc_iter 14750       Data time: 0.04(0.03)  Forward time: 0.24(0.26)  Batch time: 0.28(0.29)
2026-07-29 20:52:07,017   INFO  Train:    2/40 (  5%) [5538/9261 ( 60%)]  Loss: 1.507 (1.57)  LR: 5.572e-05  Time cost: 26:31/17:49 [1:15:02/28:23:09]  Acc_iter 14800       Data time: 0.04(0.03)  Forward time: 0.23(0.26)  Batch time: 0.27(0.29)
2026-07-29 20:52:21,701   INFO  Train:    2/40 (  5%) [5588/9261 ( 60%)]  Loss: 1.471 (1.57)  LR: 5.589e-05  Time cost: 26:46/17:35 [1:15:17/28:23:15]  Acc_iter 14850       Data time: 0.05(0.03)  Forward time: 0.25(0.26)  Batch time: 0.30(0.29)
2026-07-29 20:52:22,389   INFO  a1e06a0b30c0                Wed Jul 29 20:52:22 2026  580.173.02
[0] NVIDIA GeForce RTX 3070 | 64°C,  63 % |  6599 /  8192 MB | root(5808M)

2026-07-29 20:52:39,659   INFO  Train:    2/40 (  5%) [5638/9261 ( 61%)]  Loss: 1.725 (1.57)  LR: 5.606e-05  Time cost: 27:04/17:23 [1:15:35/28:26:46]  Acc_iter 14900       Data time: 0.04(0.03)  Forward time: 0.33(0.26)  Batch time: 0.36(0.29)
2026-07-29 20:52:55,376   INFO  Train:    2/40 (  5%) [5688/9261 ( 61%)]  Loss: 1.195 (1.57)  LR: 5.623e-05  Time cost: 27:19/17:09 [1:15:50/28:27:54]  Acc_iter 14950       Data time: 0.00(0.03)  Forward time: 0.23(0.26)  Batch time: 0.23(0.29)
2026-07-29 20:53:09,145   INFO  Train:    2/40 (  5%) [5738/9261 ( 62%)]  Loss: 1.815 (1.57)  LR: 5.640e-05  Time cost: 27:33/16:55 [1:16:04/28:27:00]  Acc_iter 15000       Data time: 0.02(0.03)  Forward time: 0.31(0.26)  Batch time: 0.34(0.29)
2026-07-29 20:53:09,694   INFO  a1e06a0b30c0                Wed Jul 29 20:53:09 2026  580.173.02
[0] NVIDIA GeForce RTX 3070 | 62°C,   3 % |  6595 /  8192 MB | root(5808M)

2026-07-29 20:53:23,712   INFO  Train:    2/40 (  5%) [5788/9261 ( 62%)]  Loss: 1.494 (1.57)  LR: 5.657e-05  Time cost: 27:48/16:40 [1:16:19/28:26:55]  Acc_iter 15050       Data time: 0.05(0.03)  Forward time: 0.24(0.26)  Batch time: 0.29(0.29)
2026-07-29 20:53:38,088   INFO  Train:    2/40 (  5%) [5838/9261 ( 63%)]  Loss: 1.296 (1.57)  LR: 5.674e-05  Time cost: 28:02/16:26 [1:16:33/28:26:39]  Acc_iter 15100       Data time: 0.02(0.03)  Forward time: 0.34(0.26)  Batch time: 0.36(0.29)
2026-07-29 20:53:53,497   INFO  Train:    2/40 (  5%) [5888/9261 ( 64%)]  Loss: 1.726 (1.57)  LR: 5.691e-05  Time cost: 28:18/16:12 [1:16:48/28:27:25]  Acc_iter 15150       Data time: 0.02(0.03)  Forward time: 0.29(0.26)  Batch time: 0.31(0.29)
2026-07-29 20:53:54,082   INFO  a1e06a0b30c0                Wed Jul 29 20:53:54 2026  580.173.02
[0] NVIDIA GeForce RTX 3070 | 61°C,  57 % |  6351 /  8192 MB | root(5808M)

2026-07-29 20:54:08,674   INFO  Train:    2/40 (  5%) [5938/9261 ( 64%)]  Loss: 1.704 (1.57)  LR: 5.708e-05  Time cost: 28:33/15:58 [1:17:04/28:27:56]  Acc_iter 15200       Data time: 0.00(0.03)  Forward time: 0.22(0.26)  Batch time: 0.22(0.29)
2026-07-29 20:54:21,921   INFO  Train:    2/40 (  5%) [5988/9261 ( 65%)]  Loss: 1.459 (1.57)  LR: 5.725e-05  Time cost: 28:46/15:43 [1:17:17/28:26:32]  Acc_iter 15250       Data time: 0.02(0.03)  Forward time: 0.22(0.26)  Batch time: 0.24(0.29)
2026-07-29 20:54:35,341   INFO  Train:    2/40 (  5%) [6038/9261 ( 65%)]  Loss: 1.815 (1.57)  LR: 5.743e-05  Time cost: 28:59/15:28 [1:17:30/28:25:19]  Acc_iter 15300       Data time: 0.04(0.03)  Forward time: 0.26(0.26)  Batch time: 0.30(0.29)
2026-07-29 20:54:35,790   INFO  a1e06a0b30c0                Wed Jul 29 20:54:35 2026  580.173.02
[0] NVIDIA GeForce RTX 3070 | 66°C, 100 % |  6349 /  8192 MB | root(5808M)

2026-07-29 20:54:49,723   INFO  Train:    2/40 (  5%) [6088/9261 ( 66%)]  Loss: 1.425 (1.57)  LR: 5.760e-05  Time cost: 29:14/15:14 [1:17:45/28:25:03]  Acc_iter 15350       Data time: 0.04(0.03)  Forward time: 0.24(0.26)  Batch time: 0.28(0.29)
2026-07-29 20:55:05,144   INFO  Train:    2/40 (  5%) [6138/9261 ( 66%)]  Loss: 1.368 (1.57)  LR: 5.777e-05  Time cost: 29:29/15:00 [1:18:00/28:25:47]  Acc_iter 15400       Data time: 0.02(0.03)  Forward time: 0.30(0.26)  Batch time: 0.32(0.29)
2026-07-29 20:55:20,004   INFO  Train:    2/40 (  5%) [6188/9261 ( 67%)]  Loss: 1.393 (1.57)  LR: 5.795e-05  Time cost: 29:44/14:46 [1:18:15/28:25:59]  Acc_iter 15450       Data time: 0.02(0.03)  Forward time: 0.27(0.26)  Batch time: 0.29(0.29)
2026-07-29 20:55:20,466   INFO  a1e06a0b30c0                Wed Jul 29 20:55:20 2026  580.173.02
[0] NVIDIA GeForce RTX 3070 | 66°C,  63 % |  6351 /  8192 MB | root(5808M)

2026-07-29 20:55:33,847   INFO  Train:    2/40 (  5%) [6238/9261 ( 67%)]  Loss: 1.504 (1.57)  LR: 5.812e-05  Time cost: 29:58/14:31 [1:18:29/28:25:12]  Acc_iter 15500       Data time: 0.05(0.03)  Forward time: 0.24(0.26)  Batch time: 0.29(0.29)
2026-07-29 20:55:35,802   INFO  Save latest model to /OpenPCDet/output/OpenPCDet/tools/cfgs/models/S/D/S_D_N/unfrozen_backbone_1_93/ckpt/latest_model
2026-07-29 20:55:47,503   INFO  Train:    2/40 (  5%) [6288/9261 ( 68%)]  Loss: 1.150 (1.57)  LR: 5.830e-05  Time cost: 30:12/14:16 [1:18:42/28:24:14]  Acc_iter 15550       Data time: 0.02(0.03)  Forward time: 0.30(0.26)  Batch time: 0.33(0.29)
2026-07-29 20:56:01,627   INFO  Train:    2/40 (  5%) [6338/9261 ( 68%)]  Loss: 1.638 (1.57)  LR: 5.847e-05  Time cost: 30:26/14:02 [1:18:57/28:23:44]  Acc_iter 15600       Data time: 0.02(0.03)  Forward time: 0.23(0.26)  Batch time: 0.25(0.29)
2026-07-29 20:56:02,073   INFO  a1e06a0b30c0                Wed Jul 29 20:56:02 2026  580.173.02
[0] NVIDIA GeForce RTX 3070 | 62°C,  73 % |  6351 /  8192 MB | root(5808M)

2026-07-29 20:56:16,968   INFO  Train:    2/40 (  5%) [6388/9261 ( 69%)]  Loss: 1.629 (1.57)  LR: 5.865e-05  Time cost: 30:41/13:48 [1:19:12/28:24:22]  Acc_iter 15650       Data time: 0.02(0.03)  Forward time: 0.28(0.26)  Batch time: 0.30(0.29)
2026-07-29 20:56:31,784   INFO  Train:    2/40 (  5%) [6438/9261 ( 70%)]  Loss: 1.857 (1.57)  LR: 5.882e-05  Time cost: 30:56/13:33 [1:19:27/28:24:30]  Acc_iter 15700       Data time: 0.02(0.03)  Forward time: 0.33(0.26)  Batch time: 0.35(0.29)
2026-07-29 20:56:45,002   INFO  Train:    2/40 (  5%) [6488/9261 ( 70%)]  Loss: 1.423 (1.57)  LR: 5.900e-05  Time cost: 31:09/13:18 [1:19:40/28:23:10]  Acc_iter 15750       Data time: 0.01(0.03)  Forward time: 0.22(0.26)  Batch time: 0.23(0.29)
2026-07-29 20:56:45,564   INFO  a1e06a0b30c0                Wed Jul 29 20:56:45 2026  580.173.02
[0] NVIDIA GeForce RTX 3070 | 62°C,   3 % |  6351 /  8192 MB | root(5808M)

2026-07-29 20:56:58,914   INFO  Train:    2/40 (  5%) [6538/9261 ( 71%)]  Loss: 1.625 (1.57)  LR: 5.918e-05  Time cost: 31:23/13:04 [1:19:54/28:22:29]  Acc_iter 15800       Data time: 0.01(0.03)  Forward time: 0.23(0.26)  Batch time: 0.23(0.29)
2026-07-29 20:57:12,979   INFO  Train:    2/40 (  5%) [6588/9261 ( 71%)]  Loss: 1.403 (1.57)  LR: 5.936e-05  Time cost: 31:37/12:49 [1:20:08/28:21:56]  Acc_iter 15850       Data time: 0.03(0.03)  Forward time: 0.21(0.26)  Batch time: 0.25(0.29)
2026-07-29 20:57:28,315   INFO  Train:    2/40 (  5%) [6638/9261 ( 72%)]  Loss: 1.660 (1.57)  LR: 5.953e-05  Time cost: 31:52/12:35 [1:20:23/28:22:32]  Acc_iter 15900       Data time: 0.06(0.03)  Forward time: 0.26(0.26)  Batch time: 0.32(0.29)
2026-07-29 20:57:28,891   INFO  a1e06a0b30c0                Wed Jul 29 20:57:28 2026  580.173.02
[0] NVIDIA GeForce RTX 3070 | 67°C,  82 % |  6351 /  8192 MB | root(5808M)

2026-07-29 20:57:43,384   INFO  Train:    2/40 (  5%) [6688/9261 ( 72%)]  Loss: 1.172 (1.57)  LR: 5.971e-05  Time cost: 32:07/12:21 [1:20:38/28:22:52]  Acc_iter 15950       Data time: 0.01(0.03)  Forward time: 0.29(0.26)  Batch time: 0.30(0.29)
2026-07-29 20:57:56,731   INFO  Train:    2/40 (  5%) [6738/9261 ( 73%)]  Loss: 1.739 (1.57)  LR: 5.989e-05  Time cost: 32:21/12:06 [1:20:52/28:21:42]  Acc_iter 16000       Data time: 0.01(0.03)  Forward time: 0.29(0.26)  Batch time: 0.30(0.29)
2026-07-29 20:58:10,473   INFO  Train:    2/40 (  5%) [6788/9261 ( 73%)]  Loss: 1.400 (1.57)  LR: 6.007e-05  Time cost: 32:35/11:52 [1:21:05/28:20:53]  Acc_iter 16050       Data time: 0.00(0.03)  Forward time: 0.23(0.26)  Batch time: 0.23(0.29)
2026-07-29 20:58:10,930   INFO  a1e06a0b30c0                Wed Jul 29 20:58:10 2026  580.173.02
[0] NVIDIA GeForce RTX 3070 | 66°C,  68 % |  6351 /  8192 MB | root(5808M)

2026-07-29 20:58:24,969   INFO  Train:    2/40 (  5%) [6838/9261 ( 74%)]  Loss: 1.450 (1.57)  LR: 6.025e-05  Time cost: 32:49/11:37 [1:21:20/28:20:44]  Acc_iter 16100       Data time: 0.02(0.03)  Forward time: 0.26(0.26)  Batch time: 0.28(0.29)
2026-07-29 20:58:39,991   INFO  Train:    2/40 (  5%) [6888/9261 ( 74%)]  Loss: 1.523 (1.57)  LR: 6.043e-05  Time cost: 33:04/11:23 [1:21:35/28:21:01]  Acc_iter 16150       Data time: 0.03(0.03)  Forward time: 0.31(0.26)  Batch time: 0.34(0.29)
2026-07-29 20:58:54,739   INFO  Train:    2/40 (  5%) [6938/9261 ( 75%)]  Loss: 1.786 (1.57)  LR: 6.062e-05  Time cost: 33:19/11:09 [1:21:50/28:21:05]  Acc_iter 16200       Data time: 0.05(0.03)  Forward time: 0.26(0.26)  Batch time: 0.30(0.29)
2026-07-29 20:58:55,202   INFO  a1e06a0b30c0                Wed Jul 29 20:58:55 2026  580.173.02
[0] NVIDIA GeForce RTX 3070 | 67°C,  69 % |  6351 /  8192 MB | root(5808M)

2026-07-29 20:59:08,815   INFO  Train:    2/40 (  5%) [6988/9261 ( 75%)]  Loss: 1.587 (1.56)  LR: 6.080e-05  Time cost: 33:33/10:54 [1:22:04/28:20:33]  Acc_iter 16250       Data time: 0.04(0.03)  Forward time: 0.24(0.26)  Batch time: 0.27(0.29)
2026-07-29 20:59:22,513   INFO  Train:    2/40 (  5%) [7038/9261 ( 76%)]  Loss: 1.339 (1.56)  LR: 6.098e-05  Time cost: 33:47/10:40 [1:22:17/28:19:44]  Acc_iter 16300       Data time: 0.04(0.03)  Forward time: 0.21(0.26)  Batch time: 0.26(0.29)
2026-07-29 20:59:36,228   INFO  Train:    2/40 (  5%) [7088/9261 ( 77%)]  Loss: 1.420 (1.56)  LR: 6.116e-05  Time cost: 34:00/10:25 [1:22:31/28:18:55]  Acc_iter 16350       Data time: 0.02(0.03)  Forward time: 0.28(0.26)  Batch time: 0.30(0.29)
2026-07-29 20:59:36,752   INFO  a1e06a0b30c0                Wed Jul 29 20:59:36 2026  580.173.02
[0] NVIDIA GeForce RTX 3070 | 63°C,   4 % |  6341 /  8192 MB | root(5808M)

2026-07-29 20:59:51,308   INFO  Train:    2/40 (  5%) [7138/9261 ( 77%)]  Loss: 1.480 (1.56)  LR: 6.135e-05  Time cost: 34:15/10:11 [1:22:46/28:19:15]  Acc_iter 16400       Data time: 0.01(0.03)  Forward time: 0.30(0.26)  Batch time: 0.32(0.29)
2026-07-29 21:00:06,030   INFO  Train:    2/40 (  5%) [7188/9261 ( 78%)]  Loss: 1.450 (1.56)  LR: 6.153e-05  Time cost: 34:30/09:57 [1:23:01/28:19:16]  Acc_iter 16450       Data time: 0.02(0.03)  Forward time: 0.29(0.26)  Batch time: 0.30(0.29)
2026-07-29 21:00:19,453   INFO  Train:    2/40 (  5%) [7238/9261 ( 78%)]  Loss: 1.573 (1.56)  LR: 6.171e-05  Time cost: 34:44/09:42 [1:23:14/28:18:14]  Acc_iter 16500       Data time: 0.04(0.03)  Forward time: 0.23(0.26)  Batch time: 0.27(0.29)
2026-07-29 21:00:19,919   INFO  a1e06a0b30c0                Wed Jul 29 21:00:19 2026  580.173.02
[0] NVIDIA GeForce RTX 3070 | 65°C,  66 % |  6351 /  8192 MB | root(5808M)

2026-07-29 21:00:33,936   INFO  Train:    2/40 (  5%) [7288/9261 ( 79%)]  Loss: 1.585 (1.56)  LR: 6.190e-05  Time cost: 34:58/09:28 [1:23:29/28:18:04]  Acc_iter 16550       Data time: 0.04(0.03)  Forward time: 0.26(0.26)  Batch time: 0.31(0.29)
2026-07-29 21:00:35,597   INFO  Save latest model to /OpenPCDet/output/OpenPCDet/tools/cfgs/models/S/D/S_D_N/unfrozen_backbone_1_93/ckpt/latest_model
2026-07-29 21:00:48,029   INFO  Train:    2/40 (  5%) [7338/9261 ( 79%)]  Loss: 1.181 (1.56)  LR: 6.208e-05  Time cost: 35:12/09:13 [1:23:43/28:17:35]  Acc_iter 16600       Data time: 0.02(0.03)  Forward time: 0.29(0.26)  Batch time: 0.32(0.29)
2026-07-29 21:01:02,734   INFO  Train:    2/40 (  5%) [7388/9261 ( 80%)]  Loss: 1.564 (1.56)  LR: 6.227e-05  Time cost: 35:27/08:59 [1:23:58/28:17:35]  Acc_iter 16650       Data time: 0.02(0.03)  Forward time: 0.22(0.26)  Batch time: 0.23(0.29)
2026-07-29 21:01:03,323   INFO  a1e06a0b30c0                Wed Jul 29 21:01:03 2026  580.173.02
[0] NVIDIA GeForce RTX 3070 | 64°C,  55 % |  6350 /  8192 MB | root(5808M)

2026-07-29 21:01:18,186   INFO  Train:    2/40 (  5%) [7438/9261 ( 80%)]  Loss: 1.625 (1.56)  LR: 6.245e-05  Time cost: 35:42/08:45 [1:24:13/28:18:11]  Acc_iter 16700       Data time: 0.05(0.03)  Forward time: 0.23(0.26)  Batch time: 0.28(0.29)
2026-07-29 21:01:31,875   INFO  Train:    2/40 (  5%) [7488/9261 ( 81%)]  Loss: 1.581 (1.56)  LR: 6.264e-05  Time cost: 35:56/08:30 [1:24:27/28:17:23]  Acc_iter 16750       Data time: 0.00(0.03)  Forward time: 0.22(0.26)  Batch time: 0.23(0.29)
2026-07-29 21:01:45,585   INFO  Train:    2/40 (  5%) [7538/9261 ( 81%)]  Loss: 1.529 (1.56)  LR: 6.283e-05  Time cost: 36:10/08:15 [1:24:41/28:16:37]  Acc_iter 16800       Data time: 0.03(0.03)  Forward time: 0.32(0.26)  Batch time: 0.35(0.29)
2026-07-29 21:01:46,143   INFO  a1e06a0b30c0                Wed Jul 29 21:01:46 2026  580.173.02
[0] NVIDIA GeForce RTX 3070 | 62°C,  70 % |  6350 /  8192 MB | root(5808M)

2026-07-29 21:01:59,921   INFO  Train:    2/40 (  5%) [7588/9261 ( 82%)]  Loss: 1.516 (1.56)  LR: 6.301e-05  Time cost: 36:24/08:01 [1:24:55/28:16:20]  Acc_iter 16850       Data time: 0.02(0.03)  Forward time: 0.22(0.26)  Batch time: 0.24(0.29)
2026-07-29 21:02:14,380   INFO  Train:    2/40 (  5%) [7638/9261 ( 82%)]  Loss: 1.530 (1.56)  LR: 6.320e-05  Time cost: 36:38/07:47 [1:25:09/28:16:08]  Acc_iter 16900       Data time: 0.02(0.03)  Forward time: 0.34(0.26)  Batch time: 0.36(0.29)
2026-07-29 21:02:29,334   INFO  Train:    2/40 (  5%) [7688/9261 ( 83%)]  Loss: 1.548 (1.56)  LR: 6.339e-05  Time cost: 36:53/07:32 [1:25:24/28:16:20]  Acc_iter 16950       Data time: 0.00(0.03)  Forward time: 0.23(0.26)  Batch time: 0.24(0.29)
2026-07-29 21:02:29,846   INFO  a1e06a0b30c0                Wed Jul 29 21:02:29 2026  580.173.02
[0] NVIDIA GeForce RTX 3070 | 67°C,  72 % |  6354 /  8192 MB | root(5808M)

2026-07-29 21:02:43,593   INFO  Train:    2/40 (  5%) [7738/9261 ( 84%)]  Loss: 1.460 (1.56)  LR: 6.358e-05  Time cost: 37:08/07:18 [1:25:39/28:15:59]  Acc_iter 17000       Data time: 0.02(0.03)  Forward time: 0.27(0.26)  Batch time: 0.29(0.29)
2026-07-29 21:02:57,106   INFO  Train:    2/40 (  5%) [7788/9261 ( 84%)]  Loss: 1.532 (1.56)  LR: 6.377e-05  Time cost: 37:21/07:03 [1:25:52/28:15:05]  Acc_iter 17050       Data time: 0.02(0.03)  Forward time: 0.30(0.26)  Batch time: 0.32(0.29)
2026-07-29 21:03:10,990   INFO  Train:    2/40 (  5%) [7838/9261 ( 85%)]  Loss: 1.415 (1.56)  LR: 6.396e-05  Time cost: 37:35/06:49 [1:26:06/28:14:27]  Acc_iter 17100       Data time: 0.00(0.03)  Forward time: 0.22(0.26)  Batch time: 0.23(0.29)
2026-07-29 21:03:11,444   INFO  a1e06a0b30c0                Wed Jul 29 21:03:11 2026  580.173.02
[0] NVIDIA GeForce RTX 3070 | 67°C,  72 % |  6350 /  8192 MB | root(5808M)

2026-07-29 21:03:25,796   INFO  Train:    2/40 (  5%) [7888/9261 ( 85%)]  Loss: 1.371 (1.56)  LR: 6.415e-05  Time cost: 37:50/06:35 [1:26:21/28:14:32]  Acc_iter 17150       Data time: 0.02(0.03)  Forward time: 0.35(0.26)  Batch time: 0.37(0.29)
2026-07-29 21:03:41,486   INFO  Train:    2/40 (  5%) [7938/9261 ( 86%)]  Loss: 1.574 (1.56)  LR: 6.434e-05  Time cost: 38:06/06:20 [1:26:36/28:15:15]  Acc_iter 17200       Data time: 0.02(0.03)  Forward time: 0.23(0.26)  Batch time: 0.24(0.29)
2026-07-29 21:03:55,152   INFO  Train:    2/40 (  5%) [7988/9261 ( 86%)]  Loss: 1.841 (1.56)  LR: 6.453e-05  Time cost: 38:19/06:06 [1:26:50/28:14:29]  Acc_iter 17250       Data time: 0.02(0.03)  Forward time: 0.27(0.26)  Batch time: 0.29(0.29)
2026-07-29 21:03:55,666   INFO  a1e06a0b30c0                Wed Jul 29 21:03:55 2026  580.173.02
[0] NVIDIA GeForce RTX 3070 | 62°C,   3 % |  6350 /  8192 MB | root(5808M)

2026-07-29 21:04:09,373   INFO  Train:    2/40 (  5%) [8038/9261 ( 87%)]  Loss: 1.452 (1.56)  LR: 6.472e-05  Time cost: 38:33/05:52 [1:27:04/28:14:07]  Acc_iter 17300       Data time: 0.02(0.03)  Forward time: 0.26(0.26)  Batch time: 0.28(0.29)
2026-07-29 21:04:23,152   INFO  Train:    2/40 (  5%) [8088/9261 ( 87%)]  Loss: 1.540 (1.56)  LR: 6.491e-05  Time cost: 38:47/05:37 [1:27:18/28:13:25]  Acc_iter 17350       Data time: 0.04(0.03)  Forward time: 0.22(0.26)  Batch time: 0.26(0.29)
2026-07-29 21:04:37,184   INFO  Train:    2/40 (  5%) [8138/9261 ( 88%)]  Loss: 1.385 (1.56)  LR: 6.510e-05  Time cost: 39:01/05:23 [1:27:32/28:12:56]  Acc_iter 17400       Data time: 0.02(0.03)  Forward time: 0.26(0.26)  Batch time: 0.28(0.29)
2026-07-29 21:04:37,671   INFO  a1e06a0b30c0                Wed Jul 29 21:04:37 2026  580.173.02
[0] NVIDIA GeForce RTX 3070 | 63°C,   3 % |  6340 /  8192 MB | root(5808M)

2026-07-29 21:04:53,213   INFO  Train:    2/40 (  5%) [8188/9261 ( 88%)]  Loss: 1.430 (1.56)  LR: 6.530e-05  Time cost: 39:17/05:08 [1:27:48/28:13:52]  Acc_iter 17450       Data time: 0.01(0.03)  Forward time: 0.22(0.26)  Batch time: 0.23(0.29)
2026-07-29 21:05:07,211   INFO  Train:    2/40 (  5%) [8238/9261 ( 89%)]  Loss: 1.408 (1.56)  LR: 6.549e-05  Time cost: 39:31/04:54 [1:28:02/28:13:21]  Acc_iter 17500       Data time: 0.05(0.03)  Forward time: 0.22(0.26)  Batch time: 0.27(0.29)
2026-07-29 21:05:20,852   INFO  Train:    2/40 (  5%) [8288/9261 ( 89%)]  Loss: 1.445 (1.56)  LR: 6.568e-05  Time cost: 39:45/04:40 [1:28:16/28:12:34]  Acc_iter 17550       Data time: 0.05(0.03)  Forward time: 0.22(0.26)  Batch time: 0.27(0.29)
2026-07-29 21:05:21,306   INFO  a1e06a0b30c0                Wed Jul 29 21:05:21 2026  580.173.02
[0] NVIDIA GeForce RTX 3070 | 68°C,  99 % |  6350 /  8192 MB | root(5808M)

2026-07-29 21:05:35,064   INFO  Train:    2/40 (  5%) [8338/9261 ( 90%)]  Loss: 1.425 (1.56)  LR: 6.588e-05  Time cost: 39:59/04:25 [1:28:30/28:12:12]  Acc_iter 17600       Data time: 0.04(0.03)  Forward time: 0.29(0.26)  Batch time: 0.32(0.29)
2026-07-29 21:05:35,715   INFO  Save latest model to /OpenPCDet/output/OpenPCDet/tools/cfgs/models/S/D/S_D_N/unfrozen_backbone_1_93/ckpt/latest_model
2026-07-29 21:05:49,137   INFO  Train:    2/40 (  5%) [8388/9261 ( 91%)]  Loss: 1.432 (1.56)  LR: 6.607e-05  Time cost: 40:13/04:11 [1:28:44/28:11:45]  Acc_iter 17650       Data time: 0.02(0.03)  Forward time: 0.31(0.26)  Batch time: 0.33(0.29)
2026-07-29 21:06:04,721   INFO  Train:    2/40 (  5%) [8438/9261 ( 91%)]  Loss: 1.490 (1.56)  LR: 6.627e-05  Time cost: 40:29/03:56 [1:29:00/28:12:20]  Acc_iter 17700       Data time: 0.00(0.03)  Forward time: 0.24(0.26)  Batch time: 0.24(0.29)
2026-07-29 21:06:05,275   INFO  a1e06a0b30c0                Wed Jul 29 21:06:05 2026  580.173.02
[0] NVIDIA GeForce RTX 3070 | 63°C,  32 % |  6350 /  8192 MB | root(5808M)

2026-07-29 21:06:19,601   INFO  Train:    2/40 (  5%) [8488/9261 ( 92%)]  Loss: 1.495 (1.56)  LR: 6.646e-05  Time cost: 40:44/03:42 [1:29:15/28:12:26]  Acc_iter 17750       Data time: 0.04(0.03)  Forward time: 0.22(0.26)  Batch time: 0.27(0.29)
2026-07-29 21:06:32,848   INFO  Train:    2/40 (  5%) [8538/9261 ( 92%)]  Loss: 1.023 (1.55)  LR: 6.666e-05  Time cost: 40:57/03:28 [1:29:28/28:11:24]  Acc_iter 17800       Data time: 0.05(0.03)  Forward time: 0.25(0.26)  Batch time: 0.29(0.29)
2026-07-29 21:06:46,520   INFO  Train:    2/40 (  5%) [8588/9261 ( 93%)]  Loss: 1.529 (1.55)  LR: 6.686e-05  Time cost: 41:11/03:13 [1:29:41/28:10:41]  Acc_iter 17850       Data time: 0.00(0.03)  Forward time: 0.22(0.26)  Batch time: 0.22(0.29)
2026-07-29 21:06:46,982   INFO  a1e06a0b30c0                Wed Jul 29 21:06:46 2026  580.173.02
[0] NVIDIA GeForce RTX 3070 | 67°C,  81 % |  6350 /  8192 MB | root(5808M)

2026-07-29 21:07:00,959   INFO  Train:    2/40 (  5%) [8638/9261 ( 93%)]  Loss: 1.626 (1.55)  LR: 6.705e-05  Time cost: 41:25/02:59 [1:29:56/28:10:28]  Acc_iter 17900       Data time: 0.02(0.03)  Forward time: 0.27(0.26)  Batch time: 0.30(0.29)
2026-07-29 21:07:16,091   INFO  Train:    2/40 (  5%) [8688/9261 ( 94%)]  Loss: 1.499 (1.55)  LR: 6.725e-05  Time cost: 41:40/02:44 [1:30:11/28:10:44]  Acc_iter 17950       Data time: 0.02(0.03)  Forward time: 0.30(0.26)  Batch time: 0.32(0.29)
2026-07-29 21:07:30,873   INFO  Train:    2/40 (  5%) [8738/9261 ( 94%)]  Loss: 1.336 (1.55)  LR: 6.745e-05  Time cost: 41:55/02:30 [1:30:26/28:10:46]  Acc_iter 18000       Data time: 0.02(0.03)  Forward time: 0.29(0.26)  Batch time: 0.30(0.29)
2026-07-29 21:07:31,336   INFO  a1e06a0b30c0                Wed Jul 29 21:07:31 2026  580.173.02
[0] NVIDIA GeForce RTX 3070 | 67°C,  64 % |  6350 /  8192 MB | root(5808M)

2026-07-29 21:07:44,713   INFO  Train:    2/40 (  5%) [8788/9261 ( 95%)]  Loss: 1.571 (1.55)  LR: 6.765e-05  Time cost: 42:09/02:16 [1:30:40/28:10:09]  Acc_iter 18050       Data time: 0.03(0.03)  Forward time: 0.24(0.26)  Batch time: 0.27(0.29)
2026-07-29 21:07:58,513   INFO  Train:    2/40 (  5%) [8838/9261 ( 95%)]  Loss: 1.729 (1.55)  LR: 6.784e-05  Time cost: 42:23/02:01 [1:30:53/28:09:31]  Acc_iter 18100       Data time: 0.02(0.03)  Forward time: 0.27(0.26)  Batch time: 0.28(0.29)
2026-07-29 21:08:12,482   INFO  Train:    2/40 (  5%) [8888/9261 ( 96%)]  Loss: 1.592 (1.55)  LR: 6.804e-05  Time cost: 42:37/01:47 [1:31:07/28:09:00]  Acc_iter 18150       Data time: 0.04(0.03)  Forward time: 0.22(0.26)  Batch time: 0.26(0.29)
2026-07-29 21:08:12,953   INFO  a1e06a0b30c0                Wed Jul 29 21:08:12 2026  580.173.02
[0] NVIDIA GeForce RTX 3070 | 65°C,  65 % |  6350 /  8192 MB | root(5808M)

2026-07-29 21:08:27,820   INFO  Train:    2/40 (  5%) [8938/9261 ( 97%)]  Loss: 1.414 (1.55)  LR: 6.824e-05  Time cost: 42:52/01:32 [1:31:23/28:09:24]  Acc_iter 18200       Data time: 0.02(0.03)  Forward time: 0.31(0.26)  Batch time: 0.33(0.29)
2026-07-29 21:08:42,987   INFO  Train:    2/40 (  5%) [8988/9261 ( 97%)]  Loss: 1.455 (1.55)  LR: 6.844e-05  Time cost: 43:07/01:18 [1:31:38/28:09:40]  Acc_iter 18250       Data time: 0.03(0.03)  Forward time: 0.27(0.26)  Batch time: 0.29(0.29)
2026-07-29 21:08:56,414   INFO  Train:    2/40 (  5%) [9038/9261 ( 98%)]  Loss: 1.689 (1.55)  LR: 6.864e-05  Time cost: 43:20/01:04 [1:31:51/28:08:48]  Acc_iter 18300       Data time: 0.02(0.03)  Forward time: 0.26(0.26)  Batch time: 0.29(0.29)
2026-07-29 21:08:56,865   INFO  a1e06a0b30c0                Wed Jul 29 21:08:56 2026  580.173.02
[0] NVIDIA GeForce RTX 3070 | 68°C,  84 % |  6350 /  8192 MB | root(5808M)

2026-07-29 21:09:10,425   INFO  Train:    2/40 (  5%) [9088/9261 ( 98%)]  Loss: 1.284 (1.55)  LR: 6.884e-05  Time cost: 43:34/00:49 [1:32:05/28:08:19]  Acc_iter 18350       Data time: 0.02(0.03)  Forward time: 0.25(0.26)  Batch time: 0.28(0.29)
2026-07-29 21:09:24,399   INFO  Train:    2/40 (  5%) [9138/9261 ( 99%)]  Loss: 1.396 (1.55)  LR: 6.904e-05  Time cost: 43:48/00:35 [1:32:19/28:07:49]  Acc_iter 18400       Data time: 0.02(0.03)  Forward time: 0.30(0.26)  Batch time: 0.32(0.29)
2026-07-29 21:09:39,235   INFO  Train:    2/40 (  5%) [9188/9261 ( 99%)]  Loss: 1.595 (1.55)  LR: 6.925e-05  Time cost: 44:03/00:21 [1:32:34/28:07:51]  Acc_iter 18450       Data time: 0.00(0.03)  Forward time: 0.32(0.26)  Batch time: 0.32(0.29)
2026-07-29 21:09:39,793   INFO  a1e06a0b30c0                Wed Jul 29 21:09:39 2026  580.173.02
[0] NVIDIA GeForce RTX 3070 | 63°C,   5 % |  6340 /  8192 MB | root(5808M)

2026-07-29 21:09:54,949   INFO  Train:    2/40 (  5%) [9238/9261 (100%)]  Loss: 1.533 (1.55)  LR: 6.945e-05  Time cost: 44:19/00:06 [1:32:50/28:08:28]  Acc_iter 18500       Data time: 0.03(0.03)  Forward time: 0.30(0.26)  Batch time: 0.34(0.29)
2026-07-29 21:10:00,340   INFO  Train:    2/40 (  5%) [9260/9261 (100%)]  Loss: 1.356 (1.55)  LR: 6.954e-05  Time cost: 44:24/00:00 [1:32:55/28:07:46]  Acc_iter 18522       Data time: 0.02(0.03)  Forward time: 0.12(0.26)  Batch time: 0.14(0.29)
2026-07-29 21:10:03,434   INFO  Train:    3/40 (  8%) [   0/9261 (  0%)]  Loss: 1.413 (1.41)  LR: 6.954e-05  Time cost: 00:02/5:40:01 [1:32:58/215:20:59]  Acc_iter 18523       Data time: 1.77(1.77)  Forward time: 0.40(0.40)  Batch time: 2.17(2.17)
2026-07-29 21:10:10,866   INFO  Train:    3/40 (  8%) [  27/9261 (  0%)]  Loss: 1.268 (1.47)  LR: 6.965e-05  Time cost: 00:09/52:57 [1:33:06/33:38:12]  Acc_iter 18550       Data time: 0.01(0.08)  Forward time: 0.27(0.26)  Batch time: 0.29(0.34)
2026-07-29 21:10:24,473   INFO  Train:    3/40 (  8%) [  77/9261 (  1%)]  Loss: 0.9632 (1.45)  LR: 6.985e-05  Time cost: 00:23/45:36 [1:33:19/29:07:21]  Acc_iter 18600       Data time: 0.01(0.04)  Forward time: 0.21(0.26)  Batch time: 0.22(0.30)
2026-07-29 21:10:24,917   INFO  a1e06a0b30c0                Wed Jul 29 21:10:24 2026  580.173.02
[0] NVIDIA GeForce RTX 3070 | 66°C,  70 % |  6350 /  8192 MB | root(5808M)

2026-07-29 21:10:39,144   INFO  Train:    3/40 (  8%) [ 127/9261 (  1%)]  Loss: 1.388 (1.47)  LR: 7.006e-05  Time cost: 00:37/45:05 [1:33:34/28:56:38]  Acc_iter 18650       Data time: 0.03(0.04)  Forward time: 0.29(0.26)  Batch time: 0.33(0.30)
2026-07-29 21:10:53,825   INFO  Train:    3/40 (  8%) [ 177/9261 (  2%)]  Loss: 1.434 (1.48)  LR: 7.026e-05  Time cost: 00:52/44:44 [1:33:49/28:52:09]  Acc_iter 18700       Data time: 0.05(0.03)  Forward time: 0.25(0.26)  Batch time: 0.30(0.30)
2026-07-29 21:11:08,634   INFO  Train:    3/40 (  8%) [ 227/9261 (  2%)]  Loss: 1.494 (1.49)  LR: 7.046e-05  Time cost: 01:07/44:30 [1:34:04/28:52:49]  Acc_iter 18750       Data time: 0.02(0.03)  Forward time: 0.27(0.26)  Batch time: 0.29(0.30)
2026-07-29 21:11:09,107   INFO  a1e06a0b30c0                Wed Jul 29 21:11:09 2026  580.173.02
[0] NVIDIA GeForce RTX 3070 | 62°C,  89 % |  6354 /  8192 MB | root(5808M)

2026-07-29 21:11:23,028   INFO  Train:    3/40 (  8%) [ 277/9261 (  3%)]  Loss: 1.754 (1.49)  LR: 7.067e-05  Time cost: 01:21/44:03 [1:34:18/28:44:24]  Acc_iter 18800       Data time: 0.01(0.03)  Forward time: 0.23(0.26)  Batch time: 0.24(0.29)
2026-07-29 21:11:36,903   INFO  Train:    3/40 (  8%) [ 327/9261 (  4%)]  Loss: 1.670 (1.48)  LR: 7.087e-05  Time cost: 01:35/43:25 [1:34:32/28:29:13]  Acc_iter 18850       Data time: 0.00(0.03)  Forward time: 0.31(0.26)  Batch time: 0.31(0.29)
2026-07-29 21:11:50,834   INFO  Train:    3/40 (  8%) [ 377/9261 (  4%)]  Loss: 1.876 (1.49)  LR: 7.108e-05  Time cost: 01:49/42:55 [1:34:46/28:18:51]  Acc_iter 18900       Data time: 0.04(0.03)  Forward time: 0.22(0.26)  Batch time: 0.27(0.29)
2026-07-29 21:11:51,351   INFO  a1e06a0b30c0                Wed Jul 29 21:11:51 2026  580.173.02
[0] NVIDIA GeForce RTX 3070 | 69°C,  58 % |  6350 /  8192 MB | root(5808M)

2026-07-29 21:12:05,967   INFO  Train:    3/40 (  8%) [ 427/9261 (  5%)]  Loss: 1.452 (1.49)  LR: 7.128e-05  Time cost: 02:04/42:54 [1:35:01/28:27:18]  Acc_iter 18950       Data time: 0.02(0.03)  Forward time: 0.31(0.26)  Batch time: 0.34(0.29)
2026-07-29 21:12:21,312   INFO  Train:    3/40 (  8%) [ 477/9261 (  5%)]  Loss: 1.651 (1.49)  LR: 7.149e-05  Time cost: 02:20/42:54 [1:35:16/28:36:32]  Acc_iter 19000       Data time: 0.02(0.03)  Forward time: 0.30(0.26)  Batch time: 0.32(0.29)
2026-07-29 21:12:35,223   INFO  Train:    3/40 (  8%) [ 527/9261 (  6%)]  Loss: 1.555 (1.49)  LR: 7.170e-05  Time cost: 02:33/42:27 [1:35:30/28:28:03]  Acc_iter 19050       Data time: 0.03(0.03)  Forward time: 0.25(0.26)  Batch time: 0.27(0.29)
2026-07-29 21:12:35,678   INFO  a1e06a0b30c0                Wed Jul 29 21:12:35 2026  580.173.02
[0] NVIDIA GeForce RTX 3070 | 62°C,   2 % |  6350 /  8192 MB | root(5808M)

2026-07-29 21:12:49,605   INFO  Train:    3/40 (  8%) [ 577/9261 (  6%)]  Loss: 1.361 (1.48)  LR: 7.190e-05  Time cost: 02:48/42:09 [1:35:45/28:25:47]  Acc_iter 19100       Data time: 0.04(0.03)  Forward time: 0.23(0.26)  Batch time: 0.27(0.29)
2026-07-29 21:13:03,635   INFO  Train:    3/40 (  8%) [ 627/9261 (  7%)]  Loss: 1.622 (1.48)  LR: 7.211e-05  Time cost: 03:02/41:47 [1:35:59/28:20:33]  Acc_iter 19150       Data time: 0.01(0.03)  Forward time: 0.29(0.26)  Batch time: 0.31(0.29)
2026-07-29 21:13:17,746   INFO  Train:    3/40 (  8%) [ 677/9261 (  7%)]  Loss: 1.870 (1.49)  LR: 7.232e-05  Time cost: 03:16/41:28 [1:36:13/28:16:45]  Acc_iter 19200       Data time: 0.01(0.03)  Forward time: 0.32(0.26)  Batch time: 0.33(0.29)
2026-07-29 21:13:18,231   INFO  a1e06a0b30c0                Wed Jul 29 21:13:18 2026  580.173.02
[0] NVIDIA GeForce RTX 3070 | 63°C,  95 % |  6350 /  8192 MB | root(5808M)

2026-07-29 21:13:33,846   INFO  Train:    3/40 (  8%) [ 727/9261 (  8%)]  Loss: 1.659 (1.49)  LR: 7.253e-05  Time cost: 03:32/41:32 [1:36:29/28:29:26]  Acc_iter 19250       Data time: 0.02(0.03)  Forward time: 0.29(0.26)  Batch time: 0.31(0.29)
2026-07-29 21:13:48,150   INFO  Train:    3/40 (  8%) [ 777/9261 (  8%)]  Loss: 1.432 (1.49)  LR: 7.274e-05  Time cost: 03:46/41:14 [1:36:43/28:26:57]  Acc_iter 19300       Data time: 0.03(0.03)  Forward time: 0.30(0.26)  Batch time: 0.33(0.29)
2026-07-29 21:14:01,912   INFO  Train:    3/40 (  8%) [ 827/9261 (  9%)]  Loss: 1.594 (1.49)  LR: 7.295e-05  Time cost: 04:00/40:51 [1:36:57/28:20:54]  Acc_iter 19350       Data time: 0.04(0.03)  Forward time: 0.23(0.26)  Batch time: 0.27(0.29)
2026-07-29 21:14:02,447   INFO  a1e06a0b30c0                Wed Jul 29 21:14:02 2026  580.173.02
[0] NVIDIA GeForce RTX 3070 | 68°C,  96 % |  6350 /  8192 MB | root(5808M)

2026-07-29 21:14:16,359   INFO  Train:    3/40 (  8%) [ 877/9261 (  9%)]  Loss: 1.492 (1.49)  LR: 7.316e-05  Time cost: 04:15/40:36 [1:37:11/28:20:04]  Acc_iter 19400       Data time: 0.02(0.03)  Forward time: 0.31(0.26)  Batch time: 0.33(0.29)
2026-07-29 21:14:30,442   INFO  Train:    3/40 (  8%) [ 927/9261 ( 10%)]  Loss: 1.460 (1.48)  LR: 7.337e-05  Time cost: 04:29/40:17 [1:37:25/28:17:01]  Acc_iter 19450       Data time: 0.00(0.03)  Forward time: 0.24(0.26)  Batch time: 0.24(0.29)
2026-07-29 21:14:45,899   INFO  Train:    3/40 (  8%) [ 977/9261 ( 11%)]  Loss: 1.317 (1.48)  LR: 7.358e-05  Time cost: 04:44/40:11 [1:37:41/28:22:29]  Acc_iter 19500       Data time: 0.02(0.03)  Forward time: 0.30(0.26)  Batch time: 0.32(0.29)
2026-07-29 21:14:46,497   INFO  a1e06a0b30c0                Wed Jul 29 21:14:46 2026  580.173.02
[0] NVIDIA GeForce RTX 3070 | 66°C,  58 % |  6340 /  8192 MB | root(5808M)

2026-07-29 21:15:00,882   INFO  Train:    3/40 (  8%) [1027/9261 ( 11%)]  Loss: 1.567 (1.48)  LR: 7.379e-05  Time cost: 04:59/40:00 [1:37:56/28:24:41]  Acc_iter 19550       Data time: 0.02(0.03)  Forward time: 0.34(0.26)  Batch time: 0.36(0.29)
2026-07-29 21:15:01,613   INFO  Save latest model to /OpenPCDet/output/OpenPCDet/tools/cfgs/models/S/D/S_D_N/unfrozen_backbone_1_93/ckpt/latest_model
2026-07-29 21:15:14,900   INFO  Train:    3/40 (  8%) [1077/9261 ( 12%)]  Loss: 1.589 (1.48)  LR: 7.400e-05  Time cost: 05:13/39:41 [1:38:10/28:21:25]  Acc_iter 19600       Data time: 0.01(0.03)  Forward time: 0.22(0.26)  Batch time: 0.23(0.29)
2026-07-29 21:15:28,719   INFO  Train:    3/40 (  8%) [1127/9261 ( 12%)]  Loss: 1.659 (1.48)  LR: 7.421e-05  Time cost: 05:27/39:21 [1:38:24/28:17:23]  Acc_iter 19650       Data time: 0.06(0.03)  Forward time: 0.24(0.26)  Batch time: 0.30(0.29)
2026-07-29 21:15:29,282   INFO  a1e06a0b30c0                Wed Jul 29 21:15:29 2026  580.173.02
[0] NVIDIA GeForce RTX 3070 | 63°C,  61 % |  6350 /  8192 MB | root(5808M)

2026-07-29 21:15:43,496   INFO  Train:    3/40 (  8%) [1177/9261 ( 13%)]  Loss: 1.299 (1.48)  LR: 7.442e-05  Time cost: 05:42/39:08 [1:38:38/28:18:26]  Acc_iter 19700       Data time: 0.01(0.03)  Forward time: 0.29(0.26)  Batch time: 0.31(0.29)
2026-07-29 21:15:59,026   INFO  Train:    3/40 (  8%) [1227/9261 ( 13%)]  Loss: 1.604 (1.48)  LR: 7.463e-05  Time cost: 05:57/39:00 [1:38:54/28:22:58]  Acc_iter 19750       Data time: 0.02(0.03)  Forward time: 0.32(0.26)  Batch time: 0.34(0.29)
2026-07-29 21:16:13,465   INFO  Train:    3/40 (  8%) [1277/9261 ( 14%)]  Loss: 1.590 (1.48)  LR: 7.485e-05  Time cost: 06:12/38:45 [1:39:08/28:22:08]  Acc_iter 19800       Data time: 0.02(0.03)  Forward time: 0.33(0.26)  Batch time: 0.35(0.29)
2026-07-29 21:16:13,931   INFO  a1e06a0b30c0                Wed Jul 29 21:16:13 2026  580.173.02
[0] NVIDIA GeForce RTX 3070 | 65°C,  89 % |  6350 /  8192 MB | root(5808M)

2026-07-29 21:16:27,729   INFO  Train:    3/40 (  8%) [1327/9261 ( 14%)]  Loss: 1.365 (1.48)  LR: 7.506e-05  Time cost: 06:26/38:29 [1:39:23/28:20:35]  Acc_iter 19850       Data time: 0.03(0.03)  Forward time: 0.31(0.26)  Batch time: 0.34(0.29)
2026-07-29 21:16:41,594   INFO  Train:    3/40 (  8%) [1377/9261 ( 15%)]  Loss: 1.350 (1.48)  LR: 7.527e-05  Time cost: 06:40/38:10 [1:39:37/28:17:25]  Acc_iter 19900       Data time: 0.00(0.03)  Forward time: 0.23(0.26)  Batch time: 0.23(0.29)
2026-07-29 21:16:55,681   INFO  Train:    3/40 (  8%) [1427/9261 ( 15%)]  Loss: 1.483 (1.48)  LR: 7.549e-05  Time cost: 06:54/37:53 [1:39:51/28:15:23]  Acc_iter 19950       Data time: 0.02(0.03)  Forward time: 0.24(0.26)  Batch time: 0.26(0.29)
2026-07-29 21:16:56,168   INFO  a1e06a0b30c0                Wed Jul 29 21:16:56 2026  580.173.02
[0] NVIDIA GeForce RTX 3070 | 62°C, 100 % |  6350 /  8192 MB | root(5808M)

2026-07-29 21:17:11,530   INFO  Train:    3/40 (  8%) [1477/9261 ( 16%)]  Loss: 1.324 (1.48)  LR: 7.570e-05  Time cost: 07:10/37:46 [1:40:06/28:20:26]  Acc_iter 20000       Data time: 0.02(0.03)  Forward time: 0.31(0.26)  Batch time: 0.33(0.29)
2026-07-29 21:17:26,507   INFO  Train:    3/40 (  8%) [1527/9261 ( 16%)]  Loss: 1.361 (1.48)  LR: 7.592e-05  Time cost: 07:25/37:33 [1:40:21/28:21:47]  Acc_iter 20050       Data time: 0.02(0.03)  Forward time: 0.30(0.26)  Batch time: 0.32(0.29)
2026-07-29 21:17:40,044   INFO  Train:    3/40 (  8%) [1577/9261 ( 17%)]  Loss: 1.190 (1.48)  LR: 7.613e-05  Time cost: 07:38/37:14 [1:40:35/28:17:43]  Acc_iter 20100       Data time: 0.00(0.03)  Forward time: 0.22(0.26)  Batch time: 0.22(0.29)
2026-07-29 21:17:40,507   INFO  a1e06a0b30c0                Wed Jul 29 21:17:40 2026  580.173.02
[0] NVIDIA GeForce RTX 3070 | 68°C,  51 % |  6348 /  8192 MB | root(5808M)

2026-07-29 21:17:54,263   INFO  Train:    3/40 (  8%) [1627/9261 ( 18%)]  Loss: 1.106 (1.48)  LR: 7.635e-05  Time cost: 07:53/36:58 [1:40:49/28:16:20]  Acc_iter 20150       Data time: 0.05(0.03)  Forward time: 0.22(0.26)  Batch time: 0.27(0.29)
2026-07-29 21:18:08,559   INFO  Train:    3/40 (  8%) [1677/9261 ( 18%)]  Loss: 1.514 (1.48)  LR: 7.656e-05  Time cost: 08:07/36:42 [1:41:03/28:15:17]  Acc_iter 20200       Data time: 0.00(0.03)  Forward time: 0.22(0.26)  Batch time: 0.22(0.29)
2026-07-29 21:18:23,569   INFO  Train:    3/40 (  8%) [1727/9261 ( 19%)]  Loss: 1.471 (1.48)  LR: 7.678e-05  Time cost: 08:22/36:30 [1:41:19/28:16:42]  Acc_iter 20250       Data time: 0.02(0.03)  Forward time: 0.29(0.26)  Batch time: 0.31(0.29)
2026-07-29 21:18:24,156   INFO  a1e06a0b30c0                Wed Jul 29 21:18:24 2026  580.173.02
[0] NVIDIA GeForce RTX 3070 | 61°C,  60 % |  6348 /  8192 MB | root(5808M)

2026-07-29 21:18:38,992   INFO  Train:    3/40 (  8%) [1777/9261 ( 19%)]  Loss: 1.549 (1.48)  LR: 7.700e-05  Time cost: 08:37/36:19 [1:41:34/28:19:22]  Acc_iter 20300       Data time: 0.00(0.03)  Forward time: 0.23(0.26)  Batch time: 0.23(0.29)
2026-07-29 21:18:52,901   INFO  Train:    3/40 (  8%) [1827/9261 ( 20%)]  Loss: 1.211 (1.48)  LR: 7.721e-05  Time cost: 08:51/36:02 [1:41:48/28:17:03]  Acc_iter 20350       Data time: 0.02(0.03)  Forward time: 0.28(0.26)  Batch time: 0.30(0.29)
2026-07-29 21:19:06,636   INFO  Train:    3/40 (  8%) [1877/9261 ( 20%)]  Loss: 1.966 (1.48)  LR: 7.743e-05  Time cost: 09:05/35:44 [1:42:02/28:14:18]  Acc_iter 20400       Data time: 0.04(0.03)  Forward time: 0.21(0.26)  Batch time: 0.26(0.29)
2026-07-29 21:19:07,094   INFO  a1e06a0b30c0                Wed Jul 29 21:19:07 2026  580.173.02
[0] NVIDIA GeForce RTX 3070 | 62°C, 100 % |  6338 /  8192 MB | root(5808M)

2026-07-29 21:19:21,106   INFO  Train:    3/40 (  8%) [1927/9261 ( 21%)]  Loss: 1.363 (1.48)  LR: 7.765e-05  Time cost: 09:19/35:29 [1:42:16/28:13:54]  Acc_iter 20450       Data time: 0.03(0.03)  Forward time: 0.29(0.26)  Batch time: 0.33(0.29)
2026-07-29 21:19:35,826   INFO  Train:    3/40 (  8%) [1977/9261 ( 21%)]  Loss: 1.280 (1.48)  LR: 7.787e-05  Time cost: 09:34/35:15 [1:42:31/28:14:15]  Acc_iter 20500       Data time: 0.02(0.03)  Forward time: 0.30(0.26)  Batch time: 0.33(0.29)
2026-07-29 21:19:51,478   INFO  Train:    3/40 (  8%) [2027/9261 ( 22%)]  Loss: 1.266 (1.48)  LR: 7.809e-05  Time cost: 09:50/35:05 [1:42:46/28:17:15]  Acc_iter 20550       Data time: 0.01(0.03)  Forward time: 0.29(0.26)  Batch time: 0.30(0.29)
2026-07-29 21:19:51,981   INFO  a1e06a0b30c0                Wed Jul 29 21:19:51 2026  580.173.02
[0] NVIDIA GeForce RTX 3070 | 64°C,  58 % |  6352 /  8192 MB | root(5808M)

2026-07-29 21:20:01,331   INFO  Save latest model to /OpenPCDet/output/OpenPCDet/tools/cfgs/models/S/D/S_D_N/unfrozen_backbone_1_93/ckpt/latest_model
2026-07-29 21:20:05,946   INFO  Train:    3/40 (  8%) [2077/9261 ( 22%)]  Loss: 1.650 (1.48)  LR: 7.831e-05  Time cost: 10:04/34:50 [1:43:01/28:16:46]  Acc_iter 20600       Data time: 0.02(0.03)  Forward time: 0.28(0.26)  Batch time: 0.30(0.29)
2026-07-29 21:20:19,552   INFO  Train:    3/40 (  8%) [2127/9261 ( 23%)]  Loss: 1.479 (1.48)  LR: 7.853e-05  Time cost: 10:18/34:32 [1:43:14/28:13:56]  Acc_iter 20650       Data time: 0.02(0.03)  Forward time: 0.23(0.26)  Batch time: 0.25(0.29)
2026-07-29 21:20:33,493   INFO  Train:    3/40 (  8%) [2177/9261 ( 24%)]  Loss: 1.588 (1.48)  LR: 7.875e-05  Time cost: 10:32/34:16 [1:43:28/28:12:08]  Acc_iter 20700       Data time: 0.03(0.03)  Forward time: 0.23(0.26)  Batch time: 0.26(0.29)
2026-07-29 21:20:33,967   INFO  a1e06a0b30c0                Wed Jul 29 21:20:33 2026  580.173.02
[0] NVIDIA GeForce RTX 3070 | 66°C,  69 % |  6348 /  8192 MB | root(5808M)

2026-07-29 21:20:48,536   INFO  Train:    3/40 (  8%) [2227/9261 ( 24%)]  Loss: 1.484 (1.48)  LR: 7.897e-05  Time cost: 10:47/34:03 [1:43:43/28:13:16]  Acc_iter 20750       Data time: 0.02(0.03)  Forward time: 0.28(0.26)  Batch time: 0.31(0.29)
2026-07-29 21:21:04,022   INFO  Train:    3/40 (  8%) [2277/9261 ( 25%)]  Loss: 1.469 (1.48)  LR: 7.919e-05  Time cost: 11:02/33:52 [1:43:59/28:15:29]  Acc_iter 20800       Data time: 0.02(0.03)  Forward time: 0.29(0.26)  Batch time: 0.31(0.29)
2026-07-29 21:21:17,874   INFO  Train:    3/40 (  8%) [2327/9261 ( 25%)]  Loss: 2.134 (1.48)  LR: 7.941e-05  Time cost: 11:16/33:35 [1:44:13/28:13:30]  Acc_iter 20850       Data time: 0.02(0.03)  Forward time: 0.28(0.26)  Batch time: 0.29(0.29)
2026-07-29 21:21:18,330   INFO  a1e06a0b30c0                Wed Jul 29 21:21:18 2026  580.173.02
[0] NVIDIA GeForce RTX 3070 | 65°C,  84 % |  6348 /  8192 MB | root(5808M)

2026-07-29 21:21:32,139   INFO  Train:    3/40 (  8%) [2377/9261 ( 26%)]  Loss: 1.460 (1.48)  LR: 7.963e-05  Time cost: 11:30/33:20 [1:44:27/28:12:36]  Acc_iter 20900       Data time: 0.02(0.03)  Forward time: 0.30(0.26)  Batch time: 0.32(0.29)
2026-07-29 21:21:46,345   INFO  Train:    3/40 (  8%) [2427/9261 ( 26%)]  Loss: 1.721 (1.48)  LR: 7.985e-05  Time cost: 11:45/33:04 [1:44:41/28:11:35]  Acc_iter 20950       Data time: 0.04(0.03)  Forward time: 0.23(0.26)  Batch time: 0.27(0.29)
2026-07-29 21:22:00,726   INFO  Train:    3/40 (  8%) [2477/9261 ( 27%)]  Loss: 1.093 (1.48)  LR: 8.007e-05  Time cost: 11:59/32:49 [1:44:56/28:11:01]  Acc_iter 21000       Data time: 0.03(0.03)  Forward time: 0.27(0.26)  Batch time: 0.30(0.29)
2026-07-29 21:22:01,219   INFO  a1e06a0b30c0                Wed Jul 29 21:22:01 2026  580.173.02
[0] NVIDIA GeForce RTX 3070 | 62°C,  98 % |  6350 /  8192 MB | root(5808M)

2026-07-29 21:22:16,751   INFO  Train:    3/40 (  8%) [2527/9261 ( 27%)]  Loss: 1.503 (1.48)  LR: 8.030e-05  Time cost: 12:15/32:39 [1:45:12/28:14:15]  Acc_iter 21050       Data time: 0.01(0.03)  Forward time: 0.32(0.26)  Batch time: 0.33(0.29)
2026-07-29 21:22:30,834   INFO  Train:    3/40 (  8%) [2577/9261 ( 28%)]  Loss: 1.590 (1.48)  LR: 8.052e-05  Time cost: 12:29/32:23 [1:45:26/28:12:57]  Acc_iter 21100       Data time: 0.02(0.03)  Forward time: 0.28(0.26)  Batch time: 0.30(0.29)
2026-07-29 21:22:44,546   INFO  Train:    3/40 (  8%) [2627/9261 ( 28%)]  Loss: 1.675 (1.48)  LR: 8.074e-05  Time cost: 12:43/32:06 [1:45:39/28:10:53]  Acc_iter 21150       Data time: 0.01(0.03)  Forward time: 0.28(0.26)  Batch time: 0.29(0.29)
2026-07-29 21:22:44,996   INFO  a1e06a0b30c0                Wed Jul 29 21:22:44 2026  580.173.02
[0] NVIDIA GeForce RTX 3070 | 66°C,  56 % |  6350 /  8192 MB | root(5808M)

2026-07-29 21:22:59,060   INFO  Train:    3/40 (  8%) [2677/9261 ( 29%)]  Loss: 1.269 (1.48)  LR: 8.097e-05  Time cost: 12:57/31:52 [1:45:54/28:10:37]  Acc_iter 21200       Data time: 0.03(0.03)  Forward time: 0.22(0.26)  Batch time: 0.25(0.29)
2026-07-29 21:23:13,260   INFO  Train:    3/40 (  8%) [2727/9261 ( 29%)]  Loss: 1.288 (1.48)  LR: 8.119e-05  Time cost: 13:12/31:37 [1:46:08/28:09:41]  Acc_iter 21250       Data time: 0.01(0.03)  Forward time: 0.28(0.26)  Batch time: 0.29(0.29)
2026-07-29 21:23:28,844   INFO  Train:    3/40 (  8%) [2777/9261 ( 30%)]  Loss: 1.735 (1.48)  LR: 8.142e-05  Time cost: 13:27/31:25 [1:46:24/28:11:41]  Acc_iter 21300       Data time: 0.01(0.03)  Forward time: 0.27(0.26)  Batch time: 0.28(0.29)
2026-07-29 21:23:29,393   INFO  a1e06a0b30c0                Wed Jul 29 21:23:29 2026  580.173.02
[0] NVIDIA GeForce RTX 3070 | 64°C,  48 % |  6350 /  8192 MB | root(5808M)

2026-07-29 21:23:43,464   INFO  Train:    3/40 (  8%) [2827/9261 ( 31%)]  Loss: 1.275 (1.48)  LR: 8.164e-05  Time cost: 13:42/31:10 [1:46:38/28:11:37]  Acc_iter 21350       Data time: 0.02(0.03)  Forward time: 0.27(0.26)  Batch time: 0.29(0.29)
2026-07-29 21:23:57,260   INFO  Train:    3/40 (  8%) [2877/9261 ( 31%)]  Loss: 2.171 (1.48)  LR: 8.187e-05  Time cost: 13:56/30:54 [1:46:52/28:09:52]  Acc_iter 21400       Data time: 0.04(0.03)  Forward time: 0.25(0.26)  Batch time: 0.29(0.29)
2026-07-29 21:24:11,174   INFO  Train:    3/40 (  8%) [2927/9261 ( 32%)]  Loss: 1.449 (1.48)  LR: 8.209e-05  Time cost: 14:09/30:38 [1:47:06/28:08:25]  Acc_iter 21450       Data time: 0.04(0.03)  Forward time: 0.22(0.26)  Batch time: 0.26(0.29)
2026-07-29 21:24:11,641   INFO  a1e06a0b30c0                Wed Jul 29 21:24:11 2026  580.173.02
[0] NVIDIA GeForce RTX 3070 | 62°C,   3 % |  6340 /  8192 MB | root(5808M)

2026-07-29 21:24:25,737   INFO  Train:    3/40 (  8%) [2977/9261 ( 32%)]  Loss: 1.727 (1.48)  LR: 8.232e-05  Time cost: 14:24/30:24 [1:47:21/28:08:16]  Acc_iter 21500       Data time: 0.02(0.03)  Forward time: 0.29(0.26)  Batch time: 0.31(0.29)
2026-07-29 21:24:41,416   INFO  Train:    3/40 (  8%) [3027/9261 ( 33%)]  Loss: 1.488 (1.48)  LR: 8.254e-05  Time cost: 14:40/30:12 [1:47:36/28:10:16]  Acc_iter 21550       Data time: 0.02(0.03)  Forward time: 0.25(0.26)  Batch time: 0.27(0.29)
2026-07-29 21:24:55,683   INFO  Train:    3/40 (  8%) [3077/9261 ( 33%)]  Loss: 1.390 (1.48)  LR: 8.277e-05  Time cost: 14:54/29:57 [1:47:51/28:09:31]  Acc_iter 21600       Data time: 0.02(0.03)  Forward time: 0.26(0.26)  Batch time: 0.28(0.29)
2026-07-29 21:24:56,163   INFO  a1e06a0b30c0                Wed Jul 29 21:24:56 2026  580.173.02
[0] NVIDIA GeForce RTX 3070 | 62°C,  67 % |  6350 /  8192 MB | root(5808M)

2026-07-29 21:25:01,434   INFO  Save latest model to /OpenPCDet/output/OpenPCDet/tools/cfgs/models/S/D/S_D_N/unfrozen_backbone_1_93/ckpt/latest_model
2026-07-29 21:25:09,932   INFO  Train:    3/40 (  8%) [3127/9261 ( 34%)]  Loss: 1.307 (1.48)  LR: 8.300e-05  Time cost: 15:08/29:41 [1:48:05/28:08:45]  Acc_iter 21650       Data time: 0.05(0.03)  Forward time: 0.23(0.26)  Batch time: 0.28(0.29)
2026-07-29 21:25:23,572   INFO  Train:    3/40 (  8%) [3177/9261 ( 34%)]  Loss: 1.890 (1.48)  LR: 8.323e-05  Time cost: 15:22/29:25 [1:48:19/28:06:54]  Acc_iter 21700       Data time: 0.02(0.03)  Forward time: 0.29(0.26)  Batch time: 0.31(0.29)
2026-07-29 21:25:37,771   INFO  Train:    3/40 (  8%) [3227/9261 ( 35%)]  Loss: 1.328 (1.48)  LR: 8.345e-05  Time cost: 15:36/29:10 [1:48:33/28:06:05]  Acc_iter 21750       Data time: 0.04(0.03)  Forward time: 0.32(0.26)  Batch time: 0.36(0.29)
2026-07-29 21:25:38,380   INFO  a1e06a0b30c0                Wed Jul 29 21:25:38 2026  580.173.02
[0] NVIDIA GeForce RTX 3070 | 64°C,  94 % |  6350 /  8192 MB | root(5808M)

2026-07-29 21:25:53,959   INFO  Train:    3/40 (  8%) [3277/9261 ( 35%)]  Loss: 1.346 (1.48)  LR: 8.368e-05  Time cost: 15:52/28:59 [1:48:49/28:08:50]  Acc_iter 21800       Data time: 0.01(0.03)  Forward time: 0.30(0.26)  Batch time: 0.30(0.29)
2026-07-29 21:26:08,376   INFO  Train:    3/40 (  8%) [3327/9261 ( 36%)]  Loss: 1.196 (1.48)  LR: 8.391e-05  Time cost: 16:07/28:44 [1:49:03/28:08:23]  Acc_iter 21850       Data time: 0.02(0.03)  Forward time: 0.28(0.26)  Batch time: 0.30(0.29)
2026-07-29 21:26:22,358   INFO  Train:    3/40 (  8%) [3377/9261 ( 36%)]  Loss: 1.805 (1.48)  LR: 8.414e-05  Time cost: 16:21/28:28 [1:49:17/28:07:12]  Acc_iter 21900       Data time: 0.02(0.03)  Forward time: 0.35(0.26)  Batch time: 0.36(0.29)
2026-07-29 21:26:22,846   INFO  a1e06a0b30c0                Wed Jul 29 21:26:22 2026  580.173.02
[0] NVIDIA GeForce RTX 3070 | 63°C,  26 % |  6348 /  8192 MB | root(5808M)

2026-07-29 21:26:36,498   INFO  Train:    3/40 (  8%) [3427/9261 ( 37%)]  Loss: 1.425 (1.48)  LR: 8.437e-05  Time cost: 16:35/28:13 [1:49:31/28:06:18]  Acc_iter 21950       Data time: 0.02(0.03)  Forward time: 0.30(0.26)  Batch time: 0.33(0.29)
2026-07-29 21:26:50,876   INFO  Train:    3/40 (  8%) [3477/9261 ( 38%)]  Loss: 1.397 (1.48)  LR: 8.460e-05  Time cost: 16:49/27:59 [1:49:46/28:05:50]  Acc_iter 22000       Data time: 0.02(0.03)  Forward time: 0.32(0.26)  Batch time: 0.34(0.29)
2026-07-29 21:27:06,731   INFO  Train:    3/40 (  8%) [3527/9261 ( 38%)]  Loss: 1.560 (1.48)  LR: 8.483e-05  Time cost: 17:05/27:46 [1:50:02/28:07:48]  Acc_iter 22050       Data time: 0.01(0.03)  Forward time: 0.31(0.26)  Batch time: 0.32(0.29)
2026-07-29 21:27:07,324   INFO  a1e06a0b30c0                Wed Jul 29 21:27:07 2026  580.173.02
[0] NVIDIA GeForce RTX 3070 | 61°C,  92 % |  6348 /  8192 MB | root(5808M)

2026-07-29 21:27:21,959   INFO  Train:    3/40 (  8%) [3577/9261 ( 39%)]  Loss: 1.384 (1.48)  LR: 8.506e-05  Time cost: 17:20/27:33 [1:50:17/28:08:41]  Acc_iter 22100       Data time: 0.01(0.03)  Forward time: 0.25(0.26)  Batch time: 0.27(0.29)
2026-07-29 21:27:35,966   INFO  Train:    3/40 (  8%) [3627/9261 ( 39%)]  Loss: 1.202 (1.48)  LR: 8.529e-05  Time cost: 17:34/27:17 [1:50:31/28:07:35]  Acc_iter 22150       Data time: 0.01(0.03)  Forward time: 0.29(0.26)  Batch time: 0.30(0.29)
2026-07-29 21:27:49,915   INFO  Train:    3/40 (  8%) [3677/9261 ( 40%)]  Loss: 1.411 (1.48)  LR: 8.552e-05  Time cost: 17:48/27:02 [1:50:45/28:06:25]  Acc_iter 22200       Data time: 0.01(0.03)  Forward time: 0.26(0.26)  Batch time: 0.28(0.29)
2026-07-29 21:27:50,386   INFO  a1e06a0b30c0                Wed Jul 29 21:27:50 2026  580.173.02
[0] NVIDIA GeForce RTX 3070 | 68°C,  98 % |  6348 /  8192 MB | root(5808M)

2026-07-29 21:28:04,712   INFO  Train:    3/40 (  8%) [3727/9261 ( 40%)]  Loss: 1.375 (1.48)  LR: 8.575e-05  Time cost: 18:03/26:48 [1:51:00/28:06:35]  Acc_iter 22250       Data time: 0.01(0.03)  Forward time: 0.26(0.26)  Batch time: 0.28(0.29)
2026-07-29 21:28:20,066   INFO  Train:    3/40 (  8%) [3777/9261 ( 41%)]  Loss: 1.853 (1.48)  LR: 8.599e-05  Time cost: 18:18/26:35 [1:51:15/28:07:37]  Acc_iter 22300       Data time: 0.03(0.03)  Forward time: 0.32(0.26)  Batch time: 0.34(0.29)
2026-07-29 21:28:34,882   INFO  Train:    3/40 (  8%) [3827/9261 ( 41%)]  Loss: 1.235 (1.48)  LR: 8.622e-05  Time cost: 18:33/26:20 [1:51:30/28:07:47]  Acc_iter 22350       Data time: 0.01(0.03)  Forward time: 0.30(0.26)  Batch time: 0.31(0.29)
2026-07-29 21:28:35,350   INFO  a1e06a0b30c0                Wed Jul 29 21:28:35 2026  580.173.02
[0] NVIDIA GeForce RTX 3070 | 67°C,  64 % |  6348 /  8192 MB | root(5808M)

2026-07-29 21:28:49,049   INFO  Train:    3/40 (  8%) [3877/9261 ( 42%)]  Loss: 1.415 (1.48)  LR: 8.645e-05  Time cost: 18:47/26:05 [1:51:44/28:06:58]  Acc_iter 22400       Data time: 0.00(0.03)  Forward time: 0.23(0.26)  Batch time: 0.23(0.29)
2026-07-29 21:29:03,236   INFO  Train:    3/40 (  8%) [3927/9261 ( 42%)]  Loss: 1.485 (1.48)  LR: 8.668e-05  Time cost: 19:02/25:50 [1:51:58/28:06:13]  Acc_iter 22450       Data time: 0.02(0.03)  Forward time: 0.23(0.26)  Batch time: 0.25(0.29)
2026-07-29 21:29:17,531   INFO  Train:    3/40 (  8%) [3977/9261 ( 43%)]  Loss: 1.558 (1.48)  LR: 8.692e-05  Time cost: 19:16/25:35 [1:52:12/28:05:37]  Acc_iter 22500       Data time: 0.01(0.03)  Forward time: 0.23(0.26)  Batch time: 0.24(0.29)
2026-07-29 21:29:18,006   INFO  a1e06a0b30c0                Wed Jul 29 21:29:17 2026  580.173.02
[0] NVIDIA GeForce RTX 3070 | 67°C,  67 % |  6338 /  8192 MB | root(5808M)

2026-07-29 21:29:33,175   INFO  Train:    3/40 (  8%) [4027/9261 ( 43%)]  Loss: 1.397 (1.48)  LR: 8.715e-05  Time cost: 19:31/25:22 [1:52:28/28:06:58]  Acc_iter 22550       Data time: 0.02(0.03)  Forward time: 0.28(0.26)  Batch time: 0.31(0.29)
2026-07-29 21:29:48,279   INFO  Train:    3/40 (  8%) [4077/9261 ( 44%)]  Loss: 1.534 (1.48)  LR: 8.738e-05  Time cost: 19:47/25:08 [1:52:43/28:07:31]  Acc_iter 22600       Data time: 0.00(0.03)  Forward time: 0.24(0.26)  Batch time: 0.24(0.29)
2026-07-29 21:30:01,636   INFO  Save latest model to /OpenPCDet/output/OpenPCDet/tools/cfgs/models/S/D/S_D_N/unfrozen_backbone_1_93/ckpt/latest_model
2026-07-29 21:30:02,429   INFO  Train:    3/40 (  8%) [4127/9261 ( 45%)]  Loss: 1.304 (1.48)  LR: 8.762e-05  Time cost: 20:01/24:53 [1:52:57/28:06:42]  Acc_iter 22650       Data time: 0.02(0.03)  Forward time: 0.23(0.26)  Batch time: 0.24(0.29)
2026-07-29 21:30:02,925   INFO  a1e06a0b30c0                Wed Jul 29 21:30:02 2026  580.173.02
[0] NVIDIA GeForce RTX 3070 | 67°C,  74 % |  6348 /  8192 MB | root(5808M)

2026-07-29 21:30:17,000   INFO  Train:    3/40 (  8%) [4177/9261 ( 45%)]  Loss: 1.206 (1.48)  LR: 8.785e-05  Time cost: 20:15/24:39 [1:53:12/28:06:30]  Acc_iter 22700       Data time: 0.03(0.03)  Forward time: 0.22(0.26)  Batch time: 0.25(0.29)
2026-07-29 21:30:31,160   INFO  Train:    3/40 (  8%) [4227/9261 ( 46%)]  Loss: 1.290 (1.48)  LR: 8.809e-05  Time cost: 20:29/24:24 [1:53:26/28:05:43]  Acc_iter 22750       Data time: 0.04(0.03)  Forward time: 0.22(0.26)  Batch time: 0.26(0.29)
2026-07-29 21:30:46,394   INFO  Train:    3/40 (  8%) [4277/9261 ( 46%)]  Loss: 1.443 (1.48)  LR: 8.832e-05  Time cost: 20:45/24:10 [1:53:41/28:06:25]  Acc_iter 22800       Data time: 0.02(0.03)  Forward time: 0.30(0.26)  Batch time: 0.32(0.29)
2026-07-29 21:30:47,041   INFO  a1e06a0b30c0                Wed Jul 29 21:30:47 2026  580.173.02
[0] NVIDIA GeForce RTX 3070 | 64°C,  55 % |  6348 /  8192 MB | root(5808M)

2026-07-29 21:31:02,201   INFO  Train:    3/40 (  8%) [4327/9261 ( 47%)]  Loss: 1.334 (1.48)  LR: 8.856e-05  Time cost: 21:00/23:57 [1:53:57/28:07:51]  Acc_iter 22850       Data time: 0.02(0.03)  Forward time: 0.27(0.26)  Batch time: 0.29(0.29)
2026-07-29 21:31:15,946   INFO  Train:    3/40 (  8%) [4377/9261 ( 47%)]  Loss: 1.421 (1.48)  LR: 8.880e-05  Time cost: 21:14/23:42 [1:54:11/28:06:31]  Acc_iter 22900       Data time: 0.01(0.03)  Forward time: 0.27(0.26)  Batch time: 0.28(0.29)
2026-07-29 21:31:29,612   INFO  Train:    3/40 (  8%) [4427/9261 ( 48%)]  Loss: 1.108 (1.47)  LR: 8.903e-05  Time cost: 21:28/23:26 [1:54:25/28:05:06]  Acc_iter 22950       Data time: 0.01(0.03)  Forward time: 0.22(0.26)  Batch time: 0.22(0.29)
2026-07-29 21:31:30,094   INFO  a1e06a0b30c0                Wed Jul 29 21:31:30 2026  580.173.02
[0] NVIDIA GeForce RTX 3070 | 67°C,  81 % |  6348 /  8192 MB | root(5808M)

2026-07-29 21:31:44,236   INFO  Train:    3/40 (  8%) [4477/9261 ( 48%)]  Loss: 1.352 (1.47)  LR: 8.927e-05  Time cost: 21:43/23:12 [1:54:39/28:04:58]  Acc_iter 23000       Data time: 0.04(0.03)  Forward time: 0.24(0.26)  Batch time: 0.28(0.29)
2026-07-29 21:31:59,317   INFO  Train:    3/40 (  8%) [4527/9261 ( 49%)]  Loss: 1.618 (1.47)  LR: 8.951e-05  Time cost: 21:58/22:58 [1:54:54/28:05:24]  Acc_iter 23050       Data time: 0.02(0.03)  Forward time: 0.38(0.26)  Batch time: 0.41(0.29)
2026-07-29 21:32:14,758   INFO  Train:    3/40 (  8%) [4577/9261 ( 49%)]  Loss: 1.401 (1.47)  LR: 8.974e-05  Time cost: 22:13/22:44 [1:55:10/28:06:17]  Acc_iter 23100       Data time: 0.00(0.03)  Forward time: 0.23(0.26)  Batch time: 0.23(0.29)
2026-07-29 21:32:15,275   INFO  a1e06a0b30c0                Wed Jul 29 21:32:15 2026  580.173.02
[0] NVIDIA GeForce RTX 3070 | 62°C,  74 % |  6348 /  8192 MB | root(5808M)

2026-07-29 21:32:28,947   INFO  Train:    3/40 (  8%) [4627/9261 ( 50%)]  Loss: 1.386 (1.47)  LR: 8.998e-05  Time cost: 22:27/22:29 [1:55:24/28:05:34]  Acc_iter 23150       Data time: 0.04(0.03)  Forward time: 0.24(0.26)  Batch time: 0.28(0.29)
2026-07-29 21:32:42,732   INFO  Train:    3/40 (  8%) [4677/9261 ( 51%)]  Loss: 1.315 (1.47)  LR: 9.022e-05  Time cost: 22:41/22:14 [1:55:38/28:04:22]  Acc_iter 23200       Data time: 0.00(0.03)  Forward time: 0.23(0.26)  Batch time: 0.23(0.29)
2026-07-29 21:32:56,942   INFO  Train:    3/40 (  8%) [4727/9261 ( 51%)]  Loss: 1.717 (1.47)  LR: 9.046e-05  Time cost: 22:55/21:59 [1:55:52/28:03:42]  Acc_iter 23250       Data time: 0.04(0.03)  Forward time: 0.22(0.26)  Batch time: 0.26(0.29)
2026-07-29 21:32:57,572   INFO  a1e06a0b30c0                Wed Jul 29 21:32:57 2026  580.173.02
[0] NVIDIA GeForce RTX 3070 | 68°C,  91 % |  6348 /  8192 MB | root(5808M)

2026-07-29 21:33:12,391   INFO  Train:    3/40 (  8%) [4777/9261 ( 52%)]  Loss: 1.595 (1.47)  LR: 9.070e-05  Time cost: 23:11/21:45 [1:56:07/28:04:33]  Acc_iter 23300       Data time: 0.06(0.03)  Forward time: 0.23(0.26)  Batch time: 0.29(0.29)
2026-07-29 21:33:28,082   INFO  Train:    3/40 (  8%) [4827/9261 ( 52%)]  Loss: 1.536 (1.47)  LR: 9.094e-05  Time cost: 23:26/21:32 [1:56:23/28:05:40]  Acc_iter 23350       Data time: 0.03(0.03)  Forward time: 0.29(0.26)  Batch time: 0.31(0.29)
2026-07-29 21:33:41,956   INFO  Train:    3/40 (  8%) [4877/9261 ( 53%)]  Loss: 1.396 (1.47)  LR: 9.118e-05  Time cost: 23:40/21:16 [1:56:37/28:04:36]  Acc_iter 23400       Data time: 0.04(0.03)  Forward time: 0.25(0.26)  Batch time: 0.29(0.29)
2026-07-29 21:33:42,489   INFO  a1e06a0b30c0                Wed Jul 29 21:33:42 2026  580.173.02
[0] NVIDIA GeForce RTX 3070 | 67°C,  49 % |  6348 /  8192 MB | root(5808M)

2026-07-29 21:33:56,222   INFO  Train:    3/40 (  8%) [4927/9261 ( 53%)]  Loss: 1.577 (1.47)  LR: 9.142e-05  Time cost: 23:54/21:02 [1:56:51/28:04:00]  Acc_iter 23450       Data time: 0.00(0.03)  Forward time: 0.25(0.26)  Batch time: 0.25(0.29)
2026-07-29 21:34:10,292   INFO  Train:    3/40 (  8%) [4977/9261 ( 54%)]  Loss: 1.607 (1.47)  LR: 9.166e-05  Time cost: 24:09/20:47 [1:57:05/28:03:12]  Acc_iter 23500       Data time: 0.04(0.03)  Forward time: 0.23(0.26)  Batch time: 0.27(0.29)
2026-07-29 21:34:24,768   INFO  Train:    3/40 (  8%) [5027/9261 ( 54%)]  Loss: 1.349 (1.47)  LR: 9.190e-05  Time cost: 24:23/20:32 [1:57:20/28:02:52]  Acc_iter 23550       Data time: 0.02(0.03)  Forward time: 0.31(0.26)  Batch time: 0.33(0.29)
2026-07-29 21:34:25,357   INFO  a1e06a0b30c0                Wed Jul 29 21:34:25 2026  580.173.02
[0] NVIDIA GeForce RTX 3070 | 63°C,  83 % |  6338 /  8192 MB | root(5808M)

2026-07-29 21:34:40,865   INFO  Train:    3/40 (  8%) [5077/9261 ( 55%)]  Loss: 1.531 (1.47)  LR: 9.214e-05  Time cost: 24:39/20:19 [1:57:36/28:04:22]  Acc_iter 23600       Data time: 0.03(0.03)  Forward time: 0.24(0.26)  Batch time: 0.27(0.29)
2026-07-29 21:34:54,962   INFO  Train:    3/40 (  8%) [5127/9261 ( 55%)]  Loss: 1.415 (1.47)  LR: 9.238e-05  Time cost: 24:53/20:04 [1:57:50/28:03:36]  Acc_iter 23650       Data time: 0.01(0.03)  Forward time: 0.28(0.26)  Batch time: 0.29(0.29)
2026-07-29 21:35:01,406   INFO  Save latest model to /OpenPCDet/output/OpenPCDet/tools/cfgs/models/S/D/S_D_N/unfrozen_backbone_1_93/ckpt/latest_model
2026-07-29 21:35:09,099   INFO  Train:    3/40 (  8%) [5177/9261 ( 56%)]  Loss: 1.474 (1.47)  LR: 9.262e-05  Time cost: 25:07/19:49 [1:58:04/28:02:53]  Acc_iter 23700       Data time: 0.02(0.03)  Forward time: 0.26(0.26)  Batch time: 0.28(0.29)
2026-07-29 21:35:09,553   INFO  a1e06a0b30c0                Wed Jul 29 21:35:09 2026  580.173.02
[0] NVIDIA GeForce RTX 3070 | 65°C,  60 % |  6348 /  8192 MB | root(5808M)

2026-07-29 21:35:23,698   INFO  Train:    3/40 (  8%) [5227/9261 ( 56%)]  Loss: 1.454 (1.47)  LR: 9.286e-05  Time cost: 25:22/19:34 [1:58:19/28:02:41]  Acc_iter 23750       Data time: 0.02(0.03)  Forward time: 0.22(0.26)  Batch time: 0.24(0.29)
2026-07-29 21:35:37,824   INFO  Train:    3/40 (  8%) [5277/9261 ( 57%)]  Loss: 1.020 (1.47)  LR: 9.310e-05  Time cost: 25:36/19:19 [1:58:33/28:01:58]  Acc_iter 23800       Data time: 0.03(0.03)  Forward time: 0.29(0.26)  Batch time: 0.31(0.29)
2026-07-29 21:35:53,400   INFO  Train:    3/40 (  8%) [5327/9261 ( 58%)]  Loss: 1.668 (1.47)  LR: 9.335e-05  Time cost: 25:52/19:06 [1:58:48/28:02:49]  Acc_iter 23850       Data time: 0.02(0.03)  Forward time: 0.28(0.26)  Batch time: 0.31(0.29)
2026-07-29 21:35:53,923   INFO  a1e06a0b30c0                Wed Jul 29 21:35:53 2026  580.173.02
[0] NVIDIA GeForce RTX 3070 | 64°C,  34 % |  6348 /  8192 MB | root(5808M)

2026-07-29 21:36:08,228   INFO  Train:    3/40 (  8%) [5377/9261 ( 58%)]  Loss: 1.297 (1.47)  LR: 9.359e-05  Time cost: 26:06/18:51 [1:59:03/28:02:52]  Acc_iter 23900       Data time: 0.04(0.03)  Forward time: 0.23(0.26)  Batch time: 0.27(0.29)
2026-07-29 21:36:22,212   INFO  Train:    3/40 (  8%) [5427/9261 ( 59%)]  Loss: 1.211 (1.47)  LR: 9.383e-05  Time cost: 26:20/18:36 [1:59:17/28:02:00]  Acc_iter 23950       Data time: 0.02(0.03)  Forward time: 0.30(0.26)  Batch time: 0.32(0.29)
2026-07-29 21:36:36,132   INFO  Train:    3/40 (  8%) [5477/9261 ( 59%)]  Loss: 1.278 (1.47)  LR: 9.407e-05  Time cost: 26:34/18:21 [1:59:31/28:01:05]  Acc_iter 24000       Data time: 0.02(0.03)  Forward time: 0.28(0.26)  Batch time: 0.30(0.29)
2026-07-29 21:36:36,707   INFO  a1e06a0b30c0                Wed Jul 29 21:36:36 2026  580.173.02
[0] NVIDIA GeForce RTX 3070 | 62°C,   2 % |  6348 /  8192 MB | root(5808M)

2026-07-29 21:36:50,886   INFO  Train:    3/40 (  8%) [5527/9261 ( 60%)]  Loss: 1.104 (1.47)  LR: 9.432e-05  Time cost: 26:49/18:07 [1:59:46/28:01:02]  Acc_iter 24050       Data time: 0.02(0.03)  Forward time: 0.32(0.26)  Batch time: 0.34(0.29)
2026-07-29 21:37:06,356   INFO  Train:    3/40 (  8%) [5577/9261 ( 60%)]  Loss: 1.241 (1.47)  LR: 9.456e-05  Time cost: 27:05/17:53 [2:00:01/28:01:44]  Acc_iter 24100       Data time: 0.02(0.03)  Forward time: 0.28(0.26)  Batch time: 0.31(0.29)
2026-07-29 21:37:21,894   INFO  Train:    3/40 (  8%) [5627/9261 ( 61%)]  Loss: 1.906 (1.47)  LR: 9.481e-05  Time cost: 27:20/17:39 [2:00:17/28:02:30]  Acc_iter 24150       Data time: 0.01(0.03)  Forward time: 0.22(0.26)  Batch time: 0.23(0.29)
2026-07-29 21:37:22,433   INFO  a1e06a0b30c0                Wed Jul 29 21:37:22 2026  580.173.02
[0] NVIDIA GeForce RTX 3070 | 66°C,  46 % |  6348 /  8192 MB | root(5808M)

2026-07-29 21:37:35,957   INFO  Train:    3/40 (  8%) [5677/9261 ( 61%)]  Loss: 1.679 (1.47)  LR: 9.505e-05  Time cost: 27:34/17:24 [2:00:31/28:01:44]  Acc_iter 24200       Data time: 0.02(0.03)  Forward time: 0.28(0.26)  Batch time: 0.30(0.29)
2026-07-29 21:37:49,838   INFO  Train:    3/40 (  8%) [5727/9261 ( 62%)]  Loss: 1.143 (1.47)  LR: 9.530e-05  Time cost: 27:48/17:09 [2:00:45/28:00:47]  Acc_iter 24250       Data time: 0.02(0.03)  Forward time: 0.27(0.26)  Batch time: 0.29(0.29)
2026-07-29 21:38:04,071   INFO  Train:    3/40 (  8%) [5777/9261 ( 62%)]  Loss: 1.210 (1.47)  LR: 9.554e-05  Time cost: 28:02/16:54 [2:00:59/28:00:13]  Acc_iter 24300       Data time: 0.00(0.03)  Forward time: 0.22(0.26)  Batch time: 0.22(0.29)
2026-07-29 21:38:04,532   INFO  a1e06a0b30c0                Wed Jul 29 21:38:04 2026  580.173.02
[0] NVIDIA GeForce RTX 3070 | 66°C,  86 % |  6348 /  8192 MB | root(5808M)

2026-07-29 21:38:19,811   INFO  Train:    3/40 (  8%) [5827/9261 ( 63%)]  Loss: 1.492 (1.47)  LR: 9.579e-05  Time cost: 28:18/16:40 [2:01:15/28:01:08]  Acc_iter 24350       Data time: 0.02(0.03)  Forward time: 0.30(0.26)  Batch time: 0.32(0.29)
2026-07-29 21:38:35,036   INFO  Train:    3/40 (  8%) [5877/9261 ( 63%)]  Loss: 1.489 (1.47)  LR: 9.603e-05  Time cost: 28:33/16:26 [2:01:30/28:01:32]  Acc_iter 24400       Data time: 0.04(0.03)  Forward time: 0.23(0.26)  Batch time: 0.27(0.29)
2026-07-29 21:38:48,703   INFO  Train:    3/40 (  8%) [5927/9261 ( 64%)]  Loss: 1.214 (1.47)  LR: 9.628e-05  Time cost: 28:47/16:11 [2:01:44/28:00:24]  Acc_iter 24450       Data time: 0.04(0.03)  Forward time: 0.21(0.26)  Batch time: 0.24(0.29)
2026-07-29 21:38:49,179   INFO  a1e06a0b30c0                Wed Jul 29 21:38:49 2026  580.173.02
[0] NVIDIA GeForce RTX 3070 | 62°C,  79 % |  6348 /  8192 MB | root(5808M)

2026-07-29 21:39:03,117   INFO  Train:    3/40 (  8%) [5977/9261 ( 65%)]  Loss: 1.370 (1.47)  LR: 9.653e-05  Time cost: 29:01/15:56 [2:01:58/28:00:01]  Acc_iter 24500       Data time: 0.00(0.03)  Forward time: 0.22(0.26)  Batch time: 0.23(0.29)
2026-07-29 21:39:17,796   INFO  Train:    3/40 (  8%) [6027/9261 ( 65%)]  Loss: 1.154 (1.47)  LR: 9.677e-05  Time cost: 29:16/15:42 [2:02:13/27:59:52]  Acc_iter 24550       Data time: 0.05(0.03)  Forward time: 0.22(0.26)  Batch time: 0.27(0.29)
2026-07-29 21:39:32,968   INFO  Train:    3/40 (  8%) [6077/9261 ( 66%)]  Loss: 1.556 (1.47)  LR: 9.702e-05  Time cost: 29:31/15:28 [2:02:28/28:00:12]  Acc_iter 24600       Data time: 0.01(0.03)  Forward time: 0.28(0.26)  Batch time: 0.29(0.29)
2026-07-29 21:39:33,567   INFO  a1e06a0b30c0                Wed Jul 29 21:39:33 2026  580.173.02
[0] NVIDIA GeForce RTX 3070 | 66°C,  52 % |  6338 /  8192 MB | root(5808M)

2026-07-29 21:39:49,170   INFO  Train:    3/40 (  8%) [6127/9261 ( 66%)]  Loss: 1.271 (1.47)  LR: 9.727e-05  Time cost: 29:47/15:14 [2:02:44/28:01:29]  Acc_iter 24650       Data time: 0.01(0.03)  Forward time: 0.31(0.26)  Batch time: 0.33(0.29)
2026-07-29 21:40:01,431   INFO  Save latest model to /OpenPCDet/output/OpenPCDet/tools/cfgs/models/S/D/S_D_N/unfrozen_backbone_1_93/ckpt/latest_model
2026-07-29 21:40:03,021   INFO  Train:    3/40 (  8%) [6177/9261 ( 67%)]  Loss: 1.212 (1.47)  LR: 9.751e-05  Time cost: 30:01/14:59 [2:02:58/28:00:34]  Acc_iter 24700       Data time: 0.05(0.03)  Forward time: 0.22(0.26)  Batch time: 0.27(0.29)
2026-07-29 21:40:16,874   INFO  Train:    3/40 (  8%) [6227/9261 ( 67%)]  Loss: 1.487 (1.47)  LR: 9.776e-05  Time cost: 30:15/14:44 [2:03:12/27:59:38]  Acc_iter 24750       Data time: 0.00(0.03)  Forward time: 0.31(0.26)  Batch time: 0.31(0.29)
2026-07-29 21:40:17,353   INFO  a1e06a0b30c0                Wed Jul 29 21:40:17 2026  580.173.02
[0] NVIDIA GeForce RTX 3070 | 63°C,  64 % |  6348 /  8192 MB | root(5808M)

2026-07-29 21:40:31,376   INFO  Train:    3/40 (  8%) [6277/9261 ( 68%)]  Loss: 1.259 (1.47)  LR: 9.801e-05  Time cost: 30:30/14:29 [2:03:26/27:59:20]  Acc_iter 24800       Data time: 0.03(0.03)  Forward time: 0.27(0.26)  Batch time: 0.31(0.29)
2026-07-29 21:40:46,481   INFO  Train:    3/40 (  8%) [6327/9261 ( 68%)]  Loss: 1.431 (1.47)  LR: 9.826e-05  Time cost: 30:45/14:15 [2:03:41/27:59:34]  Acc_iter 24850       Data time: 0.01(0.03)  Forward time: 0.29(0.26)  Batch time: 0.30(0.29)
2026-07-29 21:41:02,321   INFO  Train:    3/40 (  8%) [6377/9261 ( 69%)]  Loss: 1.182 (1.47)  LR: 9.851e-05  Time cost: 31:01/14:01 [2:03:57/28:00:28]  Acc_iter 24900       Data time: 0.06(0.03)  Forward time: 0.22(0.26)  Batch time: 0.27(0.29)
2026-07-29 21:41:02,827   INFO  a1e06a0b30c0                Wed Jul 29 21:41:02 2026  580.173.02
[0] NVIDIA GeForce RTX 3070 | 62°C,   4 % |  6352 /  8192 MB | root(5808M)

2026-07-29 21:41:16,853   INFO  Train:    3/40 (  8%) [6427/9261 ( 69%)]  Loss: 1.164 (1.47)  LR: 9.876e-05  Time cost: 31:15/13:46 [2:04:12/28:00:10]  Acc_iter 24950       Data time: 0.02(0.03)  Forward time: 0.26(0.26)  Batch time: 0.28(0.29)
2026-07-29 21:41:31,129   INFO  Train:    3/40 (  8%) [6477/9261 ( 70%)]  Loss: 1.073 (1.47)  LR: 9.901e-05  Time cost: 31:29/13:32 [2:04:26/27:59:39]  Acc_iter 25000       Data time: 0.02(0.03)  Forward time: 0.26(0.26)  Batch time: 0.28(0.29)
2026-07-29 21:41:45,193   INFO  Train:    3/40 (  8%) [6527/9261 ( 70%)]  Loss: 1.291 (1.47)  LR: 9.926e-05  Time cost: 31:43/13:17 [2:04:40/27:58:57]  Acc_iter 25050       Data time: 0.01(0.03)  Forward time: 0.24(0.26)  Batch time: 0.25(0.29)
2026-07-29 21:41:45,671   INFO  a1e06a0b30c0                Wed Jul 29 21:41:45 2026  580.173.02
[0] NVIDIA GeForce RTX 3070 | 62°C,   3 % |  6348 /  8192 MB | root(5808M)

2026-07-29 21:41:59,992   INFO  Train:    3/40 (  8%) [6577/9261 ( 71%)]  Loss: 1.375 (1.47)  LR: 9.951e-05  Time cost: 31:58/13:02 [2:04:55/27:58:53]  Acc_iter 25100       Data time: 0.01(0.03)  Forward time: 0.24(0.26)  Batch time: 0.25(0.29)
2026-07-29 21:42:15,799   INFO  Train:    3/40 (  8%) [6627/9261 ( 72%)]  Loss: 1.410 (1.46)  LR: 9.976e-05  Time cost: 32:14/12:48 [2:05:11/27:59:42]  Acc_iter 25150       Data time: 0.02(0.03)  Forward time: 0.29(0.26)  Batch time: 0.32(0.29)
2026-07-29 21:42:30,318   INFO  Train:    3/40 (  8%) [6677/9261 ( 72%)]  Loss: 1.650 (1.46)  LR: 1.000e-04  Time cost: 32:29/12:34 [2:05:25/27:59:24]  Acc_iter 25200       Data time: 0.02(0.03)  Forward time: 0.30(0.26)  Batch time: 0.32(0.29)
2026-07-29 21:42:30,782   INFO  a1e06a0b30c0                Wed Jul 29 21:42:30 2026  580.173.02
[0] NVIDIA GeForce RTX 3070 | 63°C,   2 % |  6346 /  8192 MB | root(5808M)

2026-07-29 21:42:44,994   INFO  Train:    3/40 (  8%) [6727/9261 ( 73%)]  Loss: 1.322 (1.46)  LR: 1.003e-04  Time cost: 32:43/12:19 [2:05:40/27:59:14]  Acc_iter 25250       Data time: 0.00(0.03)  Forward time: 0.21(0.26)  Batch time: 0.22(0.29)
2026-07-29 21:42:59,144   INFO  Train:    3/40 (  8%) [6777/9261 ( 73%)]  Loss: 1.707 (1.46)  LR: 1.005e-04  Time cost: 32:57/12:04 [2:05:54/27:58:36]  Acc_iter 25300       Data time: 0.03(0.03)  Forward time: 0.29(0.26)  Batch time: 0.32(0.29)
2026-07-29 21:43:13,418   INFO  Train:    3/40 (  8%) [6827/9261 ( 74%)]  Loss: 1.350 (1.46)  LR: 1.008e-04  Time cost: 33:12/11:50 [2:06:08/27:58:06]  Acc_iter 25350       Data time: 0.01(0.03)  Forward time: 0.30(0.26)  Batch time: 0.31(0.29)
2026-07-29 21:43:13,982   INFO  a1e06a0b30c0                Wed Jul 29 21:43:13 2026  580.173.02
[0] NVIDIA GeForce RTX 3070 | 67°C,  18 % |  6346 /  8192 MB | root(5808M)

2026-07-29 21:43:29,695   INFO  Train:    3/40 (  8%) [6877/9261 ( 74%)]  Loss: 1.848 (1.46)  LR: 1.010e-04  Time cost: 33:28/11:36 [2:06:25/27:59:16]  Acc_iter 25400       Data time: 0.02(0.03)  Forward time: 0.33(0.27)  Batch time: 0.35(0.29)
2026-07-29 21:43:44,115   INFO  Train:    3/40 (  8%) [6927/9261 ( 75%)]  Loss: 1.392 (1.46)  LR: 1.013e-04  Time cost: 33:42/11:21 [2:06:39/27:58:52]  Acc_iter 25450       Data time: 0.01(0.03)  Forward time: 0.31(0.27)  Batch time: 0.32(0.29)
2026-07-29 21:43:58,311   INFO  Train:    3/40 (  8%) [6977/9261 ( 75%)]  Loss: 1.424 (1.46)  LR: 1.015e-04  Time cost: 33:57/11:06 [2:06:53/27:58:18]  Acc_iter 25500       Data time: 0.00(0.03)  Forward time: 0.32(0.27)  Batch time: 0.32(0.29)
2026-07-29 21:43:58,774   INFO  a1e06a0b30c0                Wed Jul 29 21:43:58 2026  580.173.02
[0] NVIDIA GeForce RTX 3070 | 62°C,   3 % |  6348 /  8192 MB | root(5808M)

2026-07-29 21:44:12,820   INFO  Train:    3/40 (  8%) [7027/9261 ( 76%)]  Loss: 1.351 (1.46)  LR: 1.018e-04  Time cost: 34:11/10:52 [2:07:08/27:57:59]  Acc_iter 25550       Data time: 0.02(0.03)  Forward time: 0.30(0.26)  Batch time: 0.32(0.29)
2026-07-29 21:44:26,923   INFO  Train:    3/40 (  8%) [7077/9261 ( 76%)]  Loss: 1.263 (1.46)  LR: 1.020e-04  Time cost: 34:25/10:37 [2:07:22/27:57:20]  Acc_iter 25600       Data time: 0.05(0.03)  Forward time: 0.25(0.26)  Batch time: 0.30(0.29)
2026-07-29 21:44:42,876   INFO  Train:    3/40 (  8%) [7127/9261 ( 77%)]  Loss: 1.409 (1.46)  LR: 1.023e-04  Time cost: 34:41/10:23 [2:07:38/27:58:11]  Acc_iter 25650       Data time: 0.02(0.03)  Forward time: 0.32(0.27)  Batch time: 0.34(0.29)
2026-07-29 21:44:43,449   INFO  a1e06a0b30c0                Wed Jul 29 21:44:43 2026  580.173.02
[0] NVIDIA GeForce RTX 3070 | 63°C,  65 % |  6338 /  8192 MB | root(5808M)

2026-07-29 21:44:58,101   INFO  Train:    3/40 (  8%) [7177/9261 ( 77%)]  Loss: 1.363 (1.46)  LR: 1.025e-04  Time cost: 34:56/10:08 [2:07:53/27:58:27]  Acc_iter 25700       Data time: 0.02(0.03)  Forward time: 0.30(0.27)  Batch time: 0.32(0.29)
2026-07-29 21:45:01,620   INFO  Save latest model to /OpenPCDet/output/OpenPCDet/tools/cfgs/models/S/D/S_D_N/unfrozen_backbone_1_93/ckpt/latest_model
2026-07-29 21:45:12,220   INFO  Train:    3/40 (  8%) [7227/9261 ( 78%)]  Loss: 1.396 (1.46)  LR: 1.028e-04  Time cost: 35:10/09:54 [2:08:07/27:57:49]  Acc_iter 25750       Data time: 0.01(0.03)  Forward time: 0.29(0.27)  Batch time: 0.30(0.29)
2026-07-29 21:45:26,310   INFO  Train:    3/40 (  8%) [7277/9261 ( 79%)]  Loss: 1.546 (1.46)  LR: 1.030e-04  Time cost: 35:25/09:39 [2:08:21/27:57:10]  Acc_iter 25800       Data time: 0.02(0.03)  Forward time: 0.23(0.27)  Batch time: 0.24(0.29)
2026-07-29 21:45:26,801   INFO  a1e06a0b30c0                Wed Jul 29 21:45:26 2026  580.173.02
[0] NVIDIA GeForce RTX 3070 | 62°C,   1 % |  6348 /  8192 MB | root(5808M)

2026-07-29 21:45:41,091   INFO  Train:    3/40 (  8%) [7327/9261 ( 79%)]  Loss: 1.169 (1.46)  LR: 1.033e-04  Time cost: 35:39/09:24 [2:08:36/27:57:04]  Acc_iter 25850       Data time: 0.06(0.03)  Forward time: 0.26(0.27)  Batch time: 0.32(0.29)
2026-07-29 21:45:56,584   INFO  Train:    3/40 (  8%) [7377/9261 ( 80%)]  Loss: 1.677 (1.46)  LR: 1.035e-04  Time cost: 35:55/09:10 [2:08:52/27:57:31]  Acc_iter 25900       Data time: 0.02(0.03)  Forward time: 0.30(0.27)  Batch time: 0.32(0.29)
2026-07-29 21:46:11,938   INFO  Train:    3/40 (  8%) [7427/9261 ( 80%)]  Loss: 1.075 (1.46)  LR: 1.038e-04  Time cost: 36:10/08:55 [2:09:07/27:57:51]  Acc_iter 25950       Data time: 0.03(0.03)  Forward time: 0.27(0.27)  Batch time: 0.30(0.29)
2026-07-29 21:46:12,449   INFO  a1e06a0b30c0                Wed Jul 29 21:46:12 2026  580.173.02
[0] NVIDIA GeForce RTX 3070 | 66°C,  58 % |  6348 /  8192 MB | root(5808M)

2026-07-29 21:46:26,127   INFO  Train:    3/40 (  8%) [7477/9261 ( 81%)]  Loss: 1.684 (1.46)  LR: 1.041e-04  Time cost: 36:24/08:41 [2:09:21/27:57:17]  Acc_iter 26000       Data time: 0.00(0.03)  Forward time: 0.23(0.27)  Batch time: 0.23(0.29)
2026-07-29 21:46:40,137   INFO  Train:    3/40 (  8%) [7527/9261 ( 81%)]  Loss: 1.578 (1.46)  LR: 1.043e-04  Time cost: 36:38/08:26 [2:09:35/27:56:35]  Acc_iter 26050       Data time: 0.00(0.03)  Forward time: 0.30(0.27)  Batch time: 0.30(0.29)
2026-07-29 21:46:54,374   INFO  Train:    3/40 (  8%) [7577/9261 ( 82%)]  Loss: 1.030 (1.46)  LR: 1.046e-04  Time cost: 36:53/08:11 [2:09:49/27:56:04]  Acc_iter 26100       Data time: 0.02(0.03)  Forward time: 0.27(0.27)  Batch time: 0.29(0.29)
2026-07-29 21:46:54,910   INFO  a1e06a0b30c0                Wed Jul 29 21:46:54 2026  580.173.02
[0] NVIDIA GeForce RTX 3070 | 64°C,   3 % |  6348 /  8192 MB | root(5808M)

2026-07-29 21:47:09,852   INFO  Train:    3/40 (  8%) [7627/9261 ( 82%)]  Loss: 1.562 (1.46)  LR: 1.048e-04  Time cost: 37:08/07:57 [2:10:05/27:56:29]  Acc_iter 26150       Data time: 0.02(0.03)  Forward time: 0.37(0.27)  Batch time: 0.39(0.29)
2026-07-29 21:47:25,320   INFO  Train:    3/40 (  8%) [7677/9261 ( 83%)]  Loss: 1.480 (1.46)  LR: 1.051e-04  Time cost: 37:24/07:42 [2:10:20/27:56:53]  Acc_iter 26200       Data time: 0.00(0.03)  Forward time: 0.22(0.27)  Batch time: 0.22(0.29)
2026-07-29 21:47:39,510   INFO  Train:    3/40 (  8%) [7727/9261 ( 83%)]  Loss: 1.403 (1.46)  LR: 1.053e-04  Time cost: 37:38/07:28 [2:10:34/27:56:19]  Acc_iter 26250       Data time: 0.01(0.03)  Forward time: 0.24(0.27)  Batch time: 0.24(0.29)
2026-07-29 21:47:40,017   INFO  a1e06a0b30c0                Wed Jul 29 21:47:39 2026  580.173.02
[0] NVIDIA GeForce RTX 3070 | 67°C,  89 % |  6350 /  8192 MB | root(5808M)

2026-07-29 21:47:54,041   INFO  Train:    3/40 (  8%) [7777/9261 ( 84%)]  Loss: 1.616 (1.46)  LR: 1.056e-04  Time cost: 37:52/07:13 [2:10:49/27:56:01]  Acc_iter 26300       Data time: 0.02(0.03)  Forward time: 0.25(0.27)  Batch time: 0.27(0.29)
2026-07-29 21:48:08,400   INFO  Train:    3/40 (  8%) [7827/9261 ( 85%)]  Loss: 1.380 (1.46)  LR: 1.059e-04  Time cost: 38:07/06:58 [2:11:03/27:55:35]  Acc_iter 26350       Data time: 0.05(0.03)  Forward time: 0.22(0.27)  Batch time: 0.27(0.29)
2026-07-29 21:48:23,346   INFO  Train:    3/40 (  8%) [7877/9261 ( 85%)]  Loss: 1.355 (1.46)  LR: 1.061e-04  Time cost: 38:22/06:44 [2:11:18/27:55:35]  Acc_iter 26400       Data time: 0.02(0.03)  Forward time: 0.34(0.27)  Batch time: 0.36(0.29)
2026-07-29 21:48:23,900   INFO  a1e06a0b30c0                Wed Jul 29 21:48:23 2026  580.173.02
[0] NVIDIA GeForce RTX 3070 | 62°C,   2 % |  6350 /  8192 MB | root(5808M)

2026-07-29 21:48:39,260   INFO  Train:    3/40 (  8%) [7927/9261 ( 86%)]  Loss: 1.266 (1.46)  LR: 1.064e-04  Time cost: 38:38/06:30 [2:11:34/27:56:17]  Acc_iter 26450       Data time: 0.04(0.03)  Forward time: 0.23(0.27)  Batch time: 0.27(0.29)
2026-07-29 21:48:53,403   INFO  Train:    3/40 (  8%) [7977/9261 ( 86%)]  Loss: 1.179 (1.46)  LR: 1.066e-04  Time cost: 38:52/06:15 [2:11:48/27:55:42]  Acc_iter 26500       Data time: 0.02(0.03)  Forward time: 0.30(0.27)  Batch time: 0.32(0.29)
2026-07-29 21:49:07,595   INFO  Train:    3/40 (  8%) [8027/9261 ( 87%)]  Loss: 1.667 (1.46)  LR: 1.069e-04  Time cost: 39:06/06:00 [2:12:03/27:55:09]  Acc_iter 26550       Data time: 0.02(0.03)  Forward time: 0.23(0.27)  Batch time: 0.25(0.29)
2026-07-29 21:49:08,059   INFO  a1e06a0b30c0                Wed Jul 29 21:49:08 2026  580.173.02
[0] NVIDIA GeForce RTX 3070 | 66°C,  71 % |  6340 /  8192 MB | root(5808M)

2026-07-29 21:49:22,336   INFO  Train:    3/40 (  8%) [8077/9261 ( 87%)]  Loss: 1.255 (1.46)  LR: 1.071e-04  Time cost: 39:21/05:46 [2:12:17/27:55:00]  Acc_iter 26600       Data time: 0.04(0.03)  Forward time: 0.22(0.27)  Batch time: 0.26(0.29)
2026-07-29 21:49:36,714   INFO  Train:    3/40 (  8%) [8127/9261 ( 88%)]  Loss: 1.165 (1.46)  LR: 1.074e-04  Time cost: 39:35/05:31 [2:12:32/27:54:36]  Acc_iter 26650       Data time: 0.00(0.03)  Forward time: 0.23(0.27)  Batch time: 0.23(0.29)
2026-07-29 21:49:52,386   INFO  Train:    3/40 (  8%) [8177/9261 ( 88%)]  Loss: 1.586 (1.46)  LR: 1.077e-04  Time cost: 39:51/05:16 [2:12:47/27:55:06]  Acc_iter 26700       Data time: 0.02(0.03)  Forward time: 0.27(0.27)  Batch time: 0.29(0.29)
2026-07-29 21:49:52,964   INFO  a1e06a0b30c0                Wed Jul 29 21:49:52 2026  580.173.02
[0] NVIDIA GeForce RTX 3070 | 62°C,   5 % |  6340 /  8192 MB | root(5808M)

2026-07-29 21:50:01,548   INFO  Save latest model to /OpenPCDet/output/OpenPCDet/tools/cfgs/models/S/D/S_D_N/unfrozen_backbone_1_93/ckpt/latest_model
2026-07-29 21:50:07,548   INFO  Train:    3/40 (  8%) [8227/9261 ( 89%)]  Loss: 1.098 (1.46)  LR: 1.079e-04  Time cost: 40:06/05:02 [2:13:02/27:55:14]  Acc_iter 26750       Data time: 0.02(0.03)  Forward time: 0.30(0.27)  Batch time: 0.32(0.29)
2026-07-29 21:50:21,766   INFO  Train:    3/40 (  8%) [8277/9261 ( 89%)]  Loss: 1.489 (1.46)  LR: 1.082e-04  Time cost: 40:20/04:47 [2:13:17/27:54:42]  Acc_iter 26800       Data time: 0.02(0.03)  Forward time: 0.29(0.27)  Batch time: 0.32(0.29)
2026-07-29 21:50:35,663   INFO  Train:    3/40 (  8%) [8327/9261 ( 90%)]  Loss: 1.110 (1.46)  LR: 1.084e-04  Time cost: 40:34/04:33 [2:13:31/27:53:58]  Acc_iter 26850       Data time: 0.02(0.03)  Forward time: 0.28(0.27)  Batch time: 0.30(0.29)
2026-07-29 21:50:36,266   INFO  a1e06a0b30c0                Wed Jul 29 21:50:36 2026  580.173.02
[0] NVIDIA GeForce RTX 3070 | 61°C,  27 % |  6350 /  8192 MB | root(5808M)

2026-07-29 21:50:50,557   INFO  Train:    3/40 (  8%) [8377/9261 ( 90%)]  Loss: 1.526 (1.46)  LR: 1.087e-04  Time cost: 40:49/04:18 [2:13:45/27:53:54]  Acc_iter 26900       Data time: 0.04(0.03)  Forward time: 0.24(0.27)  Batch time: 0.29(0.29)
2026-07-29 21:51:06,361   INFO  Train:    3/40 (  8%) [8427/9261 ( 91%)]  Loss: 1.479 (1.46)  LR: 1.090e-04  Time cost: 41:05/04:03 [2:14:01/27:54:28]  Acc_iter 26950       Data time: 0.05(0.03)  Forward time: 0.24(0.27)  Batch time: 0.29(0.29)
2026-07-29 21:51:21,139   INFO  Train:    3/40 (  8%) [8477/9261 ( 92%)]  Loss: 1.632 (1.46)  LR: 1.092e-04  Time cost: 41:19/03:49 [2:14:16/27:54:20]  Acc_iter 27000       Data time: 0.05(0.03)  Forward time: 0.24(0.27)  Batch time: 0.29(0.29)
2026-07-29 21:51:21,655   INFO  a1e06a0b30c0                Wed Jul 29 21:51:21 2026  580.173.02
[0] NVIDIA GeForce RTX 3070 | 66°C,  93 % |  6348 /  8192 MB | root(5808M)

2026-07-29 21:51:35,627   INFO  Train:    3/40 (  8%) [8527/9261 ( 92%)]  Loss: 1.245 (1.46)  LR: 1.095e-04  Time cost: 41:34/03:34 [2:14:31/27:54:00]  Acc_iter 27050       Data time: 0.02(0.03)  Forward time: 0.28(0.27)  Batch time: 0.30(0.29)
2026-07-29 21:51:49,743   INFO  Train:    3/40 (  8%) [8577/9261 ( 93%)]  Loss: 1.181 (1.46)  LR: 1.097e-04  Time cost: 41:48/03:20 [2:14:45/27:53:25]  Acc_iter 27100       Data time: 0.05(0.03)  Forward time: 0.22(0.27)  Batch time: 0.27(0.29)
2026-07-29 21:52:04,110   INFO  Train:    3/40 (  8%) [8627/9261 ( 93%)]  Loss: 1.302 (1.46)  LR: 1.100e-04  Time cost: 42:02/03:05 [2:14:59/27:53:00]  Acc_iter 27150       Data time: 0.02(0.03)  Forward time: 0.28(0.27)  Batch time: 0.31(0.29)
2026-07-29 21:52:04,617   INFO  a1e06a0b30c0                Wed Jul 29 21:52:04 2026  580.173.02
[0] NVIDIA GeForce RTX 3070 | 66°C,  96 % |  6348 /  8192 MB | root(5808M)

2026-07-29 21:52:20,256   INFO  Train:    3/40 (  8%) [8677/9261 ( 94%)]  Loss: 1.703 (1.46)  LR: 1.103e-04  Time cost: 42:19/02:50 [2:15:15/27:53:46]  Acc_iter 27200       Data time: 0.02(0.03)  Forward time: 0.31(0.27)  Batch time: 0.33(0.29)
2026-07-29 21:52:35,205   INFO  Train:    3/40 (  8%) [8727/9261 ( 94%)]  Loss: 1.431 (1.46)  LR: 1.105e-04  Time cost: 42:33/02:36 [2:15:30/27:53:44]  Acc_iter 27250       Data time: 0.05(0.03)  Forward time: 0.24(0.27)  Batch time: 0.28(0.29)
2026-07-29 21:52:49,271   INFO  Train:    3/40 (  8%) [8777/9261 ( 95%)]  Loss: 1.506 (1.46)  LR: 1.108e-04  Time cost: 42:48/02:21 [2:15:44/27:53:07]  Acc_iter 27300       Data time: 0.01(0.03)  Forward time: 0.29(0.27)  Batch time: 0.30(0.29)
2026-07-29 21:52:49,755   INFO  a1e06a0b30c0                Wed Jul 29 21:52:49 2026  580.173.02
[0] NVIDIA GeForce RTX 3070 | 61°C,   3 % |  6348 /  8192 MB | root(5808M)

2026-07-29 21:53:04,043   INFO  Train:    3/40 (  8%) [8827/9261 ( 95%)]  Loss: 1.476 (1.46)  LR: 1.111e-04  Time cost: 43:02/02:06 [2:15:59/27:52:58]  Acc_iter 27350       Data time: 0.00(0.03)  Forward time: 0.23(0.27)  Batch time: 0.23(0.29)
2026-07-29 21:53:18,349   INFO  Train:    3/40 (  8%) [8877/9261 ( 96%)]  Loss: 2.040 (1.46)  LR: 1.113e-04  Time cost: 43:17/01:52 [2:16:13/27:52:31]  Acc_iter 27400       Data time: 0.00(0.03)  Forward time: 0.23(0.27)  Batch time: 0.23(0.29)
2026-07-29 21:53:33,769   INFO  Train:    3/40 (  8%) [8927/9261 ( 96%)]  Loss: 1.461 (1.46)  LR: 1.116e-04  Time cost: 43:32/01:37 [2:16:29/27:52:47]  Acc_iter 27450       Data time: 0.02(0.03)  Forward time: 0.34(0.27)  Batch time: 0.36(0.29)
2026-07-29 21:53:34,394   INFO  a1e06a0b30c0                Wed Jul 29 21:53:34 2026  580.173.02
[0] NVIDIA GeForce RTX 3070 | 61°C,  28 % |  6348 /  8192 MB | root(5808M)

2026-07-29 21:53:49,261   INFO  Train:    3/40 (  8%) [8977/9261 ( 97%)]  Loss: 1.338 (1.46)  LR: 1.118e-04  Time cost: 43:48/01:23 [2:16:44/27:53:05]  Acc_iter 27500       Data time: 0.00(0.03)  Forward time: 0.22(0.27)  Batch time: 0.23(0.29)
2026-07-29 21:54:03,279   INFO  Train:    3/40 (  8%) [9027/9261 ( 97%)]  Loss: 1.455 (1.45)  LR: 1.121e-04  Time cost: 44:02/01:08 [2:16:58/27:52:27]  Acc_iter 27550       Data time: 0.00(0.03)  Forward time: 0.23(0.27)  Batch time: 0.23(0.29)
2026-07-29 21:54:17,484   INFO  Train:    3/40 (  8%) [9077/9261 ( 98%)]  Loss: 1.171 (1.45)  LR: 1.124e-04  Time cost: 44:16/00:53 [2:17:12/27:51:56]  Acc_iter 27600       Data time: 0.02(0.03)  Forward time: 0.22(0.27)  Batch time: 0.24(0.29)
2026-07-29 21:54:17,984   INFO  a1e06a0b30c0                Wed Jul 29 21:54:17 2026  580.173.02
[0] NVIDIA GeForce RTX 3070 | 66°C,  90 % |  6338 /  8192 MB | root(5808M)

2026-07-29 21:54:32,525   INFO  Train:    3/40 (  8%) [9127/9261 ( 99%)]  Loss: 1.479 (1.45)  LR: 1.126e-04  Time cost: 44:31/00:39 [2:17:27/27:51:57]  Acc_iter 27650       Data time: 0.05(0.03)  Forward time: 0.23(0.27)  Batch time: 0.28(0.29)
2026-07-29 21:54:47,602   INFO  Train:    3/40 (  8%) [9177/9261 ( 99%)]  Loss: 1.137 (1.45)  LR: 1.129e-04  Time cost: 44:46/00:24 [2:17:43/27:51:59]  Acc_iter 27700       Data time: 0.03(0.03)  Forward time: 0.29(0.27)  Batch time: 0.32(0.29)
2026-07-29 21:55:01,418   INFO  Save latest model to /OpenPCDet/output/OpenPCDet/tools/cfgs/models/S/D/S_D_N/unfrozen_backbone_1_93/ckpt/latest_model
2026-07-29 21:55:02,765   INFO  Train:    3/40 (  8%) [9227/9261 (100%)]  Loss: 1.541 (1.45)  LR: 1.132e-04  Time cost: 45:01/00:09 [2:17:58/27:52:04]  Acc_iter 27750       Data time: 0.04(0.03)  Forward time: 0.23(0.27)  Batch time: 0.27(0.29)
2026-07-29 21:55:03,292   INFO  a1e06a0b30c0                Wed Jul 29 21:55:03 2026  580.173.02
[0] NVIDIA GeForce RTX 3070 | 61°C,  94 % |  6348 /  8192 MB | root(5808M)

2026-07-29 21:55:11,770   INFO  Train:    3/40 (  8%) [9260/9261 (100%)]  Loss: 1.700 (1.45)  LR: 1.133e-04  Time cost: 45:10/00:00 [2:18:07/27:51:30]  Acc_iter 27783       Data time: 0.02(0.03)  Forward time: 0.11(0.27)  Batch time: 0.13(0.29)
2026-07-29 21:55:14,873   INFO  Train:    4/40 ( 10%) [   0/9261 (  0%)]  Loss: 1.369 (1.37)  LR: 1.133e-04  Time cost: 00:02/5:48:05 [2:18:10/214:39:21]  Acc_iter 27784       Data time: 1.76(1.76)  Forward time: 0.48(0.48)  Batch time: 2.24(2.24)
2026-07-29 21:55:19,848   INFO  Train:    4/40 ( 10%) [  16/9261 (  0%)]  Loss: 1.389 (1.54)  LR: 1.134e-04  Time cost: 00:07/1:05:32 [2:18:15/40:28:57]  Acc_iter 27800       Data time: 0.04(0.13)  Forward time: 0.33(0.29)  Batch time: 0.37(0.42)
2026-07-29 21:55:33,439   INFO  Train:    4/40 ( 10%) [  66/9261 (  1%)]  Loss: 1.530 (1.42)  LR: 1.137e-04  Time cost: 00:20/47:37 [2:18:28/29:34:27]  Acc_iter 27850       Data time: 0.05(0.05)  Forward time: 0.24(0.26)  Batch time: 0.29(0.31)
2026-07-29 21:55:47,806   INFO  Train:    4/40 ( 10%) [ 116/9261 (  1%)]  Loss: 1.587 (1.44)  LR: 1.140e-04  Time cost: 00:35/45:50 [2:18:43/28:37:00]  Acc_iter 27900       Data time: 0.02(0.04)  Forward time: 0.24(0.26)  Batch time: 0.26(0.30)
2026-07-29 21:55:48,373   INFO  a1e06a0b30c0                Wed Jul 29 21:55:48 2026  580.173.02
[0] NVIDIA GeForce RTX 3070 | 62°C,  92 % |  6348 /  8192 MB | root(5808M)

2026-07-29 21:56:04,069   INFO  Train:    4/40 ( 10%) [ 166/9261 (  2%)]  Loss: 1.488 (1.42)  LR: 1.142e-04  Time cost: 00:51/46:42 [2:18:59/29:18:38]  Acc_iter 27950       Data time: 0.02(0.04)  Forward time: 0.35(0.27)  Batch time: 0.37(0.31)
2026-07-29 21:56:18,657   INFO  Train:    4/40 ( 10%) [ 216/9261 (  2%)]  Loss: 1.502 (1.42)  LR: 1.145e-04  Time cost: 01:06/45:52 [2:19:14/28:56:55]  Acc_iter 28000       Data time: 0.02(0.03)  Forward time: 0.31(0.27)  Batch time: 0.33(0.30)
2026-07-29 21:56:32,507   INFO  Train:    4/40 ( 10%) [ 266/9261 (  3%)]  Loss: 1.305 (1.42)  LR: 1.147e-04  Time cost: 01:19/44:51 [2:19:27/28:27:27]  Acc_iter 28050       Data time: 0.00(0.03)  Forward time: 0.22(0.27)  Batch time: 0.23(0.30)
2026-07-29 21:56:33,002   INFO  a1e06a0b30c0                Wed Jul 29 21:56:32 2026  580.173.02
[0] NVIDIA GeForce RTX 3070 | 65°C,  57 % |  6348 /  8192 MB | root(5808M)

2026-07-29 21:56:47,078   INFO  Train:    4/40 ( 10%) [ 316/9261 (  3%)]  Loss: 1.601 (1.41)  LR: 1.150e-04  Time cost: 01:34/44:25 [2:19:42/28:20:11]  Acc_iter 28100       Data time: 0.04(0.03)  Forward time: 0.22(0.27)  Batch time: 0.26(0.30)
2026-07-29 21:57:01,209   INFO  Train:    4/40 ( 10%) [ 366/9261 (  4%)]  Loss: 1.813 (1.41)  LR: 1.153e-04  Time cost: 01:48/43:51 [2:19:56/28:08:00]  Acc_iter 28150       Data time: 0.03(0.03)  Forward time: 0.32(0.27)  Batch time: 0.34(0.30)
2026-07-29 21:57:16,090   INFO  Train:    4/40 ( 10%) [ 416/9261 (  4%)]  Loss: 1.767 (1.41)  LR: 1.155e-04  Time cost: 02:03/43:38 [2:20:11/28:08:56]  Acc_iter 28200       Data time: 0.01(0.03)  Forward time: 0.29(0.27)  Batch time: 0.30(0.30)
2026-07-29 21:57:16,647   INFO  a1e06a0b30c0                Wed Jul 29 21:57:16 2026  580.173.02
[0] NVIDIA GeForce RTX 3070 | 67°C,  33 % |  6348 /  8192 MB | root(5808M)

2026-07-29 21:57:32,080   INFO  Train:    4/40 ( 10%) [ 466/9261 (  5%)]  Loss: 1.127 (1.40)  LR: 1.158e-04  Time cost: 02:19/43:46 [2:20:27/28:23:10]  Acc_iter 28250       Data time: 0.00(0.03)  Forward time: 0.23(0.27)  Batch time: 0.23(0.30)
2026-07-29 21:57:46,083   INFO  Train:    4/40 ( 10%) [ 516/9261 (  6%)]  Loss: 1.449 (1.41)  LR: 1.161e-04  Time cost: 02:33/43:15 [2:20:41/28:12:40]  Acc_iter 28300       Data time: 0.02(0.03)  Forward time: 0.33(0.27)  Batch time: 0.35(0.30)
2026-07-29 21:57:59,746   INFO  Train:    4/40 ( 10%) [ 566/9261 (  6%)]  Loss: 1.262 (1.41)  LR: 1.163e-04  Time cost: 02:47/42:42 [2:20:55/28:00:34]  Acc_iter 28350       Data time: 0.04(0.03)  Forward time: 0.22(0.27)  Batch time: 0.26(0.29)
2026-07-29 21:58:00,201   INFO  a1e06a0b30c0                Wed Jul 29 21:58:00 2026  580.173.02
[0] NVIDIA GeForce RTX 3070 | 66°C,  54 % |  6348 /  8192 MB | root(5808M)

2026-07-29 21:58:14,199   INFO  Train:    4/40 ( 10%) [ 616/9261 (  7%)]  Loss: 1.593 (1.41)  LR: 1.166e-04  Time cost: 03:01/42:24 [2:21:09/27:57:41]  Acc_iter 28400       Data time: 0.00(0.03)  Forward time: 0.23(0.27)  Batch time: 0.23(0.29)
2026-07-29 21:58:28,925   INFO  Train:    4/40 ( 10%) [ 666/9261 (  7%)]  Loss: 1.513 (1.41)  LR: 1.169e-04  Time cost: 03:16/42:09 [2:21:24/27:57:33]  Acc_iter 28450       Data time: 0.02(0.03)  Forward time: 0.32(0.27)  Batch time: 0.34(0.29)
2026-07-29 21:58:44,683   INFO  Train:    4/40 ( 10%) [ 716/9261 (  8%)]  Loss: 1.335 (1.41)  LR: 1.171e-04  Time cost: 03:32/42:07 [2:21:40/28:05:35]  Acc_iter 28500       Data time: 0.03(0.03)  Forward time: 0.28(0.27)  Batch time: 0.31(0.30)
2026-07-29 21:58:45,232   INFO  a1e06a0b30c0                Wed Jul 29 21:58:45 2026  580.173.02
[0] NVIDIA GeForce RTX 3070 | 61°C,  46 % |  6354 /  8192 MB | root(5808M)

2026-07-29 21:58:59,267   INFO  Train:    4/40 ( 10%) [ 766/9261 (  8%)]  Loss: 1.225 (1.41)  LR: 1.174e-04  Time cost: 03:46/41:50 [2:21:54/28:03:49]  Acc_iter 28550       Data time: 0.01(0.03)  Forward time: 0.27(0.27)  Batch time: 0.28(0.30)
2026-07-29 21:59:13,225   INFO  Train:    4/40 ( 10%) [ 816/9261 (  9%)]  Loss: 1.430 (1.42)  LR: 1.177e-04  Time cost: 04:00/41:27 [2:22:08/27:57:52]  Acc_iter 28600       Data time: 0.02(0.03)  Forward time: 0.28(0.27)  Batch time: 0.30(0.29)
2026-07-29 21:59:27,177   INFO  Train:    4/40 ( 10%) [ 866/9261 (  9%)]  Loss: 1.195 (1.42)  LR: 1.180e-04  Time cost: 04:14/41:04 [2:22:22/27:52:33]  Acc_iter 28650       Data time: 0.04(0.03)  Forward time: 0.22(0.27)  Batch time: 0.26(0.29)
2026-07-29 21:59:27,673   INFO  a1e06a0b30c0                Wed Jul 29 21:59:27 2026  580.173.02
[0] NVIDIA GeForce RTX 3070 | 66°C,  67 % |  6338 /  8192 MB | root(5808M)

2026-07-29 21:59:41,922   INFO  Train:    4/40 ( 10%) [ 916/9261 ( 10%)]  Loss: 1.481 (1.41)  LR: 1.182e-04  Time cost: 04:29/40:50 [2:22:37/27:52:42]  Acc_iter 28700       Data time: 0.02(0.03)  Forward time: 0.30(0.27)  Batch time: 0.32(0.29)
2026-07-29 21:59:57,535   INFO  Train:    4/40 ( 10%) [ 966/9261 ( 10%)]  Loss: 1.306 (1.41)  LR: 1.185e-04  Time cost: 04:44/40:44 [2:22:52/27:57:56]  Acc_iter 28750       Data time: 0.05(0.03)  Forward time: 0.24(0.27)  Batch time: 0.29(0.29)
2026-07-29 22:00:12,319   INFO  Train:    4/40 ( 10%) [1016/9261 ( 11%)]  Loss: 1.465 (1.42)  LR: 1.188e-04  Time cost: 04:59/40:29 [2:23:07/27:57:58]  Acc_iter 28800       Data time: 0.04(0.03)  Forward time: 0.24(0.27)  Batch time: 0.28(0.29)
2026-07-29 22:00:12,837   INFO  a1e06a0b30c0                Wed Jul 29 22:00:12 2026  580.173.02
[0] NVIDIA GeForce RTX 3070 | 62°C,   3 % |  6348 /  8192 MB | root(5808M)

2026-07-29 22:00:12,945   INFO  Save latest model to /OpenPCDet/output/OpenPCDet/tools/cfgs/models/S/D/S_D_N/unfrozen_backbone_1_93/ckpt/latest_model
2026-07-29 22:00:26,832   INFO  Train:    4/40 ( 10%) [1066/9261 ( 12%)]  Loss: 1.462 (1.42)  LR: 1.190e-04  Time cost: 05:14/40:13 [2:23:22/27:56:33]  Acc_iter 28850       Data time: 0.02(0.03)  Forward time: 0.32(0.27)  Batch time: 0.34(0.29)
2026-07-29 22:00:40,591   INFO  Train:    4/40 ( 10%) [1116/9261 ( 12%)]  Loss: 1.704 (1.42)  LR: 1.193e-04  Time cost: 05:27/39:51 [2:23:36/27:51:23]  Acc_iter 28900       Data time: 0.02(0.03)  Forward time: 0.31(0.27)  Batch time: 0.33(0.29)
2026-07-29 22:00:55,022   INFO  Train:    4/40 ( 10%) [1166/9261 ( 13%)]  Loss: 1.397 (1.42)  LR: 1.196e-04  Time cost: 05:42/39:35 [2:23:50/27:49:55]  Acc_iter 28950       Data time: 0.02(0.03)  Forward time: 0.30(0.27)  Batch time: 0.32(0.29)
2026-07-29 22:00:55,647   INFO  a1e06a0b30c0                Wed Jul 29 22:00:55 2026  580.173.02
[0] NVIDIA GeForce RTX 3070 | 68°C,  62 % |  6348 /  8192 MB | root(5808M)

2026-07-29 22:01:11,363   INFO  Train:    4/40 ( 10%) [1216/9261 ( 13%)]  Loss: 0.9387 (1.42)  LR: 1.198e-04  Time cost: 05:58/39:31 [2:24:06/27:57:29]  Acc_iter 29000       Data time: 0.02(0.03)  Forward time: 0.35(0.27)  Batch time: 0.37(0.29)
2026-07-29 22:01:26,000   INFO  Train:    4/40 ( 10%) [1266/9261 ( 14%)]  Loss: 1.306 (1.42)  LR: 1.201e-04  Time cost: 06:13/39:16 [2:24:21/27:56:47]  Acc_iter 29050       Data time: 0.01(0.03)  Forward time: 0.30(0.27)  Batch time: 0.31(0.29)
2026-07-29 22:01:39,974   INFO  Train:    4/40 ( 10%) [1316/9261 ( 14%)]  Loss: 1.631 (1.42)  LR: 1.204e-04  Time cost: 06:27/38:56 [2:24:35/27:53:15]  Acc_iter 29100       Data time: 0.02(0.03)  Forward time: 0.29(0.27)  Batch time: 0.31(0.29)
2026-07-29 22:01:40,453   INFO  a1e06a0b30c0                Wed Jul 29 22:01:40 2026  580.173.02
[0] NVIDIA GeForce RTX 3070 | 64°C,  68 % |  6348 /  8192 MB | root(5808M)

2026-07-29 22:01:54,429   INFO  Train:    4/40 ( 10%) [1366/9261 ( 15%)]  Loss: 1.345 (1.42)  LR: 1.206e-04  Time cost: 06:41/38:40 [2:24:49/27:51:57]  Acc_iter 29150       Data time: 0.00(0.03)  Forward time: 0.23(0.27)  Batch time: 0.23(0.29)
2026-07-29 22:02:08,922   INFO  Train:    4/40 ( 10%) [1416/9261 ( 15%)]  Loss: 1.310 (1.42)  LR: 1.209e-04  Time cost: 06:56/38:24 [2:25:04/27:50:54]  Acc_iter 29200       Data time: 0.01(0.03)  Forward time: 0.22(0.27)  Batch time: 0.23(0.29)
2026-07-29 22:02:24,328   INFO  Train:    4/40 ( 10%) [1466/9261 ( 16%)]  Loss: 1.386 (1.42)  LR: 1.212e-04  Time cost: 07:11/38:13 [2:25:19/27:53:26]  Acc_iter 29250       Data time: 0.03(0.03)  Forward time: 0.31(0.27)  Batch time: 0.34(0.29)
2026-07-29 22:02:24,976   INFO  a1e06a0b30c0                Wed Jul 29 22:02:24 2026  580.173.02
[0] NVIDIA GeForce RTX 3070 | 61°C,   2 % |  6348 /  8192 MB | root(5808M)

2026-07-29 22:02:40,097   INFO  Train:    4/40 ( 10%) [1516/9261 ( 16%)]  Loss: 1.467 (1.41)  LR: 1.215e-04  Time cost: 07:27/38:04 [2:25:35/27:57:08]  Acc_iter 29300       Data time: 0.02(0.03)  Forward time: 0.27(0.27)  Batch time: 0.30(0.29)
2026-07-29 22:02:53,960   INFO  Train:    4/40 ( 10%) [1566/9261 ( 17%)]  Loss: 1.503 (1.41)  LR: 1.217e-04  Time cost: 07:41/37:45 [2:25:49/27:53:41]  Acc_iter 29350       Data time: 0.01(0.03)  Forward time: 0.27(0.27)  Batch time: 0.28(0.29)
2026-07-29 22:03:08,247   INFO  Train:    4/40 ( 10%) [1616/9261 ( 17%)]  Loss: 1.572 (1.41)  LR: 1.220e-04  Time cost: 07:55/37:28 [2:26:03/27:51:54]  Acc_iter 29400       Data time: 0.02(0.03)  Forward time: 0.27(0.27)  Batch time: 0.29(0.29)
2026-07-29 22:03:08,732   INFO  a1e06a0b30c0                Wed Jul 29 22:03:08 2026  580.173.02
[0] NVIDIA GeForce RTX 3070 | 61°C,   2 % |  6348 /  8192 MB | root(5808M)

2026-07-29 22:03:23,088   INFO  Train:    4/40 ( 10%) [1666/9261 ( 18%)]  Loss: 1.285 (1.41)  LR: 1.223e-04  Time cost: 08:10/37:14 [2:26:18/27:52:07]  Acc_iter 29450       Data time: 0.00(0.03)  Forward time: 0.23(0.27)  Batch time: 0.23(0.29)
2026-07-29 22:03:38,232   INFO  Train:    4/40 ( 10%) [1716/9261 ( 19%)]  Loss: 1.463 (1.41)  LR: 1.225e-04  Time cost: 08:25/37:01 [2:26:33/27:53:18]  Acc_iter 29500       Data time: 0.05(0.03)  Forward time: 0.24(0.27)  Batch time: 0.30(0.29)
2026-07-29 22:03:54,120   INFO  Train:    4/40 ( 10%) [1766/9261 ( 19%)]  Loss: 1.318 (1.41)  LR: 1.228e-04  Time cost: 08:41/36:52 [2:26:49/27:56:48]  Acc_iter 29550       Data time: 0.02(0.03)  Forward time: 0.29(0.27)  Batch time: 0.32(0.30)
2026-07-29 22:03:54,615   INFO  a1e06a0b30c0                Wed Jul 29 22:03:54 2026  580.173.02
[0] NVIDIA GeForce RTX 3070 | 65°C,  98 % |  6352 /  8192 MB | root(5808M)

2026-07-29 22:04:08,563   INFO  Train:    4/40 ( 10%) [1816/9261 ( 20%)]  Loss: 1.472 (1.41)  LR: 1.231e-04  Time cost: 08:55/36:35 [2:27:03/27:55:34]  Acc_iter 29600       Data time: 0.01(0.03)  Forward time: 0.23(0.27)  Batch time: 0.24(0.29)
2026-07-29 22:04:22,585   INFO  Train:    4/40 ( 10%) [1866/9261 ( 20%)]  Loss: 1.417 (1.41)  LR: 1.234e-04  Time cost: 09:09/36:18 [2:27:18/27:53:07]  Acc_iter 29650       Data time: 0.04(0.03)  Forward time: 0.31(0.27)  Batch time: 0.35(0.29)
2026-07-29 22:04:36,764   INFO  Train:    4/40 ( 10%) [1916/9261 ( 21%)]  Loss: 1.337 (1.41)  LR: 1.236e-04  Time cost: 09:24/36:01 [2:27:32/27:51:15]  Acc_iter 29700       Data time: 0.04(0.03)  Forward time: 0.22(0.27)  Batch time: 0.26(0.29)
2026-07-29 22:04:37,228   INFO  a1e06a0b30c0                Wed Jul 29 22:04:37 2026  580.173.02
[0] NVIDIA GeForce RTX 3070 | 67°C,  65 % |  6338 /  8192 MB | root(5808M)

2026-07-29 22:04:52,099   INFO  Train:    4/40 ( 10%) [1966/9261 ( 21%)]  Loss: 1.147 (1.41)  LR: 1.239e-04  Time cost: 09:39/35:49 [2:27:47/27:52:48]  Acc_iter 29750       Data time: 0.00(0.03)  Forward time: 0.22(0.27)  Batch time: 0.22(0.29)
2026-07-29 22:05:07,617   INFO  Train:    4/40 ( 10%) [2016/9261 ( 22%)]  Loss: 1.226 (1.41)  LR: 1.242e-04  Time cost: 09:54/35:37 [2:28:03/27:54:46]  Acc_iter 29800       Data time: 0.02(0.03)  Forward time: 0.33(0.27)  Batch time: 0.35(0.29)
2026-07-29 22:05:12,821   INFO  Save latest model to /OpenPCDet/output/OpenPCDet/tools/cfgs/models/S/D/S_D_N/unfrozen_backbone_1_93/ckpt/latest_model
2026-07-29 22:05:21,732   INFO  Train:    4/40 ( 10%) [2066/9261 ( 22%)]  Loss: 1.570 (1.41)  LR: 1.244e-04  Time cost: 10:09/35:20 [2:28:17/27:52:47]  Acc_iter 29850       Data time: 0.02(0.03)  Forward time: 0.24(0.27)  Batch time: 0.26(0.29)
2026-07-29 22:05:22,318   INFO  a1e06a0b30c0                Wed Jul 29 22:05:22 2026  580.173.02
[0] NVIDIA GeForce RTX 3070 | 61°C,  65 % |  6348 /  8192 MB | root(5808M)

2026-07-29 22:05:36,074   INFO  Train:    4/40 ( 10%) [2116/9261 ( 23%)]  Loss: 1.306 (1.41)  LR: 1.247e-04  Time cost: 10:23/35:04 [2:28:31/27:51:29]  Acc_iter 29900       Data time: 0.01(0.03)  Forward time: 0.26(0.27)  Batch time: 0.26(0.29)
2026-07-29 22:05:50,251   INFO  Train:    4/40 ( 10%) [2166/9261 ( 23%)]  Loss: 1.329 (1.41)  LR: 1.250e-04  Time cost: 10:37/34:47 [2:28:45/27:49:48]  Acc_iter 29950       Data time: 0.01(0.03)  Forward time: 0.28(0.27)  Batch time: 0.29(0.29)
2026-07-29 22:06:04,459   INFO  Train:    4/40 ( 10%) [2216/9261 ( 24%)]  Loss: 1.568 (1.41)  LR: 1.253e-04  Time cost: 10:51/34:31 [2:28:59/27:48:16]  Acc_iter 30000       Data time: 0.02(0.03)  Forward time: 0.29(0.27)  Batch time: 0.31(0.29)
2026-07-29 22:06:04,946   INFO  a1e06a0b30c0                Wed Jul 29 22:06:04 2026  580.173.02
[0] NVIDIA GeForce RTX 3070 | 63°C,   3 % |  6344 /  8192 MB | root(5808M)

2026-07-29 22:06:20,624   INFO  Train:    4/40 ( 10%) [2266/9261 ( 24%)]  Loss: 1.597 (1.41)  LR: 1.255e-04  Time cost: 11:08/34:21 [2:29:16/27:51:41]  Acc_iter 30050       Data time: 0.02(0.03)  Forward time: 0.29(0.27)  Batch time: 0.30(0.29)
2026-07-29 22:06:35,340   INFO  Train:    4/40 ( 10%) [2316/9261 ( 25%)]  Loss: 1.655 (1.41)  LR: 1.258e-04  Time cost: 11:22/34:06 [2:29:30/27:51:24]  Acc_iter 30100       Data time: 0.01(0.03)  Forward time: 0.29(0.27)  Batch time: 0.30(0.29)
2026-07-29 22:06:49,152   INFO  Train:    4/40 ( 10%) [2366/9261 ( 26%)]  Loss: 1.594 (1.41)  LR: 1.261e-04  Time cost: 11:36/33:48 [2:29:44/27:48:57]  Acc_iter 30150       Data time: 0.04(0.03)  Forward time: 0.22(0.27)  Batch time: 0.26(0.29)
2026-07-29 22:06:49,667   INFO  a1e06a0b30c0                Wed Jul 29 22:06:49 2026  580.173.02
[0] NVIDIA GeForce RTX 3070 | 65°C, 100 % |  6346 /  8192 MB | root(5808M)

2026-07-29 22:07:03,382   INFO  Train:    4/40 ( 10%) [2416/9261 ( 26%)]  Loss: 1.156 (1.41)  LR: 1.264e-04  Time cost: 11:50/33:32 [2:29:58/27:47:34]  Acc_iter 30200       Data time: 0.02(0.03)  Forward time: 0.31(0.27)  Batch time: 0.33(0.29)
2026-07-29 22:07:17,952   INFO  Train:    4/40 ( 10%) [2466/9261 ( 27%)]  Loss: 1.238 (1.41)  LR: 1.266e-04  Time cost: 12:05/33:17 [2:30:13/27:47:01]  Acc_iter 30250       Data time: 0.02(0.03)  Forward time: 0.36(0.27)  Batch time: 0.38(0.29)
2026-07-29 22:07:33,805   INFO  Train:    4/40 ( 10%) [2516/9261 ( 27%)]  Loss: 1.337 (1.41)  LR: 1.269e-04  Time cost: 12:21/33:06 [2:30:29/27:49:22]  Acc_iter 30300       Data time: 0.02(0.03)  Forward time: 0.34(0.27)  Batch time: 0.37(0.29)
2026-07-29 22:07:34,403   INFO  a1e06a0b30c0                Wed Jul 29 22:07:34 2026  580.173.02
[0] NVIDIA GeForce RTX 3070 | 61°C,  32 % |  6346 /  8192 MB | root(5808M)

2026-07-29 22:07:49,140   INFO  Train:    4/40 ( 10%) [2566/9261 ( 28%)]  Loss: 1.261 (1.41)  LR: 1.272e-04  Time cost: 12:36/32:53 [2:30:44/27:50:28]  Acc_iter 30350       Data time: 0.02(0.03)  Forward time: 0.26(0.27)  Batch time: 0.28(0.29)
2026-07-29 22:08:03,251   INFO  Train:    4/40 ( 10%) [2616/9261 ( 28%)]  Loss: 1.584 (1.41)  LR: 1.275e-04  Time cost: 12:50/32:36 [2:30:58/27:48:52]  Acc_iter 30400       Data time: 0.03(0.03)  Forward time: 0.36(0.27)  Batch time: 0.39(0.29)
2026-07-29 22:08:17,155   INFO  Train:    4/40 ( 10%) [2666/9261 ( 29%)]  Loss: 0.9985 (1.41)  LR: 1.277e-04  Time cost: 13:04/32:20 [2:31:12/27:46:53]  Acc_iter 30450       Data time: 0.05(0.03)  Forward time: 0.22(0.27)  Batch time: 0.27(0.29)
2026-07-29 22:08:17,708   INFO  a1e06a0b30c0                Wed Jul 29 22:08:17 2026  580.173.02
[0] NVIDIA GeForce RTX 3070 | 65°C,  73 % |  6348 /  8192 MB | root(5808M)

2026-07-29 22:08:31,935   INFO  Train:    4/40 ( 10%) [2716/9261 ( 29%)]  Loss: 1.808 (1.41)  LR: 1.280e-04  Time cost: 13:19/32:05 [2:31:27/27:46:47]  Acc_iter 30500       Data time: 0.02(0.03)  Forward time: 0.23(0.27)  Batch time: 0.25(0.29)
2026-07-29 22:08:47,557   INFO  Train:    4/40 ( 10%) [2766/9261 ( 30%)]  Loss: 1.284 (1.41)  LR: 1.283e-04  Time cost: 13:34/31:52 [2:31:42/27:48:25]  Acc_iter 30550       Data time: 0.03(0.03)  Forward time: 0.35(0.27)  Batch time: 0.38(0.29)
2026-07-29 22:09:02,568   INFO  Train:    4/40 ( 10%) [2816/9261 ( 30%)]  Loss: 1.404 (1.41)  LR: 1.286e-04  Time cost: 13:49/31:38 [2:31:57/27:48:44]  Acc_iter 30600       Data time: 0.05(0.03)  Forward time: 0.22(0.27)  Batch time: 0.27(0.29)
2026-07-29 22:09:03,091   INFO  a1e06a0b30c0                Wed Jul 29 22:09:03 2026  580.173.02
[0] NVIDIA GeForce RTX 3070 | 67°C,  45 % |  6350 /  8192 MB | root(5808M)

2026-07-29 22:09:16,796   INFO  Train:    4/40 ( 10%) [2866/9261 ( 31%)]  Loss: 1.385 (1.41)  LR: 1.288e-04  Time cost: 14:04/31:22 [2:32:12/27:47:30]  Acc_iter 30650       Data time: 0.04(0.03)  Forward time: 0.25(0.27)  Batch time: 0.29(0.29)
2026-07-29 22:09:30,996   INFO  Train:    4/40 ( 10%) [2916/9261 ( 31%)]  Loss: 1.597 (1.41)  LR: 1.291e-04  Time cost: 14:18/31:07 [2:32:26/27:46:14]  Acc_iter 30700       Data time: 0.05(0.03)  Forward time: 0.24(0.27)  Batch time: 0.28(0.29)
2026-07-29 22:09:45,181   INFO  Train:    4/40 ( 10%) [2966/9261 ( 32%)]  Loss: 1.678 (1.41)  LR: 1.294e-04  Time cost: 14:32/30:51 [2:32:40/27:44:59]  Acc_iter 30750       Data time: 0.01(0.03)  Forward time: 0.30(0.27)  Batch time: 0.31(0.29)
2026-07-29 22:09:45,765   INFO  a1e06a0b30c0                Wed Jul 29 22:09:45 2026  580.173.02
[0] NVIDIA GeForce RTX 3070 | 61°C,   3 % |  6340 /  8192 MB | root(5808M)

2026-07-29 22:10:00,702   INFO  Train:    4/40 ( 10%) [3016/9261 ( 33%)]  Loss: 1.633 (1.41)  LR: 1.297e-04  Time cost: 14:48/30:38 [2:32:56/27:46:16]  Acc_iter 30800       Data time: 0.04(0.03)  Forward time: 0.31(0.27)  Batch time: 0.34(0.29)
2026-07-29 22:10:12,956   INFO  Save latest model to /OpenPCDet/output/OpenPCDet/tools/cfgs/models/S/D/S_D_N/unfrozen_backbone_1_93/ckpt/latest_model
2026-07-29 22:10:16,683   INFO  Train:    4/40 ( 10%) [3066/9261 ( 33%)]  Loss: 1.532 (1.41)  LR: 1.299e-04  Time cost: 15:04/30:26 [2:33:12/27:48:21]  Acc_iter 30850       Data time: 0.01(0.03)  Forward time: 0.31(0.27)  Batch time: 0.33(0.29)
2026-07-29 22:10:30,775   INFO  Train:    4/40 ( 10%) [3116/9261 ( 34%)]  Loss: 1.461 (1.41)  LR: 1.302e-04  Time cost: 15:18/30:10 [2:33:26/27:46:56]  Acc_iter 30900       Data time: 0.02(0.03)  Forward time: 0.29(0.27)  Batch time: 0.30(0.29)
2026-07-29 22:10:31,228   INFO  a1e06a0b30c0                Wed Jul 29 22:10:31 2026  580.173.02
[0] NVIDIA GeForce RTX 3070 | 65°C,  35 % |  6350 /  8192 MB | root(5808M)

2026-07-29 22:10:44,904   INFO  Train:    4/40 ( 10%) [3166/9261 ( 34%)]  Loss: 1.832 (1.41)  LR: 1.305e-04  Time cost: 15:32/29:54 [2:33:40/27:45:37]  Acc_iter 30950       Data time: 0.00(0.03)  Forward time: 0.22(0.27)  Batch time: 0.23(0.29)
2026-07-29 22:10:59,082   INFO  Train:    4/40 ( 10%) [3216/9261 ( 35%)]  Loss: 1.568 (1.41)  LR: 1.308e-04  Time cost: 15:46/29:38 [2:33:54/27:44:25]  Acc_iter 31000       Data time: 0.02(0.03)  Forward time: 0.27(0.27)  Batch time: 0.29(0.29)
2026-07-29 22:11:14,126   INFO  Train:    4/40 ( 10%) [3266/9261 ( 35%)]  Loss: 1.251 (1.41)  LR: 1.311e-04  Time cost: 16:01/29:24 [2:34:09/27:44:45]  Acc_iter 31050       Data time: 0.04(0.03)  Forward time: 0.27(0.27)  Batch time: 0.31(0.29)
2026-07-29 22:11:14,627   INFO  a1e06a0b30c0                Wed Jul 29 22:11:14 2026  580.173.02
[0] NVIDIA GeForce RTX 3070 | 67°C,  19 % |  6348 /  8192 MB | root(5808M)

2026-07-29 22:11:30,372   INFO  Train:    4/40 ( 10%) [3316/9261 ( 36%)]  Loss: 1.182 (1.41)  LR: 1.313e-04  Time cost: 16:17/29:12 [2:34:25/27:47:07]  Acc_iter 31100       Data time: 0.01(0.03)  Forward time: 0.28(0.27)  Batch time: 0.29(0.29)
2026-07-29 22:11:44,768   INFO  Train:    4/40 ( 10%) [3366/9261 ( 36%)]  Loss: 1.274 (1.41)  LR: 1.316e-04  Time cost: 16:32/28:57 [2:34:40/27:46:18]  Acc_iter 31150       Data time: 0.04(0.03)  Forward time: 0.23(0.27)  Batch time: 0.27(0.29)
2026-07-29 22:11:58,997   INFO  Train:    4/40 ( 10%) [3416/9261 ( 37%)]  Loss: 1.590 (1.41)  LR: 1.319e-04  Time cost: 16:46/28:41 [2:34:54/27:45:13]  Acc_iter 31200       Data time: 0.03(0.03)  Forward time: 0.22(0.27)  Batch time: 0.26(0.29)
2026-07-29 22:11:59,456   INFO  a1e06a0b30c0                Wed Jul 29 22:11:59 2026  580.173.02
[0] NVIDIA GeForce RTX 3070 | 63°C,  76 % |  6348 /  8192 MB | root(5808M)

2026-07-29 22:12:13,697   INFO  Train:    4/40 ( 10%) [3466/9261 ( 37%)]  Loss: 1.355 (1.41)  LR: 1.322e-04  Time cost: 17:01/28:26 [2:35:09/27:44:56]  Acc_iter 31250       Data time: 0.02(0.03)  Forward time: 0.29(0.27)  Batch time: 0.32(0.29)
2026-07-29 22:12:28,115   INFO  Train:    4/40 ( 10%) [3516/9261 ( 38%)]  Loss: 1.384 (1.41)  LR: 1.324e-04  Time cost: 17:15/28:11 [2:35:23/27:44:12]  Acc_iter 31300       Data time: 0.02(0.03)  Forward time: 0.34(0.27)  Batch time: 0.37(0.29)
2026-07-29 22:12:44,120   INFO  Train:    4/40 ( 10%) [3566/9261 ( 39%)]  Loss: 1.276 (1.40)  LR: 1.327e-04  Time cost: 17:31/27:58 [2:35:39/27:45:59]  Acc_iter 31350       Data time: 0.03(0.03)  Forward time: 0.29(0.27)  Batch time: 0.32(0.29)
2026-07-29 22:12:44,693   INFO  a1e06a0b30c0                Wed Jul 29 22:12:44 2026  580.173.02
[0] NVIDIA GeForce RTX 3070 | 66°C,  66 % |  6348 /  8192 MB | root(5808M)

2026-07-29 22:12:59,327   INFO  Train:    4/40 ( 10%) [3616/9261 ( 39%)]  Loss: 1.402 (1.40)  LR: 1.330e-04  Time cost: 17:46/27:44 [2:35:54/27:46:28]  Acc_iter 31400       Data time: 0.02(0.03)  Forward time: 0.31(0.27)  Batch time: 0.34(0.29)
2026-07-29 22:13:13,379   INFO  Train:    4/40 ( 10%) [3666/9261 ( 40%)]  Loss: 1.606 (1.40)  LR: 1.333e-04  Time cost: 18:00/27:28 [2:36:08/27:45:09]  Acc_iter 31450       Data time: 0.02(0.03)  Forward time: 0.29(0.27)  Batch time: 0.31(0.29)
2026-07-29 22:13:27,172   INFO  Train:    4/40 ( 10%) [3716/9261 ( 40%)]  Loss: 1.291 (1.40)  LR: 1.335e-04  Time cost: 18:14/27:12 [2:36:22/27:43:28]  Acc_iter 31500       Data time: 0.01(0.03)  Forward time: 0.24(0.27)  Batch time: 0.25(0.29)
2026-07-29 22:13:27,799   INFO  a1e06a0b30c0                Wed Jul 29 22:13:27 2026  580.173.02
[0] NVIDIA GeForce RTX 3070 | 61°C,   3 % |  6348 /  8192 MB | root(5808M)

2026-07-29 22:13:42,303   INFO  Train:    4/40 ( 10%) [3766/9261 ( 41%)]  Loss: 1.612 (1.40)  LR: 1.338e-04  Time cost: 18:29/26:58 [2:36:37/27:43:50]  Acc_iter 31550       Data time: 0.03(0.03)  Forward time: 0.30(0.27)  Batch time: 0.34(0.29)
2026-07-29 22:13:58,476   INFO  Train:    4/40 ( 10%) [3816/9261 ( 41%)]  Loss: 1.246 (1.40)  LR: 1.341e-04  Time cost: 18:45/26:46 [2:36:53/27:45:44]  Acc_iter 31600       Data time: 0.03(0.03)  Forward time: 0.30(0.27)  Batch time: 0.33(0.29)
2026-07-29 22:14:13,722   INFO  Train:    4/40 ( 10%) [3866/9261 ( 42%)]  Loss: 1.024 (1.40)  LR: 1.344e-04  Time cost: 19:01/26:31 [2:37:09/27:46:13]  Acc_iter 31650       Data time: 0.00(0.03)  Forward time: 0.27(0.27)  Batch time: 0.27(0.30)
2026-07-29 22:14:14,205   INFO  a1e06a0b30c0                Wed Jul 29 22:14:14 2026  580.173.02
[0] NVIDIA GeForce RTX 3070 | 66°C,  77 % |  6348 /  8192 MB | root(5808M)

2026-07-29 22:14:27,828   INFO  Train:    4/40 ( 10%) [3916/9261 ( 42%)]  Loss: 1.664 (1.40)  LR: 1.347e-04  Time cost: 19:15/26:16 [2:37:23/27:45:02]  Acc_iter 31700       Data time: 0.04(0.03)  Forward time: 0.23(0.27)  Batch time: 0.27(0.29)
2026-07-29 22:14:41,949   INFO  Train:    4/40 ( 10%) [3966/9261 ( 43%)]  Loss: 1.168 (1.40)  LR: 1.349e-04  Time cost: 19:29/26:00 [2:37:37/27:43:54]  Acc_iter 31750       Data time: 0.02(0.03)  Forward time: 0.29(0.27)  Batch time: 0.31(0.29)
2026-07-29 22:14:56,049   INFO  Train:    4/40 ( 10%) [4016/9261 ( 43%)]  Loss: 1.543 (1.40)  LR: 1.352e-04  Time cost: 19:43/25:45 [2:37:51/27:42:45]  Acc_iter 31800       Data time: 0.02(0.03)  Forward time: 0.32(0.27)  Batch time: 0.34(0.29)
2026-07-29 22:14:56,646   INFO  a1e06a0b30c0                Wed Jul 29 22:14:56 2026  580.173.02
[0] NVIDIA GeForce RTX 3070 | 64°C,  67 % |  6348 /  8192 MB | root(5808M)

2026-07-29 22:15:11,525   INFO  Train:    4/40 ( 10%) [4066/9261 ( 44%)]  Loss: 1.500 (1.40)  LR: 1.355e-04  Time cost: 19:58/25:31 [2:38:06/27:43:32]  Acc_iter 31850       Data time: 0.03(0.03)  Forward time: 0.32(0.27)  Batch time: 0.35(0.29)
2026-07-29 22:15:12,942   INFO  Save latest model to /OpenPCDet/output/OpenPCDet/tools/cfgs/models/S/D/S_D_N/unfrozen_backbone_1_93/ckpt/latest_model
2026-07-29 22:15:27,072   INFO  Train:    4/40 ( 10%) [4116/9261 ( 44%)]  Loss: 1.327 (1.40)  LR: 1.358e-04  Time cost: 20:14/25:17 [2:38:22/27:44:24]  Acc_iter 31900       Data time: 0.03(0.03)  Forward time: 0.27(0.27)  Batch time: 0.30(0.29)
2026-07-29 22:15:41,040   INFO  Train:    4/40 ( 10%) [4166/9261 ( 45%)]  Loss: 1.381 (1.40)  LR: 1.361e-04  Time cost: 20:28/25:01 [2:38:36/27:43:06]  Acc_iter 31950       Data time: 0.01(0.03)  Forward time: 0.29(0.27)  Batch time: 0.30(0.29)
2026-07-29 22:15:41,500   INFO  a1e06a0b30c0                Wed Jul 29 22:15:41 2026  580.173.02
[0] NVIDIA GeForce RTX 3070 | 64°C,  69 % |  6348 /  8192 MB | root(5808M)

2026-07-29 22:15:55,549   INFO  Train:    4/40 ( 10%) [4216/9261 ( 46%)]  Loss: 1.365 (1.40)  LR: 1.363e-04  Time cost: 20:42/24:46 [2:38:50/27:42:33]  Acc_iter 32000       Data time: 0.01(0.03)  Forward time: 0.29(0.27)  Batch time: 0.30(0.29)
2026-07-29 22:16:09,769   INFO  Train:    4/40 ( 10%) [4266/9261 ( 46%)]  Loss: 1.351 (1.40)  LR: 1.366e-04  Time cost: 20:57/24:31 [2:39:05/27:41:37]  Acc_iter 32050       Data time: 0.00(0.03)  Forward time: 0.25(0.27)  Batch time: 0.25(0.29)
2026-07-29 22:16:24,646   INFO  Train:    4/40 ( 10%) [4316/9261 ( 47%)]  Loss: 1.544 (1.40)  LR: 1.369e-04  Time cost: 21:12/24:17 [2:39:20/27:41:34]  Acc_iter 32100       Data time: 0.00(0.03)  Forward time: 0.24(0.27)  Batch time: 0.24(0.29)
2026-07-29 22:16:25,239   INFO  a1e06a0b30c0                Wed Jul 29 22:16:25 2026  580.173.02
[0] NVIDIA GeForce RTX 3070 | 66°C,  71 % |  6348 /  8192 MB | root(5808M)

2026-07-29 22:16:41,088   INFO  Train:    4/40 ( 10%) [4366/9261 ( 47%)]  Loss: 1.258 (1.40)  LR: 1.372e-04  Time cost: 21:28/24:04 [2:39:36/27:43:31]  Acc_iter 32150       Data time: 0.00(0.03)  Forward time: 0.24(0.27)  Batch time: 0.24(0.30)
2026-07-29 22:16:55,368   INFO  Train:    4/40 ( 10%) [4416/9261 ( 48%)]  Loss: 1.693 (1.40)  LR: 1.375e-04  Time cost: 21:42/23:48 [2:39:50/27:42:40]  Acc_iter 32200       Data time: 0.02(0.03)  Forward time: 0.29(0.27)  Batch time: 0.31(0.29)
2026-07-29 22:17:09,523   INFO  Train:    4/40 ( 10%) [4466/9261 ( 48%)]  Loss: 1.238 (1.40)  LR: 1.377e-04  Time cost: 21:56/23:33 [2:40:04/27:41:41]  Acc_iter 32250       Data time: 0.04(0.03)  Forward time: 0.22(0.27)  Batch time: 0.27(0.29)
2026-07-29 22:17:09,985   INFO  a1e06a0b30c0                Wed Jul 29 22:17:09 2026  580.173.02
[0] NVIDIA GeForce RTX 3070 | 64°C,  41 % |  6348 /  8192 MB | root(5808M)

2026-07-29 22:17:24,129   INFO  Train:    4/40 ( 10%) [4516/9261 ( 49%)]  Loss: 1.346 (1.40)  LR: 1.380e-04  Time cost: 22:11/23:18 [2:40:19/27:41:16]  Acc_iter 32300       Data time: 0.01(0.03)  Forward time: 0.30(0.27)  Batch time: 0.31(0.29)
2026-07-29 22:17:38,616   INFO  Train:    4/40 ( 10%) [4566/9261 ( 49%)]  Loss: 1.507 (1.40)  LR: 1.383e-04  Time cost: 22:25/23:03 [2:40:34/27:40:43]  Acc_iter 32350       Data time: 0.02(0.03)  Forward time: 0.30(0.27)  Batch time: 0.32(0.29)
2026-07-29 22:17:54,051   INFO  Train:    4/40 ( 10%) [4616/9261 ( 50%)]  Loss: 1.653 (1.40)  LR: 1.386e-04  Time cost: 22:41/22:49 [2:40:49/27:41:19]  Acc_iter 32400       Data time: 0.05(0.03)  Forward time: 0.23(0.27)  Batch time: 0.27(0.29)
2026-07-29 22:17:54,607   INFO  a1e06a0b30c0                Wed Jul 29 22:17:54 2026  580.173.02
[0] NVIDIA GeForce RTX 3070 | 68°C,  65 % |  6353 /  8192 MB | root(5808M)

2026-07-29 22:18:09,019   INFO  Train:    4/40 ( 10%) [4666/9261 ( 50%)]  Loss: 1.343 (1.40)  LR: 1.389e-04  Time cost: 22:56/22:35 [2:41:04/27:41:21]  Acc_iter 32450       Data time: 0.01(0.03)  Forward time: 0.22(0.27)  Batch time: 0.23(0.29)
2026-07-29 22:18:23,277   INFO  Train:    4/40 ( 10%) [4716/9261 ( 51%)]  Loss: 1.185 (1.40)  LR: 1.391e-04  Time cost: 23:10/22:19 [2:41:18/27:40:31]  Acc_iter 32500       Data time: 0.01(0.03)  Forward time: 0.29(0.27)  Batch time: 0.30(0.29)
2026-07-29 22:18:37,564   INFO  Train:    4/40 ( 10%) [4766/9261 ( 51%)]  Loss: 1.451 (1.40)  LR: 1.394e-04  Time cost: 23:24/22:04 [2:41:32/27:39:44]  Acc_iter 32550       Data time: 0.01(0.03)  Forward time: 0.31(0.27)  Batch time: 0.32(0.29)
2026-07-29 22:18:38,036   INFO  a1e06a0b30c0                Wed Jul 29 22:18:38 2026  580.173.02
[0] NVIDIA GeForce RTX 3070 | 63°C,  25 % |  6349 /  8192 MB | root(5808M)

2026-07-29 22:18:52,147   INFO  Train:    4/40 ( 10%) [4816/9261 ( 52%)]  Loss: 1.662 (1.40)  LR: 1.397e-04  Time cost: 23:39/21:49 [2:41:47/27:39:18]  Acc_iter 32600       Data time: 0.01(0.03)  Forward time: 0.29(0.27)  Batch time: 0.30(0.29)
2026-07-29 22:19:07,775   INFO  Train:    4/40 ( 10%) [4866/9261 ( 53%)]  Loss: 1.231 (1.40)  LR: 1.400e-04  Time cost: 23:55/21:35 [2:42:03/27:40:06]  Acc_iter 32650       Data time: 0.02(0.03)  Forward time: 0.32(0.27)  Batch time: 0.34(0.29)
2026-07-29 22:19:22,280   INFO  Train:    4/40 ( 10%) [4916/9261 ( 53%)]  Loss: 1.382 (1.40)  LR: 1.403e-04  Time cost: 24:09/21:21 [2:42:17/27:39:35]  Acc_iter 32700       Data time: 0.00(0.03)  Forward time: 0.22(0.27)  Batch time: 0.23(0.29)
2026-07-29 22:19:22,800   INFO  a1e06a0b30c0                Wed Jul 29 22:19:22 2026  580.173.02
[0] NVIDIA GeForce RTX 3070 | 61°C,   3 % |  6349 /  8192 MB | root(5808M)

2026-07-29 22:19:36,991   INFO  Train:    4/40 ( 10%) [4966/9261 ( 54%)]  Loss: 1.417 (1.40)  LR: 1.405e-04  Time cost: 24:24/21:06 [2:42:32/27:39:18]  Acc_iter 32750       Data time: 0.02(0.03)  Forward time: 0.30(0.27)  Batch time: 0.33(0.29)
2026-07-29 22:19:50,819   INFO  Train:    4/40 ( 10%) [5016/9261 ( 54%)]  Loss: 1.287 (1.40)  LR: 1.408e-04  Time cost: 24:38/20:50 [2:42:46/27:38:02]  Acc_iter 32800       Data time: 0.02(0.03)  Forward time: 0.29(0.27)  Batch time: 0.31(0.29)
2026-07-29 22:20:05,207   INFO  Train:    4/40 ( 10%) [5066/9261 ( 55%)]  Loss: 1.286 (1.40)  LR: 1.411e-04  Time cost: 24:52/20:35 [2:43:00/27:37:24]  Acc_iter 32850       Data time: 0.02(0.03)  Forward time: 0.29(0.27)  Batch time: 0.30(0.29)
2026-07-29 22:20:05,823   INFO  a1e06a0b30c0                Wed Jul 29 22:20:05 2026  580.173.02
[0] NVIDIA GeForce RTX 3070 | 61°C,   3 % |  6349 /  8192 MB | root(5808M)

2026-07-29 22:20:12,832   INFO  Save latest model to /OpenPCDet/output/OpenPCDet/tools/cfgs/models/S/D/S_D_N/unfrozen_backbone_1_93/ckpt/latest_model
2026-07-29 22:20:21,730   INFO  Train:    4/40 ( 10%) [5116/9261 ( 55%)]  Loss: 1.334 (1.40)  LR: 1.414e-04  Time cost: 25:09/20:22 [2:43:17/27:39:08]  Acc_iter 32900       Data time: 0.02(0.03)  Forward time: 0.29(0.27)  Batch time: 0.31(0.29)
2026-07-29 22:20:36,777   INFO  Train:    4/40 ( 10%) [5166/9261 ( 56%)]  Loss: 1.203 (1.40)  LR: 1.417e-04  Time cost: 25:24/20:07 [2:43:32/27:39:12]  Acc_iter 32950       Data time: 0.03(0.03)  Forward time: 0.31(0.27)  Batch time: 0.34(0.29)
2026-07-29 22:20:50,815   INFO  Train:    4/40 ( 10%) [5216/9261 ( 56%)]  Loss: 1.241 (1.40)  LR: 1.420e-04  Time cost: 25:38/19:52 [2:43:46/27:38:12]  Acc_iter 33000       Data time: 0.05(0.03)  Forward time: 0.22(0.27)  Batch time: 0.27(0.29)
2026-07-29 22:20:51,301   INFO  a1e06a0b30c0                Wed Jul 29 22:20:51 2026  580.173.02
[0] NVIDIA GeForce RTX 3070 | 61°C,  68 % |  6349 /  8192 MB | root(5808M)

2026-07-29 22:21:05,593   INFO  Train:    4/40 ( 10%) [5266/9261 ( 57%)]  Loss: 0.9914 (1.40)  LR: 1.422e-04  Time cost: 25:52/19:37 [2:44:01/27:37:59]  Acc_iter 33050       Data time: 0.01(0.03)  Forward time: 0.22(0.27)  Batch time: 0.23(0.29)
2026-07-29 22:21:20,112   INFO  Train:    4/40 ( 10%) [5316/9261 ( 57%)]  Loss: 1.259 (1.40)  LR: 1.425e-04  Time cost: 26:07/19:23 [2:44:15/27:37:30]  Acc_iter 33100       Data time: 0.04(0.03)  Forward time: 0.22(0.27)  Batch time: 0.25(0.29)
2026-07-29 22:21:35,248   INFO  Train:    4/40 ( 10%) [5366/9261 ( 58%)]  Loss: 1.332 (1.40)  LR: 1.428e-04  Time cost: 26:22/19:08 [2:44:30/27:37:40]  Acc_iter 33150       Data time: 0.02(0.03)  Forward time: 0.29(0.27)  Batch time: 0.31(0.29)
2026-07-29 22:21:35,822   INFO  a1e06a0b30c0                Wed Jul 29 22:21:35 2026  580.173.02
[0] NVIDIA GeForce RTX 3070 | 60°C,   3 % |  6349 /  8192 MB | root(5808M)

2026-07-29 22:21:51,182   INFO  Train:    4/40 ( 10%) [5416/9261 ( 58%)]  Loss: 2.035 (1.40)  LR: 1.431e-04  Time cost: 26:38/18:54 [2:44:46/27:38:40]  Acc_iter 33200       Data time: 0.06(0.03)  Forward time: 0.24(0.27)  Batch time: 0.29(0.30)
2026-07-29 22:22:05,317   INFO  Train:    4/40 ( 10%) [5466/9261 ( 59%)]  Loss: 1.522 (1.40)  LR: 1.434e-04  Time cost: 26:52/18:39 [2:45:00/27:37:47]  Acc_iter 33250       Data time: 0.00(0.03)  Forward time: 0.26(0.27)  Batch time: 0.26(0.29)
2026-07-29 22:22:19,552   INFO  Train:    4/40 ( 10%) [5516/9261 ( 60%)]  Loss: 1.695 (1.40)  LR: 1.437e-04  Time cost: 27:06/18:24 [2:45:14/27:37:01]  Acc_iter 33300       Data time: 0.00(0.03)  Forward time: 0.23(0.27)  Batch time: 0.23(0.29)
2026-07-29 22:22:20,029   INFO  a1e06a0b30c0                Wed Jul 29 22:22:20 2026  580.173.02
[0] NVIDIA GeForce RTX 3070 | 65°C,   3 % |  6349 /  8192 MB | root(5808M)

2026-07-29 22:22:34,301   INFO  Train:    4/40 ( 10%) [5566/9261 ( 60%)]  Loss: 1.174 (1.40)  LR: 1.439e-04  Time cost: 27:21/18:09 [2:45:29/27:36:46]  Acc_iter 33350       Data time: 0.04(0.03)  Forward time: 0.23(0.27)  Batch time: 0.27(0.29)
2026-07-29 22:22:49,365   INFO  Train:    4/40 ( 10%) [5616/9261 ( 61%)]  Loss: 1.408 (1.40)  LR: 1.442e-04  Time cost: 27:36/17:55 [2:45:44/27:36:51]  Acc_iter 33400       Data time: 0.02(0.03)  Forward time: 0.31(0.27)  Batch time: 0.33(0.29)
2026-07-29 22:23:05,179   INFO  Train:    4/40 ( 10%) [5666/9261 ( 61%)]  Loss: 1.585 (1.40)  LR: 1.445e-04  Time cost: 27:52/17:41 [2:46:00/27:37:39]  Acc_iter 33450       Data time: 0.02(0.03)  Forward time: 0.27(0.27)  Batch time: 0.30(0.30)
2026-07-29 22:23:05,709   INFO  a1e06a0b30c0                Wed Jul 29 22:23:05 2026  580.173.02
[0] NVIDIA GeForce RTX 3070 | 66°C,  50 % |  6354 /  8192 MB | root(5808M)

2026-07-29 22:23:19,772   INFO  Train:    4/40 ( 10%) [5716/9261 ( 62%)]  Loss: 1.128 (1.40)  LR: 1.448e-04  Time cost: 28:07/17:26 [2:46:15/27:37:15]  Acc_iter 33500       Data time: 0.02(0.03)  Forward time: 0.27(0.27)  Batch time: 0.28(0.30)
2026-07-29 22:23:33,919   INFO  Train:    4/40 ( 10%) [5766/9261 ( 62%)]  Loss: 1.484 (1.40)  LR: 1.451e-04  Time cost: 28:21/17:11 [2:46:29/27:36:25]  Acc_iter 33550       Data time: 0.04(0.03)  Forward time: 0.23(0.27)  Batch time: 0.27(0.29)
2026-07-29 22:23:48,457   INFO  Train:    4/40 ( 10%) [5816/9261 ( 63%)]  Loss: 1.061 (1.40)  LR: 1.453e-04  Time cost: 28:35/16:56 [2:46:43/27:35:57]  Acc_iter 33600       Data time: 0.04(0.03)  Forward time: 0.21(0.27)  Batch time: 0.26(0.29)
2026-07-29 22:23:48,964   INFO  a1e06a0b30c0                Wed Jul 29 22:23:48 2026  580.173.02
[0] NVIDIA GeForce RTX 3070 | 62°C,   3 % |  6349 /  8192 MB | root(5808M)

2026-07-29 22:24:03,603   INFO  Train:    4/40 ( 10%) [5866/9261 ( 63%)]  Loss: 1.306 (1.40)  LR: 1.456e-04  Time cost: 28:50/16:41 [2:46:59/27:36:06]  Acc_iter 33650       Data time: 0.01(0.03)  Forward time: 0.28(0.27)  Batch time: 0.29(0.30)
2026-07-29 22:24:19,624   INFO  Train:    4/40 ( 10%) [5916/9261 ( 64%)]  Loss: 1.521 (1.40)  LR: 1.459e-04  Time cost: 29:07/16:27 [2:47:15/27:37:03]  Acc_iter 33700       Data time: 0.02(0.03)  Forward time: 0.33(0.27)  Batch time: 0.35(0.30)
2026-07-29 22:24:34,159   INFO  Train:    4/40 ( 10%) [5966/9261 ( 64%)]  Loss: 1.044 (1.40)  LR: 1.462e-04  Time cost: 29:21/16:12 [2:47:29/27:36:35]  Acc_iter 33750       Data time: 0.02(0.03)  Forward time: 0.27(0.27)  Batch time: 0.28(0.30)
2026-07-29 22:24:34,690   INFO  a1e06a0b30c0                Wed Jul 29 22:24:34 2026  580.173.02
[0] NVIDIA GeForce RTX 3070 | 67°C,  85 % |  6349 /  8192 MB | root(5808M)

2026-07-29 22:24:49,194   INFO  Train:    4/40 ( 10%) [6016/9261 ( 65%)]  Loss: 1.014 (1.40)  LR: 1.465e-04  Time cost: 29:36/15:58 [2:47:44/27:36:36]  Acc_iter 33800       Data time: 0.01(0.03)  Forward time: 0.30(0.27)  Batch time: 0.32(0.30)
2026-07-29 22:25:03,361   INFO  Train:    4/40 ( 10%) [6066/9261 ( 66%)]  Loss: 1.376 (1.40)  LR: 1.468e-04  Time cost: 29:50/15:43 [2:47:58/27:35:48]  Acc_iter 33850       Data time: 0.02(0.03)  Forward time: 0.32(0.27)  Batch time: 0.34(0.30)
2026-07-29 22:25:12,785   INFO  Save latest model to /OpenPCDet/output/OpenPCDet/tools/cfgs/models/S/D/S_D_N/unfrozen_backbone_1_93/ckpt/latest_model
2026-07-29 22:25:17,964   INFO  Train:    4/40 ( 10%) [6116/9261 ( 66%)]  Loss: 1.164 (1.40)  LR: 1.470e-04  Time cost: 30:05/15:28 [2:48:13/27:35:25]  Acc_iter 33900       Data time: 0.00(0.03)  Forward time: 0.22(0.27)  Batch time: 0.22(0.30)
2026-07-29 22:25:18,520   INFO  a1e06a0b30c0                Wed Jul 29 22:25:18 2026  580.173.02
[0] NVIDIA GeForce RTX 3070 | 62°C,  57 % |  6349 /  8192 MB | root(5808M)

2026-07-29 22:25:34,292   INFO  Train:    4/40 ( 10%) [6166/9261 ( 67%)]  Loss: 1.408 (1.40)  LR: 1.473e-04  Time cost: 30:21/15:14 [2:48:29/27:36:36]  Acc_iter 33950       Data time: 0.02(0.03)  Forward time: 0.28(0.27)  Batch time: 0.30(0.30)
2026-07-29 22:25:49,303   INFO  Train:    4/40 ( 10%) [6216/9261 ( 67%)]  Loss: 1.680 (1.40)  LR: 1.476e-04  Time cost: 30:36/14:59 [2:48:44/27:36:34]  Acc_iter 34000       Data time: 0.04(0.03)  Forward time: 0.24(0.27)  Batch time: 0.28(0.30)
2026-07-29 22:26:03,355   INFO  Train:    4/40 ( 10%) [6266/9261 ( 68%)]  Loss: 1.571 (1.40)  LR: 1.479e-04  Time cost: 30:50/14:44 [2:48:58/27:35:41]  Acc_iter 34050       Data time: 0.02(0.03)  Forward time: 0.29(0.27)  Batch time: 0.31(0.30)
2026-07-29 22:26:03,977   INFO  a1e06a0b30c0                Wed Jul 29 22:26:03 2026  580.173.02
[0] NVIDIA GeForce RTX 3070 | 61°C,   3 % |  6349 /  8192 MB | root(5808M)

2026-07-29 22:26:18,080   INFO  Train:    4/40 ( 10%) [6316/9261 ( 68%)]  Loss: 1.047 (1.40)  LR: 1.482e-04  Time cost: 31:05/14:29 [2:49:13/27:35:24]  Acc_iter 34100       Data time: 0.01(0.03)  Forward time: 0.30(0.27)  Batch time: 0.31(0.30)
2026-07-29 22:26:32,554   INFO  Train:    4/40 ( 10%) [6366/9261 ( 69%)]  Loss: 1.461 (1.40)  LR: 1.485e-04  Time cost: 31:19/14:14 [2:49:27/27:34:54]  Acc_iter 34150       Data time: 0.00(0.03)  Forward time: 0.23(0.27)  Batch time: 0.23(0.30)
2026-07-29 22:26:48,183   INFO  Train:    4/40 ( 10%) [6416/9261 ( 69%)]  Loss: 1.312 (1.40)  LR: 1.488e-04  Time cost: 31:35/14:00 [2:49:43/27:35:24]  Acc_iter 34200       Data time: 0.02(0.03)  Forward time: 0.31(0.27)  Batch time: 0.33(0.30)
2026-07-29 22:26:48,849   INFO  a1e06a0b30c0                Wed Jul 29 22:26:48 2026  580.173.02
[0] NVIDIA GeForce RTX 3070 | 60°C,   3 % |  6351 /  8192 MB | root(5808M)

2026-07-29 22:27:03,724   INFO  Train:    4/40 ( 10%) [6466/9261 ( 70%)]  Loss: 1.290 (1.40)  LR: 1.490e-04  Time cost: 31:51/13:45 [2:49:59/27:35:50]  Acc_iter 34250       Data time: 0.02(0.03)  Forward time: 0.27(0.27)  Batch time: 0.29(0.30)
2026-07-29 22:27:17,742   INFO  Train:    4/40 ( 10%) [6516/9261 ( 70%)]  Loss: 1.143 (1.40)  LR: 1.493e-04  Time cost: 32:05/13:30 [2:50:13/27:34:56]  Acc_iter 34300       Data time: 0.00(0.03)  Forward time: 0.23(0.27)  Batch time: 0.23(0.30)
2026-07-29 22:27:32,282   INFO  Train:    4/40 ( 10%) [6566/9261 ( 71%)]  Loss: 1.452 (1.40)  LR: 1.496e-04  Time cost: 32:19/13:16 [2:50:27/27:34:29]  Acc_iter 34350       Data time: 0.01(0.03)  Forward time: 0.30(0.27)  Batch time: 0.32(0.30)
2026-07-29 22:27:32,761   INFO  a1e06a0b30c0                Wed Jul 29 22:27:32 2026  580.173.02
[0] NVIDIA GeForce RTX 3070 | 65°C,  87 % |  6351 /  8192 MB | root(5808M)

2026-07-29 22:27:47,211   INFO  Train:    4/40 ( 10%) [6616/9261 ( 71%)]  Loss: 1.479 (1.40)  LR: 1.499e-04  Time cost: 32:34/13:01 [2:50:42/27:34:23]  Acc_iter 34400       Data time: 0.00(0.03)  Forward time: 0.23(0.27)  Batch time: 0.23(0.30)
2026-07-29 22:28:02,428   INFO  Train:    4/40 ( 10%) [6666/9261 ( 72%)]  Loss: 1.443 (1.40)  LR: 1.502e-04  Time cost: 32:49/12:46 [2:50:57/27:34:30]  Acc_iter 34450       Data time: 0.02(0.03)  Forward time: 0.31(0.27)  Batch time: 0.33(0.30)
2026-07-29 22:28:18,089   INFO  Train:    4/40 ( 10%) [6716/9261 ( 73%)]  Loss: 1.466 (1.40)  LR: 1.505e-04  Time cost: 33:05/12:32 [2:51:13/27:35:00]  Acc_iter 34500       Data time: 0.01(0.03)  Forward time: 0.26(0.27)  Batch time: 0.27(0.30)
2026-07-29 22:28:18,616   INFO  a1e06a0b30c0                Wed Jul 29 22:28:18 2026  580.173.02
[0] NVIDIA GeForce RTX 3070 | 63°C,  67 % |  6351 /  8192 MB | root(5808M)

2026-07-29 22:28:32,861   INFO  Train:    4/40 ( 10%) [6766/9261 ( 73%)]  Loss: 1.488 (1.40)  LR: 1.507e-04  Time cost: 33:20/12:17 [2:51:28/27:34:45]  Acc_iter 34550       Data time: 0.00(0.03)  Forward time: 0.23(0.27)  Batch time: 0.23(0.30)
2026-07-29 22:28:47,343   INFO  Train:    4/40 ( 10%) [6816/9261 ( 74%)]  Loss: 1.409 (1.40)  LR: 1.510e-04  Time cost: 33:34/12:02 [2:51:42/27:34:15]  Acc_iter 34600       Data time: 0.01(0.03)  Forward time: 0.32(0.27)  Batch time: 0.34(0.30)
2026-07-29 22:29:01,761   INFO  Train:    4/40 ( 10%) [6866/9261 ( 74%)]  Loss: 1.639 (1.40)  LR: 1.513e-04  Time cost: 33:49/11:47 [2:51:57/27:33:43]  Acc_iter 34650       Data time: 0.04(0.03)  Forward time: 0.23(0.27)  Batch time: 0.27(0.30)
2026-07-29 22:29:02,374   INFO  a1e06a0b30c0                Wed Jul 29 22:29:02 2026  580.173.02
[0] NVIDIA GeForce RTX 3070 | 61°C,  63 % |  6351 /  8192 MB | root(5808M)

2026-07-29 22:29:17,252   INFO  Train:    4/40 ( 10%) [6916/9261 ( 75%)]  Loss: 1.298 (1.40)  LR: 1.516e-04  Time cost: 34:04/11:33 [2:52:12/27:34:03]  Acc_iter 34700       Data time: 0.02(0.03)  Forward time: 0.31(0.27)  Batch time: 0.33(0.30)
2026-07-29 22:29:33,290   INFO  Train:    4/40 ( 10%) [6966/9261 ( 75%)]  Loss: 1.130 (1.40)  LR: 1.519e-04  Time cost: 34:20/11:18 [2:52:28/27:34:49]  Acc_iter 34750       Data time: 0.02(0.03)  Forward time: 0.32(0.27)  Batch time: 0.34(0.30)
2026-07-29 22:29:47,769   INFO  Train:    4/40 ( 10%) [7016/9261 ( 76%)]  Loss: 0.9929 (1.40)  LR: 1.522e-04  Time cost: 34:35/11:03 [2:52:43/27:34:19]  Acc_iter 34800       Data time: 0.02(0.03)  Forward time: 0.30(0.27)  Batch time: 0.32(0.30)
2026-07-29 22:29:48,251   INFO  a1e06a0b30c0                Wed Jul 29 22:29:48 2026  580.173.02
[0] NVIDIA GeForce RTX 3070 | 63°C,  45 % |  6351 /  8192 MB | root(5808M)

2026-07-29 22:30:02,264   INFO  Train:    4/40 ( 10%) [7066/9261 ( 76%)]  Loss: 1.484 (1.39)  LR: 1.525e-04  Time cost: 34:49/10:49 [2:52:57/27:33:51]  Acc_iter 34850       Data time: 0.01(0.03)  Forward time: 0.29(0.27)  Batch time: 0.30(0.30)
2026-07-29 22:30:13,062   INFO  Save latest model to /OpenPCDet/output/OpenPCDet/tools/cfgs/models/S/D/S_D_N/unfrozen_backbone_1_93/ckpt/latest_model
2026-07-29 22:30:16,770   INFO  Train:    4/40 ( 10%) [7116/9261 ( 77%)]  Loss: 1.373 (1.39)  LR: 1.527e-04  Time cost: 35:04/10:34 [2:53:12/27:33:23]  Acc_iter 34900       Data time: 0.00(0.03)  Forward time: 0.23(0.27)  Batch time: 0.23(0.30)
2026-07-29 22:30:31,359   INFO  Train:    4/40 ( 10%) [7166/9261 ( 77%)]  Loss: 1.358 (1.40)  LR: 1.530e-04  Time cost: 35:18/10:19 [2:53:26/27:32:59]  Acc_iter 34950       Data time: 0.02(0.03)  Forward time: 0.27(0.27)  Batch time: 0.30(0.30)
2026-07-29 22:30:31,954   INFO  a1e06a0b30c0                Wed Jul 29 22:30:31 2026  580.173.02
[0] NVIDIA GeForce RTX 3070 | 61°C,   3 % |  6351 /  8192 MB | root(5808M)

2026-07-29 22:30:48,108   INFO  Train:    4/40 ( 10%) [7216/9261 ( 78%)]  Loss: 1.620 (1.40)  LR: 1.533e-04  Time cost: 35:35/10:05 [2:53:43/27:34:16]  Acc_iter 35000       Data time: 0.04(0.03)  Forward time: 0.24(0.27)  Batch time: 0.29(0.30)
2026-07-29 22:31:02,550   INFO  Train:    4/40 ( 10%) [7266/9261 ( 78%)]  Loss: 1.096 (1.39)  LR: 1.536e-04  Time cost: 35:49/09:50 [2:53:57/27:33:44]  Acc_iter 35050       Data time: 0.02(0.03)  Forward time: 0.26(0.27)  Batch time: 0.28(0.30)
2026-07-29 22:31:16,912   INFO  Train:    4/40 ( 10%) [7316/9261 ( 79%)]  Loss: 1.458 (1.40)  LR: 1.539e-04  Time cost: 36:04/09:35 [2:54:12/27:33:10]  Acc_iter 35100       Data time: 0.03(0.03)  Forward time: 0.21(0.27)  Batch time: 0.25(0.30)
2026-07-29 22:31:17,427   INFO  a1e06a0b30c0                Wed Jul 29 22:31:17 2026  580.173.02
[0] NVIDIA GeForce RTX 3070 | 61°C,  82 % |  6349 /  8192 MB | root(5808M)

2026-07-29 22:31:31,820   INFO  Train:    4/40 ( 10%) [7366/9261 ( 80%)]  Loss: 1.599 (1.39)  LR: 1.542e-04  Time cost: 36:19/09:20 [2:54:27/27:33:01]  Acc_iter 35150       Data time: 0.02(0.03)  Forward time: 0.31(0.27)  Batch time: 0.33(0.30)
2026-07-29 22:31:46,202   INFO  Train:    4/40 ( 10%) [7416/9261 ( 80%)]  Loss: 1.524 (1.39)  LR: 1.544e-04  Time cost: 36:33/09:05 [2:54:41/27:32:27]  Acc_iter 35200       Data time: 0.01(0.03)  Forward time: 0.31(0.27)  Batch time: 0.32(0.30)
2026-07-29 22:32:02,097   INFO  Train:    4/40 ( 10%) [7466/9261 ( 81%)]  Loss: 1.655 (1.39)  LR: 1.547e-04  Time cost: 36:49/08:51 [2:54:57/27:33:02]  Acc_iter 35250       Data time: 0.00(0.03)  Forward time: 0.31(0.27)  Batch time: 0.31(0.30)
2026-07-29 22:32:02,735   INFO  a1e06a0b30c0                Wed Jul 29 22:32:02 2026  580.173.02
[0] NVIDIA GeForce RTX 3070 | 62°C,  43 % |  6349 /  8192 MB | root(5808M)

2026-07-29 22:32:17,529   INFO  Train:    4/40 ( 10%) [7516/9261 ( 81%)]  Loss: 1.424 (1.39)  LR: 1.550e-04  Time cost: 37:04/08:36 [2:55:12/27:33:16]  Acc_iter 35300       Data time: 0.07(0.03)  Forward time: 0.24(0.27)  Batch time: 0.31(0.30)
2026-07-29 22:32:31,483   INFO  Train:    4/40 ( 10%) [7566/9261 ( 82%)]  Loss: 1.073 (1.39)  LR: 1.553e-04  Time cost: 37:18/08:21 [2:55:26/27:32:24]  Acc_iter 35350       Data time: 0.02(0.03)  Forward time: 0.29(0.27)  Batch time: 0.31(0.30)
2026-07-29 22:32:45,431   INFO  Train:    4/40 ( 10%) [7616/9261 ( 82%)]  Loss: 1.455 (1.39)  LR: 1.556e-04  Time cost: 37:32/08:06 [2:55:40/27:31:32]  Acc_iter 35400       Data time: 0.04(0.03)  Forward time: 0.23(0.27)  Batch time: 0.27(0.30)
2026-07-29 22:32:45,941   INFO  a1e06a0b30c0                Wed Jul 29 22:32:45 2026  580.173.02
[0] NVIDIA GeForce RTX 3070 | 62°C,   3 % |  6349 /  8192 MB | root(5808M)

2026-07-29 22:33:00,419   INFO  Train:    4/40 ( 10%) [7666/9261 ( 83%)]  Loss: 1.234 (1.39)  LR: 1.559e-04  Time cost: 37:47/07:51 [2:55:55/27:31:26]  Acc_iter 35450       Data time: 0.03(0.03)  Forward time: 0.23(0.27)  Batch time: 0.26(0.30)
2026-07-29 22:33:16,129   INFO  Train:    4/40 ( 10%) [7716/9261 ( 83%)]  Loss: 1.017 (1.39)  LR: 1.562e-04  Time cost: 38:03/07:37 [2:56:11/27:31:51]  Acc_iter 35500       Data time: 0.01(0.03)  Forward time: 0.30(0.27)  Batch time: 0.31(0.30)
2026-07-29 22:33:31,465   INFO  Train:    4/40 ( 10%) [7766/9261 ( 84%)]  Loss: 1.203 (1.39)  LR: 1.564e-04  Time cost: 38:18/07:22 [2:56:26/27:31:59]  Acc_iter 35550       Data time: 0.03(0.03)  Forward time: 0.29(0.27)  Batch time: 0.31(0.30)
2026-07-29 22:33:31,962   INFO  a1e06a0b30c0                Wed Jul 29 22:33:31 2026  580.173.02
[0] NVIDIA GeForce RTX 3070 | 61°C,   3 % |  6349 /  8192 MB | root(5808M)

2026-07-29 22:33:45,856   INFO  Train:    4/40 ( 10%) [7816/9261 ( 84%)]  Loss: 1.610 (1.39)  LR: 1.567e-04  Time cost: 38:33/07:07 [2:56:41/27:31:27]  Acc_iter 35600       Data time: 0.03(0.03)  Forward time: 0.22(0.27)  Batch time: 0.25(0.30)
2026-07-29 22:33:59,883   INFO  Train:    4/40 ( 10%) [7866/9261 ( 85%)]  Loss: 1.410 (1.39)  LR: 1.570e-04  Time cost: 38:47/06:52 [2:56:55/27:30:40]  Acc_iter 35650       Data time: 0.02(0.03)  Forward time: 0.28(0.27)  Batch time: 0.30(0.30)
2026-07-29 22:34:14,405   INFO  Train:    4/40 ( 10%) [7916/9261 ( 85%)]  Loss: 1.640 (1.39)  LR: 1.573e-04  Time cost: 39:01/06:37 [2:57:09/27:30:13]  Acc_iter 35700       Data time: 0.02(0.03)  Forward time: 0.28(0.27)  Batch time: 0.30(0.30)
2026-07-29 22:34:14,893   INFO  a1e06a0b30c0                Wed Jul 29 22:34:14 2026  580.173.02
[0] NVIDIA GeForce RTX 3070 | 61°C,   3 % |  6339 /  8192 MB | root(5808M)

2026-07-29 22:34:30,221   INFO  Train:    4/40 ( 10%) [7966/9261 ( 86%)]  Loss: 1.353 (1.39)  LR: 1.576e-04  Time cost: 39:17/06:23 [2:57:25/27:30:42]  Acc_iter 35750       Data time: 0.02(0.03)  Forward time: 0.34(0.27)  Batch time: 0.36(0.30)
2026-07-29 22:34:45,935   INFO  Train:    4/40 ( 10%) [8016/9261 ( 87%)]  Loss: 1.278 (1.39)  LR: 1.579e-04  Time cost: 39:33/06:08 [2:57:41/27:31:05]  Acc_iter 35800       Data time: 0.02(0.03)  Forward time: 0.22(0.27)  Batch time: 0.24(0.30)
2026-07-29 22:34:59,986   INFO  Train:    4/40 ( 10%) [8066/9261 ( 87%)]  Loss: 1.987 (1.39)  LR: 1.582e-04  Time cost: 39:47/05:53 [2:57:55/27:30:19]  Acc_iter 35850       Data time: 0.02(0.03)  Forward time: 0.23(0.27)  Batch time: 0.25(0.30)
2026-07-29 22:35:00,473   INFO  a1e06a0b30c0                Wed Jul 29 22:35:00 2026  580.173.02
[0] NVIDIA GeForce RTX 3070 | 62°C,  71 % |  6349 /  8192 MB | root(5808M)

2026-07-29 22:35:12,841   INFO  Save latest model to /OpenPCDet/output/OpenPCDet/tools/cfgs/models/S/D/S_D_N/unfrozen_backbone_1_93/ckpt/latest_model
2026-07-29 22:35:14,646   INFO  Train:    4/40 ( 10%) [8116/9261 ( 88%)]  Loss: 1.299 (1.39)  LR: 1.584e-04  Time cost: 40:02/05:38 [2:58:10/27:29:59]  Acc_iter 35900       Data time: 0.02(0.03)  Forward time: 0.35(0.27)  Batch time: 0.37(0.30)
2026-07-29 22:35:28,941   INFO  Train:    4/40 ( 10%) [8166/9261 ( 88%)]  Loss: 1.260 (1.39)  LR: 1.587e-04  Time cost: 40:16/05:23 [2:58:24/27:29:23]  Acc_iter 35950       Data time: 0.05(0.03)  Forward time: 0.22(0.27)  Batch time: 0.28(0.30)
2026-07-29 22:35:44,211   INFO  Train:    4/40 ( 10%) [8216/9261 ( 89%)]  Loss: 1.604 (1.39)  LR: 1.590e-04  Time cost: 40:31/05:09 [2:58:39/27:29:28]  Acc_iter 36000       Data time: 0.03(0.03)  Forward time: 0.30(0.27)  Batch time: 0.33(0.30)
2026-07-29 22:35:44,848   INFO  a1e06a0b30c0                Wed Jul 29 22:35:44 2026  580.173.02
[0] NVIDIA GeForce RTX 3070 | 64°C,  59 % |  6349 /  8192 MB | root(5808M)

2026-07-29 22:36:00,752   INFO  Train:    4/40 ( 10%) [8266/9261 ( 89%)]  Loss: 1.386 (1.39)  LR: 1.593e-04  Time cost: 40:48/04:54 [2:58:56/27:30:24]  Acc_iter 36050       Data time: 0.02(0.03)  Forward time: 0.30(0.27)  Batch time: 0.33(0.30)
2026-07-29 22:36:15,042   INFO  Train:    4/40 ( 10%) [8316/9261 ( 90%)]  Loss: 1.198 (1.39)  LR: 1.596e-04  Time cost: 41:02/04:39 [2:59:10/27:29:48]  Acc_iter 36100       Data time: 0.02(0.03)  Forward time: 0.40(0.27)  Batch time: 0.42(0.30)
2026-07-29 22:36:29,320   INFO  Train:    4/40 ( 10%) [8366/9261 ( 90%)]  Loss: 1.106 (1.39)  LR: 1.599e-04  Time cost: 41:16/04:24 [2:59:24/27:29:12]  Acc_iter 36150       Data time: 0.06(0.03)  Forward time: 0.23(0.27)  Batch time: 0.30(0.30)
2026-07-29 22:36:29,793   INFO  a1e06a0b30c0                Wed Jul 29 22:36:29 2026  580.173.02
[0] NVIDIA GeForce RTX 3070 | 64°C,  69 % |  6349 /  8192 MB | root(5808M)

2026-07-29 22:36:44,247   INFO  Train:    4/40 ( 10%) [8416/9261 ( 91%)]  Loss: 1.397 (1.39)  LR: 1.602e-04  Time cost: 41:31/04:10 [2:59:39/27:29:03]  Acc_iter 36200       Data time: 0.02(0.03)  Forward time: 0.27(0.27)  Batch time: 0.29(0.30)
2026-07-29 22:36:58,874   INFO  Train:    4/40 ( 10%) [8466/9261 ( 91%)]  Loss: 1.582 (1.39)  LR: 1.604e-04  Time cost: 41:46/03:55 [2:59:54/27:28:41]  Acc_iter 36250       Data time: 0.02(0.03)  Forward time: 0.31(0.27)  Batch time: 0.33(0.30)
2026-07-29 22:37:14,922   INFO  Train:    4/40 ( 10%) [8516/9261 ( 92%)]  Loss: 1.610 (1.39)  LR: 1.607e-04  Time cost: 42:02/03:40 [3:00:10/27:29:15]  Acc_iter 36300       Data time: 0.02(0.03)  Forward time: 0.33(0.27)  Batch time: 0.35(0.30)
2026-07-29 22:37:15,497   INFO  a1e06a0b30c0                Wed Jul 29 22:37:15 2026  580.173.02
[0] NVIDIA GeForce RTX 3070 | 60°C,  64 % |  6349 /  8192 MB | root(5808M)

2026-07-29 22:37:30,045   INFO  Train:    4/40 ( 10%) [8566/9261 ( 92%)]  Loss: 1.234 (1.39)  LR: 1.610e-04  Time cost: 42:17/03:25 [3:00:25/27:29:13]  Acc_iter 36350       Data time: 0.06(0.03)  Forward time: 0.24(0.27)  Batch time: 0.30(0.30)
2026-07-29 22:37:44,457   INFO  Train:    4/40 ( 10%) [8616/9261 ( 93%)]  Loss: 1.393 (1.39)  LR: 1.613e-04  Time cost: 42:31/03:11 [3:00:39/27:28:42]  Acc_iter 36400       Data time: 0.00(0.03)  Forward time: 0.22(0.27)  Batch time: 0.22(0.30)
2026-07-29 22:37:58,985   INFO  Train:    4/40 ( 10%) [8666/9261 ( 94%)]  Loss: 1.153 (1.39)  LR: 1.616e-04  Time cost: 42:46/02:56 [3:00:54/27:28:17]  Acc_iter 36450       Data time: 0.02(0.03)  Forward time: 0.30(0.27)  Batch time: 0.32(0.30)
2026-07-29 22:37:59,458   INFO  a1e06a0b30c0                Wed Jul 29 22:37:59 2026  580.173.02
[0] NVIDIA GeForce RTX 3070 | 61°C, 100 % |  6349 /  8192 MB | root(5808M)

2026-07-29 22:38:13,980   INFO  Train:    4/40 ( 10%) [8716/9261 ( 94%)]  Loss: 1.449 (1.39)  LR: 1.619e-04  Time cost: 43:01/02:41 [3:01:09/27:28:09]  Acc_iter 36500       Data time: 0.02(0.03)  Forward time: 0.29(0.27)  Batch time: 0.32(0.30)
2026-07-29 22:38:30,045   INFO  Train:    4/40 ( 10%) [8766/9261 ( 95%)]  Loss: 1.337 (1.39)  LR: 1.622e-04  Time cost: 43:17/02:26 [3:01:25/27:28:42]  Acc_iter 36550       Data time: 0.02(0.03)  Forward time: 0.27(0.27)  Batch time: 0.29(0.30)
2026-07-29 22:38:44,986   INFO  Train:    4/40 ( 10%) [8816/9261 ( 95%)]  Loss: 1.394 (1.39)  LR: 1.625e-04  Time cost: 43:32/02:11 [3:01:40/27:28:32]  Acc_iter 36600       Data time: 0.00(0.03)  Forward time: 0.23(0.27)  Batch time: 0.23(0.30)
2026-07-29 22:38:45,527   INFO  a1e06a0b30c0                Wed Jul 29 22:38:45 2026  580.173.02
[0] NVIDIA GeForce RTX 3070 | 61°C,  74 % |  6349 /  8192 MB | root(5808M)

2026-07-29 22:38:59,579   INFO  Train:    4/40 ( 10%) [8866/9261 ( 96%)]  Loss: 1.196 (1.39)  LR: 1.627e-04  Time cost: 43:46/01:57 [3:01:55/27:28:09]  Acc_iter 36650       Data time: 0.02(0.03)  Forward time: 0.28(0.27)  Batch time: 0.30(0.30)
2026-07-29 22:39:13,457   INFO  Train:    4/40 ( 10%) [8916/9261 ( 96%)]  Loss: 1.307 (1.39)  LR: 1.630e-04  Time cost: 44:00/01:42 [3:02:08/27:27:20]  Acc_iter 36700       Data time: 0.02(0.03)  Forward time: 0.32(0.27)  Batch time: 0.34(0.30)
2026-07-29 22:39:27,746   INFO  Train:    4/40 ( 10%) [8966/9261 ( 97%)]  Loss: 1.361 (1.39)  LR: 1.633e-04  Time cost: 44:15/01:27 [3:02:23/27:26:45]  Acc_iter 36750       Data time: 0.00(0.03)  Forward time: 0.23(0.27)  Batch time: 0.23(0.30)
2026-07-29 22:39:28,385   INFO  a1e06a0b30c0                Wed Jul 29 22:39:28 2026  580.173.02
[0] NVIDIA GeForce RTX 3070 | 60°C,  65 % |  6339 /  8192 MB | root(5808M)

2026-07-29 22:39:44,214   INFO  Train:    4/40 ( 10%) [9016/9261 ( 97%)]  Loss: 1.544 (1.39)  LR: 1.636e-04  Time cost: 44:31/01:12 [3:02:39/27:27:32]  Acc_iter 36800       Data time: 0.02(0.03)  Forward time: 0.33(0.27)  Batch time: 0.36(0.30)
2026-07-29 22:39:59,273   INFO  Train:    4/40 ( 10%) [9066/9261 ( 98%)]  Loss: 1.658 (1.39)  LR: 1.639e-04  Time cost: 44:46/00:57 [3:02:54/27:27:26]  Acc_iter 36850       Data time: 0.01(0.03)  Forward time: 0.32(0.27)  Batch time: 0.33(0.30)
2026-07-29 22:40:12,916   INFO  Save latest model to /OpenPCDet/output/OpenPCDet/tools/cfgs/models/S/D/S_D_N/unfrozen_backbone_1_93/ckpt/latest_model
2026-07-29 22:40:13,446   INFO  Train:    4/40 ( 10%) [9116/9261 ( 98%)]  Loss: 1.609 (1.39)  LR: 1.642e-04  Time cost: 45:00/00:42 [3:03:08/27:26:48]  Acc_iter 36900       Data time: 0.05(0.03)  Forward time: 0.23(0.27)  Batch time: 0.27(0.30)
2026-07-29 22:40:13,936   INFO  a1e06a0b30c0                Wed Jul 29 22:40:13 2026  580.173.02
[0] NVIDIA GeForce RTX 3070 | 61°C,   2 % |  6349 /  8192 MB | root(5808M)

2026-07-29 22:40:28,075   INFO  Train:    4/40 ( 10%) [9166/9261 ( 99%)]  Loss: 1.029 (1.39)  LR: 1.645e-04  Time cost: 45:15/00:28 [3:03:23/27:26:27]  Acc_iter 36950       Data time: 0.01(0.03)  Forward time: 0.22(0.27)  Batch time: 0.23(0.30)
2026-07-29 22:40:42,288   INFO  Train:    4/40 ( 10%) [9216/9261 (100%)]  Loss: 1.499 (1.39)  LR: 1.647e-04  Time cost: 45:29/00:13 [3:03:37/27:25:50]  Acc_iter 37000       Data time: 0.03(0.03)  Forward time: 0.30(0.27)  Batch time: 0.33(0.30)
2026-07-29 22:40:54,641   INFO  Train:    4/40 ( 10%) [9260/9261 (100%)]  Loss: 1.104 (1.39)  LR: 1.650e-04  Time cost: 45:42/00:00 [3:03:50/27:25:13]  Acc_iter 37044       Data time: 0.02(0.03)  Forward time: 0.12(0.27)  Batch time: 0.14(0.30)
2026-07-29 22:40:57,954   INFO  Train:    5/40 ( 12%) [   0/9261 (  0%)]  Loss: 1.284 (1.28)  LR: 1.650e-04  Time cost: 00:02/5:30:54 [3:03:53/198:32:50]  Acc_iter 37045       Data time: 1.58(1.58)  Forward time: 0.56(0.56)  Batch time: 2.14(2.14)
2026-07-29 22:41:00,123   INFO  Train:    5/40 ( 12%) [   5/9261 (  0%)]  Loss: 1.596 (1.51)  LR: 1.650e-04  Time cost: 00:04/1:50:53 [3:03:55/66:34:08]  Acc_iter 37050       Data time: 0.02(0.27)  Forward time: 0.24(0.44)  Batch time: 0.26(0.72)
2026-07-29 22:41:00,767   INFO  a1e06a0b30c0                Wed Jul 29 22:41:00 2026  580.173.02
[0] NVIDIA GeForce RTX 3070 | 61°C,  12 % |  6349 /  8192 MB | root(5808M)

2026-07-29 22:41:15,948   INFO  Train:    5/40 ( 12%) [  55/9261 (  1%)]  Loss: 1.002 (1.40)  LR: 1.653e-04  Time cost: 00:20/55:10 [3:04:11/33:17:53]  Acc_iter 37100       Data time: 0.01(0.06)  Forward time: 0.28(0.30)  Batch time: 0.29(0.36)
2026-07-29 22:41:30,062   INFO  Train:    5/40 ( 12%) [ 105/9261 (  1%)]  Loss: 1.379 (1.38)  LR: 1.656e-04  Time cost: 00:34/49:18 [3:04:25/29:54:57]  Acc_iter 37150       Data time: 0.00(0.04)  Forward time: 0.22(0.28)  Batch time: 0.22(0.32)
2026-07-29 22:41:44,160   INFO  Train:    5/40 ( 12%) [ 155/9261 (  2%)]  Loss: 1.518 (1.37)  LR: 1.659e-04  Time cost: 00:48/47:02 [3:04:39/28:41:23]  Acc_iter 37200       Data time: 0.00(0.03)  Forward time: 0.23(0.28)  Batch time: 0.23(0.31)
2026-07-29 22:41:44,658   INFO  a1e06a0b30c0                Wed Jul 29 22:41:44 2026  580.173.02
[0] NVIDIA GeForce RTX 3070 | 64°C,  45 % |  6349 /  8192 MB | root(5808M)

2026-07-29 22:41:59,107   INFO  Train:    5/40 ( 12%) [ 205/9261 (  2%)]  Loss: 1.385 (1.37)  LR: 1.662e-04  Time cost: 01:03/46:22 [3:04:54/28:26:18]  Acc_iter 37250       Data time: 0.05(0.03)  Forward time: 0.23(0.27)  Batch time: 0.28(0.31)
2026-07-29 22:42:14,192   INFO  Train:    5/40 ( 12%) [ 255/9261 (  3%)]  Loss: 1.212 (1.37)  LR: 1.665e-04  Time cost: 01:18/45:57 [3:05:09/28:20:01]  Acc_iter 37300       Data time: 0.01(0.03)  Forward time: 0.29(0.27)  Batch time: 0.30(0.31)
2026-07-29 22:42:29,908   INFO  Train:    5/40 ( 12%) [ 305/9261 (  3%)]  Loss: 1.305 (1.37)  LR: 1.667e-04  Time cost: 01:34/45:54 [3:05:25/28:27:09]  Acc_iter 37350       Data time: 0.02(0.03)  Forward time: 0.28(0.28)  Batch time: 0.31(0.31)
2026-07-29 22:42:30,454   INFO  a1e06a0b30c0                Wed Jul 29 22:42:30 2026  580.173.02
[0] NVIDIA GeForce RTX 3070 | 60°C,  33 % |  6353 /  8192 MB | root(5808M)

2026-07-29 22:42:44,740   INFO  Train:    5/40 ( 12%) [ 355/9261 (  4%)]  Loss: 1.385 (1.36)  LR: 1.670e-04  Time cost: 01:48/45:25 [3:05:40/28:18:25]  Acc_iter 37400       Data time: 0.05(0.03)  Forward time: 0.23(0.27)  Batch time: 0.27(0.31)
2026-07-29 22:42:58,981   INFO  Train:    5/40 ( 12%) [ 405/9261 (  4%)]  Loss: 1.783 (1.36)  LR: 1.673e-04  Time cost: 02:03/44:46 [3:05:54/28:03:42]  Acc_iter 37450       Data time: 0.00(0.03)  Forward time: 0.23(0.27)  Batch time: 0.23(0.30)
2026-07-29 22:43:13,367   INFO  Train:    5/40 ( 12%) [ 455/9261 (  5%)]  Loss: 1.230 (1.36)  LR: 1.676e-04  Time cost: 02:17/44:16 [3:06:08/27:53:54]  Acc_iter 37500       Data time: 0.00(0.03)  Forward time: 0.22(0.27)  Batch time: 0.22(0.30)
2026-07-29 22:43:13,878   INFO  a1e06a0b30c0                Wed Jul 29 22:43:13 2026  580.173.02
[0] NVIDIA GeForce RTX 3070 | 67°C,  69 % |  6349 /  8192 MB | root(5808M)

2026-07-29 22:43:28,598   INFO  Train:    5/40 ( 12%) [ 505/9261 (  5%)]  Loss: 1.293 (1.36)  LR: 1.679e-04  Time cost: 02:32/44:03 [3:06:24/27:55:17]  Acc_iter 37550       Data time: 0.02(0.03)  Forward time: 0.32(0.27)  Batch time: 0.34(0.30)
2026-07-29 22:43:44,158   INFO  Train:    5/40 ( 12%) [ 555/9261 (  6%)]  Loss: 1.245 (1.36)  LR: 1.682e-04  Time cost: 02:48/43:56 [3:06:39/27:59:39]  Acc_iter 37600       Data time: 0.02(0.03)  Forward time: 0.29(0.27)  Batch time: 0.31(0.30)
2026-07-29 22:43:59,062   INFO  Train:    5/40 ( 12%) [ 605/9261 (  7%)]  Loss: 1.451 (1.36)  LR: 1.685e-04  Time cost: 03:03/43:37 [3:06:54/27:57:14]  Acc_iter 37650       Data time: 0.02(0.03)  Forward time: 0.26(0.27)  Batch time: 0.28(0.30)
2026-07-29 22:43:59,544   INFO  a1e06a0b30c0                Wed Jul 29 22:43:59 2026  580.173.02
[0] NVIDIA GeForce RTX 3070 | 62°C,   2 % |  6349 /  8192 MB | root(5808M)

2026-07-29 22:44:13,718   INFO  Train:    5/40 ( 12%) [ 655/9261 (  7%)]  Loss: 1.353 (1.37)  LR: 1.687e-04  Time cost: 03:17/43:16 [3:07:09/27:53:04]  Acc_iter 37700       Data time: 0.02(0.03)  Forward time: 0.23(0.27)  Batch time: 0.25(0.30)
2026-07-29 22:44:27,893   INFO  Train:    5/40 ( 12%) [ 705/9261 (  8%)]  Loss: 1.239 (1.36)  LR: 1.690e-04  Time cost: 03:32/42:50 [3:07:23/27:45:40]  Acc_iter 37750       Data time: 0.02(0.03)  Forward time: 0.33(0.27)  Batch time: 0.35(0.30)
2026-07-29 22:44:42,442   INFO  Train:    5/40 ( 12%) [ 755/9261 (  8%)]  Loss: 1.203 (1.36)  LR: 1.693e-04  Time cost: 03:46/42:29 [3:07:37/27:41:58]  Acc_iter 37800       Data time: 0.02(0.03)  Forward time: 0.32(0.27)  Batch time: 0.34(0.30)
2026-07-29 22:44:43,042   INFO  a1e06a0b30c0                Wed Jul 29 22:44:43 2026  580.173.02
[0] NVIDIA GeForce RTX 3070 | 61°C,  57 % |  6341 /  8192 MB | root(5808M)

2026-07-29 22:44:58,810   INFO  Train:    5/40 ( 12%) [ 805/9261 (  9%)]  Loss: 1.328 (1.36)  LR: 1.696e-04  Time cost: 04:03/42:29 [3:07:54/27:51:12]  Acc_iter 37850       Data time: 0.02(0.03)  Forward time: 0.30(0.27)  Batch time: 0.32(0.30)
2026-07-29 22:45:13,517   INFO  Train:    5/40 ( 12%) [ 855/9261 (  9%)]  Loss: 1.537 (1.37)  LR: 1.699e-04  Time cost: 04:17/42:10 [3:08:08/27:48:34]  Acc_iter 37900       Data time: 0.04(0.03)  Forward time: 0.23(0.27)  Batch time: 0.28(0.30)
2026-07-29 22:45:27,772   INFO  Train:    5/40 ( 12%) [ 905/9261 ( 10%)]  Loss: 1.371 (1.37)  LR: 1.702e-04  Time cost: 04:31/41:48 [3:08:23/27:43:27]  Acc_iter 37950       Data time: 0.01(0.03)  Forward time: 0.31(0.27)  Batch time: 0.32(0.30)
2026-07-29 22:45:28,379   INFO  a1e06a0b30c0                Wed Jul 29 22:45:28 2026  580.173.02
[0] NVIDIA GeForce RTX 3070 | 66°C,  33 % |  6351 /  8192 MB | root(5808M)

2026-07-29 22:45:42,358   INFO  Train:    5/40 ( 12%) [ 955/9261 ( 10%)]  Loss: 1.435 (1.37)  LR: 1.705e-04  Time cost: 04:46/41:29 [3:08:37/27:40:44]  Acc_iter 38000       Data time: 0.00(0.03)  Forward time: 0.31(0.27)  Batch time: 0.31(0.30)
2026-07-29 22:45:55,969   INFO  Save latest model to /OpenPCDet/output/OpenPCDet/tools/cfgs/models/S/D/S_D_N/unfrozen_backbone_1_93/ckpt/latest_model
2026-07-29 22:45:57,203   INFO  Train:    5/40 ( 12%) [1005/9261 ( 11%)]  Loss: 1.415 (1.37)  LR: 1.708e-04  Time cost: 05:01/41:13 [3:08:52/27:39:42]  Acc_iter 38050       Data time: 0.01(0.03)  Forward time: 0.31(0.27)  Batch time: 0.32(0.30)
2026-07-29 22:46:12,957   INFO  Train:    5/40 ( 12%) [1055/9261 ( 11%)]  Loss: 1.795 (1.37)  LR: 1.710e-04  Time cost: 05:17/41:04 [3:09:08/27:43:31]  Acc_iter 38100       Data time: 0.02(0.03)  Forward time: 0.29(0.27)  Batch time: 0.31(0.30)
2026-07-29 22:46:13,563   INFO  a1e06a0b30c0                Wed Jul 29 22:46:13 2026  580.173.02
[0] NVIDIA GeForce RTX 3070 | 61°C,   3 % |  6349 /  8192 MB | root(5808M)

2026-07-29 22:46:28,731   INFO  Train:    5/40 ( 12%) [1105/9261 ( 12%)]  Loss: 1.430 (1.38)  LR: 1.713e-04  Time cost: 05:32/40:55 [3:09:24/27:47:04]  Acc_iter 38150       Data time: 0.03(0.03)  Forward time: 0.23(0.27)  Batch time: 0.26(0.30)
2026-07-29 22:46:42,622   INFO  Train:    5/40 ( 12%) [1155/9261 ( 12%)]  Loss: 1.733 (1.38)  LR: 1.716e-04  Time cost: 05:46/40:31 [3:09:38/27:41:15]  Acc_iter 38200       Data time: 0.02(0.03)  Forward time: 0.23(0.27)  Batch time: 0.25(0.30)
2026-07-29 22:46:56,695   INFO  Train:    5/40 ( 12%) [1205/9261 ( 13%)]  Loss: 1.273 (1.38)  LR: 1.719e-04  Time cost: 06:00/40:10 [3:09:52/27:36:45]  Acc_iter 38250       Data time: 0.05(0.03)  Forward time: 0.21(0.27)  Batch time: 0.26(0.30)
2026-07-29 22:46:57,303   INFO  a1e06a0b30c0                Wed Jul 29 22:46:57 2026  580.173.02
[0] NVIDIA GeForce RTX 3070 | 66°C,  72 % |  6349 /  8192 MB | root(5808M)

2026-07-29 22:47:11,930   INFO  Train:    5/40 ( 12%) [1255/9261 ( 14%)]  Loss: 1.307 (1.38)  LR: 1.722e-04  Time cost: 06:16/39:57 [3:10:07/27:37:42]  Acc_iter 38300       Data time: 0.04(0.03)  Forward time: 0.22(0.27)  Batch time: 0.27(0.30)
2026-07-29 22:47:27,898   INFO  Train:    5/40 ( 12%) [1305/9261 ( 14%)]  Loss: 1.412 (1.38)  LR: 1.725e-04  Time cost: 06:32/39:48 [3:10:23/27:41:40]  Acc_iter 38350       Data time: 0.01(0.03)  Forward time: 0.31(0.27)  Batch time: 0.32(0.30)
2026-07-29 22:47:43,307   INFO  Train:    5/40 ( 12%) [1355/9261 ( 15%)]  Loss: 1.451 (1.38)  LR: 1.728e-04  Time cost: 06:47/39:35 [3:10:38/27:43:03]  Acc_iter 38400       Data time: 0.03(0.03)  Forward time: 0.32(0.27)  Batch time: 0.35(0.30)
2026-07-29 22:47:43,926   INFO  a1e06a0b30c0                Wed Jul 29 22:47:43 2026  580.173.02
[0] NVIDIA GeForce RTX 3070 | 60°C,  56 % |  6349 /  8192 MB | root(5808M)

2026-07-29 22:47:57,957   INFO  Train:    5/40 ( 12%) [1405/9261 ( 15%)]  Loss: 1.264 (1.37)  LR: 1.730e-04  Time cost: 07:02/39:18 [3:10:53/27:41:19]  Acc_iter 38450       Data time: 0.02(0.03)  Forward time: 0.23(0.27)  Batch time: 0.26(0.30)
2026-07-29 22:48:12,096   INFO  Train:    5/40 ( 12%) [1455/9261 ( 16%)]  Loss: 1.678 (1.37)  LR: 1.733e-04  Time cost: 07:16/38:59 [3:11:07/27:37:45]  Acc_iter 38500       Data time: 0.01(0.03)  Forward time: 0.22(0.27)  Batch time: 0.23(0.30)
2026-07-29 22:48:26,577   INFO  Train:    5/40 ( 12%) [1505/9261 ( 16%)]  Loss: 1.264 (1.37)  LR: 1.736e-04  Time cost: 07:30/38:41 [3:11:22/27:35:39]  Acc_iter 38550       Data time: 0.00(0.03)  Forward time: 0.22(0.27)  Batch time: 0.22(0.30)
2026-07-29 22:48:27,213   INFO  a1e06a0b30c0                Wed Jul 29 22:48:27 2026  580.173.02
[0] NVIDIA GeForce RTX 3070 | 62°C,  75 % |  6349 /  8192 MB | root(5808M)

2026-07-29 22:48:42,353   INFO  Train:    5/40 ( 12%) [1555/9261 ( 17%)]  Loss: 1.116 (1.37)  LR: 1.739e-04  Time cost: 07:46/38:30 [3:11:37/27:38:17]  Acc_iter 38600       Data time: 0.07(0.03)  Forward time: 0.25(0.27)  Batch time: 0.32(0.30)
2026-07-29 22:48:58,233   INFO  Train:    5/40 ( 12%) [1605/9261 ( 17%)]  Loss: 1.276 (1.37)  LR: 1.742e-04  Time cost: 08:02/38:19 [3:11:53/27:41:06]  Acc_iter 38650       Data time: 0.00(0.03)  Forward time: 0.24(0.27)  Batch time: 0.24(0.30)
2026-07-29 22:49:12,594   INFO  Train:    5/40 ( 12%) [1655/9261 ( 18%)]  Loss: 1.321 (1.38)  LR: 1.745e-04  Time cost: 08:16/38:01 [3:12:08/27:38:39]  Acc_iter 38700       Data time: 0.02(0.03)  Forward time: 0.26(0.27)  Batch time: 0.28(0.30)
2026-07-29 22:49:13,063   INFO  a1e06a0b30c0                Wed Jul 29 22:49:13 2026  580.173.02
[0] NVIDIA GeForce RTX 3070 | 62°C,  81 % |  6339 /  8192 MB | root(5808M)

2026-07-29 22:49:27,131   INFO  Train:    5/40 ( 12%) [1705/9261 ( 18%)]  Loss: 1.398 (1.38)  LR: 1.748e-04  Time cost: 08:31/37:44 [3:12:22/27:36:54]  Acc_iter 38750       Data time: 0.01(0.03)  Forward time: 0.22(0.27)  Batch time: 0.24(0.30)
2026-07-29 22:49:41,677   INFO  Train:    5/40 ( 12%) [1755/9261 ( 19%)]  Loss: 1.535 (1.37)  LR: 1.750e-04  Time cost: 08:45/37:27 [3:12:37/27:35:16]  Acc_iter 38800       Data time: 0.06(0.03)  Forward time: 0.23(0.27)  Batch time: 0.28(0.30)
2026-07-29 22:49:56,543   INFO  Train:    5/40 ( 12%) [1805/9261 ( 19%)]  Loss: 1.345 (1.37)  LR: 1.753e-04  Time cost: 09:00/37:12 [3:12:51/27:34:41]  Acc_iter 38850       Data time: 0.02(0.03)  Forward time: 0.28(0.27)  Batch time: 0.30(0.30)
2026-07-29 22:49:57,183   INFO  a1e06a0b30c0                Wed Jul 29 22:49:57 2026  580.173.02
[0] NVIDIA GeForce RTX 3070 | 61°C,  97 % |  6339 /  8192 MB | root(5808M)

2026-07-29 22:50:13,130   INFO  Train:    5/40 ( 12%) [1855/9261 ( 20%)]  Loss: 1.153 (1.37)  LR: 1.756e-04  Time cost: 09:17/37:03 [3:13:08/27:39:15]  Acc_iter 38900       Data time: 0.02(0.03)  Forward time: 0.35(0.27)  Batch time: 0.37(0.30)
2026-07-29 22:50:27,550   INFO  Train:    5/40 ( 12%) [1905/9261 ( 21%)]  Loss: 1.421 (1.37)  LR: 1.759e-04  Time cost: 09:31/36:46 [3:13:22/27:37:16]  Acc_iter 38950       Data time: 0.04(0.03)  Forward time: 0.22(0.27)  Batch time: 0.27(0.30)
2026-07-29 22:50:41,692   INFO  Train:    5/40 ( 12%) [1955/9261 ( 21%)]  Loss: 1.288 (1.37)  LR: 1.762e-04  Time cost: 09:45/36:28 [3:13:37/27:34:36]  Acc_iter 39000       Data time: 0.01(0.03)  Forward time: 0.26(0.27)  Batch time: 0.28(0.30)
2026-07-29 22:50:42,180   INFO  a1e06a0b30c0                Wed Jul 29 22:50:42 2026  580.173.02
[0] NVIDIA GeForce RTX 3070 | 64°C,  78 % |  6349 /  8192 MB | root(5808M)

2026-07-29 22:50:56,108   INFO  Save latest model to /OpenPCDet/output/OpenPCDet/tools/cfgs/models/S/D/S_D_N/unfrozen_backbone_1_93/ckpt/latest_model
2026-07-29 22:50:56,706   INFO  Train:    5/40 ( 12%) [2005/9261 ( 22%)]  Loss: 1.227 (1.37)  LR: 1.765e-04  Time cost: 10:00/36:13 [3:13:52/27:34:28]  Acc_iter 39050       Data time: 0.02(0.03)  Forward time: 0.30(0.27)  Batch time: 0.32(0.30)
2026-07-29 22:51:11,199   INFO  Train:    5/40 ( 12%) [2055/9261 ( 22%)]  Loss: 1.509 (1.37)  LR: 1.767e-04  Time cost: 10:15/35:56 [3:14:06/27:32:54]  Acc_iter 39100       Data time: 0.02(0.03)  Forward time: 0.32(0.27)  Batch time: 0.34(0.30)
2026-07-29 22:51:27,210   INFO  Train:    5/40 ( 12%) [2105/9261 ( 23%)]  Loss: 1.602 (1.37)  LR: 1.770e-04  Time cost: 10:31/35:45 [3:14:22/27:35:24]  Acc_iter 39150       Data time: 0.02(0.03)  Forward time: 0.30(0.27)  Batch time: 0.32(0.30)
2026-07-29 22:51:27,801   INFO  a1e06a0b30c0                Wed Jul 29 22:51:27 2026  580.173.02
[0] NVIDIA GeForce RTX 3070 | 64°C,  81 % |  6349 /  8192 MB | root(5808M)

2026-07-29 22:51:42,496   INFO  Train:    5/40 ( 12%) [2155/9261 ( 23%)]  Loss: 1.305 (1.37)  LR: 1.773e-04  Time cost: 10:46/35:31 [3:14:37/27:35:54]  Acc_iter 39200       Data time: 0.03(0.03)  Forward time: 0.23(0.27)  Batch time: 0.26(0.30)
2026-07-29 22:51:56,719   INFO  Train:    5/40 ( 12%) [2205/9261 ( 24%)]  Loss: 1.187 (1.37)  LR: 1.776e-04  Time cost: 11:00/35:13 [3:14:52/27:33:43]  Acc_iter 39250       Data time: 0.04(0.03)  Forward time: 0.31(0.27)  Batch time: 0.35(0.30)
2026-07-29 22:52:11,049   INFO  Train:    5/40 ( 12%) [2255/9261 ( 24%)]  Loss: 1.757 (1.37)  LR: 1.779e-04  Time cost: 11:15/34:56 [3:15:06/27:31:53]  Acc_iter 39300       Data time: 0.01(0.03)  Forward time: 0.31(0.27)  Batch time: 0.32(0.30)
2026-07-29 22:52:11,651   INFO  a1e06a0b30c0                Wed Jul 29 22:52:11 2026  580.173.02
[0] NVIDIA GeForce RTX 3070 | 62°C,   4 % |  6351 /  8192 MB | root(5808M)

2026-07-29 22:52:26,141   INFO  Train:    5/40 ( 12%) [2305/9261 ( 25%)]  Loss: 1.248 (1.37)  LR: 1.782e-04  Time cost: 11:30/34:42 [3:15:21/27:31:56]  Acc_iter 39350       Data time: 0.03(0.03)  Forward time: 0.28(0.27)  Batch time: 0.31(0.30)
2026-07-29 22:52:42,321   INFO  Train:    5/40 ( 12%) [2355/9261 ( 25%)]  Loss: 1.274 (1.37)  LR: 1.785e-04  Time cost: 11:46/34:30 [3:15:37/27:34:31]  Acc_iter 39400       Data time: 0.02(0.03)  Forward time: 0.32(0.27)  Batch time: 0.34(0.30)
2026-07-29 22:52:57,455   INFO  Train:    5/40 ( 12%) [2405/9261 ( 26%)]  Loss: 1.684 (1.37)  LR: 1.787e-04  Time cost: 12:01/34:16 [3:15:52/27:34:36]  Acc_iter 39450       Data time: 0.01(0.03)  Forward time: 0.29(0.27)  Batch time: 0.31(0.30)
2026-07-29 22:52:57,956   INFO  a1e06a0b30c0                Wed Jul 29 22:52:57 2026  580.173.02
[0] NVIDIA GeForce RTX 3070 | 61°C,  65 % |  6351 /  8192 MB | root(5808M)

2026-07-29 22:53:12,088   INFO  Train:    5/40 ( 12%) [2455/9261 ( 27%)]  Loss: 1.399 (1.37)  LR: 1.790e-04  Time cost: 12:16/34:00 [3:16:07/27:33:32]  Acc_iter 39500       Data time: 0.02(0.03)  Forward time: 0.29(0.27)  Batch time: 0.31(0.30)
2026-07-29 22:53:26,393   INFO  Train:    5/40 ( 12%) [2505/9261 ( 27%)]  Loss: 1.061 (1.37)  LR: 1.793e-04  Time cost: 12:30/33:43 [3:16:21/27:31:46]  Acc_iter 39550       Data time: 0.03(0.03)  Forward time: 0.23(0.27)  Batch time: 0.27(0.30)
2026-07-29 22:53:41,146   INFO  Train:    5/40 ( 12%) [2555/9261 ( 28%)]  Loss: 0.9886 (1.37)  LR: 1.796e-04  Time cost: 12:45/33:27 [3:16:36/27:31:02]  Acc_iter 39600       Data time: 0.02(0.03)  Forward time: 0.26(0.27)  Batch time: 0.28(0.30)
2026-07-29 22:53:41,715   INFO  a1e06a0b30c0                Wed Jul 29 22:53:41 2026  580.173.02
[0] NVIDIA GeForce RTX 3070 | 65°C,   3 % |  6351 /  8192 MB | root(5808M)

2026-07-29 22:53:57,249   INFO  Train:    5/40 ( 12%) [2605/9261 ( 28%)]  Loss: 1.178 (1.37)  LR: 1.799e-04  Time cost: 13:01/33:15 [3:16:52/27:33:11]  Acc_iter 39650       Data time: 0.02(0.03)  Forward time: 0.33(0.27)  Batch time: 0.35(0.30)
2026-07-29 22:54:12,565   INFO  Train:    5/40 ( 12%) [2655/9261 ( 29%)]  Loss: 1.430 (1.37)  LR: 1.802e-04  Time cost: 13:16/33:01 [3:17:07/27:33:36]  Acc_iter 39700       Data time: 0.02(0.03)  Forward time: 0.28(0.27)  Batch time: 0.30(0.30)
2026-07-29 22:54:26,820   INFO  Train:    5/40 ( 12%) [2705/9261 ( 29%)]  Loss: 1.312 (1.37)  LR: 1.805e-04  Time cost: 13:31/32:44 [3:17:22/27:31:50]  Acc_iter 39750       Data time: 0.05(0.03)  Forward time: 0.26(0.27)  Batch time: 0.30(0.30)
2026-07-29 22:54:27,308   INFO  a1e06a0b30c0                Wed Jul 29 22:54:27 2026  580.173.02
[0] NVIDIA GeForce RTX 3070 | 66°C,  91 % |  6349 /  8192 MB | root(5808M)

2026-07-29 22:54:41,747   INFO  Train:    5/40 ( 12%) [2755/9261 ( 30%)]  Loss: 1.110 (1.37)  LR: 1.807e-04  Time cost: 13:45/32:29 [3:17:37/27:31:28]  Acc_iter 39800       Data time: 0.01(0.03)  Forward time: 0.28(0.27)  Batch time: 0.29(0.30)
2026-07-29 22:54:56,213   INFO  Train:    5/40 ( 12%) [2805/9261 ( 30%)]  Loss: 1.094 (1.36)  LR: 1.810e-04  Time cost: 14:00/32:13 [3:17:51/27:30:12]  Acc_iter 39850       Data time: 0.05(0.03)  Forward time: 0.22(0.27)  Batch time: 0.28(0.30)
2026-07-29 22:55:11,482   INFO  Train:    5/40 ( 12%) [2855/9261 ( 31%)]  Loss: 1.433 (1.36)  LR: 1.813e-04  Time cost: 14:15/31:59 [3:18:06/27:30:31]  Acc_iter 39900       Data time: 0.02(0.03)  Forward time: 0.31(0.27)  Batch time: 0.33(0.30)
2026-07-29 22:55:12,143   INFO  a1e06a0b30c0                Wed Jul 29 22:55:12 2026  580.173.02
[0] NVIDIA GeForce RTX 3070 | 61°C,  35 % |  6349 /  8192 MB | root(5808M)

2026-07-29 22:55:28,266   INFO  Train:    5/40 ( 12%) [2905/9261 ( 31%)]  Loss: 1.207 (1.36)  LR: 1.816e-04  Time cost: 14:32/31:48 [3:18:23/27:33:41]  Acc_iter 39950       Data time: 0.02(0.03)  Forward time: 0.28(0.27)  Batch time: 0.31(0.30)
2026-07-29 22:55:42,571   INFO  Train:    5/40 ( 12%) [2955/9261 ( 32%)]  Loss: 1.439 (1.36)  LR: 1.819e-04  Time cost: 14:46/31:31 [3:18:38/27:32:08]  Acc_iter 40000       Data time: 0.01(0.03)  Forward time: 0.29(0.27)  Batch time: 0.30(0.30)
2026-07-29 22:55:56,029   INFO  Save latest model to /OpenPCDet/output/OpenPCDet/tools/cfgs/models/S/D/S_D_N/unfrozen_backbone_1_93/ckpt/latest_model
2026-07-29 22:55:56,982   INFO  Train:    5/40 ( 12%) [3005/9261 ( 32%)]  Loss: 1.393 (1.36)  LR: 1.822e-04  Time cost: 15:01/31:15 [3:18:52/27:30:48]  Acc_iter 40050       Data time: 0.03(0.03)  Forward time: 0.25(0.27)  Batch time: 0.28(0.30)
2026-07-29 22:55:57,507   INFO  a1e06a0b30c0                Wed Jul 29 22:55:57 2026  580.173.02
[0] NVIDIA GeForce RTX 3070 | 61°C,   4 % |  6351 /  8192 MB | root(5808M)

2026-07-29 22:56:11,868   INFO  Train:    5/40 ( 12%) [3055/9261 ( 33%)]  Loss: 1.252 (1.36)  LR: 1.824e-04  Time cost: 15:16/31:00 [3:19:07/27:30:22]  Acc_iter 40100       Data time: 0.02(0.03)  Forward time: 0.27(0.27)  Batch time: 0.29(0.30)
2026-07-29 22:56:26,795   INFO  Train:    5/40 ( 12%) [3105/9261 ( 34%)]  Loss: 0.9883 (1.36)  LR: 1.827e-04  Time cost: 15:30/30:45 [3:19:22/27:30:00]  Acc_iter 40150       Data time: 0.04(0.03)  Forward time: 0.30(0.27)  Batch time: 0.34(0.30)
2026-07-29 22:56:42,451   INFO  Train:    5/40 ( 12%) [3155/9261 ( 34%)]  Loss: 1.501 (1.36)  LR: 1.830e-04  Time cost: 15:46/30:31 [3:19:37/27:30:55]  Acc_iter 40200       Data time: 0.02(0.03)  Forward time: 0.32(0.27)  Batch time: 0.33(0.30)
2026-07-29 22:56:42,979   INFO  a1e06a0b30c0                Wed Jul 29 22:56:42 2026  580.173.02
[0] NVIDIA GeForce RTX 3070 | 60°C,  32 % |  6353 /  8192 MB | root(5808M)

2026-07-29 22:56:57,375   INFO  Train:    5/40 ( 12%) [3205/9261 ( 35%)]  Loss: 1.657 (1.36)  LR: 1.833e-04  Time cost: 16:01/30:16 [3:19:52/27:30:33]  Acc_iter 40250       Data time: 0.05(0.03)  Forward time: 0.22(0.27)  Batch time: 0.28(0.30)
2026-07-29 22:57:11,797   INFO  Train:    5/40 ( 12%) [3255/9261 ( 35%)]  Loss: 1.221 (1.36)  LR: 1.836e-04  Time cost: 16:15/30:00 [3:20:07/27:29:19]  Acc_iter 40300       Data time: 0.04(0.03)  Forward time: 0.22(0.27)  Batch time: 0.26(0.30)
2026-07-29 22:57:26,617   INFO  Train:    5/40 ( 12%) [3305/9261 ( 36%)]  Loss: 1.595 (1.36)  LR: 1.839e-04  Time cost: 16:30/29:45 [3:20:22/27:28:48]  Acc_iter 40350       Data time: 0.01(0.03)  Forward time: 0.30(0.27)  Batch time: 0.31(0.30)
2026-07-29 22:57:27,112   INFO  a1e06a0b30c0                Wed Jul 29 22:57:27 2026  580.173.02
[0] NVIDIA GeForce RTX 3070 | 63°C, 100 % |  6349 /  8192 MB | root(5808M)

2026-07-29 22:57:42,054   INFO  Train:    5/40 ( 12%) [3355/9261 ( 36%)]  Loss: 1.111 (1.36)  LR: 1.841e-04  Time cost: 16:46/29:30 [3:20:37/27:29:17]  Acc_iter 40400       Data time: 0.02(0.03)  Forward time: 0.35(0.27)  Batch time: 0.38(0.30)
2026-07-29 22:57:57,960   INFO  Train:    5/40 ( 12%) [3405/9261 ( 37%)]  Loss: 1.140 (1.36)  LR: 1.844e-04  Time cost: 17:02/29:17 [3:20:53/27:30:31]  Acc_iter 40450       Data time: 0.00(0.03)  Forward time: 0.24(0.27)  Batch time: 0.24(0.30)
2026-07-29 22:58:12,744   INFO  Train:    5/40 ( 12%) [3455/9261 ( 37%)]  Loss: 1.341 (1.36)  LR: 1.847e-04  Time cost: 17:16/29:02 [3:21:08/27:29:55]  Acc_iter 40500       Data time: 0.01(0.03)  Forward time: 0.28(0.27)  Batch time: 0.29(0.30)
2026-07-29 22:58:13,231   INFO  a1e06a0b30c0                Wed Jul 29 22:58:13 2026  580.173.02
[0] NVIDIA GeForce RTX 3070 | 67°C,  66 % |  6349 /  8192 MB | root(5808M)

2026-07-29 22:58:27,630   INFO  Train:    5/40 ( 12%) [3505/9261 ( 38%)]  Loss: 1.437 (1.36)  LR: 1.850e-04  Time cost: 17:31/28:46 [3:21:23/27:29:29]  Acc_iter 40550       Data time: 0.04(0.03)  Forward time: 0.22(0.27)  Batch time: 0.26(0.30)
2026-07-29 22:58:42,052   INFO  Train:    5/40 ( 12%) [3555/9261 ( 38%)]  Loss: 1.225 (1.36)  LR: 1.853e-04  Time cost: 17:46/28:30 [3:21:37/27:28:20]  Acc_iter 40600       Data time: 0.03(0.03)  Forward time: 0.31(0.27)  Batch time: 0.33(0.30)
2026-07-29 22:58:56,606   INFO  Train:    5/40 ( 12%) [3605/9261 ( 39%)]  Loss: 1.547 (1.36)  LR: 1.856e-04  Time cost: 18:00/28:15 [3:21:52/27:27:25]  Acc_iter 40650       Data time: 0.02(0.03)  Forward time: 0.29(0.27)  Batch time: 0.31(0.30)
2026-07-29 22:58:57,100   INFO  a1e06a0b30c0                Wed Jul 29 22:58:57 2026  580.173.02
[0] NVIDIA GeForce RTX 3070 | 61°C, 100 % |  6349 /  8192 MB | root(5808M)

2026-07-29 22:59:13,320   INFO  Train:    5/40 ( 12%) [3655/9261 ( 39%)]  Loss: 1.367 (1.36)  LR: 1.858e-04  Time cost: 18:17/28:02 [3:22:08/27:29:46]  Acc_iter 40700       Data time: 0.02(0.03)  Forward time: 0.30(0.27)  Batch time: 0.31(0.30)
2026-07-29 22:59:28,300   INFO  Train:    5/40 ( 12%) [3705/9261 ( 40%)]  Loss: 1.376 (1.36)  LR: 1.861e-04  Time cost: 18:32/27:47 [3:22:23/27:29:28]  Acc_iter 40750       Data time: 0.03(0.03)  Forward time: 0.30(0.27)  Batch time: 0.33(0.30)
2026-07-29 22:59:42,794   INFO  Train:    5/40 ( 12%) [3755/9261 ( 41%)]  Loss: 1.104 (1.36)  LR: 1.864e-04  Time cost: 18:46/27:32 [3:22:38/27:28:28]  Acc_iter 40800       Data time: 0.02(0.03)  Forward time: 0.37(0.27)  Batch time: 0.39(0.30)
2026-07-29 22:59:43,383   INFO  a1e06a0b30c0                Wed Jul 29 22:59:43 2026  580.173.02
[0] NVIDIA GeForce RTX 3070 | 65°C,  68 % |  6349 /  8192 MB | root(5808M)

2026-07-29 22:59:57,695   INFO  Train:    5/40 ( 12%) [3805/9261 ( 41%)]  Loss: 1.218 (1.36)  LR: 1.867e-04  Time cost: 19:01/27:16 [3:22:53/27:28:04]  Acc_iter 40850       Data time: 0.04(0.03)  Forward time: 0.25(0.27)  Batch time: 0.29(0.30)
2026-07-29 23:00:12,408   INFO  Train:    5/40 ( 12%) [3855/9261 ( 42%)]  Loss: 1.813 (1.36)  LR: 1.870e-04  Time cost: 19:16/27:01 [3:23:07/27:27:25]  Acc_iter 40900       Data time: 0.00(0.03)  Forward time: 0.24(0.27)  Batch time: 0.24(0.30)
2026-07-29 23:00:27,891   INFO  Train:    5/40 ( 12%) [3905/9261 ( 42%)]  Loss: 1.306 (1.36)  LR: 1.873e-04  Time cost: 19:32/26:47 [3:23:23/27:27:51]  Acc_iter 40950       Data time: 0.02(0.03)  Forward time: 0.30(0.27)  Batch time: 0.32(0.30)
2026-07-29 23:00:28,570   INFO  a1e06a0b30c0                Wed Jul 29 23:00:28 2026  580.173.02
[0] NVIDIA GeForce RTX 3070 | 60°C,   3 % |  6351 /  8192 MB | root(5808M)

2026-07-29 23:00:43,840   INFO  Train:    5/40 ( 12%) [3955/9261 ( 43%)]  Loss: 1.258 (1.36)  LR: 1.875e-04  Time cost: 19:48/26:33 [3:23:39/27:28:54]  Acc_iter 41000       Data time: 0.03(0.03)  Forward time: 0.24(0.27)  Batch time: 0.27(0.30)
2026-07-29 23:00:55,966   INFO  Save latest model to /OpenPCDet/output/OpenPCDet/tools/cfgs/models/S/D/S_D_N/unfrozen_backbone_1_93/ckpt/latest_model
2026-07-29 23:00:58,181   INFO  Train:    5/40 ( 12%) [4005/9261 ( 43%)]  Loss: 1.374 (1.36)  LR: 1.878e-04  Time cost: 20:02/26:17 [3:23:53/27:27:44]  Acc_iter 41050       Data time: 0.02(0.03)  Forward time: 0.28(0.27)  Batch time: 0.30(0.30)
2026-07-29 23:01:12,781   INFO  Train:    5/40 ( 12%) [4055/9261 ( 44%)]  Loss: 1.491 (1.36)  LR: 1.881e-04  Time cost: 20:16/26:02 [3:24:08/27:26:56]  Acc_iter 41100       Data time: 0.03(0.03)  Forward time: 0.31(0.27)  Batch time: 0.34(0.30)
2026-07-29 23:01:13,305   INFO  a1e06a0b30c0                Wed Jul 29 23:01:13 2026  580.173.02
[0] NVIDIA GeForce RTX 3070 | 66°C,  78 % |  6349 /  8192 MB | root(5808M)

2026-07-29 23:01:27,974   INFO  Train:    5/40 ( 12%) [4105/9261 ( 44%)]  Loss: 1.334 (1.36)  LR: 1.884e-04  Time cost: 20:32/25:47 [3:24:23/27:26:56]  Acc_iter 41150       Data time: 0.02(0.03)  Forward time: 0.26(0.27)  Batch time: 0.28(0.30)
2026-07-29 23:01:43,205   INFO  Train:    5/40 ( 12%) [4155/9261 ( 45%)]  Loss: 1.209 (1.36)  LR: 1.887e-04  Time cost: 20:47/25:32 [3:24:38/27:26:59]  Acc_iter 41200       Data time: 0.00(0.03)  Forward time: 0.24(0.27)  Batch time: 0.24(0.30)
2026-07-29 23:01:59,228   INFO  Train:    5/40 ( 12%) [4205/9261 ( 45%)]  Loss: 1.376 (1.36)  LR: 1.889e-04  Time cost: 21:03/25:18 [3:24:54/27:28:03]  Acc_iter 41250       Data time: 0.02(0.03)  Forward time: 0.35(0.27)  Batch time: 0.37(0.30)
2026-07-29 23:01:59,759   INFO  a1e06a0b30c0                Wed Jul 29 23:01:59 2026  580.173.02
[0] NVIDIA GeForce RTX 3070 | 67°C,  18 % |  6353 /  8192 MB | root(5808M)

2026-07-29 23:02:13,894   INFO  Train:    5/40 ( 12%) [4255/9261 ( 46%)]  Loss: 1.715 (1.36)  LR: 1.892e-04  Time cost: 21:18/25:03 [3:25:09/27:27:21]  Acc_iter 41300       Data time: 0.00(0.03)  Forward time: 0.22(0.27)  Batch time: 0.22(0.30)
2026-07-29 23:02:28,005   INFO  Train:    5/40 ( 12%) [4305/9261 ( 46%)]  Loss: 1.288 (1.36)  LR: 1.895e-04  Time cost: 21:32/24:47 [3:25:23/27:25:57]  Acc_iter 41350       Data time: 0.00(0.03)  Forward time: 0.25(0.27)  Batch time: 0.25(0.30)
2026-07-29 23:02:42,635   INFO  Train:    5/40 ( 12%) [4355/9261 ( 47%)]  Loss: 1.262 (1.36)  LR: 1.898e-04  Time cost: 21:46/24:31 [3:25:38/27:25:14]  Acc_iter 41400       Data time: 0.01(0.03)  Forward time: 0.29(0.27)  Batch time: 0.30(0.30)
2026-07-29 23:02:43,165   INFO  a1e06a0b30c0                Wed Jul 29 23:02:43 2026  580.173.02
[0] NVIDIA GeForce RTX 3070 | 63°C, 100 % |  6349 /  8192 MB | root(5808M)

2026-07-29 23:02:58,632   INFO  Train:    5/40 ( 12%) [4405/9261 ( 48%)]  Loss: 1.409 (1.36)  LR: 1.901e-04  Time cost: 22:02/24:17 [3:25:54/27:26:13]  Acc_iter 41450       Data time: 0.02(0.03)  Forward time: 0.43(0.27)  Batch time: 0.45(0.30)
2026-07-29 23:03:14,546   INFO  Train:    5/40 ( 12%) [4455/9261 ( 48%)]  Loss: 1.525 (1.36)  LR: 1.904e-04  Time cost: 22:18/24:03 [3:26:09/27:27:05]  Acc_iter 41500       Data time: 0.02(0.03)  Forward time: 0.31(0.27)  Batch time: 0.33(0.30)
2026-07-29 23:03:29,086   INFO  Train:    5/40 ( 12%) [4505/9261 ( 49%)]  Loss: 1.351 (1.36)  LR: 1.906e-04  Time cost: 22:33/23:48 [3:26:24/27:26:15]  Acc_iter 41550       Data time: 0.02(0.03)  Forward time: 0.24(0.27)  Batch time: 0.27(0.30)
2026-07-29 23:03:29,598   INFO  a1e06a0b30c0                Wed Jul 29 23:03:29 2026  580.173.02
[0] NVIDIA GeForce RTX 3070 | 61°C,   3 % |  6351 /  8192 MB | root(5808M)

2026-07-29 23:03:44,441   INFO  Train:    5/40 ( 12%) [4555/9261 ( 49%)]  Loss: 1.143 (1.36)  LR: 1.909e-04  Time cost: 22:48/23:33 [3:26:39/27:26:24]  Acc_iter 41600       Data time: 0.06(0.03)  Forward time: 0.26(0.27)  Batch time: 0.31(0.30)
2026-07-29 23:03:59,146   INFO  Train:    5/40 ( 12%) [4605/9261 ( 50%)]  Loss: 1.487 (1.36)  LR: 1.912e-04  Time cost: 23:03/23:18 [3:26:54/27:25:46]  Acc_iter 41650       Data time: 0.02(0.03)  Forward time: 0.24(0.27)  Batch time: 0.27(0.30)
2026-07-29 23:04:13,837   INFO  Train:    5/40 ( 12%) [4655/9261 ( 50%)]  Loss: 1.485 (1.36)  LR: 1.915e-04  Time cost: 23:18/23:03 [3:27:09/27:25:08]  Acc_iter 41700       Data time: 0.02(0.03)  Forward time: 0.33(0.27)  Batch time: 0.36(0.30)
2026-07-29 23:04:14,497   INFO  a1e06a0b30c0                Wed Jul 29 23:04:14 2026  580.173.02
[0] NVIDIA GeForce RTX 3070 | 60°C,   3 % |  6341 /  8192 MB | root(5808M)

2026-07-29 23:04:30,239   INFO  Train:    5/40 ( 12%) [4705/9261 ( 51%)]  Loss: 1.327 (1.35)  LR: 1.918e-04  Time cost: 23:34/22:49 [3:27:25/27:26:30]  Acc_iter 41750       Data time: 0.02(0.03)  Forward time: 0.29(0.27)  Batch time: 0.31(0.30)
2026-07-29 23:04:45,154   INFO  Train:    5/40 ( 12%) [4755/9261 ( 51%)]  Loss: 1.404 (1.35)  LR: 1.920e-04  Time cost: 23:49/22:34 [3:27:40/27:26:08]  Acc_iter 41800       Data time: 0.03(0.03)  Forward time: 0.30(0.27)  Batch time: 0.32(0.30)
2026-07-29 23:04:59,549   INFO  Train:    5/40 ( 12%) [4805/9261 ( 52%)]  Loss: 1.458 (1.36)  LR: 1.923e-04  Time cost: 24:03/22:18 [3:27:54/27:25:09]  Acc_iter 41850       Data time: 0.03(0.03)  Forward time: 0.31(0.27)  Batch time: 0.34(0.30)
2026-07-29 23:05:00,044   INFO  a1e06a0b30c0                Wed Jul 29 23:05:00 2026  580.173.02
[0] NVIDIA GeForce RTX 3070 | 61°C,  37 % |  6351 /  8192 MB | root(5808M)

2026-07-29 23:05:14,520   INFO  Train:    5/40 ( 12%) [4855/9261 ( 52%)]  Loss: 1.520 (1.36)  LR: 1.926e-04  Time cost: 24:18/22:03 [3:28:09/27:24:51]  Acc_iter 41900       Data time: 0.03(0.03)  Forward time: 0.30(0.27)  Batch time: 0.33(0.30)
2026-07-29 23:05:29,102   INFO  Train:    5/40 ( 12%) [4905/9261 ( 53%)]  Loss: 1.308 (1.36)  LR: 1.929e-04  Time cost: 24:33/21:48 [3:28:24/27:24:07]  Acc_iter 41950       Data time: 0.02(0.03)  Forward time: 0.27(0.27)  Batch time: 0.30(0.30)
2026-07-29 23:05:45,172   INFO  Train:    5/40 ( 12%) [4955/9261 ( 54%)]  Loss: 1.130 (1.36)  LR: 1.932e-04  Time cost: 24:49/21:34 [3:28:40/27:25:02]  Acc_iter 42000       Data time: 0.02(0.03)  Forward time: 0.29(0.27)  Batch time: 0.31(0.30)
2026-07-29 23:05:45,710   INFO  a1e06a0b30c0                Wed Jul 29 23:05:45 2026  580.173.02
[0] NVIDIA GeForce RTX 3070 | 62°C,  12 % |  6351 /  8192 MB | root(5808M)

2026-07-29 23:05:56,221   INFO  Save latest model to /OpenPCDet/output/OpenPCDet/tools/cfgs/models/S/D/S_D_N/unfrozen_backbone_1_93/ckpt/latest_model
2026-07-29 23:06:00,801   INFO  Train:    5/40 ( 12%) [5005/9261 ( 54%)]  Loss: 1.258 (1.36)  LR: 1.934e-04  Time cost: 25:04/21:19 [3:28:56/27:25:26]  Acc_iter 42050       Data time: 0.02(0.03)  Forward time: 0.30(0.27)  Batch time: 0.32(0.30)
2026-07-29 23:06:15,075   INFO  Train:    5/40 ( 12%) [5055/9261 ( 55%)]  Loss: 1.303 (1.36)  LR: 1.937e-04  Time cost: 25:19/21:03 [3:29:10/27:24:22]  Acc_iter 42100       Data time: 0.01(0.03)  Forward time: 0.23(0.27)  Batch time: 0.24(0.30)
2026-07-29 23:06:29,262   INFO  Train:    5/40 ( 12%) [5105/9261 ( 55%)]  Loss: 1.138 (1.36)  LR: 1.940e-04  Time cost: 25:33/20:48 [3:29:24/27:23:13]  Acc_iter 42150       Data time: 0.02(0.03)  Forward time: 0.26(0.27)  Batch time: 0.28(0.30)
2026-07-29 23:06:29,759   INFO  a1e06a0b30c0                Wed Jul 29 23:06:29 2026  580.173.02
[0] NVIDIA GeForce RTX 3070 | 67°C,  36 % |  6349 /  8192 MB | root(5808M)

2026-07-29 23:06:44,330   INFO  Train:    5/40 ( 12%) [5155/9261 ( 56%)]  Loss: 1.506 (1.36)  LR: 1.943e-04  Time cost: 25:48/20:33 [3:29:39/27:23:01]  Acc_iter 42200       Data time: 0.01(0.03)  Forward time: 0.24(0.27)  Batch time: 0.26(0.30)
2026-07-29 23:06:59,674   INFO  Train:    5/40 ( 12%) [5205/9261 ( 56%)]  Loss: 1.547 (1.36)  LR: 1.946e-04  Time cost: 26:03/20:18 [3:29:55/27:23:07]  Acc_iter 42250       Data time: 0.02(0.03)  Forward time: 0.30(0.27)  Batch time: 0.32(0.30)
2026-07-29 23:07:15,299   INFO  Train:    5/40 ( 12%) [5255/9261 ( 57%)]  Loss: 1.389 (1.36)  LR: 1.948e-04  Time cost: 26:19/20:03 [3:30:10/27:23:30]  Acc_iter 42300       Data time: 0.05(0.03)  Forward time: 0.25(0.27)  Batch time: 0.30(0.30)
2026-07-29 23:07:15,828   INFO  a1e06a0b30c0                Wed Jul 29 23:07:15 2026  580.173.02
[0] NVIDIA GeForce RTX 3070 | 64°C,  85 % |  6353 /  8192 MB | root(5808M)

2026-07-29 23:07:30,096   INFO  Train:    5/40 ( 12%) [5305/9261 ( 57%)]  Loss: 1.065 (1.36)  LR: 1.951e-04  Time cost: 26:34/19:48 [3:30:25/27:23:01]  Acc_iter 42350       Data time: 0.01(0.03)  Forward time: 0.28(0.27)  Batch time: 0.29(0.30)
2026-07-29 23:07:44,097   INFO  Train:    5/40 ( 12%) [5355/9261 ( 58%)]  Loss: 0.9489 (1.36)  LR: 1.954e-04  Time cost: 26:48/19:32 [3:30:39/27:21:43]  Acc_iter 42400       Data time: 0.02(0.03)  Forward time: 0.27(0.27)  Batch time: 0.29(0.30)
2026-07-29 23:07:58,518   INFO  Train:    5/40 ( 12%) [5405/9261 ( 58%)]  Loss: 1.217 (1.36)  LR: 1.957e-04  Time cost: 27:02/19:17 [3:30:53/27:20:52]  Acc_iter 42450       Data time: 0.01(0.03)  Forward time: 0.29(0.27)  Batch time: 0.30(0.30)
2026-07-29 23:07:59,018   INFO  a1e06a0b30c0                Wed Jul 29 23:07:58 2026  580.173.02
[0] NVIDIA GeForce RTX 3070 | 61°C,  25 % |  6349 /  8192 MB | root(5808M)

2026-07-29 23:08:14,076   INFO  Train:    5/40 ( 12%) [5455/9261 ( 59%)]  Loss: 1.017 (1.36)  LR: 1.959e-04  Time cost: 27:18/19:02 [3:31:09/27:21:10]  Acc_iter 42500       Data time: 0.02(0.03)  Forward time: 0.32(0.27)  Batch time: 0.33(0.30)
2026-07-29 23:08:29,688   INFO  Train:    5/40 ( 12%) [5505/9261 ( 59%)]  Loss: 1.294 (1.36)  LR: 1.962e-04  Time cost: 27:33/18:48 [3:31:25/27:21:31]  Acc_iter 42550       Data time: 0.00(0.03)  Forward time: 0.22(0.27)  Batch time: 0.22(0.30)
2026-07-29 23:08:44,363   INFO  Train:    5/40 ( 12%) [5555/9261 ( 60%)]  Loss: 1.376 (1.35)  LR: 1.965e-04  Time cost: 27:48/18:32 [3:31:39/27:20:55]  Acc_iter 42600       Data time: 0.02(0.03)  Forward time: 0.23(0.27)  Batch time: 0.25(0.30)
2026-07-29 23:08:44,866   INFO  a1e06a0b30c0                Wed Jul 29 23:08:44 2026  580.173.02
[0] NVIDIA GeForce RTX 3070 | 66°C,  72 % |  6349 /  8192 MB | root(5808M)

2026-07-29 23:08:59,122   INFO  Train:    5/40 ( 12%) [5605/9261 ( 61%)]  Loss: 1.117 (1.35)  LR: 1.968e-04  Time cost: 28:03/18:17 [3:31:54/27:20:25]  Acc_iter 42650       Data time: 0.00(0.03)  Forward time: 0.22(0.27)  Batch time: 0.22(0.30)
2026-07-29 23:09:13,891   INFO  Train:    5/40 ( 12%) [5655/9261 ( 61%)]  Loss: 1.537 (1.35)  LR: 1.971e-04  Time cost: 28:18/18:02 [3:32:09/27:19:56]  Acc_iter 42700       Data time: 0.02(0.03)  Forward time: 0.30(0.27)  Batch time: 0.32(0.30)
2026-07-29 23:09:28,376   INFO  Train:    5/40 ( 12%) [5705/9261 ( 62%)]  Loss: 1.280 (1.35)  LR: 1.973e-04  Time cost: 28:32/17:47 [3:32:23/27:19:11]  Acc_iter 42750       Data time: 0.03(0.03)  Forward time: 0.30(0.27)  Batch time: 0.32(0.30)
2026-07-29 23:09:28,991   INFO  a1e06a0b30c0                Wed Jul 29 23:09:28 2026  580.173.02
[0] NVIDIA GeForce RTX 3070 | 60°C,  63 % |  6339 /  8192 MB | root(5808M)

2026-07-29 23:09:44,983   INFO  Train:    5/40 ( 12%) [5755/9261 ( 62%)]  Loss: 1.703 (1.35)  LR: 1.976e-04  Time cost: 28:49/17:33 [3:32:40/27:20:27]  Acc_iter 42800       Data time: 0.02(0.03)  Forward time: 0.28(0.27)  Batch time: 0.30(0.30)
2026-07-29 23:09:59,842   INFO  Train:    5/40 ( 12%) [5805/9261 ( 63%)]  Loss: 1.367 (1.35)  LR: 1.979e-04  Time cost: 29:04/17:18 [3:32:55/27:20:03]  Acc_iter 42850       Data time: 0.02(0.03)  Forward time: 0.28(0.27)  Batch time: 0.30(0.30)
2026-07-29 23:10:14,561   INFO  Train:    5/40 ( 12%) [5855/9261 ( 63%)]  Loss: 1.709 (1.35)  LR: 1.982e-04  Time cost: 29:18/17:02 [3:33:09/27:19:31]  Acc_iter 42900       Data time: 0.02(0.03)  Forward time: 0.32(0.27)  Batch time: 0.34(0.30)
2026-07-29 23:10:15,087   INFO  a1e06a0b30c0                Wed Jul 29 23:10:15 2026  580.173.02
[0] NVIDIA GeForce RTX 3070 | 61°C,  75 % |  6349 /  8192 MB | root(5808M)

2026-07-29 23:10:29,056   INFO  Train:    5/40 ( 12%) [5905/9261 ( 64%)]  Loss: 1.341 (1.35)  LR: 1.985e-04  Time cost: 29:33/16:47 [3:33:24/27:18:47]  Acc_iter 42950       Data time: 0.01(0.03)  Forward time: 0.30(0.27)  Batch time: 0.32(0.30)
2026-07-29 23:10:43,611   INFO  Train:    5/40 ( 12%) [5955/9261 ( 64%)]  Loss: 1.440 (1.35)  LR: 1.987e-04  Time cost: 29:47/16:32 [3:33:39/27:18:07]  Acc_iter 43000       Data time: 0.05(0.03)  Forward time: 0.24(0.27)  Batch time: 0.29(0.30)
2026-07-29 23:10:56,021   INFO  Save latest model to /OpenPCDet/output/OpenPCDet/tools/cfgs/models/S/D/S_D_N/unfrozen_backbone_1_93/ckpt/latest_model
2026-07-29 23:10:59,553   INFO  Train:    5/40 ( 12%) [6005/9261 ( 65%)]  Loss: 1.212 (1.35)  LR: 1.990e-04  Time cost: 30:03/16:17 [3:33:54/27:18:43]  Acc_iter 43050       Data time: 0.03(0.03)  Forward time: 0.31(0.27)  Batch time: 0.33(0.30)
2026-07-29 23:11:00,192   INFO  a1e06a0b30c0                Wed Jul 29 23:11:00 2026  580.173.02
[0] NVIDIA GeForce RTX 3070 | 61°C,  17 % |  6349 /  8192 MB | root(5808M)

2026-07-29 23:11:14,954   INFO  Train:    5/40 ( 12%) [6055/9261 ( 65%)]  Loss: 1.465 (1.35)  LR: 1.993e-04  Time cost: 30:19/16:03 [3:34:10/27:18:49]  Acc_iter 43100       Data time: 0.02(0.03)  Forward time: 0.28(0.27)  Batch time: 0.30(0.30)
2026-07-29 23:11:29,070   INFO  Train:    5/40 ( 12%) [6105/9261 ( 66%)]  Loss: 1.839 (1.35)  LR: 1.996e-04  Time cost: 30:33/15:47 [3:34:24/27:17:45]  Acc_iter 43150       Data time: 0.00(0.03)  Forward time: 0.24(0.27)  Batch time: 0.24(0.30)
2026-07-29 23:11:43,435   INFO  Train:    5/40 ( 12%) [6155/9261 ( 66%)]  Loss: 0.8284 (1.35)  LR: 1.998e-04  Time cost: 30:47/15:32 [3:34:38/27:16:56]  Acc_iter 43200       Data time: 0.00(0.03)  Forward time: 0.22(0.27)  Batch time: 0.22(0.30)
2026-07-29 23:11:43,979   INFO  a1e06a0b30c0                Wed Jul 29 23:11:43 2026  580.173.02
[0] NVIDIA GeForce RTX 3070 | 65°C,  73 % |  6349 /  8192 MB | root(5808M)

2026-07-29 23:11:58,751   INFO  Train:    5/40 ( 12%) [6205/9261 ( 67%)]  Loss: 1.304 (1.35)  LR: 2.001e-04  Time cost: 31:02/15:17 [3:34:54/27:16:57]  Acc_iter 43250       Data time: 0.05(0.03)  Forward time: 0.24(0.27)  Batch time: 0.28(0.30)
2026-07-29 23:12:14,598   INFO  Train:    5/40 ( 12%) [6255/9261 ( 68%)]  Loss: 1.298 (1.35)  LR: 2.004e-04  Time cost: 31:18/15:02 [3:35:10/27:17:26]  Acc_iter 43300       Data time: 0.00(0.03)  Forward time: 0.34(0.27)  Batch time: 0.34(0.30)
2026-07-29 23:12:30,281   INFO  Train:    5/40 ( 12%) [6305/9261 ( 68%)]  Loss: 1.186 (1.35)  LR: 2.007e-04  Time cost: 31:34/14:48 [3:35:25/27:17:45]  Acc_iter 43350       Data time: 0.06(0.03)  Forward time: 0.23(0.27)  Batch time: 0.28(0.30)
2026-07-29 23:12:30,818   INFO  a1e06a0b30c0                Wed Jul 29 23:12:30 2026  580.173.02
[0] NVIDIA GeForce RTX 3070 | 64°C,  66 % |  6351 /  8192 MB | root(5808M)

2026-07-29 23:12:44,992   INFO  Train:    5/40 ( 12%) [6355/9261 ( 69%)]  Loss: 1.518 (1.35)  LR: 2.009e-04  Time cost: 31:49/14:32 [3:35:40/27:17:14]  Acc_iter 43400       Data time: 0.04(0.03)  Forward time: 0.22(0.27)  Batch time: 0.26(0.30)
2026-07-29 23:12:59,212   INFO  Train:    5/40 ( 12%) [6405/9261 ( 69%)]  Loss: 1.520 (1.35)  LR: 2.012e-04  Time cost: 32:03/14:17 [3:35:54/27:16:19]  Acc_iter 43450       Data time: 0.04(0.03)  Forward time: 0.22(0.27)  Batch time: 0.26(0.30)
2026-07-29 23:13:13,624   INFO  Train:    5/40 ( 12%) [6455/9261 ( 70%)]  Loss: 1.468 (1.35)  LR: 2.015e-04  Time cost: 32:17/14:02 [3:36:09/27:15:33]  Acc_iter 43500       Data time: 0.05(0.03)  Forward time: 0.23(0.27)  Batch time: 0.28(0.30)
2026-07-29 23:13:14,262   INFO  a1e06a0b30c0                Wed Jul 29 23:13:14 2026  580.173.02
[0] NVIDIA GeForce RTX 3070 | 62°C,  80 % |  6347 /  8192 MB | root(5808M)

2026-07-29 23:13:29,457   INFO  Train:    5/40 ( 12%) [6505/9261 ( 70%)]  Loss: 1.293 (1.35)  LR: 2.018e-04  Time cost: 32:33/13:47 [3:36:24/27:16:00]  Acc_iter 43550       Data time: 0.02(0.03)  Forward time: 0.28(0.27)  Batch time: 0.30(0.30)
2026-07-29 23:13:45,189   INFO  Train:    5/40 ( 12%) [6555/9261 ( 71%)]  Loss: 1.378 (1.35)  LR: 2.020e-04  Time cost: 32:49/13:32 [3:36:40/27:16:20]  Acc_iter 43600       Data time: 0.00(0.03)  Forward time: 0.22(0.27)  Batch time: 0.23(0.30)
2026-07-29 23:13:59,768   INFO  Train:    5/40 ( 12%) [6605/9261 ( 71%)]  Loss: 1.144 (1.35)  LR: 2.023e-04  Time cost: 33:03/13:17 [3:36:55/27:15:44]  Acc_iter 43650       Data time: 0.02(0.03)  Forward time: 0.34(0.27)  Batch time: 0.36(0.30)
2026-07-29 23:14:00,289   INFO  a1e06a0b30c0                Wed Jul 29 23:14:00 2026  580.173.02
[0] NVIDIA GeForce RTX 3070 | 64°C,  62 % |  6349 /  8192 MB | root(5808M)

2026-07-29 23:14:14,799   INFO  Train:    5/40 ( 12%) [6655/9261 ( 72%)]  Loss: 1.300 (1.35)  LR: 2.026e-04  Time cost: 33:18/13:02 [3:37:10/27:15:29]  Acc_iter 43700       Data time: 0.05(0.03)  Forward time: 0.27(0.27)  Batch time: 0.31(0.30)
2026-07-29 23:14:29,389   INFO  Train:    5/40 ( 12%) [6705/9261 ( 72%)]  Loss: 1.443 (1.35)  LR: 2.029e-04  Time cost: 33:33/12:47 [3:37:24/27:14:53]  Acc_iter 43750       Data time: 0.00(0.03)  Forward time: 0.23(0.27)  Batch time: 0.23(0.30)
2026-07-29 23:14:44,311   INFO  Train:    5/40 ( 12%) [6755/9261 ( 73%)]  Loss: 1.642 (1.35)  LR: 2.031e-04  Time cost: 33:48/12:32 [3:37:39/27:14:34]  Acc_iter 43800       Data time: 0.02(0.03)  Forward time: 0.27(0.27)  Batch time: 0.30(0.30)
2026-07-29 23:14:45,012   INFO  a1e06a0b30c0                Wed Jul 29 23:14:44 2026  580.173.02
[0] NVIDIA GeForce RTX 3070 | 60°C,  84 % |  6341 /  8192 MB | root(5808M)

2026-07-29 23:15:01,124   INFO  Train:    5/40 ( 12%) [6805/9261 ( 73%)]  Loss: 1.258 (1.35)  LR: 2.034e-04  Time cost: 34:05/12:18 [3:37:56/27:15:45]  Acc_iter 43850       Data time: 0.02(0.03)  Forward time: 0.33(0.27)  Batch time: 0.35(0.30)
2026-07-29 23:15:15,838   INFO  Train:    5/40 ( 12%) [6855/9261 ( 74%)]  Loss: 1.293 (1.35)  LR: 2.037e-04  Time cost: 34:20/12:02 [3:38:11/27:15:16]  Acc_iter 43900       Data time: 0.01(0.03)  Forward time: 0.23(0.27)  Batch time: 0.23(0.30)
2026-07-29 23:15:30,548   INFO  Train:    5/40 ( 12%) [6905/9261 ( 75%)]  Loss: 1.329 (1.35)  LR: 2.040e-04  Time cost: 34:34/11:47 [3:38:25/27:14:46]  Acc_iter 43950       Data time: 0.02(0.03)  Forward time: 0.30(0.27)  Batch time: 0.32(0.30)
2026-07-29 23:15:31,031   INFO  a1e06a0b30c0                Wed Jul 29 23:15:31 2026  580.173.02
[0] NVIDIA GeForce RTX 3070 | 61°C,  48 % |  6351 /  8192 MB | root(5808M)

2026-07-29 23:15:45,479   INFO  Train:    5/40 ( 12%) [6955/9261 ( 75%)]  Loss: 1.122 (1.35)  LR: 2.042e-04  Time cost: 34:49/11:32 [3:38:40/27:14:26]  Acc_iter 44000       Data time: 0.02(0.03)  Forward time: 0.30(0.27)  Batch time: 0.32(0.30)
2026-07-29 23:15:56,012   INFO  Save latest model to /OpenPCDet/output/OpenPCDet/tools/cfgs/models/S/D/S_D_N/unfrozen_backbone_1_93/ckpt/latest_model
2026-07-29 23:16:00,201   INFO  Train:    5/40 ( 12%) [7005/9261 ( 76%)]  Loss: 1.081 (1.35)  LR: 2.045e-04  Time cost: 35:04/11:17 [3:38:55/27:13:58]  Acc_iter 44050       Data time: 0.03(0.03)  Forward time: 0.32(0.27)  Batch time: 0.34(0.30)
2026-07-29 23:16:15,980   INFO  Train:    5/40 ( 12%) [7055/9261 ( 76%)]  Loss: 1.114 (1.35)  LR: 2.048e-04  Time cost: 35:20/11:02 [3:39:11/27:14:18]  Acc_iter 44100       Data time: 0.02(0.03)  Forward time: 0.30(0.27)  Batch time: 0.32(0.30)
2026-07-29 23:16:16,615   INFO  a1e06a0b30c0                Wed Jul 29 23:16:16 2026  580.173.02
[0] NVIDIA GeForce RTX 3070 | 60°C,   3 % |  6349 /  8192 MB | root(5808M)

2026-07-29 23:16:31,813   INFO  Train:    5/40 ( 12%) [7105/9261 ( 77%)]  Loss: 1.791 (1.35)  LR: 2.051e-04  Time cost: 35:36/10:48 [3:39:27/27:14:40]  Acc_iter 44150       Data time: 0.04(0.03)  Forward time: 0.24(0.27)  Batch time: 0.28(0.30)
2026-07-29 23:16:45,830   INFO  Train:    5/40 ( 12%) [7155/9261 ( 77%)]  Loss: 1.569 (1.35)  LR: 2.053e-04  Time cost: 35:50/10:32 [3:39:41/27:13:39]  Acc_iter 44200       Data time: 0.02(0.03)  Forward time: 0.31(0.27)  Batch time: 0.33(0.30)
2026-07-29 23:17:00,192   INFO  Train:    5/40 ( 12%) [7205/9261 ( 78%)]  Loss: 1.207 (1.35)  LR: 2.056e-04  Time cost: 36:04/10:17 [3:39:55/27:12:54]  Acc_iter 44250       Data time: 0.00(0.03)  Forward time: 0.23(0.27)  Batch time: 0.23(0.30)
2026-07-29 23:17:00,698   INFO  a1e06a0b30c0                Wed Jul 29 23:17:00 2026  580.173.02
[0] NVIDIA GeForce RTX 3070 | 62°C,   3 % |  6349 /  8192 MB | root(5808M)

2026-07-29 23:17:15,354   INFO  Train:    5/40 ( 12%) [7255/9261 ( 78%)]  Loss: 1.261 (1.35)  LR: 2.059e-04  Time cost: 36:19/10:02 [3:40:10/27:12:45]  Acc_iter 44300       Data time: 0.05(0.03)  Forward time: 0.23(0.27)  Batch time: 0.27(0.30)
2026-07-29 23:17:30,589   INFO  Train:    5/40 ( 12%) [7305/9261 ( 79%)]  Loss: 1.532 (1.35)  LR: 2.062e-04  Time cost: 36:34/09:47 [3:40:26/27:12:40]  Acc_iter 44350       Data time: 0.02(0.03)  Forward time: 0.30(0.27)  Batch time: 0.32(0.30)
2026-07-29 23:17:46,362   INFO  Train:    5/40 ( 12%) [7355/9261 ( 79%)]  Loss: 1.285 (1.35)  LR: 2.064e-04  Time cost: 36:50/09:32 [3:40:41/27:12:58]  Acc_iter 44400       Data time: 0.02(0.03)  Forward time: 0.32(0.27)  Batch time: 0.34(0.30)
2026-07-29 23:17:46,917   INFO  a1e06a0b30c0                Wed Jul 29 23:17:46 2026  580.173.02
[0] NVIDIA GeForce RTX 3070 | 66°C,  79 % |  6355 /  8192 MB | root(5808M)

2026-07-29 23:18:01,259   INFO  Train:    5/40 ( 12%) [7405/9261 ( 80%)]  Loss: 1.330 (1.35)  LR: 2.067e-04  Time cost: 37:05/09:17 [3:40:56/27:12:37]  Acc_iter 44450       Data time: 0.03(0.03)  Forward time: 0.23(0.27)  Batch time: 0.26(0.30)
2026-07-29 23:18:15,759   INFO  Train:    5/40 ( 12%) [7455/9261 ( 80%)]  Loss: 0.9970 (1.35)  LR: 2.070e-04  Time cost: 37:19/09:02 [3:41:11/27:11:59]  Acc_iter 44500       Data time: 0.04(0.03)  Forward time: 0.22(0.27)  Batch time: 0.27(0.30)
2026-07-29 23:18:30,124   INFO  Train:    5/40 ( 12%) [7505/9261 ( 81%)]  Loss: 0.9201 (1.35)  LR: 2.072e-04  Time cost: 37:34/08:47 [3:41:25/27:11:16]  Acc_iter 44550       Data time: 0.06(0.03)  Forward time: 0.22(0.27)  Batch time: 0.28(0.30)
2026-07-29 23:18:30,634   INFO  a1e06a0b30c0                Wed Jul 29 23:18:30 2026  580.173.02
[0] NVIDIA GeForce RTX 3070 | 62°C,   3 % |  6351 /  8192 MB | root(5808M)

2026-07-29 23:18:45,733   INFO  Train:    5/40 ( 12%) [7555/9261 ( 82%)]  Loss: 1.051 (1.35)  LR: 2.075e-04  Time cost: 37:49/08:32 [3:41:41/27:11:26]  Acc_iter 44600       Data time: 0.02(0.03)  Forward time: 0.27(0.27)  Batch time: 0.30(0.30)
2026-07-29 23:19:01,751   INFO  Train:    5/40 ( 12%) [7605/9261 ( 82%)]  Loss: 1.633 (1.35)  LR: 2.078e-04  Time cost: 38:05/08:17 [3:41:57/27:11:54]  Acc_iter 44650       Data time: 0.06(0.03)  Forward time: 0.25(0.27)  Batch time: 0.30(0.30)
2026-07-29 23:19:16,504   INFO  Train:    5/40 ( 12%) [7655/9261 ( 83%)]  Loss: 1.145 (1.35)  LR: 2.081e-04  Time cost: 38:20/08:02 [3:42:11/27:11:28]  Acc_iter 44700       Data time: 0.02(0.03)  Forward time: 0.29(0.27)  Batch time: 0.31(0.30)
2026-07-29 23:19:17,050   INFO  a1e06a0b30c0                Wed Jul 29 23:19:17 2026  580.173.02
[0] NVIDIA GeForce RTX 3070 | 60°C,  64 % |  6351 /  8192 MB | root(5808M)

2026-07-29 23:19:31,743   INFO  Train:    5/40 ( 12%) [7705/9261 ( 83%)]  Loss: 1.683 (1.35)  LR: 2.083e-04  Time cost: 38:35/07:47 [3:42:27/27:11:21]  Acc_iter 44750       Data time: 0.03(0.03)  Forward time: 0.30(0.27)  Batch time: 0.32(0.30)
2026-07-29 23:19:46,275   INFO  Train:    5/40 ( 12%) [7755/9261 ( 84%)]  Loss: 1.349 (1.35)  LR: 2.086e-04  Time cost: 38:50/07:32 [3:42:41/27:10:46]  Acc_iter 44800       Data time: 0.01(0.03)  Forward time: 0.28(0.27)  Batch time: 0.29(0.30)
2026-07-29 23:20:01,082   INFO  Train:    5/40 ( 12%) [7805/9261 ( 84%)]  Loss: 1.421 (1.35)  LR: 2.089e-04  Time cost: 39:05/07:17 [3:42:56/27:10:22]  Acc_iter 44850       Data time: 0.02(0.03)  Forward time: 0.33(0.27)  Batch time: 0.35(0.30)
2026-07-29 23:20:01,691   INFO  a1e06a0b30c0                Wed Jul 29 23:20:01 2026  580.173.02
[0] NVIDIA GeForce RTX 3070 | 61°C,   3 % |  6351 /  8192 MB | root(5808M)

2026-07-29 23:20:17,534   INFO  Train:    5/40 ( 12%) [7855/9261 ( 85%)]  Loss: 1.322 (1.35)  LR: 2.091e-04  Time cost: 39:21/07:02 [3:43:12/27:11:06]  Acc_iter 44900       Data time: 0.04(0.03)  Forward time: 0.25(0.27)  Batch time: 0.29(0.30)
2026-07-29 23:20:32,726   INFO  Train:    5/40 ( 12%) [7905/9261 ( 85%)]  Loss: 1.339 (1.35)  LR: 2.094e-04  Time cost: 39:36/06:47 [3:43:28/27:10:57]  Acc_iter 44950       Data time: 0.02(0.03)  Forward time: 0.30(0.27)  Batch time: 0.32(0.30)
2026-07-29 23:20:46,950   INFO  Train:    5/40 ( 12%) [7955/9261 ( 86%)]  Loss: 1.417 (1.35)  LR: 2.097e-04  Time cost: 39:51/06:32 [3:43:42/27:10:09]  Acc_iter 45000       Data time: 0.00(0.03)  Forward time: 0.24(0.27)  Batch time: 0.24(0.30)
2026-07-29 23:20:47,448   INFO  a1e06a0b30c0                Wed Jul 29 23:20:47 2026  580.173.02
[0] NVIDIA GeForce RTX 3070 | 66°C,  93 % |  6351 /  8192 MB | root(5808M)

2026-07-29 23:20:55,903   INFO  Save latest model to /OpenPCDet/output/OpenPCDet/tools/cfgs/models/S/D/S_D_N/unfrozen_backbone_1_93/ckpt/latest_model
2026-07-29 23:21:01,936   INFO  Train:    5/40 ( 12%) [8005/9261 ( 86%)]  Loss: 1.811 (1.35)  LR: 2.099e-04  Time cost: 40:06/06:17 [3:43:57/27:09:53]  Acc_iter 45050       Data time: 0.02(0.03)  Forward time: 0.31(0.27)  Batch time: 0.33(0.30)
2026-07-29 23:21:16,668   INFO  Train:    5/40 ( 12%) [8055/9261 ( 87%)]  Loss: 1.398 (1.35)  LR: 2.102e-04  Time cost: 40:20/06:02 [3:44:12/27:09:26]  Acc_iter 45100       Data time: 0.02(0.03)  Forward time: 0.27(0.27)  Batch time: 0.29(0.30)
2026-07-29 23:21:32,270   INFO  Train:    5/40 ( 12%) [8105/9261 ( 88%)]  Loss: 1.906 (1.35)  LR: 2.105e-04  Time cost: 40:36/05:47 [3:44:27/27:09:34]  Acc_iter 45150       Data time: 0.02(0.03)  Forward time: 0.31(0.27)  Batch time: 0.33(0.30)
2026-07-29 23:21:32,933   INFO  a1e06a0b30c0                Wed Jul 29 23:21:32 2026  580.173.02
[0] NVIDIA GeForce RTX 3070 | 62°C,  27 % |  6349 /  8192 MB | root(5808M)

2026-07-29 23:21:48,030   INFO  Train:    5/40 ( 12%) [8155/9261 ( 88%)]  Loss: 1.750 (1.35)  LR: 2.108e-04  Time cost: 40:52/05:32 [3:44:43/27:09:48]  Acc_iter 45200       Data time: 0.00(0.03)  Forward time: 0.23(0.27)  Batch time: 0.23(0.30)
2026-07-29 23:22:02,659   INFO  Train:    5/40 ( 12%) [8205/9261 ( 89%)]  Loss: 1.387 (1.35)  LR: 2.110e-04  Time cost: 41:06/05:17 [3:44:58/27:09:17]  Acc_iter 45250       Data time: 0.02(0.03)  Forward time: 0.33(0.27)  Batch time: 0.36(0.30)
2026-07-29 23:22:17,047   INFO  Train:    5/40 ( 12%) [8255/9261 ( 89%)]  Loss: 1.592 (1.35)  LR: 2.113e-04  Time cost: 41:21/05:02 [3:45:12/27:08:37]  Acc_iter 45300       Data time: 0.04(0.03)  Forward time: 0.23(0.27)  Batch time: 0.27(0.30)
2026-07-29 23:22:17,716   INFO  a1e06a0b30c0                Wed Jul 29 23:22:17 2026  580.173.02
[0] NVIDIA GeForce RTX 3070 | 61°C,   3 % |  6345 /  8192 MB | root(5808M)

2026-07-29 23:22:32,406   INFO  Train:    5/40 ( 12%) [8305/9261 ( 90%)]  Loss: 1.271 (1.35)  LR: 2.116e-04  Time cost: 41:36/04:47 [3:45:27/27:08:35]  Acc_iter 45350       Data time: 0.08(0.03)  Forward time: 0.23(0.27)  Batch time: 0.31(0.30)
2026-07-29 23:22:48,213   INFO  Train:    5/40 ( 12%) [8355/9261 ( 90%)]  Loss: 1.219 (1.35)  LR: 2.118e-04  Time cost: 41:52/04:32 [3:45:43/27:08:50]  Acc_iter 45400       Data time: 0.06(0.03)  Forward time: 0.24(0.27)  Batch time: 0.29(0.30)
2026-07-29 23:23:03,755   INFO  Train:    5/40 ( 12%) [8405/9261 ( 91%)]  Loss: 1.240 (1.35)  LR: 2.121e-04  Time cost: 42:07/04:17 [3:45:59/27:08:54]  Acc_iter 45450       Data time: 0.02(0.03)  Forward time: 0.29(0.27)  Batch time: 0.31(0.30)
2026-07-29 23:23:04,252   INFO  a1e06a0b30c0                Wed Jul 29 23:23:04 2026  580.173.02
[0] NVIDIA GeForce RTX 3070 | 62°C,  72 % |  6345 /  8192 MB | root(5808M)

2026-07-29 23:23:18,360   INFO  Train:    5/40 ( 12%) [8455/9261 ( 91%)]  Loss: 1.273 (1.35)  LR: 2.124e-04  Time cost: 42:22/04:02 [3:46:13/27:08:23]  Acc_iter 45500       Data time: 0.02(0.03)  Forward time: 0.27(0.27)  Batch time: 0.30(0.30)
2026-07-29 23:23:32,848   INFO  Train:    5/40 ( 12%) [8505/9261 ( 92%)]  Loss: 1.297 (1.35)  LR: 2.126e-04  Time cost: 42:37/03:47 [3:46:28/27:07:47]  Acc_iter 45550       Data time: 0.02(0.03)  Forward time: 0.29(0.27)  Batch time: 0.31(0.30)
2026-07-29 23:23:47,661   INFO  Train:    5/40 ( 12%) [8555/9261 ( 92%)]  Loss: 1.277 (1.35)  LR: 2.129e-04  Time cost: 42:51/03:32 [3:46:43/27:07:24]  Acc_iter 45600       Data time: 0.02(0.03)  Forward time: 0.32(0.27)  Batch time: 0.34(0.30)
2026-07-29 23:23:48,182   INFO  a1e06a0b30c0                Wed Jul 29 23:23:48 2026  580.173.02
[0] NVIDIA GeForce RTX 3070 | 62°C,  48 % |  6345 /  8192 MB | root(5808M)

2026-07-29 23:24:03,764   INFO  Train:    5/40 ( 12%) [8605/9261 ( 93%)]  Loss: 1.336 (1.35)  LR: 2.132e-04  Time cost: 43:07/03:17 [3:46:59/27:07:49]  Acc_iter 45650       Data time: 0.02(0.03)  Forward time: 0.34(0.27)  Batch time: 0.37(0.30)
2026-07-29 23:24:19,183   INFO  Train:    5/40 ( 12%) [8655/9261 ( 93%)]  Loss: 1.449 (1.35)  LR: 2.134e-04  Time cost: 43:23/03:02 [3:47:14/27:07:48]  Acc_iter 45700       Data time: 0.05(0.03)  Forward time: 0.24(0.27)  Batch time: 0.28(0.30)
2026-07-29 23:24:33,974   INFO  Train:    5/40 ( 12%) [8705/9261 ( 94%)]  Loss: 1.547 (1.35)  LR: 2.137e-04  Time cost: 43:38/02:47 [3:47:29/27:07:24]  Acc_iter 45750       Data time: 0.02(0.03)  Forward time: 0.34(0.27)  Batch time: 0.36(0.30)
2026-07-29 23:24:34,490   INFO  a1e06a0b30c0                Wed Jul 29 23:24:34 2026  580.173.02
[0] NVIDIA GeForce RTX 3070 | 65°C,  59 % |  6349 /  8192 MB | root(5808M)

2026-07-29 23:24:48,744   INFO  Train:    5/40 ( 12%) [8755/9261 ( 95%)]  Loss: 1.163 (1.35)  LR: 2.140e-04  Time cost: 43:52/02:32 [3:47:44/27:06:59]  Acc_iter 45800       Data time: 0.02(0.03)  Forward time: 0.30(0.27)  Batch time: 0.32(0.30)
2026-07-29 23:25:02,982   INFO  Train:    5/40 ( 12%) [8805/9261 ( 95%)]  Loss: 1.274 (1.35)  LR: 2.142e-04  Time cost: 44:07/02:17 [3:47:58/27:06:15]  Acc_iter 45850       Data time: 0.04(0.03)  Forward time: 0.21(0.27)  Batch time: 0.25(0.30)
2026-07-29 23:25:17,809   INFO  Train:    5/40 ( 12%) [8855/9261 ( 96%)]  Loss: 1.367 (1.35)  LR: 2.145e-04  Time cost: 44:21/02:02 [3:48:13/27:05:52]  Acc_iter 45900       Data time: 0.02(0.03)  Forward time: 0.35(0.27)  Batch time: 0.37(0.30)
2026-07-29 23:25:18,450   INFO  a1e06a0b30c0                Wed Jul 29 23:25:18 2026  580.173.02
[0] NVIDIA GeForce RTX 3070 | 63°C,  75 % |  6349 /  8192 MB | root(5808M)

2026-07-29 23:25:34,297   INFO  Train:    5/40 ( 12%) [8905/9261 ( 96%)]  Loss: 1.365 (1.35)  LR: 2.148e-04  Time cost: 44:38/01:47 [3:48:29/27:06:30]  Acc_iter 45950       Data time: 0.02(0.03)  Forward time: 0.32(0.27)  Batch time: 0.34(0.30)
2026-07-29 23:25:49,323   INFO  Train:    5/40 ( 12%) [8955/9261 ( 97%)]  Loss: 1.145 (1.35)  LR: 2.150e-04  Time cost: 44:53/01:32 [3:48:44/27:06:15]  Acc_iter 46000       Data time: 0.03(0.03)  Forward time: 0.23(0.27)  Batch time: 0.26(0.30)
2026-07-29 23:25:56,198   INFO  Save latest model to /OpenPCDet/output/OpenPCDet/tools/cfgs/models/S/D/S_D_N/unfrozen_backbone_1_93/ckpt/latest_model
2026-07-29 23:26:03,830   INFO  Train:    5/40 ( 12%) [9005/9261 ( 97%)]  Loss: 1.396 (1.35)  LR: 2.153e-04  Time cost: 45:08/01:16 [3:48:59/27:05:41]  Acc_iter 46050       Data time: 0.02(0.03)  Forward time: 0.28(0.27)  Batch time: 0.30(0.30)
2026-07-29 23:26:04,387   INFO  a1e06a0b30c0                Wed Jul 29 23:26:04 2026  580.173.02
[0] NVIDIA GeForce RTX 3070 | 65°C,  58 % |  6349 /  8192 MB | root(5808M)

2026-07-29 23:26:18,534   INFO  Train:    5/40 ( 12%) [9055/9261 ( 98%)]  Loss: 1.167 (1.35)  LR: 2.156e-04  Time cost: 45:22/01:01 [3:49:13/27:05:14]  Acc_iter 46100       Data time: 0.02(0.03)  Forward time: 0.32(0.27)  Batch time: 0.34(0.30)
2026-07-29 23:26:32,904   INFO  Train:    5/40 ( 12%) [9105/9261 ( 98%)]  Loss: 1.612 (1.35)  LR: 2.158e-04  Time cost: 45:37/00:46 [3:49:28/27:04:35]  Acc_iter 46150       Data time: 0.02(0.03)  Forward time: 0.28(0.27)  Batch time: 0.30(0.30)
2026-07-29 23:26:48,483   INFO  Train:    5/40 ( 12%) [9155/9261 ( 99%)]  Loss: 1.424 (1.35)  LR: 2.161e-04  Time cost: 45:52/00:31 [3:49:43/27:04:40]  Acc_iter 46200       Data time: 0.02(0.03)  Forward time: 0.28(0.27)  Batch time: 0.30(0.30)
2026-07-29 23:26:49,156   INFO  a1e06a0b30c0                Wed Jul 29 23:26:49 2026  580.173.02
[0] NVIDIA GeForce RTX 3070 | 60°C,  54 % |  6349 /  8192 MB | root(5808M)

2026-07-29 23:27:04,473   INFO  Train:    5/40 ( 12%) [9205/9261 ( 99%)]  Loss: 1.453 (1.35)  LR: 2.164e-04  Time cost: 46:08/00:16 [3:49:59/27:04:58]  Acc_iter 46250       Data time: 0.02(0.03)  Forward time: 0.26(0.27)  Batch time: 0.28(0.30)
2026-07-29 23:27:18,488   INFO  Train:    5/40 ( 12%) [9255/9261 (100%)]  Loss: 1.126 (1.35)  LR: 2.166e-04  Time cost: 46:22/00:01 [3:50:13/27:04:08]  Acc_iter 46300       Data time: 0.02(0.03)  Forward time: 0.21(0.27)  Batch time: 0.23(0.30)
2026-07-29 23:27:19,531   INFO  Train:    5/40 ( 12%) [9260/9261 (100%)]  Loss: 0.9484 (1.35)  LR: 2.167e-04  Time cost: 46:23/00:00 [3:50:14/27:03:50]  Acc_iter 46305       Data time: 0.02(0.03)  Forward time: 0.11(0.27)  Batch time: 0.13(0.30)
2026-07-29 23:27:23,080   INFO  Train:    6/40 ( 15%) [   0/9261 (  0%)]  Loss: 1.393 (1.39)  LR: 2.167e-04  Time cost: 00:02/6:39:27 [3:50:18/233:00:48]  Acc_iter 46306       Data time: 2.06(2.06)  Forward time: 0.52(0.52)  Batch time: 2.58(2.58)
2026-07-29 23:27:36,450   INFO  Train:    6/40 ( 15%) [  44/9261 (  0%)]  Loss: 1.444 (1.34)  LR: 2.169e-04  Time cost: 00:15/54:28 [3:50:31/31:55:34]  Acc_iter 46350       Data time: 0.00(0.07)  Forward time: 0.25(0.28)  Batch time: 0.25(0.35)
2026-07-29 23:27:36,995   INFO  a1e06a0b30c0                Wed Jul 29 23:27:36 2026  580.173.02
[0] NVIDIA GeForce RTX 3070 | 64°C,  65 % |  6349 /  8192 MB | root(5808M)

2026-07-29 23:27:51,997   INFO  Train:    6/40 ( 15%) [  94/9261 (  1%)]  Loss: 1.341 (1.33)  LR: 2.172e-04  Time cost: 00:31/50:40 [3:50:47/29:51:03]  Acc_iter 46400       Data time: 0.01(0.05)  Forward time: 0.30(0.28)  Batch time: 0.31(0.33)
2026-07-29 23:28:07,981   INFO  Train:    6/40 ( 15%) [ 144/9261 (  2%)]  Loss: 1.012 (1.32)  LR: 2.174e-04  Time cost: 00:47/49:45 [3:51:03/29:28:30]  Acc_iter 46450       Data time: 0.02(0.04)  Forward time: 0.33(0.29)  Batch time: 0.36(0.33)
2026-07-29 23:28:23,456   INFO  Train:    6/40 ( 15%) [ 194/9261 (  2%)]  Loss: 1.318 (1.32)  LR: 2.177e-04  Time cost: 01:02/48:47 [3:51:18/29:03:18]  Acc_iter 46500       Data time: 0.02(0.04)  Forward time: 0.30(0.29)  Batch time: 0.32(0.32)
2026-07-29 23:28:23,969   INFO  a1e06a0b30c0                Wed Jul 29 23:28:23 2026  580.173.02
[0] NVIDIA GeForce RTX 3070 | 63°C,  94 % |  6349 /  8192 MB | root(5808M)

2026-07-29 23:28:38,628   INFO  Train:    6/40 ( 15%) [ 244/9261 (  3%)]  Loss: 1.215 (1.32)  LR: 2.179e-04  Time cost: 01:18/47:55 [3:51:34/28:41:37]  Acc_iter 46550       Data time: 0.02(0.04)  Forward time: 0.28(0.28)  Batch time: 0.30(0.32)
2026-07-29 23:28:53,584   INFO  Train:    6/40 ( 15%) [ 294/9261 (  3%)]  Loss: 1.676 (1.32)  LR: 2.182e-04  Time cost: 01:33/47:09 [3:51:49/28:23:14]  Acc_iter 46600       Data time: 0.01(0.03)  Forward time: 0.31(0.28)  Batch time: 0.31(0.32)
2026-07-29 23:29:08,562   INFO  Train:    6/40 ( 15%) [ 344/9261 (  4%)]  Loss: 1.132 (1.32)  LR: 2.185e-04  Time cost: 01:48/46:33 [3:52:03/28:10:26]  Acc_iter 46650       Data time: 0.02(0.03)  Forward time: 0.28(0.28)  Batch time: 0.30(0.31)
2026-07-29 23:29:09,092   INFO  a1e06a0b30c0                Wed Jul 29 23:29:09 2026  580.173.02
[0] NVIDIA GeForce RTX 3070 | 60°C,  58 % |  6339 /  8192 MB | root(5808M)

2026-07-29 23:29:25,049   INFO  Train:    6/40 ( 15%) [ 394/9261 (  4%)]  Loss: 1.417 (1.31)  LR: 2.187e-04  Time cost: 02:04/46:36 [3:52:20/28:21:27]  Acc_iter 46700       Data time: 0.02(0.03)  Forward time: 0.30(0.28)  Batch time: 0.32(0.32)
2026-07-29 23:29:40,520   INFO  Train:    6/40 ( 15%) [ 444/9261 (  5%)]  Loss: 1.005 (1.32)  LR: 2.190e-04  Time cost: 02:20/46:14 [3:52:35/28:17:35]  Acc_iter 46750       Data time: 0.01(0.03)  Forward time: 0.27(0.28)  Batch time: 0.28(0.31)
2026-07-29 23:29:54,885   INFO  Train:    6/40 ( 15%) [ 494/9261 (  5%)]  Loss: 1.434 (1.32)  LR: 2.193e-04  Time cost: 02:34/45:34 [3:52:50/28:02:25]  Acc_iter 46800       Data time: 0.02(0.03)  Forward time: 0.29(0.28)  Batch time: 0.31(0.31)
2026-07-29 23:29:55,514   INFO  a1e06a0b30c0                Wed Jul 29 23:29:55 2026  580.173.02
[0] NVIDIA GeForce RTX 3070 | 66°C,  55 % |  6349 /  8192 MB | root(5808M)

2026-07-29 23:30:09,829   INFO  Train:    6/40 ( 15%) [ 544/9261 (  6%)]  Loss: 1.175 (1.32)  LR: 2.195e-04  Time cost: 02:49/45:08 [3:53:05/27:55:43]  Acc_iter 46850       Data time: 0.01(0.03)  Forward time: 0.30(0.28)  Batch time: 0.31(0.31)
2026-07-29 23:30:24,722   INFO  Train:    6/40 ( 15%) [ 594/9261 (  6%)]  Loss: 1.403 (1.32)  LR: 2.198e-04  Time cost: 03:04/44:43 [3:53:20/27:49:38]  Acc_iter 46900       Data time: 0.02(0.03)  Forward time: 0.28(0.28)  Batch time: 0.30(0.31)
2026-07-29 23:30:40,783   INFO  Train:    6/40 ( 15%) [ 644/9261 (  7%)]  Loss: 1.460 (1.32)  LR: 2.200e-04  Time cost: 03:20/44:35 [3:53:36/27:54:13]  Acc_iter 46950       Data time: 0.02(0.03)  Forward time: 0.29(0.28)  Batch time: 0.31(0.31)
2026-07-29 23:30:41,472   INFO  a1e06a0b30c0                Wed Jul 29 23:30:41 2026  580.173.02
[0] NVIDIA GeForce RTX 3070 | 62°C,  59 % |  6349 /  8192 MB | root(5808M)

2026-07-29 23:30:56,456   INFO  Train:    6/40 ( 15%) [ 694/9261 (  7%)]  Loss: 1.208 (1.32)  LR: 2.203e-04  Time cost: 03:35/44:22 [3:53:51/27:55:05]  Acc_iter 47000       Data time: 0.04(0.03)  Forward time: 0.29(0.28)  Batch time: 0.33(0.31)
2026-07-29 23:31:11,381   INFO  Train:    6/40 ( 15%) [ 744/9261 (  8%)]  Loss: 1.328 (1.32)  LR: 2.206e-04  Time cost: 03:50/43:59 [3:54:06/27:50:24]  Acc_iter 47050       Data time: 0.02(0.03)  Forward time: 0.33(0.28)  Batch time: 0.35(0.31)
2026-07-29 23:31:25,947   INFO  Train:    6/40 ( 15%) [ 794/9261 (  9%)]  Loss: 1.328 (1.32)  LR: 2.208e-04  Time cost: 04:05/43:34 [3:54:21/27:43:51]  Acc_iter 47100       Data time: 0.04(0.03)  Forward time: 0.30(0.28)  Batch time: 0.34(0.31)
2026-07-29 23:31:26,541   INFO  a1e06a0b30c0                Wed Jul 29 23:31:26 2026  580.173.02
[0] NVIDIA GeForce RTX 3070 | 65°C,  22 % |  6349 /  8192 MB | root(5808M)

2026-07-29 23:31:41,153   INFO  Train:    6/40 ( 15%) [ 844/9261 (  9%)]  Loss: 1.201 (1.32)  LR: 2.211e-04  Time cost: 04:20/43:16 [3:54:36/27:42:07]  Acc_iter 47150       Data time: 0.02(0.03)  Forward time: 0.37(0.28)  Batch time: 0.39(0.31)
2026-07-29 23:31:57,342   INFO  Train:    6/40 ( 15%) [ 894/9261 ( 10%)]  Loss: 1.655 (1.32)  LR: 2.214e-04  Time cost: 04:36/43:08 [3:54:52/27:46:28]  Acc_iter 47200       Data time: 0.05(0.03)  Forward time: 0.23(0.28)  Batch time: 0.28(0.31)
2026-07-29 23:32:12,962   INFO  Train:    6/40 ( 15%) [ 944/9261 ( 10%)]  Loss: 1.540 (1.32)  LR: 2.216e-04  Time cost: 04:52/42:54 [3:55:08/27:47:05]  Acc_iter 47250       Data time: 0.03(0.03)  Forward time: 0.31(0.28)  Batch time: 0.33(0.31)
2026-07-29 23:32:13,478   INFO  a1e06a0b30c0                Wed Jul 29 23:32:13 2026  580.173.02
[0] NVIDIA GeForce RTX 3070 | 63°C,  78 % |  6351 /  8192 MB | root(5808M)

2026-07-29 23:32:20,812   INFO  Save latest model to /OpenPCDet/output/OpenPCDet/tools/cfgs/models/S/D/S_D_N/unfrozen_backbone_1_93/ckpt/latest_model
2026-07-29 23:32:28,043   INFO  Train:    6/40 ( 15%) [ 994/9261 ( 11%)]  Loss: 1.301 (1.32)  LR: 2.219e-04  Time cost: 05:07/42:35 [3:55:23/27:44:41]  Acc_iter 47300       Data time: 0.00(0.03)  Forward time: 0.23(0.28)  Batch time: 0.23(0.31)
2026-07-29 23:32:42,666   INFO  Train:    6/40 ( 15%) [1044/9261 ( 11%)]  Loss: 1.476 (1.32)  LR: 2.221e-04  Time cost: 05:22/42:13 [3:55:38/27:40:09]  Acc_iter 47350       Data time: 0.00(0.03)  Forward time: 0.24(0.28)  Batch time: 0.24(0.31)
2026-07-29 23:32:57,535   INFO  Train:    6/40 ( 15%) [1094/9261 ( 12%)]  Loss: 1.361 (1.32)  LR: 2.224e-04  Time cost: 05:37/41:53 [3:55:52/27:37:12]  Acc_iter 47400       Data time: 0.00(0.03)  Forward time: 0.22(0.28)  Batch time: 0.22(0.31)
2026-07-29 23:32:58,045   INFO  a1e06a0b30c0                Wed Jul 29 23:32:58 2026  580.173.02
[0] NVIDIA GeForce RTX 3070 | 65°C,  67 % |  6345 /  8192 MB | root(5808M)

2026-07-29 23:33:14,041   INFO  Train:    6/40 ( 15%) [1144/9261 ( 12%)]  Loss: 1.300 (1.32)  LR: 2.226e-04  Time cost: 05:53/41:46 [3:56:09/27:42:12]  Acc_iter 47450       Data time: 0.02(0.03)  Forward time: 0.33(0.28)  Batch time: 0.36(0.31)
2026-07-29 23:33:29,856   INFO  Train:    6/40 ( 15%) [1194/9261 ( 13%)]  Loss: 1.400 (1.32)  LR: 2.229e-04  Time cost: 06:09/41:33 [3:56:25/27:43:38]  Acc_iter 47500       Data time: 0.01(0.03)  Forward time: 0.29(0.28)  Batch time: 0.29(0.31)
2026-07-29 23:33:44,602   INFO  Train:    6/40 ( 15%) [1244/9261 ( 13%)]  Loss: 1.309 (1.32)  LR: 2.232e-04  Time cost: 06:24/41:13 [3:56:40/27:40:19]  Acc_iter 47550       Data time: 0.00(0.03)  Forward time: 0.22(0.28)  Batch time: 0.22(0.31)
2026-07-29 23:33:45,121   INFO  a1e06a0b30c0                Wed Jul 29 23:33:45 2026  580.173.02
[0] NVIDIA GeForce RTX 3070 | 60°C,  67 % |  6349 /  8192 MB | root(5808M)

2026-07-29 23:33:59,734   INFO  Train:    6/40 ( 15%) [1294/9261 ( 14%)]  Loss: 1.148 (1.32)  LR: 2.234e-04  Time cost: 06:39/40:56 [3:56:55/27:38:50]  Acc_iter 47600       Data time: 0.03(0.03)  Forward time: 0.25(0.28)  Batch time: 0.28(0.31)
2026-07-29 23:34:14,602   INFO  Train:    6/40 ( 15%) [1344/9261 ( 15%)]  Loss: 1.472 (1.32)  LR: 2.237e-04  Time cost: 06:54/40:37 [3:57:10/27:36:23]  Acc_iter 47650       Data time: 0.00(0.03)  Forward time: 0.24(0.28)  Batch time: 0.24(0.31)
2026-07-29 23:34:30,288   INFO  Train:    6/40 ( 15%) [1394/9261 ( 15%)]  Loss: 1.266 (1.32)  LR: 2.239e-04  Time cost: 07:09/40:23 [3:57:25/27:37:15]  Acc_iter 47700       Data time: 0.02(0.03)  Forward time: 0.32(0.28)  Batch time: 0.34(0.31)
2026-07-29 23:34:30,911   INFO  a1e06a0b30c0                Wed Jul 29 23:34:30 2026  580.173.02
[0] NVIDIA GeForce RTX 3070 | 61°C,   4 % |  6341 /  8192 MB | root(5808M)

2026-07-29 23:34:46,525   INFO  Train:    6/40 ( 15%) [1444/9261 ( 16%)]  Loss: 1.385 (1.32)  LR: 2.242e-04  Time cost: 07:26/40:12 [3:57:41/27:40:06]  Acc_iter 47750       Data time: 0.02(0.03)  Forward time: 0.30(0.28)  Batch time: 0.32(0.31)
2026-07-29 23:35:00,964   INFO  Train:    6/40 ( 15%) [1494/9261 ( 16%)]  Loss: 1.407 (1.32)  LR: 2.245e-04  Time cost: 07:40/39:52 [3:57:56/27:36:16]  Acc_iter 47800       Data time: 0.00(0.03)  Forward time: 0.23(0.28)  Batch time: 0.23(0.31)
2026-07-29 23:35:15,750   INFO  Train:    6/40 ( 15%) [1544/9261 ( 17%)]  Loss: 1.015 (1.32)  LR: 2.247e-04  Time cost: 07:55/39:33 [3:58:11/27:33:52]  Acc_iter 47850       Data time: 0.01(0.03)  Forward time: 0.26(0.28)  Batch time: 0.28(0.31)
2026-07-29 23:35:16,241   INFO  a1e06a0b30c0                Wed Jul 29 23:35:16 2026  580.173.02
[0] NVIDIA GeForce RTX 3070 | 61°C,  72 % |  6351 /  8192 MB | root(5808M)

2026-07-29 23:35:31,217   INFO  Train:    6/40 ( 15%) [1594/9261 ( 17%)]  Loss: 1.289 (1.32)  LR: 2.250e-04  Time cost: 08:10/39:18 [3:58:26/27:33:54]  Acc_iter 47900       Data time: 0.05(0.03)  Forward time: 0.22(0.28)  Batch time: 0.27(0.31)
2026-07-29 23:35:46,923   INFO  Train:    6/40 ( 15%) [1644/9261 ( 18%)]  Loss: 1.258 (1.32)  LR: 2.252e-04  Time cost: 08:26/39:04 [3:58:42/27:34:42]  Acc_iter 47950       Data time: 0.00(0.03)  Forward time: 0.26(0.28)  Batch time: 0.26(0.31)
2026-07-29 23:36:03,270   INFO  Train:    6/40 ( 15%) [1694/9261 ( 18%)]  Loss: 1.296 (1.32)  LR: 2.255e-04  Time cost: 08:42/38:53 [3:58:58/27:37:28]  Acc_iter 48000       Data time: 0.03(0.03)  Forward time: 0.28(0.28)  Batch time: 0.31(0.31)
2026-07-29 23:36:03,789   INFO  a1e06a0b30c0                Wed Jul 29 23:36:03 2026  580.173.02
[0] NVIDIA GeForce RTX 3070 | 61°C,   4 % |  6355 /  8192 MB | root(5808M)

2026-07-29 23:36:18,418   INFO  Train:    6/40 ( 15%) [1744/9261 ( 19%)]  Loss: 1.351 (1.32)  LR: 2.257e-04  Time cost: 08:57/38:37 [3:59:13/27:36:22]  Acc_iter 48050       Data time: 0.04(0.03)  Forward time: 0.23(0.28)  Batch time: 0.27(0.31)
2026-07-29 23:36:33,085   INFO  Train:    6/40 ( 15%) [1794/9261 ( 19%)]  Loss: 1.090 (1.32)  LR: 2.260e-04  Time cost: 09:12/38:18 [3:59:28/27:33:53]  Acc_iter 48100       Data time: 0.02(0.03)  Forward time: 0.31(0.28)  Batch time: 0.33(0.31)
2026-07-29 23:36:47,959   INFO  Train:    6/40 ( 15%) [1844/9261 ( 20%)]  Loss: 1.628 (1.32)  LR: 2.262e-04  Time cost: 09:27/38:01 [3:59:43/27:32:07]  Acc_iter 48150       Data time: 0.01(0.03)  Forward time: 0.29(0.28)  Batch time: 0.29(0.31)
2026-07-29 23:36:48,564   INFO  a1e06a0b30c0                Wed Jul 29 23:36:48 2026  580.173.02
[0] NVIDIA GeForce RTX 3070 | 64°C, 100 % |  6349 /  8192 MB | root(5808M)

2026-07-29 23:37:04,251   INFO  Train:    6/40 ( 15%) [1894/9261 ( 20%)]  Loss: 1.232 (1.32)  LR: 2.265e-04  Time cost: 09:43/37:49 [3:59:59/27:34:27]  Acc_iter 48200       Data time: 0.03(0.03)  Forward time: 0.30(0.28)  Batch time: 0.33(0.31)
2026-07-29 23:37:20,139   INFO  Train:    6/40 ( 15%) [1944/9261 ( 21%)]  Loss: 1.319 (1.32)  LR: 2.268e-04  Time cost: 09:59/37:35 [4:00:15/27:35:32]  Acc_iter 48250       Data time: 0.05(0.03)  Forward time: 0.24(0.28)  Batch time: 0.29(0.31)
2026-07-29 23:37:20,818   INFO  Save latest model to /OpenPCDet/output/OpenPCDet/tools/cfgs/models/S/D/S_D_N/unfrozen_backbone_1_93/ckpt/latest_model
2026-07-29 23:37:34,841   INFO  Train:    6/40 ( 15%) [1994/9261 ( 22%)]  Loss: 1.809 (1.32)  LR: 2.270e-04  Time cost: 10:14/37:17 [4:00:30/27:33:21]  Acc_iter 48300       Data time: 0.02(0.03)  Forward time: 0.29(0.28)  Batch time: 0.31(0.31)
2026-07-29 23:37:35,334   INFO  a1e06a0b30c0                Wed Jul 29 23:37:35 2026  580.173.02
[0] NVIDIA GeForce RTX 3070 | 67°C,  74 % |  6349 /  8192 MB | root(5808M)

2026-07-29 23:37:50,235   INFO  Train:    6/40 ( 15%) [2044/9261 ( 22%)]  Loss: 1.468 (1.32)  LR: 2.273e-04  Time cost: 10:29/37:02 [4:00:45/27:33:05]  Acc_iter 48350       Data time: 0.03(0.03)  Forward time: 0.26(0.28)  Batch time: 0.29(0.31)
2026-07-29 23:38:05,199   INFO  Train:    6/40 ( 15%) [2094/9261 ( 23%)]  Loss: 1.157 (1.32)  LR: 2.275e-04  Time cost: 10:44/36:45 [4:01:00/27:31:43]  Acc_iter 48400       Data time: 0.02(0.03)  Forward time: 0.31(0.28)  Batch time: 0.33(0.31)
2026-07-29 23:38:20,923   INFO  Train:    6/40 ( 15%) [2144/9261 ( 23%)]  Loss: 1.276 (1.32)  LR: 2.278e-04  Time cost: 11:00/36:31 [4:01:16/27:32:18]  Acc_iter 48450       Data time: 0.02(0.03)  Forward time: 0.35(0.28)  Batch time: 0.37(0.31)
2026-07-29 23:38:21,557   INFO  a1e06a0b30c0                Wed Jul 29 23:38:21 2026  580.173.02
[0] NVIDIA GeForce RTX 3070 | 63°C,  47 % |  6349 /  8192 MB | root(5808M)

2026-07-29 23:38:37,921   INFO  Train:    6/40 ( 15%) [2194/9261 ( 24%)]  Loss: 1.088 (1.33)  LR: 2.280e-04  Time cost: 11:17/36:21 [4:01:33/27:35:58]  Acc_iter 48500       Data time: 0.04(0.03)  Forward time: 0.30(0.28)  Batch time: 0.34(0.31)
2026-07-29 23:38:52,579   INFO  Train:    6/40 ( 15%) [2244/9261 ( 24%)]  Loss: 1.187 (1.32)  LR: 2.283e-04  Time cost: 11:32/36:03 [4:01:48/27:33:52]  Acc_iter 48550       Data time: 0.03(0.03)  Forward time: 0.28(0.28)  Batch time: 0.31(0.31)
2026-07-29 23:39:07,239   INFO  Train:    6/40 ( 15%) [2294/9261 ( 25%)]  Loss: 1.747 (1.33)  LR: 2.285e-04  Time cost: 11:46/35:45 [4:02:02/27:31:51]  Acc_iter 48600       Data time: 0.02(0.03)  Forward time: 0.34(0.28)  Batch time: 0.36(0.31)
2026-07-29 23:39:07,728   INFO  a1e06a0b30c0                Wed Jul 29 23:39:07 2026  580.173.02
[0] NVIDIA GeForce RTX 3070 | 61°C,   3 % |  6339 /  8192 MB | root(5808M)

2026-07-29 23:39:22,606   INFO  Train:    6/40 ( 15%) [2344/9261 ( 25%)]  Loss: 1.031 (1.33)  LR: 2.288e-04  Time cost: 12:02/35:30 [4:02:18/27:31:31]  Acc_iter 48650       Data time: 0.04(0.03)  Forward time: 0.27(0.28)  Batch time: 0.31(0.31)
2026-07-29 23:39:38,416   INFO  Train:    6/40 ( 15%) [2394/9261 ( 26%)]  Loss: 1.593 (1.33)  LR: 2.290e-04  Time cost: 12:17/35:15 [4:02:33/27:32:11]  Acc_iter 48700       Data time: 0.00(0.03)  Forward time: 0.25(0.28)  Batch time: 0.26(0.31)
2026-07-29 23:39:54,858   INFO  Train:    6/40 ( 15%) [2444/9261 ( 26%)]  Loss: 1.153 (1.33)  LR: 2.293e-04  Time cost: 12:34/35:03 [4:02:50/27:34:12]  Acc_iter 48750       Data time: 0.04(0.03)  Forward time: 0.35(0.28)  Batch time: 0.39(0.31)
2026-07-29 23:39:55,402   INFO  a1e06a0b30c0                Wed Jul 29 23:39:55 2026  580.173.02
[0] NVIDIA GeForce RTX 3070 | 62°C,  65 % |  6353 /  8192 MB | root(5808M)

2026-07-29 23:40:10,422   INFO  Train:    6/40 ( 15%) [2494/9261 ( 27%)]  Loss: 1.288 (1.32)  LR: 2.295e-04  Time cost: 12:49/34:48 [4:03:05/27:34:14]  Acc_iter 48800       Data time: 0.03(0.03)  Forward time: 0.30(0.28)  Batch time: 0.32(0.31)
2026-07-29 23:40:25,280   INFO  Train:    6/40 ( 15%) [2544/9261 ( 27%)]  Loss: 1.263 (1.32)  LR: 2.298e-04  Time cost: 13:04/34:31 [4:03:20/27:32:47]  Acc_iter 48850       Data time: 0.04(0.03)  Forward time: 0.27(0.28)  Batch time: 0.30(0.31)
2026-07-29 23:40:40,165   INFO  Train:    6/40 ( 15%) [2594/9261 ( 28%)]  Loss: 1.032 (1.32)  LR: 2.300e-04  Time cost: 13:19/34:14 [4:03:35/27:31:25]  Acc_iter 48900       Data time: 0.05(0.03)  Forward time: 0.26(0.28)  Batch time: 0.31(0.31)
2026-07-29 23:40:40,674   INFO  a1e06a0b30c0                Wed Jul 29 23:40:40 2026  580.173.02
[0] NVIDIA GeForce RTX 3070 | 61°C,   3 % |  6349 /  8192 MB | root(5808M)

2026-07-29 23:40:56,233   INFO  Train:    6/40 ( 15%) [2644/9261 ( 29%)]  Loss: 1.893 (1.32)  LR: 2.303e-04  Time cost: 13:35/34:00 [4:03:51/27:32:30]  Acc_iter 48950       Data time: 0.04(0.03)  Forward time: 0.31(0.28)  Batch time: 0.35(0.31)
2026-07-29 23:41:12,845   INFO  Train:    6/40 ( 15%) [2694/9261 ( 29%)]  Loss: 1.231 (1.32)  LR: 2.305e-04  Time cost: 13:52/33:48 [4:04:08/27:34:37]  Acc_iter 49000       Data time: 0.00(0.03)  Forward time: 0.27(0.28)  Batch time: 0.28(0.31)
2026-07-29 23:41:28,069   INFO  Train:    6/40 ( 15%) [2744/9261 ( 30%)]  Loss: 1.407 (1.32)  LR: 2.308e-04  Time cost: 14:07/33:32 [4:04:23/27:33:56]  Acc_iter 49050       Data time: 0.00(0.03)  Forward time: 0.30(0.28)  Batch time: 0.30(0.31)
2026-07-29 23:41:28,599   INFO  a1e06a0b30c0                Wed Jul 29 23:41:28 2026  580.173.02
[0] NVIDIA GeForce RTX 3070 | 64°C,   3 % |  6349 /  8192 MB | root(5808M)

2026-07-29 23:41:43,683   INFO  Train:    6/40 ( 15%) [2794/9261 ( 30%)]  Loss: 1.489 (1.32)  LR: 2.310e-04  Time cost: 14:23/33:17 [4:04:39/27:34:01]  Acc_iter 49100       Data time: 0.04(0.03)  Forward time: 0.31(0.28)  Batch time: 0.35(0.31)
2026-07-29 23:41:58,601   INFO  Train:    6/40 ( 15%) [2844/9261 ( 31%)]  Loss: 1.491 (1.32)  LR: 2.313e-04  Time cost: 14:38/33:00 [4:04:54/27:32:46]  Acc_iter 49150       Data time: 0.00(0.03)  Forward time: 0.23(0.28)  Batch time: 0.23(0.31)
2026-07-29 23:42:14,032   INFO  Train:    6/40 ( 15%) [2894/9261 ( 31%)]  Loss: 1.233 (1.32)  LR: 2.315e-04  Time cost: 14:53/32:45 [4:05:09/27:32:30]  Acc_iter 49200       Data time: 0.02(0.03)  Forward time: 0.34(0.28)  Batch time: 0.36(0.31)
2026-07-29 23:42:14,682   INFO  a1e06a0b30c0                Wed Jul 29 23:42:14 2026  580.173.02
[0] NVIDIA GeForce RTX 3070 | 60°C,   3 % |  6349 /  8192 MB | root(5808M)

2026-07-29 23:42:20,649   INFO  Save latest model to /OpenPCDet/output/OpenPCDet/tools/cfgs/models/S/D/S_D_N/unfrozen_backbone_1_93/ckpt/latest_model
2026-07-29 23:42:31,319   INFO  Train:    6/40 ( 15%) [2944/9261 ( 32%)]  Loss: 1.321 (1.32)  LR: 2.318e-04  Time cost: 15:10/32:33 [4:05:26/27:35:37]  Acc_iter 49250       Data time: 0.02(0.03)  Forward time: 0.31(0.28)  Batch time: 0.33(0.31)
2026-07-29 23:42:46,767   INFO  Train:    6/40 ( 15%) [2994/9261 ( 32%)]  Loss: 1.158 (1.32)  LR: 2.320e-04  Time cost: 15:26/32:18 [4:05:42/27:35:20]  Acc_iter 49300       Data time: 0.02(0.03)  Forward time: 0.34(0.28)  Batch time: 0.36(0.31)
2026-07-29 23:43:01,704   INFO  Train:    6/40 ( 15%) [3044/9261 ( 33%)]  Loss: 1.723 (1.32)  LR: 2.323e-04  Time cost: 15:41/32:01 [4:05:57/27:34:09]  Acc_iter 49350       Data time: 0.02(0.03)  Forward time: 0.32(0.28)  Batch time: 0.34(0.31)
2026-07-29 23:43:02,284   INFO  a1e06a0b30c0                Wed Jul 29 23:43:02 2026  580.173.02
[0] NVIDIA GeForce RTX 3070 | 60°C,  53 % |  6349 /  8192 MB | root(5808M)

2026-07-29 23:43:17,461   INFO  Train:    6/40 ( 15%) [3094/9261 ( 33%)]  Loss: 1.403 (1.32)  LR: 2.325e-04  Time cost: 15:56/31:46 [4:06:12/27:34:25]  Acc_iter 49400       Data time: 0.00(0.03)  Forward time: 0.26(0.28)  Batch time: 0.26(0.31)
2026-07-29 23:43:32,514   INFO  Train:    6/40 ( 15%) [3144/9261 ( 34%)]  Loss: 1.263 (1.32)  LR: 2.328e-04  Time cost: 16:12/31:30 [4:06:27/27:33:28]  Acc_iter 49450       Data time: 0.03(0.03)  Forward time: 0.28(0.28)  Batch time: 0.31(0.31)
2026-07-29 23:43:48,539   INFO  Train:    6/40 ( 15%) [3194/9261 ( 34%)]  Loss: 1.322 (1.32)  LR: 2.330e-04  Time cost: 16:28/31:16 [4:06:43/27:34:10]  Acc_iter 49500       Data time: 0.03(0.03)  Forward time: 0.31(0.28)  Batch time: 0.34(0.31)
2026-07-29 23:43:49,176   INFO  a1e06a0b30c0                Wed Jul 29 23:43:49 2026  580.173.02
[0] NVIDIA GeForce RTX 3070 | 60°C,  66 % |  6349 /  8192 MB | root(5808M)

2026-07-29 23:44:04,546   INFO  Train:    6/40 ( 15%) [3244/9261 ( 35%)]  Loss: 1.248 (1.32)  LR: 2.333e-04  Time cost: 16:44/31:01 [4:06:59/27:34:48]  Acc_iter 49550       Data time: 0.02(0.03)  Forward time: 0.28(0.28)  Batch time: 0.30(0.31)
2026-07-29 23:44:19,423   INFO  Train:    6/40 ( 15%) [3294/9261 ( 36%)]  Loss: 1.244 (1.32)  LR: 2.335e-04  Time cost: 16:58/30:45 [4:07:14/27:33:35]  Acc_iter 49600       Data time: 0.02(0.03)  Forward time: 0.34(0.28)  Batch time: 0.37(0.31)
2026-07-29 23:44:34,501   INFO  Train:    6/40 ( 15%) [3344/9261 ( 36%)]  Loss: 1.003 (1.32)  LR: 2.338e-04  Time cost: 17:14/30:29 [4:07:29/27:32:43]  Acc_iter 49650       Data time: 0.03(0.03)  Forward time: 0.27(0.28)  Batch time: 0.31(0.31)
2026-07-29 23:44:35,158   INFO  a1e06a0b30c0                Wed Jul 29 23:44:35 2026  580.173.02
[0] NVIDIA GeForce RTX 3070 | 60°C,  64 % |  6339 /  8192 MB | root(5808M)

2026-07-29 23:44:50,097   INFO  Train:    6/40 ( 15%) [3394/9261 ( 37%)]  Loss: 1.420 (1.32)  LR: 2.340e-04  Time cost: 17:29/30:13 [4:07:45/27:32:40]  Acc_iter 49700       Data time: 0.02(0.03)  Forward time: 0.31(0.28)  Batch time: 0.33(0.31)
2026-07-29 23:45:06,365   INFO  Train:    6/40 ( 15%) [3444/9261 ( 37%)]  Loss: 1.457 (1.32)  LR: 2.343e-04  Time cost: 17:45/29:59 [4:08:01/27:33:40]  Acc_iter 49750       Data time: 0.02(0.03)  Forward time: 0.32(0.28)  Batch time: 0.34(0.31)
2026-07-29 23:45:22,012   INFO  Train:    6/40 ( 15%) [3494/9261 ( 38%)]  Loss: 1.305 (1.32)  LR: 2.345e-04  Time cost: 18:01/29:44 [4:08:17/27:33:41]  Acc_iter 49800       Data time: 0.04(0.03)  Forward time: 0.25(0.28)  Batch time: 0.29(0.31)
2026-07-29 23:45:22,592   INFO  a1e06a0b30c0                Wed Jul 29 23:45:22 2026  580.173.02
[0] NVIDIA GeForce RTX 3070 | 64°C,  99 % |  6349 /  8192 MB | root(5808M)

2026-07-29 23:45:37,330   INFO  Train:    6/40 ( 15%) [3544/9261 ( 38%)]  Loss: 1.683 (1.32)  LR: 2.348e-04  Time cost: 18:16/29:28 [4:08:32/27:33:12]  Acc_iter 49850       Data time: 0.02(0.03)  Forward time: 0.30(0.28)  Batch time: 0.33(0.31)
2026-07-29 23:45:52,535   INFO  Train:    6/40 ( 15%) [3594/9261 ( 39%)]  Loss: 1.242 (1.32)  LR: 2.350e-04  Time cost: 18:32/29:12 [4:08:47/27:32:33]  Acc_iter 49900       Data time: 0.03(0.03)  Forward time: 0.27(0.28)  Batch time: 0.30(0.31)
2026-07-29 23:46:07,667   INFO  Train:    6/40 ( 15%) [3644/9261 ( 39%)]  Loss: 1.548 (1.32)  LR: 2.352e-04  Time cost: 18:47/28:56 [4:09:03/27:31:48]  Acc_iter 49950       Data time: 0.04(0.03)  Forward time: 0.28(0.28)  Batch time: 0.32(0.31)
2026-07-29 23:46:08,181   INFO  a1e06a0b30c0                Wed Jul 29 23:46:08 2026  580.173.02
[0] NVIDIA GeForce RTX 3070 | 61°C,  32 % |  6349 /  8192 MB | root(5808M)

2026-07-29 23:46:24,348   INFO  Train:    6/40 ( 15%) [3694/9261 ( 40%)]  Loss: 1.119 (1.32)  LR: 2.355e-04  Time cost: 19:03/28:43 [4:09:19/27:33:18]  Acc_iter 50000       Data time: 0.02(0.03)  Forward time: 0.27(0.28)  Batch time: 0.29(0.31)
2026-07-29 23:46:40,384   INFO  Train:    6/40 ( 15%) [3744/9261 ( 40%)]  Loss: 1.110 (1.32)  LR: 2.357e-04  Time cost: 19:19/28:28 [4:09:35/27:33:50]  Acc_iter 50050       Data time: 0.02(0.03)  Forward time: 0.23(0.28)  Batch time: 0.25(0.31)
2026-07-29 23:46:55,437   INFO  Train:    6/40 ( 15%) [3794/9261 ( 41%)]  Loss: 1.624 (1.32)  LR: 2.360e-04  Time cost: 19:34/28:12 [4:09:50/27:32:58]  Acc_iter 50100       Data time: 0.01(0.03)  Forward time: 0.24(0.28)  Batch time: 0.25(0.31)
2026-07-29 23:46:55,959   INFO  a1e06a0b30c0                Wed Jul 29 23:46:55 2026  580.173.02
[0] NVIDIA GeForce RTX 3070 | 63°C,  57 % |  6349 /  8192 MB | root(5808M)

2026-07-29 23:47:10,856   INFO  Train:    6/40 ( 15%) [3844/9261 ( 42%)]  Loss: 1.282 (1.32)  LR: 2.362e-04  Time cost: 19:50/27:57 [4:10:06/27:32:38]  Acc_iter 50150       Data time: 0.04(0.03)  Forward time: 0.29(0.28)  Batch time: 0.33(0.31)
2026-07-29 23:47:20,705   INFO  Save latest model to /OpenPCDet/output/OpenPCDet/tools/cfgs/models/S/D/S_D_N/unfrozen_backbone_1_93/ckpt/latest_model
2026-07-29 23:47:25,959   INFO  Train:    6/40 ( 15%) [3894/9261 ( 42%)]  Loss: 1.084 (1.32)  LR: 2.365e-04  Time cost: 20:05/27:41 [4:10:21/27:31:51]  Acc_iter 50200       Data time: 0.02(0.03)  Forward time: 0.30(0.28)  Batch time: 0.32(0.31)
2026-07-29 23:47:41,571   INFO  Train:    6/40 ( 15%) [3944/9261 ( 43%)]  Loss: 1.323 (1.32)  LR: 2.367e-04  Time cost: 20:21/27:25 [4:10:37/27:31:47]  Acc_iter 50250       Data time: 0.02(0.03)  Forward time: 0.39(0.28)  Batch time: 0.41(0.31)
2026-07-29 23:47:42,236   INFO  a1e06a0b30c0                Wed Jul 29 23:47:42 2026  580.173.02
[0] NVIDIA GeForce RTX 3070 | 60°C,  15 % |  6349 /  8192 MB | root(5808M)

2026-07-29 23:47:58,583   INFO  Train:    6/40 ( 15%) [3994/9261 ( 43%)]  Loss: 1.475 (1.32)  LR: 2.369e-04  Time cost: 20:38/27:12 [4:10:54/27:33:34]  Acc_iter 50300       Data time: 0.02(0.03)  Forward time: 0.31(0.28)  Batch time: 0.34(0.31)
2026-07-29 23:48:13,810   INFO  Train:    6/40 ( 15%) [4044/9261 ( 44%)]  Loss: 1.313 (1.32)  LR: 2.372e-04  Time cost: 20:53/26:56 [4:11:09/27:32:58]  Acc_iter 50350       Data time: 0.02(0.03)  Forward time: 0.33(0.28)  Batch time: 0.35(0.31)
2026-07-29 23:48:28,953   INFO  Train:    6/40 ( 15%) [4094/9261 ( 44%)]  Loss: 1.477 (1.32)  LR: 2.374e-04  Time cost: 21:08/26:40 [4:11:24/27:32:15]  Acc_iter 50400       Data time: 0.04(0.03)  Forward time: 0.29(0.28)  Batch time: 0.33(0.31)
2026-07-29 23:48:29,447   INFO  a1e06a0b30c0                Wed Jul 29 23:48:29 2026  580.173.02
[0] NVIDIA GeForce RTX 3070 | 67°C,  64 % |  6349 /  8192 MB | root(5808M)

2026-07-29 23:48:44,357   INFO  Train:    6/40 ( 15%) [4144/9261 ( 45%)]  Loss: 1.696 (1.32)  LR: 2.377e-04  Time cost: 21:23/26:24 [4:11:39/27:31:53]  Acc_iter 50450       Data time: 0.04(0.03)  Forward time: 0.23(0.28)  Batch time: 0.27(0.31)
2026-07-29 23:48:59,800   INFO  Train:    6/40 ( 15%) [4194/9261 ( 45%)]  Loss: 1.207 (1.32)  LR: 2.379e-04  Time cost: 21:39/26:09 [4:11:55/27:31:34]  Acc_iter 50500       Data time: 0.02(0.03)  Forward time: 0.34(0.28)  Batch time: 0.36(0.31)
2026-07-29 23:49:16,069   INFO  Train:    6/40 ( 15%) [4244/9261 ( 46%)]  Loss: 1.458 (1.32)  LR: 2.382e-04  Time cost: 21:55/25:54 [4:12:11/27:32:18]  Acc_iter 50550       Data time: 0.01(0.03)  Forward time: 0.32(0.28)  Batch time: 0.33(0.31)
2026-07-29 23:49:16,645   INFO  a1e06a0b30c0                Wed Jul 29 23:49:16 2026  580.173.02
[0] NVIDIA GeForce RTX 3070 | 64°C, 100 % |  6354 /  8192 MB | root(5808M)

2026-07-29 23:49:32,007   INFO  Train:    6/40 ( 15%) [4294/9261 ( 46%)]  Loss: 1.295 (1.32)  LR: 2.384e-04  Time cost: 22:11/25:39 [4:12:27/27:32:35]  Acc_iter 50600       Data time: 0.02(0.03)  Forward time: 0.36(0.28)  Batch time: 0.39(0.31)
2026-07-29 23:49:46,815   INFO  Train:    6/40 ( 15%) [4344/9261 ( 47%)]  Loss: 1.138 (1.32)  LR: 2.386e-04  Time cost: 22:26/25:23 [4:12:42/27:31:29]  Acc_iter 50650       Data time: 0.01(0.03)  Forward time: 0.27(0.28)  Batch time: 0.29(0.31)
2026-07-29 23:50:01,906   INFO  Train:    6/40 ( 15%) [4394/9261 ( 47%)]  Loss: 1.184 (1.32)  LR: 2.389e-04  Time cost: 22:41/25:07 [4:12:57/27:30:44]  Acc_iter 50700       Data time: 0.00(0.03)  Forward time: 0.27(0.28)  Batch time: 0.28(0.31)
2026-07-29 23:50:02,464   INFO  a1e06a0b30c0                Wed Jul 29 23:50:02 2026  580.173.02
[0] NVIDIA GeForce RTX 3070 | 67°C,  20 % |  6349 /  8192 MB | root(5808M)

2026-07-29 23:50:17,632   INFO  Train:    6/40 ( 15%) [4444/9261 ( 48%)]  Loss: 1.392 (1.32)  LR: 2.391e-04  Time cost: 22:57/24:52 [4:13:13/27:30:46]  Acc_iter 50750       Data time: 0.02(0.03)  Forward time: 0.35(0.28)  Batch time: 0.37(0.31)
2026-07-29 23:50:33,831   INFO  Train:    6/40 ( 15%) [4494/9261 ( 49%)]  Loss: 1.241 (1.32)  LR: 2.394e-04  Time cost: 23:13/24:37 [4:13:29/27:31:20]  Acc_iter 50800       Data time: 0.02(0.03)  Forward time: 0.36(0.28)  Batch time: 0.39(0.31)
2026-07-29 23:50:49,331   INFO  Train:    6/40 ( 15%) [4544/9261 ( 49%)]  Loss: 1.006 (1.32)  LR: 2.396e-04  Time cost: 23:28/24:22 [4:13:44/27:31:05]  Acc_iter 50850       Data time: 0.03(0.03)  Forward time: 0.30(0.28)  Batch time: 0.33(0.31)
2026-07-29 23:50:49,887   INFO  a1e06a0b30c0                Wed Jul 29 23:50:49 2026  580.173.02
[0] NVIDIA GeForce RTX 3070 | 63°C,   4 % |  6349 /  8192 MB | root(5808M)

2026-07-29 23:51:04,498   INFO  Train:    6/40 ( 15%) [4594/9261 ( 50%)]  Loss: 1.039 (1.32)  LR: 2.398e-04  Time cost: 23:44/24:06 [4:13:59/27:30:26]  Acc_iter 50900       Data time: 0.02(0.03)  Forward time: 0.33(0.28)  Batch time: 0.36(0.31)
2026-07-29 23:51:19,253   INFO  Train:    6/40 ( 15%) [4644/9261 ( 50%)]  Loss: 1.730 (1.32)  LR: 2.401e-04  Time cost: 23:58/23:50 [4:14:14/27:29:20]  Acc_iter 50950       Data time: 0.03(0.03)  Forward time: 0.26(0.28)  Batch time: 0.29(0.31)
2026-07-29 23:51:34,530   INFO  Train:    6/40 ( 15%) [4694/9261 ( 51%)]  Loss: 1.222 (1.32)  LR: 2.403e-04  Time cost: 24:14/23:34 [4:14:29/27:28:50]  Acc_iter 51000       Data time: 0.07(0.03)  Forward time: 0.24(0.28)  Batch time: 0.31(0.31)
2026-07-29 23:51:35,066   INFO  a1e06a0b30c0                Wed Jul 29 23:51:35 2026  580.173.02
[0] NVIDIA GeForce RTX 3070 | 66°C,  75 % |  6349 /  8192 MB | root(5808M)

2026-07-29 23:51:51,536   INFO  Train:    6/40 ( 15%) [4744/9261 ( 51%)]  Loss: 1.321 (1.32)  LR: 2.405e-04  Time cost: 24:31/23:20 [4:14:46/27:30:17]  Acc_iter 51050       Data time: 0.02(0.03)  Forward time: 0.33(0.28)  Batch time: 0.35(0.31)
2026-07-29 23:52:07,531   INFO  Train:    6/40 ( 15%) [4794/9261 ( 52%)]  Loss: 1.189 (1.32)  LR: 2.408e-04  Time cost: 24:47/23:05 [4:15:02/27:30:34]  Acc_iter 51100       Data time: 0.02(0.03)  Forward time: 0.27(0.28)  Batch time: 0.29(0.31)
2026-07-29 23:52:20,807   INFO  Save latest model to /OpenPCDet/output/OpenPCDet/tools/cfgs/models/S/D/S_D_N/unfrozen_backbone_1_93/ckpt/latest_model
2026-07-29 23:52:22,256   INFO  Train:    6/40 ( 15%) [4844/9261 ( 52%)]  Loss: 1.219 (1.32)  LR: 2.410e-04  Time cost: 25:01/22:49 [4:15:17/27:29:27]  Acc_iter 51150       Data time: 0.00(0.03)  Forward time: 0.28(0.28)  Batch time: 0.28(0.31)
2026-07-29 23:52:22,747   INFO  a1e06a0b30c0                Wed Jul 29 23:52:22 2026  580.173.02
[0] NVIDIA GeForce RTX 3070 | 61°C,   4 % |  6347 /  8192 MB | root(5808M)

2026-07-29 23:52:37,394   INFO  Train:    6/40 ( 15%) [4894/9261 ( 53%)]  Loss: 1.255 (1.32)  LR: 2.413e-04  Time cost: 25:16/22:33 [4:15:32/27:28:49]  Acc_iter 51200       Data time: 0.03(0.03)  Forward time: 0.26(0.28)  Batch time: 0.28(0.31)
2026-07-29 23:52:52,485   INFO  Train:    6/40 ( 15%) [4944/9261 ( 53%)]  Loss: 1.367 (1.32)  LR: 2.415e-04  Time cost: 25:31/22:17 [4:15:47/27:28:07]  Acc_iter 51250       Data time: 0.02(0.03)  Forward time: 0.37(0.28)  Batch time: 0.39(0.31)
2026-07-29 23:53:08,563   INFO  Train:    6/40 ( 15%) [4994/9261 ( 54%)]  Loss: 1.208 (1.32)  LR: 2.417e-04  Time cost: 25:48/22:02 [4:16:03/27:28:29]  Acc_iter 51300       Data time: 0.02(0.03)  Forward time: 0.32(0.28)  Batch time: 0.33(0.31)
2026-07-29 23:53:09,290   INFO  a1e06a0b30c0                Wed Jul 29 23:53:09 2026  580.173.02
[0] NVIDIA GeForce RTX 3070 | 60°C,  12 % |  6347 /  8192 MB | root(5808M)

2026-07-29 23:53:25,374   INFO  Train:    6/40 ( 15%) [5044/9261 ( 54%)]  Loss: 1.497 (1.32)  LR: 2.420e-04  Time cost: 26:04/21:48 [4:16:20/27:29:37]  Acc_iter 51350       Data time: 0.04(0.03)  Forward time: 0.29(0.28)  Batch time: 0.32(0.31)
2026-07-29 23:53:40,914   INFO  Train:    6/40 ( 15%) [5094/9261 ( 55%)]  Loss: 1.139 (1.32)  LR: 2.422e-04  Time cost: 26:20/21:32 [4:16:36/27:29:23]  Acc_iter 51400       Data time: 0.04(0.03)  Forward time: 0.24(0.28)  Batch time: 0.27(0.31)
2026-07-29 23:53:55,740   INFO  Train:    6/40 ( 15%) [5144/9261 ( 56%)]  Loss: 1.114 (1.32)  LR: 2.424e-04  Time cost: 26:35/21:16 [4:16:51/27:28:25]  Acc_iter 51450       Data time: 0.04(0.03)  Forward time: 0.27(0.28)  Batch time: 0.31(0.31)
2026-07-29 23:53:56,243   INFO  a1e06a0b30c0                Wed Jul 29 23:53:56 2026  580.173.02
[0] NVIDIA GeForce RTX 3070 | 61°C,  90 % |  6349 /  8192 MB | root(5808M)

2026-07-29 23:54:11,426   INFO  Train:    6/40 ( 15%) [5194/9261 ( 56%)]  Loss: 1.055 (1.32)  LR: 2.427e-04  Time cost: 26:50/21:01 [4:17:06/27:28:21]  Acc_iter 51500       Data time: 0.03(0.03)  Forward time: 0.30(0.28)  Batch time: 0.33(0.31)
2026-07-29 23:54:26,997   INFO  Train:    6/40 ( 15%) [5244/9261 ( 57%)]  Loss: 1.366 (1.32)  LR: 2.429e-04  Time cost: 27:06/20:45 [4:17:22/27:28:09]  Acc_iter 51550       Data time: 0.04(0.03)  Forward time: 0.28(0.28)  Batch time: 0.33(0.31)
2026-07-29 23:54:43,375   INFO  Train:    6/40 ( 15%) [5294/9261 ( 57%)]  Loss: 1.132 (1.32)  LR: 2.431e-04  Time cost: 27:22/20:30 [4:17:38/27:28:47]  Acc_iter 51600       Data time: 0.00(0.03)  Forward time: 0.28(0.28)  Batch time: 0.28(0.31)
2026-07-29 23:54:43,912   INFO  a1e06a0b30c0                Wed Jul 29 23:54:43 2026  580.173.02
[0] NVIDIA GeForce RTX 3070 | 62°C,   3 % |  6341 /  8192 MB | root(5808M)

2026-07-29 23:54:59,139   INFO  Train:    6/40 ( 15%) [5344/9261 ( 58%)]  Loss: 1.194 (1.32)  LR: 2.434e-04  Time cost: 27:38/20:15 [4:17:54/27:28:46]  Acc_iter 51650       Data time: 0.04(0.03)  Forward time: 0.29(0.28)  Batch time: 0.32(0.31)
2026-07-29 23:55:13,970   INFO  Train:    6/40 ( 15%) [5394/9261 ( 58%)]  Loss: 1.259 (1.32)  LR: 2.436e-04  Time cost: 27:53/19:59 [4:18:09/27:27:50]  Acc_iter 51700       Data time: 0.03(0.03)  Forward time: 0.28(0.28)  Batch time: 0.30(0.31)
2026-07-29 23:55:28,980   INFO  Train:    6/40 ( 15%) [5444/9261 ( 59%)]  Loss: 1.408 (1.32)  LR: 2.438e-04  Time cost: 28:08/19:43 [4:18:24/27:27:05]  Acc_iter 51750       Data time: 0.02(0.03)  Forward time: 0.31(0.28)  Batch time: 0.34(0.31)
2026-07-29 23:55:29,509   INFO  a1e06a0b30c0                Wed Jul 29 23:55:29 2026  580.173.02
[0] NVIDIA GeForce RTX 3070 | 66°C,  66 % |  6349 /  8192 MB | root(5808M)

2026-07-29 23:55:44,792   INFO  Train:    6/40 ( 15%) [5494/9261 ( 59%)]  Loss: 1.620 (1.31)  LR: 2.441e-04  Time cost: 28:24/19:28 [4:18:40/27:27:07]  Acc_iter 51800       Data time: 0.00(0.03)  Forward time: 0.29(0.28)  Batch time: 0.30(0.31)
2026-07-29 23:56:01,329   INFO  Train:    6/40 ( 15%) [5544/9261 ( 60%)]  Loss: 1.230 (1.31)  LR: 2.443e-04  Time cost: 28:40/19:13 [4:18:56/27:27:51]  Acc_iter 51850       Data time: 0.02(0.03)  Forward time: 0.32(0.28)  Batch time: 0.34(0.31)
2026-07-29 23:56:16,815   INFO  Train:    6/40 ( 15%) [5594/9261 ( 60%)]  Loss: 1.215 (1.31)  LR: 2.445e-04  Time cost: 28:56/18:57 [4:19:12/27:27:34]  Acc_iter 51900       Data time: 0.02(0.03)  Forward time: 0.35(0.28)  Batch time: 0.37(0.31)
2026-07-29 23:56:17,353   INFO  a1e06a0b30c0                Wed Jul 29 23:56:17 2026  580.173.02
[0] NVIDIA GeForce RTX 3070 | 61°C,  83 % |  6349 /  8192 MB | root(5808M)

2026-07-29 23:56:32,206   INFO  Train:    6/40 ( 15%) [5644/9261 ( 61%)]  Loss: 1.144 (1.31)  LR: 2.448e-04  Time cost: 29:11/18:42 [4:19:27/27:27:11]  Acc_iter 51950       Data time: 0.02(0.03)  Forward time: 0.33(0.28)  Batch time: 0.35(0.31)
2026-07-29 23:56:46,865   INFO  Train:    6/40 ( 15%) [5694/9261 ( 61%)]  Loss: 1.085 (1.31)  LR: 2.450e-04  Time cost: 29:26/18:26 [4:19:42/27:26:08]  Acc_iter 52000       Data time: 0.04(0.03)  Forward time: 0.28(0.28)  Batch time: 0.31(0.31)
2026-07-29 23:57:02,079   INFO  Train:    6/40 ( 15%) [5744/9261 ( 62%)]  Loss: 1.138 (1.31)  LR: 2.452e-04  Time cost: 29:41/18:10 [4:19:57/27:25:36]  Acc_iter 52050       Data time: 0.02(0.03)  Forward time: 0.32(0.28)  Batch time: 0.34(0.31)
2026-07-29 23:57:02,691   INFO  a1e06a0b30c0                Wed Jul 29 23:57:02 2026  580.173.02
[0] NVIDIA GeForce RTX 3070 | 60°C,   3 % |  6349 /  8192 MB | root(5808M)

2026-07-29 23:57:19,299   INFO  Train:    6/40 ( 15%) [5794/9261 ( 63%)]  Loss: 1.463 (1.31)  LR: 2.454e-04  Time cost: 29:58/17:56 [4:20:14/27:26:55]  Acc_iter 52100       Data time: 0.02(0.03)  Forward time: 0.37(0.28)  Batch time: 0.40(0.31)
2026-07-29 23:57:20,735   INFO  Save latest model to /OpenPCDet/output/OpenPCDet/tools/cfgs/models/S/D/S_D_N/unfrozen_backbone_1_93/ckpt/latest_model
2026-07-29 23:57:35,203   INFO  Train:    6/40 ( 15%) [5844/9261 ( 63%)]  Loss: 1.139 (1.31)  LR: 2.457e-04  Time cost: 30:14/17:40 [4:20:30/27:27:00]  Acc_iter 52150       Data time: 0.02(0.03)  Forward time: 0.29(0.28)  Batch time: 0.31(0.31)
2026-07-29 23:57:50,005   INFO  Train:    6/40 ( 15%) [5894/9261 ( 64%)]  Loss: 1.503 (1.31)  LR: 2.459e-04  Time cost: 30:29/17:24 [4:20:45/27:26:06]  Acc_iter 52200       Data time: 0.00(0.03)  Forward time: 0.28(0.28)  Batch time: 0.28(0.31)
2026-07-29 23:57:50,512   INFO  a1e06a0b30c0                Wed Jul 29 23:57:50 2026  580.173.02
[0] NVIDIA GeForce RTX 3070 | 66°C,  26 % |  6349 /  8192 MB | root(5808M)

2026-07-29 23:58:05,472   INFO  Train:    6/40 ( 15%) [5944/9261 ( 64%)]  Loss: 1.161 (1.31)  LR: 2.461e-04  Time cost: 30:44/17:09 [4:21:00/27:25:47]  Acc_iter 52250       Data time: 0.00(0.03)  Forward time: 0.28(0.28)  Batch time: 0.28(0.31)
2026-07-29 23:58:20,833   INFO  Train:    6/40 ( 15%) [5994/9261 ( 65%)]  Loss: 1.215 (1.31)  LR: 2.464e-04  Time cost: 31:00/16:53 [4:21:16/27:25:24]  Acc_iter 52300       Data time: 0.02(0.03)  Forward time: 0.29(0.28)  Batch time: 0.31(0.31)
2026-07-29 23:58:36,764   INFO  Train:    6/40 ( 15%) [6044/9261 ( 65%)]  Loss: 1.061 (1.31)  LR: 2.466e-04  Time cost: 31:16/16:38 [4:21:32/27:25:30]  Acc_iter 52350       Data time: 0.02(0.03)  Forward time: 0.32(0.28)  Batch time: 0.33(0.31)
2026-07-29 23:58:37,480   INFO  a1e06a0b30c0                Wed Jul 29 23:58:37 2026  580.173.02
[0] NVIDIA GeForce RTX 3070 | 61°C, 100 % |  6351 /  8192 MB | root(5808M)

2026-07-29 23:58:53,757   INFO  Train:    6/40 ( 15%) [6094/9261 ( 66%)]  Loss: 1.372 (1.31)  LR: 2.468e-04  Time cost: 31:33/16:23 [4:21:49/27:26:31]  Acc_iter 52400       Data time: 0.02(0.03)  Forward time: 0.32(0.28)  Batch time: 0.35(0.31)
2026-07-29 23:59:08,683   INFO  Train:    6/40 ( 15%) [6144/9261 ( 66%)]  Loss: 1.363 (1.31)  LR: 2.470e-04  Time cost: 31:48/16:07 [4:22:04/27:25:44]  Acc_iter 52450       Data time: 0.04(0.03)  Forward time: 0.23(0.28)  Batch time: 0.26(0.31)
2026-07-29 23:59:23,615   INFO  Train:    6/40 ( 15%) [6194/9261 ( 67%)]  Loss: 1.437 (1.31)  LR: 2.473e-04  Time cost: 32:03/15:52 [4:22:19/27:24:58]  Acc_iter 52500       Data time: 0.02(0.03)  Forward time: 0.37(0.28)  Batch time: 0.39(0.31)
2026-07-29 23:59:24,219   INFO  a1e06a0b30c0                Wed Jul 29 23:59:24 2026  580.173.02
[0] NVIDIA GeForce RTX 3070 | 61°C,  69 % |  6341 /  8192 MB | root(5808M)

2026-07-29 23:59:39,326   INFO  Train:    6/40 ( 15%) [6244/9261 ( 67%)]  Loss: 1.226 (1.31)  LR: 2.475e-04  Time cost: 32:18/15:36 [4:22:34/27:24:53]  Acc_iter 52550       Data time: 0.03(0.03)  Forward time: 0.27(0.28)  Batch time: 0.30(0.31)
2026-07-29 23:59:55,069   INFO  Train:    6/40 ( 15%) [6294/9261 ( 68%)]  Loss: 1.462 (1.31)  LR: 2.477e-04  Time cost: 32:34/15:21 [4:22:50/27:24:48]  Acc_iter 52600       Data time: 0.00(0.03)  Forward time: 0.28(0.28)  Batch time: 0.28(0.31)
2026-07-30 00:00:11,556   INFO  Train:    6/40 ( 15%) [6344/9261 ( 69%)]  Loss: 0.9640 (1.31)  LR: 2.480e-04  Time cost: 32:51/15:06 [4:23:06/27:25:21]  Acc_iter 52650       Data time: 0.05(0.03)  Forward time: 0.27(0.28)  Batch time: 0.33(0.31)
2026-07-30 00:00:12,263   INFO  a1e06a0b30c0                Thu Jul 30 00:00:12 2026  580.173.02
[0] NVIDIA GeForce RTX 3070 | 60°C,  82 % |  6356 /  8192 MB | root(5808M)

2026-07-30 00:00:27,167   INFO  Train:    6/40 ( 15%) [6394/9261 ( 69%)]  Loss: 1.359 (1.31)  LR: 2.482e-04  Time cost: 33:06/14:50 [4:23:22/27:25:09]  Acc_iter 52700       Data time: 0.01(0.03)  Forward time: 0.27(0.28)  Batch time: 0.27(0.31)
2026-07-30 00:00:41,923   INFO  Train:    6/40 ( 15%) [6444/9261 ( 70%)]  Loss: 1.301 (1.31)  LR: 2.484e-04  Time cost: 33:21/14:34 [4:23:37/27:24:15]  Acc_iter 52750       Data time: 0.03(0.03)  Forward time: 0.28(0.28)  Batch time: 0.31(0.31)
2026-07-30 00:00:56,927   INFO  Train:    6/40 ( 15%) [6494/9261 ( 70%)]  Loss: 1.451 (1.31)  LR: 2.486e-04  Time cost: 33:36/14:19 [4:23:52/27:23:34]  Acc_iter 52800       Data time: 0.02(0.03)  Forward time: 0.37(0.28)  Batch time: 0.39(0.31)
2026-07-30 00:00:57,475   INFO  a1e06a0b30c0                Thu Jul 30 00:00:57 2026  580.173.02
[0] NVIDIA GeForce RTX 3070 | 63°C,  74 % |  6351 /  8192 MB | root(5808M)

2026-07-30 00:01:13,067   INFO  Train:    6/40 ( 15%) [6544/9261 ( 71%)]  Loss: 1.331 (1.31)  LR: 2.489e-04  Time cost: 33:52/14:03 [4:24:08/27:23:49]  Acc_iter 52850       Data time: 0.05(0.03)  Forward time: 0.26(0.28)  Batch time: 0.31(0.31)
2026-07-30 00:01:29,805   INFO  Train:    6/40 ( 15%) [6594/9261 ( 71%)]  Loss: 1.110 (1.31)  LR: 2.491e-04  Time cost: 34:09/13:48 [4:24:25/27:24:31]  Acc_iter 52900       Data time: 0.00(0.03)  Forward time: 0.28(0.28)  Batch time: 0.28(0.31)
2026-07-30 00:01:45,532   INFO  Train:    6/40 ( 15%) [6644/9261 ( 72%)]  Loss: 1.595 (1.31)  LR: 2.493e-04  Time cost: 34:25/13:33 [4:24:40/27:24:25]  Acc_iter 52950       Data time: 0.04(0.03)  Forward time: 0.29(0.28)  Batch time: 0.33(0.31)
2026-07-30 00:01:46,035   INFO  a1e06a0b30c0                Thu Jul 30 00:01:46 2026  580.173.02
[0] NVIDIA GeForce RTX 3070 | 66°C,  79 % |  6349 /  8192 MB | root(5808M)

2026-07-30 00:02:01,103   INFO  Train:    6/40 ( 15%) [6694/9261 ( 72%)]  Loss: 1.366 (1.31)  LR: 2.495e-04  Time cost: 34:40/13:17 [4:24:56/27:24:11]  Acc_iter 53000       Data time: 0.03(0.03)  Forward time: 0.27(0.28)  Batch time: 0.30(0.31)
2026-07-30 00:02:15,949   INFO  Train:    6/40 ( 15%) [6744/9261 ( 73%)]  Loss: 1.197 (1.31)  LR: 2.497e-04  Time cost: 34:55/13:01 [4:25:11/27:23:23]  Acc_iter 53050       Data time: 0.04(0.03)  Forward time: 0.35(0.28)  Batch time: 0.38(0.31)
2026-07-30 00:02:20,659   INFO  Save latest model to /OpenPCDet/output/OpenPCDet/tools/cfgs/models/S/D/S_D_N/unfrozen_backbone_1_93/ckpt/latest_model
2026-07-30 00:02:31,063   INFO  Train:    6/40 ( 15%) [6794/9261 ( 73%)]  Loss: 1.205 (1.31)  LR: 2.500e-04  Time cost: 35:10/12:46 [4:25:26/27:22:48]  Acc_iter 53100       Data time: 0.02(0.03)  Forward time: 0.32(0.28)  Batch time: 0.34(0.31)
2026-07-30 00:02:31,787   INFO  a1e06a0b30c0                Thu Jul 30 00:02:31 2026  580.173.02
[0] NVIDIA GeForce RTX 3070 | 60°C,   4 % |  6349 /  8192 MB | root(5808M)

2026-07-30 00:02:48,740   INFO  Train:    6/40 ( 15%) [6844/9261 ( 74%)]  Loss: 1.795 (1.31)  LR: 2.502e-04  Time cost: 35:28/12:31 [4:25:44/27:24:12]  Acc_iter 53150       Data time: 0.02(0.03)  Forward time: 0.33(0.28)  Batch time: 0.35(0.31)
2026-07-30 00:03:04,446   INFO  Train:    6/40 ( 15%) [6894/9261 ( 74%)]  Loss: 0.7833 (1.31)  LR: 2.504e-04  Time cost: 35:43/12:16 [4:25:59/27:24:03]  Acc_iter 53200       Data time: 0.01(0.03)  Forward time: 0.27(0.28)  Batch time: 0.28(0.31)
2026-07-30 00:03:19,494   INFO  Train:    6/40 ( 15%) [6944/9261 ( 75%)]  Loss: 0.9849 (1.31)  LR: 2.506e-04  Time cost: 35:59/12:00 [4:26:14/27:23:25]  Acc_iter 53250       Data time: 0.02(0.03)  Forward time: 0.35(0.28)  Batch time: 0.37(0.31)
2026-07-30 00:03:20,027   INFO  a1e06a0b30c0                Thu Jul 30 00:03:20 2026  580.173.02
[0] NVIDIA GeForce RTX 3070 | 66°C,  39 % |  6356 /  8192 MB | root(5808M)

2026-07-30 00:03:35,154   INFO  Train:    6/40 ( 15%) [6994/9261 ( 76%)]  Loss: 1.101 (1.31)  LR: 2.509e-04  Time cost: 36:14/11:44 [4:26:30/27:23:15]  Acc_iter 53300       Data time: 0.02(0.03)  Forward time: 0.30(0.28)  Batch time: 0.32(0.31)
2026-07-30 00:03:50,384   INFO  Train:    6/40 ( 15%) [7044/9261 ( 76%)]  Loss: 1.424 (1.31)  LR: 2.511e-04  Time cost: 36:29/11:29 [4:26:45/27:22:45]  Acc_iter 53350       Data time: 0.04(0.03)  Forward time: 0.28(0.28)  Batch time: 0.32(0.31)
2026-07-30 00:04:06,705   INFO  Train:    6/40 ( 15%) [7094/9261 ( 77%)]  Loss: 1.264 (1.31)  LR: 2.513e-04  Time cost: 36:46/11:13 [4:27:02/27:23:04]  Acc_iter 53400       Data time: 0.05(0.03)  Forward time: 0.29(0.28)  Batch time: 0.34(0.31)
2026-07-30 00:04:07,396   INFO  a1e06a0b30c0                Thu Jul 30 00:04:07 2026  580.173.02
[0] NVIDIA GeForce RTX 3070 | 60°C,  59 % |  6341 /  8192 MB | root(5808M)

2026-07-30 00:04:23,104   INFO  Train:    6/40 ( 15%) [7144/9261 ( 77%)]  Loss: 1.003 (1.31)  LR: 2.515e-04  Time cost: 37:02/10:58 [4:27:18/27:23:27]  Acc_iter 53450       Data time: 0.02(0.03)  Forward time: 0.32(0.28)  Batch time: 0.34(0.31)
2026-07-30 00:04:37,659   INFO  Train:    6/40 ( 15%) [7194/9261 ( 78%)]  Loss: 1.500 (1.31)  LR: 2.517e-04  Time cost: 37:17/10:42 [4:27:33/27:22:27]  Acc_iter 53500       Data time: 0.00(0.03)  Forward time: 0.26(0.28)  Batch time: 0.26(0.31)
2026-07-30 00:04:52,640   INFO  Train:    6/40 ( 15%) [7244/9261 ( 78%)]  Loss: 1.158 (1.31)  LR: 2.520e-04  Time cost: 37:32/10:26 [4:27:48/27:21:47]  Acc_iter 53550       Data time: 0.02(0.03)  Forward time: 0.27(0.28)  Batch time: 0.29(0.31)
2026-07-30 00:04:53,148   INFO  a1e06a0b30c0                Thu Jul 30 00:04:53 2026  580.173.02
[0] NVIDIA GeForce RTX 3070 | 65°C,  53 % |  6349 /  8192 MB | root(5808M)

2026-07-30 00:05:08,427   INFO  Train:    6/40 ( 15%) [7294/9261 ( 79%)]  Loss: 1.389 (1.31)  LR: 2.522e-04  Time cost: 37:47/10:11 [4:28:03/27:21:42]  Acc_iter 53600       Data time: 0.00(0.03)  Forward time: 0.28(0.28)  Batch time: 0.29(0.31)
2026-07-30 00:05:24,626   INFO  Train:    6/40 ( 15%) [7344/9261 ( 79%)]  Loss: 1.505 (1.31)  LR: 2.524e-04  Time cost: 38:04/09:56 [4:28:20/27:21:55]  Acc_iter 53650       Data time: 0.02(0.03)  Forward time: 0.38(0.28)  Batch time: 0.41(0.31)
2026-07-30 00:05:41,002   INFO  Train:    6/40 ( 15%) [7394/9261 ( 80%)]  Loss: 1.370 (1.31)  LR: 2.526e-04  Time cost: 38:20/09:40 [4:28:36/27:22:14]  Acc_iter 53700       Data time: 0.02(0.03)  Forward time: 0.33(0.28)  Batch time: 0.36(0.31)
2026-07-30 00:05:41,569   INFO  a1e06a0b30c0                Thu Jul 30 00:05:41 2026  580.173.02
[0] NVIDIA GeForce RTX 3070 | 65°C,  67 % |  6355 /  8192 MB | root(5808M)

2026-07-30 00:05:56,659   INFO  Train:    6/40 ( 15%) [7444/9261 ( 80%)]  Loss: 1.309 (1.31)  LR: 2.528e-04  Time cost: 38:36/09:25 [4:28:52/27:22:03]  Acc_iter 53750       Data time: 0.02(0.03)  Forward time: 0.33(0.28)  Batch time: 0.35(0.31)
2026-07-30 00:06:11,764   INFO  Train:    6/40 ( 15%) [7494/9261 ( 81%)]  Loss: 1.288 (1.31)  LR: 2.530e-04  Time cost: 38:51/09:09 [4:29:07/27:21:29]  Acc_iter 53800       Data time: 0.05(0.03)  Forward time: 0.28(0.28)  Batch time: 0.33(0.31)
2026-07-30 00:06:26,988   INFO  Train:    6/40 ( 15%) [7544/9261 ( 81%)]  Loss: 1.309 (1.31)  LR: 2.533e-04  Time cost: 39:06/08:53 [4:29:22/27:20:59]  Acc_iter 53850       Data time: 0.02(0.03)  Forward time: 0.35(0.28)  Batch time: 0.37(0.31)
2026-07-30 00:06:27,518   INFO  a1e06a0b30c0                Thu Jul 30 00:06:27 2026  580.173.02
[0] NVIDIA GeForce RTX 3070 | 65°C,  64 % |  6349 /  8192 MB | root(5808M)

2026-07-30 00:06:43,107   INFO  Train:    6/40 ( 15%) [7594/9261 ( 82%)]  Loss: 1.369 (1.31)  LR: 2.535e-04  Time cost: 39:22/08:38 [4:29:38/27:21:08]  Acc_iter 53900       Data time: 0.02(0.03)  Forward time: 0.33(0.28)  Batch time: 0.35(0.31)
2026-07-30 00:06:59,653   INFO  Train:    6/40 ( 15%) [7644/9261 ( 83%)]  Loss: 1.099 (1.31)  LR: 2.537e-04  Time cost: 39:39/08:23 [4:29:55/27:21:33]  Acc_iter 53950       Data time: 0.04(0.03)  Forward time: 0.22(0.28)  Batch time: 0.26(0.31)
2026-07-30 00:07:15,023   INFO  Train:    6/40 ( 15%) [7694/9261 ( 83%)]  Loss: 1.423 (1.31)  LR: 2.539e-04  Time cost: 39:54/08:07 [4:30:10/27:21:10]  Acc_iter 54000       Data time: 0.05(0.03)  Forward time: 0.24(0.28)  Batch time: 0.29(0.31)
2026-07-30 00:07:15,559   INFO  a1e06a0b30c0                Thu Jul 30 00:07:15 2026  580.173.02
[0] NVIDIA GeForce RTX 3070 | 67°C,  63 % |  6349 /  8192 MB | root(5808M)

2026-07-30 00:07:20,651   INFO  Save latest model to /OpenPCDet/output/OpenPCDet/tools/cfgs/models/S/D/S_D_N/unfrozen_backbone_1_93/ckpt/latest_model
2026-07-30 00:07:30,606   INFO  Train:    6/40 ( 15%) [7744/9261 ( 84%)]  Loss: 1.628 (1.31)  LR: 2.541e-04  Time cost: 40:10/07:52 [4:30:26/27:20:55]  Acc_iter 54050       Data time: 0.02(0.03)  Forward time: 0.31(0.28)  Batch time: 0.33(0.31)
2026-07-30 00:07:45,774   INFO  Train:    6/40 ( 15%) [7794/9261 ( 84%)]  Loss: 1.255 (1.31)  LR: 2.543e-04  Time cost: 40:25/07:36 [4:30:41/27:20:24]  Acc_iter 54100       Data time: 0.02(0.03)  Forward time: 0.23(0.28)  Batch time: 0.26(0.31)
2026-07-30 00:08:00,767   INFO  Train:    6/40 ( 15%) [7844/9261 ( 85%)]  Loss: 1.345 (1.31)  LR: 2.546e-04  Time cost: 40:40/07:20 [4:30:56/27:19:45]  Acc_iter 54150       Data time: 0.03(0.03)  Forward time: 0.29(0.28)  Batch time: 0.32(0.31)
2026-07-30 00:08:01,463   INFO  a1e06a0b30c0                Thu Jul 30 00:08:01 2026  580.173.02
[0] NVIDIA GeForce RTX 3070 | 61°C,  33 % |  6349 /  8192 MB | root(5808M)

2026-07-30 00:08:18,009   INFO  Train:    6/40 ( 15%) [7894/9261 ( 85%)]  Loss: 1.187 (1.31)  LR: 2.548e-04  Time cost: 40:57/07:05 [4:31:13/27:20:37]  Acc_iter 54200       Data time: 0.02(0.03)  Forward time: 0.29(0.28)  Batch time: 0.31(0.31)
2026-07-30 00:08:33,698   INFO  Train:    6/40 ( 15%) [7944/9261 ( 86%)]  Loss: 1.374 (1.31)  LR: 2.550e-04  Time cost: 41:13/06:49 [4:31:29/27:20:27]  Acc_iter 54250       Data time: 0.03(0.03)  Forward time: 0.24(0.28)  Batch time: 0.28(0.31)
2026-07-30 00:08:48,528   INFO  Train:    6/40 ( 15%) [7994/9261 ( 86%)]  Loss: 1.452 (1.31)  LR: 2.552e-04  Time cost: 41:28/06:34 [4:31:43/27:19:42]  Acc_iter 54300       Data time: 0.05(0.03)  Forward time: 0.30(0.28)  Batch time: 0.35(0.31)
2026-07-30 00:08:49,172   INFO  a1e06a0b30c0                Thu Jul 30 00:08:49 2026  580.173.02
[0] NVIDIA GeForce RTX 3070 | 64°C,  59 % |  6349 /  8192 MB | root(5808M)

2026-07-30 00:09:03,913   INFO  Train:    6/40 ( 15%) [8044/9261 ( 87%)]  Loss: 1.323 (1.31)  LR: 2.554e-04  Time cost: 41:43/06:18 [4:31:59/27:19:20]  Acc_iter 54350       Data time: 0.04(0.03)  Forward time: 0.25(0.28)  Batch time: 0.29(0.31)
2026-07-30 00:09:19,196   INFO  Train:    6/40 ( 15%) [8094/9261 ( 87%)]  Loss: 1.355 (1.31)  LR: 2.556e-04  Time cost: 41:58/06:03 [4:32:14/27:18:54]  Acc_iter 54400       Data time: 0.05(0.03)  Forward time: 0.26(0.28)  Batch time: 0.31(0.31)
2026-07-30 00:09:35,845   INFO  Train:    6/40 ( 15%) [8144/9261 ( 88%)]  Loss: 1.009 (1.31)  LR: 2.558e-04  Time cost: 42:15/05:47 [4:32:31/27:19:20]  Acc_iter 54450       Data time: 0.02(0.03)  Forward time: 0.31(0.28)  Batch time: 0.33(0.31)
2026-07-30 00:09:36,539   INFO  a1e06a0b30c0                Thu Jul 30 00:09:36 2026  580.173.02
[0] NVIDIA GeForce RTX 3070 | 61°C,  69 % |  6339 /  8192 MB | root(5808M)

2026-07-30 00:09:52,182   INFO  Train:    6/40 ( 15%) [8194/9261 ( 88%)]  Loss: 0.9866 (1.31)  LR: 2.560e-04  Time cost: 42:31/05:32 [4:32:47/27:19:35]  Acc_iter 54500       Data time: 0.05(0.03)  Forward time: 0.29(0.28)  Batch time: 0.34(0.31)
2026-07-30 00:10:07,175   INFO  Train:    6/40 ( 15%) [8244/9261 ( 89%)]  Loss: 1.002 (1.31)  LR: 2.563e-04  Time cost: 42:46/05:16 [4:33:02/27:18:57]  Acc_iter 54550       Data time: 0.00(0.03)  Forward time: 0.23(0.28)  Batch time: 0.23(0.31)
2026-07-30 00:10:22,458   INFO  Train:    6/40 ( 15%) [8294/9261 ( 90%)]  Loss: 1.548 (1.31)  LR: 2.565e-04  Time cost: 43:01/05:00 [4:33:17/27:18:31]  Acc_iter 54600       Data time: 0.00(0.03)  Forward time: 0.22(0.28)  Batch time: 0.22(0.31)
2026-07-30 00:10:22,973   INFO  a1e06a0b30c0                Thu Jul 30 00:10:22 2026  580.173.02
[0] NVIDIA GeForce RTX 3070 | 62°C,  15 % |  6349 /  8192 MB | root(5808M)

2026-07-30 00:10:38,330   INFO  Train:    6/40 ( 15%) [8344/9261 ( 90%)]  Loss: 1.186 (1.31)  LR: 2.567e-04  Time cost: 43:17/04:45 [4:33:33/27:18:27]  Acc_iter 54650       Data time: 0.02(0.03)  Forward time: 0.31(0.28)  Batch time: 0.33(0.31)
2026-07-30 00:10:54,216   INFO  Train:    6/40 ( 15%) [8394/9261 ( 91%)]  Loss: 1.346 (1.31)  LR: 2.569e-04  Time cost: 43:33/04:29 [4:33:49/27:18:23]  Acc_iter 54700       Data time: 0.02(0.03)  Forward time: 0.33(0.28)  Batch time: 0.35(0.31)
2026-07-30 00:11:10,613   INFO  Train:    6/40 ( 15%) [8444/9261 ( 91%)]  Loss: 1.022 (1.31)  LR: 2.571e-04  Time cost: 43:50/04:14 [4:34:06/27:18:39]  Acc_iter 54750       Data time: 0.00(0.03)  Forward time: 0.28(0.28)  Batch time: 0.28(0.31)
2026-07-30 00:11:11,143   INFO  a1e06a0b30c0                Thu Jul 30 00:11:11 2026  580.173.02
[0] NVIDIA GeForce RTX 3070 | 64°C,  75 % |  6353 /  8192 MB | root(5808M)

2026-07-30 00:11:26,051   INFO  Train:    6/40 ( 15%) [8494/9261 ( 92%)]  Loss: 1.105 (1.31)  LR: 2.573e-04  Time cost: 44:05/03:58 [4:34:21/27:18:18]  Acc_iter 54800       Data time: 0.00(0.03)  Forward time: 0.22(0.28)  Batch time: 0.22(0.31)
2026-07-30 00:11:40,909   INFO  Train:    6/40 ( 15%) [8544/9261 ( 92%)]  Loss: 1.198 (1.31)  LR: 2.575e-04  Time cost: 44:20/03:43 [4:34:36/27:17:36]  Acc_iter 54850       Data time: 0.02(0.03)  Forward time: 0.32(0.28)  Batch time: 0.34(0.31)
2026-07-30 00:11:56,224   INFO  Train:    6/40 ( 15%) [8594/9261 ( 93%)]  Loss: 1.367 (1.31)  LR: 2.577e-04  Time cost: 44:35/03:27 [4:34:51/27:17:11]  Acc_iter 54900       Data time: 0.00(0.03)  Forward time: 0.28(0.28)  Batch time: 0.28(0.31)
2026-07-30 00:11:56,735   INFO  a1e06a0b30c0                Thu Jul 30 00:11:56 2026  580.173.02
[0] NVIDIA GeForce RTX 3070 | 61°C,   4 % |  6349 /  8192 MB | root(5808M)

2026-07-30 00:12:12,761   INFO  Train:    6/40 ( 15%) [8644/9261 ( 93%)]  Loss: 1.286 (1.31)  LR: 2.579e-04  Time cost: 44:52/03:12 [4:35:08/27:17:31]  Acc_iter 54950       Data time: 0.05(0.03)  Forward time: 0.27(0.28)  Batch time: 0.32(0.31)
2026-07-30 00:12:20,645   INFO  Save latest model to /OpenPCDet/output/OpenPCDet/tools/cfgs/models/S/D/S_D_N/unfrozen_backbone_1_93/ckpt/latest_model
2026-07-30 00:12:29,238   INFO  Train:    6/40 ( 15%) [8694/9261 ( 94%)]  Loss: 1.455 (1.31)  LR: 2.581e-04  Time cost: 45:08/02:56 [4:35:24/27:17:49]  Acc_iter 55000       Data time: 0.01(0.03)  Forward time: 0.29(0.28)  Batch time: 0.30(0.31)
2026-07-30 00:12:44,013   INFO  Train:    6/40 ( 15%) [8744/9261 ( 94%)]  Loss: 1.281 (1.31)  LR: 2.583e-04  Time cost: 45:23/02:41 [4:35:39/27:17:04]  Acc_iter 55050       Data time: 0.03(0.03)  Forward time: 0.26(0.28)  Batch time: 0.29(0.31)
2026-07-30 00:12:44,534   INFO  a1e06a0b30c0                Thu Jul 30 00:12:44 2026  580.173.02
[0] NVIDIA GeForce RTX 3070 | 67°C,  68 % |  6349 /  8192 MB | root(5808M)

2026-07-30 00:12:59,454   INFO  Train:    6/40 ( 15%) [8794/9261 ( 95%)]  Loss: 1.425 (1.31)  LR: 2.586e-04  Time cost: 45:38/02:25 [4:35:54/27:16:44]  Acc_iter 55100       Data time: 0.02(0.03)  Forward time: 0.25(0.28)  Batch time: 0.28(0.31)
2026-07-30 00:13:14,452   INFO  Train:    6/40 ( 15%) [8844/9261 ( 95%)]  Loss: 1.347 (1.31)  LR: 2.588e-04  Time cost: 45:53/02:09 [4:36:09/27:16:08]  Acc_iter 55150       Data time: 0.02(0.03)  Forward time: 0.22(0.28)  Batch time: 0.24(0.31)
2026-07-30 00:13:30,193   INFO  Train:    6/40 ( 15%) [8894/9261 ( 96%)]  Loss: 1.553 (1.31)  LR: 2.590e-04  Time cost: 46:09/01:54 [4:36:25/27:15:58]  Acc_iter 55200       Data time: 0.00(0.03)  Forward time: 0.25(0.28)  Batch time: 0.25(0.31)
2026-07-30 00:13:30,805   INFO  a1e06a0b30c0                Thu Jul 30 00:13:30 2026  580.173.02
[0] NVIDIA GeForce RTX 3070 | 60°C,   2 % |  6351 /  8192 MB | root(5808M)

2026-07-30 00:13:47,284   INFO  Train:    6/40 ( 15%) [8944/9261 ( 97%)]  Loss: 1.655 (1.31)  LR: 2.592e-04  Time cost: 46:26/01:38 [4:36:42/27:16:36]  Acc_iter 55250       Data time: 0.00(0.03)  Forward time: 0.24(0.28)  Batch time: 0.24(0.31)
2026-07-30 00:14:02,244   INFO  Train:    6/40 ( 15%) [8994/9261 ( 97%)]  Loss: 1.245 (1.31)  LR: 2.594e-04  Time cost: 46:41/01:23 [4:36:57/27:15:59]  Acc_iter 55300       Data time: 0.02(0.03)  Forward time: 0.22(0.28)  Batch time: 0.24(0.31)
2026-07-30 00:14:17,034   INFO  Train:    6/40 ( 15%) [9044/9261 ( 98%)]  Loss: 1.180 (1.31)  LR: 2.596e-04  Time cost: 46:56/01:07 [4:37:12/27:15:16]  Acc_iter 55350       Data time: 0.01(0.03)  Forward time: 0.27(0.28)  Batch time: 0.28(0.31)
2026-07-30 00:14:17,554   INFO  a1e06a0b30c0                Thu Jul 30 00:14:17 2026  580.173.02
[0] NVIDIA GeForce RTX 3070 | 66°C,  25 % |  6341 /  8192 MB | root(5808M)

2026-07-30 00:14:32,557   INFO  Train:    6/40 ( 15%) [9094/9261 ( 98%)]  Loss: 1.201 (1.31)  LR: 2.598e-04  Time cost: 47:12/00:52 [4:37:27/27:14:59]  Acc_iter 55400       Data time: 0.02(0.03)  Forward time: 0.31(0.28)  Batch time: 0.33(0.31)
2026-07-30 00:14:48,137   INFO  Train:    6/40 ( 15%) [9144/9261 ( 99%)]  Loss: 1.202 (1.31)  LR: 2.600e-04  Time cost: 47:27/00:36 [4:37:43/27:14:44]  Acc_iter 55450       Data time: 0.02(0.03)  Forward time: 0.32(0.28)  Batch time: 0.34(0.31)
2026-07-30 00:15:04,823   INFO  Train:    6/40 ( 15%) [9194/9261 ( 99%)]  Loss: 1.247 (1.31)  LR: 2.602e-04  Time cost: 47:44/00:20 [4:38:00/27:15:07]  Acc_iter 55500       Data time: 0.02(0.03)  Forward time: 0.33(0.28)  Batch time: 0.34(0.31)
2026-07-30 00:15:05,536   INFO  a1e06a0b30c0                Thu Jul 30 00:15:05 2026  580.173.02
[0] NVIDIA GeForce RTX 3070 | 60°C,  74 % |  6341 /  8192 MB | root(5808M)

2026-07-30 00:15:20,729   INFO  Train:    6/40 ( 15%) [9244/9261 (100%)]  Loss: 1.242 (1.31)  LR: 2.604e-04  Time cost: 48:00/00:05 [4:38:16/27:15:02]  Acc_iter 55550       Data time: 0.05(0.03)  Forward time: 0.22(0.28)  Batch time: 0.27(0.31)
2026-07-30 00:15:24,646   INFO  Train:    6/40 ( 15%) [9260/9261 (100%)]  Loss: 1.650 (1.31)  LR: 2.605e-04  Time cost: 48:04/00:00 [4:38:20/27:14:21]  Acc_iter 55566       Data time: 0.02(0.03)  Forward time: 0.11(0.28)  Batch time: 0.13(0.31)
2026-07-30 00:15:27,619   INFO  Train:    7/40 ( 18%) [   0/9261 (  0%)]  Loss: 1.468 (1.47)  LR: 2.605e-04  Time cost: 00:02/5:11:31 [4:38:23/176:32:00]  Acc_iter 55567       Data time: 1.48(1.48)  Forward time: 0.54(0.54)  Batch time: 2.02(2.02)
2026-07-30 00:15:37,979   INFO  Train:    7/40 ( 18%) [  33/9261 (  0%)]  Loss: 1.281 (1.24)  LR: 2.606e-04  Time cost: 00:12/55:59 [4:38:33/31:50:22]  Acc_iter 55600       Data time: 0.04(0.07)  Forward time: 0.23(0.30)  Batch time: 0.26(0.36)
2026-07-30 00:15:52,997   INFO  Train:    7/40 ( 18%) [  83/9261 (  1%)]  Loss: 1.587 (1.28)  LR: 2.608e-04  Time cost: 00:27/49:53 [4:38:48/28:31:05]  Acc_iter 55650       Data time: 0.00(0.04)  Forward time: 0.25(0.28)  Batch time: 0.25(0.33)
2026-07-30 00:15:53,543   INFO  a1e06a0b30c0                Thu Jul 30 00:15:53 2026  580.173.02
[0] NVIDIA GeForce RTX 3070 | 65°C,  20 % |  6351 /  8192 MB | root(5808M)

2026-07-30 00:16:09,037   INFO  Train:    7/40 ( 18%) [ 133/9261 (  1%)]  Loss: 1.284 (1.30)  LR: 2.610e-04  Time cost: 00:43/49:18 [4:39:04/28:20:22]  Acc_iter 55700       Data time: 0.05(0.04)  Forward time: 0.24(0.28)  Batch time: 0.29(0.32)
2026-07-30 00:16:25,367   INFO  Train:    7/40 ( 18%) [ 183/9261 (  2%)]  Loss: 1.132 (1.30)  LR: 2.612e-04  Time cost: 00:59/49:08 [4:39:20/28:23:36]  Acc_iter 55750       Data time: 0.02(0.04)  Forward time: 0.33(0.29)  Batch time: 0.35(0.32)
2026-07-30 00:16:40,522   INFO  Train:    7/40 ( 18%) [ 233/9261 (  3%)]  Loss: 1.206 (1.30)  LR: 2.614e-04  Time cost: 01:14/48:10 [4:39:35/27:59:01]  Acc_iter 55800       Data time: 0.01(0.03)  Forward time: 0.23(0.29)  Batch time: 0.23(0.32)
2026-07-30 00:16:41,059   INFO  a1e06a0b30c0                Thu Jul 30 00:16:41 2026  580.173.02
[0] NVIDIA GeForce RTX 3070 | 67°C,  11 % |  6347 /  8192 MB | root(5808M)

2026-07-30 00:16:55,658   INFO  Train:    7/40 ( 18%) [ 283/9261 (  3%)]  Loss: 1.325 (1.30)  LR: 2.616e-04  Time cost: 01:30/47:26 [4:39:51/27:42:37]  Acc_iter 55850       Data time: 0.04(0.03)  Forward time: 0.23(0.28)  Batch time: 0.27(0.32)
2026-07-30 00:17:10,380   INFO  Train:    7/40 ( 18%) [ 333/9261 (  4%)]  Loss: 1.276 (1.30)  LR: 2.618e-04  Time cost: 01:44/46:40 [4:40:05/27:24:34]  Acc_iter 55900       Data time: 0.05(0.03)  Forward time: 0.24(0.28)  Batch time: 0.29(0.31)
2026-07-30 00:17:25,340   INFO  Train:    7/40 ( 18%) [ 383/9261 (  4%)]  Loss: 1.282 (1.30)  LR: 2.620e-04  Time cost: 01:59/46:08 [4:40:20/27:14:25]  Acc_iter 55950       Data time: 0.04(0.03)  Forward time: 0.28(0.28)  Batch time: 0.31(0.31)
2026-07-30 00:17:25,888   INFO  a1e06a0b30c0                Thu Jul 30 00:17:25 2026  580.173.02
[0] NVIDIA GeForce RTX 3070 | 62°C,   3 % |  6347 /  8192 MB | root(5808M)

2026-07-30 00:17:41,998   INFO  Train:    7/40 ( 18%) [ 433/9261 (  5%)]  Loss: 1.460 (1.29)  LR: 2.622e-04  Time cost: 02:16/46:14 [4:40:37/27:27:02]  Acc_iter 56000       Data time: 0.02(0.03)  Forward time: 0.30(0.28)  Batch time: 0.32(0.31)
2026-07-30 00:17:57,609   INFO  Train:    7/40 ( 18%) [ 483/9261 (  5%)]  Loss: 1.107 (1.29)  LR: 2.624e-04  Time cost: 02:32/45:56 [4:40:53/27:25:39]  Acc_iter 56050       Data time: 0.02(0.03)  Forward time: 0.38(0.28)  Batch time: 0.40(0.31)
2026-07-30 00:18:12,077   INFO  Train:    7/40 ( 18%) [ 533/9261 (  6%)]  Loss: 1.411 (1.29)  LR: 2.626e-04  Time cost: 02:46/45:20 [4:41:07/27:13:16]  Acc_iter 56100       Data time: 0.02(0.03)  Forward time: 0.29(0.28)  Batch time: 0.31(0.31)
2026-07-30 00:18:12,623   INFO  a1e06a0b30c0                Thu Jul 30 00:18:12 2026  580.173.02
[0] NVIDIA GeForce RTX 3070 | 66°C,  70 % |  6349 /  8192 MB | root(5808M)

2026-07-30 00:18:27,344   INFO  Train:    7/40 ( 18%) [ 583/9261 (  6%)]  Loss: 1.173 (1.29)  LR: 2.628e-04  Time cost: 03:01/45:00 [4:41:22/27:10:08]  Acc_iter 56150       Data time: 0.00(0.03)  Forward time: 0.23(0.28)  Batch time: 0.23(0.31)
2026-07-30 00:18:42,379   INFO  Train:    7/40 ( 18%) [ 633/9261 (  7%)]  Loss: 1.154 (1.29)  LR: 2.630e-04  Time cost: 03:16/44:37 [4:41:37/27:05:32]  Acc_iter 56200       Data time: 0.01(0.03)  Forward time: 0.28(0.28)  Batch time: 0.29(0.31)
2026-07-30 00:18:58,581   INFO  Train:    7/40 ( 18%) [ 683/9261 (  7%)]  Loss: 1.120 (1.29)  LR: 2.632e-04  Time cost: 03:32/44:30 [4:41:54/27:10:31]  Acc_iter 56250       Data time: 0.00(0.03)  Forward time: 0.28(0.28)  Batch time: 0.28(0.31)
2026-07-30 00:18:59,270   INFO  a1e06a0b30c0                Thu Jul 30 00:18:59 2026  580.173.02
[0] NVIDIA GeForce RTX 3070 | 60°C,  97 % |  6349 /  8192 MB | root(5808M)

2026-07-30 00:19:15,106   INFO  Train:    7/40 ( 18%) [ 733/9261 (  8%)]  Loss: 1.405 (1.29)  LR: 2.634e-04  Time cost: 03:49/44:26 [4:42:10/27:17:04]  Acc_iter 56300       Data time: 0.00(0.03)  Forward time: 0.22(0.28)  Batch time: 0.23(0.31)
2026-07-30 00:19:29,893   INFO  Train:    7/40 ( 18%) [ 783/9261 (  8%)]  Loss: 1.026 (1.29)  LR: 2.636e-04  Time cost: 04:04/44:01 [4:42:25/27:11:09]  Acc_iter 56350       Data time: 0.01(0.03)  Forward time: 0.27(0.28)  Batch time: 0.28(0.31)
2026-07-30 00:19:44,882   INFO  Train:    7/40 ( 18%) [ 833/9261 (  9%)]  Loss: 1.045 (1.29)  LR: 2.638e-04  Time cost: 04:19/43:40 [4:42:40/27:07:11]  Acc_iter 56400       Data time: 0.03(0.03)  Forward time: 0.32(0.28)  Batch time: 0.35(0.31)
2026-07-30 00:19:45,386   INFO  a1e06a0b30c0                Thu Jul 30 00:19:45 2026  580.173.02
[0] NVIDIA GeForce RTX 3070 | 61°C, 100 % |  6349 /  8192 MB | root(5808M)

2026-07-30 00:20:00,462   INFO  Train:    7/40 ( 18%) [ 883/9261 ( 10%)]  Loss: 1.188 (1.29)  LR: 2.640e-04  Time cost: 04:34/43:24 [4:42:55/27:07:08]  Acc_iter 56450       Data time: 0.00(0.03)  Forward time: 0.24(0.28)  Batch time: 0.24(0.31)
2026-07-30 00:20:15,931   INFO  Train:    7/40 ( 18%) [ 933/9261 ( 10%)]  Loss: 0.8722 (1.29)  LR: 2.642e-04  Time cost: 04:50/43:08 [4:43:11/27:06:27]  Acc_iter 56500       Data time: 0.02(0.03)  Forward time: 0.29(0.28)  Batch time: 0.31(0.31)
2026-07-30 00:20:25,833   INFO  Save latest model to /OpenPCDet/output/OpenPCDet/tools/cfgs/models/S/D/S_D_N/unfrozen_backbone_1_93/ckpt/latest_model
2026-07-30 00:20:32,473   INFO  Train:    7/40 ( 18%) [ 983/9261 ( 11%)]  Loss: 1.343 (1.29)  LR: 2.644e-04  Time cost: 05:06/43:01 [4:43:27/27:11:30]  Acc_iter 56550       Data time: 0.00(0.03)  Forward time: 0.29(0.28)  Batch time: 0.29(0.31)
2026-07-30 00:20:33,039   INFO  a1e06a0b30c0                Thu Jul 30 00:20:33 2026  580.173.02
[0] NVIDIA GeForce RTX 3070 | 62°C,  14 % |  6353 /  8192 MB | root(5808M)

2026-07-30 00:20:47,797   INFO  Train:    7/40 ( 18%) [1033/9261 ( 11%)]  Loss: 1.333 (1.29)  LR: 2.645e-04  Time cost: 05:22/42:43 [4:43:43/27:09:53]  Acc_iter 56600       Data time: 0.00(0.03)  Forward time: 0.23(0.28)  Batch time: 0.24(0.31)
2026-07-30 00:21:02,714   INFO  Train:    7/40 ( 18%) [1083/9261 ( 12%)]  Loss: 1.017 (1.29)  LR: 2.647e-04  Time cost: 05:37/42:23 [4:43:58/27:06:25]  Acc_iter 56650       Data time: 0.02(0.03)  Forward time: 0.29(0.28)  Batch time: 0.31(0.31)
2026-07-30 00:21:17,670   INFO  Train:    7/40 ( 18%) [1133/9261 ( 12%)]  Loss: 1.194 (1.29)  LR: 2.649e-04  Time cost: 05:52/42:03 [4:44:13/27:03:26]  Acc_iter 56700       Data time: 0.04(0.03)  Forward time: 0.23(0.28)  Batch time: 0.27(0.31)
2026-07-30 00:21:18,244   INFO  a1e06a0b30c0                Thu Jul 30 00:21:18 2026  580.173.02
[0] NVIDIA GeForce RTX 3070 | 65°C,  74 % |  6349 /  8192 MB | root(5808M)

2026-07-30 00:21:33,743   INFO  Train:    7/40 ( 18%) [1183/9261 ( 13%)]  Loss: 1.354 (1.29)  LR: 2.651e-04  Time cost: 06:08/41:51 [4:44:29/27:05:36]  Acc_iter 56750       Data time: 0.02(0.03)  Forward time: 0.33(0.28)  Batch time: 0.35(0.31)
2026-07-30 00:21:50,252   INFO  Train:    7/40 ( 18%) [1233/9261 ( 13%)]  Loss: 1.294 (1.29)  LR: 2.653e-04  Time cost: 06:24/41:42 [4:44:45/27:09:25]  Acc_iter 56800       Data time: 0.03(0.03)  Forward time: 0.30(0.28)  Batch time: 0.34(0.31)
2026-07-30 00:22:05,103   INFO  Train:    7/40 ( 18%) [1283/9261 ( 14%)]  Loss: 1.293 (1.29)  LR: 2.655e-04  Time cost: 06:39/41:22 [4:45:00/27:06:10]  Acc_iter 56850       Data time: 0.01(0.03)  Forward time: 0.24(0.28)  Batch time: 0.25(0.31)
2026-07-30 00:22:05,612   INFO  a1e06a0b30c0                Thu Jul 30 00:22:05 2026  580.173.02
[0] NVIDIA GeForce RTX 3070 | 64°C,  47 % |  6349 /  8192 MB | root(5808M)

2026-07-30 00:22:20,199   INFO  Train:    7/40 ( 18%) [1333/9261 ( 14%)]  Loss: 1.755 (1.29)  LR: 2.657e-04  Time cost: 06:54/41:03 [4:45:15/27:04:06]  Acc_iter 56900       Data time: 0.04(0.03)  Forward time: 0.23(0.28)  Batch time: 0.27(0.31)
2026-07-30 00:22:35,053   INFO  Train:    7/40 ( 18%) [1383/9261 ( 15%)]  Loss: 1.104 (1.29)  LR: 2.659e-04  Time cost: 07:09/40:44 [4:45:30/27:01:15]  Acc_iter 56950       Data time: 0.02(0.03)  Forward time: 0.30(0.28)  Batch time: 0.33(0.31)
2026-07-30 00:22:50,137   INFO  Train:    7/40 ( 18%) [1433/9261 ( 15%)]  Loss: 1.476 (1.29)  LR: 2.661e-04  Time cost: 07:24/40:26 [4:45:45/26:59:25]  Acc_iter 57000       Data time: 0.02(0.03)  Forward time: 0.33(0.28)  Batch time: 0.35(0.31)
2026-07-30 00:22:50,810   INFO  a1e06a0b30c0                Thu Jul 30 00:22:50 2026  580.173.02
[0] NVIDIA GeForce RTX 3070 | 60°C,   3 % |  6349 /  8192 MB | root(5808M)

2026-07-30 00:23:07,353   INFO  Train:    7/40 ( 18%) [1483/9261 ( 16%)]  Loss: 1.162 (1.29)  LR: 2.663e-04  Time cost: 07:41/40:20 [4:46:02/27:05:12]  Acc_iter 57050       Data time: 0.04(0.03)  Forward time: 0.23(0.28)  Batch time: 0.26(0.31)
2026-07-30 00:23:22,714   INFO  Train:    7/40 ( 18%) [1533/9261 ( 17%)]  Loss: 1.237 (1.29)  LR: 2.665e-04  Time cost: 07:57/40:03 [4:46:18/27:04:17]  Acc_iter 57100       Data time: 0.04(0.03)  Forward time: 0.23(0.28)  Batch time: 0.27(0.31)
2026-07-30 00:23:37,469   INFO  Train:    7/40 ( 18%) [1583/9261 ( 17%)]  Loss: 1.118 (1.29)  LR: 2.666e-04  Time cost: 08:11/39:44 [4:46:32/27:01:23]  Acc_iter 57150       Data time: 0.00(0.03)  Forward time: 0.22(0.28)  Batch time: 0.22(0.31)
2026-07-30 00:23:38,012   INFO  a1e06a0b30c0                Thu Jul 30 00:23:37 2026  580.173.02
[0] NVIDIA GeForce RTX 3070 | 62°C,   3 % |  6349 /  8192 MB | root(5808M)

2026-07-30 00:23:52,780   INFO  Train:    7/40 ( 18%) [1633/9261 ( 18%)]  Loss: 1.029 (1.29)  LR: 2.668e-04  Time cost: 08:27/39:27 [4:46:48/27:00:27]  Acc_iter 57200       Data time: 0.04(0.03)  Forward time: 0.23(0.28)  Batch time: 0.28(0.31)
2026-07-30 00:24:07,672   INFO  Train:    7/40 ( 18%) [1683/9261 ( 18%)]  Loss: 1.009 (1.29)  LR: 2.670e-04  Time cost: 08:42/39:09 [4:47:03/26:58:15]  Acc_iter 57250       Data time: 0.02(0.03)  Forward time: 0.33(0.28)  Batch time: 0.35(0.31)
2026-07-30 00:24:24,107   INFO  Train:    7/40 ( 18%) [1733/9261 ( 19%)]  Loss: 1.420 (1.29)  LR: 2.672e-04  Time cost: 08:58/38:57 [4:47:19/27:00:48]  Acc_iter 57300       Data time: 0.04(0.03)  Forward time: 0.29(0.28)  Batch time: 0.33(0.31)
2026-07-30 00:24:24,785   INFO  a1e06a0b30c0                Thu Jul 30 00:24:24 2026  580.173.02
[0] NVIDIA GeForce RTX 3070 | 60°C,   3 % |  6339 /  8192 MB | root(5808M)

2026-07-30 00:24:40,164   INFO  Train:    7/40 ( 18%) [1783/9261 ( 19%)]  Loss: 1.395 (1.29)  LR: 2.674e-04  Time cost: 09:14/38:44 [4:47:35/27:02:05]  Acc_iter 57350       Data time: 0.05(0.03)  Forward time: 0.23(0.28)  Batch time: 0.27(0.31)
2026-07-30 00:24:54,984   INFO  Train:    7/40 ( 18%) [1833/9261 ( 20%)]  Loss: 1.456 (1.29)  LR: 2.676e-04  Time cost: 09:29/38:26 [4:47:50/26:59:46]  Acc_iter 57400       Data time: 0.02(0.03)  Forward time: 0.33(0.28)  Batch time: 0.36(0.31)
2026-07-30 00:25:10,070   INFO  Train:    7/40 ( 18%) [1883/9261 ( 20%)]  Loss: 1.276 (1.29)  LR: 2.678e-04  Time cost: 09:44/38:08 [4:48:05/26:58:18]  Acc_iter 57450       Data time: 0.02(0.03)  Forward time: 0.27(0.28)  Batch time: 0.29(0.31)
2026-07-30 00:25:10,707   INFO  a1e06a0b30c0                Thu Jul 30 00:25:10 2026  580.173.02
[0] NVIDIA GeForce RTX 3070 | 67°C,  63 % |  6349 /  8192 MB | root(5808M)

2026-07-30 00:25:25,682   INFO  Train:    7/40 ( 18%) [1933/9261 ( 21%)]  Loss: 1.076 (1.29)  LR: 2.680e-04  Time cost: 10:00/37:53 [4:48:21/26:58:19]  Acc_iter 57500       Data time: 0.02(0.03)  Forward time: 0.32(0.28)  Batch time: 0.34(0.31)
2026-07-30 00:25:25,822   INFO  Save latest model to /OpenPCDet/output/OpenPCDet/tools/cfgs/models/S/D/S_D_N/unfrozen_backbone_1_93/ckpt/latest_model
2026-07-30 00:25:42,220   INFO  Train:    7/40 ( 18%) [1983/9261 ( 21%)]  Loss: 1.345 (1.29)  LR: 2.681e-04  Time cost: 10:16/37:41 [4:48:37/27:00:45]  Acc_iter 57550       Data time: 0.02(0.03)  Forward time: 0.38(0.28)  Batch time: 0.41(0.31)
2026-07-30 00:25:58,339   INFO  Train:    7/40 ( 18%) [2033/9261 ( 22%)]  Loss: 1.186 (1.29)  LR: 2.683e-04  Time cost: 10:32/37:28 [4:48:53/27:01:58]  Acc_iter 57600       Data time: 0.00(0.03)  Forward time: 0.22(0.28)  Batch time: 0.22(0.31)
2026-07-30 00:25:58,905   INFO  a1e06a0b30c0                Thu Jul 30 00:25:58 2026  580.173.02
[0] NVIDIA GeForce RTX 3070 | 61°C,   3 % |  6349 /  8192 MB | root(5808M)

2026-07-30 00:26:13,944   INFO  Train:    7/40 ( 18%) [2083/9261 ( 22%)]  Loss: 1.355 (1.29)  LR: 2.685e-04  Time cost: 10:48/37:13 [4:49:09/27:01:50]  Acc_iter 57650       Data time: 0.04(0.03)  Forward time: 0.22(0.28)  Batch time: 0.25(0.31)
2026-07-30 00:26:28,924   INFO  Train:    7/40 ( 18%) [2133/9261 ( 23%)]  Loss: 1.151 (1.29)  LR: 2.687e-04  Time cost: 11:03/36:55 [4:49:24/27:00:11]  Acc_iter 57700       Data time: 0.05(0.03)  Forward time: 0.24(0.28)  Batch time: 0.29(0.31)
2026-07-30 00:26:44,194   INFO  Train:    7/40 ( 18%) [2183/9261 ( 24%)]  Loss: 1.392 (1.29)  LR: 2.689e-04  Time cost: 11:18/36:39 [4:49:39/26:59:16]  Acc_iter 57750       Data time: 0.01(0.03)  Forward time: 0.26(0.28)  Batch time: 0.27(0.31)
2026-07-30 00:26:44,735   INFO  a1e06a0b30c0                Thu Jul 30 00:26:44 2026  580.173.02
[0] NVIDIA GeForce RTX 3070 | 66°C,  61 % |  6349 /  8192 MB | root(5808M)

2026-07-30 00:27:00,868   INFO  Train:    7/40 ( 18%) [2233/9261 ( 24%)]  Loss: 1.327 (1.28)  LR: 2.691e-04  Time cost: 11:35/36:27 [4:49:56/27:01:40]  Acc_iter 57800       Data time: 0.02(0.03)  Forward time: 0.30(0.28)  Batch time: 0.32(0.31)
2026-07-30 00:27:17,154   INFO  Train:    7/40 ( 18%) [2283/9261 ( 25%)]  Loss: 1.391 (1.29)  LR: 2.692e-04  Time cost: 11:51/36:13 [4:50:12/27:03:03]  Acc_iter 57850       Data time: 0.02(0.03)  Forward time: 0.36(0.28)  Batch time: 0.38(0.31)
2026-07-30 00:27:32,111   INFO  Train:    7/40 ( 18%) [2333/9261 ( 25%)]  Loss: 0.9431 (1.28)  LR: 2.694e-04  Time cost: 12:06/35:56 [4:50:27/27:01:25]  Acc_iter 57900       Data time: 0.00(0.03)  Forward time: 0.27(0.28)  Batch time: 0.28(0.31)
2026-07-30 00:27:32,659   INFO  a1e06a0b30c0                Thu Jul 30 00:27:32 2026  580.173.02
[0] NVIDIA GeForce RTX 3070 | 67°C,  16 % |  6347 /  8192 MB | root(5808M)

2026-07-30 00:27:47,787   INFO  Train:    7/40 ( 18%) [2383/9261 ( 26%)]  Loss: 1.202 (1.28)  LR: 2.696e-04  Time cost: 12:22/35:41 [4:50:43/27:01:24]  Acc_iter 57950       Data time: 0.00(0.03)  Forward time: 0.24(0.28)  Batch time: 0.24(0.31)
2026-07-30 00:28:02,745   INFO  Train:    7/40 ( 18%) [2433/9261 ( 26%)]  Loss: 1.310 (1.28)  LR: 2.698e-04  Time cost: 12:37/35:23 [4:50:58/26:59:50]  Acc_iter 58000       Data time: 0.02(0.03)  Forward time: 0.31(0.28)  Batch time: 0.33(0.31)
2026-07-30 00:28:17,980   INFO  Train:    7/40 ( 18%) [2483/9261 ( 27%)]  Loss: 1.358 (1.28)  LR: 2.700e-04  Time cost: 12:52/35:07 [4:51:13/26:58:55]  Acc_iter 58050       Data time: 0.02(0.03)  Forward time: 0.30(0.28)  Batch time: 0.32(0.31)
2026-07-30 00:28:18,594   INFO  a1e06a0b30c0                Thu Jul 30 00:28:18 2026  580.173.02
[0] NVIDIA GeForce RTX 3070 | 62°C,  63 % |  6347 /  8192 MB | root(5808M)

2026-07-30 00:28:34,856   INFO  Train:    7/40 ( 18%) [2533/9261 ( 27%)]  Loss: 0.8457 (1.28)  LR: 2.701e-04  Time cost: 13:09/34:55 [4:51:30/27:01:23]  Acc_iter 58100       Data time: 0.02(0.03)  Forward time: 0.28(0.28)  Batch time: 0.30(0.31)
2026-07-30 00:28:50,113   INFO  Train:    7/40 ( 18%) [2583/9261 ( 28%)]  Loss: 1.286 (1.28)  LR: 2.703e-04  Time cost: 13:24/34:39 [4:51:45/27:00:29]  Acc_iter 58150       Data time: 0.02(0.03)  Forward time: 0.33(0.28)  Batch time: 0.35(0.31)
2026-07-30 00:29:05,060   INFO  Train:    7/40 ( 18%) [2633/9261 ( 28%)]  Loss: 1.074 (1.28)  LR: 2.705e-04  Time cost: 13:39/34:22 [4:52:00/26:59:00]  Acc_iter 58200       Data time: 0.02(0.03)  Forward time: 0.29(0.28)  Batch time: 0.31(0.31)
2026-07-30 00:29:05,594   INFO  a1e06a0b30c0                Thu Jul 30 00:29:05 2026  580.173.02
[0] NVIDIA GeForce RTX 3070 | 66°C,  51 % |  6339 /  8192 MB | root(5808M)

2026-07-30 00:29:20,371   INFO  Train:    7/40 ( 18%) [2683/9261 ( 29%)]  Loss: 1.212 (1.28)  LR: 2.707e-04  Time cost: 13:54/34:05 [4:52:15/26:58:16]  Acc_iter 58250       Data time: 0.01(0.03)  Forward time: 0.27(0.28)  Batch time: 0.28(0.31)
2026-07-30 00:29:35,816   INFO  Train:    7/40 ( 18%) [2733/9261 ( 30%)]  Loss: 1.304 (1.28)  LR: 2.709e-04  Time cost: 14:10/33:50 [4:52:31/26:57:49]  Acc_iter 58300       Data time: 0.03(0.03)  Forward time: 0.28(0.28)  Batch time: 0.31(0.31)
2026-07-30 00:29:52,317   INFO  Train:    7/40 ( 18%) [2783/9261 ( 30%)]  Loss: 1.259 (1.28)  LR: 2.710e-04  Time cost: 14:26/33:36 [4:52:47/26:59:20]  Acc_iter 58350       Data time: 0.02(0.03)  Forward time: 0.35(0.28)  Batch time: 0.37(0.31)
2026-07-30 00:29:52,998   INFO  a1e06a0b30c0                Thu Jul 30 00:29:52 2026  580.173.02
[0] NVIDIA GeForce RTX 3070 | 60°C,   3 % |  6339 /  8192 MB | root(5808M)

2026-07-30 00:30:08,290   INFO  Train:    7/40 ( 18%) [2833/9261 ( 31%)]  Loss: 1.457 (1.28)  LR: 2.712e-04  Time cost: 14:42/33:22 [4:53:03/26:59:49]  Acc_iter 58400       Data time: 0.00(0.03)  Forward time: 0.29(0.28)  Batch time: 0.29(0.31)
2026-07-30 00:30:22,995   INFO  Train:    7/40 ( 18%) [2883/9261 ( 31%)]  Loss: 1.163 (1.28)  LR: 2.714e-04  Time cost: 14:57/33:04 [4:53:18/26:58:00]  Acc_iter 58450       Data time: 0.00(0.03)  Forward time: 0.29(0.28)  Batch time: 0.29(0.31)
2026-07-30 00:30:25,958   INFO  Save latest model to /OpenPCDet/output/OpenPCDet/tools/cfgs/models/S/D/S_D_N/unfrozen_backbone_1_93/ckpt/latest_model
2026-07-30 00:30:37,913   INFO  Train:    7/40 ( 18%) [2933/9261 ( 32%)]  Loss: 1.171 (1.28)  LR: 2.716e-04  Time cost: 15:12/32:47 [4:53:33/26:56:36]  Acc_iter 58500       Data time: 0.04(0.03)  Forward time: 0.22(0.28)  Batch time: 0.26(0.31)
2026-07-30 00:30:38,520   INFO  a1e06a0b30c0                Thu Jul 30 00:30:38 2026  580.173.02
[0] NVIDIA GeForce RTX 3070 | 62°C, 100 % |  6345 /  8192 MB | root(5808M)

2026-07-30 00:30:53,457   INFO  Train:    7/40 ( 18%) [2983/9261 ( 32%)]  Loss: 1.116 (1.28)  LR: 2.717e-04  Time cost: 15:27/32:32 [4:53:48/26:56:20]  Acc_iter 58550       Data time: 0.00(0.03)  Forward time: 0.26(0.28)  Batch time: 0.26(0.31)
2026-07-30 00:31:09,824   INFO  Train:    7/40 ( 18%) [3033/9261 ( 33%)]  Loss: 1.342 (1.28)  LR: 2.719e-04  Time cost: 15:44/32:18 [4:54:05/26:57:29]  Acc_iter 58600       Data time: 0.02(0.03)  Forward time: 0.35(0.28)  Batch time: 0.37(0.31)
2026-07-30 00:31:25,465   INFO  Train:    7/40 ( 18%) [3083/9261 ( 33%)]  Loss: 1.491 (1.28)  LR: 2.721e-04  Time cost: 15:59/32:02 [4:54:20/26:57:21]  Acc_iter 58650       Data time: 0.00(0.03)  Forward time: 0.28(0.28)  Batch time: 0.28(0.31)
2026-07-30 00:31:26,011   INFO  a1e06a0b30c0                Thu Jul 30 00:31:25 2026  580.173.02
[0] NVIDIA GeForce RTX 3070 | 61°C,   2 % |  6347 /  8192 MB | root(5808M)

2026-07-30 00:31:40,926   INFO  Train:    7/40 ( 18%) [3133/9261 ( 34%)]  Loss: 1.601 (1.28)  LR: 2.723e-04  Time cost: 16:15/31:47 [4:54:36/26:56:56]  Acc_iter 58700       Data time: 0.00(0.03)  Forward time: 0.30(0.28)  Batch time: 0.30(0.31)
2026-07-30 00:31:55,697   INFO  Train:    7/40 ( 18%) [3183/9261 ( 34%)]  Loss: 1.418 (1.28)  LR: 2.724e-04  Time cost: 16:30/31:30 [4:54:51/26:55:23]  Acc_iter 58750       Data time: 0.02(0.03)  Forward time: 0.36(0.28)  Batch time: 0.38(0.31)
2026-07-30 00:32:10,699   INFO  Train:    7/40 ( 18%) [3233/9261 ( 35%)]  Loss: 1.270 (1.28)  LR: 2.726e-04  Time cost: 16:45/31:13 [4:55:06/26:54:15]  Acc_iter 58800       Data time: 0.02(0.03)  Forward time: 0.31(0.28)  Batch time: 0.33(0.31)
2026-07-30 00:32:11,383   INFO  a1e06a0b30c0                Thu Jul 30 00:32:11 2026  580.173.02
[0] NVIDIA GeForce RTX 3070 | 60°C,  43 % |  6349 /  8192 MB | root(5808M)

2026-07-30 00:32:27,391   INFO  Train:    7/40 ( 18%) [3283/9261 ( 35%)]  Loss: 0.9350 (1.28)  LR: 2.728e-04  Time cost: 17:01/31:00 [4:55:22/26:55:48]  Acc_iter 58850       Data time: 0.02(0.03)  Forward time: 0.28(0.28)  Batch time: 0.30(0.31)
2026-07-30 00:32:43,066   INFO  Train:    7/40 ( 18%) [3333/9261 ( 36%)]  Loss: 1.073 (1.28)  LR: 2.730e-04  Time cost: 17:17/30:44 [4:55:38/26:55:44]  Acc_iter 58900       Data time: 0.04(0.03)  Forward time: 0.26(0.28)  Batch time: 0.30(0.31)
2026-07-30 00:32:58,153   INFO  Train:    7/40 ( 18%) [3383/9261 ( 37%)]  Loss: 1.577 (1.28)  LR: 2.731e-04  Time cost: 17:32/30:28 [4:55:53/26:54:45]  Acc_iter 58950       Data time: 0.00(0.03)  Forward time: 0.27(0.28)  Batch time: 0.27(0.31)
2026-07-30 00:32:58,688   INFO  a1e06a0b30c0                Thu Jul 30 00:32:58 2026  580.173.02
[0] NVIDIA GeForce RTX 3070 | 66°C,  90 % |  6351 /  8192 MB | root(5808M)

2026-07-30 00:33:13,503   INFO  Train:    7/40 ( 18%) [3433/9261 ( 37%)]  Loss: 1.370 (1.28)  LR: 2.733e-04  Time cost: 17:47/30:12 [4:56:08/26:54:11]  Acc_iter 59000       Data time: 0.04(0.03)  Forward time: 0.23(0.28)  Batch time: 0.26(0.31)
2026-07-30 00:33:28,596   INFO  Train:    7/40 ( 18%) [3483/9261 ( 38%)]  Loss: 1.439 (1.28)  LR: 2.735e-04  Time cost: 18:02/29:56 [4:56:24/26:53:15]  Acc_iter 59050       Data time: 0.03(0.03)  Forward time: 0.28(0.28)  Batch time: 0.31(0.31)
2026-07-30 00:33:44,520   INFO  Train:    7/40 ( 18%) [3533/9261 ( 38%)]  Loss: 1.068 (1.28)  LR: 2.736e-04  Time cost: 18:18/29:41 [4:56:39/26:53:33]  Acc_iter 59100       Data time: 0.02(0.03)  Forward time: 0.30(0.28)  Batch time: 0.32(0.31)
2026-07-30 00:33:45,208   INFO  a1e06a0b30c0                Thu Jul 30 00:33:45 2026  580.173.02
[0] NVIDIA GeForce RTX 3070 | 63°C,  42 % |  6351 /  8192 MB | root(5808M)

2026-07-30 00:34:01,488   INFO  Train:    7/40 ( 18%) [3583/9261 ( 39%)]  Loss: 1.447 (1.28)  LR: 2.738e-04  Time cost: 18:35/29:27 [4:56:56/26:55:21]  Acc_iter 59150       Data time: 0.00(0.03)  Forward time: 0.23(0.28)  Batch time: 0.23(0.31)
2026-07-30 00:34:16,734   INFO  Train:    7/40 ( 18%) [3633/9261 ( 39%)]  Loss: 1.451 (1.28)  LR: 2.740e-04  Time cost: 18:51/29:11 [4:57:12/26:54:38]  Acc_iter 59200       Data time: 0.01(0.03)  Forward time: 0.28(0.28)  Batch time: 0.29(0.31)
2026-07-30 00:34:31,841   INFO  Train:    7/40 ( 18%) [3683/9261 ( 40%)]  Loss: 1.100 (1.28)  LR: 2.741e-04  Time cost: 19:06/28:55 [4:57:27/26:53:44]  Acc_iter 59250       Data time: 0.03(0.03)  Forward time: 0.25(0.28)  Batch time: 0.27(0.31)
2026-07-30 00:34:32,360   INFO  a1e06a0b30c0                Thu Jul 30 00:34:32 2026  580.173.02
[0] NVIDIA GeForce RTX 3070 | 61°C,  67 % |  6341 /  8192 MB | root(5808M)

2026-07-30 00:34:47,191   INFO  Train:    7/40 ( 18%) [3733/9261 ( 40%)]  Loss: 1.380 (1.28)  LR: 2.743e-04  Time cost: 19:21/28:39 [4:57:42/26:53:11]  Acc_iter 59300       Data time: 0.03(0.03)  Forward time: 0.23(0.28)  Batch time: 0.26(0.31)
2026-07-30 00:35:02,712   INFO  Train:    7/40 ( 18%) [3783/9261 ( 41%)]  Loss: 0.9760 (1.28)  LR: 2.745e-04  Time cost: 19:37/28:24 [4:57:58/26:52:52]  Acc_iter 59350       Data time: 0.00(0.03)  Forward time: 0.27(0.28)  Batch time: 0.27(0.31)
2026-07-30 00:35:19,280   INFO  Train:    7/40 ( 18%) [3833/9261 ( 41%)]  Loss: 0.9084 (1.28)  LR: 2.746e-04  Time cost: 19:53/28:09 [4:58:14/26:53:59]  Acc_iter 59400       Data time: 0.02(0.03)  Forward time: 0.35(0.28)  Batch time: 0.38(0.31)
2026-07-30 00:35:19,969   INFO  a1e06a0b30c0                Thu Jul 30 00:35:19 2026  580.173.02
[0] NVIDIA GeForce RTX 3070 | 60°C,   3 % |  6356 /  8192 MB | root(5808M)

2026-07-30 00:35:25,718   INFO  Save latest model to /OpenPCDet/output/OpenPCDet/tools/cfgs/models/S/D/S_D_N/unfrozen_backbone_1_93/ckpt/latest_model
2026-07-30 00:35:34,978   INFO  Train:    7/40 ( 18%) [3883/9261 ( 42%)]  Loss: 1.154 (1.28)  LR: 2.748e-04  Time cost: 20:09/27:54 [4:58:30/26:53:54]  Acc_iter 59450       Data time: 0.05(0.03)  Forward time: 0.29(0.28)  Batch time: 0.34(0.31)
2026-07-30 00:35:49,710   INFO  Train:    7/40 ( 18%) [3933/9261 ( 42%)]  Loss: 1.306 (1.28)  LR: 2.750e-04  Time cost: 20:24/27:37 [4:58:45/26:52:32]  Acc_iter 59500       Data time: 0.01(0.03)  Forward time: 0.27(0.28)  Batch time: 0.29(0.31)
2026-07-30 00:36:04,653   INFO  Train:    7/40 ( 18%) [3983/9261 ( 43%)]  Loss: 1.246 (1.28)  LR: 2.751e-04  Time cost: 20:39/27:21 [4:59:00/26:51:29]  Acc_iter 59550       Data time: 0.02(0.03)  Forward time: 0.32(0.28)  Batch time: 0.34(0.31)
2026-07-30 00:36:05,190   INFO  a1e06a0b30c0                Thu Jul 30 00:36:05 2026  580.173.02
[0] NVIDIA GeForce RTX 3070 | 65°C,  97 % |  6351 /  8192 MB | root(5808M)

2026-07-30 00:36:20,467   INFO  Train:    7/40 ( 18%) [4033/9261 ( 44%)]  Loss: 1.028 (1.28)  LR: 2.753e-04  Time cost: 20:54/27:06 [4:59:15/26:51:34]  Acc_iter 59600       Data time: 0.00(0.03)  Forward time: 0.23(0.28)  Batch time: 0.23(0.31)
2026-07-30 00:36:36,887   INFO  Train:    7/40 ( 18%) [4083/9261 ( 44%)]  Loss: 1.345 (1.28)  LR: 2.755e-04  Time cost: 21:11/26:51 [4:59:32/26:52:24]  Acc_iter 59650       Data time: 0.03(0.03)  Forward time: 0.33(0.28)  Batch time: 0.36(0.31)
2026-07-30 00:36:52,449   INFO  Train:    7/40 ( 18%) [4133/9261 ( 45%)]  Loss: 1.654 (1.28)  LR: 2.756e-04  Time cost: 21:26/26:36 [4:59:47/26:52:08]  Acc_iter 59700       Data time: 0.02(0.03)  Forward time: 0.29(0.28)  Batch time: 0.32(0.31)
2026-07-30 00:36:52,976   INFO  a1e06a0b30c0                Thu Jul 30 00:36:52 2026  580.173.02
[0] NVIDIA GeForce RTX 3070 | 61°C,   3 % |  6349 /  8192 MB | root(5808M)

2026-07-30 00:37:07,782   INFO  Train:    7/40 ( 18%) [4183/9261 ( 45%)]  Loss: 1.437 (1.28)  LR: 2.758e-04  Time cost: 21:42/26:20 [5:00:03/26:51:35]  Acc_iter 59750       Data time: 0.06(0.03)  Forward time: 0.24(0.28)  Batch time: 0.30(0.31)
2026-07-30 00:37:22,575   INFO  Train:    7/40 ( 18%) [4233/9261 ( 46%)]  Loss: 1.264 (1.28)  LR: 2.760e-04  Time cost: 21:56/26:03 [5:00:18/26:50:24]  Acc_iter 59800       Data time: 0.03(0.03)  Forward time: 0.31(0.28)  Batch time: 0.34(0.31)
2026-07-30 00:37:37,524   INFO  Train:    7/40 ( 18%) [4283/9261 ( 46%)]  Loss: 1.294 (1.28)  LR: 2.761e-04  Time cost: 22:11/25:47 [5:00:32/26:49:24]  Acc_iter 59850       Data time: 0.05(0.03)  Forward time: 0.29(0.28)  Batch time: 0.34(0.31)
2026-07-30 00:37:38,118   INFO  a1e06a0b30c0                Thu Jul 30 00:37:38 2026  580.173.02
[0] NVIDIA GeForce RTX 3070 | 62°C,   3 % |  6349 /  8192 MB | root(5808M)

2026-07-30 00:37:54,510   INFO  Train:    7/40 ( 18%) [4333/9261 ( 47%)]  Loss: 1.062 (1.28)  LR: 2.763e-04  Time cost: 22:28/25:33 [5:00:49/26:50:52]  Acc_iter 59900       Data time: 0.02(0.03)  Forward time: 0.38(0.28)  Batch time: 0.41(0.31)
2026-07-30 00:38:10,093   INFO  Train:    7/40 ( 18%) [4383/9261 ( 47%)]  Loss: 1.438 (1.28)  LR: 2.765e-04  Time cost: 22:44/25:18 [5:01:05/26:50:38]  Acc_iter 59950       Data time: 0.05(0.03)  Forward time: 0.22(0.28)  Batch time: 0.27(0.31)
2026-07-30 00:38:24,915   INFO  Train:    7/40 ( 18%) [4433/9261 ( 48%)]  Loss: 0.9181 (1.28)  LR: 2.766e-04  Time cost: 22:59/25:01 [5:01:20/26:49:30]  Acc_iter 60000       Data time: 0.02(0.03)  Forward time: 0.28(0.28)  Batch time: 0.30(0.31)
2026-07-30 00:38:25,463   INFO  a1e06a0b30c0                Thu Jul 30 00:38:25 2026  580.173.02
[0] NVIDIA GeForce RTX 3070 | 61°C,  98 % |  6347 /  8192 MB | root(5808M)

2026-07-30 00:38:40,408   INFO  Train:    7/40 ( 18%) [4483/9261 ( 48%)]  Loss: 1.024 (1.28)  LR: 2.768e-04  Time cost: 23:14/24:46 [5:01:35/26:49:11]  Acc_iter 60050       Data time: 0.02(0.03)  Forward time: 0.30(0.28)  Batch time: 0.32(0.31)
2026-07-30 00:38:55,531   INFO  Train:    7/40 ( 18%) [4533/9261 ( 49%)]  Loss: 1.122 (1.28)  LR: 2.769e-04  Time cost: 23:29/24:30 [5:01:50/26:48:26]  Acc_iter 60100       Data time: 0.03(0.03)  Forward time: 0.29(0.28)  Batch time: 0.32(0.31)
2026-07-30 00:39:11,657   INFO  Train:    7/40 ( 18%) [4583/9261 ( 49%)]  Loss: 1.505 (1.28)  LR: 2.771e-04  Time cost: 23:46/24:15 [5:02:07/26:48:49]  Acc_iter 60150       Data time: 0.02(0.03)  Forward time: 0.36(0.28)  Batch time: 0.38(0.31)
2026-07-30 00:39:12,346   INFO  a1e06a0b30c0                Thu Jul 30 00:39:12 2026  580.173.02
[0] NVIDIA GeForce RTX 3070 | 60°C,  76 % |  6339 /  8192 MB | root(5808M)

2026-07-30 00:39:27,981   INFO  Train:    7/40 ( 18%) [4633/9261 ( 50%)]  Loss: 1.019 (1.28)  LR: 2.773e-04  Time cost: 24:02/24:00 [5:02:23/26:49:25]  Acc_iter 60200       Data time: 0.02(0.03)  Forward time: 0.32(0.28)  Batch time: 0.34(0.31)
2026-07-30 00:39:42,436   INFO  Train:    7/40 ( 18%) [4683/9261 ( 51%)]  Loss: 1.142 (1.28)  LR: 2.774e-04  Time cost: 24:16/23:43 [5:02:37/26:47:56]  Acc_iter 60250       Data time: 0.02(0.03)  Forward time: 0.35(0.28)  Batch time: 0.37(0.31)
2026-07-30 00:39:57,061   INFO  Train:    7/40 ( 18%) [4733/9261 ( 51%)]  Loss: 1.190 (1.28)  LR: 2.776e-04  Time cost: 24:31/23:27 [5:02:52/26:46:40]  Acc_iter 60300       Data time: 0.03(0.03)  Forward time: 0.22(0.28)  Batch time: 0.26(0.31)
2026-07-30 00:39:57,626   INFO  a1e06a0b30c0                Thu Jul 30 00:39:57 2026  580.173.02
[0] NVIDIA GeForce RTX 3070 | 63°C,  62 % |  6349 /  8192 MB | root(5808M)

2026-07-30 00:40:12,781   INFO  Train:    7/40 ( 18%) [4783/9261 ( 52%)]  Loss: 1.046 (1.28)  LR: 2.777e-04  Time cost: 24:47/23:12 [5:03:08/26:46:36]  Acc_iter 60350       Data time: 0.04(0.03)  Forward time: 0.23(0.28)  Batch time: 0.27(0.31)
2026-07-30 00:40:25,878   INFO  Save latest model to /OpenPCDet/output/OpenPCDet/tools/cfgs/models/S/D/S_D_N/unfrozen_backbone_1_93/ckpt/latest_model
2026-07-30 00:40:29,179   INFO  Train:    7/40 ( 18%) [4833/9261 ( 52%)]  Loss: 0.9444 (1.28)  LR: 2.779e-04  Time cost: 25:03/22:57 [5:03:24/26:47:15]  Acc_iter 60400       Data time: 0.02(0.03)  Forward time: 0.31(0.28)  Batch time: 0.33(0.31)
2026-07-30 00:40:45,409   INFO  Train:    7/40 ( 18%) [4883/9261 ( 53%)]  Loss: 1.081 (1.28)  LR: 2.780e-04  Time cost: 25:19/22:42 [5:03:40/26:47:43]  Acc_iter 60450       Data time: 0.00(0.03)  Forward time: 0.30(0.28)  Batch time: 0.31(0.31)
2026-07-30 00:40:45,950   INFO  a1e06a0b30c0                Thu Jul 30 00:40:45 2026  580.173.02
[0] NVIDIA GeForce RTX 3070 | 60°C,   3 % |  6349 /  8192 MB | root(5808M)

2026-07-30 00:41:00,764   INFO  Train:    7/40 ( 18%) [4933/9261 ( 53%)]  Loss: 1.105 (1.28)  LR: 2.782e-04  Time cost: 25:35/22:26 [5:03:56/26:47:14]  Acc_iter 60500       Data time: 0.04(0.03)  Forward time: 0.23(0.28)  Batch time: 0.27(0.31)
2026-07-30 00:41:15,645   INFO  Train:    7/40 ( 18%) [4983/9261 ( 54%)]  Loss: 1.211 (1.28)  LR: 2.784e-04  Time cost: 25:50/22:10 [5:04:11/26:46:17]  Acc_iter 60550       Data time: 0.03(0.03)  Forward time: 0.27(0.28)  Batch time: 0.30(0.31)
2026-07-30 00:41:30,594   INFO  Train:    7/40 ( 18%) [5033/9261 ( 54%)]  Loss: 1.137 (1.28)  LR: 2.785e-04  Time cost: 26:04/21:54 [5:04:26/26:45:24]  Acc_iter 60600       Data time: 0.02(0.03)  Forward time: 0.28(0.28)  Batch time: 0.31(0.31)
2026-07-30 00:41:31,287   INFO  a1e06a0b30c0                Thu Jul 30 00:41:31 2026  580.173.02
[0] NVIDIA GeForce RTX 3070 | 64°C,  61 % |  6349 /  8192 MB | root(5808M)

2026-07-30 00:41:46,880   INFO  Train:    7/40 ( 18%) [5083/9261 ( 55%)]  Loss: 1.201 (1.28)  LR: 2.787e-04  Time cost: 26:21/21:39 [5:04:42/26:45:54]  Acc_iter 60650       Data time: 0.02(0.03)  Forward time: 0.29(0.28)  Batch time: 0.32(0.31)
2026-07-30 00:42:02,773   INFO  Train:    7/40 ( 18%) [5133/9261 ( 55%)]  Loss: 1.228 (1.28)  LR: 2.788e-04  Time cost: 26:37/21:24 [5:04:58/26:45:59]  Acc_iter 60700       Data time: 0.06(0.03)  Forward time: 0.23(0.28)  Batch time: 0.29(0.31)
2026-07-30 00:42:17,699   INFO  Train:    7/40 ( 18%) [5183/9261 ( 56%)]  Loss: 1.029 (1.28)  LR: 2.790e-04  Time cost: 26:52/21:08 [5:05:13/26:45:06]  Acc_iter 60750       Data time: 0.02(0.03)  Forward time: 0.29(0.28)  Batch time: 0.31(0.31)
2026-07-30 00:42:18,302   INFO  a1e06a0b30c0                Thu Jul 30 00:42:18 2026  580.173.02
[0] NVIDIA GeForce RTX 3070 | 66°C,  72 % |  6349 /  8192 MB | root(5808M)

2026-07-30 00:42:33,109   INFO  Train:    7/40 ( 18%) [5233/9261 ( 57%)]  Loss: 0.9845 (1.28)  LR: 2.791e-04  Time cost: 27:07/20:52 [5:05:28/26:44:42]  Acc_iter 60800       Data time: 0.01(0.03)  Forward time: 0.27(0.28)  Batch time: 0.28(0.31)
2026-07-30 00:42:48,295   INFO  Train:    7/40 ( 18%) [5283/9261 ( 57%)]  Loss: 0.8801 (1.28)  LR: 2.793e-04  Time cost: 27:22/20:36 [5:05:43/26:44:05]  Acc_iter 60850       Data time: 0.00(0.03)  Forward time: 0.22(0.28)  Batch time: 0.22(0.31)
2026-07-30 00:43:04,668   INFO  Train:    7/40 ( 18%) [5333/9261 ( 58%)]  Loss: 1.190 (1.28)  LR: 2.794e-04  Time cost: 27:39/20:21 [5:06:00/26:44:38]  Acc_iter 60900       Data time: 0.02(0.03)  Forward time: 0.32(0.28)  Batch time: 0.34(0.31)
2026-07-30 00:43:05,366   INFO  a1e06a0b30c0                Thu Jul 30 00:43:05 2026  580.173.02
[0] NVIDIA GeForce RTX 3070 | 60°C,  41 % |  6349 /  8192 MB | root(5808M)

2026-07-30 00:43:21,595   INFO  Train:    7/40 ( 18%) [5383/9261 ( 58%)]  Loss: 1.562 (1.28)  LR: 2.796e-04  Time cost: 27:55/20:07 [5:06:17/26:45:41]  Acc_iter 60950       Data time: 0.01(0.03)  Forward time: 0.26(0.28)  Batch time: 0.27(0.31)
2026-07-30 00:43:36,263   INFO  Train:    7/40 ( 18%) [5433/9261 ( 59%)]  Loss: 1.220 (1.28)  LR: 2.797e-04  Time cost: 28:10/19:50 [5:06:31/26:44:35]  Acc_iter 61000       Data time: 0.04(0.03)  Forward time: 0.22(0.28)  Batch time: 0.27(0.31)
2026-07-30 00:43:51,109   INFO  Train:    7/40 ( 18%) [5483/9261 ( 59%)]  Loss: 0.9920 (1.28)  LR: 2.799e-04  Time cost: 28:25/19:34 [5:06:46/26:43:39]  Acc_iter 61050       Data time: 0.03(0.03)  Forward time: 0.27(0.28)  Batch time: 0.30(0.31)
2026-07-30 00:43:51,628   INFO  a1e06a0b30c0                Thu Jul 30 00:43:51 2026  580.173.02
[0] NVIDIA GeForce RTX 3070 | 67°C,  66 % |  6349 /  8192 MB | root(5808M)

2026-07-30 00:44:06,742   INFO  Train:    7/40 ( 18%) [5533/9261 ( 60%)]  Loss: 1.218 (1.28)  LR: 2.800e-04  Time cost: 28:41/19:19 [5:07:02/26:43:28]  Acc_iter 61100       Data time: 0.03(0.03)  Forward time: 0.28(0.28)  Batch time: 0.31(0.31)
2026-07-30 00:44:22,775   INFO  Train:    7/40 ( 18%) [5583/9261 ( 60%)]  Loss: 1.006 (1.28)  LR: 2.802e-04  Time cost: 28:57/19:04 [5:07:18/26:43:39]  Acc_iter 61150       Data time: 0.04(0.03)  Forward time: 0.28(0.28)  Batch time: 0.33(0.31)
2026-07-30 00:44:38,728   INFO  Train:    7/40 ( 18%) [5633/9261 ( 61%)]  Loss: 1.190 (1.28)  LR: 2.803e-04  Time cost: 29:13/18:48 [5:07:34/26:43:46]  Acc_iter 61200       Data time: 0.02(0.03)  Forward time: 0.35(0.28)  Batch time: 0.37(0.31)
2026-07-30 00:44:39,273   INFO  a1e06a0b30c0                Thu Jul 30 00:44:39 2026  580.173.02
[0] NVIDIA GeForce RTX 3070 | 66°C,  88 % |  6349 /  8192 MB | root(5808M)

2026-07-30 00:44:54,101   INFO  Train:    7/40 ( 18%) [5683/9261 ( 61%)]  Loss: 0.8422 (1.28)  LR: 2.805e-04  Time cost: 29:28/18:33 [5:07:49/26:43:20]  Acc_iter 61250       Data time: 0.00(0.03)  Forward time: 0.22(0.28)  Batch time: 0.22(0.31)
2026-07-30 00:45:08,999   INFO  Train:    7/40 ( 18%) [5733/9261 ( 62%)]  Loss: 1.218 (1.28)  LR: 2.806e-04  Time cost: 29:43/18:17 [5:08:04/26:42:29]  Acc_iter 61300       Data time: 0.02(0.03)  Forward time: 0.31(0.28)  Batch time: 0.33(0.31)
2026-07-30 00:45:24,163   INFO  Train:    7/40 ( 18%) [5783/9261 ( 62%)]  Loss: 1.080 (1.28)  LR: 2.808e-04  Time cost: 29:58/18:01 [5:08:19/26:41:53]  Acc_iter 61350       Data time: 0.03(0.03)  Forward time: 0.32(0.28)  Batch time: 0.35(0.31)
2026-07-30 00:45:24,823   INFO  a1e06a0b30c0                Thu Jul 30 00:45:24 2026  580.173.02
[0] NVIDIA GeForce RTX 3070 | 67°C,  60 % |  6349 /  8192 MB | root(5808M)

2026-07-30 00:45:25,816   INFO  Save latest model to /OpenPCDet/output/OpenPCDet/tools/cfgs/models/S/D/S_D_N/unfrozen_backbone_1_93/ckpt/latest_model
2026-07-30 00:45:40,435   INFO  Train:    7/40 ( 18%) [5833/9261 ( 63%)]  Loss: 1.306 (1.28)  LR: 2.809e-04  Time cost: 30:14/17:46 [5:08:35/26:42:16]  Acc_iter 61400       Data time: 0.05(0.03)  Forward time: 0.28(0.28)  Batch time: 0.33(0.31)
2026-07-30 00:45:56,172   INFO  Train:    7/40 ( 18%) [5883/9261 ( 64%)]  Loss: 1.158 (1.28)  LR: 2.811e-04  Time cost: 30:30/17:30 [5:08:51/26:42:10]  Acc_iter 61450       Data time: 0.02(0.03)  Forward time: 0.33(0.28)  Batch time: 0.35(0.31)
2026-07-30 00:46:11,020   INFO  Train:    7/40 ( 18%) [5933/9261 ( 64%)]  Loss: 1.022 (1.28)  LR: 2.812e-04  Time cost: 30:45/17:14 [5:09:06/26:41:17]  Acc_iter 61500       Data time: 0.05(0.03)  Forward time: 0.23(0.28)  Batch time: 0.28(0.31)
2026-07-30 00:46:11,585   INFO  a1e06a0b30c0                Thu Jul 30 00:46:11 2026  580.173.02
[0] NVIDIA GeForce RTX 3070 | 62°C,  72 % |  6347 /  8192 MB | root(5808M)

2026-07-30 00:46:26,350   INFO  Train:    7/40 ( 18%) [5983/9261 ( 65%)]  Loss: 1.495 (1.28)  LR: 2.814e-04  Time cost: 31:00/16:59 [5:09:21/26:40:50]  Acc_iter 61550       Data time: 0.04(0.03)  Forward time: 0.29(0.28)  Batch time: 0.33(0.31)
2026-07-30 00:46:41,578   INFO  Train:    7/40 ( 18%) [6033/9261 ( 65%)]  Loss: 1.312 (1.28)  LR: 2.815e-04  Time cost: 31:15/16:43 [5:09:37/26:40:19]  Acc_iter 61600       Data time: 0.03(0.03)  Forward time: 0.29(0.28)  Batch time: 0.32(0.31)
2026-07-30 00:46:57,610   INFO  Train:    7/40 ( 18%) [6083/9261 ( 66%)]  Loss: 1.324 (1.28)  LR: 2.817e-04  Time cost: 31:32/16:28 [5:09:53/26:40:28]  Acc_iter 61650       Data time: 0.02(0.03)  Forward time: 0.36(0.28)  Batch time: 0.38(0.31)
2026-07-30 00:46:58,264   INFO  a1e06a0b30c0                Thu Jul 30 00:46:58 2026  580.173.02
[0] NVIDIA GeForce RTX 3070 | 63°C,  59 % |  6347 /  8192 MB | root(5808M)

2026-07-30 00:47:14,223   INFO  Train:    7/40 ( 18%) [6133/9261 ( 66%)]  Loss: 1.241 (1.28)  LR: 2.818e-04  Time cost: 31:48/16:13 [5:10:09/26:41:06]  Acc_iter 61700       Data time: 0.02(0.03)  Forward time: 0.28(0.28)  Batch time: 0.29(0.31)
2026-07-30 00:47:29,189   INFO  Train:    7/40 ( 18%) [6183/9261 ( 67%)]  Loss: 1.327 (1.28)  LR: 2.819e-04  Time cost: 32:03/15:57 [5:10:24/26:40:21]  Acc_iter 61750       Data time: 0.03(0.03)  Forward time: 0.34(0.28)  Batch time: 0.37(0.31)
2026-07-30 00:47:44,246   INFO  Train:    7/40 ( 18%) [6233/9261 ( 67%)]  Loss: 1.461 (1.28)  LR: 2.821e-04  Time cost: 32:18/15:41 [5:10:39/26:39:40]  Acc_iter 61800       Data time: 0.04(0.03)  Forward time: 0.23(0.28)  Batch time: 0.27(0.31)
2026-07-30 00:47:44,816   INFO  a1e06a0b30c0                Thu Jul 30 00:47:44 2026  580.173.02
[0] NVIDIA GeForce RTX 3070 | 64°C,  60 % |  6349 /  8192 MB | root(5808M)

2026-07-30 00:47:59,655   INFO  Train:    7/40 ( 18%) [6283/9261 ( 68%)]  Loss: 1.219 (1.28)  LR: 2.822e-04  Time cost: 32:34/15:26 [5:10:55/26:39:18]  Acc_iter 61850       Data time: 0.02(0.03)  Forward time: 0.32(0.28)  Batch time: 0.34(0.31)
2026-07-30 00:48:15,539   INFO  Train:    7/40 ( 18%) [6333/9261 ( 68%)]  Loss: 1.278 (1.28)  LR: 2.824e-04  Time cost: 32:49/15:10 [5:11:10/26:39:19]  Acc_iter 61900       Data time: 0.00(0.03)  Forward time: 0.30(0.28)  Batch time: 0.30(0.31)
2026-07-30 00:48:31,836   INFO  Train:    7/40 ( 18%) [6383/9261 ( 69%)]  Loss: 1.106 (1.28)  LR: 2.825e-04  Time cost: 33:06/14:55 [5:11:27/26:39:39]  Acc_iter 61950       Data time: 0.04(0.03)  Forward time: 0.29(0.28)  Batch time: 0.33(0.31)
2026-07-30 00:48:32,403   INFO  a1e06a0b30c0                Thu Jul 30 00:48:32 2026  580.173.02
[0] NVIDIA GeForce RTX 3070 | 60°C,  68 % |  6353 /  8192 MB | root(5808M)

2026-07-30 00:48:47,694   INFO  Train:    7/40 ( 18%) [6433/9261 ( 69%)]  Loss: 1.323 (1.28)  LR: 2.826e-04  Time cost: 33:22/14:39 [5:11:43/26:39:38]  Acc_iter 62000       Data time: 0.04(0.03)  Forward time: 0.22(0.28)  Batch time: 0.26(0.31)
2026-07-30 00:49:02,473   INFO  Train:    7/40 ( 18%) [6483/9261 ( 70%)]  Loss: 0.9911 (1.28)  LR: 2.828e-04  Time cost: 33:36/14:24 [5:11:57/26:38:46]  Acc_iter 62050       Data time: 0.04(0.03)  Forward time: 0.23(0.28)  Batch time: 0.27(0.31)
2026-07-30 00:49:17,405   INFO  Train:    7/40 ( 18%) [6533/9261 ( 71%)]  Loss: 1.362 (1.28)  LR: 2.829e-04  Time cost: 33:51/14:08 [5:12:12/26:38:01]  Acc_iter 62100       Data time: 0.00(0.03)  Forward time: 0.27(0.28)  Batch time: 0.27(0.31)
2026-07-30 00:49:17,979   INFO  a1e06a0b30c0                Thu Jul 30 00:49:17 2026  580.173.02
[0] NVIDIA GeForce RTX 3070 | 61°C,   4 % |  6339 /  8192 MB | root(5808M)

2026-07-30 00:49:33,414   INFO  Train:    7/40 ( 18%) [6583/9261 ( 71%)]  Loss: 1.461 (1.28)  LR: 2.831e-04  Time cost: 34:07/13:52 [5:12:28/26:38:07]  Acc_iter 62150       Data time: 0.03(0.03)  Forward time: 0.28(0.28)  Batch time: 0.31(0.31)
2026-07-30 00:49:49,320   INFO  Train:    7/40 ( 18%) [6633/9261 ( 72%)]  Loss: 1.409 (1.28)  LR: 2.832e-04  Time cost: 34:23/13:37 [5:12:44/26:38:08]  Acc_iter 62200       Data time: 0.02(0.03)  Forward time: 0.30(0.28)  Batch time: 0.33(0.31)
2026-07-30 00:50:04,739   INFO  Train:    7/40 ( 18%) [6683/9261 ( 72%)]  Loss: 1.077 (1.28)  LR: 2.833e-04  Time cost: 34:39/13:21 [5:13:00/26:37:46]  Acc_iter 62250       Data time: 0.01(0.03)  Forward time: 0.28(0.28)  Batch time: 0.29(0.31)
2026-07-30 00:50:05,264   INFO  a1e06a0b30c0                Thu Jul 30 00:50:05 2026  580.173.02
[0] NVIDIA GeForce RTX 3070 | 65°C,  76 % |  6349 /  8192 MB | root(5808M)

2026-07-30 00:50:20,244   INFO  Train:    7/40 ( 18%) [6733/9261 ( 73%)]  Loss: 1.640 (1.28)  LR: 2.835e-04  Time cost: 34:54/13:06 [5:13:15/26:37:28]  Acc_iter 62300       Data time: 0.04(0.03)  Forward time: 0.23(0.28)  Batch time: 0.28(0.31)
2026-07-30 00:50:25,838   INFO  Save latest model to /OpenPCDet/output/OpenPCDet/tools/cfgs/models/S/D/S_D_N/unfrozen_backbone_1_93/ckpt/latest_model
2026-07-30 00:50:35,205   INFO  Train:    7/40 ( 18%) [6783/9261 ( 73%)]  Loss: 1.533 (1.28)  LR: 2.836e-04  Time cost: 35:09/12:50 [5:13:30/26:36:46]  Acc_iter 62350       Data time: 0.01(0.03)  Forward time: 0.28(0.28)  Batch time: 0.28(0.31)
2026-07-30 00:50:50,277   INFO  Train:    7/40 ( 18%) [6833/9261 ( 74%)]  Loss: 1.260 (1.28)  LR: 2.838e-04  Time cost: 35:24/12:34 [5:13:45/26:36:09]  Acc_iter 62400       Data time: 0.02(0.03)  Forward time: 0.28(0.28)  Batch time: 0.29(0.31)
2026-07-30 00:50:50,957   INFO  a1e06a0b30c0                Thu Jul 30 00:50:50 2026  580.173.02
[0] NVIDIA GeForce RTX 3070 | 60°C,   4 % |  6349 /  8192 MB | root(5808M)

2026-07-30 00:51:07,373   INFO  Train:    7/40 ( 18%) [6883/9261 ( 74%)]  Loss: 1.054 (1.28)  LR: 2.839e-04  Time cost: 35:41/12:19 [5:14:02/26:37:03]  Acc_iter 62450       Data time: 0.02(0.03)  Forward time: 0.38(0.28)  Batch time: 0.40(0.31)
2026-07-30 00:51:22,441   INFO  Train:    7/40 ( 18%) [6933/9261 ( 75%)]  Loss: 1.333 (1.28)  LR: 2.840e-04  Time cost: 35:56/12:04 [5:14:17/26:36:25]  Acc_iter 62500       Data time: 0.01(0.03)  Forward time: 0.26(0.28)  Batch time: 0.28(0.31)
2026-07-30 00:51:37,256   INFO  Train:    7/40 ( 18%) [6983/9261 ( 75%)]  Loss: 1.495 (1.28)  LR: 2.842e-04  Time cost: 36:11/11:48 [5:14:32/26:35:37]  Acc_iter 62550       Data time: 0.03(0.03)  Forward time: 0.27(0.28)  Batch time: 0.30(0.31)
2026-07-30 00:51:37,756   INFO  a1e06a0b30c0                Thu Jul 30 00:51:37 2026  580.173.02
[0] NVIDIA GeForce RTX 3070 | 65°C,  80 % |  6349 /  8192 MB | root(5808M)

2026-07-30 00:51:52,677   INFO  Train:    7/40 ( 18%) [7033/9261 ( 76%)]  Loss: 0.8625 (1.28)  LR: 2.843e-04  Time cost: 36:27/11:32 [5:14:48/26:35:16]  Acc_iter 62600       Data time: 0.02(0.03)  Forward time: 0.31(0.28)  Batch time: 0.33(0.31)
2026-07-30 00:52:07,706   INFO  Train:    7/40 ( 18%) [7083/9261 ( 76%)]  Loss: 1.210 (1.28)  LR: 2.844e-04  Time cost: 36:42/11:17 [5:15:03/26:34:38]  Acc_iter 62650       Data time: 0.03(0.03)  Forward time: 0.30(0.28)  Batch time: 0.33(0.31)
2026-07-30 00:52:23,771   INFO  Train:    7/40 ( 18%) [7133/9261 ( 77%)]  Loss: 1.359 (1.28)  LR: 2.846e-04  Time cost: 36:58/11:01 [5:15:19/26:34:45]  Acc_iter 62700       Data time: 0.02(0.03)  Forward time: 0.33(0.28)  Batch time: 0.35(0.31)
2026-07-30 00:52:24,368   INFO  a1e06a0b30c0                Thu Jul 30 00:52:24 2026  580.173.02
[0] NVIDIA GeForce RTX 3070 | 63°C,  88 % |  6349 /  8192 MB | root(5808M)

2026-07-30 00:52:39,983   INFO  Train:    7/40 ( 18%) [7183/9261 ( 78%)]  Loss: 1.062 (1.28)  LR: 2.847e-04  Time cost: 37:14/10:46 [5:15:35/26:34:58]  Acc_iter 62750       Data time: 0.03(0.03)  Forward time: 0.30(0.28)  Batch time: 0.33(0.31)
2026-07-30 00:52:54,793   INFO  Train:    7/40 ( 18%) [7233/9261 ( 78%)]  Loss: 1.206 (1.28)  LR: 2.848e-04  Time cost: 37:29/10:30 [5:15:50/26:34:11]  Acc_iter 62800       Data time: 0.02(0.03)  Forward time: 0.29(0.28)  Batch time: 0.30(0.31)
2026-07-30 00:53:09,486   INFO  Train:    7/40 ( 18%) [7283/9261 ( 79%)]  Loss: 1.345 (1.28)  LR: 2.850e-04  Time cost: 37:43/10:14 [5:16:04/26:33:20]  Acc_iter 62850       Data time: 0.04(0.03)  Forward time: 0.27(0.28)  Batch time: 0.32(0.31)
2026-07-30 00:53:10,106   INFO  a1e06a0b30c0                Thu Jul 30 00:53:10 2026  580.173.02
[0] NVIDIA GeForce RTX 3070 | 61°C,   3 % |  6347 /  8192 MB | root(5808M)

2026-07-30 00:53:25,210   INFO  Train:    7/40 ( 18%) [7333/9261 ( 79%)]  Loss: 1.139 (1.28)  LR: 2.851e-04  Time cost: 37:59/09:59 [5:16:20/26:33:12]  Acc_iter 62900       Data time: 0.02(0.03)  Forward time: 0.31(0.28)  Batch time: 0.33(0.31)
2026-07-30 00:53:41,651   INFO  Train:    7/40 ( 18%) [7383/9261 ( 80%)]  Loss: 1.468 (1.28)  LR: 2.852e-04  Time cost: 38:16/09:43 [5:16:37/26:33:34]  Acc_iter 62950       Data time: 0.02(0.03)  Forward time: 0.31(0.28)  Batch time: 0.33(0.31)
2026-07-30 00:53:57,533   INFO  Train:    7/40 ( 18%) [7433/9261 ( 80%)]  Loss: 1.225 (1.27)  LR: 2.853e-04  Time cost: 38:31/09:28 [5:16:52/26:33:32]  Acc_iter 63000       Data time: 0.01(0.03)  Forward time: 0.30(0.28)  Batch time: 0.31(0.31)
2026-07-30 00:53:58,092   INFO  a1e06a0b30c0                Thu Jul 30 00:53:58 2026  580.173.02
[0] NVIDIA GeForce RTX 3070 | 61°C,   3 % |  6353 /  8192 MB | root(5808M)

2026-07-30 00:54:12,740   INFO  Train:    7/40 ( 18%) [7483/9261 ( 81%)]  Loss: 1.432 (1.27)  LR: 2.855e-04  Time cost: 38:47/09:12 [5:17:08/26:33:02]  Acc_iter 63050       Data time: 0.03(0.03)  Forward time: 0.27(0.28)  Batch time: 0.30(0.31)
2026-07-30 00:54:27,678   INFO  Train:    7/40 ( 18%) [7533/9261 ( 81%)]  Loss: 1.266 (1.27)  LR: 2.856e-04  Time cost: 39:02/08:57 [5:17:23/26:32:22]  Acc_iter 63100       Data time: 0.01(0.03)  Forward time: 0.23(0.28)  Batch time: 0.24(0.31)
2026-07-30 00:54:42,598   INFO  Train:    7/40 ( 18%) [7583/9261 ( 82%)]  Loss: 1.499 (1.27)  LR: 2.857e-04  Time cost: 39:16/08:41 [5:17:38/26:31:41]  Acc_iter 63150       Data time: 0.03(0.03)  Forward time: 0.30(0.28)  Batch time: 0.32(0.31)
2026-07-30 00:54:43,270   INFO  a1e06a0b30c0                Thu Jul 30 00:54:43 2026  580.173.02
[0] NVIDIA GeForce RTX 3070 | 63°C,  13 % |  6341 /  8192 MB | root(5808M)

2026-07-30 00:54:58,662   INFO  Train:    7/40 ( 18%) [7633/9261 ( 82%)]  Loss: 1.178 (1.27)  LR: 2.859e-04  Time cost: 39:33/08:26 [5:17:54/26:31:47]  Acc_iter 63200       Data time: 0.04(0.03)  Forward time: 0.29(0.28)  Batch time: 0.33(0.31)
2026-07-30 00:55:15,375   INFO  Train:    7/40 ( 18%) [7683/9261 ( 83%)]  Loss: 1.437 (1.27)  LR: 2.860e-04  Time cost: 39:49/08:10 [5:18:10/26:32:18]  Acc_iter 63250       Data time: 0.00(0.03)  Forward time: 0.32(0.28)  Batch time: 0.32(0.31)
2026-07-30 00:55:25,791   INFO  Save latest model to /OpenPCDet/output/OpenPCDet/tools/cfgs/models/S/D/S_D_N/unfrozen_backbone_1_93/ckpt/latest_model
2026-07-30 00:55:30,522   INFO  Train:    7/40 ( 18%) [7733/9261 ( 84%)]  Loss: 1.705 (1.27)  LR: 2.861e-04  Time cost: 40:04/07:55 [5:18:25/26:31:46]  Acc_iter 63300       Data time: 0.01(0.03)  Forward time: 0.29(0.28)  Batch time: 0.30(0.31)
2026-07-30 00:55:31,081   INFO  a1e06a0b30c0                Thu Jul 30 00:55:31 2026  580.173.02
[0] NVIDIA GeForce RTX 3070 | 61°C,   2 % |  6347 /  8192 MB | root(5808M)

2026-07-30 00:55:46,109   INFO  Train:    7/40 ( 18%) [7783/9261 ( 84%)]  Loss: 1.461 (1.27)  LR: 2.862e-04  Time cost: 40:20/07:39 [5:18:41/26:31:32]  Acc_iter 63350       Data time: 0.02(0.03)  Forward time: 0.35(0.28)  Batch time: 0.38(0.31)
2026-07-30 00:56:01,351   INFO  Train:    7/40 ( 18%) [7833/9261 ( 85%)]  Loss: 1.471 (1.27)  LR: 2.864e-04  Time cost: 40:35/07:23 [5:18:56/26:31:05]  Acc_iter 63400       Data time: 0.00(0.03)  Forward time: 0.23(0.28)  Batch time: 0.23(0.31)
2026-07-30 00:56:16,783   INFO  Train:    7/40 ( 18%) [7883/9261 ( 85%)]  Loss: 0.9763 (1.28)  LR: 2.865e-04  Time cost: 40:51/07:08 [5:19:12/26:30:45]  Acc_iter 63450       Data time: 0.05(0.03)  Forward time: 0.29(0.28)  Batch time: 0.34(0.31)
2026-07-30 00:56:17,376   INFO  a1e06a0b30c0                Thu Jul 30 00:56:17 2026  580.173.02
[0] NVIDIA GeForce RTX 3070 | 64°C, 100 % |  6345 /  8192 MB | root(5808M)

2026-07-30 00:56:33,709   INFO  Train:    7/40 ( 18%) [7933/9261 ( 86%)]  Loss: 1.261 (1.28)  LR: 2.866e-04  Time cost: 41:08/06:53 [5:19:29/26:31:23]  Acc_iter 63500       Data time: 0.02(0.03)  Forward time: 0.28(0.28)  Batch time: 0.30(0.31)
2026-07-30 00:56:49,143   INFO  Train:    7/40 ( 18%) [7983/9261 ( 86%)]  Loss: 1.328 (1.28)  LR: 2.867e-04  Time cost: 41:23/06:37 [5:19:44/26:31:03]  Acc_iter 63550       Data time: 0.04(0.03)  Forward time: 0.23(0.28)  Batch time: 0.27(0.31)
2026-07-30 00:57:04,489   INFO  Train:    7/40 ( 18%) [8033/9261 ( 87%)]  Loss: 1.508 (1.28)  LR: 2.869e-04  Time cost: 41:38/06:21 [5:19:59/26:30:39]  Acc_iter 63600       Data time: 0.02(0.03)  Forward time: 0.31(0.28)  Batch time: 0.33(0.31)
2026-07-30 00:57:05,013   INFO  a1e06a0b30c0                Thu Jul 30 00:57:04 2026  580.173.02
[0] NVIDIA GeForce RTX 3070 | 61°C,   3 % |  6347 /  8192 MB | root(5808M)

2026-07-30 00:57:19,941   INFO  Train:    7/40 ( 18%) [8083/9261 ( 87%)]  Loss: 0.9075 (1.27)  LR: 2.870e-04  Time cost: 41:54/06:06 [5:20:15/26:30:20]  Acc_iter 63650       Data time: 0.02(0.03)  Forward time: 0.28(0.28)  Batch time: 0.31(0.31)
2026-07-30 00:57:34,952   INFO  Train:    7/40 ( 18%) [8133/9261 ( 88%)]  Loss: 1.529 (1.27)  LR: 2.871e-04  Time cost: 42:09/05:50 [5:20:30/26:29:44]  Acc_iter 63700       Data time: 0.02(0.03)  Forward time: 0.29(0.28)  Batch time: 0.31(0.31)
2026-07-30 00:57:51,347   INFO  Train:    7/40 ( 18%) [8183/9261 ( 88%)]  Loss: 1.264 (1.27)  LR: 2.872e-04  Time cost: 42:25/05:35 [5:20:46/26:30:00]  Acc_iter 63750       Data time: 0.03(0.03)  Forward time: 0.29(0.28)  Batch time: 0.32(0.31)
2026-07-30 00:57:52,055   INFO  a1e06a0b30c0                Thu Jul 30 00:57:52 2026  580.173.02
[0] NVIDIA GeForce RTX 3070 | 60°C,   3 % |  6349 /  8192 MB | root(5808M)

2026-07-30 00:58:07,539   INFO  Train:    7/40 ( 18%) [8233/9261 ( 89%)]  Loss: 1.474 (1.27)  LR: 2.874e-04  Time cost: 42:41/05:19 [5:21:02/26:30:08]  Acc_iter 63800       Data time: 0.01(0.03)  Forward time: 0.28(0.28)  Batch time: 0.29(0.31)
2026-07-30 00:58:22,462   INFO  Train:    7/40 ( 18%) [8283/9261 ( 89%)]  Loss: 1.159 (1.27)  LR: 2.875e-04  Time cost: 42:56/05:04 [5:21:17/26:29:29]  Acc_iter 63850       Data time: 0.02(0.03)  Forward time: 0.36(0.28)  Batch time: 0.38(0.31)
2026-07-30 00:58:37,158   INFO  Train:    7/40 ( 18%) [8333/9261 ( 90%)]  Loss: 1.390 (1.27)  LR: 2.876e-04  Time cost: 43:11/04:48 [5:21:32/26:28:42]  Acc_iter 63900       Data time: 0.03(0.03)  Forward time: 0.30(0.28)  Batch time: 0.33(0.31)
2026-07-30 00:58:37,812   INFO  a1e06a0b30c0                Thu Jul 30 00:58:37 2026  580.173.02
[0] NVIDIA GeForce RTX 3070 | 63°C,  64 % |  6347 /  8192 MB | root(5808M)

2026-07-30 00:58:52,517   INFO  Train:    7/40 ( 18%) [8383/9261 ( 91%)]  Loss: 1.263 (1.27)  LR: 2.877e-04  Time cost: 43:26/04:33 [5:21:47/26:28:20]  Acc_iter 63950       Data time: 0.04(0.03)  Forward time: 0.31(0.28)  Batch time: 0.34(0.31)
2026-07-30 00:59:08,602   INFO  Train:    7/40 ( 18%) [8433/9261 ( 91%)]  Loss: 1.442 (1.27)  LR: 2.878e-04  Time cost: 43:43/04:17 [5:22:04/26:28:24]  Acc_iter 64000       Data time: 0.04(0.03)  Forward time: 0.30(0.28)  Batch time: 0.34(0.31)
2026-07-30 00:59:24,608   INFO  Train:    7/40 ( 18%) [8483/9261 ( 92%)]  Loss: 1.053 (1.27)  LR: 2.880e-04  Time cost: 43:59/04:02 [5:22:20/26:28:25]  Acc_iter 64050       Data time: 0.00(0.03)  Forward time: 0.21(0.28)  Batch time: 0.22(0.31)
2026-07-30 00:59:25,214   INFO  a1e06a0b30c0                Thu Jul 30 00:59:25 2026  580.173.02
[0] NVIDIA GeForce RTX 3070 | 62°C,  16 % |  6349 /  8192 MB | root(5808M)

2026-07-30 00:59:40,103   INFO  Train:    7/40 ( 18%) [8533/9261 ( 92%)]  Loss: 1.343 (1.27)  LR: 2.881e-04  Time cost: 44:14/03:46 [5:22:35/26:28:07]  Acc_iter 64100       Data time: 0.01(0.03)  Forward time: 0.27(0.28)  Batch time: 0.29(0.31)
2026-07-30 00:59:55,107   INFO  Train:    7/40 ( 18%) [8583/9261 ( 93%)]  Loss: 1.237 (1.27)  LR: 2.882e-04  Time cost: 44:29/03:30 [5:22:50/26:27:32]  Acc_iter 64150       Data time: 0.02(0.03)  Forward time: 0.28(0.28)  Batch time: 0.30(0.31)
2026-07-30 01:00:10,447   INFO  Train:    7/40 ( 18%) [8633/9261 ( 93%)]  Loss: 1.249 (1.27)  LR: 2.883e-04  Time cost: 44:44/03:15 [5:23:05/26:27:09]  Acc_iter 64200       Data time: 0.01(0.03)  Forward time: 0.28(0.28)  Batch time: 0.29(0.31)
2026-07-30 01:00:10,979   INFO  a1e06a0b30c0                Thu Jul 30 01:00:10 2026  580.173.02
[0] NVIDIA GeForce RTX 3070 | 61°C,   3 % |  6349 /  8192 MB | root(5808M)

2026-07-30 01:00:25,772   INFO  Save latest model to /OpenPCDet/output/OpenPCDet/tools/cfgs/models/S/D/S_D_N/unfrozen_backbone_1_93/ckpt/latest_model
2026-07-30 01:00:27,162   INFO  Train:    7/40 ( 18%) [8683/9261 ( 94%)]  Loss: 1.151 (1.27)  LR: 2.884e-04  Time cost: 45:01/02:59 [5:23:22/26:27:34]  Acc_iter 64250       Data time: 0.02(0.03)  Forward time: 0.45(0.28)  Batch time: 0.47(0.31)
2026-07-30 01:00:43,379   INFO  Train:    7/40 ( 18%) [8733/9261 ( 94%)]  Loss: 1.150 (1.27)  LR: 2.885e-04  Time cost: 45:17/02:44 [5:23:38/26:27:42]  Acc_iter 64300       Data time: 0.03(0.03)  Forward time: 0.32(0.28)  Batch time: 0.35(0.31)
2026-07-30 01:00:58,090   INFO  Train:    7/40 ( 18%) [8783/9261 ( 95%)]  Loss: 1.175 (1.27)  LR: 2.887e-04  Time cost: 45:32/02:28 [5:23:53/26:26:57]  Acc_iter 64350       Data time: 0.02(0.03)  Forward time: 0.29(0.28)  Batch time: 0.31(0.31)
2026-07-30 01:00:58,612   INFO  a1e06a0b30c0                Thu Jul 30 01:00:58 2026  580.173.02
[0] NVIDIA GeForce RTX 3070 | 63°C,  90 % |  6349 /  8192 MB | root(5808M)

2026-07-30 01:01:13,525   INFO  Train:    7/40 ( 18%) [8833/9261 ( 95%)]  Loss: 1.239 (1.27)  LR: 2.888e-04  Time cost: 45:47/02:13 [5:24:08/26:26:37]  Acc_iter 64400       Data time: 0.02(0.03)  Forward time: 0.32(0.28)  Batch time: 0.34(0.31)
2026-07-30 01:01:28,649   INFO  Train:    7/40 ( 18%) [8883/9261 ( 96%)]  Loss: 0.9611 (1.27)  LR: 2.889e-04  Time cost: 46:03/01:57 [5:24:24/26:26:07]  Acc_iter 64450       Data time: 0.01(0.03)  Forward time: 0.24(0.28)  Batch time: 0.26(0.31)
2026-07-30 01:01:44,235   INFO  Train:    7/40 ( 18%) [8933/9261 ( 96%)]  Loss: 1.256 (1.27)  LR: 2.890e-04  Time cost: 46:18/01:42 [5:24:39/26:25:53]  Acc_iter 64500       Data time: 0.02(0.03)  Forward time: 0.33(0.28)  Batch time: 0.35(0.31)
2026-07-30 01:01:44,906   INFO  a1e06a0b30c0                Thu Jul 30 01:01:44 2026  580.173.02
[0] NVIDIA GeForce RTX 3070 | 64°C,   3 % |  6345 /  8192 MB | root(5808M)

2026-07-30 01:02:01,164   INFO  Train:    7/40 ( 18%) [8983/9261 ( 97%)]  Loss: 1.357 (1.27)  LR: 2.891e-04  Time cost: 46:35/01:26 [5:24:56/26:26:24]  Acc_iter 64550       Data time: 0.01(0.03)  Forward time: 0.29(0.28)  Batch time: 0.30(0.31)
2026-07-30 01:02:16,113   INFO  Train:    7/40 ( 18%) [9033/9261 ( 98%)]  Loss: 1.416 (1.27)  LR: 2.892e-04  Time cost: 46:50/01:10 [5:25:11/26:25:48]  Acc_iter 64600       Data time: 0.01(0.03)  Forward time: 0.27(0.28)  Batch time: 0.28(0.31)
2026-07-30 01:02:30,881   INFO  Train:    7/40 ( 18%) [9083/9261 ( 98%)]  Loss: 0.9369 (1.27)  LR: 2.893e-04  Time cost: 47:05/00:55 [5:25:26/26:25:06]  Acc_iter 64650       Data time: 0.00(0.03)  Forward time: 0.23(0.28)  Batch time: 0.23(0.31)
2026-07-30 01:02:31,422   INFO  a1e06a0b30c0                Thu Jul 30 01:02:31 2026  580.173.02
[0] NVIDIA GeForce RTX 3070 | 60°C,  70 % |  6347 /  8192 MB | root(5808M)

2026-07-30 01:02:46,358   INFO  Train:    7/40 ( 18%) [9133/9261 ( 99%)]  Loss: 1.062 (1.27)  LR: 2.894e-04  Time cost: 47:20/00:39 [5:25:41/26:24:48]  Acc_iter 64700       Data time: 0.00(0.03)  Forward time: 0.26(0.28)  Batch time: 0.27(0.31)
2026-07-30 01:03:02,104   INFO  Train:    7/40 ( 18%) [9183/9261 ( 99%)]  Loss: 1.141 (1.27)  LR: 2.896e-04  Time cost: 47:36/00:24 [5:25:57/26:24:39]  Acc_iter 64750       Data time: 0.01(0.03)  Forward time: 0.28(0.28)  Batch time: 0.29(0.31)
2026-07-30 01:03:18,439   INFO  Train:    7/40 ( 18%) [9233/9261 (100%)]  Loss: 1.172 (1.27)  LR: 2.897e-04  Time cost: 47:52/00:08 [5:26:13/26:24:49]  Acc_iter 64800       Data time: 0.03(0.03)  Forward time: 0.30(0.28)  Batch time: 0.33(0.31)
2026-07-30 01:03:19,105   INFO  a1e06a0b30c0                Thu Jul 30 01:03:19 2026  580.173.02
[0] NVIDIA GeForce RTX 3070 | 60°C,   3 % |  6347 /  8192 MB | root(5808M)

2026-07-30 01:03:26,466   INFO  Train:    7/40 ( 18%) [9260/9261 (100%)]  Loss: 1.518 (1.27)  LR: 2.897e-04  Time cost: 48:00/00:00 [5:26:21/26:24:28]  Acc_iter 64827       Data time: 0.02(0.03)  Forward time: 0.11(0.28)  Batch time: 0.13(0.31)
2026-07-30 01:03:30,043   INFO  Train:    8/40 ( 20%) [   0/9261 (  0%)]  Loss: 1.405 (1.41)  LR: 2.897e-04  Time cost: 00:02/6:31:11 [5:26:25/215:09:29]  Acc_iter 64828       Data time: 2.08(2.08)  Forward time: 0.43(0.43)  Batch time: 2.52(2.52)
2026-07-30 01:03:36,846   INFO  Train:    8/40 ( 20%) [  22/9261 (  0%)]  Loss: 1.174 (1.31)  LR: 2.898e-04  Time cost: 00:09/1:02:30 [5:26:32/34:27:36]  Acc_iter 64850       Data time: 0.01(0.11)  Forward time: 0.23(0.30)  Batch time: 0.24(0.41)
2026-07-30 01:03:51,615   INFO  Train:    8/40 ( 20%) [  72/9261 (  1%)]  Loss: 1.146 (1.27)  LR: 2.899e-04  Time cost: 00:24/50:34 [5:26:47/28:01:35]  Acc_iter 64900       Data time: 0.03(0.05)  Forward time: 0.22(0.28)  Batch time: 0.26(0.33)
2026-07-30 01:04:06,513   INFO  Train:    8/40 ( 20%) [ 122/9261 (  1%)]  Loss: 1.069 (1.25)  LR: 2.900e-04  Time cost: 00:39/48:18 [5:27:01/26:54:32]  Acc_iter 64950       Data time: 0.03(0.04)  Forward time: 0.29(0.28)  Batch time: 0.32(0.32)
2026-07-30 01:04:07,062   INFO  a1e06a0b30c0                Thu Jul 30 01:04:07 2026  580.173.02
[0] NVIDIA GeForce RTX 3070 | 61°C,   3 % |  6339 /  8192 MB | root(5808M)

2026-07-30 01:04:21,920   INFO  Train:    8/40 ( 20%) [ 172/9261 (  2%)]  Loss: 1.154 (1.24)  LR: 2.901e-04  Time cost: 00:54/47:38 [5:27:17/26:41:05]  Acc_iter 65000       Data time: 0.01(0.04)  Forward time: 0.31(0.28)  Batch time: 0.32(0.31)
2026-07-30 01:04:37,768   INFO  Train:    8/40 ( 20%) [ 222/9261 (  2%)]  Loss: 1.010 (1.25)  LR: 2.902e-04  Time cost: 01:10/47:27 [5:27:33/26:43:36]  Acc_iter 65050       Data time: 0.07(0.04)  Forward time: 0.23(0.28)  Batch time: 0.30(0.31)
2026-07-30 01:04:53,430   INFO  Train:    8/40 ( 20%) [ 272/9261 (  3%)]  Loss: 1.303 (1.26)  LR: 2.903e-04  Time cost: 01:25/47:09 [5:27:48/26:41:39]  Acc_iter 65100       Data time: 0.02(0.03)  Forward time: 0.29(0.28)  Batch time: 0.31(0.31)
2026-07-30 01:04:54,002   INFO  a1e06a0b30c0                Thu Jul 30 01:04:53 2026  580.173.02
[0] NVIDIA GeForce RTX 3070 | 61°C,   3 % |  6349 /  8192 MB | root(5808M)

2026-07-30 01:05:08,662   INFO  Train:    8/40 ( 20%) [ 322/9261 (  3%)]  Loss: 1.398 (1.27)  LR: 2.904e-04  Time cost: 01:41/46:39 [5:28:04/26:33:26]  Acc_iter 65150       Data time: 0.04(0.03)  Forward time: 0.25(0.28)  Batch time: 0.30(0.31)
2026-07-30 01:05:23,325   INFO  Train:    8/40 ( 20%) [ 372/9261 (  4%)]  Loss: 1.948 (1.27)  LR: 2.905e-04  Time cost: 01:55/46:00 [5:28:18/26:19:37]  Acc_iter 65200       Data time: 0.06(0.03)  Forward time: 0.24(0.28)  Batch time: 0.30(0.31)
2026-07-30 01:05:38,403   INFO  Train:    8/40 ( 20%) [ 422/9261 (  5%)]  Loss: 1.415 (1.26)  LR: 2.906e-04  Time cost: 02:10/45:35 [5:28:33/26:13:58]  Acc_iter 65250       Data time: 0.00(0.03)  Forward time: 0.23(0.28)  Batch time: 0.24(0.31)
2026-07-30 01:05:39,069   INFO  a1e06a0b30c0                Thu Jul 30 01:05:39 2026  580.173.02
[0] NVIDIA GeForce RTX 3070 | 61°C,   3 % |  6349 /  8192 MB | root(5808M)

2026-07-30 01:05:55,405   INFO  Train:    8/40 ( 20%) [ 472/9261 (  5%)]  Loss: 1.424 (1.26)  LR: 2.907e-04  Time cost: 02:27/45:48 [5:28:50/26:30:10]  Acc_iter 65300       Data time: 0.02(0.03)  Forward time: 0.54(0.28)  Batch time: 0.56(0.31)
2026-07-30 01:06:11,027   INFO  Train:    8/40 ( 20%) [ 522/9261 (  6%)]  Loss: 1.096 (1.26)  LR: 2.908e-04  Time cost: 02:43/45:32 [5:29:06/26:29:48]  Acc_iter 65350       Data time: 0.02(0.03)  Forward time: 0.33(0.28)  Batch time: 0.35(0.31)
2026-07-30 01:06:25,593   INFO  Train:    8/40 ( 20%) [ 572/9261 (  6%)]  Loss: 1.482 (1.26)  LR: 2.909e-04  Time cost: 02:58/45:00 [5:29:21/26:20:04]  Acc_iter 65400       Data time: 0.00(0.03)  Forward time: 0.23(0.28)  Batch time: 0.24(0.31)
2026-07-30 01:06:26,143   INFO  a1e06a0b30c0                Thu Jul 30 01:06:26 2026  580.173.02
[0] NVIDIA GeForce RTX 3070 | 61°C,   2 % |  6345 /  8192 MB | root(5808M)

2026-07-30 01:06:41,019   INFO  Train:    8/40 ( 20%) [ 622/9261 (  7%)]  Loss: 0.8972 (1.25)  LR: 2.910e-04  Time cost: 03:13/44:43 [5:29:36/26:18:53]  Acc_iter 65450       Data time: 0.02(0.03)  Forward time: 0.26(0.28)  Batch time: 0.28(0.31)
2026-07-30 01:06:56,038   INFO  Train:    8/40 ( 20%) [ 672/9261 (  7%)]  Loss: 1.203 (1.25)  LR: 2.911e-04  Time cost: 03:28/44:21 [5:29:51/26:14:45]  Acc_iter 65500       Data time: 0.02(0.03)  Forward time: 0.26(0.28)  Batch time: 0.29(0.31)
2026-07-30 01:07:11,563   INFO  Train:    8/40 ( 20%) [ 722/9261 (  8%)]  Loss: 1.516 (1.25)  LR: 2.912e-04  Time cost: 03:44/44:06 [5:30:06/26:14:44]  Acc_iter 65550       Data time: 0.05(0.03)  Forward time: 0.22(0.28)  Batch time: 0.27(0.31)
2026-07-30 01:07:12,081   INFO  a1e06a0b30c0                Thu Jul 30 01:07:12 2026  580.173.02
[0] NVIDIA GeForce RTX 3070 | 61°C,   0 % |  6345 /  8192 MB | root(5808M)

2026-07-30 01:07:28,180   INFO  Train:    8/40 ( 20%) [ 772/9261 (  8%)]  Loss: 1.306 (1.25)  LR: 2.913e-04  Time cost: 04:00/44:03 [5:30:23/26:21:51]  Acc_iter 65600       Data time: 0.01(0.03)  Forward time: 0.28(0.28)  Batch time: 0.29(0.31)
2026-07-30 01:07:43,071   INFO  Train:    8/40 ( 20%) [ 822/9261 (  9%)]  Loss: 1.578 (1.25)  LR: 2.914e-04  Time cost: 04:15/43:40 [5:30:38/26:17:25]  Acc_iter 65650       Data time: 0.02(0.03)  Forward time: 0.30(0.28)  Batch time: 0.32(0.31)
2026-07-30 01:07:57,953   INFO  Train:    8/40 ( 20%) [ 872/9261 (  9%)]  Loss: 1.275 (1.25)  LR: 2.915e-04  Time cost: 04:30/43:18 [5:30:53/26:13:24]  Acc_iter 65700       Data time: 0.01(0.03)  Forward time: 0.32(0.28)  Batch time: 0.34(0.31)
2026-07-30 01:07:58,495   INFO  a1e06a0b30c0                Thu Jul 30 01:07:58 2026  580.173.02
[0] NVIDIA GeForce RTX 3070 | 61°C,  23 % |  6347 /  8192 MB | root(5808M)

2026-07-30 01:08:13,533   INFO  Train:    8/40 ( 20%) [ 922/9261 ( 10%)]  Loss: 1.320 (1.25)  LR: 2.916e-04  Time cost: 04:46/43:04 [5:31:08/26:13:39]  Acc_iter 65750       Data time: 0.02(0.03)  Forward time: 0.35(0.28)  Batch time: 0.37(0.31)
2026-07-30 01:08:27,802   INFO  Save latest model to /OpenPCDet/output/OpenPCDet/tools/cfgs/models/S/D/S_D_N/unfrozen_backbone_1_93/ckpt/latest_model
2026-07-30 01:08:29,053   INFO  Train:    8/40 ( 20%) [ 972/9261 ( 10%)]  Loss: 0.9791 (1.25)  LR: 2.917e-04  Time cost: 05:01/42:48 [5:31:24/26:13:31]  Acc_iter 65800       Data time: 0.02(0.03)  Forward time: 0.34(0.28)  Batch time: 0.36(0.31)
2026-07-30 01:08:45,510   INFO  Train:    8/40 ( 20%) [1022/9261 ( 11%)]  Loss: 1.180 (1.25)  LR: 2.918e-04  Time cost: 05:18/42:41 [5:31:40/26:18:02]  Acc_iter 65850       Data time: 0.02(0.03)  Forward time: 0.29(0.28)  Batch time: 0.31(0.31)
2026-07-30 01:08:46,139   INFO  a1e06a0b30c0                Thu Jul 30 01:08:46 2026  580.173.02
[0] NVIDIA GeForce RTX 3070 | 60°C,   4 % |  6355 /  8192 MB | root(5808M)

2026-07-30 01:09:01,208   INFO  Train:    8/40 ( 20%) [1072/9261 ( 12%)]  Loss: 1.506 (1.25)  LR: 2.919e-04  Time cost: 05:33/42:26 [5:31:56/26:18:31]  Acc_iter 65900       Data time: 0.00(0.03)  Forward time: 0.25(0.28)  Batch time: 0.25(0.31)
2026-07-30 01:09:16,060   INFO  Train:    8/40 ( 20%) [1122/9261 ( 12%)]  Loss: 1.212 (1.25)  LR: 2.920e-04  Time cost: 05:48/42:06 [5:32:11/26:15:06]  Acc_iter 65950       Data time: 0.02(0.03)  Forward time: 0.29(0.28)  Batch time: 0.31(0.31)
2026-07-30 01:09:31,132   INFO  Train:    8/40 ( 20%) [1172/9261 ( 13%)]  Loss: 1.368 (1.25)  LR: 2.921e-04  Time cost: 06:03/41:47 [5:32:26/26:12:55]  Acc_iter 66000       Data time: 0.02(0.03)  Forward time: 0.29(0.28)  Batch time: 0.31(0.31)
2026-07-30 01:09:31,695   INFO  a1e06a0b30c0                Thu Jul 30 01:09:31 2026  580.173.02
[0] NVIDIA GeForce RTX 3070 | 63°C,  97 % |  6339 /  8192 MB | root(5808M)

2026-07-30 01:09:47,306   INFO  Train:    8/40 ( 20%) [1222/9261 ( 13%)]  Loss: 1.555 (1.25)  LR: 2.922e-04  Time cost: 06:19/41:36 [5:32:42/26:15:27]  Acc_iter 66050       Data time: 0.02(0.03)  Forward time: 0.36(0.28)  Batch time: 0.38(0.31)
2026-07-30 01:10:03,908   INFO  Train:    8/40 ( 20%) [1272/9261 ( 14%)]  Loss: 1.019 (1.25)  LR: 2.923e-04  Time cost: 06:36/41:27 [5:32:59/26:19:28]  Acc_iter 66100       Data time: 0.04(0.03)  Forward time: 0.31(0.28)  Batch time: 0.35(0.31)
2026-07-30 01:10:19,231   INFO  Train:    8/40 ( 20%) [1322/9261 ( 14%)]  Loss: 1.548 (1.25)  LR: 2.924e-04  Time cost: 06:51/41:10 [5:33:14/26:18:16]  Acc_iter 66150       Data time: 0.00(0.03)  Forward time: 0.25(0.28)  Batch time: 0.25(0.31)
2026-07-30 01:10:19,780   INFO  a1e06a0b30c0                Thu Jul 30 01:10:19 2026  580.173.02
[0] NVIDIA GeForce RTX 3070 | 66°C,  35 % |  6349 /  8192 MB | root(5808M)

2026-07-30 01:10:34,825   INFO  Train:    8/40 ( 20%) [1372/9261 ( 15%)]  Loss: 1.353 (1.25)  LR: 2.925e-04  Time cost: 07:07/40:55 [5:33:30/26:18:08]  Acc_iter 66200       Data time: 0.02(0.03)  Forward time: 0.31(0.28)  Batch time: 0.33(0.31)
2026-07-30 01:10:49,815   INFO  Train:    8/40 ( 20%) [1422/9261 ( 15%)]  Loss: 1.187 (1.25)  LR: 2.926e-04  Time cost: 07:22/40:36 [5:33:45/26:15:50]  Acc_iter 66250       Data time: 0.02(0.03)  Forward time: 0.29(0.28)  Batch time: 0.32(0.31)
2026-07-30 01:11:04,850   INFO  Train:    8/40 ( 20%) [1472/9261 ( 16%)]  Loss: 1.061 (1.25)  LR: 2.927e-04  Time cost: 07:37/40:18 [5:34:00/26:13:50]  Acc_iter 66300       Data time: 0.05(0.03)  Forward time: 0.25(0.28)  Batch time: 0.30(0.31)
2026-07-30 01:11:05,579   INFO  a1e06a0b30c0                Thu Jul 30 01:11:05 2026  580.173.02
[0] NVIDIA GeForce RTX 3070 | 60°C,  71 % |  6349 /  8192 MB | root(5808M)

2026-07-30 01:11:21,819   INFO  Train:    8/40 ( 20%) [1522/9261 ( 16%)]  Loss: 1.269 (1.25)  LR: 2.928e-04  Time cost: 07:54/40:10 [5:34:17/26:18:23]  Acc_iter 66350       Data time: 0.03(0.03)  Forward time: 0.32(0.28)  Batch time: 0.35(0.31)
2026-07-30 01:11:37,202   INFO  Train:    8/40 ( 20%) [1572/9261 ( 17%)]  Loss: 1.311 (1.25)  LR: 2.929e-04  Time cost: 08:09/39:53 [5:34:32/26:17:31]  Acc_iter 66400       Data time: 0.02(0.03)  Forward time: 0.28(0.28)  Batch time: 0.30(0.31)
2026-07-30 01:11:52,137   INFO  Train:    8/40 ( 20%) [1622/9261 ( 18%)]  Loss: 1.184 (1.25)  LR: 2.930e-04  Time cost: 08:24/39:35 [5:34:47/26:15:17]  Acc_iter 66450       Data time: 0.02(0.03)  Forward time: 0.29(0.28)  Batch time: 0.32(0.31)
2026-07-30 01:11:52,755   INFO  a1e06a0b30c0                Thu Jul 30 01:11:52 2026  580.173.02
[0] NVIDIA GeForce RTX 3070 | 61°C,  68 % |  6349 /  8192 MB | root(5808M)

2026-07-30 01:12:07,357   INFO  Train:    8/40 ( 20%) [1672/9261 ( 18%)]  Loss: 1.351 (1.25)  LR: 2.931e-04  Time cost: 08:39/39:18 [5:35:02/26:14:03]  Acc_iter 66500       Data time: 0.01(0.03)  Forward time: 0.29(0.28)  Batch time: 0.30(0.31)
2026-07-30 01:12:22,526   INFO  Train:    8/40 ( 20%) [1722/9261 ( 19%)]  Loss: 1.109 (1.25)  LR: 2.932e-04  Time cost: 08:55/39:00 [5:35:17/26:12:42]  Acc_iter 66550       Data time: 0.04(0.03)  Forward time: 0.29(0.28)  Batch time: 0.34(0.31)
2026-07-30 01:12:38,645   INFO  Train:    8/40 ( 20%) [1772/9261 ( 19%)]  Loss: 1.621 (1.25)  LR: 2.933e-04  Time cost: 09:11/38:47 [5:35:34/26:14:08]  Acc_iter 66600       Data time: 0.06(0.03)  Forward time: 0.24(0.28)  Batch time: 0.30(0.31)
2026-07-30 01:12:39,384   INFO  a1e06a0b30c0                Thu Jul 30 01:12:39 2026  580.173.02
[0] NVIDIA GeForce RTX 3070 | 62°C,   6 % |  6349 /  8192 MB | root(5808M)

2026-07-30 01:12:54,939   INFO  Train:    8/40 ( 20%) [1822/9261 ( 20%)]  Loss: 1.096 (1.25)  LR: 2.933e-04  Time cost: 09:27/38:35 [5:35:50/26:15:58]  Acc_iter 66650       Data time: 0.00(0.03)  Forward time: 0.24(0.28)  Batch time: 0.24(0.31)
2026-07-30 01:13:09,816   INFO  Train:    8/40 ( 20%) [1872/9261 ( 20%)]  Loss: 0.8877 (1.25)  LR: 2.934e-04  Time cost: 09:42/38:17 [5:36:05/26:13:51]  Acc_iter 66700       Data time: 0.02(0.03)  Forward time: 0.32(0.28)  Batch time: 0.34(0.31)
2026-07-30 01:13:24,817   INFO  Train:    8/40 ( 20%) [1922/9261 ( 21%)]  Loss: 1.304 (1.25)  LR: 2.935e-04  Time cost: 09:57/37:59 [5:36:20/26:12:10]  Acc_iter 66750       Data time: 0.00(0.03)  Forward time: 0.22(0.28)  Batch time: 0.22(0.31)
2026-07-30 01:13:25,550   INFO  a1e06a0b30c0                Thu Jul 30 01:13:25 2026  580.173.02
[0] NVIDIA GeForce RTX 3070 | 60°C,  71 % |  6349 /  8192 MB | root(5808M)

2026-07-30 01:13:27,976   INFO  Save latest model to /OpenPCDet/output/OpenPCDet/tools/cfgs/models/S/D/S_D_N/unfrozen_backbone_1_93/ckpt/latest_model
2026-07-30 01:13:40,784   INFO  Train:    8/40 ( 20%) [1972/9261 ( 21%)]  Loss: 1.461 (1.25)  LR: 2.936e-04  Time cost: 10:13/37:45 [5:36:36/26:13:01]  Acc_iter 66800       Data time: 0.06(0.03)  Forward time: 0.24(0.28)  Batch time: 0.30(0.31)
2026-07-30 01:13:57,069   INFO  Train:    8/40 ( 20%) [2022/9261 ( 22%)]  Loss: 1.129 (1.25)  LR: 2.937e-04  Time cost: 10:29/37:32 [5:36:52/26:14:37]  Acc_iter 66850       Data time: 0.01(0.03)  Forward time: 0.32(0.28)  Batch time: 0.33(0.31)
2026-07-30 01:14:12,965   INFO  Train:    8/40 ( 20%) [2072/9261 ( 22%)]  Loss: 1.643 (1.25)  LR: 2.938e-04  Time cost: 10:45/37:18 [5:37:08/26:15:11]  Acc_iter 66900       Data time: 0.01(0.03)  Forward time: 0.25(0.28)  Batch time: 0.26(0.31)
2026-07-30 01:14:13,548   INFO  a1e06a0b30c0                Thu Jul 30 01:14:13 2026  580.173.02
[0] NVIDIA GeForce RTX 3070 | 60°C,  58 % |  6353 /  8192 MB | root(5808M)

2026-07-30 01:14:28,262   INFO  Train:    8/40 ( 20%) [2122/9261 ( 23%)]  Loss: 0.9776 (1.25)  LR: 2.939e-04  Time cost: 11:00/37:01 [5:37:23/26:14:17]  Acc_iter 66950       Data time: 0.05(0.03)  Forward time: 0.23(0.28)  Batch time: 0.28(0.31)
2026-07-30 01:14:43,136   INFO  Train:    8/40 ( 20%) [2172/9261 ( 23%)]  Loss: 1.170 (1.25)  LR: 2.939e-04  Time cost: 11:15/36:44 [5:37:38/26:12:25]  Acc_iter 67000       Data time: 0.02(0.03)  Forward time: 0.27(0.28)  Batch time: 0.29(0.31)
2026-07-30 01:14:58,055   INFO  Train:    8/40 ( 20%) [2222/9261 ( 24%)]  Loss: 1.324 (1.25)  LR: 2.940e-04  Time cost: 11:30/36:26 [5:37:53/26:10:44]  Acc_iter 67050       Data time: 0.02(0.03)  Forward time: 0.28(0.28)  Batch time: 0.30(0.31)
2026-07-30 01:14:58,761   INFO  a1e06a0b30c0                Thu Jul 30 01:14:58 2026  580.173.02
[0] NVIDIA GeForce RTX 3070 | 61°C,  69 % |  6349 /  8192 MB | root(5808M)

2026-07-30 01:15:14,591   INFO  Train:    8/40 ( 20%) [2272/9261 ( 25%)]  Loss: 1.625 (1.25)  LR: 2.941e-04  Time cost: 11:47/36:14 [5:38:10/26:12:42]  Acc_iter 67100       Data time: 0.01(0.03)  Forward time: 0.29(0.28)  Batch time: 0.30(0.31)
2026-07-30 01:15:30,441   INFO  Train:    8/40 ( 20%) [2322/9261 ( 25%)]  Loss: 1.186 (1.25)  LR: 2.942e-04  Time cost: 12:02/35:59 [5:38:25/26:13:06]  Acc_iter 67150       Data time: 0.02(0.03)  Forward time: 0.28(0.28)  Batch time: 0.31(0.31)
2026-07-30 01:15:45,381   INFO  Train:    8/40 ( 20%) [2372/9261 ( 26%)]  Loss: 1.328 (1.25)  LR: 2.943e-04  Time cost: 12:17/35:42 [5:38:40/26:11:31]  Acc_iter 67200       Data time: 0.02(0.03)  Forward time: 0.34(0.28)  Batch time: 0.36(0.31)
2026-07-30 01:15:45,936   INFO  a1e06a0b30c0                Thu Jul 30 01:15:45 2026  580.173.02
[0] NVIDIA GeForce RTX 3070 | 64°C,  93 % |  6351 /  8192 MB | root(5808M)

2026-07-30 01:16:00,900   INFO  Train:    8/40 ( 20%) [2422/9261 ( 26%)]  Loss: 1.263 (1.25)  LR: 2.944e-04  Time cost: 12:33/35:26 [5:38:56/26:11:12]  Acc_iter 67250       Data time: 0.02(0.03)  Forward time: 0.31(0.28)  Batch time: 0.33(0.31)
2026-07-30 01:16:15,997   INFO  Train:    8/40 ( 20%) [2472/9261 ( 27%)]  Loss: 1.390 (1.25)  LR: 2.944e-04  Time cost: 12:48/35:09 [5:39:11/26:10:01]  Acc_iter 67300       Data time: 0.03(0.03)  Forward time: 0.27(0.28)  Batch time: 0.30(0.31)
2026-07-30 01:16:31,929   INFO  Train:    8/40 ( 20%) [2522/9261 ( 27%)]  Loss: 1.715 (1.25)  LR: 2.945e-04  Time cost: 13:04/34:55 [5:39:27/26:10:33]  Acc_iter 67350       Data time: 0.02(0.03)  Forward time: 0.29(0.28)  Batch time: 0.31(0.31)
2026-07-30 01:16:32,681   INFO  a1e06a0b30c0                Thu Jul 30 01:16:32 2026  580.173.02
[0] NVIDIA GeForce RTX 3070 | 60°C,  55 % |  6347 /  8192 MB | root(5808M)

2026-07-30 01:16:48,715   INFO  Train:    8/40 ( 20%) [2572/9261 ( 28%)]  Loss: 1.200 (1.25)  LR: 2.946e-04  Time cost: 13:21/34:42 [5:39:44/26:12:43]  Acc_iter 67400       Data time: 0.02(0.03)  Forward time: 0.34(0.28)  Batch time: 0.36(0.31)
2026-07-30 01:17:03,594   INFO  Train:    8/40 ( 20%) [2622/9261 ( 28%)]  Loss: 1.233 (1.25)  LR: 2.947e-04  Time cost: 13:36/34:25 [5:39:59/26:11:08]  Acc_iter 67450       Data time: 0.00(0.03)  Forward time: 0.23(0.28)  Batch time: 0.23(0.31)
2026-07-30 01:17:18,641   INFO  Train:    8/40 ( 20%) [2672/9261 ( 29%)]  Loss: 1.161 (1.25)  LR: 2.948e-04  Time cost: 13:51/34:08 [5:40:14/26:09:55]  Acc_iter 67500       Data time: 0.01(0.03)  Forward time: 0.27(0.28)  Batch time: 0.28(0.31)
2026-07-30 01:17:19,195   INFO  a1e06a0b30c0                Thu Jul 30 01:17:19 2026  580.173.02
[0] NVIDIA GeForce RTX 3070 | 62°C,   4 % |  6349 /  8192 MB | root(5808M)

2026-07-30 01:17:34,261   INFO  Train:    8/40 ( 20%) [2722/9261 ( 29%)]  Loss: 1.464 (1.25)  LR: 2.948e-04  Time cost: 14:06/33:53 [5:40:29/26:09:47]  Acc_iter 67550       Data time: 0.05(0.03)  Forward time: 0.26(0.28)  Batch time: 0.32(0.31)
2026-07-30 01:17:50,324   INFO  Train:    8/40 ( 20%) [2772/9261 ( 30%)]  Loss: 1.050 (1.25)  LR: 2.949e-04  Time cost: 14:22/33:39 [5:40:45/26:10:28]  Acc_iter 67600       Data time: 0.04(0.03)  Forward time: 0.30(0.28)  Batch time: 0.34(0.31)
2026-07-30 01:18:06,348   INFO  Train:    8/40 ( 20%) [2822/9261 ( 30%)]  Loss: 1.090 (1.25)  LR: 2.950e-04  Time cost: 14:38/33:24 [5:41:01/26:11:03]  Acc_iter 67650       Data time: 0.04(0.03)  Forward time: 0.23(0.28)  Batch time: 0.27(0.31)
2026-07-30 01:18:06,981   INFO  a1e06a0b30c0                Thu Jul 30 01:18:06 2026  580.173.02
[0] NVIDIA GeForce RTX 3070 | 60°C,   3 % |  6355 /  8192 MB | root(5808M)

2026-07-30 01:18:22,091   INFO  Train:    8/40 ( 20%) [2872/9261 ( 31%)]  Loss: 1.046 (1.25)  LR: 2.951e-04  Time cost: 14:54/33:09 [5:41:17/26:11:06]  Acc_iter 67700       Data time: 0.02(0.03)  Forward time: 0.30(0.28)  Batch time: 0.32(0.31)
2026-07-30 01:18:27,867   INFO  Save latest model to /OpenPCDet/output/OpenPCDet/tools/cfgs/models/S/D/S_D_N/unfrozen_backbone_1_93/ckpt/latest_model
2026-07-30 01:18:37,145   INFO  Train:    8/40 ( 20%) [2922/9261 ( 32%)]  Loss: 1.436 (1.25)  LR: 2.952e-04  Time cost: 15:09/32:52 [5:41:32/26:09:57]  Acc_iter 67750       Data time: 0.03(0.03)  Forward time: 0.33(0.28)  Batch time: 0.36(0.31)
2026-07-30 01:18:52,368   INFO  Train:    8/40 ( 20%) [2972/9261 ( 32%)]  Loss: 1.132 (1.25)  LR: 2.952e-04  Time cost: 15:24/32:36 [5:41:47/26:09:07]  Acc_iter 67800       Data time: 0.06(0.03)  Forward time: 0.23(0.28)  Batch time: 0.29(0.31)
2026-07-30 01:18:52,952   INFO  a1e06a0b30c0                Thu Jul 30 01:18:52 2026  580.173.02
[0] NVIDIA GeForce RTX 3070 | 64°C,  28 % |  6347 /  8192 MB | root(5808M)

2026-07-30 01:19:08,318   INFO  Train:    8/40 ( 20%) [3022/9261 ( 33%)]  Loss: 1.455 (1.25)  LR: 2.953e-04  Time cost: 15:40/32:21 [5:42:03/26:09:31]  Acc_iter 67850       Data time: 0.02(0.03)  Forward time: 0.30(0.28)  Batch time: 0.33(0.31)
2026-07-30 01:19:24,682   INFO  Train:    8/40 ( 20%) [3072/9261 ( 33%)]  Loss: 1.078 (1.25)  LR: 2.954e-04  Time cost: 15:57/32:07 [5:42:20/26:10:35]  Acc_iter 67900       Data time: 0.02(0.03)  Forward time: 0.27(0.28)  Batch time: 0.29(0.31)
2026-07-30 01:19:39,840   INFO  Train:    8/40 ( 20%) [3122/9261 ( 34%)]  Loss: 1.006 (1.25)  LR: 2.955e-04  Time cost: 16:12/31:51 [5:42:35/26:09:39]  Acc_iter 67950       Data time: 0.01(0.03)  Forward time: 0.29(0.28)  Batch time: 0.30(0.31)
2026-07-30 01:19:40,395   INFO  a1e06a0b30c0                Thu Jul 30 01:19:40 2026  580.173.02
[0] NVIDIA GeForce RTX 3070 | 67°C,  99 % |  6347 /  8192 MB | root(5808M)

2026-07-30 01:19:55,626   INFO  Train:    8/40 ( 20%) [3172/9261 ( 34%)]  Loss: 0.9498 (1.25)  LR: 2.955e-04  Time cost: 16:28/31:36 [5:42:51/26:09:44]  Acc_iter 68000       Data time: 0.02(0.03)  Forward time: 0.33(0.28)  Batch time: 0.36(0.31)
2026-07-30 01:20:10,720   INFO  Train:    8/40 ( 20%) [3222/9261 ( 35%)]  Loss: 1.180 (1.25)  LR: 2.956e-04  Time cost: 16:43/31:19 [5:43:06/26:08:44]  Acc_iter 68050       Data time: 0.04(0.03)  Forward time: 0.24(0.28)  Batch time: 0.28(0.31)
2026-07-30 01:20:25,864   INFO  Train:    8/40 ( 20%) [3272/9261 ( 35%)]  Loss: 0.7950 (1.25)  LR: 2.957e-04  Time cost: 16:58/31:03 [5:43:21/26:07:49]  Acc_iter 68100       Data time: 0.02(0.03)  Forward time: 0.30(0.28)  Batch time: 0.32(0.31)
2026-07-30 01:20:26,529   INFO  a1e06a0b30c0                Thu Jul 30 01:20:26 2026  580.173.02
[0] NVIDIA GeForce RTX 3070 | 60°C,  55 % |  6347 /  8192 MB | root(5808M)

2026-07-30 01:20:42,622   INFO  Train:    8/40 ( 20%) [3322/9261 ( 36%)]  Loss: 1.566 (1.25)  LR: 2.957e-04  Time cost: 17:15/30:49 [5:43:38/26:09:23]  Acc_iter 68150       Data time: 0.05(0.03)  Forward time: 0.24(0.28)  Batch time: 0.29(0.31)
2026-07-30 01:20:58,233   INFO  Train:    8/40 ( 20%) [3372/9261 ( 36%)]  Loss: 1.058 (1.25)  LR: 2.958e-04  Time cost: 17:30/30:34 [5:43:53/26:09:11]  Acc_iter 68200       Data time: 0.02(0.03)  Forward time: 0.28(0.28)  Batch time: 0.30(0.31)
2026-07-30 01:21:13,148   INFO  Train:    8/40 ( 20%) [3422/9261 ( 37%)]  Loss: 0.8085 (1.25)  LR: 2.959e-04  Time cost: 17:45/30:17 [5:44:08/26:07:57]  Acc_iter 68250       Data time: 0.00(0.03)  Forward time: 0.24(0.28)  Batch time: 0.24(0.31)
2026-07-30 01:21:13,758   INFO  a1e06a0b30c0                Thu Jul 30 01:21:13 2026  580.173.02
[0] NVIDIA GeForce RTX 3070 | 61°C,  26 % |  6347 /  8192 MB | root(5808M)

2026-07-30 01:21:28,656   INFO  Train:    8/40 ( 20%) [3472/9261 ( 37%)]  Loss: 1.056 (1.25)  LR: 2.960e-04  Time cost: 18:01/30:02 [5:44:24/26:07:36]  Acc_iter 68300       Data time: 0.01(0.03)  Forward time: 0.30(0.28)  Batch time: 0.30(0.31)
2026-07-30 01:21:43,834   INFO  Train:    8/40 ( 20%) [3522/9261 ( 38%)]  Loss: 1.075 (1.25)  LR: 2.960e-04  Time cost: 18:16/29:45 [5:44:39/26:06:47]  Acc_iter 68350       Data time: 0.03(0.03)  Forward time: 0.32(0.28)  Batch time: 0.35(0.31)
2026-07-30 01:21:59,954   INFO  Train:    8/40 ( 20%) [3572/9261 ( 39%)]  Loss: 1.029 (1.25)  LR: 2.961e-04  Time cost: 18:32/29:31 [5:44:55/26:07:19]  Acc_iter 68400       Data time: 0.04(0.03)  Forward time: 0.24(0.28)  Batch time: 0.29(0.31)
2026-07-30 01:22:00,651   INFO  a1e06a0b30c0                Thu Jul 30 01:22:00 2026  580.173.02
[0] NVIDIA GeForce RTX 3070 | 60°C,  48 % |  6349 /  8192 MB | root(5808M)

2026-07-30 01:22:16,208   INFO  Train:    8/40 ( 20%) [3622/9261 ( 39%)]  Loss: 1.391 (1.25)  LR: 2.962e-04  Time cost: 18:48/29:16 [5:45:11/26:08:01]  Acc_iter 68450       Data time: 0.05(0.03)  Forward time: 0.23(0.28)  Batch time: 0.28(0.31)
2026-07-30 01:22:31,055   INFO  Train:    8/40 ( 20%) [3672/9261 ( 40%)]  Loss: 1.167 (1.25)  LR: 2.962e-04  Time cost: 19:03/29:00 [5:45:26/26:06:45]  Acc_iter 68500       Data time: 0.00(0.03)  Forward time: 0.27(0.28)  Batch time: 0.28(0.31)
2026-07-30 01:22:46,077   INFO  Train:    8/40 ( 20%) [3722/9261 ( 40%)]  Loss: 1.217 (1.25)  LR: 2.963e-04  Time cost: 19:18/28:43 [5:45:41/26:05:46]  Acc_iter 68550       Data time: 0.02(0.03)  Forward time: 0.27(0.28)  Batch time: 0.28(0.31)
2026-07-30 01:22:46,671   INFO  a1e06a0b30c0                Thu Jul 30 01:22:46 2026  580.173.02
[0] NVIDIA GeForce RTX 3070 | 61°C,  49 % |  6347 /  8192 MB | root(5808M)

2026-07-30 01:23:01,856   INFO  Train:    8/40 ( 20%) [3772/9261 ( 41%)]  Loss: 1.269 (1.25)  LR: 2.964e-04  Time cost: 19:34/28:28 [5:45:57/26:05:48]  Acc_iter 68600       Data time: 0.00(0.03)  Forward time: 0.22(0.28)  Batch time: 0.22(0.31)
2026-07-30 01:23:17,777   INFO  Train:    8/40 ( 20%) [3822/9261 ( 41%)]  Loss: 1.593 (1.25)  LR: 2.964e-04  Time cost: 19:50/28:13 [5:46:13/26:06:00]  Acc_iter 68650       Data time: 0.03(0.03)  Forward time: 0.29(0.28)  Batch time: 0.32(0.31)
2026-07-30 01:23:27,872   INFO  Save latest model to /OpenPCDet/output/OpenPCDet/tools/cfgs/models/S/D/S_D_N/unfrozen_backbone_1_93/ckpt/latest_model
2026-07-30 01:23:33,780   INFO  Train:    8/40 ( 20%) [3872/9261 ( 42%)]  Loss: 1.419 (1.25)  LR: 2.965e-04  Time cost: 20:06/27:58 [5:46:29/26:06:19]  Acc_iter 68700       Data time: 0.02(0.03)  Forward time: 0.30(0.28)  Batch time: 0.31(0.31)
2026-07-30 01:23:34,353   INFO  a1e06a0b30c0                Thu Jul 30 01:23:34 2026  580.173.02
[0] NVIDIA GeForce RTX 3070 | 65°C,  46 % |  6353 /  8192 MB | root(5808M)

2026-07-30 01:23:49,403   INFO  Train:    8/40 ( 20%) [3922/9261 ( 42%)]  Loss: 1.098 (1.25)  LR: 2.966e-04  Time cost: 20:21/27:42 [5:46:44/26:06:07]  Acc_iter 68750       Data time: 0.00(0.03)  Forward time: 0.22(0.28)  Batch time: 0.22(0.31)
2026-07-30 01:24:04,245   INFO  Train:    8/40 ( 20%) [3972/9261 ( 43%)]  Loss: 1.279 (1.25)  LR: 2.966e-04  Time cost: 20:36/27:26 [5:46:59/26:04:56]  Acc_iter 68800       Data time: 0.02(0.03)  Forward time: 0.29(0.28)  Batch time: 0.31(0.31)
2026-07-30 01:24:19,302   INFO  Train:    8/40 ( 20%) [4022/9261 ( 43%)]  Loss: 1.656 (1.25)  LR: 2.967e-04  Time cost: 20:51/27:10 [5:47:14/26:04:02]  Acc_iter 68850       Data time: 0.04(0.03)  Forward time: 0.23(0.28)  Batch time: 0.26(0.31)
2026-07-30 01:24:19,886   INFO  a1e06a0b30c0                Thu Jul 30 01:24:19 2026  580.173.02
[0] NVIDIA GeForce RTX 3070 | 64°C,  31 % |  6339 /  8192 MB | root(5808M)

2026-07-30 01:24:35,402   INFO  Train:    8/40 ( 20%) [4072/9261 ( 44%)]  Loss: 1.222 (1.25)  LR: 2.967e-04  Time cost: 21:07/26:55 [5:47:30/26:04:27]  Acc_iter 68900       Data time: 0.03(0.03)  Forward time: 0.31(0.28)  Batch time: 0.34(0.31)
2026-07-30 01:24:51,871   INFO  Train:    8/40 ( 20%) [4122/9261 ( 45%)]  Loss: 1.582 (1.25)  LR: 2.968e-04  Time cost: 21:24/26:40 [5:47:47/26:05:17]  Acc_iter 68950       Data time: 0.01(0.03)  Forward time: 0.32(0.28)  Batch time: 0.33(0.31)
2026-07-30 01:25:06,872   INFO  Train:    8/40 ( 20%) [4172/9261 ( 45%)]  Loss: 1.162 (1.25)  LR: 2.969e-04  Time cost: 21:39/26:24 [5:48:02/26:04:20]  Acc_iter 69000       Data time: 0.02(0.03)  Forward time: 0.28(0.28)  Batch time: 0.29(0.31)
2026-07-30 01:25:07,525   INFO  a1e06a0b30c0                Thu Jul 30 01:25:07 2026  580.173.02
[0] NVIDIA GeForce RTX 3070 | 60°C,  72 % |  6349 /  8192 MB | root(5808M)

2026-07-30 01:25:22,190   INFO  Train:    8/40 ( 20%) [4222/9261 ( 46%)]  Loss: 1.316 (1.25)  LR: 2.969e-04  Time cost: 21:54/26:08 [5:48:17/26:03:47]  Acc_iter 69050       Data time: 0.05(0.03)  Forward time: 0.23(0.28)  Batch time: 0.27(0.31)
2026-07-30 01:25:37,357   INFO  Train:    8/40 ( 20%) [4272/9261 ( 46%)]  Loss: 0.9302 (1.25)  LR: 2.970e-04  Time cost: 22:09/25:52 [5:48:32/26:03:03]  Acc_iter 69100       Data time: 0.00(0.03)  Forward time: 0.29(0.28)  Batch time: 0.29(0.31)
2026-07-30 01:25:52,754   INFO  Train:    8/40 ( 20%) [4322/9261 ( 47%)]  Loss: 1.259 (1.24)  LR: 2.971e-04  Time cost: 22:25/25:36 [5:48:48/26:02:36]  Acc_iter 69150       Data time: 0.03(0.03)  Forward time: 0.30(0.28)  Batch time: 0.33(0.31)
2026-07-30 01:25:53,457   INFO  a1e06a0b30c0                Thu Jul 30 01:25:53 2026  580.173.02
[0] NVIDIA GeForce RTX 3070 | 63°C,  43 % |  6349 /  8192 MB | root(5808M)

2026-07-30 01:26:09,939   INFO  Train:    8/40 ( 20%) [4372/9261 ( 47%)]  Loss: 1.109 (1.24)  LR: 2.971e-04  Time cost: 22:42/25:23 [5:49:05/26:04:13]  Acc_iter 69200       Data time: 0.00(0.03)  Forward time: 0.28(0.28)  Batch time: 0.28(0.31)
2026-07-30 01:26:24,869   INFO  Train:    8/40 ( 20%) [4422/9261 ( 48%)]  Loss: 1.266 (1.24)  LR: 2.972e-04  Time cost: 22:57/25:06 [5:49:20/26:03:13]  Acc_iter 69250       Data time: 0.02(0.03)  Forward time: 0.24(0.28)  Batch time: 0.25(0.31)
2026-07-30 01:26:39,558   INFO  Train:    8/40 ( 20%) [4472/9261 ( 48%)]  Loss: 1.192 (1.24)  LR: 2.972e-04  Time cost: 23:12/24:50 [5:49:34/26:01:58]  Acc_iter 69300       Data time: 0.03(0.03)  Forward time: 0.29(0.28)  Batch time: 0.32(0.31)
2026-07-30 01:26:40,073   INFO  a1e06a0b30c0                Thu Jul 30 01:26:40 2026  580.173.02
[0] NVIDIA GeForce RTX 3070 | 60°C,   3 % |  6349 /  8192 MB | root(5808M)

2026-07-30 01:26:54,952   INFO  Train:    8/40 ( 20%) [4522/9261 ( 49%)]  Loss: 1.409 (1.24)  LR: 2.973e-04  Time cost: 23:27/24:34 [5:49:50/26:01:31]  Acc_iter 69350       Data time: 0.02(0.03)  Forward time: 0.30(0.28)  Batch time: 0.32(0.31)
2026-07-30 01:27:10,043   INFO  Train:    8/40 ( 20%) [4572/9261 ( 49%)]  Loss: 1.048 (1.24)  LR: 2.973e-04  Time cost: 23:42/24:18 [5:50:05/26:00:45]  Acc_iter 69400       Data time: 0.02(0.03)  Forward time: 0.39(0.28)  Batch time: 0.41(0.31)
2026-07-30 01:27:26,503   INFO  Train:    8/40 ( 20%) [4622/9261 ( 50%)]  Loss: 1.356 (1.24)  LR: 2.974e-04  Time cost: 23:58/24:03 [5:50:21/26:01:29]  Acc_iter 69450       Data time: 0.01(0.03)  Forward time: 0.29(0.28)  Batch time: 0.30(0.31)
2026-07-30 01:27:27,165   INFO  a1e06a0b30c0                Thu Jul 30 01:27:27 2026  580.173.02
[0] NVIDIA GeForce RTX 3070 | 60°C,   3 % |  6349 /  8192 MB | root(5808M)

2026-07-30 01:27:42,932   INFO  Train:    8/40 ( 20%) [4672/9261 ( 50%)]  Loss: 1.016 (1.24)  LR: 2.975e-04  Time cost: 24:15/23:49 [5:50:38/26:02:09]  Acc_iter 69500       Data time: 0.05(0.03)  Forward time: 0.23(0.28)  Batch time: 0.28(0.31)
2026-07-30 01:27:57,736   INFO  Train:    8/40 ( 20%) [4722/9261 ( 51%)]  Loss: 1.094 (1.24)  LR: 2.975e-04  Time cost: 24:30/23:32 [5:50:53/26:01:04]  Acc_iter 69550       Data time: 0.04(0.03)  Forward time: 0.22(0.28)  Batch time: 0.26(0.31)
2026-07-30 01:28:12,511   INFO  Train:    8/40 ( 20%) [4772/9261 ( 52%)]  Loss: 1.097 (1.24)  LR: 2.976e-04  Time cost: 24:45/23:16 [5:51:07/25:59:59]  Acc_iter 69600       Data time: 0.05(0.03)  Forward time: 0.24(0.28)  Batch time: 0.29(0.31)
2026-07-30 01:28:13,232   INFO  a1e06a0b30c0                Thu Jul 30 01:28:13 2026  580.173.02
[0] NVIDIA GeForce RTX 3070 | 60°C,   2 % |  6347 /  8192 MB | root(5808M)

2026-07-30 01:28:27,737   INFO  Save latest model to /OpenPCDet/output/OpenPCDet/tools/cfgs/models/S/D/S_D_N/unfrozen_backbone_1_93/ckpt/latest_model
2026-07-30 01:28:28,345   INFO  Train:    8/40 ( 20%) [4822/9261 ( 52%)]  Loss: 0.9209 (1.24)  LR: 2.976e-04  Time cost: 25:00/23:01 [5:51:23/26:00:01]  Acc_iter 69650       Data time: 0.02(0.03)  Forward time: 0.32(0.28)  Batch time: 0.34(0.31)
2026-07-30 01:28:44,498   INFO  Train:    8/40 ( 20%) [4872/9261 ( 53%)]  Loss: 1.348 (1.24)  LR: 2.977e-04  Time cost: 25:16/22:46 [5:51:39/26:00:22]  Acc_iter 69700       Data time: 0.02(0.03)  Forward time: 0.35(0.28)  Batch time: 0.37(0.31)
2026-07-30 01:29:00,209   INFO  Train:    8/40 ( 20%) [4922/9261 ( 53%)]  Loss: 1.048 (1.24)  LR: 2.977e-04  Time cost: 25:32/22:30 [5:51:55/26:00:15]  Acc_iter 69750       Data time: 0.04(0.03)  Forward time: 0.24(0.28)  Batch time: 0.28(0.31)
2026-07-30 01:29:00,805   INFO  a1e06a0b30c0                Thu Jul 30 01:29:00 2026  580.173.02
[0] NVIDIA GeForce RTX 3070 | 61°C,  73 % |  6347 /  8192 MB | root(5808M)

2026-07-30 01:29:15,648   INFO  Train:    8/40 ( 20%) [4972/9261 ( 54%)]  Loss: 1.204 (1.24)  LR: 2.978e-04  Time cost: 25:48/22:15 [5:52:11/25:59:52]  Acc_iter 69800       Data time: 0.05(0.03)  Forward time: 0.22(0.28)  Batch time: 0.27(0.31)
2026-07-30 01:29:30,955   INFO  Train:    8/40 ( 20%) [5022/9261 ( 54%)]  Loss: 1.441 (1.24)  LR: 2.978e-04  Time cost: 26:03/21:59 [5:52:26/25:59:21]  Acc_iter 69850       Data time: 0.03(0.03)  Forward time: 0.29(0.28)  Batch time: 0.32(0.31)
2026-07-30 01:29:46,078   INFO  Train:    8/40 ( 20%) [5072/9261 ( 55%)]  Loss: 1.667 (1.24)  LR: 2.979e-04  Time cost: 26:18/21:43 [5:52:41/25:58:39]  Acc_iter 69900       Data time: 0.04(0.03)  Forward time: 0.25(0.28)  Batch time: 0.30(0.31)
2026-07-30 01:29:46,636   INFO  a1e06a0b30c0                Thu Jul 30 01:29:46 2026  580.173.02
[0] NVIDIA GeForce RTX 3070 | 60°C,  75 % |  6339 /  8192 MB | root(5808M)

2026-07-30 01:30:02,463   INFO  Train:    8/40 ( 20%) [5122/9261 ( 55%)]  Loss: 1.225 (1.24)  LR: 2.979e-04  Time cost: 26:34/21:28 [5:52:57/25:59:12]  Acc_iter 69950       Data time: 0.04(0.03)  Forward time: 0.28(0.28)  Batch time: 0.33(0.31)
2026-07-30 01:30:18,401   INFO  Train:    8/40 ( 20%) [5172/9261 ( 56%)]  Loss: 1.114 (1.24)  LR: 2.980e-04  Time cost: 26:50/21:13 [5:53:13/25:59:18]  Acc_iter 70000       Data time: 0.02(0.03)  Forward time: 0.35(0.28)  Batch time: 0.37(0.31)
2026-07-30 01:30:33,452   INFO  Train:    8/40 ( 20%) [5222/9261 ( 56%)]  Loss: 1.434 (1.24)  LR: 2.980e-04  Time cost: 27:05/20:57 [5:53:28/25:58:33]  Acc_iter 70050       Data time: 0.04(0.03)  Forward time: 0.25(0.28)  Batch time: 0.29(0.31)
2026-07-30 01:30:34,042   INFO  a1e06a0b30c0                Thu Jul 30 01:30:34 2026  580.173.02
[0] NVIDIA GeForce RTX 3070 | 60°C,   3 % |  6349 /  8192 MB | root(5808M)

2026-07-30 01:30:49,006   INFO  Train:    8/40 ( 20%) [5272/9261 ( 57%)]  Loss: 1.224 (1.24)  LR: 2.981e-04  Time cost: 27:21/20:41 [5:53:44/25:58:16]  Acc_iter 70100       Data time: 0.00(0.03)  Forward time: 0.26(0.28)  Batch time: 0.26(0.31)
2026-07-30 01:31:03,947   INFO  Train:    8/40 ( 20%) [5322/9261 ( 57%)]  Loss: 1.128 (1.24)  LR: 2.981e-04  Time cost: 27:36/20:25 [5:53:59/25:57:26]  Acc_iter 70150       Data time: 0.02(0.03)  Forward time: 0.27(0.28)  Batch time: 0.29(0.31)
2026-07-30 01:31:19,867   INFO  Train:    8/40 ( 20%) [5372/9261 ( 58%)]  Loss: 1.440 (1.24)  LR: 2.982e-04  Time cost: 27:52/20:10 [5:54:15/25:57:30]  Acc_iter 70200       Data time: 0.00(0.03)  Forward time: 0.27(0.28)  Batch time: 0.28(0.31)
2026-07-30 01:31:20,575   INFO  a1e06a0b30c0                Thu Jul 30 01:31:20 2026  580.173.02
[0] NVIDIA GeForce RTX 3070 | 59°C,  58 % |  6349 /  8192 MB | root(5808M)

2026-07-30 01:31:37,028   INFO  Train:    8/40 ( 20%) [5422/9261 ( 59%)]  Loss: 1.386 (1.24)  LR: 2.982e-04  Time cost: 28:09/19:56 [5:54:32/25:58:43]  Acc_iter 70250       Data time: 0.03(0.03)  Forward time: 0.30(0.28)  Batch time: 0.33(0.31)
2026-07-30 01:31:52,145   INFO  Train:    8/40 ( 20%) [5472/9261 ( 59%)]  Loss: 1.062 (1.24)  LR: 2.983e-04  Time cost: 28:24/19:40 [5:54:47/25:58:02]  Acc_iter 70300       Data time: 0.04(0.03)  Forward time: 0.22(0.28)  Batch time: 0.26(0.31)
2026-07-30 01:32:06,903   INFO  Train:    8/40 ( 20%) [5522/9261 ( 60%)]  Loss: 1.189 (1.24)  LR: 2.983e-04  Time cost: 28:39/19:24 [5:55:02/25:57:02]  Acc_iter 70350       Data time: 0.00(0.03)  Forward time: 0.23(0.28)  Batch time: 0.23(0.31)
2026-07-30 01:32:07,477   INFO  a1e06a0b30c0                Thu Jul 30 01:32:07 2026  580.173.02
[0] NVIDIA GeForce RTX 3070 | 64°C,  93 % |  6349 /  8192 MB | root(5808M)

2026-07-30 01:32:22,700   INFO  Train:    8/40 ( 20%) [5572/9261 ( 60%)]  Loss: 1.466 (1.24)  LR: 2.984e-04  Time cost: 28:55/19:08 [5:55:18/25:56:59]  Acc_iter 70400       Data time: 0.04(0.03)  Forward time: 0.21(0.28)  Batch time: 0.25(0.31)
2026-07-30 01:32:38,042   INFO  Train:    8/40 ( 20%) [5622/9261 ( 61%)]  Loss: 1.470 (1.24)  LR: 2.984e-04  Time cost: 29:10/18:52 [5:55:33/25:56:32]  Acc_iter 70450       Data time: 0.02(0.03)  Forward time: 0.31(0.28)  Batch time: 0.34(0.31)
2026-07-30 01:32:54,141   INFO  Train:    8/40 ( 20%) [5672/9261 ( 61%)]  Loss: 1.089 (1.24)  LR: 2.984e-04  Time cost: 29:26/18:37 [5:55:49/25:56:44]  Acc_iter 70500       Data time: 0.02(0.03)  Forward time: 0.35(0.28)  Batch time: 0.37(0.31)
2026-07-30 01:32:54,820   INFO  a1e06a0b30c0                Thu Jul 30 01:32:54 2026  580.173.02
[0] NVIDIA GeForce RTX 3070 | 60°C,  61 % |  6349 /  8192 MB | root(5808M)

2026-07-30 01:33:10,161   INFO  Train:    8/40 ( 20%) [5722/9261 ( 62%)]  Loss: 1.169 (1.24)  LR: 2.985e-04  Time cost: 29:42/18:22 [5:56:05/25:56:52]  Acc_iter 70550       Data time: 0.00(0.03)  Forward time: 0.26(0.28)  Batch time: 0.26(0.31)
2026-07-30 01:33:25,029   INFO  Train:    8/40 ( 20%) [5772/9261 ( 62%)]  Loss: 1.286 (1.24)  LR: 2.985e-04  Time cost: 29:57/18:06 [5:56:20/25:56:00]  Acc_iter 70600       Data time: 0.02(0.03)  Forward time: 0.35(0.28)  Batch time: 0.37(0.31)
2026-07-30 01:33:27,696   INFO  Save latest model to /OpenPCDet/output/OpenPCDet/tools/cfgs/models/S/D/S_D_N/unfrozen_backbone_1_93/ckpt/latest_model
2026-07-30 01:33:39,992   INFO  Train:    8/40 ( 20%) [5822/9261 ( 63%)]  Loss: 1.126 (1.24)  LR: 2.986e-04  Time cost: 30:12/17:50 [5:56:35/25:55:13]  Acc_iter 70650       Data time: 0.02(0.03)  Forward time: 0.31(0.28)  Batch time: 0.33(0.31)
2026-07-30 01:33:40,682   INFO  a1e06a0b30c0                Thu Jul 30 01:33:40 2026  580.173.02
[0] NVIDIA GeForce RTX 3070 | 60°C,  59 % |  6347 /  8192 MB | root(5808M)

2026-07-30 01:33:55,840   INFO  Train:    8/40 ( 20%) [5872/9261 ( 63%)]  Loss: 1.011 (1.24)  LR: 2.986e-04  Time cost: 30:28/17:35 [5:56:51/25:55:12]  Acc_iter 70700       Data time: 0.01(0.03)  Forward time: 0.28(0.28)  Batch time: 0.29(0.31)
2026-07-30 01:34:12,250   INFO  Train:    8/40 ( 20%) [5922/9261 ( 64%)]  Loss: 1.646 (1.24)  LR: 2.986e-04  Time cost: 30:44/17:19 [5:57:07/25:55:39]  Acc_iter 70750       Data time: 0.02(0.03)  Forward time: 0.29(0.28)  Batch time: 0.31(0.31)
2026-07-30 01:34:27,775   INFO  Train:    8/40 ( 20%) [5972/9261 ( 64%)]  Loss: 1.143 (1.24)  LR: 2.987e-04  Time cost: 31:00/17:04 [5:57:23/25:55:21]  Acc_iter 70800       Data time: 0.02(0.03)  Forward time: 0.28(0.28)  Batch time: 0.31(0.31)
2026-07-30 01:34:28,374   INFO  a1e06a0b30c0                Thu Jul 30 01:34:28 2026  580.173.02
[0] NVIDIA GeForce RTX 3070 | 63°C,  47 % |  6347 /  8192 MB | root(5808M)

2026-07-30 01:34:43,193   INFO  Train:    8/40 ( 20%) [6022/9261 ( 65%)]  Loss: 1.109 (1.24)  LR: 2.987e-04  Time cost: 31:15/16:48 [5:57:38/25:54:58]  Acc_iter 70850       Data time: 0.05(0.03)  Forward time: 0.23(0.28)  Batch time: 0.28(0.31)
2026-07-30 01:34:58,174   INFO  Train:    8/40 ( 20%) [6072/9261 ( 66%)]  Loss: 1.292 (1.24)  LR: 2.988e-04  Time cost: 31:30/16:32 [5:57:53/25:54:14]  Acc_iter 70900       Data time: 0.04(0.03)  Forward time: 0.24(0.28)  Batch time: 0.28(0.31)
2026-07-30 01:35:13,194   INFO  Train:    8/40 ( 20%) [6122/9261 ( 66%)]  Loss: 1.260 (1.24)  LR: 2.988e-04  Time cost: 31:45/16:16 [5:58:08/25:53:31]  Acc_iter 70950       Data time: 0.00(0.03)  Forward time: 0.22(0.28)  Batch time: 0.23(0.31)
2026-07-30 01:35:13,782   INFO  a1e06a0b30c0                Thu Jul 30 01:35:13 2026  580.173.02
[0] NVIDIA GeForce RTX 3070 | 61°C,  47 % |  6349 /  8192 MB | root(5808M)

2026-07-30 01:35:29,742   INFO  Train:    8/40 ( 20%) [6172/9261 ( 67%)]  Loss: 1.266 (1.24)  LR: 2.988e-04  Time cost: 32:02/16:01 [5:58:25/25:54:04]  Acc_iter 71000       Data time: 0.03(0.03)  Forward time: 0.31(0.28)  Batch time: 0.33(0.31)
2026-07-30 01:35:45,801   INFO  Train:    8/40 ( 20%) [6222/9261 ( 67%)]  Loss: 1.144 (1.24)  LR: 2.989e-04  Time cost: 32:18/15:46 [5:58:41/25:54:11]  Acc_iter 71050       Data time: 0.02(0.03)  Forward time: 0.30(0.28)  Batch time: 0.32(0.31)
2026-07-30 01:36:00,597   INFO  Train:    8/40 ( 20%) [6272/9261 ( 68%)]  Loss: 1.137 (1.24)  LR: 2.989e-04  Time cost: 32:33/15:30 [5:58:56/25:53:19]  Acc_iter 71100       Data time: 0.01(0.03)  Forward time: 0.28(0.28)  Batch time: 0.29(0.31)
2026-07-30 01:36:01,131   INFO  a1e06a0b30c0                Thu Jul 30 01:36:01 2026  580.173.02
[0] NVIDIA GeForce RTX 3070 | 60°C,   3 % |  6347 /  8192 MB | root(5808M)

2026-07-30 01:36:16,206   INFO  Train:    8/40 ( 20%) [6322/9261 ( 68%)]  Loss: 1.129 (1.24)  LR: 2.990e-04  Time cost: 32:48/15:15 [5:59:11/25:53:05]  Acc_iter 71150       Data time: 0.00(0.03)  Forward time: 0.23(0.28)  Batch time: 0.24(0.31)
2026-07-30 01:36:31,171   INFO  Train:    8/40 ( 20%) [6372/9261 ( 69%)]  Loss: 1.074 (1.24)  LR: 2.990e-04  Time cost: 33:03/14:59 [5:59:26/25:52:21]  Acc_iter 71200       Data time: 0.01(0.03)  Forward time: 0.28(0.28)  Batch time: 0.28(0.31)
2026-07-30 01:36:46,850   INFO  Train:    8/40 ( 20%) [6422/9261 ( 69%)]  Loss: 1.298 (1.24)  LR: 2.990e-04  Time cost: 33:19/14:43 [5:59:42/25:52:11]  Acc_iter 71250       Data time: 0.02(0.03)  Forward time: 0.31(0.28)  Batch time: 0.33(0.31)
2026-07-30 01:36:47,594   INFO  a1e06a0b30c0                Thu Jul 30 01:36:47 2026  580.173.02
[0] NVIDIA GeForce RTX 3070 | 60°C,  65 % |  6347 /  8192 MB | root(5808M)

2026-07-30 01:37:03,522   INFO  Train:    8/40 ( 20%) [6472/9261 ( 70%)]  Loss: 1.607 (1.24)  LR: 2.991e-04  Time cost: 33:36/14:28 [5:59:58/25:52:47]  Acc_iter 71300       Data time: 0.02(0.03)  Forward time: 0.28(0.28)  Batch time: 0.30(0.31)
2026-07-30 01:37:18,612   INFO  Train:    8/40 ( 20%) [6522/9261 ( 70%)]  Loss: 1.487 (1.24)  LR: 2.991e-04  Time cost: 33:51/14:12 [6:00:14/25:52:09]  Acc_iter 71350       Data time: 0.02(0.03)  Forward time: 0.33(0.28)  Batch time: 0.35(0.31)
2026-07-30 01:37:33,589   INFO  Train:    8/40 ( 20%) [6572/9261 ( 71%)]  Loss: 1.252 (1.24)  LR: 2.991e-04  Time cost: 34:06/13:57 [6:00:29/25:51:27]  Acc_iter 71400       Data time: 0.00(0.03)  Forward time: 0.23(0.28)  Batch time: 0.23(0.31)
2026-07-30 01:37:34,149   INFO  a1e06a0b30c0                Thu Jul 30 01:37:34 2026  580.173.02
[0] NVIDIA GeForce RTX 3070 | 60°C,   3 % |  6347 /  8192 MB | root(5808M)

2026-07-30 01:37:49,191   INFO  Train:    8/40 ( 20%) [6622/9261 ( 72%)]  Loss: 1.442 (1.24)  LR: 2.992e-04  Time cost: 34:21/13:41 [6:00:44/25:51:13]  Acc_iter 71450       Data time: 0.01(0.03)  Forward time: 0.26(0.28)  Batch time: 0.28(0.31)
2026-07-30 01:38:04,494   INFO  Train:    8/40 ( 20%) [6672/9261 ( 72%)]  Loss: 1.717 (1.24)  LR: 2.992e-04  Time cost: 34:36/13:25 [6:00:59/25:50:46]  Acc_iter 71500       Data time: 0.02(0.03)  Forward time: 0.31(0.28)  Batch time: 0.33(0.31)
2026-07-30 01:38:20,718   INFO  Train:    8/40 ( 20%) [6722/9261 ( 73%)]  Loss: 1.725 (1.24)  LR: 2.992e-04  Time cost: 34:53/13:10 [6:01:16/25:50:59]  Acc_iter 71550       Data time: 0.05(0.03)  Forward time: 0.23(0.28)  Batch time: 0.28(0.31)
2026-07-30 01:38:21,416   INFO  a1e06a0b30c0                Thu Jul 30 01:38:21 2026  580.173.02
[0] NVIDIA GeForce RTX 3070 | 61°C,   3 % |  6347 /  8192 MB | root(5808M)

2026-07-30 01:38:27,929   INFO  Save latest model to /OpenPCDet/output/OpenPCDet/tools/cfgs/models/S/D/S_D_N/unfrozen_backbone_1_93/ckpt/latest_model
2026-07-30 01:38:36,678   INFO  Train:    8/40 ( 20%) [6772/9261 ( 73%)]  Loss: 1.022 (1.24)  LR: 2.992e-04  Time cost: 35:09/12:55 [6:01:32/25:51:01]  Acc_iter 71600       Data time: 0.01(0.03)  Forward time: 0.28(0.28)  Batch time: 0.29(0.31)
2026-07-30 01:38:51,689   INFO  Train:    8/40 ( 20%) [6822/9261 ( 74%)]  Loss: 1.109 (1.24)  LR: 2.993e-04  Time cost: 35:24/12:39 [6:01:47/25:50:21]  Acc_iter 71650       Data time: 0.04(0.03)  Forward time: 0.24(0.28)  Batch time: 0.28(0.31)
2026-07-30 01:39:06,894   INFO  Train:    8/40 ( 20%) [6872/9261 ( 74%)]  Loss: 1.104 (1.24)  LR: 2.993e-04  Time cost: 35:39/12:23 [6:02:02/25:49:50]  Acc_iter 71700       Data time: 0.02(0.03)  Forward time: 0.28(0.28)  Batch time: 0.30(0.31)
2026-07-30 01:39:07,580   INFO  a1e06a0b30c0                Thu Jul 30 01:39:07 2026  580.173.02
[0] NVIDIA GeForce RTX 3070 | 60°C,  78 % |  6339 /  8192 MB | root(5808M)

2026-07-30 01:39:22,630   INFO  Train:    8/40 ( 20%) [6922/9261 ( 75%)]  Loss: 1.063 (1.24)  LR: 2.993e-04  Time cost: 35:55/12:08 [6:02:18/25:49:42]  Acc_iter 71750       Data time: 0.04(0.03)  Forward time: 0.30(0.28)  Batch time: 0.35(0.31)
2026-07-30 01:39:38,880   INFO  Train:    8/40 ( 20%) [6972/9261 ( 75%)]  Loss: 1.192 (1.24)  LR: 2.994e-04  Time cost: 36:11/11:52 [6:02:34/25:49:55]  Acc_iter 71800       Data time: 0.03(0.03)  Forward time: 0.28(0.28)  Batch time: 0.32(0.31)
2026-07-30 01:39:54,688   INFO  Train:    8/40 ( 20%) [7022/9261 ( 76%)]  Loss: 1.438 (1.24)  LR: 2.994e-04  Time cost: 36:27/11:37 [6:02:50/25:49:50]  Acc_iter 71850       Data time: 0.00(0.03)  Forward time: 0.29(0.28)  Batch time: 0.29(0.31)
2026-07-30 01:39:55,258   INFO  a1e06a0b30c0                Thu Jul 30 01:39:55 2026  580.173.02
[0] NVIDIA GeForce RTX 3070 | 61°C,   3 % |  6349 /  8192 MB | root(5808M)

2026-07-30 01:40:09,735   INFO  Train:    8/40 ( 20%) [7072/9261 ( 76%)]  Loss: 1.114 (1.24)  LR: 2.994e-04  Time cost: 36:42/11:21 [6:03:05/25:49:12]  Acc_iter 71900       Data time: 0.02(0.03)  Forward time: 0.28(0.28)  Batch time: 0.30(0.31)
2026-07-30 01:40:24,594   INFO  Train:    8/40 ( 20%) [7122/9261 ( 77%)]  Loss: 1.054 (1.24)  LR: 2.994e-04  Time cost: 36:57/11:05 [6:03:20/25:48:27]  Acc_iter 71950       Data time: 0.04(0.03)  Forward time: 0.29(0.28)  Batch time: 0.33(0.31)
2026-07-30 01:40:39,876   INFO  Train:    8/40 ( 20%) [7172/9261 ( 77%)]  Loss: 1.109 (1.24)  LR: 2.995e-04  Time cost: 37:12/10:50 [6:03:35/25:48:00]  Acc_iter 72000       Data time: 0.03(0.03)  Forward time: 0.23(0.28)  Batch time: 0.26(0.31)
2026-07-30 01:40:40,464   INFO  a1e06a0b30c0                Thu Jul 30 01:40:40 2026  580.173.02
[0] NVIDIA GeForce RTX 3070 | 65°C,  65 % |  6351 /  8192 MB | root(5808M)

2026-07-30 01:40:56,140   INFO  Train:    8/40 ( 20%) [7222/9261 ( 78%)]  Loss: 1.298 (1.24)  LR: 2.995e-04  Time cost: 37:28/10:34 [6:03:51/25:48:13]  Acc_iter 72050       Data time: 0.01(0.03)  Forward time: 0.31(0.28)  Batch time: 0.32(0.31)
2026-07-30 01:41:12,281   INFO  Train:    8/40 ( 20%) [7272/9261 ( 79%)]  Loss: 1.357 (1.24)  LR: 2.995e-04  Time cost: 37:44/10:19 [6:04:07/25:48:21]  Acc_iter 72100       Data time: 0.02(0.03)  Forward time: 0.32(0.28)  Batch time: 0.34(0.31)
2026-07-30 01:41:27,418   INFO  Train:    8/40 ( 20%) [7322/9261 ( 79%)]  Loss: 1.362 (1.24)  LR: 2.995e-04  Time cost: 37:59/10:03 [6:04:22/25:47:48]  Acc_iter 72150       Data time: 0.04(0.03)  Forward time: 0.23(0.28)  Batch time: 0.27(0.31)
2026-07-30 01:41:28,015   INFO  a1e06a0b30c0                Thu Jul 30 01:41:27 2026  580.173.02
[0] NVIDIA GeForce RTX 3070 | 66°C,  49 % |  6347 /  8192 MB | root(5808M)

2026-07-30 01:41:42,944   INFO  Train:    8/40 ( 20%) [7372/9261 ( 80%)]  Loss: 1.635 (1.24)  LR: 2.996e-04  Time cost: 38:15/09:48 [6:04:38/25:47:31]  Acc_iter 72200       Data time: 0.06(0.03)  Forward time: 0.25(0.28)  Batch time: 0.31(0.31)
2026-07-30 01:41:57,833   INFO  Train:    8/40 ( 20%) [7422/9261 ( 80%)]  Loss: 1.133 (1.24)  LR: 2.996e-04  Time cost: 38:30/09:32 [6:04:53/25:46:48]  Acc_iter 72250       Data time: 0.04(0.03)  Forward time: 0.30(0.28)  Batch time: 0.34(0.31)
2026-07-30 01:42:13,368   INFO  Train:    8/40 ( 20%) [7472/9261 ( 81%)]  Loss: 1.158 (1.24)  LR: 2.996e-04  Time cost: 38:45/09:16 [6:05:08/25:46:31]  Acc_iter 72300       Data time: 0.03(0.03)  Forward time: 0.28(0.28)  Batch time: 0.31(0.31)
2026-07-30 01:42:14,093   INFO  a1e06a0b30c0                Thu Jul 30 01:42:14 2026  580.173.02
[0] NVIDIA GeForce RTX 3070 | 59°C,   3 % |  6349 /  8192 MB | root(5808M)

2026-07-30 01:42:30,342   INFO  Train:    8/40 ( 20%) [7522/9261 ( 81%)]  Loss: 1.262 (1.24)  LR: 2.996e-04  Time cost: 39:02/09:01 [6:05:25/25:47:12]  Acc_iter 72350       Data time: 0.03(0.03)  Forward time: 0.28(0.28)  Batch time: 0.31(0.31)
2026-07-30 01:42:45,363   INFO  Train:    8/40 ( 20%) [7572/9261 ( 82%)]  Loss: 1.077 (1.24)  LR: 2.997e-04  Time cost: 39:17/08:45 [6:05:40/25:46:35]  Acc_iter 72400       Data time: 0.01(0.03)  Forward time: 0.27(0.28)  Batch time: 0.28(0.31)
2026-07-30 01:43:00,296   INFO  Train:    8/40 ( 20%) [7622/9261 ( 82%)]  Loss: 0.9443 (1.24)  LR: 2.997e-04  Time cost: 39:32/08:30 [6:05:55/25:45:54]  Acc_iter 72450       Data time: 0.00(0.03)  Forward time: 0.22(0.28)  Batch time: 0.23(0.31)
2026-07-30 01:43:00,848   INFO  a1e06a0b30c0                Thu Jul 30 01:43:00 2026  580.173.02
[0] NVIDIA GeForce RTX 3070 | 62°C,  53 % |  6351 /  8192 MB | root(5808M)

2026-07-30 01:43:16,079   INFO  Train:    8/40 ( 20%) [7672/9261 ( 83%)]  Loss: 1.215 (1.24)  LR: 2.997e-04  Time cost: 39:48/08:14 [6:06:11/25:45:47]  Acc_iter 72500       Data time: 0.00(0.03)  Forward time: 0.23(0.28)  Batch time: 0.23(0.31)
2026-07-30 01:43:27,699   INFO  Save latest model to /OpenPCDet/output/OpenPCDet/tools/cfgs/models/S/D/S_D_N/unfrozen_backbone_1_93/ckpt/latest_model
2026-07-30 01:43:31,442   INFO  Train:    8/40 ( 20%) [7722/9261 ( 83%)]  Loss: 1.533 (1.24)  LR: 2.997e-04  Time cost: 40:03/07:59 [6:06:26/25:45:24]  Acc_iter 72550       Data time: 0.02(0.03)  Forward time: 0.32(0.28)  Batch time: 0.34(0.31)
2026-07-30 01:43:47,879   INFO  Train:    8/40 ( 20%) [7772/9261 ( 84%)]  Loss: 1.219 (1.24)  LR: 2.997e-04  Time cost: 40:20/07:43 [6:06:43/25:45:42]  Acc_iter 72600       Data time: 0.05(0.03)  Forward time: 0.28(0.28)  Batch time: 0.33(0.31)
2026-07-30 01:43:48,591   INFO  a1e06a0b30c0                Thu Jul 30 01:43:48 2026  580.173.02
[0] NVIDIA GeForce RTX 3070 | 59°C,  95 % |  6351 /  8192 MB | root(5808M)

2026-07-30 01:44:03,992   INFO  Train:    8/40 ( 20%) [7822/9261 ( 84%)]  Loss: 1.187 (1.24)  LR: 2.997e-04  Time cost: 40:36/07:28 [6:06:59/25:45:47]  Acc_iter 72650       Data time: 0.03(0.03)  Forward time: 0.27(0.28)  Batch time: 0.30(0.31)
2026-07-30 01:44:19,107   INFO  Train:    8/40 ( 20%) [7872/9261 ( 85%)]  Loss: 0.9193 (1.24)  LR: 2.998e-04  Time cost: 40:51/07:12 [6:07:14/25:45:14]  Acc_iter 72700       Data time: 0.06(0.03)  Forward time: 0.23(0.28)  Batch time: 0.29(0.31)
2026-07-30 01:44:34,297   INFO  Train:    8/40 ( 20%) [7922/9261 ( 86%)]  Loss: 1.268 (1.24)  LR: 2.998e-04  Time cost: 41:06/06:56 [6:07:29/25:44:44]  Acc_iter 72750       Data time: 0.00(0.03)  Forward time: 0.22(0.28)  Batch time: 0.22(0.31)
2026-07-30 01:44:34,866   INFO  a1e06a0b30c0                Thu Jul 30 01:44:34 2026  580.173.02
[0] NVIDIA GeForce RTX 3070 | 63°C,  18 % |  6341 /  8192 MB | root(5808M)

2026-07-30 01:44:49,887   INFO  Train:    8/40 ( 20%) [7972/9261 ( 86%)]  Loss: 1.199 (1.24)  LR: 2.998e-04  Time cost: 41:22/06:41 [6:07:45/25:44:29]  Acc_iter 72800       Data time: 0.05(0.03)  Forward time: 0.23(0.28)  Batch time: 0.28(0.31)
2026-07-30 01:45:06,028   INFO  Train:    8/40 ( 20%) [8022/9261 ( 87%)]  Loss: 1.056 (1.24)  LR: 2.998e-04  Time cost: 41:38/06:25 [6:08:01/25:44:35]  Acc_iter 72850       Data time: 0.01(0.03)  Forward time: 0.30(0.28)  Batch time: 0.30(0.31)
2026-07-30 01:45:21,534   INFO  Train:    8/40 ( 20%) [8072/9261 ( 87%)]  Loss: 1.329 (1.24)  LR: 2.998e-04  Time cost: 41:54/06:10 [6:08:16/25:44:17]  Acc_iter 72900       Data time: 0.01(0.03)  Forward time: 0.27(0.28)  Batch time: 0.28(0.31)
2026-07-30 01:45:22,110   INFO  a1e06a0b30c0                Thu Jul 30 01:45:22 2026  580.173.02
[0] NVIDIA GeForce RTX 3070 | 60°C,   3 % |  6351 /  8192 MB | root(5808M)

2026-07-30 01:45:36,917   INFO  Train:    8/40 ( 20%) [8122/9261 ( 88%)]  Loss: 1.007 (1.24)  LR: 2.998e-04  Time cost: 42:09/05:54 [6:08:32/25:43:55]  Acc_iter 72950       Data time: 0.02(0.03)  Forward time: 0.33(0.28)  Batch time: 0.35(0.31)
2026-07-30 01:45:51,428   INFO  Train:    8/40 ( 20%) [8172/9261 ( 88%)]  Loss: 1.374 (1.24)  LR: 2.999e-04  Time cost: 42:23/05:38 [6:08:46/25:43:01]  Acc_iter 73000       Data time: 0.02(0.03)  Forward time: 0.29(0.28)  Batch time: 0.31(0.31)
2026-07-30 01:46:06,587   INFO  Train:    8/40 ( 20%) [8222/9261 ( 89%)]  Loss: 1.280 (1.24)  LR: 2.999e-04  Time cost: 42:39/05:23 [6:09:02/25:42:30]  Acc_iter 73050       Data time: 0.04(0.03)  Forward time: 0.30(0.28)  Batch time: 0.34(0.31)
2026-07-30 01:46:07,267   INFO  a1e06a0b30c0                Thu Jul 30 01:46:07 2026  580.173.02
[0] NVIDIA GeForce RTX 3070 | 60°C,   4 % |  6351 /  8192 MB | root(5808M)

2026-07-30 01:46:23,474   INFO  Train:    8/40 ( 20%) [8272/9261 ( 89%)]  Loss: 1.379 (1.24)  LR: 2.999e-04  Time cost: 42:55/05:07 [6:09:18/25:43:03]  Acc_iter 73100       Data time: 0.01(0.03)  Forward time: 0.31(0.28)  Batch time: 0.33(0.31)
2026-07-30 01:46:39,104   INFO  Train:    8/40 ( 20%) [8322/9261 ( 90%)]  Loss: 0.9748 (1.24)  LR: 2.999e-04  Time cost: 43:11/04:52 [6:09:34/25:42:49]  Acc_iter 73150       Data time: 0.03(0.03)  Forward time: 0.31(0.28)  Batch time: 0.33(0.31)
2026-07-30 01:46:53,912   INFO  Train:    8/40 ( 20%) [8372/9261 ( 90%)]  Loss: 1.166 (1.24)  LR: 2.999e-04  Time cost: 43:26/04:36 [6:09:49/25:42:07]  Acc_iter 73200       Data time: 0.04(0.03)  Forward time: 0.22(0.28)  Batch time: 0.27(0.31)
2026-07-30 01:46:54,513   INFO  a1e06a0b30c0                Thu Jul 30 01:46:54 2026  580.173.02
[0] NVIDIA GeForce RTX 3070 | 66°C,  99 % |  6349 /  8192 MB | root(5808M)

2026-07-30 01:47:09,220   INFO  Train:    8/40 ( 20%) [8422/9261 ( 91%)]  Loss: 1.014 (1.24)  LR: 2.999e-04  Time cost: 43:41/04:21 [6:10:04/25:41:42]  Acc_iter 73250       Data time: 0.04(0.03)  Forward time: 0.22(0.28)  Batch time: 0.26(0.31)
2026-07-30 01:47:24,442   INFO  Train:    8/40 ( 20%) [8472/9261 ( 91%)]  Loss: 0.7571 (1.24)  LR: 2.999e-04  Time cost: 43:56/04:05 [6:10:19/25:41:15]  Acc_iter 73300       Data time: 0.03(0.03)  Forward time: 0.28(0.28)  Batch time: 0.31(0.31)
2026-07-30 01:47:40,345   INFO  Train:    8/40 ( 20%) [8522/9261 ( 92%)]  Loss: 1.240 (1.24)  LR: 2.999e-04  Time cost: 44:12/03:50 [6:10:35/25:41:11]  Acc_iter 73350       Data time: 0.06(0.03)  Forward time: 0.24(0.28)  Batch time: 0.29(0.31)
2026-07-30 01:47:41,083   INFO  a1e06a0b30c0                Thu Jul 30 01:47:41 2026  580.173.02
[0] NVIDIA GeForce RTX 3070 | 63°C,   6 % |  6349 /  8192 MB | root(5808M)

2026-07-30 01:47:57,002   INFO  Train:    8/40 ( 20%) [8572/9261 ( 93%)]  Loss: 0.9103 (1.24)  LR: 2.999e-04  Time cost: 44:29/03:34 [6:10:52/25:41:33]  Acc_iter 73400       Data time: 0.02(0.03)  Forward time: 0.35(0.28)  Batch time: 0.38(0.31)
2026-07-30 01:48:11,934   INFO  Train:    8/40 ( 20%) [8622/9261 ( 93%)]  Loss: 1.523 (1.24)  LR: 3.000e-04  Time cost: 44:44/03:18 [6:11:07/25:40:56]  Acc_iter 73450       Data time: 0.04(0.03)  Forward time: 0.27(0.28)  Batch time: 0.31(0.31)
2026-07-30 01:48:26,859   INFO  Train:    8/40 ( 20%) [8672/9261 ( 94%)]  Loss: 1.396 (1.24)  LR: 3.000e-04  Time cost: 44:59/03:03 [6:11:22/25:40:18]  Acc_iter 73500       Data time: 0.04(0.03)  Forward time: 0.32(0.28)  Batch time: 0.36(0.31)
2026-07-30 01:48:27,411   INFO  a1e06a0b30c0                Thu Jul 30 01:48:27 2026  580.173.02
[0] NVIDIA GeForce RTX 3070 | 66°C,  93 % |  6349 /  8192 MB | root(5808M)

2026-07-30 01:48:27,814   INFO  Save latest model to /OpenPCDet/output/OpenPCDet/tools/cfgs/models/S/D/S_D_N/unfrozen_backbone_1_93/ckpt/latest_model
2026-07-30 01:48:42,466   INFO  Train:    8/40 ( 20%) [8722/9261 ( 94%)]  Loss: 1.264 (1.24)  LR: 3.000e-04  Time cost: 45:14/02:47 [6:11:37/25:40:04]  Acc_iter 73550       Data time: 0.04(0.03)  Forward time: 0.23(0.28)  Batch time: 0.27(0.31)
2026-07-30 01:48:58,374   INFO  Train:    8/40 ( 20%) [8772/9261 ( 95%)]  Loss: 1.348 (1.24)  LR: 3.000e-04  Time cost: 45:30/02:32 [6:11:53/25:40:00]  Acc_iter 73600       Data time: 0.02(0.03)  Forward time: 0.37(0.28)  Batch time: 0.39(0.31)
2026-07-30 01:49:14,504   INFO  Train:    8/40 ( 20%) [8822/9261 ( 95%)]  Loss: 1.442 (1.24)  LR: 3.000e-04  Time cost: 45:46/02:16 [6:12:09/25:40:04]  Acc_iter 73650       Data time: 0.02(0.03)  Forward time: 0.30(0.28)  Batch time: 0.32(0.31)
2026-07-30 01:49:15,080   INFO  a1e06a0b30c0                Thu Jul 30 01:49:15 2026  580.173.02
[0] NVIDIA GeForce RTX 3070 | 64°C,  71 % |  6354 /  8192 MB | root(5808M)

2026-07-30 01:49:30,098   INFO  Train:    8/40 ( 20%) [8872/9261 ( 96%)]  Loss: 1.386 (1.24)  LR: 3.000e-04  Time cost: 46:02/02:01 [6:12:25/25:39:49]  Acc_iter 73700       Data time: 0.04(0.03)  Forward time: 0.26(0.28)  Batch time: 0.30(0.31)
2026-07-30 01:49:45,170   INFO  Train:    8/40 ( 20%) [8922/9261 ( 96%)]  Loss: 1.300 (1.24)  LR: 3.000e-04  Time cost: 46:17/01:45 [6:12:40/25:39:17]  Acc_iter 73750       Data time: 0.04(0.03)  Forward time: 0.24(0.28)  Batch time: 0.28(0.31)
2026-07-30 01:50:00,029   INFO  Train:    8/40 ( 20%) [8972/9261 ( 97%)]  Loss: 0.9389 (1.24)  LR: 3.000e-04  Time cost: 46:32/01:29 [6:12:55/25:38:38]  Acc_iter 73800       Data time: 0.01(0.03)  Forward time: 0.22(0.28)  Batch time: 0.22(0.31)
2026-07-30 01:50:00,606   INFO  a1e06a0b30c0                Thu Jul 30 01:50:00 2026  580.173.02
[0] NVIDIA GeForce RTX 3070 | 60°C,  70 % |  6345 /  8192 MB | root(5808M)

2026-07-30 01:50:15,698   INFO  Train:    8/40 ( 20%) [9022/9261 ( 97%)]  Loss: 1.445 (1.24)  LR: 3.000e-04  Time cost: 46:48/01:14 [6:13:11/25:38:26]  Acc_iter 73850       Data time: 0.01(0.03)  Forward time: 0.29(0.28)  Batch time: 0.29(0.31)
2026-07-30 01:50:32,145   INFO  Train:    8/40 ( 20%) [9072/9261 ( 98%)]  Loss: 1.014 (1.24)  LR: 3.000e-04  Time cost: 47:04/00:58 [6:13:27/25:38:40]  Acc_iter 73900       Data time: 0.02(0.03)  Forward time: 0.33(0.28)  Batch time: 0.35(0.31)
2026-07-30 01:50:47,649   INFO  Train:    8/40 ( 20%) [9122/9261 ( 98%)]  Loss: 1.448 (1.24)  LR: 3.000e-04  Time cost: 47:20/00:43 [6:13:43/25:38:22]  Acc_iter 73950       Data time: 0.05(0.03)  Forward time: 0.24(0.28)  Batch time: 0.29(0.31)
2026-07-30 01:50:48,238   INFO  a1e06a0b30c0                Thu Jul 30 01:50:48 2026  580.173.02
[0] NVIDIA GeForce RTX 3070 | 60°C,   3 % |  6347 /  8192 MB | root(5808M)

2026-07-30 01:51:03,403   INFO  Train:    8/40 ( 20%) [9172/9261 ( 99%)]  Loss: 1.194 (1.24)  LR: 3.000e-04  Time cost: 47:35/00:27 [6:13:58/25:38:13]  Acc_iter 74000       Data time: 0.03(0.03)  Forward time: 0.31(0.28)  Batch time: 0.33(0.31)
2026-07-30 01:51:18,068   INFO  Train:    8/40 ( 20%) [9222/9261 (100%)]  Loss: 1.278 (1.24)  LR: 3.000e-04  Time cost: 47:50/00:12 [6:14:13/25:37:28]  Acc_iter 74050       Data time: 0.03(0.03)  Forward time: 0.33(0.28)  Batch time: 0.36(0.31)
2026-07-30 01:51:28,670   INFO  Train:    8/40 ( 20%) [9260/9261 (100%)]  Loss: 1.271 (1.24)  LR: 3.000e-04  Time cost: 48:01/00:00 [6:14:24/25:36:37]  Acc_iter 74088       Data time: 0.02(0.03)  Forward time: 0.11(0.28)  Batch time: 0.13(0.31)
2026-07-30 01:51:32,361   INFO  Train:    9/40 ( 22%) [   0/9261 (  0%)]  Loss: 0.8870 (0.887)  LR: 3.000e-04  Time cost: 00:02/6:44:06 [6:14:27/215:31:25]  Acc_iter 74089       Data time: 2.13(2.13)  Forward time: 0.45(0.45)  Batch time: 2.58(2.58)
2026-07-30 01:51:36,075   INFO  Train:    9/40 ( 22%) [  11/9261 (  0%)]  Loss: 1.118 (1.21)  LR: 3.000e-04  Time cost: 00:06/1:21:21 [6:14:31/43:26:23]  Acc_iter 74100       Data time: 0.00(0.20)  Forward time: 0.24(0.33)  Batch time: 0.24(0.53)
2026-07-30 01:51:36,790   INFO  a1e06a0b30c0                Thu Jul 30 01:51:36 2026  580.173.02
[0] NVIDIA GeForce RTX 3070 | 59°C,  61 % |  6349 /  8192 MB | root(5808M)

2026-07-30 01:51:52,691   INFO  Train:    9/40 ( 22%) [  61/9261 (  1%)]  Loss: 1.227 (1.19)  LR: 3.000e-04  Time cost: 00:22/56:45 [6:14:48/30:27:47]  Acc_iter 74150       Data time: 0.00(0.07)  Forward time: 0.26(0.30)  Batch time: 0.26(0.37)
2026-07-30 01:52:07,889   INFO  Train:    9/40 ( 22%) [ 111/9261 (  1%)]  Loss: 1.278 (1.20)  LR: 3.000e-04  Time cost: 00:38/51:56 [6:15:03/28:01:37]  Acc_iter 74200       Data time: 0.04(0.05)  Forward time: 0.29(0.29)  Batch time: 0.32(0.34)
2026-07-30 01:52:22,951   INFO  Train:    9/40 ( 22%) [ 161/9261 (  2%)]  Loss: 1.145 (1.19)  LR: 3.000e-04  Time cost: 00:53/49:48 [6:15:18/27:01:22]  Acc_iter 74250       Data time: 0.02(0.04)  Forward time: 0.36(0.29)  Batch time: 0.38(0.33)
2026-07-30 01:52:23,641   INFO  a1e06a0b30c0                Thu Jul 30 01:52:23 2026  580.173.02
[0] NVIDIA GeForce RTX 3070 | 59°C,  76 % |  6347 /  8192 MB | root(5808M)

2026-07-30 01:52:38,508   INFO  Train:    9/40 ( 22%) [ 211/9261 (  2%)]  Loss: 1.378 (1.21)  LR: 3.000e-04  Time cost: 01:08/48:55 [6:15:33/26:40:57]  Acc_iter 74300       Data time: 0.05(0.04)  Forward time: 0.31(0.28)  Batch time: 0.36(0.32)
2026-07-30 01:52:53,752   INFO  Train:    9/40 ( 22%) [ 261/9261 (  3%)]  Loss: 0.9830 (1.22)  LR: 3.000e-04  Time cost: 01:24/48:05 [6:15:49/26:22:20]  Acc_iter 74350       Data time: 0.04(0.04)  Forward time: 0.24(0.28)  Batch time: 0.28(0.32)
2026-07-30 01:53:10,265   INFO  Train:    9/40 ( 22%) [ 311/9261 (  3%)]  Loss: 0.9498 (1.22)  LR: 3.000e-04  Time cost: 01:40/48:03 [6:16:05/26:29:40]  Acc_iter 74400       Data time: 0.05(0.03)  Forward time: 0.24(0.29)  Batch time: 0.28(0.32)
2026-07-30 01:53:10,975   INFO  a1e06a0b30c0                Thu Jul 30 01:53:10 2026  580.173.02
[0] NVIDIA GeForce RTX 3070 | 60°C,  23 % |  6349 /  8192 MB | root(5808M)

2026-07-30 01:53:26,801   INFO  Train:    9/40 ( 22%) [ 361/9261 (  4%)]  Loss: 1.129 (1.23)  LR: 3.000e-04  Time cost: 01:57/47:57 [6:16:22/26:35:13]  Acc_iter 74450       Data time: 0.05(0.04)  Forward time: 0.22(0.29)  Batch time: 0.27(0.32)
2026-07-30 01:53:41,894   INFO  Train:    9/40 ( 22%) [ 411/9261 (  4%)]  Loss: 1.016 (1.23)  LR: 3.000e-04  Time cost: 02:12/47:18 [6:16:37/26:22:05]  Acc_iter 74500       Data time: 0.04(0.03)  Forward time: 0.30(0.29)  Batch time: 0.34(0.32)
2026-07-30 01:53:56,680   INFO  Train:    9/40 ( 22%) [ 461/9261 (  5%)]  Loss: 0.9692 (1.23)  LR: 3.000e-04  Time cost: 02:26/46:38 [6:16:52/26:08:26]  Acc_iter 74550       Data time: 0.01(0.03)  Forward time: 0.29(0.29)  Batch time: 0.30(0.32)
2026-07-30 01:53:57,266   INFO  a1e06a0b30c0                Thu Jul 30 01:53:57 2026  580.173.02
[0] NVIDIA GeForce RTX 3070 | 60°C,   3 % |  6347 /  8192 MB | root(5808M)

2026-07-30 01:54:12,364   INFO  Train:    9/40 ( 22%) [ 511/9261 (  6%)]  Loss: 1.606 (1.22)  LR: 3.000e-04  Time cost: 02:42/46:19 [6:17:07/26:06:04]  Acc_iter 74600       Data time: 0.02(0.03)  Forward time: 0.23(0.29)  Batch time: 0.25(0.32)
2026-07-30 01:54:28,386   INFO  Train:    9/40 ( 22%) [ 561/9261 (  6%)]  Loss: 0.9605 (1.22)  LR: 3.000e-04  Time cost: 02:58/46:05 [6:17:23/26:07:03]  Acc_iter 74650       Data time: 0.01(0.03)  Forward time: 0.29(0.29)  Batch time: 0.30(0.32)
2026-07-30 01:54:44,550   INFO  Train:    9/40 ( 22%) [ 611/9261 (  7%)]  Loss: 1.465 (1.22)  LR: 3.000e-04  Time cost: 03:14/45:53 [6:17:39/26:08:57]  Acc_iter 74700       Data time: 0.02(0.03)  Forward time: 0.30(0.29)  Batch time: 0.32(0.32)
2026-07-30 01:54:45,200   INFO  a1e06a0b30c0                Thu Jul 30 01:54:45 2026  580.173.02
[0] NVIDIA GeForce RTX 3070 | 59°C,   3 % |  6355 /  8192 MB | root(5808M)

2026-07-30 01:54:59,943   INFO  Train:    9/40 ( 22%) [ 661/9261 (  7%)]  Loss: 1.032 (1.22)  LR: 3.000e-04  Time cost: 03:30/45:30 [6:17:55/26:04:48]  Acc_iter 74750       Data time: 0.02(0.03)  Forward time: 0.22(0.29)  Batch time: 0.24(0.32)
2026-07-30 01:55:14,953   INFO  Train:    9/40 ( 22%) [ 711/9261 (  8%)]  Loss: 1.316 (1.22)  LR: 3.000e-04  Time cost: 03:45/45:04 [6:18:10/25:58:33]  Acc_iter 74800       Data time: 0.02(0.03)  Forward time: 0.33(0.28)  Batch time: 0.35(0.32)
2026-07-30 01:55:30,033   INFO  Train:    9/40 ( 22%) [ 761/9261 (  8%)]  Loss: 1.206 (1.23)  LR: 3.000e-04  Time cost: 04:00/44:40 [6:18:25/25:53:32]  Acc_iter 74850       Data time: 0.02(0.03)  Forward time: 0.31(0.28)  Batch time: 0.34(0.32)
2026-07-30 01:55:30,573   INFO  a1e06a0b30c0                Thu Jul 30 01:55:30 2026  580.173.02
[0] NVIDIA GeForce RTX 3070 | 63°C,  43 % |  6351 /  8192 MB | root(5808M)

2026-07-30 01:55:46,448   INFO  Train:    9/40 ( 22%) [ 811/9261 (  9%)]  Loss: 0.9134 (1.23)  LR: 3.000e-04  Time cost: 04:16/44:31 [6:18:41/25:57:12]  Acc_iter 74900       Data time: 0.04(0.03)  Forward time: 0.28(0.29)  Batch time: 0.31(0.32)
2026-07-30 01:56:02,651   INFO  Train:    9/40 ( 22%) [ 861/9261 (  9%)]  Loss: 1.212 (1.23)  LR: 3.000e-04  Time cost: 04:32/44:19 [6:18:58/25:59:11]  Acc_iter 74950       Data time: 0.02(0.03)  Forward time: 0.28(0.29)  Batch time: 0.31(0.32)
2026-07-30 01:56:18,093   INFO  Train:    9/40 ( 22%) [ 911/9261 ( 10%)]  Loss: 1.059 (1.23)  LR: 3.000e-04  Time cost: 04:48/44:00 [6:19:13/25:56:50]  Acc_iter 75000       Data time: 0.04(0.03)  Forward time: 0.29(0.29)  Batch time: 0.33(0.32)
2026-07-30 01:56:18,644   INFO  a1e06a0b30c0                Thu Jul 30 01:56:18 2026  580.173.02
[0] NVIDIA GeForce RTX 3070 | 59°C,  56 % |  6347 /  8192 MB | root(5808M)

2026-07-30 01:56:29,983   INFO  Save latest model to /OpenPCDet/output/OpenPCDet/tools/cfgs/models/S/D/S_D_N/unfrozen_backbone_1_93/ckpt/latest_model
2026-07-30 01:56:33,765   INFO  Train:    9/40 ( 22%) [ 961/9261 ( 10%)]  Loss: 1.368 (1.23)  LR: 3.000e-04  Time cost: 05:04/43:43 [6:19:29/25:55:52]  Acc_iter 75050       Data time: 0.00(0.03)  Forward time: 0.24(0.29)  Batch time: 0.25(0.32)
2026-07-30 01:56:48,970   INFO  Train:    9/40 ( 22%) [1011/9261 ( 11%)]  Loss: 1.517 (1.23)  LR: 3.000e-04  Time cost: 05:19/43:22 [6:19:44/25:52:42]  Acc_iter 75100       Data time: 0.02(0.03)  Forward time: 0.24(0.29)  Batch time: 0.26(0.32)
2026-07-30 01:57:04,253   INFO  Train:    9/40 ( 22%) [1061/9261 ( 11%)]  Loss: 1.435 (1.23)  LR: 3.000e-04  Time cost: 05:34/43:02 [6:19:59/25:50:11]  Acc_iter 75150       Data time: 0.02(0.03)  Forward time: 0.37(0.28)  Batch time: 0.39(0.31)
2026-07-30 01:57:04,812   INFO  a1e06a0b30c0                Thu Jul 30 01:57:04 2026  580.173.02
[0] NVIDIA GeForce RTX 3070 | 60°C,  81 % |  6349 /  8192 MB | root(5808M)

2026-07-30 01:57:21,512   INFO  Train:    9/40 ( 22%) [1111/9261 ( 12%)]  Loss: 1.258 (1.23)  LR: 3.000e-04  Time cost: 05:51/42:58 [6:20:16/25:56:36]  Acc_iter 75200       Data time: 0.02(0.03)  Forward time: 0.32(0.29)  Batch time: 0.34(0.32)
2026-07-30 01:57:36,921   INFO  Train:    9/40 ( 22%) [1161/9261 ( 13%)]  Loss: 1.403 (1.23)  LR: 3.000e-04  Time cost: 06:07/42:39 [6:20:32/25:54:36]  Acc_iter 75250       Data time: 0.03(0.03)  Forward time: 0.29(0.29)  Batch time: 0.32(0.32)
2026-07-30 01:57:52,231   INFO  Train:    9/40 ( 22%) [1211/9261 ( 13%)]  Loss: 0.9993 (1.23)  LR: 3.000e-04  Time cost: 06:22/42:20 [6:20:47/25:52:21]  Acc_iter 75300       Data time: 0.04(0.03)  Forward time: 0.28(0.29)  Batch time: 0.32(0.32)
2026-07-30 01:57:52,804   INFO  a1e06a0b30c0                Thu Jul 30 01:57:52 2026  580.173.02
[0] NVIDIA GeForce RTX 3070 | 60°C,  55 % |  6347 /  8192 MB | root(5808M)

2026-07-30 01:58:08,125   INFO  Train:    9/40 ( 22%) [1261/9261 ( 14%)]  Loss: 1.372 (1.23)  LR: 3.000e-04  Time cost: 06:38/42:05 [6:21:03/25:52:32]  Acc_iter 75350       Data time: 0.02(0.03)  Forward time: 0.33(0.29)  Batch time: 0.35(0.32)
2026-07-30 01:58:23,248   INFO  Train:    9/40 ( 22%) [1311/9261 ( 14%)]  Loss: 1.630 (1.23)  LR: 3.000e-04  Time cost: 06:53/41:45 [6:21:18/25:49:48]  Acc_iter 75400       Data time: 0.01(0.03)  Forward time: 0.28(0.29)  Batch time: 0.28(0.32)
2026-07-30 01:58:39,710   INFO  Train:    9/40 ( 22%) [1361/9261 ( 15%)]  Loss: 0.9646 (1.23)  LR: 3.000e-04  Time cost: 07:09/41:33 [6:21:35/25:52:05]  Acc_iter 75450       Data time: 0.02(0.03)  Forward time: 0.29(0.29)  Batch time: 0.30(0.32)
2026-07-30 01:58:40,401   INFO  a1e06a0b30c0                Thu Jul 30 01:58:40 2026  580.173.02
[0] NVIDIA GeForce RTX 3070 | 60°C,   3 % |  6349 /  8192 MB | root(5808M)

2026-07-30 01:58:55,602   INFO  Train:    9/40 ( 22%) [1411/9261 ( 15%)]  Loss: 1.221 (1.23)  LR: 3.000e-04  Time cost: 07:25/41:18 [6:21:51/25:52:11]  Acc_iter 75500       Data time: 0.03(0.03)  Forward time: 0.27(0.29)  Batch time: 0.31(0.32)
2026-07-30 01:59:10,528   INFO  Train:    9/40 ( 22%) [1461/9261 ( 16%)]  Loss: 1.406 (1.23)  LR: 3.000e-04  Time cost: 07:40/40:58 [6:22:05/25:49:02]  Acc_iter 75550       Data time: 0.02(0.03)  Forward time: 0.28(0.29)  Batch time: 0.31(0.32)
2026-07-30 01:59:25,440   INFO  Train:    9/40 ( 22%) [1511/9261 ( 16%)]  Loss: 1.496 (1.23)  LR: 3.000e-04  Time cost: 07:55/40:38 [6:22:20/25:46:01]  Acc_iter 75600       Data time: 0.05(0.03)  Forward time: 0.29(0.28)  Batch time: 0.34(0.31)
2026-07-30 01:59:26,214   INFO  a1e06a0b30c0                Thu Jul 30 01:59:26 2026  580.173.02
[0] NVIDIA GeForce RTX 3070 | 59°C,   3 % |  6339 /  8192 MB | root(5808M)

2026-07-30 01:59:41,311   INFO  Train:    9/40 ( 22%) [1561/9261 ( 17%)]  Loss: 1.592 (1.23)  LR: 3.000e-04  Time cost: 08:11/40:23 [6:22:36/25:46:12]  Acc_iter 75650       Data time: 0.02(0.03)  Forward time: 0.37(0.28)  Batch time: 0.39(0.31)
2026-07-30 01:59:57,624   INFO  Train:    9/40 ( 22%) [1611/9261 ( 17%)]  Loss: 1.388 (1.23)  LR: 3.000e-04  Time cost: 08:27/40:10 [6:22:53/25:47:41]  Acc_iter 75700       Data time: 0.02(0.03)  Forward time: 0.34(0.29)  Batch time: 0.35(0.32)
2026-07-30 02:00:13,363   INFO  Train:    9/40 ( 22%) [1661/9261 ( 18%)]  Loss: 0.9822 (1.23)  LR: 3.000e-04  Time cost: 08:43/39:54 [6:23:08/25:47:23]  Acc_iter 75750       Data time: 0.03(0.03)  Forward time: 0.24(0.29)  Batch time: 0.27(0.32)
2026-07-30 02:00:14,002   INFO  a1e06a0b30c0                Thu Jul 30 02:00:13 2026  580.173.02
[0] NVIDIA GeForce RTX 3070 | 61°C,  58 % |  6347 /  8192 MB | root(5808M)

2026-07-30 02:00:29,014   INFO  Train:    9/40 ( 22%) [1711/9261 ( 18%)]  Loss: 1.223 (1.23)  LR: 3.000e-04  Time cost: 08:59/39:38 [6:23:24/25:46:50]  Acc_iter 75800       Data time: 0.04(0.03)  Forward time: 0.28(0.29)  Batch time: 0.32(0.31)
2026-07-30 02:00:43,942   INFO  Train:    9/40 ( 22%) [1761/9261 ( 19%)]  Loss: 1.075 (1.22)  LR: 3.000e-04  Time cost: 09:14/39:18 [6:23:39/25:44:17]  Acc_iter 75850       Data time: 0.03(0.03)  Forward time: 0.29(0.28)  Batch time: 0.32(0.31)
2026-07-30 02:00:59,060   INFO  Train:    9/40 ( 22%) [1811/9261 ( 20%)]  Loss: 1.456 (1.22)  LR: 3.000e-04  Time cost: 09:29/39:00 [6:23:54/25:42:22]  Acc_iter 75900       Data time: 0.02(0.03)  Forward time: 0.29(0.28)  Batch time: 0.31(0.31)
2026-07-30 02:00:59,656   INFO  a1e06a0b30c0                Thu Jul 30 02:00:59 2026  580.173.02
[0] NVIDIA GeForce RTX 3070 | 60°C,  63 % |  6351 /  8192 MB | root(5808M)

2026-07-30 02:01:15,362   INFO  Train:    9/40 ( 22%) [1861/9261 ( 20%)]  Loss: 1.021 (1.22)  LR: 3.000e-04  Time cost: 09:45/38:47 [6:24:10/25:43:40]  Acc_iter 75950       Data time: 0.03(0.03)  Forward time: 0.28(0.28)  Batch time: 0.32(0.31)
2026-07-30 02:01:30,189   INFO  Save latest model to /OpenPCDet/output/OpenPCDet/tools/cfgs/models/S/D/S_D_N/unfrozen_backbone_1_93/ckpt/latest_model
2026-07-30 02:01:31,672   INFO  Train:    9/40 ( 22%) [1911/9261 ( 21%)]  Loss: 1.064 (1.22)  LR: 3.000e-04  Time cost: 10:01/38:33 [6:24:27/25:44:54]  Acc_iter 76000       Data time: 0.02(0.03)  Forward time: 0.33(0.29)  Batch time: 0.36(0.31)
2026-07-30 02:01:46,689   INFO  Train:    9/40 ( 22%) [1961/9261 ( 21%)]  Loss: 1.470 (1.22)  LR: 3.000e-04  Time cost: 10:16/38:15 [6:24:42/25:42:50]  Acc_iter 76050       Data time: 0.02(0.03)  Forward time: 0.33(0.28)  Batch time: 0.35(0.31)
2026-07-30 02:01:47,229   INFO  a1e06a0b30c0                Thu Jul 30 02:01:47 2026  580.173.02
[0] NVIDIA GeForce RTX 3070 | 60°C,   3 % |  6345 /  8192 MB | root(5808M)

2026-07-30 02:02:02,145   INFO  Train:    9/40 ( 22%) [2011/9261 ( 22%)]  Loss: 1.463 (1.22)  LR: 3.000e-04  Time cost: 10:32/37:58 [6:24:57/25:41:55]  Acc_iter 76100       Data time: 0.00(0.03)  Forward time: 0.23(0.28)  Batch time: 0.23(0.31)
2026-07-30 02:02:17,241   INFO  Train:    9/40 ( 22%) [2061/9261 ( 22%)]  Loss: 1.138 (1.22)  LR: 3.000e-04  Time cost: 10:47/37:40 [6:25:12/25:40:11]  Acc_iter 76150       Data time: 0.02(0.03)  Forward time: 0.32(0.28)  Batch time: 0.34(0.31)
2026-07-30 02:02:32,972   INFO  Train:    9/40 ( 22%) [2111/9261 ( 23%)]  Loss: 1.133 (1.22)  LR: 3.000e-04  Time cost: 11:03/37:25 [6:25:28/25:40:00]  Acc_iter 76200       Data time: 0.04(0.03)  Forward time: 0.30(0.28)  Batch time: 0.34(0.31)
2026-07-30 02:02:33,702   INFO  a1e06a0b30c0                Thu Jul 30 02:02:33 2026  580.173.02
[0] NVIDIA GeForce RTX 3070 | 59°C,  75 % |  6345 /  8192 MB | root(5808M)

2026-07-30 02:02:50,124   INFO  Train:    9/40 ( 22%) [2161/9261 ( 23%)]  Loss: 1.182 (1.22)  LR: 3.000e-04  Time cost: 11:20/37:14 [6:25:45/25:43:01]  Acc_iter 76250       Data time: 0.02(0.03)  Forward time: 0.31(0.29)  Batch time: 0.33(0.31)
2026-07-30 02:03:05,147   INFO  Train:    9/40 ( 22%) [2211/9261 ( 24%)]  Loss: 1.204 (1.22)  LR: 3.000e-04  Time cost: 11:35/36:56 [6:26:00/25:41:11]  Acc_iter 76300       Data time: 0.02(0.03)  Forward time: 0.26(0.28)  Batch time: 0.29(0.31)
2026-07-30 02:03:19,848   INFO  Train:    9/40 ( 22%) [2261/9261 ( 24%)]  Loss: 0.9800 (1.22)  LR: 3.000e-04  Time cost: 11:50/36:37 [6:26:15/25:38:43]  Acc_iter 76350       Data time: 0.00(0.03)  Forward time: 0.24(0.28)  Batch time: 0.24(0.31)
2026-07-30 02:03:20,469   INFO  a1e06a0b30c0                Thu Jul 30 02:03:20 2026  580.173.02
[0] NVIDIA GeForce RTX 3070 | 63°C,   3 % |  6354 /  8192 MB | root(5808M)

2026-07-30 02:03:35,433   INFO  Train:    9/40 ( 22%) [2311/9261 ( 25%)]  Loss: 1.022 (1.22)  LR: 3.000e-04  Time cost: 12:05/36:21 [6:26:30/25:38:13]  Acc_iter 76400       Data time: 0.04(0.03)  Forward time: 0.23(0.28)  Batch time: 0.27(0.31)
2026-07-30 02:03:50,882   INFO  Train:    9/40 ( 22%) [2361/9261 ( 25%)]  Loss: 1.350 (1.22)  LR: 3.000e-04  Time cost: 12:21/36:05 [6:26:46/25:37:27]  Acc_iter 76450       Data time: 0.03(0.03)  Forward time: 0.28(0.28)  Batch time: 0.31(0.31)
2026-07-30 02:04:07,313   INFO  Train:    9/40 ( 22%) [2411/9261 ( 26%)]  Loss: 1.172 (1.22)  LR: 3.000e-04  Time cost: 12:37/35:51 [6:27:02/25:38:42]  Acc_iter 76500       Data time: 0.05(0.03)  Forward time: 0.22(0.28)  Batch time: 0.27(0.31)
2026-07-30 02:04:07,936   INFO  a1e06a0b30c0                Thu Jul 30 02:04:07 2026  580.173.02
[0] NVIDIA GeForce RTX 3070 | 60°C,  53 % |  6337 /  8192 MB | root(5808M)

2026-07-30 02:04:23,642   INFO  Train:    9/40 ( 22%) [2461/9261 ( 27%)]  Loss: 1.266 (1.22)  LR: 2.999e-04  Time cost: 12:53/35:37 [6:27:19/25:39:41]  Acc_iter 76550       Data time: 0.02(0.03)  Forward time: 0.33(0.28)  Batch time: 0.35(0.31)
2026-07-30 02:04:38,434   INFO  Train:    9/40 ( 22%) [2511/9261 ( 27%)]  Loss: 1.352 (1.22)  LR: 2.999e-04  Time cost: 13:08/35:19 [6:27:33/25:37:37]  Acc_iter 76600       Data time: 0.04(0.03)  Forward time: 0.22(0.28)  Batch time: 0.27(0.31)
2026-07-30 02:04:53,560   INFO  Train:    9/40 ( 22%) [2561/9261 ( 28%)]  Loss: 1.111 (1.22)  LR: 2.999e-04  Time cost: 13:23/35:02 [6:27:48/25:36:15]  Acc_iter 76650       Data time: 0.04(0.03)  Forward time: 0.25(0.28)  Batch time: 0.29(0.31)
2026-07-30 02:04:54,238   INFO  a1e06a0b30c0                Thu Jul 30 02:04:54 2026  580.173.02
[0] NVIDIA GeForce RTX 3070 | 59°C,   4 % |  6349 /  8192 MB | root(5808M)

2026-07-30 02:05:09,192   INFO  Train:    9/40 ( 22%) [2611/9261 ( 28%)]  Loss: 1.310 (1.22)  LR: 2.999e-04  Time cost: 13:39/34:46 [6:28:04/25:35:53]  Acc_iter 76700       Data time: 0.05(0.03)  Forward time: 0.22(0.28)  Batch time: 0.28(0.31)
2026-07-30 02:05:25,321   INFO  Train:    9/40 ( 22%) [2661/9261 ( 29%)]  Loss: 1.187 (1.22)  LR: 2.999e-04  Time cost: 13:55/34:31 [6:28:20/25:36:26]  Acc_iter 76750       Data time: 0.03(0.03)  Forward time: 0.31(0.28)  Batch time: 0.34(0.31)
2026-07-30 02:05:40,627   INFO  Train:    9/40 ( 22%) [2711/9261 ( 29%)]  Loss: 1.046 (1.22)  LR: 2.999e-04  Time cost: 14:10/34:15 [6:28:36/25:35:29]  Acc_iter 76800       Data time: 0.03(0.03)  Forward time: 0.29(0.28)  Batch time: 0.32(0.31)
2026-07-30 02:05:41,220   INFO  a1e06a0b30c0                Thu Jul 30 02:05:41 2026  580.173.02
[0] NVIDIA GeForce RTX 3070 | 59°C,   3 % |  6347 /  8192 MB | root(5808M)

2026-07-30 02:05:55,974   INFO  Train:    9/40 ( 22%) [2761/9261 ( 30%)]  Loss: 1.507 (1.22)  LR: 2.999e-04  Time cost: 14:26/33:58 [6:28:51/25:34:37]  Acc_iter 76850       Data time: 0.00(0.03)  Forward time: 0.27(0.28)  Batch time: 0.27(0.31)
2026-07-30 02:06:10,714   INFO  Train:    9/40 ( 22%) [2811/9261 ( 30%)]  Loss: 0.9497 (1.22)  LR: 2.999e-04  Time cost: 14:40/33:40 [6:29:06/25:32:43]  Acc_iter 76900       Data time: 0.02(0.03)  Forward time: 0.33(0.28)  Batch time: 0.35(0.31)
2026-07-30 02:06:25,888   INFO  Train:    9/40 ( 22%) [2861/9261 ( 31%)]  Loss: 1.185 (1.22)  LR: 2.999e-04  Time cost: 14:56/33:23 [6:29:21/25:31:37]  Acc_iter 76950       Data time: 0.04(0.03)  Forward time: 0.27(0.28)  Batch time: 0.31(0.31)
2026-07-30 02:06:26,606   INFO  a1e06a0b30c0                Thu Jul 30 02:06:26 2026  580.173.02
[0] NVIDIA GeForce RTX 3070 | 62°C,  65 % |  6349 /  8192 MB | root(5808M)

2026-07-30 02:06:29,926   INFO  Save latest model to /OpenPCDet/output/OpenPCDet/tools/cfgs/models/S/D/S_D_N/unfrozen_backbone_1_93/ckpt/latest_model
2026-07-30 02:06:42,688   INFO  Train:    9/40 ( 22%) [2911/9261 ( 31%)]  Loss: 0.8801 (1.22)  LR: 2.999e-04  Time cost: 15:12/33:10 [6:29:38/25:33:17]  Acc_iter 77000       Data time: 0.02(0.03)  Forward time: 0.37(0.28)  Batch time: 0.39(0.31)
2026-07-30 02:06:58,820   INFO  Train:    9/40 ( 22%) [2961/9261 ( 32%)]  Loss: 1.046 (1.22)  LR: 2.999e-04  Time cost: 15:29/32:56 [6:29:54/25:33:46]  Acc_iter 77050       Data time: 0.04(0.03)  Forward time: 0.25(0.28)  Batch time: 0.29(0.31)
2026-07-30 02:07:13,618   INFO  Train:    9/40 ( 22%) [3011/9261 ( 33%)]  Loss: 1.046 (1.22)  LR: 2.999e-04  Time cost: 15:43/32:38 [6:30:09/25:32:04]  Acc_iter 77100       Data time: 0.05(0.03)  Forward time: 0.23(0.28)  Batch time: 0.28(0.31)
2026-07-30 02:07:14,205   INFO  a1e06a0b30c0                Thu Jul 30 02:07:14 2026  580.173.02
[0] NVIDIA GeForce RTX 3070 | 59°C,   3 % |  6347 /  8192 MB | root(5808M)

2026-07-30 02:07:28,983   INFO  Train:    9/40 ( 22%) [3061/9261 ( 33%)]  Loss: 1.272 (1.22)  LR: 2.999e-04  Time cost: 15:59/32:22 [6:30:24/25:31:19]  Acc_iter 77150       Data time: 0.02(0.03)  Forward time: 0.29(0.28)  Batch time: 0.31(0.31)
2026-07-30 02:07:44,092   INFO  Train:    9/40 ( 22%) [3111/9261 ( 34%)]  Loss: 1.329 (1.22)  LR: 2.999e-04  Time cost: 16:14/32:05 [6:30:39/25:30:12]  Acc_iter 77200       Data time: 0.00(0.03)  Forward time: 0.23(0.28)  Batch time: 0.24(0.31)
2026-07-30 02:07:59,653   INFO  Train:    9/40 ( 22%) [3161/9261 ( 34%)]  Loss: 1.042 (1.22)  LR: 2.999e-04  Time cost: 16:29/31:49 [6:30:55/25:29:47]  Acc_iter 77250       Data time: 0.06(0.03)  Forward time: 0.23(0.28)  Batch time: 0.29(0.31)
2026-07-30 02:08:00,294   INFO  a1e06a0b30c0                Thu Jul 30 02:08:00 2026  580.173.02
[0] NVIDIA GeForce RTX 3070 | 58°C,   3 % |  6347 /  8192 MB | root(5808M)

2026-07-30 02:08:16,801   INFO  Train:    9/40 ( 22%) [3211/9261 ( 35%)]  Loss: 0.9879 (1.22)  LR: 2.999e-04  Time cost: 16:47/31:36 [6:31:12/25:31:48]  Acc_iter 77300       Data time: 0.02(0.03)  Forward time: 0.36(0.28)  Batch time: 0.38(0.31)
2026-07-30 02:08:32,053   INFO  Train:    9/40 ( 22%) [3261/9261 ( 35%)]  Loss: 1.119 (1.22)  LR: 2.999e-04  Time cost: 17:02/31:20 [6:31:27/25:30:54]  Acc_iter 77350       Data time: 0.00(0.03)  Forward time: 0.28(0.28)  Batch time: 0.28(0.31)
2026-07-30 02:08:46,692   INFO  Train:    9/40 ( 22%) [3311/9261 ( 36%)]  Loss: 1.348 (1.22)  LR: 2.999e-04  Time cost: 17:16/31:02 [6:31:42/25:29:07]  Acc_iter 77400       Data time: 0.03(0.03)  Forward time: 0.29(0.28)  Batch time: 0.32(0.31)
2026-07-30 02:08:47,259   INFO  a1e06a0b30c0                Thu Jul 30 02:08:47 2026  580.173.02
[0] NVIDIA GeForce RTX 3070 | 59°C,   3 % |  6345 /  8192 MB | root(5808M)

2026-07-30 02:09:01,999   INFO  Train:    9/40 ( 22%) [3361/9261 ( 36%)]  Loss: 1.298 (1.22)  LR: 2.999e-04  Time cost: 17:32/30:46 [6:31:57/25:28:21]  Acc_iter 77450       Data time: 0.02(0.03)  Forward time: 0.21(0.28)  Batch time: 0.23(0.31)
2026-07-30 02:09:17,185   INFO  Train:    9/40 ( 22%) [3411/9261 ( 37%)]  Loss: 1.389 (1.22)  LR: 2.999e-04  Time cost: 17:47/30:30 [6:32:12/25:27:26]  Acc_iter 77500       Data time: 0.06(0.03)  Forward time: 0.23(0.28)  Batch time: 0.29(0.31)
2026-07-30 02:09:33,492   INFO  Train:    9/40 ( 22%) [3461/9261 ( 37%)]  Loss: 0.8676 (1.22)  LR: 2.999e-04  Time cost: 18:03/30:15 [6:32:28/25:28:07]  Acc_iter 77550       Data time: 0.02(0.03)  Forward time: 0.31(0.28)  Batch time: 0.33(0.31)
2026-07-30 02:09:34,203   INFO  a1e06a0b30c0                Thu Jul 30 02:09:34 2026  580.173.02
[0] NVIDIA GeForce RTX 3070 | 58°C,   3 % |  6337 /  8192 MB | root(5808M)

2026-07-30 02:09:49,841   INFO  Train:    9/40 ( 22%) [3511/9261 ( 38%)]  Loss: 1.464 (1.22)  LR: 2.999e-04  Time cost: 18:20/30:01 [6:32:45/25:28:49]  Acc_iter 77600       Data time: 0.02(0.03)  Forward time: 0.32(0.28)  Batch time: 0.34(0.31)
2026-07-30 02:10:04,475   INFO  Train:    9/40 ( 22%) [3561/9261 ( 38%)]  Loss: 1.375 (1.22)  LR: 2.999e-04  Time cost: 18:34/29:43 [6:32:59/25:27:09]  Acc_iter 77650       Data time: 0.02(0.03)  Forward time: 0.29(0.28)  Batch time: 0.32(0.31)
2026-07-30 02:10:19,267   INFO  Train:    9/40 ( 22%) [3611/9261 ( 39%)]  Loss: 1.139 (1.22)  LR: 2.999e-04  Time cost: 18:49/29:26 [6:33:14/25:25:44]  Acc_iter 77700       Data time: 0.02(0.03)  Forward time: 0.30(0.28)  Batch time: 0.32(0.31)
2026-07-30 02:10:19,854   INFO  a1e06a0b30c0                Thu Jul 30 02:10:19 2026  580.173.02
[0] NVIDIA GeForce RTX 3070 | 60°C,  91 % |  6349 /  8192 MB | root(5808M)

2026-07-30 02:10:34,812   INFO  Train:    9/40 ( 22%) [3661/9261 ( 40%)]  Loss: 1.509 (1.22)  LR: 2.999e-04  Time cost: 19:05/29:11 [6:33:30/25:25:21]  Acc_iter 77750       Data time: 0.04(0.03)  Forward time: 0.22(0.28)  Batch time: 0.26(0.31)
2026-07-30 02:10:51,073   INFO  Train:    9/40 ( 22%) [3711/9261 ( 40%)]  Loss: 1.190 (1.22)  LR: 2.999e-04  Time cost: 19:21/28:56 [6:33:46/25:25:55]  Acc_iter 77800       Data time: 0.02(0.03)  Forward time: 0.24(0.28)  Batch time: 0.26(0.31)
2026-07-30 02:11:07,202   INFO  Train:    9/40 ( 22%) [3761/9261 ( 41%)]  Loss: 1.437 (1.22)  LR: 2.999e-04  Time cost: 19:37/28:41 [6:34:02/25:26:17]  Acc_iter 77850       Data time: 0.02(0.03)  Forward time: 0.23(0.28)  Batch time: 0.25(0.31)
2026-07-30 02:11:07,807   INFO  a1e06a0b30c0                Thu Jul 30 02:11:07 2026  580.173.02
[0] NVIDIA GeForce RTX 3070 | 59°C,  93 % |  6349 /  8192 MB | root(5808M)

2026-07-30 02:11:22,705   INFO  Train:    9/40 ( 22%) [3811/9261 ( 41%)]  Loss: 1.356 (1.22)  LR: 2.999e-04  Time cost: 19:52/28:25 [6:34:18/25:25:50]  Acc_iter 77900       Data time: 0.02(0.03)  Forward time: 0.29(0.28)  Batch time: 0.31(0.31)
2026-07-30 02:11:29,884   INFO  Save latest model to /OpenPCDet/output/OpenPCDet/tools/cfgs/models/S/D/S_D_N/unfrozen_backbone_1_93/ckpt/latest_model
2026-07-30 02:11:37,866   INFO  Train:    9/40 ( 22%) [3861/9261 ( 42%)]  Loss: 1.187 (1.22)  LR: 2.999e-04  Time cost: 20:08/28:09 [6:34:33/25:24:58]  Acc_iter 77950       Data time: 0.02(0.03)  Forward time: 0.27(0.28)  Batch time: 0.30(0.31)
2026-07-30 02:11:52,906   INFO  Train:    9/40 ( 22%) [3911/9261 ( 42%)]  Loss: 1.269 (1.22)  LR: 2.999e-04  Time cost: 20:23/27:52 [6:34:48/25:23:57]  Acc_iter 78000       Data time: 0.03(0.03)  Forward time: 0.27(0.28)  Batch time: 0.31(0.31)
2026-07-30 02:11:53,575   INFO  a1e06a0b30c0                Thu Jul 30 02:11:53 2026  580.173.02
[0] NVIDIA GeForce RTX 3070 | 63°C,   4 % |  6347 /  8192 MB | root(5808M)

2026-07-30 02:12:09,372   INFO  Train:    9/40 ( 22%) [3961/9261 ( 43%)]  Loss: 1.157 (1.22)  LR: 2.999e-04  Time cost: 20:39/27:38 [6:35:04/25:24:43]  Acc_iter 78050       Data time: 0.02(0.03)  Forward time: 0.25(0.28)  Batch time: 0.27(0.31)
2026-07-30 02:12:25,643   INFO  Train:    9/40 ( 22%) [4011/9261 ( 43%)]  Loss: 1.255 (1.22)  LR: 2.999e-04  Time cost: 20:55/27:23 [6:35:21/25:25:13]  Acc_iter 78100       Data time: 0.00(0.03)  Forward time: 0.28(0.28)  Batch time: 0.28(0.31)
2026-07-30 02:12:40,564   INFO  Train:    9/40 ( 22%) [4061/9261 ( 44%)]  Loss: 1.134 (1.22)  LR: 2.999e-04  Time cost: 21:10/27:06 [6:35:35/25:24:05]  Acc_iter 78150       Data time: 0.02(0.03)  Forward time: 0.39(0.28)  Batch time: 0.41(0.31)
2026-07-30 02:12:41,133   INFO  a1e06a0b30c0                Thu Jul 30 02:12:41 2026  580.173.02
[0] NVIDIA GeForce RTX 3070 | 64°C,  61 % |  6349 /  8192 MB | root(5808M)

2026-07-30 02:12:55,945   INFO  Train:    9/40 ( 22%) [4111/9261 ( 44%)]  Loss: 1.568 (1.22)  LR: 2.999e-04  Time cost: 21:26/26:50 [6:35:51/25:23:30]  Acc_iter 78200       Data time: 0.05(0.03)  Forward time: 0.29(0.28)  Batch time: 0.34(0.31)
2026-07-30 02:13:10,824   INFO  Train:    9/40 ( 22%) [4161/9261 ( 45%)]  Loss: 1.251 (1.22)  LR: 2.999e-04  Time cost: 21:41/26:34 [6:36:06/25:22:21]  Acc_iter 78250       Data time: 0.05(0.03)  Forward time: 0.22(0.28)  Batch time: 0.27(0.31)
2026-07-30 02:13:26,079   INFO  Train:    9/40 ( 22%) [4211/9261 ( 45%)]  Loss: 1.264 (1.22)  LR: 2.999e-04  Time cost: 21:56/26:18 [6:36:21/25:21:40]  Acc_iter 78300       Data time: 0.01(0.03)  Forward time: 0.23(0.28)  Batch time: 0.24(0.31)
2026-07-30 02:13:26,721   INFO  a1e06a0b30c0                Thu Jul 30 02:13:26 2026  580.173.02
[0] NVIDIA GeForce RTX 3070 | 59°C,  67 % |  6345 /  8192 MB | root(5808M)

2026-07-30 02:13:43,161   INFO  Train:    9/40 ( 22%) [4261/9261 ( 46%)]  Loss: 1.484 (1.22)  LR: 2.998e-04  Time cost: 22:13/26:04 [6:36:38/25:23:04]  Acc_iter 78350       Data time: 0.05(0.03)  Forward time: 0.23(0.28)  Batch time: 0.28(0.31)
2026-07-30 02:13:58,651   INFO  Train:    9/40 ( 22%) [4311/9261 ( 47%)]  Loss: 1.051 (1.22)  LR: 2.998e-04  Time cost: 22:28/25:48 [6:36:54/25:22:38]  Acc_iter 78400       Data time: 0.00(0.03)  Forward time: 0.31(0.28)  Batch time: 0.31(0.31)
2026-07-30 02:14:13,295   INFO  Train:    9/40 ( 22%) [4361/9261 ( 47%)]  Loss: 0.9818 (1.22)  LR: 2.998e-04  Time cost: 22:43/25:31 [6:37:08/25:21:15]  Acc_iter 78450       Data time: 0.02(0.03)  Forward time: 0.27(0.28)  Batch time: 0.29(0.31)
2026-07-30 02:14:13,995   INFO  a1e06a0b30c0                Thu Jul 30 02:14:13 2026  580.173.02
[0] NVIDIA GeForce RTX 3070 | 60°C,  94 % |  6339 /  8192 MB | root(5808M)

2026-07-30 02:14:28,637   INFO  Train:    9/40 ( 22%) [4411/9261 ( 48%)]  Loss: 1.006 (1.22)  LR: 2.998e-04  Time cost: 22:58/25:15 [6:37:24/25:20:41]  Acc_iter 78500       Data time: 0.03(0.03)  Forward time: 0.30(0.28)  Batch time: 0.33(0.31)
2026-07-30 02:14:43,699   INFO  Train:    9/40 ( 22%) [4461/9261 ( 48%)]  Loss: 1.229 (1.22)  LR: 2.998e-04  Time cost: 23:13/24:59 [6:37:39/25:19:48]  Acc_iter 78550       Data time: 0.01(0.03)  Forward time: 0.26(0.28)  Batch time: 0.26(0.31)
2026-07-30 02:15:00,015   INFO  Train:    9/40 ( 22%) [4511/9261 ( 49%)]  Loss: 1.144 (1.22)  LR: 2.998e-04  Time cost: 23:30/24:44 [6:37:55/25:20:17]  Acc_iter 78600       Data time: 0.05(0.03)  Forward time: 0.28(0.28)  Batch time: 0.33(0.31)
2026-07-30 02:15:00,766   INFO  a1e06a0b30c0                Thu Jul 30 02:15:00 2026  580.173.02
[0] NVIDIA GeForce RTX 3070 | 59°C,  77 % |  6339 /  8192 MB | root(5808M)

2026-07-30 02:15:16,246   INFO  Train:    9/40 ( 22%) [4561/9261 ( 49%)]  Loss: 1.585 (1.22)  LR: 2.998e-04  Time cost: 23:46/24:29 [6:38:11/25:20:40]  Acc_iter 78650       Data time: 0.02(0.03)  Forward time: 0.30(0.28)  Batch time: 0.32(0.31)
2026-07-30 02:15:31,077   INFO  Train:    9/40 ( 22%) [4611/9261 ( 50%)]  Loss: 1.118 (1.22)  LR: 2.998e-04  Time cost: 24:01/24:13 [6:38:26/25:19:34]  Acc_iter 78700       Data time: 0.03(0.03)  Forward time: 0.29(0.28)  Batch time: 0.32(0.31)
2026-07-30 02:15:45,955   INFO  Train:    9/40 ( 22%) [4661/9261 ( 50%)]  Loss: 0.9779 (1.22)  LR: 2.998e-04  Time cost: 24:16/23:56 [6:38:41/25:18:31]  Acc_iter 78750       Data time: 0.02(0.03)  Forward time: 0.32(0.28)  Batch time: 0.34(0.31)
2026-07-30 02:15:46,696   INFO  a1e06a0b30c0                Thu Jul 30 02:15:46 2026  580.173.02
[0] NVIDIA GeForce RTX 3070 | 59°C,   9 % |  6349 /  8192 MB | root(5808M)

2026-07-30 02:16:01,762   INFO  Train:    9/40 ( 22%) [4711/9261 ( 51%)]  Loss: 1.100 (1.22)  LR: 2.998e-04  Time cost: 24:32/23:41 [6:38:57/25:18:28]  Acc_iter 78800       Data time: 0.05(0.03)  Forward time: 0.25(0.28)  Batch time: 0.31(0.31)
2026-07-30 02:16:17,881   INFO  Train:    9/40 ( 22%) [4761/9261 ( 51%)]  Loss: 1.544 (1.22)  LR: 2.998e-04  Time cost: 24:48/23:26 [6:39:13/25:18:43]  Acc_iter 78850       Data time: 0.02(0.03)  Forward time: 0.27(0.28)  Batch time: 0.29(0.31)
2026-07-30 02:16:29,985   INFO  Save latest model to /OpenPCDet/output/OpenPCDet/tools/cfgs/models/S/D/S_D_N/unfrozen_backbone_1_93/ckpt/latest_model
2026-07-30 02:16:33,895   INFO  Train:    9/40 ( 22%) [4811/9261 ( 52%)]  Loss: 0.9519 (1.22)  LR: 2.998e-04  Time cost: 25:04/23:10 [6:39:29/25:18:50]  Acc_iter 78900       Data time: 0.00(0.03)  Forward time: 0.23(0.28)  Batch time: 0.23(0.31)
2026-07-30 02:16:34,494   INFO  a1e06a0b30c0                Thu Jul 30 02:16:34 2026  580.173.02
[0] NVIDIA GeForce RTX 3070 | 63°C,   3 % |  6351 /  8192 MB | root(5808M)

2026-07-30 02:16:49,299   INFO  Train:    9/40 ( 22%) [4861/9261 ( 52%)]  Loss: 1.128 (1.22)  LR: 2.998e-04  Time cost: 25:19/22:55 [6:39:44/25:18:21]  Acc_iter 78950       Data time: 0.00(0.03)  Forward time: 0.23(0.28)  Batch time: 0.23(0.31)
2026-07-30 02:17:04,019   INFO  Train:    9/40 ( 22%) [4911/9261 ( 53%)]  Loss: 1.236 (1.22)  LR: 2.998e-04  Time cost: 25:34/22:38 [6:39:59/25:17:12]  Acc_iter 79000       Data time: 0.05(0.03)  Forward time: 0.24(0.28)  Batch time: 0.29(0.31)
2026-07-30 02:17:19,066   INFO  Train:    9/40 ( 22%) [4961/9261 ( 54%)]  Loss: 1.099 (1.22)  LR: 2.998e-04  Time cost: 25:49/22:22 [6:40:14/25:16:23]  Acc_iter 79050       Data time: 0.02(0.03)  Forward time: 0.33(0.28)  Batch time: 0.35(0.31)
2026-07-30 02:17:19,759   INFO  a1e06a0b30c0                Thu Jul 30 02:17:19 2026  580.173.02
[0] NVIDIA GeForce RTX 3070 | 59°C, 100 % |  6347 /  8192 MB | root(5808M)

2026-07-30 02:17:35,535   INFO  Train:    9/40 ( 22%) [5011/9261 ( 54%)]  Loss: 1.054 (1.22)  LR: 2.998e-04  Time cost: 26:05/22:07 [6:40:30/25:16:57]  Acc_iter 79100       Data time: 0.02(0.03)  Forward time: 0.31(0.28)  Batch time: 0.34(0.31)
2026-07-30 02:17:52,013   INFO  Train:    9/40 ( 22%) [5061/9261 ( 55%)]  Loss: 1.405 (1.22)  LR: 2.998e-04  Time cost: 26:22/21:52 [6:40:47/25:17:31]  Acc_iter 79150       Data time: 0.04(0.03)  Forward time: 0.22(0.28)  Batch time: 0.26(0.31)
2026-07-30 02:18:06,655   INFO  Train:    9/40 ( 22%) [5111/9261 ( 55%)]  Loss: 0.9737 (1.22)  LR: 2.998e-04  Time cost: 26:36/21:36 [6:41:02/25:16:19]  Acc_iter 79200       Data time: 0.04(0.03)  Forward time: 0.26(0.28)  Batch time: 0.31(0.31)
2026-07-30 02:18:07,234   INFO  a1e06a0b30c0                Thu Jul 30 02:18:07 2026  580.173.02
[0] NVIDIA GeForce RTX 3070 | 59°C,   3 % |  6349 /  8192 MB | root(5808M)

2026-07-30 02:18:21,978   INFO  Train:    9/40 ( 22%) [5161/9261 ( 56%)]  Loss: 1.418 (1.22)  LR: 2.998e-04  Time cost: 26:52/21:20 [6:41:17/25:15:46]  Acc_iter 79250       Data time: 0.02(0.03)  Forward time: 0.26(0.28)  Batch time: 0.28(0.31)
2026-07-30 02:18:37,065   INFO  Train:    9/40 ( 22%) [5211/9261 ( 56%)]  Loss: 1.080 (1.22)  LR: 2.998e-04  Time cost: 27:07/21:04 [6:41:32/25:15:01]  Acc_iter 79300       Data time: 0.00(0.03)  Forward time: 0.26(0.28)  Batch time: 0.26(0.31)
2026-07-30 02:18:52,284   INFO  Train:    9/40 ( 22%) [5261/9261 ( 57%)]  Loss: 1.020 (1.22)  LR: 2.998e-04  Time cost: 27:22/20:48 [6:41:47/25:14:24]  Acc_iter 79350       Data time: 0.02(0.03)  Forward time: 0.33(0.28)  Batch time: 0.35(0.31)
2026-07-30 02:18:53,003   INFO  a1e06a0b30c0                Thu Jul 30 02:18:52 2026  580.173.02
[0] NVIDIA GeForce RTX 3070 | 60°C,  59 % |  6351 /  8192 MB | root(5808M)

2026-07-30 02:19:09,145   INFO  Train:    9/40 ( 22%) [5311/9261 ( 57%)]  Loss: 1.516 (1.22)  LR: 2.998e-04  Time cost: 27:39/20:33 [6:42:04/25:15:17]  Acc_iter 79400       Data time: 0.05(0.03)  Forward time: 0.31(0.28)  Batch time: 0.36(0.31)
2026-07-30 02:19:24,301   INFO  Train:    9/40 ( 22%) [5361/9261 ( 58%)]  Loss: 1.337 (1.22)  LR: 2.998e-04  Time cost: 27:54/20:17 [6:42:19/25:14:36]  Acc_iter 79450       Data time: 0.00(0.03)  Forward time: 0.24(0.28)  Batch time: 0.24(0.31)
2026-07-30 02:19:39,610   INFO  Train:    9/40 ( 22%) [5411/9261 ( 58%)]  Loss: 1.218 (1.22)  LR: 2.998e-04  Time cost: 28:09/20:02 [6:42:35/25:14:04]  Acc_iter 79500       Data time: 0.02(0.03)  Forward time: 0.31(0.28)  Batch time: 0.34(0.31)
2026-07-30 02:19:40,150   INFO  a1e06a0b30c0                Thu Jul 30 02:19:40 2026  580.173.02
[0] NVIDIA GeForce RTX 3070 | 64°C,  89 % |  6349 /  8192 MB | root(5808M)

2026-07-30 02:19:55,138   INFO  Train:    9/40 ( 22%) [5461/9261 ( 59%)]  Loss: 1.168 (1.22)  LR: 2.997e-04  Time cost: 28:25/19:46 [6:42:50/25:13:44]  Acc_iter 79550       Data time: 0.04(0.03)  Forward time: 0.28(0.28)  Batch time: 0.32(0.31)
2026-07-30 02:20:10,319   INFO  Train:    9/40 ( 22%) [5511/9261 ( 60%)]  Loss: 1.397 (1.22)  LR: 2.997e-04  Time cost: 28:40/19:30 [6:43:05/25:13:06]  Acc_iter 79600       Data time: 0.00(0.03)  Forward time: 0.30(0.28)  Batch time: 0.30(0.31)
2026-07-30 02:20:26,454   INFO  Train:    9/40 ( 22%) [5561/9261 ( 60%)]  Loss: 1.269 (1.22)  LR: 2.997e-04  Time cost: 28:56/19:15 [6:43:21/25:13:18]  Acc_iter 79650       Data time: 0.03(0.03)  Forward time: 0.31(0.28)  Batch time: 0.34(0.31)
2026-07-30 02:20:27,167   INFO  a1e06a0b30c0                Thu Jul 30 02:20:27 2026  580.173.02
[0] NVIDIA GeForce RTX 3070 | 64°C,  72 % |  6351 /  8192 MB | root(5808M)

2026-07-30 02:20:42,525   INFO  Train:    9/40 ( 22%) [5611/9261 ( 61%)]  Loss: 1.230 (1.22)  LR: 2.997e-04  Time cost: 29:12/18:59 [6:43:37/25:13:26]  Acc_iter 79700       Data time: 0.04(0.03)  Forward time: 0.23(0.28)  Batch time: 0.27(0.31)
2026-07-30 02:20:57,302   INFO  Train:    9/40 ( 22%) [5661/9261 ( 61%)]  Loss: 1.240 (1.22)  LR: 2.997e-04  Time cost: 29:27/18:43 [6:43:52/25:12:27]  Acc_iter 79750       Data time: 0.04(0.03)  Forward time: 0.34(0.28)  Batch time: 0.38(0.31)
2026-07-30 02:21:12,342   INFO  Train:    9/40 ( 22%) [5711/9261 ( 62%)]  Loss: 0.9036 (1.22)  LR: 2.997e-04  Time cost: 29:42/18:27 [6:44:07/25:11:43]  Acc_iter 79800       Data time: 0.03(0.03)  Forward time: 0.30(0.28)  Batch time: 0.34(0.31)
2026-07-30 02:21:12,950   INFO  a1e06a0b30c0                Thu Jul 30 02:21:12 2026  580.173.02
[0] NVIDIA GeForce RTX 3070 | 60°C,  77 % |  6345 /  8192 MB | root(5808M)

2026-07-30 02:21:28,302   INFO  Train:    9/40 ( 22%) [5761/9261 ( 62%)]  Loss: 0.8511 (1.22)  LR: 2.997e-04  Time cost: 29:58/18:12 [6:44:23/25:11:45]  Acc_iter 79850       Data time: 0.03(0.03)  Forward time: 0.28(0.28)  Batch time: 0.31(0.31)
2026-07-30 02:21:29,979   INFO  Save latest model to /OpenPCDet/output/OpenPCDet/tools/cfgs/models/S/D/S_D_N/unfrozen_backbone_1_93/ckpt/latest_model
2026-07-30 02:21:44,289   INFO  Train:    9/40 ( 22%) [5811/9261 ( 63%)]  Loss: 1.041 (1.22)  LR: 2.997e-04  Time cost: 30:14/17:57 [6:44:39/25:11:48]  Acc_iter 79900       Data time: 0.02(0.03)  Forward time: 0.31(0.28)  Batch time: 0.33(0.31)
2026-07-30 02:22:00,185   INFO  Train:    9/40 ( 22%) [5861/9261 ( 63%)]  Loss: 1.029 (1.22)  LR: 2.997e-04  Time cost: 30:30/17:41 [6:44:55/25:11:47]  Acc_iter 79950       Data time: 0.04(0.03)  Forward time: 0.22(0.28)  Batch time: 0.26(0.31)
2026-07-30 02:22:00,788   INFO  a1e06a0b30c0                Thu Jul 30 02:22:00 2026  580.173.02
[0] NVIDIA GeForce RTX 3070 | 59°C,  66 % |  6351 /  8192 MB | root(5808M)

2026-07-30 02:22:15,609   INFO  Train:    9/40 ( 22%) [5911/9261 ( 64%)]  Loss: 1.348 (1.22)  LR: 2.997e-04  Time cost: 30:45/17:25 [6:45:11/25:11:22]  Acc_iter 80000       Data time: 0.01(0.03)  Forward time: 0.29(0.28)  Batch time: 0.30(0.31)
2026-07-30 02:22:30,557   INFO  Train:    9/40 ( 22%) [5961/9261 ( 64%)]  Loss: 1.440 (1.22)  LR: 2.997e-04  Time cost: 31:00/17:09 [6:45:25/25:10:34]  Acc_iter 80050       Data time: 0.04(0.03)  Forward time: 0.23(0.28)  Batch time: 0.27(0.31)
2026-07-30 02:22:45,708   INFO  Train:    9/40 ( 22%) [6011/9261 ( 65%)]  Loss: 1.289 (1.22)  LR: 2.997e-04  Time cost: 31:15/16:54 [6:45:41/25:09:57]  Acc_iter 80100       Data time: 0.02(0.03)  Forward time: 0.26(0.28)  Batch time: 0.28(0.31)
2026-07-30 02:22:46,417   INFO  a1e06a0b30c0                Thu Jul 30 02:22:46 2026  580.173.02
[0] NVIDIA GeForce RTX 3070 | 60°C,   3 % |  6347 /  8192 MB | root(5808M)

2026-07-30 02:23:02,211   INFO  Train:    9/40 ( 22%) [6061/9261 ( 65%)]  Loss: 1.230 (1.22)  LR: 2.997e-04  Time cost: 31:32/16:38 [6:45:57/25:10:24]  Acc_iter 80150       Data time: 0.04(0.03)  Forward time: 0.25(0.28)  Batch time: 0.29(0.31)
2026-07-30 02:23:17,991   INFO  Train:    9/40 ( 22%) [6111/9261 ( 66%)]  Loss: 1.192 (1.22)  LR: 2.997e-04  Time cost: 31:48/16:23 [6:46:13/25:10:17]  Acc_iter 80200       Data time: 0.00(0.03)  Forward time: 0.22(0.28)  Batch time: 0.22(0.31)
2026-07-30 02:23:33,026   INFO  Train:    9/40 ( 22%) [6161/9261 ( 67%)]  Loss: 1.828 (1.22)  LR: 2.997e-04  Time cost: 32:03/16:07 [6:46:28/25:09:34]  Acc_iter 80250       Data time: 0.01(0.03)  Forward time: 0.28(0.28)  Batch time: 0.29(0.31)
2026-07-30 02:23:33,598   INFO  a1e06a0b30c0                Thu Jul 30 02:23:33 2026  580.173.02
[0] NVIDIA GeForce RTX 3070 | 66°C,  96 % |  6349 /  8192 MB | root(5808M)

2026-07-30 02:23:48,390   INFO  Train:    9/40 ( 22%) [6211/9261 ( 67%)]  Loss: 1.132 (1.22)  LR: 2.997e-04  Time cost: 32:18/15:51 [6:46:43/25:09:07]  Acc_iter 80300       Data time: 0.02(0.03)  Forward time: 0.28(0.28)  Batch time: 0.30(0.31)
2026-07-30 02:24:03,494   INFO  Train:    9/40 ( 22%) [6261/9261 ( 68%)]  Loss: 1.142 (1.22)  LR: 2.997e-04  Time cost: 32:33/15:36 [6:46:58/25:08:28]  Acc_iter 80350       Data time: 0.04(0.03)  Forward time: 0.24(0.28)  Batch time: 0.28(0.31)
2026-07-30 02:24:18,916   INFO  Train:    9/40 ( 22%) [6311/9261 ( 68%)]  Loss: 1.251 (1.22)  LR: 2.997e-04  Time cost: 32:49/15:20 [6:47:14/25:08:04]  Acc_iter 80400       Data time: 0.00(0.03)  Forward time: 0.29(0.28)  Batch time: 0.30(0.31)
2026-07-30 02:24:19,640   INFO  a1e06a0b30c0                Thu Jul 30 02:24:19 2026  580.173.02
[0] NVIDIA GeForce RTX 3070 | 61°C,  13 % |  6341 /  8192 MB | root(5808M)

2026-07-30 02:24:35,864   INFO  Train:    9/40 ( 22%) [6361/9261 ( 69%)]  Loss: 1.026 (1.22)  LR: 2.997e-04  Time cost: 33:06/15:05 [6:47:31/25:08:50]  Acc_iter 80450       Data time: 0.00(0.03)  Forward time: 0.22(0.28)  Batch time: 0.22(0.31)
2026-07-30 02:24:51,088   INFO  Train:    9/40 ( 22%) [6411/9261 ( 69%)]  Loss: 1.457 (1.22)  LR: 2.997e-04  Time cost: 33:21/14:49 [6:47:46/25:08:17]  Acc_iter 80500       Data time: 0.00(0.03)  Forward time: 0.26(0.28)  Batch time: 0.26(0.31)
2026-07-30 02:25:06,041   INFO  Train:    9/40 ( 22%) [6461/9261 ( 70%)]  Loss: 1.478 (1.22)  LR: 2.996e-04  Time cost: 33:36/14:33 [6:48:01/25:07:32]  Acc_iter 80550       Data time: 0.00(0.03)  Forward time: 0.28(0.28)  Batch time: 0.28(0.31)
2026-07-30 02:25:06,657   INFO  a1e06a0b30c0                Thu Jul 30 02:25:06 2026  580.173.02
[0] NVIDIA GeForce RTX 3070 | 64°C,  68 % |  6351 /  8192 MB | root(5808M)

2026-07-30 02:25:21,585   INFO  Train:    9/40 ( 22%) [6511/9261 ( 70%)]  Loss: 1.301 (1.22)  LR: 2.996e-04  Time cost: 33:51/14:18 [6:48:17/25:07:14]  Acc_iter 80600       Data time: 0.02(0.03)  Forward time: 0.27(0.28)  Batch time: 0.29(0.31)
2026-07-30 02:25:37,023   INFO  Train:    9/40 ( 22%) [6561/9261 ( 71%)]  Loss: 1.390 (1.22)  LR: 2.996e-04  Time cost: 34:07/14:02 [6:48:32/25:06:51]  Acc_iter 80650       Data time: 0.05(0.03)  Forward time: 0.24(0.28)  Batch time: 0.29(0.31)
2026-07-30 02:25:53,378   INFO  Train:    9/40 ( 22%) [6611/9261 ( 71%)]  Loss: 1.408 (1.22)  LR: 2.996e-04  Time cost: 34:23/13:47 [6:48:48/25:07:09]  Acc_iter 80700       Data time: 0.02(0.03)  Forward time: 0.31(0.28)  Batch time: 0.33(0.31)
2026-07-30 02:25:54,112   INFO  a1e06a0b30c0                Thu Jul 30 02:25:54 2026  580.173.02
[0] NVIDIA GeForce RTX 3070 | 59°C,  91 % |  6347 /  8192 MB | root(5808M)

2026-07-30 02:26:09,390   INFO  Train:    9/40 ( 22%) [6661/9261 ( 72%)]  Loss: 1.315 (1.22)  LR: 2.996e-04  Time cost: 34:39/13:31 [6:49:04/25:07:11]  Acc_iter 80750       Data time: 0.04(0.03)  Forward time: 0.31(0.28)  Batch time: 0.34(0.31)
2026-07-30 02:26:24,417   INFO  Train:    9/40 ( 22%) [6711/9261 ( 72%)]  Loss: 1.009 (1.22)  LR: 2.996e-04  Time cost: 34:54/13:15 [6:49:19/25:06:30]  Acc_iter 80800       Data time: 0.03(0.03)  Forward time: 0.25(0.28)  Batch time: 0.28(0.31)
2026-07-30 02:26:30,120   INFO  Save latest model to /OpenPCDet/output/OpenPCDet/tools/cfgs/models/S/D/S_D_N/unfrozen_backbone_1_93/ckpt/latest_model
2026-07-30 02:26:39,481   INFO  Train:    9/40 ( 22%) [6761/9261 ( 73%)]  Loss: 1.354 (1.22)  LR: 2.996e-04  Time cost: 35:09/12:59 [6:49:34/25:05:52]  Acc_iter 80850       Data time: 0.02(0.03)  Forward time: 0.27(0.28)  Batch time: 0.29(0.31)
2026-07-30 02:26:40,080   INFO  a1e06a0b30c0                Thu Jul 30 02:26:40 2026  580.173.02
[0] NVIDIA GeForce RTX 3070 | 61°C,  66 % |  6351 /  8192 MB | root(5808M)

2026-07-30 02:26:55,364   INFO  Train:    9/40 ( 22%) [6811/9261 ( 74%)]  Loss: 1.382 (1.22)  LR: 2.996e-04  Time cost: 35:25/12:44 [6:49:50/25:05:48]  Acc_iter 80900       Data time: 0.02(0.03)  Forward time: 0.34(0.28)  Batch time: 0.36(0.31)
2026-07-30 02:27:11,316   INFO  Train:    9/40 ( 22%) [6861/9261 ( 74%)]  Loss: 1.123 (1.22)  LR: 2.996e-04  Time cost: 35:41/12:29 [6:50:06/25:05:47]  Acc_iter 80950       Data time: 0.04(0.03)  Forward time: 0.33(0.28)  Batch time: 0.36(0.31)
2026-07-30 02:27:27,079   INFO  Train:    9/40 ( 22%) [6911/9261 ( 75%)]  Loss: 1.210 (1.21)  LR: 2.996e-04  Time cost: 35:57/12:13 [6:50:22/25:05:38]  Acc_iter 81000       Data time: 0.02(0.03)  Forward time: 0.38(0.28)  Batch time: 0.40(0.31)
2026-07-30 02:27:27,680   INFO  a1e06a0b30c0                Thu Jul 30 02:27:27 2026  580.173.02
[0] NVIDIA GeForce RTX 3070 | 64°C,  84 % |  6357 /  8192 MB | root(5808M)

2026-07-30 02:27:42,740   INFO  Train:    9/40 ( 22%) [6961/9261 ( 75%)]  Loss: 1.144 (1.21)  LR: 2.996e-04  Time cost: 36:12/11:57 [6:50:38/25:05:25]  Acc_iter 81050       Data time: 0.02(0.03)  Forward time: 0.31(0.28)  Batch time: 0.33(0.31)
2026-07-30 02:27:57,521   INFO  Train:    9/40 ( 22%) [7011/9261 ( 76%)]  Loss: 1.105 (1.21)  LR: 2.996e-04  Time cost: 36:27/11:42 [6:50:52/25:04:35]  Acc_iter 81100       Data time: 0.04(0.03)  Forward time: 0.29(0.28)  Batch time: 0.33(0.31)
2026-07-30 02:28:12,284   INFO  Train:    9/40 ( 22%) [7061/9261 ( 76%)]  Loss: 1.493 (1.21)  LR: 2.996e-04  Time cost: 36:42/11:26 [6:51:07/25:03:45]  Acc_iter 81150       Data time: 0.02(0.03)  Forward time: 0.34(0.28)  Batch time: 0.36(0.31)
2026-07-30 02:28:12,885   INFO  a1e06a0b30c0                Thu Jul 30 02:28:12 2026  580.173.02
[0] NVIDIA GeForce RTX 3070 | 59°C,  33 % |  6349 /  8192 MB | root(5808M)

2026-07-30 02:28:28,453   INFO  Train:    9/40 ( 22%) [7111/9261 ( 77%)]  Loss: 0.9339 (1.21)  LR: 2.996e-04  Time cost: 36:58/11:10 [6:51:23/25:03:53]  Acc_iter 81200       Data time: 0.04(0.03)  Forward time: 0.26(0.28)  Batch time: 0.30(0.31)
2026-07-30 02:28:44,684   INFO  Train:    9/40 ( 22%) [7161/9261 ( 77%)]  Loss: 1.228 (1.21)  LR: 2.996e-04  Time cost: 37:14/10:55 [6:51:40/25:04:03]  Acc_iter 81250       Data time: 0.01(0.03)  Forward time: 0.22(0.28)  Batch time: 0.22(0.31)
2026-07-30 02:28:59,893   INFO  Train:    9/40 ( 22%) [7211/9261 ( 78%)]  Loss: 1.311 (1.21)  LR: 2.996e-04  Time cost: 37:30/10:39 [6:51:55/25:03:32]  Acc_iter 81300       Data time: 0.03(0.03)  Forward time: 0.29(0.28)  Batch time: 0.32(0.31)
2026-07-30 02:29:00,466   INFO  a1e06a0b30c0                Thu Jul 30 02:29:00 2026  580.173.02
[0] NVIDIA GeForce RTX 3070 | 60°C,   3 % |  6351 /  8192 MB | root(5808M)

2026-07-30 02:29:15,680   INFO  Train:    9/40 ( 22%) [7261/9261 ( 78%)]  Loss: 1.104 (1.21)  LR: 2.996e-04  Time cost: 37:45/10:24 [6:52:11/25:03:24]  Acc_iter 81350       Data time: 0.05(0.03)  Forward time: 0.23(0.28)  Batch time: 0.28(0.31)
2026-07-30 02:29:30,708   INFO  Train:    9/40 ( 22%) [7311/9261 ( 79%)]  Loss: 0.7821 (1.21)  LR: 2.995e-04  Time cost: 38:00/10:08 [6:52:26/25:02:45]  Acc_iter 81400       Data time: 0.02(0.03)  Forward time: 0.33(0.28)  Batch time: 0.35(0.31)
2026-07-30 02:29:45,819   INFO  Train:    9/40 ( 22%) [7361/9261 ( 79%)]  Loss: 1.119 (1.21)  LR: 2.995e-04  Time cost: 38:16/09:52 [6:52:41/25:02:11]  Acc_iter 81450       Data time: 0.05(0.03)  Forward time: 0.26(0.28)  Batch time: 0.32(0.31)
2026-07-30 02:29:46,479   INFO  a1e06a0b30c0                Thu Jul 30 02:29:46 2026  580.173.02
[0] NVIDIA GeForce RTX 3070 | 60°C,   3 % |  6339 /  8192 MB | root(5808M)

2026-07-30 02:30:02,958   INFO  Train:    9/40 ( 22%) [7411/9261 ( 80%)]  Loss: 0.8620 (1.21)  LR: 2.995e-04  Time cost: 38:33/09:37 [6:52:58/25:02:55]  Acc_iter 81500       Data time: 0.00(0.03)  Forward time: 0.28(0.28)  Batch time: 0.29(0.31)
2026-07-30 02:30:18,463   INFO  Train:    9/40 ( 22%) [7461/9261 ( 81%)]  Loss: 1.441 (1.21)  LR: 2.995e-04  Time cost: 38:48/09:21 [6:53:13/25:02:36]  Acc_iter 81550       Data time: 0.04(0.03)  Forward time: 0.22(0.28)  Batch time: 0.26(0.31)
2026-07-30 02:30:33,405   INFO  Train:    9/40 ( 22%) [7511/9261 ( 81%)]  Loss: 1.385 (1.21)  LR: 2.995e-04  Time cost: 39:03/09:05 [6:53:28/25:01:55]  Acc_iter 81600       Data time: 0.04(0.03)  Forward time: 0.28(0.28)  Batch time: 0.32(0.31)
2026-07-30 02:30:34,134   INFO  a1e06a0b30c0                Thu Jul 30 02:30:34 2026  580.173.02
[0] NVIDIA GeForce RTX 3070 | 60°C,  99 % |  6349 /  8192 MB | root(5808M)

2026-07-30 02:30:49,096   INFO  Train:    9/40 ( 22%) [7561/9261 ( 82%)]  Loss: 0.9267 (1.21)  LR: 2.995e-04  Time cost: 39:19/08:50 [6:53:44/25:01:43]  Acc_iter 81650       Data time: 0.00(0.03)  Forward time: 0.22(0.28)  Batch time: 0.22(0.31)
2026-07-30 02:31:04,451   INFO  Train:    9/40 ( 22%) [7611/9261 ( 82%)]  Loss: 1.119 (1.21)  LR: 2.995e-04  Time cost: 39:34/08:34 [6:53:59/25:01:18]  Acc_iter 81700       Data time: 0.04(0.03)  Forward time: 0.29(0.28)  Batch time: 0.33(0.31)
2026-07-30 02:31:20,357   INFO  Train:    9/40 ( 22%) [7661/9261 ( 83%)]  Loss: 1.060 (1.21)  LR: 2.995e-04  Time cost: 39:50/08:19 [6:54:15/25:01:14]  Acc_iter 81750       Data time: 0.04(0.03)  Forward time: 0.27(0.28)  Batch time: 0.31(0.31)
2026-07-30 02:31:21,099   INFO  a1e06a0b30c0                Thu Jul 30 02:31:21 2026  580.173.02
[0] NVIDIA GeForce RTX 3070 | 59°C,  94 % |  6347 /  8192 MB | root(5808M)

2026-07-30 02:31:29,960   INFO  Save latest model to /OpenPCDet/output/OpenPCDet/tools/cfgs/models/S/D/S_D_N/unfrozen_backbone_1_93/ckpt/latest_model
2026-07-30 02:31:36,981   INFO  Train:    9/40 ( 22%) [7711/9261 ( 83%)]  Loss: 1.156 (1.21)  LR: 2.995e-04  Time cost: 40:07/08:03 [6:54:32/25:01:36]  Acc_iter 81800       Data time: 0.05(0.03)  Forward time: 0.22(0.28)  Batch time: 0.27(0.31)
2026-07-30 02:31:52,017   INFO  Train:    9/40 ( 22%) [7761/9261 ( 84%)]  Loss: 1.606 (1.21)  LR: 2.995e-04  Time cost: 40:22/07:48 [6:54:47/25:01:00]  Acc_iter 81850       Data time: 0.00(0.03)  Forward time: 0.23(0.28)  Batch time: 0.23(0.31)
2026-07-30 02:32:07,114   INFO  Train:    9/40 ( 22%) [7811/9261 ( 84%)]  Loss: 1.009 (1.21)  LR: 2.995e-04  Time cost: 40:37/07:32 [6:55:02/25:00:25]  Acc_iter 81900       Data time: 0.03(0.03)  Forward time: 0.23(0.28)  Batch time: 0.26(0.31)
2026-07-30 02:32:07,730   INFO  a1e06a0b30c0                Thu Jul 30 02:32:07 2026  580.173.02
[0] NVIDIA GeForce RTX 3070 | 65°C,  71 % |  6347 /  8192 MB | root(5808M)

2026-07-30 02:32:22,703   INFO  Train:    9/40 ( 22%) [7861/9261 ( 85%)]  Loss: 0.9075 (1.21)  LR: 2.995e-04  Time cost: 40:52/07:16 [6:55:18/25:00:09]  Acc_iter 81950       Data time: 0.00(0.03)  Forward time: 0.28(0.28)  Batch time: 0.28(0.31)
2026-07-30 02:32:38,082   INFO  Train:    9/40 ( 22%) [7911/9261 ( 85%)]  Loss: 1.718 (1.21)  LR: 2.995e-04  Time cost: 41:08/07:01 [6:55:33/24:59:46]  Acc_iter 82000       Data time: 0.04(0.03)  Forward time: 0.26(0.28)  Batch time: 0.29(0.31)
2026-07-30 02:32:54,387   INFO  Train:    9/40 ( 22%) [7961/9261 ( 86%)]  Loss: 1.081 (1.21)  LR: 2.995e-04  Time cost: 41:24/06:45 [6:55:49/24:59:56]  Acc_iter 82050       Data time: 0.05(0.03)  Forward time: 0.31(0.28)  Batch time: 0.35(0.31)
2026-07-30 02:32:55,065   INFO  a1e06a0b30c0                Thu Jul 30 02:32:55 2026  580.173.02
[0] NVIDIA GeForce RTX 3070 | 60°C,  83 % |  6356 /  8192 MB | root(5808M)

2026-07-30 02:33:10,141   INFO  Train:    9/40 ( 22%) [8011/9261 ( 87%)]  Loss: 0.9748 (1.21)  LR: 2.995e-04  Time cost: 41:40/06:30 [6:56:05/24:59:45]  Acc_iter 82100       Data time: 0.02(0.03)  Forward time: 0.32(0.28)  Batch time: 0.34(0.31)
2026-07-30 02:33:25,110   INFO  Train:    9/40 ( 22%) [8061/9261 ( 87%)]  Loss: 1.298 (1.21)  LR: 2.995e-04  Time cost: 41:55/06:14 [6:56:20/24:59:07]  Acc_iter 82150       Data time: 0.02(0.03)  Forward time: 0.24(0.28)  Batch time: 0.26(0.31)
2026-07-30 02:33:40,166   INFO  Train:    9/40 ( 22%) [8111/9261 ( 88%)]  Loss: 1.348 (1.21)  LR: 2.994e-04  Time cost: 42:10/05:58 [6:56:35/24:58:32]  Acc_iter 82200       Data time: 0.05(0.03)  Forward time: 0.24(0.28)  Batch time: 0.29(0.31)
2026-07-30 02:33:40,781   INFO  a1e06a0b30c0                Thu Jul 30 02:33:40 2026  580.173.02
[0] NVIDIA GeForce RTX 3070 | 59°C,  87 % |  6349 /  8192 MB | root(5808M)

2026-07-30 02:33:56,060   INFO  Train:    9/40 ( 22%) [8161/9261 ( 88%)]  Loss: 1.141 (1.21)  LR: 2.994e-04  Time cost: 42:26/05:43 [6:56:51/24:58:27]  Acc_iter 82250       Data time: 0.00(0.03)  Forward time: 0.28(0.28)  Batch time: 0.28(0.31)
2026-07-30 02:34:12,410   INFO  Train:    9/40 ( 22%) [8211/9261 ( 89%)]  Loss: 1.191 (1.21)  LR: 2.994e-04  Time cost: 42:42/05:27 [6:57:07/24:58:38]  Acc_iter 82300       Data time: 0.02(0.03)  Forward time: 0.23(0.28)  Batch time: 0.26(0.31)
2026-07-30 02:34:27,906   INFO  Train:    9/40 ( 22%) [8261/9261 ( 89%)]  Loss: 1.049 (1.21)  LR: 2.994e-04  Time cost: 42:58/05:12 [6:57:23/24:58:19]  Acc_iter 82350       Data time: 0.01(0.03)  Forward time: 0.29(0.28)  Batch time: 0.30(0.31)
2026-07-30 02:34:28,541   INFO  a1e06a0b30c0                Thu Jul 30 02:34:28 2026  580.173.02
[0] NVIDIA GeForce RTX 3070 | 59°C,   3 % |  6351 /  8192 MB | root(5808M)

2026-07-30 02:34:43,541   INFO  Train:    9/40 ( 22%) [8311/9261 ( 90%)]  Loss: 1.075 (1.21)  LR: 2.994e-04  Time cost: 43:13/04:56 [6:57:38/24:58:04]  Acc_iter 82400       Data time: 0.02(0.03)  Forward time: 0.23(0.28)  Batch time: 0.24(0.31)
2026-07-30 02:34:58,625   INFO  Train:    9/40 ( 22%) [8361/9261 ( 90%)]  Loss: 1.126 (1.21)  LR: 2.994e-04  Time cost: 43:28/04:40 [6:57:54/24:57:31]  Acc_iter 82450       Data time: 0.05(0.03)  Forward time: 0.32(0.28)  Batch time: 0.37(0.31)
2026-07-30 02:35:13,590   INFO  Train:    9/40 ( 22%) [8411/9261 ( 91%)]  Loss: 0.9378 (1.21)  LR: 2.994e-04  Time cost: 43:43/04:25 [6:58:09/24:56:53]  Acc_iter 82500       Data time: 0.04(0.03)  Forward time: 0.29(0.28)  Batch time: 0.32(0.31)
2026-07-30 02:35:14,371   INFO  a1e06a0b30c0                Thu Jul 30 02:35:14 2026  580.173.02
[0] NVIDIA GeForce RTX 3070 | 58°C,   3 % |  6351 /  8192 MB | root(5808M)

2026-07-30 02:35:30,568   INFO  Train:    9/40 ( 22%) [8461/9261 ( 91%)]  Loss: 1.583 (1.21)  LR: 2.994e-04  Time cost: 44:00/04:09 [6:58:25/24:57:25]  Acc_iter 82550       Data time: 0.02(0.03)  Forward time: 0.37(0.28)  Batch time: 0.39(0.31)
2026-07-30 02:35:45,859   INFO  Train:    9/40 ( 22%) [8511/9261 ( 92%)]  Loss: 1.200 (1.21)  LR: 2.994e-04  Time cost: 44:16/03:54 [6:58:41/24:56:58]  Acc_iter 82600       Data time: 0.02(0.03)  Forward time: 0.35(0.28)  Batch time: 0.37(0.31)
2026-07-30 02:36:00,845   INFO  Train:    9/40 ( 22%) [8561/9261 ( 92%)]  Loss: 1.104 (1.21)  LR: 2.994e-04  Time cost: 44:31/03:38 [6:58:56/24:56:22]  Acc_iter 82650       Data time: 0.02(0.03)  Forward time: 0.34(0.28)  Batch time: 0.36(0.31)
2026-07-30 02:36:01,478   INFO  a1e06a0b30c0                Thu Jul 30 02:36:01 2026  580.173.02
[0] NVIDIA GeForce RTX 3070 | 59°C,   3 % |  6347 /  8192 MB | root(5808M)

2026-07-30 02:36:16,276   INFO  Train:    9/40 ( 22%) [8611/9261 ( 93%)]  Loss: 1.499 (1.21)  LR: 2.994e-04  Time cost: 44:46/03:22 [6:59:11/24:56:01]  Acc_iter 82700       Data time: 0.02(0.03)  Forward time: 0.32(0.28)  Batch time: 0.35(0.31)
2026-07-30 02:36:30,110   INFO  Save latest model to /OpenPCDet/output/OpenPCDet/tools/cfgs/models/S/D/S_D_N/unfrozen_backbone_1_93/ckpt/latest_model
2026-07-30 02:36:31,432   INFO  Train:    9/40 ( 22%) [8661/9261 ( 94%)]  Loss: 1.160 (1.21)  LR: 2.994e-04  Time cost: 45:01/03:07 [6:59:26/24:55:31]  Acc_iter 82750       Data time: 0.00(0.03)  Forward time: 0.28(0.28)  Batch time: 0.29(0.31)
2026-07-30 02:36:47,662   INFO  Train:    9/40 ( 22%) [8711/9261 ( 94%)]  Loss: 1.363 (1.21)  LR: 2.994e-04  Time cost: 45:17/02:51 [6:59:43/24:55:36]  Acc_iter 82800       Data time: 0.05(0.03)  Forward time: 0.24(0.28)  Batch time: 0.29(0.31)
2026-07-30 02:36:48,396   INFO  a1e06a0b30c0                Thu Jul 30 02:36:48 2026  580.173.02
[0] NVIDIA GeForce RTX 3070 | 58°C,   3 % |  6345 /  8192 MB | root(5808M)

2026-07-30 02:37:04,202   INFO  Train:    9/40 ( 22%) [8761/9261 ( 95%)]  Loss: 1.063 (1.21)  LR: 2.994e-04  Time cost: 45:34/02:36 [6:59:59/24:55:51]  Acc_iter 82850       Data time: 0.04(0.03)  Forward time: 0.25(0.28)  Batch time: 0.29(0.31)
2026-07-30 02:37:19,131   INFO  Train:    9/40 ( 22%) [8811/9261 ( 95%)]  Loss: 1.149 (1.21)  LR: 2.993e-04  Time cost: 45:49/02:20 [7:00:14/24:55:14]  Acc_iter 82900       Data time: 0.00(0.03)  Forward time: 0.27(0.28)  Batch time: 0.27(0.31)
2026-07-30 02:37:34,052   INFO  Train:    9/40 ( 22%) [8861/9261 ( 96%)]  Loss: 1.442 (1.21)  LR: 2.993e-04  Time cost: 46:04/02:04 [7:00:29/24:54:36]  Acc_iter 82950       Data time: 0.01(0.03)  Forward time: 0.32(0.28)  Batch time: 0.32(0.31)
2026-07-30 02:37:34,610   INFO  a1e06a0b30c0                Thu Jul 30 02:37:34 2026  580.173.02
[0] NVIDIA GeForce RTX 3070 | 64°C,  97 % |  6347 /  8192 MB | root(5808M)

2026-07-30 02:37:49,811   INFO  Train:    9/40 ( 22%) [8911/9261 ( 96%)]  Loss: 1.301 (1.21)  LR: 2.993e-04  Time cost: 46:20/01:49 [7:00:45/24:54:26]  Acc_iter 83000       Data time: 0.03(0.03)  Forward time: 0.29(0.28)  Batch time: 0.32(0.31)
2026-07-30 02:38:05,316   INFO  Train:    9/40 ( 22%) [8961/9261 ( 97%)]  Loss: 1.198 (1.21)  LR: 2.993e-04  Time cost: 46:35/01:33 [7:01:00/24:54:07]  Acc_iter 83050       Data time: 0.05(0.03)  Forward time: 0.27(0.28)  Batch time: 0.32(0.31)
2026-07-30 02:38:21,293   INFO  Train:    9/40 ( 22%) [9011/9261 ( 97%)]  Loss: 1.050 (1.21)  LR: 2.993e-04  Time cost: 46:51/01:17 [7:01:16/24:54:04]  Acc_iter 83100       Data time: 0.00(0.03)  Forward time: 0.29(0.28)  Batch time: 0.29(0.31)
2026-07-30 02:38:22,032   INFO  a1e06a0b30c0                Thu Jul 30 02:38:21 2026  580.173.02
[0] NVIDIA GeForce RTX 3070 | 59°C,  57 % |  6355 /  8192 MB | root(5808M)

2026-07-30 02:38:37,130   INFO  Train:    9/40 ( 22%) [9061/9261 ( 98%)]  Loss: 1.053 (1.21)  LR: 2.993e-04  Time cost: 47:07/01:02 [7:01:32/24:53:56]  Acc_iter 83150       Data time: 0.04(0.03)  Forward time: 0.23(0.28)  Batch time: 0.27(0.31)
2026-07-30 02:38:52,204   INFO  Train:    9/40 ( 22%) [9111/9261 ( 98%)]  Loss: 1.149 (1.21)  LR: 2.993e-04  Time cost: 47:22/00:46 [7:01:47/24:53:23]  Acc_iter 83200       Data time: 0.04(0.03)  Forward time: 0.30(0.28)  Batch time: 0.35(0.31)
2026-07-30 02:39:07,286   INFO  Train:    9/40 ( 22%) [9161/9261 ( 99%)]  Loss: 0.9458 (1.21)  LR: 2.993e-04  Time cost: 47:37/00:31 [7:02:02/24:52:52]  Acc_iter 83250       Data time: 0.05(0.03)  Forward time: 0.22(0.28)  Batch time: 0.27(0.31)
2026-07-30 02:39:07,910   INFO  a1e06a0b30c0                Thu Jul 30 02:39:07 2026  580.173.02
[0] NVIDIA GeForce RTX 3070 | 59°C,  49 % |  6339 /  8192 MB | root(5808M)

2026-07-30 02:39:23,356   INFO  Train:    9/40 ( 22%) [9211/9261 ( 99%)]  Loss: 1.049 (1.21)  LR: 2.993e-04  Time cost: 47:53/00:15 [7:02:18/24:52:51]  Acc_iter 83300       Data time: 0.04(0.03)  Forward time: 0.32(0.28)  Batch time: 0.35(0.31)
2026-07-30 02:39:38,250   INFO  Train:    9/40 ( 22%) [9260/9261 (100%)]  Loss: 1.681 (1.21)  LR: 2.993e-04  Time cost: 48:08/00:00 [7:02:33/24:52:24]  Acc_iter 83349       Data time: 0.02(0.03)  Forward time: 0.12(0.28)  Batch time: 0.14(0.31)
2026-07-30 02:39:41,963   INFO  Train:   10/40 ( 25%) [   0/9261 (  0%)]  Loss: 1.041 (1.04)  LR: 2.993e-04  Time cost: 00:02/6:04:11 [7:02:37/188:09:44]  Acc_iter 83350       Data time: 1.84(1.84)  Forward time: 0.50(0.50)  Batch time: 2.34(2.34)
2026-07-30 02:39:57,267   INFO  Train:   10/40 ( 25%) [  50/9261 (  1%)]  Loss: 1.359 (1.21)  LR: 2.993e-04  Time cost: 00:17/53:10 [7:02:52/27:36:55]  Acc_iter 83400       Data time: 0.00(0.06)  Forward time: 0.23(0.29)  Batch time: 0.23(0.35)
2026-07-30 02:39:57,931   INFO  a1e06a0b30c0                Thu Jul 30 02:39:57 2026  580.173.02
[0] NVIDIA GeForce RTX 3070 | 58°C,  64 % |  6351 /  8192 MB | root(5808M)

2026-07-30 02:40:13,074   INFO  Train:   10/40 ( 25%) [ 100/9261 (  1%)]  Loss: 0.9723 (1.23)  LR: 2.993e-04  Time cost: 00:33/50:35 [7:03:08/26:25:07]  Acc_iter 83450       Data time: 0.03(0.05)  Forward time: 0.23(0.28)  Batch time: 0.26(0.33)
2026-07-30 02:40:28,250   INFO  Train:   10/40 ( 25%) [ 150/9261 (  2%)]  Loss: 0.8410 (1.20)  LR: 2.993e-04  Time cost: 00:48/48:55 [7:03:23/25:40:42]  Acc_iter 83500       Data time: 0.03(0.04)  Forward time: 0.28(0.28)  Batch time: 0.31(0.32)
2026-07-30 02:40:43,535   INFO  Train:   10/40 ( 25%) [ 200/9261 (  2%)]  Loss: 1.268 (1.20)  LR: 2.992e-04  Time cost: 01:03/48:02 [7:03:38/25:20:51]  Acc_iter 83550       Data time: 0.04(0.04)  Forward time: 0.25(0.28)  Batch time: 0.28(0.32)
2026-07-30 02:40:44,232   INFO  a1e06a0b30c0                Thu Jul 30 02:40:44 2026  580.173.02
[0] NVIDIA GeForce RTX 3070 | 62°C,  44 % |  6347 /  8192 MB | root(5808M)

2026-07-30 02:41:00,847   INFO  Train:   10/40 ( 25%) [ 250/9261 (  3%)]  Loss: 1.229 (1.20)  LR: 2.992e-04  Time cost: 01:21/48:36 [7:03:56/25:47:25]  Acc_iter 83600       Data time: 0.02(0.04)  Forward time: 0.31(0.29)  Batch time: 0.33(0.32)
2026-07-30 02:41:16,308   INFO  Train:   10/40 ( 25%) [ 300/9261 (  3%)]  Loss: 1.036 (1.20)  LR: 2.992e-04  Time cost: 01:36/47:58 [7:04:11/25:35:39]  Acc_iter 83650       Data time: 0.05(0.03)  Forward time: 0.23(0.29)  Batch time: 0.27(0.32)
2026-07-30 02:41:31,497   INFO  Train:   10/40 ( 25%) [ 350/9261 (  4%)]  Loss: 1.148 (1.20)  LR: 2.992e-04  Time cost: 01:51/47:20 [7:04:26/25:23:28]  Acc_iter 83700       Data time: 0.00(0.03)  Forward time: 0.29(0.29)  Batch time: 0.29(0.32)
2026-07-30 02:41:32,068   INFO  a1e06a0b30c0                Thu Jul 30 02:41:32 2026  580.173.02
[0] NVIDIA GeForce RTX 3070 | 62°C,  57 % |  6347 /  8192 MB | root(5808M)

2026-07-30 02:41:47,097   INFO  Train:   10/40 ( 25%) [ 400/9261 (  4%)]  Loss: 1.293 (1.21)  LR: 2.992e-04  Time cost: 02:07/46:57 [7:04:42/25:19:10]  Acc_iter 83750       Data time: 0.04(0.03)  Forward time: 0.31(0.28)  Batch time: 0.35(0.32)
2026-07-30 02:42:02,665   INFO  Train:   10/40 ( 25%) [ 450/9261 (  5%)]  Loss: 1.298 (1.20)  LR: 2.992e-04  Time cost: 02:23/46:34 [7:04:58/25:15:25]  Acc_iter 83800       Data time: 0.01(0.03)  Forward time: 0.30(0.29)  Batch time: 0.32(0.32)
2026-07-30 02:42:18,945   INFO  Train:   10/40 ( 25%) [ 500/9261 (  5%)]  Loss: 1.064 (1.20)  LR: 2.992e-04  Time cost: 02:39/46:26 [7:05:14/25:19:09]  Acc_iter 83850       Data time: 0.02(0.03)  Forward time: 0.25(0.29)  Batch time: 0.27(0.32)
2026-07-30 02:42:19,700   INFO  a1e06a0b30c0                Thu Jul 30 02:42:19 2026  580.173.02
[0] NVIDIA GeForce RTX 3070 | 60°C,   3 % |  6349 /  8192 MB | root(5808M)

2026-07-30 02:42:35,318   INFO  Train:   10/40 ( 25%) [ 550/9261 (  6%)]  Loss: 1.489 (1.20)  LR: 2.992e-04  Time cost: 02:55/46:17 [7:05:30/25:22:58]  Acc_iter 83900       Data time: 0.04(0.03)  Forward time: 0.29(0.29)  Batch time: 0.33(0.32)
2026-07-30 02:42:50,347   INFO  Train:   10/40 ( 25%) [ 600/9261 (  6%)]  Loss: 1.215 (1.20)  LR: 2.992e-04  Time cost: 03:10/45:48 [7:05:45/25:15:25]  Acc_iter 83950       Data time: 0.05(0.03)  Forward time: 0.25(0.29)  Batch time: 0.30(0.32)
2026-07-30 02:43:05,478   INFO  Train:   10/40 ( 25%) [ 650/9261 (  7%)]  Loss: 1.084 (1.20)  LR: 2.992e-04  Time cost: 03:25/45:23 [7:06:00/25:09:45]  Acc_iter 84000       Data time: 0.02(0.03)  Forward time: 0.30(0.29)  Batch time: 0.32(0.32)
2026-07-30 02:43:06,181   INFO  a1e06a0b30c0                Thu Jul 30 02:43:06 2026  580.173.02
[0] NVIDIA GeForce RTX 3070 | 62°C,  96 % |  6349 /  8192 MB | root(5808M)

2026-07-30 02:43:21,641   INFO  Train:   10/40 ( 25%) [ 700/9261 (  8%)]  Loss: 1.233 (1.20)  LR: 2.992e-04  Time cost: 03:42/45:11 [7:06:17/25:11:52]  Acc_iter 84050       Data time: 0.03(0.03)  Forward time: 0.29(0.29)  Batch time: 0.33(0.32)
2026-07-30 02:43:37,859   INFO  Train:   10/40 ( 25%) [ 750/9261 (  8%)]  Loss: 1.516 (1.20)  LR: 2.992e-04  Time cost: 03:58/45:00 [7:06:33/25:14:01]  Acc_iter 84100       Data time: 0.01(0.03)  Forward time: 0.31(0.29)  Batch time: 0.32(0.32)
2026-07-30 02:43:53,411   INFO  Train:   10/40 ( 25%) [ 800/9261 (  9%)]  Loss: 1.190 (1.20)  LR: 2.991e-04  Time cost: 04:13/44:40 [7:06:48/25:11:55]  Acc_iter 84150       Data time: 0.00(0.03)  Forward time: 0.22(0.29)  Batch time: 0.22(0.32)
2026-07-30 02:43:54,045   INFO  a1e06a0b30c0                Thu Jul 30 02:43:54 2026  580.173.02
[0] NVIDIA GeForce RTX 3070 | 60°C,  76 % |  6347 /  8192 MB | root(5808M)

2026-07-30 02:44:09,351   INFO  Train:   10/40 ( 25%) [ 850/9261 (  9%)]  Loss: 0.9829 (1.20)  LR: 2.991e-04  Time cost: 04:29/44:26 [7:07:04/25:12:11]  Acc_iter 84200       Data time: 0.05(0.03)  Forward time: 0.30(0.29)  Batch time: 0.36(0.32)
2026-07-30 02:44:24,335   INFO  Train:   10/40 ( 25%) [ 900/9261 ( 10%)]  Loss: 1.162 (1.20)  LR: 2.991e-04  Time cost: 04:44/44:02 [7:07:19/25:07:21]  Acc_iter 84250       Data time: 0.02(0.03)  Forward time: 0.30(0.29)  Batch time: 0.32(0.32)
2026-07-30 02:44:39,660   INFO  Train:   10/40 ( 25%) [ 950/9261 ( 10%)]  Loss: 1.273 (1.20)  LR: 2.991e-04  Time cost: 05:00/43:42 [7:07:35/25:04:42]  Acc_iter 84300       Data time: 0.04(0.03)  Forward time: 0.24(0.29)  Batch time: 0.28(0.32)
2026-07-30 02:44:40,336   INFO  a1e06a0b30c0                Thu Jul 30 02:44:40 2026  580.173.02
[0] NVIDIA GeForce RTX 3070 | 59°C,   2 % |  6337 /  8192 MB | root(5808M)

2026-07-30 02:44:40,453   INFO  Save latest model to /OpenPCDet/output/OpenPCDet/tools/cfgs/models/S/D/S_D_N/unfrozen_backbone_1_93/ckpt/latest_model
2026-07-30 02:44:56,773   INFO  Train:   10/40 ( 25%) [1000/9261 ( 11%)]  Loss: 1.528 (1.20)  LR: 2.991e-04  Time cost: 05:17/43:37 [7:07:52/25:10:48]  Acc_iter 84350       Data time: 0.00(0.03)  Forward time: 0.30(0.29)  Batch time: 0.30(0.32)
2026-07-30 02:45:12,824   INFO  Train:   10/40 ( 25%) [1050/9261 ( 11%)]  Loss: 1.579 (1.20)  LR: 2.991e-04  Time cost: 05:33/43:23 [7:08:08/25:11:29]  Acc_iter 84400       Data time: 0.04(0.03)  Forward time: 0.24(0.29)  Batch time: 0.28(0.32)
2026-07-30 02:45:27,889   INFO  Train:   10/40 ( 25%) [1100/9261 ( 12%)]  Loss: 1.211 (1.20)  LR: 2.991e-04  Time cost: 05:48/43:01 [7:08:23/25:07:49]  Acc_iter 84450       Data time: 0.02(0.03)  Forward time: 0.35(0.29)  Batch time: 0.37(0.32)
2026-07-30 02:45:28,461   INFO  a1e06a0b30c0                Thu Jul 30 02:45:28 2026  580.173.02
[0] NVIDIA GeForce RTX 3070 | 59°C,   3 % |  6347 /  8192 MB | root(5808M)

2026-07-30 02:45:43,701   INFO  Train:   10/40 ( 25%) [1150/9261 ( 12%)]  Loss: 0.8805 (1.20)  LR: 2.991e-04  Time cost: 06:04/42:45 [7:08:39/25:07:32]  Acc_iter 84500       Data time: 0.00(0.03)  Forward time: 0.24(0.29)  Batch time: 0.24(0.32)
2026-07-30 02:45:59,158   INFO  Train:   10/40 ( 25%) [1200/9261 ( 13%)]  Loss: 1.248 (1.20)  LR: 2.991e-04  Time cost: 06:19/42:27 [7:08:54/25:05:50]  Acc_iter 84550       Data time: 0.04(0.03)  Forward time: 0.24(0.29)  Batch time: 0.28(0.32)
2026-07-30 02:46:15,339   INFO  Train:   10/40 ( 25%) [1250/9261 ( 13%)]  Loss: 1.169 (1.20)  LR: 2.991e-04  Time cost: 06:35/42:14 [7:09:10/25:07:01]  Acc_iter 84600       Data time: 0.04(0.03)  Forward time: 0.23(0.29)  Batch time: 0.27(0.32)
2026-07-30 02:46:16,094   INFO  a1e06a0b30c0                Thu Jul 30 02:46:16 2026  580.173.02
[0] NVIDIA GeForce RTX 3070 | 59°C,  95 % |  6347 /  8192 MB | root(5808M)

2026-07-30 02:46:32,259   INFO  Train:   10/40 ( 25%) [1300/9261 ( 14%)]  Loss: 0.9450 (1.20)  LR: 2.991e-04  Time cost: 06:52/42:05 [7:09:27/25:10:48]  Acc_iter 84650       Data time: 0.05(0.03)  Forward time: 0.28(0.29)  Batch time: 0.33(0.32)
2026-07-30 02:46:47,308   INFO  Train:   10/40 ( 25%) [1350/9261 ( 15%)]  Loss: 1.376 (1.20)  LR: 2.991e-04  Time cost: 07:07/41:44 [7:09:42/25:07:40]  Acc_iter 84700       Data time: 0.04(0.03)  Forward time: 0.23(0.29)  Batch time: 0.27(0.32)
2026-07-30 02:47:02,385   INFO  Train:   10/40 ( 25%) [1400/9261 ( 15%)]  Loss: 1.168 (1.20)  LR: 2.990e-04  Time cost: 07:22/41:24 [7:09:57/25:04:51]  Acc_iter 84750       Data time: 0.01(0.03)  Forward time: 0.21(0.29)  Batch time: 0.23(0.32)
2026-07-30 02:47:02,990   INFO  a1e06a0b30c0                Thu Jul 30 02:47:02 2026  580.173.02
[0] NVIDIA GeForce RTX 3070 | 59°C,  94 % |  6347 /  8192 MB | root(5808M)

2026-07-30 02:47:18,367   INFO  Train:   10/40 ( 25%) [1450/9261 ( 16%)]  Loss: 1.076 (1.20)  LR: 2.990e-04  Time cost: 07:38/41:09 [7:10:13/25:05:11]  Acc_iter 84800       Data time: 0.01(0.03)  Forward time: 0.28(0.29)  Batch time: 0.29(0.32)
2026-07-30 02:47:34,206   INFO  Train:   10/40 ( 25%) [1500/9261 ( 16%)]  Loss: 0.9303 (1.20)  LR: 2.990e-04  Time cost: 07:54/40:53 [7:10:29/25:05:01]  Acc_iter 84850       Data time: 0.02(0.03)  Forward time: 0.39(0.29)  Batch time: 0.41(0.32)
2026-07-30 02:47:49,949   INFO  Train:   10/40 ( 25%) [1550/9261 ( 17%)]  Loss: 1.196 (1.20)  LR: 2.990e-04  Time cost: 08:10/40:37 [7:10:45/25:04:33]  Acc_iter 84900       Data time: 0.02(0.03)  Forward time: 0.27(0.29)  Batch time: 0.29(0.32)
2026-07-30 02:47:50,551   INFO  a1e06a0b30c0                Thu Jul 30 02:47:50 2026  580.173.02
[0] NVIDIA GeForce RTX 3070 | 59°C,   3 % |  6351 /  8192 MB | root(5808M)

2026-07-30 02:48:05,596   INFO  Train:   10/40 ( 25%) [1600/9261 ( 17%)]  Loss: 1.557 (1.20)  LR: 2.990e-04  Time cost: 08:25/40:21 [7:11:01/25:03:48]  Acc_iter 84950       Data time: 0.02(0.03)  Forward time: 0.30(0.29)  Batch time: 0.33(0.32)
2026-07-30 02:48:20,568   INFO  Train:   10/40 ( 25%) [1650/9261 ( 18%)]  Loss: 1.445 (1.20)  LR: 2.990e-04  Time cost: 08:40/40:01 [7:11:15/25:01:09]  Acc_iter 85000       Data time: 0.04(0.03)  Forward time: 0.22(0.29)  Batch time: 0.26(0.32)
2026-07-30 02:48:35,953   INFO  Train:   10/40 ( 25%) [1700/9261 ( 18%)]  Loss: 0.9892 (1.20)  LR: 2.990e-04  Time cost: 08:56/39:44 [7:11:31/24:59:47]  Acc_iter 85050       Data time: 0.02(0.03)  Forward time: 0.31(0.29)  Batch time: 0.33(0.32)
2026-07-30 02:48:36,674   INFO  a1e06a0b30c0                Thu Jul 30 02:48:36 2026  580.173.02
[0] NVIDIA GeForce RTX 3070 | 59°C,   3 % |  6345 /  8192 MB | root(5808M)

2026-07-30 02:48:52,919   INFO  Train:   10/40 ( 25%) [1750/9261 ( 19%)]  Loss: 1.133 (1.20)  LR: 2.990e-04  Time cost: 09:13/39:33 [7:11:48/25:02:47]  Acc_iter 85100       Data time: 0.02(0.03)  Forward time: 0.32(0.29)  Batch time: 0.34(0.32)
2026-07-30 02:49:08,969   INFO  Train:   10/40 ( 25%) [1800/9261 ( 19%)]  Loss: 1.061 (1.20)  LR: 2.990e-04  Time cost: 09:29/39:18 [7:12:04/25:03:11]  Acc_iter 85150       Data time: 0.02(0.03)  Forward time: 0.28(0.29)  Batch time: 0.30(0.32)
2026-07-30 02:49:24,241   INFO  Train:   10/40 ( 25%) [1850/9261 ( 20%)]  Loss: 1.028 (1.20)  LR: 2.990e-04  Time cost: 09:44/39:00 [7:12:19/25:01:33]  Acc_iter 85200       Data time: 0.00(0.03)  Forward time: 0.24(0.29)  Batch time: 0.24(0.32)
2026-07-30 02:49:24,833   INFO  a1e06a0b30c0                Thu Jul 30 02:49:24 2026  580.173.02
[0] NVIDIA GeForce RTX 3070 | 58°C,  66 % |  6347 /  8192 MB | root(5808M)

2026-07-30 02:49:39,874   INFO  Train:   10/40 ( 25%) [1900/9261 ( 21%)]  Loss: 1.532 (1.20)  LR: 2.990e-04  Time cost: 10:00/38:44 [7:12:35/25:00:53]  Acc_iter 85250       Data time: 0.02(0.03)  Forward time: 0.32(0.29)  Batch time: 0.34(0.32)
2026-07-30 02:49:39,999   INFO  Save latest model to /OpenPCDet/output/OpenPCDet/tools/cfgs/models/S/D/S_D_N/unfrozen_backbone_1_93/ckpt/latest_model
2026-07-30 02:49:54,927   INFO  Train:   10/40 ( 25%) [1950/9261 ( 21%)]  Loss: 1.380 (1.20)  LR: 2.989e-04  Time cost: 10:15/38:25 [7:12:50/24:58:50]  Acc_iter 85300       Data time: 0.04(0.03)  Forward time: 0.25(0.29)  Batch time: 0.29(0.32)
2026-07-30 02:50:10,547   INFO  Train:   10/40 ( 25%) [2000/9261 ( 22%)]  Loss: 1.156 (1.20)  LR: 2.989e-04  Time cost: 10:30/38:09 [7:13:05/24:58:13]  Acc_iter 85350       Data time: 0.04(0.03)  Forward time: 0.26(0.29)  Batch time: 0.30(0.32)
2026-07-30 02:50:11,246   INFO  a1e06a0b30c0                Thu Jul 30 02:50:11 2026  580.173.02
[0] NVIDIA GeForce RTX 3070 | 62°C,  33 % |  6349 /  8192 MB | root(5808M)

2026-07-30 02:50:27,562   INFO  Train:   10/40 ( 25%) [2050/9261 ( 22%)]  Loss: 1.514 (1.20)  LR: 2.989e-04  Time cost: 10:47/37:58 [7:13:22/25:00:51]  Acc_iter 85400       Data time: 0.04(0.03)  Forward time: 0.26(0.29)  Batch time: 0.30(0.32)
2026-07-30 02:50:42,873   INFO  Train:   10/40 ( 25%) [2100/9261 ( 23%)]  Loss: 0.8211 (1.20)  LR: 2.989e-04  Time cost: 11:03/37:40 [7:13:38/24:59:29]  Acc_iter 85450       Data time: 0.02(0.03)  Forward time: 0.27(0.29)  Batch time: 0.29(0.32)
2026-07-30 02:50:58,002   INFO  Train:   10/40 ( 25%) [2150/9261 ( 23%)]  Loss: 1.552 (1.20)  LR: 2.989e-04  Time cost: 11:18/37:22 [7:13:53/24:57:46]  Acc_iter 85500       Data time: 0.02(0.03)  Forward time: 0.27(0.29)  Batch time: 0.29(0.32)
2026-07-30 02:50:58,575   INFO  a1e06a0b30c0                Thu Jul 30 02:50:58 2026  580.173.02
[0] NVIDIA GeForce RTX 3070 | 61°C,   3 % |  6345 /  8192 MB | root(5808M)

2026-07-30 02:51:13,692   INFO  Train:   10/40 ( 25%) [2200/9261 ( 24%)]  Loss: 1.340 (1.20)  LR: 2.989e-04  Time cost: 11:34/37:06 [7:14:09/24:57:20]  Acc_iter 85550       Data time: 0.04(0.03)  Forward time: 0.21(0.29)  Batch time: 0.25(0.32)
2026-07-30 02:51:29,051   INFO  Train:   10/40 ( 25%) [2250/9261 ( 24%)]  Loss: 1.218 (1.20)  LR: 2.989e-04  Time cost: 11:49/36:49 [7:14:24/24:56:13]  Acc_iter 85600       Data time: 0.02(0.03)  Forward time: 0.33(0.29)  Batch time: 0.35(0.32)
2026-07-30 02:51:45,372   INFO  Train:   10/40 ( 25%) [2300/9261 ( 25%)]  Loss: 0.7755 (1.20)  LR: 2.989e-04  Time cost: 12:05/36:35 [7:14:40/24:57:07]  Acc_iter 85650       Data time: 0.01(0.03)  Forward time: 0.29(0.29)  Batch time: 0.29(0.32)
2026-07-30 02:51:46,146   INFO  a1e06a0b30c0                Thu Jul 30 02:51:46 2026  580.173.02
[0] NVIDIA GeForce RTX 3070 | 59°C,  21 % |  6345 /  8192 MB | root(5808M)

2026-07-30 02:52:01,745   INFO  Train:   10/40 ( 25%) [2350/9261 ( 25%)]  Loss: 1.166 (1.20)  LR: 2.989e-04  Time cost: 12:22/36:21 [7:14:57/24:58:04]  Acc_iter 85700       Data time: 0.05(0.03)  Forward time: 0.24(0.29)  Batch time: 0.29(0.32)
2026-07-30 02:52:16,678   INFO  Train:   10/40 ( 25%) [2400/9261 ( 26%)]  Loss: 1.426 (1.20)  LR: 2.989e-04  Time cost: 12:37/36:03 [7:15:12/24:56:07]  Acc_iter 85750       Data time: 0.04(0.03)  Forward time: 0.26(0.29)  Batch time: 0.29(0.32)
2026-07-30 02:52:31,559   INFO  Train:   10/40 ( 25%) [2450/9261 ( 26%)]  Loss: 1.324 (1.20)  LR: 2.988e-04  Time cost: 12:51/35:45 [7:15:26/24:54:09]  Acc_iter 85800       Data time: 0.02(0.03)  Forward time: 0.32(0.29)  Batch time: 0.35(0.31)
2026-07-30 02:52:32,259   INFO  a1e06a0b30c0                Thu Jul 30 02:52:32 2026  580.173.02
[0] NVIDIA GeForce RTX 3070 | 61°C,  78 % |  6349 /  8192 MB | root(5808M)

2026-07-30 02:52:47,505   INFO  Train:   10/40 ( 25%) [2500/9261 ( 27%)]  Loss: 0.9389 (1.20)  LR: 2.988e-04  Time cost: 13:07/35:29 [7:15:42/24:54:16]  Acc_iter 85850       Data time: 0.00(0.03)  Forward time: 0.31(0.29)  Batch time: 0.32(0.32)
2026-07-30 02:53:03,909   INFO  Train:   10/40 ( 25%) [2550/9261 ( 28%)]  Loss: 1.263 (1.20)  LR: 2.988e-04  Time cost: 13:24/35:15 [7:15:59/24:55:13]  Acc_iter 85900       Data time: 0.01(0.03)  Forward time: 0.32(0.29)  Batch time: 0.33(0.32)
2026-07-30 02:53:19,992   INFO  Train:   10/40 ( 25%) [2600/9261 ( 28%)]  Loss: 1.015 (1.20)  LR: 2.988e-04  Time cost: 13:40/35:00 [7:16:15/24:55:32]  Acc_iter 85950       Data time: 0.02(0.03)  Forward time: 0.28(0.29)  Batch time: 0.30(0.32)
2026-07-30 02:53:20,616   INFO  a1e06a0b30c0                Thu Jul 30 02:53:20 2026  580.173.02
[0] NVIDIA GeForce RTX 3070 | 60°C,   3 % |  6351 /  8192 MB | root(5808M)

2026-07-30 02:53:35,540   INFO  Train:   10/40 ( 25%) [2650/9261 ( 29%)]  Loss: 1.242 (1.20)  LR: 2.988e-04  Time cost: 13:55/34:44 [7:16:30/24:54:52]  Acc_iter 86000       Data time: 0.00(0.03)  Forward time: 0.28(0.29)  Batch time: 0.28(0.32)
2026-07-30 02:53:50,667   INFO  Train:   10/40 ( 25%) [2700/9261 ( 29%)]  Loss: 1.107 (1.20)  LR: 2.988e-04  Time cost: 14:11/34:27 [7:16:46/24:53:29]  Acc_iter 86050       Data time: 0.00(0.03)  Forward time: 0.28(0.29)  Batch time: 0.29(0.32)
2026-07-30 02:54:05,973   INFO  Train:   10/40 ( 25%) [2750/9261 ( 30%)]  Loss: 0.9482 (1.20)  LR: 2.988e-04  Time cost: 14:26/34:10 [7:17:01/24:52:27]  Acc_iter 86100       Data time: 0.01(0.03)  Forward time: 0.29(0.29)  Batch time: 0.30(0.31)
2026-07-30 02:54:06,558   INFO  a1e06a0b30c0                Thu Jul 30 02:54:06 2026  580.173.02
[0] NVIDIA GeForce RTX 3070 | 60°C,   4 % |  6337 /  8192 MB | root(5808M)

2026-07-30 02:54:22,749   INFO  Train:   10/40 ( 25%) [2800/9261 ( 30%)]  Loss: 1.115 (1.20)  LR: 2.988e-04  Time cost: 14:43/33:57 [7:17:18/24:53:55]  Acc_iter 86150       Data time: 0.00(0.03)  Forward time: 0.28(0.29)  Batch time: 0.28(0.32)
2026-07-30 02:54:38,856   INFO  Train:   10/40 ( 25%) [2850/9261 ( 31%)]  Loss: 1.241 (1.20)  LR: 2.988e-04  Time cost: 14:59/33:42 [7:17:34/24:54:14]  Acc_iter 86200       Data time: 0.06(0.03)  Forward time: 0.24(0.29)  Batch time: 0.30(0.32)
2026-07-30 02:54:39,962   INFO  Save latest model to /OpenPCDet/output/OpenPCDet/tools/cfgs/models/S/D/S_D_N/unfrozen_backbone_1_93/ckpt/latest_model
2026-07-30 02:54:53,904   INFO  Train:   10/40 ( 25%) [2900/9261 ( 31%)]  Loss: 1.292 (1.20)  LR: 2.988e-04  Time cost: 15:14/33:24 [7:17:49/24:52:47]  Acc_iter 86250       Data time: 0.00(0.03)  Forward time: 0.29(0.29)  Batch time: 0.29(0.32)
2026-07-30 02:54:54,499   INFO  a1e06a0b30c0                Thu Jul 30 02:54:54 2026  580.173.02
[0] NVIDIA GeForce RTX 3070 | 60°C,   3 % |  6351 /  8192 MB | root(5808M)

2026-07-30 02:55:09,654   INFO  Train:   10/40 ( 25%) [2950/9261 ( 32%)]  Loss: 0.7895 (1.20)  LR: 2.987e-04  Time cost: 15:30/33:09 [7:18:05/24:52:31]  Acc_iter 86300       Data time: 0.02(0.03)  Forward time: 0.30(0.29)  Batch time: 0.32(0.32)
2026-07-30 02:55:24,995   INFO  Train:   10/40 ( 25%) [3000/9261 ( 32%)]  Loss: 1.334 (1.20)  LR: 2.987e-04  Time cost: 15:45/32:52 [7:18:20/24:51:35]  Acc_iter 86350       Data time: 0.03(0.03)  Forward time: 0.27(0.29)  Batch time: 0.30(0.32)
2026-07-30 02:55:41,144   INFO  Train:   10/40 ( 25%) [3050/9261 ( 33%)]  Loss: 1.120 (1.20)  LR: 2.987e-04  Time cost: 16:01/32:37 [7:18:36/24:51:57]  Acc_iter 86400       Data time: 0.02(0.03)  Forward time: 0.24(0.29)  Batch time: 0.27(0.32)
2026-07-30 02:55:41,878   INFO  a1e06a0b30c0                Thu Jul 30 02:55:41 2026  580.173.02
[0] NVIDIA GeForce RTX 3070 | 59°C,  34 % |  6351 /  8192 MB | root(5808M)

2026-07-30 02:55:58,004   INFO  Train:   10/40 ( 25%) [3100/9261 ( 33%)]  Loss: 1.363 (1.20)  LR: 2.987e-04  Time cost: 16:18/32:23 [7:18:53/24:53:22]  Acc_iter 86450       Data time: 0.04(0.03)  Forward time: 0.23(0.29)  Batch time: 0.27(0.32)
2026-07-30 02:56:13,133   INFO  Train:   10/40 ( 25%) [3150/9261 ( 34%)]  Loss: 1.308 (1.19)  LR: 2.987e-04  Time cost: 16:33/32:06 [7:19:08/24:52:08]  Acc_iter 86500       Data time: 0.02(0.03)  Forward time: 0.33(0.29)  Batch time: 0.35(0.32)
2026-07-30 02:56:28,119   INFO  Train:   10/40 ( 25%) [3200/9261 ( 35%)]  Loss: 0.9820 (1.19)  LR: 2.987e-04  Time cost: 16:48/31:49 [7:19:23/24:50:43]  Acc_iter 86550       Data time: 0.05(0.03)  Forward time: 0.23(0.29)  Batch time: 0.28(0.32)
2026-07-30 02:56:28,835   INFO  a1e06a0b30c0                Thu Jul 30 02:56:28 2026  580.173.02
[0] NVIDIA GeForce RTX 3070 | 59°C,  40 % |  6349 /  8192 MB | root(5808M)

2026-07-30 02:56:44,081   INFO  Train:   10/40 ( 25%) [3250/9261 ( 35%)]  Loss: 1.073 (1.19)  LR: 2.987e-04  Time cost: 17:04/31:34 [7:19:39/24:50:45]  Acc_iter 86600       Data time: 0.03(0.03)  Forward time: 0.26(0.29)  Batch time: 0.29(0.32)
2026-07-30 02:56:59,832   INFO  Train:   10/40 ( 25%) [3300/9261 ( 36%)]  Loss: 0.8533 (1.19)  LR: 2.987e-04  Time cost: 17:20/31:18 [7:19:55/24:50:29]  Acc_iter 86650       Data time: 0.02(0.03)  Forward time: 0.32(0.29)  Batch time: 0.34(0.32)
2026-07-30 02:57:16,321   INFO  Train:   10/40 ( 25%) [3350/9261 ( 36%)]  Loss: 1.366 (1.19)  LR: 2.987e-04  Time cost: 17:36/31:03 [7:20:11/24:51:16]  Acc_iter 86700       Data time: 0.00(0.03)  Forward time: 0.35(0.29)  Batch time: 0.35(0.32)
2026-07-30 02:57:16,992   INFO  a1e06a0b30c0                Thu Jul 30 02:57:16 2026  580.173.02
[0] NVIDIA GeForce RTX 3070 | 59°C,  59 % |  6357 /  8192 MB | root(5808M)

2026-07-30 02:57:32,124   INFO  Train:   10/40 ( 25%) [3400/9261 ( 37%)]  Loss: 1.276 (1.19)  LR: 2.987e-04  Time cost: 17:52/30:48 [7:20:27/24:51:03]  Acc_iter 86750       Data time: 0.01(0.03)  Forward time: 0.27(0.29)  Batch time: 0.27(0.32)
2026-07-30 02:57:47,198   INFO  Train:   10/40 ( 25%) [3450/9261 ( 37%)]  Loss: 1.359 (1.19)  LR: 2.986e-04  Time cost: 18:07/30:31 [7:20:42/24:49:50]  Acc_iter 86800       Data time: 0.04(0.03)  Forward time: 0.25(0.29)  Batch time: 0.28(0.32)
2026-07-30 02:58:02,531   INFO  Train:   10/40 ( 25%) [3500/9261 ( 38%)]  Loss: 0.9653 (1.19)  LR: 2.986e-04  Time cost: 18:22/30:14 [7:20:57/24:49:00]  Acc_iter 86850       Data time: 0.00(0.03)  Forward time: 0.29(0.29)  Batch time: 0.29(0.32)
2026-07-30 02:58:03,124   INFO  a1e06a0b30c0                Thu Jul 30 02:58:03 2026  580.173.02
[0] NVIDIA GeForce RTX 3070 | 61°C,  73 % |  6345 /  8192 MB | root(5808M)

2026-07-30 02:58:18,580   INFO  Train:   10/40 ( 25%) [3550/9261 ( 38%)]  Loss: 1.034 (1.19)  LR: 2.986e-04  Time cost: 18:38/29:59 [7:21:14/24:49:08]  Acc_iter 86900       Data time: 0.02(0.03)  Forward time: 0.31(0.29)  Batch time: 0.33(0.32)
2026-07-30 02:58:34,732   INFO  Train:   10/40 ( 25%) [3600/9261 ( 39%)]  Loss: 1.160 (1.19)  LR: 2.986e-04  Time cost: 18:55/29:44 [7:21:30/24:49:23]  Acc_iter 86950       Data time: 0.02(0.03)  Forward time: 0.30(0.29)  Batch time: 0.32(0.32)
2026-07-30 02:58:49,948   INFO  Train:   10/40 ( 25%) [3650/9261 ( 39%)]  Loss: 1.252 (1.19)  LR: 2.986e-04  Time cost: 19:10/29:27 [7:21:45/24:48:25]  Acc_iter 87000       Data time: 0.00(0.03)  Forward time: 0.28(0.29)  Batch time: 0.28(0.32)
2026-07-30 02:58:50,565   INFO  a1e06a0b30c0                Thu Jul 30 02:58:50 2026  580.173.02
[0] NVIDIA GeForce RTX 3070 | 60°C,   1 % |  6349 /  8192 MB | root(5808M)

2026-07-30 02:59:05,825   INFO  Train:   10/40 ( 25%) [3700/9261 ( 40%)]  Loss: 1.386 (1.19)  LR: 2.986e-04  Time cost: 19:26/29:12 [7:22:01/24:48:19]  Acc_iter 87050       Data time: 0.02(0.03)  Forward time: 0.22(0.29)  Batch time: 0.25(0.32)
2026-07-30 02:59:21,117   INFO  Train:   10/40 ( 25%) [3750/9261 ( 40%)]  Loss: 1.350 (1.19)  LR: 2.986e-04  Time cost: 19:41/28:55 [7:22:16/24:47:28]  Acc_iter 87100       Data time: 0.03(0.03)  Forward time: 0.30(0.29)  Batch time: 0.33(0.31)
2026-07-30 02:59:36,454   INFO  Train:   10/40 ( 25%) [3800/9261 ( 41%)]  Loss: 0.8546 (1.19)  LR: 2.986e-04  Time cost: 19:56/28:39 [7:22:31/24:46:42]  Acc_iter 87150       Data time: 0.01(0.03)  Forward time: 0.27(0.29)  Batch time: 0.29(0.31)
2026-07-30 02:59:37,173   INFO  a1e06a0b30c0                Thu Jul 30 02:59:37 2026  580.173.02
[0] NVIDIA GeForce RTX 3070 | 60°C,  81 % |  6339 /  8192 MB | root(5808M)

2026-07-30 02:59:39,788   INFO  Save latest model to /OpenPCDet/output/OpenPCDet/tools/cfgs/models/S/D/S_D_N/unfrozen_backbone_1_93/ckpt/latest_model
2026-07-30 02:59:53,653   INFO  Train:   10/40 ( 25%) [3850/9261 ( 42%)]  Loss: 0.7763 (1.19)  LR: 2.986e-04  Time cost: 20:14/28:25 [7:22:49/24:48:13]  Acc_iter 87200       Data time: 0.00(0.03)  Forward time: 0.27(0.29)  Batch time: 0.27(0.32)
2026-07-30 03:00:09,223   INFO  Train:   10/40 ( 25%) [3900/9261 ( 42%)]  Loss: 1.190 (1.19)  LR: 2.985e-04  Time cost: 20:29/28:09 [7:23:04/24:47:43]  Acc_iter 87250       Data time: 0.00(0.03)  Forward time: 0.27(0.29)  Batch time: 0.28(0.32)
2026-07-30 03:00:24,581   INFO  Train:   10/40 ( 25%) [3950/9261 ( 43%)]  Loss: 1.008 (1.19)  LR: 2.985e-04  Time cost: 20:44/27:53 [7:23:20/24:46:58]  Acc_iter 87300       Data time: 0.03(0.03)  Forward time: 0.31(0.29)  Batch time: 0.34(0.32)
2026-07-30 03:00:25,198   INFO  a1e06a0b30c0                Thu Jul 30 03:00:25 2026  580.173.02
[0] NVIDIA GeForce RTX 3070 | 61°C,  98 % |  6347 /  8192 MB | root(5808M)

2026-07-30 03:00:40,583   INFO  Train:   10/40 ( 25%) [4000/9261 ( 43%)]  Loss: 1.345 (1.19)  LR: 2.985e-04  Time cost: 21:00/27:38 [7:23:36/24:47:00]  Acc_iter 87350       Data time: 0.02(0.03)  Forward time: 0.30(0.29)  Batch time: 0.32(0.32)
2026-07-30 03:00:55,700   INFO  Train:   10/40 ( 25%) [4050/9261 ( 44%)]  Loss: 1.320 (1.19)  LR: 2.985e-04  Time cost: 21:16/27:21 [7:23:51/24:46:00]  Acc_iter 87400       Data time: 0.01(0.03)  Forward time: 0.25(0.29)  Batch time: 0.25(0.32)
2026-07-30 03:01:12,332   INFO  Train:   10/40 ( 25%) [4100/9261 ( 44%)]  Loss: 1.277 (1.19)  LR: 2.985e-04  Time cost: 21:32/27:06 [7:24:07/24:46:45]  Acc_iter 87450       Data time: 0.02(0.03)  Forward time: 0.37(0.29)  Batch time: 0.40(0.32)
2026-07-30 03:01:13,051   INFO  a1e06a0b30c0                Thu Jul 30 03:01:13 2026  580.173.02
[0] NVIDIA GeForce RTX 3070 | 58°C,   6 % |  6345 /  8192 MB | root(5808M)

2026-07-30 03:01:28,634   INFO  Train:   10/40 ( 25%) [4150/9261 ( 45%)]  Loss: 1.037 (1.19)  LR: 2.985e-04  Time cost: 21:49/26:51 [7:24:24/24:47:06]  Acc_iter 87500       Data time: 0.02(0.03)  Forward time: 0.29(0.29)  Batch time: 0.31(0.32)
2026-07-30 03:01:43,692   INFO  Train:   10/40 ( 25%) [4200/9261 ( 45%)]  Loss: 0.9657 (1.19)  LR: 2.985e-04  Time cost: 22:04/26:35 [7:24:39/24:46:02]  Acc_iter 87550       Data time: 0.05(0.03)  Forward time: 0.22(0.29)  Batch time: 0.27(0.32)
2026-07-30 03:01:58,842   INFO  Train:   10/40 ( 25%) [4250/9261 ( 46%)]  Loss: 1.224 (1.19)  LR: 2.985e-04  Time cost: 22:19/26:18 [7:24:54/24:45:06]  Acc_iter 87600       Data time: 0.04(0.03)  Forward time: 0.23(0.29)  Batch time: 0.26(0.32)
2026-07-30 03:01:59,420   INFO  a1e06a0b30c0                Thu Jul 30 03:01:59 2026  580.173.02
[0] NVIDIA GeForce RTX 3070 | 58°C,   3 % |  6347 /  8192 MB | root(5808M)

2026-07-30 03:02:14,577   INFO  Train:   10/40 ( 25%) [4300/9261 ( 46%)]  Loss: 1.250 (1.19)  LR: 2.985e-04  Time cost: 22:34/26:02 [7:25:10/24:44:49]  Acc_iter 87650       Data time: 0.00(0.03)  Forward time: 0.26(0.29)  Batch time: 0.26(0.32)
2026-07-30 03:02:30,381   INFO  Train:   10/40 ( 25%) [4350/9261 ( 47%)]  Loss: 1.080 (1.19)  LR: 2.984e-04  Time cost: 22:50/25:47 [7:25:25/24:44:37]  Acc_iter 87700       Data time: 0.01(0.03)  Forward time: 0.24(0.29)  Batch time: 0.24(0.32)
2026-07-30 03:02:46,773   INFO  Train:   10/40 ( 25%) [4400/9261 ( 48%)]  Loss: 1.200 (1.19)  LR: 2.984e-04  Time cost: 23:07/25:32 [7:25:42/24:45:02]  Acc_iter 87750       Data time: 0.02(0.03)  Forward time: 0.23(0.29)  Batch time: 0.25(0.32)
2026-07-30 03:02:47,405   INFO  a1e06a0b30c0                Thu Jul 30 03:02:47 2026  580.173.02
[0] NVIDIA GeForce RTX 3070 | 58°C,   3 % |  6355 /  8192 MB | root(5808M)

2026-07-30 03:03:02,473   INFO  Train:   10/40 ( 25%) [4450/9261 ( 48%)]  Loss: 0.8244 (1.19)  LR: 2.984e-04  Time cost: 23:22/25:16 [7:25:57/24:44:43]  Acc_iter 87800       Data time: 0.01(0.03)  Forward time: 0.28(0.29)  Batch time: 0.28(0.32)
2026-07-30 03:03:17,837   INFO  Train:   10/40 ( 25%) [4500/9261 ( 49%)]  Loss: 1.187 (1.19)  LR: 2.984e-04  Time cost: 23:38/25:00 [7:26:13/24:44:02]  Acc_iter 87850       Data time: 0.01(0.03)  Forward time: 0.30(0.29)  Batch time: 0.31(0.32)
2026-07-30 03:03:33,065   INFO  Train:   10/40 ( 25%) [4550/9261 ( 49%)]  Loss: 0.9751 (1.19)  LR: 2.984e-04  Time cost: 23:53/24:43 [7:26:28/24:43:13]  Acc_iter 87900       Data time: 0.04(0.03)  Forward time: 0.28(0.29)  Batch time: 0.32(0.31)
2026-07-30 03:03:33,644   INFO  a1e06a0b30c0                Thu Jul 30 03:03:33 2026  580.173.02
[0] NVIDIA GeForce RTX 3070 | 60°C,   4 % |  6349 /  8192 MB | root(5808M)

2026-07-30 03:03:49,150   INFO  Train:   10/40 ( 25%) [4600/9261 ( 50%)]  Loss: 0.9179 (1.19)  LR: 2.984e-04  Time cost: 24:09/24:28 [7:26:44/24:43:18]  Acc_iter 87950       Data time: 0.00(0.03)  Forward time: 0.27(0.29)  Batch time: 0.27(0.32)
2026-07-30 03:04:05,206   INFO  Train:   10/40 ( 25%) [4650/9261 ( 50%)]  Loss: 1.227 (1.19)  LR: 2.984e-04  Time cost: 24:25/24:12 [7:27:00/24:43:21]  Acc_iter 88000       Data time: 0.00(0.03)  Forward time: 0.23(0.29)  Batch time: 0.23(0.32)
2026-07-30 03:04:20,260   INFO  Train:   10/40 ( 25%) [4700/9261 ( 51%)]  Loss: 1.480 (1.19)  LR: 2.984e-04  Time cost: 24:40/23:56 [7:27:15/24:42:23]  Acc_iter 88050       Data time: 0.02(0.03)  Forward time: 0.22(0.29)  Batch time: 0.25(0.31)
2026-07-30 03:04:20,858   INFO  a1e06a0b30c0                Thu Jul 30 03:04:20 2026  580.173.02
[0] NVIDIA GeForce RTX 3070 | 63°C,  98 % |  6347 /  8192 MB | root(5808M)

2026-07-30 03:04:35,923   INFO  Train:   10/40 ( 25%) [4750/9261 ( 51%)]  Loss: 0.9217 (1.19)  LR: 2.983e-04  Time cost: 24:56/23:40 [7:27:31/24:42:02]  Acc_iter 88100       Data time: 0.03(0.03)  Forward time: 0.28(0.29)  Batch time: 0.31(0.31)
2026-07-30 03:04:39,928   INFO  Save latest model to /OpenPCDet/output/OpenPCDet/tools/cfgs/models/S/D/S_D_N/unfrozen_backbone_1_93/ckpt/latest_model
2026-07-30 03:04:51,207   INFO  Train:   10/40 ( 25%) [4800/9261 ( 52%)]  Loss: 1.079 (1.19)  LR: 2.983e-04  Time cost: 25:11/23:24 [7:27:46/24:41:19]  Acc_iter 88150       Data time: 0.01(0.03)  Forward time: 0.29(0.29)  Batch time: 0.30(0.31)
2026-07-30 03:05:06,860   INFO  Train:   10/40 ( 25%) [4850/9261 ( 52%)]  Loss: 1.342 (1.19)  LR: 2.983e-04  Time cost: 25:27/23:08 [7:28:02/24:40:58]  Acc_iter 88200       Data time: 0.04(0.03)  Forward time: 0.23(0.29)  Batch time: 0.26(0.31)
2026-07-30 03:05:07,590   INFO  a1e06a0b30c0                Thu Jul 30 03:05:07 2026  580.173.02
[0] NVIDIA GeForce RTX 3070 | 58°C,   2 % |  6349 /  8192 MB | root(5808M)

2026-07-30 03:05:24,175   INFO  Train:   10/40 ( 25%) [4900/9261 ( 53%)]  Loss: 1.170 (1.19)  LR: 2.983e-04  Time cost: 25:44/22:54 [7:28:19/24:42:13]  Acc_iter 88250       Data time: 0.04(0.03)  Forward time: 0.29(0.29)  Batch time: 0.33(0.32)
2026-07-30 03:05:39,578   INFO  Train:   10/40 ( 25%) [4950/9261 ( 53%)]  Loss: 1.353 (1.19)  LR: 2.983e-04  Time cost: 25:59/22:38 [7:28:35/24:41:37]  Acc_iter 88300       Data time: 0.01(0.03)  Forward time: 0.28(0.29)  Batch time: 0.29(0.32)
2026-07-30 03:05:54,720   INFO  Train:   10/40 ( 25%) [5000/9261 ( 54%)]  Loss: 1.074 (1.19)  LR: 2.983e-04  Time cost: 26:15/22:22 [7:28:50/24:40:47]  Acc_iter 88350       Data time: 0.03(0.03)  Forward time: 0.23(0.29)  Batch time: 0.27(0.31)
2026-07-30 03:05:55,428   INFO  a1e06a0b30c0                Thu Jul 30 03:05:55 2026  580.173.02
[0] NVIDIA GeForce RTX 3070 | 58°C,   3 % |  6347 /  8192 MB | root(5808M)

2026-07-30 03:06:10,373   INFO  Train:   10/40 ( 25%) [5050/9261 ( 55%)]  Loss: 1.431 (1.19)  LR: 2.983e-04  Time cost: 26:30/22:06 [7:29:05/24:40:26]  Acc_iter 88400       Data time: 0.00(0.03)  Forward time: 0.27(0.29)  Batch time: 0.27(0.31)
2026-07-30 03:06:25,505   INFO  Train:   10/40 ( 25%) [5100/9261 ( 55%)]  Loss: 1.240 (1.19)  LR: 2.983e-04  Time cost: 26:45/21:49 [7:29:20/24:39:36]  Acc_iter 88450       Data time: 0.02(0.03)  Forward time: 0.40(0.29)  Batch time: 0.42(0.31)
2026-07-30 03:06:41,669   INFO  Train:   10/40 ( 25%) [5150/9261 ( 56%)]  Loss: 0.8892 (1.19)  LR: 2.983e-04  Time cost: 27:02/21:34 [7:29:37/24:39:44]  Acc_iter 88500       Data time: 0.05(0.03)  Forward time: 0.28(0.29)  Batch time: 0.33(0.31)
2026-07-30 03:06:42,396   INFO  a1e06a0b30c0                Thu Jul 30 03:06:42 2026  580.173.02
[0] NVIDIA GeForce RTX 3070 | 58°C,   3 % |  6349 /  8192 MB | root(5808M)

2026-07-30 03:06:58,229   INFO  Train:   10/40 ( 25%) [5200/9261 ( 56%)]  Loss: 1.141 (1.19)  LR: 2.982e-04  Time cost: 27:18/21:19 [7:29:53/24:40:12]  Acc_iter 88550       Data time: 0.00(0.03)  Forward time: 0.27(0.29)  Batch time: 0.28(0.32)
2026-07-30 03:07:13,079   INFO  Train:   10/40 ( 25%) [5250/9261 ( 57%)]  Loss: 1.168 (1.19)  LR: 2.982e-04  Time cost: 27:33/21:03 [7:30:08/24:39:08]  Acc_iter 88600       Data time: 0.00(0.03)  Forward time: 0.26(0.29)  Batch time: 0.26(0.31)
2026-07-30 03:07:28,006   INFO  Train:   10/40 ( 25%) [5300/9261 ( 57%)]  Loss: 1.107 (1.19)  LR: 2.982e-04  Time cost: 27:48/20:46 [7:30:23/24:38:09]  Acc_iter 88650       Data time: 0.02(0.03)  Forward time: 0.23(0.29)  Batch time: 0.25(0.31)
2026-07-30 03:07:28,602   INFO  a1e06a0b30c0                Thu Jul 30 03:07:28 2026  580.173.02
[0] NVIDIA GeForce RTX 3070 | 60°C,   3 % |  6349 /  8192 MB | root(5808M)

2026-07-30 03:07:43,951   INFO  Train:   10/40 ( 25%) [5350/9261 ( 58%)]  Loss: 0.9450 (1.19)  LR: 2.982e-04  Time cost: 28:04/20:31 [7:30:39/24:38:04]  Acc_iter 88700       Data time: 0.03(0.03)  Forward time: 0.30(0.29)  Batch time: 0.33(0.31)
2026-07-30 03:08:00,335   INFO  Train:   10/40 ( 25%) [5400/9261 ( 58%)]  Loss: 1.407 (1.19)  LR: 2.982e-04  Time cost: 28:20/20:15 [7:30:55/24:38:22]  Acc_iter 88750       Data time: 0.02(0.03)  Forward time: 0.40(0.29)  Batch time: 0.42(0.31)
2026-07-30 03:08:16,650   INFO  Train:   10/40 ( 25%) [5450/9261 ( 59%)]  Loss: 1.096 (1.19)  LR: 2.982e-04  Time cost: 28:37/20:00 [7:31:12/24:38:35]  Acc_iter 88800       Data time: 0.02(0.03)  Forward time: 0.23(0.29)  Batch time: 0.25(0.31)
2026-07-30 03:08:17,358   INFO  a1e06a0b30c0                Thu Jul 30 03:08:17 2026  580.173.02
[0] NVIDIA GeForce RTX 3070 | 63°C,  42 % |  6357 /  8192 MB | root(5808M)

2026-07-30 03:08:32,371   INFO  Train:   10/40 ( 25%) [5500/9261 ( 59%)]  Loss: 1.257 (1.19)  LR: 2.982e-04  Time cost: 28:52/19:44 [7:31:27/24:38:18]  Acc_iter 88850       Data time: 0.04(0.03)  Forward time: 0.22(0.29)  Batch time: 0.26(0.31)
2026-07-30 03:08:47,212   INFO  Train:   10/40 ( 25%) [5550/9261 ( 60%)]  Loss: 1.214 (1.19)  LR: 2.982e-04  Time cost: 29:07/19:28 [7:31:42/24:37:16]  Acc_iter 88900       Data time: 0.02(0.03)  Forward time: 0.29(0.29)  Batch time: 0.31(0.31)
2026-07-30 03:09:02,315   INFO  Train:   10/40 ( 25%) [5600/9261 ( 60%)]  Loss: 0.9738 (1.19)  LR: 2.981e-04  Time cost: 29:22/19:12 [7:31:57/24:36:29]  Acc_iter 88950       Data time: 0.04(0.03)  Forward time: 0.25(0.29)  Batch time: 0.29(0.31)
2026-07-30 03:09:02,943   INFO  a1e06a0b30c0                Thu Jul 30 03:09:02 2026  580.173.02
[0] NVIDIA GeForce RTX 3070 | 59°C,  69 % |  6347 /  8192 MB | root(5808M)

2026-07-30 03:09:18,425   INFO  Train:   10/40 ( 25%) [5650/9261 ( 61%)]  Loss: 0.8390 (1.19)  LR: 2.981e-04  Time cost: 29:38/18:56 [7:32:13/24:36:31]  Acc_iter 89000       Data time: 0.00(0.03)  Forward time: 0.28(0.29)  Batch time: 0.28(0.31)
2026-07-30 03:09:34,638   INFO  Train:   10/40 ( 25%) [5700/9261 ( 62%)]  Loss: 1.112 (1.19)  LR: 2.981e-04  Time cost: 29:55/18:41 [7:32:30/24:36:39]  Acc_iter 89050       Data time: 0.03(0.03)  Forward time: 0.29(0.29)  Batch time: 0.32(0.31)
2026-07-30 03:09:39,898   INFO  Save latest model to /OpenPCDet/output/OpenPCDet/tools/cfgs/models/S/D/S_D_N/unfrozen_backbone_1_93/ckpt/latest_model
2026-07-30 03:09:50,237   INFO  Train:   10/40 ( 25%) [5750/9261 ( 62%)]  Loss: 1.006 (1.19)  LR: 2.981e-04  Time cost: 30:10/18:25 [7:32:45/24:36:16]  Acc_iter 89100       Data time: 0.02(0.03)  Forward time: 0.33(0.29)  Batch time: 0.35(0.31)
2026-07-30 03:09:50,800   INFO  a1e06a0b30c0                Thu Jul 30 03:09:50 2026  580.173.02
[0] NVIDIA GeForce RTX 3070 | 64°C, 100 % |  6347 /  8192 MB | root(5808M)

2026-07-30 03:10:05,734   INFO  Train:   10/40 ( 25%) [5800/9261 ( 63%)]  Loss: 1.409 (1.19)  LR: 2.981e-04  Time cost: 30:26/18:09 [7:33:01/24:35:49]  Acc_iter 89150       Data time: 0.03(0.03)  Forward time: 0.27(0.29)  Batch time: 0.29(0.31)
2026-07-30 03:10:20,792   INFO  Train:   10/40 ( 25%) [5850/9261 ( 63%)]  Loss: 1.439 (1.19)  LR: 2.981e-04  Time cost: 30:41/17:53 [7:33:16/24:35:00]  Acc_iter 89200       Data time: 0.03(0.03)  Forward time: 0.28(0.29)  Batch time: 0.31(0.31)
2026-07-30 03:10:36,381   INFO  Train:   10/40 ( 25%) [5900/9261 ( 64%)]  Loss: 1.806 (1.19)  LR: 2.981e-04  Time cost: 30:56/17:37 [7:33:31/24:34:38]  Acc_iter 89250       Data time: 0.02(0.03)  Forward time: 0.33(0.29)  Batch time: 0.35(0.31)
2026-07-30 03:10:36,978   INFO  a1e06a0b30c0                Thu Jul 30 03:10:36 2026  580.173.02
[0] NVIDIA GeForce RTX 3070 | 59°C,  49 % |  6347 /  8192 MB | root(5808M)

2026-07-30 03:10:53,580   INFO  Train:   10/40 ( 25%) [5950/9261 ( 64%)]  Loss: 1.422 (1.19)  LR: 2.981e-04  Time cost: 31:13/17:22 [7:33:49/24:35:31]  Acc_iter 89300       Data time: 0.05(0.03)  Forward time: 0.28(0.29)  Batch time: 0.33(0.31)
2026-07-30 03:11:09,088   INFO  Train:   10/40 ( 25%) [6000/9261 ( 65%)]  Loss: 1.031 (1.19)  LR: 2.980e-04  Time cost: 31:29/17:06 [7:34:04/24:35:04]  Acc_iter 89350       Data time: 0.02(0.03)  Forward time: 0.29(0.29)  Batch time: 0.31(0.31)
2026-07-30 03:11:23,889   INFO  Train:   10/40 ( 25%) [6050/9261 ( 65%)]  Loss: 1.394 (1.19)  LR: 2.980e-04  Time cost: 31:44/16:50 [7:34:19/24:34:05]  Acc_iter 89400       Data time: 0.05(0.03)  Forward time: 0.23(0.29)  Batch time: 0.28(0.31)
2026-07-30 03:11:24,588   INFO  a1e06a0b30c0                Thu Jul 30 03:11:24 2026  580.173.02
[0] NVIDIA GeForce RTX 3070 | 59°C,   3 % |  6347 /  8192 MB | root(5808M)

2026-07-30 03:11:39,333   INFO  Train:   10/40 ( 25%) [6100/9261 ( 66%)]  Loss: 1.346 (1.19)  LR: 2.980e-04  Time cost: 31:59/16:34 [7:34:34/24:33:36]  Acc_iter 89450       Data time: 0.02(0.03)  Forward time: 0.34(0.29)  Batch time: 0.36(0.31)
2026-07-30 03:11:54,755   INFO  Train:   10/40 ( 25%) [6150/9261 ( 66%)]  Loss: 1.103 (1.19)  LR: 2.980e-04  Time cost: 32:15/16:18 [7:34:50/24:33:06]  Acc_iter 89500       Data time: 0.02(0.03)  Forward time: 0.34(0.29)  Batch time: 0.37(0.31)
2026-07-30 03:12:11,152   INFO  Train:   10/40 ( 25%) [6200/9261 ( 67%)]  Loss: 1.025 (1.19)  LR: 2.980e-04  Time cost: 32:31/16:03 [7:35:06/24:33:20]  Acc_iter 89550       Data time: 0.04(0.03)  Forward time: 0.27(0.29)  Batch time: 0.31(0.31)
2026-07-30 03:12:11,883   INFO  a1e06a0b30c0                Thu Jul 30 03:12:11 2026  580.173.02
[0] NVIDIA GeForce RTX 3070 | 62°C,  66 % |  6349 /  8192 MB | root(5808M)

2026-07-30 03:12:27,668   INFO  Train:   10/40 ( 25%) [6250/9261 ( 67%)]  Loss: 0.9782 (1.19)  LR: 2.980e-04  Time cost: 32:48/15:47 [7:35:23/24:33:39]  Acc_iter 89600       Data time: 0.02(0.03)  Forward time: 0.33(0.29)  Batch time: 0.35(0.31)
2026-07-30 03:12:42,448   INFO  Train:   10/40 ( 25%) [6300/9261 ( 68%)]  Loss: 1.439 (1.19)  LR: 2.980e-04  Time cost: 33:02/15:31 [7:35:37/24:32:41]  Acc_iter 89650       Data time: 0.00(0.03)  Forward time: 0.29(0.29)  Batch time: 0.29(0.31)
2026-07-30 03:12:57,635   INFO  Train:   10/40 ( 25%) [6350/9261 ( 69%)]  Loss: 1.443 (1.19)  LR: 2.980e-04  Time cost: 33:18/15:15 [7:35:53/24:32:01]  Acc_iter 89700       Data time: 0.02(0.03)  Forward time: 0.23(0.29)  Batch time: 0.25(0.31)
2026-07-30 03:12:58,302   INFO  a1e06a0b30c0                Thu Jul 30 03:12:58 2026  580.173.02
[0] NVIDIA GeForce RTX 3070 | 63°C,  16 % |  6347 /  8192 MB | root(5808M)

2026-07-30 03:13:13,653   INFO  Train:   10/40 ( 25%) [6400/9261 ( 69%)]  Loss: 1.187 (1.19)  LR: 2.979e-04  Time cost: 33:34/15:00 [7:36:09/24:31:58]  Acc_iter 89750       Data time: 0.03(0.03)  Forward time: 0.24(0.29)  Batch time: 0.27(0.31)
2026-07-30 03:13:29,849   INFO  Train:   10/40 ( 25%) [6450/9261 ( 70%)]  Loss: 1.384 (1.19)  LR: 2.979e-04  Time cost: 33:50/14:44 [7:36:25/24:32:02]  Acc_iter 89800       Data time: 0.01(0.03)  Forward time: 0.26(0.29)  Batch time: 0.27(0.31)
2026-07-30 03:13:45,874   INFO  Train:   10/40 ( 25%) [6500/9261 ( 70%)]  Loss: 1.159 (1.19)  LR: 2.979e-04  Time cost: 34:06/14:29 [7:36:41/24:31:59]  Acc_iter 89850       Data time: 0.05(0.03)  Forward time: 0.22(0.29)  Batch time: 0.27(0.31)
2026-07-30 03:13:46,501   INFO  a1e06a0b30c0                Thu Jul 30 03:13:46 2026  580.173.02
[0] NVIDIA GeForce RTX 3070 | 58°C,   3 % |  6347 /  8192 MB | root(5808M)

2026-07-30 03:14:01,564   INFO  Train:   10/40 ( 25%) [6550/9261 ( 71%)]  Loss: 1.444 (1.19)  LR: 2.979e-04  Time cost: 34:21/14:13 [7:36:56/24:31:41]  Acc_iter 89900       Data time: 0.02(0.03)  Forward time: 0.28(0.29)  Batch time: 0.31(0.31)
2026-07-30 03:14:17,039   INFO  Train:   10/40 ( 25%) [6600/9261 ( 71%)]  Loss: 0.9000 (1.19)  LR: 2.979e-04  Time cost: 34:37/13:57 [7:37:12/24:31:14]  Acc_iter 89950       Data time: 0.05(0.03)  Forward time: 0.22(0.29)  Batch time: 0.28(0.31)
2026-07-30 03:14:32,489   INFO  Train:   10/40 ( 25%) [6650/9261 ( 72%)]  Loss: 1.166 (1.19)  LR: 2.979e-04  Time cost: 34:52/13:41 [7:37:27/24:30:47]  Acc_iter 90000       Data time: 0.02(0.03)  Forward time: 0.32(0.29)  Batch time: 0.34(0.31)
2026-07-30 03:14:33,069   INFO  a1e06a0b30c0                Thu Jul 30 03:14:33 2026  580.173.02
[0] NVIDIA GeForce RTX 3070 | 59°C,  38 % |  6339 /  8192 MB | root(5808M)

2026-07-30 03:14:39,891   INFO  Save latest model to /OpenPCDet/output/OpenPCDet/tools/cfgs/models/S/D/S_D_N/unfrozen_backbone_1_93/ckpt/latest_model
2026-07-30 03:14:49,322   INFO  Train:   10/40 ( 25%) [6700/9261 ( 72%)]  Loss: 0.8759 (1.19)  LR: 2.979e-04  Time cost: 35:09/13:26 [7:37:44/24:31:17]  Acc_iter 90050       Data time: 0.02(0.03)  Forward time: 0.33(0.29)  Batch time: 0.35(0.31)
2026-07-30 03:15:05,466   INFO  Train:   10/40 ( 25%) [6750/9261 ( 73%)]  Loss: 1.147 (1.19)  LR: 2.978e-04  Time cost: 35:25/13:10 [7:38:00/24:31:18]  Acc_iter 90100       Data time: 0.00(0.03)  Forward time: 0.27(0.29)  Batch time: 0.27(0.31)
2026-07-30 03:15:20,517   INFO  Train:   10/40 ( 25%) [6800/9261 ( 73%)]  Loss: 0.8871 (1.19)  LR: 2.978e-04  Time cost: 35:40/12:54 [7:38:15/24:30:33]  Acc_iter 90150       Data time: 0.00(0.03)  Forward time: 0.30(0.29)  Batch time: 0.30(0.31)
2026-07-30 03:15:21,112   INFO  a1e06a0b30c0                Thu Jul 30 03:15:21 2026  580.173.02
[0] NVIDIA GeForce RTX 3070 | 59°C,  95 % |  6349 /  8192 MB | root(5808M)

2026-07-30 03:15:35,842   INFO  Train:   10/40 ( 25%) [6850/9261 ( 74%)]  Loss: 1.341 (1.19)  LR: 2.978e-04  Time cost: 35:56/12:38 [7:38:31/24:30:01]  Acc_iter 90200       Data time: 0.03(0.03)  Forward time: 0.25(0.29)  Batch time: 0.28(0.31)
2026-07-30 03:15:50,972   INFO  Train:   10/40 ( 25%) [6900/9261 ( 75%)]  Loss: 1.105 (1.19)  LR: 2.978e-04  Time cost: 36:11/12:22 [7:38:46/24:29:20]  Acc_iter 90250       Data time: 0.00(0.03)  Forward time: 0.26(0.29)  Batch time: 0.27(0.31)
2026-07-30 03:16:07,108   INFO  Train:   10/40 ( 25%) [6950/9261 ( 75%)]  Loss: 1.183 (1.19)  LR: 2.978e-04  Time cost: 36:27/12:07 [7:39:02/24:29:21]  Acc_iter 90300       Data time: 0.04(0.03)  Forward time: 0.28(0.29)  Batch time: 0.32(0.31)
2026-07-30 03:16:07,862   INFO  a1e06a0b30c0                Thu Jul 30 03:16:07 2026  580.173.02
[0] NVIDIA GeForce RTX 3070 | 60°C,   3 % |  6351 /  8192 MB | root(5808M)

2026-07-30 03:16:24,404   INFO  Train:   10/40 ( 25%) [7000/9261 ( 76%)]  Loss: 1.348 (1.19)  LR: 2.978e-04  Time cost: 36:44/11:52 [7:39:19/24:30:08]  Acc_iter 90350       Data time: 0.04(0.03)  Forward time: 0.31(0.29)  Batch time: 0.35(0.31)
2026-07-30 03:16:39,567   INFO  Train:   10/40 ( 25%) [7050/9261 ( 76%)]  Loss: 1.056 (1.19)  LR: 2.978e-04  Time cost: 36:59/11:36 [7:39:34/24:29:29]  Acc_iter 90400       Data time: 0.02(0.03)  Forward time: 0.30(0.29)  Batch time: 0.32(0.31)
2026-07-30 03:16:54,657   INFO  Train:   10/40 ( 25%) [7100/9261 ( 77%)]  Loss: 0.6825 (1.19)  LR: 2.977e-04  Time cost: 37:15/11:20 [7:39:50/24:28:47]  Acc_iter 90450       Data time: 0.03(0.03)  Forward time: 0.27(0.29)  Batch time: 0.30(0.31)
2026-07-30 03:16:55,250   INFO  a1e06a0b30c0                Thu Jul 30 03:16:55 2026  580.173.02
[0] NVIDIA GeForce RTX 3070 | 61°C,  49 % |  6349 /  8192 MB | root(5808M)

2026-07-30 03:17:10,724   INFO  Train:   10/40 ( 25%) [7150/9261 ( 77%)]  Loss: 1.125 (1.19)  LR: 2.977e-04  Time cost: 37:31/11:04 [7:40:06/24:28:44]  Acc_iter 90500       Data time: 0.03(0.03)  Forward time: 0.28(0.29)  Batch time: 0.32(0.31)
2026-07-30 03:17:26,357   INFO  Train:   10/40 ( 25%) [7200/9261 ( 78%)]  Loss: 0.9700 (1.19)  LR: 2.977e-04  Time cost: 37:46/10:48 [7:40:21/24:28:24]  Acc_iter 90550       Data time: 0.00(0.03)  Forward time: 0.26(0.29)  Batch time: 0.27(0.31)
2026-07-30 03:17:42,815   INFO  Train:   10/40 ( 25%) [7250/9261 ( 78%)]  Loss: 1.198 (1.19)  LR: 2.977e-04  Time cost: 38:03/10:33 [7:40:38/24:28:36]  Acc_iter 90600       Data time: 0.04(0.03)  Forward time: 0.28(0.29)  Batch time: 0.32(0.31)
2026-07-30 03:17:43,463   INFO  a1e06a0b30c0                Thu Jul 30 03:17:43 2026  580.173.02
[0] NVIDIA GeForce RTX 3070 | 59°C,   3 % |  6355 /  8192 MB | root(5808M)

2026-07-30 03:17:58,414   INFO  Train:   10/40 ( 25%) [7300/9261 ( 79%)]  Loss: 0.8700 (1.19)  LR: 2.977e-04  Time cost: 38:18/10:17 [7:40:53/24:28:15]  Acc_iter 90650       Data time: 0.04(0.03)  Forward time: 0.22(0.29)  Batch time: 0.26(0.31)
2026-07-30 03:18:13,658   INFO  Train:   10/40 ( 25%) [7350/9261 ( 79%)]  Loss: 1.215 (1.19)  LR: 2.977e-04  Time cost: 38:34/10:01 [7:41:09/24:27:40]  Acc_iter 90700       Data time: 0.02(0.03)  Forward time: 0.31(0.29)  Batch time: 0.33(0.31)
2026-07-30 03:18:28,757   INFO  Train:   10/40 ( 25%) [7400/9261 ( 80%)]  Loss: 0.9122 (1.19)  LR: 2.977e-04  Time cost: 38:49/09:45 [7:41:24/24:27:01]  Acc_iter 90750       Data time: 0.05(0.03)  Forward time: 0.23(0.29)  Batch time: 0.28(0.31)
2026-07-30 03:18:29,349   INFO  a1e06a0b30c0                Thu Jul 30 03:18:29 2026  580.173.02
[0] NVIDIA GeForce RTX 3070 | 64°C,  37 % |  6345 /  8192 MB | root(5808M)

2026-07-30 03:18:45,455   INFO  Train:   10/40 ( 25%) [7450/9261 ( 80%)]  Loss: 1.292 (1.19)  LR: 2.977e-04  Time cost: 39:05/09:30 [7:41:40/24:27:21]  Acc_iter 90800       Data time: 0.04(0.03)  Forward time: 0.29(0.29)  Batch time: 0.32(0.31)
2026-07-30 03:19:01,567   INFO  Train:   10/40 ( 25%) [7500/9261 ( 81%)]  Loss: 1.379 (1.19)  LR: 2.976e-04  Time cost: 39:21/09:14 [7:41:56/24:27:19]  Acc_iter 90850       Data time: 0.00(0.03)  Forward time: 0.25(0.29)  Batch time: 0.26(0.31)
2026-07-30 03:19:16,880   INFO  Train:   10/40 ( 25%) [7550/9261 ( 82%)]  Loss: 1.219 (1.19)  LR: 2.976e-04  Time cost: 39:37/08:58 [7:42:12/24:26:47]  Acc_iter 90900       Data time: 0.01(0.03)  Forward time: 0.27(0.29)  Batch time: 0.28(0.31)
2026-07-30 03:19:17,472   INFO  a1e06a0b30c0                Thu Jul 30 03:19:17 2026  580.173.02
[0] NVIDIA GeForce RTX 3070 | 59°C,   3 % |  6349 /  8192 MB | root(5808M)

2026-07-30 03:19:32,485   INFO  Train:   10/40 ( 25%) [7600/9261 ( 82%)]  Loss: 1.216 (1.19)  LR: 2.976e-04  Time cost: 39:52/08:42 [7:42:27/24:26:26]  Acc_iter 90950       Data time: 0.02(0.03)  Forward time: 0.27(0.29)  Batch time: 0.29(0.31)
2026-07-30 03:19:39,800   INFO  Save latest model to /OpenPCDet/output/OpenPCDet/tools/cfgs/models/S/D/S_D_N/unfrozen_backbone_1_93/ckpt/latest_model
2026-07-30 03:19:48,028   INFO  Train:   10/40 ( 25%) [7650/9261 ( 83%)]  Loss: 1.171 (1.19)  LR: 2.976e-04  Time cost: 40:08/08:27 [7:42:43/24:26:03]  Acc_iter 91000       Data time: 0.00(0.03)  Forward time: 0.28(0.29)  Batch time: 0.29(0.31)
2026-07-30 03:20:03,611   INFO  Train:   10/40 ( 25%) [7700/9261 ( 83%)]  Loss: 1.067 (1.19)  LR: 2.976e-04  Time cost: 40:24/08:11 [7:42:59/24:25:42]  Acc_iter 91050       Data time: 0.01(0.03)  Forward time: 0.24(0.29)  Batch time: 0.26(0.31)
2026-07-30 03:20:04,361   INFO  a1e06a0b30c0                Thu Jul 30 03:20:04 2026  580.173.02
[0] NVIDIA GeForce RTX 3070 | 61°C,  49 % |  6351 /  8192 MB | root(5808M)

2026-07-30 03:20:20,336   INFO  Train:   10/40 ( 25%) [7750/9261 ( 84%)]  Loss: 1.389 (1.19)  LR: 2.976e-04  Time cost: 40:40/07:55 [7:43:15/24:26:02]  Acc_iter 91100       Data time: 0.00(0.03)  Forward time: 0.28(0.29)  Batch time: 0.28(0.31)
2026-07-30 03:20:35,820   INFO  Train:   10/40 ( 25%) [7800/9261 ( 84%)]  Loss: 1.075 (1.19)  LR: 2.976e-04  Time cost: 40:56/07:40 [7:43:31/24:25:37]  Acc_iter 91150       Data time: 0.00(0.03)  Forward time: 0.21(0.29)  Batch time: 0.21(0.31)
2026-07-30 03:20:50,922   INFO  Train:   10/40 ( 25%) [7850/9261 ( 85%)]  Loss: 1.056 (1.19)  LR: 2.975e-04  Time cost: 41:11/07:24 [7:43:46/24:24:58]  Acc_iter 91200       Data time: 0.04(0.03)  Forward time: 0.29(0.29)  Batch time: 0.32(0.31)
2026-07-30 03:20:51,498   INFO  a1e06a0b30c0                Thu Jul 30 03:20:51 2026  580.173.02
[0] NVIDIA GeForce RTX 3070 | 60°C,   3 % |  6349 /  8192 MB | root(5808M)

2026-07-30 03:21:06,594   INFO  Train:   10/40 ( 25%) [7900/9261 ( 85%)]  Loss: 0.9700 (1.19)  LR: 2.975e-04  Time cost: 41:26/07:08 [7:44:02/24:24:40]  Acc_iter 91250       Data time: 0.02(0.03)  Forward time: 0.34(0.29)  Batch time: 0.37(0.31)
2026-07-30 03:21:22,130   INFO  Train:   10/40 ( 25%) [7950/9261 ( 86%)]  Loss: 1.181 (1.19)  LR: 2.975e-04  Time cost: 41:42/06:52 [7:44:17/24:24:17]  Acc_iter 91300       Data time: 0.00(0.03)  Forward time: 0.26(0.29)  Batch time: 0.27(0.31)
2026-07-30 03:21:38,688   INFO  Train:   10/40 ( 25%) [8000/9261 ( 86%)]  Loss: 1.384 (1.19)  LR: 2.975e-04  Time cost: 41:59/06:37 [7:44:34/24:24:30]  Acc_iter 91350       Data time: 0.04(0.03)  Forward time: 0.30(0.29)  Batch time: 0.34(0.31)
2026-07-30 03:21:39,452   INFO  a1e06a0b30c0                Thu Jul 30 03:21:39 2026  580.173.02
[0] NVIDIA GeForce RTX 3070 | 59°C,   4 % |  6355 /  8192 MB | root(5808M)

2026-07-30 03:21:54,728   INFO  Train:   10/40 ( 25%) [8050/9261 ( 87%)]  Loss: 0.8994 (1.19)  LR: 2.975e-04  Time cost: 42:15/06:21 [7:44:50/24:24:25]  Acc_iter 91400       Data time: 0.01(0.03)  Forward time: 0.28(0.29)  Batch time: 0.29(0.31)
2026-07-30 03:22:09,457   INFO  Train:   10/40 ( 25%) [8100/9261 ( 87%)]  Loss: 1.026 (1.19)  LR: 2.975e-04  Time cost: 42:29/06:05 [7:45:04/24:23:34]  Acc_iter 91450       Data time: 0.02(0.03)  Forward time: 0.23(0.29)  Batch time: 0.25(0.31)
2026-07-30 03:22:24,645   INFO  Train:   10/40 ( 25%) [8150/9261 ( 88%)]  Loss: 1.570 (1.19)  LR: 2.975e-04  Time cost: 42:45/05:49 [7:45:20/24:23:00]  Acc_iter 91500       Data time: 0.02(0.03)  Forward time: 0.22(0.29)  Batch time: 0.24(0.31)
2026-07-30 03:22:25,295   INFO  a1e06a0b30c0                Thu Jul 30 03:22:25 2026  580.173.02
[0] NVIDIA GeForce RTX 3070 | 62°C,  14 % |  6345 /  8192 MB | root(5808M)

2026-07-30 03:22:40,820   INFO  Train:   10/40 ( 25%) [8200/9261 ( 89%)]  Loss: 1.186 (1.19)  LR: 2.974e-04  Time cost: 43:01/05:33 [7:45:36/24:22:59]  Acc_iter 91550       Data time: 0.02(0.03)  Forward time: 0.28(0.29)  Batch time: 0.30(0.31)
2026-07-30 03:22:57,066   INFO  Train:   10/40 ( 25%) [8250/9261 ( 89%)]  Loss: 1.193 (1.19)  LR: 2.974e-04  Time cost: 43:17/05:18 [7:45:52/24:23:00]  Acc_iter 91600       Data time: 0.05(0.03)  Forward time: 0.23(0.29)  Batch time: 0.28(0.31)
2026-07-30 03:23:12,497   INFO  Train:   10/40 ( 25%) [8300/9261 ( 90%)]  Loss: 1.349 (1.19)  LR: 2.974e-04  Time cost: 43:32/05:02 [7:46:07/24:22:34]  Acc_iter 91650       Data time: 0.00(0.03)  Forward time: 0.27(0.29)  Batch time: 0.27(0.31)
2026-07-30 03:23:13,113   INFO  a1e06a0b30c0                Thu Jul 30 03:23:13 2026  580.173.02
[0] NVIDIA GeForce RTX 3070 | 59°C,  39 % |  6347 /  8192 MB | root(5808M)

2026-07-30 03:23:28,228   INFO  Train:   10/40 ( 25%) [8350/9261 ( 90%)]  Loss: 1.005 (1.19)  LR: 2.974e-04  Time cost: 43:48/04:46 [7:46:23/24:22:18]  Acc_iter 91700       Data time: 0.06(0.03)  Forward time: 0.29(0.29)  Batch time: 0.35(0.31)
2026-07-30 03:23:43,197   INFO  Train:   10/40 ( 25%) [8400/9261 ( 91%)]  Loss: 1.174 (1.19)  LR: 2.974e-04  Time cost: 44:03/04:30 [7:46:38/24:21:37]  Acc_iter 91750       Data time: 0.01(0.03)  Forward time: 0.23(0.29)  Batch time: 0.24(0.31)
2026-07-30 03:23:58,413   INFO  Train:   10/40 ( 25%) [8450/9261 ( 91%)]  Loss: 0.9537 (1.19)  LR: 2.974e-04  Time cost: 44:18/04:15 [7:46:53/24:21:04]  Acc_iter 91800       Data time: 0.04(0.03)  Forward time: 0.29(0.29)  Batch time: 0.33(0.31)
2026-07-30 03:23:59,166   INFO  a1e06a0b30c0                Thu Jul 30 03:23:59 2026  580.173.02
[0] NVIDIA GeForce RTX 3070 | 59°C,  55 % |  6351 /  8192 MB | root(5808M)

2026-07-30 03:24:15,575   INFO  Train:   10/40 ( 25%) [8500/9261 ( 92%)]  Loss: 1.167 (1.19)  LR: 2.973e-04  Time cost: 44:35/03:59 [7:47:11/24:21:35]  Acc_iter 91850       Data time: 0.04(0.03)  Forward time: 0.23(0.29)  Batch time: 0.28(0.31)
2026-07-30 03:24:31,369   INFO  Train:   10/40 ( 25%) [8550/9261 ( 92%)]  Loss: 0.8706 (1.19)  LR: 2.973e-04  Time cost: 44:51/03:43 [7:47:26/24:21:21]  Acc_iter 91900       Data time: 0.04(0.03)  Forward time: 0.21(0.29)  Batch time: 0.26(0.31)
2026-07-30 03:24:39,816   INFO  Save latest model to /OpenPCDet/output/OpenPCDet/tools/cfgs/models/S/D/S_D_N/unfrozen_backbone_1_93/ckpt/latest_model
2026-07-30 03:24:46,159   INFO  Train:   10/40 ( 25%) [8600/9261 ( 93%)]  Loss: 1.243 (1.19)  LR: 2.973e-04  Time cost: 45:06/03:28 [7:47:41/24:20:35]  Acc_iter 91950       Data time: 0.01(0.03)  Forward time: 0.24(0.29)  Batch time: 0.25(0.31)
2026-07-30 03:24:46,749   INFO  a1e06a0b30c0                Thu Jul 30 03:24:46 2026  580.173.02
[0] NVIDIA GeForce RTX 3070 | 61°C,   9 % |  6349 /  8192 MB | root(5808M)

2026-07-30 03:25:01,736   INFO  Train:   10/40 ( 25%) [8650/9261 ( 93%)]  Loss: 0.8531 (1.19)  LR: 2.973e-04  Time cost: 45:22/03:12 [7:47:57/24:20:14]  Acc_iter 92000       Data time: 0.00(0.03)  Forward time: 0.23(0.29)  Batch time: 0.23(0.31)
2026-07-30 03:25:17,131   INFO  Train:   10/40 ( 25%) [8700/9261 ( 94%)]  Loss: 1.332 (1.19)  LR: 2.973e-04  Time cost: 45:37/02:56 [7:48:12/24:19:47]  Acc_iter 92050       Data time: 0.00(0.03)  Forward time: 0.27(0.29)  Batch time: 0.28(0.31)
2026-07-30 03:25:32,960   INFO  Train:   10/40 ( 25%) [8750/9261 ( 94%)]  Loss: 1.275 (1.19)  LR: 2.973e-04  Time cost: 45:53/02:40 [7:48:28/24:19:35]  Acc_iter 92100       Data time: 0.03(0.03)  Forward time: 0.29(0.29)  Batch time: 0.33(0.31)
2026-07-30 03:25:33,689   INFO  a1e06a0b30c0                Thu Jul 30 03:25:33 2026  580.173.02
[0] NVIDIA GeForce RTX 3070 | 59°C,   3 % |  6351 /  8192 MB | root(5808M)

2026-07-30 03:25:49,739   INFO  Train:   10/40 ( 25%) [8800/9261 ( 95%)]  Loss: 1.163 (1.19)  LR: 2.973e-04  Time cost: 46:10/02:25 [7:48:45/24:19:52]  Acc_iter 92150       Data time: 0.04(0.03)  Forward time: 0.30(0.29)  Batch time: 0.34(0.31)
2026-07-30 03:26:04,654   INFO  Train:   10/40 ( 25%) [8850/9261 ( 96%)]  Loss: 1.388 (1.19)  LR: 2.972e-04  Time cost: 46:25/02:09 [7:49:00/24:19:11]  Acc_iter 92200       Data time: 0.02(0.03)  Forward time: 0.24(0.29)  Batch time: 0.26(0.31)
2026-07-30 03:26:19,504   INFO  Train:   10/40 ( 25%) [8900/9261 ( 96%)]  Loss: 1.382 (1.19)  LR: 2.972e-04  Time cost: 46:39/01:53 [7:49:14/24:18:27]  Acc_iter 92250       Data time: 0.04(0.03)  Forward time: 0.24(0.29)  Batch time: 0.29(0.31)
2026-07-30 03:26:20,126   INFO  a1e06a0b30c0                Thu Jul 30 03:26:20 2026  580.173.02
[0] NVIDIA GeForce RTX 3070 | 59°C,  52 % |  6345 /  8192 MB | root(5808M)

2026-07-30 03:26:35,310   INFO  Train:   10/40 ( 25%) [8950/9261 ( 97%)]  Loss: 1.025 (1.19)  LR: 2.972e-04  Time cost: 46:55/01:37 [7:49:30/24:18:14]  Acc_iter 92300       Data time: 0.05(0.03)  Forward time: 0.22(0.29)  Batch time: 0.27(0.31)
2026-07-30 03:26:50,950   INFO  Train:   10/40 ( 25%) [9000/9261 ( 97%)]  Loss: 0.9117 (1.19)  LR: 2.972e-04  Time cost: 47:11/01:22 [7:49:46/24:17:56]  Acc_iter 92350       Data time: 0.01(0.03)  Forward time: 0.22(0.29)  Batch time: 0.23(0.31)
2026-07-30 03:27:07,430   INFO  Train:   10/40 ( 25%) [9050/9261 ( 98%)]  Loss: 1.307 (1.19)  LR: 2.972e-04  Time cost: 47:27/01:06 [7:50:02/24:18:03]  Acc_iter 92400       Data time: 0.02(0.03)  Forward time: 0.25(0.29)  Batch time: 0.27(0.31)
2026-07-30 03:27:08,223   INFO  a1e06a0b30c0                Thu Jul 30 03:27:08 2026  580.173.02
[0] NVIDIA GeForce RTX 3070 | 58°C,  57 % |  6357 /  8192 MB | root(5808M)

2026-07-30 03:27:23,329   INFO  Train:   10/40 ( 25%) [9100/9261 ( 98%)]  Loss: 1.521 (1.19)  LR: 2.972e-04  Time cost: 47:43/00:50 [7:50:18/24:17:52]  Acc_iter 92450       Data time: 0.04(0.03)  Forward time: 0.28(0.29)  Batch time: 0.31(0.31)
2026-07-30 03:27:38,301   INFO  Train:   10/40 ( 25%) [9150/9261 ( 99%)]  Loss: 0.9152 (1.19)  LR: 2.972e-04  Time cost: 47:58/00:34 [7:50:33/24:17:13]  Acc_iter 92500       Data time: 0.02(0.03)  Forward time: 0.22(0.29)  Batch time: 0.25(0.31)
2026-07-30 03:27:53,665   INFO  Train:   10/40 ( 25%) [9200/9261 ( 99%)]  Loss: 1.430 (1.19)  LR: 2.971e-04  Time cost: 48:14/00:19 [7:50:49/24:16:47]  Acc_iter 92550       Data time: 0.03(0.03)  Forward time: 0.23(0.29)  Batch time: 0.26(0.31)
2026-07-30 03:27:54,290   INFO  a1e06a0b30c0                Thu Jul 30 03:27:54 2026  580.173.02
[0] NVIDIA GeForce RTX 3070 | 60°C,  62 % |  6345 /  8192 MB | root(5808M)

2026-07-30 03:28:09,356   INFO  Train:   10/40 ( 25%) [9250/9261 (100%)]  Loss: 1.164 (1.19)  LR: 2.971e-04  Time cost: 48:29/00:03 [7:51:04/24:16:30]  Acc_iter 92600       Data time: 0.02(0.03)  Forward time: 0.22(0.29)  Batch time: 0.25(0.31)
2026-07-30 03:28:11,620   INFO  Train:   10/40 ( 25%) [9260/9261 (100%)]  Loss: 1.075 (1.19)  LR: 2.971e-04  Time cost: 48:32/00:00 [7:51:07/24:16:00]  Acc_iter 92610       Data time: 0.02(0.03)  Forward time: 0.11(0.29)  Batch time: 0.13(0.31)
2026-07-30 03:28:15,670   INFO  Train:   11/40 ( 28%) [   0/9261 (  0%)]  Loss: 0.9001 (0.900)  LR: 2.971e-04  Time cost: 00:02/6:46:30 [7:51:11/203:15:15]  Acc_iter 92611       Data time: 2.13(2.13)  Forward time: 0.49(0.49)  Batch time: 2.62(2.62)
2026-07-30 03:28:28,409   INFO  Train:   11/40 ( 28%) [  39/9261 (  0%)]  Loss: 1.147 (1.15)  LR: 2.971e-04  Time cost: 00:15/59:04 [7:51:23/29:39:19]  Acc_iter 92650       Data time: 0.01(0.08)  Forward time: 0.30(0.31)  Batch time: 0.32(0.38)
2026-07-30 03:28:43,475   INFO  Train:   11/40 ( 28%) [  89/9261 (  1%)]  Loss: 1.131 (1.18)  LR: 2.971e-04  Time cost: 00:30/51:42 [7:51:38/26:05:34]  Acc_iter 92700       Data time: 0.03(0.05)  Forward time: 0.28(0.29)  Batch time: 0.32(0.34)
2026-07-30 03:28:44,052   INFO  a1e06a0b30c0                Thu Jul 30 03:28:44 2026  580.173.02
[0] NVIDIA GeForce RTX 3070 | 58°C,  33 % |  6347 /  8192 MB | root(5808M)

2026-07-30 03:28:59,025   INFO  Train:   11/40 ( 28%) [ 139/9261 (  2%)]  Loss: 0.9484 (1.18)  LR: 2.971e-04  Time cost: 00:45/49:56 [7:51:54/25:20:18]  Acc_iter 92750       Data time: 0.00(0.05)  Forward time: 0.30(0.28)  Batch time: 0.30(0.33)
2026-07-30 03:29:14,101   INFO  Train:   11/40 ( 28%) [ 189/9261 (  2%)]  Loss: 1.318 (1.18)  LR: 2.971e-04  Time cost: 01:01/48:35 [7:52:09/24:47:12]  Acc_iter 92800       Data time: 0.01(0.04)  Forward time: 0.30(0.28)  Batch time: 0.31(0.32)
2026-07-30 03:29:30,000   INFO  Train:   11/40 ( 28%) [ 239/9261 (  3%)]  Loss: 1.302 (1.19)  LR: 2.970e-04  Time cost: 01:16/48:13 [7:52:25/24:43:38]  Acc_iter 92850       Data time: 0.02(0.04)  Forward time: 0.28(0.28)  Batch time: 0.30(0.32)
2026-07-30 03:29:30,714   INFO  a1e06a0b30c0                Thu Jul 30 03:29:30 2026  580.173.02
[0] NVIDIA GeForce RTX 3070 | 59°C,   3 % |  6337 /  8192 MB | root(5808M)

2026-07-30 03:29:46,903   INFO  Train:   11/40 ( 28%) [ 289/9261 (  3%)]  Loss: 0.9268 (1.18)  LR: 2.970e-04  Time cost: 01:33/48:24 [7:52:42/24:57:14]  Acc_iter 92900       Data time: 0.02(0.04)  Forward time: 0.29(0.29)  Batch time: 0.31(0.32)
2026-07-30 03:30:02,011   INFO  Train:   11/40 ( 28%) [ 339/9261 (  4%)]  Loss: 1.099 (1.18)  LR: 2.970e-04  Time cost: 01:48/47:39 [7:52:57/24:42:19]  Acc_iter 92950       Data time: 0.00(0.04)  Forward time: 0.28(0.29)  Batch time: 0.28(0.32)
2026-07-30 03:30:17,007   INFO  Train:   11/40 ( 28%) [ 389/9261 (  4%)]  Loss: 1.242 (1.18)  LR: 2.970e-04  Time cost: 02:03/47:00 [7:53:12/24:29:51]  Acc_iter 93000       Data time: 0.03(0.03)  Forward time: 0.34(0.28)  Batch time: 0.37(0.32)
2026-07-30 03:30:17,561   INFO  a1e06a0b30c0                Thu Jul 30 03:30:17 2026  580.173.02
[0] NVIDIA GeForce RTX 3070 | 59°C,   3 % |  6347 /  8192 MB | root(5808M)

2026-07-30 03:30:32,948   INFO  Train:   11/40 ( 28%) [ 439/9261 (  5%)]  Loss: 1.239 (1.18)  LR: 2.970e-04  Time cost: 02:19/46:45 [7:53:28/24:30:04]  Acc_iter 93050       Data time: 0.02(0.03)  Forward time: 0.29(0.28)  Batch time: 0.31(0.32)
2026-07-30 03:30:48,785   INFO  Train:   11/40 ( 28%) [ 489/9261 (  5%)]  Loss: 1.217 (1.18)  LR: 2.970e-04  Time cost: 02:35/46:28 [7:53:44/24:29:13]  Acc_iter 93100       Data time: 0.02(0.03)  Forward time: 0.37(0.28)  Batch time: 0.39(0.32)
2026-07-30 03:31:05,522   INFO  Train:   11/40 ( 28%) [ 539/9261 (  6%)]  Loss: 1.069 (1.18)  LR: 2.969e-04  Time cost: 02:52/46:25 [7:54:00/24:36:11]  Acc_iter 93150       Data time: 0.06(0.03)  Forward time: 0.25(0.29)  Batch time: 0.30(0.32)
2026-07-30 03:31:06,319   INFO  a1e06a0b30c0                Thu Jul 30 03:31:06 2026  580.173.02
[0] NVIDIA GeForce RTX 3070 | 59°C,  42 % |  6359 /  8192 MB | root(5808M)

2026-07-30 03:31:21,036   INFO  Train:   11/40 ( 28%) [ 589/9261 (  6%)]  Loss: 1.403 (1.17)  LR: 2.969e-04  Time cost: 03:08/46:03 [7:54:16/24:32:21]  Acc_iter 93200       Data time: 0.02(0.03)  Forward time: 0.24(0.28)  Batch time: 0.25(0.32)
2026-07-30 03:31:35,948   INFO  Train:   11/40 ( 28%) [ 639/9261 (  7%)]  Loss: 1.397 (1.18)  LR: 2.969e-04  Time cost: 03:22/45:33 [7:54:31/24:24:43]  Acc_iter 93250       Data time: 0.02(0.03)  Forward time: 0.33(0.28)  Batch time: 0.35(0.32)
2026-07-30 03:31:50,982   INFO  Train:   11/40 ( 28%) [ 689/9261 (  7%)]  Loss: 0.9924 (1.17)  LR: 2.969e-04  Time cost: 03:37/45:07 [7:54:46/24:18:58]  Acc_iter 93300       Data time: 0.04(0.03)  Forward time: 0.21(0.28)  Batch time: 0.25(0.32)
2026-07-30 03:31:51,603   INFO  a1e06a0b30c0                Thu Jul 30 03:31:51 2026  580.173.02
[0] NVIDIA GeForce RTX 3070 | 60°C,   3 % |  6347 /  8192 MB | root(5808M)

2026-07-30 03:32:06,773   INFO  Train:   11/40 ( 28%) [ 739/9261 (  8%)]  Loss: 1.030 (1.17)  LR: 2.969e-04  Time cost: 03:53/44:51 [7:55:02/24:18:42]  Acc_iter 93350       Data time: 0.02(0.03)  Forward time: 0.35(0.28)  Batch time: 0.38(0.32)
2026-07-30 03:32:23,460   INFO  Train:   11/40 ( 28%) [ 789/9261 (  9%)]  Loss: 1.306 (1.18)  LR: 2.969e-04  Time cost: 04:10/44:45 [7:55:18/24:23:39]  Acc_iter 93400       Data time: 0.02(0.03)  Forward time: 0.34(0.28)  Batch time: 0.36(0.32)
2026-07-30 03:32:38,672   INFO  Train:   11/40 ( 28%) [ 839/9261 (  9%)]  Loss: 1.291 (1.18)  LR: 2.969e-04  Time cost: 04:25/44:23 [7:55:34/24:19:53]  Acc_iter 93450       Data time: 0.04(0.03)  Forward time: 0.22(0.28)  Batch time: 0.26(0.32)
2026-07-30 03:32:39,299   INFO  a1e06a0b30c0                Thu Jul 30 03:32:39 2026  580.173.02
[0] NVIDIA GeForce RTX 3070 | 61°C,  64 % |  6347 /  8192 MB | root(5808M)

2026-07-30 03:32:54,152   INFO  Train:   11/40 ( 28%) [ 889/9261 ( 10%)]  Loss: 1.095 (1.18)  LR: 2.968e-04  Time cost: 04:41/44:04 [7:55:49/24:17:54]  Acc_iter 93500       Data time: 0.03(0.03)  Forward time: 0.33(0.28)  Batch time: 0.36(0.32)
2026-07-30 03:33:09,179   INFO  Train:   11/40 ( 28%) [ 939/9261 ( 10%)]  Loss: 1.316 (1.17)  LR: 2.968e-04  Time cost: 04:56/43:41 [7:56:04/24:13:53]  Acc_iter 93550       Data time: 0.04(0.03)  Forward time: 0.23(0.28)  Batch time: 0.27(0.32)
2026-07-30 03:33:13,330   INFO  Save latest model to /OpenPCDet/output/OpenPCDet/tools/cfgs/models/S/D/S_D_N/unfrozen_backbone_1_93/ckpt/latest_model
2026-07-30 03:33:24,959   INFO  Train:   11/40 ( 28%) [ 989/9261 ( 11%)]  Loss: 1.527 (1.18)  LR: 2.968e-04  Time cost: 05:11/43:26 [7:56:20/24:13:45]  Acc_iter 93600       Data time: 0.02(0.03)  Forward time: 0.29(0.28)  Batch time: 0.31(0.32)
2026-07-30 03:33:25,659   INFO  a1e06a0b30c0                Thu Jul 30 03:33:25 2026  580.173.02
[0] NVIDIA GeForce RTX 3070 | 60°C,   3 % |  6347 /  8192 MB | root(5808M)

2026-07-30 03:33:42,132   INFO  Train:   11/40 ( 28%) [1039/9261 ( 11%)]  Loss: 1.031 (1.18)  LR: 2.968e-04  Time cost: 05:29/43:21 [7:56:37/24:19:47]  Acc_iter 93650       Data time: 0.02(0.03)  Forward time: 0.33(0.28)  Batch time: 0.35(0.32)
2026-07-30 03:33:57,854   INFO  Train:   11/40 ( 28%) [1089/9261 ( 12%)]  Loss: 0.7537 (1.17)  LR: 2.968e-04  Time cost: 05:44/43:05 [7:56:53/24:19:06]  Acc_iter 93700       Data time: 0.02(0.03)  Forward time: 0.27(0.29)  Batch time: 0.29(0.32)
2026-07-30 03:34:12,561   INFO  Train:   11/40 ( 28%) [1139/9261 ( 12%)]  Loss: 1.596 (1.17)  LR: 2.968e-04  Time cost: 05:59/42:41 [7:57:07/24:14:20]  Acc_iter 93750       Data time: 0.04(0.03)  Forward time: 0.27(0.28)  Batch time: 0.31(0.32)
2026-07-30 03:34:13,266   INFO  a1e06a0b30c0                Thu Jul 30 03:34:13 2026  580.173.02
[0] NVIDIA GeForce RTX 3070 | 60°C,  73 % |  6341 /  8192 MB | root(5808M)

2026-07-30 03:34:28,178   INFO  Train:   11/40 ( 28%) [1189/9261 ( 13%)]  Loss: 1.430 (1.17)  LR: 2.967e-04  Time cost: 06:15/42:24 [7:57:23/24:13:29]  Acc_iter 93800       Data time: 0.03(0.03)  Forward time: 0.24(0.28)  Batch time: 0.27(0.32)
2026-07-30 03:34:43,836   INFO  Train:   11/40 ( 28%) [1239/9261 ( 13%)]  Loss: 1.170 (1.17)  LR: 2.967e-04  Time cost: 06:30/42:08 [7:57:39/24:12:50]  Acc_iter 93850       Data time: 0.02(0.03)  Forward time: 0.31(0.28)  Batch time: 0.33(0.32)
2026-07-30 03:35:00,376   INFO  Train:   11/40 ( 28%) [1289/9261 ( 14%)]  Loss: 0.9414 (1.17)  LR: 2.967e-04  Time cost: 06:47/41:57 [7:57:55/24:15:22]  Acc_iter 93900       Data time: 0.00(0.03)  Forward time: 0.28(0.29)  Batch time: 0.29(0.32)
2026-07-30 03:35:01,107   INFO  a1e06a0b30c0                Thu Jul 30 03:35:01 2026  580.173.02
[0] NVIDIA GeForce RTX 3070 | 59°C,  61 % |  6341 /  8192 MB | root(5808M)

2026-07-30 03:35:16,978   INFO  Train:   11/40 ( 28%) [1339/9261 ( 14%)]  Loss: 1.408 (1.17)  LR: 2.967e-04  Time cost: 07:03/41:46 [7:58:12/24:17:54]  Acc_iter 93950       Data time: 0.01(0.03)  Forward time: 0.26(0.29)  Batch time: 0.27(0.32)
2026-07-30 03:35:31,860   INFO  Train:   11/40 ( 28%) [1389/9261 ( 15%)]  Loss: 0.9258 (1.17)  LR: 2.967e-04  Time cost: 07:18/41:25 [7:58:27/24:14:32]  Acc_iter 94000       Data time: 0.00(0.03)  Forward time: 0.22(0.28)  Batch time: 0.22(0.32)
2026-07-30 03:35:46,951   INFO  Train:   11/40 ( 28%) [1439/9261 ( 16%)]  Loss: 1.312 (1.17)  LR: 2.967e-04  Time cost: 07:33/41:05 [7:58:42/24:12:03]  Acc_iter 94050       Data time: 0.01(0.03)  Forward time: 0.30(0.28)  Batch time: 0.31(0.32)
2026-07-30 03:35:47,552   INFO  a1e06a0b30c0                Thu Jul 30 03:35:47 2026  580.173.02
[0] NVIDIA GeForce RTX 3070 | 59°C,   3 % |  6347 /  8192 MB | root(5808M)

2026-07-30 03:36:03,165   INFO  Train:   11/40 ( 28%) [1489/9261 ( 16%)]  Loss: 1.063 (1.17)  LR: 2.966e-04  Time cost: 07:50/40:52 [7:58:58/24:13:11]  Acc_iter 94100       Data time: 0.02(0.03)  Forward time: 0.31(0.28)  Batch time: 0.33(0.32)
2026-07-30 03:36:19,423   INFO  Train:   11/40 ( 28%) [1539/9261 ( 17%)]  Loss: 1.278 (1.17)  LR: 2.966e-04  Time cost: 08:06/40:38 [7:59:14/24:14:22]  Acc_iter 94150       Data time: 0.02(0.03)  Forward time: 0.34(0.29)  Batch time: 0.36(0.32)
2026-07-30 03:36:35,664   INFO  Train:   11/40 ( 28%) [1589/9261 ( 17%)]  Loss: 1.127 (1.17)  LR: 2.966e-04  Time cost: 08:22/40:25 [7:59:31/24:15:24]  Acc_iter 94200       Data time: 0.04(0.03)  Forward time: 0.29(0.29)  Batch time: 0.33(0.32)
2026-07-30 03:36:36,301   INFO  a1e06a0b30c0                Thu Jul 30 03:36:36 2026  580.173.02
[0] NVIDIA GeForce RTX 3070 | 59°C,  90 % |  6355 /  8192 MB | root(5808M)

2026-07-30 03:36:51,474   INFO  Train:   11/40 ( 28%) [1639/9261 ( 18%)]  Loss: 1.422 (1.17)  LR: 2.966e-04  Time cost: 08:38/40:09 [7:59:46/24:15:09]  Acc_iter 94250       Data time: 0.00(0.03)  Forward time: 0.24(0.29)  Batch time: 0.24(0.32)
2026-07-30 03:37:06,804   INFO  Train:   11/40 ( 28%) [1689/9261 ( 18%)]  Loss: 1.384 (1.17)  LR: 2.966e-04  Time cost: 08:53/39:51 [8:00:02/24:13:36]  Acc_iter 94300       Data time: 0.05(0.03)  Forward time: 0.23(0.29)  Batch time: 0.29(0.32)
2026-07-30 03:37:22,112   INFO  Train:   11/40 ( 28%) [1739/9261 ( 19%)]  Loss: 1.343 (1.17)  LR: 2.966e-04  Time cost: 09:09/39:33 [8:00:17/24:12:03]  Acc_iter 94350       Data time: 0.04(0.03)  Forward time: 0.26(0.29)  Batch time: 0.30(0.32)
2026-07-30 03:37:22,724   INFO  a1e06a0b30c0                Thu Jul 30 03:37:22 2026  580.173.02
[0] NVIDIA GeForce RTX 3070 | 59°C,   2 % |  6349 /  8192 MB | root(5808M)

2026-07-30 03:37:39,032   INFO  Train:   11/40 ( 28%) [1789/9261 ( 19%)]  Loss: 1.476 (1.17)  LR: 2.965e-04  Time cost: 09:25/39:22 [8:00:34/24:14:43]  Acc_iter 94400       Data time: 0.06(0.03)  Forward time: 0.23(0.29)  Batch time: 0.29(0.32)
2026-07-30 03:37:55,837   INFO  Train:   11/40 ( 28%) [1839/9261 ( 20%)]  Loss: 1.360 (1.17)  LR: 2.965e-04  Time cost: 09:42/39:10 [8:00:51/24:16:57]  Acc_iter 94450       Data time: 0.04(0.03)  Forward time: 0.24(0.29)  Batch time: 0.28(0.32)
2026-07-30 03:38:10,995   INFO  Train:   11/40 ( 28%) [1889/9261 ( 20%)]  Loss: 1.389 (1.17)  LR: 2.965e-04  Time cost: 09:57/38:52 [8:01:06/24:15:02]  Acc_iter 94500       Data time: 0.03(0.03)  Forward time: 0.23(0.29)  Batch time: 0.26(0.32)
2026-07-30 03:38:11,626   INFO  a1e06a0b30c0                Thu Jul 30 03:38:11 2026  580.173.02
[0] NVIDIA GeForce RTX 3070 | 58°C,   3 % |  6347 /  8192 MB | root(5808M)

2026-07-30 03:38:13,211   INFO  Save latest model to /OpenPCDet/output/OpenPCDet/tools/cfgs/models/S/D/S_D_N/unfrozen_backbone_1_93/ckpt/latest_model
2026-07-30 03:38:26,896   INFO  Train:   11/40 ( 28%) [1939/9261 ( 21%)]  Loss: 1.058 (1.17)  LR: 2.965e-04  Time cost: 10:13/38:36 [8:01:22/24:14:58]  Acc_iter 94550       Data time: 0.02(0.03)  Forward time: 0.29(0.29)  Batch time: 0.31(0.32)
2026-07-30 03:38:42,129   INFO  Train:   11/40 ( 28%) [1989/9261 ( 21%)]  Loss: 1.099 (1.17)  LR: 2.965e-04  Time cost: 10:29/38:18 [8:01:37/24:13:20]  Acc_iter 94600       Data time: 0.03(0.03)  Forward time: 0.27(0.29)  Batch time: 0.30(0.32)
2026-07-30 03:38:57,612   INFO  Train:   11/40 ( 28%) [2039/9261 ( 22%)]  Loss: 1.497 (1.17)  LR: 2.965e-04  Time cost: 10:44/38:01 [8:01:53/24:12:21]  Acc_iter 94650       Data time: 0.03(0.03)  Forward time: 0.30(0.29)  Batch time: 0.33(0.32)
2026-07-30 03:38:58,309   INFO  a1e06a0b30c0                Thu Jul 30 03:38:58 2026  580.173.02
[0] NVIDIA GeForce RTX 3070 | 59°C,  81 % |  6349 /  8192 MB | root(5808M)

2026-07-30 03:39:14,761   INFO  Train:   11/40 ( 28%) [2089/9261 ( 23%)]  Loss: 0.8542 (1.17)  LR: 2.964e-04  Time cost: 11:01/37:50 [8:02:10/24:15:03]  Acc_iter 94700       Data time: 0.02(0.03)  Forward time: 0.31(0.29)  Batch time: 0.33(0.32)
2026-07-30 03:39:30,066   INFO  Train:   11/40 ( 28%) [2139/9261 ( 23%)]  Loss: 1.315 (1.17)  LR: 2.964e-04  Time cost: 11:17/37:33 [8:02:25/24:13:40]  Acc_iter 94750       Data time: 0.04(0.03)  Forward time: 0.22(0.29)  Batch time: 0.26(0.32)
2026-07-30 03:39:45,501   INFO  Train:   11/40 ( 28%) [2189/9261 ( 24%)]  Loss: 1.078 (1.17)  LR: 2.964e-04  Time cost: 11:32/37:16 [8:02:40/24:12:36]  Acc_iter 94800       Data time: 0.00(0.03)  Forward time: 0.27(0.29)  Batch time: 0.27(0.32)
2026-07-30 03:39:46,086   INFO  a1e06a0b30c0                Thu Jul 30 03:39:46 2026  580.173.02
[0] NVIDIA GeForce RTX 3070 | 58°C,  61 % |  6351 /  8192 MB | root(5808M)

2026-07-30 03:40:01,232   INFO  Train:   11/40 ( 28%) [2239/9261 ( 24%)]  Loss: 0.9425 (1.17)  LR: 2.964e-04  Time cost: 11:48/37:00 [8:02:56/24:12:10]  Acc_iter 94850       Data time: 0.02(0.03)  Forward time: 0.31(0.29)  Batch time: 0.34(0.32)
2026-07-30 03:40:16,779   INFO  Train:   11/40 ( 28%) [2289/9261 ( 25%)]  Loss: 0.8132 (1.17)  LR: 2.964e-04  Time cost: 12:03/36:43 [8:03:12/24:11:23]  Acc_iter 94900       Data time: 0.02(0.03)  Forward time: 0.31(0.29)  Batch time: 0.33(0.32)
2026-07-30 03:40:33,174   INFO  Train:   11/40 ( 28%) [2339/9261 ( 25%)]  Loss: 0.8696 (1.17)  LR: 2.963e-04  Time cost: 12:20/36:29 [8:03:28/24:12:17]  Acc_iter 94950       Data time: 0.05(0.03)  Forward time: 0.28(0.29)  Batch time: 0.33(0.32)
2026-07-30 03:40:33,827   INFO  a1e06a0b30c0                Thu Jul 30 03:40:33 2026  580.173.02
[0] NVIDIA GeForce RTX 3070 | 60°C,   3 % |  6347 /  8192 MB | root(5808M)

2026-07-30 03:40:49,478   INFO  Train:   11/40 ( 28%) [2389/9261 ( 26%)]  Loss: 1.411 (1.17)  LR: 2.963e-04  Time cost: 12:36/36:15 [8:03:44/24:12:57]  Acc_iter 95000       Data time: 0.04(0.03)  Forward time: 0.28(0.29)  Batch time: 0.31(0.32)
2026-07-30 03:41:04,546   INFO  Train:   11/40 ( 28%) [2439/9261 ( 26%)]  Loss: 1.405 (1.17)  LR: 2.963e-04  Time cost: 12:51/35:57 [8:03:59/24:11:16]  Acc_iter 95050       Data time: 0.02(0.03)  Forward time: 0.35(0.29)  Batch time: 0.37(0.32)
2026-07-30 03:41:19,632   INFO  Train:   11/40 ( 28%) [2489/9261 ( 27%)]  Loss: 0.9656 (1.17)  LR: 2.963e-04  Time cost: 13:06/35:39 [8:04:15/24:09:40]  Acc_iter 95100       Data time: 0.02(0.03)  Forward time: 0.27(0.29)  Batch time: 0.29(0.32)
2026-07-30 03:41:20,321   INFO  a1e06a0b30c0                Thu Jul 30 03:41:20 2026  580.173.02
[0] NVIDIA GeForce RTX 3070 | 59°C, 100 % |  6347 /  8192 MB | root(5808M)

2026-07-30 03:41:35,845   INFO  Train:   11/40 ( 28%) [2539/9261 ( 27%)]  Loss: 1.153 (1.17)  LR: 2.963e-04  Time cost: 13:22/35:24 [8:04:31/24:10:10]  Acc_iter 95150       Data time: 0.02(0.03)  Forward time: 0.30(0.29)  Batch time: 0.32(0.32)
2026-07-30 03:41:52,581   INFO  Train:   11/40 ( 28%) [2589/9261 ( 28%)]  Loss: 1.445 (1.17)  LR: 2.963e-04  Time cost: 13:39/35:11 [8:04:48/24:11:33]  Acc_iter 95200       Data time: 0.02(0.03)  Forward time: 0.30(0.29)  Batch time: 0.33(0.32)
2026-07-30 03:42:08,669   INFO  Train:   11/40 ( 28%) [2639/9261 ( 28%)]  Loss: 1.386 (1.17)  LR: 2.962e-04  Time cost: 13:55/34:56 [8:05:04/24:11:45]  Acc_iter 95250       Data time: 0.00(0.03)  Forward time: 0.26(0.29)  Batch time: 0.27(0.32)
2026-07-30 03:42:09,300   INFO  a1e06a0b30c0                Thu Jul 30 03:42:09 2026  580.173.02
[0] NVIDIA GeForce RTX 3070 | 59°C,  79 % |  6345 /  8192 MB | root(5808M)

2026-07-30 03:42:24,466   INFO  Train:   11/40 ( 28%) [2689/9261 ( 29%)]  Loss: 1.035 (1.17)  LR: 2.962e-04  Time cost: 14:11/34:40 [8:05:19/24:11:26]  Acc_iter 95300       Data time: 0.02(0.03)  Forward time: 0.31(0.29)  Batch time: 0.33(0.32)
2026-07-30 03:42:39,644   INFO  Train:   11/40 ( 28%) [2739/9261 ( 30%)]  Loss: 1.213 (1.17)  LR: 2.962e-04  Time cost: 14:26/34:22 [8:05:35/24:10:05]  Acc_iter 95350       Data time: 0.03(0.03)  Forward time: 0.27(0.29)  Batch time: 0.30(0.32)
2026-07-30 03:42:55,157   INFO  Train:   11/40 ( 28%) [2789/9261 ( 30%)]  Loss: 1.123 (1.17)  LR: 2.962e-04  Time cost: 14:42/34:06 [8:05:50/24:09:20]  Acc_iter 95400       Data time: 0.02(0.03)  Forward time: 0.25(0.29)  Batch time: 0.27(0.32)
2026-07-30 03:42:55,758   INFO  a1e06a0b30c0                Thu Jul 30 03:42:55 2026  580.173.02
[0] NVIDIA GeForce RTX 3070 | 60°C,   3 % |  6345 /  8192 MB | root(5808M)

2026-07-30 03:43:12,503   INFO  Train:   11/40 ( 28%) [2839/9261 ( 31%)]  Loss: 1.076 (1.17)  LR: 2.962e-04  Time cost: 14:59/33:53 [8:06:07/24:11:33]  Acc_iter 95450       Data time: 0.02(0.03)  Forward time: 0.32(0.29)  Batch time: 0.34(0.32)
2026-07-30 03:43:13,349   INFO  Save latest model to /OpenPCDet/output/OpenPCDet/tools/cfgs/models/S/D/S_D_N/unfrozen_backbone_1_93/ckpt/latest_model
2026-07-30 03:43:28,781   INFO  Train:   11/40 ( 28%) [2889/9261 ( 31%)]  Loss: 1.190 (1.17)  LR: 2.962e-04  Time cost: 15:15/33:39 [8:06:24/24:11:59]  Acc_iter 95500       Data time: 0.02(0.03)  Forward time: 0.34(0.29)  Batch time: 0.36(0.32)
2026-07-30 03:43:43,550   INFO  Train:   11/40 ( 28%) [2939/9261 ( 32%)]  Loss: 1.213 (1.17)  LR: 2.961e-04  Time cost: 15:30/33:20 [8:06:38/24:10:03]  Acc_iter 95550       Data time: 0.01(0.03)  Forward time: 0.27(0.29)  Batch time: 0.28(0.32)
2026-07-30 03:43:44,120   INFO  a1e06a0b30c0                Thu Jul 30 03:43:44 2026  580.173.02
[0] NVIDIA GeForce RTX 3070 | 59°C,  72 % |  6345 /  8192 MB | root(5808M)

2026-07-30 03:43:59,163   INFO  Train:   11/40 ( 28%) [2989/9261 ( 32%)]  Loss: 1.381 (1.17)  LR: 2.961e-04  Time cost: 15:46/33:04 [8:06:54/24:09:28]  Acc_iter 95600       Data time: 0.02(0.03)  Forward time: 0.22(0.29)  Batch time: 0.24(0.32)
2026-07-30 03:44:14,325   INFO  Train:   11/40 ( 28%) [3039/9261 ( 33%)]  Loss: 1.454 (1.17)  LR: 2.961e-04  Time cost: 16:01/32:47 [8:07:09/24:08:12]  Acc_iter 95650       Data time: 0.00(0.03)  Forward time: 0.24(0.29)  Batch time: 0.24(0.32)
2026-07-30 03:44:30,391   INFO  Train:   11/40 ( 28%) [3089/9261 ( 33%)]  Loss: 0.8597 (1.17)  LR: 2.961e-04  Time cost: 16:17/32:32 [8:07:25/24:08:19]  Acc_iter 95700       Data time: 0.01(0.03)  Forward time: 0.26(0.29)  Batch time: 0.27(0.32)
2026-07-30 03:44:31,115   INFO  a1e06a0b30c0                Thu Jul 30 03:44:31 2026  580.173.02
[0] NVIDIA GeForce RTX 3070 | 59°C,  99 % |  6337 /  8192 MB | root(5808M)

2026-07-30 03:44:47,333   INFO  Train:   11/40 ( 28%) [3139/9261 ( 34%)]  Loss: 1.423 (1.17)  LR: 2.961e-04  Time cost: 16:34/32:18 [8:07:42/24:09:42]  Acc_iter 95750       Data time: 0.02(0.03)  Forward time: 0.33(0.29)  Batch time: 0.35(0.32)
2026-07-30 03:45:02,543   INFO  Train:   11/40 ( 28%) [3189/9261 ( 34%)]  Loss: 1.214 (1.17)  LR: 2.960e-04  Time cost: 16:49/32:01 [8:07:57/24:08:32]  Acc_iter 95800       Data time: 0.02(0.03)  Forward time: 0.37(0.29)  Batch time: 0.40(0.32)
2026-07-30 03:45:17,694   INFO  Train:   11/40 ( 28%) [3239/9261 ( 35%)]  Loss: 1.165 (1.17)  LR: 2.960e-04  Time cost: 17:04/31:44 [8:08:13/24:07:20]  Acc_iter 95850       Data time: 0.00(0.03)  Forward time: 0.27(0.29)  Batch time: 0.28(0.32)
2026-07-30 03:45:18,270   INFO  a1e06a0b30c0                Thu Jul 30 03:45:18 2026  580.173.02
[0] NVIDIA GeForce RTX 3070 | 60°C,  69 % |  6345 /  8192 MB | root(5808M)

2026-07-30 03:45:33,503   INFO  Train:   11/40 ( 28%) [3289/9261 ( 36%)]  Loss: 0.9972 (1.17)  LR: 2.960e-04  Time cost: 17:20/31:28 [8:08:28/24:07:03]  Acc_iter 95900       Data time: 0.03(0.03)  Forward time: 0.29(0.29)  Batch time: 0.32(0.32)
2026-07-30 03:45:49,464   INFO  Train:   11/40 ( 28%) [3339/9261 ( 36%)]  Loss: 1.185 (1.17)  LR: 2.960e-04  Time cost: 17:36/31:13 [8:08:44/24:07:00]  Acc_iter 95950       Data time: 0.02(0.03)  Forward time: 0.31(0.29)  Batch time: 0.33(0.32)
2026-07-30 03:46:06,191   INFO  Train:   11/40 ( 28%) [3389/9261 ( 37%)]  Loss: 1.056 (1.17)  LR: 2.960e-04  Time cost: 17:53/30:58 [8:09:01/24:07:58]  Acc_iter 96000       Data time: 0.02(0.03)  Forward time: 0.31(0.29)  Batch time: 0.33(0.32)
2026-07-30 03:46:06,844   INFO  a1e06a0b30c0                Thu Jul 30 03:46:06 2026  580.173.02
[0] NVIDIA GeForce RTX 3070 | 59°C,   4 % |  6345 /  8192 MB | root(5808M)

2026-07-30 03:46:22,225   INFO  Train:   11/40 ( 28%) [3439/9261 ( 37%)]  Loss: 1.323 (1.17)  LR: 2.960e-04  Time cost: 18:09/30:43 [8:09:17/24:07:58]  Acc_iter 96050       Data time: 0.00(0.03)  Forward time: 0.22(0.29)  Batch time: 0.22(0.32)
2026-07-30 03:46:37,326   INFO  Train:   11/40 ( 28%) [3489/9261 ( 38%)]  Loss: 1.344 (1.17)  LR: 2.959e-04  Time cost: 18:24/30:26 [8:09:32/24:06:45]  Acc_iter 96100       Data time: 0.01(0.03)  Forward time: 0.23(0.29)  Batch time: 0.24(0.32)
2026-07-30 03:46:52,298   INFO  Train:   11/40 ( 28%) [3539/9261 ( 38%)]  Loss: 1.041 (1.17)  LR: 2.959e-04  Time cost: 18:39/30:09 [8:09:47/24:05:24]  Acc_iter 96150       Data time: 0.04(0.03)  Forward time: 0.28(0.29)  Batch time: 0.32(0.32)
2026-07-30 03:46:53,002   INFO  a1e06a0b30c0                Thu Jul 30 03:46:52 2026  580.173.02
[0] NVIDIA GeForce RTX 3070 | 63°C,  70 % |  6347 /  8192 MB | root(5808M)

2026-07-30 03:47:08,529   INFO  Train:   11/40 ( 28%) [3589/9261 ( 39%)]  Loss: 1.113 (1.17)  LR: 2.959e-04  Time cost: 18:55/29:54 [8:10:03/24:05:40]  Acc_iter 96200       Data time: 0.05(0.03)  Forward time: 0.25(0.29)  Batch time: 0.30(0.32)
2026-07-30 03:47:25,196   INFO  Train:   11/40 ( 28%) [3639/9261 ( 39%)]  Loss: 1.300 (1.17)  LR: 2.959e-04  Time cost: 19:12/29:39 [8:10:20/24:06:28]  Acc_iter 96250       Data time: 0.02(0.03)  Forward time: 0.30(0.29)  Batch time: 0.31(0.32)
2026-07-30 03:47:40,976   INFO  Train:   11/40 ( 28%) [3689/9261 ( 40%)]  Loss: 1.320 (1.17)  LR: 2.959e-04  Time cost: 19:27/29:23 [8:10:36/24:06:09]  Acc_iter 96300       Data time: 0.03(0.03)  Forward time: 0.27(0.29)  Batch time: 0.30(0.32)
2026-07-30 03:47:41,601   INFO  a1e06a0b30c0                Thu Jul 30 03:47:41 2026  580.173.02
[0] NVIDIA GeForce RTX 3070 | 58°C,   4 % |  6349 /  8192 MB | root(5808M)

2026-07-30 03:47:56,621   INFO  Train:   11/40 ( 28%) [3739/9261 ( 40%)]  Loss: 1.156 (1.17)  LR: 2.958e-04  Time cost: 19:43/29:07 [8:10:52/24:05:40]  Acc_iter 96350       Data time: 0.02(0.03)  Forward time: 0.35(0.29)  Batch time: 0.37(0.32)
2026-07-30 03:48:11,588   INFO  Train:   11/40 ( 28%) [3789/9261 ( 41%)]  Loss: 1.170 (1.17)  LR: 2.958e-04  Time cost: 19:58/28:50 [8:11:07/24:04:22]  Acc_iter 96400       Data time: 0.03(0.03)  Forward time: 0.39(0.29)  Batch time: 0.42(0.32)
2026-07-30 03:48:13,356   INFO  Save latest model to /OpenPCDet/output/OpenPCDet/tools/cfgs/models/S/D/S_D_N/unfrozen_backbone_1_93/ckpt/latest_model
2026-07-30 03:48:27,094   INFO  Train:   11/40 ( 28%) [3839/9261 ( 41%)]  Loss: 1.458 (1.17)  LR: 2.958e-04  Time cost: 20:14/28:34 [8:11:22/24:03:45]  Acc_iter 96450       Data time: 0.00(0.03)  Forward time: 0.30(0.29)  Batch time: 0.30(0.32)
2026-07-30 03:48:27,817   INFO  a1e06a0b30c0                Thu Jul 30 03:48:27 2026  580.173.02
[0] NVIDIA GeForce RTX 3070 | 59°C,   3 % |  6351 /  8192 MB | root(5808M)

2026-07-30 03:48:44,460   INFO  Train:   11/40 ( 28%) [3889/9261 ( 42%)]  Loss: 1.338 (1.17)  LR: 2.958e-04  Time cost: 20:31/28:20 [8:11:39/24:05:19]  Acc_iter 96500       Data time: 0.05(0.03)  Forward time: 0.25(0.29)  Batch time: 0.30(0.32)
2026-07-30 03:49:00,325   INFO  Train:   11/40 ( 28%) [3939/9261 ( 43%)]  Loss: 1.072 (1.17)  LR: 2.958e-04  Time cost: 20:47/28:04 [8:11:55/24:05:05]  Acc_iter 96550       Data time: 0.06(0.03)  Forward time: 0.23(0.29)  Batch time: 0.29(0.32)
2026-07-30 03:49:15,188   INFO  Train:   11/40 ( 28%) [3989/9261 ( 43%)]  Loss: 1.066 (1.17)  LR: 2.957e-04  Time cost: 21:02/27:47 [8:12:10/24:03:43]  Acc_iter 96600       Data time: 0.03(0.03)  Forward time: 0.26(0.29)  Batch time: 0.30(0.32)
2026-07-30 03:49:15,791   INFO  a1e06a0b30c0                Thu Jul 30 03:49:15 2026  580.173.02
[0] NVIDIA GeForce RTX 3070 | 60°C,   3 % |  6341 /  8192 MB | root(5808M)

2026-07-30 03:49:30,800   INFO  Train:   11/40 ( 28%) [4039/9261 ( 44%)]  Loss: 1.029 (1.17)  LR: 2.957e-04  Time cost: 21:17/27:31 [8:12:26/24:03:14]  Acc_iter 96650       Data time: 0.04(0.03)  Forward time: 0.25(0.29)  Batch time: 0.29(0.32)
2026-07-30 03:49:46,234   INFO  Train:   11/40 ( 28%) [4089/9261 ( 44%)]  Loss: 0.8602 (1.17)  LR: 2.957e-04  Time cost: 21:33/27:15 [8:12:41/24:02:32]  Acc_iter 96700       Data time: 0.02(0.03)  Forward time: 0.31(0.29)  Batch time: 0.33(0.32)
2026-07-30 03:50:02,731   INFO  Train:   11/40 ( 28%) [4139/9261 ( 45%)]  Loss: 1.452 (1.17)  LR: 2.957e-04  Time cost: 21:49/27:00 [8:12:58/24:03:02]  Acc_iter 96750       Data time: 0.02(0.03)  Forward time: 0.41(0.29)  Batch time: 0.43(0.32)
2026-07-30 03:50:03,448   INFO  a1e06a0b30c0                Thu Jul 30 03:50:03 2026  580.173.02
[0] NVIDIA GeForce RTX 3070 | 59°C,  67 % |  6343 /  8192 MB | root(5808M)

2026-07-30 03:50:19,394   INFO  Train:   11/40 ( 28%) [4189/9261 ( 45%)]  Loss: 0.9302 (1.17)  LR: 2.957e-04  Time cost: 22:06/26:45 [8:13:14/24:03:41]  Acc_iter 96800       Data time: 0.04(0.03)  Forward time: 0.23(0.29)  Batch time: 0.27(0.32)
2026-07-30 03:50:34,442   INFO  Train:   11/40 ( 28%) [4239/9261 ( 46%)]  Loss: 1.228 (1.17)  LR: 2.957e-04  Time cost: 22:21/26:28 [8:13:29/24:02:35]  Acc_iter 96850       Data time: 0.01(0.03)  Forward time: 0.29(0.29)  Batch time: 0.29(0.32)
2026-07-30 03:50:49,520   INFO  Train:   11/40 ( 28%) [4289/9261 ( 46%)]  Loss: 1.290 (1.17)  LR: 2.956e-04  Time cost: 22:36/26:12 [8:13:44/24:01:32]  Acc_iter 96900       Data time: 0.04(0.03)  Forward time: 0.23(0.29)  Batch time: 0.27(0.32)
2026-07-30 03:50:50,135   INFO  a1e06a0b30c0                Thu Jul 30 03:50:50 2026  580.173.02
[0] NVIDIA GeForce RTX 3070 | 59°C,  47 % |  6349 /  8192 MB | root(5808M)

2026-07-30 03:51:05,402   INFO  Train:   11/40 ( 28%) [4339/9261 ( 47%)]  Loss: 1.769 (1.17)  LR: 2.956e-04  Time cost: 22:52/25:56 [8:14:00/24:01:21]  Acc_iter 96950       Data time: 0.04(0.03)  Forward time: 0.23(0.29)  Batch time: 0.27(0.32)
2026-07-30 03:51:22,215   INFO  Train:   11/40 ( 28%) [4389/9261 ( 47%)]  Loss: 1.080 (1.17)  LR: 2.956e-04  Time cost: 23:09/25:41 [8:14:17/24:02:08]  Acc_iter 97000       Data time: 0.03(0.03)  Forward time: 0.29(0.29)  Batch time: 0.32(0.32)
2026-07-30 03:51:38,491   INFO  Train:   11/40 ( 28%) [4439/9261 ( 48%)]  Loss: 0.9689 (1.17)  LR: 2.956e-04  Time cost: 23:25/25:26 [8:14:33/24:02:20]  Acc_iter 97050       Data time: 0.03(0.03)  Forward time: 0.30(0.29)  Batch time: 0.33(0.32)
2026-07-30 03:51:39,153   INFO  a1e06a0b30c0                Thu Jul 30 03:51:39 2026  580.173.02
[0] NVIDIA GeForce RTX 3070 | 59°C,  55 % |  6351 /  8192 MB | root(5808M)

2026-07-30 03:51:54,171   INFO  Train:   11/40 ( 28%) [4489/9261 ( 48%)]  Loss: 1.426 (1.17)  LR: 2.956e-04  Time cost: 23:41/25:10 [8:14:49/24:01:55]  Acc_iter 97100       Data time: 0.04(0.03)  Forward time: 0.28(0.29)  Batch time: 0.31(0.32)
2026-07-30 03:52:09,140   INFO  Train:   11/40 ( 28%) [4539/9261 ( 49%)]  Loss: 1.063 (1.17)  LR: 2.955e-04  Time cost: 23:56/24:53 [8:15:04/24:00:48]  Acc_iter 97150       Data time: 0.00(0.03)  Forward time: 0.30(0.29)  Batch time: 0.30(0.32)
2026-07-30 03:52:24,566   INFO  Train:   11/40 ( 28%) [4589/9261 ( 50%)]  Loss: 1.139 (1.17)  LR: 2.955e-04  Time cost: 24:11/24:37 [8:15:19/24:00:09]  Acc_iter 97200       Data time: 0.02(0.03)  Forward time: 0.32(0.29)  Batch time: 0.34(0.32)
2026-07-30 03:52:25,281   INFO  a1e06a0b30c0                Thu Jul 30 03:52:25 2026  580.173.02
[0] NVIDIA GeForce RTX 3070 | 59°C,  25 % |  6347 /  8192 MB | root(5808M)

2026-07-30 03:52:41,227   INFO  Train:   11/40 ( 28%) [4639/9261 ( 50%)]  Loss: 1.270 (1.17)  LR: 2.955e-04  Time cost: 24:28/24:22 [8:15:36/24:00:43]  Acc_iter 97250       Data time: 0.02(0.03)  Forward time: 0.39(0.29)  Batch time: 0.41(0.32)
2026-07-30 03:52:57,852   INFO  Train:   11/40 ( 28%) [4689/9261 ( 51%)]  Loss: 1.170 (1.17)  LR: 2.955e-04  Time cost: 24:44/24:07 [8:15:53/24:01:14]  Acc_iter 97300       Data time: 0.02(0.03)  Forward time: 0.36(0.29)  Batch time: 0.38(0.32)
2026-07-30 03:53:13,086   INFO  Train:   11/40 ( 28%) [4739/9261 ( 51%)]  Loss: 1.249 (1.17)  LR: 2.955e-04  Time cost: 25:00/23:51 [8:16:08/24:00:24]  Acc_iter 97350       Data time: 0.04(0.03)  Forward time: 0.22(0.29)  Batch time: 0.26(0.32)
2026-07-30 03:53:13,704   INFO  a1e06a0b30c0                Thu Jul 30 03:53:13 2026  580.173.02
[0] NVIDIA GeForce RTX 3070 | 60°C,   2 % |  6347 /  8192 MB | root(5808M)

2026-07-30 03:53:13,809   INFO  Save latest model to /OpenPCDet/output/OpenPCDet/tools/cfgs/models/S/D/S_D_N/unfrozen_backbone_1_93/ckpt/latest_model
2026-07-30 03:53:28,914   INFO  Train:   11/40 ( 28%) [4789/9261 ( 52%)]  Loss: 0.8970 (1.17)  LR: 2.954e-04  Time cost: 25:15/23:35 [8:16:24/24:00:08]  Acc_iter 97400       Data time: 0.05(0.03)  Forward time: 0.27(0.29)  Batch time: 0.31(0.32)
2026-07-30 03:53:44,146   INFO  Train:   11/40 ( 28%) [4839/9261 ( 52%)]  Loss: 0.6893 (1.17)  LR: 2.954e-04  Time cost: 25:31/23:18 [8:16:39/23:59:19]  Acc_iter 97450       Data time: 0.00(0.03)  Forward time: 0.26(0.29)  Batch time: 0.27(0.32)
2026-07-30 03:53:59,787   INFO  Train:   11/40 ( 28%) [4889/9261 ( 53%)]  Loss: 1.636 (1.17)  LR: 2.954e-04  Time cost: 25:46/23:02 [8:16:55/23:58:53]  Acc_iter 97500       Data time: 0.02(0.03)  Forward time: 0.31(0.29)  Batch time: 0.33(0.32)
2026-07-30 03:54:00,504   INFO  a1e06a0b30c0                Thu Jul 30 03:54:00 2026  580.173.02
[0] NVIDIA GeForce RTX 3070 | 61°C,  69 % |  6349 /  8192 MB | root(5808M)

2026-07-30 03:54:17,165   INFO  Train:   11/40 ( 28%) [4939/9261 ( 53%)]  Loss: 1.048 (1.17)  LR: 2.954e-04  Time cost: 26:04/22:48 [8:17:12/24:00:04]  Acc_iter 97550       Data time: 0.02(0.03)  Forward time: 0.28(0.29)  Batch time: 0.31(0.32)
2026-07-30 03:54:32,374   INFO  Train:   11/40 ( 28%) [4989/9261 ( 54%)]  Loss: 1.285 (1.17)  LR: 2.954e-04  Time cost: 26:19/22:32 [8:17:27/23:59:14]  Acc_iter 97600       Data time: 0.02(0.03)  Forward time: 0.26(0.29)  Batch time: 0.27(0.32)
2026-07-30 03:54:47,494   INFO  Train:   11/40 ( 28%) [5039/9261 ( 54%)]  Loss: 1.389 (1.17)  LR: 2.953e-04  Time cost: 26:34/22:15 [8:17:42/23:58:20]  Acc_iter 97650       Data time: 0.01(0.03)  Forward time: 0.28(0.29)  Batch time: 0.29(0.32)
2026-07-30 03:54:48,216   INFO  a1e06a0b30c0                Thu Jul 30 03:54:48 2026  580.173.02
[0] NVIDIA GeForce RTX 3070 | 59°C,  66 % |  6347 /  8192 MB | root(5808M)

2026-07-30 03:55:03,531   INFO  Train:   11/40 ( 28%) [5089/9261 ( 55%)]  Loss: 1.305 (1.17)  LR: 2.953e-04  Time cost: 26:50/22:00 [8:17:58/23:58:16]  Acc_iter 97700       Data time: 0.02(0.03)  Forward time: 0.29(0.29)  Batch time: 0.31(0.32)
2026-07-30 03:55:18,800   INFO  Train:   11/40 ( 28%) [5139/9261 ( 55%)]  Loss: 1.170 (1.17)  LR: 2.953e-04  Time cost: 27:05/21:43 [8:18:14/23:57:31]  Acc_iter 97750       Data time: 0.04(0.03)  Forward time: 0.27(0.29)  Batch time: 0.31(0.32)
2026-07-30 03:55:34,930   INFO  Train:   11/40 ( 28%) [5189/9261 ( 56%)]  Loss: 1.188 (1.17)  LR: 2.953e-04  Time cost: 27:21/21:28 [8:18:30/23:57:31]  Acc_iter 97800       Data time: 0.03(0.03)  Forward time: 0.25(0.29)  Batch time: 0.28(0.32)
2026-07-30 03:55:35,668   INFO  a1e06a0b30c0                Thu Jul 30 03:55:35 2026  580.173.02
[0] NVIDIA GeForce RTX 3070 | 58°C,   4 % |  6347 /  8192 MB | root(5808M)

2026-07-30 03:55:51,283   INFO  Train:   11/40 ( 28%) [5239/9261 ( 57%)]  Loss: 0.8756 (1.17)  LR: 2.953e-04  Time cost: 27:38/21:12 [8:18:46/23:57:43]  Acc_iter 97850       Data time: 0.02(0.03)  Forward time: 0.31(0.29)  Batch time: 0.33(0.32)
2026-07-30 03:56:06,200   INFO  Train:   11/40 ( 28%) [5289/9261 ( 57%)]  Loss: 1.171 (1.17)  LR: 2.952e-04  Time cost: 27:53/20:56 [8:19:01/23:56:41]  Acc_iter 97900       Data time: 0.03(0.03)  Forward time: 0.26(0.29)  Batch time: 0.29(0.32)
2026-07-30 03:56:21,359   INFO  Train:   11/40 ( 28%) [5339/9261 ( 58%)]  Loss: 1.101 (1.17)  LR: 2.952e-04  Time cost: 28:08/20:40 [8:19:16/23:55:52]  Acc_iter 97950       Data time: 0.03(0.03)  Forward time: 0.35(0.29)  Batch time: 0.38(0.32)
2026-07-30 03:56:22,056   INFO  a1e06a0b30c0                Thu Jul 30 03:56:22 2026  580.173.02
[0] NVIDIA GeForce RTX 3070 | 65°C, 100 % |  6349 /  8192 MB | root(5808M)

2026-07-30 03:56:37,897   INFO  Train:   11/40 ( 28%) [5389/9261 ( 58%)]  Loss: 1.630 (1.17)  LR: 2.952e-04  Time cost: 28:24/20:24 [8:19:33/23:56:13]  Acc_iter 98000       Data time: 0.02(0.03)  Forward time: 0.36(0.29)  Batch time: 0.38(0.32)
2026-07-30 03:56:54,532   INFO  Train:   11/40 ( 28%) [5439/9261 ( 59%)]  Loss: 1.071 (1.17)  LR: 2.952e-04  Time cost: 28:41/20:09 [8:19:49/23:56:38]  Acc_iter 98050       Data time: 0.02(0.03)  Forward time: 0.35(0.29)  Batch time: 0.38(0.32)
2026-07-30 03:57:10,154   INFO  Train:   11/40 ( 28%) [5489/9261 ( 59%)]  Loss: 0.9295 (1.17)  LR: 2.952e-04  Time cost: 28:57/19:53 [8:20:05/23:56:12]  Acc_iter 98100       Data time: 0.00(0.03)  Forward time: 0.23(0.29)  Batch time: 0.24(0.32)
2026-07-30 03:57:10,822   INFO  a1e06a0b30c0                Thu Jul 30 03:57:10 2026  580.173.02
[0] NVIDIA GeForce RTX 3070 | 59°C,   4 % |  6347 /  8192 MB | root(5808M)

2026-07-30 03:57:25,864   INFO  Train:   11/40 ( 28%) [5539/9261 ( 60%)]  Loss: 1.156 (1.17)  LR: 2.951e-04  Time cost: 29:12/19:37 [8:20:21/23:55:51]  Acc_iter 98150       Data time: 0.02(0.03)  Forward time: 0.34(0.29)  Batch time: 0.36(0.32)
2026-07-30 03:57:40,970   INFO  Train:   11/40 ( 28%) [5589/9261 ( 60%)]  Loss: 0.8585 (1.17)  LR: 2.951e-04  Time cost: 29:27/19:21 [8:20:36/23:55:00]  Acc_iter 98200       Data time: 0.02(0.03)  Forward time: 0.32(0.29)  Batch time: 0.34(0.32)
2026-07-30 03:57:56,430   INFO  Train:   11/40 ( 28%) [5639/9261 ( 61%)]  Loss: 1.278 (1.17)  LR: 2.951e-04  Time cost: 29:43/19:05 [8:20:51/23:54:28]  Acc_iter 98250       Data time: 0.01(0.03)  Forward time: 0.23(0.29)  Batch time: 0.24(0.32)
2026-07-30 03:57:57,065   INFO  a1e06a0b30c0                Thu Jul 30 03:57:57 2026  580.173.02
[0] NVIDIA GeForce RTX 3070 | 62°C, 100 % |  6349 /  8192 MB | root(5808M)

2026-07-30 03:58:13,216   INFO  Save latest model to /OpenPCDet/output/OpenPCDet/tools/cfgs/models/S/D/S_D_N/unfrozen_backbone_1_93/ckpt/latest_model
2026-07-30 03:58:13,893   INFO  Train:   11/40 ( 28%) [5689/9261 ( 61%)]  Loss: 1.217 (1.17)  LR: 2.951e-04  Time cost: 30:00/18:50 [8:21:09/23:55:31]  Acc_iter 98300       Data time: 0.02(0.03)  Forward time: 0.35(0.29)  Batch time: 0.38(0.32)
2026-07-30 03:58:30,097   INFO  Train:   11/40 ( 28%) [5739/9261 ( 62%)]  Loss: 0.7586 (1.17)  LR: 2.951e-04  Time cost: 30:17/18:34 [8:21:25/23:55:33]  Acc_iter 98350       Data time: 0.02(0.03)  Forward time: 0.38(0.29)  Batch time: 0.40(0.32)
2026-07-30 03:58:45,080   INFO  Train:   11/40 ( 28%) [5789/9261 ( 63%)]  Loss: 1.128 (1.17)  LR: 2.950e-04  Time cost: 30:32/18:18 [8:21:40/23:54:37]  Acc_iter 98400       Data time: 0.05(0.03)  Forward time: 0.21(0.29)  Batch time: 0.26(0.32)
2026-07-30 03:58:45,698   INFO  a1e06a0b30c0                Thu Jul 30 03:58:45 2026  580.173.02
[0] NVIDIA GeForce RTX 3070 | 59°C,   2 % |  6347 /  8192 MB | root(5808M)

2026-07-30 03:59:00,712   INFO  Train:   11/40 ( 28%) [5839/9261 ( 63%)]  Loss: 1.260 (1.17)  LR: 2.950e-04  Time cost: 30:47/18:02 [8:21:56/23:54:13]  Acc_iter 98450       Data time: 0.01(0.03)  Forward time: 0.23(0.29)  Batch time: 0.23(0.32)
2026-07-30 03:59:16,027   INFO  Train:   11/40 ( 28%) [5889/9261 ( 64%)]  Loss: 1.219 (1.17)  LR: 2.950e-04  Time cost: 31:02/17:46 [8:22:11/23:53:34]  Acc_iter 98500       Data time: 0.06(0.03)  Forward time: 0.24(0.29)  Batch time: 0.30(0.32)
2026-07-30 03:59:32,320   INFO  Train:   11/40 ( 28%) [5939/9261 ( 64%)]  Loss: 1.263 (1.17)  LR: 2.950e-04  Time cost: 31:19/17:31 [8:22:27/23:53:40]  Acc_iter 98550       Data time: 0.04(0.03)  Forward time: 0.23(0.29)  Batch time: 0.27(0.32)
2026-07-30 03:59:33,100   INFO  a1e06a0b30c0                Thu Jul 30 03:59:33 2026  580.173.02
[0] NVIDIA GeForce RTX 3070 | 58°C,  35 % |  6786 /  8192 MB | root(5808M)

2026-07-30 03:59:49,815   INFO  Train:   11/40 ( 28%) [5989/9261 ( 65%)]  Loss: 1.247 (1.17)  LR: 2.950e-04  Time cost: 31:36/17:16 [8:22:45/23:54:40]  Acc_iter 98600       Data time: 0.00(0.03)  Forward time: 0.30(0.29)  Batch time: 0.30(0.32)
2026-07-30 04:00:05,456   INFO  Train:   11/40 ( 28%) [6039/9261 ( 65%)]  Loss: 1.143 (1.17)  LR: 2.949e-04  Time cost: 31:52/17:00 [8:23:00/23:54:16]  Acc_iter 98650       Data time: 0.02(0.03)  Forward time: 0.25(0.29)  Batch time: 0.27(0.32)
2026-07-30 04:00:21,009   INFO  Train:   11/40 ( 28%) [6089/9261 ( 66%)]  Loss: 1.137 (1.17)  LR: 2.949e-04  Time cost: 32:07/16:44 [8:23:16/23:53:47]  Acc_iter 98700       Data time: 0.01(0.03)  Forward time: 0.29(0.29)  Batch time: 0.29(0.32)
2026-07-30 04:00:21,617   INFO  a1e06a0b30c0                Thu Jul 30 04:00:21 2026  580.173.02
[0] NVIDIA GeForce RTX 3070 | 59°C,   6 % |  6788 /  8192 MB | root(5808M)

2026-07-30 04:00:37,354   INFO  Train:   11/40 ( 28%) [6139/9261 ( 66%)]  Loss: 0.9479 (1.17)  LR: 2.949e-04  Time cost: 32:24/16:28 [8:23:32/23:53:54]  Acc_iter 98750       Data time: 0.03(0.03)  Forward time: 0.28(0.29)  Batch time: 0.31(0.32)
2026-07-30 04:00:54,556   INFO  Train:   11/40 ( 28%) [6189/9261 ( 67%)]  Loss: 1.409 (1.17)  LR: 2.949e-04  Time cost: 32:41/16:13 [8:23:49/23:54:39]  Acc_iter 98800       Data time: 0.02(0.03)  Forward time: 0.37(0.29)  Batch time: 0.39(0.32)
2026-07-30 04:01:11,913   INFO  Train:   11/40 ( 28%) [6239/9261 ( 67%)]  Loss: 1.392 (1.17)  LR: 2.949e-04  Time cost: 32:58/15:58 [8:24:07/23:55:29]  Acc_iter 98850       Data time: 0.02(0.03)  Forward time: 0.38(0.29)  Batch time: 0.40(0.32)
2026-07-30 04:01:12,525   INFO  a1e06a0b30c0                Thu Jul 30 04:01:12 2026  580.173.02
[0] NVIDIA GeForce RTX 3070 | 64°C,  57 % |  6752 /  8192 MB | root(5808M)

2026-07-30 04:01:28,669   INFO  Train:   11/40 ( 28%) [6289/9261 ( 68%)]  Loss: 1.200 (1.17)  LR: 2.948e-04  Time cost: 33:15/15:42 [8:24:24/23:55:51]  Acc_iter 98900       Data time: 0.02(0.03)  Forward time: 0.38(0.29)  Batch time: 0.40(0.32)
2026-07-30 04:01:44,285   INFO  Train:   11/40 ( 28%) [6339/9261 ( 68%)]  Loss: 1.230 (1.17)  LR: 2.948e-04  Time cost: 33:31/15:26 [8:24:39/23:55:25]  Acc_iter 98950       Data time: 0.02(0.03)  Forward time: 0.27(0.29)  Batch time: 0.30(0.32)
2026-07-30 04:01:59,688   INFO  Train:   11/40 ( 28%) [6389/9261 ( 69%)]  Loss: 1.331 (1.17)  LR: 2.948e-04  Time cost: 33:46/15:10 [8:24:55/23:54:50]  Acc_iter 99000       Data time: 0.02(0.03)  Forward time: 0.34(0.29)  Batch time: 0.36(0.32)
2026-07-30 04:02:00,413   INFO  a1e06a0b30c0                Thu Jul 30 04:02:00 2026  580.173.02
[0] NVIDIA GeForce RTX 3070 | 60°C,  28 % |  6827 /  8192 MB | root(5808M)

2026-07-30 04:02:15,982   INFO  Train:   11/40 ( 28%) [6439/9261 ( 70%)]  Loss: 0.8612 (1.17)  LR: 2.948e-04  Time cost: 34:02/14:55 [8:25:11/23:54:52]  Acc_iter 99050       Data time: 0.02(0.03)  Forward time: 0.34(0.29)  Batch time: 0.36(0.32)
2026-07-30 04:02:32,904   INFO  Train:   11/40 ( 28%) [6489/9261 ( 70%)]  Loss: 1.421 (1.17)  LR: 2.948e-04  Time cost: 34:19/14:39 [8:25:28/23:55:21]  Acc_iter 99100       Data time: 0.02(0.03)  Forward time: 0.29(0.29)  Batch time: 0.31(0.32)
2026-07-30 04:02:48,675   INFO  Train:   11/40 ( 28%) [6539/9261 ( 71%)]  Loss: 1.146 (1.17)  LR: 2.947e-04  Time cost: 34:35/14:23 [8:25:44/23:55:01]  Acc_iter 99150       Data time: 0.05(0.03)  Forward time: 0.23(0.29)  Batch time: 0.28(0.32)
2026-07-30 04:02:49,321   INFO  a1e06a0b30c0                Thu Jul 30 04:02:49 2026  580.173.02
[0] NVIDIA GeForce RTX 3070 | 60°C,  71 % |  6825 /  8192 MB | root(5808M)

2026-07-30 04:03:04,436   INFO  Train:   11/40 ( 28%) [6589/9261 ( 71%)]  Loss: 1.256 (1.17)  LR: 2.947e-04  Time cost: 34:51/14:07 [8:25:59/23:54:40]  Acc_iter 99200       Data time: 0.00(0.03)  Forward time: 0.30(0.29)  Batch time: 0.30(0.32)
2026-07-30 04:03:13,193   INFO  Save latest model to /OpenPCDet/output/OpenPCDet/tools/cfgs/models/S/D/S_D_N/unfrozen_backbone_1_93/ckpt/latest_model
2026-07-30 04:03:19,776   INFO  Train:   11/40 ( 28%) [6639/9261 ( 72%)]  Loss: 1.135 (1.17)  LR: 2.947e-04  Time cost: 35:06/13:51 [8:26:15/23:54:03]  Acc_iter 99250       Data time: 0.04(0.03)  Forward time: 0.27(0.29)  Batch time: 0.30(0.32)
2026-07-30 04:03:35,441   INFO  Train:   11/40 ( 28%) [6689/9261 ( 72%)]  Loss: 1.151 (1.17)  LR: 2.947e-04  Time cost: 35:22/13:35 [8:26:30/23:53:39]  Acc_iter 99300       Data time: 0.00(0.03)  Forward time: 0.26(0.29)  Batch time: 0.26(0.32)
2026-07-30 04:03:36,061   INFO  a1e06a0b30c0                Thu Jul 30 04:03:36 2026  580.173.02
[0] NVIDIA GeForce RTX 3070 | 66°C,  99 % |  6825 /  8192 MB | root(5808M)

2026-07-30 04:03:52,745   INFO  Train:   11/40 ( 28%) [6739/9261 ( 73%)]  Loss: 0.9907 (1.17)  LR: 2.947e-04  Time cost: 35:39/13:20 [8:26:48/23:54:21]  Acc_iter 99350       Data time: 0.04(0.03)  Forward time: 0.29(0.29)  Batch time: 0.33(0.32)
2026-07-30 04:04:09,217   INFO  Train:   11/40 ( 28%) [6789/9261 ( 73%)]  Loss: 1.317 (1.17)  LR: 2.946e-04  Time cost: 35:56/13:04 [8:27:04/23:54:29]  Acc_iter 99400       Data time: 0.05(0.03)  Forward time: 0.24(0.29)  Batch time: 0.29(0.32)
2026-07-30 04:04:24,268   INFO  Train:   11/40 ( 28%) [6839/9261 ( 74%)]  Loss: 0.9467 (1.17)  LR: 2.946e-04  Time cost: 36:11/12:48 [8:27:19/23:53:41]  Acc_iter 99450       Data time: 0.00(0.03)  Forward time: 0.29(0.29)  Batch time: 0.29(0.32)
2026-07-30 04:04:24,881   INFO  a1e06a0b30c0                Thu Jul 30 04:04:24 2026  580.173.02
[0] NVIDIA GeForce RTX 3070 | 60°C,   3 % |  6823 /  8192 MB | root(5808M)

2026-07-30 04:04:40,089   INFO  Train:   11/40 ( 28%) [6889/9261 ( 74%)]  Loss: 0.9534 (1.17)  LR: 2.946e-04  Time cost: 36:27/12:32 [8:27:35/23:53:23]  Acc_iter 99500       Data time: 0.03(0.03)  Forward time: 0.32(0.29)  Batch time: 0.35(0.32)
2026-07-30 04:04:55,442   INFO  Train:   11/40 ( 28%) [6939/9261 ( 75%)]  Loss: 1.155 (1.17)  LR: 2.946e-04  Time cost: 36:42/12:16 [8:27:50/23:52:47]  Acc_iter 99550       Data time: 0.03(0.03)  Forward time: 0.29(0.29)  Batch time: 0.32(0.32)
2026-07-30 04:05:11,807   INFO  Train:   11/40 ( 28%) [6989/9261 ( 75%)]  Loss: 0.9801 (1.17)  LR: 2.945e-04  Time cost: 36:58/12:01 [8:28:07/23:52:50]  Acc_iter 99600       Data time: 0.02(0.03)  Forward time: 0.32(0.29)  Batch time: 0.34(0.32)
2026-07-30 04:05:12,519   INFO  a1e06a0b30c0                Thu Jul 30 04:05:12 2026  580.173.02
[0] NVIDIA GeForce RTX 3070 | 60°C,  69 % |  6823 /  8192 MB | root(5808M)

2026-07-30 04:05:28,541   INFO  Train:   11/40 ( 28%) [7039/9261 ( 76%)]  Loss: 1.397 (1.17)  LR: 2.945e-04  Time cost: 37:15/11:45 [8:28:23/23:53:07]  Acc_iter 99650       Data time: 0.00(0.03)  Forward time: 0.28(0.29)  Batch time: 0.28(0.32)
2026-07-30 04:05:43,709   INFO  Train:   11/40 ( 28%) [7089/9261 ( 77%)]  Loss: 1.030 (1.17)  LR: 2.945e-04  Time cost: 37:30/11:29 [8:28:39/23:52:24]  Acc_iter 99700       Data time: 0.00(0.03)  Forward time: 0.23(0.29)  Batch time: 0.23(0.32)
2026-07-30 04:05:59,161   INFO  Train:   11/40 ( 28%) [7139/9261 ( 77%)]  Loss: 0.8298 (1.17)  LR: 2.945e-04  Time cost: 37:46/11:13 [8:28:54/23:51:53]  Acc_iter 99750       Data time: 0.00(0.03)  Forward time: 0.29(0.29)  Batch time: 0.30(0.32)
2026-07-30 04:05:59,800   INFO  a1e06a0b30c0                Thu Jul 30 04:05:59 2026  580.173.02
[0] NVIDIA GeForce RTX 3070 | 60°C,   3 % |  6764 /  8192 MB | root(5808M)

2026-07-30 04:06:15,271   INFO  Train:   11/40 ( 28%) [7189/9261 ( 78%)]  Loss: 1.174 (1.17)  LR: 2.945e-04  Time cost: 38:02/10:57 [8:29:10/23:51:46]  Acc_iter 99800       Data time: 0.02(0.03)  Forward time: 0.33(0.29)  Batch time: 0.35(0.32)
2026-07-30 04:06:31,220   INFO  Train:   11/40 ( 28%) [7239/9261 ( 78%)]  Loss: 1.356 (1.17)  LR: 2.944e-04  Time cost: 38:18/10:41 [8:29:26/23:51:33]  Acc_iter 99850       Data time: 0.05(0.03)  Forward time: 0.23(0.29)  Batch time: 0.28(0.32)
2026-07-30 04:06:47,850   INFO  Train:   11/40 ( 28%) [7289/9261 ( 79%)]  Loss: 1.171 (1.17)  LR: 2.944e-04  Time cost: 38:34/10:26 [8:29:43/23:51:45]  Acc_iter 99900       Data time: 0.01(0.03)  Forward time: 0.30(0.29)  Batch time: 0.31(0.32)
2026-07-30 04:06:48,506   INFO  a1e06a0b30c0                Thu Jul 30 04:06:48 2026  580.173.02
[0] NVIDIA GeForce RTX 3070 | 63°C,  72 % |  6764 /  8192 MB | root(5808M)

2026-07-30 04:07:03,935   INFO  Train:   11/40 ( 28%) [7339/9261 ( 79%)]  Loss: 0.9131 (1.17)  LR: 2.944e-04  Time cost: 38:50/10:10 [8:29:59/23:51:37]  Acc_iter 99950       Data time: 0.01(0.03)  Forward time: 0.30(0.29)  Batch time: 0.30(0.32)
2026-07-30 04:07:18,971   INFO  Train:   11/40 ( 28%) [7389/9261 ( 80%)]  Loss: 1.594 (1.17)  LR: 2.944e-04  Time cost: 39:05/09:54 [8:30:14/23:50:50]  Acc_iter 100000      Data time: 0.01(0.03)  Forward time: 0.27(0.29)  Batch time: 0.29(0.32)
2026-07-30 04:07:34,176   INFO  Train:   11/40 ( 28%) [7439/9261 ( 80%)]  Loss: 1.212 (1.17)  LR: 2.944e-04  Time cost: 39:21/09:38 [8:30:29/23:50:10]  Acc_iter 100050      Data time: 0.06(0.03)  Forward time: 0.29(0.29)  Batch time: 0.35(0.32)
2026-07-30 04:07:34,791   INFO  a1e06a0b30c0                Thu Jul 30 04:07:34 2026  580.173.02
[0] NVIDIA GeForce RTX 3070 | 60°C,   3 % |  6765 /  8192 MB | root(5808M)

2026-07-30 04:07:50,282   INFO  Train:   11/40 ( 28%) [7489/9261 ( 81%)]  Loss: 1.158 (1.17)  LR: 2.943e-04  Time cost: 39:37/09:22 [8:30:45/23:50:03]  Acc_iter 100100      Data time: 0.02(0.03)  Forward time: 0.37(0.29)  Batch time: 0.39(0.32)
2026-07-30 04:08:06,716   INFO  Train:   11/40 ( 28%) [7539/9261 ( 81%)]  Loss: 1.107 (1.17)  LR: 2.943e-04  Time cost: 39:53/09:06 [8:31:02/23:50:07]  Acc_iter 100150      Data time: 0.06(0.03)  Forward time: 0.28(0.29)  Batch time: 0.34(0.32)
2026-07-30 04:08:13,262   INFO  Save latest model to /OpenPCDet/output/OpenPCDet/tools/cfgs/models/S/D/S_D_N/unfrozen_backbone_1_93/ckpt/latest_model
2026-07-30 04:08:22,431   INFO  Train:   11/40 ( 28%) [7589/9261 ( 82%)]  Loss: 1.372 (1.17)  LR: 2.943e-04  Time cost: 40:09/08:50 [8:31:17/23:49:46]  Acc_iter 100200      Data time: 0.02(0.03)  Forward time: 0.24(0.29)  Batch time: 0.26(0.32)
2026-07-30 04:08:23,077   INFO  a1e06a0b30c0                Thu Jul 30 04:08:23 2026  580.173.02
[0] NVIDIA GeForce RTX 3070 | 65°C, 100 % |  6765 /  8192 MB | root(5808M)

2026-07-30 04:08:37,858   INFO  Train:   11/40 ( 28%) [7639/9261 ( 82%)]  Loss: 1.079 (1.17)  LR: 2.943e-04  Time cost: 40:24/08:34 [8:31:33/23:49:14]  Acc_iter 100250      Data time: 0.03(0.03)  Forward time: 0.25(0.29)  Batch time: 0.28(0.32)
2026-07-30 04:08:52,878   INFO  Train:   11/40 ( 28%) [7689/9261 ( 83%)]  Loss: 1.001 (1.17)  LR: 2.942e-04  Time cost: 40:39/08:18 [8:31:48/23:48:28]  Acc_iter 100300      Data time: 0.01(0.03)  Forward time: 0.29(0.29)  Batch time: 0.29(0.32)
2026-07-30 04:09:08,465   INFO  Train:   11/40 ( 28%) [7739/9261 ( 84%)]  Loss: 1.161 (1.17)  LR: 2.942e-04  Time cost: 40:55/08:02 [8:32:03/23:48:03]  Acc_iter 100350      Data time: 0.02(0.03)  Forward time: 0.24(0.29)  Batch time: 0.26(0.32)
2026-07-30 04:09:09,073   INFO  a1e06a0b30c0                Thu Jul 30 04:09:09 2026  580.173.02
[0] NVIDIA GeForce RTX 3070 | 65°C,  71 % |  6722 /  8192 MB | root(5808M)

2026-07-30 04:09:25,304   INFO  Train:   11/40 ( 28%) [7789/9261 ( 84%)]  Loss: 1.209 (1.17)  LR: 2.942e-04  Time cost: 41:12/07:47 [8:32:20/23:48:21]  Acc_iter 100400      Data time: 0.02(0.03)  Forward time: 0.31(0.29)  Batch time: 0.33(0.32)
2026-07-30 04:09:41,551   INFO  Train:   11/40 ( 28%) [7839/9261 ( 85%)]  Loss: 1.136 (1.17)  LR: 2.942e-04  Time cost: 41:28/07:31 [8:32:36/23:48:18]  Acc_iter 100450      Data time: 0.03(0.03)  Forward time: 0.25(0.29)  Batch time: 0.28(0.32)
2026-07-30 04:09:56,644   INFO  Train:   11/40 ( 28%) [7889/9261 ( 85%)]  Loss: 1.082 (1.17)  LR: 2.942e-04  Time cost: 41:43/07:15 [8:32:52/23:47:36]  Acc_iter 100500      Data time: 0.04(0.03)  Forward time: 0.29(0.29)  Batch time: 0.33(0.32)
2026-07-30 04:09:57,243   INFO  a1e06a0b30c0                Thu Jul 30 04:09:57 2026  580.173.02
[0] NVIDIA GeForce RTX 3070 | 60°C,  57 % |  6730 /  8192 MB | root(5808M)

2026-07-30 04:10:12,282   INFO  Train:   11/40 ( 28%) [7939/9261 ( 86%)]  Loss: 0.9558 (1.17)  LR: 2.941e-04  Time cost: 41:59/06:59 [8:33:07/23:47:12]  Acc_iter 100550      Data time: 0.02(0.03)  Forward time: 0.30(0.29)  Batch time: 0.32(0.32)
2026-07-30 04:10:27,602   INFO  Train:   11/40 ( 28%) [7989/9261 ( 86%)]  Loss: 0.9653 (1.17)  LR: 2.941e-04  Time cost: 42:14/06:43 [8:33:23/23:46:38]  Acc_iter 100600      Data time: 0.04(0.03)  Forward time: 0.26(0.29)  Batch time: 0.30(0.32)
2026-07-30 04:10:43,572   INFO  Train:   11/40 ( 28%) [8039/9261 ( 87%)]  Loss: 1.222 (1.17)  LR: 2.941e-04  Time cost: 42:30/06:27 [8:33:39/23:46:26]  Acc_iter 100650      Data time: 0.02(0.03)  Forward time: 0.33(0.29)  Batch time: 0.35(0.32)
2026-07-30 04:10:44,307   INFO  a1e06a0b30c0                Thu Jul 30 04:10:44 2026  580.173.02
[0] NVIDIA GeForce RTX 3070 | 59°C,  73 % |  6729 /  8192 MB | root(5808M)

2026-07-30 04:11:00,793   INFO  Train:   11/40 ( 28%) [8089/9261 ( 87%)]  Loss: 1.085 (1.17)  LR: 2.941e-04  Time cost: 42:47/06:11 [8:33:56/23:46:55]  Acc_iter 100700      Data time: 0.04(0.03)  Forward time: 0.30(0.29)  Batch time: 0.34(0.32)
2026-07-30 04:11:16,054   INFO  Train:   11/40 ( 28%) [8139/9261 ( 88%)]  Loss: 0.9854 (1.17)  LR: 2.940e-04  Time cost: 43:03/05:56 [8:34:11/23:46:19]  Acc_iter 100750      Data time: 0.04(0.03)  Forward time: 0.25(0.29)  Batch time: 0.29(0.32)
2026-07-30 04:11:31,228   INFO  Train:   11/40 ( 28%) [8189/9261 ( 88%)]  Loss: 1.322 (1.17)  LR: 2.940e-04  Time cost: 43:18/05:40 [8:34:26/23:45:40]  Acc_iter 100800      Data time: 0.01(0.03)  Forward time: 0.28(0.29)  Batch time: 0.29(0.32)
2026-07-30 04:11:31,842   INFO  a1e06a0b30c0                Thu Jul 30 04:11:31 2026  580.173.02
[0] NVIDIA GeForce RTX 3070 | 60°C,   3 % |  6568 /  8192 MB | root(5808M)

2026-07-30 04:11:47,158   INFO  Train:   11/40 ( 28%) [8239/9261 ( 89%)]  Loss: 0.9839 (1.17)  LR: 2.940e-04  Time cost: 43:34/05:24 [8:34:42/23:45:27]  Acc_iter 100850      Data time: 0.02(0.03)  Forward time: 0.34(0.29)  Batch time: 0.36(0.32)
2026-07-30 04:12:03,146   INFO  Train:   11/40 ( 28%) [8289/9261 ( 90%)]  Loss: 0.9898 (1.17)  LR: 2.940e-04  Time cost: 43:50/05:08 [8:34:58/23:45:15]  Acc_iter 100900      Data time: 0.00(0.03)  Forward time: 0.27(0.29)  Batch time: 0.27(0.32)
2026-07-30 04:12:19,644   INFO  Train:   11/40 ( 28%) [8339/9261 ( 90%)]  Loss: 1.334 (1.17)  LR: 2.940e-04  Time cost: 44:06/04:52 [8:35:15/23:45:20]  Acc_iter 100950      Data time: 0.03(0.03)  Forward time: 0.32(0.29)  Batch time: 0.35(0.32)
2026-07-30 04:12:20,308   INFO  a1e06a0b30c0                Thu Jul 30 04:12:20 2026  580.173.02
[0] NVIDIA GeForce RTX 3070 | 59°C,  47 % |  6572 /  8192 MB | root(5808M)

2026-07-30 04:12:35,131   INFO  Train:   11/40 ( 28%) [8389/9261 ( 91%)]  Loss: 0.9965 (1.17)  LR: 2.939e-04  Time cost: 44:22/04:36 [8:35:30/23:44:51]  Acc_iter 101000      Data time: 0.04(0.03)  Forward time: 0.27(0.29)  Batch time: 0.31(0.32)
2026-07-30 04:12:50,215   INFO  Train:   11/40 ( 28%) [8439/9261 ( 91%)]  Loss: 1.007 (1.17)  LR: 2.939e-04  Time cost: 44:37/04:20 [8:35:45/23:44:11]  Acc_iter 101050      Data time: 0.02(0.03)  Forward time: 0.28(0.29)  Batch time: 0.30(0.32)
2026-07-30 04:13:05,525   INFO  Train:   11/40 ( 28%) [8489/9261 ( 92%)]  Loss: 1.191 (1.17)  LR: 2.939e-04  Time cost: 44:52/04:04 [8:36:00/23:43:37]  Acc_iter 101100      Data time: 0.02(0.03)  Forward time: 0.28(0.29)  Batch time: 0.30(0.32)
2026-07-30 04:13:06,227   INFO  a1e06a0b30c0                Thu Jul 30 04:13:06 2026  580.173.02
[0] NVIDIA GeForce RTX 3070 | 60°C,  61 % |  6568 /  8192 MB | root(5808M)

2026-07-30 04:13:13,490   INFO  Save latest model to /OpenPCDet/output/OpenPCDet/tools/cfgs/models/S/D/S_D_N/unfrozen_backbone_1_93/ckpt/latest_model
2026-07-30 04:13:22,392   INFO  Train:   11/40 ( 28%) [8539/9261 ( 92%)]  Loss: 1.327 (1.17)  LR: 2.939e-04  Time cost: 45:09/03:49 [8:36:17/23:43:53]  Acc_iter 101150      Data time: 0.05(0.03)  Forward time: 0.29(0.29)  Batch time: 0.34(0.32)
2026-07-30 04:13:38,747   INFO  Train:   11/40 ( 28%) [8589/9261 ( 93%)]  Loss: 1.163 (1.17)  LR: 2.938e-04  Time cost: 45:25/03:33 [8:36:34/23:43:53]  Acc_iter 101200      Data time: 0.03(0.03)  Forward time: 0.25(0.29)  Batch time: 0.28(0.32)
2026-07-30 04:13:53,651   INFO  Train:   11/40 ( 28%) [8639/9261 ( 93%)]  Loss: 0.7970 (1.17)  LR: 2.938e-04  Time cost: 45:40/03:17 [8:36:49/23:43:07]  Acc_iter 101250      Data time: 0.02(0.03)  Forward time: 0.29(0.29)  Batch time: 0.31(0.32)
2026-07-30 04:13:54,278   INFO  a1e06a0b30c0                Thu Jul 30 04:13:54 2026  580.173.02
[0] NVIDIA GeForce RTX 3070 | 60°C,  65 % |  6569 /  8192 MB | root(5808M)

2026-07-30 04:14:09,088   INFO  Train:   11/40 ( 28%) [8689/9261 ( 94%)]  Loss: 1.338 (1.17)  LR: 2.938e-04  Time cost: 45:56/03:01 [8:37:04/23:42:38]  Acc_iter 101300      Data time: 0.02(0.03)  Forward time: 0.25(0.29)  Batch time: 0.27(0.32)
2026-07-30 04:14:24,377   INFO  Train:   11/40 ( 28%) [8739/9261 ( 94%)]  Loss: 1.339 (1.17)  LR: 2.938e-04  Time cost: 46:11/02:45 [8:37:19/23:42:05]  Acc_iter 101350      Data time: 0.05(0.03)  Forward time: 0.24(0.29)  Batch time: 0.28(0.32)
2026-07-30 04:14:40,018   INFO  Train:   11/40 ( 28%) [8789/9261 ( 95%)]  Loss: 0.8779 (1.17)  LR: 2.938e-04  Time cost: 46:26/02:29 [8:37:35/23:41:42]  Acc_iter 101400      Data time: 0.00(0.03)  Forward time: 0.29(0.29)  Batch time: 0.29(0.32)
2026-07-30 04:14:40,745   INFO  a1e06a0b30c0                Thu Jul 30 04:14:40 2026  580.173.02
[0] NVIDIA GeForce RTX 3070 | 60°C,   3 % |  6562 /  8192 MB | root(5808M)

2026-07-30 04:14:57,066   INFO  Train:   11/40 ( 28%) [8839/9261 ( 95%)]  Loss: 1.329 (1.17)  LR: 2.937e-04  Time cost: 46:44/02:13 [8:37:52/23:42:03]  Acc_iter 101450      Data time: 0.05(0.03)  Forward time: 0.23(0.29)  Batch time: 0.28(0.32)
2026-07-30 04:15:12,919   INFO  Train:   11/40 ( 28%) [8889/9261 ( 96%)]  Loss: 0.9854 (1.17)  LR: 2.937e-04  Time cost: 46:59/01:57 [8:38:08/23:41:47]  Acc_iter 101500      Data time: 0.03(0.03)  Forward time: 0.26(0.29)  Batch time: 0.30(0.32)
2026-07-30 04:15:28,026   INFO  Train:   11/40 ( 28%) [8939/9261 ( 97%)]  Loss: 1.238 (1.17)  LR: 2.937e-04  Time cost: 47:14/01:42 [8:38:23/23:41:08]  Acc_iter 101550      Data time: 0.04(0.03)  Forward time: 0.26(0.29)  Batch time: 0.30(0.32)
2026-07-30 04:15:28,623   INFO  a1e06a0b30c0                Thu Jul 30 04:15:28 2026  580.173.02
[0] NVIDIA GeForce RTX 3070 | 63°C,  79 % |  6570 /  8192 MB | root(5808M)

2026-07-30 04:15:43,851   INFO  Train:   11/40 ( 28%) [8989/9261 ( 97%)]  Loss: 1.230 (1.17)  LR: 2.937e-04  Time cost: 47:30/01:26 [8:38:39/23:40:52]  Acc_iter 101600      Data time: 0.03(0.03)  Forward time: 0.29(0.29)  Batch time: 0.32(0.32)
2026-07-30 04:15:59,570   INFO  Train:   11/40 ( 28%) [9039/9261 ( 98%)]  Loss: 1.141 (1.17)  LR: 2.936e-04  Time cost: 47:46/01:10 [8:38:55/23:40:32]  Acc_iter 101650      Data time: 0.02(0.03)  Forward time: 0.31(0.29)  Batch time: 0.33(0.32)
2026-07-30 04:16:16,199   INFO  Train:   11/40 ( 28%) [9089/9261 ( 98%)]  Loss: 1.251 (1.17)  LR: 2.936e-04  Time cost: 48:03/00:54 [8:39:11/23:40:39]  Acc_iter 101700      Data time: 0.02(0.03)  Forward time: 0.32(0.29)  Batch time: 0.34(0.32)
2026-07-30 04:16:16,893   INFO  a1e06a0b30c0                Thu Jul 30 04:16:16 2026  580.173.02
[0] NVIDIA GeForce RTX 3070 | 59°C,   3 % |  6568 /  8192 MB | root(5808M)

2026-07-30 04:16:32,455   INFO  Train:   11/40 ( 28%) [9139/9261 ( 99%)]  Loss: 1.141 (1.17)  LR: 2.936e-04  Time cost: 48:19/00:38 [8:39:27/23:40:34]  Acc_iter 101750      Data time: 0.04(0.03)  Forward time: 0.22(0.29)  Batch time: 0.26(0.32)
2026-07-30 04:16:47,260   INFO  Train:   11/40 ( 28%) [9189/9261 ( 99%)]  Loss: 0.8117 (1.17)  LR: 2.936e-04  Time cost: 48:34/00:22 [8:39:42/23:39:48]  Acc_iter 101800      Data time: 0.04(0.03)  Forward time: 0.24(0.29)  Batch time: 0.28(0.32)
2026-07-30 04:17:02,183   INFO  Train:   11/40 ( 28%) [9239/9261 (100%)]  Loss: 1.126 (1.17)  LR: 2.936e-04  Time cost: 48:49/00:06 [8:39:57/23:39:05]  Acc_iter 101850      Data time: 0.02(0.03)  Forward time: 0.29(0.29)  Batch time: 0.32(0.32)
2026-07-30 04:17:02,855   INFO  a1e06a0b30c0                Thu Jul 30 04:17:02 2026  580.173.02
[0] NVIDIA GeForce RTX 3070 | 60°C,   4 % |  6568 /  8192 MB | root(5808M)

2026-07-30 04:17:08,569   INFO  Train:   11/40 ( 28%) [9260/9261 (100%)]  Loss: 1.003 (1.17)  LR: 2.935e-04  Time cost: 48:55/00:00 [8:40:04/23:38:50]  Acc_iter 101871      Data time: 0.02(0.03)  Forward time: 0.11(0.29)  Batch time: 0.13(0.32)
2026-07-30 04:17:12,338   INFO  Train:   12/40 ( 30%) [   0/9261 (  0%)]  Loss: 1.322 (1.32)  LR: 2.935e-04  Time cost: 00:02/6:29:35 [8:40:07/188:18:22]  Acc_iter 101872      Data time: 2.00(2.00)  Forward time: 0.52(0.52)  Batch time: 2.52(2.52)
2026-07-30 04:17:21,417   INFO  Train:   12/40 ( 30%) [  28/9261 (  0%)]  Loss: 1.267 (1.20)  LR: 2.935e-04  Time cost: 00:11/1:01:34 [8:40:16/29:50:50]  Acc_iter 101900      Data time: 0.02(0.09)  Forward time: 0.31(0.31)  Batch time: 0.34(0.40)
2026-07-30 04:17:37,896   INFO  Train:   12/40 ( 30%) [  78/9261 (  1%)]  Loss: 1.059 (1.18)  LR: 2.935e-04  Time cost: 00:28/54:24 [8:40:33/26:30:39]  Acc_iter 101950      Data time: 0.00(0.05)  Forward time: 0.32(0.30)  Batch time: 0.32(0.36)
2026-07-30 04:17:53,283   INFO  Train:   12/40 ( 30%) [ 128/9261 (  1%)]  Loss: 1.102 (1.17)  LR: 2.935e-04  Time cost: 00:43/51:17 [8:40:48/25:07:36]  Acc_iter 102000      Data time: 0.00(0.04)  Forward time: 0.23(0.30)  Batch time: 0.23(0.34)
2026-07-30 04:17:53,925   INFO  a1e06a0b30c0                Thu Jul 30 04:17:53 2026  580.173.02
[0] NVIDIA GeForce RTX 3070 | 60°C,   3 % |  6568 /  8192 MB | root(5808M)

2026-07-30 04:18:08,913   INFO  Train:   12/40 ( 30%) [ 178/9261 (  2%)]  Loss: 1.176 (1.16)  LR: 2.935e-04  Time cost: 00:59/49:58 [8:41:04/24:36:53]  Acc_iter 102050      Data time: 0.00(0.04)  Forward time: 0.29(0.29)  Batch time: 0.29(0.33)
2026-07-30 04:18:23,960   INFO  Train:   12/40 ( 30%) [ 228/9261 (  2%)]  Loss: 1.250 (1.15)  LR: 2.934e-04  Time cost: 01:14/48:44 [8:41:19/24:08:04]  Acc_iter 102100      Data time: 0.05(0.04)  Forward time: 0.28(0.29)  Batch time: 0.33(0.32)
2026-07-30 04:18:39,337   INFO  Train:   12/40 ( 30%) [ 278/9261 (  3%)]  Loss: 1.228 (1.16)  LR: 2.934e-04  Time cost: 01:29/48:02 [8:41:34/23:54:47]  Acc_iter 102150      Data time: 0.02(0.03)  Forward time: 0.30(0.29)  Batch time: 0.32(0.32)
2026-07-30 04:18:40,038   INFO  a1e06a0b30c0                Thu Jul 30 04:18:40 2026  580.173.02
[0] NVIDIA GeForce RTX 3070 | 61°C,   3 % |  6568 /  8192 MB | root(5808M)

2026-07-30 04:18:56,286   INFO  Train:   12/40 ( 30%) [ 328/9261 (  4%)]  Loss: 0.9079 (1.15)  LR: 2.934e-04  Time cost: 01:46/48:10 [8:41:51/24:06:48]  Acc_iter 102200      Data time: 0.05(0.04)  Forward time: 0.23(0.29)  Batch time: 0.28(0.32)
2026-07-30 04:19:12,184   INFO  Train:   12/40 ( 30%) [ 378/9261 (  4%)]  Loss: 1.255 (1.15)  LR: 2.934e-04  Time cost: 02:02/47:48 [8:42:07/24:03:12]  Acc_iter 102250      Data time: 0.02(0.03)  Forward time: 0.40(0.29)  Batch time: 0.42(0.32)
2026-07-30 04:19:26,974   INFO  Train:   12/40 ( 30%) [ 428/9261 (  5%)]  Loss: 1.540 (1.15)  LR: 2.933e-04  Time cost: 02:17/47:04 [8:42:22/23:48:50]  Acc_iter 102300      Data time: 0.02(0.03)  Forward time: 0.36(0.29)  Batch time: 0.38(0.32)
2026-07-30 04:19:27,582   INFO  a1e06a0b30c0                Thu Jul 30 04:19:27 2026  580.173.02
[0] NVIDIA GeForce RTX 3070 | 65°C,  65 % |  6570 /  8192 MB | root(5808M)

2026-07-30 04:19:42,674   INFO  Train:   12/40 ( 30%) [ 478/9261 (  5%)]  Loss: 0.8060 (1.15)  LR: 2.933e-04  Time cost: 02:32/46:42 [8:42:38/23:45:54]  Acc_iter 102350      Data time: 0.01(0.03)  Forward time: 0.27(0.29)  Batch time: 0.29(0.32)
2026-07-30 04:19:58,257   INFO  Train:   12/40 ( 30%) [ 528/9261 (  6%)]  Loss: 1.236 (1.15)  LR: 2.933e-04  Time cost: 02:48/46:20 [8:42:53/23:42:29]  Acc_iter 102400      Data time: 0.05(0.03)  Forward time: 0.30(0.29)  Batch time: 0.35(0.32)
2026-07-30 04:20:14,565   INFO  Train:   12/40 ( 30%) [ 578/9261 (  6%)]  Loss: 1.149 (1.15)  LR: 2.933e-04  Time cost: 03:04/46:10 [8:43:09/23:45:12]  Acc_iter 102450      Data time: 0.02(0.03)  Forward time: 0.39(0.29)  Batch time: 0.41(0.32)
2026-07-30 04:20:15,283   INFO  a1e06a0b30c0                Thu Jul 30 04:20:15 2026  580.173.02
[0] NVIDIA GeForce RTX 3070 | 60°C,  58 % |  6572 /  8192 MB | root(5808M)

2026-07-30 04:20:31,069   INFO  Train:   12/40 ( 30%) [ 628/9261 (  7%)]  Loss: 0.9832 (1.15)  LR: 2.932e-04  Time cost: 03:21/46:02 [8:43:26/23:48:50]  Acc_iter 102500      Data time: 0.05(0.03)  Forward time: 0.23(0.29)  Batch time: 0.28(0.32)
2026-07-30 04:20:46,033   INFO  Train:   12/40 ( 30%) [ 678/9261 (  7%)]  Loss: 1.302 (1.15)  LR: 2.932e-04  Time cost: 03:36/45:33 [8:43:41/23:41:46]  Acc_iter 102550      Data time: 0.03(0.03)  Forward time: 0.26(0.29)  Batch time: 0.29(0.32)
2026-07-30 04:21:01,227   INFO  Train:   12/40 ( 30%) [ 728/9261 (  8%)]  Loss: 1.289 (1.15)  LR: 2.932e-04  Time cost: 03:51/45:08 [8:43:56/23:37:03]  Acc_iter 102600      Data time: 0.00(0.03)  Forward time: 0.24(0.29)  Batch time: 0.24(0.32)
2026-07-30 04:21:01,845   INFO  a1e06a0b30c0                Thu Jul 30 04:21:01 2026  580.173.02
[0] NVIDIA GeForce RTX 3070 | 60°C,   3 % |  6570 /  8192 MB | root(5808M)

2026-07-30 04:21:16,983   INFO  Train:   12/40 ( 30%) [ 778/9261 (  8%)]  Loss: 1.108 (1.16)  LR: 2.932e-04  Time cost: 04:07/44:51 [8:44:12/23:36:07]  Acc_iter 102650      Data time: 0.03(0.03)  Forward time: 0.26(0.29)  Batch time: 0.30(0.32)
2026-07-30 04:21:33,045   INFO  Train:   12/40 ( 30%) [ 828/9261 (  9%)]  Loss: 1.227 (1.16)  LR: 2.932e-04  Time cost: 04:23/44:37 [8:44:28/23:36:55]  Acc_iter 102700      Data time: 0.06(0.03)  Forward time: 0.24(0.29)  Batch time: 0.29(0.32)
2026-07-30 04:21:49,721   INFO  Train:   12/40 ( 30%) [ 878/9261 (  9%)]  Loss: 1.140 (1.16)  LR: 2.931e-04  Time cost: 04:39/44:29 [8:44:45/23:40:43]  Acc_iter 102750      Data time: 0.00(0.03)  Forward time: 0.29(0.29)  Batch time: 0.29(0.32)
2026-07-30 04:21:50,491   INFO  a1e06a0b30c0                Thu Jul 30 04:21:50 2026  580.173.02
[0] NVIDIA GeForce RTX 3070 | 60°C,  47 % |  6578 /  8192 MB | root(5808M)

2026-07-30 04:22:05,556   INFO  Train:   12/40 ( 30%) [ 928/9261 ( 10%)]  Loss: 1.537 (1.16)  LR: 2.931e-04  Time cost: 04:55/44:12 [8:45:00/23:40:01]  Acc_iter 102800      Data time: 0.01(0.03)  Forward time: 0.27(0.29)  Batch time: 0.28(0.32)
2026-07-30 04:22:10,017   INFO  Save latest model to /OpenPCDet/output/OpenPCDet/tools/cfgs/models/S/D/S_D_N/unfrozen_backbone_1_93/ckpt/latest_model
2026-07-30 04:22:20,334   INFO  Train:   12/40 ( 30%) [ 978/9261 ( 11%)]  Loss: 0.9688 (1.16)  LR: 2.931e-04  Time cost: 05:10/43:47 [8:45:15/23:34:34]  Acc_iter 102850      Data time: 0.05(0.03)  Forward time: 0.23(0.29)  Batch time: 0.28(0.32)
2026-07-30 04:22:35,419   INFO  Train:   12/40 ( 30%) [1028/9261 ( 11%)]  Loss: 1.090 (1.16)  LR: 2.931e-04  Time cost: 05:25/43:25 [8:45:30/23:30:57]  Acc_iter 102900      Data time: 0.00(0.03)  Forward time: 0.25(0.29)  Batch time: 0.25(0.32)
2026-07-30 04:22:36,057   INFO  a1e06a0b30c0                Thu Jul 30 04:22:36 2026  580.173.02
[0] NVIDIA GeForce RTX 3070 | 63°C,  69 % |  6569 /  8192 MB | root(5808M)

2026-07-30 04:22:52,030   INFO  Train:   12/40 ( 30%) [1078/9261 ( 12%)]  Loss: 1.158 (1.16)  LR: 2.930e-04  Time cost: 05:42/43:15 [8:45:47/23:33:57]  Acc_iter 102950      Data time: 0.05(0.03)  Forward time: 0.27(0.29)  Batch time: 0.32(0.32)
2026-07-30 04:23:09,307   INFO  Train:   12/40 ( 30%) [1128/9261 ( 12%)]  Loss: 1.059 (1.16)  LR: 2.930e-04  Time cost: 05:59/43:09 [8:46:04/23:39:17]  Acc_iter 103000      Data time: 0.04(0.03)  Forward time: 0.27(0.29)  Batch time: 0.31(0.32)
