2026-08-13 13:24:44,218   INFO  **********************Start logging**********************
2026-08-13 13:24:44,218   INFO  CUDA_VISIBLE_DEVICES=ALL
2026-08-13 13:24:44,218   INFO  Training with a single process
2026-08-13 13:24:44,218   INFO  cfg_file         /OpenPCDet/tools/cfgs/models/S/F/S_F_N.yaml
2026-08-13 13:24:44,218   INFO  batch_size       1
2026-08-13 13:24:44,218   INFO  epochs           10
2026-08-13 13:24:44,219   INFO  workers          6
2026-08-13 13:24:44,219   INFO  extra_tag        default
2026-08-13 13:24:44,219   INFO  ckpt             None
2026-08-13 13:24:44,219   INFO  pretrained_model /OpenPCDet/output/cfgs/models/S/F/S_F_K/default/ckpt/checkpoint_epoch_14.pth
2026-08-13 13:24:44,219   INFO  launcher         none
2026-08-13 13:24:44,219   INFO  tcp_port         18888
2026-08-13 13:24:44,219   INFO  sync_bn          False
2026-08-13 13:24:44,219   INFO  fix_random_seed  False
2026-08-13 13:24:44,219   INFO  ckpt_save_interval 1
2026-08-13 13:24:44,219   INFO  local_rank       None
2026-08-13 13:24:44,219   INFO  max_ckpt_save_num 100
2026-08-13 13:24:44,219   INFO  merge_all_iters_to_one_epoch False
2026-08-13 13:24:44,219   INFO  set_cfgs         None
2026-08-13 13:24:44,219   INFO  max_waiting_mins 0
2026-08-13 13:24:44,219   INFO  start_epoch      0
2026-08-13 13:24:44,219   INFO  num_epochs_to_eval 0
2026-08-13 13:24:44,219   INFO  save_to_file     False
2026-08-13 13:24:44,219   INFO  use_tqdm_to_record False
2026-08-13 13:24:44,219   INFO  logger_iter_interval 50
2026-08-13 13:24:44,219   INFO  ckpt_save_time_interval 300
2026-08-13 13:24:44,219   INFO  wo_gpu_stat      False
2026-08-13 13:24:44,219   INFO  use_amp          False
2026-08-13 13:24:44,219   INFO  freeze_backbone  False
2026-08-13 13:24:44,219   INFO  freeze_bn        False
2026-08-13 13:24:44,219   INFO  cfg.ROOT_DIR: /OpenPCDet
2026-08-13 13:24:44,219   INFO  cfg.LOCAL_RANK: 0
2026-08-13 13:24:44,219   INFO  cfg.CLASS_NAMES: ['car', 'pedestrian', 'bicycle']
2026-08-13 13:24:44,219   INFO  ----------- DATA_CONFIG -----------
2026-08-13 13:24:44,220   INFO  cfg.DATA_CONFIG.DATASET: NuScenesDataset
2026-08-13 13:24:44,220   INFO  cfg.DATA_CONFIG.DATA_PATH: ../datasets/nuscenes
2026-08-13 13:24:44,220   INFO  cfg.DATA_CONFIG.VERSION: v1.0-trainval
2026-08-13 13:24:44,220   INFO  cfg.DATA_CONFIG.MAX_SWEEPS: 1
2026-08-13 13:24:44,220   INFO  cfg.DATA_CONFIG.PRED_VELOCITY: False
2026-08-13 13:24:44,220   INFO  cfg.DATA_CONFIG.SET_NAN_VELOCITY_TO_ZEROS: True
2026-08-13 13:24:44,220   INFO  cfg.DATA_CONFIG.FILTER_MIN_POINTS_IN_GT: 1
2026-08-13 13:24:44,220   INFO  ----------- MAP_CLASS_TO_KITTI -----------
2026-08-13 13:24:44,220   INFO  cfg.DATA_CONFIG.MAP_CLASS_TO_KITTI.car: Car
2026-08-13 13:24:44,220   INFO  cfg.DATA_CONFIG.MAP_CLASS_TO_KITTI.pedestrian: Pedestrian
2026-08-13 13:24:44,220   INFO  cfg.DATA_CONFIG.MAP_CLASS_TO_KITTI.bicycle: Cyclist
2026-08-13 13:24:44,220   INFO  ----------- DATA_SPLIT -----------
2026-08-13 13:24:44,220   INFO  cfg.DATA_CONFIG.DATA_SPLIT.train: train
2026-08-13 13:24:44,220   INFO  cfg.DATA_CONFIG.DATA_SPLIT.test: val
2026-08-13 13:24:44,220   INFO  ----------- INFO_PATH -----------
2026-08-13 13:24:44,220   INFO  cfg.DATA_CONFIG.INFO_PATH.train: ['nuscenes_infos_1sweeps_train.pkl']
2026-08-13 13:24:44,220   INFO  cfg.DATA_CONFIG.INFO_PATH.test: ['nuscenes_infos_1sweeps_val.pkl']
2026-08-13 13:24:44,220   INFO  cfg.DATA_CONFIG.POINT_CLOUD_RANGE: [-51.2, -51.2, -3.0, 51.2, 51.2, 1.0]
2026-08-13 13:24:44,220   INFO  cfg.DATA_CONFIG.BALANCED_RESAMPLING: True
2026-08-13 13:24:44,220   INFO  ----------- DATA_AUGMENTOR -----------
2026-08-13 13:24:44,220   INFO  cfg.DATA_CONFIG.DATA_AUGMENTOR.DISABLE_AUG_LIST: ['gt_sampling']
2026-08-13 13:24:44,220   INFO  cfg.DATA_CONFIG.DATA_AUGMENTOR.AUG_CONFIG_LIST: [{'NAME': 'gt_sampling', 'DB_INFO_PATH': ['nuscenes_dbinfos_1sweeps_withvelo.pkl'], 'PREPARE': {'filter_by_min_points': ['car:5', 'bicycle:5', 'pedestrian:5']}, 'SAMPLE_GROUPS': ['car:2', 'bicycle:6', 'pedestrian:2'], 'NUM_POINT_FEATURES': 4, 'DATABASE_WITH_FAKELIDAR': False, 'REMOVE_EXTRA_WIDTH': [0.0, 0.0, 0.0], 'LIMIT_WHOLE_SCENE': True}, {'NAME': 'random_world_flip', 'ALONG_AXIS_LIST': ['x', 'y']}, {'NAME': 'random_world_rotation', 'WORLD_ROT_ANGLE': [-0.3925, 0.3925]}, {'NAME': 'random_world_scaling', 'WORLD_SCALE_RANGE': [0.95, 1.05]}]
2026-08-13 13:24:44,220   INFO  ----------- POINT_FEATURE_ENCODING -----------
2026-08-13 13:24:44,220   INFO  cfg.DATA_CONFIG.POINT_FEATURE_ENCODING.encoding_type: absolute_coordinates_encoding
2026-08-13 13:24:44,220   INFO  cfg.DATA_CONFIG.POINT_FEATURE_ENCODING.used_feature_list: ['x', 'y', 'z', 'intensity']
2026-08-13 13:24:44,220   INFO  cfg.DATA_CONFIG.POINT_FEATURE_ENCODING.src_feature_list: ['x', 'y', 'z', 'intensity']
2026-08-13 13:24:44,220   INFO  cfg.DATA_CONFIG.DATA_PROCESSOR: [{'NAME': 'mask_points_and_boxes_outside_range', 'REMOVE_OUTSIDE_BOXES': True}, {'NAME': 'shuffle_points', 'SHUFFLE_ENABLED': {'train': True, 'test': True}}, {'NAME': 'transform_points_to_voxels', 'VOXEL_SIZE': [0.05, 0.05, 0.1], 'MAX_POINTS_PER_VOXEL': 45, 'MAX_NUMBER_OF_VOXELS': {'train': 60000, 'test': 60000}}]
2026-08-13 13:24:44,220   INFO  cfg.DATA_CONFIG._BASE_CONFIG_: cfgs/dataset_configs/nuscenes_dataset.yaml
2026-08-13 13:24:44,221   INFO  cfg.DATA_CONFIG.SKIPH: True
2026-08-13 13:24:44,221   INFO  ----------- MODEL -----------
2026-08-13 13:24:44,221   INFO  cfg.MODEL.NAME: SECONDNet
2026-08-13 13:24:44,221   INFO  ----------- VFE -----------
2026-08-13 13:24:44,221   INFO  cfg.MODEL.VFE.NAME: MeanVFE
2026-08-13 13:24:44,221   INFO  ----------- BACKBONE_3D -----------
2026-08-13 13:24:44,221   INFO  cfg.MODEL.BACKBONE_3D.NAME: VoxelBackBone8xFocal
2026-08-13 13:24:44,221   INFO  cfg.MODEL.BACKBONE_3D.MASK_MULTI: True
2026-08-13 13:24:44,221   INFO  cfg.MODEL.BACKBONE_3D.ENLARGE_VOXEL_CHANNELS: 64
2026-08-13 13:24:44,221   INFO  ----------- MAP_TO_BEV -----------
2026-08-13 13:24:44,221   INFO  cfg.MODEL.MAP_TO_BEV.NAME: HeightCompression
2026-08-13 13:24:44,221   INFO  cfg.MODEL.MAP_TO_BEV.NUM_BEV_FEATURES: 256
2026-08-13 13:24:44,221   INFO  ----------- BACKBONE_2D -----------
2026-08-13 13:24:44,221   INFO  cfg.MODEL.BACKBONE_2D.NAME: BaseBEVBackbone
2026-08-13 13:24:44,221   INFO  cfg.MODEL.BACKBONE_2D.LAYER_NUMS: [5, 5]
2026-08-13 13:24:44,221   INFO  cfg.MODEL.BACKBONE_2D.LAYER_STRIDES: [1, 2]
2026-08-13 13:24:44,221   INFO  cfg.MODEL.BACKBONE_2D.NUM_FILTERS: [128, 256]
2026-08-13 13:24:44,221   INFO  cfg.MODEL.BACKBONE_2D.UPSAMPLE_STRIDES: [1, 2]
2026-08-13 13:24:44,221   INFO  cfg.MODEL.BACKBONE_2D.NUM_UPSAMPLE_FILTERS: [256, 256]
2026-08-13 13:24:44,221   INFO  ----------- DENSE_HEAD -----------
2026-08-13 13:24:44,221   INFO  cfg.MODEL.DENSE_HEAD.NAME: AnchorHeadSingle
2026-08-13 13:24:44,221   INFO  cfg.MODEL.DENSE_HEAD.CLASS_AGNOSTIC: False
2026-08-13 13:24:44,221   INFO  cfg.MODEL.DENSE_HEAD.USE_DIRECTION_CLASSIFIER: True
2026-08-13 13:24:44,221   INFO  cfg.MODEL.DENSE_HEAD.DIR_OFFSET: 0.78539
2026-08-13 13:24:44,221   INFO  cfg.MODEL.DENSE_HEAD.DIR_LIMIT_OFFSET: 0.0
2026-08-13 13:24:44,221   INFO  cfg.MODEL.DENSE_HEAD.NUM_DIR_BINS: 2
2026-08-13 13:24:44,221   INFO  cfg.MODEL.DENSE_HEAD.ANCHOR_GENERATOR_CONFIG: [{'class_name': 'car', 'anchor_sizes': [[3.9, 1.6, 1.56]], 'anchor_rotations': [0, 1.57], 'anchor_bottom_heights': [-1.78], 'align_center': False, 'feature_map_stride': 8, 'matched_threshold': 0.6, 'unmatched_threshold': 0.45}, {'class_name': 'pedestrian', 'anchor_sizes': [[0.8, 0.6, 1.73]], 'anchor_rotations': [0, 1.57], 'anchor_bottom_heights': [-0.6], 'align_center': False, 'feature_map_stride': 8, 'matched_threshold': 0.5, 'unmatched_threshold': 0.35}, {'class_name': 'bicycle', 'anchor_sizes': [[1.76, 0.6, 1.73]], 'anchor_rotations': [0, 1.57], 'anchor_bottom_heights': [-0.6], 'align_center': False, 'feature_map_stride': 8, 'matched_threshold': 0.5, 'unmatched_threshold': 0.35}]
2026-08-13 13:24:44,221   INFO  ----------- TARGET_ASSIGNER_CONFIG -----------
2026-08-13 13:24:44,222   INFO  cfg.MODEL.DENSE_HEAD.TARGET_ASSIGNER_CONFIG.NAME: AxisAlignedTargetAssigner
2026-08-13 13:24:44,222   INFO  cfg.MODEL.DENSE_HEAD.TARGET_ASSIGNER_CONFIG.POS_FRACTION: -1.0
2026-08-13 13:24:44,222   INFO  cfg.MODEL.DENSE_HEAD.TARGET_ASSIGNER_CONFIG.SAMPLE_SIZE: 512
2026-08-13 13:24:44,222   INFO  cfg.MODEL.DENSE_HEAD.TARGET_ASSIGNER_CONFIG.NORM_BY_NUM_EXAMPLES: False
2026-08-13 13:24:44,222   INFO  cfg.MODEL.DENSE_HEAD.TARGET_ASSIGNER_CONFIG.MATCH_HEIGHT: False
2026-08-13 13:24:44,222   INFO  cfg.MODEL.DENSE_HEAD.TARGET_ASSIGNER_CONFIG.BOX_CODER: ResidualCoder
2026-08-13 13:24:44,222   INFO  ----------- LOSS_CONFIG -----------
2026-08-13 13:24:44,222   INFO  ----------- LOSS_WEIGHTS -----------
2026-08-13 13:24:44,222   INFO  cfg.MODEL.DENSE_HEAD.LOSS_CONFIG.LOSS_WEIGHTS.cls_weight: 1.0
2026-08-13 13:24:44,222   INFO  cfg.MODEL.DENSE_HEAD.LOSS_CONFIG.LOSS_WEIGHTS.loc_weight: 2.0
2026-08-13 13:24:44,222   INFO  cfg.MODEL.DENSE_HEAD.LOSS_CONFIG.LOSS_WEIGHTS.dir_weight: 0.2
2026-08-13 13:24:44,222   INFO  cfg.MODEL.DENSE_HEAD.LOSS_CONFIG.LOSS_WEIGHTS.code_weights: [1.0, 1.0, 1.0, 1.0, 1.0, 1.0, 1.0]
2026-08-13 13:24:44,222   INFO  ----------- POST_PROCESSING -----------
2026-08-13 13:24:44,222   INFO  cfg.MODEL.POST_PROCESSING.RECALL_THRESH_LIST: [0.3, 0.5, 0.7]
2026-08-13 13:24:44,222   INFO  cfg.MODEL.POST_PROCESSING.SCORE_THRESH: 0.1
2026-08-13 13:24:44,222   INFO  cfg.MODEL.POST_PROCESSING.OUTPUT_RAW_SCORE: False
2026-08-13 13:24:44,222   INFO  cfg.MODEL.POST_PROCESSING.EVAL_METRIC: nuscenes
2026-08-13 13:24:44,222   INFO  ----------- NMS_CONFIG -----------
2026-08-13 13:24:44,222   INFO  cfg.MODEL.POST_PROCESSING.NMS_CONFIG.MULTI_CLASSES_NMS: False
2026-08-13 13:24:44,222   INFO  cfg.MODEL.POST_PROCESSING.NMS_CONFIG.NMS_TYPE: nms_gpu
2026-08-13 13:24:44,222   INFO  cfg.MODEL.POST_PROCESSING.NMS_CONFIG.NMS_THRESH: 0.05
2026-08-13 13:24:44,222   INFO  cfg.MODEL.POST_PROCESSING.NMS_CONFIG.NMS_PRE_MAXSIZE: 1000
2026-08-13 13:24:44,222   INFO  cfg.MODEL.POST_PROCESSING.NMS_CONFIG.NMS_POST_MAXSIZE: 100
2026-08-13 13:24:44,222   INFO  ----------- OPTIMIZATION -----------
2026-08-13 13:24:44,222   INFO  cfg.OPTIMIZATION.BATCH_SIZE_PER_GPU: 1
2026-08-13 13:24:44,222   INFO  cfg.OPTIMIZATION.NUM_EPOCHS: 10
2026-08-13 13:24:44,222   INFO  cfg.OPTIMIZATION.OPTIMIZER: adam_onecycle
2026-08-13 13:24:44,222   INFO  cfg.OPTIMIZATION.LR: 0.0003
2026-08-13 13:24:44,222   INFO  cfg.OPTIMIZATION.WEIGHT_DECAY: 0.01
2026-08-13 13:24:44,223   INFO  cfg.OPTIMIZATION.MOMENTUM: 0.9
2026-08-13 13:24:44,223   INFO  cfg.OPTIMIZATION.MOMS: [0.95, 0.85]
2026-08-13 13:24:44,223   INFO  cfg.OPTIMIZATION.PCT_START: 0.2
2026-08-13 13:24:44,223   INFO  cfg.OPTIMIZATION.DIV_FACTOR: 10
2026-08-13 13:24:44,223   INFO  cfg.OPTIMIZATION.DECAY_STEP_LIST: [25, 35]
2026-08-13 13:24:44,223   INFO  cfg.OPTIMIZATION.LR_DECAY: 0.1
2026-08-13 13:24:44,223   INFO  cfg.OPTIMIZATION.LR_CLIP: 1e-07
2026-08-13 13:24:44,223   INFO  cfg.OPTIMIZATION.LR_WARMUP: False
2026-08-13 13:24:44,223   INFO  cfg.OPTIMIZATION.WARMUP_EPOCH: 1
2026-08-13 13:24:44,223   INFO  cfg.OPTIMIZATION.GRAD_NORM_CLIP: 10
2026-08-13 13:24:44,223   INFO  cfg.TAG: S_F_N
2026-08-13 13:24:44,223   INFO  cfg.EXP_GROUP_PATH: OpenPCDet/tools/cfgs/models/S/F
2026-08-13 13:24:44,226   INFO  ----------- Create dataloader & network & optimizer -----------
2026-08-13 13:24:44,226   INFO  Loading NuScenes dataset
2026-08-13 13:24:44,860   INFO  Total samples for NuScenes dataset: 28130
2026-08-13 13:24:45,267   INFO  Total samples after balanced resampling: 55563
2026-08-13 13:24:46,896   INFO  ==> Loading parameters from checkpoint /OpenPCDet/output/cfgs/models/S/F/S_F_K/default/ckpt/checkpoint_epoch_14.pth to GPU
2026-08-13 13:24:46,935   INFO  ==> Checkpoint trained from version: pcdet+0.6.0+233f849+pyd7b5add
2026-08-13 13:24:46,940   INFO  ==> Done (loaded 202/202)
2026-08-13 13:24:46,941   INFO  ----------- Model SECONDNet created, param count: 5804840 -----------
2026-08-13 13:24:46,942   INFO  SECONDNet(
  (vfe): MeanVFE()
  (backbone_3d): VoxelBackBone8xFocal(
    (conv_input): SparseSequential(
      (0): SubMConv3d(4, 16, kernel_size=[3, 3, 3], stride=[1, 1, 1], padding=[1, 1, 1], dilation=[1, 1, 1], output_padding=[0, 0, 0], bias=False, algo=ConvAlgo.MaskImplicitGemm)
      (1): BatchNorm1d(16, eps=0.001, momentum=0.01, affine=True, track_running_stats=True)
      (2): ReLU(inplace=True)
    )
    (conv1): SparseSequentialBatchdict(
      (0): SparseSequential(
        (0): SubMConv3d(16, 16, kernel_size=[3, 3, 3], stride=[1, 1, 1], padding=[0, 0, 0], dilation=[1, 1, 1], output_padding=[0, 0, 0], bias=False, algo=ConvAlgo.MaskImplicitGemm)
        (1): BatchNorm1d(16, eps=0.001, momentum=0.01, affine=True, track_running_stats=True)
        (2): ReLU(inplace=True)
      )
      (1): FocalSparseConv(
        (conv): SubMConv3d(16, 16, kernel_size=[3, 3, 3], stride=[1, 1, 1], padding=[0, 0, 0], dilation=[1, 1, 1], output_padding=[0, 0, 0], bias=False, algo=ConvAlgo.MaskImplicitGemm)
        (bn1): BatchNorm1d(16, eps=0.001, momentum=0.01, affine=True, track_running_stats=True)
        (relu): ReLU(inplace=True)
        (focal_loss): FocalLoss()
        (conv_enlarge): SparseSequential(
          (0): SubMConv3d(16, 64, kernel_size=[3, 3, 3], stride=[1, 1, 1], padding=[1, 1, 1], dilation=[1, 1, 1], output_padding=[0, 0, 0], bias=False, algo=ConvAlgo.MaskImplicitGemm)
          (1): BatchNorm1d(64, eps=0.001, momentum=0.01, affine=True, track_running_stats=True)
          (2): ReLU(inplace=True)
        )
        (conv_imp): SubMConv3d(64, 27, kernel_size=[3, 3, 3], stride=[1, 1, 1], padding=[1, 1, 1], dilation=[1, 1, 1], output_padding=[0, 0, 0], bias=False, algo=ConvAlgo.MaskImplicitGemm)
      )
    )
    (conv2): SparseSequentialBatchdict(
      (0): SparseSequential(
        (0): SparseConv3d(16, 32, kernel_size=[3, 3, 3], stride=[2, 2, 2], padding=[1, 1, 1], dilation=[1, 1, 1], output_padding=[0, 0, 0], bias=False, algo=ConvAlgo.MaskImplicitGemm)
        (1): BatchNorm1d(32, eps=0.001, momentum=0.01, affine=True, track_running_stats=True)
        (2): ReLU(inplace=True)
      )
      (1): SparseSequential(
        (0): SubMConv3d(32, 32, kernel_size=[3, 3, 3], stride=[1, 1, 1], padding=[0, 0, 0], dilation=[1, 1, 1], output_padding=[0, 0, 0], bias=False, algo=ConvAlgo.MaskImplicitGemm)
        (1): BatchNorm1d(32, eps=0.001, momentum=0.01, affine=True, track_running_stats=True)
        (2): ReLU(inplace=True)
      )
      (2): SparseSequential(
        (0): SubMConv3d(32, 32, kernel_size=[3, 3, 3], stride=[1, 1, 1], padding=[0, 0, 0], dilation=[1, 1, 1], output_padding=[0, 0, 0], bias=False, algo=ConvAlgo.MaskImplicitGemm)
        (1): BatchNorm1d(32, eps=0.001, momentum=0.01, affine=True, track_running_stats=True)
        (2): ReLU(inplace=True)
      )
      (3): FocalSparseConv(
        (conv): SubMConv3d(32, 32, kernel_size=[3, 3, 3], stride=[1, 1, 1], padding=[0, 0, 0], dilation=[1, 1, 1], output_padding=[0, 0, 0], bias=False, algo=ConvAlgo.MaskImplicitGemm)
        (bn1): BatchNorm1d(32, eps=0.001, momentum=0.01, affine=True, track_running_stats=True)
        (relu): ReLU(inplace=True)
        (focal_loss): FocalLoss()
        (conv_enlarge): SparseSequential(
          (0): SubMConv3d(32, 64, kernel_size=[3, 3, 3], stride=[1, 1, 1], padding=[1, 1, 1], dilation=[1, 1, 1], output_padding=[0, 0, 0], bias=False, algo=ConvAlgo.MaskImplicitGemm)
          (1): BatchNorm1d(64, eps=0.001, momentum=0.01, affine=True, track_running_stats=True)
          (2): ReLU(inplace=True)
        )
        (conv_imp): SubMConv3d(64, 27, kernel_size=[3, 3, 3], stride=[1, 1, 1], padding=[1, 1, 1], dilation=[1, 1, 1], output_padding=[0, 0, 0], bias=False, algo=ConvAlgo.MaskImplicitGemm)
      )
    )
    (conv3): SparseSequentialBatchdict(
      (0): SparseSequential(
        (0): SparseConv3d(32, 64, kernel_size=[3, 3, 3], stride=[2, 2, 2], padding=[1, 1, 1], dilation=[1, 1, 1], output_padding=[0, 0, 0], bias=False, algo=ConvAlgo.MaskImplicitGemm)
        (1): BatchNorm1d(64, eps=0.001, momentum=0.01, affine=True, track_running_stats=True)
        (2): ReLU(inplace=True)
      )
      (1): SparseSequential(
        (0): SubMConv3d(64, 64, kernel_size=[3, 3, 3], stride=[1, 1, 1], padding=[0, 0, 0], dilation=[1, 1, 1], output_padding=[0, 0, 0], bias=False, algo=ConvAlgo.MaskImplicitGemm)
        (1): BatchNorm1d(64, eps=0.001, momentum=0.01, affine=True, track_running_stats=True)
        (2): ReLU(inplace=True)
      )
      (2): SparseSequential(
        (0): SubMConv3d(64, 64, kernel_size=[3, 3, 3], stride=[1, 1, 1], padding=[0, 0, 0], dilation=[1, 1, 1], output_padding=[0, 0, 0], bias=False, algo=ConvAlgo.MaskImplicitGemm)
        (1): BatchNorm1d(64, eps=0.001, momentum=0.01, affine=True, track_running_stats=True)
        (2): ReLU(inplace=True)
      )
      (3): FocalSparseConv(
        (conv): SubMConv3d(64, 64, kernel_size=[3, 3, 3], stride=[1, 1, 1], padding=[0, 0, 0], dilation=[1, 1, 1], output_padding=[0, 0, 0], bias=False, algo=ConvAlgo.MaskImplicitGemm)
        (bn1): BatchNorm1d(64, eps=0.001, momentum=0.01, affine=True, track_running_stats=True)
        (relu): ReLU(inplace=True)
        (focal_loss): FocalLoss()
        (conv_enlarge): SparseSequential(
          (0): SubMConv3d(64, 64, kernel_size=[3, 3, 3], stride=[1, 1, 1], padding=[1, 1, 1], dilation=[1, 1, 1], output_padding=[0, 0, 0], bias=False, algo=ConvAlgo.MaskImplicitGemm)
          (1): BatchNorm1d(64, eps=0.001, momentum=0.01, affine=True, track_running_stats=True)
          (2): ReLU(inplace=True)
        )
        (conv_imp): SubMConv3d(64, 27, kernel_size=[3, 3, 3], stride=[1, 1, 1], padding=[1, 1, 1], dilation=[1, 1, 1], output_padding=[0, 0, 0], bias=False, algo=ConvAlgo.MaskImplicitGemm)
      )
    )
    (conv4): SparseSequentialBatchdict(
      (0): SparseSequential(
        (0): SparseConv3d(64, 64, kernel_size=[3, 3, 3], stride=[2, 2, 2], padding=[0, 1, 1], dilation=[1, 1, 1], output_padding=[0, 0, 0], bias=False, algo=ConvAlgo.MaskImplicitGemm)
        (1): BatchNorm1d(64, eps=0.001, momentum=0.01, affine=True, track_running_stats=True)
        (2): ReLU(inplace=True)
      )
      (1): SparseSequential(
        (0): SubMConv3d(64, 64, kernel_size=[3, 3, 3], stride=[1, 1, 1], padding=[0, 0, 0], dilation=[1, 1, 1], output_padding=[0, 0, 0], bias=False, algo=ConvAlgo.MaskImplicitGemm)
        (1): BatchNorm1d(64, eps=0.001, momentum=0.01, affine=True, track_running_stats=True)
        (2): ReLU(inplace=True)
      )
      (2): SparseSequential(
        (0): SubMConv3d(64, 64, kernel_size=[3, 3, 3], stride=[1, 1, 1], padding=[0, 0, 0], dilation=[1, 1, 1], output_padding=[0, 0, 0], bias=False, algo=ConvAlgo.MaskImplicitGemm)
        (1): BatchNorm1d(64, eps=0.001, momentum=0.01, affine=True, track_running_stats=True)
        (2): ReLU(inplace=True)
      )
    )
    (conv_out): SparseSequential(
      (0): SparseConv3d(64, 128, kernel_size=[3, 1, 1], stride=[2, 1, 1], padding=[0, 0, 0], dilation=[1, 1, 1], output_padding=[0, 0, 0], bias=False, algo=ConvAlgo.MaskImplicitGemm)
      (1): BatchNorm1d(128, eps=0.001, momentum=0.01, affine=True, track_running_stats=True)
      (2): ReLU(inplace=True)
    )
  )
  (map_to_bev_module): HeightCompression()
  (pfe): None
  (backbone_2d): BaseBEVBackbone(
    (blocks): ModuleList(
      (0): Sequential(
        (0): ZeroPad2d((1, 1, 1, 1))
        (1): Conv2d(256, 128, kernel_size=(3, 3), stride=(1, 1), bias=False)
        (2): BatchNorm2d(128, eps=0.001, momentum=0.01, affine=True, track_running_stats=True)
        (3): ReLU()
        (4): Conv2d(128, 128, kernel_size=(3, 3), stride=(1, 1), padding=(1, 1), bias=False)
        (5): BatchNorm2d(128, eps=0.001, momentum=0.01, affine=True, track_running_stats=True)
        (6): ReLU()
        (7): Conv2d(128, 128, kernel_size=(3, 3), stride=(1, 1), padding=(1, 1), bias=False)
        (8): BatchNorm2d(128, eps=0.001, momentum=0.01, affine=True, track_running_stats=True)
        (9): ReLU()
        (10): Conv2d(128, 128, kernel_size=(3, 3), stride=(1, 1), padding=(1, 1), bias=False)
        (11): BatchNorm2d(128, eps=0.001, momentum=0.01, affine=True, track_running_stats=True)
        (12): ReLU()
        (13): Conv2d(128, 128, kernel_size=(3, 3), stride=(1, 1), padding=(1, 1), bias=False)
        (14): BatchNorm2d(128, eps=0.001, momentum=0.01, affine=True, track_running_stats=True)
        (15): ReLU()
        (16): Conv2d(128, 128, kernel_size=(3, 3), stride=(1, 1), padding=(1, 1), bias=False)
        (17): BatchNorm2d(128, eps=0.001, momentum=0.01, affine=True, track_running_stats=True)
        (18): ReLU()
      )
      (1): Sequential(
        (0): ZeroPad2d((1, 1, 1, 1))
        (1): Conv2d(128, 256, kernel_size=(3, 3), stride=(2, 2), bias=False)
        (2): BatchNorm2d(256, eps=0.001, momentum=0.01, affine=True, track_running_stats=True)
        (3): ReLU()
        (4): Conv2d(256, 256, kernel_size=(3, 3), stride=(1, 1), padding=(1, 1), bias=False)
        (5): BatchNorm2d(256, eps=0.001, momentum=0.01, affine=True, track_running_stats=True)
        (6): ReLU()
        (7): Conv2d(256, 256, kernel_size=(3, 3), stride=(1, 1), padding=(1, 1), bias=False)
        (8): BatchNorm2d(256, eps=0.001, momentum=0.01, affine=True, track_running_stats=True)
        (9): ReLU()
        (10): Conv2d(256, 256, kernel_size=(3, 3), stride=(1, 1), padding=(1, 1), bias=False)
        (11): BatchNorm2d(256, eps=0.001, momentum=0.01, affine=True, track_running_stats=True)
        (12): ReLU()
        (13): Conv2d(256, 256, kernel_size=(3, 3), stride=(1, 1), padding=(1, 1), bias=False)
        (14): BatchNorm2d(256, eps=0.001, momentum=0.01, affine=True, track_running_stats=True)
        (15): ReLU()
        (16): Conv2d(256, 256, kernel_size=(3, 3), stride=(1, 1), padding=(1, 1), bias=False)
        (17): BatchNorm2d(256, eps=0.001, momentum=0.01, affine=True, track_running_stats=True)
        (18): ReLU()
      )
    )
    (deblocks): ModuleList(
      (0): Sequential(
        (0): ConvTranspose2d(128, 256, kernel_size=(1, 1), stride=(1, 1), bias=False)
        (1): BatchNorm2d(256, eps=0.001, momentum=0.01, affine=True, track_running_stats=True)
        (2): ReLU()
      )
      (1): Sequential(
        (0): ConvTranspose2d(256, 256, kernel_size=(2, 2), stride=(2, 2), bias=False)
        (1): BatchNorm2d(256, eps=0.001, momentum=0.01, affine=True, track_running_stats=True)
        (2): ReLU()
      )
    )
  )
  (dense_head): AnchorHeadSingle(
    (cls_loss_func): SigmoidFocalClassificationLoss()
    (reg_loss_func): WeightedSmoothL1Loss()
    (dir_loss_func): WeightedCrossEntropyLoss()
    (conv_cls): Conv2d(512, 18, kernel_size=(1, 1), stride=(1, 1))
    (conv_box): Conv2d(512, 42, kernel_size=(1, 1), stride=(1, 1))
    (conv_dir_cls): Conv2d(512, 12, kernel_size=(1, 1), stride=(1, 1))
  )
  (point_head): None
  (roi_head): None
)
2026-08-13 13:24:46,943   INFO  **********************Start training OpenPCDet/tools/cfgs/models/S/F/S_F_N(default)**********************
2026-08-13 13:25:05,010   INFO  Train:    1/10 ( 10%) [   0/55563 (  0%)]  Loss: 2.943 (2.94)  LR: 3.000e-05  Time cost: 00:17/264:17:22 [00:18/2642:53:46]  Acc_iter 1           Data time: 1.54(1.54)  Forward time: 15.58(15.58)  Batch time: 17.12(17.12)
2026-08-13 13:25:17,109   INFO  Train:    1/10 ( 10%) [  49/55563 (  0%)]  Loss: 5.863 (3.04)  LR: 3.000e-05  Time cost: 00:29/9:00:45 [00:30/90:11:49]  Acc_iter 50          Data time: 0.00(0.03)  Forward time: 0.27(0.55)  Batch time: 0.27(0.58)
2026-08-13 13:25:29,650   INFO  Train:    1/10 ( 10%) [  99/55563 (  0%)]  Loss: 3.776 (3.07)  LR: 3.000e-05  Time cost: 00:41/6:26:03 [00:42/64:26:48]  Acc_iter 100         Data time: 0.00(0.02)  Forward time: 0.24(0.40)  Batch time: 0.24(0.42)
2026-08-13 13:25:41,975   INFO  Train:    1/10 ( 10%) [ 149/55563 (  0%)]  Loss: 2.391 (3.03)  LR: 3.000e-05  Time cost: 00:54/5:33:01 [00:55/55:38:18]  Acc_iter 150         Data time: 0.00(0.01)  Forward time: 0.24(0.35)  Batch time: 0.24(0.36)
2026-08-13 13:25:42,409   INFO  a1e06a0b30c0                Thu Aug 13 13:25:42 2026  580.173.02
[0] NVIDIA GeForce RTX 3070 | 63°C,  82 % |  6286 /  8192 MB | root(5624M)

2026-08-13 13:25:54,850   INFO  Train:    1/10 ( 10%) [ 199/55563 (  0%)]  Loss: 2.810 (2.92)  LR: 3.000e-05  Time cost: 01:06/5:08:56 [01:07/51:39:26]  Acc_iter 200         Data time: 0.00(0.01)  Forward time: 0.27(0.32)  Batch time: 0.27(0.33)
2026-08-13 13:26:07,523   INFO  Train:    1/10 ( 10%) [ 249/55563 (  0%)]  Loss: 2.683 (2.89)  LR: 3.000e-05  Time cost: 01:19/4:53:39 [01:20/49:08:33]  Acc_iter 250         Data time: 0.00(0.01)  Forward time: 0.22(0.31)  Batch time: 0.22(0.32)
2026-08-13 13:26:19,857   INFO  Train:    1/10 ( 10%) [ 299/55563 (  1%)]  Loss: 4.284 (2.83)  LR: 3.000e-05  Time cost: 01:31/4:42:22 [01:32/47:17:27]  Acc_iter 300         Data time: 0.00(0.01)  Forward time: 0.22(0.30)  Batch time: 0.22(0.31)
2026-08-13 13:26:20,251   INFO  a1e06a0b30c0                Thu Aug 13 13:26:20 2026  580.173.02
[0] NVIDIA GeForce RTX 3070 | 61°C,  97 % |  6287 /  8192 MB | root(5624M)

2026-08-13 13:26:32,654   INFO  Train:    1/10 ( 10%) [ 349/55563 (  1%)]  Loss: 1.200 (2.74)  LR: 3.001e-05  Time cost: 01:44/4:35:27 [01:45/46:10:15]  Acc_iter 350         Data time: 0.00(0.01)  Forward time: 0.23(0.29)  Batch time: 0.23(0.30)
2026-08-13 13:26:45,128   INFO  Train:    1/10 ( 10%) [ 399/55563 (  1%)]  Loss: 4.230 (2.68)  LR: 3.001e-05  Time cost: 01:57/4:29:28 [01:58/45:12:20]  Acc_iter 400         Data time: 0.00(0.01)  Forward time: 0.22(0.29)  Batch time: 0.22(0.29)
2026-08-13 13:26:57,954   INFO  Train:    1/10 ( 10%) [ 449/55563 (  1%)]  Loss: 2.610 (2.67)  LR: 3.001e-05  Time cost: 02:10/4:25:30 [02:11/44:34:28]  Acc_iter 450         Data time: 0.00(0.01)  Forward time: 0.25(0.28)  Batch time: 0.25(0.29)
2026-08-13 13:26:58,432   INFO  a1e06a0b30c0                Thu Aug 13 13:26:58 2026  580.173.02
[0] NVIDIA GeForce RTX 3070 | 62°C,  77 % |  6286 /  8192 MB | root(5624M)

2026-08-13 13:27:11,383   INFO  Train:    1/10 ( 10%) [ 499/55563 (  1%)]  Loss: 1.790 (2.62)  LR: 3.001e-05  Time cost: 02:23/4:23:22 [02:24/44:15:18]  Acc_iter 500         Data time: 0.00(0.01)  Forward time: 0.29(0.28)  Batch time: 0.29(0.29)
2026-08-13 13:27:23,723   INFO  Train:    1/10 ( 10%) [ 549/55563 (  1%)]  Loss: 2.011 (2.59)  LR: 3.002e-05  Time cost: 02:35/4:19:47 [02:36/43:41:16]  Acc_iter 550         Data time: 0.00(0.01)  Forward time: 0.23(0.28)  Batch time: 0.23(0.28)
2026-08-13 13:27:36,145   INFO  Train:    1/10 ( 10%) [ 599/55563 (  1%)]  Loss: 1.839 (2.55)  LR: 3.002e-05  Time cost: 02:48/4:16:53 [02:49/43:14:07]  Acc_iter 600         Data time: 0.00(0.01)  Forward time: 0.23(0.27)  Batch time: 0.23(0.28)
2026-08-13 13:27:36,670   INFO  a1e06a0b30c0                Thu Aug 13 13:27:36 2026  580.173.02
[0] NVIDIA GeForce RTX 3070 | 67°C,  93 % |  6552 /  8192 MB | root(5896M)

2026-08-13 13:27:49,314   INFO  Train:    1/10 ( 10%) [ 649/55563 (  1%)]  Loss: 1.959 (2.51)  LR: 3.002e-05  Time cost: 03:01/4:15:27 [03:02/43:01:45]  Acc_iter 650         Data time: 0.00(0.01)  Forward time: 0.26(0.27)  Batch time: 0.26(0.28)
2026-08-13 13:28:02,206   INFO  Train:    1/10 ( 10%) [ 699/55563 (  1%)]  Loss: 2.038 (2.47)  LR: 3.003e-05  Time cost: 03:14/4:13:50 [03:15/42:47:28]  Acc_iter 700         Data time: 0.00(0.01)  Forward time: 0.26(0.27)  Batch time: 0.26(0.28)
2026-08-13 13:28:14,623   INFO  Train:    1/10 ( 10%) [ 749/55563 (  1%)]  Loss: 1.581 (2.44)  LR: 3.003e-05  Time cost: 03:26/4:11:49 [03:27/42:29:12]  Acc_iter 750         Data time: 0.00(0.01)  Forward time: 0.24(0.27)  Batch time: 0.24(0.28)
2026-08-13 13:28:15,012   INFO  a1e06a0b30c0                Thu Aug 13 13:28:14 2026  580.173.02
[0] NVIDIA GeForce RTX 3070 | 68°C,  96 % |  6554 /  8192 MB | root(5896M)

2026-08-13 13:28:27,504   INFO  Train:    1/10 ( 10%) [ 799/55563 (  1%)]  Loss: 4.927 (2.42)  LR: 3.003e-05  Time cost: 03:39/4:10:33 [03:40/42:18:33]  Acc_iter 800         Data time: 0.00(0.01)  Forward time: 0.25(0.27)  Batch time: 0.25(0.27)
2026-08-13 13:28:39,994   INFO  Train:    1/10 ( 10%) [ 849/55563 (  2%)]  Loss: 2.062 (2.40)  LR: 3.004e-05  Time cost: 03:52/4:09:00 [03:53/42:04:52]  Acc_iter 850         Data time: 0.00(0.01)  Forward time: 0.23(0.27)  Batch time: 0.23(0.27)
2026-08-13 13:28:52,796   INFO  Train:    1/10 ( 10%) [ 899/55563 (  2%)]  Loss: 2.192 (2.37)  LR: 3.004e-05  Time cost: 04:04/4:07:55 [04:05/41:55:54]  Acc_iter 900         Data time: 0.00(0.01)  Forward time: 0.26(0.27)  Batch time: 0.26(0.27)
2026-08-13 13:28:53,258   INFO  a1e06a0b30c0                Thu Aug 13 13:28:53 2026  580.173.02
[0] NVIDIA GeForce RTX 3070 | 62°C,  98 % |  6556 /  8192 MB | root(5898M)

2026-08-13 13:29:06,307   INFO  Train:    1/10 ( 10%) [ 949/55563 (  2%)]  Loss: 1.754 (2.35)  LR: 3.005e-05  Time cost: 04:18/4:07:36 [04:19/41:54:44]  Acc_iter 950         Data time: 0.00(0.01)  Forward time: 0.23(0.27)  Batch time: 0.23(0.27)
2026-08-13 13:29:18,632   INFO  Train:    1/10 ( 10%) [ 999/55563 (  2%)]  Loss: 1.501 (2.33)  LR: 3.005e-05  Time cost: 04:30/4:06:12 [04:31/41:42:43]  Acc_iter 1000        Data time: 0.00(0.01)  Forward time: 0.23(0.27)  Batch time: 0.23(0.27)
2026-08-13 13:29:31,182   INFO  Train:    1/10 ( 10%) [1049/55563 (  2%)]  Loss: 1.612 (2.31)  LR: 3.006e-05  Time cost: 04:43/4:05:08 [04:44/41:33:48]  Acc_iter 1050        Data time: 0.00(0.01)  Forward time: 0.23(0.26)  Batch time: 0.23(0.27)
2026-08-13 13:29:31,648   INFO  a1e06a0b30c0                Thu Aug 13 13:29:31 2026  580.173.02
[0] NVIDIA GeForce RTX 3070 | 67°C,  95 % |  6564 /  8192 MB | root(5898M)

2026-08-13 13:29:44,067   INFO  Train:    1/10 ( 10%) [1099/55563 (  2%)]  Loss: 1.339 (2.29)  LR: 3.007e-05  Time cost: 04:56/4:04:24 [04:57/41:28:30]  Acc_iter 1100        Data time: 0.00(0.01)  Forward time: 0.28(0.26)  Batch time: 0.28(0.27)
2026-08-13 13:29:48,214   INFO  Save latest model to /OpenPCDet/output/OpenPCDet/tools/cfgs/models/S/F/S_F_N/default/ckpt/latest_model
2026-08-13 13:29:57,047   INFO  Train:    1/10 ( 10%) [1149/55563 (  2%)]  Loss: 1.651 (2.28)  LR: 3.007e-05  Time cost: 05:09/4:03:48 [05:10/41:24:24]  Acc_iter 1150        Data time: 0.00(0.01)  Forward time: 0.28(0.26)  Batch time: 0.28(0.27)
2026-08-13 13:30:09,536   INFO  Train:    1/10 ( 10%) [1199/55563 (  2%)]  Loss: 1.395 (2.26)  LR: 3.008e-05  Time cost: 05:21/4:02:51 [05:22/41:16:50]  Acc_iter 1200        Data time: 0.00(0.01)  Forward time: 0.23(0.26)  Batch time: 0.23(0.27)
2026-08-13 13:30:09,934   INFO  a1e06a0b30c0                Thu Aug 13 13:30:09 2026  580.173.02
[0] NVIDIA GeForce RTX 3070 | 70°C,  37 % |  6560 /  8192 MB | root(5898M)

2026-08-13 13:30:22,106   INFO  Train:    1/10 ( 10%) [1249/55563 (  2%)]  Loss: 2.204 (2.24)  LR: 3.008e-05  Time cost: 05:34/4:02:02 [05:35/41:10:28]  Acc_iter 1250        Data time: 0.00(0.01)  Forward time: 0.23(0.26)  Batch time: 0.23(0.27)
2026-08-13 13:30:34,524   INFO  Train:    1/10 ( 10%) [1299/55563 (  2%)]  Loss: 1.474 (2.23)  LR: 3.009e-05  Time cost: 05:46/4:01:09 [05:47/41:03:29]  Acc_iter 1300        Data time: 0.00(0.01)  Forward time: 0.30(0.26)  Batch time: 0.30(0.27)
2026-08-13 13:30:47,515   INFO  Train:    1/10 ( 10%) [1349/55563 (  2%)]  Loss: 1.595 (2.22)  LR: 3.010e-05  Time cost: 05:59/4:00:42 [06:00/41:00:55]  Acc_iter 1350        Data time: 0.00(0.01)  Forward time: 0.23(0.26)  Batch time: 0.23(0.27)
2026-08-13 13:30:48,017   INFO  a1e06a0b30c0                Thu Aug 13 13:30:47 2026  580.173.02
[0] NVIDIA GeForce RTX 3070 | 64°C,  27 % |  6560 /  8192 MB | root(5898M)

2026-08-13 13:31:00,688   INFO  Train:    1/10 ( 10%) [1399/55563 (  3%)]  Loss: 2.513 (2.20)  LR: 3.011e-05  Time cost: 06:12/4:00:23 [06:13/40:59:44]  Acc_iter 1400        Data time: 0.00(0.01)  Forward time: 0.22(0.26)  Batch time: 0.23(0.27)
2026-08-13 13:31:13,125   INFO  Train:    1/10 ( 10%) [1449/55563 (  3%)]  Loss: 2.016 (2.19)  LR: 3.011e-05  Time cost: 06:25/3:59:37 [06:26/40:53:55]  Acc_iter 1450        Data time: 0.00(0.01)  Forward time: 0.26(0.26)  Batch time: 0.26(0.27)
2026-08-13 13:31:25,661   INFO  Train:    1/10 ( 10%) [1499/55563 (  3%)]  Loss: 1.824 (2.18)  LR: 3.012e-05  Time cost: 06:37/3:58:56 [06:38/40:49:06]  Acc_iter 1500        Data time: 0.00(0.01)  Forward time: 0.24(0.26)  Batch time: 0.24(0.27)
2026-08-13 13:31:26,204   INFO  a1e06a0b30c0                Thu Aug 13 13:31:26 2026  580.173.02
[0] NVIDIA GeForce RTX 3070 | 68°C,  78 % |  6560 /  8192 MB | root(5898M)

2026-08-13 13:31:38,767   INFO  Train:    1/10 ( 10%) [1549/55563 (  3%)]  Loss: 2.588 (2.17)  LR: 3.013e-05  Time cost: 06:50/3:58:38 [06:51/40:47:58]  Acc_iter 1550        Data time: 0.00(0.01)  Forward time: 0.24(0.26)  Batch time: 0.24(0.27)
2026-08-13 13:31:51,516   INFO  Train:    1/10 ( 10%) [1599/55563 (  3%)]  Loss: 1.494 (2.16)  LR: 3.014e-05  Time cost: 07:03/3:58:07 [07:04/40:44:49]  Acc_iter 1600        Data time: 0.00(0.01)  Forward time: 0.25(0.26)  Batch time: 0.25(0.26)
2026-08-13 13:32:04,046   INFO  Train:    1/10 ( 10%) [1649/55563 (  3%)]  Loss: 1.403 (2.15)  LR: 3.015e-05  Time cost: 07:16/3:57:31 [07:17/40:40:38]  Acc_iter 1650        Data time: 0.00(0.01)  Forward time: 0.26(0.26)  Batch time: 0.26(0.26)
2026-08-13 13:32:04,448   INFO  a1e06a0b30c0                Thu Aug 13 13:32:04 2026  580.173.02
[0] NVIDIA GeForce RTX 3070 | 66°C,  87 % |  6560 /  8192 MB | root(5898M)

2026-08-13 13:32:16,818   INFO  Train:    1/10 ( 10%) [1699/55563 (  3%)]  Loss: 0.9066 (2.14)  LR: 3.016e-05  Time cost: 07:28/3:57:04 [07:29/40:38:00]  Acc_iter 1700        Data time: 0.00(0.01)  Forward time: 0.22(0.26)  Batch time: 0.22(0.26)
2026-08-13 13:32:29,390   INFO  Train:    1/10 ( 10%) [1749/55563 (  3%)]  Loss: 1.252 (2.14)  LR: 3.016e-05  Time cost: 07:41/3:56:31 [07:42/40:34:27]  Acc_iter 1750        Data time: 0.00(0.01)  Forward time: 0.23(0.26)  Batch time: 0.24(0.26)
2026-08-13 13:32:42,092   INFO  Train:    1/10 ( 10%) [1799/55563 (  3%)]  Loss: 2.359 (2.13)  LR: 3.017e-05  Time cost: 07:54/3:56:03 [07:55/40:31:45]  Acc_iter 1800        Data time: 0.00(0.01)  Forward time: 0.27(0.26)  Batch time: 0.27(0.26)
2026-08-13 13:32:42,528   INFO  a1e06a0b30c0                Thu Aug 13 13:32:42 2026  580.173.02
[0] NVIDIA GeForce RTX 3070 | 69°C,  86 % |  6527 /  8192 MB | root(5898M)

2026-08-13 13:32:55,163   INFO  Train:    1/10 ( 10%) [1849/55563 (  3%)]  Loss: 1.141 (2.12)  LR: 3.018e-05  Time cost: 08:07/3:55:47 [08:08/40:31:01]  Acc_iter 1850        Data time: 0.00(0.01)  Forward time: 0.21(0.26)  Batch time: 0.21(0.26)
2026-08-13 13:33:07,610   INFO  Train:    1/10 ( 10%) [1899/55563 (  3%)]  Loss: 1.615 (2.11)  LR: 3.019e-05  Time cost: 08:19/3:55:14 [08:20/40:27:17]  Acc_iter 1900        Data time: 0.00(0.01)  Forward time: 0.24(0.26)  Batch time: 0.24(0.26)
2026-08-13 13:33:20,004   INFO  Train:    1/10 ( 10%) [1949/55563 (  4%)]  Loss: 2.467 (2.11)  LR: 3.020e-05  Time cost: 08:32/3:54:40 [08:33/40:23:30]  Acc_iter 1950        Data time: 0.00(0.00)  Forward time: 0.28(0.26)  Batch time: 0.28(0.26)
2026-08-13 13:33:20,485   INFO  a1e06a0b30c0                Thu Aug 13 13:33:20 2026  580.173.02
[0] NVIDIA GeForce RTX 3070 | 65°C,  74 % |  6528 /  8192 MB | root(5898M)

2026-08-13 13:33:33,135   INFO  Train:    1/10 ( 10%) [1999/55563 (  4%)]  Loss: 1.436 (2.10)  LR: 3.022e-05  Time cost: 08:45/3:54:27 [08:46/40:23:16]  Acc_iter 2000        Data time: 0.00(0.01)  Forward time: 0.26(0.26)  Batch time: 0.26(0.26)
2026-08-13 13:33:45,842   INFO  Train:    1/10 ( 10%) [2049/55563 (  4%)]  Loss: 2.438 (2.10)  LR: 3.023e-05  Time cost: 08:57/3:54:02 [08:58/40:21:09]  Acc_iter 2050        Data time: 0.00(0.01)  Forward time: 0.27(0.26)  Batch time: 0.27(0.26)
2026-08-13 13:33:58,200   INFO  Train:    1/10 ( 10%) [2099/55563 (  4%)]  Loss: 2.148 (2.09)  LR: 3.024e-05  Time cost: 09:10/3:53:30 [09:11/40:17:35]  Acc_iter 2100        Data time: 0.00(0.00)  Forward time: 0.23(0.26)  Batch time: 0.24(0.26)
2026-08-13 13:33:58,632   INFO  a1e06a0b30c0                Thu Aug 13 13:33:58 2026  580.173.02
[0] NVIDIA GeForce RTX 3070 | 66°C,  95 % |  6527 /  8192 MB | root(5898M)

2026-08-13 13:34:10,884   INFO  Train:    1/10 ( 10%) [2149/55563 (  4%)]  Loss: 1.818 (2.08)  LR: 3.025e-05  Time cost: 09:22/3:53:06 [09:23/40:15:34]  Acc_iter 2150        Data time: 0.00(0.01)  Forward time: 0.24(0.26)  Batch time: 0.24(0.26)
2026-08-13 13:34:23,525   INFO  Train:    1/10 ( 10%) [2199/55563 (  4%)]  Loss: 1.569 (2.08)  LR: 3.026e-05  Time cost: 09:35/3:52:42 [09:36/40:13:27]  Acc_iter 2200        Data time: 0.00(0.00)  Forward time: 0.25(0.26)  Batch time: 0.25(0.26)
2026-08-13 13:34:36,179   INFO  Train:    1/10 ( 10%) [2249/55563 (  4%)]  Loss: 1.708 (2.07)  LR: 3.027e-05  Time cost: 09:48/3:52:19 [09:49/40:11:28]  Acc_iter 2250        Data time: 0.00(0.00)  Forward time: 0.26(0.26)  Batch time: 0.26(0.26)
2026-08-13 13:34:36,677   INFO  a1e06a0b30c0                Thu Aug 13 13:34:36 2026  580.173.02
[0] NVIDIA GeForce RTX 3070 | 66°C,  98 % |  6527 /  8192 MB | root(5898M)

2026-08-13 13:34:48,054   INFO  Save latest model to /OpenPCDet/output/OpenPCDet/tools/cfgs/models/S/F/S_F_N/default/ckpt/latest_model
2026-08-13 13:34:49,739   INFO  Train:    1/10 ( 10%) [2299/55563 (  4%)]  Loss: 1.734 (2.07)  LR: 3.029e-05  Time cost: 10:01/3:52:17 [10:02/40:13:12]  Acc_iter 2300        Data time: 0.00(0.01)  Forward time: 0.24(0.26)  Batch time: 0.24(0.26)
2026-08-13 13:35:02,114   INFO  Train:    1/10 ( 10%) [2349/55563 (  4%)]  Loss: 3.416 (2.07)  LR: 3.030e-05  Time cost: 10:14/3:51:48 [10:15/40:10:12]  Acc_iter 2350        Data time: 0.00(0.01)  Forward time: 0.26(0.26)  Batch time: 0.26(0.26)
2026-08-13 13:35:14,533   INFO  Train:    1/10 ( 10%) [2399/55563 (  4%)]  Loss: 1.978 (2.06)  LR: 3.031e-05  Time cost: 10:26/3:51:21 [10:27/40:07:30]  Acc_iter 2400        Data time: 0.00(0.00)  Forward time: 0.25(0.26)  Batch time: 0.25(0.26)
2026-08-13 13:35:14,929   INFO  a1e06a0b30c0                Thu Aug 13 13:35:14 2026  580.173.02
[0] NVIDIA GeForce RTX 3070 | 63°C,  33 % |  6528 /  8192 MB | root(5898M)

2026-08-13 13:35:27,508   INFO  Train:    1/10 ( 10%) [2449/55563 (  4%)]  Loss: 0.9643 (2.06)  LR: 3.032e-05  Time cost: 10:39/3:51:06 [10:40/40:06:58]  Acc_iter 2450        Data time: 0.00(0.01)  Forward time: 0.27(0.26)  Batch time: 0.27(0.26)
2026-08-13 13:35:40,682   INFO  Train:    1/10 ( 10%) [2499/55563 (  4%)]  Loss: 1.604 (2.06)  LR: 3.034e-05  Time cost: 10:52/3:50:55 [10:53/40:07:12]  Acc_iter 2500        Data time: 0.00(0.00)  Forward time: 0.27(0.26)  Batch time: 0.27(0.26)
2026-08-13 13:35:52,938   INFO  Train:    1/10 ( 10%) [2549/55563 (  5%)]  Loss: 1.299 (2.05)  LR: 3.035e-05  Time cost: 11:05/3:50:26 [11:05/40:04:05]  Acc_iter 2550        Data time: 0.00(0.00)  Forward time: 0.26(0.26)  Batch time: 0.26(0.26)
2026-08-13 13:35:53,362   INFO  a1e06a0b30c0                Thu Aug 13 13:35:53 2026  580.173.02
[0] NVIDIA GeForce RTX 3070 | 62°C,  86 % |  6527 /  8192 MB | root(5898M)

2026-08-13 13:36:05,811   INFO  Train:    1/10 ( 10%) [2599/55563 (  5%)]  Loss: 1.186 (2.05)  LR: 3.036e-05  Time cost: 11:17/3:50:09 [11:18/40:03:17]  Acc_iter 2600        Data time: 0.00(0.00)  Forward time: 0.21(0.26)  Batch time: 0.22(0.26)
2026-08-13 13:36:18,258   INFO  Train:    1/10 ( 10%) [2649/55563 (  5%)]  Loss: 1.463 (2.04)  LR: 3.038e-05  Time cost: 11:30/3:49:45 [11:31/40:01:01]  Acc_iter 2650        Data time: 0.00(0.00)  Forward time: 0.25(0.26)  Batch time: 0.25(0.26)
2026-08-13 13:36:30,440   INFO  Train:    1/10 ( 10%) [2699/55563 (  5%)]  Loss: 2.444 (2.04)  LR: 3.039e-05  Time cost: 11:42/3:49:15 [11:43/39:57:55]  Acc_iter 2700        Data time: 0.00(0.00)  Forward time: 0.29(0.26)  Batch time: 0.29(0.26)
2026-08-13 13:36:30,920   INFO  a1e06a0b30c0                Thu Aug 13 13:36:30 2026  580.173.02
[0] NVIDIA GeForce RTX 3070 | 62°C,   8 % |  6527 /  8192 MB | root(5898M)

2026-08-13 13:36:43,766   INFO  Train:    1/10 ( 10%) [2749/55563 (  5%)]  Loss: 1.586 (2.03)  LR: 3.041e-05  Time cost: 11:55/3:49:08 [11:56/39:58:45]  Acc_iter 2750        Data time: 0.00(0.00)  Forward time: 0.25(0.26)  Batch time: 0.25(0.26)
2026-08-13 13:36:56,276   INFO  Train:    1/10 ( 10%) [2799/55563 (  5%)]  Loss: 2.249 (2.03)  LR: 3.042e-05  Time cost: 12:08/3:48:45 [12:09/39:56:52]  Acc_iter 2800        Data time: 0.00(0.00)  Forward time: 0.29(0.26)  Batch time: 0.29(0.26)
2026-08-13 13:37:08,558   INFO  Train:    1/10 ( 10%) [2849/55563 (  5%)]  Loss: 0.7952 (2.02)  LR: 3.044e-05  Time cost: 12:20/3:48:19 [12:21/39:54:19]  Acc_iter 2850        Data time: 0.00(0.00)  Forward time: 0.23(0.26)  Batch time: 0.23(0.26)
2026-08-13 13:37:08,948   INFO  a1e06a0b30c0                Thu Aug 13 13:37:08 2026  580.173.02
[0] NVIDIA GeForce RTX 3070 | 65°C,  89 % |  6528 /  8192 MB | root(5898M)

2026-08-13 13:37:21,301   INFO  Train:    1/10 ( 10%) [2899/55563 (  5%)]  Loss: 2.645 (2.02)  LR: 3.045e-05  Time cost: 12:33/3:48:02 [12:34/39:53:18]  Acc_iter 2900        Data time: 0.00(0.00)  Forward time: 0.22(0.25)  Batch time: 0.22(0.26)
2026-08-13 13:37:34,212   INFO  Train:    1/10 ( 10%) [2949/55563 (  5%)]  Loss: 1.500 (2.01)  LR: 3.047e-05  Time cost: 12:46/3:47:47 [12:47/39:52:50]  Acc_iter 2950        Data time: 0.00(0.00)  Forward time: 0.25(0.25)  Batch time: 0.26(0.26)
2026-08-13 13:37:47,021   INFO  Train:    1/10 ( 10%) [2999/55563 (  5%)]  Loss: 1.311 (2.01)  LR: 3.048e-05  Time cost: 12:59/3:47:31 [13:00/39:52:04]  Acc_iter 3000        Data time: 0.00(0.00)  Forward time: 0.24(0.25)  Batch time: 0.24(0.26)
2026-08-13 13:37:47,419   INFO  a1e06a0b30c0                Thu Aug 13 13:37:47 2026  580.173.02
[0] NVIDIA GeForce RTX 3070 | 64°C,  83 % |  6521 /  8192 MB | root(5898M)

2026-08-13 13:37:59,885   INFO  Train:    1/10 ( 10%) [3049/55563 (  5%)]  Loss: 1.466 (2.01)  LR: 3.050e-05  Time cost: 13:11/3:47:16 [13:12/39:51:29]  Acc_iter 3050        Data time: 0.00(0.00)  Forward time: 0.27(0.25)  Batch time: 0.27(0.26)
2026-08-13 13:38:12,278   INFO  Train:    1/10 ( 10%) [3099/55563 (  6%)]  Loss: 1.262 (2.01)  LR: 3.052e-05  Time cost: 13:24/3:46:53 [13:25/39:49:31]  Acc_iter 3100        Data time: 0.00(0.00)  Forward time: 0.27(0.25)  Batch time: 0.27(0.26)
2026-08-13 13:38:24,568   INFO  Train:    1/10 ( 10%) [3149/55563 (  6%)]  Loss: 2.339 (2.00)  LR: 3.053e-05  Time cost: 13:36/3:46:29 [13:37/39:47:18]  Acc_iter 3150        Data time: 0.00(0.00)  Forward time: 0.22(0.25)  Batch time: 0.22(0.26)
2026-08-13 13:38:25,022   INFO  a1e06a0b30c0                Thu Aug 13 13:38:24 2026  580.173.02
[0] NVIDIA GeForce RTX 3070 | 68°C,  30 % |  6521 /  8192 MB | root(5898M)

2026-08-13 13:38:38,156   INFO  Train:    1/10 ( 10%) [3199/55563 (  6%)]  Loss: 1.065 (2.00)  LR: 3.055e-05  Time cost: 13:50/3:46:26 [13:51/39:48:53]  Acc_iter 3200        Data time: 0.00(0.00)  Forward time: 0.24(0.25)  Batch time: 0.24(0.26)
2026-08-13 13:38:50,664   INFO  Train:    1/10 ( 10%) [3249/55563 (  6%)]  Loss: 1.847 (2.00)  LR: 3.057e-05  Time cost: 14:02/3:46:05 [14:03/39:47:21]  Acc_iter 3250        Data time: 0.00(0.00)  Forward time: 0.24(0.25)  Batch time: 0.24(0.26)
2026-08-13 13:39:03,425   INFO  Train:    1/10 ( 10%) [3299/55563 (  6%)]  Loss: 2.086 (1.99)  LR: 3.059e-05  Time cost: 14:15/3:45:49 [14:16/39:46:34]  Acc_iter 3300        Data time: 0.00(0.00)  Forward time: 0.25(0.25)  Batch time: 0.25(0.26)
2026-08-13 13:39:03,835   INFO  a1e06a0b30c0                Thu Aug 13 13:39:03 2026  580.173.02
[0] NVIDIA GeForce RTX 3070 | 63°C,  10 % |  6535 /  8192 MB | root(5898M)

2026-08-13 13:39:16,333   INFO  Train:    1/10 ( 10%) [3349/55563 (  6%)]  Loss: 1.091 (1.99)  LR: 3.060e-05  Time cost: 14:28/3:45:35 [14:29/39:46:12]  Acc_iter 3350        Data time: 0.00(0.00)  Forward time: 0.25(0.25)  Batch time: 0.25(0.26)
2026-08-13 13:39:28,664   INFO  Train:    1/10 ( 10%) [3399/55563 (  6%)]  Loss: 1.410 (1.99)  LR: 3.062e-05  Time cost: 14:40/3:45:13 [14:41/39:44:16]  Acc_iter 3400        Data time: 0.00(0.00)  Forward time: 0.22(0.25)  Batch time: 0.23(0.26)
2026-08-13 13:39:40,688   INFO  Train:    1/10 ( 10%) [3449/55563 (  6%)]  Loss: 2.007 (1.98)  LR: 3.064e-05  Time cost: 14:52/3:44:46 [14:53/39:41:35]  Acc_iter 3450        Data time: 0.00(0.00)  Forward time: 0.20(0.25)  Batch time: 0.21(0.26)
2026-08-13 13:39:41,054   INFO  a1e06a0b30c0                Thu Aug 13 13:39:41 2026  580.173.02
[0] NVIDIA GeForce RTX 3070 | 69°C,  91 % |  6526 /  8192 MB | root(5898M)

2026-08-13 13:39:48,094   INFO  Save latest model to /OpenPCDet/output/OpenPCDet/tools/cfgs/models/S/F/S_F_N/default/ckpt/latest_model
2026-08-13 13:39:53,111   INFO  Train:    1/10 ( 10%) [3499/55563 (  6%)]  Loss: 1.048 (1.98)  LR: 3.066e-05  Time cost: 15:05/3:44:25 [15:06/39:40:00]  Acc_iter 3500        Data time: 0.00(0.00)  Forward time: 0.24(0.25)  Batch time: 0.24(0.26)
2026-08-13 13:40:05,070   INFO  Train:    1/10 ( 10%) [3549/55563 (  6%)]  Loss: 1.108 (1.97)  LR: 3.068e-05  Time cost: 15:17/3:43:58 [15:18/39:37:16]  Acc_iter 3550        Data time: 0.00(0.00)  Forward time: 0.21(0.25)  Batch time: 0.21(0.26)
2026-08-13 13:40:16,714   INFO  Train:    1/10 ( 10%) [3599/55563 (  6%)]  Loss: 1.457 (1.97)  LR: 3.070e-05  Time cost: 15:28/3:43:27 [15:29/39:33:48]  Acc_iter 3600        Data time: 0.00(0.00)  Forward time: 0.27(0.25)  Batch time: 0.27(0.26)
2026-08-13 13:40:17,091   INFO  a1e06a0b30c0                Thu Aug 13 13:40:17 2026  580.173.02
[0] NVIDIA GeForce RTX 3070 | 70°C,  88 % |  6288 /  8192 MB | root(5898M)

2026-08-13 13:40:29,464   INFO  Train:    1/10 ( 10%) [3649/55563 (  7%)]  Loss: 0.9854 (1.97)  LR: 3.072e-05  Time cost: 15:41/3:43:12 [15:42/39:33:12]  Acc_iter 3650        Data time: 0.00(0.00)  Forward time: 0.22(0.25)  Batch time: 0.22(0.26)
2026-08-13 13:40:41,324   INFO  Train:    1/10 ( 10%) [3699/55563 (  7%)]  Loss: 1.422 (1.96)  LR: 3.074e-05  Time cost: 15:53/3:42:44 [15:54/39:30:24]  Acc_iter 3700        Data time: 0.00(0.00)  Forward time: 0.22(0.25)  Batch time: 0.22(0.26)
2026-08-13 13:40:53,267   INFO  Train:    1/10 ( 10%) [3749/55563 (  7%)]  Loss: 1.375 (1.96)  LR: 3.076e-05  Time cost: 16:05/3:42:18 [16:06/39:27:53]  Acc_iter 3750        Data time: 0.00(0.00)  Forward time: 0.26(0.25)  Batch time: 0.26(0.26)
2026-08-13 13:40:53,636   INFO  a1e06a0b30c0                Thu Aug 13 13:40:53 2026  580.173.02
[0] NVIDIA GeForce RTX 3070 | 70°C,  71 % |  6288 /  8192 MB | root(5898M)

2026-08-13 13:41:05,669   INFO  Train:    1/10 ( 10%) [3799/55563 (  7%)]  Loss: 1.267 (1.95)  LR: 3.078e-05  Time cost: 16:17/3:41:59 [16:18/39:26:32]  Acc_iter 3800        Data time: 0.00(0.00)  Forward time: 0.25(0.25)  Batch time: 0.25(0.26)
2026-08-13 13:41:18,005   INFO  Train:    1/10 ( 10%) [3849/55563 (  7%)]  Loss: 1.823 (1.95)  LR: 3.080e-05  Time cost: 16:30/3:41:39 [16:31/39:25:03]  Acc_iter 3850        Data time: 0.00(0.00)  Forward time: 0.24(0.25)  Batch time: 0.25(0.26)
2026-08-13 13:41:29,724   INFO  Train:    1/10 ( 10%) [3899/55563 (  7%)]  Loss: 1.577 (1.95)  LR: 3.082e-05  Time cost: 16:41/3:41:11 [16:42/39:22:09]  Acc_iter 3900        Data time: 0.00(0.00)  Forward time: 0.24(0.25)  Batch time: 0.24(0.26)
2026-08-13 13:41:30,118   INFO  a1e06a0b30c0                Thu Aug 13 13:41:30 2026  580.173.02
[0] NVIDIA GeForce RTX 3070 | 69°C,  71 % |  6290 /  8192 MB | root(5898M)

2026-08-13 13:41:42,130   INFO  Train:    1/10 ( 10%) [3949/55563 (  7%)]  Loss: 1.011 (1.94)  LR: 3.084e-05  Time cost: 16:54/3:40:52 [16:55/39:20:55]  Acc_iter 3950        Data time: 0.00(0.00)  Forward time: 0.24(0.25)  Batch time: 0.24(0.26)
2026-08-13 13:41:54,088   INFO  Train:    1/10 ( 10%) [3999/55563 (  7%)]  Loss: 2.346 (1.94)  LR: 3.086e-05  Time cost: 17:06/3:40:28 [17:07/39:18:41]  Acc_iter 4000        Data time: 0.00(0.00)  Forward time: 0.24(0.25)  Batch time: 0.24(0.26)
2026-08-13 13:42:05,926   INFO  Train:    1/10 ( 10%) [4049/55563 (  7%)]  Loss: 1.026 (1.93)  LR: 3.088e-05  Time cost: 17:18/3:40:03 [17:18/39:16:13]  Acc_iter 4050        Data time: 0.00(0.00)  Forward time: 0.23(0.25)  Batch time: 0.23(0.26)
2026-08-13 13:42:06,301   INFO  a1e06a0b30c0                Thu Aug 13 13:42:06 2026  580.173.02
[0] NVIDIA GeForce RTX 3070 | 64°C,  77 % |  6294 /  8192 MB | root(5898M)

2026-08-13 13:42:18,367   INFO  Train:    1/10 ( 10%) [4099/55563 (  7%)]  Loss: 2.047 (1.93)  LR: 3.091e-05  Time cost: 17:30/3:39:45 [17:31/39:15:10]  Acc_iter 4100        Data time: 0.00(0.00)  Forward time: 0.26(0.25)  Batch time: 0.26(0.26)
2026-08-13 13:42:30,229   INFO  Train:    1/10 ( 10%) [4149/55563 (  7%)]  Loss: 1.193 (1.93)  LR: 3.093e-05  Time cost: 17:42/3:39:21 [17:43/39:12:51]  Acc_iter 4150        Data time: 0.00(0.00)  Forward time: 0.27(0.25)  Batch time: 0.27(0.26)
2026-08-13 13:42:42,280   INFO  Train:    1/10 ( 10%) [4199/55563 (  8%)]  Loss: 2.514 (1.93)  LR: 3.095e-05  Time cost: 17:54/3:38:59 [17:55/39:11:00]  Acc_iter 4200        Data time: 0.00(0.00)  Forward time: 0.26(0.25)  Batch time: 0.26(0.26)
2026-08-13 13:42:42,696   INFO  a1e06a0b30c0                Thu Aug 13 13:42:42 2026  580.173.02
[0] NVIDIA GeForce RTX 3070 | 68°C,  93 % |  6287 /  8192 MB | root(5898M)

2026-08-13 13:42:55,009   INFO  Train:    1/10 ( 10%) [4249/55563 (  8%)]  Loss: 2.221 (1.92)  LR: 3.097e-05  Time cost: 18:07/3:38:45 [18:08/39:10:39]  Acc_iter 4250        Data time: 0.00(0.00)  Forward time: 0.23(0.25)  Batch time: 0.23(0.26)
2026-08-13 13:43:07,137   INFO  Train:    1/10 ( 10%) [4299/55563 (  8%)]  Loss: 1.794 (1.92)  LR: 3.100e-05  Time cost: 18:19/3:38:25 [18:20/39:09:02]  Acc_iter 4300        Data time: 0.00(0.00)  Forward time: 0.24(0.25)  Batch time: 0.24(0.26)
2026-08-13 13:43:19,104   INFO  Train:    1/10 ( 10%) [4349/55563 (  8%)]  Loss: 1.354 (1.92)  LR: 3.102e-05  Time cost: 18:31/3:38:02 [18:32/39:07:05]  Acc_iter 4350        Data time: 0.00(0.00)  Forward time: 0.25(0.25)  Batch time: 0.25(0.26)
2026-08-13 13:43:19,463   INFO  a1e06a0b30c0                Thu Aug 13 13:43:19 2026  580.173.02
[0] NVIDIA GeForce RTX 3070 | 71°C,  89 % |  6288 /  8192 MB | root(5898M)

2026-08-13 13:43:31,403   INFO  Train:    1/10 ( 10%) [4399/55563 (  8%)]  Loss: 2.608 (1.91)  LR: 3.104e-05  Time cost: 18:43/3:37:44 [18:44/39:05:53]  Acc_iter 4400        Data time: 0.00(0.00)  Forward time: 0.22(0.25)  Batch time: 0.22(0.26)
2026-08-13 13:43:43,409   INFO  Train:    1/10 ( 10%) [4449/55563 (  8%)]  Loss: 1.906 (1.91)  LR: 3.107e-05  Time cost: 18:55/3:37:22 [18:56/39:04:06]  Acc_iter 4450        Data time: 0.00(0.00)  Forward time: 0.25(0.25)  Batch time: 0.26(0.26)
2026-08-13 13:43:55,689   INFO  Train:    1/10 ( 10%) [4499/55563 (  8%)]  Loss: 1.417 (1.91)  LR: 3.109e-05  Time cost: 19:07/3:37:04 [19:08/39:02:55]  Acc_iter 4500        Data time: 0.00(0.00)  Forward time: 0.25(0.25)  Batch time: 0.25(0.26)
2026-08-13 13:43:56,110   INFO  a1e06a0b30c0                Thu Aug 13 13:43:56 2026  580.173.02
[0] NVIDIA GeForce RTX 3070 | 71°C,  94 % |  6288 /  8192 MB | root(5898M)

2026-08-13 13:44:08,221   INFO  Train:    1/10 ( 10%) [4549/55563 (  8%)]  Loss: 1.605 (1.90)  LR: 3.111e-05  Time cost: 19:20/3:36:49 [19:21/39:02:15]  Acc_iter 4550        Data time: 0.00(0.00)  Forward time: 0.22(0.25)  Batch time: 0.22(0.26)
2026-08-13 13:44:20,271   INFO  Train:    1/10 ( 10%) [4599/55563 (  8%)]  Loss: 2.247 (1.90)  LR: 3.114e-05  Time cost: 19:32/3:36:28 [19:33/39:00:39]  Acc_iter 4600        Data time: 0.00(0.00)  Forward time: 0.27(0.25)  Batch time: 0.27(0.25)
2026-08-13 13:44:32,320   INFO  Train:    1/10 ( 10%) [4649/55563 (  8%)]  Loss: 1.667 (1.90)  LR: 3.116e-05  Time cost: 19:44/3:36:08 [19:45/38:59:04]  Acc_iter 4650        Data time: 0.00(0.00)  Forward time: 0.27(0.25)  Batch time: 0.27(0.25)
2026-08-13 13:44:32,705   INFO  a1e06a0b30c0                Thu Aug 13 13:44:32 2026  580.173.02
[0] NVIDIA GeForce RTX 3070 | 70°C,  72 % |  6287 /  8192 MB | root(5898M)

2026-08-13 13:44:44,881   INFO  Train:    1/10 ( 10%) [4699/55563 (  8%)]  Loss: 2.448 (1.90)  LR: 3.119e-05  Time cost: 19:56/3:35:54 [19:57/38:58:30]  Acc_iter 4700        Data time: 0.00(0.00)  Forward time: 0.22(0.25)  Batch time: 0.22(0.25)
2026-08-13 13:44:48,306   INFO  Save latest model to /OpenPCDet/output/OpenPCDet/tools/cfgs/models/S/F/S_F_N/default/ckpt/latest_model
2026-08-13 13:44:57,136   INFO  Train:    1/10 ( 10%) [4749/55563 (  9%)]  Loss: 0.8020 (1.89)  LR: 3.121e-05  Time cost: 20:09/3:35:36 [20:10/38:57:22]  Acc_iter 4750        Data time: 0.00(0.00)  Forward time: 0.26(0.25)  Batch time: 0.26(0.25)
2026-08-13 13:45:08,905   INFO  Train:    1/10 ( 10%) [4799/55563 (  9%)]  Loss: 1.488 (1.89)  LR: 3.124e-05  Time cost: 20:21/3:35:13 [20:21/38:55:19]  Acc_iter 4800        Data time: 0.00(0.00)  Forward time: 0.20(0.25)  Batch time: 0.20(0.25)
2026-08-13 13:45:09,266   INFO  a1e06a0b30c0                Thu Aug 13 13:45:09 2026  580.173.02
[0] NVIDIA GeForce RTX 3070 | 70°C,  93 % |  6294 /  8192 MB | root(5898M)

2026-08-13 13:45:21,247   INFO  Train:    1/10 ( 10%) [4849/55563 (  9%)]  Loss: 1.390 (1.89)  LR: 3.127e-05  Time cost: 20:33/3:34:56 [20:34/38:54:24]  Acc_iter 4850        Data time: 0.00(0.00)  Forward time: 0.25(0.25)  Batch time: 0.25(0.25)
2026-08-13 13:45:33,320   INFO  Train:    1/10 ( 10%) [4899/55563 (  9%)]  Loss: 2.970 (1.89)  LR: 3.129e-05  Time cost: 20:45/3:34:37 [20:46/38:52:59]  Acc_iter 4900        Data time: 0.00(0.00)  Forward time: 0.26(0.25)  Batch time: 0.26(0.25)
2026-08-13 13:45:45,713   INFO  Train:    1/10 ( 10%) [4949/55563 (  9%)]  Loss: 1.558 (1.88)  LR: 3.132e-05  Time cost: 20:57/3:34:21 [20:58/38:52:11]  Acc_iter 4950        Data time: 0.00(0.00)  Forward time: 0.27(0.25)  Batch time: 0.27(0.25)
2026-08-13 13:45:46,121   INFO  a1e06a0b30c0                Thu Aug 13 13:45:46 2026  580.173.02
[0] NVIDIA GeForce RTX 3070 | 70°C,  94 % |  6293 /  8192 MB | root(5898M)

2026-08-13 13:45:58,035   INFO  Train:    1/10 ( 10%) [4999/55563 (  9%)]  Loss: 2.716 (1.88)  LR: 3.135e-05  Time cost: 21:10/3:34:04 [21:11/38:51:16]  Acc_iter 5000        Data time: 0.00(0.00)  Forward time: 0.25(0.25)  Batch time: 0.25(0.25)
2026-08-13 13:46:10,081   INFO  Train:    1/10 ( 10%) [5049/55563 (  9%)]  Loss: 1.754 (1.88)  LR: 3.137e-05  Time cost: 21:22/3:33:45 [21:23/38:49:52]  Acc_iter 5050        Data time: 0.00(0.00)  Forward time: 0.24(0.25)  Batch time: 0.24(0.25)
2026-08-13 13:46:22,288   INFO  Train:    1/10 ( 10%) [5099/55563 (  9%)]  Loss: 2.265 (1.88)  LR: 3.140e-05  Time cost: 21:34/3:33:27 [21:35/38:48:47]  Acc_iter 5100        Data time: 0.00(0.00)  Forward time: 0.28(0.25)  Batch time: 0.28(0.25)
2026-08-13 13:46:22,665   INFO  a1e06a0b30c0                Thu Aug 13 13:46:22 2026  580.173.02
[0] NVIDIA GeForce RTX 3070 | 71°C,  76 % |  6293 /  8192 MB | root(5898M)

2026-08-13 13:46:34,715   INFO  Train:    1/10 ( 10%) [5149/55563 (  9%)]  Loss: 3.100 (1.87)  LR: 3.143e-05  Time cost: 21:46/3:33:12 [21:47/38:48:06]  Acc_iter 5150        Data time: 0.00(0.00)  Forward time: 0.26(0.25)  Batch time: 0.26(0.25)
2026-08-13 13:46:47,232   INFO  Train:    1/10 ( 10%) [5199/55563 (  9%)]  Loss: 1.660 (1.87)  LR: 3.146e-05  Time cost: 21:59/3:32:58 [22:00/38:47:35]  Acc_iter 5200        Data time: 0.00(0.00)  Forward time: 0.24(0.25)  Batch time: 0.24(0.25)
2026-08-13 13:46:59,214   INFO  Train:    1/10 ( 10%) [5249/55563 (  9%)]  Loss: 1.254 (1.87)  LR: 3.148e-05  Time cost: 22:11/3:32:38 [22:12/38:46:08]  Acc_iter 5250        Data time: 0.00(0.00)  Forward time: 0.26(0.25)  Batch time: 0.26(0.25)
2026-08-13 13:46:59,591   INFO  a1e06a0b30c0                Thu Aug 13 13:46:59 2026  580.173.02
[0] NVIDIA GeForce RTX 3070 | 70°C,  89 % |  6293 /  8192 MB | root(5898M)

2026-08-13 13:47:11,661   INFO  Train:    1/10 ( 10%) [5299/55563 ( 10%)]  Loss: 2.155 (1.87)  LR: 3.151e-05  Time cost: 22:23/3:32:24 [22:24/38:45:32]  Acc_iter 5300        Data time: 0.00(0.00)  Forward time: 0.25(0.25)  Batch time: 0.25(0.25)
2026-08-13 13:47:23,766   INFO  Train:    1/10 ( 10%) [5349/55563 ( 10%)]  Loss: 1.160 (1.87)  LR: 3.154e-05  Time cost: 22:35/3:32:05 [22:36/38:44:20]  Acc_iter 5350        Data time: 0.00(0.00)  Forward time: 0.24(0.25)  Batch time: 0.24(0.25)
2026-08-13 13:47:36,275   INFO  Train:    1/10 ( 10%) [5399/55563 ( 10%)]  Loss: 1.609 (1.87)  LR: 3.157e-05  Time cost: 22:48/3:31:51 [22:49/38:43:51]  Acc_iter 5400        Data time: 0.00(0.00)  Forward time: 0.23(0.25)  Batch time: 0.23(0.25)
2026-08-13 13:47:36,640   INFO  a1e06a0b30c0                Thu Aug 13 13:47:36 2026  580.173.02
[0] NVIDIA GeForce RTX 3070 | 69°C,  73 % |  6294 /  8192 MB | root(5898M)

2026-08-13 13:47:48,827   INFO  Train:    1/10 ( 10%) [5449/55563 ( 10%)]  Loss: 1.811 (1.87)  LR: 3.160e-05  Time cost: 23:00/3:31:38 [23:01/38:43:26]  Acc_iter 5450        Data time: 0.00(0.00)  Forward time: 0.26(0.25)  Batch time: 0.26(0.25)
2026-08-13 13:48:00,843   INFO  Train:    1/10 ( 10%) [5499/55563 ( 10%)]  Loss: 1.626 (1.86)  LR: 3.163e-05  Time cost: 23:12/3:31:19 [23:13/38:42:08]  Acc_iter 5500        Data time: 0.00(0.00)  Forward time: 0.21(0.25)  Batch time: 0.21(0.25)
2026-08-13 13:48:12,832   INFO  Train:    1/10 ( 10%) [5549/55563 ( 10%)]  Loss: 1.290 (1.86)  LR: 3.166e-05  Time cost: 23:24/3:31:00 [23:25/38:40:49]  Acc_iter 5550        Data time: 0.00(0.00)  Forward time: 0.24(0.25)  Batch time: 0.24(0.25)
2026-08-13 13:48:13,266   INFO  a1e06a0b30c0                Thu Aug 13 13:48:13 2026  580.173.02
[0] NVIDIA GeForce RTX 3070 | 70°C,  65 % |  6290 /  8192 MB | root(5898M)

2026-08-13 13:48:25,230   INFO  Train:    1/10 ( 10%) [5599/55563 ( 10%)]  Loss: 1.167 (1.86)  LR: 3.169e-05  Time cost: 23:37/3:30:45 [23:38/38:40:11]  Acc_iter 5600        Data time: 0.00(0.00)  Forward time: 0.27(0.25)  Batch time: 0.28(0.25)
2026-08-13 13:48:37,428   INFO  Train:    1/10 ( 10%) [5649/55563 ( 10%)]  Loss: 1.528 (1.86)  LR: 3.172e-05  Time cost: 23:49/3:30:29 [23:50/38:39:14]  Acc_iter 5650        Data time: 0.00(0.00)  Forward time: 0.26(0.25)  Batch time: 0.26(0.25)
2026-08-13 13:48:49,271   INFO  Train:    1/10 ( 10%) [5699/55563 ( 10%)]  Loss: 1.625 (1.85)  LR: 3.175e-05  Time cost: 24:01/3:30:09 [24:02/38:37:43]  Acc_iter 5700        Data time: 0.00(0.00)  Forward time: 0.27(0.25)  Batch time: 0.27(0.25)
2026-08-13 13:48:49,666   INFO  a1e06a0b30c0                Thu Aug 13 13:48:49 2026  580.173.02
[0] NVIDIA GeForce RTX 3070 | 69°C,  85 % |  6290 /  8192 MB | root(5898M)

2026-08-13 13:49:01,710   INFO  Train:    1/10 ( 10%) [5749/55563 ( 10%)]  Loss: 1.951 (1.85)  LR: 3.178e-05  Time cost: 24:13/3:29:54 [24:14/38:37:11]  Acc_iter 5750        Data time: 0.00(0.00)  Forward time: 0.25(0.25)  Batch time: 0.26(0.25)
2026-08-13 13:49:13,693   INFO  Train:    1/10 ( 10%) [5799/55563 ( 10%)]  Loss: 0.7991 (1.85)  LR: 3.181e-05  Time cost: 24:25/3:29:36 [24:26/38:35:56]  Acc_iter 5800        Data time: 0.00(0.00)  Forward time: 0.25(0.25)  Batch time: 0.25(0.25)
2026-08-13 13:49:25,954   INFO  Train:    1/10 ( 10%) [5849/55563 ( 11%)]  Loss: 1.066 (1.85)  LR: 3.184e-05  Time cost: 24:38/3:29:20 [24:39/38:35:08]  Acc_iter 5850        Data time: 0.00(0.00)  Forward time: 0.26(0.25)  Batch time: 0.26(0.25)
2026-08-13 13:49:26,321   INFO  a1e06a0b30c0                Thu Aug 13 13:49:26 2026  580.173.02
[0] NVIDIA GeForce RTX 3070 | 63°C,  96 % |  6290 /  8192 MB | root(5898M)

2026-08-13 13:49:38,245   INFO  Train:    1/10 ( 10%) [5899/55563 ( 11%)]  Loss: 1.901 (1.85)  LR: 3.187e-05  Time cost: 24:50/3:29:05 [24:51/38:34:23]  Acc_iter 5900        Data time: 0.00(0.00)  Forward time: 0.23(0.25)  Batch time: 0.23(0.25)
2026-08-13 13:49:48,012   INFO  Save latest model to /OpenPCDet/output/OpenPCDet/tools/cfgs/models/S/F/S_F_N/default/ckpt/latest_model
2026-08-13 13:49:50,194   INFO  Train:    1/10 ( 10%) [5949/55563 ( 11%)]  Loss: 4.741 (1.85)  LR: 3.190e-05  Time cost: 25:02/3:28:46 [25:03/38:33:08]  Acc_iter 5950        Data time: 0.00(0.00)  Forward time: 0.24(0.25)  Batch time: 0.25(0.25)
2026-08-13 13:50:02,265   INFO  Train:    1/10 ( 10%) [5999/55563 ( 11%)]  Loss: 1.421 (1.84)  LR: 3.194e-05  Time cost: 25:14/3:28:29 [25:15/38:32:04]  Acc_iter 6000        Data time: 0.00(0.00)  Forward time: 0.25(0.25)  Batch time: 0.25(0.25)
2026-08-13 13:50:02,624   INFO  a1e06a0b30c0                Thu Aug 13 13:50:02 2026  580.173.02
[0] NVIDIA GeForce RTX 3070 | 68°C,  71 % |  6290 /  8192 MB | root(5898M)

2026-08-13 13:50:14,883   INFO  Train:    1/10 ( 10%) [6049/55563 ( 11%)]  Loss: 1.949 (1.84)  LR: 3.197e-05  Time cost: 25:26/3:28:17 [25:27/38:31:52]  Acc_iter 6050        Data time: 0.00(0.00)  Forward time: 0.27(0.25)  Batch time: 0.27(0.25)
2026-08-13 13:50:26,995   INFO  Train:    1/10 ( 10%) [6099/55563 ( 11%)]  Loss: 1.380 (1.84)  LR: 3.200e-05  Time cost: 25:39/3:28:00 [25:40/38:30:53]  Acc_iter 6100        Data time: 0.00(0.00)  Forward time: 0.26(0.25)  Batch time: 0.26(0.25)
2026-08-13 13:50:38,901   INFO  Train:    1/10 ( 10%) [6149/55563 ( 11%)]  Loss: 1.999 (1.84)  LR: 3.203e-05  Time cost: 25:51/3:27:42 [25:51/38:29:37]  Acc_iter 6150        Data time: 0.00(0.00)  Forward time: 0.21(0.25)  Batch time: 0.21(0.25)
2026-08-13 13:50:39,270   INFO  a1e06a0b30c0                Thu Aug 13 13:50:39 2026  580.173.02
[0] NVIDIA GeForce RTX 3070 | 69°C,  96 % |  6290 /  8192 MB | root(5898M)

2026-08-13 13:50:51,323   INFO  Train:    1/10 ( 10%) [6199/55563 ( 11%)]  Loss: 3.212 (1.84)  LR: 3.207e-05  Time cost: 26:03/3:27:27 [26:04/38:29:08]  Acc_iter 6200        Data time: 0.00(0.00)  Forward time: 0.21(0.25)  Batch time: 0.21(0.25)
2026-08-13 13:51:03,685   INFO  Train:    1/10 ( 10%) [6249/55563 ( 11%)]  Loss: 1.164 (1.83)  LR: 3.210e-05  Time cost: 26:15/3:27:13 [26:16/38:28:34]  Acc_iter 6250        Data time: 0.00(0.00)  Forward time: 0.25(0.25)  Batch time: 0.25(0.25)
2026-08-13 13:51:15,613   INFO  Train:    1/10 ( 10%) [6299/55563 ( 11%)]  Loss: 1.663 (1.83)  LR: 3.213e-05  Time cost: 26:27/3:26:55 [26:28/38:27:22]  Acc_iter 6300        Data time: 0.00(0.00)  Forward time: 0.21(0.25)  Batch time: 0.21(0.25)
2026-08-13 13:51:15,974   INFO  a1e06a0b30c0                Thu Aug 13 13:51:15 2026  580.173.02
[0] NVIDIA GeForce RTX 3070 | 68°C,  98 % |  6290 /  8192 MB | root(5898M)

2026-08-13 13:51:27,721   INFO  Train:    1/10 ( 10%) [6349/55563 ( 11%)]  Loss: 0.9620 (1.83)  LR: 3.217e-05  Time cost: 26:39/3:26:39 [26:40/38:26:27]  Acc_iter 6350        Data time: 0.00(0.00)  Forward time: 0.26(0.25)  Batch time: 0.26(0.25)
2026-08-13 13:51:39,570   INFO  Train:    1/10 ( 10%) [6399/55563 ( 12%)]  Loss: 0.8358 (1.83)  LR: 3.220e-05  Time cost: 26:51/3:26:20 [26:52/38:25:10]  Acc_iter 6400        Data time: 0.00(0.00)  Forward time: 0.25(0.25)  Batch time: 0.25(0.25)
2026-08-13 13:51:51,579   INFO  Train:    1/10 ( 10%) [6449/55563 ( 12%)]  Loss: 1.451 (1.83)  LR: 3.224e-05  Time cost: 27:03/3:26:03 [27:04/38:24:08]  Acc_iter 6450        Data time: 0.00(0.00)  Forward time: 0.26(0.25)  Batch time: 0.26(0.25)
2026-08-13 13:51:51,977   INFO  a1e06a0b30c0                Thu Aug 13 13:51:51 2026  580.173.02
[0] NVIDIA GeForce RTX 3070 | 68°C,   2 % |  6290 /  8192 MB | root(5898M)

2026-08-13 13:52:04,164   INFO  Train:    1/10 ( 10%) [6499/55563 ( 12%)]  Loss: 1.141 (1.83)  LR: 3.227e-05  Time cost: 27:16/3:25:51 [27:17/38:23:55]  Acc_iter 6500        Data time: 0.00(0.00)  Forward time: 0.23(0.25)  Batch time: 0.23(0.25)
2026-08-13 13:52:16,072   INFO  Train:    1/10 ( 10%) [6549/55563 ( 12%)]  Loss: 1.237 (1.82)  LR: 3.231e-05  Time cost: 27:28/3:25:33 [27:29/38:22:45]  Acc_iter 6550        Data time: 0.00(0.00)  Forward time: 0.23(0.25)  Batch time: 0.23(0.25)
2026-08-13 13:52:28,056   INFO  Train:    1/10 ( 10%) [6599/55563 ( 12%)]  Loss: 1.054 (1.82)  LR: 3.234e-05  Time cost: 27:40/3:25:16 [27:41/38:21:43]  Acc_iter 6600        Data time: 0.00(0.00)  Forward time: 0.25(0.25)  Batch time: 0.25(0.25)
2026-08-13 13:52:28,420   INFO  a1e06a0b30c0                Thu Aug 13 13:52:28 2026  580.173.02
[0] NVIDIA GeForce RTX 3070 | 67°C,  83 % |  6283 /  8192 MB | root(5898M)

2026-08-13 13:52:40,334   INFO  Train:    1/10 ( 10%) [6649/55563 ( 12%)]  Loss: 1.573 (1.82)  LR: 3.238e-05  Time cost: 27:52/3:25:01 [27:53/38:21:06]  Acc_iter 6650        Data time: 0.00(0.00)  Forward time: 0.23(0.25)  Batch time: 0.24(0.25)
2026-08-13 13:52:52,513   INFO  Train:    1/10 ( 10%) [6699/55563 ( 12%)]  Loss: 1.408 (1.82)  LR: 3.241e-05  Time cost: 28:04/3:24:46 [28:05/38:20:21]  Acc_iter 6700        Data time: 0.00(0.00)  Forward time: 0.27(0.25)  Batch time: 0.27(0.25)
2026-08-13 13:53:04,633   INFO  Train:    1/10 ( 10%) [6749/55563 ( 12%)]  Loss: 1.442 (1.82)  LR: 3.245e-05  Time cost: 28:16/3:24:30 [28:17/38:19:32]  Acc_iter 6750        Data time: 0.00(0.00)  Forward time: 0.22(0.25)  Batch time: 0.22(0.25)
2026-08-13 13:53:04,993   INFO  a1e06a0b30c0                Thu Aug 13 13:53:04 2026  580.173.02
[0] NVIDIA GeForce RTX 3070 | 66°C,  64 % |  6283 /  8192 MB | root(5898M)

2026-08-13 13:53:16,955   INFO  Train:    1/10 ( 10%) [6799/55563 ( 12%)]  Loss: 1.639 (1.82)  LR: 3.249e-05  Time cost: 28:29/3:24:16 [28:30/38:18:59]  Acc_iter 6800        Data time: 0.00(0.00)  Forward time: 0.27(0.25)  Batch time: 0.27(0.25)
2026-08-13 13:53:29,037   INFO  Train:    1/10 ( 10%) [6849/55563 ( 12%)]  Loss: 1.118 (1.82)  LR: 3.252e-05  Time cost: 28:41/3:24:00 [28:42/38:18:08]  Acc_iter 6850        Data time: 0.00(0.00)  Forward time: 0.23(0.25)  Batch time: 0.23(0.25)
2026-08-13 13:53:41,113   INFO  Train:    1/10 ( 10%) [6899/55563 ( 12%)]  Loss: 2.058 (1.82)  LR: 3.256e-05  Time cost: 28:53/3:23:44 [28:54/38:17:16]  Acc_iter 6900        Data time: 0.00(0.00)  Forward time: 0.24(0.25)  Batch time: 0.24(0.25)
2026-08-13 13:53:41,520   INFO  a1e06a0b30c0                Thu Aug 13 13:53:41 2026  580.173.02
[0] NVIDIA GeForce RTX 3070 | 67°C,  91 % |  6289 /  8192 MB | root(5898M)

2026-08-13 13:53:53,506   INFO  Train:    1/10 ( 10%) [6949/55563 ( 13%)]  Loss: 3.867 (1.82)  LR: 3.260e-05  Time cost: 29:05/3:23:30 [29:06/38:16:51]  Acc_iter 6950        Data time: 0.00(0.00)  Forward time: 0.24(0.25)  Batch time: 0.24(0.25)
2026-08-13 13:54:05,194   INFO  Train:    1/10 ( 10%) [6999/55563 ( 13%)]  Loss: 1.422 (1.82)  LR: 3.263e-05  Time cost: 29:17/3:23:11 [29:18/38:15:30]  Acc_iter 7000        Data time: 0.00(0.00)  Forward time: 0.23(0.25)  Batch time: 0.23(0.25)
2026-08-13 13:54:17,046   INFO  Train:    1/10 ( 10%) [7049/55563 ( 13%)]  Loss: 1.398 (1.81)  LR: 3.267e-05  Time cost: 29:29/3:22:54 [29:30/38:14:23]  Acc_iter 7050        Data time: 0.00(0.00)  Forward time: 0.22(0.25)  Batch time: 0.22(0.25)
2026-08-13 13:54:17,406   INFO  a1e06a0b30c0                Thu Aug 13 13:54:17 2026  580.173.02
[0] NVIDIA GeForce RTX 3070 | 65°C,  70 % |  6289 /  8192 MB | root(5898M)

2026-08-13 13:54:29,456   INFO  Train:    1/10 ( 10%) [7099/55563 ( 13%)]  Loss: 1.432 (1.81)  LR: 3.271e-05  Time cost: 29:41/3:22:40 [29:42/38:14:00]  Acc_iter 7100        Data time: 0.00(0.00)  Forward time: 0.23(0.25)  Batch time: 0.23(0.25)
2026-08-13 13:54:41,573   INFO  Train:    1/10 ( 10%) [7149/55563 ( 13%)]  Loss: 1.402 (1.81)  LR: 3.275e-05  Time cost: 29:53/3:22:25 [29:54/38:13:14]  Acc_iter 7150        Data time: 0.00(0.00)  Forward time: 0.21(0.25)  Batch time: 0.22(0.25)
2026-08-13 13:54:48,059   INFO  Save latest model to /OpenPCDet/output/OpenPCDet/tools/cfgs/models/S/F/S_F_N/default/ckpt/latest_model
2026-08-13 13:54:53,852   INFO  Train:    1/10 ( 10%) [7199/55563 ( 13%)]  Loss: 1.980 (1.81)  LR: 3.279e-05  Time cost: 30:05/3:22:11 [30:06/38:12:42]  Acc_iter 7200        Data time: 0.00(0.00)  Forward time: 0.27(0.25)  Batch time: 0.27(0.25)
2026-08-13 13:54:54,217   INFO  a1e06a0b30c0                Thu Aug 13 13:54:54 2026  580.173.02
[0] NVIDIA GeForce RTX 3070 | 69°C,  75 % |  6289 /  8192 MB | root(5898M)

2026-08-13 13:55:06,069   INFO  Train:    1/10 ( 10%) [7249/55563 ( 13%)]  Loss: 3.152 (1.81)  LR: 3.282e-05  Time cost: 30:18/3:21:56 [30:19/38:12:05]  Acc_iter 7250        Data time: 0.00(0.00)  Forward time: 0.21(0.25)  Batch time: 0.21(0.25)
2026-08-13 13:55:17,908   INFO  Train:    1/10 ( 10%) [7299/55563 ( 13%)]  Loss: 1.744 (1.81)  LR: 3.286e-05  Time cost: 30:30/3:21:39 [30:30/38:10:59]  Acc_iter 7300        Data time: 0.00(0.00)  Forward time: 0.25(0.25)  Batch time: 0.25(0.25)
2026-08-13 13:55:29,993   INFO  Train:    1/10 ( 10%) [7349/55563 ( 13%)]  Loss: 1.432 (1.81)  LR: 3.290e-05  Time cost: 30:42/3:21:23 [30:43/38:10:13]  Acc_iter 7350        Data time: 0.00(0.00)  Forward time: 0.21(0.25)  Batch time: 0.21(0.25)
2026-08-13 13:55:30,416   INFO  a1e06a0b30c0                Thu Aug 13 13:55:30 2026  580.173.02
[0] NVIDIA GeForce RTX 3070 | 65°C,  75 % |  6289 /  8192 MB | root(5898M)

2026-08-13 13:55:42,611   INFO  Train:    1/10 ( 10%) [7399/55563 ( 13%)]  Loss: 1.098 (1.81)  LR: 3.294e-05  Time cost: 30:54/3:21:11 [30:55/38:10:07]  Acc_iter 7400        Data time: 0.00(0.00)  Forward time: 0.24(0.25)  Batch time: 0.25(0.25)
2026-08-13 13:55:54,629   INFO  Train:    1/10 ( 10%) [7449/55563 ( 13%)]  Loss: 1.769 (1.80)  LR: 3.298e-05  Time cost: 31:06/3:20:55 [31:07/38:09:17]  Acc_iter 7450        Data time: 0.00(0.00)  Forward time: 0.24(0.25)  Batch time: 0.24(0.25)
2026-08-13 13:56:06,467   INFO  Train:    1/10 ( 10%) [7499/55563 ( 13%)]  Loss: 1.233 (1.80)  LR: 3.302e-05  Time cost: 31:18/3:20:38 [31:19/38:08:14]  Acc_iter 7500        Data time: 0.00(0.00)  Forward time: 0.22(0.25)  Batch time: 0.22(0.25)
2026-08-13 13:56:06,827   INFO  a1e06a0b30c0                Thu Aug 13 13:56:06 2026  580.173.02
[0] NVIDIA GeForce RTX 3070 | 70°C,   1 % |  6289 /  8192 MB | root(5898M)

2026-08-13 13:56:18,761   INFO  Train:    1/10 ( 10%) [7549/55563 ( 14%)]  Loss: 0.7614 (1.80)  LR: 3.306e-05  Time cost: 31:30/3:20:24 [31:31/38:07:45]  Acc_iter 7550        Data time: 0.00(0.00)  Forward time: 0.21(0.25)  Batch time: 0.21(0.25)
2026-08-13 13:56:31,143   INFO  Train:    1/10 ( 10%) [7599/55563 ( 14%)]  Loss: 1.280 (1.80)  LR: 3.310e-05  Time cost: 31:43/3:20:11 [31:44/38:07:22]  Acc_iter 7600        Data time: 0.00(0.00)  Forward time: 0.24(0.25)  Batch time: 0.24(0.25)
2026-08-13 13:56:43,067   INFO  Train:    1/10 ( 10%) [7649/55563 ( 14%)]  Loss: 2.077 (1.80)  LR: 3.314e-05  Time cost: 31:55/3:19:55 [31:56/38:06:27]  Acc_iter 7650        Data time: 0.00(0.00)  Forward time: 0.26(0.25)  Batch time: 0.26(0.25)
2026-08-13 13:56:43,433   INFO  a1e06a0b30c0                Thu Aug 13 13:56:43 2026  580.173.02
[0] NVIDIA GeForce RTX 3070 | 68°C,  89 % |  6289 /  8192 MB | root(5898M)

2026-08-13 13:56:55,309   INFO  Train:    1/10 ( 10%) [7699/55563 ( 14%)]  Loss: 1.363 (1.80)  LR: 3.319e-05  Time cost: 32:07/3:19:41 [32:08/38:05:55]  Acc_iter 7700        Data time: 0.00(0.00)  Forward time: 0.22(0.25)  Batch time: 0.23(0.25)
2026-08-13 13:57:07,288   INFO  Train:    1/10 ( 10%) [7749/55563 ( 14%)]  Loss: 1.390 (1.79)  LR: 3.323e-05  Time cost: 32:19/3:19:25 [32:20/38:05:04]  Acc_iter 7750        Data time: 0.00(0.00)  Forward time: 0.23(0.25)  Batch time: 0.23(0.25)
2026-08-13 13:57:19,368   INFO  Train:    1/10 ( 10%) [7799/55563 ( 14%)]  Loss: 0.8448 (1.79)  LR: 3.327e-05  Time cost: 32:31/3:19:10 [32:32/38:04:21]  Acc_iter 7800        Data time: 0.00(0.00)  Forward time: 0.24(0.25)  Batch time: 0.24(0.25)
2026-08-13 13:57:19,808   INFO  a1e06a0b30c0                Thu Aug 13 13:57:19 2026  580.173.02
[0] NVIDIA GeForce RTX 3070 | 70°C,  72 % |  6283 /  8192 MB | root(5898M)

2026-08-13 13:57:31,936   INFO  Train:    1/10 ( 10%) [7849/55563 ( 14%)]  Loss: 2.110 (1.79)  LR: 3.331e-05  Time cost: 32:44/3:18:57 [32:44/38:04:13]  Acc_iter 7850        Data time: 0.00(0.00)  Forward time: 0.24(0.25)  Batch time: 0.24(0.25)
2026-08-13 13:57:43,859   INFO  Train:    1/10 ( 10%) [7899/55563 ( 14%)]  Loss: 1.925 (1.79)  LR: 3.335e-05  Time cost: 32:55/3:18:41 [32:56/38:03:20]  Acc_iter 7900        Data time: 0.00(0.00)  Forward time: 0.25(0.25)  Batch time: 0.25(0.25)
2026-08-13 13:57:55,800   INFO  Train:    1/10 ( 10%) [7949/55563 ( 14%)]  Loss: 1.013 (1.79)  LR: 3.339e-05  Time cost: 33:07/3:18:25 [33:08/38:02:28]  Acc_iter 7950        Data time: 0.00(0.00)  Forward time: 0.26(0.25)  Batch time: 0.26(0.25)
2026-08-13 13:57:56,219   INFO  a1e06a0b30c0                Thu Aug 13 13:57:56 2026  580.173.02
[0] NVIDIA GeForce RTX 3070 | 70°C,  82 % |  6283 /  8192 MB | root(5898M)

2026-08-13 13:58:08,198   INFO  Train:    1/10 ( 10%) [7999/55563 ( 14%)]  Loss: 1.258 (1.79)  LR: 3.344e-05  Time cost: 33:20/3:18:12 [33:21/38:02:09]  Acc_iter 8000        Data time: 0.00(0.00)  Forward time: 0.25(0.25)  Batch time: 0.25(0.25)
2026-08-13 13:58:20,651   INFO  Train:    1/10 ( 10%) [8049/55563 ( 14%)]  Loss: 1.423 (1.79)  LR: 3.348e-05  Time cost: 33:32/3:18:00 [33:33/38:01:53]  Acc_iter 8050        Data time: 0.00(0.00)  Forward time: 0.24(0.25)  Batch time: 0.24(0.25)
2026-08-13 13:58:32,405   INFO  Train:    1/10 ( 10%) [8099/55563 ( 15%)]  Loss: 2.555 (1.79)  LR: 3.352e-05  Time cost: 33:44/3:17:43 [33:45/38:00:50]  Acc_iter 8100        Data time: 0.00(0.00)  Forward time: 0.28(0.25)  Batch time: 0.28(0.25)
2026-08-13 13:58:32,769   INFO  a1e06a0b30c0                Thu Aug 13 13:58:32 2026  580.173.02
[0] NVIDIA GeForce RTX 3070 | 70°C,  96 % |  6285 /  8192 MB | root(5898M)

2026-08-13 13:58:44,879   INFO  Train:    1/10 ( 10%) [8149/55563 ( 15%)]  Loss: 0.8370 (1.79)  LR: 3.357e-05  Time cost: 33:56/3:17:30 [33:57/38:00:36]  Acc_iter 8150        Data time: 0.00(0.00)  Forward time: 0.21(0.25)  Batch time: 0.21(0.25)
2026-08-13 13:58:56,947   INFO  Train:    1/10 ( 10%) [8199/55563 ( 15%)]  Loss: 1.280 (1.78)  LR: 3.361e-05  Time cost: 34:09/3:17:15 [34:10/37:59:55]  Acc_iter 8200        Data time: 0.00(0.00)  Forward time: 0.20(0.25)  Batch time: 0.20(0.25)
2026-08-13 13:59:09,166   INFO  Train:    1/10 ( 10%) [8249/55563 ( 15%)]  Loss: 1.277 (1.78)  LR: 3.365e-05  Time cost: 34:21/3:17:01 [34:22/37:59:24]  Acc_iter 8250        Data time: 0.00(0.00)  Forward time: 0.26(0.25)  Batch time: 0.26(0.25)
2026-08-13 13:59:09,567   INFO  a1e06a0b30c0                Thu Aug 13 13:59:09 2026  580.173.02
[0] NVIDIA GeForce RTX 3070 | 72°C,  82 % |  6285 /  8192 MB | root(5898M)

2026-08-13 13:59:21,749   INFO  Train:    1/10 ( 10%) [8299/55563 ( 15%)]  Loss: 1.210 (1.78)  LR: 3.370e-05  Time cost: 34:33/3:16:49 [34:34/37:59:17]  Acc_iter 8300        Data time: 0.00(0.00)  Forward time: 0.22(0.25)  Batch time: 0.22(0.25)
2026-08-13 13:59:33,758   INFO  Train:    1/10 ( 10%) [8349/55563 ( 15%)]  Loss: 1.304 (1.78)  LR: 3.374e-05  Time cost: 34:45/3:16:34 [34:46/37:58:33]  Acc_iter 8350        Data time: 0.00(0.00)  Forward time: 0.26(0.25)  Batch time: 0.26(0.25)
2026-08-13 13:59:45,931   INFO  Train:    1/10 ( 10%) [8399/55563 ( 15%)]  Loss: 1.146 (1.78)  LR: 3.379e-05  Time cost: 34:58/3:16:20 [34:58/37:58:00]  Acc_iter 8400        Data time: 0.00(0.00)  Forward time: 0.24(0.25)  Batch time: 0.24(0.25)
2026-08-13 13:59:46,298   INFO  a1e06a0b30c0                Thu Aug 13 13:59:46 2026  580.173.02
[0] NVIDIA GeForce RTX 3070 | 72°C,  95 % |  6289 /  8192 MB | root(5898M)

2026-08-13 13:59:49,477   INFO  Save latest model to /OpenPCDet/output/OpenPCDet/tools/cfgs/models/S/F/S_F_N/default/ckpt/latest_model
2026-08-13 13:59:59,858   INFO  Train:    1/10 ( 10%) [8449/55563 ( 15%)]  Loss: 1.308 (1.78)  LR: 3.383e-05  Time cost: 35:11/3:16:15 [35:12/37:59:21]  Acc_iter 8450        Data time: 0.00(0.00)  Forward time: 0.26(0.25)  Batch time: 0.26(0.25)
2026-08-13 14:00:12,036   INFO  Train:    1/10 ( 10%) [8499/55563 ( 15%)]  Loss: 2.193 (1.78)  LR: 3.388e-05  Time cost: 35:24/3:16:01 [35:25/37:58:48]  Acc_iter 8500        Data time: 0.00(0.00)  Forward time: 0.26(0.25)  Batch time: 0.26(0.25)
2026-08-13 14:00:24,142   INFO  Train:    1/10 ( 10%) [8549/55563 ( 15%)]  Loss: 1.433 (1.78)  LR: 3.392e-05  Time cost: 35:36/3:15:46 [35:37/37:58:10]  Acc_iter 8550        Data time: 0.00(0.00)  Forward time: 0.24(0.25)  Batch time: 0.24(0.25)
2026-08-13 14:00:24,553   INFO  a1e06a0b30c0                Thu Aug 13 14:00:24 2026  580.173.02
[0] NVIDIA GeForce RTX 3070 | 70°C,  64 % |  6289 /  8192 MB | root(5898M)

2026-08-13 14:00:36,696   INFO  Train:    1/10 ( 10%) [8599/55563 ( 15%)]  Loss: 1.802 (1.78)  LR: 3.397e-05  Time cost: 35:48/3:15:34 [35:49/37:58:02]  Acc_iter 8600        Data time: 0.00(0.00)  Forward time: 0.26(0.25)  Batch time: 0.26(0.25)
2026-08-13 14:00:48,739   INFO  Train:    1/10 ( 10%) [8649/55563 ( 16%)]  Loss: 1.227 (1.77)  LR: 3.402e-05  Time cost: 36:00/3:15:19 [36:01/37:57:21]  Acc_iter 8650        Data time: 0.00(0.00)  Forward time: 0.23(0.25)  Batch time: 0.23(0.25)
2026-08-13 14:01:01,152   INFO  Train:    1/10 ( 10%) [8699/55563 ( 16%)]  Loss: 1.182 (1.77)  LR: 3.406e-05  Time cost: 36:13/3:15:06 [36:14/37:57:03]  Acc_iter 8700        Data time: 0.00(0.00)  Forward time: 0.23(0.25)  Batch time: 0.23(0.25)
2026-08-13 14:01:01,534   INFO  a1e06a0b30c0                Thu Aug 13 14:01:01 2026  580.173.02
[0] NVIDIA GeForce RTX 3070 | 71°C,  71 % |  6289 /  8192 MB | root(5898M)

2026-08-13 14:01:13,330   INFO  Train:    1/10 ( 10%) [8749/55563 ( 16%)]  Loss: 2.198 (1.77)  LR: 3.411e-05  Time cost: 36:25/3:14:52 [36:26/37:56:31]  Acc_iter 8750        Data time: 0.00(0.00)  Forward time: 0.25(0.25)  Batch time: 0.25(0.25)
2026-08-13 14:01:25,516   INFO  Train:    1/10 ( 10%) [8799/55563 ( 16%)]  Loss: 0.6203 (1.77)  LR: 3.416e-05  Time cost: 36:37/3:14:38 [36:38/37:56:00]  Acc_iter 8800        Data time: 0.00(0.00)  Forward time: 0.26(0.25)  Batch time: 0.26(0.25)
2026-08-13 14:01:37,624   INFO  Train:    1/10 ( 10%) [8849/55563 ( 16%)]  Loss: 1.251 (1.77)  LR: 3.420e-05  Time cost: 36:49/3:14:23 [36:50/37:55:24]  Acc_iter 8850        Data time: 0.00(0.00)  Forward time: 0.25(0.25)  Batch time: 0.25(0.25)
2026-08-13 14:01:37,997   INFO  a1e06a0b30c0                Thu Aug 13 14:01:37 2026  580.173.02
[0] NVIDIA GeForce RTX 3070 | 65°C,  20 % |  6289 /  8192 MB | root(5898M)

2026-08-13 14:01:50,241   INFO  Train:    1/10 ( 10%) [8899/55563 ( 16%)]  Loss: 1.322 (1.77)  LR: 3.425e-05  Time cost: 37:02/3:14:12 [37:03/37:55:20]  Acc_iter 8900        Data time: 0.00(0.00)  Forward time: 0.26(0.25)  Batch time: 0.26(0.25)
2026-08-13 14:02:02,256   INFO  Train:    1/10 ( 10%) [8949/55563 ( 16%)]  Loss: 1.676 (1.77)  LR: 3.430e-05  Time cost: 37:14/3:13:57 [37:15/37:54:39]  Acc_iter 8950        Data time: 0.00(0.00)  Forward time: 0.22(0.25)  Batch time: 0.22(0.25)
2026-08-13 14:02:14,211   INFO  Train:    1/10 ( 10%) [8999/55563 ( 16%)]  Loss: 1.321 (1.77)  LR: 3.435e-05  Time cost: 37:26/3:13:41 [37:27/37:53:54]  Acc_iter 9000        Data time: 0.00(0.00)  Forward time: 0.22(0.25)  Batch time: 0.22(0.25)
2026-08-13 14:02:14,591   INFO  a1e06a0b30c0                Thu Aug 13 14:02:14 2026  580.173.02
[0] NVIDIA GeForce RTX 3070 | 70°C,  96 % |  6289 /  8192 MB | root(5898M)

2026-08-13 14:02:26,597   INFO  Train:    1/10 ( 10%) [9049/55563 ( 16%)]  Loss: 1.778 (1.77)  LR: 3.439e-05  Time cost: 37:38/3:13:29 [37:39/37:53:36]  Acc_iter 9050        Data time: 0.00(0.00)  Forward time: 0.20(0.25)  Batch time: 0.20(0.25)
2026-08-13 14:02:38,625   INFO  Train:    1/10 ( 10%) [9099/55563 ( 16%)]  Loss: 3.393 (1.76)  LR: 3.444e-05  Time cost: 37:50/3:13:14 [37:51/37:52:56]  Acc_iter 9100        Data time: 0.00(0.00)  Forward time: 0.24(0.25)  Batch time: 0.24(0.25)
2026-08-13 14:02:51,062   INFO  Train:    1/10 ( 10%) [9149/55563 ( 16%)]  Loss: 1.361 (1.76)  LR: 3.449e-05  Time cost: 38:03/3:13:01 [38:04/37:52:41]  Acc_iter 9150        Data time: 0.00(0.00)  Forward time: 0.26(0.25)  Batch time: 0.26(0.25)
2026-08-13 14:02:51,454   INFO  a1e06a0b30c0                Thu Aug 13 14:02:51 2026  580.173.02
[0] NVIDIA GeForce RTX 3070 | 64°C,  75 % |  6289 /  8192 MB | root(5898M)

2026-08-13 14:03:03,545   INFO  Train:    1/10 ( 10%) [9199/55563 ( 17%)]  Loss: 2.151 (1.76)  LR: 3.454e-05  Time cost: 38:15/3:12:49 [38:16/37:52:29]  Acc_iter 9200        Data time: 0.00(0.00)  Forward time: 0.22(0.25)  Batch time: 0.22(0.25)
2026-08-13 14:03:15,347   INFO  Train:    1/10 ( 10%) [9249/55563 ( 17%)]  Loss: 2.219 (1.76)  LR: 3.459e-05  Time cost: 38:27/3:12:33 [38:28/37:51:37]  Acc_iter 9250        Data time: 0.00(0.00)  Forward time: 0.25(0.25)  Batch time: 0.25(0.25)
2026-08-13 14:03:27,406   INFO  Train:    1/10 ( 10%) [9299/55563 ( 17%)]  Loss: 1.382 (1.76)  LR: 3.464e-05  Time cost: 38:39/3:12:18 [38:40/37:51:00]  Acc_iter 9300        Data time: 0.00(0.00)  Forward time: 0.22(0.25)  Batch time: 0.23(0.25)
2026-08-13 14:03:27,777   INFO  a1e06a0b30c0                Thu Aug 13 14:03:27 2026  580.173.02
[0] NVIDIA GeForce RTX 3070 | 70°C,  99 % |  6289 /  8192 MB | root(5898M)

2026-08-13 14:03:40,111   INFO  Train:    1/10 ( 10%) [9349/55563 ( 17%)]  Loss: 1.798 (1.76)  LR: 3.469e-05  Time cost: 38:52/3:12:07 [38:53/37:51:02]  Acc_iter 9350        Data time: 0.00(0.00)  Forward time: 0.26(0.25)  Batch time: 0.27(0.25)
2026-08-13 14:03:52,045   INFO  Train:    1/10 ( 10%) [9399/55563 ( 17%)]  Loss: 1.688 (1.76)  LR: 3.474e-05  Time cost: 39:04/3:11:52 [39:05/37:50:18]  Acc_iter 9400        Data time: 0.00(0.00)  Forward time: 0.23(0.25)  Batch time: 0.23(0.25)
2026-08-13 14:04:04,013   INFO  Train:    1/10 ( 10%) [9449/55563 ( 17%)]  Loss: 1.250 (1.76)  LR: 3.479e-05  Time cost: 39:16/3:11:37 [39:17/37:49:36]  Acc_iter 9450        Data time: 0.00(0.00)  Forward time: 0.25(0.25)  Batch time: 0.25(0.25)
2026-08-13 14:04:04,381   INFO  a1e06a0b30c0                Thu Aug 13 14:04:04 2026  580.173.02
[0] NVIDIA GeForce RTX 3070 | 63°C,  70 % |  6289 /  8192 MB | root(5898M)

2026-08-13 14:04:16,463   INFO  Train:    1/10 ( 10%) [9499/55563 ( 17%)]  Loss: 1.568 (1.76)  LR: 3.484e-05  Time cost: 39:28/3:11:24 [39:29/37:49:23]  Acc_iter 9500        Data time: 0.00(0.00)  Forward time: 0.25(0.24)  Batch time: 0.25(0.25)
2026-08-13 14:04:28,566   INFO  Train:    1/10 ( 10%) [9549/55563 ( 17%)]  Loss: 1.616 (1.76)  LR: 3.489e-05  Time cost: 39:40/3:11:10 [39:41/37:48:50]  Acc_iter 9550        Data time: 0.00(0.00)  Forward time: 0.28(0.24)  Batch time: 0.28(0.25)
2026-08-13 14:04:40,864   INFO  Train:    1/10 ( 10%) [9599/55563 ( 17%)]  Loss: 1.438 (1.76)  LR: 3.494e-05  Time cost: 39:52/3:10:57 [39:53/37:48:28]  Acc_iter 9600        Data time: 0.00(0.00)  Forward time: 0.24(0.24)  Batch time: 0.24(0.25)
2026-08-13 14:04:41,244   INFO  a1e06a0b30c0                Thu Aug 13 14:04:41 2026  580.173.02
[0] NVIDIA GeForce RTX 3070 | 68°C,  82 % |  6289 /  8192 MB | root(5898M)

2026-08-13 14:04:47,994   INFO  Save latest model to /OpenPCDet/output/OpenPCDet/tools/cfgs/models/S/F/S_F_N/default/ckpt/latest_model
2026-08-13 14:04:53,059   INFO  Train:    1/10 ( 10%) [9649/55563 ( 17%)]  Loss: 0.9420 (1.75)  LR: 3.499e-05  Time cost: 40:05/3:10:43 [40:06/37:48:00]  Acc_iter 9650        Data time: 0.00(0.00)  Forward time: 0.25(0.24)  Batch time: 0.25(0.25)
2026-08-13 14:05:04,970   INFO  Train:    1/10 ( 10%) [9699/55563 ( 17%)]  Loss: 1.211 (1.75)  LR: 3.504e-05  Time cost: 40:17/3:10:28 [40:18/37:47:17]  Acc_iter 9700        Data time: 0.00(0.00)  Forward time: 0.26(0.24)  Batch time: 0.26(0.25)
2026-08-13 14:05:16,901   INFO  Train:    1/10 ( 10%) [9749/55563 ( 18%)]  Loss: 0.7032 (1.75)  LR: 3.509e-05  Time cost: 40:29/3:10:13 [40:29/37:46:35]  Acc_iter 9750        Data time: 0.00(0.00)  Forward time: 0.26(0.24)  Batch time: 0.26(0.25)
2026-08-13 14:05:17,337   INFO  a1e06a0b30c0                Thu Aug 13 14:05:17 2026  580.173.02
[0] NVIDIA GeForce RTX 3070 | 69°C,  72 % |  6289 /  8192 MB | root(5898M)

2026-08-13 14:05:29,816   INFO  Train:    1/10 ( 10%) [9799/55563 ( 18%)]  Loss: 1.547 (1.75)  LR: 3.515e-05  Time cost: 40:41/3:10:03 [40:42/37:46:48]  Acc_iter 9800        Data time: 0.00(0.00)  Forward time: 0.24(0.24)  Batch time: 0.25(0.25)
2026-08-13 14:05:41,710   INFO  Train:    1/10 ( 10%) [9849/55563 ( 18%)]  Loss: 1.811 (1.75)  LR: 3.520e-05  Time cost: 40:53/3:09:48 [40:54/37:46:04]  Acc_iter 9850        Data time: 0.00(0.00)  Forward time: 0.21(0.24)  Batch time: 0.21(0.25)
2026-08-13 14:05:53,510   INFO  Train:    1/10 ( 10%) [9899/55563 ( 18%)]  Loss: 1.572 (1.75)  LR: 3.525e-05  Time cost: 41:05/3:09:32 [41:06/37:45:15]  Acc_iter 9900        Data time: 0.00(0.00)  Forward time: 0.23(0.24)  Batch time: 0.23(0.25)
2026-08-13 14:05:53,893   INFO  a1e06a0b30c0                Thu Aug 13 14:05:53 2026  580.173.02
[0] NVIDIA GeForce RTX 3070 | 63°C,   2 % |  6289 /  8192 MB | root(5898M)

2026-08-13 14:06:06,120   INFO  Train:    1/10 ( 10%) [9949/55563 ( 18%)]  Loss: 1.382 (1.75)  LR: 3.530e-05  Time cost: 41:18/3:09:21 [41:19/37:45:12]  Acc_iter 9950        Data time: 0.00(0.00)  Forward time: 0.23(0.24)  Batch time: 0.23(0.25)
2026-08-13 14:06:18,312   INFO  Train:    1/10 ( 10%) [9999/55563 ( 18%)]  Loss: 0.7016 (1.75)  LR: 3.536e-05  Time cost: 41:30/3:09:07 [41:31/37:44:45]  Acc_iter 10000       Data time: 0.00(0.00)  Forward time: 0.25(0.24)  Batch time: 0.25(0.25)
2026-08-13 14:06:30,426   INFO  Train:    1/10 ( 10%) [10049/55563 ( 18%)]  Loss: 1.226 (1.75)  LR: 3.541e-05  Time cost: 41:42/3:08:53 [41:43/37:44:14]  Acc_iter 10050       Data time: 0.00(0.00)  Forward time: 0.23(0.24)  Batch time: 0.23(0.25)
2026-08-13 14:06:30,793   INFO  a1e06a0b30c0                Thu Aug 13 14:06:30 2026  580.173.02
[0] NVIDIA GeForce RTX 3070 | 69°C,  94 % |  6289 /  8192 MB | root(5898M)

2026-08-13 14:06:42,764   INFO  Train:    1/10 ( 10%) [10099/55563 ( 18%)]  Loss: 1.188 (1.75)  LR: 3.546e-05  Time cost: 41:54/3:08:40 [41:55/37:43:55]  Acc_iter 10100       Data time: 0.00(0.00)  Forward time: 0.21(0.24)  Batch time: 0.21(0.25)
2026-08-13 14:06:54,704   INFO  Train:    1/10 ( 10%) [10149/55563 ( 18%)]  Loss: 1.540 (1.75)  LR: 3.552e-05  Time cost: 42:06/3:08:25 [42:07/37:43:16]  Acc_iter 10150       Data time: 0.00(0.00)  Forward time: 0.24(0.24)  Batch time: 0.25(0.25)
2026-08-13 14:07:06,812   INFO  Train:    1/10 ( 10%) [10199/55563 ( 18%)]  Loss: 2.422 (1.74)  LR: 3.557e-05  Time cost: 42:18/3:08:11 [42:19/37:42:45]  Acc_iter 10200       Data time: 0.00(0.00)  Forward time: 0.25(0.24)  Batch time: 0.26(0.25)
2026-08-13 14:07:07,234   INFO  a1e06a0b30c0                Thu Aug 13 14:07:07 2026  580.173.02
[0] NVIDIA GeForce RTX 3070 | 70°C,  94 % |  6289 /  8192 MB | root(5898M)

2026-08-13 14:07:19,444   INFO  Train:    1/10 ( 10%) [10249/55563 ( 18%)]  Loss: 1.925 (1.74)  LR: 3.563e-05  Time cost: 42:31/3:08:00 [42:32/37:42:43]  Acc_iter 10250       Data time: 0.00(0.00)  Forward time: 0.27(0.24)  Batch time: 0.27(0.25)
2026-08-13 14:07:31,425   INFO  Train:    1/10 ( 10%) [10299/55563 ( 19%)]  Loss: 2.162 (1.74)  LR: 3.568e-05  Time cost: 42:43/3:07:45 [42:44/37:42:05]  Acc_iter 10300       Data time: 0.00(0.00)  Forward time: 0.24(0.24)  Batch time: 0.25(0.25)
2026-08-13 14:07:43,234   INFO  Train:    1/10 ( 10%) [10349/55563 ( 19%)]  Loss: 1.247 (1.74)  LR: 3.574e-05  Time cost: 42:55/3:07:30 [42:56/37:41:20]  Acc_iter 10350       Data time: 0.00(0.00)  Forward time: 0.20(0.24)  Batch time: 0.20(0.25)
2026-08-13 14:07:43,612   INFO  a1e06a0b30c0                Thu Aug 13 14:07:43 2026  580.173.02
[0] NVIDIA GeForce RTX 3070 | 71°C,  89 % |  6283 /  8192 MB | root(5898M)

2026-08-13 14:07:55,777   INFO  Train:    1/10 ( 10%) [10399/55563 ( 19%)]  Loss: 1.502 (1.74)  LR: 3.579e-05  Time cost: 43:07/3:07:18 [43:08/37:41:12]  Acc_iter 10400       Data time: 0.00(0.00)  Forward time: 0.21(0.24)  Batch time: 0.21(0.25)
2026-08-13 14:08:08,104   INFO  Train:    1/10 ( 10%) [10449/55563 ( 19%)]  Loss: 1.398 (1.74)  LR: 3.585e-05  Time cost: 43:20/3:07:05 [43:21/37:40:54]  Acc_iter 10450       Data time: 0.00(0.00)  Forward time: 0.25(0.24)  Batch time: 0.25(0.25)
2026-08-13 14:08:19,971   INFO  Train:    1/10 ( 10%) [10499/55563 ( 19%)]  Loss: 2.208 (1.74)  LR: 3.590e-05  Time cost: 43:32/3:06:50 [43:33/37:40:12]  Acc_iter 10500       Data time: 0.00(0.00)  Forward time: 0.28(0.24)  Batch time: 0.28(0.25)
2026-08-13 14:08:20,383   INFO  a1e06a0b30c0                Thu Aug 13 14:08:20 2026  580.173.02
[0] NVIDIA GeForce RTX 3070 | 64°C,  99 % |  6283 /  8192 MB | root(5898M)

2026-08-13 14:08:32,165   INFO  Train:    1/10 ( 10%) [10549/55563 ( 19%)]  Loss: 1.077 (1.74)  LR: 3.596e-05  Time cost: 43:44/3:06:37 [43:45/37:39:47]  Acc_iter 10550       Data time: 0.00(0.00)  Forward time: 0.25(0.24)  Batch time: 0.25(0.25)
2026-08-13 14:08:44,529   INFO  Train:    1/10 ( 10%) [10599/55563 ( 19%)]  Loss: 1.415 (1.74)  LR: 3.602e-05  Time cost: 43:56/3:06:24 [43:57/37:39:30]  Acc_iter 10600       Data time: 0.00(0.00)  Forward time: 0.24(0.24)  Batch time: 0.24(0.25)
2026-08-13 14:08:56,562   INFO  Train:    1/10 ( 10%) [10649/55563 ( 19%)]  Loss: 1.818 (1.74)  LR: 3.607e-05  Time cost: 44:08/3:06:10 [44:09/37:38:57]  Acc_iter 10650       Data time: 0.00(0.00)  Forward time: 0.28(0.24)  Batch time: 0.28(0.25)
2026-08-13 14:08:56,992   INFO  a1e06a0b30c0                Thu Aug 13 14:08:56 2026  580.173.02
[0] NVIDIA GeForce RTX 3070 | 65°C,   3 % |  6289 /  8192 MB | root(5898M)

2026-08-13 14:09:09,211   INFO  Train:    1/10 ( 10%) [10699/55563 ( 19%)]  Loss: 1.347 (1.74)  LR: 3.613e-05  Time cost: 44:21/3:05:58 [44:22/37:38:56]  Acc_iter 10700       Data time: 0.00(0.00)  Forward time: 0.25(0.24)  Batch time: 0.25(0.25)
2026-08-13 14:09:21,266   INFO  Train:    1/10 ( 10%) [10749/55563 ( 19%)]  Loss: 1.457 (1.73)  LR: 3.619e-05  Time cost: 44:33/3:05:44 [44:34/37:38:24]  Acc_iter 10750       Data time: 0.00(0.00)  Forward time: 0.25(0.24)  Batch time: 0.25(0.25)
2026-08-13 14:09:33,404   INFO  Train:    1/10 ( 10%) [10799/55563 ( 19%)]  Loss: 1.688 (1.73)  LR: 3.624e-05  Time cost: 44:45/3:05:30 [44:46/37:37:57]  Acc_iter 10800       Data time: 0.00(0.00)  Forward time: 0.28(0.24)  Batch time: 0.28(0.25)
2026-08-13 14:09:33,778   INFO  a1e06a0b30c0                Thu Aug 13 14:09:33 2026  580.173.02
[0] NVIDIA GeForce RTX 3070 | 70°C,  80 % |  6289 /  8192 MB | root(5898M)

2026-08-13 14:09:45,885   INFO  Train:    1/10 ( 10%) [10849/55563 ( 20%)]  Loss: 1.550 (1.73)  LR: 3.630e-05  Time cost: 44:57/3:05:18 [44:58/37:37:47]  Acc_iter 10850       Data time: 0.00(0.00)  Forward time: 0.25(0.24)  Batch time: 0.25(0.25)
2026-08-13 14:09:48,241   INFO  Save latest model to /OpenPCDet/output/OpenPCDet/tools/cfgs/models/S/F/S_F_N/default/ckpt/latest_model
2026-08-13 14:09:58,248   INFO  Train:    1/10 ( 10%) [10899/55563 ( 20%)]  Loss: 0.7429 (1.73)  LR: 3.636e-05  Time cost: 45:10/3:05:06 [45:11/37:37:31]  Acc_iter 10900       Data time: 0.00(0.00)  Forward time: 0.22(0.24)  Batch time: 0.22(0.25)
2026-08-13 14:10:10,307   INFO  Train:    1/10 ( 10%) [10949/55563 ( 20%)]  Loss: 2.035 (1.73)  LR: 3.642e-05  Time cost: 45:22/3:04:52 [45:23/37:37:00]  Acc_iter 10950       Data time: 0.00(0.00)  Forward time: 0.26(0.24)  Batch time: 0.26(0.25)
2026-08-13 14:10:10,695   INFO  a1e06a0b30c0                Thu Aug 13 14:10:10 2026  580.173.02
[0] NVIDIA GeForce RTX 3070 | 72°C,  97 % |  6289 /  8192 MB | root(5898M)

2026-08-13 14:10:22,751   INFO  Train:    1/10 ( 10%) [10999/55563 ( 20%)]  Loss: 2.750 (1.73)  LR: 3.647e-05  Time cost: 45:34/3:04:39 [45:35/37:36:48]  Acc_iter 11000       Data time: 0.00(0.00)  Forward time: 0.26(0.24)  Batch time: 0.26(0.25)
2026-08-13 14:10:34,811   INFO  Train:    1/10 ( 10%) [11049/55563 ( 20%)]  Loss: 0.9378 (1.73)  LR: 3.653e-05  Time cost: 45:46/3:04:25 [45:47/37:36:17]  Acc_iter 11050       Data time: 0.00(0.00)  Forward time: 0.26(0.24)  Batch time: 0.27(0.25)
2026-08-13 14:10:47,063   INFO  Train:    1/10 ( 10%) [11099/55563 ( 20%)]  Loss: 2.181 (1.73)  LR: 3.659e-05  Time cost: 45:59/3:04:12 [46:00/37:35:56]  Acc_iter 11100       Data time: 0.00(0.00)  Forward time: 0.24(0.24)  Batch time: 0.25(0.25)
2026-08-13 14:10:47,485   INFO  a1e06a0b30c0                Thu Aug 13 14:10:47 2026  580.173.02
[0] NVIDIA GeForce RTX 3070 | 65°C,  90 % |  6289 /  8192 MB | root(5898M)

2026-08-13 14:10:59,567   INFO  Train:    1/10 ( 10%) [11149/55563 ( 20%)]  Loss: 1.262 (1.73)  LR: 3.665e-05  Time cost: 46:11/3:04:00 [46:12/37:35:47]  Acc_iter 11150       Data time: 0.00(0.00)  Forward time: 0.25(0.24)  Batch time: 0.25(0.25)
2026-08-13 14:11:11,662   INFO  Train:    1/10 ( 10%) [11199/55563 ( 20%)]  Loss: 1.478 (1.73)  LR: 3.671e-05  Time cost: 46:23/3:03:46 [46:24/37:35:19]  Acc_iter 11200       Data time: 0.00(0.00)  Forward time: 0.24(0.24)  Batch time: 0.24(0.25)
2026-08-13 14:11:23,429   INFO  Train:    1/10 ( 10%) [11249/55563 ( 20%)]  Loss: 1.598 (1.73)  LR: 3.677e-05  Time cost: 46:35/3:03:31 [46:36/37:34:34]  Acc_iter 11250       Data time: 0.00(0.00)  Forward time: 0.21(0.24)  Batch time: 0.21(0.25)
2026-08-13 14:11:23,809   INFO  a1e06a0b30c0                Thu Aug 13 14:11:23 2026  580.173.02
[0] NVIDIA GeForce RTX 3070 | 70°C,  95 % |  6289 /  8192 MB | root(5898M)

2026-08-13 14:11:35,968   INFO  Train:    1/10 ( 10%) [11299/55563 ( 20%)]  Loss: 1.161 (1.73)  LR: 3.683e-05  Time cost: 46:48/3:03:19 [46:49/37:34:27]  Acc_iter 11300       Data time: 0.00(0.00)  Forward time: 0.22(0.24)  Batch time: 0.22(0.25)
2026-08-13 14:11:48,297   INFO  Train:    1/10 ( 10%) [11349/55563 ( 20%)]  Loss: 0.9782 (1.73)  LR: 3.689e-05  Time cost: 47:00/3:03:06 [47:01/37:34:10]  Acc_iter 11350       Data time: 0.00(0.00)  Forward time: 0.22(0.24)  Batch time: 0.22(0.25)
2026-08-13 14:12:00,071   INFO  Train:    1/10 ( 10%) [11399/55563 ( 21%)]  Loss: 1.366 (1.72)  LR: 3.695e-05  Time cost: 47:12/3:02:51 [47:13/37:33:27]  Acc_iter 11400       Data time: 0.00(0.00)  Forward time: 0.26(0.24)  Batch time: 0.26(0.25)
2026-08-13 14:12:00,443   INFO  a1e06a0b30c0                Thu Aug 13 14:12:00 2026  580.173.02
[0] NVIDIA GeForce RTX 3070 | 65°C,  78 % |  6289 /  8192 MB | root(5898M)

2026-08-13 14:12:12,468   INFO  Train:    1/10 ( 10%) [11449/55563 ( 21%)]  Loss: 1.721 (1.72)  LR: 3.701e-05  Time cost: 47:24/3:02:39 [47:25/37:33:13]  Acc_iter 11450       Data time: 0.00(0.00)  Forward time: 0.24(0.24)  Batch time: 0.24(0.25)
2026-08-13 14:12:24,748   INFO  Train:    1/10 ( 10%) [11499/55563 ( 21%)]  Loss: 1.250 (1.72)  LR: 3.707e-05  Time cost: 47:36/3:02:26 [47:37/37:32:54]  Acc_iter 11500       Data time: 0.00(0.00)  Forward time: 0.26(0.24)  Batch time: 0.26(0.25)
2026-08-13 14:12:37,480   INFO  Train:    1/10 ( 10%) [11549/55563 ( 21%)]  Loss: 1.049 (1.72)  LR: 3.713e-05  Time cost: 47:49/3:02:15 [47:50/37:32:56]  Acc_iter 11550       Data time: 0.00(0.00)  Forward time: 0.22(0.24)  Batch time: 0.22(0.25)
2026-08-13 14:12:37,925   INFO  a1e06a0b30c0                Thu Aug 13 14:12:37 2026  580.173.02
[0] NVIDIA GeForce RTX 3070 | 63°C,   1 % |  6283 /  8192 MB | root(5898M)

2026-08-13 14:12:50,238   INFO  Train:    1/10 ( 10%) [11599/55563 ( 21%)]  Loss: 1.539 (1.72)  LR: 3.719e-05  Time cost: 48:02/3:02:04 [48:03/37:33:00]  Acc_iter 11600       Data time: 0.00(0.00)  Forward time: 0.23(0.24)  Batch time: 0.23(0.25)
2026-08-13 14:13:02,246   INFO  Train:    1/10 ( 10%) [11649/55563 ( 21%)]  Loss: 1.213 (1.72)  LR: 3.725e-05  Time cost: 48:14/3:01:50 [48:15/37:32:28]  Acc_iter 11650       Data time: 0.00(0.00)  Forward time: 0.22(0.24)  Batch time: 0.22(0.25)
2026-08-13 14:13:14,164   INFO  Train:    1/10 ( 10%) [11699/55563 ( 21%)]  Loss: 1.139 (1.72)  LR: 3.732e-05  Time cost: 48:26/3:01:35 [48:27/37:31:52]  Acc_iter 11700       Data time: 0.00(0.00)  Forward time: 0.27(0.24)  Batch time: 0.27(0.25)
2026-08-13 14:13:14,582   INFO  a1e06a0b30c0                Thu Aug 13 14:13:14 2026  580.173.02
[0] NVIDIA GeForce RTX 3070 | 67°C,  79 % |  6283 /  8192 MB | root(5898M)

2026-08-13 14:13:26,623   INFO  Train:    1/10 ( 10%) [11749/55563 ( 21%)]  Loss: 1.486 (1.72)  LR: 3.738e-05  Time cost: 48:38/3:01:23 [48:39/37:31:41]  Acc_iter 11750       Data time: 0.00(0.00)  Forward time: 0.21(0.24)  Batch time: 0.21(0.25)
2026-08-13 14:13:38,727   INFO  Train:    1/10 ( 10%) [11799/55563 ( 21%)]  Loss: 1.590 (1.72)  LR: 3.744e-05  Time cost: 48:50/3:01:09 [48:51/37:31:14]  Acc_iter 11800       Data time: 0.00(0.00)  Forward time: 0.27(0.24)  Batch time: 0.27(0.25)
2026-08-13 14:13:50,511   INFO  Train:    1/10 ( 10%) [11849/55563 ( 21%)]  Loss: 1.636 (1.72)  LR: 3.750e-05  Time cost: 49:02/3:00:55 [49:03/37:30:33]  Acc_iter 11850       Data time: 0.00(0.00)  Forward time: 0.24(0.24)  Batch time: 0.24(0.25)
2026-08-13 14:13:50,902   INFO  a1e06a0b30c0                Thu Aug 13 14:13:50 2026  580.173.02
[0] NVIDIA GeForce RTX 3070 | 63°C,   2 % |  6283 /  8192 MB | root(5898M)

2026-08-13 14:14:03,174   INFO  Train:    1/10 ( 10%) [11899/55563 ( 21%)]  Loss: 2.823 (1.72)  LR: 3.757e-05  Time cost: 49:15/3:00:43 [49:16/37:30:32]  Acc_iter 11900       Data time: 0.00(0.00)  Forward time: 0.23(0.24)  Batch time: 0.24(0.25)
2026-08-13 14:14:15,246   INFO  Train:    1/10 ( 10%) [11949/55563 ( 22%)]  Loss: 1.802 (1.72)  LR: 3.763e-05  Time cost: 49:27/3:00:29 [49:28/37:30:03]  Acc_iter 11950       Data time: 0.00(0.00)  Forward time: 0.24(0.24)  Batch time: 0.24(0.25)
2026-08-13 14:14:27,809   INFO  Train:    1/10 ( 10%) [11999/55563 ( 22%)]  Loss: 1.393 (1.71)  LR: 3.769e-05  Time cost: 49:39/3:00:18 [49:40/37:29:58]  Acc_iter 12000       Data time: 0.00(0.00)  Forward time: 0.25(0.24)  Batch time: 0.25(0.25)
2026-08-13 14:14:28,222   INFO  a1e06a0b30c0                Thu Aug 13 14:14:28 2026  580.173.02
[0] NVIDIA GeForce RTX 3070 | 68°C,  97 % |  6285 /  8192 MB | root(5898M)

2026-08-13 14:14:40,079   INFO  Train:    1/10 ( 10%) [12049/55563 ( 22%)]  Loss: 1.491 (1.71)  LR: 3.776e-05  Time cost: 49:52/3:00:05 [49:53/37:29:39]  Acc_iter 12050       Data time: 0.00(0.00)  Forward time: 0.26(0.24)  Batch time: 0.26(0.25)
2026-08-13 14:14:48,060   INFO  Save latest model to /OpenPCDet/output/OpenPCDet/tools/cfgs/models/S/F/S_F_N/default/ckpt/latest_model
2026-08-13 14:14:51,998   INFO  Train:    1/10 ( 10%) [12099/55563 ( 22%)]  Loss: 1.662 (1.71)  LR: 3.782e-05  Time cost: 50:04/2:59:50 [50:05/37:29:04]  Acc_iter 12100       Data time: 0.00(0.00)  Forward time: 0.23(0.24)  Batch time: 0.24(0.25)
2026-08-13 14:15:03,907   INFO  Train:    1/10 ( 10%) [12149/55563 ( 22%)]  Loss: 1.565 (1.71)  LR: 3.788e-05  Time cost: 50:16/2:59:36 [50:16/37:28:29]  Acc_iter 12150       Data time: 0.00(0.00)  Forward time: 0.21(0.24)  Batch time: 0.22(0.25)
2026-08-13 14:15:04,283   INFO  a1e06a0b30c0                Thu Aug 13 14:15:04 2026  580.173.02
[0] NVIDIA GeForce RTX 3070 | 69°C,  77 % |  6289 /  8192 MB | root(5898M)

2026-08-13 14:15:16,484   INFO  Train:    1/10 ( 10%) [12199/55563 ( 22%)]  Loss: 2.022 (1.71)  LR: 3.795e-05  Time cost: 50:28/2:59:24 [50:29/37:28:24]  Acc_iter 12200       Data time: 0.00(0.00)  Forward time: 0.23(0.24)  Batch time: 0.23(0.25)
2026-08-13 14:15:28,648   INFO  Train:    1/10 ( 10%) [12249/55563 ( 22%)]  Loss: 2.057 (1.71)  LR: 3.801e-05  Time cost: 50:40/2:59:11 [50:41/37:28:00]  Acc_iter 12250       Data time: 0.00(0.00)  Forward time: 0.25(0.24)  Batch time: 0.25(0.25)
2026-08-13 14:15:40,724   INFO  Train:    1/10 ( 10%) [12299/55563 ( 22%)]  Loss: 1.128 (1.71)  LR: 3.808e-05  Time cost: 50:52/2:58:58 [50:53/37:27:33]  Acc_iter 12300       Data time: 0.00(0.00)  Forward time: 0.25(0.24)  Batch time: 0.25(0.25)
2026-08-13 14:15:41,088   INFO  a1e06a0b30c0                Thu Aug 13 14:15:41 2026  580.173.02
[0] NVIDIA GeForce RTX 3070 | 68°C,  83 % |  6289 /  8192 MB | root(5898M)

2026-08-13 14:15:53,066   INFO  Train:    1/10 ( 10%) [12349/55563 ( 22%)]  Loss: 1.493 (1.71)  LR: 3.814e-05  Time cost: 51:05/2:58:45 [51:06/37:27:18]  Acc_iter 12350       Data time: 0.00(0.00)  Forward time: 0.21(0.24)  Batch time: 0.21(0.25)
2026-08-13 14:16:05,011   INFO  Train:    1/10 ( 10%) [12399/55563 ( 22%)]  Loss: 2.966 (1.71)  LR: 3.821e-05  Time cost: 51:17/2:58:31 [51:18/37:26:45]  Acc_iter 12400       Data time: 0.00(0.00)  Forward time: 0.27(0.24)  Batch time: 0.27(0.25)
2026-08-13 14:16:17,211   INFO  Train:    1/10 ( 10%) [12449/55563 ( 22%)]  Loss: 1.206 (1.71)  LR: 3.827e-05  Time cost: 51:29/2:58:18 [51:30/37:26:24]  Acc_iter 12450       Data time: 0.00(0.00)  Forward time: 0.23(0.24)  Batch time: 0.23(0.25)
2026-08-13 14:16:17,595   INFO  a1e06a0b30c0                Thu Aug 13 14:16:17 2026  580.173.02
[0] NVIDIA GeForce RTX 3070 | 68°C,  97 % |  6289 /  8192 MB | root(5898M)

2026-08-13 14:16:29,418   INFO  Train:    1/10 ( 10%) [12499/55563 ( 22%)]  Loss: 1.786 (1.71)  LR: 3.834e-05  Time cost: 51:41/2:58:05 [51:42/37:26:03]  Acc_iter 12500       Data time: 0.00(0.00)  Forward time: 0.24(0.24)  Batch time: 0.24(0.25)
2026-08-13 14:16:41,598   INFO  Train:    1/10 ( 10%) [12549/55563 ( 23%)]  Loss: 2.175 (1.71)  LR: 3.841e-05  Time cost: 51:53/2:57:51 [51:54/37:25:40]  Acc_iter 12550       Data time: 0.00(0.00)  Forward time: 0.25(0.24)  Batch time: 0.25(0.25)
2026-08-13 14:16:53,593   INFO  Train:    1/10 ( 10%) [12599/55563 ( 23%)]  Loss: 0.8548 (1.71)  LR: 3.847e-05  Time cost: 52:05/2:57:38 [52:06/37:25:10]  Acc_iter 12600       Data time: 0.00(0.00)  Forward time: 0.26(0.24)  Batch time: 0.26(0.25)
2026-08-13 14:16:54,078   INFO  a1e06a0b30c0                Thu Aug 13 14:16:54 2026  580.173.02
[0] NVIDIA GeForce RTX 3070 | 65°C,   4 % |  6289 /  8192 MB | root(5898M)

2026-08-13 14:17:06,061   INFO  Train:    1/10 ( 10%) [12649/55563 ( 23%)]  Loss: 1.832 (1.71)  LR: 3.854e-05  Time cost: 52:18/2:57:25 [52:19/37:25:01]  Acc_iter 12650       Data time: 0.00(0.00)  Forward time: 0.24(0.24)  Batch time: 0.24(0.25)
2026-08-13 14:17:18,184   INFO  Train:    1/10 ( 10%) [12699/55563 ( 23%)]  Loss: 1.736 (1.71)  LR: 3.861e-05  Time cost: 52:30/2:57:12 [52:31/37:24:36]  Acc_iter 12700       Data time: 0.00(0.00)  Forward time: 0.25(0.24)  Batch time: 0.25(0.25)
2026-08-13 14:17:30,136   INFO  Train:    1/10 ( 10%) [12749/55563 ( 23%)]  Loss: 2.342 (1.70)  LR: 3.867e-05  Time cost: 52:42/2:56:58 [52:43/37:24:05]  Acc_iter 12750       Data time: 0.00(0.00)  Forward time: 0.24(0.24)  Batch time: 0.24(0.25)
2026-08-13 14:17:30,556   INFO  a1e06a0b30c0                Thu Aug 13 14:17:30 2026  580.173.02
[0] NVIDIA GeForce RTX 3070 | 66°C,  82 % |  6282 /  8192 MB | root(5898M)

2026-08-13 14:17:42,613   INFO  Train:    1/10 ( 10%) [12799/55563 ( 23%)]  Loss: 1.251 (1.70)  LR: 3.874e-05  Time cost: 52:54/2:56:46 [52:55/37:23:55]  Acc_iter 12800       Data time: 0.00(0.00)  Forward time: 0.26(0.24)  Batch time: 0.26(0.25)
2026-08-13 14:17:54,605   INFO  Train:    1/10 ( 10%) [12849/55563 ( 23%)]  Loss: 0.5379 (1.70)  LR: 3.881e-05  Time cost: 53:06/2:56:32 [53:07/37:23:26]  Acc_iter 12850       Data time: 0.00(0.00)  Forward time: 0.25(0.24)  Batch time: 0.26(0.25)
2026-08-13 14:18:06,757   INFO  Train:    1/10 ( 10%) [12899/55563 ( 23%)]  Loss: 2.398 (1.70)  LR: 3.888e-05  Time cost: 53:18/2:56:19 [53:19/37:23:03]  Acc_iter 12900       Data time: 0.00(0.00)  Forward time: 0.25(0.24)  Batch time: 0.25(0.25)
2026-08-13 14:18:07,146   INFO  a1e06a0b30c0                Thu Aug 13 14:18:07 2026  580.173.02
[0] NVIDIA GeForce RTX 3070 | 71°C,  64 % |  6288 /  8192 MB | root(5898M)

2026-08-13 14:18:19,352   INFO  Train:    1/10 ( 10%) [12949/55563 ( 23%)]  Loss: 1.474 (1.70)  LR: 3.895e-05  Time cost: 53:31/2:56:07 [53:32/37:22:59]  Acc_iter 12950       Data time: 0.00(0.00)  Forward time: 0.22(0.24)  Batch time: 0.22(0.25)
2026-08-13 14:18:31,496   INFO  Train:    1/10 ( 10%) [12999/55563 ( 23%)]  Loss: 1.543 (1.70)  LR: 3.901e-05  Time cost: 53:43/2:55:54 [53:44/37:22:36]  Acc_iter 13000       Data time: 0.00(0.00)  Forward time: 0.24(0.24)  Batch time: 0.24(0.25)
2026-08-13 14:18:43,538   INFO  Train:    1/10 ( 10%) [13049/55563 ( 23%)]  Loss: 1.318 (1.70)  LR: 3.908e-05  Time cost: 53:55/2:55:41 [53:56/37:22:08]  Acc_iter 13050       Data time: 0.00(0.00)  Forward time: 0.22(0.24)  Batch time: 0.22(0.25)
2026-08-13 14:18:43,919   INFO  a1e06a0b30c0                Thu Aug 13 14:18:43 2026  580.173.02
[0] NVIDIA GeForce RTX 3070 | 65°C,   2 % |  6289 /  8192 MB | root(5898M)

2026-08-13 14:18:56,075   INFO  Train:    1/10 ( 10%) [13099/55563 ( 24%)]  Loss: 1.153 (1.70)  LR: 3.915e-05  Time cost: 54:08/2:55:29 [54:09/37:22:02]  Acc_iter 13100       Data time: 0.00(0.00)  Forward time: 0.25(0.24)  Batch time: 0.25(0.25)
2026-08-13 14:19:08,081   INFO  Train:    1/10 ( 10%) [13149/55563 ( 24%)]  Loss: 1.533 (1.70)  LR: 3.922e-05  Time cost: 54:20/2:55:15 [54:21/37:21:33]  Acc_iter 13150       Data time: 0.00(0.00)  Forward time: 0.21(0.24)  Batch time: 0.22(0.25)
2026-08-13 14:19:20,130   INFO  Train:    1/10 ( 10%) [13199/55563 ( 24%)]  Loss: 2.364 (1.70)  LR: 3.929e-05  Time cost: 54:32/2:55:01 [54:33/37:21:07]  Acc_iter 13200       Data time: 0.00(0.00)  Forward time: 0.25(0.24)  Batch time: 0.25(0.25)
2026-08-13 14:19:20,507   INFO  a1e06a0b30c0                Thu Aug 13 14:19:20 2026  580.173.02
[0] NVIDIA GeForce RTX 3070 | 66°C,  93 % |  6289 /  8192 MB | root(5898M)

2026-08-13 14:19:32,617   INFO  Train:    1/10 ( 10%) [13249/55563 ( 24%)]  Loss: 0.8867 (1.70)  LR: 3.936e-05  Time cost: 54:44/2:54:49 [54:45/37:20:58]  Acc_iter 13250       Data time: 0.00(0.00)  Forward time: 0.24(0.24)  Batch time: 0.24(0.25)
2026-08-13 14:19:44,993   INFO  Train:    1/10 ( 10%) [13299/55563 ( 24%)]  Loss: 1.827 (1.70)  LR: 3.943e-05  Time cost: 54:57/2:54:37 [54:58/37:20:45]  Acc_iter 13300       Data time: 0.00(0.00)  Forward time: 0.24(0.24)  Batch time: 0.24(0.25)
2026-08-13 14:19:48,112   INFO  Save latest model to /OpenPCDet/output/OpenPCDet/tools/cfgs/models/S/F/S_F_N/default/ckpt/latest_model
2026-08-13 14:19:57,256   INFO  Train:    1/10 ( 10%) [13349/55563 ( 24%)]  Loss: 1.245 (1.70)  LR: 3.950e-05  Time cost: 55:09/2:54:24 [55:10/37:20:27]  Acc_iter 13350       Data time: 0.00(0.00)  Forward time: 0.22(0.24)  Batch time: 0.22(0.25)
2026-08-13 14:19:57,636   INFO  a1e06a0b30c0                Thu Aug 13 14:19:57 2026  580.173.02
[0] NVIDIA GeForce RTX 3070 | 72°C,  96 % |  6289 /  8192 MB | root(5898M)

2026-08-13 14:20:09,528   INFO  Train:    1/10 ( 10%) [13399/55563 ( 24%)]  Loss: 4.090 (1.70)  LR: 3.957e-05  Time cost: 55:21/2:54:11 [55:22/37:20:10]  Acc_iter 13400       Data time: 0.00(0.00)  Forward time: 0.22(0.24)  Batch time: 0.22(0.25)
2026-08-13 14:20:21,647   INFO  Train:    1/10 ( 10%) [13449/55563 ( 24%)]  Loss: 1.205 (1.70)  LR: 3.964e-05  Time cost: 55:33/2:53:58 [55:34/37:19:46]  Acc_iter 13450       Data time: 0.00(0.00)  Forward time: 0.25(0.24)  Batch time: 0.26(0.25)
2026-08-13 14:20:33,916   INFO  Train:    1/10 ( 10%) [13499/55563 ( 24%)]  Loss: 1.735 (1.69)  LR: 3.971e-05  Time cost: 55:46/2:53:45 [55:46/37:19:29]  Acc_iter 13500       Data time: 0.00(0.00)  Forward time: 0.22(0.24)  Batch time: 0.22(0.25)
2026-08-13 14:20:34,300   INFO  a1e06a0b30c0                Thu Aug 13 14:20:34 2026  580.173.02
[0] NVIDIA GeForce RTX 3070 | 71°C,  75 % |  6289 /  8192 MB | root(5898M)

2026-08-13 14:20:46,690   INFO  Train:    1/10 ( 10%) [13549/55563 ( 24%)]  Loss: 1.588 (1.69)  LR: 3.978e-05  Time cost: 55:58/2:53:34 [55:59/37:19:32]  Acc_iter 13550       Data time: 0.00(0.00)  Forward time: 0.20(0.24)  Batch time: 0.20(0.25)
2026-08-13 14:20:58,427   INFO  Train:    1/10 ( 10%) [13599/55563 ( 24%)]  Loss: 1.550 (1.69)  LR: 3.985e-05  Time cost: 56:10/2:53:20 [56:11/37:18:53]  Acc_iter 13600       Data time: 0.00(0.00)  Forward time: 0.24(0.24)  Batch time: 0.24(0.25)
2026-08-13 14:21:10,225   INFO  Train:    1/10 ( 10%) [13649/55563 ( 25%)]  Loss: 1.206 (1.69)  LR: 3.993e-05  Time cost: 56:22/2:53:05 [56:23/37:18:17]  Acc_iter 13650       Data time: 0.00(0.00)  Forward time: 0.21(0.24)  Batch time: 0.21(0.25)
2026-08-13 14:21:10,602   INFO  a1e06a0b30c0                Thu Aug 13 14:21:10 2026  580.173.02
[0] NVIDIA GeForce RTX 3070 | 70°C,  97 % |  6289 /  8192 MB | root(5898M)

2026-08-13 14:21:22,600   INFO  Train:    1/10 ( 10%) [13699/55563 ( 25%)]  Loss: 0.9592 (1.69)  LR: 4.000e-05  Time cost: 56:34/2:52:53 [56:35/37:18:04]  Acc_iter 13700       Data time: 0.00(0.00)  Forward time: 0.23(0.24)  Batch time: 0.24(0.25)
2026-08-13 14:21:35,417   INFO  Train:    1/10 ( 10%) [13749/55563 ( 25%)]  Loss: 2.135 (1.69)  LR: 4.007e-05  Time cost: 56:47/2:52:42 [56:48/37:18:09]  Acc_iter 13750       Data time: 0.00(0.00)  Forward time: 0.26(0.24)  Batch time: 0.26(0.25)
2026-08-13 14:21:47,511   INFO  Train:    1/10 ( 10%) [13799/55563 ( 25%)]  Loss: 2.010 (1.69)  LR: 4.014e-05  Time cost: 56:59/2:52:29 [57:00/37:17:45]  Acc_iter 13800       Data time: 0.00(0.00)  Forward time: 0.20(0.24)  Batch time: 0.20(0.25)
2026-08-13 14:21:47,895   INFO  a1e06a0b30c0                Thu Aug 13 14:21:47 2026  580.173.02
[0] NVIDIA GeForce RTX 3070 | 72°C,  86 % |  6288 /  8192 MB | root(5898M)

2026-08-13 14:21:59,783   INFO  Train:    1/10 ( 10%) [13849/55563 ( 25%)]  Loss: 1.742 (1.69)  LR: 4.022e-05  Time cost: 57:11/2:52:16 [57:12/37:17:28]  Acc_iter 13850       Data time: 0.00(0.00)  Forward time: 0.21(0.24)  Batch time: 0.21(0.25)
2026-08-13 14:22:11,652   INFO  Train:    1/10 ( 10%) [13899/55563 ( 25%)]  Loss: 1.354 (1.69)  LR: 4.029e-05  Time cost: 57:23/2:52:02 [57:24/37:16:55]  Acc_iter 13900       Data time: 0.00(0.00)  Forward time: 0.24(0.24)  Batch time: 0.25(0.25)
2026-08-13 14:22:23,871   INFO  Train:    1/10 ( 10%) [13949/55563 ( 25%)]  Loss: 1.477 (1.69)  LR: 4.036e-05  Time cost: 57:35/2:51:49 [57:36/37:16:36]  Acc_iter 13950       Data time: 0.00(0.00)  Forward time: 0.24(0.24)  Batch time: 0.24(0.25)
2026-08-13 14:22:24,299   INFO  a1e06a0b30c0                Thu Aug 13 14:22:24 2026  580.173.02
[0] NVIDIA GeForce RTX 3070 | 72°C,  73 % |  6282 /  8192 MB | root(5898M)

2026-08-13 14:22:36,725   INFO  Train:    1/10 ( 10%) [13999/55563 ( 25%)]  Loss: 1.216 (1.69)  LR: 4.043e-05  Time cost: 57:48/2:51:38 [57:49/37:16:42]  Acc_iter 14000       Data time: 0.00(0.00)  Forward time: 0.23(0.24)  Batch time: 0.23(0.25)
2026-08-13 14:22:48,623   INFO  Train:    1/10 ( 10%) [14049/55563 ( 25%)]  Loss: 1.824 (1.69)  LR: 4.051e-05  Time cost: 58:00/2:51:24 [58:01/37:16:10]  Acc_iter 14050       Data time: 0.00(0.00)  Forward time: 0.27(0.24)  Batch time: 0.27(0.25)
2026-08-13 14:23:00,465   INFO  Train:    1/10 ( 10%) [14099/55563 ( 25%)]  Loss: 1.202 (1.68)  LR: 4.058e-05  Time cost: 58:12/2:51:10 [58:13/37:15:37]  Acc_iter 14100       Data time: 0.00(0.00)  Forward time: 0.25(0.24)  Batch time: 0.25(0.25)
2026-08-13 14:23:00,837   INFO  a1e06a0b30c0                Thu Aug 13 14:23:00 2026  580.173.02
[0] NVIDIA GeForce RTX 3070 | 73°C,  75 % |  6282 /  8192 MB | root(5898M)

2026-08-13 14:23:13,034   INFO  Train:    1/10 ( 10%) [14149/55563 ( 25%)]  Loss: 1.214 (1.68)  LR: 4.066e-05  Time cost: 58:25/2:50:58 [58:26/37:15:32]  Acc_iter 14150       Data time: 0.00(0.00)  Forward time: 0.23(0.24)  Batch time: 0.23(0.25)
2026-08-13 14:23:25,534   INFO  Train:    1/10 ( 10%) [14199/55563 ( 26%)]  Loss: 1.255 (1.68)  LR: 4.073e-05  Time cost: 58:37/2:50:46 [58:38/37:15:24]  Acc_iter 14200       Data time: 0.00(0.00)  Forward time: 0.22(0.24)  Batch time: 0.22(0.25)
2026-08-13 14:23:37,462   INFO  Train:    1/10 ( 10%) [14249/55563 ( 26%)]  Loss: 1.522 (1.68)  LR: 4.081e-05  Time cost: 58:49/2:50:33 [58:50/37:14:54]  Acc_iter 14250       Data time: 0.00(0.00)  Forward time: 0.25(0.24)  Batch time: 0.25(0.25)
2026-08-13 14:23:37,849   INFO  a1e06a0b30c0                Thu Aug 13 14:23:37 2026  580.173.02
[0] NVIDIA GeForce RTX 3070 | 71°C,  70 % |  6283 /  8192 MB | root(5898M)

2026-08-13 14:23:49,654   INFO  Train:    1/10 ( 10%) [14299/55563 ( 26%)]  Loss: 1.013 (1.68)  LR: 4.088e-05  Time cost: 59:01/2:50:20 [59:02/37:14:34]  Acc_iter 14300       Data time: 0.00(0.00)  Forward time: 0.26(0.24)  Batch time: 0.26(0.25)
2026-08-13 14:24:01,566   INFO  Train:    1/10 ( 10%) [14349/55563 ( 26%)]  Loss: 1.984 (1.68)  LR: 4.096e-05  Time cost: 59:13/2:50:06 [59:14/37:14:04]  Acc_iter 14350       Data time: 0.00(0.00)  Forward time: 0.21(0.24)  Batch time: 0.21(0.25)
2026-08-13 14:24:13,845   INFO  Train:    1/10 ( 10%) [14399/55563 ( 26%)]  Loss: 1.217 (1.68)  LR: 4.103e-05  Time cost: 59:25/2:49:53 [59:26/37:13:48]  Acc_iter 14400       Data time: 0.00(0.00)  Forward time: 0.23(0.24)  Batch time: 0.23(0.25)
2026-08-13 14:24:14,232   INFO  a1e06a0b30c0                Thu Aug 13 14:24:14 2026  580.173.02
[0] NVIDIA GeForce RTX 3070 | 70°C,  90 % |  6289 /  8192 MB | root(5898M)

2026-08-13 14:24:26,524   INFO  Train:    1/10 ( 10%) [14449/55563 ( 26%)]  Loss: 2.201 (1.68)  LR: 4.111e-05  Time cost: 59:38/2:49:42 [59:39/37:13:47]  Acc_iter 14450       Data time: 0.00(0.00)  Forward time: 0.24(0.24)  Batch time: 0.24(0.25)
2026-08-13 14:24:38,629   INFO  Train:    1/10 ( 10%) [14499/55563 ( 26%)]  Loss: 3.045 (1.68)  LR: 4.118e-05  Time cost: 59:50/2:49:28 [59:51/37:13:24]  Acc_iter 14500       Data time: 0.00(0.00)  Forward time: 0.24(0.24)  Batch time: 0.24(0.25)
2026-08-13 14:24:48,044   INFO  Save latest model to /OpenPCDet/output/OpenPCDet/tools/cfgs/models/S/F/S_F_N/default/ckpt/latest_model
2026-08-13 14:24:50,677   INFO  Train:    1/10 ( 10%) [14549/55563 ( 26%)]  Loss: 1.336 (1.68)  LR: 4.126e-05  Time cost: 1:00:02/2:49:15 [1:00:03/37:12:59]  Acc_iter 14550       Data time: 0.00(0.00)  Forward time: 0.26(0.24)  Batch time: 0.26(0.25)
2026-08-13 14:24:51,098   INFO  a1e06a0b30c0                Thu Aug 13 14:24:51 2026  580.173.02
[0] NVIDIA GeForce RTX 3070 | 64°C,  13 % |  6289 /  8192 MB | root(5898M)

2026-08-13 14:25:03,244   INFO  Train:    1/10 ( 10%) [14599/55563 ( 26%)]  Loss: 1.945 (1.68)  LR: 4.134e-05  Time cost: 1:00:15/2:49:03 [1:00:16/37:12:53]  Acc_iter 14600       Data time: 0.00(0.00)  Forward time: 0.28(0.24)  Batch time: 0.29(0.25)
2026-08-13 14:25:15,471   INFO  Train:    1/10 ( 10%) [14649/55563 ( 26%)]  Loss: 2.149 (1.68)  LR: 4.141e-05  Time cost: 1:00:27/2:48:50 [1:00:28/37:12:35]  Acc_iter 14650       Data time: 0.00(0.00)  Forward time: 0.27(0.24)  Batch time: 0.27(0.25)
2026-08-13 14:25:27,393   INFO  Train:    1/10 ( 10%) [14699/55563 ( 26%)]  Loss: 1.502 (1.68)  LR: 4.149e-05  Time cost: 1:00:39/2:48:37 [1:00:40/37:12:06]  Acc_iter 14700       Data time: 0.00(0.00)  Forward time: 0.22(0.24)  Batch time: 0.22(0.25)
2026-08-13 14:25:27,773   INFO  a1e06a0b30c0                Thu Aug 13 14:25:27 2026  580.173.02
[0] NVIDIA GeForce RTX 3070 | 69°C,  72 % |  6289 /  8192 MB | root(5898M)

2026-08-13 14:25:39,803   INFO  Train:    1/10 ( 10%) [14749/55563 ( 27%)]  Loss: 1.552 (1.68)  LR: 4.157e-05  Time cost: 1:00:51/2:48:25 [1:00:52/37:11:55]  Acc_iter 14750       Data time: 0.00(0.00)  Forward time: 0.21(0.24)  Batch time: 0.21(0.25)
2026-08-13 14:25:52,133   INFO  Train:    1/10 ( 10%) [14799/55563 ( 27%)]  Loss: 1.062 (1.68)  LR: 4.164e-05  Time cost: 1:01:04/2:48:12 [1:01:05/37:11:41]  Acc_iter 14800       Data time: 0.00(0.00)  Forward time: 0.24(0.24)  Batch time: 0.24(0.25)
2026-08-13 14:26:04,385   INFO  Train:    1/10 ( 10%) [14849/55563 ( 27%)]  Loss: 1.126 (1.68)  LR: 4.172e-05  Time cost: 1:01:16/2:47:59 [1:01:17/37:11:24]  Acc_iter 14850       Data time: 0.00(0.00)  Forward time: 0.26(0.24)  Batch time: 0.26(0.25)
2026-08-13 14:26:04,838   INFO  a1e06a0b30c0                Thu Aug 13 14:26:04 2026  580.173.02
[0] NVIDIA GeForce RTX 3070 | 68°C,  79 % |  6288 /  8192 MB | root(5898M)

2026-08-13 14:26:16,732   INFO  Train:    1/10 ( 10%) [14899/55563 ( 27%)]  Loss: 1.536 (1.68)  LR: 4.180e-05  Time cost: 1:01:28/2:47:47 [1:01:29/37:11:10]  Acc_iter 14900       Data time: 0.00(0.00)  Forward time: 0.25(0.24)  Batch time: 0.25(0.25)
2026-08-13 14:26:28,539   INFO  Train:    1/10 ( 10%) [14949/55563 ( 27%)]  Loss: 0.7711 (1.68)  LR: 4.188e-05  Time cost: 1:01:40/2:47:33 [1:01:41/37:10:37]  Acc_iter 14950       Data time: 0.00(0.00)  Forward time: 0.21(0.24)  Batch time: 0.22(0.25)
2026-08-13 14:26:40,552   INFO  Train:    1/10 ( 10%) [14999/55563 ( 27%)]  Loss: 1.753 (1.68)  LR: 4.196e-05  Time cost: 1:01:52/2:47:20 [1:01:53/37:10:12]  Acc_iter 15000       Data time: 0.00(0.00)  Forward time: 0.25(0.24)  Batch time: 0.26(0.25)
2026-08-13 14:26:40,930   INFO  a1e06a0b30c0                Thu Aug 13 14:26:40 2026  580.173.02
[0] NVIDIA GeForce RTX 3070 | 69°C,  91 % |  6293 /  8192 MB | root(5898M)

2026-08-13 14:26:53,276   INFO  Train:    1/10 ( 10%) [15049/55563 ( 27%)]  Loss: 1.613 (1.68)  LR: 4.203e-05  Time cost: 1:02:05/2:47:08 [1:02:06/37:10:12]  Acc_iter 15050       Data time: 0.00(0.00)  Forward time: 0.27(0.24)  Batch time: 0.27(0.25)
2026-08-13 14:27:05,279   INFO  Train:    1/10 ( 10%) [15099/55563 ( 27%)]  Loss: 1.614 (1.67)  LR: 4.211e-05  Time cost: 1:02:17/2:46:55 [1:02:18/37:09:46]  Acc_iter 15100       Data time: 0.00(0.00)  Forward time: 0.26(0.24)  Batch time: 0.26(0.25)
2026-08-13 14:27:17,315   INFO  Train:    1/10 ( 10%) [15149/55563 ( 27%)]  Loss: 1.597 (1.67)  LR: 4.219e-05  Time cost: 1:02:29/2:46:41 [1:02:30/37:09:22]  Acc_iter 15150       Data time: 0.00(0.00)  Forward time: 0.26(0.24)  Batch time: 0.26(0.25)
2026-08-13 14:27:17,691   INFO  a1e06a0b30c0                Thu Aug 13 14:27:17 2026  580.173.02
[0] NVIDIA GeForce RTX 3070 | 69°C,  91 % |  6282 /  8192 MB | root(5898M)

2026-08-13 14:27:29,626   INFO  Train:    1/10 ( 10%) [15199/55563 ( 27%)]  Loss: 0.6186 (1.67)  LR: 4.227e-05  Time cost: 1:02:41/2:46:29 [1:02:42/37:09:07]  Acc_iter 15200       Data time: 0.00(0.00)  Forward time: 0.26(0.24)  Batch time: 0.26(0.25)
2026-08-13 14:27:41,455   INFO  Train:    1/10 ( 10%) [15249/55563 ( 27%)]  Loss: 0.8578 (1.67)  LR: 4.235e-05  Time cost: 1:02:53/2:46:15 [1:02:54/37:08:35]  Acc_iter 15250       Data time: 0.00(0.00)  Forward time: 0.22(0.24)  Batch time: 0.22(0.25)
2026-08-13 14:27:53,852   INFO  Train:    1/10 ( 10%) [15299/55563 ( 28%)]  Loss: 1.840 (1.67)  LR: 4.243e-05  Time cost: 1:03:05/2:46:03 [1:03:06/37:08:24]  Acc_iter 15300       Data time: 0.00(0.00)  Forward time: 0.25(0.24)  Batch time: 0.26(0.25)
2026-08-13 14:27:54,260   INFO  a1e06a0b30c0                Thu Aug 13 14:27:54 2026  580.173.02
[0] NVIDIA GeForce RTX 3070 | 68°C,  94 % |  6282 /  8192 MB | root(5898M)

2026-08-13 14:28:06,456   INFO  Train:    1/10 ( 10%) [15349/55563 ( 28%)]  Loss: 1.453 (1.67)  LR: 4.251e-05  Time cost: 1:03:18/2:45:51 [1:03:19/37:08:20]  Acc_iter 15350       Data time: 0.00(0.00)  Forward time: 0.24(0.24)  Batch time: 0.24(0.25)
2026-08-13 14:28:18,536   INFO  Train:    1/10 ( 10%) [15399/55563 ( 28%)]  Loss: 1.569 (1.67)  LR: 4.259e-05  Time cost: 1:03:30/2:45:38 [1:03:31/37:07:57]  Acc_iter 15400       Data time: 0.00(0.00)  Forward time: 0.25(0.24)  Batch time: 0.25(0.25)
2026-08-13 14:28:30,583   INFO  Train:    1/10 ( 10%) [15449/55563 ( 28%)]  Loss: 1.741 (1.67)  LR: 4.267e-05  Time cost: 1:03:42/2:45:25 [1:03:43/37:07:33]  Acc_iter 15450       Data time: 0.00(0.00)  Forward time: 0.26(0.24)  Batch time: 0.26(0.25)
2026-08-13 14:28:30,968   INFO  a1e06a0b30c0                Thu Aug 13 14:28:30 2026  580.173.02
[0] NVIDIA GeForce RTX 3070 | 64°C,   1 % |  6282 /  8192 MB | root(5898M)

2026-08-13 14:28:43,331   INFO  Train:    1/10 ( 10%) [15499/55563 ( 28%)]  Loss: 1.356 (1.67)  LR: 4.275e-05  Time cost: 1:03:55/2:45:13 [1:03:56/37:07:34]  Acc_iter 15500       Data time: 0.00(0.00)  Forward time: 0.24(0.24)  Batch time: 0.24(0.25)
2026-08-13 14:28:55,551   INFO  Train:    1/10 ( 10%) [15549/55563 ( 28%)]  Loss: 0.9334 (1.67)  LR: 4.283e-05  Time cost: 1:04:07/2:45:00 [1:04:08/37:07:16]  Acc_iter 15550       Data time: 0.00(0.00)  Forward time: 0.25(0.24)  Batch time: 0.25(0.25)
2026-08-13 14:29:07,261   INFO  Train:    1/10 ( 10%) [15599/55563 ( 28%)]  Loss: 1.167 (1.67)  LR: 4.292e-05  Time cost: 1:04:19/2:44:46 [1:04:20/37:06:41]  Acc_iter 15600       Data time: 0.00(0.00)  Forward time: 0.24(0.24)  Batch time: 0.24(0.25)
2026-08-13 14:29:07,642   INFO  a1e06a0b30c0                Thu Aug 13 14:29:07 2026  580.173.02
[0] NVIDIA GeForce RTX 3070 | 69°C,  99 % |  6283 /  8192 MB | root(5898M)

2026-08-13 14:29:19,528   INFO  Train:    1/10 ( 10%) [15649/55563 ( 28%)]  Loss: 1.047 (1.67)  LR: 4.300e-05  Time cost: 1:04:31/2:44:34 [1:04:32/37:06:25]  Acc_iter 15650       Data time: 0.00(0.00)  Forward time: 0.20(0.24)  Batch time: 0.20(0.25)
2026-08-13 14:29:31,288   INFO  Train:    1/10 ( 10%) [15699/55563 ( 28%)]  Loss: 1.724 (1.67)  LR: 4.308e-05  Time cost: 1:04:43/2:44:20 [1:04:44/37:05:52]  Acc_iter 15700       Data time: 0.00(0.00)  Forward time: 0.23(0.24)  Batch time: 0.23(0.25)
2026-08-13 14:29:43,571   INFO  Train:    1/10 ( 10%) [15749/55563 ( 28%)]  Loss: 2.005 (1.67)  LR: 4.316e-05  Time cost: 1:04:55/2:44:07 [1:04:56/37:05:36]  Acc_iter 15750       Data time: 0.00(0.00)  Forward time: 0.28(0.24)  Batch time: 0.28(0.25)
2026-08-13 14:29:44,052   INFO  a1e06a0b30c0                Thu Aug 13 14:29:44 2026  580.173.02
[0] NVIDIA GeForce RTX 3070 | 64°C,   1 % |  6293 /  8192 MB | root(5898M)

2026-08-13 14:29:48,179   INFO  Save latest model to /OpenPCDet/output/OpenPCDet/tools/cfgs/models/S/F/S_F_N/default/ckpt/latest_model
2026-08-13 14:29:56,349   INFO  Train:    1/10 ( 10%) [15799/55563 ( 28%)]  Loss: 1.974 (1.67)  LR: 4.324e-05  Time cost: 1:05:08/2:43:56 [1:05:09/37:05:38]  Acc_iter 15800       Data time: 0.00(0.00)  Forward time: 0.23(0.24)  Batch time: 0.23(0.25)
2026-08-13 14:30:08,487   INFO  Train:    1/10 ( 10%) [15849/55563 ( 29%)]  Loss: 1.071 (1.67)  LR: 4.333e-05  Time cost: 1:05:20/2:43:43 [1:05:21/37:05:18]  Acc_iter 15850       Data time: 0.00(0.00)  Forward time: 0.25(0.24)  Batch time: 0.25(0.25)
2026-08-13 14:30:20,458   INFO  Train:    1/10 ( 10%) [15899/55563 ( 29%)]  Loss: 1.554 (1.67)  LR: 4.341e-05  Time cost: 1:05:32/2:43:30 [1:05:33/37:04:52]  Acc_iter 15900       Data time: 0.00(0.00)  Forward time: 0.26(0.24)  Batch time: 0.27(0.25)
2026-08-13 14:30:20,836   INFO  a1e06a0b30c0                Thu Aug 13 14:30:20 2026  580.173.02
[0] NVIDIA GeForce RTX 3070 | 71°C,  75 % |  6289 /  8192 MB | root(5898M)

2026-08-13 14:30:33,372   INFO  Train:    1/10 ( 10%) [15949/55563 ( 29%)]  Loss: 1.135 (1.66)  LR: 4.349e-05  Time cost: 1:05:45/2:43:19 [1:05:46/37:04:58]  Acc_iter 15950       Data time: 0.00(0.00)  Forward time: 0.24(0.24)  Batch time: 0.24(0.25)
2026-08-13 14:30:45,531   INFO  Train:    1/10 ( 10%) [15999/55563 ( 29%)]  Loss: 1.257 (1.66)  LR: 4.358e-05  Time cost: 1:05:57/2:43:06 [1:05:58/37:04:39]  Acc_iter 16000       Data time: 0.00(0.00)  Forward time: 0.20(0.24)  Batch time: 0.20(0.25)
2026-08-13 14:30:57,449   INFO  Train:    1/10 ( 10%) [16049/55563 ( 29%)]  Loss: 0.4967 (1.66)  LR: 4.366e-05  Time cost: 1:06:09/2:42:52 [1:06:10/37:04:11]  Acc_iter 16050       Data time: 0.00(0.00)  Forward time: 0.20(0.24)  Batch time: 0.20(0.25)
2026-08-13 14:30:57,825   INFO  a1e06a0b30c0                Thu Aug 13 14:30:57 2026  580.173.02
[0] NVIDIA GeForce RTX 3070 | 71°C,  84 % |  6289 /  8192 MB | root(5898M)

2026-08-13 14:31:09,865   INFO  Train:    1/10 ( 10%) [16099/55563 ( 29%)]  Loss: 1.810 (1.66)  LR: 4.374e-05  Time cost: 1:06:21/2:42:40 [1:06:22/37:04:01]  Acc_iter 16100       Data time: 0.00(0.00)  Forward time: 0.21(0.24)  Batch time: 0.22(0.25)
2026-08-13 14:31:22,036   INFO  Train:    1/10 ( 10%) [16149/55563 ( 29%)]  Loss: 1.313 (1.66)  LR: 4.383e-05  Time cost: 1:06:34/2:42:27 [1:06:35/37:03:42]  Acc_iter 16150       Data time: 0.00(0.00)  Forward time: 0.27(0.24)  Batch time: 0.28(0.25)
2026-08-13 14:31:34,474   INFO  Train:    1/10 ( 10%) [16199/55563 ( 29%)]  Loss: 1.343 (1.66)  LR: 4.391e-05  Time cost: 1:06:46/2:42:15 [1:06:47/37:03:32]  Acc_iter 16200       Data time: 0.00(0.00)  Forward time: 0.24(0.24)  Batch time: 0.24(0.25)
2026-08-13 14:31:34,854   INFO  a1e06a0b30c0                Thu Aug 13 14:31:34 2026  580.173.02
[0] NVIDIA GeForce RTX 3070 | 70°C,  87 % |  6288 /  8192 MB | root(5898M)

2026-08-13 14:31:46,888   INFO  Train:    1/10 ( 10%) [16249/55563 ( 29%)]  Loss: 0.6447 (1.66)  LR: 4.400e-05  Time cost: 1:06:59/2:42:03 [1:06:59/37:03:21]  Acc_iter 16250       Data time: 0.00(0.00)  Forward time: 0.22(0.24)  Batch time: 0.22(0.25)
2026-08-13 14:31:58,836   INFO  Train:    1/10 ( 10%) [16299/55563 ( 29%)]  Loss: 1.337 (1.66)  LR: 4.408e-05  Time cost: 1:07:10/2:41:49 [1:07:11/37:02:55]  Acc_iter 16300       Data time: 0.00(0.00)  Forward time: 0.20(0.24)  Batch time: 0.20(0.25)
2026-08-13 14:32:10,918   INFO  Train:    1/10 ( 10%) [16349/55563 ( 29%)]  Loss: 1.190 (1.66)  LR: 4.416e-05  Time cost: 1:07:23/2:41:36 [1:07:23/37:02:33]  Acc_iter 16350       Data time: 0.00(0.00)  Forward time: 0.23(0.24)  Batch time: 0.23(0.25)
2026-08-13 14:32:11,296   INFO  a1e06a0b30c0                Thu Aug 13 14:32:11 2026  580.173.02
[0] NVIDIA GeForce RTX 3070 | 71°C,  93 % |  6288 /  8192 MB | root(5898M)

2026-08-13 14:32:23,691   INFO  Train:    1/10 ( 10%) [16399/55563 ( 30%)]  Loss: 1.546 (1.66)  LR: 4.425e-05  Time cost: 1:07:35/2:41:25 [1:07:36/37:02:34]  Acc_iter 16400       Data time: 0.00(0.00)  Forward time: 0.25(0.24)  Batch time: 0.25(0.25)
2026-08-13 14:32:35,908   INFO  Train:    1/10 ( 10%) [16449/55563 ( 30%)]  Loss: 1.702 (1.66)  LR: 4.434e-05  Time cost: 1:07:48/2:41:12 [1:07:48/37:02:17]  Acc_iter 16450       Data time: 0.00(0.00)  Forward time: 0.25(0.24)  Batch time: 0.25(0.25)
2026-08-13 14:32:47,924   INFO  Train:    1/10 ( 10%) [16499/55563 ( 30%)]  Loss: 1.001 (1.66)  LR: 4.442e-05  Time cost: 1:08:00/2:40:59 [1:08:00/37:01:53]  Acc_iter 16500       Data time: 0.00(0.00)  Forward time: 0.22(0.24)  Batch time: 0.22(0.25)
2026-08-13 14:32:48,317   INFO  a1e06a0b30c0                Thu Aug 13 14:32:48 2026  580.173.02
[0] NVIDIA GeForce RTX 3070 | 71°C,  74 % |  6288 /  8192 MB | root(5898M)

2026-08-13 14:33:00,327   INFO  Train:    1/10 ( 10%) [16549/55563 ( 30%)]  Loss: 2.063 (1.66)  LR: 4.451e-05  Time cost: 1:08:12/2:40:47 [1:08:13/37:01:42]  Acc_iter 16550       Data time: 0.00(0.00)  Forward time: 0.26(0.24)  Batch time: 0.26(0.25)
2026-08-13 14:33:12,592   INFO  Train:    1/10 ( 10%) [16599/55563 ( 30%)]  Loss: 1.777 (1.66)  LR: 4.459e-05  Time cost: 1:08:24/2:40:34 [1:08:25/37:01:26]  Acc_iter 16600       Data time: 0.00(0.00)  Forward time: 0.24(0.24)  Batch time: 0.24(0.25)
2026-08-13 14:33:25,175   INFO  Train:    1/10 ( 10%) [16649/55563 ( 30%)]  Loss: 2.076 (1.66)  LR: 4.468e-05  Time cost: 1:08:37/2:40:22 [1:08:38/37:01:21]  Acc_iter 16650       Data time: 0.00(0.00)  Forward time: 0.25(0.24)  Batch time: 0.25(0.25)
2026-08-13 14:33:25,566   INFO  a1e06a0b30c0                Thu Aug 13 14:33:25 2026  580.173.02
[0] NVIDIA GeForce RTX 3070 | 66°C,  76 % |  6288 /  8192 MB | root(5898M)

2026-08-13 14:33:37,598   INFO  Train:    1/10 ( 10%) [16699/55563 ( 30%)]  Loss: 1.561 (1.66)  LR: 4.477e-05  Time cost: 1:08:49/2:40:10 [1:08:50/37:01:11]  Acc_iter 16700       Data time: 0.00(0.00)  Forward time: 0.23(0.24)  Batch time: 0.23(0.25)
2026-08-13 14:33:49,780   INFO  Train:    1/10 ( 10%) [16749/55563 ( 30%)]  Loss: 0.8518 (1.66)  LR: 4.485e-05  Time cost: 1:09:01/2:39:57 [1:09:02/37:00:52]  Acc_iter 16750       Data time: 0.00(0.00)  Forward time: 0.24(0.24)  Batch time: 0.24(0.25)
2026-08-13 14:34:01,896   INFO  Train:    1/10 ( 10%) [16799/55563 ( 30%)]  Loss: 1.590 (1.66)  LR: 4.494e-05  Time cost: 1:09:14/2:39:44 [1:09:14/37:00:32]  Acc_iter 16800       Data time: 0.00(0.00)  Forward time: 0.28(0.24)  Batch time: 0.28(0.25)
2026-08-13 14:34:02,275   INFO  a1e06a0b30c0                Thu Aug 13 14:34:02 2026  580.173.02
[0] NVIDIA GeForce RTX 3070 | 71°C,  89 % |  6289 /  8192 MB | root(5898M)

2026-08-13 14:34:14,610   INFO  Train:    1/10 ( 10%) [16849/55563 ( 30%)]  Loss: 1.821 (1.66)  LR: 4.503e-05  Time cost: 1:09:26/2:39:33 [1:09:27/37:00:31]  Acc_iter 16850       Data time: 0.00(0.00)  Forward time: 0.28(0.24)  Batch time: 0.28(0.25)
2026-08-13 14:34:26,551   INFO  Train:    1/10 ( 10%) [16899/55563 ( 30%)]  Loss: 1.778 (1.66)  LR: 4.512e-05  Time cost: 1:09:38/2:39:19 [1:09:39/37:00:05]  Acc_iter 16900       Data time: 0.00(0.00)  Forward time: 0.22(0.24)  Batch time: 0.22(0.25)
2026-08-13 14:34:38,578   INFO  Train:    1/10 ( 10%) [16949/55563 ( 31%)]  Loss: 1.607 (1.65)  LR: 4.520e-05  Time cost: 1:09:50/2:39:06 [1:09:51/36:59:42]  Acc_iter 16950       Data time: 0.00(0.00)  Forward time: 0.20(0.24)  Batch time: 0.20(0.25)
2026-08-13 14:34:38,968   INFO  a1e06a0b30c0                Thu Aug 13 14:34:38 2026  580.173.02
[0] NVIDIA GeForce RTX 3070 | 71°C,  86 % |  6289 /  8192 MB | root(5898M)

2026-08-13 14:34:48,100   INFO  Save latest model to /OpenPCDet/output/OpenPCDet/tools/cfgs/models/S/F/S_F_N/default/ckpt/latest_model
2026-08-13 14:34:51,278   INFO  Train:    1/10 ( 10%) [16999/55563 ( 31%)]  Loss: 1.175 (1.65)  LR: 4.529e-05  Time cost: 1:10:03/2:38:55 [1:10:04/36:59:40]  Acc_iter 17000       Data time: 0.00(0.00)  Forward time: 0.22(0.24)  Batch time: 0.22(0.25)
2026-08-13 14:35:03,253   INFO  Train:    1/10 ( 10%) [17049/55563 ( 31%)]  Loss: 0.9637 (1.65)  LR: 4.538e-05  Time cost: 1:10:15/2:38:42 [1:10:16/36:59:16]  Acc_iter 17050       Data time: 0.00(0.00)  Forward time: 0.27(0.24)  Batch time: 0.28(0.25)
2026-08-13 14:35:15,487   INFO  Train:    1/10 ( 10%) [17099/55563 ( 31%)]  Loss: 1.953 (1.65)  LR: 4.547e-05  Time cost: 1:10:27/2:38:29 [1:10:28/36:58:59]  Acc_iter 17100       Data time: 0.00(0.00)  Forward time: 0.22(0.24)  Batch time: 0.22(0.25)
2026-08-13 14:35:15,892   INFO  a1e06a0b30c0                Thu Aug 13 14:35:15 2026  580.173.02
[0] NVIDIA GeForce RTX 3070 | 70°C, 100 % |  6289 /  8192 MB | root(5898M)

2026-08-13 14:35:27,896   INFO  Train:    1/10 ( 10%) [17149/55563 ( 31%)]  Loss: 1.879 (1.65)  LR: 4.556e-05  Time cost: 1:10:40/2:38:17 [1:10:40/36:58:49]  Acc_iter 17150       Data time: 0.00(0.00)  Forward time: 0.24(0.24)  Batch time: 0.24(0.25)
2026-08-13 14:35:39,732   INFO  Train:    1/10 ( 10%) [17199/55563 ( 31%)]  Loss: 2.246 (1.65)  LR: 4.565e-05  Time cost: 1:10:51/2:38:03 [1:10:52/36:58:20]  Acc_iter 17200       Data time: 0.00(0.00)  Forward time: 0.24(0.24)  Batch time: 0.24(0.25)
2026-08-13 14:35:51,600   INFO  Train:    1/10 ( 10%) [17249/55563 ( 31%)]  Loss: 2.347 (1.65)  LR: 4.574e-05  Time cost: 1:11:03/2:37:50 [1:11:04/36:57:52]  Acc_iter 17250       Data time: 0.00(0.00)  Forward time: 0.24(0.24)  Batch time: 0.24(0.25)
2026-08-13 14:35:51,969   INFO  a1e06a0b30c0                Thu Aug 13 14:35:51 2026  580.173.02
[0] NVIDIA GeForce RTX 3070 | 70°C,  95 % |  6289 /  8192 MB | root(5898M)

2026-08-13 14:36:04,510   INFO  Train:    1/10 ( 10%) [17299/55563 ( 31%)]  Loss: 1.374 (1.65)  LR: 4.582e-05  Time cost: 1:11:16/2:37:39 [1:11:17/36:57:57]  Acc_iter 17300       Data time: 0.00(0.00)  Forward time: 0.26(0.24)  Batch time: 0.26(0.25)
2026-08-13 14:36:16,519   INFO  Train:    1/10 ( 10%) [17349/55563 ( 31%)]  Loss: 1.275 (1.65)  LR: 4.591e-05  Time cost: 1:11:28/2:37:25 [1:11:29/36:57:34]  Acc_iter 17350       Data time: 0.00(0.00)  Forward time: 0.21(0.24)  Batch time: 0.21(0.25)
2026-08-13 14:36:28,430   INFO  Train:    1/10 ( 10%) [17399/55563 ( 31%)]  Loss: 1.200 (1.65)  LR: 4.600e-05  Time cost: 1:11:40/2:37:12 [1:11:41/36:57:07]  Acc_iter 17400       Data time: 0.00(0.00)  Forward time: 0.18(0.24)  Batch time: 0.18(0.25)
2026-08-13 14:36:28,808   INFO  a1e06a0b30c0                Thu Aug 13 14:36:28 2026  580.173.02
[0] NVIDIA GeForce RTX 3070 | 69°C,  72 % |  6288 /  8192 MB | root(5898M)

2026-08-13 14:36:40,943   INFO  Train:    1/10 ( 10%) [17449/55563 ( 31%)]  Loss: 1.875 (1.65)  LR: 4.609e-05  Time cost: 1:11:53/2:37:00 [1:11:53/36:57:00]  Acc_iter 17450       Data time: 0.00(0.00)  Forward time: 0.22(0.24)  Batch time: 0.22(0.25)
2026-08-13 14:36:53,154   INFO  Train:    1/10 ( 10%) [17499/55563 ( 31%)]  Loss: 1.921 (1.65)  LR: 4.619e-05  Time cost: 1:12:05/2:36:47 [1:12:06/36:56:43]  Acc_iter 17500       Data time: 0.00(0.00)  Forward time: 0.25(0.24)  Batch time: 0.25(0.25)
2026-08-13 14:37:05,513   INFO  Train:    1/10 ( 10%) [17549/55563 ( 32%)]  Loss: 1.469 (1.65)  LR: 4.628e-05  Time cost: 1:12:17/2:36:35 [1:12:18/36:56:31]  Acc_iter 17550       Data time: 0.00(0.00)  Forward time: 0.21(0.24)  Batch time: 0.21(0.25)
2026-08-13 14:37:05,893   INFO  a1e06a0b30c0                Thu Aug 13 14:37:05 2026  580.173.02
[0] NVIDIA GeForce RTX 3070 | 68°C,  93 % |  6288 /  8192 MB | root(5898M)

2026-08-13 14:37:17,812   INFO  Train:    1/10 ( 10%) [17599/55563 ( 32%)]  Loss: 1.799 (1.65)  LR: 4.637e-05  Time cost: 1:12:29/2:36:22 [1:12:30/36:56:16]  Acc_iter 17600       Data time: 0.00(0.00)  Forward time: 0.25(0.24)  Batch time: 0.25(0.25)
2026-08-13 14:37:29,681   INFO  Train:    1/10 ( 10%) [17649/55563 ( 32%)]  Loss: 0.6542 (1.65)  LR: 4.646e-05  Time cost: 1:12:41/2:36:09 [1:12:42/36:55:49]  Acc_iter 17650       Data time: 0.00(0.00)  Forward time: 0.27(0.24)  Batch time: 0.27(0.25)
2026-08-13 14:37:41,858   INFO  Train:    1/10 ( 10%) [17699/55563 ( 32%)]  Loss: 2.045 (1.65)  LR: 4.655e-05  Time cost: 1:12:53/2:35:56 [1:12:54/36:55:31]  Acc_iter 17700       Data time: 0.00(0.00)  Forward time: 0.27(0.24)  Batch time: 0.28(0.25)
2026-08-13 14:37:42,271   INFO  a1e06a0b30c0                Thu Aug 13 14:37:42 2026  580.173.02
[0] NVIDIA GeForce RTX 3070 | 71°C,  99 % |  6282 /  8192 MB | root(5898M)

2026-08-13 14:37:54,983   INFO  Train:    1/10 ( 10%) [17749/55563 ( 32%)]  Loss: 0.4268 (1.65)  LR: 4.664e-05  Time cost: 1:13:07/2:35:46 [1:13:08/36:55:42]  Acc_iter 17750       Data time: 0.00(0.00)  Forward time: 0.22(0.24)  Batch time: 0.22(0.25)
2026-08-13 14:38:06,841   INFO  Train:    1/10 ( 10%) [17799/55563 ( 32%)]  Loss: 1.288 (1.65)  LR: 4.673e-05  Time cost: 1:13:18/2:35:32 [1:13:19/36:55:15]  Acc_iter 17800       Data time: 0.00(0.00)  Forward time: 0.22(0.24)  Batch time: 0.22(0.25)
2026-08-13 14:38:18,699   INFO  Train:    1/10 ( 10%) [17849/55563 ( 32%)]  Loss: 2.523 (1.65)  LR: 4.683e-05  Time cost: 1:13:30/2:35:19 [1:13:31/36:54:48]  Acc_iter 17850       Data time: 0.00(0.00)  Forward time: 0.25(0.24)  Batch time: 0.25(0.25)
2026-08-13 14:38:19,081   INFO  a1e06a0b30c0                Thu Aug 13 14:38:19 2026  580.173.02
[0] NVIDIA GeForce RTX 3070 | 65°C,   3 % |  6282 /  8192 MB | root(5898M)

2026-08-13 14:38:31,282   INFO  Train:    1/10 ( 10%) [17899/55563 ( 32%)]  Loss: 4.509 (1.65)  LR: 4.692e-05  Time cost: 1:13:43/2:35:07 [1:13:44/36:54:42]  Acc_iter 17900       Data time: 0.00(0.00)  Forward time: 0.22(0.24)  Batch time: 0.22(0.25)
2026-08-13 14:38:43,483   INFO  Train:    1/10 ( 10%) [17949/55563 ( 32%)]  Loss: 1.766 (1.65)  LR: 4.701e-05  Time cost: 1:13:55/2:34:54 [1:13:56/36:54:25]  Acc_iter 17950       Data time: 0.00(0.00)  Forward time: 0.26(0.24)  Batch time: 0.26(0.25)
2026-08-13 14:38:55,791   INFO  Train:    1/10 ( 10%) [17999/55563 ( 32%)]  Loss: 1.621 (1.65)  LR: 4.710e-05  Time cost: 1:14:07/2:34:42 [1:14:08/36:54:11]  Acc_iter 18000       Data time: 0.00(0.00)  Forward time: 0.25(0.24)  Batch time: 0.25(0.25)
2026-08-13 14:38:56,176   INFO  a1e06a0b30c0                Thu Aug 13 14:38:56 2026  580.173.02
[0] NVIDIA GeForce RTX 3070 | 70°C,  92 % |  6288 /  8192 MB | root(5898M)

2026-08-13 14:39:08,069   INFO  Train:    1/10 ( 10%) [18049/55563 ( 32%)]  Loss: 1.190 (1.65)  LR: 4.720e-05  Time cost: 1:14:20/2:34:29 [1:14:21/36:53:57]  Acc_iter 18050       Data time: 0.00(0.00)  Forward time: 0.24(0.24)  Batch time: 0.24(0.25)
2026-08-13 14:39:20,143   INFO  Train:    1/10 ( 10%) [18099/55563 ( 33%)]  Loss: 1.706 (1.64)  LR: 4.729e-05  Time cost: 1:14:32/2:34:16 [1:14:33/36:53:36]  Acc_iter 18100       Data time: 0.00(0.00)  Forward time: 0.28(0.24)  Batch time: 0.28(0.25)
2026-08-13 14:39:32,036   INFO  Train:    1/10 ( 10%) [18149/55563 ( 33%)]  Loss: 2.499 (1.64)  LR: 4.738e-05  Time cost: 1:14:44/2:34:03 [1:14:45/36:53:10]  Acc_iter 18150       Data time: 0.00(0.00)  Forward time: 0.26(0.24)  Batch time: 0.26(0.25)
2026-08-13 14:39:32,461   INFO  a1e06a0b30c0                Thu Aug 13 14:39:32 2026  580.173.02
[0] NVIDIA GeForce RTX 3070 | 70°C,  89 % |  6289 /  8192 MB | root(5898M)

2026-08-13 14:39:44,752   INFO  Train:    1/10 ( 10%) [18199/55563 ( 33%)]  Loss: 1.311 (1.64)  LR: 4.748e-05  Time cost: 1:14:56/2:33:51 [1:14:57/36:53:08]  Acc_iter 18200       Data time: 0.00(0.00)  Forward time: 0.25(0.24)  Batch time: 0.25(0.25)
2026-08-13 14:39:48,197   INFO  Save latest model to /OpenPCDet/output/OpenPCDet/tools/cfgs/models/S/F/S_F_N/default/ckpt/latest_model
2026-08-13 14:39:56,879   INFO  Train:    1/10 ( 10%) [18249/55563 ( 33%)]  Loss: 1.513 (1.64)  LR: 4.757e-05  Time cost: 1:15:08/2:33:39 [1:15:09/36:52:49]  Acc_iter 18250       Data time: 0.00(0.00)  Forward time: 0.25(0.24)  Batch time: 0.25(0.25)
2026-08-13 14:40:08,909   INFO  Train:    1/10 ( 10%) [18299/55563 ( 33%)]  Loss: 1.271 (1.64)  LR: 4.767e-05  Time cost: 1:15:21/2:33:26 [1:15:21/36:52:27]  Acc_iter 18300       Data time: 0.00(0.00)  Forward time: 0.27(0.24)  Batch time: 0.27(0.25)
2026-08-13 14:40:09,292   INFO  a1e06a0b30c0                Thu Aug 13 14:40:09 2026  580.173.02
[0] NVIDIA GeForce RTX 3070 | 71°C, 100 % |  6289 /  8192 MB | root(5898M)

2026-08-13 14:40:21,426   INFO  Train:    1/10 ( 10%) [18349/55563 ( 33%)]  Loss: 1.234 (1.64)  LR: 4.776e-05  Time cost: 1:15:33/2:33:14 [1:15:34/36:52:20]  Acc_iter 18350       Data time: 0.00(0.00)  Forward time: 0.27(0.24)  Batch time: 0.27(0.25)
2026-08-13 14:40:33,732   INFO  Train:    1/10 ( 10%) [18399/55563 ( 33%)]  Loss: 1.421 (1.64)  LR: 4.785e-05  Time cost: 1:15:45/2:33:01 [1:15:46/36:52:06]  Acc_iter 18400       Data time: 0.00(0.00)  Forward time: 0.25(0.24)  Batch time: 0.26(0.25)
2026-08-13 14:40:45,906   INFO  Train:    1/10 ( 10%) [18449/55563 ( 33%)]  Loss: 1.162 (1.64)  LR: 4.795e-05  Time cost: 1:15:58/2:32:48 [1:15:58/36:51:49]  Acc_iter 18450       Data time: 0.00(0.00)  Forward time: 0.26(0.24)  Batch time: 0.26(0.25)
2026-08-13 14:40:46,283   INFO  a1e06a0b30c0                Thu Aug 13 14:40:46 2026  580.173.02
[0] NVIDIA GeForce RTX 3070 | 71°C, 100 % |  6289 /  8192 MB | root(5898M)

2026-08-13 14:40:58,332   INFO  Train:    1/10 ( 10%) [18499/55563 ( 33%)]  Loss: 1.867 (1.64)  LR: 4.804e-05  Time cost: 1:16:10/2:32:36 [1:16:11/36:51:38]  Acc_iter 18500       Data time: 0.00(0.00)  Forward time: 0.25(0.24)  Batch time: 0.25(0.25)
2026-08-13 14:41:10,387   INFO  Train:    1/10 ( 10%) [18549/55563 ( 33%)]  Loss: 1.240 (1.64)  LR: 4.814e-05  Time cost: 1:16:22/2:32:23 [1:16:23/36:51:17]  Acc_iter 18550       Data time: 0.00(0.00)  Forward time: 0.25(0.24)  Batch time: 0.25(0.25)
2026-08-13 14:41:22,723   INFO  Train:    1/10 ( 10%) [18599/55563 ( 33%)]  Loss: 2.203 (1.64)  LR: 4.824e-05  Time cost: 1:16:34/2:32:11 [1:16:35/36:51:05]  Acc_iter 18600       Data time: 0.00(0.00)  Forward time: 0.26(0.24)  Batch time: 0.26(0.25)
2026-08-13 14:41:23,107   INFO  a1e06a0b30c0                Thu Aug 13 14:41:23 2026  580.173.02
[0] NVIDIA GeForce RTX 3070 | 66°C,   2 % |  6289 /  8192 MB | root(5898M)

2026-08-13 14:41:35,498   INFO  Train:    1/10 ( 10%) [18649/55563 ( 34%)]  Loss: 1.825 (1.64)  LR: 4.833e-05  Time cost: 1:16:47/2:31:59 [1:16:48/36:51:04]  Acc_iter 18650       Data time: 0.00(0.00)  Forward time: 0.25(0.24)  Batch time: 0.25(0.25)
2026-08-13 14:41:47,617   INFO  Train:    1/10 ( 10%) [18699/55563 ( 34%)]  Loss: 2.427 (1.64)  LR: 4.843e-05  Time cost: 1:16:59/2:31:47 [1:17:00/36:50:45]  Acc_iter 18700       Data time: 0.00(0.00)  Forward time: 0.27(0.24)  Batch time: 0.27(0.25)
2026-08-13 14:41:59,487   INFO  Train:    1/10 ( 10%) [18749/55563 ( 34%)]  Loss: 1.592 (1.64)  LR: 4.852e-05  Time cost: 1:17:11/2:31:33 [1:17:12/36:50:19]  Acc_iter 18750       Data time: 0.00(0.00)  Forward time: 0.27(0.24)  Batch time: 0.27(0.25)
2026-08-13 14:41:59,905   INFO  a1e06a0b30c0                Thu Aug 13 14:41:59 2026  580.173.02
[0] NVIDIA GeForce RTX 3070 | 71°C,  72 % |  6289 /  8192 MB | root(5898M)

2026-08-13 14:42:11,951   INFO  Train:    1/10 ( 10%) [18799/55563 ( 34%)]  Loss: 1.515 (1.64)  LR: 4.862e-05  Time cost: 1:17:24/2:31:21 [1:17:25/36:50:10]  Acc_iter 18800       Data time: 0.00(0.00)  Forward time: 0.25(0.24)  Batch time: 0.25(0.25)
2026-08-13 14:42:24,265   INFO  Train:    1/10 ( 10%) [18849/55563 ( 34%)]  Loss: 0.5820 (1.64)  LR: 4.872e-05  Time cost: 1:17:36/2:31:09 [1:17:37/36:49:57]  Acc_iter 18850       Data time: 0.00(0.00)  Forward time: 0.19(0.24)  Batch time: 0.19(0.25)
2026-08-13 14:42:36,255   INFO  Train:    1/10 ( 10%) [18899/55563 ( 34%)]  Loss: 0.7349 (1.64)  LR: 4.881e-05  Time cost: 1:17:48/2:30:56 [1:17:49/36:49:34]  Acc_iter 18900       Data time: 0.00(0.00)  Forward time: 0.26(0.24)  Batch time: 0.26(0.25)
2026-08-13 14:42:36,627   INFO  a1e06a0b30c0                Thu Aug 13 14:42:36 2026  580.173.02
[0] NVIDIA GeForce RTX 3070 | 68°C,  71 % |  6283 /  8192 MB | root(5898M)

2026-08-13 14:42:48,529   INFO  Train:    1/10 ( 10%) [18949/55563 ( 34%)]  Loss: 1.285 (1.64)  LR: 4.891e-05  Time cost: 1:18:00/2:30:43 [1:18:01/36:49:19]  Acc_iter 18950       Data time: 0.00(0.00)  Forward time: 0.24(0.24)  Batch time: 0.24(0.25)
2026-08-13 14:43:00,662   INFO  Train:    1/10 ( 10%) [18999/55563 ( 34%)]  Loss: 1.069 (1.64)  LR: 4.901e-05  Time cost: 1:18:12/2:30:30 [1:18:13/36:49:01]  Acc_iter 19000       Data time: 0.00(0.00)  Forward time: 0.25(0.24)  Batch time: 0.25(0.25)
2026-08-13 14:43:12,792   INFO  Train:    1/10 ( 10%) [19049/55563 ( 34%)]  Loss: 1.367 (1.64)  LR: 4.911e-05  Time cost: 1:18:24/2:30:18 [1:18:25/36:48:42]  Acc_iter 19050       Data time: 0.00(0.00)  Forward time: 0.28(0.24)  Batch time: 0.29(0.25)
2026-08-13 14:43:13,213   INFO  a1e06a0b30c0                Thu Aug 13 14:43:13 2026  580.173.02
[0] NVIDIA GeForce RTX 3070 | 70°C,  73 % |  6283 /  8192 MB | root(5898M)

2026-08-13 14:43:25,330   INFO  Train:    1/10 ( 10%) [19099/55563 ( 34%)]  Loss: 0.9365 (1.64)  LR: 4.921e-05  Time cost: 1:18:37/2:30:06 [1:18:38/36:48:35]  Acc_iter 19100       Data time: 0.00(0.00)  Forward time: 0.20(0.24)  Batch time: 0.21(0.25)
2026-08-13 14:43:37,210   INFO  Train:    1/10 ( 10%) [19149/55563 ( 34%)]  Loss: 1.642 (1.64)  LR: 4.930e-05  Time cost: 1:18:49/2:29:52 [1:18:50/36:48:10]  Acc_iter 19150       Data time: 0.00(0.00)  Forward time: 0.26(0.24)  Batch time: 0.26(0.25)
2026-08-13 14:43:49,443   INFO  Train:    1/10 ( 10%) [19199/55563 ( 35%)]  Loss: 2.496 (1.64)  LR: 4.940e-05  Time cost: 1:19:01/2:29:40 [1:19:02/36:47:54]  Acc_iter 19200       Data time: 0.00(0.00)  Forward time: 0.27(0.24)  Batch time: 0.27(0.25)
2026-08-13 14:43:49,831   INFO  a1e06a0b30c0                Thu Aug 13 14:43:49 2026  580.173.02
[0] NVIDIA GeForce RTX 3070 | 72°C,  92 % |  6283 /  8192 MB | root(5898M)

2026-08-13 14:44:01,982   INFO  Train:    1/10 ( 10%) [19249/55563 ( 35%)]  Loss: 1.219 (1.63)  LR: 4.950e-05  Time cost: 1:19:14/2:29:28 [1:19:15/36:47:47]  Acc_iter 19250       Data time: 0.00(0.00)  Forward time: 0.26(0.24)  Batch time: 0.26(0.25)
2026-08-13 14:44:14,310   INFO  Train:    1/10 ( 10%) [19299/55563 ( 35%)]  Loss: 1.444 (1.63)  LR: 4.960e-05  Time cost: 1:19:26/2:29:15 [1:19:27/36:47:34]  Acc_iter 19300       Data time: 0.00(0.00)  Forward time: 0.25(0.24)  Batch time: 0.25(0.25)
2026-08-13 14:44:26,379   INFO  Train:    1/10 ( 10%) [19349/55563 ( 35%)]  Loss: 1.536 (1.63)  LR: 4.970e-05  Time cost: 1:19:38/2:29:03 [1:19:39/36:47:14]  Acc_iter 19350       Data time: 0.00(0.00)  Forward time: 0.21(0.24)  Batch time: 0.21(0.25)
2026-08-13 14:44:26,748   INFO  a1e06a0b30c0                Thu Aug 13 14:44:26 2026  580.173.02
[0] NVIDIA GeForce RTX 3070 | 72°C,  94 % |  6283 /  8192 MB | root(5898M)

2026-08-13 14:44:38,722   INFO  Train:    1/10 ( 10%) [19399/55563 ( 35%)]  Loss: 0.7936 (1.63)  LR: 4.980e-05  Time cost: 1:19:50/2:28:50 [1:19:51/36:47:02]  Acc_iter 19400       Data time: 0.00(0.00)  Forward time: 0.25(0.24)  Batch time: 0.25(0.25)
2026-08-13 14:44:48,167   INFO  Save latest model to /OpenPCDet/output/OpenPCDet/tools/cfgs/models/S/F/S_F_N/default/ckpt/latest_model
2026-08-13 14:44:50,807   INFO  Train:    1/10 ( 10%) [19449/55563 ( 35%)]  Loss: 1.517 (1.63)  LR: 4.990e-05  Time cost: 1:20:02/2:28:37 [1:20:03/36:46:42]  Acc_iter 19450       Data time: 0.00(0.00)  Forward time: 0.22(0.24)  Batch time: 0.22(0.25)
2026-08-13 14:45:03,088   INFO  Train:    1/10 ( 10%) [19499/55563 ( 35%)]  Loss: 2.090 (1.63)  LR: 5.000e-05  Time cost: 1:20:15/2:28:25 [1:20:16/36:46:28]  Acc_iter 19500       Data time: 0.00(0.00)  Forward time: 0.28(0.24)  Batch time: 0.28(0.25)
2026-08-13 14:45:03,525   INFO  a1e06a0b30c0                Thu Aug 13 14:45:03 2026  580.173.02
[0] NVIDIA GeForce RTX 3070 | 64°C,  67 % |  6289 /  8192 MB | root(5898M)

2026-08-13 14:45:15,540   INFO  Train:    1/10 ( 10%) [19549/55563 ( 35%)]  Loss: 1.505 (1.63)  LR: 5.010e-05  Time cost: 1:20:27/2:28:13 [1:20:28/36:46:19]  Acc_iter 19550       Data time: 0.00(0.00)  Forward time: 0.24(0.24)  Batch time: 0.24(0.25)
2026-08-13 14:45:27,773   INFO  Train:    1/10 ( 10%) [19599/55563 ( 35%)]  Loss: 0.9860 (1.63)  LR: 5.020e-05  Time cost: 1:20:39/2:28:00 [1:20:40/36:46:03]  Acc_iter 19600       Data time: 0.00(0.00)  Forward time: 0.24(0.24)  Batch time: 0.24(0.25)
2026-08-13 14:45:39,947   INFO  Train:    1/10 ( 10%) [19649/55563 ( 35%)]  Loss: 1.763 (1.63)  LR: 5.030e-05  Time cost: 1:20:52/2:27:48 [1:20:53/36:45:46]  Acc_iter 19650       Data time: 0.00(0.00)  Forward time: 0.21(0.24)  Batch time: 0.21(0.25)
2026-08-13 14:45:40,329   INFO  a1e06a0b30c0                Thu Aug 13 14:45:40 2026  580.173.02
[0] NVIDIA GeForce RTX 3070 | 70°C,  89 % |  6289 /  8192 MB | root(5898M)

2026-08-13 14:45:52,764   INFO  Train:    1/10 ( 10%) [19699/55563 ( 35%)]  Loss: 1.501 (1.63)  LR: 5.040e-05  Time cost: 1:21:04/2:27:36 [1:21:05/36:45:47]  Acc_iter 19700       Data time: 0.00(0.00)  Forward time: 0.25(0.24)  Batch time: 0.26(0.25)
2026-08-13 14:46:05,067   INFO  Train:    1/10 ( 10%) [19749/55563 ( 36%)]  Loss: 1.194 (1.63)  LR: 5.050e-05  Time cost: 1:21:17/2:27:24 [1:21:18/36:45:33]  Acc_iter 19750       Data time: 0.00(0.00)  Forward time: 0.22(0.24)  Batch time: 0.22(0.25)
2026-08-13 14:46:17,008   INFO  Train:    1/10 ( 10%) [19799/55563 ( 36%)]  Loss: 0.9932 (1.63)  LR: 5.060e-05  Time cost: 1:21:29/2:27:11 [1:21:30/36:45:10]  Acc_iter 19800       Data time: 0.00(0.00)  Forward time: 0.21(0.24)  Batch time: 0.21(0.25)
2026-08-13 14:46:17,372   INFO  a1e06a0b30c0                Thu Aug 13 14:46:17 2026  580.173.02
[0] NVIDIA GeForce RTX 3070 | 70°C,  73 % |  6289 /  8192 MB | root(5898M)

2026-08-13 14:46:29,651   INFO  Train:    1/10 ( 10%) [19849/55563 ( 36%)]  Loss: 0.8951 (1.63)  LR: 5.070e-05  Time cost: 1:21:41/2:26:59 [1:21:42/36:45:05]  Acc_iter 19850       Data time: 0.00(0.00)  Forward time: 0.23(0.24)  Batch time: 0.23(0.25)
2026-08-13 14:46:41,722   INFO  Train:    1/10 ( 10%) [19899/55563 ( 36%)]  Loss: 2.222 (1.63)  LR: 5.080e-05  Time cost: 1:21:53/2:26:46 [1:21:54/36:44:46]  Acc_iter 19900       Data time: 0.00(0.00)  Forward time: 0.28(0.24)  Batch time: 0.28(0.25)
2026-08-13 14:46:54,174   INFO  Train:    1/10 ( 10%) [19949/55563 ( 36%)]  Loss: 1.228 (1.63)  LR: 5.091e-05  Time cost: 1:22:06/2:26:34 [1:22:07/36:44:36]  Acc_iter 19950       Data time: 0.00(0.00)  Forward time: 0.23(0.24)  Batch time: 0.23(0.25)
2026-08-13 14:46:54,557   INFO  a1e06a0b30c0                Thu Aug 13 14:46:54 2026  580.173.02
[0] NVIDIA GeForce RTX 3070 | 63°C,  78 % |  6289 /  8192 MB | root(5898M)

2026-08-13 14:47:06,957   INFO  Train:    1/10 ( 10%) [19999/55563 ( 36%)]  Loss: 1.416 (1.63)  LR: 5.101e-05  Time cost: 1:22:19/2:26:22 [1:22:20/36:44:35]  Acc_iter 20000       Data time: 0.00(0.00)  Forward time: 0.27(0.24)  Batch time: 0.27(0.25)
2026-08-13 14:47:19,454   INFO  Train:    1/10 ( 10%) [20049/55563 ( 36%)]  Loss: 0.8533 (1.63)  LR: 5.111e-05  Time cost: 1:22:31/2:26:10 [1:22:32/36:44:27]  Acc_iter 20050       Data time: 0.00(0.00)  Forward time: 0.21(0.24)  Batch time: 0.21(0.25)
2026-08-13 14:47:31,563   INFO  Train:    1/10 ( 10%) [20099/55563 ( 36%)]  Loss: 1.975 (1.63)  LR: 5.121e-05  Time cost: 1:22:43/2:25:57 [1:22:44/36:44:08]  Acc_iter 20100       Data time: 0.00(0.00)  Forward time: 0.23(0.24)  Batch time: 0.23(0.25)
2026-08-13 14:47:31,998   INFO  a1e06a0b30c0                Thu Aug 13 14:47:31 2026  580.173.02
[0] NVIDIA GeForce RTX 3070 | 69°C,  81 % |  6528 /  8192 MB | root(5898M)

2026-08-13 14:47:45,089   INFO  Train:    1/10 ( 10%) [20149/55563 ( 36%)]  Loss: 0.7557 (1.63)  LR: 5.132e-05  Time cost: 1:22:57/2:25:47 [1:22:58/36:44:27]  Acc_iter 20150       Data time: 0.00(0.00)  Forward time: 0.25(0.24)  Batch time: 0.25(0.25)
2026-08-13 14:47:57,951   INFO  Train:    1/10 ( 10%) [20199/55563 ( 36%)]  Loss: 1.566 (1.63)  LR: 5.142e-05  Time cost: 1:23:10/2:25:36 [1:23:11/36:44:29]  Acc_iter 20200       Data time: 0.00(0.00)  Forward time: 0.25(0.24)  Batch time: 0.25(0.25)
2026-08-13 14:48:10,642   INFO  Train:    1/10 ( 10%) [20249/55563 ( 36%)]  Loss: 2.929 (1.63)  LR: 5.152e-05  Time cost: 1:23:22/2:25:24 [1:23:23/36:44:25]  Acc_iter 20250       Data time: 0.00(0.00)  Forward time: 0.27(0.24)  Batch time: 0.28(0.25)
2026-08-13 14:48:11,122   INFO  a1e06a0b30c0                Thu Aug 13 14:48:11 2026  580.173.02
[0] NVIDIA GeForce RTX 3070 | 63°C,   7 % |  6535 /  8192 MB | root(5898M)

2026-08-13 14:48:23,657   INFO  Train:    1/10 ( 10%) [20299/55563 ( 37%)]  Loss: 1.164 (1.63)  LR: 5.163e-05  Time cost: 1:23:35/2:25:13 [1:23:36/36:44:30]  Acc_iter 20300       Data time: 0.00(0.00)  Forward time: 0.26(0.24)  Batch time: 0.26(0.25)
2026-08-13 14:48:36,202   INFO  Train:    1/10 ( 10%) [20349/55563 ( 37%)]  Loss: 1.545 (1.63)  LR: 5.173e-05  Time cost: 1:23:48/2:25:01 [1:23:49/36:44:23]  Acc_iter 20350       Data time: 0.00(0.00)  Forward time: 0.28(0.24)  Batch time: 0.28(0.25)
2026-08-13 14:48:49,260   INFO  Train:    1/10 ( 10%) [20399/55563 ( 37%)]  Loss: 1.482 (1.63)  LR: 5.183e-05  Time cost: 1:24:01/2:24:49 [1:24:02/36:44:29]  Acc_iter 20400       Data time: 0.00(0.00)  Forward time: 0.27(0.24)  Batch time: 0.27(0.25)
2026-08-13 14:48:49,689   INFO  a1e06a0b30c0                Thu Aug 13 14:48:49 2026  580.173.02
[0] NVIDIA GeForce RTX 3070 | 65°C,  73 % |  6534 /  8192 MB | root(5898M)

2026-08-13 14:49:02,141   INFO  Train:    1/10 ( 10%) [20449/55563 ( 37%)]  Loss: 2.032 (1.62)  LR: 5.194e-05  Time cost: 1:24:14/2:24:38 [1:24:15/36:44:30]  Acc_iter 20450       Data time: 0.00(0.00)  Forward time: 0.27(0.24)  Batch time: 0.27(0.25)
2026-08-13 14:49:14,572   INFO  Train:    1/10 ( 10%) [20499/55563 ( 37%)]  Loss: 1.308 (1.62)  LR: 5.204e-05  Time cost: 1:24:26/2:24:26 [1:24:27/36:44:20]  Acc_iter 20500       Data time: 0.00(0.00)  Forward time: 0.27(0.24)  Batch time: 0.27(0.25)
2026-08-13 14:49:27,405   INFO  Train:    1/10 ( 10%) [20549/55563 ( 37%)]  Loss: 1.193 (1.62)  LR: 5.215e-05  Time cost: 1:24:39/2:24:14 [1:24:40/36:44:20]  Acc_iter 20550       Data time: 0.00(0.00)  Forward time: 0.25(0.24)  Batch time: 0.25(0.25)
2026-08-13 14:49:27,820   INFO  a1e06a0b30c0                Thu Aug 13 14:49:27 2026  580.173.02
[0] NVIDIA GeForce RTX 3070 | 69°C,  79 % |  6535 /  8192 MB | root(5898M)

2026-08-13 14:49:40,869   INFO  Train:    1/10 ( 10%) [20599/55563 ( 37%)]  Loss: 2.161 (1.62)  LR: 5.225e-05  Time cost: 1:24:52/2:24:04 [1:24:53/36:44:36]  Acc_iter 20600       Data time: 0.00(0.00)  Forward time: 0.27(0.24)  Batch time: 0.27(0.25)
2026-08-13 14:49:48,150   INFO  Save latest model to /OpenPCDet/output/OpenPCDet/tools/cfgs/models/S/F/S_F_N/default/ckpt/latest_model
2026-08-13 14:49:53,297   INFO  Train:    1/10 ( 10%) [20649/55563 ( 37%)]  Loss: 1.249 (1.62)  LR: 5.236e-05  Time cost: 1:25:05/2:23:51 [1:25:06/36:44:26]  Acc_iter 20650       Data time: 0.00(0.00)  Forward time: 0.24(0.24)  Batch time: 0.24(0.25)
2026-08-13 14:50:05,782   INFO  Train:    1/10 ( 10%) [20699/55563 ( 37%)]  Loss: 1.469 (1.62)  LR: 5.246e-05  Time cost: 1:25:17/2:23:39 [1:25:18/36:44:17]  Acc_iter 20700       Data time: 0.00(0.00)  Forward time: 0.26(0.24)  Batch time: 0.27(0.25)
2026-08-13 14:50:06,282   INFO  a1e06a0b30c0                Thu Aug 13 14:50:06 2026  580.173.02
[0] NVIDIA GeForce RTX 3070 | 65°C,  10 % |  6534 /  8192 MB | root(5898M)

2026-08-13 14:50:18,823   INFO  Train:    1/10 ( 10%) [20749/55563 ( 37%)]  Loss: 1.221 (1.62)  LR: 5.257e-05  Time cost: 1:25:30/2:23:28 [1:25:31/36:44:22]  Acc_iter 20750       Data time: 0.00(0.00)  Forward time: 0.28(0.24)  Batch time: 0.28(0.25)
2026-08-13 14:50:31,584   INFO  Train:    1/10 ( 10%) [20799/55563 ( 37%)]  Loss: 1.978 (1.62)  LR: 5.267e-05  Time cost: 1:25:43/2:23:16 [1:25:44/36:44:20]  Acc_iter 20800       Data time: 0.00(0.00)  Forward time: 0.27(0.24)  Batch time: 0.27(0.25)
2026-08-13 14:50:44,577   INFO  Train:    1/10 ( 10%) [20849/55563 ( 38%)]  Loss: 0.6406 (1.62)  LR: 5.278e-05  Time cost: 1:25:56/2:23:05 [1:25:57/36:44:23]  Acc_iter 20850       Data time: 0.00(0.00)  Forward time: 0.27(0.24)  Batch time: 0.27(0.25)
2026-08-13 14:50:44,979   INFO  a1e06a0b30c0                Thu Aug 13 14:50:44 2026  580.173.02
[0] NVIDIA GeForce RTX 3070 | 67°C,  79 % |  6539 /  8192 MB | root(5898M)

2026-08-13 14:50:57,759   INFO  Train:    1/10 ( 10%) [20899/55563 ( 38%)]  Loss: 0.8823 (1.62)  LR: 5.289e-05  Time cost: 1:26:09/2:22:54 [1:26:10/36:44:32]  Acc_iter 20900       Data time: 0.00(0.00)  Forward time: 0.23(0.24)  Batch time: 0.23(0.25)
2026-08-13 14:51:10,087   INFO  Train:    1/10 ( 10%) [20949/55563 ( 38%)]  Loss: 1.101 (1.62)  LR: 5.299e-05  Time cost: 1:26:22/2:22:42 [1:26:23/36:44:18]  Acc_iter 20950       Data time: 0.00(0.00)  Forward time: 0.24(0.24)  Batch time: 0.24(0.25)
2026-08-13 14:51:22,580   INFO  Train:    1/10 ( 10%) [20999/55563 ( 38%)]  Loss: 2.406 (1.62)  LR: 5.310e-05  Time cost: 1:26:34/2:22:29 [1:26:35/36:44:09]  Acc_iter 21000       Data time: 0.00(0.00)  Forward time: 0.24(0.24)  Batch time: 0.24(0.25)
2026-08-13 14:51:22,986   INFO  a1e06a0b30c0                Thu Aug 13 14:51:22 2026  580.173.02
[0] NVIDIA GeForce RTX 3070 | 69°C,  72 % |  6534 /  8192 MB | root(5898M)

2026-08-13 14:51:35,826   INFO  Train:    1/10 ( 10%) [21049/55563 ( 38%)]  Loss: 2.186 (1.62)  LR: 5.321e-05  Time cost: 1:26:47/2:22:19 [1:26:48/36:44:19]  Acc_iter 21050       Data time: 0.00(0.00)  Forward time: 0.27(0.24)  Batch time: 0.27(0.25)
2026-08-13 14:51:48,759   INFO  Train:    1/10 ( 10%) [21099/55563 ( 38%)]  Loss: 2.800 (1.62)  LR: 5.331e-05  Time cost: 1:27:00/2:22:07 [1:27:01/36:44:21]  Acc_iter 21100       Data time: 0.00(0.00)  Forward time: 0.23(0.24)  Batch time: 0.23(0.25)
2026-08-13 14:52:00,801   INFO  Train:    1/10 ( 10%) [21149/55563 ( 38%)]  Loss: 1.235 (1.62)  LR: 5.342e-05  Time cost: 1:27:12/2:21:54 [1:27:13/36:44:00]  Acc_iter 21150       Data time: 0.00(0.00)  Forward time: 0.24(0.24)  Batch time: 0.24(0.25)
2026-08-13 14:52:01,260   INFO  a1e06a0b30c0                Thu Aug 13 14:52:01 2026  580.173.02
[0] NVIDIA GeForce RTX 3070 | 67°C,  54 % |  6534 /  8192 MB | root(5898M)

2026-08-13 14:52:13,985   INFO  Train:    1/10 ( 10%) [21199/55563 ( 38%)]  Loss: 1.096 (1.62)  LR: 5.353e-05  Time cost: 1:27:26/2:21:43 [1:27:27/36:44:08]  Acc_iter 21200       Data time: 0.00(0.00)  Forward time: 0.24(0.24)  Batch time: 0.24(0.25)
2026-08-13 14:52:26,739   INFO  Train:    1/10 ( 10%) [21249/55563 ( 38%)]  Loss: 1.487 (1.62)  LR: 5.363e-05  Time cost: 1:27:38/2:21:31 [1:27:39/36:44:06]  Acc_iter 21250       Data time: 0.00(0.00)  Forward time: 0.28(0.24)  Batch time: 0.28(0.25)
2026-08-13 14:52:40,038   INFO  Train:    1/10 ( 10%) [21299/55563 ( 38%)]  Loss: 1.220 (1.62)  LR: 5.374e-05  Time cost: 1:27:52/2:21:20 [1:27:53/36:44:16]  Acc_iter 21300       Data time: 0.00(0.00)  Forward time: 0.26(0.24)  Batch time: 0.26(0.25)
2026-08-13 14:52:40,443   INFO  a1e06a0b30c0                Thu Aug 13 14:52:40 2026  580.173.02
[0] NVIDIA GeForce RTX 3070 | 70°C,  65 % |  6526 /  8192 MB | root(5898M)

2026-08-13 14:52:52,643   INFO  Train:    1/10 ( 10%) [21349/55563 ( 38%)]  Loss: 1.103 (1.62)  LR: 5.385e-05  Time cost: 1:28:04/2:21:08 [1:28:05/36:44:10]  Acc_iter 21350       Data time: 0.00(0.00)  Forward time: 0.27(0.24)  Batch time: 0.27(0.25)
2026-08-13 14:53:04,968   INFO  Train:    1/10 ( 10%) [21399/55563 ( 39%)]  Loss: 2.042 (1.62)  LR: 5.396e-05  Time cost: 1:28:17/2:20:56 [1:28:18/36:43:56]  Acc_iter 21400       Data time: 0.00(0.00)  Forward time: 0.26(0.24)  Batch time: 0.27(0.25)
2026-08-13 14:53:17,629   INFO  Train:    1/10 ( 10%) [21449/55563 ( 39%)]  Loss: 1.366 (1.62)  LR: 5.407e-05  Time cost: 1:28:29/2:20:44 [1:28:30/36:43:51]  Acc_iter 21450       Data time: 0.00(0.00)  Forward time: 0.22(0.24)  Batch time: 0.22(0.25)
2026-08-13 14:53:18,014   INFO  a1e06a0b30c0                Thu Aug 13 14:53:18 2026  580.173.02
[0] NVIDIA GeForce RTX 3070 | 71°C,  99 % |  6526 /  8192 MB | root(5898M)

2026-08-13 14:53:30,950   INFO  Train:    1/10 ( 10%) [21499/55563 ( 39%)]  Loss: 1.319 (1.62)  LR: 5.418e-05  Time cost: 1:28:43/2:20:33 [1:28:44/36:44:02]  Acc_iter 21500       Data time: 0.00(0.00)  Forward time: 0.30(0.24)  Batch time: 0.30(0.25)
2026-08-13 14:53:43,953   INFO  Train:    1/10 ( 10%) [21549/55563 ( 39%)]  Loss: 1.653 (1.62)  LR: 5.429e-05  Time cost: 1:28:56/2:20:22 [1:28:57/36:44:05]  Acc_iter 21550       Data time: 0.00(0.00)  Forward time: 0.29(0.24)  Batch time: 0.29(0.25)
2026-08-13 14:53:56,260   INFO  Train:    1/10 ( 10%) [21599/55563 ( 39%)]  Loss: 0.9229 (1.62)  LR: 5.440e-05  Time cost: 1:29:08/2:20:09 [1:29:09/36:43:51]  Acc_iter 21600       Data time: 0.00(0.00)  Forward time: 0.21(0.24)  Batch time: 0.21(0.25)
2026-08-13 14:53:56,651   INFO  a1e06a0b30c0                Thu Aug 13 14:53:56 2026  580.173.02
[0] NVIDIA GeForce RTX 3070 | 67°C,  85 % |  6532 /  8192 MB | root(5898M)

2026-08-13 14:54:09,115   INFO  Train:    1/10 ( 10%) [21649/55563 ( 39%)]  Loss: 1.159 (1.62)  LR: 5.450e-05  Time cost: 1:29:21/2:19:58 [1:29:22/36:43:50]  Acc_iter 21650       Data time: 0.00(0.00)  Forward time: 0.24(0.24)  Batch time: 0.24(0.25)
2026-08-13 14:54:21,761   INFO  Train:    1/10 ( 10%) [21699/55563 ( 39%)]  Loss: 0.9181 (1.62)  LR: 5.461e-05  Time cost: 1:29:33/2:19:46 [1:29:34/36:43:44]  Acc_iter 21700       Data time: 0.00(0.00)  Forward time: 0.24(0.24)  Batch time: 0.24(0.25)
2026-08-13 14:54:34,799   INFO  Train:    1/10 ( 10%) [21749/55563 ( 39%)]  Loss: 1.680 (1.62)  LR: 5.472e-05  Time cost: 1:29:46/2:19:34 [1:29:47/36:43:48]  Acc_iter 21750       Data time: 0.00(0.00)  Forward time: 0.33(0.24)  Batch time: 0.33(0.25)
2026-08-13 14:54:35,282   INFO  a1e06a0b30c0                Thu Aug 13 14:54:35 2026  580.173.02
[0] NVIDIA GeForce RTX 3070 | 68°C,   9 % |  6532 /  8192 MB | root(5898M)

2026-08-13 14:54:47,835   INFO  Train:    1/10 ( 10%) [21799/55563 ( 39%)]  Loss: 0.9640 (1.61)  LR: 5.483e-05  Time cost: 1:29:59/2:19:23 [1:30:00/36:43:52]  Acc_iter 21800       Data time: 0.00(0.00)  Forward time: 0.24(0.24)  Batch time: 0.24(0.25)
2026-08-13 14:54:48,194   INFO  Save latest model to /OpenPCDet/output/OpenPCDet/tools/cfgs/models/S/F/S_F_N/default/ckpt/latest_model
2026-08-13 14:55:00,650   INFO  Train:    1/10 ( 10%) [21849/55563 ( 39%)]  Loss: 1.013 (1.61)  LR: 5.494e-05  Time cost: 1:30:12/2:19:11 [1:30:13/36:43:50]  Acc_iter 21850       Data time: 0.00(0.00)  Forward time: 0.25(0.24)  Batch time: 0.25(0.25)
2026-08-13 14:55:13,437   INFO  Train:    1/10 ( 10%) [21899/55563 ( 39%)]  Loss: 1.355 (1.61)  LR: 5.506e-05  Time cost: 1:30:25/2:18:59 [1:30:26/36:43:47]  Acc_iter 21900       Data time: 0.00(0.00)  Forward time: 0.25(0.24)  Batch time: 0.25(0.25)
2026-08-13 14:55:13,836   INFO  a1e06a0b30c0                Thu Aug 13 14:55:13 2026  580.173.02
[0] NVIDIA GeForce RTX 3070 | 71°C,  99 % |  6532 /  8192 MB | root(5898M)

2026-08-13 14:55:26,610   INFO  Train:    1/10 ( 10%) [21949/55563 ( 40%)]  Loss: 1.511 (1.61)  LR: 5.517e-05  Time cost: 1:30:38/2:18:48 [1:30:39/36:43:54]  Acc_iter 21950       Data time: 0.00(0.00)  Forward time: 0.27(0.24)  Batch time: 0.27(0.25)
2026-08-13 14:55:39,404   INFO  Train:    1/10 ( 10%) [21999/55563 ( 40%)]  Loss: 1.554 (1.61)  LR: 5.528e-05  Time cost: 1:30:51/2:18:37 [1:30:52/36:43:51]  Acc_iter 22000       Data time: 0.00(0.00)  Forward time: 0.25(0.24)  Batch time: 0.25(0.25)
2026-08-13 14:55:52,098   INFO  Train:    1/10 ( 10%) [22049/55563 ( 40%)]  Loss: 1.908 (1.61)  LR: 5.539e-05  Time cost: 1:31:04/2:18:25 [1:31:05/36:43:46]  Acc_iter 22050       Data time: 0.00(0.00)  Forward time: 0.24(0.24)  Batch time: 0.24(0.25)
2026-08-13 14:55:52,506   INFO  a1e06a0b30c0                Thu Aug 13 14:55:52 2026  580.173.02
[0] NVIDIA GeForce RTX 3070 | 68°C,  86 % |  6532 /  8192 MB | root(5898M)

2026-08-13 14:56:05,226   INFO  Train:    1/10 ( 10%) [22099/55563 ( 40%)]  Loss: 1.288 (1.61)  LR: 5.550e-05  Time cost: 1:31:17/2:18:13 [1:31:18/36:43:52]  Acc_iter 22100       Data time: 0.00(0.00)  Forward time: 0.25(0.24)  Batch time: 0.25(0.25)
2026-08-13 14:56:17,734   INFO  Train:    1/10 ( 10%) [22149/55563 ( 40%)]  Loss: 1.203 (1.61)  LR: 5.561e-05  Time cost: 1:31:29/2:18:01 [1:31:30/36:43:42]  Acc_iter 22150       Data time: 0.00(0.00)  Forward time: 0.24(0.24)  Batch time: 0.24(0.25)
2026-08-13 14:56:30,964   INFO  Train:    1/10 ( 10%) [22199/55563 ( 40%)]  Loss: 0.7760 (1.61)  LR: 5.572e-05  Time cost: 1:31:43/2:17:50 [1:31:44/36:43:50]  Acc_iter 22200       Data time: 0.00(0.00)  Forward time: 0.22(0.24)  Batch time: 0.22(0.25)
2026-08-13 14:56:31,413   INFO  a1e06a0b30c0                Thu Aug 13 14:56:31 2026  580.173.02
[0] NVIDIA GeForce RTX 3070 | 67°C,  76 % |  6532 /  8192 MB | root(5898M)

2026-08-13 14:56:44,245   INFO  Train:    1/10 ( 10%) [22249/55563 ( 40%)]  Loss: 1.351 (1.61)  LR: 5.584e-05  Time cost: 1:31:56/2:17:39 [1:31:57/36:43:59]  Acc_iter 22250       Data time: 0.00(0.00)  Forward time: 0.27(0.24)  Batch time: 0.27(0.25)
2026-08-13 14:56:56,986   INFO  Train:    1/10 ( 10%) [22299/55563 ( 40%)]  Loss: 2.042 (1.61)  LR: 5.595e-05  Time cost: 1:32:09/2:17:27 [1:32:10/36:43:54]  Acc_iter 22300       Data time: 0.00(0.00)  Forward time: 0.28(0.24)  Batch time: 0.28(0.25)
2026-08-13 14:57:09,448   INFO  Train:    1/10 ( 10%) [22349/55563 ( 40%)]  Loss: 2.695 (1.61)  LR: 5.606e-05  Time cost: 1:32:21/2:17:15 [1:32:22/36:43:44]  Acc_iter 22350       Data time: 0.00(0.00)  Forward time: 0.25(0.24)  Batch time: 0.25(0.25)
2026-08-13 14:57:09,865   INFO  a1e06a0b30c0                Thu Aug 13 14:57:09 2026  580.173.02
[0] NVIDIA GeForce RTX 3070 | 68°C,  87 % |  6527 /  8192 MB | root(5898M)

2026-08-13 14:57:22,344   INFO  Train:    1/10 ( 10%) [22399/55563 ( 40%)]  Loss: 0.7002 (1.61)  LR: 5.617e-05  Time cost: 1:32:34/2:17:03 [1:32:35/36:43:43]  Acc_iter 22400       Data time: 0.00(0.00)  Forward time: 0.22(0.24)  Batch time: 0.22(0.25)
2026-08-13 14:57:35,638   INFO  Train:    1/10 ( 10%) [22449/55563 ( 40%)]  Loss: 0.7129 (1.61)  LR: 5.629e-05  Time cost: 1:32:47/2:16:52 [1:32:48/36:43:52]  Acc_iter 22450       Data time: 0.00(0.00)  Forward time: 0.23(0.24)  Batch time: 0.23(0.25)
2026-08-13 14:57:47,921   INFO  Train:    1/10 ( 10%) [22499/55563 ( 40%)]  Loss: 1.155 (1.61)  LR: 5.640e-05  Time cost: 1:33:00/2:16:39 [1:33:00/36:43:37]  Acc_iter 22500       Data time: 0.00(0.00)  Forward time: 0.25(0.24)  Batch time: 0.25(0.25)
2026-08-13 14:57:48,318   INFO  a1e06a0b30c0                Thu Aug 13 14:57:48 2026  580.173.02
[0] NVIDIA GeForce RTX 3070 | 68°C,  95 % |  6520 /  8192 MB | root(5898M)

2026-08-13 14:58:00,835   INFO  Train:    1/10 ( 10%) [22549/55563 ( 41%)]  Loss: 1.401 (1.61)  LR: 5.651e-05  Time cost: 1:33:12/2:16:28 [1:33:13/36:43:37]  Acc_iter 22550       Data time: 0.00(0.00)  Forward time: 0.23(0.24)  Batch time: 0.23(0.25)
2026-08-13 14:58:13,514   INFO  Train:    1/10 ( 10%) [22599/55563 ( 41%)]  Loss: 1.841 (1.61)  LR: 5.663e-05  Time cost: 1:33:25/2:16:16 [1:33:26/36:43:31]  Acc_iter 22600       Data time: 0.00(0.00)  Forward time: 0.23(0.24)  Batch time: 0.23(0.25)
2026-08-13 14:58:26,196   INFO  Train:    1/10 ( 10%) [22649/55563 ( 41%)]  Loss: 0.6456 (1.61)  LR: 5.674e-05  Time cost: 1:33:38/2:16:04 [1:33:39/36:43:25]  Acc_iter 22650       Data time: 0.00(0.00)  Forward time: 0.29(0.24)  Batch time: 0.29(0.25)
2026-08-13 14:58:26,728   INFO  a1e06a0b30c0                Thu Aug 13 14:58:26 2026  580.173.02
[0] NVIDIA GeForce RTX 3070 | 63°C,  78 % |  6521 /  8192 MB | root(5898M)

2026-08-13 14:58:39,512   INFO  Train:    1/10 ( 10%) [22699/55563 ( 41%)]  Loss: 0.5512 (1.61)  LR: 5.686e-05  Time cost: 1:33:51/2:15:53 [1:33:52/36:43:34]  Acc_iter 22700       Data time: 0.00(0.00)  Forward time: 0.27(0.24)  Batch time: 0.28(0.25)
2026-08-13 14:58:52,002   INFO  Train:    1/10 ( 10%) [22749/55563 ( 41%)]  Loss: 2.024 (1.61)  LR: 5.697e-05  Time cost: 1:34:04/2:15:40 [1:34:05/36:43:24]  Acc_iter 22750       Data time: 0.00(0.00)  Forward time: 0.27(0.24)  Batch time: 0.27(0.25)
2026-08-13 14:59:04,517   INFO  Train:    1/10 ( 10%) [22799/55563 ( 41%)]  Loss: 1.840 (1.61)  LR: 5.708e-05  Time cost: 1:34:16/2:15:28 [1:34:17/36:43:14]  Acc_iter 22800       Data time: 0.00(0.00)  Forward time: 0.27(0.24)  Batch time: 0.27(0.25)
2026-08-13 14:59:04,917   INFO  a1e06a0b30c0                Thu Aug 13 14:59:04 2026  580.173.02
[0] NVIDIA GeForce RTX 3070 | 68°C,  94 % |  6521 /  8192 MB | root(5898M)

2026-08-13 14:59:17,589   INFO  Train:    1/10 ( 10%) [22849/55563 ( 41%)]  Loss: 1.030 (1.61)  LR: 5.720e-05  Time cost: 1:34:29/2:15:17 [1:34:30/36:43:17]  Acc_iter 22850       Data time: 0.00(0.00)  Forward time: 0.25(0.24)  Batch time: 0.25(0.25)
2026-08-13 14:59:30,088   INFO  Train:    1/10 ( 10%) [22899/55563 ( 41%)]  Loss: 0.9243 (1.60)  LR: 5.731e-05  Time cost: 1:34:42/2:15:04 [1:34:43/36:43:07]  Acc_iter 22900       Data time: 0.00(0.00)  Forward time: 0.21(0.24)  Batch time: 0.21(0.25)
2026-08-13 14:59:42,588   INFO  Train:    1/10 ( 10%) [22949/55563 ( 41%)]  Loss: 1.504 (1.60)  LR: 5.743e-05  Time cost: 1:34:54/2:14:52 [1:34:55/36:42:56]  Acc_iter 22950       Data time: 0.00(0.00)  Forward time: 0.25(0.24)  Batch time: 0.25(0.25)
2026-08-13 14:59:42,970   INFO  a1e06a0b30c0                Thu Aug 13 14:59:42 2026  580.173.02
[0] NVIDIA GeForce RTX 3070 | 69°C,  87 % |  6520 /  8192 MB | root(5898M)

2026-08-13 14:59:48,213   INFO  Save latest model to /OpenPCDet/output/OpenPCDet/tools/cfgs/models/S/F/S_F_N/default/ckpt/latest_model
2026-08-13 14:59:55,054   INFO  Train:    1/10 ( 10%) [22999/55563 ( 41%)]  Loss: 1.188 (1.60)  LR: 5.754e-05  Time cost: 1:35:07/2:14:40 [1:35:08/36:42:45]  Acc_iter 23000       Data time: 0.00(0.00)  Forward time: 0.27(0.24)  Batch time: 0.27(0.25)
2026-08-13 15:00:07,542   INFO  Train:    1/10 ( 10%) [23049/55563 ( 41%)]  Loss: 1.256 (1.60)  LR: 5.766e-05  Time cost: 1:35:19/2:14:28 [1:35:20/36:42:35]  Acc_iter 23050       Data time: 0.00(0.00)  Forward time: 0.23(0.24)  Batch time: 0.23(0.25)
2026-08-13 15:00:20,149   INFO  Train:    1/10 ( 10%) [23099/55563 ( 42%)]  Loss: 2.018 (1.60)  LR: 5.778e-05  Time cost: 1:35:32/2:14:15 [1:35:33/36:42:27]  Acc_iter 23100       Data time: 0.00(0.00)  Forward time: 0.23(0.24)  Batch time: 0.23(0.25)
2026-08-13 15:00:20,586   INFO  a1e06a0b30c0                Thu Aug 13 15:00:20 2026  580.173.02
[0] NVIDIA GeForce RTX 3070 | 63°C,  99 % |  6527 /  8192 MB | root(5898M)

2026-08-13 15:00:32,844   INFO  Train:    1/10 ( 10%) [23149/55563 ( 42%)]  Loss: 1.570 (1.60)  LR: 5.789e-05  Time cost: 1:35:44/2:14:03 [1:35:45/36:42:21]  Acc_iter 23150       Data time: 0.00(0.00)  Forward time: 0.26(0.24)  Batch time: 0.26(0.25)
2026-08-13 15:00:45,268   INFO  Train:    1/10 ( 10%) [23199/55563 ( 42%)]  Loss: 1.501 (1.60)  LR: 5.801e-05  Time cost: 1:35:57/2:13:51 [1:35:58/36:42:09]  Acc_iter 23200       Data time: 0.00(0.00)  Forward time: 0.26(0.24)  Batch time: 0.26(0.25)
2026-08-13 15:00:57,699   INFO  Train:    1/10 ( 10%) [23249/55563 ( 42%)]  Loss: 1.712 (1.60)  LR: 5.812e-05  Time cost: 1:36:09/2:13:39 [1:36:10/36:41:57]  Acc_iter 23250       Data time: 0.00(0.00)  Forward time: 0.26(0.24)  Batch time: 0.27(0.25)
2026-08-13 15:00:58,115   INFO  a1e06a0b30c0                Thu Aug 13 15:00:58 2026  580.173.02
[0] NVIDIA GeForce RTX 3070 | 64°C,   6 % |  6527 /  8192 MB | root(5898M)

2026-08-13 15:01:10,719   INFO  Train:    1/10 ( 10%) [23299/55563 ( 42%)]  Loss: 0.8347 (1.60)  LR: 5.824e-05  Time cost: 1:36:22/2:13:27 [1:36:23/36:41:59]  Acc_iter 23300       Data time: 0.00(0.00)  Forward time: 0.25(0.24)  Batch time: 0.25(0.25)
2026-08-13 15:01:23,503   INFO  Train:    1/10 ( 10%) [23349/55563 ( 42%)]  Loss: 1.113 (1.60)  LR: 5.836e-05  Time cost: 1:36:35/2:13:15 [1:36:36/36:41:55]  Acc_iter 23350       Data time: 0.00(0.00)  Forward time: 0.27(0.24)  Batch time: 0.27(0.25)
2026-08-13 15:01:35,964   INFO  Train:    1/10 ( 10%) [23399/55563 ( 42%)]  Loss: 1.026 (1.60)  LR: 5.848e-05  Time cost: 1:36:48/2:13:03 [1:36:49/36:41:44]  Acc_iter 23400       Data time: 0.00(0.00)  Forward time: 0.21(0.24)  Batch time: 0.21(0.25)
2026-08-13 15:01:36,355   INFO  a1e06a0b30c0                Thu Aug 13 15:01:36 2026  580.173.02
[0] NVIDIA GeForce RTX 3070 | 70°C,  78 % |  6526 /  8192 MB | root(5898M)

2026-08-13 15:01:48,803   INFO  Train:    1/10 ( 10%) [23449/55563 ( 42%)]  Loss: 1.240 (1.60)  LR: 5.859e-05  Time cost: 1:37:00/2:12:51 [1:37:01/36:41:41]  Acc_iter 23450       Data time: 0.00(0.00)  Forward time: 0.23(0.24)  Batch time: 0.23(0.25)
2026-08-13 15:02:01,486   INFO  Train:    1/10 ( 10%) [23499/55563 ( 42%)]  Loss: 1.226 (1.60)  LR: 5.871e-05  Time cost: 1:37:13/2:12:39 [1:37:14/36:41:35]  Acc_iter 23500       Data time: 0.00(0.00)  Forward time: 0.28(0.24)  Batch time: 0.28(0.25)
2026-08-13 15:02:14,590   INFO  Train:    1/10 ( 10%) [23549/55563 ( 42%)]  Loss: 1.273 (1.60)  LR: 5.883e-05  Time cost: 1:37:26/2:12:28 [1:37:27/36:41:38]  Acc_iter 23550       Data time: 0.00(0.00)  Forward time: 0.28(0.24)  Batch time: 0.28(0.25)
2026-08-13 15:02:15,107   INFO  a1e06a0b30c0                Thu Aug 13 15:02:15 2026  580.173.02
[0] NVIDIA GeForce RTX 3070 | 64°C,   7 % |  6527 /  8192 MB | root(5898M)

2026-08-13 15:02:27,811   INFO  Train:    1/10 ( 10%) [23599/55563 ( 42%)]  Loss: 2.232 (1.60)  LR: 5.895e-05  Time cost: 1:37:39/2:12:16 [1:37:40/36:41:44]  Acc_iter 23600       Data time: 0.00(0.00)  Forward time: 0.27(0.24)  Batch time: 0.27(0.25)
2026-08-13 15:02:40,240   INFO  Train:    1/10 ( 10%) [23649/55563 ( 43%)]  Loss: 1.991 (1.60)  LR: 5.906e-05  Time cost: 1:37:52/2:12:04 [1:37:53/36:41:32]  Acc_iter 23650       Data time: 0.00(0.00)  Forward time: 0.26(0.24)  Batch time: 0.26(0.25)
2026-08-13 15:02:52,889   INFO  Train:    1/10 ( 10%) [23699/55563 ( 43%)]  Loss: 1.423 (1.60)  LR: 5.918e-05  Time cost: 1:38:05/2:11:52 [1:38:05/36:41:25]  Acc_iter 23700       Data time: 0.00(0.00)  Forward time: 0.22(0.24)  Batch time: 0.22(0.25)
2026-08-13 15:02:53,287   INFO  a1e06a0b30c0                Thu Aug 13 15:02:53 2026  580.173.02
[0] NVIDIA GeForce RTX 3070 | 72°C,  48 % |  6526 /  8192 MB | root(5898M)

2026-08-13 15:03:06,086   INFO  Train:    1/10 ( 10%) [23749/55563 ( 43%)]  Loss: 1.264 (1.60)  LR: 5.930e-05  Time cost: 1:38:18/2:11:40 [1:38:19/36:41:30]  Acc_iter 23750       Data time: 0.00(0.00)  Forward time: 0.26(0.24)  Batch time: 0.26(0.25)
2026-08-13 15:03:18,947   INFO  Train:    1/10 ( 10%) [23799/55563 ( 43%)]  Loss: 1.699 (1.60)  LR: 5.942e-05  Time cost: 1:38:31/2:11:29 [1:38:32/36:41:27]  Acc_iter 23800       Data time: 0.00(0.00)  Forward time: 0.24(0.24)  Batch time: 0.24(0.25)
2026-08-13 15:03:31,416   INFO  Train:    1/10 ( 10%) [23849/55563 ( 43%)]  Loss: 0.9179 (1.60)  LR: 5.954e-05  Time cost: 1:38:43/2:11:16 [1:38:44/36:41:16]  Acc_iter 23850       Data time: 0.00(0.00)  Forward time: 0.24(0.24)  Batch time: 0.24(0.25)
2026-08-13 15:03:31,827   INFO  a1e06a0b30c0                Thu Aug 13 15:03:31 2026  580.173.02
[0] NVIDIA GeForce RTX 3070 | 70°C,  79 % |  6527 /  8192 MB | root(5898M)

2026-08-13 15:03:44,553   INFO  Train:    1/10 ( 10%) [23899/55563 ( 43%)]  Loss: 1.284 (1.60)  LR: 5.966e-05  Time cost: 1:38:56/2:11:05 [1:38:57/36:41:19]  Acc_iter 23900       Data time: 0.00(0.00)  Forward time: 0.24(0.24)  Batch time: 0.24(0.25)
2026-08-13 15:03:57,275   INFO  Train:    1/10 ( 10%) [23949/55563 ( 43%)]  Loss: 1.467 (1.60)  LR: 5.978e-05  Time cost: 1:39:09/2:10:53 [1:39:10/36:41:14]  Acc_iter 23950       Data time: 0.00(0.00)  Forward time: 0.26(0.24)  Batch time: 0.26(0.25)
2026-08-13 15:04:10,119   INFO  Train:    1/10 ( 10%) [23999/55563 ( 43%)]  Loss: 0.8828 (1.60)  LR: 5.990e-05  Time cost: 1:39:22/2:10:41 [1:39:23/36:41:11]  Acc_iter 24000       Data time: 0.00(0.00)  Forward time: 0.25(0.24)  Batch time: 0.25(0.25)
2026-08-13 15:04:10,576   INFO  a1e06a0b30c0                Thu Aug 13 15:04:10 2026  580.173.02
[0] NVIDIA GeForce RTX 3070 | 70°C,  72 % |  6527 /  8192 MB | root(5898M)

2026-08-13 15:04:23,245   INFO  Train:    1/10 ( 10%) [24049/55563 ( 43%)]  Loss: 1.838 (1.60)  LR: 6.002e-05  Time cost: 1:39:35/2:10:29 [1:39:36/36:41:14]  Acc_iter 24050       Data time: 0.00(0.00)  Forward time: 0.27(0.24)  Batch time: 0.27(0.25)
2026-08-13 15:04:35,637   INFO  Train:    1/10 ( 10%) [24099/55563 ( 43%)]  Loss: 1.775 (1.59)  LR: 6.014e-05  Time cost: 1:39:47/2:10:17 [1:39:48/36:41:01]  Acc_iter 24100       Data time: 0.00(0.00)  Forward time: 0.26(0.24)  Batch time: 0.26(0.25)
2026-08-13 15:04:47,974   INFO  Train:    1/10 ( 10%) [24149/55563 ( 43%)]  Loss: 1.097 (1.59)  LR: 6.026e-05  Time cost: 1:40:00/2:10:04 [1:40:01/36:40:46]  Acc_iter 24150       Data time: 0.00(0.00)  Forward time: 0.26(0.24)  Batch time: 0.26(0.25)
2026-08-13 15:04:48,394   INFO  a1e06a0b30c0                Thu Aug 13 15:04:48 2026  580.173.02
[0] NVIDIA GeForce RTX 3070 | 71°C,  95 % |  6526 /  8192 MB | root(5898M)

2026-08-13 15:04:48,517   INFO  Save latest model to /OpenPCDet/output/OpenPCDet/tools/cfgs/models/S/F/S_F_N/default/ckpt/latest_model
2026-08-13 15:05:01,223   INFO  Train:    1/10 ( 10%) [24199/55563 ( 44%)]  Loss: 1.352 (1.59)  LR: 6.038e-05  Time cost: 1:40:13/2:09:53 [1:40:14/36:40:52]  Acc_iter 24200       Data time: 0.00(0.00)  Forward time: 0.22(0.24)  Batch time: 0.22(0.25)
2026-08-13 15:05:14,385   INFO  Train:    1/10 ( 10%) [24249/55563 ( 44%)]  Loss: 0.9483 (1.59)  LR: 6.050e-05  Time cost: 1:40:26/2:09:42 [1:40:27/36:40:56]  Acc_iter 24250       Data time: 0.00(0.00)  Forward time: 0.26(0.24)  Batch time: 0.26(0.25)
2026-08-13 15:05:26,874   INFO  Train:    1/10 ( 10%) [24299/55563 ( 44%)]  Loss: 1.172 (1.59)  LR: 6.062e-05  Time cost: 1:40:38/2:09:29 [1:40:39/36:40:45]  Acc_iter 24300       Data time: 0.00(0.00)  Forward time: 0.26(0.24)  Batch time: 0.26(0.25)
2026-08-13 15:05:27,279   INFO  a1e06a0b30c0                Thu Aug 13 15:05:27 2026  580.173.02
[0] NVIDIA GeForce RTX 3070 | 68°C,  81 % |  6527 /  8192 MB | root(5898M)

2026-08-13 15:05:39,980   INFO  Train:    1/10 ( 10%) [24349/55563 ( 44%)]  Loss: 1.305 (1.59)  LR: 6.074e-05  Time cost: 1:40:52/2:09:18 [1:40:53/36:40:47]  Acc_iter 24350       Data time: 0.00(0.00)  Forward time: 0.27(0.24)  Batch time: 0.27(0.25)
2026-08-13 15:05:52,682   INFO  Train:    1/10 ( 10%) [24399/55563 ( 44%)]  Loss: 1.771 (1.59)  LR: 6.086e-05  Time cost: 1:41:04/2:09:06 [1:41:05/36:40:41]  Acc_iter 24400       Data time: 0.00(0.00)  Forward time: 0.26(0.24)  Batch time: 0.26(0.25)
2026-08-13 15:06:05,648   INFO  Train:    1/10 ( 10%) [24449/55563 ( 44%)]  Loss: 1.853 (1.59)  LR: 6.098e-05  Time cost: 1:41:17/2:08:54 [1:41:18/36:40:40]  Acc_iter 24450       Data time: 0.00(0.00)  Forward time: 0.28(0.24)  Batch time: 0.28(0.25)
2026-08-13 15:06:06,132   INFO  a1e06a0b30c0                Thu Aug 13 15:06:06 2026  580.173.02
[0] NVIDIA GeForce RTX 3070 | 63°C,   7 % |  6526 /  8192 MB | root(5898M)

2026-08-13 15:06:18,889   INFO  Train:    1/10 ( 10%) [24499/55563 ( 44%)]  Loss: 1.282 (1.59)  LR: 6.111e-05  Time cost: 1:41:31/2:08:42 [1:41:31/36:40:45]  Acc_iter 24500       Data time: 0.00(0.00)  Forward time: 0.26(0.24)  Batch time: 0.26(0.25)
2026-08-13 15:06:31,139   INFO  Train:    1/10 ( 10%) [24549/55563 ( 44%)]  Loss: 1.894 (1.59)  LR: 6.123e-05  Time cost: 1:41:43/2:08:30 [1:41:44/36:40:29]  Acc_iter 24550       Data time: 0.00(0.00)  Forward time: 0.25(0.24)  Batch time: 0.25(0.25)
2026-08-13 15:06:43,531   INFO  Train:    1/10 ( 10%) [24599/55563 ( 44%)]  Loss: 0.8142 (1.59)  LR: 6.135e-05  Time cost: 1:41:55/2:08:17 [1:41:56/36:40:16]  Acc_iter 24600       Data time: 0.00(0.00)  Forward time: 0.24(0.24)  Batch time: 0.24(0.25)
2026-08-13 15:06:43,922   INFO  a1e06a0b30c0                Thu Aug 13 15:06:43 2026  580.173.02
[0] NVIDIA GeForce RTX 3070 | 68°C,  65 % |  6527 /  8192 MB | root(5898M)

2026-08-13 15:06:56,654   INFO  Train:    1/10 ( 10%) [24649/55563 ( 44%)]  Loss: 1.080 (1.59)  LR: 6.147e-05  Time cost: 1:42:08/2:08:06 [1:42:09/36:40:18]  Acc_iter 24650       Data time: 0.00(0.00)  Forward time: 0.24(0.24)  Batch time: 0.24(0.25)
2026-08-13 15:07:09,614   INFO  Train:    1/10 ( 10%) [24699/55563 ( 44%)]  Loss: 0.7192 (1.59)  LR: 6.159e-05  Time cost: 1:42:21/2:07:54 [1:42:22/36:40:17]  Acc_iter 24700       Data time: 0.00(0.00)  Forward time: 0.24(0.24)  Batch time: 0.24(0.25)
2026-08-13 15:07:22,198   INFO  Train:    1/10 ( 10%) [24749/55563 ( 45%)]  Loss: 2.162 (1.59)  LR: 6.172e-05  Time cost: 1:42:34/2:07:42 [1:42:35/36:40:08]  Acc_iter 24750       Data time: 0.00(0.00)  Forward time: 0.27(0.24)  Batch time: 0.27(0.25)
2026-08-13 15:07:22,609   INFO  a1e06a0b30c0                Thu Aug 13 15:07:22 2026  580.173.02
[0] NVIDIA GeForce RTX 3070 | 63°C,  80 % |  6521 /  8192 MB | root(5898M)

2026-08-13 15:07:35,088   INFO  Train:    1/10 ( 10%) [24799/55563 ( 45%)]  Loss: 0.7081 (1.59)  LR: 6.184e-05  Time cost: 1:42:47/2:07:30 [1:42:48/36:40:05]  Acc_iter 24800       Data time: 0.00(0.00)  Forward time: 0.26(0.24)  Batch time: 0.26(0.25)
2026-08-13 15:07:47,483   INFO  Train:    1/10 ( 10%) [24849/55563 ( 45%)]  Loss: 2.563 (1.59)  LR: 6.196e-05  Time cost: 1:42:59/2:07:17 [1:43:00/36:39:52]  Acc_iter 24850       Data time: 0.00(0.00)  Forward time: 0.24(0.24)  Batch time: 0.24(0.25)
2026-08-13 15:08:00,467   INFO  Train:    1/10 ( 10%) [24899/55563 ( 45%)]  Loss: 1.449 (1.59)  LR: 6.209e-05  Time cost: 1:43:12/2:07:06 [1:43:13/36:39:51]  Acc_iter 24900       Data time: 0.00(0.00)  Forward time: 0.26(0.24)  Batch time: 0.26(0.25)
2026-08-13 15:08:00,967   INFO  a1e06a0b30c0                Thu Aug 13 15:08:00 2026  580.173.02
[0] NVIDIA GeForce RTX 3070 | 70°C,  81 % |  6522 /  8192 MB | root(5898M)

2026-08-13 15:08:13,793   INFO  Train:    1/10 ( 10%) [24949/55563 ( 45%)]  Loss: 0.2899 (1.59)  LR: 6.221e-05  Time cost: 1:43:25/2:06:54 [1:43:26/36:39:58]  Acc_iter 24950       Data time: 0.00(0.00)  Forward time: 0.21(0.24)  Batch time: 0.21(0.25)
2026-08-13 15:08:26,312   INFO  Train:    1/10 ( 10%) [24999/55563 ( 45%)]  Loss: 1.264 (1.59)  LR: 6.233e-05  Time cost: 1:43:38/2:06:42 [1:43:39/36:39:47]  Acc_iter 25000       Data time: 0.00(0.00)  Forward time: 0.24(0.24)  Batch time: 0.24(0.25)
2026-08-13 15:08:38,810   INFO  Train:    1/10 ( 10%) [25049/55563 ( 45%)]  Loss: 0.8866 (1.59)  LR: 6.246e-05  Time cost: 1:43:50/2:06:30 [1:43:51/36:39:36]  Acc_iter 25050       Data time: 0.00(0.00)  Forward time: 0.25(0.24)  Batch time: 0.25(0.25)
2026-08-13 15:08:39,281   INFO  a1e06a0b30c0                Thu Aug 13 15:08:39 2026  580.173.02
[0] NVIDIA GeForce RTX 3070 | 64°C,   9 % |  6523 /  8192 MB | root(5898M)

2026-08-13 15:08:51,946   INFO  Train:    1/10 ( 10%) [25099/55563 ( 45%)]  Loss: 0.8779 (1.59)  LR: 6.258e-05  Time cost: 1:44:04/2:06:18 [1:44:05/36:39:38]  Acc_iter 25100       Data time: 0.00(0.00)  Forward time: 0.23(0.24)  Batch time: 0.23(0.25)
2026-08-13 15:09:04,936   INFO  Train:    1/10 ( 10%) [25149/55563 ( 45%)]  Loss: 1.047 (1.59)  LR: 6.271e-05  Time cost: 1:44:17/2:06:06 [1:44:17/36:39:37]  Acc_iter 25150       Data time: 0.00(0.00)  Forward time: 0.21(0.24)  Batch time: 0.21(0.25)
2026-08-13 15:09:17,483   INFO  Train:    1/10 ( 10%) [25199/55563 ( 45%)]  Loss: 1.230 (1.59)  LR: 6.283e-05  Time cost: 1:44:29/2:05:54 [1:44:30/36:39:27]  Acc_iter 25200       Data time: 0.00(0.00)  Forward time: 0.25(0.24)  Batch time: 0.25(0.25)
2026-08-13 15:09:17,919   INFO  a1e06a0b30c0                Thu Aug 13 15:09:17 2026  580.173.02
[0] NVIDIA GeForce RTX 3070 | 70°C,  97 % |  6526 /  8192 MB | root(5898M)

2026-08-13 15:09:30,426   INFO  Train:    1/10 ( 10%) [25249/55563 ( 45%)]  Loss: 1.782 (1.59)  LR: 6.296e-05  Time cost: 1:44:42/2:05:42 [1:44:43/36:39:25]  Acc_iter 25250       Data time: 0.00(0.00)  Forward time: 0.28(0.24)  Batch time: 0.29(0.25)
2026-08-13 15:09:42,826   INFO  Train:    1/10 ( 10%) [25299/55563 ( 46%)]  Loss: 1.418 (1.59)  LR: 6.308e-05  Time cost: 1:44:54/2:05:30 [1:44:55/36:39:12]  Acc_iter 25300       Data time: 0.00(0.00)  Forward time: 0.25(0.24)  Batch time: 0.25(0.25)
2026-08-13 15:09:48,218   INFO  Save latest model to /OpenPCDet/output/OpenPCDet/tools/cfgs/models/S/F/S_F_N/default/ckpt/latest_model
2026-08-13 15:09:55,751   INFO  Train:    1/10 ( 10%) [25349/55563 ( 46%)]  Loss: 1.444 (1.59)  LR: 6.321e-05  Time cost: 1:45:07/2:05:18 [1:45:08/36:39:10]  Acc_iter 25350       Data time: 0.00(0.00)  Forward time: 0.24(0.24)  Batch time: 0.24(0.25)
2026-08-13 15:09:56,188   INFO  a1e06a0b30c0                Thu Aug 13 15:09:56 2026  580.173.02
[0] NVIDIA GeForce RTX 3070 | 63°C,   8 % |  6527 /  8192 MB | root(5898M)

2026-08-13 15:10:08,690   INFO  Train:    1/10 ( 10%) [25399/55563 ( 46%)]  Loss: 1.817 (1.59)  LR: 6.333e-05  Time cost: 1:45:20/2:05:06 [1:45:21/36:39:08]  Acc_iter 25400       Data time: 0.00(0.00)  Forward time: 0.27(0.24)  Batch time: 0.27(0.25)
2026-08-13 15:10:21,060   INFO  Train:    1/10 ( 10%) [25449/55563 ( 46%)]  Loss: 2.039 (1.59)  LR: 6.346e-05  Time cost: 1:45:33/2:04:53 [1:45:34/36:38:54]  Acc_iter 25450       Data time: 0.00(0.00)  Forward time: 0.27(0.24)  Batch time: 0.27(0.25)
2026-08-13 15:10:33,428   INFO  Train:    1/10 ( 10%) [25499/55563 ( 46%)]  Loss: 1.836 (1.59)  LR: 6.358e-05  Time cost: 1:45:45/2:04:41 [1:45:46/36:38:40]  Acc_iter 25500       Data time: 0.00(0.00)  Forward time: 0.22(0.24)  Batch time: 0.22(0.25)
2026-08-13 15:10:33,833   INFO  a1e06a0b30c0                Thu Aug 13 15:10:33 2026  580.173.02
[0] NVIDIA GeForce RTX 3070 | 69°C,  97 % |  6527 /  8192 MB | root(5898M)

2026-08-13 15:10:46,369   INFO  Train:    1/10 ( 10%) [25549/55563 ( 46%)]  Loss: 0.7536 (1.58)  LR: 6.371e-05  Time cost: 1:45:58/2:04:29 [1:45:59/36:38:38]  Acc_iter 25550       Data time: 0.00(0.00)  Forward time: 0.26(0.24)  Batch time: 0.26(0.25)
2026-08-13 15:10:59,246   INFO  Train:    1/10 ( 10%) [25599/55563 ( 46%)]  Loss: 0.4932 (1.58)  LR: 6.384e-05  Time cost: 1:46:11/2:04:17 [1:46:12/36:38:34]  Acc_iter 25600       Data time: 0.00(0.00)  Forward time: 0.23(0.24)  Batch time: 0.23(0.25)
2026-08-13 15:11:11,655   INFO  Train:    1/10 ( 10%) [25649/55563 ( 46%)]  Loss: 0.6782 (1.58)  LR: 6.396e-05  Time cost: 1:46:23/2:04:04 [1:46:24/36:38:21]  Acc_iter 25650       Data time: 0.00(0.00)  Forward time: 0.23(0.24)  Batch time: 0.23(0.25)
2026-08-13 15:11:12,050   INFO  a1e06a0b30c0                Thu Aug 13 15:11:12 2026  580.173.02
[0] NVIDIA GeForce RTX 3070 | 70°C,  95 % |  6526 /  8192 MB | root(5898M)

2026-08-13 15:11:24,450   INFO  Train:    1/10 ( 10%) [25699/55563 ( 46%)]  Loss: 0.8824 (1.58)  LR: 6.409e-05  Time cost: 1:46:36/2:03:52 [1:46:37/36:38:16]  Acc_iter 25700       Data time: 0.00(0.00)  Forward time: 0.23(0.24)  Batch time: 0.23(0.25)
2026-08-13 15:11:36,656   INFO  Train:    1/10 ( 10%) [25749/55563 ( 46%)]  Loss: 1.519 (1.58)  LR: 6.422e-05  Time cost: 1:46:48/2:03:40 [1:46:49/36:37:59]  Acc_iter 25750       Data time: 0.00(0.00)  Forward time: 0.27(0.24)  Batch time: 0.27(0.25)
2026-08-13 15:11:49,174   INFO  Train:    1/10 ( 10%) [25799/55563 ( 46%)]  Loss: 2.093 (1.58)  LR: 6.434e-05  Time cost: 1:47:01/2:03:27 [1:47:02/36:37:48]  Acc_iter 25800       Data time: 0.00(0.00)  Forward time: 0.25(0.24)  Batch time: 0.25(0.25)
2026-08-13 15:11:49,647   INFO  a1e06a0b30c0                Thu Aug 13 15:11:49 2026  580.173.02
[0] NVIDIA GeForce RTX 3070 | 63°C,  70 % |  6531 /  8192 MB | root(5898M)

2026-08-13 15:12:02,792   INFO  Train:    1/10 ( 10%) [25849/55563 ( 47%)]  Loss: 1.335 (1.58)  LR: 6.447e-05  Time cost: 1:47:14/2:03:16 [1:47:15/36:37:59]  Acc_iter 25850       Data time: 0.00(0.00)  Forward time: 0.29(0.24)  Batch time: 0.29(0.25)
2026-08-13 15:12:15,451   INFO  Train:    1/10 ( 10%) [25899/55563 ( 47%)]  Loss: 2.695 (1.58)  LR: 6.460e-05  Time cost: 1:47:27/2:03:04 [1:47:28/36:37:51]  Acc_iter 25900       Data time: 0.00(0.00)  Forward time: 0.25(0.24)  Batch time: 0.26(0.25)
2026-08-13 15:12:27,823   INFO  Train:    1/10 ( 10%) [25949/55563 ( 47%)]  Loss: 0.8988 (1.58)  LR: 6.473e-05  Time cost: 1:47:39/2:02:52 [1:47:40/36:37:37]  Acc_iter 25950       Data time: 0.00(0.00)  Forward time: 0.23(0.24)  Batch time: 0.23(0.25)
2026-08-13 15:12:28,220   INFO  a1e06a0b30c0                Thu Aug 13 15:12:28 2026  580.173.02
[0] NVIDIA GeForce RTX 3070 | 64°C,   7 % |  6521 /  8192 MB | root(5898M)

2026-08-13 15:12:40,762   INFO  Train:    1/10 ( 10%) [25999/55563 ( 47%)]  Loss: 1.104 (1.58)  LR: 6.485e-05  Time cost: 1:47:52/2:02:40 [1:47:53/36:37:35]  Acc_iter 26000       Data time: 0.00(0.00)  Forward time: 0.25(0.24)  Batch time: 0.25(0.25)
2026-08-13 15:12:53,917   INFO  Train:    1/10 ( 10%) [26049/55563 ( 47%)]  Loss: 1.858 (1.58)  LR: 6.498e-05  Time cost: 1:48:06/2:02:28 [1:48:06/36:37:37]  Acc_iter 26050       Data time: 0.00(0.00)  Forward time: 0.26(0.24)  Batch time: 0.26(0.25)
2026-08-13 15:13:06,364   INFO  Train:    1/10 ( 10%) [26099/55563 ( 47%)]  Loss: 1.678 (1.58)  LR: 6.511e-05  Time cost: 1:48:18/2:02:16 [1:48:19/36:37:24]  Acc_iter 26100       Data time: 0.00(0.00)  Forward time: 0.27(0.24)  Batch time: 0.27(0.25)
2026-08-13 15:13:06,756   INFO  a1e06a0b30c0                Thu Aug 13 15:13:06 2026  580.173.02
[0] NVIDIA GeForce RTX 3070 | 65°C,  74 % |  6521 /  8192 MB | root(5898M)

2026-08-13 15:13:18,971   INFO  Train:    1/10 ( 10%) [26149/55563 ( 47%)]  Loss: 0.8315 (1.58)  LR: 6.524e-05  Time cost: 1:48:31/2:02:03 [1:48:32/36:37:15]  Acc_iter 26150       Data time: 0.00(0.00)  Forward time: 0.23(0.24)  Batch time: 0.24(0.25)
2026-08-13 15:13:31,497   INFO  Train:    1/10 ( 10%) [26199/55563 ( 47%)]  Loss: 1.320 (1.58)  LR: 6.537e-05  Time cost: 1:48:43/2:01:51 [1:48:44/36:37:04]  Acc_iter 26200       Data time: 0.00(0.00)  Forward time: 0.24(0.24)  Batch time: 0.24(0.25)
2026-08-13 15:13:44,375   INFO  Train:    1/10 ( 10%) [26249/55563 ( 47%)]  Loss: 1.196 (1.58)  LR: 6.550e-05  Time cost: 1:48:56/2:01:39 [1:48:57/36:37:00]  Acc_iter 26250       Data time: 0.00(0.00)  Forward time: 0.27(0.24)  Batch time: 0.27(0.25)
2026-08-13 15:13:44,892   INFO  a1e06a0b30c0                Thu Aug 13 15:13:44 2026  580.173.02
[0] NVIDIA GeForce RTX 3070 | 67°C,  75 % |  6521 /  8192 MB | root(5898M)

2026-08-13 15:13:57,792   INFO  Train:    1/10 ( 10%) [26299/55563 ( 47%)]  Loss: 1.123 (1.58)  LR: 6.562e-05  Time cost: 1:49:09/2:01:28 [1:49:10/36:37:07]  Acc_iter 26300       Data time: 0.00(0.00)  Forward time: 0.26(0.24)  Batch time: 0.26(0.25)
2026-08-13 15:14:10,026   INFO  Train:    1/10 ( 10%) [26349/55563 ( 47%)]  Loss: 0.6408 (1.58)  LR: 6.575e-05  Time cost: 1:49:22/2:01:15 [1:49:23/36:36:50]  Acc_iter 26350       Data time: 0.00(0.00)  Forward time: 0.23(0.24)  Batch time: 0.23(0.25)
2026-08-13 15:14:22,044   INFO  Train:    1/10 ( 10%) [26399/55563 ( 48%)]  Loss: 1.630 (1.58)  LR: 6.588e-05  Time cost: 1:49:34/2:01:02 [1:49:35/36:36:29]  Acc_iter 26400       Data time: 0.00(0.00)  Forward time: 0.24(0.24)  Batch time: 0.24(0.25)
2026-08-13 15:14:22,423   INFO  a1e06a0b30c0                Thu Aug 13 15:14:22 2026  580.173.02
[0] NVIDIA GeForce RTX 3070 | 70°C,  87 % |  6521 /  8192 MB | root(5898M)

2026-08-13 15:14:34,841   INFO  Train:    1/10 ( 10%) [26449/55563 ( 48%)]  Loss: 1.291 (1.58)  LR: 6.601e-05  Time cost: 1:49:46/2:00:50 [1:49:47/36:36:24]  Acc_iter 26450       Data time: 0.00(0.00)  Forward time: 0.21(0.24)  Batch time: 0.21(0.25)
2026-08-13 15:14:47,847   INFO  Train:    1/10 ( 10%) [26499/55563 ( 48%)]  Loss: 0.8708 (1.58)  LR: 6.614e-05  Time cost: 1:49:59/2:00:38 [1:50:00/36:36:22]  Acc_iter 26500       Data time: 0.00(0.00)  Forward time: 0.23(0.24)  Batch time: 0.24(0.25)
2026-08-13 15:14:48,283   INFO  Save latest model to /OpenPCDet/output/OpenPCDet/tools/cfgs/models/S/F/S_F_N/default/ckpt/latest_model
2026-08-13 15:15:00,685   INFO  Train:    1/10 ( 10%) [26549/55563 ( 48%)]  Loss: 1.215 (1.58)  LR: 6.627e-05  Time cost: 1:50:12/2:00:26 [1:50:13/36:36:17]  Acc_iter 26550       Data time: 0.00(0.00)  Forward time: 0.26(0.24)  Batch time: 0.26(0.25)
2026-08-13 15:15:01,089   INFO  a1e06a0b30c0                Thu Aug 13 15:15:01 2026  580.173.02
[0] NVIDIA GeForce RTX 3070 | 72°C,  98 % |  6527 /  8192 MB | root(5898M)

2026-08-13 15:15:13,691   INFO  Train:    1/10 ( 10%) [26599/55563 ( 48%)]  Loss: 1.272 (1.58)  LR: 6.640e-05  Time cost: 1:50:25/2:00:14 [1:50:26/36:36:16]  Acc_iter 26600       Data time: 0.00(0.00)  Forward time: 0.26(0.24)  Batch time: 0.26(0.25)
2026-08-13 15:15:26,121   INFO  Train:    1/10 ( 10%) [26649/55563 ( 48%)]  Loss: 0.8763 (1.58)  LR: 6.653e-05  Time cost: 1:50:38/2:00:02 [1:50:39/36:36:03]  Acc_iter 26650       Data time: 0.00(0.00)  Forward time: 0.27(0.24)  Batch time: 0.27(0.25)
2026-08-13 15:15:38,602   INFO  Train:    1/10 ( 10%) [26699/55563 ( 48%)]  Loss: 1.274 (1.58)  LR: 6.666e-05  Time cost: 1:50:50/1:59:49 [1:50:51/36:35:51]  Acc_iter 26700       Data time: 0.00(0.00)  Forward time: 0.27(0.24)  Batch time: 0.27(0.25)
2026-08-13 15:15:39,064   INFO  a1e06a0b30c0                Thu Aug 13 15:15:39 2026  580.173.02
[0] NVIDIA GeForce RTX 3070 | 69°C,  91 % |  6529 /  8192 MB | root(5900M)

2026-08-13 15:15:52,151   INFO  Train:    1/10 ( 10%) [26749/55563 ( 48%)]  Loss: 2.359 (1.58)  LR: 6.680e-05  Time cost: 1:51:04/1:59:38 [1:51:05/36:36:00]  Acc_iter 26750       Data time: 0.00(0.00)  Forward time: 0.26(0.24)  Batch time: 0.26(0.25)
2026-08-13 15:16:04,427   INFO  Train:    1/10 ( 10%) [26799/55563 ( 48%)]  Loss: 1.619 (1.58)  LR: 6.693e-05  Time cost: 1:51:16/1:59:25 [1:51:17/36:35:44]  Acc_iter 26800       Data time: 0.00(0.00)  Forward time: 0.24(0.24)  Batch time: 0.24(0.25)
2026-08-13 15:16:16,867   INFO  Train:    1/10 ( 10%) [26849/55563 ( 48%)]  Loss: 1.050 (1.58)  LR: 6.706e-05  Time cost: 1:51:28/1:59:13 [1:51:29/36:35:32]  Acc_iter 26850       Data time: 0.00(0.00)  Forward time: 0.22(0.24)  Batch time: 0.22(0.25)
2026-08-13 15:16:17,269   INFO  a1e06a0b30c0                Thu Aug 13 15:16:17 2026  580.173.02
[0] NVIDIA GeForce RTX 3070 | 69°C,   8 % |  6529 /  8192 MB | root(5900M)

2026-08-13 15:16:30,002   INFO  Train:    1/10 ( 10%) [26899/55563 ( 48%)]  Loss: 1.642 (1.57)  LR: 6.719e-05  Time cost: 1:51:42/1:59:01 [1:51:43/36:35:32]  Acc_iter 26900       Data time: 0.00(0.00)  Forward time: 0.26(0.24)  Batch time: 0.26(0.25)
2026-08-13 15:16:42,859   INFO  Train:    1/10 ( 10%) [26949/55563 ( 49%)]  Loss: 1.160 (1.57)  LR: 6.732e-05  Time cost: 1:51:54/1:58:49 [1:51:55/36:35:28]  Acc_iter 26950       Data time: 0.00(0.00)  Forward time: 0.23(0.24)  Batch time: 0.23(0.25)
2026-08-13 15:16:55,336   INFO  Train:    1/10 ( 10%) [26999/55563 ( 49%)]  Loss: 1.311 (1.57)  LR: 6.745e-05  Time cost: 1:52:07/1:58:37 [1:52:08/36:35:16]  Acc_iter 27000       Data time: 0.00(0.00)  Forward time: 0.22(0.24)  Batch time: 0.22(0.25)
2026-08-13 15:16:55,753   INFO  a1e06a0b30c0                Thu Aug 13 15:16:55 2026  580.173.02
[0] NVIDIA GeForce RTX 3070 | 64°C,  80 % |  6529 /  8192 MB | root(5900M)

2026-08-13 15:17:08,463   INFO  Train:    1/10 ( 10%) [27049/55563 ( 49%)]  Loss: 1.099 (1.57)  LR: 6.758e-05  Time cost: 1:52:20/1:58:25 [1:52:21/36:35:16]  Acc_iter 27050       Data time: 0.00(0.00)  Forward time: 0.26(0.24)  Batch time: 0.26(0.25)
2026-08-13 15:17:20,750   INFO  Train:    1/10 ( 10%) [27099/55563 ( 49%)]  Loss: 1.175 (1.57)  LR: 6.772e-05  Time cost: 1:52:32/1:58:12 [1:52:33/36:35:01]  Acc_iter 27100       Data time: 0.00(0.00)  Forward time: 0.23(0.24)  Batch time: 0.23(0.25)
2026-08-13 15:17:33,347   INFO  Train:    1/10 ( 10%) [27149/55563 ( 49%)]  Loss: 1.030 (1.57)  LR: 6.785e-05  Time cost: 1:52:45/1:58:00 [1:52:46/36:34:51]  Acc_iter 27150       Data time: 0.00(0.00)  Forward time: 0.23(0.24)  Batch time: 0.23(0.25)
2026-08-13 15:17:33,762   INFO  a1e06a0b30c0                Thu Aug 13 15:17:33 2026  580.173.02
[0] NVIDIA GeForce RTX 3070 | 64°C,  83 % |  6523 /  8192 MB | root(5900M)

2026-08-13 15:17:46,800   INFO  Train:    1/10 ( 10%) [27199/55563 ( 49%)]  Loss: 0.8084 (1.57)  LR: 6.798e-05  Time cost: 1:52:58/1:57:49 [1:52:59/36:34:58]  Acc_iter 27200       Data time: 0.00(0.00)  Forward time: 0.25(0.25)  Batch time: 0.25(0.25)
2026-08-13 15:17:59,210   INFO  Train:    1/10 ( 10%) [27249/55563 ( 49%)]  Loss: 0.9706 (1.57)  LR: 6.811e-05  Time cost: 1:53:11/1:57:36 [1:53:12/36:34:44]  Acc_iter 27250       Data time: 0.00(0.00)  Forward time: 0.25(0.25)  Batch time: 0.25(0.25)
2026-08-13 15:18:11,684   INFO  Train:    1/10 ( 10%) [27299/55563 ( 49%)]  Loss: 0.7596 (1.57)  LR: 6.825e-05  Time cost: 1:53:23/1:57:24 [1:53:24/36:34:32]  Acc_iter 27300       Data time: 0.00(0.00)  Forward time: 0.23(0.25)  Batch time: 0.23(0.25)
2026-08-13 15:18:12,079   INFO  a1e06a0b30c0                Thu Aug 13 15:18:12 2026  580.173.02
[0] NVIDIA GeForce RTX 3070 | 68°C,  97 % |  6528 /  8192 MB | root(5900M)

2026-08-13 15:18:24,744   INFO  Train:    1/10 ( 10%) [27349/55563 ( 49%)]  Loss: 0.7261 (1.57)  LR: 6.838e-05  Time cost: 1:53:36/1:57:12 [1:53:37/36:34:31]  Acc_iter 27350       Data time: 0.00(0.00)  Forward time: 0.25(0.25)  Batch time: 0.25(0.25)
2026-08-13 15:18:37,312   INFO  Train:    1/10 ( 10%) [27399/55563 ( 49%)]  Loss: 1.921 (1.57)  LR: 6.851e-05  Time cost: 1:53:49/1:56:59 [1:53:50/36:34:21]  Acc_iter 27400       Data time: 0.00(0.00)  Forward time: 0.26(0.25)  Batch time: 0.26(0.25)
2026-08-13 15:18:50,360   INFO  Train:    1/10 ( 10%) [27449/55563 ( 49%)]  Loss: 1.650 (1.57)  LR: 6.865e-05  Time cost: 1:54:02/1:56:47 [1:54:03/36:34:19]  Acc_iter 27450       Data time: 0.00(0.00)  Forward time: 0.23(0.25)  Batch time: 0.23(0.25)
2026-08-13 15:18:50,788   INFO  a1e06a0b30c0                Thu Aug 13 15:18:50 2026  580.173.02
[0] NVIDIA GeForce RTX 3070 | 65°C,  65 % |  6529 /  8192 MB | root(5900M)

2026-08-13 15:19:03,367   INFO  Train:    1/10 ( 10%) [27499/55563 ( 49%)]  Loss: 2.205 (1.57)  LR: 6.878e-05  Time cost: 1:54:15/1:56:36 [1:54:16/36:34:17]  Acc_iter 27500       Data time: 0.00(0.00)  Forward time: 0.25(0.25)  Batch time: 0.25(0.25)
2026-08-13 15:19:15,839   INFO  Train:    1/10 ( 10%) [27549/55563 ( 50%)]  Loss: 1.674 (1.57)  LR: 6.892e-05  Time cost: 1:54:27/1:56:23 [1:54:28/36:34:05]  Acc_iter 27550       Data time: 0.00(0.00)  Forward time: 0.27(0.25)  Batch time: 0.27(0.25)
2026-08-13 15:19:28,486   INFO  Train:    1/10 ( 10%) [27599/55563 ( 50%)]  Loss: 1.472 (1.57)  LR: 6.905e-05  Time cost: 1:54:40/1:56:11 [1:54:41/36:33:56]  Acc_iter 27600       Data time: 0.00(0.00)  Forward time: 0.26(0.25)  Batch time: 0.26(0.25)
2026-08-13 15:19:29,000   INFO  a1e06a0b30c0                Thu Aug 13 15:19:28 2026  580.173.02
[0] NVIDIA GeForce RTX 3070 | 70°C,  98 % |  6529 /  8192 MB | root(5900M)

2026-08-13 15:19:41,988   INFO  Train:    1/10 ( 10%) [27649/55563 ( 50%)]  Loss: 1.173 (1.57)  LR: 6.918e-05  Time cost: 1:54:54/1:55:59 [1:54:55/36:34:03]  Acc_iter 27650       Data time: 0.00(0.00)  Forward time: 0.25(0.25)  Batch time: 0.25(0.25)
2026-08-13 15:19:48,239   INFO  Save latest model to /OpenPCDet/output/OpenPCDet/tools/cfgs/models/S/F/S_F_N/default/ckpt/latest_model
2026-08-13 15:19:54,858   INFO  Train:    1/10 ( 10%) [27699/55563 ( 50%)]  Loss: 1.326 (1.57)  LR: 6.932e-05  Time cost: 1:55:06/1:55:47 [1:55:07/36:33:59]  Acc_iter 27700       Data time: 0.00(0.00)  Forward time: 0.28(0.25)  Batch time: 0.29(0.25)
2026-08-13 15:20:07,415   INFO  Train:    1/10 ( 10%) [27749/55563 ( 50%)]  Loss: 0.7661 (1.57)  LR: 6.945e-05  Time cost: 1:55:19/1:55:35 [1:55:20/36:33:48]  Acc_iter 27750       Data time: 0.00(0.00)  Forward time: 0.22(0.25)  Batch time: 0.23(0.25)
2026-08-13 15:20:07,816   INFO  a1e06a0b30c0                Thu Aug 13 15:20:07 2026  580.173.02
[0] NVIDIA GeForce RTX 3070 | 70°C,  68 % |  6528 /  8192 MB | root(5900M)

2026-08-13 15:20:20,337   INFO  Train:    1/10 ( 10%) [27799/55563 ( 50%)]  Loss: 0.9666 (1.57)  LR: 6.959e-05  Time cost: 1:55:32/1:55:23 [1:55:33/36:33:44]  Acc_iter 27800       Data time: 0.00(0.00)  Forward time: 0.26(0.25)  Batch time: 0.26(0.25)
2026-08-13 15:20:33,087   INFO  Train:    1/10 ( 10%) [27849/55563 ( 50%)]  Loss: 1.019 (1.57)  LR: 6.972e-05  Time cost: 1:55:45/1:55:11 [1:55:46/36:33:37]  Acc_iter 27850       Data time: 0.00(0.00)  Forward time: 0.26(0.25)  Batch time: 0.26(0.25)
2026-08-13 15:20:45,847   INFO  Train:    1/10 ( 10%) [27899/55563 ( 50%)]  Loss: 1.130 (1.57)  LR: 6.986e-05  Time cost: 1:55:57/1:54:59 [1:55:58/36:33:30]  Acc_iter 27900       Data time: 0.00(0.00)  Forward time: 0.25(0.25)  Batch time: 0.25(0.25)
2026-08-13 15:20:46,254   INFO  a1e06a0b30c0                Thu Aug 13 15:20:46 2026  580.173.02
[0] NVIDIA GeForce RTX 3070 | 66°C,   7 % |  6529 /  8192 MB | root(5900M)

2026-08-13 15:20:58,580   INFO  Train:    1/10 ( 10%) [27949/55563 ( 50%)]  Loss: 1.450 (1.57)  LR: 6.999e-05  Time cost: 1:56:10/1:54:46 [1:56:11/36:33:22]  Acc_iter 27950       Data time: 0.00(0.00)  Forward time: 0.26(0.25)  Batch time: 0.27(0.25)
2026-08-13 15:21:10,792   INFO  Train:    1/10 ( 10%) [27999/55563 ( 50%)]  Loss: 0.6132 (1.57)  LR: 7.013e-05  Time cost: 1:56:22/1:54:34 [1:56:23/36:33:05]  Acc_iter 28000       Data time: 0.00(0.00)  Forward time: 0.28(0.25)  Batch time: 0.28(0.25)
2026-08-13 15:21:23,461   INFO  Train:    1/10 ( 10%) [28049/55563 ( 50%)]  Loss: 0.8181 (1.57)  LR: 7.027e-05  Time cost: 1:56:35/1:54:21 [1:56:36/36:32:56]  Acc_iter 28050       Data time: 0.00(0.00)  Forward time: 0.23(0.25)  Batch time: 0.23(0.25)
2026-08-13 15:21:23,861   INFO  a1e06a0b30c0                Thu Aug 13 15:21:23 2026  580.173.02
[0] NVIDIA GeForce RTX 3070 | 68°C,  99 % |  6528 /  8192 MB | root(5900M)

2026-08-13 15:21:36,737   INFO  Train:    1/10 ( 10%) [28099/55563 ( 51%)]  Loss: 1.709 (1.57)  LR: 7.040e-05  Time cost: 1:56:48/1:54:10 [1:56:49/36:32:59]  Acc_iter 28100       Data time: 0.00(0.00)  Forward time: 0.29(0.25)  Batch time: 0.29(0.25)
2026-08-13 15:21:49,421   INFO  Train:    1/10 ( 10%) [28149/55563 ( 51%)]  Loss: 1.525 (1.57)  LR: 7.054e-05  Time cost: 1:57:01/1:53:57 [1:57:02/36:32:51]  Acc_iter 28150       Data time: 0.00(0.00)  Forward time: 0.29(0.25)  Batch time: 0.29(0.25)
2026-08-13 15:22:02,061   INFO  Train:    1/10 ( 10%) [28199/55563 ( 51%)]  Loss: 1.221 (1.57)  LR: 7.067e-05  Time cost: 1:57:14/1:53:45 [1:57:15/36:32:41]  Acc_iter 28200       Data time: 0.00(0.00)  Forward time: 0.26(0.25)  Batch time: 0.26(0.25)
2026-08-13 15:22:02,452   INFO  a1e06a0b30c0                Thu Aug 13 15:22:02 2026  580.173.02
[0] NVIDIA GeForce RTX 3070 | 71°C,  96 % |  6528 /  8192 MB | root(5900M)

2026-08-13 15:22:14,952   INFO  Train:    1/10 ( 10%) [28249/55563 ( 51%)]  Loss: 0.7257 (1.57)  LR: 7.081e-05  Time cost: 1:57:27/1:53:33 [1:57:28/36:32:37]  Acc_iter 28250       Data time: 0.00(0.00)  Forward time: 0.23(0.25)  Batch time: 0.23(0.25)
2026-08-13 15:22:27,712   INFO  Train:    1/10 ( 10%) [28299/55563 ( 51%)]  Loss: 1.897 (1.57)  LR: 7.095e-05  Time cost: 1:57:39/1:53:21 [1:57:40/36:32:29]  Acc_iter 28300       Data time: 0.00(0.00)  Forward time: 0.24(0.25)  Batch time: 0.24(0.25)
2026-08-13 15:22:40,608   INFO  Train:    1/10 ( 10%) [28349/55563 ( 51%)]  Loss: 0.7567 (1.57)  LR: 7.108e-05  Time cost: 1:57:52/1:53:09 [1:57:53/36:32:25]  Acc_iter 28350       Data time: 0.00(0.00)  Forward time: 0.25(0.25)  Batch time: 0.26(0.25)
2026-08-13 15:22:41,015   INFO  a1e06a0b30c0                Thu Aug 13 15:22:40 2026  580.173.02
[0] NVIDIA GeForce RTX 3070 | 69°C,  66 % |  6525 /  8192 MB | root(5900M)

2026-08-13 15:22:53,664   INFO  Train:    1/10 ( 10%) [28399/55563 ( 51%)]  Loss: 1.344 (1.57)  LR: 7.122e-05  Time cost: 1:58:05/1:52:57 [1:58:06/36:32:23]  Acc_iter 28400       Data time: 0.00(0.00)  Forward time: 0.28(0.25)  Batch time: 0.28(0.25)
2026-08-13 15:23:06,143   INFO  Train:    1/10 ( 10%) [28449/55563 ( 51%)]  Loss: 1.082 (1.56)  LR: 7.136e-05  Time cost: 1:58:18/1:52:44 [1:58:19/36:32:11]  Acc_iter 28450       Data time: 0.00(0.00)  Forward time: 0.25(0.25)  Batch time: 0.25(0.25)
2026-08-13 15:23:18,861   INFO  Train:    1/10 ( 10%) [28499/55563 ( 51%)]  Loss: 0.9105 (1.56)  LR: 7.150e-05  Time cost: 1:58:30/1:52:32 [1:58:31/36:32:03]  Acc_iter 28500       Data time: 0.00(0.00)  Forward time: 0.23(0.25)  Batch time: 0.23(0.25)
2026-08-13 15:23:19,270   INFO  a1e06a0b30c0                Thu Aug 13 15:23:19 2026  580.173.02
[0] NVIDIA GeForce RTX 3070 | 66°C,  15 % |  6524 /  8192 MB | root(5900M)

2026-08-13 15:23:32,472   INFO  Train:    1/10 ( 10%) [28549/55563 ( 51%)]  Loss: 1.299 (1.56)  LR: 7.163e-05  Time cost: 1:58:44/1:52:21 [1:58:45/36:32:11]  Acc_iter 28550       Data time: 0.00(0.00)  Forward time: 0.25(0.25)  Batch time: 0.25(0.25)
2026-08-13 15:23:44,981   INFO  Train:    1/10 ( 10%) [28599/55563 ( 51%)]  Loss: 1.327 (1.56)  LR: 7.177e-05  Time cost: 1:58:57/1:52:08 [1:58:58/36:31:59]  Acc_iter 28600       Data time: 0.00(0.00)  Forward time: 0.23(0.25)  Batch time: 0.23(0.25)
2026-08-13 15:23:57,757   INFO  Train:    1/10 ( 10%) [28649/55563 ( 52%)]  Loss: 1.232 (1.56)  LR: 7.191e-05  Time cost: 1:59:09/1:51:56 [1:59:10/36:31:52]  Acc_iter 28650       Data time: 0.00(0.00)  Forward time: 0.24(0.25)  Batch time: 0.24(0.25)
2026-08-13 15:23:58,190   INFO  a1e06a0b30c0                Thu Aug 13 15:23:58 2026  580.173.02
[0] NVIDIA GeForce RTX 3070 | 65°C,   7 % |  6529 /  8192 MB | root(5900M)

2026-08-13 15:24:10,575   INFO  Train:    1/10 ( 10%) [28699/55563 ( 52%)]  Loss: 1.378 (1.56)  LR: 7.205e-05  Time cost: 1:59:22/1:51:44 [1:59:23/36:31:46]  Acc_iter 28700       Data time: 0.00(0.00)  Forward time: 0.21(0.25)  Batch time: 0.22(0.25)
2026-08-13 15:24:23,253   INFO  Train:    1/10 ( 10%) [28749/55563 ( 52%)]  Loss: 1.494 (1.56)  LR: 7.219e-05  Time cost: 1:59:35/1:51:32 [1:59:36/36:31:37]  Acc_iter 28750       Data time: 0.00(0.00)  Forward time: 0.25(0.25)  Batch time: 0.25(0.25)
2026-08-13 15:24:36,352   INFO  Train:    1/10 ( 10%) [28799/55563 ( 52%)]  Loss: 2.311 (1.56)  LR: 7.233e-05  Time cost: 1:59:48/1:51:20 [1:59:49/36:31:36]  Acc_iter 28800       Data time: 0.00(0.00)  Forward time: 0.23(0.25)  Batch time: 0.23(0.25)
2026-08-13 15:24:36,767   INFO  a1e06a0b30c0                Thu Aug 13 15:24:36 2026  580.173.02
[0] NVIDIA GeForce RTX 3070 | 67°C,  94 % |  6528 /  8192 MB | root(5900M)

2026-08-13 15:24:48,132   INFO  Save latest model to /OpenPCDet/output/OpenPCDet/tools/cfgs/models/S/F/S_F_N/default/ckpt/latest_model
2026-08-13 15:24:49,194   INFO  Train:    1/10 ( 10%) [28849/55563 ( 52%)]  Loss: 1.452 (1.56)  LR: 7.246e-05  Time cost: 2:00:01/1:51:08 [2:00:02/36:31:30]  Acc_iter 28850       Data time: 0.00(0.00)  Forward time: 0.27(0.25)  Batch time: 0.28(0.25)
2026-08-13 15:25:01,822   INFO  Train:    1/10 ( 10%) [28899/55563 ( 52%)]  Loss: 1.517 (1.56)  LR: 7.260e-05  Time cost: 2:00:13/1:50:55 [2:00:14/36:31:21]  Acc_iter 28900       Data time: 0.00(0.00)  Forward time: 0.28(0.25)  Batch time: 0.28(0.25)
2026-08-13 15:25:14,383   INFO  Train:    1/10 ( 10%) [28949/55563 ( 52%)]  Loss: 2.202 (1.56)  LR: 7.274e-05  Time cost: 2:00:26/1:50:43 [2:00:27/36:31:10]  Acc_iter 28950       Data time: 0.00(0.00)  Forward time: 0.23(0.25)  Batch time: 0.23(0.25)
2026-08-13 15:25:14,872   INFO  a1e06a0b30c0                Thu Aug 13 15:25:14 2026  580.173.02
[0] NVIDIA GeForce RTX 3070 | 68°C,  85 % |  6529 /  8192 MB | root(5900M)

2026-08-13 15:25:27,655   INFO  Train:    1/10 ( 10%) [28999/55563 ( 52%)]  Loss: 2.124 (1.56)  LR: 7.288e-05  Time cost: 2:00:39/1:50:31 [2:00:40/36:31:11]  Acc_iter 29000       Data time: 0.00(0.00)  Forward time: 0.28(0.25)  Batch time: 0.29(0.25)
2026-08-13 15:25:40,509   INFO  Train:    1/10 ( 10%) [29049/55563 ( 52%)]  Loss: 0.8947 (1.56)  LR: 7.302e-05  Time cost: 2:00:52/1:50:19 [2:00:53/36:31:06]  Acc_iter 29050       Data time: 0.00(0.00)  Forward time: 0.24(0.25)  Batch time: 0.24(0.25)
2026-08-13 15:25:52,952   INFO  Train:    1/10 ( 10%) [29099/55563 ( 52%)]  Loss: 0.9351 (1.56)  LR: 7.316e-05  Time cost: 2:01:05/1:50:06 [2:01:06/36:30:52]  Acc_iter 29100       Data time: 0.00(0.00)  Forward time: 0.29(0.25)  Batch time: 0.29(0.25)
2026-08-13 15:25:53,429   INFO  a1e06a0b30c0                Thu Aug 13 15:25:53 2026  580.173.02
[0] NVIDIA GeForce RTX 3070 | 66°C,  40 % |  6528 /  8192 MB | root(5900M)

2026-08-13 15:26:05,658   INFO  Train:    1/10 ( 10%) [29149/55563 ( 52%)]  Loss: 1.482 (1.56)  LR: 7.330e-05  Time cost: 2:01:17/1:49:54 [2:01:18/36:30:44]  Acc_iter 29150       Data time: 0.00(0.00)  Forward time: 0.27(0.25)  Batch time: 0.27(0.25)
2026-08-13 15:26:18,196   INFO  Train:    1/10 ( 10%) [29199/55563 ( 53%)]  Loss: 2.046 (1.56)  LR: 7.344e-05  Time cost: 2:01:30/1:49:42 [2:01:31/36:30:33]  Acc_iter 29200       Data time: 0.00(0.00)  Forward time: 0.25(0.25)  Batch time: 0.25(0.25)
2026-08-13 15:26:31,165   INFO  Train:    1/10 ( 10%) [29249/55563 ( 53%)]  Loss: 1.003 (1.56)  LR: 7.358e-05  Time cost: 2:01:43/1:49:30 [2:01:44/36:30:29]  Acc_iter 29250       Data time: 0.00(0.00)  Forward time: 0.24(0.25)  Batch time: 0.24(0.25)
2026-08-13 15:26:31,613   INFO  a1e06a0b30c0                Thu Aug 13 15:26:31 2026  580.173.02
[0] NVIDIA GeForce RTX 3070 | 70°C,  70 % |  6528 /  8192 MB | root(5900M)

2026-08-13 15:26:44,170   INFO  Train:    1/10 ( 10%) [29299/55563 ( 53%)]  Loss: 1.581 (1.56)  LR: 7.372e-05  Time cost: 2:01:56/1:49:18 [2:01:57/36:30:26]  Acc_iter 29300       Data time: 0.00(0.00)  Forward time: 0.27(0.25)  Batch time: 0.27(0.25)
2026-08-13 15:26:56,760   INFO  Train:    1/10 ( 10%) [29349/55563 ( 53%)]  Loss: 0.7672 (1.56)  LR: 7.386e-05  Time cost: 2:02:08/1:49:05 [2:02:09/36:30:15]  Acc_iter 29350       Data time: 0.00(0.00)  Forward time: 0.28(0.25)  Batch time: 0.28(0.25)
2026-08-13 15:27:09,477   INFO  Train:    1/10 ( 10%) [29399/55563 ( 53%)]  Loss: 0.7334 (1.56)  LR: 7.400e-05  Time cost: 2:02:21/1:48:53 [2:02:22/36:30:07]  Acc_iter 29400       Data time: 0.00(0.00)  Forward time: 0.26(0.25)  Batch time: 0.26(0.25)
2026-08-13 15:27:09,867   INFO  a1e06a0b30c0                Thu Aug 13 15:27:09 2026  580.173.02
[0] NVIDIA GeForce RTX 3070 | 69°C,  96 % |  6529 /  8192 MB | root(5900M)

2026-08-13 15:27:22,829   INFO  Train:    1/10 ( 10%) [29449/55563 ( 53%)]  Loss: 1.557 (1.56)  LR: 7.415e-05  Time cost: 2:02:34/1:48:41 [2:02:35/36:30:10]  Acc_iter 29450       Data time: 0.00(0.00)  Forward time: 0.29(0.25)  Batch time: 0.29(0.25)
2026-08-13 15:27:35,707   INFO  Train:    1/10 ( 10%) [29499/55563 ( 53%)]  Loss: 1.014 (1.56)  LR: 7.429e-05  Time cost: 2:02:47/1:48:29 [2:02:48/36:30:04]  Acc_iter 29500       Data time: 0.00(0.00)  Forward time: 0.26(0.25)  Batch time: 0.26(0.25)
2026-08-13 15:27:48,317   INFO  Train:    1/10 ( 10%) [29549/55563 ( 53%)]  Loss: 0.9001 (1.56)  LR: 7.443e-05  Time cost: 2:03:00/1:48:17 [2:03:01/36:29:54]  Acc_iter 29550       Data time: 0.00(0.00)  Forward time: 0.28(0.25)  Batch time: 0.29(0.25)
2026-08-13 15:27:48,734   INFO  a1e06a0b30c0                Thu Aug 13 15:27:48 2026  580.173.02
[0] NVIDIA GeForce RTX 3070 | 64°C,  96 % |  6522 /  8192 MB | root(5900M)

2026-08-13 15:28:01,165   INFO  Train:    1/10 ( 10%) [29599/55563 ( 53%)]  Loss: 1.291 (1.56)  LR: 7.457e-05  Time cost: 2:03:13/1:48:05 [2:03:14/36:29:48]  Acc_iter 29600       Data time: 0.00(0.00)  Forward time: 0.25(0.25)  Batch time: 0.26(0.25)
2026-08-13 15:28:13,970   INFO  Train:    1/10 ( 10%) [29649/55563 ( 53%)]  Loss: 1.016 (1.56)  LR: 7.471e-05  Time cost: 2:03:26/1:47:52 [2:03:27/36:29:41]  Acc_iter 29650       Data time: 0.00(0.00)  Forward time: 0.28(0.25)  Batch time: 0.28(0.25)
2026-08-13 15:28:26,883   INFO  Train:    1/10 ( 10%) [29699/55563 ( 53%)]  Loss: 1.468 (1.56)  LR: 7.485e-05  Time cost: 2:03:38/1:47:40 [2:03:39/36:29:36]  Acc_iter 29700       Data time: 0.00(0.00)  Forward time: 0.29(0.25)  Batch time: 0.29(0.25)
2026-08-13 15:28:27,331   INFO  a1e06a0b30c0                Thu Aug 13 15:28:27 2026  580.173.02
[0] NVIDIA GeForce RTX 3070 | 65°C,  28 % |  6525 /  8192 MB | root(5900M)

2026-08-13 15:28:39,777   INFO  Train:    1/10 ( 10%) [29749/55563 ( 54%)]  Loss: 1.712 (1.56)  LR: 7.500e-05  Time cost: 2:03:51/1:47:28 [2:03:52/36:29:31]  Acc_iter 29750       Data time: 0.00(0.00)  Forward time: 0.25(0.25)  Batch time: 0.25(0.25)
2026-08-13 15:28:52,150   INFO  Train:    1/10 ( 10%) [29799/55563 ( 54%)]  Loss: 1.388 (1.56)  LR: 7.514e-05  Time cost: 2:04:04/1:47:16 [2:04:05/36:29:16]  Acc_iter 29800       Data time: 0.00(0.00)  Forward time: 0.25(0.25)  Batch time: 0.25(0.25)
2026-08-13 15:29:04,732   INFO  Train:    1/10 ( 10%) [29849/55563 ( 54%)]  Loss: 0.9529 (1.56)  LR: 7.528e-05  Time cost: 2:04:16/1:47:03 [2:04:17/36:29:05]  Acc_iter 29850       Data time: 0.00(0.00)  Forward time: 0.26(0.25)  Batch time: 0.27(0.25)
2026-08-13 15:29:05,145   INFO  a1e06a0b30c0                Thu Aug 13 15:29:05 2026  580.173.02
[0] NVIDIA GeForce RTX 3070 | 70°C,  62 % |  6525 /  8192 MB | root(5900M)

2026-08-13 15:29:18,129   INFO  Train:    1/10 ( 10%) [29899/55563 ( 54%)]  Loss: 1.166 (1.56)  LR: 7.542e-05  Time cost: 2:04:30/1:46:51 [2:04:31/36:29:09]  Acc_iter 29900       Data time: 0.00(0.00)  Forward time: 0.26(0.25)  Batch time: 0.26(0.25)
2026-08-13 15:29:30,715   INFO  Train:    1/10 ( 10%) [29949/55563 ( 54%)]  Loss: 0.3905 (1.56)  LR: 7.557e-05  Time cost: 2:04:42/1:46:39 [2:04:43/36:28:58]  Acc_iter 29950       Data time: 0.00(0.00)  Forward time: 0.22(0.25)  Batch time: 0.22(0.25)
2026-08-13 15:29:43,186   INFO  Train:    1/10 ( 10%) [29999/55563 ( 54%)]  Loss: 1.063 (1.56)  LR: 7.571e-05  Time cost: 2:04:55/1:46:26 [2:04:56/36:28:45]  Acc_iter 30000       Data time: 0.00(0.00)  Forward time: 0.22(0.25)  Batch time: 0.22(0.25)
2026-08-13 15:29:43,632   INFO  a1e06a0b30c0                Thu Aug 13 15:29:43 2026  580.173.02
[0] NVIDIA GeForce RTX 3070 | 69°C,  65 % |  6524 /  8192 MB | root(5900M)

2026-08-13 15:29:48,178   INFO  Save latest model to /OpenPCDet/output/OpenPCDet/tools/cfgs/models/S/F/S_F_N/default/ckpt/latest_model
2026-08-13 15:29:56,392   INFO  Train:    1/10 ( 10%) [30049/55563 ( 54%)]  Loss: 1.137 (1.56)  LR: 7.585e-05  Time cost: 2:05:08/1:46:15 [2:05:09/36:28:45]  Acc_iter 30050       Data time: 0.00(0.00)  Forward time: 0.26(0.25)  Batch time: 0.26(0.25)
2026-08-13 15:30:08,941   INFO  Train:    1/10 ( 10%) [30099/55563 ( 54%)]  Loss: 1.008 (1.56)  LR: 7.600e-05  Time cost: 2:05:21/1:46:02 [2:05:21/36:28:33]  Acc_iter 30100       Data time: 0.00(0.00)  Forward time: 0.26(0.25)  Batch time: 0.26(0.25)
2026-08-13 15:30:22,230   INFO  Train:    1/10 ( 10%) [30149/55563 ( 54%)]  Loss: 1.309 (1.56)  LR: 7.614e-05  Time cost: 2:05:34/1:45:50 [2:05:35/36:28:35]  Acc_iter 30150       Data time: 0.00(0.00)  Forward time: 0.24(0.25)  Batch time: 0.24(0.25)
2026-08-13 15:30:22,648   INFO  a1e06a0b30c0                Thu Aug 13 15:30:22 2026  580.173.02
[0] NVIDIA GeForce RTX 3070 | 67°C,  78 % |  6529 /  8192 MB | root(5900M)

2026-08-13 15:30:35,047   INFO  Train:    1/10 ( 10%) [30199/55563 ( 54%)]  Loss: 1.214 (1.55)  LR: 7.628e-05  Time cost: 2:05:47/1:45:38 [2:05:48/36:28:28]  Acc_iter 30200       Data time: 0.00(0.00)  Forward time: 0.22(0.25)  Batch time: 0.22(0.25)
2026-08-13 15:30:47,440   INFO  Train:    1/10 ( 10%) [30249/55563 ( 54%)]  Loss: 2.302 (1.55)  LR: 7.643e-05  Time cost: 2:05:59/1:45:26 [2:06:00/36:28:14]  Acc_iter 30250       Data time: 0.00(0.00)  Forward time: 0.29(0.25)  Batch time: 0.30(0.25)
2026-08-13 15:31:00,167   INFO  Train:    1/10 ( 10%) [30299/55563 ( 55%)]  Loss: 1.334 (1.55)  LR: 7.657e-05  Time cost: 2:06:12/1:45:13 [2:06:13/36:28:05]  Acc_iter 30300       Data time: 0.00(0.00)  Forward time: 0.23(0.25)  Batch time: 0.23(0.25)
2026-08-13 15:31:00,610   INFO  a1e06a0b30c0                Thu Aug 13 15:31:00 2026  580.173.02
[0] NVIDIA GeForce RTX 3070 | 68°C,  61 % |  6528 /  8192 MB | root(5900M)

2026-08-13 15:31:13,680   INFO  Train:    1/10 ( 10%) [30349/55563 ( 55%)]  Loss: 0.7550 (1.55)  LR: 7.671e-05  Time cost: 2:06:25/1:45:02 [2:06:26/36:28:10]  Acc_iter 30350       Data time: 0.00(0.00)  Forward time: 0.26(0.25)  Batch time: 0.26(0.25)
2026-08-13 15:31:26,357   INFO  Train:    1/10 ( 10%) [30399/55563 ( 55%)]  Loss: 0.9357 (1.55)  LR: 7.686e-05  Time cost: 2:06:38/1:44:49 [2:06:39/36:28:01]  Acc_iter 30400       Data time: 0.00(0.00)  Forward time: 0.24(0.25)  Batch time: 0.25(0.25)
2026-08-13 15:31:38,957   INFO  Train:    1/10 ( 10%) [30449/55563 ( 55%)]  Loss: 1.196 (1.55)  LR: 7.700e-05  Time cost: 2:06:51/1:44:37 [2:06:52/36:27:50]  Acc_iter 30450       Data time: 0.00(0.00)  Forward time: 0.24(0.25)  Batch time: 0.24(0.25)
2026-08-13 15:31:39,427   INFO  a1e06a0b30c0                Thu Aug 13 15:31:39 2026  580.173.02
[0] NVIDIA GeForce RTX 3070 | 66°C,  56 % |  6529 /  8192 MB | root(5900M)

2026-08-13 15:31:52,124   INFO  Train:    1/10 ( 10%) [30499/55563 ( 55%)]  Loss: 1.755 (1.55)  LR: 7.715e-05  Time cost: 2:07:04/1:44:25 [2:07:05/36:27:49]  Acc_iter 30500       Data time: 0.00(0.00)  Forward time: 0.24(0.25)  Batch time: 0.25(0.25)
2026-08-13 15:32:04,910   INFO  Train:    1/10 ( 10%) [30549/55563 ( 55%)]  Loss: 1.564 (1.55)  LR: 7.729e-05  Time cost: 2:07:17/1:44:13 [2:07:17/36:27:42]  Acc_iter 30550       Data time: 0.00(0.00)  Forward time: 0.25(0.25)  Batch time: 0.26(0.25)
2026-08-13 15:32:17,901   INFO  Train:    1/10 ( 10%) [30599/55563 ( 55%)]  Loss: 1.169 (1.55)  LR: 7.744e-05  Time cost: 2:07:30/1:44:01 [2:07:30/36:27:37]  Acc_iter 30600       Data time: 0.00(0.00)  Forward time: 0.26(0.25)  Batch time: 0.26(0.25)
2026-08-13 15:32:18,316   INFO  a1e06a0b30c0                Thu Aug 13 15:32:18 2026  580.173.02
[0] NVIDIA GeForce RTX 3070 | 65°C,  22 % |  6522 /  8192 MB | root(5900M)

2026-08-13 15:32:31,116   INFO  Train:    1/10 ( 10%) [30649/55563 ( 55%)]  Loss: 2.467 (1.55)  LR: 7.758e-05  Time cost: 2:07:43/1:43:49 [2:07:44/36:27:37]  Acc_iter 30650       Data time: 0.00(0.00)  Forward time: 0.26(0.25)  Batch time: 0.26(0.25)
2026-08-13 15:32:43,625   INFO  Train:    1/10 ( 10%) [30699/55563 ( 55%)]  Loss: 0.8008 (1.55)  LR: 7.773e-05  Time cost: 2:07:55/1:43:36 [2:07:56/36:27:25]  Acc_iter 30700       Data time: 0.00(0.00)  Forward time: 0.23(0.25)  Batch time: 0.23(0.25)
2026-08-13 15:32:56,264   INFO  Train:    1/10 ( 10%) [30749/55563 ( 55%)]  Loss: 1.805 (1.55)  LR: 7.788e-05  Time cost: 2:08:08/1:43:24 [2:08:09/36:27:15]  Acc_iter 30750       Data time: 0.00(0.00)  Forward time: 0.22(0.25)  Batch time: 0.22(0.25)
2026-08-13 15:32:56,676   INFO  a1e06a0b30c0                Thu Aug 13 15:32:56 2026  580.173.02
[0] NVIDIA GeForce RTX 3070 | 71°C,  95 % |  6528 /  8192 MB | root(5900M)

2026-08-13 15:33:09,708   INFO  Train:    1/10 ( 10%) [30799/55563 ( 55%)]  Loss: 1.335 (1.55)  LR: 7.802e-05  Time cost: 2:08:21/1:43:12 [2:08:22/36:27:18]  Acc_iter 30800       Data time: 0.00(0.00)  Forward time: 0.26(0.25)  Batch time: 0.26(0.25)
2026-08-13 15:33:22,174   INFO  Train:    1/10 ( 10%) [30849/55563 ( 56%)]  Loss: 1.078 (1.55)  LR: 7.817e-05  Time cost: 2:08:34/1:42:59 [2:08:35/36:27:05]  Acc_iter 30850       Data time: 0.00(0.00)  Forward time: 0.23(0.25)  Batch time: 0.23(0.25)
2026-08-13 15:33:34,710   INFO  Train:    1/10 ( 10%) [30899/55563 ( 56%)]  Loss: 1.612 (1.55)  LR: 7.831e-05  Time cost: 2:08:46/1:42:47 [2:08:47/36:26:53]  Acc_iter 30900       Data time: 0.00(0.00)  Forward time: 0.24(0.25)  Batch time: 0.24(0.25)
2026-08-13 15:33:35,105   INFO  a1e06a0b30c0                Thu Aug 13 15:33:35 2026  580.173.02
[0] NVIDIA GeForce RTX 3070 | 72°C,  73 % |  6529 /  8192 MB | root(5900M)

2026-08-13 15:33:47,631   INFO  Train:    1/10 ( 10%) [30949/55563 ( 56%)]  Loss: 1.587 (1.55)  LR: 7.846e-05  Time cost: 2:08:59/1:42:35 [2:09:00/36:26:48]  Acc_iter 30950       Data time: 0.00(0.00)  Forward time: 0.28(0.25)  Batch time: 0.29(0.25)
2026-08-13 15:34:00,683   INFO  Train:    1/10 ( 10%) [30999/55563 ( 56%)]  Loss: 1.917 (1.55)  LR: 7.861e-05  Time cost: 2:09:12/1:42:23 [2:09:13/36:26:45]  Acc_iter 31000       Data time: 0.00(0.00)  Forward time: 0.29(0.25)  Batch time: 0.29(0.25)
2026-08-13 15:34:13,724   INFO  Train:    1/10 ( 10%) [31049/55563 ( 56%)]  Loss: 1.928 (1.55)  LR: 7.875e-05  Time cost: 2:09:25/1:42:11 [2:09:26/36:26:41]  Acc_iter 31050       Data time: 0.00(0.00)  Forward time: 0.23(0.25)  Batch time: 0.23(0.25)
2026-08-13 15:34:14,130   INFO  a1e06a0b30c0                Thu Aug 13 15:34:14 2026  580.173.02
[0] NVIDIA GeForce RTX 3070 | 72°C,  72 % |  6528 /  8192 MB | root(5900M)

2026-08-13 15:34:26,609   INFO  Train:    1/10 ( 10%) [31099/55563 ( 56%)]  Loss: 1.587 (1.55)  LR: 7.890e-05  Time cost: 2:09:38/1:41:58 [2:09:39/36:26:35]  Acc_iter 31100       Data time: 0.00(0.00)  Forward time: 0.28(0.25)  Batch time: 0.28(0.25)
2026-08-13 15:34:39,046   INFO  Train:    1/10 ( 10%) [31149/55563 ( 56%)]  Loss: 1.402 (1.55)  LR: 7.905e-05  Time cost: 2:09:51/1:41:46 [2:09:52/36:26:21]  Acc_iter 31150       Data time: 0.00(0.00)  Forward time: 0.27(0.25)  Batch time: 0.27(0.25)
2026-08-13 15:34:48,022   INFO  Save latest model to /OpenPCDet/output/OpenPCDet/tools/cfgs/models/S/F/S_F_N/default/ckpt/latest_model
2026-08-13 15:34:51,738   INFO  Train:    1/10 ( 10%) [31199/55563 ( 56%)]  Loss: 1.243 (1.55)  LR: 7.919e-05  Time cost: 2:10:03/1:41:34 [2:10:04/36:26:12]  Acc_iter 31200       Data time: 0.00(0.00)  Forward time: 0.23(0.25)  Batch time: 0.24(0.25)
2026-08-13 15:34:52,179   INFO  a1e06a0b30c0                Thu Aug 13 15:34:52 2026  580.173.02
[0] NVIDIA GeForce RTX 3070 | 70°C,  96 % |  6529 /  8192 MB | root(5900M)

2026-08-13 15:35:05,307   INFO  Train:    1/10 ( 10%) [31249/55563 ( 56%)]  Loss: 1.088 (1.55)  LR: 7.934e-05  Time cost: 2:10:17/1:41:22 [2:10:18/36:26:17]  Acc_iter 31250       Data time: 0.00(0.00)  Forward time: 0.24(0.25)  Batch time: 0.25(0.25)
2026-08-13 15:35:17,883   INFO  Train:    1/10 ( 10%) [31299/55563 ( 56%)]  Loss: 2.247 (1.55)  LR: 7.949e-05  Time cost: 2:10:29/1:41:09 [2:10:30/36:26:06]  Acc_iter 31300       Data time: 0.00(0.00)  Forward time: 0.27(0.25)  Batch time: 0.27(0.25)
2026-08-13 15:35:30,428   INFO  Train:    1/10 ( 10%) [31349/55563 ( 56%)]  Loss: 1.431 (1.55)  LR: 7.964e-05  Time cost: 2:10:42/1:40:57 [2:10:43/36:25:54]  Acc_iter 31350       Data time: 0.00(0.00)  Forward time: 0.25(0.25)  Batch time: 0.25(0.25)
2026-08-13 15:35:30,832   INFO  a1e06a0b30c0                Thu Aug 13 15:35:30 2026  580.173.02
[0] NVIDIA GeForce RTX 3070 | 66°C,  82 % |  6528 /  8192 MB | root(5900M)

2026-08-13 15:35:43,380   INFO  Train:    1/10 ( 10%) [31399/55563 ( 57%)]  Loss: 0.8494 (1.55)  LR: 7.978e-05  Time cost: 2:10:55/1:40:45 [2:10:56/36:25:49]  Acc_iter 31400       Data time: 0.00(0.00)  Forward time: 0.23(0.25)  Batch time: 0.23(0.25)
2026-08-13 15:35:56,117   INFO  Train:    1/10 ( 10%) [31449/55563 ( 57%)]  Loss: 1.302 (1.55)  LR: 7.993e-05  Time cost: 2:11:08/1:40:32 [2:11:09/36:25:40]  Acc_iter 31450       Data time: 0.00(0.00)  Forward time: 0.26(0.25)  Batch time: 0.26(0.25)
2026-08-13 15:36:09,412   INFO  Train:    1/10 ( 10%) [31499/55563 ( 57%)]  Loss: 2.002 (1.55)  LR: 8.008e-05  Time cost: 2:11:21/1:40:20 [2:11:22/36:25:41]  Acc_iter 31500       Data time: 0.00(0.00)  Forward time: 0.27(0.25)  Batch time: 0.27(0.25)
2026-08-13 15:36:09,833   INFO  a1e06a0b30c0                Thu Aug 13 15:36:09 2026  580.173.02
[0] NVIDIA GeForce RTX 3070 | 66°C,  84 % |  6529 /  8192 MB | root(5900M)

2026-08-13 15:36:22,300   INFO  Train:    1/10 ( 10%) [31549/55563 ( 57%)]  Loss: 0.6795 (1.55)  LR: 8.023e-05  Time cost: 2:11:34/1:40:08 [2:11:35/36:25:35]  Acc_iter 31550       Data time: 0.00(0.00)  Forward time: 0.25(0.25)  Batch time: 0.25(0.25)
2026-08-13 15:36:34,738   INFO  Train:    1/10 ( 10%) [31599/55563 ( 57%)]  Loss: 1.449 (1.55)  LR: 8.038e-05  Time cost: 2:11:46/1:39:56 [2:11:47/36:25:21]  Acc_iter 31600       Data time: 0.00(0.00)  Forward time: 0.22(0.25)  Batch time: 0.22(0.25)
2026-08-13 15:36:47,472   INFO  Train:    1/10 ( 10%) [31649/55563 ( 57%)]  Loss: 1.909 (1.55)  LR: 8.053e-05  Time cost: 2:11:59/1:39:43 [2:12:00/36:25:12]  Acc_iter 31650       Data time: 0.00(0.00)  Forward time: 0.25(0.25)  Batch time: 0.26(0.25)
2026-08-13 15:36:47,878   INFO  a1e06a0b30c0                Thu Aug 13 15:36:47 2026  580.173.02
[0] NVIDIA GeForce RTX 3070 | 68°C,  79 % |  6528 /  8192 MB | root(5900M)

2026-08-13 15:37:01,077   INFO  Train:    1/10 ( 10%) [31699/55563 ( 57%)]  Loss: 1.256 (1.55)  LR: 8.068e-05  Time cost: 2:12:13/1:39:32 [2:12:14/36:25:18]  Acc_iter 31700       Data time: 0.00(0.00)  Forward time: 0.29(0.25)  Batch time: 0.29(0.25)
2026-08-13 15:37:13,721   INFO  Train:    1/10 ( 10%) [31749/55563 ( 57%)]  Loss: 1.285 (1.55)  LR: 8.083e-05  Time cost: 2:12:25/1:39:19 [2:12:26/36:25:07]  Acc_iter 31750       Data time: 0.00(0.00)  Forward time: 0.25(0.25)  Batch time: 0.25(0.25)
2026-08-13 15:37:26,286   INFO  Train:    1/10 ( 10%) [31799/55563 ( 57%)]  Loss: 0.9441 (1.55)  LR: 8.097e-05  Time cost: 2:12:38/1:39:07 [2:12:39/36:24:56]  Acc_iter 31800       Data time: 0.00(0.00)  Forward time: 0.28(0.25)  Batch time: 0.28(0.25)
2026-08-13 15:37:26,690   INFO  a1e06a0b30c0                Thu Aug 13 15:37:26 2026  580.173.02
[0] NVIDIA GeForce RTX 3070 | 72°C,  99 % |  6524 /  8192 MB | root(5900M)

2026-08-13 15:37:39,296   INFO  Train:    1/10 ( 10%) [31849/55563 ( 57%)]  Loss: 3.878 (1.55)  LR: 8.112e-05  Time cost: 2:12:51/1:38:55 [2:12:52/36:24:51]  Acc_iter 31850       Data time: 0.00(0.00)  Forward time: 0.27(0.25)  Batch time: 0.27(0.25)
2026-08-13 15:37:52,202   INFO  Train:    1/10 ( 10%) [31899/55563 ( 57%)]  Loss: 2.525 (1.55)  LR: 8.127e-05  Time cost: 2:13:04/1:38:42 [2:13:05/36:24:45]  Acc_iter 31900       Data time: 0.00(0.00)  Forward time: 0.26(0.25)  Batch time: 0.26(0.25)
2026-08-13 15:38:05,161   INFO  Train:    1/10 ( 10%) [31949/55563 ( 58%)]  Loss: 1.027 (1.55)  LR: 8.142e-05  Time cost: 2:13:17/1:38:30 [2:13:18/36:24:40]  Acc_iter 31950       Data time: 0.00(0.00)  Forward time: 0.24(0.25)  Batch time: 0.24(0.25)
2026-08-13 15:38:05,576   INFO  a1e06a0b30c0                Thu Aug 13 15:38:05 2026  580.173.02
[0] NVIDIA GeForce RTX 3070 | 70°C,  94 % |  6525 /  8192 MB | root(5900M)

2026-08-13 15:38:18,363   INFO  Train:    1/10 ( 10%) [31999/55563 ( 58%)]  Loss: 1.403 (1.55)  LR: 8.157e-05  Time cost: 2:13:30/1:38:18 [2:13:31/36:24:39]  Acc_iter 32000       Data time: 0.00(0.00)  Forward time: 0.23(0.25)  Batch time: 0.23(0.25)
2026-08-13 15:38:31,065   INFO  Train:    1/10 ( 10%) [32049/55563 ( 58%)]  Loss: 1.073 (1.55)  LR: 8.172e-05  Time cost: 2:13:43/1:38:06 [2:13:44/36:24:29]  Acc_iter 32050       Data time: 0.00(0.00)  Forward time: 0.25(0.25)  Batch time: 0.25(0.25)
2026-08-13 15:38:43,661   INFO  Train:    1/10 ( 10%) [32099/55563 ( 58%)]  Loss: 1.112 (1.55)  LR: 8.187e-05  Time cost: 2:13:55/1:37:53 [2:13:56/36:24:18]  Acc_iter 32100       Data time: 0.00(0.00)  Forward time: 0.24(0.25)  Batch time: 0.24(0.25)
2026-08-13 15:38:44,120   INFO  a1e06a0b30c0                Thu Aug 13 15:38:44 2026  580.173.02
[0] NVIDIA GeForce RTX 3070 | 69°C,  90 % |  6524 /  8192 MB | root(5900M)

2026-08-13 15:38:57,163   INFO  Train:    1/10 ( 10%) [32149/55563 ( 58%)]  Loss: 1.185 (1.55)  LR: 8.202e-05  Time cost: 2:14:09/1:37:42 [2:14:10/36:24:21]  Acc_iter 32150       Data time: 0.00(0.00)  Forward time: 0.25(0.25)  Batch time: 0.25(0.25)
2026-08-13 15:39:09,749   INFO  Train:    1/10 ( 10%) [32199/55563 ( 58%)]  Loss: 1.313 (1.55)  LR: 8.217e-05  Time cost: 2:14:21/1:37:29 [2:14:22/36:24:10]  Acc_iter 32200       Data time: 0.00(0.00)  Forward time: 0.25(0.25)  Batch time: 0.25(0.25)
2026-08-13 15:39:22,366   INFO  Train:    1/10 ( 10%) [32249/55563 ( 58%)]  Loss: 1.697 (1.55)  LR: 8.233e-05  Time cost: 2:14:34/1:37:17 [2:14:35/36:23:59]  Acc_iter 32250       Data time: 0.00(0.00)  Forward time: 0.25(0.25)  Batch time: 0.25(0.25)
2026-08-13 15:39:22,787   INFO  a1e06a0b30c0                Thu Aug 13 15:39:22 2026  580.173.02
[0] NVIDIA GeForce RTX 3070 | 65°C,  96 % |  6529 /  8192 MB | root(5900M)

2026-08-13 15:39:35,516   INFO  Train:    1/10 ( 10%) [32299/55563 ( 58%)]  Loss: 0.9608 (1.54)  LR: 8.248e-05  Time cost: 2:14:47/1:37:05 [2:14:48/36:23:57]  Acc_iter 32300       Data time: 0.00(0.00)  Forward time: 0.21(0.25)  Batch time: 0.21(0.25)
2026-08-13 15:39:48,072   INFO  Save latest model to /OpenPCDet/output/OpenPCDet/tools/cfgs/models/S/F/S_F_N/default/ckpt/latest_model
2026-08-13 15:39:48,313   INFO  Train:    1/10 ( 10%) [32349/55563 ( 58%)]  Loss: 1.443 (1.54)  LR: 8.263e-05  Time cost: 2:15:00/1:36:52 [2:15:01/36:23:49]  Acc_iter 32350       Data time: 0.14(0.00)  Forward time: 0.24(0.25)  Batch time: 0.38(0.25)
2026-08-13 15:40:01,055   INFO  Train:    1/10 ( 10%) [32399/55563 ( 58%)]  Loss: 0.6198 (1.54)  LR: 8.278e-05  Time cost: 2:15:13/1:36:40 [2:15:14/36:23:40]  Acc_iter 32400       Data time: 0.00(0.00)  Forward time: 0.21(0.25)  Batch time: 0.21(0.25)
2026-08-13 15:40:01,468   INFO  a1e06a0b30c0                Thu Aug 13 15:40:01 2026  580.173.02
[0] NVIDIA GeForce RTX 3070 | 71°C,  96 % |  6528 /  8192 MB | root(5900M)

2026-08-13 15:40:13,942   INFO  Train:    1/10 ( 10%) [32449/55563 ( 58%)]  Loss: 1.410 (1.54)  LR: 8.293e-05  Time cost: 2:15:26/1:36:28 [2:15:26/36:23:33]  Acc_iter 32450       Data time: 0.00(0.00)  Forward time: 0.27(0.25)  Batch time: 0.27(0.25)
2026-08-13 15:40:26,358   INFO  Train:    1/10 ( 10%) [32499/55563 ( 58%)]  Loss: 1.327 (1.54)  LR: 8.308e-05  Time cost: 2:15:38/1:36:15 [2:15:39/36:23:19]  Acc_iter 32500       Data time: 0.00(0.00)  Forward time: 0.26(0.25)  Batch time: 0.26(0.25)
2026-08-13 15:40:39,060   INFO  Train:    1/10 ( 10%) [32549/55563 ( 59%)]  Loss: 0.8001 (1.54)  LR: 8.323e-05  Time cost: 2:15:51/1:36:03 [2:15:52/36:23:09]  Acc_iter 32550       Data time: 0.00(0.00)  Forward time: 0.25(0.25)  Batch time: 0.25(0.25)
2026-08-13 15:40:39,448   INFO  a1e06a0b30c0                Thu Aug 13 15:40:39 2026  580.173.02
[0] NVIDIA GeForce RTX 3070 | 73°C, 100 % |  6529 /  8192 MB | root(5900M)

2026-08-13 15:40:52,686   INFO  Train:    1/10 ( 10%) [32599/55563 ( 59%)]  Loss: 1.384 (1.54)  LR: 8.339e-05  Time cost: 2:16:04/1:35:51 [2:16:05/36:23:15]  Acc_iter 32600       Data time: 0.00(0.00)  Forward time: 0.25(0.25)  Batch time: 0.25(0.25)
2026-08-13 15:41:05,197   INFO  Train:    1/10 ( 10%) [32649/55563 ( 59%)]  Loss: 0.8249 (1.54)  LR: 8.354e-05  Time cost: 2:16:17/1:35:38 [2:16:18/36:23:02]  Acc_iter 32650       Data time: 0.00(0.00)  Forward time: 0.24(0.25)  Batch time: 0.24(0.25)
2026-08-13 15:41:17,369   INFO  Train:    1/10 ( 10%) [32699/55563 ( 59%)]  Loss: 0.7072 (1.54)  LR: 8.369e-05  Time cost: 2:16:29/1:35:26 [2:16:30/36:22:44]  Acc_iter 32700       Data time: 0.00(0.00)  Forward time: 0.23(0.25)  Batch time: 0.23(0.25)
2026-08-13 15:41:17,778   INFO  a1e06a0b30c0                Thu Aug 13 15:41:17 2026  580.173.02
[0] NVIDIA GeForce RTX 3070 | 65°C,  90 % |  6529 /  8192 MB | root(5900M)

2026-08-13 15:41:30,496   INFO  Train:    1/10 ( 10%) [32749/55563 ( 59%)]  Loss: 0.8905 (1.54)  LR: 8.384e-05  Time cost: 2:16:42/1:35:14 [2:16:43/36:22:41]  Acc_iter 32750       Data time: 0.00(0.00)  Forward time: 0.23(0.25)  Batch time: 0.23(0.25)
2026-08-13 15:41:43,172   INFO  Train:    1/10 ( 10%) [32799/55563 ( 59%)]  Loss: 1.859 (1.54)  LR: 8.399e-05  Time cost: 2:16:55/1:35:01 [2:16:56/36:22:31]  Acc_iter 32800       Data time: 0.00(0.00)  Forward time: 0.27(0.25)  Batch time: 0.27(0.25)
2026-08-13 15:41:56,310   INFO  Train:    1/10 ( 10%) [32849/55563 ( 59%)]  Loss: 1.191 (1.54)  LR: 8.415e-05  Time cost: 2:17:08/1:34:49 [2:17:09/36:22:28]  Acc_iter 32850       Data time: 0.00(0.00)  Forward time: 0.28(0.25)  Batch time: 0.28(0.25)
2026-08-13 15:41:56,725   INFO  a1e06a0b30c0                Thu Aug 13 15:41:56 2026  580.173.02
[0] NVIDIA GeForce RTX 3070 | 65°C,  99 % |  6537 /  8192 MB | root(5900M)

2026-08-13 15:42:09,513   INFO  Train:    1/10 ( 10%) [32899/55563 ( 59%)]  Loss: 1.921 (1.54)  LR: 8.430e-05  Time cost: 2:17:21/1:34:37 [2:17:22/36:22:26]  Acc_iter 32900       Data time: 0.00(0.00)  Forward time: 0.29(0.25)  Batch time: 0.29(0.25)
2026-08-13 15:42:22,179   INFO  Train:    1/10 ( 10%) [32949/55563 ( 59%)]  Loss: 0.9415 (1.54)  LR: 8.445e-05  Time cost: 2:17:34/1:34:25 [2:17:35/36:22:16]  Acc_iter 32950       Data time: 0.00(0.00)  Forward time: 0.25(0.25)  Batch time: 0.25(0.25)
2026-08-13 15:42:34,889   INFO  Train:    1/10 ( 10%) [32999/55563 ( 59%)]  Loss: 1.086 (1.54)  LR: 8.461e-05  Time cost: 2:17:47/1:34:12 [2:17:47/36:22:07]  Acc_iter 33000       Data time: 0.00(0.00)  Forward time: 0.26(0.25)  Batch time: 0.26(0.25)
2026-08-13 15:42:35,289   INFO  a1e06a0b30c0                Thu Aug 13 15:42:35 2026  580.173.02
[0] NVIDIA GeForce RTX 3070 | 66°C,   7 % |  6525 /  8192 MB | root(5900M)

2026-08-13 15:42:48,355   INFO  Train:    1/10 ( 10%) [33049/55563 ( 59%)]  Loss: 1.798 (1.54)  LR: 8.476e-05  Time cost: 2:18:00/1:34:00 [2:18:01/36:22:09]  Acc_iter 33050       Data time: 0.00(0.00)  Forward time: 0.26(0.25)  Batch time: 0.26(0.25)
2026-08-13 15:43:01,387   INFO  Train:    1/10 ( 10%) [33099/55563 ( 60%)]  Loss: 1.162 (1.54)  LR: 8.491e-05  Time cost: 2:18:13/1:33:48 [2:18:14/36:22:04]  Acc_iter 33100       Data time: 0.00(0.00)  Forward time: 0.27(0.25)  Batch time: 0.27(0.25)
2026-08-13 15:43:14,037   INFO  Train:    1/10 ( 10%) [33149/55563 ( 60%)]  Loss: 0.8361 (1.54)  LR: 8.507e-05  Time cost: 2:18:26/1:33:36 [2:18:27/36:21:54]  Acc_iter 33150       Data time: 0.00(0.00)  Forward time: 0.25(0.25)  Batch time: 0.25(0.25)
2026-08-13 15:43:14,432   INFO  a1e06a0b30c0                Thu Aug 13 15:43:14 2026  580.173.02
[0] NVIDIA GeForce RTX 3070 | 68°C,  59 % |  6604 /  8192 MB | root(5900M)

2026-08-13 15:43:26,951   INFO  Train:    1/10 ( 10%) [33199/55563 ( 60%)]  Loss: 1.233 (1.54)  LR: 8.522e-05  Time cost: 2:18:39/1:33:23 [2:18:40/36:21:47]  Acc_iter 33200       Data time: 0.00(0.00)  Forward time: 0.27(0.25)  Batch time: 0.27(0.25)
2026-08-13 15:43:39,611   INFO  Train:    1/10 ( 10%) [33249/55563 ( 60%)]  Loss: 0.7550 (1.54)  LR: 8.538e-05  Time cost: 2:18:51/1:33:11 [2:18:52/36:21:37]  Acc_iter 33250       Data time: 0.00(0.00)  Forward time: 0.24(0.25)  Batch time: 0.24(0.25)
2026-08-13 15:43:52,718   INFO  Train:    1/10 ( 10%) [33299/55563 ( 60%)]  Loss: 1.496 (1.54)  LR: 8.553e-05  Time cost: 2:19:04/1:32:59 [2:19:05/36:21:33]  Acc_iter 33300       Data time: 0.00(0.00)  Forward time: 0.25(0.25)  Batch time: 0.25(0.25)
2026-08-13 15:43:53,127   INFO  a1e06a0b30c0                Thu Aug 13 15:43:53 2026  580.173.02
[0] NVIDIA GeForce RTX 3070 | 71°C,  71 % |  6583 /  8192 MB | root(5900M)

2026-08-13 15:44:05,865   INFO  Train:    1/10 ( 10%) [33349/55563 ( 60%)]  Loss: 5.069 (1.54)  LR: 8.568e-05  Time cost: 2:19:17/1:32:47 [2:19:18/36:21:30]  Acc_iter 33350       Data time: 0.00(0.00)  Forward time: 0.26(0.25)  Batch time: 0.26(0.25)
2026-08-13 15:44:18,315   INFO  Train:    1/10 ( 10%) [33399/55563 ( 60%)]  Loss: 2.351 (1.54)  LR: 8.584e-05  Time cost: 2:19:30/1:32:34 [2:19:31/36:21:17]  Acc_iter 33400       Data time: 0.00(0.00)  Forward time: 0.29(0.25)  Batch time: 0.29(0.25)
2026-08-13 15:44:31,106   INFO  Train:    1/10 ( 10%) [33449/55563 ( 60%)]  Loss: 1.037 (1.54)  LR: 8.599e-05  Time cost: 2:19:43/1:32:22 [2:19:44/36:21:08]  Acc_iter 33450       Data time: 0.00(0.00)  Forward time: 0.23(0.25)  Batch time: 0.24(0.25)
2026-08-13 15:44:31,530   INFO  a1e06a0b30c0                Thu Aug 13 15:44:31 2026  580.173.02
[0] NVIDIA GeForce RTX 3070 | 71°C,  96 % |  6568 /  8192 MB | root(5900M)

2026-08-13 15:44:44,636   INFO  Train:    1/10 ( 10%) [33499/55563 ( 60%)]  Loss: 1.957 (1.54)  LR: 8.615e-05  Time cost: 2:19:56/1:32:10 [2:19:57/36:21:11]  Acc_iter 33500       Data time: 0.00(0.00)  Forward time: 0.27(0.25)  Batch time: 0.28(0.25)
2026-08-13 15:44:48,150   INFO  Save latest model to /OpenPCDet/output/OpenPCDet/tools/cfgs/models/S/F/S_F_N/default/ckpt/latest_model
2026-08-13 15:44:57,671   INFO  Train:    1/10 ( 10%) [33549/55563 ( 60%)]  Loss: 1.661 (1.54)  LR: 8.630e-05  Time cost: 2:20:09/1:31:58 [2:20:10/36:21:07]  Acc_iter 33550       Data time: 0.00(0.00)  Forward time: 0.25(0.25)  Batch time: 0.25(0.25)
2026-08-13 15:45:10,271   INFO  Train:    1/10 ( 10%) [33599/55563 ( 60%)]  Loss: 2.533 (1.54)  LR: 8.646e-05  Time cost: 2:20:22/1:31:45 [2:20:23/36:20:55]  Acc_iter 33600       Data time: 0.00(0.00)  Forward time: 0.27(0.25)  Batch time: 0.27(0.25)
2026-08-13 15:45:10,733   INFO  a1e06a0b30c0                Thu Aug 13 15:45:10 2026  580.173.02
[0] NVIDIA GeForce RTX 3070 | 64°C,  68 % |  6579 /  8192 MB | root(5900M)

2026-08-13 15:45:23,084   INFO  Train:    1/10 ( 10%) [33649/55563 ( 61%)]  Loss: 1.272 (1.54)  LR: 8.661e-05  Time cost: 2:20:35/1:31:33 [2:20:36/36:20:47]  Acc_iter 33650       Data time: 0.00(0.00)  Forward time: 0.24(0.25)  Batch time: 0.24(0.25)
2026-08-13 15:45:35,582   INFO  Train:    1/10 ( 10%) [33699/55563 ( 61%)]  Loss: 1.232 (1.54)  LR: 8.677e-05  Time cost: 2:20:47/1:31:20 [2:20:48/36:20:34]  Acc_iter 33700       Data time: 0.00(0.00)  Forward time: 0.25(0.25)  Batch time: 0.25(0.25)
2026-08-13 15:45:48,572   INFO  Train:    1/10 ( 10%) [33749/55563 ( 61%)]  Loss: 1.125 (1.54)  LR: 8.692e-05  Time cost: 2:21:00/1:31:08 [2:21:01/36:20:28]  Acc_iter 33750       Data time: 0.00(0.00)  Forward time: 0.26(0.25)  Batch time: 0.26(0.25)
2026-08-13 15:45:48,985   INFO  a1e06a0b30c0                Thu Aug 13 15:45:48 2026  580.173.02
[0] NVIDIA GeForce RTX 3070 | 73°C,  99 % |  6630 /  8192 MB | root(5900M)

2026-08-13 15:46:01,358   INFO  Train:    1/10 ( 10%) [33799/55563 ( 61%)]  Loss: 0.5266 (1.54)  LR: 8.708e-05  Time cost: 2:21:13/1:30:56 [2:21:14/36:20:20]  Acc_iter 33800       Data time: 0.00(0.00)  Forward time: 0.25(0.25)  Batch time: 0.26(0.25)
2026-08-13 15:46:14,093   INFO  Train:    1/10 ( 10%) [33849/55563 ( 61%)]  Loss: 2.415 (1.54)  LR: 8.724e-05  Time cost: 2:21:26/1:30:43 [2:21:27/36:20:10]  Acc_iter 33850       Data time: 0.00(0.00)  Forward time: 0.26(0.25)  Batch time: 0.26(0.25)
2026-08-13 15:46:26,747   INFO  Train:    1/10 ( 10%) [33899/55563 ( 61%)]  Loss: 1.353 (1.54)  LR: 8.739e-05  Time cost: 2:21:38/1:30:31 [2:21:39/36:19:59]  Acc_iter 33900       Data time: 0.00(0.00)  Forward time: 0.25(0.25)  Batch time: 0.25(0.25)
2026-08-13 15:46:27,169   INFO  a1e06a0b30c0                Thu Aug 13 15:46:27 2026  580.173.02
[0] NVIDIA GeForce RTX 3070 | 70°C,  72 % |  6596 /  8192 MB | root(5900M)

2026-08-13 15:46:40,031   INFO  Train:    1/10 ( 10%) [33949/55563 ( 61%)]  Loss: 1.745 (1.54)  LR: 8.755e-05  Time cost: 2:21:52/1:30:19 [2:21:53/36:19:58]  Acc_iter 33950       Data time: 0.00(0.00)  Forward time: 0.29(0.25)  Batch time: 0.29(0.25)
2026-08-13 15:46:53,147   INFO  Train:    1/10 ( 10%) [33999/55563 ( 61%)]  Loss: 1.125 (1.54)  LR: 8.770e-05  Time cost: 2:22:05/1:30:07 [2:22:06/36:19:55]  Acc_iter 34000       Data time: 0.00(0.00)  Forward time: 0.23(0.25)  Batch time: 0.23(0.25)
2026-08-13 15:47:05,415   INFO  Train:    1/10 ( 10%) [34049/55563 ( 61%)]  Loss: 1.313 (1.54)  LR: 8.786e-05  Time cost: 2:22:17/1:29:54 [2:22:18/36:19:38]  Acc_iter 34050       Data time: 0.00(0.00)  Forward time: 0.22(0.25)  Batch time: 0.23(0.25)
2026-08-13 15:47:05,818   INFO  a1e06a0b30c0                Thu Aug 13 15:47:05 2026  580.173.02
[0] NVIDIA GeForce RTX 3070 | 66°C,  94 % |  6626 /  8192 MB | root(5900M)

2026-08-13 15:47:18,958   INFO  Train:    1/10 ( 10%) [34099/55563 ( 61%)]  Loss: 2.179 (1.53)  LR: 8.802e-05  Time cost: 2:22:31/1:29:42 [2:22:32/36:19:41]  Acc_iter 34100       Data time: 0.00(0.00)  Forward time: 0.29(0.25)  Batch time: 0.29(0.25)
2026-08-13 15:47:31,987   INFO  Train:    1/10 ( 10%) [34149/55563 ( 61%)]  Loss: 0.6519 (1.53)  LR: 8.817e-05  Time cost: 2:22:44/1:29:30 [2:22:45/36:19:36]  Acc_iter 34150       Data time: 0.00(0.00)  Forward time: 0.23(0.25)  Batch time: 0.23(0.25)
2026-08-13 15:47:45,859   INFO  Train:    1/10 ( 10%) [34199/55563 ( 62%)]  Loss: 1.655 (1.53)  LR: 8.833e-05  Time cost: 2:22:57/1:29:18 [2:22:58/36:19:44]  Acc_iter 34200       Data time: 0.00(0.00)  Forward time: 0.33(0.25)  Batch time: 0.33(0.25)
2026-08-13 15:47:46,382   INFO  a1e06a0b30c0                Thu Aug 13 15:47:46 2026  580.173.02
[0] NVIDIA GeForce RTX 3070 | 64°C,   9 % |  6640 /  8192 MB | root(5900M)

2026-08-13 15:47:59,118   INFO  Train:    1/10 ( 10%) [34249/55563 ( 62%)]  Loss: 1.805 (1.53)  LR: 8.849e-05  Time cost: 2:23:11/1:29:06 [2:23:12/36:19:42]  Acc_iter 34250       Data time: 0.00(0.00)  Forward time: 0.25(0.25)  Batch time: 0.25(0.25)
2026-08-13 15:48:11,502   INFO  Train:    1/10 ( 10%) [34299/55563 ( 62%)]  Loss: 1.190 (1.53)  LR: 8.865e-05  Time cost: 2:23:23/1:28:53 [2:23:24/36:19:27]  Acc_iter 34300       Data time: 0.00(0.00)  Forward time: 0.25(0.25)  Batch time: 0.25(0.25)
2026-08-13 15:48:24,178   INFO  Train:    1/10 ( 10%) [34349/55563 ( 62%)]  Loss: 1.650 (1.53)  LR: 8.880e-05  Time cost: 2:23:36/1:28:41 [2:23:37/36:19:17]  Acc_iter 34350       Data time: 0.00(0.00)  Forward time: 0.25(0.25)  Batch time: 0.25(0.25)
2026-08-13 15:48:24,593   INFO  a1e06a0b30c0                Thu Aug 13 15:48:24 2026  580.173.02
[0] NVIDIA GeForce RTX 3070 | 70°C,  93 % |  6555 /  8192 MB | root(5900M)

2026-08-13 15:48:37,381   INFO  Train:    1/10 ( 10%) [34399/55563 ( 62%)]  Loss: 1.364 (1.53)  LR: 8.896e-05  Time cost: 2:23:49/1:28:29 [2:23:50/36:19:14]  Acc_iter 34400       Data time: 0.00(0.00)  Forward time: 0.26(0.25)  Batch time: 0.26(0.25)
2026-08-13 15:48:50,473   INFO  Train:    1/10 ( 10%) [34449/55563 ( 62%)]  Loss: 1.081 (1.53)  LR: 8.912e-05  Time cost: 2:24:02/1:28:16 [2:24:03/36:19:10]  Acc_iter 34450       Data time: 0.00(0.00)  Forward time: 0.25(0.25)  Batch time: 0.25(0.25)
2026-08-13 15:49:03,075   INFO  Train:    1/10 ( 10%) [34499/55563 ( 62%)]  Loss: 1.582 (1.53)  LR: 8.928e-05  Time cost: 2:24:15/1:28:04 [2:24:16/36:18:58]  Acc_iter 34500       Data time: 0.00(0.00)  Forward time: 0.26(0.25)  Batch time: 0.26(0.25)
2026-08-13 15:49:03,474   INFO  a1e06a0b30c0                Thu Aug 13 15:49:03 2026  580.173.02
[0] NVIDIA GeForce RTX 3070 | 70°C,  97 % |  6555 /  8192 MB | root(5900M)

2026-08-13 15:49:16,363   INFO  Train:    1/10 ( 10%) [34549/55563 ( 62%)]  Loss: 1.594 (1.53)  LR: 8.943e-05  Time cost: 2:24:28/1:27:52 [2:24:29/36:18:57]  Acc_iter 34550       Data time: 0.00(0.00)  Forward time: 0.27(0.25)  Batch time: 0.27(0.25)
2026-08-13 15:49:29,448   INFO  Train:    1/10 ( 10%) [34599/55563 ( 62%)]  Loss: 1.498 (1.53)  LR: 8.959e-05  Time cost: 2:24:41/1:27:40 [2:24:42/36:18:53]  Acc_iter 34600       Data time: 0.00(0.00)  Forward time: 0.29(0.25)  Batch time: 0.30(0.25)
2026-08-13 15:49:42,776   INFO  Train:    1/10 ( 10%) [34649/55563 ( 62%)]  Loss: 1.044 (1.53)  LR: 8.975e-05  Time cost: 2:24:54/1:27:28 [2:24:55/36:18:52]  Acc_iter 34650       Data time: 0.00(0.00)  Forward time: 0.29(0.25)  Batch time: 0.29(0.25)
2026-08-13 15:49:43,253   INFO  a1e06a0b30c0                Thu Aug 13 15:49:43 2026  580.173.02
[0] NVIDIA GeForce RTX 3070 | 68°C,   9 % |  6555 /  8192 MB | root(5900M)

2026-08-13 15:49:48,197   INFO  Save latest model to /OpenPCDet/output/OpenPCDet/tools/cfgs/models/S/F/S_F_N/default/ckpt/latest_model
2026-08-13 15:49:56,146   INFO  Train:    1/10 ( 10%) [34699/55563 ( 62%)]  Loss: 1.212 (1.53)  LR: 8.991e-05  Time cost: 2:25:08/1:27:15 [2:25:09/36:18:52]  Acc_iter 34700       Data time: 0.00(0.00)  Forward time: 0.24(0.25)  Batch time: 0.24(0.25)
2026-08-13 15:50:09,081   INFO  Train:    1/10 ( 10%) [34749/55563 ( 63%)]  Loss: 1.991 (1.53)  LR: 9.007e-05  Time cost: 2:25:21/1:27:03 [2:25:22/36:18:45]  Acc_iter 34750       Data time: 0.00(0.00)  Forward time: 0.28(0.25)  Batch time: 0.28(0.25)
2026-08-13 15:50:21,984   INFO  Train:    1/10 ( 10%) [34799/55563 ( 63%)]  Loss: 1.514 (1.53)  LR: 9.023e-05  Time cost: 2:25:34/1:26:51 [2:25:35/36:18:38]  Acc_iter 34800       Data time: 0.00(0.00)  Forward time: 0.30(0.25)  Batch time: 0.30(0.25)
2026-08-13 15:50:22,464   INFO  a1e06a0b30c0                Thu Aug 13 15:50:22 2026  580.173.02
[0] NVIDIA GeForce RTX 3070 | 65°C,  43 % |  6631 /  8192 MB | root(5900M)

2026-08-13 15:50:35,321   INFO  Train:    1/10 ( 10%) [34849/55563 ( 63%)]  Loss: 0.9436 (1.53)  LR: 9.039e-05  Time cost: 2:25:47/1:26:39 [2:25:48/36:18:37]  Acc_iter 34850       Data time: 0.00(0.00)  Forward time: 0.29(0.25)  Batch time: 0.29(0.25)
2026-08-13 15:50:48,392   INFO  Train:    1/10 ( 10%) [34899/55563 ( 63%)]  Loss: 0.7532 (1.53)  LR: 9.055e-05  Time cost: 2:26:00/1:26:27 [2:26:01/36:18:32]  Acc_iter 34900       Data time: 0.00(0.00)  Forward time: 0.22(0.25)  Batch time: 0.23(0.25)
2026-08-13 15:51:01,598   INFO  Train:    1/10 ( 10%) [34949/55563 ( 63%)]  Loss: 1.651 (1.53)  LR: 9.070e-05  Time cost: 2:26:13/1:26:14 [2:26:14/36:18:29]  Acc_iter 34950       Data time: 0.00(0.00)  Forward time: 0.28(0.25)  Batch time: 0.28(0.25)
2026-08-13 15:51:02,008   INFO  a1e06a0b30c0                Thu Aug 13 15:51:01 2026  580.173.02
[0] NVIDIA GeForce RTX 3070 | 70°C,  68 % |  6557 /  8192 MB | root(5900M)

2026-08-13 15:51:14,890   INFO  Train:    1/10 ( 10%) [34999/55563 ( 63%)]  Loss: 1.329 (1.53)  LR: 9.086e-05  Time cost: 2:26:27/1:26:02 [2:26:27/36:18:28]  Acc_iter 35000       Data time: 0.00(0.00)  Forward time: 0.25(0.25)  Batch time: 0.25(0.25)
2026-08-13 15:51:27,655   INFO  Train:    1/10 ( 10%) [35049/55563 ( 63%)]  Loss: 0.9658 (1.53)  LR: 9.102e-05  Time cost: 2:26:39/1:25:50 [2:26:40/36:18:18]  Acc_iter 35050       Data time: 0.00(0.00)  Forward time: 0.26(0.25)  Batch time: 0.26(0.25)
2026-08-13 15:51:40,145   INFO  Train:    1/10 ( 10%) [35099/55563 ( 63%)]  Loss: 1.607 (1.53)  LR: 9.118e-05  Time cost: 2:26:52/1:25:37 [2:26:53/36:18:05]  Acc_iter 35100       Data time: 0.00(0.00)  Forward time: 0.28(0.25)  Batch time: 0.28(0.25)
2026-08-13 15:51:40,652   INFO  a1e06a0b30c0                Thu Aug 13 15:51:40 2026  580.173.02
[0] NVIDIA GeForce RTX 3070 | 68°C,  99 % |  6599 /  8192 MB | root(5900M)

2026-08-13 15:51:52,940   INFO  Train:    1/10 ( 10%) [35149/55563 ( 63%)]  Loss: 1.596 (1.53)  LR: 9.134e-05  Time cost: 2:27:05/1:25:25 [2:27:05/36:17:56]  Acc_iter 35150       Data time: 0.00(0.00)  Forward time: 0.23(0.25)  Batch time: 0.23(0.25)
2026-08-13 15:52:04,895   INFO  Train:    1/10 ( 10%) [35199/55563 ( 63%)]  Loss: 0.8700 (1.53)  LR: 9.150e-05  Time cost: 2:27:17/1:25:12 [2:27:17/36:17:34]  Acc_iter 35200       Data time: 0.00(0.00)  Forward time: 0.25(0.25)  Batch time: 0.25(0.25)
2026-08-13 15:52:17,183   INFO  Train:    1/10 ( 10%) [35249/55563 ( 63%)]  Loss: 1.634 (1.53)  LR: 9.166e-05  Time cost: 2:27:29/1:24:59 [2:27:30/36:17:18]  Acc_iter 35250       Data time: 0.00(0.00)  Forward time: 0.26(0.25)  Batch time: 0.26(0.25)
2026-08-13 15:52:17,612   INFO  a1e06a0b30c0                Thu Aug 13 15:52:17 2026  580.173.02
[0] NVIDIA GeForce RTX 3070 | 70°C,  96 % |  6574 /  8192 MB | root(5900M)

2026-08-13 15:52:29,980   INFO  Train:    1/10 ( 10%) [35299/55563 ( 64%)]  Loss: 1.155 (1.53)  LR: 9.182e-05  Time cost: 2:27:42/1:24:47 [2:27:43/36:17:09]  Acc_iter 35300       Data time: 0.00(0.00)  Forward time: 0.25(0.25)  Batch time: 0.25(0.25)
2026-08-13 15:52:42,265   INFO  Train:    1/10 ( 10%) [35349/55563 ( 64%)]  Loss: 1.828 (1.53)  LR: 9.198e-05  Time cost: 2:27:54/1:24:34 [2:27:55/36:16:53]  Acc_iter 35350       Data time: 0.00(0.00)  Forward time: 0.27(0.25)  Batch time: 0.27(0.25)
2026-08-13 15:52:54,347   INFO  Train:    1/10 ( 10%) [35399/55563 ( 64%)]  Loss: 1.722 (1.53)  LR: 9.214e-05  Time cost: 2:28:06/1:24:21 [2:28:07/36:16:33]  Acc_iter 35400       Data time: 0.00(0.00)  Forward time: 0.22(0.25)  Batch time: 0.22(0.25)
2026-08-13 15:52:54,744   INFO  a1e06a0b30c0                Thu Aug 13 15:52:54 2026  580.173.02
[0] NVIDIA GeForce RTX 3070 | 71°C,  95 % |  6573 /  8192 MB | root(5900M)

2026-08-13 15:53:07,103   INFO  Train:    1/10 ( 10%) [35449/55563 ( 64%)]  Loss: 1.750 (1.53)  LR: 9.231e-05  Time cost: 2:28:19/1:24:09 [2:28:20/36:16:24]  Acc_iter 35450       Data time: 0.00(0.00)  Forward time: 0.28(0.25)  Batch time: 0.29(0.25)
2026-08-13 15:53:18,930   INFO  Train:    1/10 ( 10%) [35499/55563 ( 64%)]  Loss: 0.9175 (1.53)  LR: 9.247e-05  Time cost: 2:28:31/1:23:56 [2:28:31/36:16:00]  Acc_iter 35500       Data time: 0.00(0.00)  Forward time: 0.23(0.25)  Batch time: 0.23(0.25)
2026-08-13 15:53:31,504   INFO  Train:    1/10 ( 10%) [35549/55563 ( 64%)]  Loss: 1.096 (1.53)  LR: 9.263e-05  Time cost: 2:28:43/1:23:43 [2:28:44/36:15:48]  Acc_iter 35550       Data time: 0.00(0.00)  Forward time: 0.22(0.25)  Batch time: 0.23(0.25)
2026-08-13 15:53:32,019   INFO  a1e06a0b30c0                Thu Aug 13 15:53:32 2026  580.173.02
[0] NVIDIA GeForce RTX 3070 | 65°C,  80 % |  6563 /  8192 MB | root(5900M)

2026-08-13 15:53:44,437   INFO  Train:    1/10 ( 10%) [35599/55563 ( 64%)]  Loss: 0.9745 (1.53)  LR: 9.279e-05  Time cost: 2:28:56/1:23:31 [2:28:57/36:15:41]  Acc_iter 35600       Data time: 0.00(0.00)  Forward time: 0.22(0.25)  Batch time: 0.22(0.25)
2026-08-13 15:53:56,594   INFO  Train:    1/10 ( 10%) [35649/55563 ( 64%)]  Loss: 1.401 (1.53)  LR: 9.295e-05  Time cost: 2:29:08/1:23:18 [2:29:09/36:15:23]  Acc_iter 35650       Data time: 0.00(0.00)  Forward time: 0.23(0.25)  Batch time: 0.23(0.25)
2026-08-13 15:54:08,766   INFO  Train:    1/10 ( 10%) [35699/55563 ( 64%)]  Loss: 2.129 (1.53)  LR: 9.311e-05  Time cost: 2:29:20/1:23:05 [2:29:21/36:15:05]  Acc_iter 35700       Data time: 0.00(0.00)  Forward time: 0.27(0.25)  Batch time: 0.27(0.25)
2026-08-13 15:54:09,233   INFO  a1e06a0b30c0                Thu Aug 13 15:54:09 2026  580.173.02
[0] NVIDIA GeForce RTX 3070 | 70°C,  60 % |  6566 /  8192 MB | root(5900M)

2026-08-13 15:54:21,635   INFO  Train:    1/10 ( 10%) [35749/55563 ( 64%)]  Loss: 1.551 (1.53)  LR: 9.327e-05  Time cost: 2:29:33/1:22:53 [2:29:34/36:14:57]  Acc_iter 35750       Data time: 0.00(0.00)  Forward time: 0.22(0.25)  Batch time: 0.22(0.25)
2026-08-13 15:54:34,089   INFO  Train:    1/10 ( 10%) [35799/55563 ( 64%)]  Loss: 2.101 (1.53)  LR: 9.343e-05  Time cost: 2:29:46/1:22:40 [2:29:47/36:14:43]  Acc_iter 35800       Data time: 0.00(0.00)  Forward time: 0.28(0.25)  Batch time: 0.28(0.25)
2026-08-13 15:54:45,968   INFO  Train:    1/10 ( 10%) [35849/55563 ( 65%)]  Loss: 1.349 (1.53)  LR: 9.360e-05  Time cost: 2:29:58/1:22:28 [2:29:59/36:14:21]  Acc_iter 35850       Data time: 0.00(0.00)  Forward time: 0.25(0.25)  Batch time: 0.25(0.25)
2026-08-13 15:54:46,341   INFO  a1e06a0b30c0                Thu Aug 13 15:54:46 2026  580.173.02
[0] NVIDIA GeForce RTX 3070 | 66°C,  10 % |  6329 /  8192 MB | root(5900M)

2026-08-13 15:54:48,194   INFO  Save latest model to /OpenPCDet/output/OpenPCDet/tools/cfgs/models/S/F/S_F_N/default/ckpt/latest_model
2026-08-13 15:54:58,642   INFO  Train:    1/10 ( 10%) [35899/55563 ( 65%)]  Loss: 1.592 (1.53)  LR: 9.376e-05  Time cost: 2:30:10/1:22:15 [2:30:11/36:14:10]  Acc_iter 35900       Data time: 0.00(0.00)  Forward time: 0.27(0.25)  Batch time: 0.27(0.25)
2026-08-13 15:55:10,673   INFO  Train:    1/10 ( 10%) [35949/55563 ( 65%)]  Loss: 2.583 (1.53)  LR: 9.392e-05  Time cost: 2:30:22/1:22:02 [2:30:23/36:13:50]  Acc_iter 35950       Data time: 0.00(0.00)  Forward time: 0.25(0.25)  Batch time: 0.25(0.25)
2026-08-13 15:55:22,786   INFO  Train:    1/10 ( 10%) [35999/55563 ( 65%)]  Loss: 1.456 (1.53)  LR: 9.408e-05  Time cost: 2:30:34/1:21:49 [2:30:35/36:13:31]  Acc_iter 36000       Data time: 0.00(0.00)  Forward time: 0.27(0.25)  Batch time: 0.27(0.25)
2026-08-13 15:55:23,203   INFO  a1e06a0b30c0                Thu Aug 13 15:55:23 2026  580.173.02
[0] NVIDIA GeForce RTX 3070 | 69°C,  71 % |  6329 /  8192 MB | root(5900M)

2026-08-13 15:55:35,059   INFO  Train:    1/10 ( 10%) [36049/55563 ( 65%)]  Loss: 1.299 (1.52)  LR: 9.424e-05  Time cost: 2:30:47/1:21:37 [2:30:48/36:13:14]  Acc_iter 36050       Data time: 0.00(0.00)  Forward time: 0.21(0.25)  Batch time: 0.21(0.25)
2026-08-13 15:55:46,971   INFO  Train:    1/10 ( 10%) [36099/55563 ( 65%)]  Loss: 1.624 (1.52)  LR: 9.441e-05  Time cost: 2:30:59/1:21:24 [2:31:00/36:12:53]  Acc_iter 36100       Data time: 0.00(0.00)  Forward time: 0.24(0.25)  Batch time: 0.24(0.25)
2026-08-13 15:55:59,092   INFO  Train:    1/10 ( 10%) [36149/55563 ( 65%)]  Loss: 1.833 (1.52)  LR: 9.457e-05  Time cost: 2:31:11/1:21:11 [2:31:12/36:12:34]  Acc_iter 36150       Data time: 0.00(0.00)  Forward time: 0.27(0.25)  Batch time: 0.27(0.25)
2026-08-13 15:55:59,466   INFO  a1e06a0b30c0                Thu Aug 13 15:55:59 2026  580.173.02
[0] NVIDIA GeForce RTX 3070 | 72°C,  54 % |  6329 /  8192 MB | root(5900M)

2026-08-13 15:56:11,357   INFO  Train:    1/10 ( 10%) [36199/55563 ( 65%)]  Loss: 0.8736 (1.52)  LR: 9.473e-05  Time cost: 2:31:23/1:20:58 [2:31:24/36:12:18]  Acc_iter 36200       Data time: 0.00(0.00)  Forward time: 0.20(0.25)  Batch time: 0.21(0.25)
2026-08-13 15:56:23,504   INFO  Train:    1/10 ( 10%) [36249/55563 ( 65%)]  Loss: 1.817 (1.52)  LR: 9.490e-05  Time cost: 2:31:35/1:20:46 [2:31:36/36:11:59]  Acc_iter 36250       Data time: 0.00(0.00)  Forward time: 0.21(0.25)  Batch time: 0.21(0.25)
2026-08-13 15:56:35,717   INFO  Train:    1/10 ( 10%) [36299/55563 ( 65%)]  Loss: 1.254 (1.52)  LR: 9.506e-05  Time cost: 2:31:47/1:20:33 [2:31:48/36:11:42]  Acc_iter 36300       Data time: 0.00(0.00)  Forward time: 0.26(0.25)  Batch time: 0.26(0.25)
2026-08-13 15:56:36,092   INFO  a1e06a0b30c0                Thu Aug 13 15:56:36 2026  580.173.02
[0] NVIDIA GeForce RTX 3070 | 71°C,  95 % |  6589 /  8192 MB | root(5900M)

2026-08-13 15:56:48,517   INFO  Train:    1/10 ( 10%) [36349/55563 ( 65%)]  Loss: 1.217 (1.52)  LR: 9.522e-05  Time cost: 2:32:00/1:20:21 [2:32:01/36:11:33]  Acc_iter 36350       Data time: 0.00(0.00)  Forward time: 0.22(0.25)  Batch time: 0.22(0.25)
2026-08-13 15:57:00,610   INFO  Train:    1/10 ( 10%) [36399/55563 ( 66%)]  Loss: 0.8360 (1.52)  LR: 9.539e-05  Time cost: 2:32:12/1:20:08 [2:32:13/36:11:14]  Acc_iter 36400       Data time: 0.00(0.00)  Forward time: 0.24(0.25)  Batch time: 0.24(0.25)
2026-08-13 15:57:12,947   INFO  Train:    1/10 ( 10%) [36449/55563 ( 66%)]  Loss: 2.071 (1.52)  LR: 9.555e-05  Time cost: 2:32:25/1:19:55 [2:32:26/36:10:59]  Acc_iter 36450       Data time: 0.00(0.00)  Forward time: 0.25(0.25)  Batch time: 0.25(0.25)
2026-08-13 15:57:13,411   INFO  a1e06a0b30c0                Thu Aug 13 15:57:13 2026  580.173.02
[0] NVIDIA GeForce RTX 3070 | 65°C,   1 % |  6327 /  8192 MB | root(5900M)

2026-08-13 15:57:25,663   INFO  Train:    1/10 ( 10%) [36499/55563 ( 66%)]  Loss: 1.301 (1.52)  LR: 9.571e-05  Time cost: 2:32:37/1:19:43 [2:32:38/36:10:48]  Acc_iter 36500       Data time: 0.00(0.00)  Forward time: 0.26(0.25)  Batch time: 0.26(0.25)
2026-08-13 15:57:37,674   INFO  Train:    1/10 ( 10%) [36549/55563 ( 66%)]  Loss: 2.710 (1.52)  LR: 9.588e-05  Time cost: 2:32:49/1:19:30 [2:32:50/36:10:28]  Acc_iter 36550       Data time: 0.00(0.00)  Forward time: 0.25(0.25)  Batch time: 0.26(0.25)
2026-08-13 15:57:49,927   INFO  Train:    1/10 ( 10%) [36599/55563 ( 66%)]  Loss: 0.9356 (1.52)  LR: 9.604e-05  Time cost: 2:33:02/1:19:17 [2:33:02/36:10:12]  Acc_iter 36600       Data time: 0.00(0.00)  Forward time: 0.22(0.25)  Batch time: 0.22(0.25)
2026-08-13 15:57:50,324   INFO  a1e06a0b30c0                Thu Aug 13 15:57:50 2026  580.173.02
[0] NVIDIA GeForce RTX 3070 | 65°C,   3 % |  6552 /  8192 MB | root(5900M)

2026-08-13 15:58:02,882   INFO  Train:    1/10 ( 10%) [36649/55563 ( 66%)]  Loss: 1.239 (1.52)  LR: 9.621e-05  Time cost: 2:33:14/1:19:05 [2:33:15/36:10:05]  Acc_iter 36650       Data time: 0.00(0.00)  Forward time: 0.24(0.25)  Batch time: 0.24(0.25)
2026-08-13 15:58:15,620   INFO  Train:    1/10 ( 10%) [36699/55563 ( 66%)]  Loss: 1.113 (1.52)  LR: 9.637e-05  Time cost: 2:33:27/1:18:52 [2:33:28/36:09:55]  Acc_iter 36700       Data time: 0.00(0.00)  Forward time: 0.26(0.25)  Batch time: 0.26(0.25)
2026-08-13 15:58:27,915   INFO  Train:    1/10 ( 10%) [36749/55563 ( 66%)]  Loss: 0.9673 (1.52)  LR: 9.653e-05  Time cost: 2:33:40/1:18:40 [2:33:40/36:09:39]  Acc_iter 36750       Data time: 0.00(0.00)  Forward time: 0.22(0.25)  Batch time: 0.23(0.25)
2026-08-13 15:58:28,365   INFO  a1e06a0b30c0                Thu Aug 13 15:58:28 2026  580.173.02
[0] NVIDIA GeForce RTX 3070 | 65°C,   5 % |  6534 /  8192 MB | root(5900M)

2026-08-13 15:58:40,743   INFO  Train:    1/10 ( 10%) [36799/55563 ( 66%)]  Loss: 1.133 (1.52)  LR: 9.670e-05  Time cost: 2:33:52/1:18:27 [2:33:53/36:09:30]  Acc_iter 36800       Data time: 0.00(0.00)  Forward time: 0.24(0.25)  Batch time: 0.24(0.25)
2026-08-13 15:58:53,180   INFO  Train:    1/10 ( 10%) [36849/55563 ( 66%)]  Loss: 1.563 (1.52)  LR: 9.686e-05  Time cost: 2:34:05/1:18:15 [2:34:06/36:09:16]  Acc_iter 36850       Data time: 0.00(0.00)  Forward time: 0.27(0.25)  Batch time: 0.27(0.25)
2026-08-13 15:59:05,893   INFO  Train:    1/10 ( 10%) [36899/55563 ( 66%)]  Loss: 1.248 (1.52)  LR: 9.703e-05  Time cost: 2:34:18/1:18:02 [2:34:18/36:09:06]  Acc_iter 36900       Data time: 0.00(0.00)  Forward time: 0.22(0.25)  Batch time: 0.22(0.25)
2026-08-13 15:59:06,285   INFO  a1e06a0b30c0                Thu Aug 13 15:59:06 2026  580.173.02
[0] NVIDIA GeForce RTX 3070 | 65°C,   1 % |  6534 /  8192 MB | root(5900M)

2026-08-13 15:59:18,454   INFO  Train:    1/10 ( 10%) [36949/55563 ( 66%)]  Loss: 1.565 (1.52)  LR: 9.719e-05  Time cost: 2:34:30/1:17:50 [2:34:31/36:08:54]  Acc_iter 36950       Data time: 0.00(0.00)  Forward time: 0.24(0.25)  Batch time: 0.24(0.25)
2026-08-13 15:59:30,691   INFO  Train:    1/10 ( 10%) [36999/55563 ( 67%)]  Loss: 1.176 (1.52)  LR: 9.736e-05  Time cost: 2:34:42/1:17:37 [2:34:43/36:08:37]  Acc_iter 37000       Data time: 0.00(0.00)  Forward time: 0.24(0.25)  Batch time: 0.24(0.25)
2026-08-13 15:59:42,710   INFO  Train:    1/10 ( 10%) [37049/55563 ( 67%)]  Loss: 0.8300 (1.52)  LR: 9.752e-05  Time cost: 2:34:54/1:17:24 [2:34:55/36:08:17]  Acc_iter 37050       Data time: 0.00(0.00)  Forward time: 0.27(0.25)  Batch time: 0.27(0.25)
2026-08-13 15:59:43,168   INFO  a1e06a0b30c0                Thu Aug 13 15:59:43 2026  580.173.02
[0] NVIDIA GeForce RTX 3070 | 71°C,  66 % |  6534 /  8192 MB | root(5900M)

2026-08-13 15:59:48,227   INFO  Save latest model to /OpenPCDet/output/OpenPCDet/tools/cfgs/models/S/F/S_F_N/default/ckpt/latest_model
2026-08-13 15:59:55,772   INFO  Train:    1/10 ( 10%) [37099/55563 ( 67%)]  Loss: 2.250 (1.52)  LR: 9.769e-05  Time cost: 2:35:07/1:17:12 [2:35:08/36:08:12]  Acc_iter 37100       Data time: 0.00(0.00)  Forward time: 0.25(0.25)  Batch time: 0.26(0.25)
2026-08-13 16:00:08,270   INFO  Train:    1/10 ( 10%) [37149/55563 ( 67%)]  Loss: 1.349 (1.52)  LR: 9.785e-05  Time cost: 2:35:20/1:16:59 [2:35:21/36:07:59]  Acc_iter 37150       Data time: 0.00(0.00)  Forward time: 0.25(0.25)  Batch time: 0.25(0.25)
2026-08-13 16:00:20,408   INFO  Train:    1/10 ( 10%) [37199/55563 ( 67%)]  Loss: 1.049 (1.52)  LR: 9.802e-05  Time cost: 2:35:32/1:16:47 [2:35:33/36:07:40]  Acc_iter 37200       Data time: 0.00(0.00)  Forward time: 0.23(0.25)  Batch time: 0.23(0.25)
2026-08-13 16:00:20,779   INFO  a1e06a0b30c0                Thu Aug 13 16:00:20 2026  580.173.02
[0] NVIDIA GeForce RTX 3070 | 72°C,  99 % |  6291 /  8192 MB | root(5900M)

2026-08-13 16:00:33,088   INFO  Train:    1/10 ( 10%) [37249/55563 ( 67%)]  Loss: 2.015 (1.52)  LR: 9.819e-05  Time cost: 2:35:45/1:16:34 [2:35:46/36:07:30]  Acc_iter 37250       Data time: 0.00(0.00)  Forward time: 0.27(0.25)  Batch time: 0.27(0.25)
2026-08-13 16:00:45,176   INFO  Train:    1/10 ( 10%) [37299/55563 ( 67%)]  Loss: 1.212 (1.52)  LR: 9.835e-05  Time cost: 2:35:57/1:16:21 [2:35:58/36:07:11]  Acc_iter 37300       Data time: 0.00(0.00)  Forward time: 0.23(0.25)  Batch time: 0.24(0.25)
2026-08-13 16:00:57,488   INFO  Train:    1/10 ( 10%) [37349/55563 ( 67%)]  Loss: 0.7957 (1.52)  LR: 9.852e-05  Time cost: 2:36:09/1:16:09 [2:36:10/36:06:55]  Acc_iter 37350       Data time: 0.00(0.00)  Forward time: 0.22(0.25)  Batch time: 0.22(0.25)
2026-08-13 16:00:57,879   INFO  a1e06a0b30c0                Thu Aug 13 16:00:57 2026  580.173.02
[0] NVIDIA GeForce RTX 3070 | 66°C,  86 % |  6291 /  8192 MB | root(5900M)

2026-08-13 16:01:09,956   INFO  Train:    1/10 ( 10%) [37399/55563 ( 67%)]  Loss: 1.515 (1.52)  LR: 9.868e-05  Time cost: 2:36:22/1:15:56 [2:36:23/36:06:42]  Acc_iter 37400       Data time: 0.00(0.00)  Forward time: 0.25(0.25)  Batch time: 0.25(0.25)
2026-08-13 16:01:22,022   INFO  Train:    1/10 ( 10%) [37449/55563 ( 67%)]  Loss: 1.078 (1.52)  LR: 9.885e-05  Time cost: 2:36:34/1:15:43 [2:36:35/36:06:22]  Acc_iter 37450       Data time: 0.00(0.00)  Forward time: 0.25(0.25)  Batch time: 0.25(0.25)
2026-08-13 16:01:34,060   INFO  Train:    1/10 ( 10%) [37499/55563 ( 67%)]  Loss: 1.105 (1.52)  LR: 9.902e-05  Time cost: 2:36:46/1:15:31 [2:36:47/36:06:03]  Acc_iter 37500       Data time: 0.00(0.00)  Forward time: 0.21(0.25)  Batch time: 0.21(0.25)
2026-08-13 16:01:34,449   INFO  a1e06a0b30c0                Thu Aug 13 16:01:34 2026  580.173.02
[0] NVIDIA GeForce RTX 3070 | 68°C,  29 % |  6291 /  8192 MB | root(5900M)

2026-08-13 16:01:47,097   INFO  Train:    1/10 ( 10%) [37549/55563 ( 68%)]  Loss: 1.743 (1.52)  LR: 9.918e-05  Time cost: 2:36:59/1:15:18 [2:37:00/36:05:57]  Acc_iter 37550       Data time: 0.00(0.00)  Forward time: 0.27(0.25)  Batch time: 0.27(0.25)
2026-08-13 16:01:59,228   INFO  Train:    1/10 ( 10%) [37599/55563 ( 68%)]  Loss: 1.481 (1.52)  LR: 9.935e-05  Time cost: 2:37:11/1:15:05 [2:37:12/36:05:39]  Acc_iter 37600       Data time: 0.00(0.00)  Forward time: 0.23(0.25)  Batch time: 0.23(0.25)
2026-08-13 16:02:11,285   INFO  Train:    1/10 ( 10%) [37649/55563 ( 68%)]  Loss: 1.220 (1.52)  LR: 9.952e-05  Time cost: 2:37:23/1:14:53 [2:37:24/36:05:20]  Acc_iter 37650       Data time: 0.00(0.00)  Forward time: 0.25(0.25)  Batch time: 0.25(0.25)
2026-08-13 16:02:11,668   INFO  a1e06a0b30c0                Thu Aug 13 16:02:11 2026  580.173.02
[0] NVIDIA GeForce RTX 3070 | 71°C,  74 % |  6291 /  8192 MB | root(5900M)

2026-08-13 16:02:23,809   INFO  Train:    1/10 ( 10%) [37699/55563 ( 68%)]  Loss: 1.007 (1.52)  LR: 9.968e-05  Time cost: 2:37:35/1:14:40 [2:37:36/36:05:07]  Acc_iter 37700       Data time: 0.00(0.00)  Forward time: 0.24(0.25)  Batch time: 0.24(0.25)
2026-08-13 16:02:36,236   INFO  Train:    1/10 ( 10%) [37749/55563 ( 68%)]  Loss: 0.9245 (1.52)  LR: 9.985e-05  Time cost: 2:37:48/1:14:28 [2:37:49/36:04:53]  Acc_iter 37750       Data time: 0.00(0.00)  Forward time: 0.22(0.25)  Batch time: 0.22(0.25)
2026-08-13 16:02:48,331   INFO  Train:    1/10 ( 10%) [37799/55563 ( 68%)]  Loss: 1.702 (1.52)  LR: 1.000e-04  Time cost: 2:38:00/1:14:15 [2:38:01/36:04:34]  Acc_iter 37800       Data time: 0.00(0.00)  Forward time: 0.24(0.25)  Batch time: 0.24(0.25)
2026-08-13 16:02:48,724   INFO  a1e06a0b30c0                Thu Aug 13 16:02:48 2026  580.173.02
[0] NVIDIA GeForce RTX 3070 | 70°C,  85 % |  6285 /  8192 MB | root(5900M)

2026-08-13 16:03:00,975   INFO  Train:    1/10 ( 10%) [37849/55563 ( 68%)]  Loss: 1.124 (1.52)  LR: 1.002e-04  Time cost: 2:38:13/1:14:02 [2:38:14/36:04:23]  Acc_iter 37850       Data time: 0.00(0.00)  Forward time: 0.24(0.25)  Batch time: 0.24(0.25)
2026-08-13 16:03:12,955   INFO  Train:    1/10 ( 10%) [37899/55563 ( 68%)]  Loss: 1.039 (1.52)  LR: 1.004e-04  Time cost: 2:38:25/1:13:50 [2:38:26/36:04:03]  Acc_iter 37900       Data time: 0.00(0.00)  Forward time: 0.22(0.25)  Batch time: 0.22(0.25)
2026-08-13 16:03:24,862   INFO  Train:    1/10 ( 10%) [37949/55563 ( 68%)]  Loss: 0.9766 (1.52)  LR: 1.005e-04  Time cost: 2:38:36/1:13:37 [2:38:37/36:03:42]  Acc_iter 37950       Data time: 0.00(0.00)  Forward time: 0.25(0.25)  Batch time: 0.25(0.25)
2026-08-13 16:03:25,290   INFO  a1e06a0b30c0                Thu Aug 13 16:03:25 2026  580.173.02
[0] NVIDIA GeForce RTX 3070 | 71°C,  95 % |  6291 /  8192 MB | root(5900M)

2026-08-13 16:03:37,643   INFO  Train:    1/10 ( 10%) [37999/55563 ( 68%)]  Loss: 0.9663 (1.52)  LR: 1.007e-04  Time cost: 2:38:49/1:13:24 [2:38:50/36:03:33]  Acc_iter 38000       Data time: 0.00(0.00)  Forward time: 0.25(0.25)  Batch time: 0.25(0.25)
2026-08-13 16:03:49,660   INFO  Train:    1/10 ( 10%) [38049/55563 ( 68%)]  Loss: 1.472 (1.52)  LR: 1.009e-04  Time cost: 2:39:01/1:13:11 [2:39:02/36:03:13]  Acc_iter 38050       Data time: 0.00(0.00)  Forward time: 0.21(0.25)  Batch time: 0.21(0.25)
2026-08-13 16:04:01,439   INFO  Train:    1/10 ( 10%) [38099/55563 ( 69%)]  Loss: 0.8182 (1.52)  LR: 1.010e-04  Time cost: 2:39:13/1:12:59 [2:39:14/36:02:50]  Acc_iter 38100       Data time: 0.00(0.00)  Forward time: 0.22(0.25)  Batch time: 0.22(0.25)
2026-08-13 16:04:01,820   INFO  a1e06a0b30c0                Thu Aug 13 16:04:01 2026  580.173.02
[0] NVIDIA GeForce RTX 3070 | 64°C,  84 % |  6291 /  8192 MB | root(5900M)

2026-08-13 16:04:14,063   INFO  Train:    1/10 ( 10%) [38149/55563 ( 69%)]  Loss: 0.9962 (1.51)  LR: 1.012e-04  Time cost: 2:39:26/1:12:46 [2:39:27/36:02:39]  Acc_iter 38150       Data time: 0.00(0.00)  Forward time: 0.25(0.25)  Batch time: 0.25(0.25)
2026-08-13 16:04:26,437   INFO  Train:    1/10 ( 10%) [38199/55563 ( 69%)]  Loss: 1.692 (1.51)  LR: 1.014e-04  Time cost: 2:39:38/1:12:33 [2:39:39/36:02:24]  Acc_iter 38200       Data time: 0.00(0.00)  Forward time: 0.24(0.25)  Batch time: 0.24(0.25)
2026-08-13 16:04:38,572   INFO  Train:    1/10 ( 10%) [38249/55563 ( 69%)]  Loss: 1.457 (1.51)  LR: 1.015e-04  Time cost: 2:39:50/1:12:21 [2:39:51/36:02:06]  Acc_iter 38250       Data time: 0.00(0.00)  Forward time: 0.25(0.25)  Batch time: 0.25(0.25)
2026-08-13 16:04:38,956   INFO  a1e06a0b30c0                Thu Aug 13 16:04:38 2026  580.173.02
[0] NVIDIA GeForce RTX 3070 | 71°C,  80 % |  6291 /  8192 MB | root(5900M)

2026-08-13 16:04:48,083   INFO  Save latest model to /OpenPCDet/output/OpenPCDet/tools/cfgs/models/S/F/S_F_N/default/ckpt/latest_model
2026-08-13 16:04:51,200   INFO  Train:    1/10 ( 10%) [38299/55563 ( 69%)]  Loss: 1.892 (1.51)  LR: 1.017e-04  Time cost: 2:40:03/1:12:08 [2:40:04/36:01:55]  Acc_iter 38300       Data time: 0.00(0.00)  Forward time: 0.27(0.25)  Batch time: 0.27(0.25)
2026-08-13 16:05:03,169   INFO  Train:    1/10 ( 10%) [38349/55563 ( 69%)]  Loss: 1.451 (1.51)  LR: 1.019e-04  Time cost: 2:40:15/1:11:55 [2:40:16/36:01:34]  Acc_iter 38350       Data time: 0.00(0.00)  Forward time: 0.23(0.25)  Batch time: 0.23(0.25)
2026-08-13 16:05:15,393   INFO  Train:    1/10 ( 10%) [38399/55563 ( 69%)]  Loss: 1.132 (1.51)  LR: 1.020e-04  Time cost: 2:40:27/1:11:43 [2:40:28/36:01:18]  Acc_iter 38400       Data time: 0.00(0.00)  Forward time: 0.23(0.25)  Batch time: 0.23(0.25)
2026-08-13 16:05:15,870   INFO  a1e06a0b30c0                Thu Aug 13 16:05:15 2026  580.173.02
[0] NVIDIA GeForce RTX 3070 | 64°C,  96 % |  6291 /  8192 MB | root(5900M)

2026-08-13 16:05:28,052   INFO  Train:    1/10 ( 10%) [38449/55563 ( 69%)]  Loss: 0.9185 (1.51)  LR: 1.022e-04  Time cost: 2:40:40/1:11:30 [2:40:41/36:01:07]  Acc_iter 38450       Data time: 0.00(0.00)  Forward time: 0.26(0.25)  Batch time: 0.27(0.25)
2026-08-13 16:05:40,103   INFO  Train:    1/10 ( 10%) [38499/55563 ( 69%)]  Loss: 1.401 (1.51)  LR: 1.024e-04  Time cost: 2:40:52/1:11:18 [2:40:53/36:00:48]  Acc_iter 38500       Data time: 0.00(0.00)  Forward time: 0.25(0.25)  Batch time: 0.25(0.25)
2026-08-13 16:05:52,212   INFO  Train:    1/10 ( 10%) [38549/55563 ( 69%)]  Loss: 2.110 (1.51)  LR: 1.025e-04  Time cost: 2:41:04/1:11:05 [2:41:05/36:00:30]  Acc_iter 38550       Data time: 0.00(0.00)  Forward time: 0.27(0.25)  Batch time: 0.28(0.25)
2026-08-13 16:05:52,630   INFO  a1e06a0b30c0                Thu Aug 13 16:05:52 2026  580.173.02
[0] NVIDIA GeForce RTX 3070 | 71°C,  93 % |  6291 /  8192 MB | root(5900M)

2026-08-13 16:06:04,638   INFO  Train:    1/10 ( 10%) [38599/55563 ( 69%)]  Loss: 3.139 (1.51)  LR: 1.027e-04  Time cost: 2:41:16/1:10:52 [2:41:17/36:00:16]  Acc_iter 38600       Data time: 0.00(0.00)  Forward time: 0.26(0.25)  Batch time: 0.27(0.25)
2026-08-13 16:06:16,774   INFO  Train:    1/10 ( 10%) [38649/55563 ( 70%)]  Loss: 1.970 (1.51)  LR: 1.029e-04  Time cost: 2:41:28/1:10:40 [2:41:29/35:59:58]  Acc_iter 38650       Data time: 0.00(0.00)  Forward time: 0.25(0.25)  Batch time: 0.25(0.25)
2026-08-13 16:06:28,373   INFO  Train:    1/10 ( 10%) [38699/55563 ( 70%)]  Loss: 0.7886 (1.51)  LR: 1.030e-04  Time cost: 2:41:40/1:10:27 [2:41:41/35:59:33]  Acc_iter 38700       Data time: 0.00(0.00)  Forward time: 0.25(0.25)  Batch time: 0.25(0.25)
2026-08-13 16:06:28,756   INFO  a1e06a0b30c0                Thu Aug 13 16:06:28 2026  580.173.02
[0] NVIDIA GeForce RTX 3070 | 70°C,  84 % |  6291 /  8192 MB | root(5900M)

2026-08-13 16:06:40,416   INFO  Train:    1/10 ( 10%) [38749/55563 ( 70%)]  Loss: 1.033 (1.51)  LR: 1.032e-04  Time cost: 2:41:52/1:10:14 [2:41:53/35:59:14]  Acc_iter 38750       Data time: 0.00(0.00)  Forward time: 0.23(0.25)  Batch time: 0.23(0.25)
2026-08-13 16:06:52,431   INFO  Train:    1/10 ( 10%) [38799/55563 ( 70%)]  Loss: 1.091 (1.51)  LR: 1.034e-04  Time cost: 2:42:04/1:10:01 [2:42:05/35:58:54]  Acc_iter 38800       Data time: 0.00(0.00)  Forward time: 0.21(0.25)  Batch time: 0.21(0.25)
2026-08-13 16:07:04,708   INFO  Train:    1/10 ( 10%) [38849/55563 ( 70%)]  Loss: 2.415 (1.51)  LR: 1.036e-04  Time cost: 2:42:16/1:09:48 [2:42:17/35:58:38]  Acc_iter 38850       Data time: 0.00(0.00)  Forward time: 0.27(0.25)  Batch time: 0.27(0.25)
2026-08-13 16:07:05,143   INFO  a1e06a0b30c0                Thu Aug 13 16:07:05 2026  580.173.02
[0] NVIDIA GeForce RTX 3070 | 71°C,  93 % |  6291 /  8192 MB | root(5900M)

2026-08-13 16:07:17,374   INFO  Train:    1/10 ( 10%) [38899/55563 ( 70%)]  Loss: 1.718 (1.51)  LR: 1.037e-04  Time cost: 2:42:29/1:09:36 [2:42:30/35:58:28]  Acc_iter 38900       Data time: 0.00(0.00)  Forward time: 0.28(0.25)  Batch time: 0.28(0.25)
2026-08-13 16:07:29,531   INFO  Train:    1/10 ( 10%) [38949/55563 ( 70%)]  Loss: 1.384 (1.51)  LR: 1.039e-04  Time cost: 2:42:41/1:09:23 [2:42:42/35:58:10]  Acc_iter 38950       Data time: 0.00(0.00)  Forward time: 0.23(0.25)  Batch time: 0.23(0.25)
2026-08-13 16:07:41,774   INFO  Train:    1/10 ( 10%) [38999/55563 ( 70%)]  Loss: 0.2660 (1.51)  LR: 1.041e-04  Time cost: 2:42:53/1:09:11 [2:42:54/35:57:54]  Acc_iter 39000       Data time: 0.00(0.00)  Forward time: 0.26(0.25)  Batch time: 0.26(0.25)
2026-08-13 16:07:42,153   INFO  a1e06a0b30c0                Thu Aug 13 16:07:42 2026  580.173.02
[0] NVIDIA GeForce RTX 3070 | 71°C,  78 % |  6284 /  8192 MB | root(5900M)

2026-08-13 16:07:54,277   INFO  Train:    1/10 ( 10%) [39049/55563 ( 70%)]  Loss: 1.532 (1.51)  LR: 1.042e-04  Time cost: 2:43:06/1:08:58 [2:43:07/35:57:41]  Acc_iter 39050       Data time: 0.00(0.00)  Forward time: 0.21(0.25)  Batch time: 0.22(0.25)
2026-08-13 16:08:06,618   INFO  Train:    1/10 ( 10%) [39099/55563 ( 70%)]  Loss: 2.077 (1.51)  LR: 1.044e-04  Time cost: 2:43:18/1:08:45 [2:43:19/35:57:26]  Acc_iter 39100       Data time: 0.00(0.00)  Forward time: 0.27(0.25)  Batch time: 0.27(0.25)
2026-08-13 16:08:18,462   INFO  Train:    1/10 ( 10%) [39149/55563 ( 70%)]  Loss: 0.6880 (1.51)  LR: 1.046e-04  Time cost: 2:43:30/1:08:33 [2:43:31/35:57:04]  Acc_iter 39150       Data time: 0.00(0.00)  Forward time: 0.22(0.25)  Batch time: 0.22(0.25)
2026-08-13 16:08:18,840   INFO  a1e06a0b30c0                Thu Aug 13 16:08:18 2026  580.173.02
[0] NVIDIA GeForce RTX 3070 | 65°C,  74 % |  6284 /  8192 MB | root(5900M)

2026-08-13 16:08:31,207   INFO  Train:    1/10 ( 10%) [39199/55563 ( 71%)]  Loss: 1.515 (1.51)  LR: 1.048e-04  Time cost: 2:43:43/1:08:20 [2:43:44/35:56:54]  Acc_iter 39200       Data time: 0.00(0.00)  Forward time: 0.25(0.25)  Batch time: 0.25(0.25)
2026-08-13 16:08:43,380   INFO  Train:    1/10 ( 10%) [39249/55563 ( 71%)]  Loss: 1.253 (1.51)  LR: 1.049e-04  Time cost: 2:43:55/1:08:08 [2:43:56/35:56:37]  Acc_iter 39250       Data time: 0.00(0.00)  Forward time: 0.24(0.25)  Batch time: 0.24(0.25)
2026-08-13 16:08:55,788   INFO  Train:    1/10 ( 10%) [39299/55563 ( 71%)]  Loss: 1.153 (1.51)  LR: 1.051e-04  Time cost: 2:44:07/1:07:55 [2:44:08/35:56:23]  Acc_iter 39300       Data time: 0.00(0.00)  Forward time: 0.24(0.25)  Batch time: 0.24(0.25)
2026-08-13 16:08:56,179   INFO  a1e06a0b30c0                Thu Aug 13 16:08:56 2026  580.173.02
[0] NVIDIA GeForce RTX 3070 | 70°C,  92 % |  6286 /  8192 MB | root(5900M)

2026-08-13 16:09:08,174   INFO  Train:    1/10 ( 10%) [39349/55563 ( 71%)]  Loss: 0.9433 (1.51)  LR: 1.053e-04  Time cost: 2:44:20/1:07:42 [2:44:21/35:56:09]  Acc_iter 39350       Data time: 0.00(0.00)  Forward time: 0.24(0.25)  Batch time: 0.24(0.25)
2026-08-13 16:09:20,568   INFO  Train:    1/10 ( 10%) [39399/55563 ( 71%)]  Loss: 1.303 (1.51)  LR: 1.054e-04  Time cost: 2:44:32/1:07:30 [2:44:33/35:55:54]  Acc_iter 39400       Data time: 0.00(0.00)  Forward time: 0.23(0.25)  Batch time: 0.23(0.25)
2026-08-13 16:09:32,732   INFO  Train:    1/10 ( 10%) [39449/55563 ( 71%)]  Loss: 1.700 (1.51)  LR: 1.056e-04  Time cost: 2:44:44/1:07:17 [2:44:45/35:55:37]  Acc_iter 39450       Data time: 0.00(0.00)  Forward time: 0.27(0.25)  Batch time: 0.27(0.25)
2026-08-13 16:09:33,116   INFO  a1e06a0b30c0                Thu Aug 13 16:09:33 2026  580.173.02
[0] NVIDIA GeForce RTX 3070 | 72°C,  95 % |  6290 /  8192 MB | root(5900M)

2026-08-13 16:09:45,470   INFO  Train:    1/10 ( 10%) [39499/55563 ( 71%)]  Loss: 1.721 (1.51)  LR: 1.058e-04  Time cost: 2:44:57/1:07:05 [2:44:58/35:55:27]  Acc_iter 39500       Data time: 0.00(0.00)  Forward time: 0.23(0.25)  Batch time: 0.23(0.25)
2026-08-13 16:09:48,042   INFO  Save latest model to /OpenPCDet/output/OpenPCDet/tools/cfgs/models/S/F/S_F_N/default/ckpt/latest_model
2026-08-13 16:09:57,728   INFO  Train:    1/10 ( 10%) [39549/55563 ( 71%)]  Loss: 0.7690 (1.51)  LR: 1.059e-04  Time cost: 2:45:09/1:06:52 [2:45:10/35:55:11]  Acc_iter 39550       Data time: 0.00(0.00)  Forward time: 0.27(0.25)  Batch time: 0.27(0.25)
2026-08-13 16:10:09,964   INFO  Train:    1/10 ( 10%) [39599/55563 ( 71%)]  Loss: 1.781 (1.51)  LR: 1.061e-04  Time cost: 2:45:22/1:06:39 [2:45:23/35:54:55]  Acc_iter 39600       Data time: 0.00(0.00)  Forward time: 0.29(0.25)  Batch time: 0.29(0.25)
2026-08-13 16:10:10,347   INFO  a1e06a0b30c0                Thu Aug 13 16:10:10 2026  580.173.02
[0] NVIDIA GeForce RTX 3070 | 65°C,   1 % |  6290 /  8192 MB | root(5900M)

2026-08-13 16:10:22,595   INFO  Train:    1/10 ( 10%) [39649/55563 ( 71%)]  Loss: 0.9810 (1.51)  LR: 1.063e-04  Time cost: 2:45:34/1:06:27 [2:45:35/35:54:44]  Acc_iter 39650       Data time: 0.00(0.00)  Forward time: 0.24(0.25)  Batch time: 0.24(0.25)
2026-08-13 16:10:34,891   INFO  Train:    1/10 ( 10%) [39699/55563 ( 71%)]  Loss: 1.017 (1.51)  LR: 1.065e-04  Time cost: 2:45:47/1:06:14 [2:45:47/35:54:28]  Acc_iter 39700       Data time: 0.00(0.00)  Forward time: 0.26(0.25)  Batch time: 0.26(0.25)
2026-08-13 16:10:46,949   INFO  Train:    1/10 ( 10%) [39749/55563 ( 72%)]  Loss: 0.7646 (1.51)  LR: 1.066e-04  Time cost: 2:45:59/1:06:02 [2:46:00/35:54:10]  Acc_iter 39750       Data time: 0.00(0.00)  Forward time: 0.20(0.25)  Batch time: 0.20(0.25)
2026-08-13 16:10:47,331   INFO  a1e06a0b30c0                Thu Aug 13 16:10:47 2026  580.173.02
[0] NVIDIA GeForce RTX 3070 | 65°C,   1 % |  6290 /  8192 MB | root(5900M)

2026-08-13 16:10:59,522   INFO  Train:    1/10 ( 10%) [39799/55563 ( 72%)]  Loss: 1.449 (1.51)  LR: 1.068e-04  Time cost: 2:46:11/1:05:49 [2:46:12/35:53:58]  Acc_iter 39800       Data time: 0.00(0.00)  Forward time: 0.26(0.25)  Batch time: 0.27(0.25)
2026-08-13 16:11:11,516   INFO  Train:    1/10 ( 10%) [39849/55563 ( 72%)]  Loss: 2.499 (1.51)  LR: 1.070e-04  Time cost: 2:46:23/1:05:36 [2:46:24/35:53:38]  Acc_iter 39850       Data time: 0.00(0.00)  Forward time: 0.25(0.25)  Batch time: 0.25(0.25)
2026-08-13 16:11:23,650   INFO  Train:    1/10 ( 10%) [39899/55563 ( 72%)]  Loss: 1.285 (1.51)  LR: 1.072e-04  Time cost: 2:46:35/1:05:24 [2:46:36/35:53:21]  Acc_iter 39900       Data time: 0.00(0.00)  Forward time: 0.25(0.25)  Batch time: 0.25(0.25)
2026-08-13 16:11:24,068   INFO  a1e06a0b30c0                Thu Aug 13 16:11:24 2026  580.173.02
[0] NVIDIA GeForce RTX 3070 | 72°C, 100 % |  6512 /  8192 MB | root(6122M)

2026-08-13 16:11:36,390   INFO  Train:    1/10 ( 10%) [39949/55563 ( 72%)]  Loss: 1.094 (1.51)  LR: 1.073e-04  Time cost: 2:46:48/1:05:11 [2:46:49/35:53:11]  Acc_iter 39950       Data time: 0.00(0.00)  Forward time: 0.25(0.25)  Batch time: 0.25(0.25)
2026-08-13 16:11:48,555   INFO  Train:    1/10 ( 10%) [39999/55563 ( 72%)]  Loss: 1.418 (1.51)  LR: 1.075e-04  Time cost: 2:47:00/1:04:59 [2:47:01/35:52:54]  Acc_iter 40000       Data time: 0.00(0.00)  Forward time: 0.27(0.25)  Batch time: 0.27(0.25)
2026-08-13 16:12:00,628   INFO  Train:    1/10 ( 10%) [40049/55563 ( 72%)]  Loss: 1.587 (1.50)  LR: 1.077e-04  Time cost: 2:47:12/1:04:46 [2:47:13/35:52:35]  Acc_iter 40050       Data time: 0.00(0.00)  Forward time: 0.25(0.25)  Batch time: 0.25(0.25)
2026-08-13 16:12:01,009   INFO  a1e06a0b30c0                Thu Aug 13 16:12:00 2026  580.173.02
[0] NVIDIA GeForce RTX 3070 | 72°C,  99 % |  6517 /  8192 MB | root(6122M)

2026-08-13 16:12:13,160   INFO  Train:    1/10 ( 10%) [40099/55563 ( 72%)]  Loss: 1.073 (1.50)  LR: 1.078e-04  Time cost: 2:47:25/1:04:33 [2:47:26/35:52:23]  Acc_iter 40100       Data time: 0.00(0.00)  Forward time: 0.24(0.25)  Batch time: 0.25(0.25)
2026-08-13 16:12:25,388   INFO  Train:    1/10 ( 10%) [40149/55563 ( 72%)]  Loss: 0.9858 (1.50)  LR: 1.080e-04  Time cost: 2:47:37/1:04:21 [2:47:38/35:52:07]  Acc_iter 40150       Data time: 0.00(0.00)  Forward time: 0.25(0.25)  Batch time: 0.25(0.25)
2026-08-13 16:12:37,786   INFO  Train:    1/10 ( 10%) [40199/55563 ( 72%)]  Loss: 1.542 (1.50)  LR: 1.082e-04  Time cost: 2:47:49/1:04:08 [2:47:50/35:51:52]  Acc_iter 40200       Data time: 0.00(0.00)  Forward time: 0.27(0.25)  Batch time: 0.27(0.25)
2026-08-13 16:12:38,173   INFO  a1e06a0b30c0                Thu Aug 13 16:12:38 2026  580.173.02
[0] NVIDIA GeForce RTX 3070 | 70°C,  70 % |  6508 /  8192 MB | root(6122M)

2026-08-13 16:12:50,198   INFO  Train:    1/10 ( 10%) [40249/55563 ( 72%)]  Loss: 0.7133 (1.50)  LR: 1.084e-04  Time cost: 2:48:02/1:03:56 [2:48:03/35:51:38]  Acc_iter 40250       Data time: 0.00(0.00)  Forward time: 0.26(0.25)  Batch time: 0.26(0.25)
2026-08-13 16:13:02,374   INFO  Train:    1/10 ( 10%) [40299/55563 ( 73%)]  Loss: 1.328 (1.50)  LR: 1.085e-04  Time cost: 2:48:14/1:03:43 [2:48:15/35:51:21]  Acc_iter 40300       Data time: 0.00(0.00)  Forward time: 0.25(0.25)  Batch time: 0.25(0.25)
2026-08-13 16:13:14,401   INFO  Train:    1/10 ( 10%) [40349/55563 ( 73%)]  Loss: 1.801 (1.50)  LR: 1.087e-04  Time cost: 2:48:26/1:03:30 [2:48:27/35:51:03]  Acc_iter 40350       Data time: 0.00(0.00)  Forward time: 0.22(0.25)  Batch time: 0.22(0.25)
2026-08-13 16:13:14,792   INFO  a1e06a0b30c0                Thu Aug 13 16:13:14 2026  580.173.02
[0] NVIDIA GeForce RTX 3070 | 70°C,  79 % |  6508 /  8192 MB | root(6122M)

2026-08-13 16:13:27,127   INFO  Train:    1/10 ( 10%) [40399/55563 ( 73%)]  Loss: 0.9791 (1.50)  LR: 1.089e-04  Time cost: 2:48:39/1:03:18 [2:48:40/35:50:53]  Acc_iter 40400       Data time: 0.00(0.00)  Forward time: 0.22(0.25)  Batch time: 0.23(0.25)
2026-08-13 16:13:39,385   INFO  Train:    1/10 ( 10%) [40449/55563 ( 73%)]  Loss: 0.6854 (1.50)  LR: 1.091e-04  Time cost: 2:48:51/1:03:05 [2:48:52/35:50:37]  Acc_iter 40450       Data time: 0.00(0.00)  Forward time: 0.22(0.25)  Batch time: 0.22(0.25)
2026-08-13 16:13:51,593   INFO  Train:    1/10 ( 10%) [40499/55563 ( 73%)]  Loss: 0.9475 (1.50)  LR: 1.092e-04  Time cost: 2:49:03/1:02:52 [2:49:04/35:50:20]  Acc_iter 40500       Data time: 0.00(0.00)  Forward time: 0.25(0.25)  Batch time: 0.26(0.25)
2026-08-13 16:13:51,981   INFO  a1e06a0b30c0                Thu Aug 13 16:13:51 2026  580.173.02
[0] NVIDIA GeForce RTX 3070 | 70°C,  82 % |  6508 /  8192 MB | root(6122M)

2026-08-13 16:14:04,203   INFO  Train:    1/10 ( 10%) [40549/55563 ( 73%)]  Loss: 1.577 (1.50)  LR: 1.094e-04  Time cost: 2:49:16/1:02:40 [2:49:17/35:50:09]  Acc_iter 40550       Data time: 0.00(0.00)  Forward time: 0.24(0.25)  Batch time: 0.24(0.25)
2026-08-13 16:14:16,725   INFO  Train:    1/10 ( 10%) [40599/55563 ( 73%)]  Loss: 4.995 (1.50)  LR: 1.096e-04  Time cost: 2:49:28/1:02:27 [2:49:29/35:49:56]  Acc_iter 40600       Data time: 0.00(0.00)  Forward time: 0.27(0.25)  Batch time: 0.27(0.25)
2026-08-13 16:14:28,981   INFO  Train:    1/10 ( 10%) [40649/55563 ( 73%)]  Loss: 1.224 (1.50)  LR: 1.098e-04  Time cost: 2:49:41/1:02:15 [2:49:42/35:49:40]  Acc_iter 40650       Data time: 0.00(0.00)  Forward time: 0.22(0.25)  Batch time: 0.22(0.25)
2026-08-13 16:14:29,366   INFO  a1e06a0b30c0                Thu Aug 13 16:14:29 2026  580.173.02
[0] NVIDIA GeForce RTX 3070 | 64°C,   1 % |  6508 /  8192 MB | root(6122M)

2026-08-13 16:14:41,436   INFO  Train:    1/10 ( 10%) [40699/55563 ( 73%)]  Loss: 0.6785 (1.50)  LR: 1.099e-04  Time cost: 2:49:53/1:02:02 [2:49:54/35:49:27]  Acc_iter 40700       Data time: 0.00(0.00)  Forward time: 0.20(0.25)  Batch time: 0.20(0.25)
2026-08-13 16:14:48,227   INFO  Save latest model to /OpenPCDet/output/OpenPCDet/tools/cfgs/models/S/F/S_F_N/default/ckpt/latest_model
2026-08-13 16:14:53,692   INFO  Train:    1/10 ( 10%) [40749/55563 ( 73%)]  Loss: 1.868 (1.50)  LR: 1.101e-04  Time cost: 2:50:05/1:01:50 [2:50:06/35:49:11]  Acc_iter 40750       Data time: 0.00(0.00)  Forward time: 0.25(0.25)  Batch time: 0.25(0.25)
2026-08-13 16:15:06,080   INFO  Train:    1/10 ( 10%) [40799/55563 ( 73%)]  Loss: 0.4585 (1.50)  LR: 1.103e-04  Time cost: 2:50:18/1:01:37 [2:50:19/35:48:57]  Acc_iter 40800       Data time: 0.00(0.00)  Forward time: 0.24(0.25)  Batch time: 0.24(0.25)
2026-08-13 16:15:06,509   INFO  a1e06a0b30c0                Thu Aug 13 16:15:06 2026  580.173.02
[0] NVIDIA GeForce RTX 3070 | 65°C,   6 % |  6512 /  8192 MB | root(6122M)

2026-08-13 16:15:18,872   INFO  Train:    1/10 ( 10%) [40849/55563 ( 74%)]  Loss: 0.7263 (1.50)  LR: 1.104e-04  Time cost: 2:50:30/1:01:25 [2:50:31/35:48:48]  Acc_iter 40850       Data time: 0.00(0.00)  Forward time: 0.20(0.25)  Batch time: 0.20(0.25)
2026-08-13 16:15:30,922   INFO  Train:    1/10 ( 10%) [40899/55563 ( 74%)]  Loss: 0.9274 (1.50)  LR: 1.106e-04  Time cost: 2:50:43/1:01:12 [2:50:43/35:48:29]  Acc_iter 40900       Data time: 0.00(0.00)  Forward time: 0.24(0.25)  Batch time: 0.24(0.25)
2026-08-13 16:15:43,153   INFO  Train:    1/10 ( 10%) [40949/55563 ( 74%)]  Loss: 1.523 (1.50)  LR: 1.108e-04  Time cost: 2:50:55/1:00:59 [2:50:56/35:48:13]  Acc_iter 40950       Data time: 0.00(0.00)  Forward time: 0.22(0.25)  Batch time: 0.22(0.25)
2026-08-13 16:15:43,585   INFO  a1e06a0b30c0                Thu Aug 13 16:15:43 2026  580.173.02
[0] NVIDIA GeForce RTX 3070 | 69°C,  87 % |  6512 /  8192 MB | root(6122M)

2026-08-13 16:15:55,623   INFO  Train:    1/10 ( 10%) [40999/55563 ( 74%)]  Loss: 1.680 (1.50)  LR: 1.110e-04  Time cost: 2:51:07/1:00:47 [2:51:08/35:48:00]  Acc_iter 41000       Data time: 0.00(0.00)  Forward time: 0.23(0.25)  Batch time: 0.24(0.25)
2026-08-13 16:16:08,136   INFO  Train:    1/10 ( 10%) [41049/55563 ( 74%)]  Loss: 1.305 (1.50)  LR: 1.111e-04  Time cost: 2:51:20/1:00:34 [2:51:21/35:47:47]  Acc_iter 41050       Data time: 0.00(0.00)  Forward time: 0.23(0.25)  Batch time: 0.24(0.25)
2026-08-13 16:16:20,272   INFO  Train:    1/10 ( 10%) [41099/55563 ( 74%)]  Loss: 1.556 (1.50)  LR: 1.113e-04  Time cost: 2:51:32/1:00:22 [2:51:33/35:47:30]  Acc_iter 41100       Data time: 0.00(0.00)  Forward time: 0.25(0.25)  Batch time: 0.25(0.25)
2026-08-13 16:16:20,666   INFO  a1e06a0b30c0                Thu Aug 13 16:16:20 2026  580.173.02
[0] NVIDIA GeForce RTX 3070 | 70°C,  89 % |  6512 /  8192 MB | root(6122M)

2026-08-13 16:16:32,629   INFO  Train:    1/10 ( 10%) [41149/55563 ( 74%)]  Loss: 0.4701 (1.50)  LR: 1.115e-04  Time cost: 2:51:44/1:00:09 [2:51:45/35:47:15]  Acc_iter 41150       Data time: 0.00(0.00)  Forward time: 0.20(0.25)  Batch time: 0.20(0.25)
2026-08-13 16:16:44,505   INFO  Train:    1/10 ( 10%) [41199/55563 ( 74%)]  Loss: 1.458 (1.50)  LR: 1.117e-04  Time cost: 2:51:56/59:56 [2:51:57/35:46:55]  Acc_iter 41200       Data time: 0.00(0.00)  Forward time: 0.24(0.25)  Batch time: 0.24(0.25)
2026-08-13 16:16:56,775   INFO  Train:    1/10 ( 10%) [41249/55563 ( 74%)]  Loss: 1.703 (1.50)  LR: 1.118e-04  Time cost: 2:52:08/59:44 [2:52:09/35:46:39]  Acc_iter 41250       Data time: 0.00(0.00)  Forward time: 0.26(0.25)  Batch time: 0.26(0.25)
2026-08-13 16:16:57,218   INFO  a1e06a0b30c0                Thu Aug 13 16:16:57 2026  580.173.02
[0] NVIDIA GeForce RTX 3070 | 70°C,  75 % |  6512 /  8192 MB | root(6122M)

2026-08-13 16:17:09,382   INFO  Train:    1/10 ( 10%) [41299/55563 ( 74%)]  Loss: 1.450 (1.50)  LR: 1.120e-04  Time cost: 2:52:21/59:31 [2:52:22/35:46:28]  Acc_iter 41300       Data time: 0.00(0.00)  Forward time: 0.26(0.25)  Batch time: 0.26(0.25)
2026-08-13 16:17:21,195   INFO  Train:    1/10 ( 10%) [41349/55563 ( 74%)]  Loss: 1.216 (1.50)  LR: 1.122e-04  Time cost: 2:52:33/59:18 [2:52:34/35:46:06]  Acc_iter 41350       Data time: 0.00(0.00)  Forward time: 0.24(0.25)  Batch time: 0.25(0.25)
2026-08-13 16:17:32,871   INFO  Train:    1/10 ( 10%) [41399/55563 ( 75%)]  Loss: 1.435 (1.50)  LR: 1.124e-04  Time cost: 2:52:44/59:06 [2:52:45/35:45:43]  Acc_iter 41400       Data time: 0.00(0.00)  Forward time: 0.27(0.25)  Batch time: 0.27(0.25)
2026-08-13 16:17:33,306   INFO  a1e06a0b30c0                Thu Aug 13 16:17:33 2026  580.173.02
[0] NVIDIA GeForce RTX 3070 | 70°C,  99 % |  6506 /  8192 MB | root(6122M)

2026-08-13 16:17:45,575   INFO  Train:    1/10 ( 10%) [41449/55563 ( 75%)]  Loss: 1.905 (1.50)  LR: 1.126e-04  Time cost: 2:52:57/58:53 [2:52:58/35:45:33]  Acc_iter 41450       Data time: 0.00(0.00)  Forward time: 0.23(0.25)  Batch time: 0.23(0.25)
2026-08-13 16:17:57,899   INFO  Train:    1/10 ( 10%) [41499/55563 ( 75%)]  Loss: 1.263 (1.50)  LR: 1.127e-04  Time cost: 2:53:10/58:41 [2:53:10/35:45:18]  Acc_iter 41500       Data time: 0.00(0.00)  Forward time: 0.23(0.25)  Batch time: 0.23(0.25)
2026-08-13 16:18:09,990   INFO  Train:    1/10 ( 10%) [41549/55563 ( 75%)]  Loss: 0.6004 (1.50)  LR: 1.129e-04  Time cost: 2:53:22/58:28 [2:53:23/35:45:00]  Acc_iter 41550       Data time: 0.00(0.00)  Forward time: 0.22(0.25)  Batch time: 0.23(0.25)
2026-08-13 16:18:10,372   INFO  a1e06a0b30c0                Thu Aug 13 16:18:10 2026  580.173.02
[0] NVIDIA GeForce RTX 3070 | 66°C,   1 % |  6512 /  8192 MB | root(6122M)

2026-08-13 16:18:22,557   INFO  Train:    1/10 ( 10%) [41599/55563 ( 75%)]  Loss: 2.035 (1.50)  LR: 1.131e-04  Time cost: 2:53:34/58:15 [2:53:35/35:44:49]  Acc_iter 41600       Data time: 0.00(0.00)  Forward time: 0.26(0.25)  Batch time: 0.26(0.25)
2026-08-13 16:18:34,853   INFO  Train:    1/10 ( 10%) [41649/55563 ( 75%)]  Loss: 1.144 (1.50)  LR: 1.133e-04  Time cost: 2:53:46/58:03 [2:53:47/35:44:33]  Acc_iter 41650       Data time: 0.00(0.00)  Forward time: 0.25(0.25)  Batch time: 0.25(0.25)
2026-08-13 16:18:47,180   INFO  Train:    1/10 ( 10%) [41699/55563 ( 75%)]  Loss: 0.8335 (1.50)  LR: 1.134e-04  Time cost: 2:53:59/57:50 [2:54:00/35:44:18]  Acc_iter 41700       Data time: 0.00(0.00)  Forward time: 0.20(0.25)  Batch time: 0.20(0.25)
2026-08-13 16:18:47,593   INFO  a1e06a0b30c0                Thu Aug 13 16:18:47 2026  580.173.02
[0] NVIDIA GeForce RTX 3070 | 68°C,  71 % |  6512 /  8192 MB | root(6122M)

2026-08-13 16:18:59,404   INFO  Train:    1/10 ( 10%) [41749/55563 ( 75%)]  Loss: 1.117 (1.50)  LR: 1.136e-04  Time cost: 2:54:11/57:38 [2:54:12/35:44:02]  Acc_iter 41750       Data time: 0.00(0.00)  Forward time: 0.24(0.25)  Batch time: 0.24(0.25)
2026-08-13 16:19:11,340   INFO  Train:    1/10 ( 10%) [41799/55563 ( 75%)]  Loss: 1.046 (1.50)  LR: 1.138e-04  Time cost: 2:54:23/57:25 [2:54:24/35:43:43]  Acc_iter 41800       Data time: 0.00(0.00)  Forward time: 0.24(0.25)  Batch time: 0.25(0.25)
2026-08-13 16:19:23,536   INFO  Train:    1/10 ( 10%) [41849/55563 ( 75%)]  Loss: 1.268 (1.50)  LR: 1.140e-04  Time cost: 2:54:35/57:12 [2:54:36/35:43:26]  Acc_iter 41850       Data time: 0.00(0.00)  Forward time: 0.24(0.25)  Batch time: 0.25(0.25)
2026-08-13 16:19:23,948   INFO  a1e06a0b30c0                Thu Aug 13 16:19:23 2026  580.173.02
[0] NVIDIA GeForce RTX 3070 | 66°C,  94 % |  6512 /  8192 MB | root(6122M)

2026-08-13 16:19:36,154   INFO  Train:    1/10 ( 10%) [41899/55563 ( 75%)]  Loss: 0.9482 (1.50)  LR: 1.141e-04  Time cost: 2:54:48/57:00 [2:54:49/35:43:15]  Acc_iter 41900       Data time: 0.00(0.00)  Forward time: 0.23(0.25)  Batch time: 0.23(0.25)
2026-08-13 16:19:48,156   INFO  Save latest model to /OpenPCDet/output/OpenPCDet/tools/cfgs/models/S/F/S_F_N/default/ckpt/latest_model
2026-08-13 16:19:48,663   INFO  Train:    1/10 ( 10%) [41949/55563 ( 75%)]  Loss: 1.437 (1.50)  LR: 1.143e-04  Time cost: 2:55:00/56:47 [2:55:01/35:43:02]  Acc_iter 41950       Data time: 0.00(0.00)  Forward time: 0.25(0.25)  Batch time: 0.25(0.25)
2026-08-13 16:20:00,308   INFO  Train:    1/10 ( 10%) [41999/55563 ( 76%)]  Loss: 1.153 (1.50)  LR: 1.145e-04  Time cost: 2:55:12/56:35 [2:55:13/35:42:39]  Acc_iter 42000       Data time: 0.00(0.00)  Forward time: 0.22(0.25)  Batch time: 0.22(0.25)
2026-08-13 16:20:00,696   INFO  a1e06a0b30c0                Thu Aug 13 16:20:00 2026  580.173.02
[0] NVIDIA GeForce RTX 3070 | 71°C,  73 % |  6512 /  8192 MB | root(6122M)

2026-08-13 16:20:12,776   INFO  Train:    1/10 ( 10%) [42049/55563 ( 76%)]  Loss: 1.325 (1.50)  LR: 1.147e-04  Time cost: 2:55:24/56:22 [2:55:25/35:42:26]  Acc_iter 42050       Data time: 0.00(0.00)  Forward time: 0.25(0.25)  Batch time: 0.25(0.25)
2026-08-13 16:20:25,187   INFO  Train:    1/10 ( 10%) [42099/55563 ( 76%)]  Loss: 0.9287 (1.50)  LR: 1.148e-04  Time cost: 2:55:37/56:09 [2:55:38/35:42:12]  Acc_iter 42100       Data time: 0.00(0.00)  Forward time: 0.22(0.25)  Batch time: 0.22(0.25)
2026-08-13 16:20:37,640   INFO  Train:    1/10 ( 10%) [42149/55563 ( 76%)]  Loss: 1.968 (1.50)  LR: 1.150e-04  Time cost: 2:55:49/55:57 [2:55:50/35:41:59]  Acc_iter 42150       Data time: 0.00(0.00)  Forward time: 0.25(0.25)  Batch time: 0.25(0.25)
2026-08-13 16:20:38,014   INFO  a1e06a0b30c0                Thu Aug 13 16:20:37 2026  580.173.02
[0] NVIDIA GeForce RTX 3070 | 69°C,  95 % |  6512 /  8192 MB | root(6122M)

2026-08-13 16:20:49,963   INFO  Train:    1/10 ( 10%) [42199/55563 ( 76%)]  Loss: 2.922 (1.50)  LR: 1.152e-04  Time cost: 2:56:02/55:44 [2:56:03/35:41:44]  Acc_iter 42200       Data time: 0.00(0.00)  Forward time: 0.22(0.25)  Batch time: 0.22(0.25)
2026-08-13 16:21:02,231   INFO  Train:    1/10 ( 10%) [42249/55563 ( 76%)]  Loss: 1.662 (1.50)  LR: 1.154e-04  Time cost: 2:56:14/55:32 [2:56:15/35:41:29]  Acc_iter 42250       Data time: 0.00(0.00)  Forward time: 0.25(0.25)  Batch time: 0.26(0.25)
2026-08-13 16:21:14,254   INFO  Train:    1/10 ( 10%) [42299/55563 ( 76%)]  Loss: 1.170 (1.49)  LR: 1.156e-04  Time cost: 2:56:26/55:19 [2:56:27/35:41:10]  Acc_iter 42300       Data time: 0.00(0.00)  Forward time: 0.26(0.25)  Batch time: 0.26(0.25)
2026-08-13 16:21:14,655   INFO  a1e06a0b30c0                Thu Aug 13 16:21:14 2026  580.173.02
[0] NVIDIA GeForce RTX 3070 | 72°C,  91 % |  6512 /  8192 MB | root(6122M)

2026-08-13 16:21:27,038   INFO  Train:    1/10 ( 10%) [42349/55563 ( 76%)]  Loss: 1.562 (1.49)  LR: 1.157e-04  Time cost: 2:56:39/55:07 [2:56:40/35:41:01]  Acc_iter 42350       Data time: 0.00(0.00)  Forward time: 0.24(0.25)  Batch time: 0.25(0.25)
2026-08-13 16:21:39,031   INFO  Train:    1/10 ( 10%) [42399/55563 ( 76%)]  Loss: 1.429 (1.49)  LR: 1.159e-04  Time cost: 2:56:51/54:54 [2:56:52/35:40:42]  Acc_iter 42400       Data time: 0.00(0.00)  Forward time: 0.21(0.25)  Batch time: 0.21(0.25)
2026-08-13 16:21:51,174   INFO  Train:    1/10 ( 10%) [42449/55563 ( 76%)]  Loss: 1.112 (1.49)  LR: 1.161e-04  Time cost: 2:57:03/54:41 [2:57:04/35:40:25]  Acc_iter 42450       Data time: 0.00(0.00)  Forward time: 0.25(0.25)  Batch time: 0.25(0.25)
2026-08-13 16:21:51,589   INFO  a1e06a0b30c0                Thu Aug 13 16:21:51 2026  580.173.02
[0] NVIDIA GeForce RTX 3070 | 74°C, 100 % |  6512 /  8192 MB | root(6122M)

2026-08-13 16:22:03,596   INFO  Train:    1/10 ( 10%) [42499/55563 ( 76%)]  Loss: 0.6406 (1.49)  LR: 1.163e-04  Time cost: 2:57:15/54:29 [2:57:16/35:40:12]  Acc_iter 42500       Data time: 0.00(0.00)  Forward time: 0.24(0.25)  Batch time: 0.25(0.25)
2026-08-13 16:22:15,840   INFO  Train:    1/10 ( 10%) [42549/55563 ( 77%)]  Loss: 1.722 (1.49)  LR: 1.164e-04  Time cost: 2:57:27/54:16 [2:57:28/35:39:56]  Acc_iter 42550       Data time: 0.00(0.00)  Forward time: 0.26(0.25)  Batch time: 0.26(0.25)
2026-08-13 16:22:28,348   INFO  Train:    1/10 ( 10%) [42599/55563 ( 77%)]  Loss: 1.248 (1.49)  LR: 1.166e-04  Time cost: 2:57:40/54:04 [2:57:41/35:39:43]  Acc_iter 42600       Data time: 0.00(0.00)  Forward time: 0.24(0.25)  Batch time: 0.24(0.25)
2026-08-13 16:22:28,731   INFO  a1e06a0b30c0                Thu Aug 13 16:22:28 2026  580.173.02
[0] NVIDIA GeForce RTX 3070 | 71°C,  86 % |  6506 /  8192 MB | root(6122M)

2026-08-13 16:22:41,025   INFO  Train:    1/10 ( 10%) [42649/55563 ( 77%)]  Loss: 0.9736 (1.49)  LR: 1.168e-04  Time cost: 2:57:53/53:51 [2:57:54/35:39:33]  Acc_iter 42650       Data time: 0.00(0.00)  Forward time: 0.23(0.25)  Batch time: 0.23(0.25)
2026-08-13 16:22:53,071   INFO  Train:    1/10 ( 10%) [42699/55563 ( 77%)]  Loss: 1.537 (1.49)  LR: 1.170e-04  Time cost: 2:58:05/53:39 [2:58:06/35:39:15]  Acc_iter 42700       Data time: 0.00(0.00)  Forward time: 0.27(0.25)  Batch time: 0.27(0.25)
2026-08-13 16:23:05,281   INFO  Train:    1/10 ( 10%) [42749/55563 ( 77%)]  Loss: 1.332 (1.49)  LR: 1.172e-04  Time cost: 2:58:17/53:26 [2:58:18/35:38:58]  Acc_iter 42750       Data time: 0.00(0.00)  Forward time: 0.24(0.25)  Batch time: 0.24(0.25)
2026-08-13 16:23:05,651   INFO  a1e06a0b30c0                Thu Aug 13 16:23:05 2026  580.173.02
[0] NVIDIA GeForce RTX 3070 | 73°C,  95 % |  6506 /  8192 MB | root(6122M)

2026-08-13 16:23:17,909   INFO  Train:    1/10 ( 10%) [42799/55563 ( 77%)]  Loss: 1.201 (1.49)  LR: 1.173e-04  Time cost: 2:58:30/53:13 [2:58:30/35:38:47]  Acc_iter 42800       Data time: 0.00(0.00)  Forward time: 0.28(0.25)  Batch time: 0.28(0.25)
2026-08-13 16:23:30,248   INFO  Train:    1/10 ( 10%) [42849/55563 ( 77%)]  Loss: 0.8909 (1.49)  LR: 1.175e-04  Time cost: 2:58:42/53:01 [2:58:43/35:38:33]  Acc_iter 42850       Data time: 0.00(0.00)  Forward time: 0.25(0.25)  Batch time: 0.25(0.25)
2026-08-13 16:23:42,207   INFO  Train:    1/10 ( 10%) [42899/55563 ( 77%)]  Loss: 1.367 (1.49)  LR: 1.177e-04  Time cost: 2:58:54/52:48 [2:58:55/35:38:14]  Acc_iter 42900       Data time: 0.00(0.00)  Forward time: 0.22(0.25)  Batch time: 0.22(0.25)
2026-08-13 16:23:42,586   INFO  a1e06a0b30c0                Thu Aug 13 16:23:42 2026  580.173.02
[0] NVIDIA GeForce RTX 3070 | 72°C,  92 % |  6506 /  8192 MB | root(6122M)

2026-08-13 16:23:54,886   INFO  Train:    1/10 ( 10%) [42949/55563 ( 77%)]  Loss: 1.547 (1.49)  LR: 1.179e-04  Time cost: 2:59:06/52:36 [2:59:07/35:38:03]  Acc_iter 42950       Data time: 0.00(0.00)  Forward time: 0.25(0.25)  Batch time: 0.25(0.25)
2026-08-13 16:24:07,257   INFO  Train:    1/10 ( 10%) [42999/55563 ( 77%)]  Loss: 0.7029 (1.49)  LR: 1.181e-04  Time cost: 2:59:19/52:23 [2:59:20/35:37:49]  Acc_iter 43000       Data time: 0.00(0.00)  Forward time: 0.26(0.25)  Batch time: 0.26(0.25)
2026-08-13 16:24:19,459   INFO  Train:    1/10 ( 10%) [43049/55563 ( 77%)]  Loss: 0.9640 (1.49)  LR: 1.182e-04  Time cost: 2:59:31/52:11 [2:59:32/35:37:33]  Acc_iter 43050       Data time: 0.00(0.00)  Forward time: 0.21(0.25)  Batch time: 0.21(0.25)
2026-08-13 16:24:19,860   INFO  a1e06a0b30c0                Thu Aug 13 16:24:19 2026  580.173.02
[0] NVIDIA GeForce RTX 3070 | 72°C,  96 % |  6512 /  8192 MB | root(6122M)

2026-08-13 16:24:31,844   INFO  Train:    1/10 ( 10%) [43099/55563 ( 78%)]  Loss: 1.550 (1.49)  LR: 1.184e-04  Time cost: 2:59:43/51:58 [2:59:44/35:37:19]  Acc_iter 43100       Data time: 0.00(0.00)  Forward time: 0.24(0.25)  Batch time: 0.24(0.25)
2026-08-13 16:24:43,861   INFO  Train:    1/10 ( 10%) [43149/55563 ( 78%)]  Loss: 0.9760 (1.49)  LR: 1.186e-04  Time cost: 2:59:55/51:45 [2:59:56/35:37:00]  Acc_iter 43150       Data time: 0.00(0.00)  Forward time: 0.26(0.25)  Batch time: 0.26(0.25)
2026-08-13 16:24:48,087   INFO  Save latest model to /OpenPCDet/output/OpenPCDet/tools/cfgs/models/S/F/S_F_N/default/ckpt/latest_model
2026-08-13 16:24:56,115   INFO  Train:    1/10 ( 10%) [43199/55563 ( 78%)]  Loss: 0.8292 (1.49)  LR: 1.188e-04  Time cost: 3:00:08/51:33 [3:00:09/35:36:45]  Acc_iter 43200       Data time: 0.00(0.00)  Forward time: 0.25(0.25)  Batch time: 0.25(0.25)
2026-08-13 16:24:56,520   INFO  a1e06a0b30c0                Thu Aug 13 16:24:56 2026  580.173.02
[0] NVIDIA GeForce RTX 3070 | 66°C,  22 % |  6512 /  8192 MB | root(6122M)

2026-08-13 16:25:08,842   INFO  Train:    1/10 ( 10%) [43249/55563 ( 78%)]  Loss: 0.7295 (1.49)  LR: 1.189e-04  Time cost: 3:00:20/51:20 [3:00:21/35:36:35]  Acc_iter 43250       Data time: 0.00(0.00)  Forward time: 0.28(0.25)  Batch time: 0.28(0.25)
2026-08-13 16:25:20,571   INFO  Train:    1/10 ( 10%) [43299/55563 ( 78%)]  Loss: 0.3140 (1.49)  LR: 1.191e-04  Time cost: 3:00:32/51:08 [3:00:33/35:36:13]  Acc_iter 43300       Data time: 0.00(0.00)  Forward time: 0.23(0.25)  Batch time: 0.23(0.25)
2026-08-13 16:25:32,447   INFO  Train:    1/10 ( 10%) [43349/55563 ( 78%)]  Loss: 1.067 (1.49)  LR: 1.193e-04  Time cost: 3:00:44/50:55 [3:00:45/35:35:53]  Acc_iter 43350       Data time: 0.00(0.00)  Forward time: 0.21(0.25)  Batch time: 0.21(0.25)
2026-08-13 16:25:32,821   INFO  a1e06a0b30c0                Thu Aug 13 16:25:32 2026  580.173.02
[0] NVIDIA GeForce RTX 3070 | 70°C,  96 % |  6512 /  8192 MB | root(6122M)

2026-08-13 16:25:45,087   INFO  Train:    1/10 ( 10%) [43399/55563 ( 78%)]  Loss: 1.256 (1.49)  LR: 1.195e-04  Time cost: 3:00:57/50:43 [3:00:58/35:35:42]  Acc_iter 43400       Data time: 0.00(0.00)  Forward time: 0.22(0.25)  Batch time: 0.22(0.25)
2026-08-13 16:25:57,664   INFO  Train:    1/10 ( 10%) [43449/55563 ( 78%)]  Loss: 1.228 (1.49)  LR: 1.197e-04  Time cost: 3:01:09/50:30 [3:01:10/35:35:31]  Acc_iter 43450       Data time: 0.00(0.00)  Forward time: 0.27(0.25)  Batch time: 0.27(0.25)
2026-08-13 16:26:09,617   INFO  Train:    1/10 ( 10%) [43499/55563 ( 78%)]  Loss: 1.769 (1.49)  LR: 1.198e-04  Time cost: 3:01:21/50:17 [3:01:22/35:35:11]  Acc_iter 43500       Data time: 0.00(0.00)  Forward time: 0.22(0.25)  Batch time: 0.22(0.25)
2026-08-13 16:26:09,988   INFO  a1e06a0b30c0                Thu Aug 13 16:26:09 2026  580.173.02
[0] NVIDIA GeForce RTX 3070 | 67°C, 100 % |  6512 /  8192 MB | root(6122M)

2026-08-13 16:26:22,199   INFO  Train:    1/10 ( 10%) [43549/55563 ( 78%)]  Loss: 2.168 (1.49)  LR: 1.200e-04  Time cost: 3:01:34/50:05 [3:01:35/35:35:00]  Acc_iter 43550       Data time: 0.00(0.00)  Forward time: 0.27(0.25)  Batch time: 0.27(0.25)
2026-08-13 16:26:34,468   INFO  Train:    1/10 ( 10%) [43599/55563 ( 78%)]  Loss: 1.378 (1.49)  LR: 1.202e-04  Time cost: 3:01:46/49:52 [3:01:47/35:34:45]  Acc_iter 43600       Data time: 0.00(0.00)  Forward time: 0.25(0.25)  Batch time: 0.25(0.25)
2026-08-13 16:26:46,782   INFO  Train:    1/10 ( 10%) [43649/55563 ( 79%)]  Loss: 0.7956 (1.49)  LR: 1.204e-04  Time cost: 3:01:58/49:40 [3:01:59/35:34:30]  Acc_iter 43650       Data time: 0.00(0.00)  Forward time: 0.27(0.25)  Batch time: 0.28(0.25)
2026-08-13 16:26:47,315   INFO  a1e06a0b30c0                Thu Aug 13 16:26:47 2026  580.173.02
[0] NVIDIA GeForce RTX 3070 | 68°C,  71 % |  6512 /  8192 MB | root(6122M)

2026-08-13 16:26:59,498   INFO  Train:    1/10 ( 10%) [43699/55563 ( 79%)]  Loss: 1.681 (1.49)  LR: 1.206e-04  Time cost: 3:02:11/49:27 [3:02:12/35:34:20]  Acc_iter 43700       Data time: 0.00(0.00)  Forward time: 0.24(0.25)  Batch time: 0.24(0.25)
2026-08-13 16:27:11,578   INFO  Train:    1/10 ( 10%) [43749/55563 ( 79%)]  Loss: 0.7883 (1.49)  LR: 1.207e-04  Time cost: 3:02:23/49:15 [3:02:24/35:34:02]  Acc_iter 43750       Data time: 0.00(0.00)  Forward time: 0.27(0.25)  Batch time: 0.27(0.25)
2026-08-13 16:27:23,688   INFO  Train:    1/10 ( 10%) [43799/55563 ( 79%)]  Loss: 1.728 (1.49)  LR: 1.209e-04  Time cost: 3:02:35/49:02 [3:02:36/35:33:45]  Acc_iter 43800       Data time: 0.00(0.00)  Forward time: 0.26(0.25)  Batch time: 0.26(0.25)
2026-08-13 16:27:24,058   INFO  a1e06a0b30c0                Thu Aug 13 16:27:24 2026  580.173.02
[0] NVIDIA GeForce RTX 3070 | 71°C,  63 % |  6506 /  8192 MB | root(6122M)

2026-08-13 16:27:36,214   INFO  Train:    1/10 ( 10%) [43849/55563 ( 79%)]  Loss: 1.090 (1.49)  LR: 1.211e-04  Time cost: 3:02:48/48:50 [3:02:49/35:33:33]  Acc_iter 43850       Data time: 0.00(0.00)  Forward time: 0.24(0.25)  Batch time: 0.24(0.25)
2026-08-13 16:27:48,866   INFO  Train:    1/10 ( 10%) [43899/55563 ( 79%)]  Loss: 3.084 (1.49)  LR: 1.213e-04  Time cost: 3:03:00/48:37 [3:03:01/35:33:22]  Acc_iter 43900       Data time: 0.00(0.00)  Forward time: 0.26(0.25)  Batch time: 0.27(0.25)
2026-08-13 16:28:00,859   INFO  Train:    1/10 ( 10%) [43949/55563 ( 79%)]  Loss: 1.281 (1.49)  LR: 1.215e-04  Time cost: 3:03:12/48:24 [3:03:13/35:33:03]  Acc_iter 43950       Data time: 0.00(0.00)  Forward time: 0.24(0.25)  Batch time: 0.25(0.25)
2026-08-13 16:28:01,231   INFO  a1e06a0b30c0                Thu Aug 13 16:28:01 2026  580.173.02
[0] NVIDIA GeForce RTX 3070 | 70°C,  84 % |  6506 /  8192 MB | root(6122M)

2026-08-13 16:28:13,439   INFO  Train:    1/10 ( 10%) [43999/55563 ( 79%)]  Loss: 0.8652 (1.49)  LR: 1.216e-04  Time cost: 3:03:25/48:12 [3:03:26/35:32:52]  Acc_iter 44000       Data time: 0.00(0.00)  Forward time: 0.22(0.25)  Batch time: 0.23(0.25)
2026-08-13 16:28:25,419   INFO  Train:    1/10 ( 10%) [44049/55563 ( 79%)]  Loss: 1.726 (1.49)  LR: 1.218e-04  Time cost: 3:03:37/47:59 [3:03:38/35:32:33]  Acc_iter 44050       Data time: 0.00(0.00)  Forward time: 0.24(0.25)  Batch time: 0.24(0.25)
2026-08-13 16:28:37,400   INFO  Train:    1/10 ( 10%) [44099/55563 ( 79%)]  Loss: 1.340 (1.49)  LR: 1.220e-04  Time cost: 3:03:49/47:47 [3:03:50/35:32:15]  Acc_iter 44100       Data time: 0.00(0.00)  Forward time: 0.24(0.25)  Batch time: 0.25(0.25)
2026-08-13 16:28:37,898   INFO  a1e06a0b30c0                Thu Aug 13 16:28:37 2026  580.173.02
[0] NVIDIA GeForce RTX 3070 | 63°C,  60 % |  6506 /  8192 MB | root(6122M)

2026-08-13 16:28:50,505   INFO  Train:    1/10 ( 10%) [44149/55563 ( 79%)]  Loss: 1.203 (1.49)  LR: 1.222e-04  Time cost: 3:04:02/47:34 [3:04:03/35:32:09]  Acc_iter 44150       Data time: 0.00(0.00)  Forward time: 0.22(0.25)  Batch time: 0.22(0.25)
2026-08-13 16:29:02,623   INFO  Train:    1/10 ( 10%) [44199/55563 ( 80%)]  Loss: 2.468 (1.49)  LR: 1.224e-04  Time cost: 3:04:14/47:22 [3:04:15/35:31:52]  Acc_iter 44200       Data time: 0.00(0.00)  Forward time: 0.26(0.25)  Batch time: 0.26(0.25)
2026-08-13 16:29:15,006   INFO  Train:    1/10 ( 10%) [44249/55563 ( 80%)]  Loss: 1.591 (1.49)  LR: 1.226e-04  Time cost: 3:04:27/47:09 [3:04:28/35:31:38]  Acc_iter 44250       Data time: 0.00(0.00)  Forward time: 0.25(0.25)  Batch time: 0.26(0.25)
2026-08-13 16:29:15,426   INFO  a1e06a0b30c0                Thu Aug 13 16:29:15 2026  580.173.02
[0] NVIDIA GeForce RTX 3070 | 64°C,   1 % |  6506 /  8192 MB | root(6122M)

2026-08-13 16:29:27,787   INFO  Train:    1/10 ( 10%) [44299/55563 ( 80%)]  Loss: 0.9108 (1.49)  LR: 1.227e-04  Time cost: 3:04:39/46:57 [3:04:40/35:31:29]  Acc_iter 44300       Data time: 0.00(0.00)  Forward time: 0.25(0.25)  Batch time: 0.25(0.25)
2026-08-13 16:29:39,884   INFO  Train:    1/10 ( 10%) [44349/55563 ( 80%)]  Loss: 1.960 (1.49)  LR: 1.229e-04  Time cost: 3:04:51/46:44 [3:04:52/35:31:12]  Acc_iter 44350       Data time: 0.00(0.00)  Forward time: 0.28(0.25)  Batch time: 0.28(0.25)
2026-08-13 16:29:48,136   INFO  Save latest model to /OpenPCDet/output/OpenPCDet/tools/cfgs/models/S/F/S_F_N/default/ckpt/latest_model
2026-08-13 16:29:51,922   INFO  Train:    1/10 ( 10%) [44399/55563 ( 80%)]  Loss: 1.122 (1.49)  LR: 1.231e-04  Time cost: 3:05:04/46:32 [3:05:04/35:30:54]  Acc_iter 44400       Data time: 0.00(0.00)  Forward time: 0.21(0.25)  Batch time: 0.21(0.25)
2026-08-13 16:29:52,287   INFO  a1e06a0b30c0                Thu Aug 13 16:29:52 2026  580.173.02
[0] NVIDIA GeForce RTX 3070 | 72°C,  79 % |  6506 /  8192 MB | root(6122M)

2026-08-13 16:30:04,467   INFO  Train:    1/10 ( 10%) [44449/55563 ( 80%)]  Loss: 0.7865 (1.48)  LR: 1.233e-04  Time cost: 3:05:16/46:19 [3:05:17/35:30:42]  Acc_iter 44450       Data time: 0.00(0.00)  Forward time: 0.22(0.25)  Batch time: 0.22(0.25)
2026-08-13 16:30:16,706   INFO  Train:    1/10 ( 10%) [44499/55563 ( 80%)]  Loss: 0.4271 (1.48)  LR: 1.235e-04  Time cost: 3:05:28/46:06 [3:05:29/35:30:26]  Acc_iter 44500       Data time: 0.00(0.00)  Forward time: 0.20(0.25)  Batch time: 0.21(0.25)
2026-08-13 16:30:28,857   INFO  Train:    1/10 ( 10%) [44549/55563 ( 80%)]  Loss: 0.8365 (1.48)  LR: 1.236e-04  Time cost: 3:05:40/45:54 [3:05:41/35:30:10]  Acc_iter 44550       Data time: 0.00(0.00)  Forward time: 0.21(0.25)  Batch time: 0.21(0.25)
2026-08-13 16:30:29,294   INFO  a1e06a0b30c0                Thu Aug 13 16:30:29 2026  580.173.02
[0] NVIDIA GeForce RTX 3070 | 70°C,  93 % |  6512 /  8192 MB | root(6122M)

2026-08-13 16:30:41,544   INFO  Train:    1/10 ( 10%) [44599/55563 ( 80%)]  Loss: 1.222 (1.48)  LR: 1.238e-04  Time cost: 3:05:53/45:41 [3:05:54/35:29:59]  Acc_iter 44600       Data time: 0.00(0.00)  Forward time: 0.21(0.25)  Batch time: 0.21(0.25)
2026-08-13 16:30:53,449   INFO  Train:    1/10 ( 10%) [44649/55563 ( 80%)]  Loss: 0.7338 (1.48)  LR: 1.240e-04  Time cost: 3:06:05/45:29 [3:06:06/35:29:40]  Acc_iter 44650       Data time: 0.00(0.00)  Forward time: 0.21(0.25)  Batch time: 0.21(0.25)
2026-08-13 16:31:05,665   INFO  Train:    1/10 ( 10%) [44699/55563 ( 80%)]  Loss: 2.028 (1.48)  LR: 1.242e-04  Time cost: 3:06:17/45:16 [3:06:18/35:29:24]  Acc_iter 44700       Data time: 0.00(0.00)  Forward time: 0.21(0.25)  Batch time: 0.21(0.25)
2026-08-13 16:31:06,086   INFO  a1e06a0b30c0                Thu Aug 13 16:31:06 2026  580.173.02
[0] NVIDIA GeForce RTX 3070 | 70°C,  73 % |  6512 /  8192 MB | root(6122M)

2026-08-13 16:31:18,295   INFO  Train:    1/10 ( 10%) [44749/55563 ( 81%)]  Loss: 1.166 (1.48)  LR: 1.244e-04  Time cost: 3:06:30/45:04 [3:06:31/35:29:13]  Acc_iter 44750       Data time: 0.00(0.00)  Forward time: 0.26(0.25)  Batch time: 0.26(0.25)
2026-08-13 16:31:30,766   INFO  Train:    1/10 ( 10%) [44799/55563 ( 81%)]  Loss: 1.636 (1.48)  LR: 1.246e-04  Time cost: 3:06:42/44:51 [3:06:43/35:29:00]  Acc_iter 44800       Data time: 0.00(0.00)  Forward time: 0.28(0.25)  Batch time: 0.28(0.25)
2026-08-13 16:31:42,574   INFO  Train:    1/10 ( 10%) [44849/55563 ( 81%)]  Loss: 1.153 (1.48)  LR: 1.247e-04  Time cost: 3:06:54/44:39 [3:06:55/35:28:40]  Acc_iter 44850       Data time: 0.00(0.00)  Forward time: 0.26(0.25)  Batch time: 0.26(0.25)
2026-08-13 16:31:43,006   INFO  a1e06a0b30c0                Thu Aug 13 16:31:42 2026  580.173.02
[0] NVIDIA GeForce RTX 3070 | 66°C,  95 % |  6512 /  8192 MB | root(6122M)

2026-08-13 16:31:55,008   INFO  Train:    1/10 ( 10%) [44899/55563 ( 81%)]  Loss: 1.182 (1.48)  LR: 1.249e-04  Time cost: 3:07:07/44:26 [3:07:08/35:28:26]  Acc_iter 44900       Data time: 0.00(0.00)  Forward time: 0.22(0.25)  Batch time: 0.23(0.25)
2026-08-13 16:32:07,102   INFO  Train:    1/10 ( 10%) [44949/55563 ( 81%)]  Loss: 0.6485 (1.48)  LR: 1.251e-04  Time cost: 3:07:19/44:13 [3:07:20/35:28:09]  Acc_iter 44950       Data time: 0.00(0.00)  Forward time: 0.20(0.25)  Batch time: 0.20(0.25)
2026-08-13 16:32:19,410   INFO  Train:    1/10 ( 10%) [44999/55563 ( 81%)]  Loss: 1.003 (1.48)  LR: 1.253e-04  Time cost: 3:07:31/44:01 [3:07:32/35:27:55]  Acc_iter 45000       Data time: 0.00(0.00)  Forward time: 0.24(0.25)  Batch time: 0.24(0.25)
2026-08-13 16:32:19,848   INFO  a1e06a0b30c0                Thu Aug 13 16:32:19 2026  580.173.02
[0] NVIDIA GeForce RTX 3070 | 70°C,  62 % |  6506 /  8192 MB | root(6122M)

2026-08-13 16:32:32,120   INFO  Train:    1/10 ( 10%) [45049/55563 ( 81%)]  Loss: 1.204 (1.48)  LR: 1.255e-04  Time cost: 3:07:44/43:48 [3:07:45/35:27:44]  Acc_iter 45050       Data time: 0.00(0.00)  Forward time: 0.21(0.25)  Batch time: 0.21(0.25)
2026-08-13 16:32:44,017   INFO  Train:    1/10 ( 10%) [45099/55563 ( 81%)]  Loss: 1.578 (1.48)  LR: 1.256e-04  Time cost: 3:07:56/43:36 [3:07:57/35:27:25]  Acc_iter 45100       Data time: 0.00(0.00)  Forward time: 0.26(0.25)  Batch time: 0.26(0.25)
2026-08-13 16:32:55,900   INFO  Train:    1/10 ( 10%) [45149/55563 ( 81%)]  Loss: 2.176 (1.48)  LR: 1.258e-04  Time cost: 3:08:08/43:23 [3:08:08/35:27:06]  Acc_iter 45150       Data time: 0.00(0.00)  Forward time: 0.26(0.25)  Batch time: 0.26(0.25)
2026-08-13 16:32:56,309   INFO  a1e06a0b30c0                Thu Aug 13 16:32:56 2026  580.173.02
[0] NVIDIA GeForce RTX 3070 | 71°C,  61 % |  6506 /  8192 MB | root(6122M)

2026-08-13 16:33:08,699   INFO  Train:    1/10 ( 10%) [45199/55563 ( 81%)]  Loss: 1.061 (1.48)  LR: 1.260e-04  Time cost: 3:08:20/43:11 [3:08:21/35:26:56]  Acc_iter 45200       Data time: 0.00(0.00)  Forward time: 0.25(0.25)  Batch time: 0.26(0.25)
2026-08-13 16:33:21,146   INFO  Train:    1/10 ( 10%) [45249/55563 ( 81%)]  Loss: 1.214 (1.48)  LR: 1.262e-04  Time cost: 3:08:33/42:58 [3:08:34/35:26:43]  Acc_iter 45250       Data time: 0.00(0.00)  Forward time: 0.25(0.25)  Batch time: 0.25(0.25)
2026-08-13 16:33:33,185   INFO  Train:    1/10 ( 10%) [45299/55563 ( 82%)]  Loss: 1.021 (1.48)  LR: 1.264e-04  Time cost: 3:08:45/42:46 [3:08:46/35:26:26]  Acc_iter 45300       Data time: 0.00(0.00)  Forward time: 0.23(0.25)  Batch time: 0.23(0.25)
2026-08-13 16:33:33,557   INFO  a1e06a0b30c0                Thu Aug 13 16:33:33 2026  580.173.02
[0] NVIDIA GeForce RTX 3070 | 69°C,  56 % |  6512 /  8192 MB | root(6122M)

2026-08-13 16:33:45,610   INFO  Train:    1/10 ( 10%) [45349/55563 ( 82%)]  Loss: 1.598 (1.48)  LR: 1.266e-04  Time cost: 3:08:57/42:33 [3:08:58/35:26:12]  Acc_iter 45350       Data time: 0.00(0.00)  Forward time: 0.21(0.25)  Batch time: 0.21(0.25)
2026-08-13 16:33:57,692   INFO  Train:    1/10 ( 10%) [45399/55563 ( 82%)]  Loss: 0.8980 (1.48)  LR: 1.267e-04  Time cost: 3:09:09/42:20 [3:09:10/35:25:55]  Acc_iter 45400       Data time: 0.00(0.00)  Forward time: 0.23(0.25)  Batch time: 0.23(0.25)
2026-08-13 16:34:09,843   INFO  Train:    1/10 ( 10%) [45449/55563 ( 82%)]  Loss: 1.096 (1.48)  LR: 1.269e-04  Time cost: 3:09:21/42:08 [3:09:22/35:25:39]  Acc_iter 45450       Data time: 0.00(0.00)  Forward time: 0.23(0.25)  Batch time: 0.23(0.25)
2026-08-13 16:34:10,281   INFO  a1e06a0b30c0                Thu Aug 13 16:34:10 2026  580.173.02
[0] NVIDIA GeForce RTX 3070 | 71°C,  68 % |  6512 /  8192 MB | root(6122M)

2026-08-13 16:34:22,838   INFO  Train:    1/10 ( 10%) [45499/55563 ( 82%)]  Loss: 1.031 (1.48)  LR: 1.271e-04  Time cost: 3:09:34/41:55 [3:09:35/35:25:32]  Acc_iter 45500       Data time: 0.00(0.00)  Forward time: 0.22(0.25)  Batch time: 0.22(0.25)
2026-08-13 16:34:34,957   INFO  Train:    1/10 ( 10%) [45549/55563 ( 82%)]  Loss: 1.451 (1.48)  LR: 1.273e-04  Time cost: 3:09:47/41:43 [3:09:48/35:25:15]  Acc_iter 45550       Data time: 0.00(0.00)  Forward time: 0.24(0.25)  Batch time: 0.24(0.25)
2026-08-13 16:34:47,028   INFO  Train:    1/10 ( 10%) [45599/55563 ( 82%)]  Loss: 0.9270 (1.48)  LR: 1.275e-04  Time cost: 3:09:59/41:30 [3:10:00/35:24:58]  Acc_iter 45600       Data time: 0.00(0.00)  Forward time: 0.23(0.25)  Batch time: 0.24(0.25)
2026-08-13 16:34:47,435   INFO  a1e06a0b30c0                Thu Aug 13 16:34:47 2026  580.173.02
[0] NVIDIA GeForce RTX 3070 | 66°C,   1 % |  6512 /  8192 MB | root(6122M)

2026-08-13 16:34:48,034   INFO  Save latest model to /OpenPCDet/output/OpenPCDet/tools/cfgs/models/S/F/S_F_N/default/ckpt/latest_model
2026-08-13 16:34:59,760   INFO  Train:    1/10 ( 10%) [45649/55563 ( 82%)]  Loss: 1.539 (1.48)  LR: 1.277e-04  Time cost: 3:10:11/41:18 [3:10:12/35:24:48]  Acc_iter 45650       Data time: 0.00(0.00)  Forward time: 0.26(0.25)  Batch time: 0.26(0.25)
2026-08-13 16:35:12,067   INFO  Train:    1/10 ( 10%) [45699/55563 ( 82%)]  Loss: 0.9115 (1.48)  LR: 1.278e-04  Time cost: 3:10:24/41:05 [3:10:25/35:24:33]  Acc_iter 45700       Data time: 0.00(0.00)  Forward time: 0.21(0.25)  Batch time: 0.21(0.25)
2026-08-13 16:35:23,991   INFO  Train:    1/10 ( 10%) [45749/55563 ( 82%)]  Loss: 0.7146 (1.48)  LR: 1.280e-04  Time cost: 3:10:36/40:53 [3:10:37/35:24:14]  Acc_iter 45750       Data time: 0.00(0.00)  Forward time: 0.24(0.25)  Batch time: 0.24(0.25)
2026-08-13 16:35:24,359   INFO  a1e06a0b30c0                Thu Aug 13 16:35:24 2026  580.173.02
[0] NVIDIA GeForce RTX 3070 | 71°C,  85 % |  6512 /  8192 MB | root(6122M)

2026-08-13 16:35:36,369   INFO  Train:    1/10 ( 10%) [45799/55563 ( 82%)]  Loss: 0.8493 (1.48)  LR: 1.282e-04  Time cost: 3:10:48/40:40 [3:10:49/35:24:00]  Acc_iter 45800       Data time: 0.00(0.00)  Forward time: 0.24(0.25)  Batch time: 0.24(0.25)
2026-08-13 16:35:48,586   INFO  Train:    1/10 ( 10%) [45849/55563 ( 83%)]  Loss: 1.190 (1.48)  LR: 1.284e-04  Time cost: 3:11:00/40:28 [3:11:01/35:23:45]  Acc_iter 45850       Data time: 0.00(0.00)  Forward time: 0.21(0.25)  Batch time: 0.21(0.25)
2026-08-13 16:36:01,097   INFO  Train:    1/10 ( 10%) [45899/55563 ( 83%)]  Loss: 0.9777 (1.48)  LR: 1.286e-04  Time cost: 3:11:13/40:15 [3:11:14/35:23:32]  Acc_iter 45900       Data time: 0.00(0.00)  Forward time: 0.26(0.25)  Batch time: 0.26(0.25)
2026-08-13 16:36:01,556   INFO  a1e06a0b30c0                Thu Aug 13 16:36:01 2026  580.173.02
[0] NVIDIA GeForce RTX 3070 | 65°C,   1 % |  6512 /  8192 MB | root(6122M)

2026-08-13 16:36:13,863   INFO  Train:    1/10 ( 10%) [45949/55563 ( 83%)]  Loss: 1.152 (1.48)  LR: 1.288e-04  Time cost: 3:11:25/40:03 [3:11:26/35:23:23]  Acc_iter 45950       Data time: 0.00(0.00)  Forward time: 0.24(0.25)  Batch time: 0.24(0.25)
2026-08-13 16:36:25,934   INFO  Train:    1/10 ( 10%) [45999/55563 ( 83%)]  Loss: 1.306 (1.48)  LR: 1.289e-04  Time cost: 3:11:38/39:50 [3:11:38/35:23:06]  Acc_iter 46000       Data time: 0.00(0.00)  Forward time: 0.21(0.25)  Batch time: 0.21(0.25)
2026-08-13 16:36:38,039   INFO  Train:    1/10 ( 10%) [46049/55563 ( 83%)]  Loss: 1.103 (1.48)  LR: 1.291e-04  Time cost: 3:11:50/39:38 [3:11:51/35:22:49]  Acc_iter 46050       Data time: 0.00(0.00)  Forward time: 0.22(0.25)  Batch time: 0.22(0.25)
2026-08-13 16:36:38,438   INFO  a1e06a0b30c0                Thu Aug 13 16:36:38 2026  580.173.02
[0] NVIDIA GeForce RTX 3070 | 63°C,   1 % |  6512 /  8192 MB | root(6122M)

2026-08-13 16:36:50,756   INFO  Train:    1/10 ( 10%) [46099/55563 ( 83%)]  Loss: 2.114 (1.48)  LR: 1.293e-04  Time cost: 3:12:02/39:25 [3:12:03/35:22:39]  Acc_iter 46100       Data time: 0.00(0.00)  Forward time: 0.22(0.25)  Batch time: 0.23(0.25)
2026-08-13 16:37:03,081   INFO  Train:    1/10 ( 10%) [46149/55563 ( 83%)]  Loss: 1.143 (1.48)  LR: 1.295e-04  Time cost: 3:12:15/39:13 [3:12:16/35:22:24]  Acc_iter 46150       Data time: 0.00(0.00)  Forward time: 0.22(0.25)  Batch time: 0.22(0.25)
2026-08-13 16:37:15,168   INFO  Train:    1/10 ( 10%) [46199/55563 ( 83%)]  Loss: 1.153 (1.48)  LR: 1.297e-04  Time cost: 3:12:27/39:00 [3:12:28/35:22:07]  Acc_iter 46200       Data time: 0.00(0.00)  Forward time: 0.25(0.25)  Batch time: 0.25(0.25)
2026-08-13 16:37:15,590   INFO  a1e06a0b30c0                Thu Aug 13 16:37:15 2026  580.173.02
[0] NVIDIA GeForce RTX 3070 | 65°C,  13 % |  6512 /  8192 MB | root(6122M)

2026-08-13 16:37:27,755   INFO  Train:    1/10 ( 10%) [46249/55563 ( 83%)]  Loss: 1.387 (1.48)  LR: 1.299e-04  Time cost: 3:12:39/38:47 [3:12:40/35:21:56]  Acc_iter 46250       Data time: 0.00(0.00)  Forward time: 0.25(0.25)  Batch time: 0.25(0.25)
2026-08-13 16:37:39,683   INFO  Train:    1/10 ( 10%) [46299/55563 ( 83%)]  Loss: 1.282 (1.48)  LR: 1.300e-04  Time cost: 3:12:51/38:35 [3:12:52/35:21:37]  Acc_iter 46300       Data time: 0.00(0.00)  Forward time: 0.25(0.25)  Batch time: 0.25(0.25)
2026-08-13 16:37:52,181   INFO  Train:    1/10 ( 10%) [46349/55563 ( 83%)]  Loss: 1.728 (1.48)  LR: 1.302e-04  Time cost: 3:13:04/38:22 [3:13:05/35:21:25]  Acc_iter 46350       Data time: 0.00(0.00)  Forward time: 0.26(0.25)  Batch time: 0.26(0.25)
2026-08-13 16:37:52,566   INFO  a1e06a0b30c0                Thu Aug 13 16:37:52 2026  580.173.02
[0] NVIDIA GeForce RTX 3070 | 65°C,  36 % |  6506 /  8192 MB | root(6122M)

2026-08-13 16:38:04,688   INFO  Train:    1/10 ( 10%) [46399/55563 ( 84%)]  Loss: 0.5256 (1.48)  LR: 1.304e-04  Time cost: 3:13:16/38:10 [3:13:17/35:21:12]  Acc_iter 46400       Data time: 0.00(0.00)  Forward time: 0.19(0.25)  Batch time: 0.19(0.25)
2026-08-13 16:38:16,584   INFO  Train:    1/10 ( 10%) [46449/55563 ( 84%)]  Loss: 1.136 (1.48)  LR: 1.306e-04  Time cost: 3:13:28/37:57 [3:13:29/35:20:53]  Acc_iter 46450       Data time: 0.00(0.00)  Forward time: 0.26(0.25)  Batch time: 0.26(0.25)
2026-08-13 16:38:28,814   INFO  Train:    1/10 ( 10%) [46499/55563 ( 84%)]  Loss: 1.174 (1.48)  LR: 1.308e-04  Time cost: 3:13:40/37:45 [3:13:41/35:20:38]  Acc_iter 46500       Data time: 0.00(0.00)  Forward time: 0.23(0.25)  Batch time: 0.23(0.25)
2026-08-13 16:38:29,201   INFO  a1e06a0b30c0                Thu Aug 13 16:38:29 2026  580.173.02
[0] NVIDIA GeForce RTX 3070 | 70°C,  89 % |  6506 /  8192 MB | root(6122M)

2026-08-13 16:38:41,526   INFO  Train:    1/10 ( 10%) [46549/55563 ( 84%)]  Loss: 1.105 (1.48)  LR: 1.310e-04  Time cost: 3:13:53/37:32 [3:13:54/35:20:28]  Acc_iter 46550       Data time: 0.00(0.00)  Forward time: 0.26(0.25)  Batch time: 0.26(0.25)
2026-08-13 16:38:53,883   INFO  Train:    1/10 ( 10%) [46599/55563 ( 84%)]  Loss: 1.082 (1.48)  LR: 1.312e-04  Time cost: 3:14:05/37:20 [3:14:06/35:20:14]  Acc_iter 46600       Data time: 0.00(0.00)  Forward time: 0.23(0.25)  Batch time: 0.23(0.25)
2026-08-13 16:39:05,980   INFO  Train:    1/10 ( 10%) [46649/55563 ( 84%)]  Loss: 0.8885 (1.48)  LR: 1.313e-04  Time cost: 3:14:18/37:07 [3:14:19/35:19:57]  Acc_iter 46650       Data time: 0.00(0.00)  Forward time: 0.22(0.25)  Batch time: 0.22(0.25)
2026-08-13 16:39:06,360   INFO  a1e06a0b30c0                Thu Aug 13 16:39:06 2026  580.173.02
[0] NVIDIA GeForce RTX 3070 | 71°C,  97 % |  6517 /  8192 MB | root(6122M)

2026-08-13 16:39:18,818   INFO  Train:    1/10 ( 10%) [46699/55563 ( 84%)]  Loss: 1.381 (1.48)  LR: 1.315e-04  Time cost: 3:14:30/36:55 [3:14:31/35:19:48]  Acc_iter 46700       Data time: 0.00(0.00)  Forward time: 0.26(0.25)  Batch time: 0.26(0.25)
2026-08-13 16:39:30,897   INFO  Train:    1/10 ( 10%) [46749/55563 ( 84%)]  Loss: 1.102 (1.48)  LR: 1.317e-04  Time cost: 3:14:43/36:42 [3:14:43/35:19:31]  Acc_iter 46750       Data time: 0.00(0.00)  Forward time: 0.26(0.25)  Batch time: 0.26(0.25)
2026-08-13 16:39:43,577   INFO  Train:    1/10 ( 10%) [46799/55563 ( 84%)]  Loss: 0.4711 (1.48)  LR: 1.319e-04  Time cost: 3:14:55/36:30 [3:14:56/35:19:20]  Acc_iter 46800       Data time: 0.00(0.00)  Forward time: 0.22(0.25)  Batch time: 0.22(0.25)
2026-08-13 16:39:43,954   INFO  a1e06a0b30c0                Thu Aug 13 16:39:43 2026  580.173.02
[0] NVIDIA GeForce RTX 3070 | 64°C,  77 % |  6512 /  8192 MB | root(6122M)

2026-08-13 16:39:48,197   INFO  Save latest model to /OpenPCDet/output/OpenPCDet/tools/cfgs/models/S/F/S_F_N/default/ckpt/latest_model
2026-08-13 16:39:56,157   INFO  Train:    1/10 ( 10%) [46849/55563 ( 84%)]  Loss: 0.6596 (1.48)  LR: 1.321e-04  Time cost: 3:15:08/36:17 [3:15:09/35:19:09]  Acc_iter 46850       Data time: 0.00(0.00)  Forward time: 0.21(0.25)  Batch time: 0.21(0.25)
2026-08-13 16:40:08,937   INFO  Train:    1/10 ( 10%) [46899/55563 ( 84%)]  Loss: 0.9142 (1.48)  LR: 1.323e-04  Time cost: 3:15:21/36:05 [3:15:21/35:18:59]  Acc_iter 46900       Data time: 0.00(0.00)  Forward time: 0.25(0.25)  Batch time: 0.25(0.25)
2026-08-13 16:40:21,777   INFO  Train:    1/10 ( 10%) [46949/55563 ( 84%)]  Loss: 1.221 (1.48)  LR: 1.324e-04  Time cost: 3:15:33/35:52 [3:15:34/35:18:51]  Acc_iter 46950       Data time: 0.00(0.00)  Forward time: 0.27(0.25)  Batch time: 0.27(0.25)
2026-08-13 16:40:22,243   INFO  a1e06a0b30c0                Thu Aug 13 16:40:22 2026  580.173.02
[0] NVIDIA GeForce RTX 3070 | 71°C,  89 % |  6757 /  8192 MB | root(6122M)

2026-08-13 16:40:35,162   INFO  Train:    1/10 ( 10%) [46999/55563 ( 85%)]  Loss: 0.8148 (1.47)  LR: 1.326e-04  Time cost: 3:15:47/35:40 [3:15:48/35:18:48]  Acc_iter 47000       Data time: 0.00(0.00)  Forward time: 0.25(0.25)  Batch time: 0.25(0.25)
2026-08-13 16:40:47,904   INFO  Train:    1/10 ( 10%) [47049/55563 ( 85%)]  Loss: 1.130 (1.47)  LR: 1.328e-04  Time cost: 3:16:00/35:28 [3:16:00/35:18:38]  Acc_iter 47050       Data time: 0.00(0.00)  Forward time: 0.26(0.25)  Batch time: 0.26(0.25)
2026-08-13 16:41:00,634   INFO  Train:    1/10 ( 10%) [47099/55563 ( 85%)]  Loss: 1.668 (1.47)  LR: 1.330e-04  Time cost: 3:16:12/35:15 [3:16:13/35:18:28]  Acc_iter 47100       Data time: 0.00(0.00)  Forward time: 0.25(0.25)  Batch time: 0.25(0.25)
2026-08-13 16:41:01,054   INFO  a1e06a0b30c0                Thu Aug 13 16:41:01 2026  580.173.02
[0] NVIDIA GeForce RTX 3070 | 64°C,  94 % |  6756 /  8192 MB | root(6122M)

2026-08-13 16:41:13,538   INFO  Train:    1/10 ( 10%) [47149/55563 ( 85%)]  Loss: 1.643 (1.47)  LR: 1.332e-04  Time cost: 3:16:25/35:03 [3:16:26/35:18:20]  Acc_iter 47150       Data time: 0.00(0.00)  Forward time: 0.26(0.25)  Batch time: 0.27(0.25)
2026-08-13 16:41:26,604   INFO  Train:    1/10 ( 10%) [47199/55563 ( 85%)]  Loss: 0.6798 (1.47)  LR: 1.334e-04  Time cost: 3:16:38/34:50 [3:16:39/35:18:13]  Acc_iter 47200       Data time: 0.00(0.00)  Forward time: 0.23(0.25)  Batch time: 0.23(0.25)
2026-08-13 16:41:39,543   INFO  Train:    1/10 ( 10%) [47249/55563 ( 85%)]  Loss: 1.060 (1.47)  LR: 1.336e-04  Time cost: 3:16:51/34:38 [3:16:52/35:18:06]  Acc_iter 47250       Data time: 0.00(0.00)  Forward time: 0.25(0.25)  Batch time: 0.25(0.25)
2026-08-13 16:41:39,965   INFO  a1e06a0b30c0                Thu Aug 13 16:41:39 2026  580.173.02
[0] NVIDIA GeForce RTX 3070 | 63°C,  99 % |  6755 /  8192 MB | root(6122M)

2026-08-13 16:41:52,635   INFO  Train:    1/10 ( 10%) [47299/55563 ( 85%)]  Loss: 1.376 (1.47)  LR: 1.337e-04  Time cost: 3:17:04/34:25 [3:17:05/35:18:00]  Acc_iter 47300       Data time: 0.00(0.00)  Forward time: 0.26(0.25)  Batch time: 0.26(0.25)
2026-08-13 16:42:05,222   INFO  Train:    1/10 ( 10%) [47349/55563 ( 85%)]  Loss: 1.378 (1.47)  LR: 1.339e-04  Time cost: 3:17:17/34:13 [3:17:18/35:17:48]  Acc_iter 47350       Data time: 0.00(0.00)  Forward time: 0.27(0.25)  Batch time: 0.27(0.25)
2026-08-13 16:42:17,965   INFO  Train:    1/10 ( 10%) [47399/55563 ( 85%)]  Loss: 1.405 (1.47)  LR: 1.341e-04  Time cost: 3:17:30/34:01 [3:17:31/35:17:38]  Acc_iter 47400       Data time: 0.00(0.00)  Forward time: 0.26(0.25)  Batch time: 0.26(0.25)
2026-08-13 16:42:18,368   INFO  a1e06a0b30c0                Thu Aug 13 16:42:18 2026  580.173.02
[0] NVIDIA GeForce RTX 3070 | 69°C,  82 % |  6750 /  8192 MB | root(6122M)

2026-08-13 16:42:31,624   INFO  Train:    1/10 ( 10%) [47449/55563 ( 85%)]  Loss: 1.364 (1.47)  LR: 1.343e-04  Time cost: 3:17:43/33:48 [3:17:44/35:17:38]  Acc_iter 47450       Data time: 0.00(0.00)  Forward time: 0.25(0.25)  Batch time: 0.25(0.25)
2026-08-13 16:42:44,466   INFO  Train:    1/10 ( 10%) [47499/55563 ( 85%)]  Loss: 0.8057 (1.47)  LR: 1.345e-04  Time cost: 3:17:56/33:36 [3:17:57/35:17:29]  Acc_iter 47500       Data time: 0.00(0.00)  Forward time: 0.27(0.25)  Batch time: 0.28(0.25)
2026-08-13 16:42:57,049   INFO  Train:    1/10 ( 10%) [47549/55563 ( 86%)]  Loss: 1.570 (1.47)  LR: 1.347e-04  Time cost: 3:18:09/33:23 [3:18:10/35:17:18]  Acc_iter 47550       Data time: 0.00(0.00)  Forward time: 0.23(0.25)  Batch time: 0.23(0.25)
2026-08-13 16:42:57,481   INFO  a1e06a0b30c0                Thu Aug 13 16:42:57 2026  580.173.02
[0] NVIDIA GeForce RTX 3070 | 64°C,   8 % |  6750 /  8192 MB | root(6122M)

2026-08-13 16:43:10,226   INFO  Train:    1/10 ( 10%) [47599/55563 ( 86%)]  Loss: 1.297 (1.47)  LR: 1.349e-04  Time cost: 3:18:22/33:11 [3:18:23/35:17:12]  Acc_iter 47600       Data time: 0.00(0.00)  Forward time: 0.27(0.25)  Batch time: 0.27(0.25)
2026-08-13 16:43:22,665   INFO  Train:    1/10 ( 10%) [47649/55563 ( 86%)]  Loss: 1.401 (1.47)  LR: 1.350e-04  Time cost: 3:18:34/32:58 [3:18:35/35:16:59]  Acc_iter 47650       Data time: 0.00(0.00)  Forward time: 0.29(0.25)  Batch time: 0.29(0.25)
2026-08-13 16:43:35,954   INFO  Train:    1/10 ( 10%) [47699/55563 ( 86%)]  Loss: 0.9480 (1.47)  LR: 1.352e-04  Time cost: 3:18:48/32:46 [3:18:49/35:16:55]  Acc_iter 47700       Data time: 0.00(0.00)  Forward time: 0.28(0.25)  Batch time: 0.28(0.25)
2026-08-13 16:43:36,369   INFO  a1e06a0b30c0                Thu Aug 13 16:43:36 2026  580.173.02
[0] NVIDIA GeForce RTX 3070 | 70°C,  97 % |  6750 /  8192 MB | root(6122M)

2026-08-13 16:43:48,989   INFO  Train:    1/10 ( 10%) [47749/55563 ( 86%)]  Loss: 1.200 (1.47)  LR: 1.354e-04  Time cost: 3:19:01/32:34 [3:19:02/35:16:48]  Acc_iter 47750       Data time: 0.00(0.00)  Forward time: 0.26(0.25)  Batch time: 0.26(0.25)
2026-08-13 16:44:01,485   INFO  Train:    1/10 ( 10%) [47799/55563 ( 86%)]  Loss: 1.390 (1.47)  LR: 1.356e-04  Time cost: 3:19:13/32:21 [3:19:14/35:16:35]  Acc_iter 47800       Data time: 0.00(0.00)  Forward time: 0.27(0.25)  Batch time: 0.27(0.25)
2026-08-13 16:44:13,949   INFO  Train:    1/10 ( 10%) [47849/55563 ( 86%)]  Loss: 1.213 (1.47)  LR: 1.358e-04  Time cost: 3:19:26/32:09 [3:19:27/35:16:23]  Acc_iter 47850       Data time: 0.00(0.00)  Forward time: 0.22(0.25)  Batch time: 0.22(0.25)
2026-08-13 16:44:14,358   INFO  a1e06a0b30c0                Thu Aug 13 16:44:14 2026  580.173.02
[0] NVIDIA GeForce RTX 3070 | 71°C,  99 % |  6750 /  8192 MB | root(6122M)

2026-08-13 16:44:27,536   INFO  Train:    1/10 ( 10%) [47899/55563 ( 86%)]  Loss: 0.8449 (1.47)  LR: 1.360e-04  Time cost: 3:19:39/31:56 [3:19:40/35:16:22]  Acc_iter 47900       Data time: 0.00(0.00)  Forward time: 0.27(0.25)  Batch time: 0.27(0.25)
2026-08-13 16:44:40,260   INFO  Train:    1/10 ( 10%) [47949/55563 ( 86%)]  Loss: 1.108 (1.47)  LR: 1.362e-04  Time cost: 3:19:52/31:44 [3:19:53/35:16:11]  Acc_iter 47950       Data time: 0.00(0.00)  Forward time: 0.24(0.25)  Batch time: 0.24(0.25)
2026-08-13 16:44:48,238   INFO  Save latest model to /OpenPCDet/output/OpenPCDet/tools/cfgs/models/S/F/S_F_N/default/ckpt/latest_model
2026-08-13 16:44:52,883   INFO  Train:    1/10 ( 10%) [47999/55563 ( 86%)]  Loss: 0.7727 (1.47)  LR: 1.364e-04  Time cost: 3:20:04/31:31 [3:20:05/35:16:00]  Acc_iter 48000       Data time: 0.00(0.00)  Forward time: 0.24(0.25)  Batch time: 0.24(0.25)
2026-08-13 16:44:53,288   INFO  a1e06a0b30c0                Thu Aug 13 16:44:53 2026  580.173.02
[0] NVIDIA GeForce RTX 3070 | 71°C,  83 % |  6750 /  8192 MB | root(6122M)

2026-08-13 16:45:06,291   INFO  Train:    1/10 ( 10%) [48049/55563 ( 86%)]  Loss: 0.9841 (1.47)  LR: 1.365e-04  Time cost: 3:20:18/31:19 [3:20:19/35:15:57]  Acc_iter 48050       Data time: 0.00(0.00)  Forward time: 0.26(0.25)  Batch time: 0.26(0.25)
2026-08-13 16:45:19,039   INFO  Train:    1/10 ( 10%) [48099/55563 ( 87%)]  Loss: 1.328 (1.47)  LR: 1.367e-04  Time cost: 3:20:31/31:06 [3:20:32/35:15:47]  Acc_iter 48100       Data time: 0.00(0.00)  Forward time: 0.25(0.25)  Batch time: 0.26(0.25)
2026-08-13 16:45:32,134   INFO  Train:    1/10 ( 10%) [48149/55563 ( 87%)]  Loss: 0.9339 (1.47)  LR: 1.369e-04  Time cost: 3:20:44/30:54 [3:20:45/35:15:41]  Acc_iter 48150       Data time: 0.00(0.00)  Forward time: 0.23(0.25)  Batch time: 0.23(0.25)
2026-08-13 16:45:32,537   INFO  a1e06a0b30c0                Thu Aug 13 16:45:32 2026  580.173.02
[0] NVIDIA GeForce RTX 3070 | 65°C,   6 % |  6904 /  8192 MB | root(6270M)

2026-08-13 16:45:45,102   INFO  Train:    1/10 ( 10%) [48199/55563 ( 87%)]  Loss: 1.681 (1.47)  LR: 1.371e-04  Time cost: 3:20:57/30:42 [3:20:58/35:15:33]  Acc_iter 48200       Data time: 0.00(0.00)  Forward time: 0.26(0.25)  Batch time: 0.26(0.25)
2026-08-13 16:45:57,701   INFO  Train:    1/10 ( 10%) [48249/55563 ( 87%)]  Loss: 2.032 (1.47)  LR: 1.373e-04  Time cost: 3:21:09/30:29 [3:21:10/35:15:22]  Acc_iter 48250       Data time: 0.00(0.00)  Forward time: 0.28(0.25)  Batch time: 0.29(0.25)
2026-08-13 16:46:10,396   INFO  Train:    1/10 ( 10%) [48299/55563 ( 87%)]  Loss: 0.8747 (1.47)  LR: 1.375e-04  Time cost: 3:21:22/30:17 [3:21:23/35:15:11]  Acc_iter 48300       Data time: 0.00(0.00)  Forward time: 0.24(0.25)  Batch time: 0.24(0.25)
2026-08-13 16:46:10,801   INFO  a1e06a0b30c0                Thu Aug 13 16:46:10 2026  580.173.02
[0] NVIDIA GeForce RTX 3070 | 71°C,  88 % |  6904 /  8192 MB | root(6270M)

2026-08-13 16:46:24,063   INFO  Train:    1/10 ( 10%) [48349/55563 ( 87%)]  Loss: 1.885 (1.47)  LR: 1.377e-04  Time cost: 3:21:36/30:04 [3:21:37/35:15:11]  Acc_iter 48350       Data time: 0.00(0.00)  Forward time: 0.29(0.25)  Batch time: 0.29(0.25)
2026-08-13 16:46:36,837   INFO  Train:    1/10 ( 10%) [48399/55563 ( 87%)]  Loss: 1.161 (1.47)  LR: 1.378e-04  Time cost: 3:21:48/29:52 [3:21:49/35:15:01]  Acc_iter 48400       Data time: 0.00(0.00)  Forward time: 0.22(0.25)  Batch time: 0.22(0.25)
2026-08-13 16:46:49,387   INFO  Train:    1/10 ( 10%) [48449/55563 ( 87%)]  Loss: 1.304 (1.47)  LR: 1.380e-04  Time cost: 3:22:01/29:39 [3:22:02/35:14:49]  Acc_iter 48450       Data time: 0.00(0.00)  Forward time: 0.26(0.25)  Batch time: 0.26(0.25)
2026-08-13 16:46:49,794   INFO  a1e06a0b30c0                Thu Aug 13 16:46:49 2026  580.173.02
[0] NVIDIA GeForce RTX 3070 | 70°C,  88 % |  6904 /  8192 MB | root(6270M)

2026-08-13 16:47:02,321   INFO  Train:    1/10 ( 10%) [48499/55563 ( 87%)]  Loss: 1.199 (1.47)  LR: 1.382e-04  Time cost: 3:22:14/29:27 [3:22:15/35:14:41]  Acc_iter 48500       Data time: 0.00(0.00)  Forward time: 0.23(0.25)  Batch time: 0.23(0.25)
2026-08-13 16:47:14,768   INFO  Train:    1/10 ( 10%) [48549/55563 ( 87%)]  Loss: 0.4706 (1.47)  LR: 1.384e-04  Time cost: 3:22:26/29:14 [3:22:27/35:14:28]  Acc_iter 48550       Data time: 0.00(0.00)  Forward time: 0.22(0.25)  Batch time: 0.22(0.25)
2026-08-13 16:47:27,787   INFO  Train:    1/10 ( 10%) [48599/55563 ( 87%)]  Loss: 1.098 (1.47)  LR: 1.386e-04  Time cost: 3:22:39/29:02 [3:22:40/35:14:21]  Acc_iter 48600       Data time: 0.00(0.00)  Forward time: 0.25(0.25)  Batch time: 0.25(0.25)
2026-08-13 16:47:28,200   INFO  a1e06a0b30c0                Thu Aug 13 16:47:28 2026  580.173.02
[0] NVIDIA GeForce RTX 3070 | 70°C,  96 % |  6896 /  8192 MB | root(6270M)

2026-08-13 16:47:40,970   INFO  Train:    1/10 ( 10%) [48649/55563 ( 88%)]  Loss: 0.8724 (1.47)  LR: 1.388e-04  Time cost: 3:22:53/28:50 [3:22:54/35:14:15]  Acc_iter 48650       Data time: 0.00(0.00)  Forward time: 0.23(0.25)  Batch time: 0.23(0.25)
2026-08-13 16:47:53,568   INFO  Train:    1/10 ( 10%) [48699/55563 ( 88%)]  Loss: 1.387 (1.47)  LR: 1.390e-04  Time cost: 3:23:05/28:37 [3:23:06/35:14:03]  Acc_iter 48700       Data time: 0.00(0.00)  Forward time: 0.27(0.25)  Batch time: 0.28(0.25)
2026-08-13 16:48:06,322   INFO  Train:    1/10 ( 10%) [48749/55563 ( 88%)]  Loss: 0.5524 (1.47)  LR: 1.392e-04  Time cost: 3:23:18/28:25 [3:23:19/35:13:53]  Acc_iter 48750       Data time: 0.00(0.00)  Forward time: 0.23(0.25)  Batch time: 0.23(0.25)
2026-08-13 16:48:06,716   INFO  a1e06a0b30c0                Thu Aug 13 16:48:06 2026  580.173.02
[0] NVIDIA GeForce RTX 3070 | 69°C,  94 % |  6908 /  8192 MB | root(6270M)

2026-08-13 16:48:19,939   INFO  Train:    1/10 ( 10%) [48799/55563 ( 88%)]  Loss: 1.110 (1.47)  LR: 1.393e-04  Time cost: 3:23:32/28:12 [3:23:32/35:13:52]  Acc_iter 48800       Data time: 0.00(0.00)  Forward time: 0.29(0.25)  Batch time: 0.29(0.25)
2026-08-13 16:48:32,766   INFO  Train:    1/10 ( 10%) [48849/55563 ( 88%)]  Loss: 0.9686 (1.47)  LR: 1.395e-04  Time cost: 3:23:44/28:00 [3:23:45/35:13:43]  Acc_iter 48850       Data time: 0.00(0.00)  Forward time: 0.29(0.25)  Batch time: 0.29(0.25)
2026-08-13 16:48:45,638   INFO  Train:    1/10 ( 10%) [48899/55563 ( 88%)]  Loss: 0.6136 (1.47)  LR: 1.397e-04  Time cost: 3:23:57/27:47 [3:23:58/35:13:34]  Acc_iter 48900       Data time: 0.00(0.00)  Forward time: 0.25(0.25)  Batch time: 0.25(0.25)
2026-08-13 16:48:46,029   INFO  a1e06a0b30c0                Thu Aug 13 16:48:46 2026  580.173.02
[0] NVIDIA GeForce RTX 3070 | 65°C,  94 % |  6902 /  8192 MB | root(6270M)

2026-08-13 16:48:58,993   INFO  Train:    1/10 ( 10%) [48949/55563 ( 88%)]  Loss: 1.295 (1.47)  LR: 1.399e-04  Time cost: 3:24:11/27:35 [3:24:12/35:13:31]  Acc_iter 48950       Data time: 0.00(0.00)  Forward time: 0.23(0.25)  Batch time: 0.23(0.25)
2026-08-13 16:49:11,838   INFO  Train:    1/10 ( 10%) [48999/55563 ( 88%)]  Loss: 1.016 (1.47)  LR: 1.401e-04  Time cost: 3:24:23/27:22 [3:24:24/35:13:21]  Acc_iter 49000       Data time: 0.00(0.00)  Forward time: 0.22(0.25)  Batch time: 0.22(0.25)
2026-08-13 16:49:24,933   INFO  Train:    1/10 ( 10%) [49049/55563 ( 88%)]  Loss: 0.4257 (1.47)  LR: 1.403e-04  Time cost: 3:24:37/27:10 [3:24:37/35:13:15]  Acc_iter 49050       Data time: 0.00(0.00)  Forward time: 0.21(0.25)  Batch time: 0.21(0.25)
2026-08-13 16:49:25,338   INFO  a1e06a0b30c0                Thu Aug 13 16:49:25 2026  580.173.02
[0] NVIDIA GeForce RTX 3070 | 69°C,  75 % |  6903 /  8192 MB | root(6270M)

2026-08-13 16:49:38,196   INFO  Train:    1/10 ( 10%) [49099/55563 ( 88%)]  Loss: 1.243 (1.47)  LR: 1.405e-04  Time cost: 3:24:50/26:58 [3:24:51/35:13:10]  Acc_iter 49100       Data time: 0.00(0.00)  Forward time: 0.27(0.25)  Batch time: 0.27(0.25)
2026-08-13 16:49:48,256   INFO  Save latest model to /OpenPCDet/output/OpenPCDet/tools/cfgs/models/S/F/S_F_N/default/ckpt/latest_model
2026-08-13 16:49:50,952   INFO  Train:    1/10 ( 10%) [49149/55563 ( 88%)]  Loss: 1.117 (1.47)  LR: 1.407e-04  Time cost: 3:25:03/26:45 [3:25:04/35:13:00]  Acc_iter 49150       Data time: 0.00(0.00)  Forward time: 0.24(0.25)  Batch time: 0.24(0.25)
2026-08-13 16:50:03,796   INFO  Train:    1/10 ( 10%) [49199/55563 ( 89%)]  Loss: 0.6999 (1.47)  LR: 1.408e-04  Time cost: 3:25:15/26:33 [3:25:16/35:12:51]  Acc_iter 49200       Data time: 0.00(0.00)  Forward time: 0.24(0.25)  Batch time: 0.24(0.25)
2026-08-13 16:50:04,197   INFO  a1e06a0b30c0                Thu Aug 13 16:50:04 2026  580.173.02
[0] NVIDIA GeForce RTX 3070 | 68°C,  76 % |  6898 /  8192 MB | root(6270M)

2026-08-13 16:50:17,289   INFO  Train:    1/10 ( 10%) [49249/55563 ( 89%)]  Loss: 1.144 (1.47)  LR: 1.410e-04  Time cost: 3:25:29/26:20 [3:25:30/35:12:49]  Acc_iter 49250       Data time: 0.00(0.00)  Forward time: 0.23(0.25)  Batch time: 0.24(0.25)
2026-08-13 16:50:29,722   INFO  Train:    1/10 ( 10%) [49299/55563 ( 89%)]  Loss: 1.204 (1.47)  LR: 1.412e-04  Time cost: 3:25:41/26:08 [3:25:42/35:12:35]  Acc_iter 49300       Data time: 0.00(0.00)  Forward time: 0.23(0.25)  Batch time: 0.24(0.25)
2026-08-13 16:50:42,397   INFO  Train:    1/10 ( 10%) [49349/55563 ( 89%)]  Loss: 0.8415 (1.47)  LR: 1.414e-04  Time cost: 3:25:54/25:55 [3:25:55/35:12:24]  Acc_iter 49350       Data time: 0.00(0.00)  Forward time: 0.25(0.25)  Batch time: 0.25(0.25)
2026-08-13 16:50:42,836   INFO  a1e06a0b30c0                Thu Aug 13 16:50:42 2026  580.173.02
[0] NVIDIA GeForce RTX 3070 | 69°C,  92 % |  6898 /  8192 MB | root(6270M)

2026-08-13 16:50:55,806   INFO  Train:    1/10 ( 10%) [49399/55563 ( 89%)]  Loss: 2.260 (1.47)  LR: 1.416e-04  Time cost: 3:26:07/25:43 [3:26:08/35:12:21]  Acc_iter 49400       Data time: 0.00(0.00)  Forward time: 0.26(0.25)  Batch time: 0.26(0.25)
2026-08-13 16:51:08,432   INFO  Train:    1/10 ( 10%) [49449/55563 ( 89%)]  Loss: 1.258 (1.47)  LR: 1.418e-04  Time cost: 3:26:20/25:30 [3:26:21/35:12:09]  Acc_iter 49450       Data time: 0.00(0.00)  Forward time: 0.22(0.25)  Batch time: 0.22(0.25)
2026-08-13 16:51:21,350   INFO  Train:    1/10 ( 10%) [49499/55563 ( 89%)]  Loss: 0.6093 (1.47)  LR: 1.420e-04  Time cost: 3:26:33/25:18 [3:26:34/35:12:01]  Acc_iter 49500       Data time: 0.00(0.00)  Forward time: 0.25(0.25)  Batch time: 0.26(0.25)
2026-08-13 16:51:21,752   INFO  a1e06a0b30c0                Thu Aug 13 16:51:21 2026  580.173.02
[0] NVIDIA GeForce RTX 3070 | 70°C,  95 % |  6898 /  8192 MB | root(6270M)

2026-08-13 16:51:34,632   INFO  Train:    1/10 ( 10%) [49549/55563 ( 89%)]  Loss: 0.7262 (1.47)  LR: 1.422e-04  Time cost: 3:26:46/25:05 [3:26:47/35:11:56]  Acc_iter 49550       Data time: 0.00(0.00)  Forward time: 0.28(0.25)  Batch time: 0.28(0.25)
2026-08-13 16:51:47,217   INFO  Train:    1/10 ( 10%) [49599/55563 ( 89%)]  Loss: 1.066 (1.46)  LR: 1.423e-04  Time cost: 3:26:59/24:53 [3:27:00/35:11:44]  Acc_iter 49600       Data time: 0.00(0.00)  Forward time: 0.26(0.25)  Batch time: 0.26(0.25)
2026-08-13 16:51:59,906   INFO  Train:    1/10 ( 10%) [49649/55563 ( 89%)]  Loss: 1.640 (1.46)  LR: 1.425e-04  Time cost: 3:27:12/24:40 [3:27:12/35:11:34]  Acc_iter 49650       Data time: 0.00(0.00)  Forward time: 0.25(0.25)  Batch time: 0.25(0.25)
2026-08-13 16:52:00,376   INFO  a1e06a0b30c0                Thu Aug 13 16:52:00 2026  580.173.02
[0] NVIDIA GeForce RTX 3070 | 69°C,  65 % |  6898 /  8192 MB | root(6270M)

2026-08-13 16:52:13,398   INFO  Train:    1/10 ( 10%) [49699/55563 ( 89%)]  Loss: 1.005 (1.46)  LR: 1.427e-04  Time cost: 3:27:25/24:28 [3:27:26/35:11:31]  Acc_iter 49700       Data time: 0.00(0.00)  Forward time: 0.26(0.25)  Batch time: 0.26(0.25)
2026-08-13 16:52:26,433   INFO  Train:    1/10 ( 10%) [49749/55563 ( 90%)]  Loss: 1.234 (1.46)  LR: 1.429e-04  Time cost: 3:27:38/24:15 [3:27:39/35:11:24]  Acc_iter 49750       Data time: 0.00(0.00)  Forward time: 0.23(0.25)  Batch time: 0.23(0.25)
2026-08-13 16:52:39,210   INFO  Train:    1/10 ( 10%) [49799/55563 ( 90%)]  Loss: 1.676 (1.46)  LR: 1.431e-04  Time cost: 3:27:51/24:03 [3:27:52/35:11:14]  Acc_iter 49800       Data time: 0.00(0.00)  Forward time: 0.23(0.25)  Batch time: 0.24(0.25)
2026-08-13 16:52:39,643   INFO  a1e06a0b30c0                Thu Aug 13 16:52:39 2026  580.173.02
[0] NVIDIA GeForce RTX 3070 | 67°C,  50 % |  6892 /  8192 MB | root(6270M)

2026-08-13 16:52:52,385   INFO  Train:    1/10 ( 10%) [49849/55563 ( 90%)]  Loss: 0.7579 (1.46)  LR: 1.433e-04  Time cost: 3:28:04/23:51 [3:28:05/35:11:08]  Acc_iter 49850       Data time: 0.00(0.00)  Forward time: 0.21(0.25)  Batch time: 0.22(0.25)
2026-08-13 16:53:04,855   INFO  Train:    1/10 ( 10%) [49899/55563 ( 90%)]  Loss: 0.8896 (1.46)  LR: 1.435e-04  Time cost: 3:28:16/23:38 [3:28:17/35:10:55]  Acc_iter 49900       Data time: 0.00(0.00)  Forward time: 0.23(0.25)  Batch time: 0.23(0.25)
2026-08-13 16:53:17,200   INFO  Train:    1/10 ( 10%) [49949/55563 ( 90%)]  Loss: 0.7810 (1.46)  LR: 1.437e-04  Time cost: 3:28:29/23:25 [3:28:30/35:10:41]  Acc_iter 49950       Data time: 0.00(0.00)  Forward time: 0.22(0.25)  Batch time: 0.22(0.25)
2026-08-13 16:53:17,569   INFO  a1e06a0b30c0                Thu Aug 13 16:53:17 2026  580.173.02
[0] NVIDIA GeForce RTX 3070 | 68°C,   2 % |  6655 /  8192 MB | root(6270M)

2026-08-13 16:53:29,741   INFO  Train:    1/10 ( 10%) [49999/55563 ( 90%)]  Loss: 0.9900 (1.46)  LR: 1.439e-04  Time cost: 3:28:41/23:13 [3:28:42/35:10:28]  Acc_iter 50000       Data time: 0.00(0.00)  Forward time: 0.23(0.25)  Batch time: 0.24(0.25)
2026-08-13 16:53:41,890   INFO  Train:    1/10 ( 10%) [50049/55563 ( 90%)]  Loss: 0.8595 (1.46)  LR: 1.440e-04  Time cost: 3:28:54/23:00 [3:28:54/35:10:12]  Acc_iter 50050       Data time: 0.00(0.00)  Forward time: 0.21(0.25)  Batch time: 0.21(0.25)
2026-08-13 16:53:54,153   INFO  Train:    1/10 ( 10%) [50099/55563 ( 90%)]  Loss: 0.9712 (1.46)  LR: 1.442e-04  Time cost: 3:29:06/22:48 [3:29:07/35:09:57]  Acc_iter 50100       Data time: 0.00(0.00)  Forward time: 0.24(0.25)  Batch time: 0.24(0.25)
2026-08-13 16:53:54,567   INFO  a1e06a0b30c0                Thu Aug 13 16:53:54 2026  580.173.02
[0] NVIDIA GeForce RTX 3070 | 68°C,   1 % |  6655 /  8192 MB | root(6270M)

2026-08-13 16:54:07,098   INFO  Train:    1/10 ( 10%) [50149/55563 ( 90%)]  Loss: 1.051 (1.46)  LR: 1.444e-04  Time cost: 3:29:19/22:35 [3:29:20/35:09:49]  Acc_iter 50150       Data time: 0.00(0.00)  Forward time: 0.24(0.25)  Batch time: 0.24(0.25)
2026-08-13 16:54:19,201   INFO  Train:    1/10 ( 10%) [50199/55563 ( 90%)]  Loss: 1.395 (1.46)  LR: 1.446e-04  Time cost: 3:29:31/22:23 [3:29:32/35:09:32]  Acc_iter 50200       Data time: 0.00(0.00)  Forward time: 0.26(0.25)  Batch time: 0.26(0.25)
2026-08-13 16:54:31,322   INFO  Train:    1/10 ( 10%) [50249/55563 ( 90%)]  Loss: 1.149 (1.46)  LR: 1.448e-04  Time cost: 3:29:43/22:10 [3:29:44/35:09:15]  Acc_iter 50250       Data time: 0.00(0.00)  Forward time: 0.24(0.25)  Batch time: 0.24(0.25)
2026-08-13 16:54:31,706   INFO  a1e06a0b30c0                Thu Aug 13 16:54:31 2026  580.173.02
[0] NVIDIA GeForce RTX 3070 | 73°C,  93 % |  6661 /  8192 MB | root(6270M)

2026-08-13 16:54:43,843   INFO  Train:    1/10 ( 10%) [50299/55563 ( 91%)]  Loss: 1.300 (1.46)  LR: 1.450e-04  Time cost: 3:29:55/21:58 [3:29:56/35:09:03]  Acc_iter 50300       Data time: 0.00(0.00)  Forward time: 0.26(0.25)  Batch time: 0.26(0.25)
2026-08-13 16:54:48,168   INFO  Save latest model to /OpenPCDet/output/OpenPCDet/tools/cfgs/models/S/F/S_F_N/default/ckpt/latest_model
2026-08-13 16:54:56,175   INFO  Train:    1/10 ( 10%) [50349/55563 ( 91%)]  Loss: 2.156 (1.46)  LR: 1.452e-04  Time cost: 3:30:08/21:45 [3:30:09/35:08:48]  Acc_iter 50350       Data time: 0.00(0.00)  Forward time: 0.25(0.25)  Batch time: 0.25(0.25)
2026-08-13 16:55:08,565   INFO  Train:    1/10 ( 10%) [50399/55563 ( 91%)]  Loss: 0.7455 (1.46)  LR: 1.454e-04  Time cost: 3:30:20/21:33 [3:30:21/35:08:35]  Acc_iter 50400       Data time: 0.00(0.00)  Forward time: 0.25(0.25)  Batch time: 0.25(0.25)
2026-08-13 16:55:08,962   INFO  a1e06a0b30c0                Thu Aug 13 16:55:08 2026  580.173.02
[0] NVIDIA GeForce RTX 3070 | 73°C,  96 % |  6661 /  8192 MB | root(6270M)

2026-08-13 16:55:21,037   INFO  Train:    1/10 ( 10%) [50449/55563 ( 91%)]  Loss: 1.519 (1.46)  LR: 1.456e-04  Time cost: 3:30:33/21:20 [3:30:34/35:08:22]  Acc_iter 50450       Data time: 0.00(0.00)  Forward time: 0.25(0.25)  Batch time: 0.25(0.25)
2026-08-13 16:55:33,113   INFO  Train:    1/10 ( 10%) [50499/55563 ( 91%)]  Loss: 1.966 (1.46)  LR: 1.457e-04  Time cost: 3:30:45/21:08 [3:30:46/35:08:05]  Acc_iter 50500       Data time: 0.00(0.00)  Forward time: 0.22(0.25)  Batch time: 0.22(0.25)
2026-08-13 16:55:45,198   INFO  Train:    1/10 ( 10%) [50549/55563 ( 91%)]  Loss: 1.803 (1.46)  LR: 1.459e-04  Time cost: 3:30:57/20:55 [3:30:58/35:07:48]  Acc_iter 50550       Data time: 0.00(0.00)  Forward time: 0.24(0.25)  Batch time: 0.24(0.25)
2026-08-13 16:55:45,624   INFO  a1e06a0b30c0                Thu Aug 13 16:55:45 2026  580.173.02
[0] NVIDIA GeForce RTX 3070 | 68°C,   3 % |  6661 /  8192 MB | root(6270M)

2026-08-13 16:55:58,137   INFO  Train:    1/10 ( 10%) [50599/55563 ( 91%)]  Loss: 1.156 (1.46)  LR: 1.461e-04  Time cost: 3:31:10/20:42 [3:31:11/35:07:39]  Acc_iter 50600       Data time: 0.00(0.00)  Forward time: 0.23(0.25)  Batch time: 0.23(0.25)
2026-08-13 16:56:10,139   INFO  Train:    1/10 ( 10%) [50649/55563 ( 91%)]  Loss: 0.5325 (1.46)  LR: 1.463e-04  Time cost: 3:31:22/20:30 [3:31:23/35:07:22]  Acc_iter 50650       Data time: 0.00(0.00)  Forward time: 0.24(0.25)  Batch time: 0.24(0.25)
2026-08-13 16:56:22,391   INFO  Train:    1/10 ( 10%) [50699/55563 ( 91%)]  Loss: 1.370 (1.46)  LR: 1.465e-04  Time cost: 3:31:34/20:17 [3:31:35/35:07:06]  Acc_iter 50700       Data time: 0.00(0.00)  Forward time: 0.24(0.25)  Batch time: 0.24(0.25)
2026-08-13 16:56:22,806   INFO  a1e06a0b30c0                Thu Aug 13 16:56:22 2026  580.173.02
[0] NVIDIA GeForce RTX 3070 | 73°C,  88 % |  6661 /  8192 MB | root(6270M)

2026-08-13 16:56:35,157   INFO  Train:    1/10 ( 10%) [50749/55563 ( 91%)]  Loss: 1.132 (1.46)  LR: 1.467e-04  Time cost: 3:31:47/20:05 [3:31:48/35:06:56]  Acc_iter 50750       Data time: 0.00(0.00)  Forward time: 0.24(0.25)  Batch time: 0.24(0.25)
2026-08-13 16:56:47,707   INFO  Train:    1/10 ( 10%) [50799/55563 ( 91%)]  Loss: 0.9785 (1.46)  LR: 1.469e-04  Time cost: 3:31:59/19:52 [3:32:00/35:06:44]  Acc_iter 50800       Data time: 0.00(0.00)  Forward time: 0.24(0.25)  Batch time: 0.24(0.25)
2026-08-13 16:57:00,121   INFO  Train:    1/10 ( 10%) [50849/55563 ( 92%)]  Loss: 1.464 (1.46)  LR: 1.471e-04  Time cost: 3:32:12/19:40 [3:32:13/35:06:31]  Acc_iter 50850       Data time: 0.00(0.00)  Forward time: 0.26(0.25)  Batch time: 0.26(0.25)
2026-08-13 16:57:00,521   INFO  a1e06a0b30c0                Thu Aug 13 16:57:00 2026  580.173.02
[0] NVIDIA GeForce RTX 3070 | 67°C,   1 % |  6661 /  8192 MB | root(6270M)

2026-08-13 16:57:12,665   INFO  Train:    1/10 ( 10%) [50899/55563 ( 92%)]  Loss: 1.470 (1.46)  LR: 1.473e-04  Time cost: 3:32:24/19:27 [3:32:25/35:06:18]  Acc_iter 50900       Data time: 0.00(0.00)  Forward time: 0.27(0.25)  Batch time: 0.27(0.25)
2026-08-13 16:57:24,814   INFO  Train:    1/10 ( 10%) [50949/55563 ( 92%)]  Loss: 0.6725 (1.46)  LR: 1.474e-04  Time cost: 3:32:36/19:15 [3:32:37/35:06:02]  Acc_iter 50950       Data time: 0.00(0.00)  Forward time: 0.21(0.25)  Batch time: 0.22(0.25)
2026-08-13 16:57:37,048   INFO  Train:    1/10 ( 10%) [50999/55563 ( 92%)]  Loss: 0.7710 (1.46)  LR: 1.476e-04  Time cost: 3:32:49/19:02 [3:32:50/35:05:47]  Acc_iter 51000       Data time: 0.00(0.00)  Forward time: 0.23(0.25)  Batch time: 0.23(0.25)
2026-08-13 16:57:37,441   INFO  a1e06a0b30c0                Thu Aug 13 16:57:37 2026  580.173.02
[0] NVIDIA GeForce RTX 3070 | 74°C,  78 % |  6656 /  8192 MB | root(6270M)

2026-08-13 16:57:49,666   INFO  Train:    1/10 ( 10%) [51049/55563 ( 92%)]  Loss: 1.288 (1.46)  LR: 1.478e-04  Time cost: 3:33:01/18:50 [3:33:02/35:05:35]  Acc_iter 51050       Data time: 0.00(0.00)  Forward time: 0.26(0.25)  Batch time: 0.26(0.25)
2026-08-13 16:58:01,944   INFO  Train:    1/10 ( 10%) [51099/55563 ( 92%)]  Loss: 0.6817 (1.46)  LR: 1.480e-04  Time cost: 3:33:14/18:37 [3:33:14/35:05:20]  Acc_iter 51100       Data time: 0.00(0.00)  Forward time: 0.23(0.25)  Batch time: 0.23(0.25)
2026-08-13 16:58:14,354   INFO  Train:    1/10 ( 10%) [51149/55563 ( 92%)]  Loss: 1.572 (1.46)  LR: 1.482e-04  Time cost: 3:33:26/18:25 [3:33:27/35:05:07]  Acc_iter 51150       Data time: 0.00(0.00)  Forward time: 0.28(0.25)  Batch time: 0.28(0.25)
2026-08-13 16:58:14,731   INFO  a1e06a0b30c0                Thu Aug 13 16:58:14 2026  580.173.02
[0] NVIDIA GeForce RTX 3070 | 72°C,  94 % |  6656 /  8192 MB | root(6270M)

2026-08-13 16:58:27,058   INFO  Train:    1/10 ( 10%) [51199/55563 ( 92%)]  Loss: 1.234 (1.46)  LR: 1.484e-04  Time cost: 3:33:39/18:12 [3:33:40/35:04:56]  Acc_iter 51200       Data time: 0.00(0.00)  Forward time: 0.22(0.25)  Batch time: 0.22(0.25)
2026-08-13 16:58:39,197   INFO  Train:    1/10 ( 10%) [51249/55563 ( 92%)]  Loss: 1.112 (1.46)  LR: 1.486e-04  Time cost: 3:33:51/18:00 [3:33:52/35:04:40]  Acc_iter 51250       Data time: 0.00(0.00)  Forward time: 0.24(0.25)  Batch time: 0.24(0.25)
2026-08-13 16:58:51,525   INFO  Train:    1/10 ( 10%) [51299/55563 ( 92%)]  Loss: 1.520 (1.46)  LR: 1.488e-04  Time cost: 3:34:03/17:47 [3:34:04/35:04:25]  Acc_iter 51300       Data time: 0.00(0.00)  Forward time: 0.21(0.25)  Batch time: 0.21(0.25)
2026-08-13 16:58:51,909   INFO  a1e06a0b30c0                Thu Aug 13 16:58:51 2026  580.173.02
[0] NVIDIA GeForce RTX 3070 | 70°C,  80 % |  6655 /  8192 MB | root(6270M)

2026-08-13 16:59:03,890   INFO  Train:    1/10 ( 10%) [51349/55563 ( 92%)]  Loss: 1.958 (1.46)  LR: 1.490e-04  Time cost: 3:34:16/17:35 [3:34:16/35:04:11]  Acc_iter 51350       Data time: 0.00(0.00)  Forward time: 0.22(0.25)  Batch time: 0.22(0.25)
2026-08-13 16:59:16,155   INFO  Train:    1/10 ( 10%) [51399/55563 ( 93%)]  Loss: 2.208 (1.46)  LR: 1.491e-04  Time cost: 3:34:28/17:22 [3:34:29/35:03:56]  Acc_iter 51400       Data time: 0.00(0.00)  Forward time: 0.24(0.25)  Batch time: 0.24(0.25)
2026-08-13 16:59:28,384   INFO  Train:    1/10 ( 10%) [51449/55563 ( 93%)]  Loss: 1.160 (1.46)  LR: 1.493e-04  Time cost: 3:34:40/17:09 [3:34:41/35:03:41]  Acc_iter 51450       Data time: 0.00(0.00)  Forward time: 0.24(0.25)  Batch time: 0.24(0.25)
2026-08-13 16:59:28,764   INFO  a1e06a0b30c0                Thu Aug 13 16:59:28 2026  580.173.02
[0] NVIDIA GeForce RTX 3070 | 71°C,  95 % |  6655 /  8192 MB | root(6270M)

2026-08-13 16:59:41,292   INFO  Train:    1/10 ( 10%) [51499/55563 ( 93%)]  Loss: 1.213 (1.46)  LR: 1.495e-04  Time cost: 3:34:53/16:57 [3:34:54/35:03:32]  Acc_iter 51500       Data time: 0.00(0.00)  Forward time: 0.26(0.25)  Batch time: 0.26(0.25)
2026-08-13 16:59:48,202   INFO  Save latest model to /OpenPCDet/output/OpenPCDet/tools/cfgs/models/S/F/S_F_N/default/ckpt/latest_model
2026-08-13 16:59:53,580   INFO  Train:    1/10 ( 10%) [51549/55563 ( 93%)]  Loss: 1.075 (1.46)  LR: 1.497e-04  Time cost: 3:35:05/16:44 [3:35:06/35:03:18]  Acc_iter 51550       Data time: 0.00(0.00)  Forward time: 0.25(0.25)  Batch time: 0.26(0.25)
2026-08-13 17:00:05,756   INFO  Train:    1/10 ( 10%) [51599/55563 ( 93%)]  Loss: 1.393 (1.46)  LR: 1.499e-04  Time cost: 3:35:17/16:32 [3:35:18/35:03:02]  Acc_iter 51600       Data time: 0.00(0.00)  Forward time: 0.27(0.25)  Batch time: 0.27(0.25)
2026-08-13 17:00:06,141   INFO  a1e06a0b30c0                Thu Aug 13 17:00:06 2026  580.173.02
[0] NVIDIA GeForce RTX 3070 | 66°C,  71 % |  6655 /  8192 MB | root(6270M)

2026-08-13 17:00:18,247   INFO  Train:    1/10 ( 10%) [51649/55563 ( 93%)]  Loss: 0.6401 (1.46)  LR: 1.501e-04  Time cost: 3:35:30/16:19 [3:35:31/35:02:49]  Acc_iter 51650       Data time: 0.00(0.00)  Forward time: 0.21(0.25)  Batch time: 0.21(0.25)
2026-08-13 17:00:30,672   INFO  Train:    1/10 ( 10%) [51699/55563 ( 93%)]  Loss: 1.067 (1.46)  LR: 1.503e-04  Time cost: 3:35:42/16:07 [3:35:43/35:02:36]  Acc_iter 51700       Data time: 0.00(0.00)  Forward time: 0.24(0.25)  Batch time: 0.24(0.25)
2026-08-13 17:00:42,790   INFO  Train:    1/10 ( 10%) [51749/55563 ( 93%)]  Loss: 0.8917 (1.46)  LR: 1.505e-04  Time cost: 3:35:54/15:54 [3:35:55/35:02:19]  Acc_iter 51750       Data time: 0.00(0.00)  Forward time: 0.22(0.25)  Batch time: 0.23(0.25)
2026-08-13 17:00:43,194   INFO  a1e06a0b30c0                Thu Aug 13 17:00:43 2026  580.173.02
[0] NVIDIA GeForce RTX 3070 | 68°C,  96 % |  6661 /  8192 MB | root(6270M)

2026-08-13 17:00:55,232   INFO  Train:    1/10 ( 10%) [51799/55563 ( 93%)]  Loss: 1.703 (1.46)  LR: 1.507e-04  Time cost: 3:36:07/15:42 [3:36:08/35:02:06]  Acc_iter 51800       Data time: 0.00(0.00)  Forward time: 0.23(0.25)  Batch time: 0.23(0.25)
2026-08-13 17:01:07,480   INFO  Train:    1/10 ( 10%) [51849/55563 ( 93%)]  Loss: 1.220 (1.46)  LR: 1.509e-04  Time cost: 3:36:19/15:29 [3:36:20/35:01:51]  Acc_iter 51850       Data time: 0.00(0.00)  Forward time: 0.25(0.25)  Batch time: 0.25(0.25)
2026-08-13 17:01:19,803   INFO  Train:    1/10 ( 10%) [51899/55563 ( 93%)]  Loss: 1.938 (1.46)  LR: 1.510e-04  Time cost: 3:36:31/15:17 [3:36:32/35:01:36]  Acc_iter 51900       Data time: 0.00(0.00)  Forward time: 0.26(0.25)  Batch time: 0.26(0.25)
2026-08-13 17:01:20,231   INFO  a1e06a0b30c0                Thu Aug 13 17:01:20 2026  580.173.02
[0] NVIDIA GeForce RTX 3070 | 69°C,  83 % |  6661 /  8192 MB | root(6270M)

2026-08-13 17:01:32,488   INFO  Train:    1/10 ( 10%) [51949/55563 ( 93%)]  Loss: 2.413 (1.46)  LR: 1.512e-04  Time cost: 3:36:44/15:04 [3:36:45/35:01:26]  Acc_iter 51950       Data time: 0.00(0.00)  Forward time: 0.25(0.25)  Batch time: 0.25(0.25)
2026-08-13 17:01:44,528   INFO  Train:    1/10 ( 10%) [51999/55563 ( 94%)]  Loss: 1.539 (1.46)  LR: 1.514e-04  Time cost: 3:36:56/14:52 [3:36:57/35:01:08]  Acc_iter 52000       Data time: 0.00(0.00)  Forward time: 0.25(0.25)  Batch time: 0.25(0.25)
2026-08-13 17:01:56,463   INFO  Train:    1/10 ( 10%) [52049/55563 ( 94%)]  Loss: 1.459 (1.46)  LR: 1.516e-04  Time cost: 3:37:08/14:39 [3:37:09/35:00:50]  Acc_iter 52050       Data time: 0.00(0.00)  Forward time: 0.21(0.25)  Batch time: 0.21(0.25)
2026-08-13 17:01:56,836   INFO  a1e06a0b30c0                Thu Aug 13 17:01:56 2026  580.173.02
[0] NVIDIA GeForce RTX 3070 | 69°C,  79 % |  6661 /  8192 MB | root(6270M)

2026-08-13 17:02:08,986   INFO  Train:    1/10 ( 10%) [52099/55563 ( 94%)]  Loss: 1.664 (1.46)  LR: 1.518e-04  Time cost: 3:37:21/14:27 [3:37:22/35:00:38]  Acc_iter 52100       Data time: 0.00(0.00)  Forward time: 0.24(0.25)  Batch time: 0.25(0.25)
2026-08-13 17:02:21,269   INFO  Train:    1/10 ( 10%) [52149/55563 ( 94%)]  Loss: 1.647 (1.46)  LR: 1.520e-04  Time cost: 3:37:33/14:14 [3:37:34/35:00:23]  Acc_iter 52150       Data time: 0.00(0.00)  Forward time: 0.22(0.25)  Batch time: 0.22(0.25)
2026-08-13 17:02:33,551   INFO  Train:    1/10 ( 10%) [52199/55563 ( 94%)]  Loss: 1.685 (1.46)  LR: 1.522e-04  Time cost: 3:37:45/14:02 [3:37:46/35:00:08]  Acc_iter 52200       Data time: 0.00(0.00)  Forward time: 0.21(0.25)  Batch time: 0.21(0.25)
2026-08-13 17:02:33,937   INFO  a1e06a0b30c0                Thu Aug 13 17:02:33 2026  580.173.02
[0] NVIDIA GeForce RTX 3070 | 72°C,  78 % |  6654 /  8192 MB | root(6270M)

2026-08-13 17:02:46,141   INFO  Train:    1/10 ( 10%) [52249/55563 ( 94%)]  Loss: 1.167 (1.46)  LR: 1.524e-04  Time cost: 3:37:58/13:49 [3:37:59/34:59:57]  Acc_iter 52250       Data time: 0.00(0.00)  Forward time: 0.23(0.25)  Batch time: 0.23(0.25)
2026-08-13 17:02:58,566   INFO  Train:    1/10 ( 10%) [52299/55563 ( 94%)]  Loss: 0.8215 (1.46)  LR: 1.526e-04  Time cost: 3:38:10/13:36 [3:38:11/34:59:43]  Acc_iter 52300       Data time: 0.00(0.00)  Forward time: 0.27(0.25)  Batch time: 0.27(0.25)
2026-08-13 17:03:10,907   INFO  Train:    1/10 ( 10%) [52349/55563 ( 94%)]  Loss: 0.6591 (1.46)  LR: 1.528e-04  Time cost: 3:38:23/13:24 [3:38:23/34:59:29]  Acc_iter 52350       Data time: 0.00(0.00)  Forward time: 0.26(0.25)  Batch time: 0.26(0.25)
2026-08-13 17:03:11,309   INFO  a1e06a0b30c0                Thu Aug 13 17:03:11 2026  580.173.02
[0] NVIDIA GeForce RTX 3070 | 73°C,  99 % |  6665 /  8192 MB | root(6270M)

2026-08-13 17:03:23,788   INFO  Train:    1/10 ( 10%) [52399/55563 ( 94%)]  Loss: 1.281 (1.46)  LR: 1.529e-04  Time cost: 3:38:35/13:11 [3:38:36/34:59:20]  Acc_iter 52400       Data time: 0.00(0.00)  Forward time: 0.24(0.25)  Batch time: 0.24(0.25)
2026-08-13 17:03:36,017   INFO  Train:    1/10 ( 10%) [52449/55563 ( 94%)]  Loss: 1.194 (1.45)  LR: 1.531e-04  Time cost: 3:38:48/12:59 [3:38:49/34:59:05]  Acc_iter 52450       Data time: 0.00(0.00)  Forward time: 0.26(0.25)  Batch time: 0.26(0.25)
2026-08-13 17:03:48,332   INFO  Train:    1/10 ( 10%) [52499/55563 ( 94%)]  Loss: 1.120 (1.45)  LR: 1.533e-04  Time cost: 3:39:00/12:46 [3:39:01/34:58:50]  Acc_iter 52500       Data time: 0.00(0.00)  Forward time: 0.28(0.25)  Batch time: 0.28(0.25)
2026-08-13 17:03:48,751   INFO  a1e06a0b30c0                Thu Aug 13 17:03:48 2026  580.173.02
[0] NVIDIA GeForce RTX 3070 | 71°C,  78 % |  6660 /  8192 MB | root(6270M)

2026-08-13 17:04:01,227   INFO  Train:    1/10 ( 10%) [52549/55563 ( 95%)]  Loss: 1.454 (1.45)  LR: 1.535e-04  Time cost: 3:39:13/12:34 [3:39:14/34:58:41]  Acc_iter 52550       Data time: 0.00(0.00)  Forward time: 0.26(0.25)  Batch time: 0.26(0.25)
2026-08-13 17:04:13,779   INFO  Train:    1/10 ( 10%) [52599/55563 ( 95%)]  Loss: 1.007 (1.45)  LR: 1.537e-04  Time cost: 3:39:25/12:21 [3:39:26/34:58:29]  Acc_iter 52600       Data time: 0.00(0.00)  Forward time: 0.26(0.25)  Batch time: 0.26(0.25)
2026-08-13 17:04:25,850   INFO  Train:    1/10 ( 10%) [52649/55563 ( 95%)]  Loss: 1.380 (1.45)  LR: 1.539e-04  Time cost: 3:39:37/12:09 [3:39:38/34:58:12]  Acc_iter 52650       Data time: 0.00(0.00)  Forward time: 0.26(0.25)  Batch time: 0.26(0.25)
2026-08-13 17:04:26,238   INFO  a1e06a0b30c0                Thu Aug 13 17:04:26 2026  580.173.02
[0] NVIDIA GeForce RTX 3070 | 72°C,  97 % |  6660 /  8192 MB | root(6270M)

2026-08-13 17:04:38,447   INFO  Train:    1/10 ( 10%) [52699/55563 ( 95%)]  Loss: 1.256 (1.45)  LR: 1.541e-04  Time cost: 3:39:50/11:56 [3:39:51/34:58:01]  Acc_iter 52700       Data time: 0.00(0.00)  Forward time: 0.26(0.25)  Batch time: 0.26(0.25)
2026-08-13 17:04:48,071   INFO  Save latest model to /OpenPCDet/output/OpenPCDet/tools/cfgs/models/S/F/S_F_N/default/ckpt/latest_model
2026-08-13 17:04:50,939   INFO  Train:    1/10 ( 10%) [52749/55563 ( 95%)]  Loss: 1.102 (1.45)  LR: 1.543e-04  Time cost: 3:40:03/11:44 [3:40:03/34:57:48]  Acc_iter 52750       Data time: 0.00(0.00)  Forward time: 0.26(0.25)  Batch time: 0.26(0.25)
2026-08-13 17:05:03,105   INFO  Train:    1/10 ( 10%) [52799/55563 ( 95%)]  Loss: 1.292 (1.45)  LR: 1.545e-04  Time cost: 3:40:15/11:31 [3:40:16/34:57:32]  Acc_iter 52800       Data time: 0.00(0.00)  Forward time: 0.25(0.25)  Batch time: 0.25(0.25)
2026-08-13 17:05:03,527   INFO  a1e06a0b30c0                Thu Aug 13 17:05:03 2026  580.173.02
[0] NVIDIA GeForce RTX 3070 | 65°C,   1 % |  6660 /  8192 MB | root(6270M)

2026-08-13 17:05:15,871   INFO  Train:    1/10 ( 10%) [52849/55563 ( 95%)]  Loss: 1.428 (1.45)  LR: 1.547e-04  Time cost: 3:40:27/11:19 [3:40:28/34:57:22]  Acc_iter 52850       Data time: 0.00(0.00)  Forward time: 0.25(0.25)  Batch time: 0.25(0.25)
2026-08-13 17:05:27,927   INFO  Train:    1/10 ( 10%) [52899/55563 ( 95%)]  Loss: 1.151 (1.45)  LR: 1.548e-04  Time cost: 3:40:40/11:06 [3:40:40/34:57:05]  Acc_iter 52900       Data time: 0.00(0.00)  Forward time: 0.22(0.25)  Batch time: 0.22(0.25)
2026-08-13 17:05:40,257   INFO  Train:    1/10 ( 10%) [52949/55563 ( 95%)]  Loss: 0.7731 (1.45)  LR: 1.550e-04  Time cost: 3:40:52/10:54 [3:40:53/34:56:51]  Acc_iter 52950       Data time: 0.00(0.00)  Forward time: 0.27(0.25)  Batch time: 0.27(0.25)
2026-08-13 17:05:40,639   INFO  a1e06a0b30c0                Thu Aug 13 17:05:40 2026  580.173.02
[0] NVIDIA GeForce RTX 3070 | 68°C,  40 % |  6660 /  8192 MB | root(6270M)

2026-08-13 17:05:53,188   INFO  Train:    1/10 ( 10%) [52999/55563 ( 95%)]  Loss: 1.436 (1.45)  LR: 1.552e-04  Time cost: 3:41:05/10:41 [3:41:06/34:56:42]  Acc_iter 53000       Data time: 0.00(0.00)  Forward time: 0.24(0.25)  Batch time: 0.24(0.25)
2026-08-13 17:06:05,634   INFO  Train:    1/10 ( 10%) [53049/55563 ( 95%)]  Loss: 0.9574 (1.45)  LR: 1.554e-04  Time cost: 3:41:17/10:29 [3:41:18/34:56:29]  Acc_iter 53050       Data time: 0.00(0.00)  Forward time: 0.25(0.25)  Batch time: 0.25(0.25)
2026-08-13 17:06:17,643   INFO  Train:    1/10 ( 10%) [53099/55563 ( 96%)]  Loss: 0.4831 (1.45)  LR: 1.556e-04  Time cost: 3:41:29/10:16 [3:41:30/34:56:12]  Acc_iter 53100       Data time: 0.00(0.00)  Forward time: 0.25(0.25)  Batch time: 0.25(0.25)
2026-08-13 17:06:18,037   INFO  a1e06a0b30c0                Thu Aug 13 17:06:18 2026  580.173.02
[0] NVIDIA GeForce RTX 3070 | 66°C,  91 % |  6810 /  8192 MB | root(6420M)

2026-08-13 17:06:30,060   INFO  Train:    1/10 ( 10%) [53149/55563 ( 96%)]  Loss: 1.017 (1.45)  LR: 1.558e-04  Time cost: 3:41:42/10:04 [3:41:43/34:55:58]  Acc_iter 53150       Data time: 0.00(0.00)  Forward time: 0.20(0.25)  Batch time: 0.20(0.25)
2026-08-13 17:06:42,474   INFO  Train:    1/10 ( 10%) [53199/55563 ( 96%)]  Loss: 1.586 (1.45)  LR: 1.560e-04  Time cost: 3:41:54/09:51 [3:41:55/34:55:45]  Acc_iter 53200       Data time: 0.00(0.00)  Forward time: 0.29(0.25)  Batch time: 0.29(0.25)
2026-08-13 17:06:54,861   INFO  Train:    1/10 ( 10%) [53249/55563 ( 96%)]  Loss: 0.3830 (1.45)  LR: 1.562e-04  Time cost: 3:42:06/09:39 [3:42:07/34:55:31]  Acc_iter 53250       Data time: 0.00(0.00)  Forward time: 0.23(0.25)  Batch time: 0.23(0.25)
2026-08-13 17:06:55,251   INFO  a1e06a0b30c0                Thu Aug 13 17:06:55 2026  580.173.02
[0] NVIDIA GeForce RTX 3070 | 72°C,  90 % |  6810 /  8192 MB | root(6420M)

2026-08-13 17:07:07,318   INFO  Train:    1/10 ( 10%) [53299/55563 ( 96%)]  Loss: 0.8616 (1.45)  LR: 1.564e-04  Time cost: 3:42:19/09:26 [3:42:20/34:55:18]  Acc_iter 53300       Data time: 0.00(0.00)  Forward time: 0.19(0.25)  Batch time: 0.19(0.25)
2026-08-13 17:07:19,337   INFO  Train:    1/10 ( 10%) [53349/55563 ( 96%)]  Loss: 0.8605 (1.45)  LR: 1.566e-04  Time cost: 3:42:31/09:14 [3:42:32/34:55:01]  Acc_iter 53350       Data time: 0.00(0.00)  Forward time: 0.22(0.25)  Batch time: 0.22(0.25)
2026-08-13 17:07:31,486   INFO  Train:    1/10 ( 10%) [53399/55563 ( 96%)]  Loss: 0.4620 (1.45)  LR: 1.567e-04  Time cost: 3:42:43/09:01 [3:42:44/34:54:45]  Acc_iter 53400       Data time: 0.00(0.00)  Forward time: 0.25(0.25)  Batch time: 0.25(0.25)
2026-08-13 17:07:31,879   INFO  a1e06a0b30c0                Thu Aug 13 17:07:31 2026  580.173.02
[0] NVIDIA GeForce RTX 3070 | 72°C,  92 % |  6804 /  8192 MB | root(6420M)

2026-08-13 17:07:43,980   INFO  Train:    1/10 ( 10%) [53449/55563 ( 96%)]  Loss: 0.8300 (1.45)  LR: 1.569e-04  Time cost: 3:42:56/08:49 [3:42:57/34:54:32]  Acc_iter 53450       Data time: 0.00(0.00)  Forward time: 0.25(0.25)  Batch time: 0.25(0.25)
2026-08-13 17:07:56,378   INFO  Train:    1/10 ( 10%) [53499/55563 ( 96%)]  Loss: 1.291 (1.45)  LR: 1.571e-04  Time cost: 3:43:08/08:36 [3:43:09/34:54:19]  Acc_iter 53500       Data time: 0.00(0.00)  Forward time: 0.21(0.25)  Batch time: 0.21(0.25)
2026-08-13 17:08:08,567   INFO  Train:    1/10 ( 10%) [53549/55563 ( 96%)]  Loss: 0.6994 (1.45)  LR: 1.573e-04  Time cost: 3:43:20/08:23 [3:43:21/34:54:03]  Acc_iter 53550       Data time: 0.00(0.00)  Forward time: 0.25(0.25)  Batch time: 0.26(0.25)
2026-08-13 17:08:08,942   INFO  a1e06a0b30c0                Thu Aug 13 17:08:08 2026  580.173.02
[0] NVIDIA GeForce RTX 3070 | 72°C,  70 % |  6804 /  8192 MB | root(6420M)

2026-08-13 17:08:21,232   INFO  Train:    1/10 ( 10%) [53599/55563 ( 96%)]  Loss: 0.8054 (1.45)  LR: 1.575e-04  Time cost: 3:43:33/08:11 [3:43:34/34:53:52]  Acc_iter 53600       Data time: 0.00(0.00)  Forward time: 0.23(0.25)  Batch time: 0.23(0.25)
2026-08-13 17:08:33,580   INFO  Train:    1/10 ( 10%) [53649/55563 ( 97%)]  Loss: 1.115 (1.45)  LR: 1.577e-04  Time cost: 3:43:45/07:58 [3:43:46/34:53:38]  Acc_iter 53650       Data time: 0.00(0.00)  Forward time: 0.26(0.25)  Batch time: 0.26(0.25)
2026-08-13 17:08:45,940   INFO  Train:    1/10 ( 10%) [53699/55563 ( 97%)]  Loss: 1.357 (1.45)  LR: 1.579e-04  Time cost: 3:43:58/07:46 [3:43:58/34:53:24]  Acc_iter 53700       Data time: 0.00(0.00)  Forward time: 0.25(0.25)  Batch time: 0.26(0.25)
2026-08-13 17:08:46,329   INFO  a1e06a0b30c0                Thu Aug 13 17:08:46 2026  580.173.02
[0] NVIDIA GeForce RTX 3070 | 72°C,  94 % |  6804 /  8192 MB | root(6420M)

2026-08-13 17:08:58,566   INFO  Train:    1/10 ( 10%) [53749/55563 ( 97%)]  Loss: 2.089 (1.45)  LR: 1.581e-04  Time cost: 3:44:10/07:33 [3:44:11/34:53:13]  Acc_iter 53750       Data time: 0.00(0.00)  Forward time: 0.23(0.25)  Batch time: 0.23(0.25)
2026-08-13 17:09:10,863   INFO  Train:    1/10 ( 10%) [53799/55563 ( 97%)]  Loss: 0.5367 (1.45)  LR: 1.583e-04  Time cost: 3:44:22/07:21 [3:44:23/34:52:58]  Acc_iter 53800       Data time: 0.00(0.00)  Forward time: 0.22(0.25)  Batch time: 0.22(0.25)
2026-08-13 17:09:23,017   INFO  Train:    1/10 ( 10%) [53849/55563 ( 97%)]  Loss: 0.5989 (1.45)  LR: 1.585e-04  Time cost: 3:44:35/07:08 [3:44:36/34:52:42]  Acc_iter 53850       Data time: 0.00(0.00)  Forward time: 0.23(0.25)  Batch time: 0.23(0.25)
2026-08-13 17:09:23,472   INFO  a1e06a0b30c0                Thu Aug 13 17:09:23 2026  580.173.02
[0] NVIDIA GeForce RTX 3070 | 71°C,  98 % |  6810 /  8192 MB | root(6420M)

2026-08-13 17:09:35,543   INFO  Train:    1/10 ( 10%) [53899/55563 ( 97%)]  Loss: 1.709 (1.45)  LR: 1.587e-04  Time cost: 3:44:47/06:56 [3:44:48/34:52:30]  Acc_iter 53900       Data time: 0.00(0.00)  Forward time: 0.21(0.25)  Batch time: 0.21(0.25)
2026-08-13 17:09:47,674   INFO  Train:    1/10 ( 10%) [53949/55563 ( 97%)]  Loss: 1.317 (1.45)  LR: 1.588e-04  Time cost: 3:44:59/06:43 [3:45:00/34:52:14]  Acc_iter 53950       Data time: 0.00(0.00)  Forward time: 0.25(0.25)  Batch time: 0.25(0.25)
2026-08-13 17:09:48,027   INFO  Save latest model to /OpenPCDet/output/OpenPCDet/tools/cfgs/models/S/F/S_F_N/default/ckpt/latest_model
2026-08-13 17:09:59,817   INFO  Train:    1/10 ( 10%) [53999/55563 ( 97%)]  Loss: 1.111 (1.45)  LR: 1.590e-04  Time cost: 3:45:11/06:31 [3:45:12/34:51:58]  Acc_iter 54000       Data time: 0.00(0.00)  Forward time: 0.25(0.25)  Batch time: 0.25(0.25)
2026-08-13 17:10:00,252   INFO  a1e06a0b30c0                Thu Aug 13 17:10:00 2026  580.173.02
[0] NVIDIA GeForce RTX 3070 | 71°C,  75 % |  6810 /  8192 MB | root(6420M)

2026-08-13 17:10:12,509   INFO  Train:    1/10 ( 10%) [54049/55563 ( 97%)]  Loss: 0.9946 (1.45)  LR: 1.592e-04  Time cost: 3:45:24/06:18 [3:45:25/34:51:47]  Acc_iter 54050       Data time: 0.00(0.00)  Forward time: 0.25(0.25)  Batch time: 0.25(0.25)
2026-08-13 17:10:24,789   INFO  Train:    1/10 ( 10%) [54099/55563 ( 97%)]  Loss: 1.600 (1.45)  LR: 1.594e-04  Time cost: 3:45:36/06:06 [3:45:37/34:51:33]  Acc_iter 54100       Data time: 0.00(0.00)  Forward time: 0.26(0.25)  Batch time: 0.26(0.25)
2026-08-13 17:10:37,274   INFO  Train:    1/10 ( 10%) [54149/55563 ( 97%)]  Loss: 0.9268 (1.45)  LR: 1.596e-04  Time cost: 3:45:49/05:53 [3:45:50/34:51:20]  Acc_iter 54150       Data time: 0.00(0.00)  Forward time: 0.23(0.25)  Batch time: 0.24(0.25)
2026-08-13 17:10:37,663   INFO  a1e06a0b30c0                Thu Aug 13 17:10:37 2026  580.173.02
[0] NVIDIA GeForce RTX 3070 | 68°C,  51 % |  6810 /  8192 MB | root(6420M)

2026-08-13 17:10:49,606   INFO  Train:    1/10 ( 10%) [54199/55563 ( 98%)]  Loss: 1.113 (1.45)  LR: 1.598e-04  Time cost: 3:46:01/05:41 [3:46:02/34:51:06]  Acc_iter 54200       Data time: 0.00(0.00)  Forward time: 0.21(0.25)  Batch time: 0.22(0.25)
2026-08-13 17:11:01,907   INFO  Train:    1/10 ( 10%) [54249/55563 ( 98%)]  Loss: 1.190 (1.45)  LR: 1.600e-04  Time cost: 3:46:14/05:28 [3:46:14/34:50:51]  Acc_iter 54250       Data time: 0.00(0.00)  Forward time: 0.26(0.25)  Batch time: 0.26(0.25)
2026-08-13 17:11:14,112   INFO  Train:    1/10 ( 10%) [54299/55563 ( 98%)]  Loss: 0.8386 (1.45)  LR: 1.602e-04  Time cost: 3:46:26/05:16 [3:46:27/34:50:36]  Acc_iter 54300       Data time: 0.00(0.00)  Forward time: 0.23(0.25)  Batch time: 0.23(0.25)
2026-08-13 17:11:14,495   INFO  a1e06a0b30c0                Thu Aug 13 17:11:14 2026  580.173.02
[0] NVIDIA GeForce RTX 3070 | 73°C,  99 % |  6810 /  8192 MB | root(6420M)

2026-08-13 17:11:27,141   INFO  Train:    1/10 ( 10%) [54349/55563 ( 98%)]  Loss: 2.012 (1.45)  LR: 1.604e-04  Time cost: 3:46:39/05:03 [3:46:40/34:50:28]  Acc_iter 54350       Data time: 0.00(0.00)  Forward time: 0.26(0.25)  Batch time: 0.27(0.25)
2026-08-13 17:11:39,456   INFO  Train:    1/10 ( 10%) [54399/55563 ( 98%)]  Loss: 1.157 (1.45)  LR: 1.606e-04  Time cost: 3:46:51/04:51 [3:46:52/34:50:14]  Acc_iter 54400       Data time: 0.00(0.00)  Forward time: 0.24(0.25)  Batch time: 0.24(0.25)
2026-08-13 17:11:51,467   INFO  Train:    1/10 ( 10%) [54449/55563 ( 98%)]  Loss: 0.6002 (1.45)  LR: 1.607e-04  Time cost: 3:47:03/04:38 [3:47:04/34:49:57]  Acc_iter 54450       Data time: 0.00(0.00)  Forward time: 0.23(0.25)  Batch time: 0.23(0.25)
2026-08-13 17:11:51,843   INFO  a1e06a0b30c0                Thu Aug 13 17:11:51 2026  580.173.02
[0] NVIDIA GeForce RTX 3070 | 71°C,  95 % |  6810 /  8192 MB | root(6420M)

2026-08-13 17:12:04,379   INFO  Train:    1/10 ( 10%) [54499/55563 ( 98%)]  Loss: 1.337 (1.45)  LR: 1.609e-04  Time cost: 3:47:16/04:26 [3:47:17/34:49:48]  Acc_iter 54500       Data time: 0.00(0.00)  Forward time: 0.22(0.25)  Batch time: 0.22(0.25)
2026-08-13 17:12:16,702   INFO  Train:    1/10 ( 10%) [54549/55563 ( 98%)]  Loss: 1.833 (1.45)  LR: 1.611e-04  Time cost: 3:47:28/04:13 [3:47:29/34:49:34]  Acc_iter 54550       Data time: 0.00(0.00)  Forward time: 0.25(0.25)  Batch time: 0.25(0.25)
2026-08-13 17:12:28,985   INFO  Train:    1/10 ( 10%) [54599/55563 ( 98%)]  Loss: 1.252 (1.45)  LR: 1.613e-04  Time cost: 3:47:41/04:01 [3:47:42/34:49:19]  Acc_iter 54600       Data time: 0.00(0.00)  Forward time: 0.21(0.25)  Batch time: 0.21(0.25)
2026-08-13 17:12:29,362   INFO  a1e06a0b30c0                Thu Aug 13 17:12:29 2026  580.173.02
[0] NVIDIA GeForce RTX 3070 | 72°C,  74 % |  6808 /  8192 MB | root(6420M)

2026-08-13 17:12:41,452   INFO  Train:    1/10 ( 10%) [54649/55563 ( 98%)]  Loss: 1.797 (1.45)  LR: 1.615e-04  Time cost: 3:47:53/03:48 [3:47:54/34:49:06]  Acc_iter 54650       Data time: 0.00(0.00)  Forward time: 0.26(0.25)  Batch time: 0.26(0.25)
2026-08-13 17:12:53,723   INFO  Train:    1/10 ( 10%) [54699/55563 ( 98%)]  Loss: 1.154 (1.45)  LR: 1.617e-04  Time cost: 3:48:05/03:36 [3:48:06/34:48:51]  Acc_iter 54700       Data time: 0.00(0.00)  Forward time: 0.25(0.25)  Batch time: 0.25(0.25)
2026-08-13 17:13:05,979   INFO  Train:    1/10 ( 10%) [54749/55563 ( 99%)]  Loss: 0.8659 (1.45)  LR: 1.619e-04  Time cost: 3:48:18/03:23 [3:48:19/34:48:37]  Acc_iter 54750       Data time: 0.00(0.00)  Forward time: 0.26(0.25)  Batch time: 0.26(0.25)
2026-08-13 17:13:06,395   INFO  a1e06a0b30c0                Thu Aug 13 17:13:06 2026  580.173.02
[0] NVIDIA GeForce RTX 3070 | 72°C,  95 % |  6808 /  8192 MB | root(6420M)

2026-08-13 17:13:18,919   INFO  Train:    1/10 ( 10%) [54799/55563 ( 99%)]  Loss: 0.6685 (1.45)  LR: 1.621e-04  Time cost: 3:48:31/03:11 [3:48:31/34:48:28]  Acc_iter 54800       Data time: 0.00(0.00)  Forward time: 0.28(0.25)  Batch time: 0.28(0.25)
2026-08-13 17:13:31,275   INFO  Train:    1/10 ( 10%) [54849/55563 ( 99%)]  Loss: 1.254 (1.45)  LR: 1.623e-04  Time cost: 3:48:43/02:58 [3:48:44/34:48:14]  Acc_iter 54850       Data time: 0.00(0.00)  Forward time: 0.23(0.25)  Batch time: 0.23(0.25)
2026-08-13 17:13:43,238   INFO  Train:    1/10 ( 10%) [54899/55563 ( 99%)]  Loss: 1.382 (1.45)  LR: 1.625e-04  Time cost: 3:48:55/02:46 [3:48:56/34:47:57]  Acc_iter 54900       Data time: 0.00(0.00)  Forward time: 0.26(0.25)  Batch time: 0.26(0.25)
2026-08-13 17:13:43,659   INFO  a1e06a0b30c0                Thu Aug 13 17:13:43 2026  580.173.02
[0] NVIDIA GeForce RTX 3070 | 67°C,   2 % |  6808 /  8192 MB | root(6420M)

2026-08-13 17:13:55,655   INFO  Train:    1/10 ( 10%) [54949/55563 ( 99%)]  Loss: 0.6012 (1.45)  LR: 1.627e-04  Time cost: 3:49:07/02:33 [3:49:08/34:47:43]  Acc_iter 54950       Data time: 0.00(0.00)  Forward time: 0.23(0.25)  Batch time: 0.24(0.25)
2026-08-13 17:14:08,193   INFO  Train:    1/10 ( 10%) [54999/55563 ( 99%)]  Loss: 1.705 (1.45)  LR: 1.628e-04  Time cost: 3:49:20/02:21 [3:49:21/34:47:31]  Acc_iter 55000       Data time: 0.00(0.00)  Forward time: 0.29(0.25)  Batch time: 0.29(0.25)
2026-08-13 17:14:20,441   INFO  Train:    1/10 ( 10%) [55049/55563 ( 99%)]  Loss: 1.554 (1.45)  LR: 1.630e-04  Time cost: 3:49:32/02:08 [3:49:33/34:47:16]  Acc_iter 55050       Data time: 0.00(0.00)  Forward time: 0.25(0.25)  Batch time: 0.25(0.25)
2026-08-13 17:14:20,821   INFO  a1e06a0b30c0                Thu Aug 13 17:14:20 2026  580.173.02
[0] NVIDIA GeForce RTX 3070 | 73°C,  94 % |  6808 /  8192 MB | root(6420M)

2026-08-13 17:14:32,878   INFO  Train:    1/10 ( 10%) [55099/55563 ( 99%)]  Loss: 3.032 (1.45)  LR: 1.632e-04  Time cost: 3:49:44/01:56 [3:49:45/34:47:03]  Acc_iter 55100       Data time: 0.00(0.00)  Forward time: 0.27(0.25)  Batch time: 0.27(0.25)
2026-08-13 17:14:45,066   INFO  Train:    1/10 ( 10%) [55149/55563 ( 99%)]  Loss: 2.354 (1.45)  LR: 1.634e-04  Time cost: 3:49:57/01:43 [3:49:58/34:46:48]  Acc_iter 55150       Data time: 0.00(0.00)  Forward time: 0.25(0.25)  Batch time: 0.25(0.25)
2026-08-13 17:14:48,060   INFO  Save latest model to /OpenPCDet/output/OpenPCDet/tools/cfgs/models/S/F/S_F_N/default/ckpt/latest_model
2026-08-13 17:14:57,511   INFO  Train:    1/10 ( 10%) [55199/55563 ( 99%)]  Loss: 1.425 (1.45)  LR: 1.636e-04  Time cost: 3:50:09/01:31 [3:50:10/34:46:35]  Acc_iter 55200       Data time: 0.00(0.00)  Forward time: 0.26(0.25)  Batch time: 0.26(0.25)
2026-08-13 17:14:57,969   INFO  a1e06a0b30c0                Thu Aug 13 17:14:57 2026  580.173.02
[0] NVIDIA GeForce RTX 3070 | 73°C,  65 % |  6808 /  8192 MB | root(6420M)

2026-08-13 17:15:10,313   INFO  Train:    1/10 ( 10%) [55249/55563 ( 99%)]  Loss: 1.226 (1.45)  LR: 1.638e-04  Time cost: 3:50:22/01:18 [3:50:23/34:46:25]  Acc_iter 55250       Data time: 0.00(0.00)  Forward time: 0.26(0.25)  Batch time: 0.26(0.25)
2026-08-13 17:15:22,671   INFO  Train:    1/10 ( 10%) [55299/55563 (100%)]  Loss: 1.377 (1.45)  LR: 1.640e-04  Time cost: 3:50:34/01:06 [3:50:35/34:46:11]  Acc_iter 55300       Data time: 0.00(0.00)  Forward time: 0.25(0.25)  Batch time: 0.25(0.25)
2026-08-13 17:15:34,622   INFO  Train:    1/10 ( 10%) [55349/55563 (100%)]  Loss: 1.268 (1.45)  LR: 1.642e-04  Time cost: 3:50:46/00:53 [3:50:47/34:45:53]  Acc_iter 55350       Data time: 0.00(0.00)  Forward time: 0.22(0.25)  Batch time: 0.22(0.25)
2026-08-13 17:15:34,992   INFO  a1e06a0b30c0                Thu Aug 13 17:15:34 2026  580.173.02
[0] NVIDIA GeForce RTX 3070 | 73°C,  82 % |  6810 /  8192 MB | root(6420M)

2026-08-13 17:15:47,037   INFO  Train:    1/10 ( 10%) [55399/55563 (100%)]  Loss: 1.742 (1.44)  LR: 1.644e-04  Time cost: 3:50:59/00:41 [3:51:00/34:45:40]  Acc_iter 55400       Data time: 0.00(0.00)  Forward time: 0.24(0.25)  Batch time: 0.24(0.25)
2026-08-13 17:15:59,765   INFO  Train:    1/10 ( 10%) [55449/55563 (100%)]  Loss: 1.845 (1.44)  LR: 1.646e-04  Time cost: 3:51:11/00:28 [3:51:12/34:45:29]  Acc_iter 55450       Data time: 0.00(0.00)  Forward time: 0.26(0.25)  Batch time: 0.27(0.25)
2026-08-13 17:16:11,897   INFO  Train:    1/10 ( 10%) [55499/55563 (100%)]  Loss: 1.393 (1.44)  LR: 1.648e-04  Time cost: 3:51:24/00:16 [3:51:24/34:45:13]  Acc_iter 55500       Data time: 0.00(0.00)  Forward time: 0.27(0.25)  Batch time: 0.28(0.25)
2026-08-13 17:16:12,286   INFO  a1e06a0b30c0                Thu Aug 13 17:16:12 2026  580.173.02
[0] NVIDIA GeForce RTX 3070 | 73°C,  71 % |  6810 /  8192 MB | root(6420M)

2026-08-13 17:16:24,423   INFO  Train:    1/10 ( 10%) [55549/55563 (100%)]  Loss: 1.476 (1.44)  LR: 1.649e-04  Time cost: 3:51:36/00:03 [3:51:37/34:45:01]  Acc_iter 55550       Data time: 0.00(0.00)  Forward time: 0.27(0.25)  Batch time: 0.27(0.25)
2026-08-13 17:16:27,515   INFO  Train:    1/10 ( 10%) [55562/55563 (100%)]  Loss: 1.224 (1.44)  LR: 1.650e-04  Time cost: 3:51:39/00:00 [3:51:40/34:44:56]  Acc_iter 55563       Data time: 0.00(0.00)  Forward time: 0.24(0.25)  Batch time: 0.24(0.25)
2026-08-13 17:16:29,595   INFO  Train:    2/10 ( 20%) [   0/55563 (  0%)]  Loss: 0.7436 (0.744)  LR: 1.650e-04  Time cost: 00:01/22:16:42 [3:51:42/200:30:22]  Acc_iter 55564       Data time: 1.10(1.10)  Forward time: 0.34(0.34)  Batch time: 1.44(1.44)
2026-08-13 17:16:38,253   INFO  Train:    2/10 ( 20%) [  36/55563 (  0%)]  Loss: 2.794 (1.30)  LR: 1.651e-04  Time cost: 00:10/4:12:39 [3:51:51/37:55:17]  Acc_iter 55600       Data time: 0.00(0.03)  Forward time: 0.25(0.24)  Batch time: 0.25(0.27)
2026-08-13 17:16:50,558   INFO  Train:    2/10 ( 20%) [  86/55563 (  0%)]  Loss: 1.001 (1.31)  LR: 1.653e-04  Time cost: 00:22/3:58:07 [3:52:03/35:46:07]  Acc_iter 55650       Data time: 0.00(0.01)  Forward time: 0.26(0.24)  Batch time: 0.26(0.26)
2026-08-13 17:16:50,987   INFO  a1e06a0b30c0                Thu Aug 13 17:16:50 2026  580.173.02
[0] NVIDIA GeForce RTX 3070 | 72°C,  70 % |  6811 /  8192 MB | root(6420M)

2026-08-13 17:17:03,146   INFO  Train:    2/10 ( 20%) [ 136/55563 (  0%)]  Loss: 1.242 (1.33)  LR: 1.655e-04  Time cost: 00:34/3:55:57 [3:52:16/35:28:17]  Acc_iter 55700       Data time: 0.00(0.01)  Forward time: 0.25(0.24)  Batch time: 0.26(0.26)
2026-08-13 17:17:14,991   INFO  Train:    2/10 ( 20%) [ 186/55563 (  0%)]  Loss: 1.647 (1.32)  LR: 1.657e-04  Time cost: 00:46/3:51:10 [3:52:28/34:46:47]  Acc_iter 55750       Data time: 0.00(0.01)  Forward time: 0.24(0.24)  Batch time: 0.24(0.25)
2026-08-13 17:17:26,921   INFO  Train:    2/10 ( 20%) [ 236/55563 (  0%)]  Loss: 1.702 (1.33)  LR: 1.659e-04  Time cost: 00:58/3:48:39 [3:52:39/34:25:44]  Acc_iter 55800       Data time: 0.00(0.01)  Forward time: 0.23(0.24)  Batch time: 0.24(0.25)
2026-08-13 17:17:27,290   INFO  a1e06a0b30c0                Thu Aug 13 17:17:27 2026  580.173.02
[0] NVIDIA GeForce RTX 3070 | 74°C,  95 % |  6805 /  8192 MB | root(6420M)

2026-08-13 17:17:39,710   INFO  Train:    2/10 ( 20%) [ 286/55563 (  1%)]  Loss: 1.339 (1.32)  LR: 1.661e-04  Time cost: 01:11/3:49:42 [3:52:52/34:36:51]  Acc_iter 55850       Data time: 0.00(0.01)  Forward time: 0.24(0.24)  Batch time: 0.25(0.25)
2026-08-13 17:17:52,096   INFO  Train:    2/10 ( 20%) [ 336/55563 (  1%)]  Loss: 0.6194 (1.30)  LR: 1.663e-04  Time cost: 01:23/3:49:16 [3:53:05/34:34:39]  Acc_iter 55900       Data time: 0.00(0.01)  Forward time: 0.22(0.24)  Batch time: 0.23(0.25)
2026-08-13 17:18:04,071   INFO  Train:    2/10 ( 20%) [ 386/55563 (  1%)]  Loss: 1.117 (1.29)  LR: 1.665e-04  Time cost: 01:35/3:47:55 [3:53:17/34:24:07]  Acc_iter 55950       Data time: 0.00(0.01)  Forward time: 0.25(0.24)  Batch time: 0.25(0.25)
2026-08-13 17:18:04,446   INFO  a1e06a0b30c0                Thu Aug 13 17:18:04 2026  580.173.02
[0] NVIDIA GeForce RTX 3070 | 73°C,  80 % |  6805 /  8192 MB | root(6420M)

2026-08-13 17:18:16,463   INFO  Train:    2/10 ( 20%) [ 436/55563 (  1%)]  Loss: 1.468 (1.29)  LR: 1.667e-04  Time cost: 01:48/3:47:43 [3:53:29/34:23:54]  Acc_iter 56000       Data time: 0.00(0.01)  Forward time: 0.24(0.24)  Batch time: 0.24(0.25)
2026-08-13 17:18:28,797   INFO  Train:    2/10 ( 20%) [ 486/55563 (  1%)]  Loss: 2.439 (1.29)  LR: 1.669e-04  Time cost: 02:00/3:47:24 [3:53:41/34:22:42]  Acc_iter 56050       Data time: 0.00(0.01)  Forward time: 0.23(0.24)  Batch time: 0.23(0.25)
2026-08-13 17:18:40,998   INFO  Train:    2/10 ( 20%) [ 536/55563 (  1%)]  Loss: 1.114 (1.29)  LR: 1.670e-04  Time cost: 02:12/3:46:52 [3:53:54/34:19:36]  Acc_iter 56100       Data time: 0.00(0.01)  Forward time: 0.25(0.24)  Batch time: 0.25(0.25)
2026-08-13 17:18:41,453   INFO  a1e06a0b30c0                Thu Aug 13 17:18:41 2026  580.173.02
[0] NVIDIA GeForce RTX 3070 | 72°C,  93 % |  6811 /  8192 MB | root(6420M)

2026-08-13 17:18:53,678   INFO  Train:    2/10 ( 20%) [ 586/55563 (  1%)]  Loss: 1.145 (1.29)  LR: 1.672e-04  Time cost: 02:25/3:47:09 [3:54:06/34:23:49]  Acc_iter 56150       Data time: 0.00(0.01)  Forward time: 0.27(0.24)  Batch time: 0.27(0.25)
2026-08-13 17:19:05,799   INFO  Train:    2/10 ( 20%) [ 636/55563 (  1%)]  Loss: 1.327 (1.29)  LR: 1.674e-04  Time cost: 02:37/3:46:33 [3:54:18/34:20:01]  Acc_iter 56200       Data time: 0.00(0.01)  Forward time: 0.26(0.24)  Batch time: 0.26(0.25)
2026-08-13 17:19:17,848   INFO  Train:    2/10 ( 20%) [ 686/55563 (  1%)]  Loss: 1.819 (1.29)  LR: 1.676e-04  Time cost: 02:49/3:45:55 [3:54:30/34:15:52]  Acc_iter 56250       Data time: 0.00(0.01)  Forward time: 0.24(0.24)  Batch time: 0.24(0.25)
2026-08-13 17:19:18,274   INFO  a1e06a0b30c0                Thu Aug 13 17:19:18 2026  580.173.02
[0] NVIDIA GeForce RTX 3070 | 72°C,  95 % |  6811 /  8192 MB | root(6420M)

2026-08-13 17:19:30,655   INFO  Train:    2/10 ( 20%) [ 736/55563 (  1%)]  Loss: 1.385 (1.29)  LR: 1.678e-04  Time cost: 03:02/3:46:16 [3:54:43/34:20:49]  Acc_iter 56300       Data time: 0.00(0.01)  Forward time: 0.22(0.24)  Batch time: 0.22(0.25)
2026-08-13 17:19:43,105   INFO  Train:    2/10 ( 20%) [ 786/55563 (  1%)]  Loss: 1.100 (1.28)  LR: 1.680e-04  Time cost: 03:14/3:46:09 [3:54:56/34:21:20]  Acc_iter 56350       Data time: 0.00(0.01)  Forward time: 0.22(0.24)  Batch time: 0.23(0.25)
2026-08-13 17:19:55,257   INFO  Train:    2/10 ( 20%) [ 836/55563 (  2%)]  Loss: 1.736 (1.28)  LR: 1.682e-04  Time cost: 03:27/3:45:41 [3:55:08/34:18:48]  Acc_iter 56400       Data time: 0.00(0.01)  Forward time: 0.24(0.24)  Batch time: 0.24(0.25)
2026-08-13 17:19:55,631   INFO  a1e06a0b30c0                Thu Aug 13 17:19:55 2026  580.173.02
[0] NVIDIA GeForce RTX 3070 | 68°C,   1 % |  6811 /  8192 MB | root(6420M)

2026-08-13 17:20:08,024   INFO  Train:    2/10 ( 20%) [ 886/55563 (  2%)]  Loss: 1.648 (1.28)  LR: 1.684e-04  Time cost: 03:39/3:45:53 [3:55:21/34:22:18]  Acc_iter 56450       Data time: 0.00(0.01)  Forward time: 0.24(0.24)  Batch time: 0.24(0.25)
2026-08-13 17:20:20,177   INFO  Train:    2/10 ( 20%) [ 936/55563 (  2%)]  Loss: 1.685 (1.27)  LR: 1.686e-04  Time cost: 03:52/3:45:27 [3:55:33/34:19:57]  Acc_iter 56500       Data time: 0.00(0.00)  Forward time: 0.25(0.24)  Batch time: 0.25(0.25)
2026-08-13 17:20:32,360   INFO  Train:    2/10 ( 20%) [ 986/55563 (  2%)]  Loss: 1.288 (1.27)  LR: 1.688e-04  Time cost: 04:04/3:45:03 [3:55:45/34:18:05]  Acc_iter 56550       Data time: 0.00(0.00)  Forward time: 0.22(0.24)  Batch time: 0.22(0.25)
2026-08-13 17:20:32,822   INFO  a1e06a0b30c0                Thu Aug 13 17:20:32 2026  580.173.02
[0] NVIDIA GeForce RTX 3070 | 73°C,  28 % |  6811 /  8192 MB | root(6420M)

2026-08-13 17:20:44,877   INFO  Train:    2/10 ( 20%) [1036/55563 (  2%)]  Loss: 1.577 (1.28)  LR: 1.690e-04  Time cost: 04:16/3:44:58 [3:55:57/34:19:02]  Acc_iter 56600       Data time: 0.00(0.01)  Forward time: 0.20(0.24)  Batch time: 0.20(0.25)
2026-08-13 17:20:57,089   INFO  Train:    2/10 ( 20%) [1086/55563 (  2%)]  Loss: 1.435 (1.27)  LR: 1.691e-04  Time cost: 04:28/3:44:38 [3:56:10/34:17:34]  Acc_iter 56650       Data time: 0.00(0.00)  Forward time: 0.25(0.24)  Batch time: 0.25(0.25)
2026-08-13 17:21:09,301   INFO  Train:    2/10 ( 20%) [1136/55563 (  2%)]  Loss: 1.263 (1.27)  LR: 1.693e-04  Time cost: 04:41/3:44:18 [3:56:22/34:16:11]  Acc_iter 56700       Data time: 0.00(0.00)  Forward time: 0.26(0.24)  Batch time: 0.26(0.25)
2026-08-13 17:21:09,697   INFO  a1e06a0b30c0                Thu Aug 13 17:21:09 2026  580.173.02
[0] NVIDIA GeForce RTX 3070 | 66°C,   3 % |  6811 /  8192 MB | root(6420M)

2026-08-13 17:21:21,951   INFO  Train:    2/10 ( 20%) [1186/55563 (  2%)]  Loss: 0.5457 (1.26)  LR: 1.695e-04  Time cost: 04:53/3:44:19 [3:56:35/34:18:00]  Acc_iter 56750       Data time: 0.00(0.00)  Forward time: 0.22(0.24)  Batch time: 0.22(0.25)
2026-08-13 17:21:28,518   INFO  Save latest model to /OpenPCDet/output/OpenPCDet/tools/cfgs/models/S/F/S_F_N/default/ckpt/latest_model
2026-08-13 17:21:34,353   INFO  Train:    2/10 ( 20%) [1236/55563 (  2%)]  Loss: 1.098 (1.27)  LR: 1.697e-04  Time cost: 05:06/3:44:07 [3:56:47/34:17:58]  Acc_iter 56800       Data time: 0.00(0.00)  Forward time: 0.25(0.24)  Batch time: 0.25(0.25)
2026-08-13 17:21:46,542   INFO  Train:    2/10 ( 20%) [1286/55563 (  2%)]  Loss: 1.345 (1.27)  LR: 1.699e-04  Time cost: 05:18/3:43:47 [3:56:59/34:16:32]  Acc_iter 56850       Data time: 0.00(0.00)  Forward time: 0.28(0.24)  Batch time: 0.28(0.25)
2026-08-13 17:21:46,939   INFO  a1e06a0b30c0                Thu Aug 13 17:21:46 2026  580.173.02
[0] NVIDIA GeForce RTX 3070 | 71°C,  95 % |  7073 /  8192 MB | root(6420M)

2026-08-13 17:21:59,731   INFO  Train:    2/10 ( 20%) [1336/55563 (  2%)]  Loss: 1.407 (1.27)  LR: 1.701e-04  Time cost: 05:31/3:44:08 [3:57:12/34:21:26]  Acc_iter 56900       Data time: 0.00(0.00)  Forward time: 0.25(0.24)  Batch time: 0.25(0.25)
2026-08-13 17:22:12,335   INFO  Train:    2/10 ( 20%) [1386/55563 (  2%)]  Loss: 1.184 (1.27)  LR: 1.703e-04  Time cost: 05:44/3:44:03 [3:57:25/34:22:27]  Acc_iter 56950       Data time: 0.00(0.00)  Forward time: 0.26(0.24)  Batch time: 0.26(0.25)
2026-08-13 17:22:25,945   INFO  Train:    2/10 ( 20%) [1436/55563 (  3%)]  Loss: 1.016 (1.27)  LR: 1.705e-04  Time cost: 05:57/3:44:36 [3:57:39/34:29:12]  Acc_iter 57000       Data time: 0.00(0.00)  Forward time: 0.25(0.24)  Batch time: 0.25(0.25)
2026-08-13 17:22:26,458   INFO  a1e06a0b30c0                Thu Aug 13 17:22:26 2026  580.173.02
[0] NVIDIA GeForce RTX 3070 | 70°C,  99 % |  7050 /  8192 MB | root(6420M)

2026-08-13 17:22:39,104   INFO  Train:    2/10 ( 20%) [1486/55563 (  3%)]  Loss: 1.702 (1.27)  LR: 1.707e-04  Time cost: 06:10/3:44:50 [3:57:52/34:32:57]  Acc_iter 57050       Data time: 0.00(0.00)  Forward time: 0.25(0.24)  Batch time: 0.25(0.25)
2026-08-13 17:22:51,676   INFO  Train:    2/10 ( 20%) [1536/55563 (  3%)]  Loss: 0.8663 (1.27)  LR: 1.709e-04  Time cost: 06:23/3:44:41 [3:58:04/34:33:17]  Acc_iter 57100       Data time: 0.00(0.00)  Forward time: 0.24(0.24)  Batch time: 0.24(0.25)
2026-08-13 17:23:04,485   INFO  Train:    2/10 ( 20%) [1586/55563 (  3%)]  Loss: 0.9245 (1.27)  LR: 1.711e-04  Time cost: 06:36/3:44:40 [3:58:17/34:34:49]  Acc_iter 57150       Data time: 0.00(0.00)  Forward time: 0.25(0.25)  Batch time: 0.25(0.25)
2026-08-13 17:23:04,886   INFO  a1e06a0b30c0                Thu Aug 13 17:23:04 2026  580.173.02
[0] NVIDIA GeForce RTX 3070 | 69°C,  91 % |  7050 /  8192 MB | root(6420M)

2026-08-13 17:23:17,695   INFO  Train:    2/10 ( 20%) [1636/55563 (  3%)]  Loss: 1.147 (1.27)  LR: 1.712e-04  Time cost: 06:49/3:44:51 [3:58:30/34:38:16]  Acc_iter 57200       Data time: 0.00(0.00)  Forward time: 0.26(0.25)  Batch time: 0.26(0.25)
2026-08-13 17:23:30,720   INFO  Train:    2/10 ( 20%) [1686/55563 (  3%)]  Loss: 1.105 (1.27)  LR: 1.714e-04  Time cost: 07:02/3:44:55 [3:58:43/34:40:36]  Acc_iter 57250       Data time: 0.00(0.00)  Forward time: 0.27(0.25)  Batch time: 0.27(0.25)
2026-08-13 17:23:43,514   INFO  Train:    2/10 ( 20%) [1736/55563 (  3%)]  Loss: 1.018 (1.27)  LR: 1.716e-04  Time cost: 07:15/3:44:51 [3:58:56/34:41:41]  Acc_iter 57300       Data time: 0.00(0.00)  Forward time: 0.26(0.25)  Batch time: 0.26(0.25)
2026-08-13 17:23:43,908   INFO  a1e06a0b30c0                Thu Aug 13 17:23:43 2026  580.173.02
[0] NVIDIA GeForce RTX 3070 | 69°C,  80 % |  7050 /  8192 MB | root(6420M)

2026-08-13 17:23:56,824   INFO  Train:    2/10 ( 20%) [1786/55563 (  3%)]  Loss: 0.9226 (1.27)  LR: 1.718e-04  Time cost: 07:28/3:45:02 [3:59:09/34:45:06]  Acc_iter 57350       Data time: 0.00(0.00)  Forward time: 0.22(0.25)  Batch time: 0.22(0.25)
2026-08-13 17:24:09,420   INFO  Train:    2/10 ( 20%) [1836/55563 (  3%)]  Loss: 0.7554 (1.27)  LR: 1.720e-04  Time cost: 07:41/3:44:50 [3:59:22/34:45:05]  Acc_iter 57400       Data time: 0.00(0.00)  Forward time: 0.26(0.25)  Batch time: 0.26(0.25)
2026-08-13 17:24:22,304   INFO  Train:    2/10 ( 20%) [1886/55563 (  3%)]  Loss: 2.642 (1.27)  LR: 1.722e-04  Time cost: 07:54/3:44:47 [3:59:35/34:46:19]  Acc_iter 57450       Data time: 0.00(0.00)  Forward time: 0.30(0.25)  Batch time: 0.30(0.25)
2026-08-13 17:24:22,770   INFO  a1e06a0b30c0                Thu Aug 13 17:24:22 2026  580.173.02
[0] NVIDIA GeForce RTX 3070 | 66°C,   6 % |  7054 /  8192 MB | root(6420M)

2026-08-13 17:24:35,264   INFO  Train:    2/10 ( 20%) [1936/55563 (  3%)]  Loss: 1.889 (1.27)  LR: 1.724e-04  Time cost: 08:07/3:44:45 [3:59:48/34:47:48]  Acc_iter 57500       Data time: 0.00(0.00)  Forward time: 0.29(0.25)  Batch time: 0.29(0.25)
2026-08-13 17:24:47,799   INFO  Train:    2/10 ( 20%) [1986/55563 (  4%)]  Loss: 1.059 (1.27)  LR: 1.726e-04  Time cost: 08:19/3:44:32 [4:00:00/34:47:26]  Acc_iter 57550       Data time: 0.00(0.00)  Forward time: 0.22(0.25)  Batch time: 0.22(0.25)
2026-08-13 17:25:00,723   INFO  Train:    2/10 ( 20%) [2036/55563 (  4%)]  Loss: 0.7340 (1.27)  LR: 1.728e-04  Time cost: 08:32/3:44:29 [4:00:13/34:48:39]  Acc_iter 57600       Data time: 0.00(0.00)  Forward time: 0.24(0.25)  Batch time: 0.25(0.25)
2026-08-13 17:25:01,141   INFO  a1e06a0b30c0                Thu Aug 13 17:25:01 2026  580.173.02
[0] NVIDIA GeForce RTX 3070 | 65°C,  99 % |  7054 /  8192 MB | root(6420M)

2026-08-13 17:25:13,884   INFO  Train:    2/10 ( 20%) [2086/55563 (  4%)]  Loss: 0.7135 (1.27)  LR: 1.730e-04  Time cost: 08:45/3:44:31 [4:00:26/34:50:45]  Acc_iter 57650       Data time: 0.00(0.00)  Forward time: 0.24(0.25)  Batch time: 0.24(0.25)
2026-08-13 17:25:27,010   INFO  Train:    2/10 ( 20%) [2136/55563 (  4%)]  Loss: 1.610 (1.27)  LR: 1.731e-04  Time cost: 08:58/3:44:31 [4:00:40/34:52:36]  Acc_iter 57700       Data time: 0.00(0.00)  Forward time: 0.26(0.25)  Batch time: 0.26(0.25)
2026-08-13 17:25:39,742   INFO  Train:    2/10 ( 20%) [2186/55563 (  4%)]  Loss: 1.126 (1.27)  LR: 1.733e-04  Time cost: 09:11/3:44:22 [4:00:52/34:52:52]  Acc_iter 57750       Data time: 0.00(0.00)  Forward time: 0.27(0.25)  Batch time: 0.27(0.25)
2026-08-13 17:25:40,154   INFO  a1e06a0b30c0                Thu Aug 13 17:25:40 2026  580.173.02
[0] NVIDIA GeForce RTX 3070 | 65°C,  99 % |  7054 /  8192 MB | root(6420M)

2026-08-13 17:25:52,681   INFO  Train:    2/10 ( 20%) [2236/55563 (  4%)]  Loss: 1.765 (1.27)  LR: 1.735e-04  Time cost: 09:24/3:44:17 [4:01:05/34:53:52]  Acc_iter 57800       Data time: 0.00(0.00)  Forward time: 0.27(0.25)  Batch time: 0.27(0.25)
2026-08-13 17:26:05,375   INFO  Train:    2/10 ( 20%) [2286/55563 (  4%)]  Loss: 0.7731 (1.27)  LR: 1.737e-04  Time cost: 09:37/3:44:06 [4:01:18/34:53:56]  Acc_iter 57850       Data time: 0.00(0.00)  Forward time: 0.26(0.25)  Batch time: 0.26(0.25)
2026-08-13 17:26:18,174   INFO  Train:    2/10 ( 20%) [2336/55563 (  4%)]  Loss: 0.5038 (1.27)  LR: 1.739e-04  Time cost: 09:50/3:43:58 [4:01:31/34:54:22]  Acc_iter 57900       Data time: 0.00(0.00)  Forward time: 0.25(0.25)  Batch time: 0.25(0.25)
2026-08-13 17:26:18,617   INFO  a1e06a0b30c0                Thu Aug 13 17:26:18 2026  580.173.02
[0] NVIDIA GeForce RTX 3070 | 64°C,   7 % |  7054 /  8192 MB | root(6420M)

2026-08-13 17:26:28,293   INFO  Save latest model to /OpenPCDet/output/OpenPCDet/tools/cfgs/models/S/F/S_F_N/default/ckpt/latest_model
2026-08-13 17:26:31,531   INFO  Train:    2/10 ( 20%) [2386/55563 (  4%)]  Loss: 1.141 (1.27)  LR: 1.741e-04  Time cost: 10:03/3:44:01 [4:01:44/34:56:42]  Acc_iter 57950       Data time: 0.00(0.00)  Forward time: 0.28(0.25)  Batch time: 0.28(0.25)
2026-08-13 17:26:44,167   INFO  Train:    2/10 ( 20%) [2436/55563 (  4%)]  Loss: 0.8744 (1.27)  LR: 1.743e-04  Time cost: 10:16/3:43:49 [4:01:57/34:56:29]  Acc_iter 58000       Data time: 0.00(0.00)  Forward time: 0.26(0.25)  Batch time: 0.26(0.25)
2026-08-13 17:26:57,071   INFO  Train:    2/10 ( 20%) [2486/55563 (  4%)]  Loss: 1.656 (1.27)  LR: 1.745e-04  Time cost: 10:28/3:43:42 [4:02:10/34:57:09]  Acc_iter 58050       Data time: 0.00(0.00)  Forward time: 0.28(0.25)  Batch time: 0.28(0.25)
2026-08-13 17:26:57,466   INFO  a1e06a0b30c0                Thu Aug 13 17:26:57 2026  580.173.02
[0] NVIDIA GeForce RTX 3070 | 71°C,  94 % |  7054 /  8192 MB | root(6420M)

2026-08-13 17:27:10,296   INFO  Train:    2/10 ( 20%) [2536/55563 (  5%)]  Loss: 1.224 (1.27)  LR: 1.747e-04  Time cost: 10:42/3:43:41 [4:02:23/34:58:50]  Acc_iter 58100       Data time: 0.00(0.00)  Forward time: 0.25(0.25)  Batch time: 0.25(0.25)
2026-08-13 17:27:23,548   INFO  Train:    2/10 ( 20%) [2586/55563 (  5%)]  Loss: 1.778 (1.27)  LR: 1.749e-04  Time cost: 10:55/3:43:41 [4:02:36/35:00:32]  Acc_iter 58150       Data time: 0.00(0.00)  Forward time: 0.27(0.25)  Batch time: 0.27(0.25)
2026-08-13 17:27:36,060   INFO  Train:    2/10 ( 20%) [2636/55563 (  5%)]  Loss: 0.9567 (1.27)  LR: 1.751e-04  Time cost: 11:07/3:43:25 [4:02:49/34:59:50]  Acc_iter 58200       Data time: 0.00(0.00)  Forward time: 0.24(0.25)  Batch time: 0.24(0.25)
2026-08-13 17:27:36,512   INFO  a1e06a0b30c0                Thu Aug 13 17:27:36 2026  580.173.02
[0] NVIDIA GeForce RTX 3070 | 71°C,  69 % |  7050 /  8192 MB | root(6420M)

2026-08-13 17:27:49,105   INFO  Train:    2/10 ( 20%) [2686/55563 (  5%)]  Loss: 1.668 (1.27)  LR: 1.752e-04  Time cost: 11:20/3:43:20 [4:03:02/35:00:48]  Acc_iter 58250       Data time: 0.00(0.00)  Forward time: 0.25(0.25)  Batch time: 0.25(0.25)
2026-08-13 17:28:01,822   INFO  Train:    2/10 ( 20%) [2736/55563 (  5%)]  Loss: 1.014 (1.27)  LR: 1.754e-04  Time cost: 11:33/3:43:08 [4:03:14/35:00:44]  Acc_iter 58300       Data time: 0.00(0.00)  Forward time: 0.23(0.25)  Batch time: 0.23(0.25)
2026-08-13 17:28:15,050   INFO  Train:    2/10 ( 20%) [2786/55563 (  5%)]  Loss: 0.8145 (1.27)  LR: 1.756e-04  Time cost: 11:46/3:43:06 [4:03:28/35:02:10]  Acc_iter 58350       Data time: 0.00(0.00)  Forward time: 0.24(0.25)  Batch time: 0.24(0.25)
2026-08-13 17:28:15,451   INFO  a1e06a0b30c0                Thu Aug 13 17:28:15 2026  580.173.02
[0] NVIDIA GeForce RTX 3070 | 70°C,  59 % |  7051 /  8192 MB | root(6420M)

2026-08-13 17:28:28,228   INFO  Train:    2/10 ( 20%) [2836/55563 (  5%)]  Loss: 1.312 (1.27)  LR: 1.758e-04  Time cost: 12:00/3:43:02 [4:03:41/35:03:25]  Acc_iter 58400       Data time: 0.00(0.00)  Forward time: 0.22(0.25)  Batch time: 0.22(0.25)
2026-08-13 17:28:40,554   INFO  Train:    2/10 ( 20%) [2886/55563 (  5%)]  Loss: 0.4781 (1.26)  LR: 1.760e-04  Time cost: 12:12/3:42:43 [4:03:53/35:02:09]  Acc_iter 58450       Data time: 0.00(0.00)  Forward time: 0.22(0.25)  Batch time: 0.22(0.25)
2026-08-13 17:28:53,069   INFO  Train:    2/10 ( 20%) [2936/55563 (  5%)]  Loss: 1.565 (1.26)  LR: 1.762e-04  Time cost: 12:24/3:42:27 [4:04:06/35:01:28]  Acc_iter 58500       Data time: 0.00(0.00)  Forward time: 0.25(0.25)  Batch time: 0.25(0.25)
2026-08-13 17:28:53,483   INFO  a1e06a0b30c0                Thu Aug 13 17:28:53 2026  580.173.02
[0] NVIDIA GeForce RTX 3070 | 70°C,  86 % |  7203 /  8192 MB | root(6572M)

2026-08-13 17:29:06,614   INFO  Train:    2/10 ( 20%) [2986/55563 (  5%)]  Loss: 2.109 (1.26)  LR: 1.764e-04  Time cost: 12:38/3:42:30 [4:04:19/35:03:39]  Acc_iter 58550       Data time: 0.00(0.00)  Forward time: 0.29(0.25)  Batch time: 0.29(0.25)
2026-08-13 17:29:19,477   INFO  Train:    2/10 ( 20%) [3036/55563 (  5%)]  Loss: 0.4296 (1.26)  LR: 1.766e-04  Time cost: 12:51/3:42:20 [4:04:32/35:03:54]  Acc_iter 58600       Data time: 0.00(0.00)  Forward time: 0.23(0.25)  Batch time: 0.23(0.25)
2026-08-13 17:29:31,954   INFO  Train:    2/10 ( 20%) [3086/55563 (  6%)]  Loss: 1.187 (1.26)  LR: 1.768e-04  Time cost: 13:03/3:42:04 [4:04:45/35:03:05]  Acc_iter 58650       Data time: 0.00(0.00)  Forward time: 0.22(0.25)  Batch time: 0.22(0.25)
2026-08-13 17:29:32,338   INFO  a1e06a0b30c0                Thu Aug 13 17:29:32 2026  580.173.02
[0] NVIDIA GeForce RTX 3070 | 70°C,  86 % |  7202 /  8192 MB | root(6572M)

2026-08-13 17:29:44,824   INFO  Train:    2/10 ( 20%) [3136/55563 (  6%)]  Loss: 0.9603 (1.26)  LR: 1.770e-04  Time cost: 13:16/3:41:54 [4:04:57/35:03:20]  Acc_iter 58700       Data time: 0.00(0.00)  Forward time: 0.24(0.25)  Batch time: 0.24(0.25)
2026-08-13 17:29:57,851   INFO  Train:    2/10 ( 20%) [3186/55563 (  6%)]  Loss: 2.418 (1.26)  LR: 1.771e-04  Time cost: 13:29/3:41:47 [4:05:10/35:03:59]  Acc_iter 58750       Data time: 0.00(0.00)  Forward time: 0.26(0.25)  Batch time: 0.26(0.25)
2026-08-13 17:30:11,323   INFO  Train:    2/10 ( 20%) [3236/55563 (  6%)]  Loss: 1.014 (1.26)  LR: 1.773e-04  Time cost: 13:43/3:41:46 [4:05:24/35:05:44]  Acc_iter 58800       Data time: 0.00(0.00)  Forward time: 0.30(0.25)  Batch time: 0.30(0.25)
2026-08-13 17:30:11,896   INFO  a1e06a0b30c0                Thu Aug 13 17:30:11 2026  580.173.02
[0] NVIDIA GeForce RTX 3070 | 64°C,   7 % |  7203 /  8192 MB | root(6572M)

2026-08-13 17:30:24,436   INFO  Train:    2/10 ( 20%) [3286/55563 (  6%)]  Loss: 1.164 (1.26)  LR: 1.775e-04  Time cost: 13:56/3:41:40 [4:05:37/35:06:31]  Acc_iter 58850       Data time: 0.00(0.00)  Forward time: 0.23(0.25)  Batch time: 0.23(0.25)
2026-08-13 17:30:37,312   INFO  Train:    2/10 ( 20%) [3336/55563 (  6%)]  Loss: 0.8554 (1.26)  LR: 1.777e-04  Time cost: 14:09/3:41:30 [4:05:50/35:06:42]  Acc_iter 58900       Data time: 0.00(0.00)  Forward time: 0.26(0.25)  Batch time: 0.26(0.25)
2026-08-13 17:30:50,095   INFO  Train:    2/10 ( 20%) [3386/55563 (  6%)]  Loss: 2.096 (1.26)  LR: 1.779e-04  Time cost: 14:21/3:41:18 [4:06:03/35:06:38]  Acc_iter 58950       Data time: 0.00(0.00)  Forward time: 0.25(0.25)  Batch time: 0.25(0.25)
2026-08-13 17:30:50,506   INFO  a1e06a0b30c0                Thu Aug 13 17:30:50 2026  580.173.02
[0] NVIDIA GeForce RTX 3070 | 70°C,  84 % |  7362 /  8192 MB | root(6730M)

2026-08-13 17:31:03,381   INFO  Train:    2/10 ( 20%) [3436/55563 (  6%)]  Loss: 1.206 (1.26)  LR: 1.781e-04  Time cost: 14:35/3:41:14 [4:06:16/35:07:46]  Acc_iter 59000       Data time: 0.00(0.00)  Forward time: 0.28(0.25)  Batch time: 0.28(0.25)
2026-08-13 17:31:16,152   INFO  Train:    2/10 ( 20%) [3486/55563 (  6%)]  Loss: 1.193 (1.26)  LR: 1.783e-04  Time cost: 14:48/3:41:01 [4:06:29/35:07:39]  Acc_iter 59050       Data time: 0.00(0.00)  Forward time: 0.25(0.25)  Batch time: 0.26(0.25)
2026-08-13 17:31:28,405   INFO  Save latest model to /OpenPCDet/output/OpenPCDet/tools/cfgs/models/S/F/S_F_N/default/ckpt/latest_model
2026-08-13 17:31:28,664   INFO  Train:    2/10 ( 20%) [3536/55563 (  6%)]  Loss: 1.565 (1.26)  LR: 1.785e-04  Time cost: 15:00/3:40:45 [4:06:41/35:06:55]  Acc_iter 59100       Data time: 0.11(0.00)  Forward time: 0.26(0.25)  Batch time: 0.37(0.25)
2026-08-13 17:31:29,077   INFO  a1e06a0b30c0                Thu Aug 13 17:31:29 2026  580.173.02
[0] NVIDIA GeForce RTX 3070 | 65°C,  21 % |  7363 /  8192 MB | root(6730M)

2026-08-13 17:31:41,467   INFO  Train:    2/10 ( 20%) [3586/55563 (  6%)]  Loss: 0.9231 (1.25)  LR: 1.787e-04  Time cost: 15:13/3:40:34 [4:06:54/35:06:53]  Acc_iter 59150       Data time: 0.00(0.00)  Forward time: 0.22(0.25)  Batch time: 0.22(0.25)
2026-08-13 17:31:54,347   INFO  Train:    2/10 ( 20%) [3636/55563 (  7%)]  Loss: 1.080 (1.25)  LR: 1.789e-04  Time cost: 15:26/3:40:23 [4:07:07/35:07:00]  Acc_iter 59200       Data time: 0.00(0.00)  Forward time: 0.26(0.25)  Batch time: 0.26(0.25)
2026-08-13 17:32:07,633   INFO  Train:    2/10 ( 20%) [3686/55563 (  7%)]  Loss: 0.9550 (1.25)  LR: 1.790e-04  Time cost: 15:39/3:40:18 [4:07:20/35:08:02]  Acc_iter 59250       Data time: 0.00(0.00)  Forward time: 0.28(0.25)  Batch time: 0.28(0.25)
2026-08-13 17:32:08,084   INFO  a1e06a0b30c0                Thu Aug 13 17:32:08 2026  580.173.02
[0] NVIDIA GeForce RTX 3070 | 69°C,  70 % |  7357 /  8192 MB | root(6730M)

2026-08-13 17:32:20,753   INFO  Train:    2/10 ( 20%) [3736/55563 (  7%)]  Loss: 1.801 (1.25)  LR: 1.792e-04  Time cost: 15:52/3:40:11 [4:07:33/35:08:40]  Acc_iter 59300       Data time: 0.00(0.00)  Forward time: 0.24(0.25)  Batch time: 0.25(0.25)
2026-08-13 17:32:33,537   INFO  Train:    2/10 ( 20%) [3786/55563 (  7%)]  Loss: 0.8702 (1.25)  LR: 1.794e-04  Time cost: 16:05/3:39:59 [4:07:46/35:08:32]  Acc_iter 59350       Data time: 0.00(0.00)  Forward time: 0.25(0.25)  Batch time: 0.25(0.25)
2026-08-13 17:32:46,415   INFO  Train:    2/10 ( 20%) [3836/55563 (  7%)]  Loss: 1.561 (1.25)  LR: 1.796e-04  Time cost: 16:18/3:39:48 [4:07:59/35:08:36]  Acc_iter 59400       Data time: 0.00(0.00)  Forward time: 0.27(0.25)  Batch time: 0.27(0.25)
2026-08-13 17:32:46,849   INFO  a1e06a0b30c0                Thu Aug 13 17:32:46 2026  580.173.02
[0] NVIDIA GeForce RTX 3070 | 70°C,  99 % |  7352 /  8192 MB | root(6730M)

2026-08-13 17:32:59,803   INFO  Train:    2/10 ( 20%) [3886/55563 (  7%)]  Loss: 0.9465 (1.25)  LR: 1.798e-04  Time cost: 16:31/3:39:43 [4:08:12/35:09:45]  Acc_iter 59450       Data time: 0.00(0.00)  Forward time: 0.24(0.25)  Batch time: 0.24(0.26)
2026-08-13 17:33:12,434   INFO  Train:    2/10 ( 20%) [3936/55563 (  7%)]  Loss: 1.139 (1.25)  LR: 1.800e-04  Time cost: 16:44/3:39:29 [4:08:25/35:09:17]  Acc_iter 59500       Data time: 0.00(0.00)  Forward time: 0.28(0.25)  Batch time: 0.28(0.26)
2026-08-13 17:33:24,964   INFO  Train:    2/10 ( 20%) [3986/55563 (  7%)]  Loss: 1.623 (1.25)  LR: 1.802e-04  Time cost: 16:56/3:39:13 [4:08:38/35:08:36]  Acc_iter 59550       Data time: 0.00(0.00)  Forward time: 0.26(0.25)  Batch time: 0.26(0.26)
2026-08-13 17:33:25,430   INFO  a1e06a0b30c0                Thu Aug 13 17:33:25 2026  580.173.02
[0] NVIDIA GeForce RTX 3070 | 70°C,  68 % |  7357 /  8192 MB | root(6730M)

2026-08-13 17:33:38,005   INFO  Train:    2/10 ( 20%) [4036/55563 (  7%)]  Loss: 0.9431 (1.25)  LR: 1.804e-04  Time cost: 17:09/3:39:04 [4:08:51/35:08:59]  Acc_iter 59600       Data time: 0.00(0.00)  Forward time: 0.24(0.25)  Batch time: 0.25(0.26)
2026-08-13 17:33:50,642   INFO  Train:    2/10 ( 20%) [4086/55563 (  7%)]  Loss: 1.624 (1.25)  LR: 1.806e-04  Time cost: 17:22/3:38:50 [4:09:03/35:08:32]  Acc_iter 59650       Data time: 0.00(0.00)  Forward time: 0.27(0.25)  Batch time: 0.27(0.26)
2026-08-13 17:34:03,937   INFO  Train:    2/10 ( 20%) [4136/55563 (  7%)]  Loss: 1.052 (1.25)  LR: 1.807e-04  Time cost: 17:35/3:38:44 [4:09:16/35:09:24]  Acc_iter 59700       Data time: 0.00(0.00)  Forward time: 0.30(0.25)  Batch time: 0.30(0.26)
2026-08-13 17:34:04,364   INFO  a1e06a0b30c0                Thu Aug 13 17:34:04 2026  580.173.02
[0] NVIDIA GeForce RTX 3070 | 70°C,  77 % |  7358 /  8192 MB | root(6730M)

2026-08-13 17:34:16,998   INFO  Train:    2/10 ( 20%) [4186/55563 (  8%)]  Loss: 1.313 (1.25)  LR: 1.809e-04  Time cost: 17:48/3:38:35 [4:09:30/35:09:47]  Acc_iter 59750       Data time: 0.00(0.00)  Forward time: 0.26(0.25)  Batch time: 0.26(0.26)
2026-08-13 17:34:29,665   INFO  Train:    2/10 ( 20%) [4236/55563 (  8%)]  Loss: 1.832 (1.25)  LR: 1.811e-04  Time cost: 18:01/3:38:21 [4:09:42/35:09:23]  Acc_iter 59800       Data time: 0.00(0.00)  Forward time: 0.26(0.25)  Batch time: 0.26(0.26)
2026-08-13 17:34:42,322   INFO  Train:    2/10 ( 20%) [4286/55563 (  8%)]  Loss: 1.161 (1.25)  LR: 1.813e-04  Time cost: 18:14/3:38:07 [4:09:55/35:08:58]  Acc_iter 59850       Data time: 0.00(0.00)  Forward time: 0.26(0.25)  Batch time: 0.27(0.26)
2026-08-13 17:34:42,712   INFO  a1e06a0b30c0                Thu Aug 13 17:34:42 2026  580.173.02
[0] NVIDIA GeForce RTX 3070 | 64°C,   7 % |  7357 /  8192 MB | root(6730M)

2026-08-13 17:34:55,669   INFO  Train:    2/10 ( 20%) [4336/55563 (  8%)]  Loss: 1.277 (1.25)  LR: 1.815e-04  Time cost: 18:27/3:38:01 [4:10:08/35:09:52]  Acc_iter 59900       Data time: 0.00(0.00)  Forward time: 0.25(0.25)  Batch time: 0.26(0.26)
2026-08-13 17:35:08,789   INFO  Train:    2/10 ( 20%) [4386/55563 (  8%)]  Loss: 0.8494 (1.25)  LR: 1.817e-04  Time cost: 18:40/3:37:52 [4:10:21/35:10:19]  Acc_iter 59950       Data time: 0.00(0.00)  Forward time: 0.28(0.25)  Batch time: 0.28(0.26)
2026-08-13 17:35:21,356   INFO  Train:    2/10 ( 20%) [4436/55563 (  8%)]  Loss: 0.6210 (1.25)  LR: 1.819e-04  Time cost: 18:53/3:37:37 [4:10:34/35:09:43]  Acc_iter 60000       Data time: 0.00(0.00)  Forward time: 0.23(0.25)  Batch time: 0.23(0.26)
2026-08-13 17:35:21,781   INFO  a1e06a0b30c0                Thu Aug 13 17:35:21 2026  580.173.02
[0] NVIDIA GeForce RTX 3070 | 65°C,  13 % |  7358 /  8192 MB | root(6730M)

2026-08-13 17:35:34,468   INFO  Train:    2/10 ( 20%) [4486/55563 (  8%)]  Loss: 1.280 (1.25)  LR: 1.821e-04  Time cost: 19:06/3:37:28 [4:10:47/35:10:08]  Acc_iter 60050       Data time: 0.00(0.00)  Forward time: 0.26(0.25)  Batch time: 0.27(0.26)
2026-08-13 17:35:47,181   INFO  Train:    2/10 ( 20%) [4536/55563 (  8%)]  Loss: 1.539 (1.25)  LR: 1.823e-04  Time cost: 19:19/3:37:15 [4:11:00/35:09:49]  Acc_iter 60100       Data time: 0.00(0.00)  Forward time: 0.29(0.25)  Batch time: 0.29(0.26)
2026-08-13 17:36:00,400   INFO  Train:    2/10 ( 20%) [4586/55563 (  8%)]  Loss: 1.406 (1.25)  LR: 1.825e-04  Time cost: 19:32/3:37:07 [4:11:13/35:10:24]  Acc_iter 60150       Data time: 0.00(0.00)  Forward time: 0.28(0.25)  Batch time: 0.28(0.26)
2026-08-13 17:36:00,811   INFO  a1e06a0b30c0                Thu Aug 13 17:36:00 2026  580.173.02
[0] NVIDIA GeForce RTX 3070 | 68°C,  58 % |  7357 /  8192 MB | root(6730M)

2026-08-13 17:36:13,511   INFO  Train:    2/10 ( 20%) [4636/55563 (  8%)]  Loss: 1.129 (1.25)  LR: 1.826e-04  Time cost: 19:45/3:36:58 [4:11:26/35:10:47]  Acc_iter 60200       Data time: 0.00(0.00)  Forward time: 0.25(0.25)  Batch time: 0.25(0.26)
2026-08-13 17:36:26,230   INFO  Train:    2/10 ( 20%) [4686/55563 (  8%)]  Loss: 1.594 (1.25)  LR: 1.828e-04  Time cost: 19:58/3:36:45 [4:11:39/35:10:27]  Acc_iter 60250       Data time: 0.00(0.00)  Forward time: 0.26(0.25)  Batch time: 0.26(0.26)
2026-08-13 17:36:28,317   INFO  Save latest model to /OpenPCDet/output/OpenPCDet/tools/cfgs/models/S/F/S_F_N/default/ckpt/latest_model
2026-08-13 17:36:38,966   INFO  Train:    2/10 ( 20%) [4736/55563 (  9%)]  Loss: 1.340 (1.25)  LR: 1.830e-04  Time cost: 20:10/3:36:31 [4:11:52/35:10:10]  Acc_iter 60300       Data time: 0.00(0.00)  Forward time: 0.29(0.25)  Batch time: 0.29(0.26)
2026-08-13 17:36:39,367   INFO  a1e06a0b30c0                Thu Aug 13 17:36:39 2026  580.173.02
[0] NVIDIA GeForce RTX 3070 | 72°C,  99 % |  7358 /  8192 MB | root(6730M)

2026-08-13 17:36:52,432   INFO  Train:    2/10 ( 20%) [4786/55563 (  9%)]  Loss: 0.3921 (1.25)  LR: 1.832e-04  Time cost: 20:24/3:36:26 [4:12:05/35:11:08]  Acc_iter 60350       Data time: 0.00(0.00)  Forward time: 0.28(0.25)  Batch time: 0.29(0.26)
2026-08-13 17:37:05,562   INFO  Train:    2/10 ( 20%) [4836/55563 (  9%)]  Loss: 1.182 (1.25)  LR: 1.834e-04  Time cost: 20:37/3:36:17 [4:12:18/35:11:30]  Acc_iter 60400       Data time: 0.00(0.00)  Forward time: 0.22(0.25)  Batch time: 0.22(0.26)
2026-08-13 17:37:18,009   INFO  Train:    2/10 ( 20%) [4886/55563 (  9%)]  Loss: 1.514 (1.25)  LR: 1.836e-04  Time cost: 20:49/3:36:00 [4:12:31/35:10:43]  Acc_iter 60450       Data time: 0.00(0.00)  Forward time: 0.29(0.25)  Batch time: 0.29(0.26)
2026-08-13 17:37:18,414   INFO  a1e06a0b30c0                Thu Aug 13 17:37:18 2026  580.173.02
[0] NVIDIA GeForce RTX 3070 | 73°C,  96 % |  7351 /  8192 MB | root(6730M)

2026-08-13 17:37:31,056   INFO  Train:    2/10 ( 20%) [4936/55563 (  9%)]  Loss: 1.046 (1.25)  LR: 1.838e-04  Time cost: 21:02/3:35:50 [4:12:44/35:10:56]  Acc_iter 60500       Data time: 0.00(0.00)  Forward time: 0.24(0.25)  Batch time: 0.24(0.26)
2026-08-13 17:37:43,858   INFO  Train:    2/10 ( 20%) [4986/55563 (  9%)]  Loss: 1.221 (1.25)  LR: 1.840e-04  Time cost: 21:15/3:35:37 [4:12:56/35:10:44]  Acc_iter 60550       Data time: 0.00(0.00)  Forward time: 0.28(0.25)  Batch time: 0.29(0.26)
2026-08-13 17:37:57,018   INFO  Train:    2/10 ( 20%) [5036/55563 (  9%)]  Loss: 0.9017 (1.25)  LR: 1.842e-04  Time cost: 21:28/3:35:28 [4:13:10/35:11:08]  Acc_iter 60600       Data time: 0.00(0.00)  Forward time: 0.27(0.25)  Batch time: 0.27(0.26)
2026-08-13 17:37:57,439   INFO  a1e06a0b30c0                Thu Aug 13 17:37:57 2026  580.173.02
[0] NVIDIA GeForce RTX 3070 | 71°C,  92 % |  7512 /  8192 MB | root(6890M)

2026-08-13 17:38:10,082   INFO  Train:    2/10 ( 20%) [5086/55563 (  9%)]  Loss: 0.9839 (1.25)  LR: 1.843e-04  Time cost: 21:41/3:35:18 [4:13:23/35:11:21]  Acc_iter 60650       Data time: 0.00(0.00)  Forward time: 0.23(0.25)  Batch time: 0.23(0.26)
2026-08-13 17:38:22,738   INFO  Train:    2/10 ( 20%) [5136/55563 (  9%)]  Loss: 1.667 (1.25)  LR: 1.845e-04  Time cost: 21:54/3:35:04 [4:13:35/35:10:55]  Acc_iter 60700       Data time: 0.00(0.00)  Forward time: 0.28(0.25)  Batch time: 0.28(0.26)
2026-08-13 17:38:35,699   INFO  Train:    2/10 ( 20%) [5186/55563 (  9%)]  Loss: 1.342 (1.25)  LR: 1.847e-04  Time cost: 22:07/3:34:53 [4:13:48/35:10:58]  Acc_iter 60750       Data time: 0.00(0.00)  Forward time: 0.24(0.25)  Batch time: 0.24(0.26)
2026-08-13 17:38:36,111   INFO  a1e06a0b30c0                Thu Aug 13 17:38:36 2026  580.173.02
[0] NVIDIA GeForce RTX 3070 | 72°C,  78 % |  7675 /  8192 MB | root(7052M)

2026-08-13 17:38:49,003   INFO  Train:    2/10 ( 20%) [5236/55563 (  9%)]  Loss: 1.922 (1.25)  LR: 1.849e-04  Time cost: 22:20/3:34:45 [4:14:02/35:11:33]  Acc_iter 60800       Data time: 0.00(0.00)  Forward time: 0.30(0.25)  Batch time: 0.30(0.26)
2026-08-13 17:39:02,384   INFO  Train:    2/10 ( 20%) [5286/55563 ( 10%)]  Loss: 0.8321 (1.25)  LR: 1.851e-04  Time cost: 22:34/3:34:38 [4:14:15/35:12:15]  Acc_iter 60850       Data time: 0.00(0.00)  Forward time: 0.22(0.25)  Batch time: 0.22(0.26)
2026-08-13 17:39:15,072   INFO  Train:    2/10 ( 20%) [5336/55563 ( 10%)]  Loss: 2.494 (1.25)  LR: 1.853e-04  Time cost: 22:46/3:34:24 [4:14:28/35:11:51]  Acc_iter 60900       Data time: 0.00(0.00)  Forward time: 0.31(0.25)  Batch time: 0.31(0.26)
2026-08-13 17:39:15,528   INFO  a1e06a0b30c0                Thu Aug 13 17:39:15 2026  580.173.02
[0] NVIDIA GeForce RTX 3070 | 72°C,  81 % |  7685 /  8192 MB | root(7052M)

2026-08-13 17:39:27,992   INFO  Train:    2/10 ( 20%) [5386/55563 ( 10%)]  Loss: 0.7591 (1.25)  LR: 1.855e-04  Time cost: 22:59/3:34:12 [4:14:41/35:11:48]  Acc_iter 60950       Data time: 0.00(0.00)  Forward time: 0.27(0.25)  Batch time: 0.27(0.26)
2026-08-13 17:39:40,699   INFO  Train:    2/10 ( 20%) [5436/55563 ( 10%)]  Loss: 2.069 (1.25)  LR: 1.857e-04  Time cost: 23:12/3:33:58 [4:14:53/35:11:26]  Acc_iter 61000       Data time: 0.00(0.00)  Forward time: 0.29(0.25)  Batch time: 0.29(0.26)
2026-08-13 17:39:53,950   INFO  Train:    2/10 ( 20%) [5486/55563 ( 10%)]  Loss: 2.059 (1.25)  LR: 1.859e-04  Time cost: 23:25/3:33:49 [4:15:07/35:11:54]  Acc_iter 61050       Data time: 0.00(0.00)  Forward time: 0.23(0.25)  Batch time: 0.23(0.26)
2026-08-13 17:39:54,379   INFO  a1e06a0b30c0                Thu Aug 13 17:39:54 2026  580.173.02
[0] NVIDIA GeForce RTX 3070 | 68°C,  84 % |  7679 /  8192 MB | root(7052M)

2026-08-13 17:40:06,955   INFO  Train:    2/10 ( 20%) [5536/55563 ( 10%)]  Loss: 0.7644 (1.25)  LR: 1.860e-04  Time cost: 23:38/3:33:38 [4:15:20/35:11:58]  Acc_iter 61100       Data time: 0.00(0.00)  Forward time: 0.28(0.25)  Batch time: 0.28(0.26)
2026-08-13 17:40:19,529   INFO  Train:    2/10 ( 20%) [5586/55563 ( 10%)]  Loss: 0.5801 (1.25)  LR: 1.862e-04  Time cost: 23:51/3:33:23 [4:15:32/35:11:24]  Acc_iter 61150       Data time: 0.00(0.00)  Forward time: 0.23(0.25)  Batch time: 0.23(0.26)
2026-08-13 17:40:32,435   INFO  Train:    2/10 ( 20%) [5636/55563 ( 10%)]  Loss: 1.339 (1.25)  LR: 1.864e-04  Time cost: 24:04/3:33:12 [4:15:45/35:11:20]  Acc_iter 61200       Data time: 0.00(0.00)  Forward time: 0.24(0.25)  Batch time: 0.24(0.26)
2026-08-13 17:40:32,837   INFO  a1e06a0b30c0                Thu Aug 13 17:40:32 2026  580.173.02
[0] NVIDIA GeForce RTX 3070 | 69°C,  78 % |  7679 /  8192 MB | root(7052M)

2026-08-13 17:40:45,672   INFO  Train:    2/10 ( 20%) [5686/55563 ( 10%)]  Loss: 2.082 (1.25)  LR: 1.866e-04  Time cost: 24:17/3:33:02 [4:15:58/35:11:44]  Acc_iter 61250       Data time: 0.00(0.00)  Forward time: 0.24(0.25)  Batch time: 0.24(0.26)
2026-08-13 17:40:58,430   INFO  Train:    2/10 ( 20%) [5736/55563 ( 10%)]  Loss: 1.918 (1.25)  LR: 1.868e-04  Time cost: 24:30/3:32:49 [4:16:11/35:11:27]  Acc_iter 61300       Data time: 0.00(0.00)  Forward time: 0.27(0.25)  Batch time: 0.27(0.26)
2026-08-13 17:41:11,029   INFO  Train:    2/10 ( 20%) [5786/55563 ( 10%)]  Loss: 1.060 (1.25)  LR: 1.870e-04  Time cost: 24:42/3:32:35 [4:16:24/35:10:55]  Acc_iter 61350       Data time: 0.00(0.00)  Forward time: 0.25(0.25)  Batch time: 0.25(0.26)
2026-08-13 17:41:11,434   INFO  a1e06a0b30c0                Thu Aug 13 17:41:11 2026  580.173.02
[0] NVIDIA GeForce RTX 3070 | 70°C,  92 % |  7680 /  8192 MB | root(7052M)

2026-08-13 17:41:24,083   INFO  Train:    2/10 ( 20%) [5836/55563 ( 11%)]  Loss: 1.185 (1.25)  LR: 1.872e-04  Time cost: 24:55/3:32:24 [4:16:37/35:11:03]  Acc_iter 61400       Data time: 0.00(0.00)  Forward time: 0.24(0.25)  Batch time: 0.24(0.26)
2026-08-13 17:41:28,419   INFO  Save latest model to /OpenPCDet/output/OpenPCDet/tools/cfgs/models/S/F/S_F_N/default/ckpt/latest_model
2026-08-13 17:41:36,899   INFO  Train:    2/10 ( 20%) [5886/55563 ( 11%)]  Loss: 0.9663 (1.25)  LR: 1.874e-04  Time cost: 25:08/3:32:11 [4:16:49/35:10:50]  Acc_iter 61450       Data time: 0.00(0.00)  Forward time: 0.30(0.25)  Batch time: 0.30(0.26)
2026-08-13 17:41:50,074   INFO  Train:    2/10 ( 20%) [5936/55563 ( 11%)]  Loss: 1.497 (1.25)  LR: 1.875e-04  Time cost: 25:21/3:32:01 [4:17:03/35:11:08]  Acc_iter 61500       Data time: 0.00(0.00)  Forward time: 0.24(0.25)  Batch time: 0.24(0.26)
2026-08-13 17:41:50,480   INFO  a1e06a0b30c0                Thu Aug 13 17:41:50 2026  580.173.02
[0] NVIDIA GeForce RTX 3070 | 69°C,  77 % |  7679 /  8192 MB | root(7052M)

2026-08-13 17:42:02,929   INFO  Train:    2/10 ( 20%) [5986/55563 ( 11%)]  Loss: 0.9509 (1.25)  LR: 1.877e-04  Time cost: 25:34/3:31:49 [4:17:15/35:10:58]  Acc_iter 61550       Data time: 0.00(0.00)  Forward time: 0.24(0.25)  Batch time: 0.24(0.26)
2026-08-13 17:42:15,514   INFO  Train:    2/10 ( 20%) [6036/55563 ( 11%)]  Loss: 0.6839 (1.25)  LR: 1.879e-04  Time cost: 25:47/3:31:34 [4:17:28/35:10:26]  Acc_iter 61600       Data time: 0.00(0.00)  Forward time: 0.21(0.25)  Batch time: 0.21(0.26)
2026-08-13 17:42:28,336   INFO  Train:    2/10 ( 20%) [6086/55563 ( 11%)]  Loss: 1.370 (1.25)  LR: 1.881e-04  Time cost: 26:00/3:31:21 [4:17:41/35:10:14]  Acc_iter 61650       Data time: 0.00(0.00)  Forward time: 0.26(0.25)  Batch time: 0.26(0.26)
2026-08-13 17:42:28,730   INFO  a1e06a0b30c0                Thu Aug 13 17:42:28 2026  580.173.02
[0] NVIDIA GeForce RTX 3070 | 66°C,   7 % |  7680 /  8192 MB | root(7052M)

2026-08-13 17:42:41,901   INFO  Train:    2/10 ( 20%) [6136/55563 ( 11%)]  Loss: 0.8729 (1.25)  LR: 1.883e-04  Time cost: 26:13/3:31:14 [4:17:54/35:11:01]  Acc_iter 61700       Data time: 0.00(0.00)  Forward time: 0.27(0.25)  Batch time: 0.27(0.26)
2026-08-13 17:42:54,831   INFO  Train:    2/10 ( 20%) [6186/55563 ( 11%)]  Loss: 1.192 (1.25)  LR: 1.885e-04  Time cost: 26:26/3:31:02 [4:18:07/35:10:57]  Acc_iter 61750       Data time: 0.00(0.00)  Forward time: 0.25(0.25)  Batch time: 0.25(0.26)
2026-08-13 17:43:07,216   INFO  Train:    2/10 ( 20%) [6236/55563 ( 11%)]  Loss: 0.9679 (1.25)  LR: 1.887e-04  Time cost: 26:39/3:30:46 [4:18:20/35:10:10]  Acc_iter 61800       Data time: 0.00(0.00)  Forward time: 0.25(0.25)  Batch time: 0.26(0.26)
2026-08-13 17:43:07,620   INFO  a1e06a0b30c0                Thu Aug 13 17:43:07 2026  580.173.02
[0] NVIDIA GeForce RTX 3070 | 72°C,  77 % |  7679 /  8192 MB | root(7052M)

2026-08-13 17:43:20,436   INFO  Train:    2/10 ( 20%) [6286/55563 ( 11%)]  Loss: 1.535 (1.25)  LR: 1.889e-04  Time cost: 26:52/3:30:36 [4:18:33/35:10:28]  Acc_iter 61850       Data time: 0.00(0.00)  Forward time: 0.25(0.25)  Batch time: 0.25(0.26)
2026-08-13 17:43:33,254   INFO  Train:    2/10 ( 20%) [6336/55563 ( 11%)]  Loss: 1.225 (1.25)  LR: 1.891e-04  Time cost: 27:05/3:30:24 [4:18:46/35:10:15]  Acc_iter 61900       Data time: 0.00(0.00)  Forward time: 0.26(0.25)  Batch time: 0.26(0.26)
2026-08-13 17:43:46,183   INFO  Train:    2/10 ( 20%) [6386/55563 ( 11%)]  Loss: 0.7864 (1.25)  LR: 1.892e-04  Time cost: 27:18/3:30:12 [4:18:59/35:10:11]  Acc_iter 61950       Data time: 0.00(0.00)  Forward time: 0.22(0.25)  Batch time: 0.22(0.26)
2026-08-13 17:43:46,589   INFO  a1e06a0b30c0                Thu Aug 13 17:43:46 2026  580.173.02
[0] NVIDIA GeForce RTX 3070 | 70°C,  61 % |  7680 /  8192 MB | root(7052M)

2026-08-13 17:43:59,010   INFO  Train:    2/10 ( 20%) [6436/55563 ( 12%)]  Loss: 0.8289 (1.25)  LR: 1.894e-04  Time cost: 27:30/3:29:59 [4:19:12/35:09:58]  Acc_iter 62000       Data time: 0.00(0.00)  Forward time: 0.25(0.25)  Batch time: 0.26(0.26)
2026-08-13 17:44:11,478   INFO  Train:    2/10 ( 20%) [6486/55563 ( 12%)]  Loss: 1.052 (1.25)  LR: 1.896e-04  Time cost: 27:43/3:29:43 [4:19:24/35:09:18]  Acc_iter 62050       Data time: 0.00(0.00)  Forward time: 0.21(0.25)  Batch time: 0.21(0.26)
2026-08-13 17:44:24,258   INFO  Train:    2/10 ( 20%) [6536/55563 ( 12%)]  Loss: 1.700 (1.25)  LR: 1.898e-04  Time cost: 27:56/3:29:30 [4:19:37/35:09:02]  Acc_iter 62100       Data time: 0.00(0.00)  Forward time: 0.27(0.25)  Batch time: 0.28(0.26)
2026-08-13 17:44:24,646   INFO  a1e06a0b30c0                Thu Aug 13 17:44:24 2026  580.173.02
[0] NVIDIA GeForce RTX 3070 | 71°C,  84 % |  7679 /  8192 MB | root(7052M)

2026-08-13 17:44:37,812   INFO  Train:    2/10 ( 20%) [6586/55563 ( 12%)]  Loss: 1.333 (1.25)  LR: 1.900e-04  Time cost: 28:09/3:29:23 [4:19:50/35:09:44]  Acc_iter 62150       Data time: 0.00(0.00)  Forward time: 0.26(0.25)  Batch time: 0.26(0.26)
2026-08-13 17:44:50,673   INFO  Train:    2/10 ( 20%) [6636/55563 ( 12%)]  Loss: 1.020 (1.25)  LR: 1.902e-04  Time cost: 28:22/3:29:10 [4:20:03/35:09:34]  Acc_iter 62200       Data time: 0.00(0.00)  Forward time: 0.27(0.25)  Batch time: 0.27(0.26)
2026-08-13 17:45:03,383   INFO  Train:    2/10 ( 20%) [6686/55563 ( 12%)]  Loss: 1.105 (1.25)  LR: 1.904e-04  Time cost: 28:35/3:28:57 [4:20:16/35:09:13]  Acc_iter 62250       Data time: 0.00(0.00)  Forward time: 0.25(0.25)  Batch time: 0.25(0.26)
2026-08-13 17:45:03,771   INFO  a1e06a0b30c0                Thu Aug 13 17:45:03 2026  580.173.02
[0] NVIDIA GeForce RTX 3070 | 67°C,  18 % |  7680 /  8192 MB | root(7052M)

2026-08-13 17:45:16,486   INFO  Train:    2/10 ( 20%) [6736/55563 ( 12%)]  Loss: 0.8794 (1.25)  LR: 1.906e-04  Time cost: 28:48/3:28:46 [4:20:29/35:09:20]  Acc_iter 62300       Data time: 0.00(0.00)  Forward time: 0.28(0.25)  Batch time: 0.28(0.26)
2026-08-13 17:45:29,309   INFO  Train:    2/10 ( 20%) [6786/55563 ( 12%)]  Loss: 1.027 (1.25)  LR: 1.907e-04  Time cost: 29:01/3:28:33 [4:20:42/35:09:07]  Acc_iter 62350       Data time: 0.00(0.00)  Forward time: 0.28(0.25)  Batch time: 0.28(0.26)
2026-08-13 17:45:42,302   INFO  Train:    2/10 ( 20%) [6836/55563 ( 12%)]  Loss: 0.9768 (1.25)  LR: 1.909e-04  Time cost: 29:14/3:28:21 [4:20:55/35:09:06]  Acc_iter 62400       Data time: 0.00(0.00)  Forward time: 0.23(0.25)  Batch time: 0.23(0.26)
2026-08-13 17:45:42,706   INFO  a1e06a0b30c0                Thu Aug 13 17:45:42 2026  580.173.02
[0] NVIDIA GeForce RTX 3070 | 66°C,   8 % |  7679 /  8192 MB | root(7052M)

2026-08-13 17:45:55,304   INFO  Train:    2/10 ( 20%) [6886/55563 ( 12%)]  Loss: 1.708 (1.25)  LR: 1.911e-04  Time cost: 29:27/3:28:10 [4:21:08/35:09:06]  Acc_iter 62450       Data time: 0.00(0.00)  Forward time: 0.26(0.25)  Batch time: 0.26(0.26)
2026-08-13 17:46:07,709   INFO  Train:    2/10 ( 20%) [6936/55563 ( 12%)]  Loss: 1.588 (1.25)  LR: 1.913e-04  Time cost: 29:39/3:27:54 [4:21:20/35:08:23]  Acc_iter 62500       Data time: 0.00(0.00)  Forward time: 0.21(0.25)  Batch time: 0.22(0.26)
2026-08-13 17:46:20,217   INFO  Train:    2/10 ( 20%) [6986/55563 ( 13%)]  Loss: 0.4907 (1.25)  LR: 1.915e-04  Time cost: 29:52/3:27:39 [4:21:33/35:07:48]  Acc_iter 62550       Data time: 0.00(0.00)  Forward time: 0.24(0.25)  Batch time: 0.24(0.26)
2026-08-13 17:46:20,621   INFO  a1e06a0b30c0                Thu Aug 13 17:46:20 2026  580.173.02
[0] NVIDIA GeForce RTX 3070 | 73°C,  96 % |  7679 /  8192 MB | root(7052M)

2026-08-13 17:46:28,517   INFO  Save latest model to /OpenPCDet/output/OpenPCDet/tools/cfgs/models/S/F/S_F_N/default/ckpt/latest_model
2026-08-13 17:46:33,926   INFO  Train:    2/10 ( 20%) [7036/55563 ( 13%)]  Loss: 1.882 (1.25)  LR: 1.917e-04  Time cost: 30:05/3:27:32 [4:21:46/35:08:37]  Acc_iter 62600       Data time: 0.00(0.00)  Forward time: 0.30(0.25)  Batch time: 0.30(0.26)
2026-08-13 17:46:46,907   INFO  Train:    2/10 ( 20%) [7086/55563 ( 13%)]  Loss: 1.230 (1.25)  LR: 1.919e-04  Time cost: 30:18/3:27:20 [4:21:59/35:08:35]  Acc_iter 62650       Data time: 0.00(0.00)  Forward time: 0.27(0.25)  Batch time: 0.27(0.26)
2026-08-13 17:46:59,880   INFO  Train:    2/10 ( 20%) [7136/55563 ( 13%)]  Loss: 2.311 (1.25)  LR: 1.921e-04  Time cost: 30:31/3:27:08 [4:22:12/35:08:31]  Acc_iter 62700       Data time: 0.00(0.00)  Forward time: 0.27(0.25)  Batch time: 0.27(0.26)
2026-08-13 17:47:00,276   INFO  a1e06a0b30c0                Thu Aug 13 17:47:00 2026  580.173.02
[0] NVIDIA GeForce RTX 3070 | 69°C,  94 % |  7680 /  8192 MB | root(7052M)

2026-08-13 17:47:13,163   INFO  Train:    2/10 ( 20%) [7186/55563 ( 13%)]  Loss: 0.8335 (1.25)  LR: 1.922e-04  Time cost: 30:45/3:26:59 [4:22:26/35:08:49]  Acc_iter 62750       Data time: 0.00(0.00)  Forward time: 0.27(0.25)  Batch time: 0.27(0.26)
2026-08-13 17:47:26,117   INFO  Train:    2/10 ( 20%) [7236/55563 ( 13%)]  Loss: 1.349 (1.25)  LR: 1.924e-04  Time cost: 30:57/3:26:47 [4:22:39/35:08:45]  Acc_iter 62800       Data time: 0.00(0.00)  Forward time: 0.25(0.25)  Batch time: 0.25(0.26)
2026-08-13 17:47:39,123   INFO  Train:    2/10 ( 20%) [7286/55563 ( 13%)]  Loss: 1.263 (1.25)  LR: 1.926e-04  Time cost: 31:10/3:26:35 [4:22:52/35:08:43]  Acc_iter 62850       Data time: 0.00(0.00)  Forward time: 0.26(0.25)  Batch time: 0.26(0.26)
2026-08-13 17:47:39,528   INFO  a1e06a0b30c0                Thu Aug 13 17:47:39 2026  580.173.02
[0] NVIDIA GeForce RTX 3070 | 72°C,  94 % |  7674 /  8192 MB | root(7052M)

2026-08-13 17:47:52,110   INFO  Train:    2/10 ( 20%) [7336/55563 ( 13%)]  Loss: 1.488 (1.25)  LR: 1.928e-04  Time cost: 31:23/3:26:23 [4:23:05/35:08:41]  Acc_iter 62900       Data time: 0.00(0.00)  Forward time: 0.26(0.25)  Batch time: 0.26(0.26)
2026-08-13 17:48:04,893   INFO  Train:    2/10 ( 20%) [7386/55563 ( 13%)]  Loss: 0.7573 (1.25)  LR: 1.930e-04  Time cost: 31:36/3:26:10 [4:23:17/35:08:24]  Acc_iter 62950       Data time: 0.00(0.00)  Forward time: 0.27(0.25)  Batch time: 0.27(0.26)
2026-08-13 17:48:17,604   INFO  Train:    2/10 ( 20%) [7436/55563 ( 13%)]  Loss: 0.7367 (1.25)  LR: 1.932e-04  Time cost: 31:49/3:25:56 [4:23:30/35:08:03]  Acc_iter 63000       Data time: 0.00(0.00)  Forward time: 0.24(0.25)  Batch time: 0.24(0.26)
2026-08-13 17:48:17,996   INFO  a1e06a0b30c0                Thu Aug 13 17:48:17 2026  580.173.02
[0] NVIDIA GeForce RTX 3070 | 72°C,  93 % |  7684 /  8192 MB | root(7052M)

2026-08-13 17:48:31,189   INFO  Train:    2/10 ( 20%) [7486/55563 ( 13%)]  Loss: 1.711 (1.25)  LR: 1.934e-04  Time cost: 32:03/3:25:48 [4:23:44/35:08:39]  Acc_iter 63050       Data time: 0.00(0.00)  Forward time: 0.27(0.25)  Batch time: 0.27(0.26)
2026-08-13 17:48:43,837   INFO  Train:    2/10 ( 20%) [7536/55563 ( 14%)]  Loss: 1.502 (1.25)  LR: 1.935e-04  Time cost: 32:15/3:25:34 [4:23:56/35:08:13]  Acc_iter 63100       Data time: 0.00(0.00)  Forward time: 0.22(0.25)  Batch time: 0.22(0.26)
2026-08-13 17:48:56,168   INFO  Train:    2/10 ( 20%) [7586/55563 ( 14%)]  Loss: 0.5347 (1.25)  LR: 1.937e-04  Time cost: 32:28/3:25:18 [4:24:09/35:07:27]  Acc_iter 63150       Data time: 0.00(0.00)  Forward time: 0.21(0.25)  Batch time: 0.22(0.26)
2026-08-13 17:48:56,606   INFO  a1e06a0b30c0                Thu Aug 13 17:48:56 2026  580.173.02
[0] NVIDIA GeForce RTX 3070 | 70°C,  67 % |  7679 /  8192 MB | root(7052M)

2026-08-13 17:49:09,042   INFO  Train:    2/10 ( 20%) [7636/55563 ( 14%)]  Loss: 0.7924 (1.25)  LR: 1.939e-04  Time cost: 32:40/3:25:05 [4:24:22/35:07:17]  Acc_iter 63200       Data time: 0.00(0.00)  Forward time: 0.22(0.25)  Batch time: 0.22(0.26)
2026-08-13 17:49:21,692   INFO  Train:    2/10 ( 20%) [7686/55563 ( 14%)]  Loss: 0.3314 (1.25)  LR: 1.941e-04  Time cost: 32:53/3:24:51 [4:24:34/35:06:52]  Acc_iter 63250       Data time: 0.00(0.00)  Forward time: 0.22(0.25)  Batch time: 0.22(0.26)
2026-08-13 17:49:34,747   INFO  Train:    2/10 ( 20%) [7736/55563 ( 14%)]  Loss: 1.032 (1.25)  LR: 1.943e-04  Time cost: 33:06/3:24:40 [4:24:47/35:06:53]  Acc_iter 63300       Data time: 0.00(0.00)  Forward time: 0.24(0.25)  Batch time: 0.24(0.26)
2026-08-13 17:49:35,152   INFO  a1e06a0b30c0                Thu Aug 13 17:49:35 2026  580.173.02
[0] NVIDIA GeForce RTX 3070 | 71°C,  99 % |  7680 /  8192 MB | root(7052M)

2026-08-13 17:49:47,897   INFO  Train:    2/10 ( 20%) [7786/55563 ( 14%)]  Loss: 0.9477 (1.25)  LR: 1.945e-04  Time cost: 33:19/3:24:29 [4:25:00/35:07:00]  Acc_iter 63350       Data time: 0.00(0.00)  Forward time: 0.25(0.25)  Batch time: 0.25(0.26)
2026-08-13 17:50:00,371   INFO  Train:    2/10 ( 20%) [7836/55563 ( 14%)]  Loss: 1.406 (1.25)  LR: 1.947e-04  Time cost: 33:32/3:24:14 [4:25:13/35:06:24]  Acc_iter 63400       Data time: 0.00(0.00)  Forward time: 0.27(0.25)  Batch time: 0.27(0.26)
2026-08-13 17:50:13,321   INFO  Train:    2/10 ( 20%) [7886/55563 ( 14%)]  Loss: 1.237 (1.25)  LR: 1.948e-04  Time cost: 33:45/3:24:02 [4:25:26/35:06:18]  Acc_iter 63450       Data time: 0.00(0.00)  Forward time: 0.26(0.25)  Batch time: 0.26(0.26)
2026-08-13 17:50:13,737   INFO  a1e06a0b30c0                Thu Aug 13 17:50:13 2026  580.173.02
[0] NVIDIA GeForce RTX 3070 | 65°C,   8 % |  7679 /  8192 MB | root(7052M)

2026-08-13 17:50:27,071   INFO  Train:    2/10 ( 20%) [7936/55563 ( 14%)]  Loss: 1.120 (1.25)  LR: 1.950e-04  Time cost: 33:58/3:23:54 [4:25:40/35:07:02]  Acc_iter 63500       Data time: 0.00(0.00)  Forward time: 0.28(0.25)  Batch time: 0.28(0.26)
2026-08-13 17:50:39,287   INFO  Train:    2/10 ( 20%) [7986/55563 ( 14%)]  Loss: 1.132 (1.25)  LR: 1.952e-04  Time cost: 34:11/3:23:38 [4:25:52/35:06:10]  Acc_iter 63550       Data time: 0.00(0.00)  Forward time: 0.25(0.25)  Batch time: 0.25(0.26)
2026-08-13 17:50:51,970   INFO  Train:    2/10 ( 20%) [8036/55563 ( 14%)]  Loss: 0.4361 (1.25)  LR: 1.954e-04  Time cost: 34:23/3:23:24 [4:26:05/35:05:48]  Acc_iter 63600       Data time: 0.00(0.00)  Forward time: 0.22(0.25)  Batch time: 0.23(0.26)
2026-08-13 17:50:52,370   INFO  a1e06a0b30c0                Thu Aug 13 17:50:52 2026  580.173.02
[0] NVIDIA GeForce RTX 3070 | 71°C,  96 % |  7489 /  8192 MB | root(7052M)

2026-08-13 17:51:05,251   INFO  Train:    2/10 ( 20%) [8086/55563 ( 15%)]  Loss: 1.632 (1.25)  LR: 1.956e-04  Time cost: 34:37/3:23:14 [4:26:18/35:06:02]  Acc_iter 63650       Data time: 0.00(0.00)  Forward time: 0.26(0.25)  Batch time: 0.26(0.26)
2026-08-13 17:51:18,066   INFO  Train:    2/10 ( 20%) [8136/55563 ( 15%)]  Loss: 1.779 (1.25)  LR: 1.958e-04  Time cost: 34:49/3:23:01 [4:26:31/35:05:47]  Acc_iter 63700       Data time: 0.00(0.00)  Forward time: 0.21(0.25)  Batch time: 0.21(0.26)
2026-08-13 17:51:28,325   INFO  Save latest model to /OpenPCDet/output/OpenPCDet/tools/cfgs/models/S/F/S_F_N/default/ckpt/latest_model
2026-08-13 17:51:31,399   INFO  Train:    2/10 ( 20%) [8186/55563 ( 15%)]  Loss: 1.215 (1.25)  LR: 1.960e-04  Time cost: 35:03/3:22:51 [4:26:44/35:06:04]  Acc_iter 63750       Data time: 0.00(0.00)  Forward time: 0.25(0.25)  Batch time: 0.25(0.26)
2026-08-13 17:51:31,837   INFO  a1e06a0b30c0                Thu Aug 13 17:51:31 2026  580.173.02
[0] NVIDIA GeForce RTX 3070 | 66°C,   6 % |  7488 /  8192 MB | root(7052M)

2026-08-13 17:51:44,702   INFO  Train:    2/10 ( 20%) [8236/55563 ( 15%)]  Loss: 1.306 (1.25)  LR: 1.961e-04  Time cost: 35:16/3:22:40 [4:26:57/35:06:19]  Acc_iter 63800       Data time: 0.00(0.00)  Forward time: 0.25(0.25)  Batch time: 0.25(0.26)
2026-08-13 17:51:57,590   INFO  Train:    2/10 ( 20%) [8286/55563 ( 15%)]  Loss: 1.216 (1.25)  LR: 1.963e-04  Time cost: 35:29/3:22:28 [4:27:10/35:06:08]  Acc_iter 63850       Data time: 0.00(0.00)  Forward time: 0.24(0.25)  Batch time: 0.24(0.26)
2026-08-13 17:52:10,311   INFO  Train:    2/10 ( 20%) [8336/55563 ( 15%)]  Loss: 1.318 (1.25)  LR: 1.965e-04  Time cost: 35:42/3:22:14 [4:27:23/35:05:48]  Acc_iter 63900       Data time: 0.00(0.00)  Forward time: 0.24(0.25)  Batch time: 0.24(0.26)
2026-08-13 17:52:10,712   INFO  a1e06a0b30c0                Thu Aug 13 17:52:10 2026  580.173.02
[0] NVIDIA GeForce RTX 3070 | 63°C,   5 % |  7489 /  8192 MB | root(7052M)

2026-08-13 17:52:24,008   INFO  Train:    2/10 ( 20%) [8386/55563 ( 15%)]  Loss: 0.9335 (1.25)  LR: 1.967e-04  Time cost: 35:55/3:22:06 [4:27:37/35:06:25]  Acc_iter 63950       Data time: 0.00(0.00)  Forward time: 0.27(0.25)  Batch time: 0.28(0.26)
2026-08-13 17:52:37,175   INFO  Train:    2/10 ( 20%) [8436/55563 ( 15%)]  Loss: 1.267 (1.25)  LR: 1.969e-04  Time cost: 36:09/3:21:55 [4:27:50/35:06:30]  Acc_iter 64000       Data time: 0.00(0.00)  Forward time: 0.23(0.25)  Batch time: 0.23(0.26)
2026-08-13 17:52:49,998   INFO  Train:    2/10 ( 20%) [8486/55563 ( 15%)]  Loss: 1.710 (1.25)  LR: 1.971e-04  Time cost: 36:21/3:21:42 [4:28:03/35:06:16]  Acc_iter 64050       Data time: 0.00(0.00)  Forward time: 0.26(0.25)  Batch time: 0.26(0.26)
2026-08-13 17:52:50,439   INFO  a1e06a0b30c0                Thu Aug 13 17:52:50 2026  580.173.02
[0] NVIDIA GeForce RTX 3070 | 67°C,  86 % |  7482 /  8192 MB | root(7052M)

2026-08-13 17:53:03,621   INFO  Train:    2/10 ( 20%) [8536/55563 ( 15%)]  Loss: 1.716 (1.25)  LR: 1.973e-04  Time cost: 36:35/3:21:33 [4:28:16/35:06:47]  Acc_iter 64100       Data time: 0.00(0.00)  Forward time: 0.25(0.25)  Batch time: 0.25(0.26)
2026-08-13 17:53:16,579   INFO  Train:    2/10 ( 20%) [8586/55563 ( 15%)]  Loss: 1.013 (1.25)  LR: 1.974e-04  Time cost: 36:48/3:21:21 [4:28:29/35:06:40]  Acc_iter 64150       Data time: 0.00(0.00)  Forward time: 0.27(0.25)  Batch time: 0.28(0.26)
2026-08-13 17:53:30,065   INFO  Train:    2/10 ( 20%) [8636/55563 ( 16%)]  Loss: 0.3114 (1.25)  LR: 1.976e-04  Time cost: 37:01/3:21:12 [4:28:43/35:07:03]  Acc_iter 64200       Data time: 0.00(0.00)  Forward time: 0.24(0.25)  Batch time: 0.24(0.26)
2026-08-13 17:53:30,492   INFO  a1e06a0b30c0                Thu Aug 13 17:53:30 2026  580.173.02
[0] NVIDIA GeForce RTX 3070 | 71°C,  93 % |  7482 /  8192 MB | root(7052M)

2026-08-13 17:53:43,499   INFO  Train:    2/10 ( 20%) [8686/55563 ( 16%)]  Loss: 1.064 (1.25)  LR: 1.978e-04  Time cost: 37:15/3:21:02 [4:28:56/35:07:22]  Acc_iter 64250       Data time: 0.00(0.00)  Forward time: 0.26(0.25)  Batch time: 0.26(0.26)
2026-08-13 17:53:56,020   INFO  Train:    2/10 ( 20%) [8736/55563 ( 16%)]  Loss: 1.211 (1.25)  LR: 1.980e-04  Time cost: 37:27/3:20:47 [4:29:09/35:06:50]  Acc_iter 64300       Data time: 0.00(0.00)  Forward time: 0.24(0.25)  Batch time: 0.24(0.26)
2026-08-13 17:54:08,990   INFO  Train:    2/10 ( 20%) [8786/55563 ( 16%)]  Loss: 1.318 (1.25)  LR: 1.982e-04  Time cost: 37:40/3:20:35 [4:29:22/35:06:43]  Acc_iter 64350       Data time: 0.00(0.00)  Forward time: 0.27(0.25)  Batch time: 0.27(0.26)
2026-08-13 17:54:09,393   INFO  a1e06a0b30c0                Thu Aug 13 17:54:09 2026  580.173.02
[0] NVIDIA GeForce RTX 3070 | 70°C,  64 % |  7482 /  8192 MB | root(7052M)

2026-08-13 17:54:22,897   INFO  Train:    2/10 ( 20%) [8836/55563 ( 16%)]  Loss: 0.3654 (1.24)  LR: 1.984e-04  Time cost: 37:54/3:20:28 [4:29:35/35:07:28]  Acc_iter 64400       Data time: 0.00(0.00)  Forward time: 0.21(0.25)  Batch time: 0.21(0.26)
2026-08-13 17:54:36,253   INFO  Train:    2/10 ( 20%) [8886/55563 ( 16%)]  Loss: 1.859 (1.24)  LR: 1.986e-04  Time cost: 38:08/3:20:17 [4:29:49/35:07:42]  Acc_iter 64450       Data time: 0.00(0.00)  Forward time: 0.25(0.25)  Batch time: 0.25(0.26)
2026-08-13 17:54:49,110   INFO  Train:    2/10 ( 20%) [8936/55563 ( 16%)]  Loss: 1.141 (1.24)  LR: 1.987e-04  Time cost: 38:20/3:20:04 [4:30:02/35:07:28]  Acc_iter 64500       Data time: 0.00(0.00)  Forward time: 0.27(0.25)  Batch time: 0.27(0.26)
2026-08-13 17:54:49,546   INFO  a1e06a0b30c0                Thu Aug 13 17:54:49 2026  580.173.02
[0] NVIDIA GeForce RTX 3070 | 71°C,  90 % |  7488 /  8192 MB | root(7052M)

2026-08-13 17:55:02,375   INFO  Train:    2/10 ( 20%) [8986/55563 ( 16%)]  Loss: 1.071 (1.24)  LR: 1.989e-04  Time cost: 38:34/3:19:53 [4:30:15/35:07:37]  Acc_iter 64550       Data time: 0.00(0.00)  Forward time: 0.26(0.25)  Batch time: 0.26(0.26)
2026-08-13 17:55:15,349   INFO  Train:    2/10 ( 20%) [9036/55563 ( 16%)]  Loss: 1.717 (1.24)  LR: 1.991e-04  Time cost: 38:47/3:19:41 [4:30:28/35:07:29]  Acc_iter 64600       Data time: 0.00(0.00)  Forward time: 0.24(0.25)  Batch time: 0.24(0.26)
2026-08-13 17:55:28,473   INFO  Train:    2/10 ( 20%) [9086/55563 ( 16%)]  Loss: 1.024 (1.24)  LR: 1.993e-04  Time cost: 39:00/3:19:29 [4:30:41/35:07:30]  Acc_iter 64650       Data time: 0.00(0.00)  Forward time: 0.27(0.25)  Batch time: 0.28(0.26)
2026-08-13 17:55:28,907   INFO  a1e06a0b30c0                Thu Aug 13 17:55:28 2026  580.173.02
[0] NVIDIA GeForce RTX 3070 | 72°C,   9 % |  7488 /  8192 MB | root(7052M)

2026-08-13 17:55:41,580   INFO  Train:    2/10 ( 20%) [9136/55563 ( 16%)]  Loss: 2.555 (1.24)  LR: 1.995e-04  Time cost: 39:13/3:19:18 [4:30:54/35:07:29]  Acc_iter 64700       Data time: 0.00(0.00)  Forward time: 0.26(0.25)  Batch time: 0.26(0.26)
2026-08-13 17:55:54,268   INFO  Train:    2/10 ( 20%) [9186/55563 ( 17%)]  Loss: 1.136 (1.24)  LR: 1.997e-04  Time cost: 39:26/3:19:04 [4:31:07/35:07:06]  Acc_iter 64750       Data time: 0.00(0.00)  Forward time: 0.23(0.25)  Batch time: 0.24(0.26)
2026-08-13 17:56:07,160   INFO  Train:    2/10 ( 20%) [9236/55563 ( 17%)]  Loss: 1.406 (1.24)  LR: 1.999e-04  Time cost: 39:39/3:18:51 [4:31:20/35:06:54]  Acc_iter 64800       Data time: 0.00(0.00)  Forward time: 0.25(0.25)  Batch time: 0.25(0.26)
2026-08-13 17:56:07,561   INFO  a1e06a0b30c0                Thu Aug 13 17:56:07 2026  580.173.02
[0] NVIDIA GeForce RTX 3070 | 70°C,  69 % |  7488 /  8192 MB | root(7052M)

2026-08-13 17:56:21,203   INFO  Train:    2/10 ( 20%) [9286/55563 ( 17%)]  Loss: 1.935 (1.24)  LR: 2.000e-04  Time cost: 39:53/3:18:44 [4:31:34/35:07:43]  Acc_iter 64850       Data time: 0.00(0.00)  Forward time: 0.26(0.25)  Batch time: 0.26(0.26)
2026-08-13 17:56:28,400   INFO  Save latest model to /OpenPCDet/output/OpenPCDet/tools/cfgs/models/S/F/S_F_N/default/ckpt/latest_model
2026-08-13 17:56:34,275   INFO  Train:    2/10 ( 20%) [9336/55563 ( 17%)]  Loss: 1.051 (1.24)  LR: 2.002e-04  Time cost: 40:06/3:18:32 [4:31:47/35:07:40]  Acc_iter 64900       Data time: 0.00(0.00)  Forward time: 0.25(0.25)  Batch time: 0.26(0.26)
2026-08-13 17:56:47,122   INFO  Train:    2/10 ( 20%) [9386/55563 ( 17%)]  Loss: 0.9436 (1.24)  LR: 2.004e-04  Time cost: 40:18/3:18:19 [4:32:00/35:07:25]  Acc_iter 64950       Data time: 0.00(0.00)  Forward time: 0.21(0.25)  Batch time: 0.21(0.26)
2026-08-13 17:56:47,510   INFO  a1e06a0b30c0                Thu Aug 13 17:56:47 2026  580.173.02
[0] NVIDIA GeForce RTX 3070 | 70°C,  82 % |  7488 /  8192 MB | root(7052M)

2026-08-13 17:57:00,168   INFO  Train:    2/10 ( 20%) [9436/55563 ( 17%)]  Loss: 1.362 (1.24)  LR: 2.006e-04  Time cost: 40:32/3:18:07 [4:32:13/35:07:20]  Acc_iter 65000       Data time: 0.00(0.00)  Forward time: 0.21(0.25)  Batch time: 0.21(0.26)
2026-08-13 17:57:13,198   INFO  Train:    2/10 ( 20%) [9486/55563 ( 17%)]  Loss: 0.8600 (1.24)  LR: 2.008e-04  Time cost: 40:45/3:17:55 [4:32:26/35:07:15]  Acc_iter 65050       Data time: 0.00(0.00)  Forward time: 0.26(0.25)  Batch time: 0.26(0.26)
2026-08-13 17:57:26,514   INFO  Train:    2/10 ( 20%) [9536/55563 ( 17%)]  Loss: 0.9980 (1.24)  LR: 2.010e-04  Time cost: 40:58/3:17:44 [4:32:39/35:07:24]  Acc_iter 65100       Data time: 0.00(0.00)  Forward time: 0.24(0.25)  Batch time: 0.24(0.26)
2026-08-13 17:57:26,939   INFO  a1e06a0b30c0                Thu Aug 13 17:57:26 2026  580.173.02
[0] NVIDIA GeForce RTX 3070 | 67°C,  79 % |  7487 /  8192 MB | root(7052M)

2026-08-13 17:57:39,876   INFO  Train:    2/10 ( 20%) [9586/55563 ( 17%)]  Loss: 1.645 (1.24)  LR: 2.011e-04  Time cost: 41:11/3:17:33 [4:32:52/35:07:35]  Acc_iter 65150       Data time: 0.00(0.00)  Forward time: 0.25(0.25)  Batch time: 0.25(0.26)
2026-08-13 17:57:52,713   INFO  Train:    2/10 ( 20%) [9636/55563 ( 17%)]  Loss: 0.6794 (1.24)  LR: 2.013e-04  Time cost: 41:24/3:17:20 [4:33:05/35:07:20]  Acc_iter 65200       Data time: 0.00(0.00)  Forward time: 0.24(0.25)  Batch time: 0.24(0.26)
2026-08-13 17:58:05,771   INFO  Train:    2/10 ( 20%) [9686/55563 ( 17%)]  Loss: 2.281 (1.24)  LR: 2.015e-04  Time cost: 41:37/3:17:08 [4:33:18/35:07:15]  Acc_iter 65250       Data time: 0.00(0.00)  Forward time: 0.26(0.25)  Batch time: 0.26(0.26)
2026-08-13 17:58:06,172   INFO  a1e06a0b30c0                Thu Aug 13 17:58:06 2026  580.173.02
[0] NVIDIA GeForce RTX 3070 | 69°C,  89 % |  7487 /  8192 MB | root(7052M)

2026-08-13 17:58:19,329   INFO  Train:    2/10 ( 20%) [9736/55563 ( 18%)]  Loss: 0.8633 (1.24)  LR: 2.017e-04  Time cost: 41:51/3:16:58 [4:33:32/35:07:36]  Acc_iter 65300       Data time: 0.00(0.00)  Forward time: 0.24(0.25)  Batch time: 0.24(0.26)
2026-08-13 17:58:32,498   INFO  Train:    2/10 ( 20%) [9786/55563 ( 18%)]  Loss: 3.002 (1.24)  LR: 2.019e-04  Time cost: 42:04/3:16:47 [4:33:45/35:07:37]  Acc_iter 65350       Data time: 0.00(0.00)  Forward time: 0.26(0.25)  Batch time: 0.27(0.26)
2026-08-13 17:58:45,622   INFO  Train:    2/10 ( 20%) [9836/55563 ( 18%)]  Loss: 1.328 (1.24)  LR: 2.021e-04  Time cost: 42:17/3:16:35 [4:33:58/35:07:35]  Acc_iter 65400       Data time: 0.00(0.00)  Forward time: 0.27(0.25)  Batch time: 0.27(0.26)
2026-08-13 17:58:46,053   INFO  a1e06a0b30c0                Thu Aug 13 17:58:46 2026  580.173.02
[0] NVIDIA GeForce RTX 3070 | 70°C,  92 % |  7487 /  8192 MB | root(7052M)

2026-08-13 17:58:59,296   INFO  Train:    2/10 ( 20%) [9886/55563 ( 18%)]  Loss: 0.7091 (1.24)  LR: 2.022e-04  Time cost: 42:31/3:16:26 [4:34:12/35:08:01]  Acc_iter 65450       Data time: 0.00(0.00)  Forward time: 0.26(0.25)  Batch time: 0.26(0.26)
2026-08-13 17:59:12,079   INFO  Train:    2/10 ( 20%) [9936/55563 ( 18%)]  Loss: 1.131 (1.24)  LR: 2.024e-04  Time cost: 42:43/3:16:12 [4:34:25/35:07:42]  Acc_iter 65500       Data time: 0.00(0.00)  Forward time: 0.22(0.25)  Batch time: 0.22(0.26)
2026-08-13 17:59:24,915   INFO  Train:    2/10 ( 20%) [9986/55563 ( 18%)]  Loss: 0.9608 (1.24)  LR: 2.026e-04  Time cost: 42:56/3:15:59 [4:34:37/35:07:26]  Acc_iter 65550       Data time: 0.00(0.00)  Forward time: 0.29(0.25)  Batch time: 0.29(0.26)
2026-08-13 17:59:25,302   INFO  a1e06a0b30c0                Thu Aug 13 17:59:25 2026  580.173.02
[0] NVIDIA GeForce RTX 3070 | 66°C,  94 % |  7487 /  8192 MB | root(7052M)

2026-08-13 17:59:37,605   INFO  Train:    2/10 ( 20%) [10036/55563 ( 18%)]  Loss: 0.5450 (1.24)  LR: 2.028e-04  Time cost: 43:09/3:15:45 [4:34:50/35:07:03]  Acc_iter 65600       Data time: 0.00(0.00)  Forward time: 0.20(0.25)  Batch time: 0.20(0.26)
2026-08-13 17:59:50,381   INFO  Train:    2/10 ( 20%) [10086/55563 ( 18%)]  Loss: 0.7128 (1.24)  LR: 2.030e-04  Time cost: 43:22/3:15:32 [4:35:03/35:06:44]  Acc_iter 65650       Data time: 0.00(0.00)  Forward time: 0.24(0.25)  Batch time: 0.25(0.26)
2026-08-13 18:00:03,132   INFO  Train:    2/10 ( 20%) [10136/55563 ( 18%)]  Loss: 0.9638 (1.24)  LR: 2.032e-04  Time cost: 43:34/3:15:18 [4:35:16/35:06:24]  Acc_iter 65700       Data time: 0.00(0.00)  Forward time: 0.27(0.25)  Batch time: 0.27(0.26)
2026-08-13 18:00:03,544   INFO  a1e06a0b30c0                Thu Aug 13 18:00:03 2026  580.173.02
[0] NVIDIA GeForce RTX 3070 | 70°C,  96 % |  7487 /  8192 MB | root(7052M)

2026-08-13 18:00:16,966   INFO  Train:    2/10 ( 20%) [10186/55563 ( 18%)]  Loss: 1.265 (1.24)  LR: 2.033e-04  Time cost: 43:48/3:15:09 [4:35:30/35:06:56]  Acc_iter 65750       Data time: 0.00(0.00)  Forward time: 0.26(0.25)  Batch time: 0.26(0.26)
2026-08-13 18:00:29,841   INFO  Train:    2/10 ( 20%) [10236/55563 ( 18%)]  Loss: 1.160 (1.24)  LR: 2.035e-04  Time cost: 44:01/3:14:56 [4:35:42/35:06:42]  Acc_iter 65800       Data time: 0.00(0.00)  Forward time: 0.28(0.25)  Batch time: 0.28(0.26)
2026-08-13 18:00:42,456   INFO  Train:    2/10 ( 20%) [10286/55563 ( 19%)]  Loss: 0.8567 (1.24)  LR: 2.037e-04  Time cost: 44:14/3:14:42 [4:35:55/35:06:15]  Acc_iter 65850       Data time: 0.00(0.00)  Forward time: 0.25(0.25)  Batch time: 0.26(0.26)
2026-08-13 18:00:42,896   INFO  a1e06a0b30c0                Thu Aug 13 18:00:42 2026  580.173.02
[0] NVIDIA GeForce RTX 3070 | 69°C,   7 % |  7487 /  8192 MB | root(7052M)

2026-08-13 18:00:55,754   INFO  Train:    2/10 ( 20%) [10336/55563 ( 19%)]  Loss: 1.208 (1.24)  LR: 2.039e-04  Time cost: 44:27/3:14:31 [4:36:08/35:06:21]  Acc_iter 65900       Data time: 0.00(0.00)  Forward time: 0.26(0.25)  Batch time: 0.26(0.26)
2026-08-13 18:01:08,767   INFO  Train:    2/10 ( 20%) [10386/55563 ( 19%)]  Loss: 1.451 (1.24)  LR: 2.041e-04  Time cost: 44:40/3:14:19 [4:36:21/35:06:13]  Acc_iter 65950       Data time: 0.00(0.00)  Forward time: 0.23(0.25)  Batch time: 0.23(0.26)
2026-08-13 18:01:22,033   INFO  Train:    2/10 ( 20%) [10436/55563 ( 19%)]  Loss: 2.415 (1.24)  LR: 2.043e-04  Time cost: 44:53/3:14:07 [4:36:35/35:06:18]  Acc_iter 66000       Data time: 0.00(0.00)  Forward time: 0.28(0.25)  Batch time: 0.28(0.26)
2026-08-13 18:01:22,450   INFO  a1e06a0b30c0                Thu Aug 13 18:01:22 2026  580.173.02
[0] NVIDIA GeForce RTX 3070 | 69°C,  72 % |  7482 /  8192 MB | root(7052M)

2026-08-13 18:01:28,435   INFO  Save latest model to /OpenPCDet/output/OpenPCDet/tools/cfgs/models/S/F/S_F_N/default/ckpt/latest_model
2026-08-13 18:01:35,763   INFO  Train:    2/10 ( 20%) [10486/55563 ( 19%)]  Loss: 0.9587 (1.24)  LR: 2.044e-04  Time cost: 45:07/3:13:58 [4:36:48/35:06:43]  Acc_iter 66050       Data time: 0.00(0.00)  Forward time: 0.24(0.25)  Batch time: 0.24(0.26)
2026-08-13 18:01:48,728   INFO  Train:    2/10 ( 20%) [10536/55563 ( 19%)]  Loss: 0.9422 (1.24)  LR: 2.046e-04  Time cost: 45:20/3:13:45 [4:37:01/35:06:33]  Acc_iter 66100       Data time: 0.00(0.00)  Forward time: 0.28(0.25)  Batch time: 0.28(0.26)
2026-08-13 18:02:01,945   INFO  Train:    2/10 ( 20%) [10586/55563 ( 19%)]  Loss: 1.137 (1.24)  LR: 2.048e-04  Time cost: 45:33/3:13:34 [4:37:15/35:06:34]  Acc_iter 66150       Data time: 0.00(0.00)  Forward time: 0.25(0.25)  Batch time: 0.25(0.26)
2026-08-13 18:02:02,347   INFO  a1e06a0b30c0                Thu Aug 13 18:02:02 2026  580.173.02
[0] NVIDIA GeForce RTX 3070 | 67°C,  79 % |  7648 /  8192 MB | root(7218M)

2026-08-13 18:02:15,461   INFO  Train:    2/10 ( 20%) [10636/55563 ( 19%)]  Loss: 1.356 (1.24)  LR: 2.050e-04  Time cost: 45:47/3:13:23 [4:37:28/35:06:49]  Acc_iter 66200       Data time: 0.00(0.00)  Forward time: 0.26(0.25)  Batch time: 0.26(0.26)
2026-08-13 18:02:28,516   INFO  Train:    2/10 ( 20%) [10686/55563 ( 19%)]  Loss: 0.7426 (1.24)  LR: 2.052e-04  Time cost: 46:00/3:13:11 [4:37:41/35:06:43]  Acc_iter 66250       Data time: 0.00(0.00)  Forward time: 0.26(0.25)  Batch time: 0.26(0.26)
2026-08-13 18:02:41,289   INFO  Train:    2/10 ( 20%) [10736/55563 ( 19%)]  Loss: 1.221 (1.24)  LR: 2.053e-04  Time cost: 46:13/3:12:57 [4:37:54/35:06:23]  Acc_iter 66300       Data time: 0.00(0.00)  Forward time: 0.26(0.25)  Batch time: 0.27(0.26)
2026-08-13 18:02:41,762   INFO  a1e06a0b30c0                Thu Aug 13 18:02:41 2026  580.173.02
[0] NVIDIA GeForce RTX 3070 | 65°C,   5 % |  7644 /  8192 MB | root(7218M)

2026-08-13 18:02:54,325   INFO  Train:    2/10 ( 20%) [10786/55563 ( 19%)]  Loss: 1.112 (1.24)  LR: 2.055e-04  Time cost: 46:26/3:12:45 [4:38:07/35:06:16]  Acc_iter 66350       Data time: 0.00(0.00)  Forward time: 0.26(0.25)  Batch time: 0.26(0.26)
2026-08-13 18:03:07,310   INFO  Train:    2/10 ( 20%) [10836/55563 ( 20%)]  Loss: 0.6178 (1.24)  LR: 2.057e-04  Time cost: 46:39/3:12:32 [4:38:20/35:06:06]  Acc_iter 66400       Data time: 0.00(0.00)  Forward time: 0.25(0.25)  Batch time: 0.25(0.26)
2026-08-13 18:03:20,807   INFO  Train:    2/10 ( 20%) [10886/55563 ( 20%)]  Loss: 1.208 (1.24)  LR: 2.059e-04  Time cost: 46:52/3:12:22 [4:38:33/35:06:19]  Acc_iter 66450       Data time: 0.00(0.00)  Forward time: 0.28(0.25)  Batch time: 0.28(0.26)
2026-08-13 18:03:21,233   INFO  a1e06a0b30c0                Thu Aug 13 18:03:21 2026  580.173.02
[0] NVIDIA GeForce RTX 3070 | 65°C,  95 % |  7653 /  8192 MB | root(7218M)

2026-08-13 18:03:34,129   INFO  Train:    2/10 ( 20%) [10936/55563 ( 20%)]  Loss: 2.094 (1.24)  LR: 2.061e-04  Time cost: 47:05/3:12:11 [4:38:47/35:06:25]  Acc_iter 66500       Data time: 0.00(0.00)  Forward time: 0.33(0.25)  Batch time: 0.33(0.26)
2026-08-13 18:03:46,883   INFO  Train:    2/10 ( 20%) [10986/55563 ( 20%)]  Loss: 1.852 (1.24)  LR: 2.063e-04  Time cost: 47:18/3:11:57 [4:38:59/35:06:04]  Acc_iter 66550       Data time: 0.00(0.00)  Forward time: 0.29(0.25)  Batch time: 0.29(0.26)
2026-08-13 18:03:59,919   INFO  Train:    2/10 ( 20%) [11036/55563 ( 20%)]  Loss: 0.8923 (1.24)  LR: 2.064e-04  Time cost: 47:31/3:11:44 [4:39:12/35:05:57]  Acc_iter 66600       Data time: 0.00(0.00)  Forward time: 0.23(0.25)  Batch time: 0.23(0.26)
2026-08-13 18:04:00,412   INFO  a1e06a0b30c0                Thu Aug 13 18:04:00 2026  580.173.02
[0] NVIDIA GeForce RTX 3070 | 67°C,  63 % |  7648 /  8192 MB | root(7218M)

2026-08-13 18:04:13,598   INFO  Train:    2/10 ( 20%) [11086/55563 ( 20%)]  Loss: 0.9310 (1.24)  LR: 2.066e-04  Time cost: 47:45/3:11:35 [4:39:26/35:06:17]  Acc_iter 66650       Data time: 0.00(0.00)  Forward time: 0.27(0.25)  Batch time: 0.27(0.26)
2026-08-13 18:04:26,675   INFO  Train:    2/10 ( 20%) [11136/55563 ( 20%)]  Loss: 0.6677 (1.24)  LR: 2.068e-04  Time cost: 47:58/3:11:22 [4:39:39/35:06:11]  Acc_iter 66700       Data time: 0.00(0.00)  Forward time: 0.22(0.25)  Batch time: 0.22(0.26)
2026-08-13 18:04:39,301   INFO  Train:    2/10 ( 20%) [11186/55563 ( 20%)]  Loss: 1.401 (1.24)  LR: 2.070e-04  Time cost: 48:11/3:11:08 [4:39:52/35:05:45]  Acc_iter 66750       Data time: 0.00(0.00)  Forward time: 0.24(0.25)  Batch time: 0.24(0.26)
2026-08-13 18:04:39,768   INFO  a1e06a0b30c0                Thu Aug 13 18:04:39 2026  580.173.02
[0] NVIDIA GeForce RTX 3070 | 65°C,   6 % |  7648 /  8192 MB | root(7218M)

2026-08-13 18:04:52,609   INFO  Train:    2/10 ( 20%) [11236/55563 ( 20%)]  Loss: 1.870 (1.24)  LR: 2.072e-04  Time cost: 48:24/3:10:57 [4:40:05/35:05:49]  Acc_iter 66800       Data time: 0.00(0.00)  Forward time: 0.27(0.25)  Batch time: 0.27(0.26)
2026-08-13 18:05:05,594   INFO  Train:    2/10 ( 20%) [11286/55563 ( 20%)]  Loss: 1.516 (1.24)  LR: 2.073e-04  Time cost: 48:37/3:10:44 [4:40:18/35:05:39]  Acc_iter 66850       Data time: 0.00(0.00)  Forward time: 0.26(0.25)  Batch time: 0.26(0.26)
2026-08-13 18:05:19,070   INFO  Train:    2/10 ( 20%) [11336/55563 ( 20%)]  Loss: 1.094 (1.24)  LR: 2.075e-04  Time cost: 48:50/3:10:33 [4:40:32/35:05:50]  Acc_iter 66900       Data time: 0.00(0.00)  Forward time: 0.24(0.25)  Batch time: 0.24(0.26)
2026-08-13 18:05:19,628   INFO  a1e06a0b30c0                Thu Aug 13 18:05:19 2026  580.173.02
[0] NVIDIA GeForce RTX 3070 | 71°C,  87 % |  7648 /  8192 MB | root(7218M)

2026-08-13 18:05:32,312   INFO  Train:    2/10 ( 20%) [11386/55563 ( 20%)]  Loss: 1.070 (1.24)  LR: 2.077e-04  Time cost: 49:04/3:10:22 [4:40:45/35:05:50]  Acc_iter 66950       Data time: 0.00(0.00)  Forward time: 0.29(0.25)  Batch time: 0.29(0.26)
2026-08-13 18:05:45,062   INFO  Train:    2/10 ( 20%) [11436/55563 ( 21%)]  Loss: 0.9890 (1.24)  LR: 2.079e-04  Time cost: 49:16/3:10:08 [4:40:58/35:05:30]  Acc_iter 67000       Data time: 0.00(0.00)  Forward time: 0.25(0.25)  Batch time: 0.25(0.26)
2026-08-13 18:05:57,838   INFO  Train:    2/10 ( 20%) [11486/55563 ( 21%)]  Loss: 0.5269 (1.24)  LR: 2.081e-04  Time cost: 49:29/3:09:55 [4:41:10/35:05:10]  Acc_iter 67050       Data time: 0.00(0.00)  Forward time: 0.24(0.25)  Batch time: 0.24(0.26)
2026-08-13 18:05:58,238   INFO  a1e06a0b30c0                Thu Aug 13 18:05:58 2026  580.173.02
[0] NVIDIA GeForce RTX 3070 | 65°C,  99 % |  7648 /  8192 MB | root(7218M)

2026-08-13 18:06:11,765   INFO  Train:    2/10 ( 20%) [11536/55563 ( 21%)]  Loss: 0.5857 (1.24)  LR: 2.083e-04  Time cost: 49:43/3:09:45 [4:41:24/35:05:40]  Acc_iter 67100       Data time: 0.00(0.00)  Forward time: 0.26(0.25)  Batch time: 0.26(0.26)
2026-08-13 18:06:24,659   INFO  Train:    2/10 ( 20%) [11586/55563 ( 21%)]  Loss: 1.414 (1.24)  LR: 2.084e-04  Time cost: 49:56/3:09:32 [4:41:37/35:05:25]  Acc_iter 67150       Data time: 0.00(0.00)  Forward time: 0.26(0.25)  Batch time: 0.26(0.26)
2026-08-13 18:06:28,437   INFO  Save latest model to /OpenPCDet/output/OpenPCDet/tools/cfgs/models/S/F/S_F_N/default/ckpt/latest_model
2026-08-13 18:06:37,719   INFO  Train:    2/10 ( 20%) [11636/55563 ( 21%)]  Loss: 1.174 (1.24)  LR: 2.086e-04  Time cost: 50:09/3:09:20 [4:41:50/35:05:18]  Acc_iter 67200       Data time: 0.00(0.00)  Forward time: 0.27(0.25)  Batch time: 0.27(0.26)
2026-08-13 18:06:38,220   INFO  a1e06a0b30c0                Thu Aug 13 18:06:38 2026  580.173.02
[0] NVIDIA GeForce RTX 3070 | 70°C,  73 % |  7648 /  8192 MB | root(7218M)

2026-08-13 18:06:50,951   INFO  Train:    2/10 ( 20%) [11686/55563 ( 21%)]  Loss: 0.6419 (1.24)  LR: 2.088e-04  Time cost: 50:22/3:09:08 [4:42:04/35:05:17]  Acc_iter 67250       Data time: 0.00(0.00)  Forward time: 0.28(0.25)  Batch time: 0.28(0.26)
2026-08-13 18:07:03,651   INFO  Train:    2/10 ( 20%) [11736/55563 ( 21%)]  Loss: 1.205 (1.24)  LR: 2.090e-04  Time cost: 50:35/3:08:54 [4:42:16/35:04:55]  Acc_iter 67300       Data time: 0.00(0.00)  Forward time: 0.28(0.25)  Batch time: 0.28(0.26)
2026-08-13 18:07:16,861   INFO  Train:    2/10 ( 20%) [11786/55563 ( 21%)]  Loss: 0.8772 (1.24)  LR: 2.092e-04  Time cost: 50:48/3:08:42 [4:42:29/35:04:53]  Acc_iter 67350       Data time: 0.00(0.00)  Forward time: 0.23(0.25)  Batch time: 0.23(0.26)
2026-08-13 18:07:17,309   INFO  a1e06a0b30c0                Thu Aug 13 18:07:17 2026  580.173.02
[0] NVIDIA GeForce RTX 3070 | 64°C,  96 % |  7642 /  8192 MB | root(7218M)

2026-08-13 18:07:30,255   INFO  Train:    2/10 ( 20%) [11836/55563 ( 21%)]  Loss: 1.155 (1.24)  LR: 2.093e-04  Time cost: 51:02/3:08:31 [4:42:43/35:05:00]  Acc_iter 67400       Data time: 0.00(0.00)  Forward time: 0.26(0.25)  Batch time: 0.27(0.26)
2026-08-13 18:07:43,015   INFO  Train:    2/10 ( 20%) [11886/55563 ( 21%)]  Loss: 1.284 (1.24)  LR: 2.095e-04  Time cost: 51:14/3:08:18 [4:42:56/35:04:39]  Acc_iter 67450       Data time: 0.00(0.00)  Forward time: 0.24(0.25)  Batch time: 0.24(0.26)
2026-08-13 18:07:55,794   INFO  Train:    2/10 ( 20%) [11936/55563 ( 21%)]  Loss: 1.245 (1.24)  LR: 2.097e-04  Time cost: 51:27/3:08:04 [4:43:08/35:04:20]  Acc_iter 67500       Data time: 0.00(0.00)  Forward time: 0.28(0.25)  Batch time: 0.28(0.26)
2026-08-13 18:07:56,207   INFO  a1e06a0b30c0                Thu Aug 13 18:07:56 2026  580.173.02
[0] NVIDIA GeForce RTX 3070 | 69°C,  80 % |  7642 /  8192 MB | root(7218M)

2026-08-13 18:08:09,129   INFO  Train:    2/10 ( 20%) [11986/55563 ( 22%)]  Loss: 0.4848 (1.24)  LR: 2.099e-04  Time cost: 51:40/3:07:53 [4:43:22/35:04:24]  Acc_iter 67550       Data time: 0.00(0.00)  Forward time: 0.26(0.25)  Batch time: 0.26(0.26)
2026-08-13 18:08:22,438   INFO  Train:    2/10 ( 20%) [12036/55563 ( 22%)]  Loss: 0.5673 (1.24)  LR: 2.101e-04  Time cost: 51:54/3:07:41 [4:43:35/35:04:26]  Acc_iter 67600       Data time: 0.00(0.00)  Forward time: 0.29(0.25)  Batch time: 0.29(0.26)
2026-08-13 18:08:35,038   INFO  Train:    2/10 ( 20%) [12086/55563 ( 22%)]  Loss: 0.3687 (1.24)  LR: 2.102e-04  Time cost: 52:06/3:07:27 [4:43:48/35:03:59]  Acc_iter 67650       Data time: 0.00(0.00)  Forward time: 0.23(0.25)  Batch time: 0.23(0.26)
2026-08-13 18:08:35,436   INFO  a1e06a0b30c0                Thu Aug 13 18:08:35 2026  580.173.02
[0] NVIDIA GeForce RTX 3070 | 71°C,  85 % |  7642 /  8192 MB | root(7218M)

2026-08-13 18:08:48,396   INFO  Train:    2/10 ( 20%) [12136/55563 ( 22%)]  Loss: 0.8819 (1.24)  LR: 2.104e-04  Time cost: 52:20/3:07:16 [4:44:01/35:04:03]  Acc_iter 67700       Data time: 0.00(0.00)  Forward time: 0.26(0.25)  Batch time: 0.27(0.26)
2026-08-13 18:09:01,419   INFO  Train:    2/10 ( 20%) [12186/55563 ( 22%)]  Loss: 1.137 (1.24)  LR: 2.106e-04  Time cost: 52:33/3:07:03 [4:44:14/35:03:54]  Acc_iter 67750       Data time: 0.00(0.00)  Forward time: 0.24(0.25)  Batch time: 0.24(0.26)
2026-08-13 18:09:15,216   INFO  Train:    2/10 ( 20%) [12236/55563 ( 22%)]  Loss: 0.6729 (1.24)  LR: 2.108e-04  Time cost: 52:47/3:06:53 [4:44:28/35:04:15]  Acc_iter 67800       Data time: 0.00(0.00)  Forward time: 0.29(0.25)  Batch time: 0.29(0.26)
2026-08-13 18:09:15,737   INFO  a1e06a0b30c0                Thu Aug 13 18:09:15 2026  580.173.02
[0] NVIDIA GeForce RTX 3070 | 68°C,  99 % |  6242 /  8192 MB | root(5818M)

2026-08-13 18:09:28,487   INFO  Train:    2/10 ( 20%) [12286/55563 ( 22%)]  Loss: 0.9106 (1.24)  LR: 2.110e-04  Time cost: 53:00/3:06:41 [4:44:41/35:04:15]  Acc_iter 67850       Data time: 0.00(0.00)  Forward time: 0.24(0.25)  Batch time: 0.24(0.26)
2026-08-13 18:09:41,255   INFO  Train:    2/10 ( 20%) [12336/55563 ( 22%)]  Loss: 1.045 (1.24)  LR: 2.111e-04  Time cost: 53:13/3:06:28 [4:44:54/35:03:56]  Acc_iter 67900       Data time: 0.00(0.00)  Forward time: 0.23(0.25)  Batch time: 0.24(0.26)
2026-08-13 18:09:54,132   INFO  Train:    2/10 ( 20%) [12386/55563 ( 22%)]  Loss: 1.189 (1.24)  LR: 2.113e-04  Time cost: 53:25/3:06:14 [4:45:07/35:03:40]  Acc_iter 67950       Data time: 0.00(0.00)  Forward time: 0.25(0.25)  Batch time: 0.25(0.26)
2026-08-13 18:09:54,547   INFO  a1e06a0b30c0                Thu Aug 13 18:09:54 2026  580.173.02
[0] NVIDIA GeForce RTX 3070 | 71°C, 100 % |  6252 /  8192 MB | root(5822M)

2026-08-13 18:10:07,750   INFO  Train:    2/10 ( 20%) [12436/55563 ( 22%)]  Loss: 0.6141 (1.24)  LR: 2.115e-04  Time cost: 53:39/3:06:04 [4:45:20/35:03:54]  Acc_iter 68000       Data time: 0.00(0.00)  Forward time: 0.29(0.25)  Batch time: 0.30(0.26)
2026-08-13 18:10:20,972   INFO  Train:    2/10 ( 20%) [12486/55563 ( 22%)]  Loss: 1.134 (1.24)  LR: 2.117e-04  Time cost: 53:52/3:05:52 [4:45:34/35:03:52]  Acc_iter 68050       Data time: 0.00(0.00)  Forward time: 0.23(0.25)  Batch time: 0.23(0.26)
2026-08-13 18:10:33,705   INFO  Train:    2/10 ( 20%) [12536/55563 ( 23%)]  Loss: 1.199 (1.24)  LR: 2.118e-04  Time cost: 54:05/3:05:38 [4:45:46/35:03:31]  Acc_iter 68100       Data time: 0.00(0.00)  Forward time: 0.28(0.25)  Batch time: 0.28(0.26)
2026-08-13 18:10:34,112   INFO  a1e06a0b30c0                Thu Aug 13 18:10:34 2026  580.173.02
[0] NVIDIA GeForce RTX 3070 | 70°C,  93 % |  6252 /  8192 MB | root(5822M)

2026-08-13 18:10:47,147   INFO  Train:    2/10 ( 20%) [12586/55563 ( 23%)]  Loss: 0.6703 (1.24)  LR: 2.120e-04  Time cost: 54:18/3:05:27 [4:46:00/35:03:37]  Acc_iter 68150       Data time: 0.00(0.00)  Forward time: 0.22(0.25)  Batch time: 0.22(0.26)
2026-08-13 18:11:00,257   INFO  Train:    2/10 ( 20%) [12636/55563 ( 23%)]  Loss: 0.5504 (1.24)  LR: 2.122e-04  Time cost: 54:32/3:05:15 [4:46:13/35:03:30]  Acc_iter 68200       Data time: 0.00(0.00)  Forward time: 0.23(0.25)  Batch time: 0.23(0.26)
2026-08-13 18:11:13,564   INFO  Train:    2/10 ( 20%) [12686/55563 ( 23%)]  Loss: 2.545 (1.24)  LR: 2.124e-04  Time cost: 54:45/3:05:03 [4:46:26/35:03:31]  Acc_iter 68250       Data time: 0.00(0.00)  Forward time: 0.26(0.25)  Batch time: 0.27(0.26)
2026-08-13 18:11:14,080   INFO  a1e06a0b30c0                Thu Aug 13 18:11:14 2026  580.173.02
[0] NVIDIA GeForce RTX 3070 | 69°C,  86 % |  6252 /  8192 MB | root(5822M)

2026-08-13 18:11:27,007   INFO  Train:    2/10 ( 20%) [12736/55563 ( 23%)]  Loss: 1.775 (1.24)  LR: 2.126e-04  Time cost: 54:58/3:04:52 [4:46:40/35:03:37]  Acc_iter 68300       Data time: 0.00(0.00)  Forward time: 0.25(0.25)  Batch time: 0.25(0.26)
2026-08-13 18:11:28,418   INFO  Save latest model to /OpenPCDet/output/OpenPCDet/tools/cfgs/models/S/F/S_F_N/default/ckpt/latest_model
2026-08-13 18:11:39,786   INFO  Train:    2/10 ( 20%) [12786/55563 ( 23%)]  Loss: 0.8540 (1.24)  LR: 2.127e-04  Time cost: 55:11/3:04:38 [4:46:52/35:03:18]  Acc_iter 68350       Data time: 0.00(0.00)  Forward time: 0.26(0.25)  Batch time: 0.27(0.26)
2026-08-13 18:11:52,445   INFO  Train:    2/10 ( 20%) [12836/55563 ( 23%)]  Loss: 1.151 (1.24)  LR: 2.129e-04  Time cost: 55:24/3:04:24 [4:47:05/35:02:54]  Acc_iter 68400       Data time: 0.00(0.00)  Forward time: 0.21(0.25)  Batch time: 0.21(0.26)
2026-08-13 18:11:52,861   INFO  a1e06a0b30c0                Thu Aug 13 18:11:52 2026  580.173.02
[0] NVIDIA GeForce RTX 3070 | 66°C,   7 % |  6252 /  8192 MB | root(5822M)

2026-08-13 18:12:06,043   INFO  Train:    2/10 ( 20%) [12886/55563 ( 23%)]  Loss: 1.856 (1.24)  LR: 2.131e-04  Time cost: 55:37/3:04:13 [4:47:19/35:03:05]  Acc_iter 68450       Data time: 0.00(0.00)  Forward time: 0.28(0.25)  Batch time: 0.28(0.26)
2026-08-13 18:12:19,187   INFO  Train:    2/10 ( 20%) [12936/55563 ( 23%)]  Loss: 1.109 (1.24)  LR: 2.133e-04  Time cost: 55:51/3:04:01 [4:47:32/35:03:00]  Acc_iter 68500       Data time: 0.00(0.00)  Forward time: 0.23(0.25)  Batch time: 0.23(0.26)
2026-08-13 18:12:31,924   INFO  Train:    2/10 ( 20%) [12986/55563 ( 23%)]  Loss: 0.8587 (1.24)  LR: 2.135e-04  Time cost: 56:03/3:03:47 [4:47:44/35:02:39]  Acc_iter 68550       Data time: 0.00(0.00)  Forward time: 0.26(0.25)  Batch time: 0.26(0.26)
2026-08-13 18:12:32,329   INFO  a1e06a0b30c0                Thu Aug 13 18:12:32 2026  580.173.02
[0] NVIDIA GeForce RTX 3070 | 66°C,  94 % |  6252 /  8192 MB | root(5822M)

2026-08-13 18:12:44,949   INFO  Train:    2/10 ( 20%) [13036/55563 ( 23%)]  Loss: 1.368 (1.24)  LR: 2.136e-04  Time cost: 56:16/3:03:35 [4:47:58/35:02:29]  Acc_iter 68600       Data time: 0.00(0.00)  Forward time: 0.28(0.25)  Batch time: 0.28(0.26)
2026-08-13 18:12:57,779   INFO  Train:    2/10 ( 20%) [13086/55563 ( 24%)]  Loss: 0.7235 (1.24)  LR: 2.138e-04  Time cost: 56:29/3:03:21 [4:48:10/35:02:11]  Acc_iter 68650       Data time: 0.00(0.00)  Forward time: 0.24(0.25)  Batch time: 0.25(0.26)
2026-08-13 18:13:10,961   INFO  Train:    2/10 ( 20%) [13136/55563 ( 24%)]  Loss: 0.5334 (1.24)  LR: 2.140e-04  Time cost: 56:42/3:03:09 [4:48:24/35:02:07]  Acc_iter 68700       Data time: 0.00(0.00)  Forward time: 0.26(0.25)  Batch time: 0.26(0.26)
2026-08-13 18:13:11,464   INFO  a1e06a0b30c0                Thu Aug 13 18:13:11 2026  580.173.02
[0] NVIDIA GeForce RTX 3070 | 67°C,  91 % |  6252 /  8192 MB | root(5822M)

2026-08-13 18:13:24,761   INFO  Train:    2/10 ( 20%) [13186/55563 ( 24%)]  Loss: 1.871 (1.24)  LR: 2.142e-04  Time cost: 56:56/3:02:59 [4:48:37/35:02:25]  Acc_iter 68750       Data time: 0.00(0.00)  Forward time: 0.32(0.25)  Batch time: 0.32(0.26)
2026-08-13 18:13:37,883   INFO  Train:    2/10 ( 20%) [13236/55563 ( 24%)]  Loss: 1.363 (1.24)  LR: 2.143e-04  Time cost: 57:09/3:02:47 [4:48:50/35:02:18]  Acc_iter 68800       Data time: 0.00(0.00)  Forward time: 0.26(0.25)  Batch time: 0.26(0.26)
2026-08-13 18:13:51,011   INFO  Train:    2/10 ( 20%) [13286/55563 ( 24%)]  Loss: 1.111 (1.24)  LR: 2.145e-04  Time cost: 57:22/3:02:34 [4:49:04/35:02:12]  Acc_iter 68850       Data time: 0.00(0.00)  Forward time: 0.27(0.25)  Batch time: 0.27(0.26)
2026-08-13 18:13:51,435   INFO  a1e06a0b30c0                Thu Aug 13 18:13:51 2026  580.173.02
[0] NVIDIA GeForce RTX 3070 | 72°C,  86 % |  6288 /  8192 MB | root(5822M)

