2026-08-13 22:08:25,000   INFO  **********************Start logging**********************
2026-08-13 22:08:25,000   INFO  CUDA_VISIBLE_DEVICES=ALL
2026-08-13 22:08:25,000   INFO  Training with a single process
2026-08-13 22:08:25,000   INFO  cfg_file         /OpenPCDet/tools/cfgs/models/S/F/S_F_N.yaml
2026-08-13 22:08:25,000   INFO  batch_size       1
2026-08-13 22:08:25,000   INFO  epochs           4
2026-08-13 22:08:25,000   INFO  workers          6
2026-08-13 22:08:25,000   INFO  extra_tag        default
2026-08-13 22:08:25,000   INFO  ckpt             None
2026-08-13 22:08:25,000   INFO  pretrained_model /OpenPCDet/output/cfgs/models/S/F/S_F_K/default/ckpt/checkpoint_epoch_14.pth
2026-08-13 22:08:25,000   INFO  launcher         none
2026-08-13 22:08:25,001   INFO  tcp_port         18888
2026-08-13 22:08:25,001   INFO  sync_bn          False
2026-08-13 22:08:25,001   INFO  fix_random_seed  False
2026-08-13 22:08:25,001   INFO  ckpt_save_interval 1
2026-08-13 22:08:25,001   INFO  local_rank       None
2026-08-13 22:08:25,001   INFO  max_ckpt_save_num 100
2026-08-13 22:08:25,001   INFO  merge_all_iters_to_one_epoch False
2026-08-13 22:08:25,001   INFO  set_cfgs         None
2026-08-13 22:08:25,001   INFO  max_waiting_mins 0
2026-08-13 22:08:25,001   INFO  start_epoch      0
2026-08-13 22:08:25,001   INFO  num_epochs_to_eval 0
2026-08-13 22:08:25,001   INFO  save_to_file     False
2026-08-13 22:08:25,001   INFO  use_tqdm_to_record False
2026-08-13 22:08:25,001   INFO  logger_iter_interval 50
2026-08-13 22:08:25,001   INFO  ckpt_save_time_interval 300
2026-08-13 22:08:25,001   INFO  wo_gpu_stat      False
2026-08-13 22:08:25,001   INFO  use_amp          False
2026-08-13 22:08:25,001   INFO  freeze_backbone  False
2026-08-13 22:08:25,001   INFO  freeze_bn        False
2026-08-13 22:08:25,001   INFO  cfg.ROOT_DIR: /OpenPCDet
2026-08-13 22:08:25,001   INFO  cfg.LOCAL_RANK: 0
2026-08-13 22:08:25,001   INFO  cfg.CLASS_NAMES: ['car', 'pedestrian', 'bicycle']
2026-08-13 22:08:25,001   INFO  ----------- DATA_CONFIG -----------
2026-08-13 22:08:25,001   INFO  cfg.DATA_CONFIG.DATASET: NuScenesDataset
2026-08-13 22:08:25,001   INFO  cfg.DATA_CONFIG.DATA_PATH: ../datasets/nuscenes
2026-08-13 22:08:25,001   INFO  cfg.DATA_CONFIG.VERSION: v1.0-trainval
2026-08-13 22:08:25,001   INFO  cfg.DATA_CONFIG.MAX_SWEEPS: 1
2026-08-13 22:08:25,001   INFO  cfg.DATA_CONFIG.PRED_VELOCITY: False
2026-08-13 22:08:25,001   INFO  cfg.DATA_CONFIG.SET_NAN_VELOCITY_TO_ZEROS: True
2026-08-13 22:08:25,001   INFO  cfg.DATA_CONFIG.FILTER_MIN_POINTS_IN_GT: 1
2026-08-13 22:08:25,002   INFO  ----------- MAP_CLASS_TO_KITTI -----------
2026-08-13 22:08:25,002   INFO  cfg.DATA_CONFIG.MAP_CLASS_TO_KITTI.car: Car
2026-08-13 22:08:25,002   INFO  cfg.DATA_CONFIG.MAP_CLASS_TO_KITTI.pedestrian: Pedestrian
2026-08-13 22:08:25,002   INFO  cfg.DATA_CONFIG.MAP_CLASS_TO_KITTI.bicycle: Cyclist
2026-08-13 22:08:25,002   INFO  ----------- DATA_SPLIT -----------
2026-08-13 22:08:25,002   INFO  cfg.DATA_CONFIG.DATA_SPLIT.train: train
2026-08-13 22:08:25,002   INFO  cfg.DATA_CONFIG.DATA_SPLIT.test: val
2026-08-13 22:08:25,002   INFO  ----------- INFO_PATH -----------
2026-08-13 22:08:25,002   INFO  cfg.DATA_CONFIG.INFO_PATH.train: ['nuscenes_infos_1sweeps_train.pkl']
2026-08-13 22:08:25,002   INFO  cfg.DATA_CONFIG.INFO_PATH.test: ['nuscenes_infos_1sweeps_val.pkl']
2026-08-13 22:08:25,002   INFO  cfg.DATA_CONFIG.POINT_CLOUD_RANGE: [-51.2, -51.2, -3.0, 51.2, 51.2, 1.0]
2026-08-13 22:08:25,002   INFO  cfg.DATA_CONFIG.BALANCED_RESAMPLING: True
2026-08-13 22:08:25,002   INFO  ----------- DATA_AUGMENTOR -----------
2026-08-13 22:08:25,002   INFO  cfg.DATA_CONFIG.DATA_AUGMENTOR.DISABLE_AUG_LIST: ['gt_sampling']
2026-08-13 22:08:25,002   INFO  cfg.DATA_CONFIG.DATA_AUGMENTOR.AUG_CONFIG_LIST: [{'NAME': 'gt_sampling', 'DB_INFO_PATH': ['nuscenes_dbinfos_1sweeps_withvelo.pkl'], 'PREPARE': {'filter_by_min_points': ['car:5', 'bicycle:5', 'pedestrian:5']}, 'SAMPLE_GROUPS': ['car:2', 'bicycle:6', 'pedestrian:2'], 'NUM_POINT_FEATURES': 4, 'DATABASE_WITH_FAKELIDAR': False, 'REMOVE_EXTRA_WIDTH': [0.0, 0.0, 0.0], 'LIMIT_WHOLE_SCENE': True}, {'NAME': 'random_world_flip', 'ALONG_AXIS_LIST': ['x', 'y']}, {'NAME': 'random_world_rotation', 'WORLD_ROT_ANGLE': [-0.3925, 0.3925]}, {'NAME': 'random_world_scaling', 'WORLD_SCALE_RANGE': [0.95, 1.05]}]
2026-08-13 22:08:25,002   INFO  ----------- POINT_FEATURE_ENCODING -----------
2026-08-13 22:08:25,002   INFO  cfg.DATA_CONFIG.POINT_FEATURE_ENCODING.encoding_type: absolute_coordinates_encoding
2026-08-13 22:08:25,002   INFO  cfg.DATA_CONFIG.POINT_FEATURE_ENCODING.used_feature_list: ['x', 'y', 'z', 'intensity']
2026-08-13 22:08:25,002   INFO  cfg.DATA_CONFIG.POINT_FEATURE_ENCODING.src_feature_list: ['x', 'y', 'z', 'intensity']
2026-08-13 22:08:25,002   INFO  cfg.DATA_CONFIG.DATA_PROCESSOR: [{'NAME': 'mask_points_and_boxes_outside_range', 'REMOVE_OUTSIDE_BOXES': True}, {'NAME': 'shuffle_points', 'SHUFFLE_ENABLED': {'train': True, 'test': True}}, {'NAME': 'transform_points_to_voxels', 'VOXEL_SIZE': [0.05, 0.05, 0.1], 'MAX_POINTS_PER_VOXEL': 45, 'MAX_NUMBER_OF_VOXELS': {'train': 60000, 'test': 60000}}]
2026-08-13 22:08:25,002   INFO  cfg.DATA_CONFIG._BASE_CONFIG_: cfgs/dataset_configs/nuscenes_dataset.yaml
2026-08-13 22:08:25,002   INFO  cfg.DATA_CONFIG.SKIPH: True
2026-08-13 22:08:25,002   INFO  ----------- MODEL -----------
2026-08-13 22:08:25,002   INFO  cfg.MODEL.NAME: SECONDNet
2026-08-13 22:08:25,002   INFO  ----------- VFE -----------
2026-08-13 22:08:25,002   INFO  cfg.MODEL.VFE.NAME: MeanVFE
2026-08-13 22:08:25,002   INFO  ----------- BACKBONE_3D -----------
2026-08-13 22:08:25,002   INFO  cfg.MODEL.BACKBONE_3D.NAME: VoxelBackBone8xFocal
2026-08-13 22:08:25,002   INFO  cfg.MODEL.BACKBONE_3D.MASK_MULTI: True
2026-08-13 22:08:25,002   INFO  cfg.MODEL.BACKBONE_3D.ENLARGE_VOXEL_CHANNELS: 64
2026-08-13 22:08:25,002   INFO  ----------- MAP_TO_BEV -----------
2026-08-13 22:08:25,002   INFO  cfg.MODEL.MAP_TO_BEV.NAME: HeightCompression
2026-08-13 22:08:25,003   INFO  cfg.MODEL.MAP_TO_BEV.NUM_BEV_FEATURES: 256
2026-08-13 22:08:25,003   INFO  ----------- BACKBONE_2D -----------
2026-08-13 22:08:25,003   INFO  cfg.MODEL.BACKBONE_2D.NAME: BaseBEVBackbone
2026-08-13 22:08:25,003   INFO  cfg.MODEL.BACKBONE_2D.LAYER_NUMS: [5, 5]
2026-08-13 22:08:25,003   INFO  cfg.MODEL.BACKBONE_2D.LAYER_STRIDES: [1, 2]
2026-08-13 22:08:25,003   INFO  cfg.MODEL.BACKBONE_2D.NUM_FILTERS: [128, 256]
2026-08-13 22:08:25,003   INFO  cfg.MODEL.BACKBONE_2D.UPSAMPLE_STRIDES: [1, 2]
2026-08-13 22:08:25,003   INFO  cfg.MODEL.BACKBONE_2D.NUM_UPSAMPLE_FILTERS: [256, 256]
2026-08-13 22:08:25,003   INFO  ----------- DENSE_HEAD -----------
2026-08-13 22:08:25,003   INFO  cfg.MODEL.DENSE_HEAD.NAME: AnchorHeadSingle
2026-08-13 22:08:25,003   INFO  cfg.MODEL.DENSE_HEAD.CLASS_AGNOSTIC: False
2026-08-13 22:08:25,003   INFO  cfg.MODEL.DENSE_HEAD.USE_DIRECTION_CLASSIFIER: True
2026-08-13 22:08:25,003   INFO  cfg.MODEL.DENSE_HEAD.DIR_OFFSET: 0.78539
2026-08-13 22:08:25,003   INFO  cfg.MODEL.DENSE_HEAD.DIR_LIMIT_OFFSET: 0.0
2026-08-13 22:08:25,003   INFO  cfg.MODEL.DENSE_HEAD.NUM_DIR_BINS: 2
2026-08-13 22:08:25,003   INFO  cfg.MODEL.DENSE_HEAD.ANCHOR_GENERATOR_CONFIG: [{'class_name': 'car', 'anchor_sizes': [[3.9, 1.6, 1.56]], 'anchor_rotations': [0, 1.57], 'anchor_bottom_heights': [-1.78], 'align_center': False, 'feature_map_stride': 8, 'matched_threshold': 0.6, 'unmatched_threshold': 0.45}, {'class_name': 'pedestrian', 'anchor_sizes': [[0.8, 0.6, 1.73]], 'anchor_rotations': [0, 1.57], 'anchor_bottom_heights': [-0.6], 'align_center': False, 'feature_map_stride': 8, 'matched_threshold': 0.5, 'unmatched_threshold': 0.35}, {'class_name': 'bicycle', 'anchor_sizes': [[1.76, 0.6, 1.73]], 'anchor_rotations': [0, 1.57], 'anchor_bottom_heights': [-0.6], 'align_center': False, 'feature_map_stride': 8, 'matched_threshold': 0.5, 'unmatched_threshold': 0.35}]
2026-08-13 22:08:25,003   INFO  ----------- TARGET_ASSIGNER_CONFIG -----------
2026-08-13 22:08:25,003   INFO  cfg.MODEL.DENSE_HEAD.TARGET_ASSIGNER_CONFIG.NAME: AxisAlignedTargetAssigner
2026-08-13 22:08:25,003   INFO  cfg.MODEL.DENSE_HEAD.TARGET_ASSIGNER_CONFIG.POS_FRACTION: -1.0
2026-08-13 22:08:25,003   INFO  cfg.MODEL.DENSE_HEAD.TARGET_ASSIGNER_CONFIG.SAMPLE_SIZE: 512
2026-08-13 22:08:25,003   INFO  cfg.MODEL.DENSE_HEAD.TARGET_ASSIGNER_CONFIG.NORM_BY_NUM_EXAMPLES: False
2026-08-13 22:08:25,003   INFO  cfg.MODEL.DENSE_HEAD.TARGET_ASSIGNER_CONFIG.MATCH_HEIGHT: False
2026-08-13 22:08:25,003   INFO  cfg.MODEL.DENSE_HEAD.TARGET_ASSIGNER_CONFIG.BOX_CODER: ResidualCoder
2026-08-13 22:08:25,003   INFO  ----------- LOSS_CONFIG -----------
2026-08-13 22:08:25,003   INFO  ----------- LOSS_WEIGHTS -----------
2026-08-13 22:08:25,003   INFO  cfg.MODEL.DENSE_HEAD.LOSS_CONFIG.LOSS_WEIGHTS.cls_weight: 1.0
2026-08-13 22:08:25,003   INFO  cfg.MODEL.DENSE_HEAD.LOSS_CONFIG.LOSS_WEIGHTS.loc_weight: 2.0
2026-08-13 22:08:25,003   INFO  cfg.MODEL.DENSE_HEAD.LOSS_CONFIG.LOSS_WEIGHTS.dir_weight: 0.2
2026-08-13 22:08:25,003   INFO  cfg.MODEL.DENSE_HEAD.LOSS_CONFIG.LOSS_WEIGHTS.code_weights: [1.0, 1.0, 1.0, 1.0, 1.0, 1.0, 1.0]
2026-08-13 22:08:25,003   INFO  ----------- POST_PROCESSING -----------
2026-08-13 22:08:25,003   INFO  cfg.MODEL.POST_PROCESSING.RECALL_THRESH_LIST: [0.3, 0.5, 0.7]
2026-08-13 22:08:25,003   INFO  cfg.MODEL.POST_PROCESSING.SCORE_THRESH: 0.1
2026-08-13 22:08:25,003   INFO  cfg.MODEL.POST_PROCESSING.OUTPUT_RAW_SCORE: False
2026-08-13 22:08:25,003   INFO  cfg.MODEL.POST_PROCESSING.EVAL_METRIC: nuscenes
2026-08-13 22:08:25,004   INFO  ----------- NMS_CONFIG -----------
2026-08-13 22:08:25,004   INFO  cfg.MODEL.POST_PROCESSING.NMS_CONFIG.MULTI_CLASSES_NMS: False
2026-08-13 22:08:25,004   INFO  cfg.MODEL.POST_PROCESSING.NMS_CONFIG.NMS_TYPE: nms_gpu
2026-08-13 22:08:25,004   INFO  cfg.MODEL.POST_PROCESSING.NMS_CONFIG.NMS_THRESH: 0.05
2026-08-13 22:08:25,004   INFO  cfg.MODEL.POST_PROCESSING.NMS_CONFIG.NMS_PRE_MAXSIZE: 1000
2026-08-13 22:08:25,004   INFO  cfg.MODEL.POST_PROCESSING.NMS_CONFIG.NMS_POST_MAXSIZE: 100
2026-08-13 22:08:25,004   INFO  ----------- OPTIMIZATION -----------
2026-08-13 22:08:25,004   INFO  cfg.OPTIMIZATION.BATCH_SIZE_PER_GPU: 1
2026-08-13 22:08:25,004   INFO  cfg.OPTIMIZATION.NUM_EPOCHS: 4
2026-08-13 22:08:25,004   INFO  cfg.OPTIMIZATION.OPTIMIZER: adam_onecycle
2026-08-13 22:08:25,004   INFO  cfg.OPTIMIZATION.LR: 0.0003
2026-08-13 22:08:25,004   INFO  cfg.OPTIMIZATION.WEIGHT_DECAY: 0.01
2026-08-13 22:08:25,004   INFO  cfg.OPTIMIZATION.MOMENTUM: 0.9
2026-08-13 22:08:25,004   INFO  cfg.OPTIMIZATION.MOMS: [0.95, 0.85]
2026-08-13 22:08:25,004   INFO  cfg.OPTIMIZATION.PCT_START: 0.2
2026-08-13 22:08:25,004   INFO  cfg.OPTIMIZATION.DIV_FACTOR: 10
2026-08-13 22:08:25,004   INFO  cfg.OPTIMIZATION.DECAY_STEP_LIST: [25, 35]
2026-08-13 22:08:25,004   INFO  cfg.OPTIMIZATION.LR_DECAY: 0.1
2026-08-13 22:08:25,004   INFO  cfg.OPTIMIZATION.LR_CLIP: 1e-07
2026-08-13 22:08:25,004   INFO  cfg.OPTIMIZATION.LR_WARMUP: False
2026-08-13 22:08:25,004   INFO  cfg.OPTIMIZATION.WARMUP_EPOCH: 1
2026-08-13 22:08:25,004   INFO  cfg.OPTIMIZATION.GRAD_NORM_CLIP: 10
2026-08-13 22:08:25,004   INFO  cfg.TAG: S_F_N
2026-08-13 22:08:25,004   INFO  cfg.EXP_GROUP_PATH: OpenPCDet/tools/cfgs/models/S/F
2026-08-13 22:08:25,010   INFO  ----------- Create dataloader & network & optimizer -----------
2026-08-13 22:08:25,010   INFO  Loading NuScenes dataset
2026-08-13 22:08:25,623   INFO  Total samples for NuScenes dataset: 28130
2026-08-13 22:08:26,025   INFO  Total samples after balanced resampling: 55563
2026-08-13 22:08:27,703   INFO  ==> Loading parameters from checkpoint /OpenPCDet/output/cfgs/models/S/F/S_F_K/default/ckpt/checkpoint_epoch_14.pth to GPU
2026-08-13 22:08:27,777   INFO  ==> Checkpoint trained from version: pcdet+0.6.0+233f849+pyd7b5add
2026-08-13 22:08:27,783   INFO  ==> Done (loaded 202/202)
2026-08-13 22:08:27,785   INFO  ==> Loading parameters from checkpoint /OpenPCDet/output/OpenPCDet/tools/cfgs/models/S/F/S_F_N/default/ckpt/latest_model.pth to GPU
2026-08-13 22:08:27,859   INFO  ==> Loading optimizer parameters from checkpoint /OpenPCDet/output/OpenPCDet/tools/cfgs/models/S/F/S_F_N/default/ckpt/latest_model.pth to GPU
2026-08-13 22:08:27,874   INFO  ==> Done
2026-08-13 22:08:27,875   INFO  ----------- Model SECONDNet created, param count: 5804840 -----------
2026-08-13 22:08:27,875   INFO  SECONDNet(
  (vfe): MeanVFE()
  (backbone_3d): VoxelBackBone8xFocal(
    (conv_input): SparseSequential(
      (0): SubMConv3d(4, 16, kernel_size=[3, 3, 3], stride=[1, 1, 1], padding=[1, 1, 1], dilation=[1, 1, 1], output_padding=[0, 0, 0], bias=False, algo=ConvAlgo.MaskImplicitGemm)
      (1): BatchNorm1d(16, eps=0.001, momentum=0.01, affine=True, track_running_stats=True)
      (2): ReLU(inplace=True)
    )
    (conv1): SparseSequentialBatchdict(
      (0): SparseSequential(
        (0): SubMConv3d(16, 16, kernel_size=[3, 3, 3], stride=[1, 1, 1], padding=[0, 0, 0], dilation=[1, 1, 1], output_padding=[0, 0, 0], bias=False, algo=ConvAlgo.MaskImplicitGemm)
        (1): BatchNorm1d(16, eps=0.001, momentum=0.01, affine=True, track_running_stats=True)
        (2): ReLU(inplace=True)
      )
      (1): FocalSparseConv(
        (conv): SubMConv3d(16, 16, kernel_size=[3, 3, 3], stride=[1, 1, 1], padding=[0, 0, 0], dilation=[1, 1, 1], output_padding=[0, 0, 0], bias=False, algo=ConvAlgo.MaskImplicitGemm)
        (bn1): BatchNorm1d(16, eps=0.001, momentum=0.01, affine=True, track_running_stats=True)
        (relu): ReLU(inplace=True)
        (focal_loss): FocalLoss()
        (conv_enlarge): SparseSequential(
          (0): SubMConv3d(16, 64, kernel_size=[3, 3, 3], stride=[1, 1, 1], padding=[1, 1, 1], dilation=[1, 1, 1], output_padding=[0, 0, 0], bias=False, algo=ConvAlgo.MaskImplicitGemm)
          (1): BatchNorm1d(64, eps=0.001, momentum=0.01, affine=True, track_running_stats=True)
          (2): ReLU(inplace=True)
        )
        (conv_imp): SubMConv3d(64, 27, kernel_size=[3, 3, 3], stride=[1, 1, 1], padding=[1, 1, 1], dilation=[1, 1, 1], output_padding=[0, 0, 0], bias=False, algo=ConvAlgo.MaskImplicitGemm)
      )
    )
    (conv2): SparseSequentialBatchdict(
      (0): SparseSequential(
        (0): SparseConv3d(16, 32, kernel_size=[3, 3, 3], stride=[2, 2, 2], padding=[1, 1, 1], dilation=[1, 1, 1], output_padding=[0, 0, 0], bias=False, algo=ConvAlgo.MaskImplicitGemm)
        (1): BatchNorm1d(32, eps=0.001, momentum=0.01, affine=True, track_running_stats=True)
        (2): ReLU(inplace=True)
      )
      (1): SparseSequential(
        (0): SubMConv3d(32, 32, kernel_size=[3, 3, 3], stride=[1, 1, 1], padding=[0, 0, 0], dilation=[1, 1, 1], output_padding=[0, 0, 0], bias=False, algo=ConvAlgo.MaskImplicitGemm)
        (1): BatchNorm1d(32, eps=0.001, momentum=0.01, affine=True, track_running_stats=True)
        (2): ReLU(inplace=True)
      )
      (2): SparseSequential(
        (0): SubMConv3d(32, 32, kernel_size=[3, 3, 3], stride=[1, 1, 1], padding=[0, 0, 0], dilation=[1, 1, 1], output_padding=[0, 0, 0], bias=False, algo=ConvAlgo.MaskImplicitGemm)
        (1): BatchNorm1d(32, eps=0.001, momentum=0.01, affine=True, track_running_stats=True)
        (2): ReLU(inplace=True)
      )
      (3): FocalSparseConv(
        (conv): SubMConv3d(32, 32, kernel_size=[3, 3, 3], stride=[1, 1, 1], padding=[0, 0, 0], dilation=[1, 1, 1], output_padding=[0, 0, 0], bias=False, algo=ConvAlgo.MaskImplicitGemm)
        (bn1): BatchNorm1d(32, eps=0.001, momentum=0.01, affine=True, track_running_stats=True)
        (relu): ReLU(inplace=True)
        (focal_loss): FocalLoss()
        (conv_enlarge): SparseSequential(
          (0): SubMConv3d(32, 64, kernel_size=[3, 3, 3], stride=[1, 1, 1], padding=[1, 1, 1], dilation=[1, 1, 1], output_padding=[0, 0, 0], bias=False, algo=ConvAlgo.MaskImplicitGemm)
          (1): BatchNorm1d(64, eps=0.001, momentum=0.01, affine=True, track_running_stats=True)
          (2): ReLU(inplace=True)
        )
        (conv_imp): SubMConv3d(64, 27, kernel_size=[3, 3, 3], stride=[1, 1, 1], padding=[1, 1, 1], dilation=[1, 1, 1], output_padding=[0, 0, 0], bias=False, algo=ConvAlgo.MaskImplicitGemm)
      )
    )
    (conv3): SparseSequentialBatchdict(
      (0): SparseSequential(
        (0): SparseConv3d(32, 64, kernel_size=[3, 3, 3], stride=[2, 2, 2], padding=[1, 1, 1], dilation=[1, 1, 1], output_padding=[0, 0, 0], bias=False, algo=ConvAlgo.MaskImplicitGemm)
        (1): BatchNorm1d(64, eps=0.001, momentum=0.01, affine=True, track_running_stats=True)
        (2): ReLU(inplace=True)
      )
      (1): SparseSequential(
        (0): SubMConv3d(64, 64, kernel_size=[3, 3, 3], stride=[1, 1, 1], padding=[0, 0, 0], dilation=[1, 1, 1], output_padding=[0, 0, 0], bias=False, algo=ConvAlgo.MaskImplicitGemm)
        (1): BatchNorm1d(64, eps=0.001, momentum=0.01, affine=True, track_running_stats=True)
        (2): ReLU(inplace=True)
      )
      (2): SparseSequential(
        (0): SubMConv3d(64, 64, kernel_size=[3, 3, 3], stride=[1, 1, 1], padding=[0, 0, 0], dilation=[1, 1, 1], output_padding=[0, 0, 0], bias=False, algo=ConvAlgo.MaskImplicitGemm)
        (1): BatchNorm1d(64, eps=0.001, momentum=0.01, affine=True, track_running_stats=True)
        (2): ReLU(inplace=True)
      )
      (3): FocalSparseConv(
        (conv): SubMConv3d(64, 64, kernel_size=[3, 3, 3], stride=[1, 1, 1], padding=[0, 0, 0], dilation=[1, 1, 1], output_padding=[0, 0, 0], bias=False, algo=ConvAlgo.MaskImplicitGemm)
        (bn1): BatchNorm1d(64, eps=0.001, momentum=0.01, affine=True, track_running_stats=True)
        (relu): ReLU(inplace=True)
        (focal_loss): FocalLoss()
        (conv_enlarge): SparseSequential(
          (0): SubMConv3d(64, 64, kernel_size=[3, 3, 3], stride=[1, 1, 1], padding=[1, 1, 1], dilation=[1, 1, 1], output_padding=[0, 0, 0], bias=False, algo=ConvAlgo.MaskImplicitGemm)
          (1): BatchNorm1d(64, eps=0.001, momentum=0.01, affine=True, track_running_stats=True)
          (2): ReLU(inplace=True)
        )
        (conv_imp): SubMConv3d(64, 27, kernel_size=[3, 3, 3], stride=[1, 1, 1], padding=[1, 1, 1], dilation=[1, 1, 1], output_padding=[0, 0, 0], bias=False, algo=ConvAlgo.MaskImplicitGemm)
      )
    )
    (conv4): SparseSequentialBatchdict(
      (0): SparseSequential(
        (0): SparseConv3d(64, 64, kernel_size=[3, 3, 3], stride=[2, 2, 2], padding=[0, 1, 1], dilation=[1, 1, 1], output_padding=[0, 0, 0], bias=False, algo=ConvAlgo.MaskImplicitGemm)
        (1): BatchNorm1d(64, eps=0.001, momentum=0.01, affine=True, track_running_stats=True)
        (2): ReLU(inplace=True)
      )
      (1): SparseSequential(
        (0): SubMConv3d(64, 64, kernel_size=[3, 3, 3], stride=[1, 1, 1], padding=[0, 0, 0], dilation=[1, 1, 1], output_padding=[0, 0, 0], bias=False, algo=ConvAlgo.MaskImplicitGemm)
        (1): BatchNorm1d(64, eps=0.001, momentum=0.01, affine=True, track_running_stats=True)
        (2): ReLU(inplace=True)
      )
      (2): SparseSequential(
        (0): SubMConv3d(64, 64, kernel_size=[3, 3, 3], stride=[1, 1, 1], padding=[0, 0, 0], dilation=[1, 1, 1], output_padding=[0, 0, 0], bias=False, algo=ConvAlgo.MaskImplicitGemm)
        (1): BatchNorm1d(64, eps=0.001, momentum=0.01, affine=True, track_running_stats=True)
        (2): ReLU(inplace=True)
      )
    )
    (conv_out): SparseSequential(
      (0): SparseConv3d(64, 128, kernel_size=[3, 1, 1], stride=[2, 1, 1], padding=[0, 0, 0], dilation=[1, 1, 1], output_padding=[0, 0, 0], bias=False, algo=ConvAlgo.MaskImplicitGemm)
      (1): BatchNorm1d(128, eps=0.001, momentum=0.01, affine=True, track_running_stats=True)
      (2): ReLU(inplace=True)
    )
  )
  (map_to_bev_module): HeightCompression()
  (pfe): None
  (backbone_2d): BaseBEVBackbone(
    (blocks): ModuleList(
      (0): Sequential(
        (0): ZeroPad2d((1, 1, 1, 1))
        (1): Conv2d(256, 128, kernel_size=(3, 3), stride=(1, 1), bias=False)
        (2): BatchNorm2d(128, eps=0.001, momentum=0.01, affine=True, track_running_stats=True)
        (3): ReLU()
        (4): Conv2d(128, 128, kernel_size=(3, 3), stride=(1, 1), padding=(1, 1), bias=False)
        (5): BatchNorm2d(128, eps=0.001, momentum=0.01, affine=True, track_running_stats=True)
        (6): ReLU()
        (7): Conv2d(128, 128, kernel_size=(3, 3), stride=(1, 1), padding=(1, 1), bias=False)
        (8): BatchNorm2d(128, eps=0.001, momentum=0.01, affine=True, track_running_stats=True)
        (9): ReLU()
        (10): Conv2d(128, 128, kernel_size=(3, 3), stride=(1, 1), padding=(1, 1), bias=False)
        (11): BatchNorm2d(128, eps=0.001, momentum=0.01, affine=True, track_running_stats=True)
        (12): ReLU()
        (13): Conv2d(128, 128, kernel_size=(3, 3), stride=(1, 1), padding=(1, 1), bias=False)
        (14): BatchNorm2d(128, eps=0.001, momentum=0.01, affine=True, track_running_stats=True)
        (15): ReLU()
        (16): Conv2d(128, 128, kernel_size=(3, 3), stride=(1, 1), padding=(1, 1), bias=False)
        (17): BatchNorm2d(128, eps=0.001, momentum=0.01, affine=True, track_running_stats=True)
        (18): ReLU()
      )
      (1): Sequential(
        (0): ZeroPad2d((1, 1, 1, 1))
        (1): Conv2d(128, 256, kernel_size=(3, 3), stride=(2, 2), bias=False)
        (2): BatchNorm2d(256, eps=0.001, momentum=0.01, affine=True, track_running_stats=True)
        (3): ReLU()
        (4): Conv2d(256, 256, kernel_size=(3, 3), stride=(1, 1), padding=(1, 1), bias=False)
        (5): BatchNorm2d(256, eps=0.001, momentum=0.01, affine=True, track_running_stats=True)
        (6): ReLU()
        (7): Conv2d(256, 256, kernel_size=(3, 3), stride=(1, 1), padding=(1, 1), bias=False)
        (8): BatchNorm2d(256, eps=0.001, momentum=0.01, affine=True, track_running_stats=True)
        (9): ReLU()
        (10): Conv2d(256, 256, kernel_size=(3, 3), stride=(1, 1), padding=(1, 1), bias=False)
        (11): BatchNorm2d(256, eps=0.001, momentum=0.01, affine=True, track_running_stats=True)
        (12): ReLU()
        (13): Conv2d(256, 256, kernel_size=(3, 3), stride=(1, 1), padding=(1, 1), bias=False)
        (14): BatchNorm2d(256, eps=0.001, momentum=0.01, affine=True, track_running_stats=True)
        (15): ReLU()
        (16): Conv2d(256, 256, kernel_size=(3, 3), stride=(1, 1), padding=(1, 1), bias=False)
        (17): BatchNorm2d(256, eps=0.001, momentum=0.01, affine=True, track_running_stats=True)
        (18): ReLU()
      )
    )
    (deblocks): ModuleList(
      (0): Sequential(
        (0): ConvTranspose2d(128, 256, kernel_size=(1, 1), stride=(1, 1), bias=False)
        (1): BatchNorm2d(256, eps=0.001, momentum=0.01, affine=True, track_running_stats=True)
        (2): ReLU()
      )
      (1): Sequential(
        (0): ConvTranspose2d(256, 256, kernel_size=(2, 2), stride=(2, 2), bias=False)
        (1): BatchNorm2d(256, eps=0.001, momentum=0.01, affine=True, track_running_stats=True)
        (2): ReLU()
      )
    )
  )
  (dense_head): AnchorHeadSingle(
    (cls_loss_func): SigmoidFocalClassificationLoss()
    (reg_loss_func): WeightedSmoothL1Loss()
    (dir_loss_func): WeightedCrossEntropyLoss()
    (conv_cls): Conv2d(512, 18, kernel_size=(1, 1), stride=(1, 1))
    (conv_box): Conv2d(512, 42, kernel_size=(1, 1), stride=(1, 1))
    (conv_dir_cls): Conv2d(512, 12, kernel_size=(1, 1), stride=(1, 1))
  )
  (point_head): None
  (roi_head): None
)
2026-08-13 22:08:27,876   INFO  **********************Start training OpenPCDet/tools/cfgs/models/S/F/S_F_N(default)**********************
2026-08-13 22:08:42,534   INFO  Train:    2/4 ( 50%) [12742/55563 ( 23%)]  Loss: 1.386 (1.39)  LR: 2.869e-04  Time cost: 00:13/157:22:09 [00:14/565:45:46]  Acc_iter 68306       Data time: 1.99(1.99)  Forward time: 11.24(11.24)  Batch time: 13.23(13.23)
2026-08-13 22:08:54,225   INFO  Train:    2/4 ( 50%) [12786/55563 ( 23%)]  Loss: 1.059 (1.23)  LR: 2.868e-04  Time cost: 00:24/6:34:49 [00:26/23:40:31]  Acc_iter 68350       Data time: 0.00(0.05)  Forward time: 0.26(0.51)  Batch time: 0.26(0.55)
2026-08-13 22:09:07,085   INFO  Train:    2/4 ( 50%) [12836/55563 ( 23%)]  Loss: 1.501 (1.21)  LR: 2.868e-04  Time cost: 00:37/4:43:12 [00:39/16:59:47]  Acc_iter 68400       Data time: 0.00(0.02)  Forward time: 0.26(0.38)  Batch time: 0.26(0.40)
2026-08-13 22:09:07,524   INFO  a1e06a0b30c0                Thu Aug 13 22:09:07 2026  580.173.02
[0] NVIDIA GeForce RTX 3070 | 59°C,   8 % |  7036 /  8192 MB | root(6388M)

2026-08-13 22:09:20,054   INFO  Train:    2/4 ( 50%) [12886/55563 ( 23%)]  Loss: 1.562 (1.17)  LR: 2.867e-04  Time cost: 00:50/4:08:57 [00:52/14:57:11]  Acc_iter 68450       Data time: 0.00(0.02)  Forward time: 0.23(0.33)  Batch time: 0.23(0.35)
2026-08-13 22:09:32,445   INFO  Train:    2/4 ( 50%) [12936/55563 ( 23%)]  Loss: 1.672 (1.20)  LR: 2.867e-04  Time cost: 01:03/3:50:02 [01:04/13:49:45]  Acc_iter 68500       Data time: 0.00(0.01)  Forward time: 0.23(0.31)  Batch time: 0.23(0.32)
2026-08-13 22:09:44,848   INFO  Train:    2/4 ( 50%) [12986/55563 ( 23%)]  Loss: 1.191 (1.21)  LR: 2.866e-04  Time cost: 01:15/3:38:48 [01:16/13:09:53]  Acc_iter 68550       Data time: 0.00(0.01)  Forward time: 0.26(0.30)  Batch time: 0.26(0.31)
2026-08-13 22:09:45,284   INFO  a1e06a0b30c0                Thu Aug 13 22:09:45 2026  580.173.02
[0] NVIDIA GeForce RTX 3070 | 69°C,  80 % |  7200 /  8192 MB | root(6552M)

2026-08-13 22:09:57,912   INFO  Train:    2/4 ( 50%) [13036/55563 ( 23%)]  Loss: 0.9613 (1.21)  LR: 2.866e-04  Time cost: 01:28/3:32:53 [01:30/12:49:12]  Acc_iter 68600       Data time: 0.00(0.01)  Forward time: 0.22(0.29)  Batch time: 0.22(0.30)
2026-08-13 22:10:10,129   INFO  Train:    2/4 ( 50%) [13086/55563 ( 24%)]  Loss: 0.8642 (1.21)  LR: 2.865e-04  Time cost: 01:40/3:26:53 [01:42/12:28:09]  Acc_iter 68650       Data time: 0.00(0.01)  Forward time: 0.21(0.28)  Batch time: 0.22(0.29)
2026-08-13 22:10:22,010   INFO  Train:    2/4 ( 50%) [13136/55563 ( 24%)]  Loss: 0.3186 (1.21)  LR: 2.864e-04  Time cost: 01:52/3:21:45 [01:54/12:10:13]  Acc_iter 68700       Data time: 0.00(0.01)  Forward time: 0.21(0.28)  Batch time: 0.21(0.29)
2026-08-13 22:10:22,390   INFO  a1e06a0b30c0                Thu Aug 13 22:10:22 2026  580.173.02
[0] NVIDIA GeForce RTX 3070 | 68°C,  95 % |  7127 /  8192 MB | root(6716M)

2026-08-13 22:10:34,826   INFO  Train:    2/4 ( 50%) [13186/55563 ( 24%)]  Loss: 0.8478 (1.23)  LR: 2.864e-04  Time cost: 02:05/3:19:13 [02:06/12:01:38]  Acc_iter 68750       Data time: 0.00(0.01)  Forward time: 0.25(0.27)  Batch time: 0.25(0.28)
2026-08-13 22:10:47,503   INFO  Train:    2/4 ( 50%) [13236/55563 ( 24%)]  Loss: 0.8949 (1.22)  LR: 2.863e-04  Time cost: 02:18/3:16:57 [02:19/11:54:02]  Acc_iter 68800       Data time: 0.00(0.01)  Forward time: 0.25(0.27)  Batch time: 0.26(0.28)
2026-08-13 22:10:59,631   INFO  Train:    2/4 ( 50%) [13286/55563 ( 24%)]  Loss: 1.006 (1.22)  LR: 2.863e-04  Time cost: 02:30/3:14:21 [02:31/11:45:13]  Acc_iter 68850       Data time: 0.00(0.01)  Forward time: 0.22(0.27)  Batch time: 0.22(0.28)
2026-08-13 22:11:00,028   INFO  a1e06a0b30c0                Thu Aug 13 22:11:00 2026  580.173.02
[0] NVIDIA GeForce RTX 3070 | 63°C,  94 % |  7126 /  8192 MB | root(6716M)

2026-08-13 22:11:12,306   INFO  Train:    2/4 ( 50%) [13336/55563 ( 24%)]  Loss: 0.7191 (1.21)  LR: 2.862e-04  Time cost: 02:43/3:12:48 [02:44/11:40:11]  Acc_iter 68900       Data time: 0.00(0.01)  Forward time: 0.28(0.27)  Batch time: 0.28(0.27)
2026-08-13 22:11:24,529   INFO  Train:    2/4 ( 50%) [13386/55563 ( 24%)]  Loss: 0.7362 (1.21)  LR: 2.862e-04  Time cost: 02:55/3:10:58 [02:56/11:34:07]  Acc_iter 68950       Data time: 0.00(0.01)  Forward time: 0.21(0.26)  Batch time: 0.21(0.27)
2026-08-13 22:11:36,842   INFO  Train:    2/4 ( 50%) [13436/55563 ( 24%)]  Loss: 0.9913 (1.21)  LR: 2.861e-04  Time cost: 03:07/3:09:27 [03:08/11:29:13]  Acc_iter 69000       Data time: 0.00(0.01)  Forward time: 0.28(0.26)  Batch time: 0.28(0.27)
2026-08-13 22:11:37,277   INFO  a1e06a0b30c0                Thu Aug 13 22:11:37 2026  580.173.02
[0] NVIDIA GeForce RTX 3070 | 70°C,  98 % |  7127 /  8192 MB | root(6716M)

2026-08-13 22:11:49,689   INFO  Train:    2/4 ( 50%) [13486/55563 ( 24%)]  Loss: 0.8839 (1.21)  LR: 2.861e-04  Time cost: 03:20/3:08:37 [03:21/11:26:47]  Acc_iter 69050       Data time: 0.00(0.01)  Forward time: 0.22(0.26)  Batch time: 0.22(0.27)
2026-08-13 22:12:01,969   INFO  Train:    2/4 ( 50%) [13536/55563 ( 24%)]  Loss: 1.064 (1.21)  LR: 2.860e-04  Time cost: 03:32/3:07:22 [03:34/11:22:48]  Acc_iter 69100       Data time: 0.00(0.01)  Forward time: 0.26(0.26)  Batch time: 0.26(0.27)
2026-08-13 22:12:14,356   INFO  Train:    2/4 ( 50%) [13586/55563 ( 24%)]  Loss: 1.155 (1.22)  LR: 2.859e-04  Time cost: 03:45/3:06:19 [03:46/11:19:36]  Acc_iter 69150       Data time: 0.00(0.01)  Forward time: 0.25(0.26)  Batch time: 0.25(0.27)
2026-08-13 22:12:14,816   INFO  a1e06a0b30c0                Thu Aug 13 22:12:14 2026  580.173.02
[0] NVIDIA GeForce RTX 3070 | 70°C,  95 % |  7128 /  8192 MB | root(6716M)

2026-08-13 22:12:27,168   INFO  Train:    2/4 ( 50%) [13636/55563 ( 25%)]  Loss: 0.9019 (1.22)  LR: 2.859e-04  Time cost: 03:57/3:05:42 [03:59/11:17:56]  Acc_iter 69200       Data time: 0.00(0.01)  Forward time: 0.22(0.26)  Batch time: 0.22(0.27)
2026-08-13 22:12:39,627   INFO  Train:    2/4 ( 50%) [13686/55563 ( 25%)]  Loss: 1.011 (1.22)  LR: 2.858e-04  Time cost: 04:10/3:04:52 [04:11/11:15:29]  Acc_iter 69250       Data time: 0.00(0.01)  Forward time: 0.21(0.26)  Batch time: 0.21(0.26)
2026-08-13 22:12:51,871   INFO  Train:    2/4 ( 50%) [13736/55563 ( 25%)]  Loss: 1.563 (1.22)  LR: 2.858e-04  Time cost: 04:22/3:03:57 [04:23/11:12:42]  Acc_iter 69300       Data time: 0.00(0.01)  Forward time: 0.25(0.26)  Batch time: 0.25(0.26)
2026-08-13 22:12:52,249   INFO  a1e06a0b30c0                Thu Aug 13 22:12:52 2026  580.173.02
[0] NVIDIA GeForce RTX 3070 | 70°C,  99 % |  7126 /  8192 MB | root(6716M)

2026-08-13 22:13:04,561   INFO  Train:    2/4 ( 50%) [13786/55563 ( 25%)]  Loss: 0.8052 (1.21)  LR: 2.857e-04  Time cost: 04:35/3:03:24 [04:36/11:11:15]  Acc_iter 69350       Data time: 0.00(0.01)  Forward time: 0.25(0.26)  Batch time: 0.25(0.26)
2026-08-13 22:13:16,744   INFO  Train:    2/4 ( 50%) [13836/55563 ( 25%)]  Loss: 0.6416 (1.21)  LR: 2.857e-04  Time cost: 04:47/3:02:33 [04:48/11:08:44]  Acc_iter 69400       Data time: 0.00(0.01)  Forward time: 0.21(0.26)  Batch time: 0.21(0.26)
2026-08-13 22:13:29,298   INFO  Train:    2/4 ( 50%) [13886/55563 ( 25%)]  Loss: 1.156 (1.21)  LR: 2.856e-04  Time cost: 04:59/3:01:59 [05:01/11:07:14]  Acc_iter 69450       Data time: 0.00(0.01)  Forward time: 0.24(0.26)  Batch time: 0.24(0.26)
2026-08-13 22:13:29,714   INFO  a1e06a0b30c0                Thu Aug 13 22:13:29 2026  580.173.02
[0] NVIDIA GeForce RTX 3070 | 70°C,  20 % |  7125 /  8192 MB | root(6716M)

2026-08-13 22:13:29,808   INFO  Save latest model to /OpenPCDet/output/OpenPCDet/tools/cfgs/models/S/F/S_F_N/default/ckpt/latest_model
2026-08-13 22:13:42,177   INFO  Train:    2/4 ( 50%) [13936/55563 ( 25%)]  Loss: 1.835 (1.21)  LR: 2.855e-04  Time cost: 05:12/3:01:38 [05:14/11:06:33]  Acc_iter 69500       Data time: 0.00(0.01)  Forward time: 0.25(0.26)  Batch time: 0.25(0.26)
2026-08-13 22:13:54,403   INFO  Train:    2/4 ( 50%) [13986/55563 ( 25%)]  Loss: 0.9048 (1.21)  LR: 2.855e-04  Time cost: 05:25/3:00:56 [05:26/11:04:34]  Acc_iter 69550       Data time: 0.00(0.01)  Forward time: 0.23(0.26)  Batch time: 0.23(0.26)
2026-08-13 22:14:06,794   INFO  Train:    2/4 ( 50%) [14036/55563 ( 25%)]  Loss: 2.127 (1.21)  LR: 2.854e-04  Time cost: 05:37/3:00:22 [05:38/11:03:02]  Acc_iter 69600       Data time: 0.00(0.01)  Forward time: 0.23(0.26)  Batch time: 0.23(0.26)
2026-08-13 22:14:07,172   INFO  a1e06a0b30c0                Thu Aug 13 22:14:07 2026  580.173.02
[0] NVIDIA GeForce RTX 3070 | 65°C,  77 % |  7125 /  8192 MB | root(6716M)

2026-08-13 22:14:19,891   INFO  Train:    2/4 ( 50%) [14086/55563 ( 25%)]  Loss: 0.6964 (1.21)  LR: 2.854e-04  Time cost: 05:50/3:00:11 [05:52/11:02:57]  Acc_iter 69650       Data time: 0.00(0.01)  Forward time: 0.24(0.26)  Batch time: 0.24(0.26)
2026-08-13 22:14:32,232   INFO  Train:    2/4 ( 50%) [14136/55563 ( 25%)]  Loss: 1.424 (1.22)  LR: 2.853e-04  Time cost: 06:02/2:59:37 [06:04/11:01:28]  Acc_iter 69700       Data time: 0.00(0.01)  Forward time: 0.26(0.25)  Batch time: 0.26(0.26)
2026-08-13 22:14:44,393   INFO  Train:    2/4 ( 50%) [14186/55563 ( 26%)]  Loss: 1.454 (1.22)  LR: 2.853e-04  Time cost: 06:15/2:59:00 [06:16/10:59:46]  Acc_iter 69750       Data time: 0.00(0.01)  Forward time: 0.25(0.25)  Batch time: 0.25(0.26)
2026-08-13 22:14:44,805   INFO  a1e06a0b30c0                Thu Aug 13 22:14:44 2026  580.173.02
[0] NVIDIA GeForce RTX 3070 | 70°C, 100 % |  7127 /  8192 MB | root(6718M)

2026-08-13 22:14:57,331   INFO  Train:    2/4 ( 50%) [14236/55563 ( 26%)]  Loss: 0.6464 (1.22)  LR: 2.852e-04  Time cost: 06:28/2:58:46 [06:29/10:59:29]  Acc_iter 69800       Data time: 0.00(0.01)  Forward time: 0.23(0.25)  Batch time: 0.23(0.26)
2026-08-13 22:15:09,462   INFO  Train:    2/4 ( 50%) [14286/55563 ( 26%)]  Loss: 1.071 (1.21)  LR: 2.851e-04  Time cost: 06:40/2:58:10 [06:41/10:57:52]  Acc_iter 69850       Data time: 0.00(0.01)  Forward time: 0.25(0.25)  Batch time: 0.26(0.26)
2026-08-13 22:15:22,065   INFO  Train:    2/4 ( 50%) [14336/55563 ( 26%)]  Loss: 0.9055 (1.21)  LR: 2.851e-04  Time cost: 06:52/2:57:48 [06:54/10:57:06]  Acc_iter 69900       Data time: 0.00(0.01)  Forward time: 0.25(0.25)  Batch time: 0.25(0.26)
2026-08-13 22:15:22,449   INFO  a1e06a0b30c0                Thu Aug 13 22:15:22 2026  580.173.02
[0] NVIDIA GeForce RTX 3070 | 68°C,  87 % |  7128 /  8192 MB | root(6718M)

2026-08-13 22:15:34,679   INFO  Train:    2/4 ( 50%) [14386/55563 ( 26%)]  Loss: 0.7970 (1.21)  LR: 2.850e-04  Time cost: 07:05/2:57:27 [07:06/10:56:23]  Acc_iter 69950       Data time: 0.00(0.01)  Forward time: 0.26(0.25)  Batch time: 0.26(0.26)
2026-08-13 22:15:46,754   INFO  Train:    2/4 ( 50%) [14436/55563 ( 26%)]  Loss: 1.097 (1.21)  LR: 2.850e-04  Time cost: 07:17/2:56:54 [07:18/10:54:53]  Acc_iter 70000       Data time: 0.00(0.01)  Forward time: 0.25(0.25)  Batch time: 0.25(0.26)
2026-08-13 22:15:59,270   INFO  Train:    2/4 ( 50%) [14486/55563 ( 26%)]  Loss: 1.036 (1.21)  LR: 2.849e-04  Time cost: 07:29/2:56:32 [07:31/10:54:07]  Acc_iter 70050       Data time: 0.00(0.01)  Forward time: 0.24(0.25)  Batch time: 0.24(0.26)
2026-08-13 22:15:59,672   INFO  a1e06a0b30c0                Thu Aug 13 22:15:59 2026  580.173.02
[0] NVIDIA GeForce RTX 3070 | 66°C,  40 % |  7294 /  8192 MB | root(6884M)

2026-08-13 22:16:12,080   INFO  Train:    2/4 ( 50%) [14536/55563 ( 26%)]  Loss: 0.6293 (1.21)  LR: 2.849e-04  Time cost: 07:42/2:56:17 [07:44/10:53:47]  Acc_iter 70100       Data time: 0.00(0.01)  Forward time: 0.26(0.25)  Batch time: 0.26(0.26)
2026-08-13 22:16:24,416   INFO  Train:    2/4 ( 50%) [14586/55563 ( 26%)]  Loss: 1.424 (1.21)  LR: 2.848e-04  Time cost: 07:55/2:55:52 [07:56/10:52:48]  Acc_iter 70150       Data time: 0.00(0.01)  Forward time: 0.25(0.25)  Batch time: 0.26(0.26)
2026-08-13 22:16:36,770   INFO  Train:    2/4 ( 50%) [14636/55563 ( 26%)]  Loss: 1.652 (1.21)  LR: 2.847e-04  Time cost: 08:07/2:55:27 [08:08/10:51:53]  Acc_iter 70200       Data time: 0.00(0.00)  Forward time: 0.26(0.25)  Batch time: 0.27(0.26)
2026-08-13 22:16:37,195   INFO  a1e06a0b30c0                Thu Aug 13 22:16:37 2026  580.173.02
[0] NVIDIA GeForce RTX 3070 | 66°C,  71 % |  7293 /  8192 MB | root(6884M)

2026-08-13 22:16:49,489   INFO  Train:    2/4 ( 50%) [14686/55563 ( 26%)]  Loss: 1.091 (1.22)  LR: 2.847e-04  Time cost: 08:20/2:55:12 [08:21/10:51:29]  Acc_iter 70250       Data time: 0.00(0.01)  Forward time: 0.24(0.25)  Batch time: 0.24(0.26)
2026-08-13 22:17:01,772   INFO  Train:    2/4 ( 50%) [14736/55563 ( 27%)]  Loss: 1.031 (1.22)  LR: 2.846e-04  Time cost: 08:32/2:54:47 [08:33/10:50:33]  Acc_iter 70300       Data time: 0.00(0.00)  Forward time: 0.23(0.25)  Batch time: 0.23(0.26)
2026-08-13 22:17:14,351   INFO  Train:    2/4 ( 50%) [14786/55563 ( 27%)]  Loss: 0.9565 (1.22)  LR: 2.846e-04  Time cost: 08:45/2:54:29 [08:46/10:50:00]  Acc_iter 70350       Data time: 0.00(0.00)  Forward time: 0.27(0.25)  Batch time: 0.27(0.26)
2026-08-13 22:17:14,744   INFO  a1e06a0b30c0                Thu Aug 13 22:17:14 2026  580.173.02
[0] NVIDIA GeForce RTX 3070 | 71°C,  42 % |  7293 /  8192 MB | root(6884M)

2026-08-13 22:17:27,041   INFO  Train:    2/4 ( 50%) [14836/55563 ( 27%)]  Loss: 1.202 (1.22)  LR: 2.845e-04  Time cost: 08:57/2:54:13 [08:59/10:49:37]  Acc_iter 70400       Data time: 0.00(0.00)  Forward time: 0.30(0.25)  Batch time: 0.30(0.26)
2026-08-13 22:17:39,355   INFO  Train:    2/4 ( 50%) [14886/55563 ( 27%)]  Loss: 1.087 (1.22)  LR: 2.844e-04  Time cost: 09:10/2:53:50 [09:11/10:48:47]  Acc_iter 70450       Data time: 0.00(0.00)  Forward time: 0.22(0.25)  Batch time: 0.23(0.26)
2026-08-13 22:17:51,483   INFO  Train:    2/4 ( 50%) [14936/55563 ( 27%)]  Loss: 1.234 (1.22)  LR: 2.844e-04  Time cost: 09:22/2:53:25 [09:23/10:47:46]  Acc_iter 70500       Data time: 0.00(0.00)  Forward time: 0.29(0.25)  Batch time: 0.29(0.26)
2026-08-13 22:17:51,935   INFO  a1e06a0b30c0                Thu Aug 13 22:17:51 2026  580.173.02
[0] NVIDIA GeForce RTX 3070 | 70°C,  95 % |  7454 /  8192 MB | root(7060M)

2026-08-13 22:18:04,619   INFO  Train:    2/4 ( 50%) [14986/55563 ( 27%)]  Loss: 0.8670 (1.22)  LR: 2.843e-04  Time cost: 09:35/2:53:18 [09:36/10:47:56]  Acc_iter 70550       Data time: 0.00(0.00)  Forward time: 0.24(0.25)  Batch time: 0.24(0.26)
2026-08-13 22:18:16,867   INFO  Train:    2/4 ( 50%) [15036/55563 ( 27%)]  Loss: 2.021 (1.22)  LR: 2.843e-04  Time cost: 09:47/2:52:55 [09:48/10:47:06]  Acc_iter 70600       Data time: 0.00(0.00)  Forward time: 0.26(0.25)  Batch time: 0.26(0.26)
2026-08-13 22:18:29,102   INFO  Train:    2/4 ( 50%) [15086/55563 ( 27%)]  Loss: 1.533 (1.22)  LR: 2.842e-04  Time cost: 09:59/2:52:33 [10:01/10:46:16]  Acc_iter 70650       Data time: 0.00(0.00)  Forward time: 0.27(0.25)  Batch time: 0.28(0.26)
2026-08-13 22:18:29,517   INFO  a1e06a0b30c0                Thu Aug 13 22:18:29 2026  580.173.02
[0] NVIDIA GeForce RTX 3070 | 70°C,  89 % |  7454 /  8192 MB | root(7060M)

2026-08-13 22:18:29,612   INFO  Save latest model to /OpenPCDet/output/OpenPCDet/tools/cfgs/models/S/F/S_F_N/default/ckpt/latest_model
2026-08-13 22:18:42,113   INFO  Train:    2/4 ( 50%) [15136/55563 ( 27%)]  Loss: 0.8155 (1.22)  LR: 2.842e-04  Time cost: 10:12/2:52:24 [10:14/10:46:17]  Acc_iter 70700       Data time: 0.00(0.00)  Forward time: 0.25(0.25)  Batch time: 0.25(0.26)
2026-08-13 22:18:55,081   INFO  Train:    2/4 ( 50%) [15186/55563 ( 27%)]  Loss: 1.224 (1.22)  LR: 2.841e-04  Time cost: 10:25/2:52:14 [10:27/10:46:15]  Acc_iter 70750       Data time: 0.00(0.00)  Forward time: 0.25(0.25)  Batch time: 0.26(0.26)
2026-08-13 22:19:07,474   INFO  Train:    2/4 ( 50%) [15236/55563 ( 27%)]  Loss: 0.7170 (1.22)  LR: 2.840e-04  Time cost: 10:38/2:51:54 [10:39/10:45:38]  Acc_iter 70800       Data time: 0.00(0.00)  Forward time: 0.25(0.25)  Batch time: 0.25(0.26)
2026-08-13 22:19:07,856   INFO  a1e06a0b30c0                Thu Aug 13 22:19:07 2026  580.173.02
[0] NVIDIA GeForce RTX 3070 | 70°C,  91 % |  7455 /  8192 MB | root(7060M)

2026-08-13 22:19:19,855   INFO  Train:    2/4 ( 50%) [15286/55563 ( 28%)]  Loss: 0.8255 (1.22)  LR: 2.840e-04  Time cost: 10:50/2:51:35 [10:51/10:45:01]  Acc_iter 70850       Data time: 0.00(0.00)  Forward time: 0.21(0.25)  Batch time: 0.22(0.26)
2026-08-13 22:19:32,475   INFO  Train:    2/4 ( 50%) [15336/55563 ( 28%)]  Loss: 0.9716 (1.22)  LR: 2.839e-04  Time cost: 11:03/2:51:20 [11:04/10:44:39]  Acc_iter 70900       Data time: 0.00(0.00)  Forward time: 0.26(0.25)  Batch time: 0.26(0.26)
2026-08-13 22:19:44,925   INFO  Train:    2/4 ( 50%) [15386/55563 ( 28%)]  Loss: 1.554 (1.22)  LR: 2.839e-04  Time cost: 11:15/2:51:02 [11:17/10:44:07]  Acc_iter 70950       Data time: 0.00(0.00)  Forward time: 0.22(0.25)  Batch time: 0.22(0.26)
2026-08-13 22:19:45,333   INFO  a1e06a0b30c0                Thu Aug 13 22:19:45 2026  580.173.02
[0] NVIDIA GeForce RTX 3070 | 70°C,  95 % |  7454 /  8192 MB | root(7060M)

2026-08-13 22:19:57,722   INFO  Train:    2/4 ( 50%) [15436/55563 ( 28%)]  Loss: 1.608 (1.22)  LR: 2.838e-04  Time cost: 11:28/2:50:50 [11:29/10:43:56]  Acc_iter 71000       Data time: 0.00(0.00)  Forward time: 0.26(0.25)  Batch time: 0.27(0.26)
2026-08-13 22:20:10,381   INFO  Train:    2/4 ( 50%) [15486/55563 ( 28%)]  Loss: 1.415 (1.22)  LR: 2.837e-04  Time cost: 11:41/2:50:35 [11:42/10:43:37]  Acc_iter 71050       Data time: 0.00(0.00)  Forward time: 0.25(0.25)  Batch time: 0.26(0.26)
2026-08-13 22:20:22,736   INFO  Train:    2/4 ( 50%) [15536/55563 ( 28%)]  Loss: 0.8396 (1.22)  LR: 2.837e-04  Time cost: 11:53/2:50:17 [11:54/10:43:02]  Acc_iter 71100       Data time: 0.00(0.00)  Forward time: 0.23(0.25)  Batch time: 0.23(0.26)
2026-08-13 22:20:23,164   INFO  a1e06a0b30c0                Thu Aug 13 22:20:23 2026  580.173.02
[0] NVIDIA GeForce RTX 3070 | 64°C,  69 % |  7454 /  8192 MB | root(7060M)

2026-08-13 22:20:35,616   INFO  Train:    2/4 ( 50%) [15586/55563 ( 28%)]  Loss: 0.9877 (1.22)  LR: 2.836e-04  Time cost: 12:06/2:50:05 [12:07/10:42:55]  Acc_iter 71150       Data time: 0.00(0.00)  Forward time: 0.24(0.25)  Batch time: 0.24(0.26)
2026-08-13 22:20:48,362   INFO  Train:    2/4 ( 50%) [15636/55563 ( 28%)]  Loss: 1.130 (1.22)  LR: 2.836e-04  Time cost: 12:19/2:49:52 [12:20/10:42:42]  Acc_iter 71200       Data time: 0.00(0.00)  Forward time: 0.26(0.25)  Batch time: 0.26(0.26)
2026-08-13 22:21:00,673   INFO  Train:    2/4 ( 50%) [15686/55563 ( 28%)]  Loss: 1.247 (1.22)  LR: 2.835e-04  Time cost: 12:31/2:49:33 [12:32/10:42:05]  Acc_iter 71250       Data time: 0.00(0.00)  Forward time: 0.21(0.25)  Batch time: 0.22(0.26)
2026-08-13 22:21:01,058   INFO  a1e06a0b30c0                Thu Aug 13 22:21:01 2026  580.173.02
[0] NVIDIA GeForce RTX 3070 | 63°C,  92 % |  7455 /  8192 MB | root(7060M)

2026-08-13 22:21:13,384   INFO  Train:    2/4 ( 50%) [15736/55563 ( 28%)]  Loss: 0.6513 (1.22)  LR: 2.834e-04  Time cost: 12:44/2:49:20 [12:45/10:41:50]  Acc_iter 71300       Data time: 0.00(0.00)  Forward time: 0.23(0.25)  Batch time: 0.23(0.26)
2026-08-13 22:21:25,786   INFO  Train:    2/4 ( 50%) [15786/55563 ( 28%)]  Loss: 1.355 (1.22)  LR: 2.834e-04  Time cost: 12:56/2:49:03 [12:57/10:41:20]  Acc_iter 71350       Data time: 0.00(0.00)  Forward time: 0.28(0.25)  Batch time: 0.28(0.26)
2026-08-13 22:21:38,515   INFO  Train:    2/4 ( 50%) [15836/55563 ( 29%)]  Loss: 0.8183 (1.22)  LR: 2.833e-04  Time cost: 13:09/2:48:50 [13:10/10:41:06]  Acc_iter 71400       Data time: 0.00(0.00)  Forward time: 0.26(0.25)  Batch time: 0.27(0.25)
2026-08-13 22:21:38,957   INFO  a1e06a0b30c0                Thu Aug 13 22:21:38 2026  580.173.02
[0] NVIDIA GeForce RTX 3070 | 69°C,  95 % |  7455 /  8192 MB | root(7060M)

2026-08-13 22:21:51,490   INFO  Train:    2/4 ( 50%) [15886/55563 ( 29%)]  Loss: 0.8839 (1.22)  LR: 2.833e-04  Time cost: 13:22/2:48:40 [13:23/10:41:04]  Acc_iter 71450       Data time: 0.00(0.00)  Forward time: 0.21(0.25)  Batch time: 0.22(0.26)
2026-08-13 22:22:03,954   INFO  Train:    2/4 ( 50%) [15936/55563 ( 29%)]  Loss: 1.463 (1.22)  LR: 2.832e-04  Time cost: 13:34/2:48:23 [13:36/10:40:38]  Acc_iter 71500       Data time: 0.00(0.00)  Forward time: 0.21(0.25)  Batch time: 0.21(0.25)
2026-08-13 22:22:16,441   INFO  Train:    2/4 ( 50%) [15986/55563 ( 29%)]  Loss: 1.151 (1.22)  LR: 2.831e-04  Time cost: 13:47/2:48:08 [13:48/10:40:13]  Acc_iter 71550       Data time: 0.00(0.00)  Forward time: 0.25(0.25)  Batch time: 0.25(0.25)
2026-08-13 22:22:16,833   INFO  a1e06a0b30c0                Thu Aug 13 22:22:16 2026  580.173.02
[0] NVIDIA GeForce RTX 3070 | 69°C, 100 % |  7454 /  8192 MB | root(7060M)

2026-08-13 22:22:29,232   INFO  Train:    2/4 ( 50%) [16036/55563 ( 29%)]  Loss: 1.125 (1.22)  LR: 2.831e-04  Time cost: 13:59/2:47:55 [14:01/10:40:02]  Acc_iter 71600       Data time: 0.00(0.00)  Forward time: 0.22(0.25)  Batch time: 0.22(0.25)
2026-08-13 22:22:41,979   INFO  Train:    2/4 ( 50%) [16086/55563 ( 29%)]  Loss: 1.307 (1.22)  LR: 2.830e-04  Time cost: 14:12/2:47:43 [14:14/10:39:50]  Acc_iter 71650       Data time: 0.00(0.00)  Forward time: 0.25(0.25)  Batch time: 0.25(0.25)
2026-08-13 22:22:54,292   INFO  Train:    2/4 ( 50%) [16136/55563 ( 29%)]  Loss: 0.7255 (1.22)  LR: 2.829e-04  Time cost: 14:24/2:47:25 [14:26/10:39:18]  Acc_iter 71700       Data time: 0.00(0.00)  Forward time: 0.24(0.25)  Batch time: 0.24(0.25)
2026-08-13 22:22:54,713   INFO  a1e06a0b30c0                Thu Aug 13 22:22:54 2026  580.173.02
[0] NVIDIA GeForce RTX 3070 | 64°C,   2 % |  7454 /  8192 MB | root(7060M)

2026-08-13 22:23:07,225   INFO  Train:    2/4 ( 50%) [16186/55563 ( 29%)]  Loss: 1.543 (1.22)  LR: 2.829e-04  Time cost: 14:37/2:47:14 [14:39/10:39:14]  Acc_iter 71750       Data time: 0.00(0.00)  Forward time: 0.22(0.25)  Batch time: 0.22(0.25)
2026-08-13 22:23:19,773   INFO  Train:    2/4 ( 50%) [16236/55563 ( 29%)]  Loss: 1.095 (1.22)  LR: 2.828e-04  Time cost: 14:50/2:46:59 [14:51/10:38:52]  Acc_iter 71800       Data time: 0.00(0.00)  Forward time: 0.24(0.25)  Batch time: 0.24(0.25)
2026-08-13 22:23:29,559   INFO  Save latest model to /OpenPCDet/output/OpenPCDet/tools/cfgs/models/S/F/S_F_N/default/ckpt/latest_model
2026-08-13 22:23:32,576   INFO  Train:    2/4 ( 50%) [16286/55563 ( 29%)]  Loss: 2.002 (1.22)  LR: 2.828e-04  Time cost: 15:03/2:46:47 [15:04/10:38:42]  Acc_iter 71850       Data time: 0.00(0.00)  Forward time: 0.26(0.25)  Batch time: 0.26(0.25)
2026-08-13 22:23:32,966   INFO  a1e06a0b30c0                Thu Aug 13 22:23:32 2026  580.173.02
[0] NVIDIA GeForce RTX 3070 | 69°C,  66 % |  7455 /  8192 MB | root(7060M)

2026-08-13 22:23:45,406   INFO  Train:    2/4 ( 50%) [16336/55563 ( 29%)]  Loss: 1.126 (1.22)  LR: 2.827e-04  Time cost: 15:16/2:46:36 [15:17/10:38:33]  Acc_iter 71900       Data time: 0.00(0.00)  Forward time: 0.25(0.25)  Batch time: 0.25(0.25)
2026-08-13 22:23:57,568   INFO  Train:    2/4 ( 50%) [16386/55563 ( 29%)]  Loss: 1.260 (1.22)  LR: 2.826e-04  Time cost: 15:28/2:46:17 [15:29/10:37:57]  Acc_iter 71950       Data time: 0.00(0.00)  Forward time: 0.24(0.25)  Batch time: 0.24(0.25)
2026-08-13 22:24:10,133   INFO  Train:    2/4 ( 50%) [16436/55563 ( 30%)]  Loss: 0.5173 (1.22)  LR: 2.826e-04  Time cost: 15:40/2:46:02 [15:42/10:37:37]  Acc_iter 72000       Data time: 0.00(0.00)  Forward time: 0.23(0.25)  Batch time: 0.23(0.25)
2026-08-13 22:24:10,547   INFO  a1e06a0b30c0                Thu Aug 13 22:24:10 2026  580.173.02
[0] NVIDIA GeForce RTX 3070 | 71°C,  99 % |  7454 /  8192 MB | root(7060M)

2026-08-13 22:24:23,145   INFO  Train:    2/4 ( 50%) [16486/55563 ( 30%)]  Loss: 1.104 (1.22)  LR: 2.825e-04  Time cost: 15:53/2:45:52 [15:55/10:37:36]  Acc_iter 72050       Data time: 0.00(0.00)  Forward time: 0.24(0.25)  Batch time: 0.24(0.25)
2026-08-13 22:24:35,719   INFO  Train:    2/4 ( 50%) [16536/55563 ( 30%)]  Loss: 1.674 (1.22)  LR: 2.825e-04  Time cost: 16:06/2:45:38 [16:07/10:37:17]  Acc_iter 72100       Data time: 0.00(0.00)  Forward time: 0.23(0.25)  Batch time: 0.23(0.25)
2026-08-13 22:24:48,299   INFO  Train:    2/4 ( 50%) [16586/55563 ( 30%)]  Loss: 2.613 (1.22)  LR: 2.824e-04  Time cost: 16:18/2:45:24 [16:20/10:36:58]  Acc_iter 72150       Data time: 0.00(0.00)  Forward time: 0.26(0.25)  Batch time: 0.26(0.25)
2026-08-13 22:24:48,692   INFO  a1e06a0b30c0                Thu Aug 13 22:24:48 2026  580.173.02
[0] NVIDIA GeForce RTX 3070 | 66°C,  36 % |  7454 /  8192 MB | root(7060M)

2026-08-13 22:25:00,981   INFO  Train:    2/4 ( 50%) [16636/55563 ( 30%)]  Loss: 1.464 (1.22)  LR: 2.823e-04  Time cost: 16:31/2:45:10 [16:33/10:36:43]  Acc_iter 72200       Data time: 0.00(0.00)  Forward time: 0.22(0.25)  Batch time: 0.22(0.25)
2026-08-13 22:25:13,610   INFO  Train:    2/4 ( 50%) [16686/55563 ( 30%)]  Loss: 1.194 (1.22)  LR: 2.823e-04  Time cost: 16:44/2:44:57 [16:45/10:36:27]  Acc_iter 72250       Data time: 0.00(0.00)  Forward time: 0.26(0.25)  Batch time: 0.26(0.25)
2026-08-13 22:25:26,328   INFO  Train:    2/4 ( 50%) [16736/55563 ( 30%)]  Loss: 2.234 (1.22)  LR: 2.822e-04  Time cost: 16:57/2:44:44 [16:58/10:36:14]  Acc_iter 72300       Data time: 0.00(0.00)  Forward time: 0.26(0.25)  Batch time: 0.26(0.25)
2026-08-13 22:25:26,720   INFO  a1e06a0b30c0                Thu Aug 13 22:25:26 2026  580.173.02
[0] NVIDIA GeForce RTX 3070 | 69°C,  77 % |  7454 /  8192 MB | root(7060M)

2026-08-13 22:25:39,188   INFO  Train:    2/4 ( 50%) [16786/55563 ( 30%)]  Loss: 0.9042 (1.22)  LR: 2.821e-04  Time cost: 17:09/2:44:32 [17:11/10:36:06]  Acc_iter 72350       Data time: 0.00(0.00)  Forward time: 0.24(0.25)  Batch time: 0.24(0.25)
2026-08-13 22:25:51,492   INFO  Train:    2/4 ( 50%) [16836/55563 ( 30%)]  Loss: 0.6606 (1.22)  LR: 2.821e-04  Time cost: 17:22/2:44:16 [17:23/10:35:37]  Acc_iter 72400       Data time: 0.00(0.00)  Forward time: 0.26(0.25)  Batch time: 0.26(0.25)
2026-08-13 22:26:04,268   INFO  Train:    2/4 ( 50%) [16886/55563 ( 30%)]  Loss: 0.9040 (1.22)  LR: 2.820e-04  Time cost: 17:34/2:44:03 [17:36/10:35:27]  Acc_iter 72450       Data time: 0.00(0.00)  Forward time: 0.27(0.25)  Batch time: 0.27(0.25)
2026-08-13 22:26:04,673   INFO  a1e06a0b30c0                Thu Aug 13 22:26:04 2026  580.173.02
[0] NVIDIA GeForce RTX 3070 | 66°C,   1 % |  7455 /  8192 MB | root(7060M)

2026-08-13 22:26:16,989   INFO  Train:    2/4 ( 50%) [16936/55563 ( 30%)]  Loss: 1.563 (1.22)  LR: 2.820e-04  Time cost: 17:47/2:43:51 [17:49/10:35:14]  Acc_iter 72500       Data time: 0.00(0.00)  Forward time: 0.27(0.25)  Batch time: 0.27(0.25)
2026-08-13 22:26:29,327   INFO  Train:    2/4 ( 50%) [16986/55563 ( 31%)]  Loss: 1.649 (1.22)  LR: 2.819e-04  Time cost: 18:00/2:43:34 [18:01/10:34:47]  Acc_iter 72550       Data time: 0.00(0.00)  Forward time: 0.26(0.25)  Batch time: 0.26(0.25)
2026-08-13 22:26:41,726   INFO  Train:    2/4 ( 50%) [17036/55563 ( 31%)]  Loss: 2.080 (1.22)  LR: 2.818e-04  Time cost: 18:12/2:43:19 [18:13/10:34:23]  Acc_iter 72600       Data time: 0.00(0.00)  Forward time: 0.24(0.25)  Batch time: 0.24(0.25)
2026-08-13 22:26:42,107   INFO  a1e06a0b30c0                Thu Aug 13 22:26:42 2026  580.173.02
[0] NVIDIA GeForce RTX 3070 | 66°C,  97 % |  7454 /  8192 MB | root(7060M)

2026-08-13 22:26:54,596   INFO  Train:    2/4 ( 50%) [17086/55563 ( 31%)]  Loss: 1.004 (1.22)  LR: 2.818e-04  Time cost: 18:25/2:43:07 [18:26/10:34:16]  Acc_iter 72650       Data time: 0.00(0.00)  Forward time: 0.24(0.25)  Batch time: 0.24(0.25)
2026-08-13 22:27:07,049   INFO  Train:    2/4 ( 50%) [17136/55563 ( 31%)]  Loss: 1.619 (1.22)  LR: 2.817e-04  Time cost: 18:37/2:42:52 [18:39/10:33:54]  Acc_iter 72700       Data time: 0.00(0.00)  Forward time: 0.28(0.25)  Batch time: 0.28(0.25)
2026-08-13 22:27:19,593   INFO  Train:    2/4 ( 50%) [17186/55563 ( 31%)]  Loss: 1.240 (1.22)  LR: 2.816e-04  Time cost: 18:50/2:42:38 [18:51/10:33:36]  Acc_iter 72750       Data time: 0.00(0.00)  Forward time: 0.26(0.25)  Batch time: 0.26(0.25)
2026-08-13 22:27:19,977   INFO  a1e06a0b30c0                Thu Aug 13 22:27:19 2026  580.173.02
[0] NVIDIA GeForce RTX 3070 | 71°C,  73 % |  7452 /  8192 MB | root(7060M)

2026-08-13 22:27:31,942   INFO  Train:    2/4 ( 50%) [17236/55563 ( 31%)]  Loss: 1.298 (1.22)  LR: 2.816e-04  Time cost: 19:02/2:42:22 [19:04/10:33:11]  Acc_iter 72800       Data time: 0.00(0.00)  Forward time: 0.21(0.25)  Batch time: 0.21(0.25)
2026-08-13 22:27:44,084   INFO  Train:    2/4 ( 50%) [17286/55563 ( 31%)]  Loss: 1.288 (1.22)  LR: 2.815e-04  Time cost: 19:14/2:42:05 [19:16/10:32:39]  Acc_iter 72850       Data time: 0.00(0.00)  Forward time: 0.21(0.25)  Batch time: 0.21(0.25)
2026-08-13 22:27:56,795   INFO  Train:    2/4 ( 50%) [17336/55563 ( 31%)]  Loss: 1.709 (1.22)  LR: 2.814e-04  Time cost: 19:27/2:41:52 [19:28/10:32:27]  Acc_iter 72900       Data time: 0.00(0.00)  Forward time: 0.24(0.25)  Batch time: 0.24(0.25)
2026-08-13 22:27:57,244   INFO  a1e06a0b30c0                Thu Aug 13 22:27:57 2026  580.173.02
[0] NVIDIA GeForce RTX 3070 | 66°C,  74 % |  7454 /  8192 MB | root(7060M)

2026-08-13 22:28:09,522   INFO  Train:    2/4 ( 50%) [17386/55563 ( 31%)]  Loss: 1.656 (1.22)  LR: 2.814e-04  Time cost: 19:40/2:41:40 [19:41/10:32:15]  Acc_iter 72950       Data time: 0.00(0.00)  Forward time: 0.27(0.25)  Batch time: 0.27(0.25)
2026-08-13 22:28:21,793   INFO  Train:    2/4 ( 50%) [17436/55563 ( 31%)]  Loss: 1.974 (1.22)  LR: 2.813e-04  Time cost: 19:52/2:41:23 [19:53/10:31:48]  Acc_iter 73000       Data time: 0.00(0.00)  Forward time: 0.29(0.25)  Batch time: 0.29(0.25)
2026-08-13 22:28:29,596   INFO  Save latest model to /OpenPCDet/output/OpenPCDet/tools/cfgs/models/S/F/S_F_N/default/ckpt/latest_model
2026-08-13 22:28:34,371   INFO  Train:    2/4 ( 50%) [17486/55563 ( 31%)]  Loss: 1.571 (1.22)  LR: 2.813e-04  Time cost: 20:05/2:41:10 [20:06/10:31:32]  Acc_iter 73050       Data time: 0.00(0.00)  Forward time: 0.28(0.25)  Batch time: 0.28(0.25)
2026-08-13 22:28:34,772   INFO  a1e06a0b30c0                Thu Aug 13 22:28:34 2026  580.173.02
[0] NVIDIA GeForce RTX 3070 | 70°C,  74 % |  7455 /  8192 MB | root(7060M)

2026-08-13 22:28:47,173   INFO  Train:    2/4 ( 50%) [17536/55563 ( 32%)]  Loss: 0.9941 (1.22)  LR: 2.812e-04  Time cost: 20:17/2:40:58 [20:19/10:31:22]  Acc_iter 73100       Data time: 0.00(0.00)  Forward time: 0.28(0.25)  Batch time: 0.29(0.25)
2026-08-13 22:28:59,612   INFO  Train:    2/4 ( 50%) [17586/55563 ( 32%)]  Loss: 1.288 (1.22)  LR: 2.811e-04  Time cost: 20:30/2:40:43 [20:31/10:31:02]  Acc_iter 73150       Data time: 0.00(0.00)  Forward time: 0.27(0.25)  Batch time: 0.27(0.25)
2026-08-13 22:29:11,890   INFO  Train:    2/4 ( 50%) [17636/55563 ( 32%)]  Loss: 1.003 (1.22)  LR: 2.811e-04  Time cost: 20:42/2:40:27 [20:44/10:30:36]  Acc_iter 73200       Data time: 0.00(0.00)  Forward time: 0.24(0.25)  Batch time: 0.24(0.25)
2026-08-13 22:29:12,270   INFO  a1e06a0b30c0                Thu Aug 13 22:29:12 2026  580.173.02
[0] NVIDIA GeForce RTX 3070 | 72°C,  99 % |  7455 /  8192 MB | root(7060M)

2026-08-13 22:29:24,870   INFO  Train:    2/4 ( 50%) [17686/55563 ( 32%)]  Loss: 2.051 (1.22)  LR: 2.810e-04  Time cost: 20:55/2:40:17 [20:56/10:30:32]  Acc_iter 73250       Data time: 0.00(0.00)  Forward time: 0.21(0.25)  Batch time: 0.21(0.25)
2026-08-13 22:29:37,613   INFO  Train:    2/4 ( 50%) [17736/55563 ( 32%)]  Loss: 1.755 (1.22)  LR: 2.809e-04  Time cost: 21:08/2:40:04 [21:09/10:30:21]  Acc_iter 73300       Data time: 0.00(0.00)  Forward time: 0.28(0.25)  Batch time: 0.28(0.25)
2026-08-13 22:29:50,648   INFO  Train:    2/4 ( 50%) [17786/55563 ( 32%)]  Loss: 0.5539 (1.22)  LR: 2.809e-04  Time cost: 21:21/2:39:54 [21:22/10:30:18]  Acc_iter 73350       Data time: 0.00(0.00)  Forward time: 0.28(0.25)  Batch time: 0.28(0.25)
2026-08-13 22:29:51,037   INFO  a1e06a0b30c0                Thu Aug 13 22:29:51 2026  580.173.02
[0] NVIDIA GeForce RTX 3070 | 70°C,  95 % |  7454 /  8192 MB | root(7060M)

2026-08-13 22:30:03,282   INFO  Train:    2/4 ( 50%) [17836/55563 ( 32%)]  Loss: 4.273 (1.22)  LR: 2.808e-04  Time cost: 21:33/2:39:41 [21:35/10:30:04]  Acc_iter 73400       Data time: 0.00(0.00)  Forward time: 0.23(0.25)  Batch time: 0.23(0.25)
2026-08-13 22:30:15,546   INFO  Train:    2/4 ( 50%) [17886/55563 ( 32%)]  Loss: 2.269 (1.22)  LR: 2.807e-04  Time cost: 21:46/2:39:25 [21:47/10:29:38]  Acc_iter 73450       Data time: 0.00(0.00)  Forward time: 0.28(0.25)  Batch time: 0.28(0.25)
2026-08-13 22:30:27,819   INFO  Train:    2/4 ( 50%) [17936/55563 ( 32%)]  Loss: 1.559 (1.22)  LR: 2.807e-04  Time cost: 21:58/2:39:09 [21:59/10:29:14]  Acc_iter 73500       Data time: 0.00(0.00)  Forward time: 0.25(0.25)  Batch time: 0.25(0.25)
2026-08-13 22:30:28,219   INFO  a1e06a0b30c0                Thu Aug 13 22:30:28 2026  580.173.02
[0] NVIDIA GeForce RTX 3070 | 68°C,  94 % |  7454 /  8192 MB | root(7060M)

2026-08-13 22:30:40,742   INFO  Train:    2/4 ( 50%) [17986/55563 ( 32%)]  Loss: 1.237 (1.22)  LR: 2.806e-04  Time cost: 22:11/2:38:58 [22:12/10:29:08]  Acc_iter 73550       Data time: 0.00(0.00)  Forward time: 0.24(0.25)  Batch time: 0.24(0.25)
2026-08-13 22:30:53,503   INFO  Train:    2/4 ( 50%) [18036/55563 ( 32%)]  Loss: 1.925 (1.22)  LR: 2.805e-04  Time cost: 22:24/2:38:46 [22:25/10:28:57]  Acc_iter 73600       Data time: 0.00(0.00)  Forward time: 0.27(0.25)  Batch time: 0.27(0.25)
2026-08-13 22:31:05,849   INFO  Train:    2/4 ( 50%) [18086/55563 ( 33%)]  Loss: 1.265 (1.22)  LR: 2.805e-04  Time cost: 22:36/2:38:31 [22:37/10:28:35]  Acc_iter 73650       Data time: 0.00(0.00)  Forward time: 0.25(0.25)  Batch time: 0.26(0.25)
2026-08-13 22:31:06,275   INFO  a1e06a0b30c0                Thu Aug 13 22:31:06 2026  580.173.02
[0] NVIDIA GeForce RTX 3070 | 64°C,  61 % |  7455 /  8192 MB | root(7060M)

2026-08-13 22:31:18,896   INFO  Train:    2/4 ( 50%) [18136/55563 ( 33%)]  Loss: 0.8328 (1.22)  LR: 2.804e-04  Time cost: 22:49/2:38:21 [22:51/10:28:32]  Acc_iter 73700       Data time: 0.00(0.00)  Forward time: 0.22(0.25)  Batch time: 0.22(0.25)
2026-08-13 22:31:31,657   INFO  Train:    2/4 ( 50%) [18186/55563 ( 33%)]  Loss: 1.096 (1.22)  LR: 2.803e-04  Time cost: 23:02/2:38:09 [23:03/10:28:21]  Acc_iter 73750       Data time: 0.00(0.00)  Forward time: 0.25(0.25)  Batch time: 0.25(0.25)
2026-08-13 22:31:43,776   INFO  Train:    2/4 ( 50%) [18236/55563 ( 33%)]  Loss: 1.152 (1.22)  LR: 2.803e-04  Time cost: 23:14/2:37:52 [23:15/10:27:53]  Acc_iter 73800       Data time: 0.00(0.00)  Forward time: 0.26(0.25)  Batch time: 0.26(0.25)
2026-08-13 22:31:44,204   INFO  a1e06a0b30c0                Thu Aug 13 22:31:44 2026  580.173.02
[0] NVIDIA GeForce RTX 3070 | 63°C,  94 % |  7455 /  8192 MB | root(7060M)

2026-08-13 22:31:56,423   INFO  Train:    2/4 ( 50%) [18286/55563 ( 33%)]  Loss: 2.856 (1.22)  LR: 2.802e-04  Time cost: 23:27/2:37:39 [23:28/10:27:39]  Acc_iter 73850       Data time: 0.00(0.00)  Forward time: 0.24(0.25)  Batch time: 0.24(0.25)
2026-08-13 22:32:08,397   INFO  Train:    2/4 ( 50%) [18336/55563 ( 33%)]  Loss: 1.282 (1.22)  LR: 2.801e-04  Time cost: 23:39/2:37:22 [23:40/10:27:07]  Acc_iter 73900       Data time: 0.00(0.00)  Forward time: 0.21(0.25)  Batch time: 0.21(0.25)
2026-08-13 22:32:20,934   INFO  Train:    2/4 ( 50%) [18386/55563 ( 33%)]  Loss: 0.9755 (1.22)  LR: 2.801e-04  Time cost: 23:51/2:37:08 [23:53/10:26:51]  Acc_iter 73950       Data time: 0.00(0.00)  Forward time: 0.29(0.25)  Batch time: 0.29(0.25)
2026-08-13 22:32:21,354   INFO  a1e06a0b30c0                Thu Aug 13 22:32:21 2026  580.173.02
[0] NVIDIA GeForce RTX 3070 | 70°C,  77 % |  7454 /  8192 MB | root(7060M)

2026-08-13 22:32:34,067   INFO  Train:    2/4 ( 50%) [18436/55563 ( 33%)]  Loss: 1.147 (1.22)  LR: 2.800e-04  Time cost: 24:04/2:36:58 [24:06/10:26:50]  Acc_iter 74000       Data time: 0.00(0.00)  Forward time: 0.25(0.25)  Batch time: 0.25(0.25)
2026-08-13 22:32:46,294   INFO  Train:    2/4 ( 50%) [18486/55563 ( 33%)]  Loss: 0.6751 (1.22)  LR: 2.799e-04  Time cost: 24:16/2:36:43 [24:18/10:26:25]  Acc_iter 74050       Data time: 0.00(0.00)  Forward time: 0.26(0.25)  Batch time: 0.26(0.25)
2026-08-13 22:32:58,882   INFO  Train:    2/4 ( 50%) [18536/55563 ( 33%)]  Loss: 1.501 (1.22)  LR: 2.799e-04  Time cost: 24:29/2:36:29 [24:31/10:26:10]  Acc_iter 74100       Data time: 0.00(0.00)  Forward time: 0.21(0.25)  Batch time: 0.21(0.25)
2026-08-13 22:32:59,265   INFO  a1e06a0b30c0                Thu Aug 13 22:32:59 2026  580.173.02
[0] NVIDIA GeForce RTX 3070 | 68°C,  99 % |  7454 /  8192 MB | root(7060M)

2026-08-13 22:33:11,728   INFO  Train:    2/4 ( 50%) [18586/55563 ( 33%)]  Loss: 1.660 (1.22)  LR: 2.798e-04  Time cost: 24:42/2:36:18 [24:43/10:26:02]  Acc_iter 74150       Data time: 0.00(0.00)  Forward time: 0.23(0.25)  Batch time: 0.24(0.25)
2026-08-13 22:33:24,346   INFO  Train:    2/4 ( 50%) [18636/55563 ( 34%)]  Loss: 1.353 (1.22)  LR: 2.798e-04  Time cost: 24:55/2:36:05 [24:56/10:25:47]  Acc_iter 74200       Data time: 0.00(0.00)  Forward time: 0.27(0.25)  Batch time: 0.27(0.25)
2026-08-13 22:33:29,609   INFO  Save latest model to /OpenPCDet/output/OpenPCDet/tools/cfgs/models/S/F/S_F_N/default/ckpt/latest_model
2026-08-13 22:33:36,903   INFO  Train:    2/4 ( 50%) [18686/55563 ( 34%)]  Loss: 1.186 (1.22)  LR: 2.797e-04  Time cost: 25:07/2:35:51 [25:09/10:25:32]  Acc_iter 74250       Data time: 0.00(0.00)  Forward time: 0.28(0.25)  Batch time: 0.28(0.25)
2026-08-13 22:33:37,289   INFO  a1e06a0b30c0                Thu Aug 13 22:33:37 2026  580.173.02
[0] NVIDIA GeForce RTX 3070 | 69°C,  89 % |  7454 /  8192 MB | root(7060M)

2026-08-13 22:33:49,657   INFO  Train:    2/4 ( 50%) [18736/55563 ( 34%)]  Loss: 1.508 (1.22)  LR: 2.796e-04  Time cost: 25:20/2:35:39 [25:21/10:25:21]  Acc_iter 74300       Data time: 0.00(0.00)  Forward time: 0.24(0.25)  Batch time: 0.24(0.25)
2026-08-13 22:34:01,801   INFO  Train:    2/4 ( 50%) [18786/55563 ( 34%)]  Loss: 1.105 (1.22)  LR: 2.796e-04  Time cost: 25:32/2:35:23 [25:33/10:24:55]  Acc_iter 74350       Data time: 0.00(0.00)  Forward time: 0.27(0.25)  Batch time: 0.27(0.25)
2026-08-13 22:34:14,546   INFO  Train:    2/4 ( 50%) [18836/55563 ( 34%)]  Loss: 1.373 (1.22)  LR: 2.795e-04  Time cost: 25:45/2:35:11 [25:46/10:24:44]  Acc_iter 74400       Data time: 0.00(0.00)  Forward time: 0.27(0.25)  Batch time: 0.27(0.25)
2026-08-13 22:34:14,976   INFO  a1e06a0b30c0                Thu Aug 13 22:34:14 2026  580.173.02
[0] NVIDIA GeForce RTX 3070 | 70°C,  75 % |  7455 /  8192 MB | root(7060M)

2026-08-13 22:34:27,133   INFO  Train:    2/4 ( 50%) [18886/55563 ( 34%)]  Loss: 0.6826 (1.22)  LR: 2.794e-04  Time cost: 25:57/2:34:58 [25:59/10:24:29]  Acc_iter 74450       Data time: 0.00(0.00)  Forward time: 0.24(0.25)  Batch time: 0.24(0.25)
2026-08-13 22:34:39,758   INFO  Train:    2/4 ( 50%) [18936/55563 ( 34%)]  Loss: 0.9493 (1.22)  LR: 2.794e-04  Time cost: 26:10/2:34:45 [26:11/10:24:15]  Acc_iter 74500       Data time: 0.00(0.00)  Forward time: 0.27(0.25)  Batch time: 0.27(0.25)
2026-08-13 22:34:52,260   INFO  Train:    2/4 ( 50%) [18986/55563 ( 34%)]  Loss: 0.7778 (1.22)  LR: 2.793e-04  Time cost: 26:22/2:34:31 [26:24/10:23:59]  Acc_iter 74550       Data time: 0.00(0.00)  Forward time: 0.23(0.25)  Batch time: 0.23(0.25)
2026-08-13 22:34:52,719   INFO  a1e06a0b30c0                Thu Aug 13 22:34:52 2026  580.173.02
[0] NVIDIA GeForce RTX 3070 | 65°C,   1 % |  7455 /  8192 MB | root(7060M)

2026-08-13 22:35:05,027   INFO  Train:    2/4 ( 50%) [19036/55563 ( 34%)]  Loss: 2.431 (1.22)  LR: 2.792e-04  Time cost: 26:35/2:34:19 [26:37/10:23:48]  Acc_iter 74600       Data time: 0.00(0.00)  Forward time: 0.29(0.25)  Batch time: 0.29(0.25)
2026-08-13 22:35:17,826   INFO  Train:    2/4 ( 50%) [19086/55563 ( 34%)]  Loss: 0.7290 (1.22)  LR: 2.791e-04  Time cost: 26:48/2:34:07 [26:49/10:23:38]  Acc_iter 74650       Data time: 0.00(0.00)  Forward time: 0.27(0.25)  Batch time: 0.27(0.25)
2026-08-13 22:35:30,432   INFO  Train:    2/4 ( 50%) [19136/55563 ( 34%)]  Loss: 0.8840 (1.22)  LR: 2.791e-04  Time cost: 27:01/2:33:54 [27:02/10:23:24]  Acc_iter 74700       Data time: 0.00(0.00)  Forward time: 0.23(0.25)  Batch time: 0.23(0.25)
2026-08-13 22:35:30,809   INFO  a1e06a0b30c0                Thu Aug 13 22:35:30 2026  580.173.02
[0] NVIDIA GeForce RTX 3070 | 68°C,  69 % |  7454 /  8192 MB | root(7060M)

2026-08-13 22:35:43,160   INFO  Train:    2/4 ( 50%) [19186/55563 ( 35%)]  Loss: 1.206 (1.22)  LR: 2.790e-04  Time cost: 27:13/2:33:41 [27:15/10:23:13]  Acc_iter 74750       Data time: 0.00(0.00)  Forward time: 0.24(0.25)  Batch time: 0.25(0.25)
2026-08-13 22:35:55,572   INFO  Train:    2/4 ( 50%) [19236/55563 ( 35%)]  Loss: 1.141 (1.22)  LR: 2.789e-04  Time cost: 27:26/2:33:27 [27:27/10:22:54]  Acc_iter 74800       Data time: 0.00(0.00)  Forward time: 0.26(0.25)  Batch time: 0.26(0.25)
2026-08-13 22:36:08,480   INFO  Train:    2/4 ( 50%) [19286/55563 ( 35%)]  Loss: 1.383 (1.22)  LR: 2.789e-04  Time cost: 27:39/2:33:16 [27:40/10:22:47]  Acc_iter 74850       Data time: 0.00(0.00)  Forward time: 0.28(0.25)  Batch time: 0.28(0.25)
2026-08-13 22:36:08,875   INFO  a1e06a0b30c0                Thu Aug 13 22:36:08 2026  580.173.02
[0] NVIDIA GeForce RTX 3070 | 72°C,  99 % |  7454 /  8192 MB | root(7060M)

2026-08-13 22:36:21,171   INFO  Train:    2/4 ( 50%) [19336/55563 ( 35%)]  Loss: 2.595 (1.22)  LR: 2.788e-04  Time cost: 27:51/2:33:03 [27:53/10:22:34]  Acc_iter 74900       Data time: 0.00(0.00)  Forward time: 0.27(0.25)  Batch time: 0.27(0.25)
2026-08-13 22:36:33,656   INFO  Train:    2/4 ( 50%) [19386/55563 ( 35%)]  Loss: 1.040 (1.22)  LR: 2.787e-04  Time cost: 28:04/2:32:50 [28:05/10:22:17]  Acc_iter 74950       Data time: 0.00(0.00)  Forward time: 0.26(0.25)  Batch time: 0.26(0.25)
2026-08-13 22:36:46,066   INFO  Train:    2/4 ( 50%) [19436/55563 ( 35%)]  Loss: 1.008 (1.22)  LR: 2.787e-04  Time cost: 28:16/2:32:35 [28:18/10:21:59]  Acc_iter 75000       Data time: 0.00(0.00)  Forward time: 0.26(0.25)  Batch time: 0.26(0.25)
2026-08-13 22:36:46,498   INFO  a1e06a0b30c0                Thu Aug 13 22:36:46 2026  580.173.02
[0] NVIDIA GeForce RTX 3070 | 71°C,  90 % |  7455 /  8192 MB | root(7060M)

2026-08-13 22:36:59,272   INFO  Train:    2/4 ( 50%) [19486/55563 ( 35%)]  Loss: 2.124 (1.22)  LR: 2.786e-04  Time cost: 28:29/2:32:26 [28:31/10:21:58]  Acc_iter 75050       Data time: 0.00(0.00)  Forward time: 0.24(0.25)  Batch time: 0.24(0.25)
2026-08-13 22:37:12,015   INFO  Train:    2/4 ( 50%) [19536/55563 ( 35%)]  Loss: 1.899 (1.22)  LR: 2.785e-04  Time cost: 28:42/2:32:13 [28:44/10:21:47]  Acc_iter 75100       Data time: 0.00(0.00)  Forward time: 0.30(0.25)  Batch time: 0.30(0.25)
2026-08-13 22:37:24,341   INFO  Train:    2/4 ( 50%) [19586/55563 ( 35%)]  Loss: 0.6797 (1.22)  LR: 2.785e-04  Time cost: 28:55/2:31:59 [28:56/10:21:26]  Acc_iter 75150       Data time: 0.00(0.00)  Forward time: 0.25(0.25)  Batch time: 0.25(0.25)
2026-08-13 22:37:24,728   INFO  a1e06a0b30c0                Thu Aug 13 22:37:24 2026  580.173.02
[0] NVIDIA GeForce RTX 3070 | 66°C,  20 % |  7454 /  8192 MB | root(7060M)

2026-08-13 22:37:37,310   INFO  Train:    2/4 ( 50%) [19636/55563 ( 35%)]  Loss: 1.106 (1.22)  LR: 2.784e-04  Time cost: 29:08/2:31:48 [29:09/10:21:20]  Acc_iter 75200       Data time: 0.00(0.00)  Forward time: 0.24(0.25)  Batch time: 0.24(0.25)
2026-08-13 22:37:49,814   INFO  Train:    2/4 ( 50%) [19686/55563 ( 35%)]  Loss: 2.321 (1.22)  LR: 2.783e-04  Time cost: 29:20/2:31:34 [29:21/10:21:04]  Acc_iter 75250       Data time: 0.00(0.00)  Forward time: 0.24(0.25)  Batch time: 0.24(0.25)
2026-08-13 22:38:02,605   INFO  Train:    2/4 ( 50%) [19736/55563 ( 36%)]  Loss: 1.025 (1.22)  LR: 2.783e-04  Time cost: 29:33/2:31:22 [29:34/10:20:54]  Acc_iter 75300       Data time: 0.00(0.00)  Forward time: 0.28(0.25)  Batch time: 0.29(0.25)
2026-08-13 22:38:02,993   INFO  a1e06a0b30c0                Thu Aug 13 22:38:02 2026  580.173.02
[0] NVIDIA GeForce RTX 3070 | 71°C,  69 % |  7454 /  8192 MB | root(7060M)

2026-08-13 22:38:15,336   INFO  Train:    2/4 ( 50%) [19786/55563 ( 36%)]  Loss: 1.764 (1.22)  LR: 2.782e-04  Time cost: 29:46/2:31:10 [29:47/10:20:42]  Acc_iter 75350       Data time: 0.00(0.00)  Forward time: 0.26(0.25)  Batch time: 0.26(0.25)
2026-08-13 22:38:27,752   INFO  Train:    2/4 ( 50%) [19836/55563 ( 36%)]  Loss: 0.6187 (1.22)  LR: 2.781e-04  Time cost: 29:58/2:30:56 [29:59/10:20:24]  Acc_iter 75400       Data time: 0.00(0.00)  Forward time: 0.28(0.25)  Batch time: 0.29(0.25)
2026-08-13 22:38:29,599   INFO  Save latest model to /OpenPCDet/output/OpenPCDet/tools/cfgs/models/S/F/S_F_N/default/ckpt/latest_model
2026-08-13 22:38:40,182   INFO  Train:    2/4 ( 50%) [19886/55563 ( 36%)]  Loss: 1.846 (1.22)  LR: 2.781e-04  Time cost: 30:10/2:30:42 [30:12/10:20:06]  Acc_iter 75450       Data time: 0.00(0.00)  Forward time: 0.27(0.25)  Batch time: 0.27(0.25)
2026-08-13 22:38:40,587   INFO  a1e06a0b30c0                Thu Aug 13 22:38:40 2026  580.173.02
[0] NVIDIA GeForce RTX 3070 | 70°C,  96 % |  7455 /  8192 MB | root(7060M)

2026-08-13 22:38:53,408   INFO  Train:    2/4 ( 50%) [19936/55563 ( 36%)]  Loss: 1.640 (1.22)  LR: 2.780e-04  Time cost: 30:24/2:30:32 [30:25/10:20:05]  Acc_iter 75500       Data time: 0.00(0.00)  Forward time: 0.26(0.25)  Batch time: 0.26(0.25)
2026-08-13 22:39:05,739   INFO  Train:    2/4 ( 50%) [19986/55563 ( 36%)]  Loss: 1.180 (1.22)  LR: 2.779e-04  Time cost: 30:36/2:30:17 [30:37/10:19:45]  Acc_iter 75550       Data time: 0.00(0.00)  Forward time: 0.26(0.25)  Batch time: 0.26(0.25)
2026-08-13 22:39:17,986   INFO  Train:    2/4 ( 50%) [20036/55563 ( 36%)]  Loss: 0.6858 (1.22)  LR: 2.778e-04  Time cost: 30:48/2:30:03 [30:50/10:19:24]  Acc_iter 75600       Data time: 0.00(0.00)  Forward time: 0.24(0.25)  Batch time: 0.24(0.25)
2026-08-13 22:39:18,398   INFO  a1e06a0b30c0                Thu Aug 13 22:39:18 2026  580.173.02
[0] NVIDIA GeForce RTX 3070 | 70°C,  83 % |  7455 /  8192 MB | root(7060M)

2026-08-13 22:39:31,166   INFO  Train:    2/4 ( 50%) [20086/55563 ( 36%)]  Loss: 1.052 (1.22)  LR: 2.778e-04  Time cost: 31:01/2:29:52 [31:03/10:19:21]  Acc_iter 75650       Data time: 0.00(0.00)  Forward time: 0.23(0.25)  Batch time: 0.23(0.25)
2026-08-13 22:39:43,616   INFO  Train:    2/4 ( 50%) [20136/55563 ( 36%)]  Loss: 0.6380 (1.22)  LR: 2.777e-04  Time cost: 31:14/2:29:39 [31:15/10:19:04]  Acc_iter 75700       Data time: 0.00(0.00)  Forward time: 0.24(0.25)  Batch time: 0.24(0.25)
2026-08-13 22:39:56,302   INFO  Train:    2/4 ( 50%) [20186/55563 ( 36%)]  Loss: 1.163 (1.22)  LR: 2.776e-04  Time cost: 31:26/2:29:26 [31:28/10:18:52]  Acc_iter 75750       Data time: 0.00(0.00)  Forward time: 0.26(0.25)  Batch time: 0.26(0.25)
2026-08-13 22:39:56,727   INFO  a1e06a0b30c0                Thu Aug 13 22:39:56 2026  580.173.02
[0] NVIDIA GeForce RTX 3070 | 65°C,   1 % |  7454 /  8192 MB | root(7060M)

2026-08-13 22:40:09,384   INFO  Train:    2/4 ( 50%) [20236/55563 ( 36%)]  Loss: 1.137 (1.22)  LR: 2.776e-04  Time cost: 31:40/2:29:15 [31:41/10:18:47]  Acc_iter 75800       Data time: 0.00(0.00)  Forward time: 0.27(0.25)  Batch time: 0.27(0.25)
2026-08-13 22:40:21,999   INFO  Train:    2/4 ( 50%) [20286/55563 ( 37%)]  Loss: 2.465 (1.22)  LR: 2.775e-04  Time cost: 31:52/2:29:02 [31:54/10:18:33]  Acc_iter 75850       Data time: 0.00(0.00)  Forward time: 0.21(0.25)  Batch time: 0.22(0.25)
2026-08-13 22:40:34,507   INFO  Train:    2/4 ( 50%) [20336/55563 ( 37%)]  Loss: 1.088 (1.22)  LR: 2.774e-04  Time cost: 32:05/2:28:49 [32:06/10:18:17]  Acc_iter 75900       Data time: 0.00(0.00)  Forward time: 0.21(0.25)  Batch time: 0.21(0.25)
2026-08-13 22:40:35,002   INFO  a1e06a0b30c0                Thu Aug 13 22:40:34 2026  580.173.02
[0] NVIDIA GeForce RTX 3070 | 70°C,  94 % |  7454 /  8192 MB | root(7060M)

2026-08-13 22:40:47,585   INFO  Train:    2/4 ( 50%) [20386/55563 ( 37%)]  Loss: 1.156 (1.22)  LR: 2.774e-04  Time cost: 32:18/2:28:38 [32:19/10:18:13]  Acc_iter 75950       Data time: 0.00(0.00)  Forward time: 0.22(0.25)  Batch time: 0.22(0.25)
2026-08-13 22:41:00,042   INFO  Train:    2/4 ( 50%) [20436/55563 ( 37%)]  Loss: 1.527 (1.22)  LR: 2.773e-04  Time cost: 32:30/2:28:24 [32:32/10:17:56]  Acc_iter 76000       Data time: 0.00(0.00)  Forward time: 0.25(0.25)  Batch time: 0.25(0.25)
2026-08-13 22:41:12,584   INFO  Train:    2/4 ( 50%) [20486/55563 ( 37%)]  Loss: 1.260 (1.22)  LR: 2.772e-04  Time cost: 32:43/2:28:11 [32:44/10:17:40]  Acc_iter 76050       Data time: 0.00(0.00)  Forward time: 0.25(0.25)  Batch time: 0.25(0.25)
2026-08-13 22:41:13,066   INFO  a1e06a0b30c0                Thu Aug 13 22:41:13 2026  580.173.02
[0] NVIDIA GeForce RTX 3070 | 69°C,  81 % |  7455 /  8192 MB | root(7060M)

2026-08-13 22:41:25,661   INFO  Train:    2/4 ( 50%) [20536/55563 ( 37%)]  Loss: 1.386 (1.22)  LR: 2.772e-04  Time cost: 32:56/2:28:00 [32:57/10:17:35]  Acc_iter 76100       Data time: 0.00(0.00)  Forward time: 0.24(0.25)  Batch time: 0.24(0.25)
2026-08-13 22:41:38,540   INFO  Train:    2/4 ( 50%) [20586/55563 ( 37%)]  Loss: 1.179 (1.22)  LR: 2.771e-04  Time cost: 33:09/2:27:49 [33:10/10:17:26]  Acc_iter 76150       Data time: 0.00(0.00)  Forward time: 0.26(0.25)  Batch time: 0.26(0.25)
2026-08-13 22:41:50,577   INFO  Train:    2/4 ( 50%) [20636/55563 ( 37%)]  Loss: 0.3906 (1.22)  LR: 2.770e-04  Time cost: 33:21/2:27:33 [33:22/10:17:02]  Acc_iter 76200       Data time: 0.00(0.00)  Forward time: 0.25(0.25)  Batch time: 0.25(0.25)
2026-08-13 22:41:50,954   INFO  a1e06a0b30c0                Thu Aug 13 22:41:50 2026  580.173.02
[0] NVIDIA GeForce RTX 3070 | 69°C,  81 % |  7454 /  8192 MB | root(7060M)

2026-08-13 22:42:03,259   INFO  Train:    2/4 ( 50%) [20686/55563 ( 37%)]  Loss: 1.966 (1.22)  LR: 2.769e-04  Time cost: 33:33/2:27:20 [33:35/10:16:49]  Acc_iter 76250       Data time: 0.00(0.00)  Forward time: 0.24(0.25)  Batch time: 0.24(0.25)
2026-08-13 22:42:15,986   INFO  Train:    2/4 ( 50%) [20736/55563 ( 37%)]  Loss: 3.794 (1.22)  LR: 2.769e-04  Time cost: 33:46/2:27:08 [33:48/10:16:38]  Acc_iter 76300       Data time: 0.00(0.00)  Forward time: 0.22(0.25)  Batch time: 0.22(0.25)
2026-08-13 22:42:28,561   INFO  Train:    2/4 ( 50%) [20786/55563 ( 37%)]  Loss: 1.049 (1.22)  LR: 2.768e-04  Time cost: 33:59/2:26:55 [34:00/10:16:23]  Acc_iter 76350       Data time: 0.00(0.00)  Forward time: 0.26(0.25)  Batch time: 0.26(0.25)
2026-08-13 22:42:28,997   INFO  a1e06a0b30c0                Thu Aug 13 22:42:28 2026  580.173.02
[0] NVIDIA GeForce RTX 3070 | 68°C,  82 % |  7454 /  8192 MB | root(7060M)

2026-08-13 22:42:41,399   INFO  Train:    2/4 ( 50%) [20836/55563 ( 37%)]  Loss: 1.124 (1.22)  LR: 2.767e-04  Time cost: 34:12/2:26:43 [34:13/10:16:13]  Acc_iter 76400       Data time: 0.00(0.00)  Forward time: 0.24(0.25)  Batch time: 0.24(0.25)
2026-08-13 22:42:53,739   INFO  Train:    2/4 ( 50%) [20886/55563 ( 38%)]  Loss: 0.5684 (1.22)  LR: 2.767e-04  Time cost: 34:24/2:26:29 [34:25/10:15:55]  Acc_iter 76450       Data time: 0.00(0.00)  Forward time: 0.22(0.25)  Batch time: 0.22(0.25)
2026-08-13 22:43:06,034   INFO  Train:    2/4 ( 50%) [20936/55563 ( 38%)]  Loss: 1.711 (1.22)  LR: 2.766e-04  Time cost: 34:36/2:26:14 [34:38/10:15:35]  Acc_iter 76500       Data time: 0.00(0.00)  Forward time: 0.27(0.25)  Batch time: 0.27(0.25)
2026-08-13 22:43:06,429   INFO  a1e06a0b30c0                Thu Aug 13 22:43:06 2026  580.173.02
[0] NVIDIA GeForce RTX 3070 | 69°C,  96 % |  7455 /  8192 MB | root(7060M)

2026-08-13 22:43:18,983   INFO  Train:    2/4 ( 50%) [20986/55563 ( 38%)]  Loss: 2.498 (1.22)  LR: 2.765e-04  Time cost: 34:49/2:26:03 [34:51/10:15:28]  Acc_iter 76550       Data time: 0.00(0.00)  Forward time: 0.27(0.25)  Batch time: 0.27(0.25)
2026-08-13 22:43:29,407   INFO  Save latest model to /OpenPCDet/output/OpenPCDet/tools/cfgs/models/S/F/S_F_N/default/ckpt/latest_model
2026-08-13 22:43:31,605   INFO  Train:    2/4 ( 50%) [21036/55563 ( 38%)]  Loss: 1.101 (1.22)  LR: 2.764e-04  Time cost: 35:02/2:25:50 [35:03/10:15:14]  Acc_iter 76600       Data time: 0.00(0.00)  Forward time: 0.22(0.25)  Batch time: 0.22(0.25)
2026-08-13 22:43:43,993   INFO  Train:    2/4 ( 50%) [21086/55563 ( 38%)]  Loss: 1.068 (1.22)  LR: 2.764e-04  Time cost: 35:14/2:25:36 [35:16/10:14:56]  Acc_iter 76650       Data time: 0.00(0.00)  Forward time: 0.29(0.25)  Batch time: 0.29(0.25)
2026-08-13 22:43:44,419   INFO  a1e06a0b30c0                Thu Aug 13 22:43:44 2026  580.173.02
[0] NVIDIA GeForce RTX 3070 | 70°C,  77 % |  7454 /  8192 MB | root(7060M)

2026-08-13 22:43:56,731   INFO  Train:    2/4 ( 50%) [21136/55563 ( 38%)]  Loss: 1.057 (1.22)  LR: 2.763e-04  Time cost: 35:27/2:25:24 [35:28/10:14:45]  Acc_iter 76700       Data time: 0.00(0.00)  Forward time: 0.24(0.25)  Batch time: 0.24(0.25)
2026-08-13 22:44:09,164   INFO  Train:    2/4 ( 50%) [21186/55563 ( 38%)]  Loss: 0.8376 (1.21)  LR: 2.762e-04  Time cost: 35:39/2:25:10 [35:41/10:14:28]  Acc_iter 76750       Data time: 0.00(0.00)  Forward time: 0.27(0.25)  Batch time: 0.27(0.25)
2026-08-13 22:44:21,782   INFO  Train:    2/4 ( 50%) [21236/55563 ( 38%)]  Loss: 0.8248 (1.21)  LR: 2.762e-04  Time cost: 35:52/2:24:57 [35:53/10:14:15]  Acc_iter 76800       Data time: 0.00(0.00)  Forward time: 0.24(0.25)  Batch time: 0.24(0.25)
2026-08-13 22:44:22,183   INFO  a1e06a0b30c0                Thu Aug 13 22:44:22 2026  580.173.02
[0] NVIDIA GeForce RTX 3070 | 62°C,  95 % |  7454 /  8192 MB | root(7060M)

2026-08-13 22:44:34,732   INFO  Train:    2/4 ( 50%) [21286/55563 ( 38%)]  Loss: 0.9792 (1.21)  LR: 2.761e-04  Time cost: 36:05/2:24:46 [36:06/10:14:07]  Acc_iter 76850       Data time: 0.00(0.00)  Forward time: 0.25(0.25)  Batch time: 0.25(0.25)
2026-08-13 22:44:47,254   INFO  Train:    2/4 ( 50%) [21336/55563 ( 38%)]  Loss: 1.178 (1.21)  LR: 2.760e-04  Time cost: 36:17/2:24:33 [36:19/10:13:52]  Acc_iter 76900       Data time: 0.00(0.00)  Forward time: 0.24(0.25)  Batch time: 0.24(0.25)
2026-08-13 22:44:59,572   INFO  Train:    2/4 ( 50%) [21386/55563 ( 38%)]  Loss: 1.322 (1.21)  LR: 2.759e-04  Time cost: 36:30/2:24:18 [36:31/10:13:33]  Acc_iter 76950       Data time: 0.00(0.00)  Forward time: 0.25(0.25)  Batch time: 0.25(0.25)
2026-08-13 22:44:59,962   INFO  a1e06a0b30c0                Thu Aug 13 22:44:59 2026  580.173.02
[0] NVIDIA GeForce RTX 3070 | 69°C,  93 % |  7454 /  8192 MB | root(7060M)

2026-08-13 22:45:12,849   INFO  Train:    2/4 ( 50%) [21436/55563 ( 39%)]  Loss: 1.282 (1.21)  LR: 2.759e-04  Time cost: 36:43/2:24:08 [36:44/10:13:30]  Acc_iter 77000       Data time: 0.00(0.00)  Forward time: 0.32(0.25)  Batch time: 0.33(0.25)
2026-08-13 22:45:25,358   INFO  Train:    2/4 ( 50%) [21486/55563 ( 39%)]  Loss: 0.6907 (1.21)  LR: 2.758e-04  Time cost: 36:56/2:23:55 [36:57/10:13:15]  Acc_iter 77050       Data time: 0.00(0.00)  Forward time: 0.24(0.25)  Batch time: 0.24(0.25)
2026-08-13 22:45:37,736   INFO  Train:    2/4 ( 50%) [21536/55563 ( 39%)]  Loss: 1.573 (1.21)  LR: 2.757e-04  Time cost: 37:08/2:23:41 [37:09/10:12:58]  Acc_iter 77100       Data time: 0.00(0.00)  Forward time: 0.27(0.25)  Batch time: 0.27(0.25)
2026-08-13 22:45:38,115   INFO  a1e06a0b30c0                Thu Aug 13 22:45:38 2026  580.173.02
[0] NVIDIA GeForce RTX 3070 | 69°C,  95 % |  7455 /  8192 MB | root(7060M)

2026-08-13 22:45:50,415   INFO  Train:    2/4 ( 50%) [21586/55563 ( 39%)]  Loss: 1.156 (1.21)  LR: 2.757e-04  Time cost: 37:21/2:23:28 [37:22/10:12:45]  Acc_iter 77150       Data time: 0.00(0.00)  Forward time: 0.25(0.25)  Batch time: 0.25(0.25)
2026-08-13 22:46:03,029   INFO  Train:    2/4 ( 50%) [21636/55563 ( 39%)]  Loss: 1.019 (1.21)  LR: 2.756e-04  Time cost: 37:33/2:23:16 [37:35/10:12:32]  Acc_iter 77200       Data time: 0.00(0.00)  Forward time: 0.24(0.25)  Batch time: 0.25(0.25)
2026-08-13 22:46:15,417   INFO  Train:    2/4 ( 50%) [21686/55563 ( 39%)]  Loss: 0.9566 (1.21)  LR: 2.755e-04  Time cost: 37:46/2:23:02 [37:47/10:12:14]  Acc_iter 77250       Data time: 0.00(0.00)  Forward time: 0.21(0.25)  Batch time: 0.21(0.25)
2026-08-13 22:46:15,821   INFO  a1e06a0b30c0                Thu Aug 13 22:46:15 2026  580.173.02
[0] NVIDIA GeForce RTX 3070 | 66°C,  60 % |  7455 /  8192 MB | root(7060M)

2026-08-13 22:46:28,025   INFO  Train:    2/4 ( 50%) [21736/55563 ( 39%)]  Loss: 1.083 (1.21)  LR: 2.754e-04  Time cost: 37:58/2:22:49 [38:00/10:12:01]  Acc_iter 77300       Data time: 0.00(0.00)  Forward time: 0.28(0.25)  Batch time: 0.28(0.25)
2026-08-13 22:46:40,328   INFO  Train:    2/4 ( 50%) [21786/55563 ( 39%)]  Loss: 1.587 (1.21)  LR: 2.754e-04  Time cost: 38:11/2:22:35 [38:12/10:11:42]  Acc_iter 77350       Data time: 0.00(0.00)  Forward time: 0.24(0.25)  Batch time: 0.24(0.25)
2026-08-13 22:46:53,270   INFO  Train:    2/4 ( 50%) [21836/55563 ( 39%)]  Loss: 0.9727 (1.21)  LR: 2.753e-04  Time cost: 38:23/2:22:23 [38:25/10:11:34]  Acc_iter 77400       Data time: 0.00(0.00)  Forward time: 0.26(0.25)  Batch time: 0.26(0.25)
2026-08-13 22:46:53,767   INFO  a1e06a0b30c0                Thu Aug 13 22:46:53 2026  580.173.02
[0] NVIDIA GeForce RTX 3070 | 63°C,   1 % |  7454 /  8192 MB | root(7060M)

2026-08-13 22:47:06,694   INFO  Train:    2/4 ( 50%) [21886/55563 ( 39%)]  Loss: 0.6990 (1.21)  LR: 2.752e-04  Time cost: 38:37/2:22:13 [38:38/10:11:33]  Acc_iter 77450       Data time: 0.00(0.00)  Forward time: 0.25(0.25)  Batch time: 0.25(0.25)
2026-08-13 22:47:19,003   INFO  Train:    2/4 ( 50%) [21936/55563 ( 39%)]  Loss: 1.300 (1.21)  LR: 2.751e-04  Time cost: 38:49/2:21:59 [38:51/10:11:15]  Acc_iter 77500       Data time: 0.00(0.00)  Forward time: 0.25(0.25)  Batch time: 0.26(0.25)
2026-08-13 22:47:31,355   INFO  Train:    2/4 ( 50%) [21986/55563 ( 40%)]  Loss: 0.8830 (1.21)  LR: 2.751e-04  Time cost: 39:02/2:21:46 [39:03/10:10:57]  Acc_iter 77550       Data time: 0.00(0.00)  Forward time: 0.26(0.25)  Batch time: 0.26(0.25)
2026-08-13 22:47:31,731   INFO  a1e06a0b30c0                Thu Aug 13 22:47:31 2026  580.173.02
[0] NVIDIA GeForce RTX 3070 | 66°C,   1 % |  7632 /  8192 MB | root(7238M)

2026-08-13 22:47:44,012   INFO  Train:    2/4 ( 50%) [22036/55563 ( 40%)]  Loss: 1.279 (1.21)  LR: 2.750e-04  Time cost: 39:14/2:21:33 [39:16/10:10:45]  Acc_iter 77600       Data time: 0.00(0.00)  Forward time: 0.29(0.25)  Batch time: 0.29(0.25)
2026-08-13 22:47:56,745   INFO  Train:    2/4 ( 50%) [22086/55563 ( 40%)]  Loss: 1.063 (1.21)  LR: 2.749e-04  Time cost: 39:27/2:21:20 [39:28/10:10:33]  Acc_iter 77650       Data time: 0.00(0.00)  Forward time: 0.27(0.25)  Batch time: 0.27(0.25)
2026-08-13 22:48:09,170   INFO  Train:    2/4 ( 50%) [22136/55563 ( 40%)]  Loss: 2.255 (1.21)  LR: 2.749e-04  Time cost: 39:39/2:21:07 [39:41/10:10:17]  Acc_iter 77700       Data time: 0.00(0.00)  Forward time: 0.27(0.25)  Batch time: 0.27(0.25)
2026-08-13 22:48:09,547   INFO  a1e06a0b30c0                Thu Aug 13 22:48:09 2026  580.173.02
[0] NVIDIA GeForce RTX 3070 | 69°C,  81 % |  7633 /  8192 MB | root(7238M)

2026-08-13 22:48:22,053   INFO  Train:    2/4 ( 50%) [22186/55563 ( 40%)]  Loss: 1.917 (1.21)  LR: 2.748e-04  Time cost: 39:52/2:20:55 [39:54/10:10:07]  Acc_iter 77750       Data time: 0.00(0.00)  Forward time: 0.29(0.25)  Batch time: 0.29(0.25)
2026-08-13 22:48:29,409   INFO  Save latest model to /OpenPCDet/output/OpenPCDet/tools/cfgs/models/S/F/S_F_N/default/ckpt/latest_model
2026-08-13 22:48:34,516   INFO  Train:    2/4 ( 50%) [22236/55563 ( 40%)]  Loss: 0.6568 (1.21)  LR: 2.747e-04  Time cost: 40:05/2:20:42 [40:06/10:09:51]  Acc_iter 77800       Data time: 0.00(0.00)  Forward time: 0.23(0.25)  Batch time: 0.23(0.25)
2026-08-13 22:48:47,333   INFO  Train:    2/4 ( 50%) [22286/55563 ( 40%)]  Loss: 1.025 (1.21)  LR: 2.746e-04  Time cost: 40:18/2:20:30 [40:19/10:09:41]  Acc_iter 77850       Data time: 0.00(0.00)  Forward time: 0.28(0.25)  Batch time: 0.28(0.25)
2026-08-13 22:48:47,778   INFO  a1e06a0b30c0                Thu Aug 13 22:48:47 2026  580.173.02
[0] NVIDIA GeForce RTX 3070 | 64°C,   2 % |  7632 /  8192 MB | root(7238M)

2026-08-13 22:49:00,333   INFO  Train:    2/4 ( 50%) [22336/55563 ( 40%)]  Loss: 0.9029 (1.21)  LR: 2.746e-04  Time cost: 40:31/2:20:18 [40:32/10:09:33]  Acc_iter 77900       Data time: 0.00(0.00)  Forward time: 0.24(0.25)  Batch time: 0.24(0.25)
2026-08-13 22:49:12,751   INFO  Train:    2/4 ( 50%) [22386/55563 ( 40%)]  Loss: 1.007 (1.21)  LR: 2.745e-04  Time cost: 40:43/2:20:05 [40:44/10:09:17]  Acc_iter 77950       Data time: 0.00(0.00)  Forward time: 0.25(0.25)  Batch time: 0.25(0.25)
2026-08-13 22:49:25,344   INFO  Train:    2/4 ( 50%) [22436/55563 ( 40%)]  Loss: 0.3369 (1.21)  LR: 2.744e-04  Time cost: 40:56/2:19:52 [40:57/10:09:03]  Acc_iter 78000       Data time: 0.00(0.00)  Forward time: 0.28(0.25)  Batch time: 0.28(0.25)
2026-08-13 22:49:25,736   INFO  a1e06a0b30c0                Thu Aug 13 22:49:25 2026  580.173.02
[0] NVIDIA GeForce RTX 3070 | 65°C,   1 % |  7632 /  8192 MB | root(7238M)

2026-08-13 22:49:38,383   INFO  Train:    2/4 ( 50%) [22486/55563 ( 40%)]  Loss: 1.239 (1.21)  LR: 2.743e-04  Time cost: 41:09/2:19:40 [41:10/10:08:56]  Acc_iter 78050       Data time: 0.00(0.00)  Forward time: 0.27(0.25)  Batch time: 0.27(0.25)
2026-08-13 22:49:51,008   INFO  Train:    2/4 ( 50%) [22536/55563 ( 41%)]  Loss: 0.9060 (1.21)  LR: 2.743e-04  Time cost: 41:21/2:19:27 [41:23/10:08:43]  Acc_iter 78100       Data time: 0.00(0.00)  Forward time: 0.22(0.25)  Batch time: 0.22(0.25)
2026-08-13 22:50:03,559   INFO  Train:    2/4 ( 50%) [22586/55563 ( 41%)]  Loss: 1.088 (1.21)  LR: 2.742e-04  Time cost: 41:34/2:19:14 [41:35/10:08:28]  Acc_iter 78150       Data time: 0.00(0.00)  Forward time: 0.25(0.25)  Batch time: 0.25(0.25)
2026-08-13 22:50:04,059   INFO  a1e06a0b30c0                Thu Aug 13 22:50:04 2026  580.173.02
[0] NVIDIA GeForce RTX 3070 | 71°C,  97 % |  7633 /  8192 MB | root(7238M)

2026-08-13 22:50:16,655   INFO  Train:    2/4 ( 50%) [22636/55563 ( 41%)]  Loss: 0.8048 (1.21)  LR: 2.741e-04  Time cost: 41:47/2:19:03 [41:48/10:08:22]  Acc_iter 78200       Data time: 0.00(0.00)  Forward time: 0.26(0.25)  Batch time: 0.26(0.25)
2026-08-13 22:50:29,200   INFO  Train:    2/4 ( 50%) [22686/55563 ( 41%)]  Loss: 1.334 (1.21)  LR: 2.740e-04  Time cost: 41:59/2:18:50 [42:01/10:08:07]  Acc_iter 78250       Data time: 0.00(0.00)  Forward time: 0.28(0.25)  Batch time: 0.28(0.25)
2026-08-13 22:50:42,006   INFO  Train:    2/4 ( 50%) [22736/55563 ( 41%)]  Loss: 0.5584 (1.21)  LR: 2.740e-04  Time cost: 42:12/2:18:38 [42:14/10:07:57]  Acc_iter 78300       Data time: 0.00(0.00)  Forward time: 0.26(0.25)  Batch time: 0.26(0.25)
2026-08-13 22:50:42,399   INFO  a1e06a0b30c0                Thu Aug 13 22:50:42 2026  580.173.02
[0] NVIDIA GeForce RTX 3070 | 72°C,  87 % |  7632 /  8192 MB | root(7238M)

2026-08-13 22:50:54,591   INFO  Train:    2/4 ( 50%) [22786/55563 ( 41%)]  Loss: 1.341 (1.21)  LR: 2.739e-04  Time cost: 42:25/2:18:25 [42:26/10:07:43]  Acc_iter 78350       Data time: 0.00(0.00)  Forward time: 0.24(0.25)  Batch time: 0.24(0.25)
2026-08-13 22:51:07,047   INFO  Train:    2/4 ( 50%) [22836/55563 ( 41%)]  Loss: 0.8321 (1.21)  LR: 2.738e-04  Time cost: 42:37/2:18:11 [42:39/10:07:27]  Acc_iter 78400       Data time: 0.00(0.00)  Forward time: 0.24(0.25)  Batch time: 0.24(0.25)
2026-08-13 22:51:19,151   INFO  Train:    2/4 ( 50%) [22886/55563 ( 41%)]  Loss: 1.469 (1.21)  LR: 2.737e-04  Time cost: 42:49/2:17:57 [42:51/10:07:06]  Acc_iter 78450       Data time: 0.00(0.00)  Forward time: 0.26(0.25)  Batch time: 0.27(0.25)
2026-08-13 22:51:19,543   INFO  a1e06a0b30c0                Thu Aug 13 22:51:19 2026  580.173.02
[0] NVIDIA GeForce RTX 3070 | 70°C,  73 % |  7632 /  8192 MB | root(7238M)

2026-08-13 22:51:32,360   INFO  Train:    2/4 ( 50%) [22936/55563 ( 41%)]  Loss: 0.9073 (1.21)  LR: 2.737e-04  Time cost: 43:03/2:17:46 [43:04/10:07:01]  Acc_iter 78500       Data time: 0.00(0.00)  Forward time: 0.25(0.25)  Batch time: 0.25(0.25)
2026-08-13 22:51:45,025   INFO  Train:    2/4 ( 50%) [22986/55563 ( 41%)]  Loss: 1.374 (1.21)  LR: 2.736e-04  Time cost: 43:15/2:17:33 [43:17/10:06:49]  Acc_iter 78550       Data time: 0.00(0.00)  Forward time: 0.26(0.25)  Batch time: 0.26(0.25)
2026-08-13 22:51:57,483   INFO  Train:    2/4 ( 50%) [23036/55563 ( 41%)]  Loss: 1.449 (1.21)  LR: 2.735e-04  Time cost: 43:28/2:17:20 [43:29/10:06:33]  Acc_iter 78600       Data time: 0.00(0.00)  Forward time: 0.24(0.25)  Batch time: 0.24(0.25)
2026-08-13 22:51:57,859   INFO  a1e06a0b30c0                Thu Aug 13 22:51:57 2026  580.173.02
[0] NVIDIA GeForce RTX 3070 | 72°C,  35 % |  7632 /  8192 MB | root(7238M)

2026-08-13 22:52:10,487   INFO  Train:    2/4 ( 50%) [23086/55563 ( 42%)]  Loss: 1.385 (1.21)  LR: 2.734e-04  Time cost: 43:41/2:17:08 [43:42/10:06:25]  Acc_iter 78650       Data time: 0.00(0.00)  Forward time: 0.26(0.25)  Batch time: 0.26(0.25)
2026-08-13 22:52:23,182   INFO  Train:    2/4 ( 50%) [23136/55563 ( 42%)]  Loss: 1.431 (1.21)  LR: 2.734e-04  Time cost: 43:53/2:16:56 [43:55/10:06:13]  Acc_iter 78700       Data time: 0.00(0.00)  Forward time: 0.27(0.25)  Batch time: 0.28(0.25)
2026-08-13 22:52:35,963   INFO  Train:    2/4 ( 50%) [23186/55563 ( 42%)]  Loss: 1.301 (1.21)  LR: 2.733e-04  Time cost: 44:06/2:16:44 [44:08/10:06:02]  Acc_iter 78750       Data time: 0.00(0.00)  Forward time: 0.26(0.25)  Batch time: 0.26(0.25)
2026-08-13 22:52:36,353   INFO  a1e06a0b30c0                Thu Aug 13 22:52:36 2026  580.173.02
[0] NVIDIA GeForce RTX 3070 | 72°C,  67 % |  7633 /  8192 MB | root(7238M)

2026-08-13 22:52:48,767   INFO  Train:    2/4 ( 50%) [23236/55563 ( 42%)]  Loss: 1.318 (1.21)  LR: 2.732e-04  Time cost: 44:19/2:16:31 [44:20/10:05:51]  Acc_iter 78800       Data time: 0.00(0.00)  Forward time: 0.25(0.25)  Batch time: 0.25(0.25)
2026-08-13 22:53:01,387   INFO  Train:    2/4 ( 50%) [23286/55563 ( 42%)]  Loss: 0.7578 (1.21)  LR: 2.731e-04  Time cost: 44:32/2:16:18 [44:33/10:05:38]  Acc_iter 78850       Data time: 0.00(0.00)  Forward time: 0.25(0.25)  Batch time: 0.25(0.25)
2026-08-13 22:53:13,627   INFO  Train:    2/4 ( 50%) [23336/55563 ( 42%)]  Loss: 1.092 (1.21)  LR: 2.731e-04  Time cost: 44:44/2:16:04 [44:45/10:05:19]  Acc_iter 78900       Data time: 0.00(0.00)  Forward time: 0.21(0.25)  Batch time: 0.21(0.25)
2026-08-13 22:53:14,068   INFO  a1e06a0b30c0                Thu Aug 13 22:53:14 2026  580.173.02
[0] NVIDIA GeForce RTX 3070 | 71°C,  74 % |  7632 /  8192 MB | root(7238M)

2026-08-13 22:53:27,067   INFO  Train:    2/4 ( 50%) [23386/55563 ( 42%)]  Loss: 0.7783 (1.21)  LR: 2.730e-04  Time cost: 44:57/2:15:54 [44:59/10:05:17]  Acc_iter 78950       Data time: 0.00(0.00)  Forward time: 0.22(0.25)  Batch time: 0.22(0.25)
2026-08-13 22:53:29,524   INFO  Save latest model to /OpenPCDet/output/OpenPCDet/tools/cfgs/models/S/F/S_F_N/default/ckpt/latest_model
2026-08-13 22:53:39,521   INFO  Train:    2/4 ( 50%) [23436/55563 ( 42%)]  Loss: 0.9864 (1.21)  LR: 2.729e-04  Time cost: 45:10/2:15:41 [45:11/10:05:01]  Acc_iter 79000       Data time: 0.00(0.00)  Forward time: 0.24(0.25)  Batch time: 0.24(0.25)
2026-08-13 22:53:51,990   INFO  Train:    2/4 ( 50%) [23486/55563 ( 42%)]  Loss: 1.371 (1.21)  LR: 2.728e-04  Time cost: 45:22/2:15:28 [45:24/10:04:46]  Acc_iter 79050       Data time: 0.00(0.00)  Forward time: 0.21(0.25)  Batch time: 0.21(0.25)
2026-08-13 22:53:52,381   INFO  a1e06a0b30c0                Thu Aug 13 22:53:52 2026  580.173.02
[0] NVIDIA GeForce RTX 3070 | 69°C,  84 % |  7632 /  8192 MB | root(7238M)

2026-08-13 22:54:04,955   INFO  Train:    2/4 ( 50%) [23536/55563 ( 42%)]  Loss: 0.9893 (1.21)  LR: 2.728e-04  Time cost: 45:35/2:15:16 [45:37/10:04:37]  Acc_iter 79100       Data time: 0.00(0.00)  Forward time: 0.23(0.25)  Batch time: 0.23(0.25)
2026-08-13 22:54:17,642   INFO  Train:    2/4 ( 50%) [23586/55563 ( 42%)]  Loss: 1.838 (1.21)  LR: 2.727e-04  Time cost: 45:48/2:15:03 [45:49/10:04:25]  Acc_iter 79150       Data time: 0.00(0.00)  Forward time: 0.26(0.25)  Batch time: 0.26(0.25)
2026-08-13 22:54:30,041   INFO  Train:    2/4 ( 50%) [23636/55563 ( 43%)]  Loss: 1.336 (1.21)  LR: 2.726e-04  Time cost: 46:00/2:14:50 [46:02/10:04:08]  Acc_iter 79200       Data time: 0.00(0.00)  Forward time: 0.26(0.25)  Batch time: 0.26(0.25)
2026-08-13 22:54:30,454   INFO  a1e06a0b30c0                Thu Aug 13 22:54:30 2026  580.173.02
[0] NVIDIA GeForce RTX 3070 | 71°C,  98 % |  7633 /  8192 MB | root(7238M)

2026-08-13 22:54:43,262   INFO  Train:    2/4 ( 50%) [23686/55563 ( 43%)]  Loss: 1.610 (1.21)  LR: 2.725e-04  Time cost: 46:13/2:14:39 [46:15/10:04:03]  Acc_iter 79250       Data time: 0.00(0.00)  Forward time: 0.27(0.25)  Batch time: 0.28(0.25)
2026-08-13 22:54:56,118   INFO  Train:    2/4 ( 50%) [23736/55563 ( 43%)]  Loss: 1.197 (1.21)  LR: 2.725e-04  Time cost: 46:26/2:14:26 [46:28/10:03:53]  Acc_iter 79300       Data time: 0.00(0.00)  Forward time: 0.22(0.25)  Batch time: 0.22(0.25)
2026-08-13 22:55:08,928   INFO  Train:    2/4 ( 50%) [23786/55563 ( 43%)]  Loss: 1.710 (1.21)  LR: 2.724e-04  Time cost: 46:39/2:14:14 [46:41/10:03:42]  Acc_iter 79350       Data time: 0.00(0.00)  Forward time: 0.27(0.25)  Batch time: 0.27(0.25)
2026-08-13 22:55:09,390   INFO  a1e06a0b30c0                Thu Aug 13 22:55:09 2026  580.173.02
[0] NVIDIA GeForce RTX 3070 | 65°C,  72 % |  7632 /  8192 MB | root(7238M)

2026-08-13 22:55:21,903   INFO  Train:    2/4 ( 50%) [23836/55563 ( 43%)]  Loss: 1.230 (1.21)  LR: 2.723e-04  Time cost: 46:52/2:14:02 [46:54/10:03:33]  Acc_iter 79400       Data time: 0.00(0.00)  Forward time: 0.27(0.25)  Batch time: 0.28(0.25)
2026-08-13 22:55:34,338   INFO  Train:    2/4 ( 50%) [23886/55563 ( 43%)]  Loss: 1.215 (1.21)  LR: 2.722e-04  Time cost: 47:05/2:13:49 [47:06/10:03:17]  Acc_iter 79450       Data time: 0.00(0.00)  Forward time: 0.22(0.25)  Batch time: 0.22(0.25)
2026-08-13 22:55:46,995   INFO  Train:    2/4 ( 50%) [23936/55563 ( 43%)]  Loss: 0.9332 (1.21)  LR: 2.721e-04  Time cost: 47:17/2:13:36 [47:19/10:03:04]  Acc_iter 79500       Data time: 0.00(0.00)  Forward time: 0.22(0.25)  Batch time: 0.23(0.25)
2026-08-13 22:55:47,387   INFO  a1e06a0b30c0                Thu Aug 13 22:55:47 2026  580.173.02
[0] NVIDIA GeForce RTX 3070 | 70°C,  98 % |  7632 /  8192 MB | root(7238M)

2026-08-13 22:55:59,695   INFO  Train:    2/4 ( 50%) [23986/55563 ( 43%)]  Loss: 1.656 (1.21)  LR: 2.721e-04  Time cost: 47:30/2:13:24 [47:31/10:02:52]  Acc_iter 79550       Data time: 0.00(0.00)  Forward time: 0.26(0.25)  Batch time: 0.26(0.25)
2026-08-13 22:56:12,569   INFO  Train:    2/4 ( 50%) [24036/55563 ( 43%)]  Loss: 0.8725 (1.21)  LR: 2.720e-04  Time cost: 47:43/2:13:12 [47:44/10:02:42]  Acc_iter 79600       Data time: 0.00(0.00)  Forward time: 0.24(0.25)  Batch time: 0.24(0.25)
2026-08-13 22:56:24,985   INFO  Train:    2/4 ( 50%) [24086/55563 ( 43%)]  Loss: 1.157 (1.21)  LR: 2.719e-04  Time cost: 47:55/2:12:58 [47:57/10:02:26]  Acc_iter 79650       Data time: 0.00(0.00)  Forward time: 0.27(0.25)  Batch time: 0.28(0.25)
2026-08-13 22:56:25,370   INFO  a1e06a0b30c0                Thu Aug 13 22:56:25 2026  580.173.02
[0] NVIDIA GeForce RTX 3070 | 70°C,  74 % |  7632 /  8192 MB | root(7238M)

2026-08-13 22:56:37,641   INFO  Train:    2/4 ( 50%) [24136/55563 ( 43%)]  Loss: 0.7483 (1.21)  LR: 2.718e-04  Time cost: 48:08/2:12:45 [48:09/10:02:13]  Acc_iter 79700       Data time: 0.00(0.00)  Forward time: 0.23(0.25)  Batch time: 0.23(0.25)
2026-08-13 22:56:50,022   INFO  Train:    2/4 ( 50%) [24186/55563 ( 44%)]  Loss: 0.7801 (1.21)  LR: 2.718e-04  Time cost: 48:20/2:12:32 [48:22/10:01:57]  Acc_iter 79750       Data time: 0.00(0.00)  Forward time: 0.25(0.25)  Batch time: 0.25(0.25)
2026-08-13 22:57:02,673   INFO  Train:    2/4 ( 50%) [24236/55563 ( 44%)]  Loss: 1.524 (1.21)  LR: 2.717e-04  Time cost: 48:33/2:12:19 [48:34/10:01:44]  Acc_iter 79800       Data time: 0.00(0.00)  Forward time: 0.28(0.25)  Batch time: 0.28(0.25)
2026-08-13 22:57:03,142   INFO  a1e06a0b30c0                Thu Aug 13 22:57:03 2026  580.173.02
[0] NVIDIA GeForce RTX 3070 | 67°C,  92 % |  7633 /  8192 MB | root(7238M)

2026-08-13 22:57:15,432   INFO  Train:    2/4 ( 50%) [24286/55563 ( 44%)]  Loss: 0.4202 (1.21)  LR: 2.716e-04  Time cost: 48:46/2:12:07 [48:47/10:01:32]  Acc_iter 79850       Data time: 0.00(0.00)  Forward time: 0.23(0.25)  Batch time: 0.23(0.25)
2026-08-13 22:57:27,914   INFO  Train:    2/4 ( 50%) [24336/55563 ( 44%)]  Loss: 2.272 (1.21)  LR: 2.715e-04  Time cost: 48:58/2:11:54 [49:00/10:01:17]  Acc_iter 79900       Data time: 0.00(0.00)  Forward time: 0.24(0.25)  Batch time: 0.25(0.25)
2026-08-13 22:57:40,308   INFO  Train:    2/4 ( 50%) [24386/55563 ( 44%)]  Loss: 1.254 (1.21)  LR: 2.714e-04  Time cost: 49:11/2:11:40 [49:12/10:01:01]  Acc_iter 79950       Data time: 0.00(0.00)  Forward time: 0.20(0.25)  Batch time: 0.20(0.25)
2026-08-13 22:57:40,714   INFO  a1e06a0b30c0                Thu Aug 13 22:57:40 2026  580.173.02
[0] NVIDIA GeForce RTX 3070 | 62°C,   1 % |  7632 /  8192 MB | root(7238M)

2026-08-13 22:57:53,332   INFO  Train:    2/4 ( 50%) [24436/55563 ( 44%)]  Loss: 1.076 (1.21)  LR: 2.714e-04  Time cost: 49:24/2:11:28 [49:25/10:00:53]  Acc_iter 80000       Data time: 0.00(0.00)  Forward time: 0.25(0.25)  Batch time: 0.25(0.25)
2026-08-13 22:58:05,601   INFO  Train:    2/4 ( 50%) [24486/55563 ( 44%)]  Loss: 0.8525 (1.21)  LR: 2.713e-04  Time cost: 49:36/2:11:15 [49:37/10:00:35]  Acc_iter 80050       Data time: 0.00(0.00)  Forward time: 0.23(0.25)  Batch time: 0.23(0.25)
2026-08-13 22:58:17,648   INFO  Train:    2/4 ( 50%) [24536/55563 ( 44%)]  Loss: 1.321 (1.21)  LR: 2.712e-04  Time cost: 49:48/2:11:00 [49:49/10:00:15]  Acc_iter 80100       Data time: 0.00(0.00)  Forward time: 0.26(0.25)  Batch time: 0.26(0.25)
2026-08-13 22:58:18,097   INFO  a1e06a0b30c0                Thu Aug 13 22:58:18 2026  580.173.02
[0] NVIDIA GeForce RTX 3070 | 68°C,  82 % |  7632 /  8192 MB | root(7238M)

2026-08-13 22:58:29,479   INFO  Save latest model to /OpenPCDet/output/OpenPCDet/tools/cfgs/models/S/F/S_F_N/default/ckpt/latest_model
2026-08-13 22:58:30,486   INFO  Train:    2/4 ( 50%) [24586/55563 ( 44%)]  Loss: 1.067 (1.21)  LR: 2.711e-04  Time cost: 50:01/2:10:48 [50:02/10:00:04]  Acc_iter 80150       Data time: 0.00(0.00)  Forward time: 0.27(0.25)  Batch time: 0.27(0.25)
2026-08-13 22:58:42,981   INFO  Train:    2/4 ( 50%) [24636/55563 ( 44%)]  Loss: 1.468 (1.21)  LR: 2.711e-04  Time cost: 50:13/2:10:35 [50:15/9:59:50]  Acc_iter 80200       Data time: 0.00(0.00)  Forward time: 0.32(0.25)  Batch time: 0.32(0.25)
2026-08-13 22:58:55,596   INFO  Train:    2/4 ( 50%) [24686/55563 ( 44%)]  Loss: 2.018 (1.21)  LR: 2.710e-04  Time cost: 50:26/2:10:22 [50:27/9:59:36]  Acc_iter 80250       Data time: 0.00(0.00)  Forward time: 0.25(0.25)  Batch time: 0.25(0.25)
2026-08-13 22:58:55,986   INFO  a1e06a0b30c0                Thu Aug 13 22:58:55 2026  580.173.02
[0] NVIDIA GeForce RTX 3070 | 69°C,  95 % |  7632 /  8192 MB | root(7238M)

2026-08-13 22:59:08,512   INFO  Train:    2/4 ( 50%) [24736/55563 ( 45%)]  Loss: 2.454 (1.21)  LR: 2.709e-04  Time cost: 50:39/2:10:10 [50:40/9:59:27]  Acc_iter 80300       Data time: 0.00(0.00)  Forward time: 0.26(0.25)  Batch time: 0.26(0.25)
2026-08-13 22:59:20,738   INFO  Train:    2/4 ( 50%) [24786/55563 ( 45%)]  Loss: 1.043 (1.21)  LR: 2.708e-04  Time cost: 50:51/2:09:56 [50:52/9:59:09]  Acc_iter 80350       Data time: 0.00(0.00)  Forward time: 0.27(0.25)  Batch time: 0.27(0.25)
2026-08-13 22:59:33,441   INFO  Train:    2/4 ( 50%) [24836/55563 ( 45%)]  Loss: 0.8966 (1.21)  LR: 2.707e-04  Time cost: 51:04/2:09:44 [51:05/9:58:56]  Acc_iter 80400       Data time: 0.00(0.00)  Forward time: 0.26(0.25)  Batch time: 0.26(0.25)
2026-08-13 22:59:33,820   INFO  a1e06a0b30c0                Thu Aug 13 22:59:33 2026  580.173.02
[0] NVIDIA GeForce RTX 3070 | 65°C,  37 % |  7632 /  8192 MB | root(7238M)

2026-08-13 22:59:46,676   INFO  Train:    2/4 ( 50%) [24886/55563 ( 45%)]  Loss: 0.8003 (1.21)  LR: 2.707e-04  Time cost: 51:17/2:09:33 [51:18/9:58:50]  Acc_iter 80450       Data time: 0.00(0.00)  Forward time: 0.24(0.25)  Batch time: 0.24(0.25)
2026-08-13 22:59:59,286   INFO  Train:    2/4 ( 50%) [24936/55563 ( 45%)]  Loss: 1.837 (1.21)  LR: 2.706e-04  Time cost: 51:29/2:09:20 [51:31/9:58:37]  Acc_iter 80500       Data time: 0.00(0.00)  Forward time: 0.27(0.25)  Batch time: 0.27(0.25)
2026-08-13 23:00:11,726   INFO  Train:    2/4 ( 50%) [24986/55563 ( 45%)]  Loss: 0.9170 (1.21)  LR: 2.705e-04  Time cost: 51:42/2:09:07 [51:43/9:58:22]  Acc_iter 80550       Data time: 0.00(0.00)  Forward time: 0.23(0.25)  Batch time: 0.24(0.25)
2026-08-13 23:00:12,108   INFO  a1e06a0b30c0                Thu Aug 13 23:00:12 2026  580.173.02
[0] NVIDIA GeForce RTX 3070 | 68°C,  96 % |  7633 /  8192 MB | root(7238M)

2026-08-13 23:00:24,617   INFO  Train:    2/4 ( 50%) [25036/55563 ( 45%)]  Loss: 0.7161 (1.21)  LR: 2.704e-04  Time cost: 51:55/2:08:54 [51:56/9:58:12]  Acc_iter 80600       Data time: 0.00(0.00)  Forward time: 0.29(0.25)  Batch time: 0.29(0.25)
2026-08-13 23:00:37,260   INFO  Train:    2/4 ( 50%) [25086/55563 ( 45%)]  Loss: 1.760 (1.21)  LR: 2.704e-04  Time cost: 52:07/2:08:42 [52:09/9:57:59]  Acc_iter 80650       Data time: 0.00(0.00)  Forward time: 0.27(0.25)  Batch time: 0.27(0.25)
2026-08-13 23:00:49,924   INFO  Train:    2/4 ( 50%) [25136/55563 ( 45%)]  Loss: 1.373 (1.21)  LR: 2.703e-04  Time cost: 52:20/2:08:29 [52:22/9:57:46]  Acc_iter 80700       Data time: 0.00(0.00)  Forward time: 0.25(0.25)  Batch time: 0.25(0.25)
2026-08-13 23:00:50,312   INFO  a1e06a0b30c0                Thu Aug 13 23:00:50 2026  580.173.02
[0] NVIDIA GeForce RTX 3070 | 65°C,  84 % |  7632 /  8192 MB | root(7238M)

2026-08-13 23:01:02,551   INFO  Train:    2/4 ( 50%) [25186/55563 ( 45%)]  Loss: 1.639 (1.21)  LR: 2.702e-04  Time cost: 52:33/2:08:16 [52:34/9:57:33]  Acc_iter 80750       Data time: 0.00(0.00)  Forward time: 0.26(0.25)  Batch time: 0.26(0.25)
2026-08-13 23:01:15,064   INFO  Train:    2/4 ( 50%) [25236/55563 ( 45%)]  Loss: 1.187 (1.21)  LR: 2.701e-04  Time cost: 52:45/2:08:03 [52:47/9:57:18]  Acc_iter 80800       Data time: 0.00(0.00)  Forward time: 0.27(0.25)  Batch time: 0.27(0.25)
2026-08-13 23:01:27,613   INFO  Train:    2/4 ( 50%) [25286/55563 ( 46%)]  Loss: 1.609 (1.21)  LR: 2.700e-04  Time cost: 52:58/2:07:50 [52:59/9:57:04]  Acc_iter 80850       Data time: 0.00(0.00)  Forward time: 0.23(0.25)  Batch time: 0.23(0.25)
2026-08-13 23:01:28,011   INFO  a1e06a0b30c0                Thu Aug 13 23:01:27 2026  580.173.02
[0] NVIDIA GeForce RTX 3070 | 68°C,  96 % |  7632 /  8192 MB | root(7238M)

2026-08-13 23:01:40,732   INFO  Train:    2/4 ( 50%) [25336/55563 ( 46%)]  Loss: 0.9974 (1.21)  LR: 2.700e-04  Time cost: 53:11/2:07:39 [53:12/9:56:57]  Acc_iter 80900       Data time: 0.00(0.00)  Forward time: 0.21(0.25)  Batch time: 0.21(0.25)
2026-08-13 23:01:53,341   INFO  Train:    2/4 ( 50%) [25386/55563 ( 46%)]  Loss: 1.056 (1.21)  LR: 2.699e-04  Time cost: 53:24/2:07:26 [53:25/9:56:43]  Acc_iter 80950       Data time: 0.00(0.00)  Forward time: 0.21(0.25)  Batch time: 0.22(0.25)
2026-08-13 23:02:05,710   INFO  Train:    2/4 ( 50%) [25436/55563 ( 46%)]  Loss: 1.623 (1.21)  LR: 2.698e-04  Time cost: 53:36/2:07:12 [53:37/9:56:27]  Acc_iter 81000       Data time: 0.00(0.00)  Forward time: 0.20(0.25)  Batch time: 0.20(0.25)
2026-08-13 23:02:06,093   INFO  a1e06a0b30c0                Thu Aug 13 23:02:06 2026  580.173.02
[0] NVIDIA GeForce RTX 3070 | 68°C,  76 % |  7633 /  8192 MB | root(7238M)

2026-08-13 23:02:18,458   INFO  Train:    2/4 ( 50%) [25486/55563 ( 46%)]  Loss: 1.265 (1.21)  LR: 2.697e-04  Time cost: 53:49/2:07:00 [53:50/9:56:16]  Acc_iter 81050       Data time: 0.00(0.00)  Forward time: 0.26(0.25)  Batch time: 0.26(0.25)
2026-08-13 23:02:30,931   INFO  Train:    2/4 ( 50%) [25536/55563 ( 46%)]  Loss: 1.782 (1.21)  LR: 2.696e-04  Time cost: 54:01/2:06:47 [54:03/9:56:01]  Acc_iter 81100       Data time: 0.00(0.00)  Forward time: 0.27(0.25)  Batch time: 0.27(0.25)
2026-08-13 23:02:43,324   INFO  Train:    2/4 ( 50%) [25586/55563 ( 46%)]  Loss: 1.012 (1.21)  LR: 2.696e-04  Time cost: 54:14/2:06:34 [54:15/9:55:45]  Acc_iter 81150       Data time: 0.00(0.00)  Forward time: 0.26(0.25)  Batch time: 0.27(0.25)
2026-08-13 23:02:43,727   INFO  a1e06a0b30c0                Thu Aug 13 23:02:43 2026  580.173.02
[0] NVIDIA GeForce RTX 3070 | 63°C,   1 % |  7633 /  8192 MB | root(7238M)

2026-08-13 23:02:56,197   INFO  Train:    2/4 ( 50%) [25636/55563 ( 46%)]  Loss: 1.425 (1.21)  LR: 2.695e-04  Time cost: 54:26/2:06:21 [54:28/9:55:35]  Acc_iter 81200       Data time: 0.00(0.00)  Forward time: 0.24(0.25)  Batch time: 0.25(0.25)
2026-08-13 23:03:08,618   INFO  Train:    2/4 ( 50%) [25686/55563 ( 46%)]  Loss: 1.013 (1.21)  LR: 2.694e-04  Time cost: 54:39/2:06:08 [54:40/9:55:19]  Acc_iter 81250       Data time: 0.00(0.00)  Forward time: 0.24(0.25)  Batch time: 0.24(0.25)
2026-08-13 23:03:21,110   INFO  Train:    2/4 ( 50%) [25736/55563 ( 46%)]  Loss: 1.230 (1.21)  LR: 2.693e-04  Time cost: 54:51/2:05:55 [54:53/9:55:05]  Acc_iter 81300       Data time: 0.00(0.00)  Forward time: 0.29(0.25)  Batch time: 0.29(0.25)
2026-08-13 23:03:21,561   INFO  a1e06a0b30c0                Thu Aug 13 23:03:21 2026  580.173.02
[0] NVIDIA GeForce RTX 3070 | 70°C,  98 % |  7632 /  8192 MB | root(7238M)

2026-08-13 23:03:29,426   INFO  Save latest model to /OpenPCDet/output/OpenPCDet/tools/cfgs/models/S/F/S_F_N/default/ckpt/latest_model
2026-08-13 23:03:34,346   INFO  Train:    2/4 ( 50%) [25786/55563 ( 46%)]  Loss: 0.9656 (1.21)  LR: 2.692e-04  Time cost: 55:05/2:05:44 [55:06/9:54:58]  Acc_iter 81350       Data time: 0.00(0.00)  Forward time: 0.28(0.25)  Batch time: 0.28(0.25)
2026-08-13 23:03:46,774   INFO  Train:    2/4 ( 50%) [25836/55563 ( 46%)]  Loss: 0.5598 (1.21)  LR: 2.692e-04  Time cost: 55:17/2:05:30 [55:18/9:54:43]  Acc_iter 81400       Data time: 0.00(0.00)  Forward time: 0.20(0.25)  Batch time: 0.20(0.25)
2026-08-13 23:03:59,268   INFO  Train:    2/4 ( 50%) [25886/55563 ( 47%)]  Loss: 1.398 (1.21)  LR: 2.691e-04  Time cost: 55:29/2:05:17 [55:31/9:54:28]  Acc_iter 81450       Data time: 0.00(0.00)  Forward time: 0.27(0.25)  Batch time: 0.27(0.25)
2026-08-13 23:03:59,715   INFO  a1e06a0b30c0                Thu Aug 13 23:03:59 2026  580.173.02
[0] NVIDIA GeForce RTX 3070 | 69°C,  81 % |  7632 /  8192 MB | root(7238M)

2026-08-13 23:04:12,526   INFO  Train:    2/4 ( 50%) [25936/55563 ( 47%)]  Loss: 1.178 (1.21)  LR: 2.690e-04  Time cost: 55:43/2:05:06 [55:44/9:54:22]  Acc_iter 81500       Data time: 0.00(0.00)  Forward time: 0.28(0.25)  Batch time: 0.28(0.25)
2026-08-13 23:04:25,088   INFO  Train:    2/4 ( 50%) [25986/55563 ( 47%)]  Loss: 0.6795 (1.21)  LR: 2.689e-04  Time cost: 55:55/2:04:53 [55:57/9:54:08]  Acc_iter 81550       Data time: 0.00(0.00)  Forward time: 0.23(0.25)  Batch time: 0.23(0.25)
2026-08-13 23:04:37,467   INFO  Train:    2/4 ( 50%) [26036/55563 ( 47%)]  Loss: 1.117 (1.21)  LR: 2.688e-04  Time cost: 56:08/2:04:40 [56:09/9:53:53]  Acc_iter 81600       Data time: 0.00(0.00)  Forward time: 0.28(0.25)  Batch time: 0.28(0.25)
2026-08-13 23:04:37,863   INFO  a1e06a0b30c0                Thu Aug 13 23:04:37 2026  580.173.02
[0] NVIDIA GeForce RTX 3070 | 67°C,  57 % |  7632 /  8192 MB | root(7238M)

2026-08-13 23:04:50,532   INFO  Train:    2/4 ( 50%) [26086/55563 ( 47%)]  Loss: 0.2779 (1.21)  LR: 2.687e-04  Time cost: 56:21/2:04:28 [56:22/9:53:44]  Acc_iter 81650       Data time: 0.00(0.00)  Forward time: 0.22(0.25)  Batch time: 0.22(0.25)
2026-08-13 23:05:02,904   INFO  Train:    2/4 ( 50%) [26136/55563 ( 47%)]  Loss: 3.470 (1.21)  LR: 2.687e-04  Time cost: 56:33/2:04:15 [56:35/9:53:28]  Acc_iter 81700       Data time: 0.00(0.00)  Forward time: 0.22(0.25)  Batch time: 0.22(0.25)
2026-08-13 23:05:15,520   INFO  Train:    2/4 ( 50%) [26186/55563 ( 47%)]  Loss: 1.482 (1.21)  LR: 2.686e-04  Time cost: 56:46/2:04:02 [56:47/9:53:15]  Acc_iter 81750       Data time: 0.00(0.00)  Forward time: 0.27(0.25)  Batch time: 0.27(0.25)
2026-08-13 23:05:15,961   INFO  a1e06a0b30c0                Thu Aug 13 23:05:15 2026  580.173.02
[0] NVIDIA GeForce RTX 3070 | 71°C,  23 % |  7632 /  8192 MB | root(7238M)

2026-08-13 23:05:28,550   INFO  Train:    2/4 ( 50%) [26236/55563 ( 47%)]  Loss: 1.092 (1.21)  LR: 2.685e-04  Time cost: 56:59/2:03:50 [57:00/9:53:06]  Acc_iter 81800       Data time: 0.00(0.00)  Forward time: 0.22(0.25)  Batch time: 0.22(0.25)
2026-08-13 23:05:40,907   INFO  Train:    2/4 ( 50%) [26286/55563 ( 47%)]  Loss: 0.5447 (1.21)  LR: 2.684e-04  Time cost: 57:11/2:03:37 [57:13/9:52:50]  Acc_iter 81850       Data time: 0.00(0.00)  Forward time: 0.26(0.25)  Batch time: 0.27(0.25)
2026-08-13 23:05:53,659   INFO  Train:    2/4 ( 50%) [26336/55563 ( 47%)]  Loss: 1.460 (1.21)  LR: 2.683e-04  Time cost: 57:24/2:03:24 [57:25/9:52:39]  Acc_iter 81900       Data time: 0.00(0.00)  Forward time: 0.26(0.25)  Batch time: 0.26(0.25)
2026-08-13 23:05:54,055   INFO  a1e06a0b30c0                Thu Aug 13 23:05:54 2026  580.173.02
[0] NVIDIA GeForce RTX 3070 | 70°C,  96 % |  7632 /  8192 MB | root(7238M)

2026-08-13 23:06:07,030   INFO  Train:    2/4 ( 50%) [26386/55563 ( 47%)]  Loss: 0.6985 (1.21)  LR: 2.683e-04  Time cost: 57:37/2:03:13 [57:39/9:52:33]  Acc_iter 81950       Data time: 0.00(0.00)  Forward time: 0.25(0.25)  Batch time: 0.25(0.25)
2026-08-13 23:06:19,573   INFO  Train:    2/4 ( 50%) [26436/55563 ( 48%)]  Loss: 1.189 (1.21)  LR: 2.682e-04  Time cost: 57:50/2:03:00 [57:51/9:52:19]  Acc_iter 82000       Data time: 0.00(0.00)  Forward time: 0.26(0.25)  Batch time: 0.26(0.25)
2026-08-13 23:06:32,192   INFO  Train:    2/4 ( 50%) [26486/55563 ( 48%)]  Loss: 0.9218 (1.21)  LR: 2.681e-04  Time cost: 58:02/2:02:47 [58:04/9:52:06]  Acc_iter 82050       Data time: 0.00(0.00)  Forward time: 0.28(0.25)  Batch time: 0.28(0.25)
2026-08-13 23:06:32,645   INFO  a1e06a0b30c0                Thu Aug 13 23:06:32 2026  580.173.02
[0] NVIDIA GeForce RTX 3070 | 70°C,  95 % |  6346 /  8192 MB | root(5952M)

2026-08-13 23:06:45,194   INFO  Train:    2/4 ( 50%) [26536/55563 ( 48%)]  Loss: 0.8509 (1.21)  LR: 2.680e-04  Time cost: 58:15/2:02:35 [58:17/9:51:57]  Acc_iter 82100       Data time: 0.00(0.00)  Forward time: 0.24(0.25)  Batch time: 0.24(0.25)
2026-08-13 23:06:57,833   INFO  Train:    2/4 ( 50%) [26586/55563 ( 48%)]  Loss: 1.651 (1.21)  LR: 2.679e-04  Time cost: 58:28/2:02:23 [58:29/9:51:44]  Acc_iter 82150       Data time: 0.00(0.00)  Forward time: 0.27(0.25)  Batch time: 0.27(0.25)
2026-08-13 23:07:10,289   INFO  Train:    2/4 ( 50%) [26636/55563 ( 48%)]  Loss: 1.436 (1.21)  LR: 2.679e-04  Time cost: 58:40/2:02:10 [58:42/9:51:29]  Acc_iter 82200       Data time: 0.00(0.00)  Forward time: 0.24(0.25)  Batch time: 0.24(0.25)
2026-08-13 23:07:10,804   INFO  a1e06a0b30c0                Thu Aug 13 23:07:10 2026  580.173.02
[0] NVIDIA GeForce RTX 3070 | 62°C,   1 % |  6342 /  8192 MB | root(5952M)

2026-08-13 23:07:23,444   INFO  Train:    2/4 ( 50%) [26686/55563 ( 48%)]  Loss: 0.6249 (1.20)  LR: 2.678e-04  Time cost: 58:54/2:01:58 [58:55/9:51:21]  Acc_iter 82250       Data time: 0.00(0.00)  Forward time: 0.28(0.25)  Batch time: 0.28(0.25)
2026-08-13 23:07:35,814   INFO  Train:    2/4 ( 50%) [26736/55563 ( 48%)]  Loss: 0.5762 (1.20)  LR: 2.677e-04  Time cost: 59:06/2:01:45 [59:07/9:51:05]  Acc_iter 82300       Data time: 0.00(0.00)  Forward time: 0.23(0.25)  Batch time: 0.23(0.25)
2026-08-13 23:07:48,408   INFO  Train:    2/4 ( 50%) [26786/55563 ( 48%)]  Loss: 0.5157 (1.20)  LR: 2.676e-04  Time cost: 59:19/2:01:32 [59:20/9:50:52]  Acc_iter 82350       Data time: 0.00(0.00)  Forward time: 0.21(0.25)  Batch time: 0.21(0.25)
2026-08-13 23:07:48,862   INFO  a1e06a0b30c0                Thu Aug 13 23:07:48 2026  580.173.02
[0] NVIDIA GeForce RTX 3070 | 63°C,   2 % |  6348 /  8192 MB | root(5954M)

2026-08-13 23:08:01,551   INFO  Train:    2/4 ( 50%) [26836/55563 ( 48%)]  Loss: 0.8013 (1.20)  LR: 2.675e-04  Time cost: 59:32/2:01:20 [59:33/9:50:44]  Acc_iter 82400       Data time: 0.00(0.00)  Forward time: 0.23(0.25)  Batch time: 0.23(0.25)
2026-08-13 23:08:14,070   INFO  Train:    2/4 ( 50%) [26886/55563 ( 48%)]  Loss: 0.7109 (1.20)  LR: 2.674e-04  Time cost: 59:44/2:01:07 [59:46/9:50:30]  Acc_iter 82450       Data time: 0.00(0.00)  Forward time: 0.22(0.25)  Batch time: 0.22(0.25)
2026-08-13 23:08:26,664   INFO  Train:    2/4 ( 50%) [26936/55563 ( 48%)]  Loss: 1.232 (1.20)  LR: 2.674e-04  Time cost: 59:57/2:00:54 [59:58/9:50:16]  Acc_iter 82500       Data time: 0.00(0.00)  Forward time: 0.22(0.25)  Batch time: 0.22(0.25)
2026-08-13 23:08:27,053   INFO  a1e06a0b30c0                Thu Aug 13 23:08:27 2026  580.173.02
[0] NVIDIA GeForce RTX 3070 | 68°C,  61 % |  6349 /  8192 MB | root(5954M)

2026-08-13 23:08:29,508   INFO  Save latest model to /OpenPCDet/output/OpenPCDet/tools/cfgs/models/S/F/S_F_N/default/ckpt/latest_model
2026-08-13 23:08:39,506   INFO  Train:    2/4 ( 50%) [26986/55563 ( 49%)]  Loss: 2.249 (1.20)  LR: 2.673e-04  Time cost: 1:00:10/2:00:42 [1:00:11/9:50:05]  Acc_iter 82550       Data time: 0.00(0.00)  Forward time: 0.26(0.25)  Batch time: 0.26(0.25)
2026-08-13 23:08:52,106   INFO  Train:    2/4 ( 50%) [27036/55563 ( 49%)]  Loss: 1.183 (1.20)  LR: 2.672e-04  Time cost: 1:00:22/2:00:29 [1:00:24/9:49:52]  Acc_iter 82600       Data time: 0.00(0.00)  Forward time: 0.22(0.25)  Batch time: 0.22(0.25)
2026-08-13 23:09:04,792   INFO  Train:    2/4 ( 50%) [27086/55563 ( 49%)]  Loss: 1.253 (1.20)  LR: 2.671e-04  Time cost: 1:00:35/2:00:16 [1:00:36/9:49:39]  Acc_iter 82650       Data time: 0.00(0.00)  Forward time: 0.25(0.25)  Batch time: 0.25(0.25)
2026-08-13 23:09:05,229   INFO  a1e06a0b30c0                Thu Aug 13 23:09:05 2026  580.173.02
[0] NVIDIA GeForce RTX 3070 | 70°C,  99 % |  6344 /  8192 MB | root(5954M)

2026-08-13 23:09:17,621   INFO  Train:    2/4 ( 50%) [27136/55563 ( 49%)]  Loss: 1.798 (1.20)  LR: 2.670e-04  Time cost: 1:00:48/2:00:04 [1:00:49/9:49:28]  Acc_iter 82700       Data time: 0.00(0.00)  Forward time: 0.25(0.25)  Batch time: 0.25(0.25)
2026-08-13 23:09:30,243   INFO  Train:    2/4 ( 50%) [27186/55563 ( 49%)]  Loss: 0.9307 (1.20)  LR: 2.669e-04  Time cost: 1:01:00/1:59:51 [1:01:02/9:49:15]  Acc_iter 82750       Data time: 0.00(0.00)  Forward time: 0.29(0.25)  Batch time: 0.29(0.25)
2026-08-13 23:09:42,938   INFO  Train:    2/4 ( 50%) [27236/55563 ( 49%)]  Loss: 0.8487 (1.20)  LR: 2.669e-04  Time cost: 1:01:13/1:59:39 [1:01:15/9:49:03]  Acc_iter 82800       Data time: 0.00(0.00)  Forward time: 0.24(0.25)  Batch time: 0.25(0.25)
2026-08-13 23:09:43,321   INFO  a1e06a0b30c0                Thu Aug 13 23:09:43 2026  580.173.02
[0] NVIDIA GeForce RTX 3070 | 65°C,  95 % |  6349 /  8192 MB | root(5954M)

2026-08-13 23:09:56,022   INFO  Train:    2/4 ( 50%) [27286/55563 ( 49%)]  Loss: 1.460 (1.20)  LR: 2.668e-04  Time cost: 1:01:26/1:59:27 [1:01:28/9:48:54]  Acc_iter 82850       Data time: 0.00(0.00)  Forward time: 0.24(0.25)  Batch time: 0.24(0.25)
2026-08-13 23:10:08,618   INFO  Train:    2/4 ( 50%) [27336/55563 ( 49%)]  Loss: 0.9400 (1.20)  LR: 2.667e-04  Time cost: 1:01:39/1:59:14 [1:01:40/9:48:41]  Acc_iter 82900       Data time: 0.00(0.00)  Forward time: 0.20(0.25)  Batch time: 0.21(0.25)
2026-08-13 23:10:21,151   INFO  Train:    2/4 ( 50%) [27386/55563 ( 49%)]  Loss: 1.735 (1.20)  LR: 2.666e-04  Time cost: 1:01:51/1:59:01 [1:01:53/9:48:27]  Acc_iter 82950       Data time: 0.00(0.00)  Forward time: 0.21(0.25)  Batch time: 0.21(0.25)
2026-08-13 23:10:21,540   INFO  a1e06a0b30c0                Thu Aug 13 23:10:21 2026  580.173.02
[0] NVIDIA GeForce RTX 3070 | 68°C,  92 % |  6354 /  8192 MB | root(5954M)

2026-08-13 23:10:34,031   INFO  Train:    2/4 ( 50%) [27436/55563 ( 49%)]  Loss: 0.9475 (1.20)  LR: 2.665e-04  Time cost: 1:02:04/1:58:49 [1:02:06/9:48:16]  Acc_iter 83000       Data time: 0.00(0.00)  Forward time: 0.25(0.25)  Batch time: 0.25(0.25)
2026-08-13 23:10:46,987   INFO  Train:    2/4 ( 50%) [27486/55563 ( 49%)]  Loss: 1.600 (1.20)  LR: 2.664e-04  Time cost: 1:02:17/1:58:37 [1:02:19/9:48:06]  Acc_iter 83050       Data time: 0.00(0.00)  Forward time: 0.28(0.25)  Batch time: 0.28(0.25)
2026-08-13 23:11:00,216   INFO  Train:    2/4 ( 50%) [27536/55563 ( 50%)]  Loss: 0.5852 (1.20)  LR: 2.664e-04  Time cost: 1:02:30/1:58:25 [1:02:32/9:47:58]  Acc_iter 83100       Data time: 0.00(0.00)  Forward time: 0.22(0.25)  Batch time: 0.23(0.25)
2026-08-13 23:11:00,602   INFO  a1e06a0b30c0                Thu Aug 13 23:11:00 2026  580.173.02
[0] NVIDIA GeForce RTX 3070 | 67°C,  53 % |  6345 /  8192 MB | root(5954M)

2026-08-13 23:11:13,474   INFO  Train:    2/4 ( 50%) [27586/55563 ( 50%)]  Loss: 1.077 (1.20)  LR: 2.663e-04  Time cost: 1:02:44/1:58:13 [1:02:45/9:47:51]  Acc_iter 83150       Data time: 0.00(0.00)  Forward time: 0.23(0.25)  Batch time: 0.23(0.25)
2026-08-13 23:11:25,761   INFO  Train:    2/4 ( 50%) [27636/55563 ( 50%)]  Loss: 2.609 (1.20)  LR: 2.662e-04  Time cost: 1:02:56/1:58:00 [1:02:57/9:47:35]  Acc_iter 83200       Data time: 0.00(0.00)  Forward time: 0.25(0.25)  Batch time: 0.25(0.25)
2026-08-13 23:11:37,759   INFO  Train:    2/4 ( 50%) [27686/55563 ( 50%)]  Loss: 1.194 (1.20)  LR: 2.661e-04  Time cost: 1:03:08/1:57:46 [1:03:09/9:47:16]  Acc_iter 83250       Data time: 0.00(0.00)  Forward time: 0.23(0.25)  Batch time: 0.23(0.25)
2026-08-13 23:11:38,147   INFO  a1e06a0b30c0                Thu Aug 13 23:11:38 2026  580.173.02
[0] NVIDIA GeForce RTX 3070 | 68°C,  76 % |  6358 /  8192 MB | root(5954M)

2026-08-13 23:11:49,882   INFO  Train:    2/4 ( 50%) [27736/55563 ( 50%)]  Loss: 0.8152 (1.20)  LR: 2.660e-04  Time cost: 1:03:20/1:57:32 [1:03:22/9:46:58]  Acc_iter 83300       Data time: 0.00(0.00)  Forward time: 0.22(0.25)  Batch time: 0.22(0.25)
2026-08-13 23:12:01,992   INFO  Train:    2/4 ( 50%) [27786/55563 ( 50%)]  Loss: 1.170 (1.20)  LR: 2.659e-04  Time cost: 1:03:32/1:57:19 [1:03:34/9:46:40]  Acc_iter 83350       Data time: 0.00(0.00)  Forward time: 0.25(0.25)  Batch time: 0.25(0.25)
2026-08-13 23:12:14,148   INFO  Train:    2/4 ( 50%) [27836/55563 ( 50%)]  Loss: 1.018 (1.20)  LR: 2.659e-04  Time cost: 1:03:44/1:57:05 [1:03:46/9:46:23]  Acc_iter 83400       Data time: 0.00(0.00)  Forward time: 0.25(0.25)  Batch time: 0.25(0.25)
2026-08-13 23:12:14,547   INFO  a1e06a0b30c0                Thu Aug 13 23:12:14 2026  580.173.02
[0] NVIDIA GeForce RTX 3070 | 69°C,  95 % |  6356 /  8192 MB | root(5954M)

2026-08-13 23:12:26,764   INFO  Train:    2/4 ( 50%) [27886/55563 ( 50%)]  Loss: 0.7899 (1.20)  LR: 2.658e-04  Time cost: 1:03:57/1:56:52 [1:03:58/9:46:10]  Acc_iter 83450       Data time: 0.00(0.00)  Forward time: 0.23(0.25)  Batch time: 0.23(0.25)
2026-08-13 23:12:38,761   INFO  Train:    2/4 ( 50%) [27936/55563 ( 50%)]  Loss: 1.029 (1.20)  LR: 2.657e-04  Time cost: 1:04:09/1:56:38 [1:04:10/9:45:51]  Acc_iter 83500       Data time: 0.00(0.00)  Forward time: 0.21(0.25)  Batch time: 0.21(0.25)
2026-08-13 23:12:50,795   INFO  Train:    2/4 ( 50%) [27986/55563 ( 50%)]  Loss: 0.6287 (1.20)  LR: 2.656e-04  Time cost: 1:04:21/1:56:25 [1:04:22/9:45:32]  Acc_iter 83550       Data time: 0.00(0.00)  Forward time: 0.23(0.25)  Batch time: 0.23(0.25)
2026-08-13 23:12:51,239   INFO  a1e06a0b30c0                Thu Aug 13 23:12:51 2026  580.173.02
[0] NVIDIA GeForce RTX 3070 | 69°C,  99 % |  6351 /  8192 MB | root(5954M)

2026-08-13 23:13:03,445   INFO  Train:    2/4 ( 50%) [28036/55563 ( 50%)]  Loss: 1.039 (1.20)  LR: 2.655e-04  Time cost: 1:04:34/1:56:12 [1:04:35/9:45:20]  Acc_iter 83600       Data time: 0.00(0.00)  Forward time: 0.22(0.25)  Batch time: 0.22(0.25)
2026-08-13 23:13:15,599   INFO  Train:    2/4 ( 50%) [28086/55563 ( 51%)]  Loss: 0.9560 (1.20)  LR: 2.654e-04  Time cost: 1:04:46/1:55:58 [1:04:47/9:45:02]  Acc_iter 83650       Data time: 0.00(0.00)  Forward time: 0.24(0.25)  Batch time: 0.24(0.25)
2026-08-13 23:13:27,491   INFO  Train:    2/4 ( 50%) [28136/55563 ( 51%)]  Loss: 0.9236 (1.20)  LR: 2.654e-04  Time cost: 1:04:58/1:55:44 [1:04:59/9:44:43]  Acc_iter 83700       Data time: 0.00(0.00)  Forward time: 0.24(0.25)  Batch time: 0.24(0.25)
2026-08-13 23:13:27,885   INFO  a1e06a0b30c0                Thu Aug 13 23:13:27 2026  580.173.02
[0] NVIDIA GeForce RTX 3070 | 65°C,  50 % |  6351 /  8192 MB | root(5954M)

2026-08-13 23:13:29,488   INFO  Save latest model to /OpenPCDet/output/OpenPCDet/tools/cfgs/models/S/F/S_F_N/default/ckpt/latest_model
2026-08-13 23:13:40,252   INFO  Train:    2/4 ( 50%) [28186/55563 ( 51%)]  Loss: 0.9992 (1.20)  LR: 2.653e-04  Time cost: 1:05:10/1:55:32 [1:05:12/9:44:31]  Acc_iter 83750       Data time: 0.00(0.00)  Forward time: 0.25(0.25)  Batch time: 0.25(0.25)
2026-08-13 23:13:52,461   INFO  Train:    2/4 ( 50%) [28236/55563 ( 51%)]  Loss: 0.6665 (1.20)  LR: 2.652e-04  Time cost: 1:05:23/1:55:18 [1:05:24/9:44:14]  Acc_iter 83800       Data time: 0.00(0.00)  Forward time: 0.23(0.25)  Batch time: 0.23(0.25)
2026-08-13 23:14:04,631   INFO  Train:    2/4 ( 50%) [28286/55563 ( 51%)]  Loss: 0.4908 (1.20)  LR: 2.651e-04  Time cost: 1:05:35/1:55:05 [1:05:36/9:43:57]  Acc_iter 83850       Data time: 0.00(0.00)  Forward time: 0.22(0.25)  Batch time: 0.23(0.25)
2026-08-13 23:14:05,033   INFO  a1e06a0b30c0                Thu Aug 13 23:14:05 2026  580.173.02
[0] NVIDIA GeForce RTX 3070 | 69°C,  97 % |  6351 /  8192 MB | root(5954M)

2026-08-13 23:14:17,342   INFO  Train:    2/4 ( 50%) [28336/55563 ( 51%)]  Loss: 1.610 (1.20)  LR: 2.650e-04  Time cost: 1:05:48/1:54:52 [1:05:49/9:43:45]  Acc_iter 83900       Data time: 0.00(0.00)  Forward time: 0.28(0.25)  Batch time: 0.28(0.25)
2026-08-13 23:14:29,427   INFO  Train:    2/4 ( 50%) [28386/55563 ( 51%)]  Loss: 1.173 (1.20)  LR: 2.649e-04  Time cost: 1:06:00/1:54:39 [1:06:01/9:43:27]  Acc_iter 83950       Data time: 0.00(0.00)  Forward time: 0.25(0.25)  Batch time: 0.25(0.25)
2026-08-13 23:14:41,426   INFO  Train:    2/4 ( 50%) [28436/55563 ( 51%)]  Loss: 0.6936 (1.20)  LR: 2.648e-04  Time cost: 1:06:12/1:54:25 [1:06:13/9:43:09]  Acc_iter 84000       Data time: 0.00(0.00)  Forward time: 0.24(0.25)  Batch time: 0.24(0.25)
2026-08-13 23:14:41,871   INFO  a1e06a0b30c0                Thu Aug 13 23:14:41 2026  580.173.02
[0] NVIDIA GeForce RTX 3070 | 65°C,   0 % |  6352 /  8192 MB | root(5954M)

2026-08-13 23:14:54,054   INFO  Train:    2/4 ( 50%) [28486/55563 ( 51%)]  Loss: 0.4736 (1.20)  LR: 2.648e-04  Time cost: 1:06:24/1:54:12 [1:06:26/9:42:56]  Acc_iter 84050       Data time: 0.00(0.00)  Forward time: 0.20(0.25)  Batch time: 0.20(0.25)
2026-08-13 23:15:06,107   INFO  Train:    2/4 ( 50%) [28536/55563 ( 51%)]  Loss: 1.072 (1.20)  LR: 2.647e-04  Time cost: 1:06:36/1:53:58 [1:06:38/9:42:38]  Acc_iter 84100       Data time: 0.00(0.00)  Forward time: 0.23(0.25)  Batch time: 0.23(0.25)
2026-08-13 23:15:18,086   INFO  Train:    2/4 ( 50%) [28586/55563 ( 51%)]  Loss: 0.7790 (1.20)  LR: 2.646e-04  Time cost: 1:06:48/1:53:45 [1:06:50/9:42:20]  Acc_iter 84150       Data time: 0.00(0.00)  Forward time: 0.22(0.25)  Batch time: 0.23(0.25)
2026-08-13 23:15:18,530   INFO  a1e06a0b30c0                Thu Aug 13 23:15:18 2026  580.173.02
[0] NVIDIA GeForce RTX 3070 | 68°C,  78 % |  6352 /  8192 MB | root(5954M)

2026-08-13 23:15:31,044   INFO  Train:    2/4 ( 50%) [28636/55563 ( 52%)]  Loss: 1.161 (1.20)  LR: 2.645e-04  Time cost: 1:07:01/1:53:33 [1:07:03/9:42:10]  Acc_iter 84200       Data time: 0.00(0.00)  Forward time: 0.21(0.25)  Batch time: 0.22(0.25)
2026-08-13 23:15:43,390   INFO  Train:    2/4 ( 50%) [28686/55563 ( 52%)]  Loss: 1.067 (1.20)  LR: 2.644e-04  Time cost: 1:07:14/1:53:19 [1:07:15/9:41:54]  Acc_iter 84250       Data time: 0.00(0.00)  Forward time: 0.24(0.25)  Batch time: 0.24(0.25)
2026-08-13 23:15:55,285   INFO  Train:    2/4 ( 50%) [28736/55563 ( 52%)]  Loss: 0.6707 (1.20)  LR: 2.643e-04  Time cost: 1:07:25/1:53:05 [1:07:27/9:41:35]  Acc_iter 84300       Data time: 0.00(0.00)  Forward time: 0.24(0.25)  Batch time: 0.24(0.25)
2026-08-13 23:15:55,686   INFO  a1e06a0b30c0                Thu Aug 13 23:15:55 2026  580.173.02
[0] NVIDIA GeForce RTX 3070 | 69°C,  68 % |  6351 /  8192 MB | root(5954M)

2026-08-13 23:16:07,533   INFO  Train:    2/4 ( 50%) [28786/55563 ( 52%)]  Loss: 0.8845 (1.20)  LR: 2.642e-04  Time cost: 1:07:38/1:52:52 [1:07:39/9:41:19]  Acc_iter 84350       Data time: 0.00(0.00)  Forward time: 0.24(0.25)  Batch time: 0.25(0.25)
2026-08-13 23:16:19,968   INFO  Train:    2/4 ( 50%) [28836/55563 ( 52%)]  Loss: 1.119 (1.20)  LR: 2.642e-04  Time cost: 1:07:50/1:52:39 [1:07:52/9:41:05]  Acc_iter 84400       Data time: 0.00(0.00)  Forward time: 0.26(0.25)  Batch time: 0.26(0.25)
2026-08-13 23:16:32,510   INFO  Train:    2/4 ( 50%) [28886/55563 ( 52%)]  Loss: 0.3544 (1.20)  LR: 2.641e-04  Time cost: 1:08:03/1:52:26 [1:08:04/9:40:51]  Acc_iter 84450       Data time: 0.00(0.00)  Forward time: 0.22(0.25)  Batch time: 0.22(0.25)
2026-08-13 23:16:32,980   INFO  a1e06a0b30c0                Thu Aug 13 23:16:32 2026  580.173.02
[0] NVIDIA GeForce RTX 3070 | 65°C,  25 % |  6351 /  8192 MB | root(5954M)

2026-08-13 23:16:45,238   INFO  Train:    2/4 ( 50%) [28936/55563 ( 52%)]  Loss: 2.642 (1.20)  LR: 2.640e-04  Time cost: 1:08:15/1:52:14 [1:08:17/9:40:39]  Acc_iter 84500       Data time: 0.00(0.00)  Forward time: 0.25(0.25)  Batch time: 0.25(0.25)
2026-08-13 23:16:57,256   INFO  Train:    2/4 ( 50%) [28986/55563 ( 52%)]  Loss: 1.891 (1.20)  LR: 2.639e-04  Time cost: 1:08:27/1:52:00 [1:08:29/9:40:21]  Acc_iter 84550       Data time: 0.00(0.00)  Forward time: 0.26(0.25)  Batch time: 0.26(0.25)
2026-08-13 23:17:09,623   INFO  Train:    2/4 ( 50%) [29036/55563 ( 52%)]  Loss: 1.881 (1.20)  LR: 2.638e-04  Time cost: 1:08:40/1:51:47 [1:08:41/9:40:06]  Acc_iter 84600       Data time: 0.00(0.00)  Forward time: 0.25(0.25)  Batch time: 0.25(0.25)
2026-08-13 23:17:10,042   INFO  a1e06a0b30c0                Thu Aug 13 23:17:10 2026  580.173.02
[0] NVIDIA GeForce RTX 3070 | 72°C,  96 % |  6353 /  8192 MB | root(5954M)

2026-08-13 23:17:22,240   INFO  Train:    2/4 ( 50%) [29086/55563 ( 52%)]  Loss: 1.265 (1.20)  LR: 2.637e-04  Time cost: 1:08:52/1:51:34 [1:08:54/9:39:53]  Acc_iter 84650       Data time: 0.00(0.00)  Forward time: 0.28(0.25)  Batch time: 0.28(0.25)
2026-08-13 23:17:34,425   INFO  Train:    2/4 ( 50%) [29136/55563 ( 52%)]  Loss: 1.953 (1.20)  LR: 2.636e-04  Time cost: 1:09:05/1:51:21 [1:09:06/9:39:37]  Acc_iter 84700       Data time: 0.00(0.00)  Forward time: 0.22(0.25)  Batch time: 0.22(0.25)
2026-08-13 23:17:46,512   INFO  Train:    2/4 ( 50%) [29186/55563 ( 53%)]  Loss: 1.490 (1.20)  LR: 2.636e-04  Time cost: 1:09:17/1:51:07 [1:09:18/9:39:20]  Acc_iter 84750       Data time: 0.00(0.00)  Forward time: 0.21(0.25)  Batch time: 0.21(0.25)
2026-08-13 23:17:46,952   INFO  a1e06a0b30c0                Thu Aug 13 23:17:46 2026  580.173.02
[0] NVIDIA GeForce RTX 3070 | 68°C,  49 % |  6350 /  8192 MB | root(5954M)

2026-08-13 23:17:59,231   INFO  Train:    2/4 ( 50%) [29236/55563 ( 53%)]  Loss: 1.033 (1.20)  LR: 2.635e-04  Time cost: 1:09:29/1:50:55 [1:09:31/9:39:08]  Acc_iter 84800       Data time: 0.00(0.00)  Forward time: 0.20(0.25)  Batch time: 0.20(0.25)
2026-08-13 23:18:11,209   INFO  Train:    2/4 ( 50%) [29286/55563 ( 53%)]  Loss: 0.6736 (1.20)  LR: 2.634e-04  Time cost: 1:09:41/1:50:41 [1:09:43/9:38:49]  Acc_iter 84850       Data time: 0.00(0.00)  Forward time: 0.23(0.25)  Batch time: 0.23(0.25)
2026-08-13 23:18:23,759   INFO  Train:    2/4 ( 50%) [29336/55563 ( 53%)]  Loss: 1.251 (1.20)  LR: 2.633e-04  Time cost: 1:09:54/1:50:28 [1:09:55/9:38:36]  Acc_iter 84900       Data time: 0.00(0.00)  Forward time: 0.26(0.25)  Batch time: 0.26(0.25)
2026-08-13 23:18:24,156   INFO  a1e06a0b30c0                Thu Aug 13 23:18:24 2026  580.173.02
[0] NVIDIA GeForce RTX 3070 | 70°C,  94 % |  6349 /  8192 MB | root(5954M)

2026-08-13 23:18:29,456   INFO  Save latest model to /OpenPCDet/output/OpenPCDet/tools/cfgs/models/S/F/S_F_N/default/ckpt/latest_model
2026-08-13 23:18:36,077   INFO  Train:    2/4 ( 50%) [29386/55563 ( 53%)]  Loss: 1.711 (1.20)  LR: 2.632e-04  Time cost: 1:10:06/1:50:15 [1:10:08/9:38:21]  Acc_iter 84950       Data time: 0.00(0.00)  Forward time: 0.26(0.25)  Batch time: 0.26(0.25)
2026-08-13 23:18:48,178   INFO  Train:    2/4 ( 50%) [29436/55563 ( 53%)]  Loss: 1.109 (1.20)  LR: 2.631e-04  Time cost: 1:10:18/1:50:02 [1:10:20/9:38:04]  Acc_iter 85000       Data time: 0.00(0.00)  Forward time: 0.26(0.25)  Batch time: 0.26(0.25)
2026-08-13 23:19:00,295   INFO  Train:    2/4 ( 50%) [29486/55563 ( 53%)]  Loss: 1.386 (1.20)  LR: 2.630e-04  Time cost: 1:10:30/1:49:48 [1:10:32/9:37:47]  Acc_iter 85050       Data time: 0.00(0.00)  Forward time: 0.27(0.25)  Batch time: 0.27(0.25)
2026-08-13 23:19:00,742   INFO  a1e06a0b30c0                Thu Aug 13 23:19:00 2026  580.173.02
[0] NVIDIA GeForce RTX 3070 | 70°C,  66 % |  6349 /  8192 MB | root(5954M)

2026-08-13 23:19:13,301   INFO  Train:    2/4 ( 50%) [29536/55563 ( 53%)]  Loss: 0.8160 (1.20)  LR: 2.629e-04  Time cost: 1:10:43/1:49:36 [1:10:45/9:37:37]  Acc_iter 85100       Data time: 0.00(0.00)  Forward time: 0.24(0.25)  Batch time: 0.24(0.25)
2026-08-13 23:19:25,523   INFO  Train:    2/4 ( 50%) [29586/55563 ( 53%)]  Loss: 0.8122 (1.20)  LR: 2.629e-04  Time cost: 1:10:56/1:49:23 [1:10:57/9:37:21]  Acc_iter 85150       Data time: 0.00(0.00)  Forward time: 0.23(0.25)  Batch time: 0.23(0.25)
2026-08-13 23:19:37,727   INFO  Train:    2/4 ( 50%) [29636/55563 ( 53%)]  Loss: 0.6921 (1.20)  LR: 2.628e-04  Time cost: 1:11:08/1:49:10 [1:11:09/9:37:05]  Acc_iter 85200       Data time: 0.00(0.00)  Forward time: 0.26(0.25)  Batch time: 0.26(0.25)
2026-08-13 23:19:38,105   INFO  a1e06a0b30c0                Thu Aug 13 23:19:38 2026  580.173.02
[0] NVIDIA GeForce RTX 3070 | 71°C,  94 % |  6350 /  8192 MB | root(5954M)

2026-08-13 23:19:50,379   INFO  Train:    2/4 ( 50%) [29686/55563 ( 53%)]  Loss: 1.169 (1.20)  LR: 2.627e-04  Time cost: 1:11:21/1:48:57 [1:11:22/9:36:53]  Acc_iter 85250       Data time: 0.00(0.00)  Forward time: 0.23(0.25)  Batch time: 0.23(0.25)
2026-08-13 23:20:02,511   INFO  Train:    2/4 ( 50%) [29736/55563 ( 54%)]  Loss: 0.8742 (1.20)  LR: 2.626e-04  Time cost: 1:11:33/1:48:44 [1:11:34/9:36:36]  Acc_iter 85300       Data time: 0.00(0.00)  Forward time: 0.23(0.25)  Batch time: 0.23(0.25)
2026-08-13 23:20:14,582   INFO  Train:    2/4 ( 50%) [29786/55563 ( 54%)]  Loss: 0.7119 (1.20)  LR: 2.625e-04  Time cost: 1:11:45/1:48:30 [1:11:46/9:36:19]  Acc_iter 85350       Data time: 0.00(0.00)  Forward time: 0.24(0.25)  Batch time: 0.24(0.25)
2026-08-13 23:20:14,980   INFO  a1e06a0b30c0                Thu Aug 13 23:20:14 2026  580.173.02
[0] NVIDIA GeForce RTX 3070 | 68°C,  68 % |  6350 /  8192 MB | root(5954M)

2026-08-13 23:20:27,188   INFO  Train:    2/4 ( 50%) [29836/55563 ( 54%)]  Loss: 1.466 (1.20)  LR: 2.624e-04  Time cost: 1:11:57/1:48:18 [1:11:59/9:36:06]  Acc_iter 85400       Data time: 0.00(0.00)  Forward time: 0.27(0.25)  Batch time: 0.27(0.25)
2026-08-13 23:20:39,075   INFO  Train:    2/4 ( 50%) [29886/55563 ( 54%)]  Loss: 0.5496 (1.20)  LR: 2.623e-04  Time cost: 1:12:09/1:48:04 [1:12:11/9:35:48]  Acc_iter 85450       Data time: 0.00(0.00)  Forward time: 0.23(0.25)  Batch time: 0.23(0.25)
2026-08-13 23:20:51,317   INFO  Train:    2/4 ( 50%) [29936/55563 ( 54%)]  Loss: 0.7110 (1.20)  LR: 2.622e-04  Time cost: 1:12:22/1:47:51 [1:12:23/9:35:32]  Acc_iter 85500       Data time: 0.00(0.00)  Forward time: 0.24(0.25)  Batch time: 0.25(0.25)
2026-08-13 23:20:51,717   INFO  a1e06a0b30c0                Thu Aug 13 23:20:51 2026  580.173.02
[0] NVIDIA GeForce RTX 3070 | 69°C,  72 % |  6350 /  8192 MB | root(5954M)

2026-08-13 23:21:04,170   INFO  Train:    2/4 ( 50%) [29986/55563 ( 54%)]  Loss: 0.7620 (1.20)  LR: 2.622e-04  Time cost: 1:12:34/1:47:38 [1:12:36/9:35:21]  Acc_iter 85550       Data time: 0.00(0.00)  Forward time: 0.23(0.25)  Batch time: 0.23(0.25)
2026-08-13 23:21:15,969   INFO  Train:    2/4 ( 50%) [30036/55563 ( 54%)]  Loss: 1.471 (1.20)  LR: 2.621e-04  Time cost: 1:12:46/1:47:25 [1:12:48/9:35:02]  Acc_iter 85600       Data time: 0.00(0.00)  Forward time: 0.20(0.25)  Batch time: 0.20(0.25)
2026-08-13 23:21:28,198   INFO  Train:    2/4 ( 50%) [30086/55563 ( 54%)]  Loss: 0.8415 (1.20)  LR: 2.620e-04  Time cost: 1:12:58/1:47:11 [1:13:00/9:34:46]  Acc_iter 85650       Data time: 0.00(0.00)  Forward time: 0.25(0.25)  Batch time: 0.25(0.25)
2026-08-13 23:21:28,595   INFO  a1e06a0b30c0                Thu Aug 13 23:21:28 2026  580.173.02
[0] NVIDIA GeForce RTX 3070 | 69°C,  67 % |  6349 /  8192 MB | root(5954M)

2026-08-13 23:21:40,756   INFO  Train:    2/4 ( 50%) [30136/55563 ( 54%)]  Loss: 1.292 (1.20)  LR: 2.619e-04  Time cost: 1:13:11/1:46:59 [1:13:12/9:34:33]  Acc_iter 85700       Data time: 0.00(0.00)  Forward time: 0.25(0.25)  Batch time: 0.25(0.25)
2026-08-13 23:21:53,182   INFO  Train:    2/4 ( 50%) [30186/55563 ( 54%)]  Loss: 1.166 (1.20)  LR: 2.618e-04  Time cost: 1:13:23/1:46:46 [1:13:25/9:34:19]  Acc_iter 85750       Data time: 0.00(0.00)  Forward time: 0.22(0.25)  Batch time: 0.22(0.25)
2026-08-13 23:22:05,065   INFO  Train:    2/4 ( 50%) [30236/55563 ( 54%)]  Loss: 1.390 (1.20)  LR: 2.617e-04  Time cost: 1:13:35/1:46:32 [1:13:37/9:34:00]  Acc_iter 85800       Data time: 0.00(0.00)  Forward time: 0.19(0.25)  Batch time: 0.19(0.25)
2026-08-13 23:22:05,457   INFO  a1e06a0b30c0                Thu Aug 13 23:22:05 2026  580.173.02
[0] NVIDIA GeForce RTX 3070 | 68°C,  95 % |  6353 /  8192 MB | root(5954M)

2026-08-13 23:22:17,542   INFO  Train:    2/4 ( 50%) [30286/55563 ( 55%)]  Loss: 1.796 (1.20)  LR: 2.616e-04  Time cost: 1:13:48/1:46:19 [1:13:49/9:33:47]  Acc_iter 85850       Data time: 0.00(0.00)  Forward time: 0.26(0.25)  Batch time: 0.27(0.25)
2026-08-13 23:22:29,620   INFO  Train:    2/4 ( 50%) [30336/55563 ( 55%)]  Loss: 1.631 (1.20)  LR: 2.615e-04  Time cost: 1:14:00/1:46:06 [1:14:01/9:33:30]  Acc_iter 85900       Data time: 0.00(0.00)  Forward time: 0.22(0.25)  Batch time: 0.22(0.25)
2026-08-13 23:22:41,850   INFO  Train:    2/4 ( 50%) [30386/55563 ( 55%)]  Loss: 0.3076 (1.20)  LR: 2.615e-04  Time cost: 1:14:12/1:45:53 [1:14:13/9:33:14]  Acc_iter 85950       Data time: 0.00(0.00)  Forward time: 0.24(0.25)  Batch time: 0.24(0.25)
2026-08-13 23:22:42,296   INFO  a1e06a0b30c0                Thu Aug 13 23:22:42 2026  580.173.02
[0] NVIDIA GeForce RTX 3070 | 70°C,  63 % |  6351 /  8192 MB | root(5954M)

2026-08-13 23:22:54,560   INFO  Train:    2/4 ( 50%) [30436/55563 ( 55%)]  Loss: 1.070 (1.20)  LR: 2.614e-04  Time cost: 1:14:25/1:45:40 [1:14:26/9:33:02]  Acc_iter 86000       Data time: 0.00(0.00)  Forward time: 0.26(0.25)  Batch time: 0.27(0.25)
2026-08-13 23:23:06,725   INFO  Train:    2/4 ( 50%) [30486/55563 ( 55%)]  Loss: 0.9592 (1.20)  LR: 2.613e-04  Time cost: 1:14:37/1:45:27 [1:14:38/9:32:46]  Acc_iter 86050       Data time: 0.00(0.00)  Forward time: 0.27(0.25)  Batch time: 0.27(0.25)
2026-08-13 23:23:18,740   INFO  Train:    2/4 ( 50%) [30536/55563 ( 55%)]  Loss: 1.269 (1.20)  LR: 2.612e-04  Time cost: 1:14:49/1:45:13 [1:14:50/9:32:29]  Acc_iter 86100       Data time: 0.00(0.00)  Forward time: 0.25(0.25)  Batch time: 0.26(0.25)
2026-08-13 23:23:19,192   INFO  a1e06a0b30c0                Thu Aug 13 23:23:19 2026  580.173.02
[0] NVIDIA GeForce RTX 3070 | 69°C,  94 % |  6352 /  8192 MB | root(5954M)

2026-08-13 23:23:29,714   INFO  Save latest model to /OpenPCDet/output/OpenPCDet/tools/cfgs/models/S/F/S_F_N/default/ckpt/latest_model
2026-08-13 23:23:31,868   INFO  Train:    2/4 ( 50%) [30586/55563 ( 55%)]  Loss: 0.8874 (1.20)  LR: 2.611e-04  Time cost: 1:15:02/1:45:02 [1:15:03/9:32:20]  Acc_iter 86150       Data time: 0.00(0.00)  Forward time: 0.24(0.25)  Batch time: 0.24(0.25)
2026-08-13 23:23:44,224   INFO  Train:    2/4 ( 50%) [30636/55563 ( 55%)]  Loss: 1.396 (1.20)  LR: 2.610e-04  Time cost: 1:15:14/1:44:49 [1:15:16/9:32:06]  Acc_iter 86200       Data time: 0.00(0.00)  Forward time: 0.26(0.25)  Batch time: 0.26(0.25)
2026-08-13 23:23:56,416   INFO  Train:    2/4 ( 50%) [30686/55563 ( 55%)]  Loss: 0.6986 (1.20)  LR: 2.609e-04  Time cost: 1:15:27/1:44:35 [1:15:28/9:31:50]  Acc_iter 86250       Data time: 0.00(0.00)  Forward time: 0.21(0.25)  Batch time: 0.21(0.25)
2026-08-13 23:23:56,813   INFO  a1e06a0b30c0                Thu Aug 13 23:23:56 2026  580.173.02
[0] NVIDIA GeForce RTX 3070 | 63°C,   0 % |  6352 /  8192 MB | root(5954M)

2026-08-13 23:24:08,700   INFO  Train:    2/4 ( 50%) [30736/55563 ( 55%)]  Loss: 1.648 (1.20)  LR: 2.608e-04  Time cost: 1:15:39/1:44:22 [1:15:40/9:31:35]  Acc_iter 86300       Data time: 0.00(0.00)  Forward time: 0.25(0.25)  Batch time: 0.25(0.25)
2026-08-13 23:24:20,771   INFO  Train:    2/4 ( 50%) [30786/55563 ( 55%)]  Loss: 0.6213 (1.20)  LR: 2.607e-04  Time cost: 1:15:51/1:44:09 [1:15:52/9:31:18]  Acc_iter 86350       Data time: 0.00(0.00)  Forward time: 0.22(0.25)  Batch time: 0.22(0.25)
2026-08-13 23:24:33,171   INFO  Train:    2/4 ( 50%) [30836/55563 ( 55%)]  Loss: 0.8066 (1.20)  LR: 2.606e-04  Time cost: 1:16:03/1:43:56 [1:16:05/9:31:04]  Acc_iter 86400       Data time: 0.00(0.00)  Forward time: 0.27(0.25)  Batch time: 0.27(0.25)
2026-08-13 23:24:33,641   INFO  a1e06a0b30c0                Thu Aug 13 23:24:33 2026  580.173.02
[0] NVIDIA GeForce RTX 3070 | 71°C,  98 % |  6351 /  8192 MB | root(5954M)

2026-08-13 23:24:46,042   INFO  Train:    2/4 ( 50%) [30886/55563 ( 56%)]  Loss: 0.9250 (1.20)  LR: 2.606e-04  Time cost: 1:16:16/1:43:44 [1:16:18/9:30:53]  Acc_iter 86450       Data time: 0.00(0.00)  Forward time: 0.23(0.25)  Batch time: 0.23(0.25)
2026-08-13 23:24:58,120   INFO  Train:    2/4 ( 50%) [30936/55563 ( 56%)]  Loss: 0.5715 (1.20)  LR: 2.605e-04  Time cost: 1:16:28/1:43:30 [1:16:30/9:30:37]  Acc_iter 86500       Data time: 0.00(0.00)  Forward time: 0.24(0.25)  Batch time: 0.24(0.25)
2026-08-13 23:25:10,030   INFO  Train:    2/4 ( 50%) [30986/55563 ( 56%)]  Loss: 2.747 (1.20)  LR: 2.604e-04  Time cost: 1:16:40/1:43:17 [1:16:42/9:30:19]  Acc_iter 86550       Data time: 0.00(0.00)  Forward time: 0.27(0.25)  Batch time: 0.27(0.25)
2026-08-13 23:25:10,429   INFO  a1e06a0b30c0                Thu Aug 13 23:25:10 2026  580.173.02
[0] NVIDIA GeForce RTX 3070 | 65°C,  75 % |  6351 /  8192 MB | root(5954M)

2026-08-13 23:25:22,960   INFO  Train:    2/4 ( 50%) [31036/55563 ( 56%)]  Loss: 1.074 (1.20)  LR: 2.603e-04  Time cost: 1:16:53/1:43:05 [1:16:55/9:30:09]  Acc_iter 86600       Data time: 0.00(0.00)  Forward time: 0.28(0.25)  Batch time: 0.28(0.25)
2026-08-13 23:25:35,161   INFO  Train:    2/4 ( 50%) [31086/55563 ( 56%)]  Loss: 0.8214 (1.20)  LR: 2.602e-04  Time cost: 1:17:05/1:42:52 [1:17:07/9:29:53]  Acc_iter 86650       Data time: 0.00(0.00)  Forward time: 0.21(0.25)  Batch time: 0.22(0.25)
2026-08-13 23:25:47,162   INFO  Train:    2/4 ( 50%) [31136/55563 ( 56%)]  Loss: 1.278 (1.20)  LR: 2.601e-04  Time cost: 1:17:17/1:42:38 [1:17:19/9:29:36]  Acc_iter 86700       Data time: 0.00(0.00)  Forward time: 0.25(0.25)  Batch time: 0.25(0.25)
2026-08-13 23:25:47,620   INFO  a1e06a0b30c0                Thu Aug 13 23:25:47 2026  580.173.02
[0] NVIDIA GeForce RTX 3070 | 71°C,  81 % |  6352 /  8192 MB | root(5954M)

2026-08-13 23:25:59,661   INFO  Train:    2/4 ( 50%) [31186/55563 ( 56%)]  Loss: 1.048 (1.20)  LR: 2.600e-04  Time cost: 1:17:30/1:42:25 [1:17:31/9:29:23]  Acc_iter 86750       Data time: 0.00(0.00)  Forward time: 0.25(0.25)  Batch time: 0.25(0.25)
2026-08-13 23:26:11,863   INFO  Train:    2/4 ( 50%) [31236/55563 ( 56%)]  Loss: 1.433 (1.20)  LR: 2.599e-04  Time cost: 1:17:42/1:42:12 [1:17:43/9:29:07]  Acc_iter 86800       Data time: 0.00(0.00)  Forward time: 0.23(0.25)  Batch time: 0.23(0.25)
2026-08-13 23:26:24,320   INFO  Train:    2/4 ( 50%) [31286/55563 ( 56%)]  Loss: 0.6452 (1.20)  LR: 2.598e-04  Time cost: 1:17:55/1:41:59 [1:17:56/9:28:53]  Acc_iter 86850       Data time: 0.00(0.00)  Forward time: 0.21(0.25)  Batch time: 0.22(0.25)
2026-08-13 23:26:24,718   INFO  a1e06a0b30c0                Thu Aug 13 23:26:24 2026  580.173.02
[0] NVIDIA GeForce RTX 3070 | 72°C,  90 % |  6352 /  8192 MB | root(5954M)

2026-08-13 23:26:36,528   INFO  Train:    2/4 ( 50%) [31336/55563 ( 56%)]  Loss: 0.7330 (1.20)  LR: 2.598e-04  Time cost: 1:18:07/1:41:46 [1:18:08/9:28:38]  Acc_iter 86900       Data time: 0.00(0.00)  Forward time: 0.21(0.25)  Batch time: 0.21(0.25)
2026-08-13 23:26:48,534   INFO  Train:    2/4 ( 50%) [31386/55563 ( 56%)]  Loss: 0.9742 (1.20)  LR: 2.597e-04  Time cost: 1:18:19/1:41:33 [1:18:20/9:28:21]  Acc_iter 86950       Data time: 0.00(0.00)  Forward time: 0.21(0.25)  Batch time: 0.21(0.25)
2026-08-13 23:27:00,484   INFO  Train:    2/4 ( 50%) [31436/55563 ( 57%)]  Loss: 1.739 (1.20)  LR: 2.596e-04  Time cost: 1:18:31/1:41:20 [1:18:32/9:28:04]  Acc_iter 87000       Data time: 0.00(0.00)  Forward time: 0.25(0.25)  Batch time: 0.25(0.25)
2026-08-13 23:27:00,969   INFO  a1e06a0b30c0                Thu Aug 13 23:27:00 2026  580.173.02
[0] NVIDIA GeForce RTX 3070 | 66°C,   0 % |  6352 /  8192 MB | root(5954M)

2026-08-13 23:27:13,542   INFO  Train:    2/4 ( 50%) [31486/55563 ( 57%)]  Loss: 2.219 (1.20)  LR: 2.595e-04  Time cost: 1:18:44/1:41:08 [1:18:45/9:27:54]  Acc_iter 87050       Data time: 0.00(0.00)  Forward time: 0.27(0.25)  Batch time: 0.27(0.25)
2026-08-13 23:27:25,979   INFO  Train:    2/4 ( 50%) [31536/55563 ( 57%)]  Loss: 1.626 (1.20)  LR: 2.594e-04  Time cost: 1:18:56/1:40:55 [1:18:58/9:27:40]  Acc_iter 87100       Data time: 0.00(0.00)  Forward time: 0.26(0.25)  Batch time: 0.26(0.25)
2026-08-13 23:27:38,293   INFO  Train:    2/4 ( 50%) [31586/55563 ( 57%)]  Loss: 1.170 (1.20)  LR: 2.593e-04  Time cost: 1:19:08/1:40:42 [1:19:10/9:27:26]  Acc_iter 87150       Data time: 0.00(0.00)  Forward time: 0.21(0.25)  Batch time: 0.21(0.25)
2026-08-13 23:27:38,679   INFO  a1e06a0b30c0                Thu Aug 13 23:27:38 2026  580.173.02
[0] NVIDIA GeForce RTX 3070 | 73°C,  71 % |  6351 /  8192 MB | root(5954M)

2026-08-13 23:27:50,978   INFO  Train:    2/4 ( 50%) [31636/55563 ( 57%)]  Loss: 0.5428 (1.20)  LR: 2.592e-04  Time cost: 1:19:21/1:40:29 [1:19:23/9:27:14]  Acc_iter 87200       Data time: 0.00(0.00)  Forward time: 0.26(0.25)  Batch time: 0.26(0.25)
2026-08-13 23:28:03,216   INFO  Train:    2/4 ( 50%) [31686/55563 ( 57%)]  Loss: 1.408 (1.20)  LR: 2.591e-04  Time cost: 1:19:33/1:40:16 [1:19:35/9:26:59]  Acc_iter 87250       Data time: 0.00(0.00)  Forward time: 0.26(0.25)  Batch time: 0.26(0.25)
2026-08-13 23:28:15,551   INFO  Train:    2/4 ( 50%) [31736/55563 ( 57%)]  Loss: 1.494 (1.20)  LR: 2.590e-04  Time cost: 1:19:46/1:40:03 [1:19:47/9:26:44]  Acc_iter 87300       Data time: 0.00(0.00)  Forward time: 0.28(0.25)  Batch time: 0.29(0.25)
2026-08-13 23:28:15,951   INFO  a1e06a0b30c0                Thu Aug 13 23:28:15 2026  580.173.02
[0] NVIDIA GeForce RTX 3070 | 66°C,   1 % |  6351 /  8192 MB | root(5954M)

2026-08-13 23:28:27,876   INFO  Train:    2/4 ( 50%) [31786/55563 ( 57%)]  Loss: 1.477 (1.20)  LR: 2.589e-04  Time cost: 1:19:58/1:39:50 [1:19:59/9:26:30]  Acc_iter 87350       Data time: 0.00(0.00)  Forward time: 0.22(0.25)  Batch time: 0.22(0.25)
2026-08-13 23:28:29,488   INFO  Save latest model to /OpenPCDet/output/OpenPCDet/tools/cfgs/models/S/F/S_F_N/default/ckpt/latest_model
2026-08-13 23:28:40,182   INFO  Train:    2/4 ( 50%) [31836/55563 ( 57%)]  Loss: 0.8480 (1.20)  LR: 2.588e-04  Time cost: 1:20:10/1:39:37 [1:20:12/9:26:15]  Acc_iter 87400       Data time: 0.00(0.00)  Forward time: 0.27(0.25)  Batch time: 0.27(0.25)
2026-08-13 23:28:52,376   INFO  Train:    2/4 ( 50%) [31886/55563 ( 57%)]  Loss: 0.6929 (1.20)  LR: 2.588e-04  Time cost: 1:20:23/1:39:24 [1:20:24/9:26:00]  Acc_iter 87450       Data time: 0.00(0.00)  Forward time: 0.23(0.25)  Batch time: 0.23(0.25)
2026-08-13 23:28:52,784   INFO  a1e06a0b30c0                Thu Aug 13 23:28:52 2026  580.173.02
[0] NVIDIA GeForce RTX 3070 | 71°C,  99 % |  6352 /  8192 MB | root(5954M)

2026-08-13 23:29:05,146   INFO  Train:    2/4 ( 50%) [31936/55563 ( 57%)]  Loss: 1.835 (1.20)  LR: 2.587e-04  Time cost: 1:20:35/1:39:12 [1:20:37/9:25:48]  Acc_iter 87500       Data time: 0.00(0.00)  Forward time: 0.26(0.25)  Batch time: 0.26(0.25)
2026-08-13 23:29:17,283   INFO  Train:    2/4 ( 50%) [31986/55563 ( 58%)]  Loss: 1.003 (1.20)  LR: 2.586e-04  Time cost: 1:20:47/1:38:59 [1:20:49/9:25:32]  Acc_iter 87550       Data time: 0.00(0.00)  Forward time: 0.25(0.25)  Batch time: 0.25(0.25)
2026-08-13 23:29:29,398   INFO  Train:    2/4 ( 50%) [32036/55563 ( 58%)]  Loss: 0.9115 (1.20)  LR: 2.585e-04  Time cost: 1:21:00/1:38:46 [1:21:01/9:25:16]  Acc_iter 87600       Data time: 0.00(0.00)  Forward time: 0.26(0.25)  Batch time: 0.26(0.25)
2026-08-13 23:29:29,780   INFO  a1e06a0b30c0                Thu Aug 13 23:29:29 2026  580.173.02
[0] NVIDIA GeForce RTX 3070 | 72°C,  95 % |  6352 /  8192 MB | root(5954M)

2026-08-13 23:29:41,773   INFO  Train:    2/4 ( 50%) [32086/55563 ( 58%)]  Loss: 1.204 (1.20)  LR: 2.584e-04  Time cost: 1:21:12/1:38:33 [1:21:13/9:25:02]  Acc_iter 87650       Data time: 0.00(0.00)  Forward time: 0.26(0.25)  Batch time: 0.27(0.25)
2026-08-13 23:29:54,074   INFO  Train:    2/4 ( 50%) [32136/55563 ( 58%)]  Loss: 1.779 (1.20)  LR: 2.583e-04  Time cost: 1:21:24/1:38:20 [1:21:26/9:24:48]  Acc_iter 87700       Data time: 0.00(0.00)  Forward time: 0.27(0.25)  Batch time: 0.27(0.25)
2026-08-13 23:30:06,077   INFO  Train:    2/4 ( 50%) [32186/55563 ( 58%)]  Loss: 1.474 (1.20)  LR: 2.582e-04  Time cost: 1:21:36/1:38:06 [1:21:38/9:24:31]  Acc_iter 87750       Data time: 0.00(0.00)  Forward time: 0.24(0.25)  Batch time: 0.24(0.25)
2026-08-13 23:30:06,460   INFO  a1e06a0b30c0                Thu Aug 13 23:30:06 2026  580.173.02
[0] NVIDIA GeForce RTX 3070 | 68°C,  86 % |  6351 /  8192 MB | root(5954M)

2026-08-13 23:30:18,731   INFO  Train:    2/4 ( 50%) [32236/55563 ( 58%)]  Loss: 1.466 (1.20)  LR: 2.581e-04  Time cost: 1:21:49/1:37:54 [1:21:50/9:24:19]  Acc_iter 87800       Data time: 0.00(0.00)  Forward time: 0.25(0.25)  Batch time: 0.25(0.25)
2026-08-13 23:30:30,813   INFO  Train:    2/4 ( 50%) [32286/55563 ( 58%)]  Loss: 0.7482 (1.20)  LR: 2.580e-04  Time cost: 1:22:01/1:37:41 [1:22:02/9:24:03]  Acc_iter 87850       Data time: 0.00(0.00)  Forward time: 0.22(0.25)  Batch time: 0.22(0.25)
2026-08-13 23:30:43,121   INFO  Train:    2/4 ( 50%) [32336/55563 ( 58%)]  Loss: 0.9853 (1.20)  LR: 2.579e-04  Time cost: 1:22:13/1:37:28 [1:22:15/9:23:48]  Acc_iter 87900       Data time: 0.00(0.00)  Forward time: 0.24(0.25)  Batch time: 0.24(0.25)
2026-08-13 23:30:43,575   INFO  a1e06a0b30c0                Thu Aug 13 23:30:43 2026  580.173.02
[0] NVIDIA GeForce RTX 3070 | 72°C,  98 % |  6351 /  8192 MB | root(5954M)

2026-08-13 23:30:56,017   INFO  Train:    2/4 ( 50%) [32386/55563 ( 58%)]  Loss: 1.648 (1.20)  LR: 2.578e-04  Time cost: 1:22:26/1:37:16 [1:22:28/9:23:38]  Acc_iter 87950       Data time: 0.00(0.00)  Forward time: 0.22(0.25)  Batch time: 0.22(0.25)
2026-08-13 23:31:08,285   INFO  Train:    2/4 ( 50%) [32436/55563 ( 58%)]  Loss: 1.679 (1.20)  LR: 2.577e-04  Time cost: 1:22:38/1:37:03 [1:22:40/9:23:23]  Acc_iter 88000       Data time: 0.00(0.00)  Forward time: 0.27(0.25)  Batch time: 0.27(0.25)
2026-08-13 23:31:20,422   INFO  Train:    2/4 ( 50%) [32486/55563 ( 58%)]  Loss: 0.5265 (1.20)  LR: 2.577e-04  Time cost: 1:22:51/1:36:50 [1:22:52/9:23:07]  Acc_iter 88050       Data time: 0.00(0.00)  Forward time: 0.21(0.25)  Batch time: 0.21(0.25)
2026-08-13 23:31:20,825   INFO  a1e06a0b30c0                Thu Aug 13 23:31:20 2026  580.173.02
[0] NVIDIA GeForce RTX 3070 | 65°C,   0 % |  6352 /  8192 MB | root(5954M)

2026-08-13 23:31:32,963   INFO  Train:    2/4 ( 50%) [32536/55563 ( 59%)]  Loss: 1.050 (1.20)  LR: 2.576e-04  Time cost: 1:23:03/1:36:37 [1:23:05/9:22:54]  Acc_iter 88100       Data time: 0.00(0.00)  Forward time: 0.26(0.25)  Batch time: 0.26(0.25)
2026-08-13 23:31:45,576   INFO  Train:    2/4 ( 50%) [32586/55563 ( 59%)]  Loss: 1.473 (1.20)  LR: 2.575e-04  Time cost: 1:23:16/1:36:24 [1:23:17/9:22:42]  Acc_iter 88150       Data time: 0.00(0.00)  Forward time: 0.25(0.25)  Batch time: 0.25(0.25)
2026-08-13 23:31:57,587   INFO  Train:    2/4 ( 50%) [32636/55563 ( 59%)]  Loss: 0.7521 (1.20)  LR: 2.574e-04  Time cost: 1:23:28/1:36:11 [1:23:29/9:22:25]  Acc_iter 88200       Data time: 0.00(0.00)  Forward time: 0.26(0.25)  Batch time: 0.26(0.25)
2026-08-13 23:31:58,028   INFO  a1e06a0b30c0                Thu Aug 13 23:31:58 2026  580.173.02
[0] NVIDIA GeForce RTX 3070 | 70°C,   2 % |  6352 /  8192 MB | root(5954M)

2026-08-13 23:32:10,353   INFO  Train:    2/4 ( 50%) [32686/55563 ( 59%)]  Loss: 0.7692 (1.20)  LR: 2.573e-04  Time cost: 1:23:41/1:35:59 [1:23:42/9:22:14]  Acc_iter 88250       Data time: 0.00(0.00)  Forward time: 0.27(0.25)  Batch time: 0.27(0.25)
2026-08-13 23:32:22,481   INFO  Train:    2/4 ( 50%) [32736/55563 ( 59%)]  Loss: 0.7838 (1.20)  LR: 2.572e-04  Time cost: 1:23:53/1:35:46 [1:23:54/9:21:58]  Acc_iter 88300       Data time: 0.00(0.00)  Forward time: 0.27(0.25)  Batch time: 0.27(0.25)
2026-08-13 23:32:34,945   INFO  Train:    2/4 ( 50%) [32786/55563 ( 59%)]  Loss: 1.403 (1.20)  LR: 2.571e-04  Time cost: 1:24:05/1:35:33 [1:24:07/9:21:45]  Acc_iter 88350       Data time: 0.00(0.00)  Forward time: 0.21(0.25)  Batch time: 0.21(0.25)
2026-08-13 23:32:35,336   INFO  a1e06a0b30c0                Thu Aug 13 23:32:35 2026  580.173.02
[0] NVIDIA GeForce RTX 3070 | 64°C, 100 % |  6351 /  8192 MB | root(5954M)

2026-08-13 23:32:47,436   INFO  Train:    2/4 ( 50%) [32836/55563 ( 59%)]  Loss: 0.7963 (1.20)  LR: 2.570e-04  Time cost: 1:24:18/1:35:20 [1:24:19/9:21:32]  Acc_iter 88400       Data time: 0.00(0.00)  Forward time: 0.25(0.25)  Batch time: 0.25(0.25)
2026-08-13 23:32:59,496   INFO  Train:    2/4 ( 50%) [32886/55563 ( 59%)]  Loss: 1.083 (1.20)  LR: 2.569e-04  Time cost: 1:24:30/1:35:07 [1:24:31/9:21:16]  Acc_iter 88450       Data time: 0.00(0.00)  Forward time: 0.25(0.25)  Batch time: 0.25(0.25)
2026-08-13 23:33:11,594   INFO  Train:    2/4 ( 50%) [32936/55563 ( 59%)]  Loss: 1.192 (1.20)  LR: 2.568e-04  Time cost: 1:24:42/1:34:54 [1:24:43/9:21:00]  Acc_iter 88500       Data time: 0.00(0.00)  Forward time: 0.26(0.25)  Batch time: 0.26(0.25)
2026-08-13 23:33:11,984   INFO  a1e06a0b30c0                Thu Aug 13 23:33:11 2026  580.173.02
[0] NVIDIA GeForce RTX 3070 | 67°C,  25 % |  6351 /  8192 MB | root(5954M)

2026-08-13 23:33:24,348   INFO  Train:    2/4 ( 50%) [32986/55563 ( 59%)]  Loss: 1.432 (1.20)  LR: 2.567e-04  Time cost: 1:24:55/1:34:41 [1:24:56/9:20:48]  Acc_iter 88550       Data time: 0.00(0.00)  Forward time: 0.27(0.25)  Batch time: 0.27(0.25)
2026-08-13 23:33:29,466   INFO  Save latest model to /OpenPCDet/output/OpenPCDet/tools/cfgs/models/S/F/S_F_N/default/ckpt/latest_model
2026-08-13 23:33:36,427   INFO  Train:    2/4 ( 50%) [33036/55563 ( 59%)]  Loss: 0.9991 (1.20)  LR: 2.566e-04  Time cost: 1:25:07/1:34:28 [1:25:08/9:20:33]  Acc_iter 88600       Data time: 0.00(0.00)  Forward time: 0.24(0.25)  Batch time: 0.24(0.25)
2026-08-13 23:33:48,678   INFO  Train:    2/4 ( 50%) [33086/55563 ( 60%)]  Loss: 0.5918 (1.20)  LR: 2.565e-04  Time cost: 1:25:19/1:34:15 [1:25:20/9:20:18]  Acc_iter 88650       Data time: 0.00(0.00)  Forward time: 0.26(0.25)  Batch time: 0.26(0.25)
2026-08-13 23:33:49,074   INFO  a1e06a0b30c0                Thu Aug 13 23:33:49 2026  580.173.02
[0] NVIDIA GeForce RTX 3070 | 71°C, 100 % |  6351 /  8192 MB | root(5954M)

2026-08-13 23:34:01,393   INFO  Train:    2/4 ( 50%) [33136/55563 ( 60%)]  Loss: 2.661 (1.20)  LR: 2.564e-04  Time cost: 1:25:32/1:34:03 [1:25:33/9:20:06]  Acc_iter 88700       Data time: 0.00(0.00)  Forward time: 0.22(0.25)  Batch time: 0.23(0.25)
2026-08-13 23:34:13,778   INFO  Train:    2/4 ( 50%) [33186/55563 ( 60%)]  Loss: 2.221 (1.20)  LR: 2.563e-04  Time cost: 1:25:44/1:33:50 [1:25:45/9:19:52]  Acc_iter 88750       Data time: 0.00(0.00)  Forward time: 0.27(0.25)  Batch time: 0.27(0.25)
2026-08-13 23:34:25,961   INFO  Train:    2/4 ( 50%) [33236/55563 ( 60%)]  Loss: 0.7450 (1.20)  LR: 2.563e-04  Time cost: 1:25:56/1:33:37 [1:25:58/9:19:37]  Acc_iter 88800       Data time: 0.00(0.00)  Forward time: 0.22(0.25)  Batch time: 0.22(0.25)
2026-08-13 23:34:26,355   INFO  a1e06a0b30c0                Thu Aug 13 23:34:26 2026  580.173.02
[0] NVIDIA GeForce RTX 3070 | 63°C,  92 % |  6351 /  8192 MB | root(5954M)

2026-08-13 23:34:38,453   INFO  Train:    2/4 ( 50%) [33286/55563 ( 60%)]  Loss: 1.618 (1.20)  LR: 2.562e-04  Time cost: 1:26:09/1:33:24 [1:26:10/9:19:24]  Acc_iter 88850       Data time: 0.00(0.00)  Forward time: 0.21(0.25)  Batch time: 0.21(0.25)
2026-08-13 23:34:50,265   INFO  Train:    2/4 ( 50%) [33336/55563 ( 60%)]  Loss: 1.550 (1.20)  LR: 2.561e-04  Time cost: 1:26:20/1:33:11 [1:26:22/9:19:06]  Acc_iter 88900       Data time: 0.00(0.00)  Forward time: 0.25(0.25)  Batch time: 0.25(0.25)
2026-08-13 23:35:02,432   INFO  Train:    2/4 ( 50%) [33386/55563 ( 60%)]  Loss: 0.8849 (1.20)  LR: 2.560e-04  Time cost: 1:26:33/1:32:58 [1:26:34/9:18:51]  Acc_iter 88950       Data time: 0.00(0.00)  Forward time: 0.24(0.25)  Batch time: 0.24(0.25)
2026-08-13 23:35:02,890   INFO  a1e06a0b30c0                Thu Aug 13 23:35:02 2026  580.173.02
[0] NVIDIA GeForce RTX 3070 | 63°C,   1 % |  6352 /  8192 MB | root(5954M)

2026-08-13 23:35:15,435   INFO  Train:    2/4 ( 50%) [33436/55563 ( 60%)]  Loss: 0.8490 (1.20)  LR: 2.559e-04  Time cost: 1:26:46/1:32:46 [1:26:47/9:18:41]  Acc_iter 89000       Data time: 0.00(0.00)  Forward time: 0.26(0.25)  Batch time: 0.26(0.25)
2026-08-13 23:35:27,335   INFO  Train:    2/4 ( 50%) [33486/55563 ( 60%)]  Loss: 0.6828 (1.20)  LR: 2.558e-04  Time cost: 1:26:58/1:32:33 [1:26:59/9:18:24]  Acc_iter 89050       Data time: 0.00(0.00)  Forward time: 0.21(0.25)  Batch time: 0.22(0.25)
2026-08-13 23:35:39,356   INFO  Train:    2/4 ( 50%) [33536/55563 ( 60%)]  Loss: 1.290 (1.20)  LR: 2.557e-04  Time cost: 1:27:10/1:32:19 [1:27:11/9:18:08]  Acc_iter 89100       Data time: 0.00(0.00)  Forward time: 0.27(0.25)  Batch time: 0.27(0.25)
2026-08-13 23:35:39,807   INFO  a1e06a0b30c0                Thu Aug 13 23:35:39 2026  580.173.02
[0] NVIDIA GeForce RTX 3070 | 68°C,  94 % |  6352 /  8192 MB | root(5954M)

2026-08-13 23:35:52,038   INFO  Train:    2/4 ( 50%) [33586/55563 ( 60%)]  Loss: 1.406 (1.20)  LR: 2.556e-04  Time cost: 1:27:22/1:32:07 [1:27:24/9:17:56]  Acc_iter 89150       Data time: 0.00(0.00)  Forward time: 0.22(0.25)  Batch time: 0.22(0.25)
2026-08-13 23:36:04,279   INFO  Train:    2/4 ( 50%) [33636/55563 ( 61%)]  Loss: 1.346 (1.20)  LR: 2.555e-04  Time cost: 1:27:34/1:31:54 [1:27:36/9:17:42]  Acc_iter 89200       Data time: 0.00(0.00)  Forward time: 0.23(0.25)  Batch time: 0.23(0.25)
2026-08-13 23:36:16,657   INFO  Train:    2/4 ( 50%) [33686/55563 ( 61%)]  Loss: 0.7405 (1.20)  LR: 2.554e-04  Time cost: 1:27:47/1:31:41 [1:27:48/9:17:28]  Acc_iter 89250       Data time: 0.00(0.00)  Forward time: 0.23(0.25)  Batch time: 0.24(0.25)
2026-08-13 23:36:17,032   INFO  a1e06a0b30c0                Thu Aug 13 23:36:17 2026  580.173.02
[0] NVIDIA GeForce RTX 3070 | 70°C,  47 % |  6351 /  8192 MB | root(5954M)

2026-08-13 23:36:28,879   INFO  Train:    2/4 ( 50%) [33736/55563 ( 61%)]  Loss: 0.8833 (1.20)  LR: 2.553e-04  Time cost: 1:27:59/1:31:28 [1:28:01/9:17:13]  Acc_iter 89300       Data time: 0.00(0.00)  Forward time: 0.24(0.25)  Batch time: 0.24(0.25)
2026-08-13 23:36:41,074   INFO  Train:    2/4 ( 50%) [33786/55563 ( 61%)]  Loss: 0.9207 (1.20)  LR: 2.552e-04  Time cost: 1:28:11/1:31:15 [1:28:13/9:16:58]  Acc_iter 89350       Data time: 0.00(0.00)  Forward time: 0.25(0.25)  Batch time: 0.26(0.25)
2026-08-13 23:36:53,268   INFO  Train:    2/4 ( 50%) [33836/55563 ( 61%)]  Loss: 1.251 (1.20)  LR: 2.551e-04  Time cost: 1:28:23/1:31:02 [1:28:25/9:16:43]  Acc_iter 89400       Data time: 0.00(0.00)  Forward time: 0.27(0.25)  Batch time: 0.27(0.25)
2026-08-13 23:36:53,712   INFO  a1e06a0b30c0                Thu Aug 13 23:36:53 2026  580.173.02
[0] NVIDIA GeForce RTX 3070 | 71°C,  99 % |  6351 /  8192 MB | root(5954M)

2026-08-13 23:37:06,105   INFO  Train:    2/4 ( 50%) [33886/55563 ( 61%)]  Loss: 0.5596 (1.20)  LR: 2.550e-04  Time cost: 1:28:36/1:30:50 [1:28:38/9:16:32]  Acc_iter 89450       Data time: 0.00(0.00)  Forward time: 0.20(0.25)  Batch time: 0.20(0.25)
2026-08-13 23:37:18,140   INFO  Train:    2/4 ( 50%) [33936/55563 ( 61%)]  Loss: 1.062 (1.19)  LR: 2.549e-04  Time cost: 1:28:48/1:30:37 [1:28:50/9:16:16]  Acc_iter 89500       Data time: 0.00(0.00)  Forward time: 0.25(0.25)  Batch time: 0.25(0.25)
2026-08-13 23:37:30,513   INFO  Train:    2/4 ( 50%) [33986/55563 ( 61%)]  Loss: 0.7609 (1.19)  LR: 2.548e-04  Time cost: 1:29:01/1:30:24 [1:29:02/9:16:02]  Acc_iter 89550       Data time: 0.00(0.00)  Forward time: 0.24(0.25)  Batch time: 0.24(0.25)
2026-08-13 23:37:30,895   INFO  a1e06a0b30c0                Thu Aug 13 23:37:30 2026  580.173.02
[0] NVIDIA GeForce RTX 3070 | 64°C,   0 % |  6348 /  8192 MB | root(5954M)

2026-08-13 23:37:42,951   INFO  Train:    2/4 ( 50%) [34036/55563 ( 61%)]  Loss: 1.792 (1.19)  LR: 2.547e-04  Time cost: 1:29:13/1:30:11 [1:29:15/9:15:49]  Acc_iter 89600       Data time: 0.00(0.00)  Forward time: 0.26(0.25)  Batch time: 0.27(0.25)
2026-08-13 23:37:55,247   INFO  Train:    2/4 ( 50%) [34086/55563 ( 61%)]  Loss: 1.187 (1.19)  LR: 2.547e-04  Time cost: 1:29:25/1:29:59 [1:29:27/9:15:35]  Acc_iter 89650       Data time: 0.00(0.00)  Forward time: 0.25(0.25)  Batch time: 0.25(0.25)
2026-08-13 23:38:07,194   INFO  Train:    2/4 ( 50%) [34136/55563 ( 61%)]  Loss: 0.8095 (1.19)  LR: 2.546e-04  Time cost: 1:29:37/1:29:45 [1:29:39/9:15:18]  Acc_iter 89700       Data time: 0.00(0.00)  Forward time: 0.23(0.25)  Batch time: 0.23(0.25)
2026-08-13 23:38:07,576   INFO  a1e06a0b30c0                Thu Aug 13 23:38:07 2026  580.173.02
[0] NVIDIA GeForce RTX 3070 | 72°C,  97 % |  6348 /  8192 MB | root(5954M)

2026-08-13 23:38:19,809   INFO  Train:    2/4 ( 50%) [34186/55563 ( 62%)]  Loss: 0.8448 (1.19)  LR: 2.545e-04  Time cost: 1:29:50/1:29:33 [1:29:51/9:15:06]  Acc_iter 89750       Data time: 0.00(0.00)  Forward time: 0.21(0.25)  Batch time: 0.21(0.25)
2026-08-13 23:38:29,445   INFO  Save latest model to /OpenPCDet/output/OpenPCDet/tools/cfgs/models/S/F/S_F_N/default/ckpt/latest_model
2026-08-13 23:38:32,117   INFO  Train:    2/4 ( 50%) [34236/55563 ( 62%)]  Loss: 1.132 (1.19)  LR: 2.544e-04  Time cost: 1:30:02/1:29:20 [1:30:04/9:14:52]  Acc_iter 89800       Data time: 0.00(0.00)  Forward time: 0.24(0.25)  Batch time: 0.25(0.25)
2026-08-13 23:38:44,532   INFO  Train:    2/4 ( 50%) [34286/55563 ( 62%)]  Loss: 1.706 (1.19)  LR: 2.543e-04  Time cost: 1:30:15/1:29:07 [1:30:16/9:14:38]  Acc_iter 89850       Data time: 0.00(0.00)  Forward time: 0.23(0.25)  Batch time: 0.23(0.25)
2026-08-13 23:38:44,945   INFO  a1e06a0b30c0                Thu Aug 13 23:38:44 2026  580.173.02
[0] NVIDIA GeForce RTX 3070 | 65°C,   1 % |  6347 /  8192 MB | root(5954M)

2026-08-13 23:38:57,151   INFO  Train:    2/4 ( 50%) [34336/55563 ( 62%)]  Loss: 1.337 (1.19)  LR: 2.542e-04  Time cost: 1:30:27/1:28:55 [1:30:29/9:14:26]  Acc_iter 89900       Data time: 0.00(0.00)  Forward time: 0.25(0.25)  Batch time: 0.25(0.25)
2026-08-13 23:39:09,509   INFO  Train:    2/4 ( 50%) [34386/55563 ( 62%)]  Loss: 1.897 (1.20)  LR: 2.541e-04  Time cost: 1:30:40/1:28:42 [1:30:41/9:14:12]  Acc_iter 89950       Data time: 0.00(0.00)  Forward time: 0.28(0.25)  Batch time: 0.28(0.25)
2026-08-13 23:39:21,694   INFO  Train:    2/4 ( 50%) [34436/55563 ( 62%)]  Loss: 1.342 (1.19)  LR: 2.540e-04  Time cost: 1:30:52/1:28:29 [1:30:53/9:13:57]  Acc_iter 90000       Data time: 0.00(0.00)  Forward time: 0.23(0.25)  Batch time: 0.23(0.25)
2026-08-13 23:39:22,083   INFO  a1e06a0b30c0                Thu Aug 13 23:39:22 2026  580.173.02
[0] NVIDIA GeForce RTX 3070 | 72°C,  96 % |  6347 /  8192 MB | root(5954M)

2026-08-13 23:39:34,595   INFO  Train:    2/4 ( 50%) [34486/55563 ( 62%)]  Loss: 1.319 (1.19)  LR: 2.539e-04  Time cost: 1:31:05/1:28:17 [1:31:06/9:13:47]  Acc_iter 90050       Data time: 0.00(0.00)  Forward time: 0.21(0.25)  Batch time: 0.21(0.25)
2026-08-13 23:39:46,681   INFO  Train:    2/4 ( 50%) [34536/55563 ( 62%)]  Loss: 1.184 (1.19)  LR: 2.538e-04  Time cost: 1:31:17/1:28:04 [1:31:18/9:13:31]  Acc_iter 90100       Data time: 0.00(0.00)  Forward time: 0.26(0.25)  Batch time: 0.26(0.25)
2026-08-13 23:39:58,371   INFO  Train:    2/4 ( 50%) [34586/55563 ( 62%)]  Loss: 1.196 (1.19)  LR: 2.537e-04  Time cost: 1:31:29/1:27:50 [1:31:30/9:13:13]  Acc_iter 90150       Data time: 0.00(0.00)  Forward time: 0.22(0.25)  Batch time: 0.23(0.25)
2026-08-13 23:39:58,749   INFO  a1e06a0b30c0                Thu Aug 13 23:39:58 2026  580.173.02
[0] NVIDIA GeForce RTX 3070 | 71°C,  75 % |  6347 /  8192 MB | root(5954M)

2026-08-13 23:40:11,083   INFO  Train:    2/4 ( 50%) [34636/55563 ( 62%)]  Loss: 1.035 (1.19)  LR: 2.536e-04  Time cost: 1:31:41/1:27:38 [1:31:43/9:13:02]  Acc_iter 90200       Data time: 0.00(0.00)  Forward time: 0.25(0.25)  Batch time: 0.25(0.25)
2026-08-13 23:40:23,372   INFO  Train:    2/4 ( 50%) [34686/55563 ( 62%)]  Loss: 1.322 (1.19)  LR: 2.535e-04  Time cost: 1:31:54/1:27:25 [1:31:55/9:12:48]  Acc_iter 90250       Data time: 0.00(0.00)  Forward time: 0.27(0.25)  Batch time: 0.27(0.25)
2026-08-13 23:40:35,954   INFO  Train:    2/4 ( 50%) [34736/55563 ( 63%)]  Loss: 0.8487 (1.19)  LR: 2.534e-04  Time cost: 1:32:06/1:27:13 [1:32:08/9:12:35]  Acc_iter 90300       Data time: 0.00(0.00)  Forward time: 0.24(0.25)  Batch time: 0.24(0.25)
2026-08-13 23:40:36,353   INFO  a1e06a0b30c0                Thu Aug 13 23:40:36 2026  580.173.02
[0] NVIDIA GeForce RTX 3070 | 71°C,  85 % |  6348 /  8192 MB | root(5954M)

2026-08-13 23:40:48,691   INFO  Train:    2/4 ( 50%) [34786/55563 ( 63%)]  Loss: 1.074 (1.19)  LR: 2.533e-04  Time cost: 1:32:19/1:27:00 [1:32:20/9:12:24]  Acc_iter 90350       Data time: 0.00(0.00)  Forward time: 0.24(0.25)  Batch time: 0.24(0.25)
2026-08-13 23:41:00,689   INFO  Train:    2/4 ( 50%) [34836/55563 ( 63%)]  Loss: 1.587 (1.19)  LR: 2.532e-04  Time cost: 1:32:31/1:26:47 [1:32:32/9:12:08]  Acc_iter 90400       Data time: 0.00(0.00)  Forward time: 0.27(0.25)  Batch time: 0.27(0.25)
2026-08-13 23:41:13,045   INFO  Train:    2/4 ( 50%) [34886/55563 ( 63%)]  Loss: 0.7753 (1.19)  LR: 2.531e-04  Time cost: 1:32:43/1:26:34 [1:32:45/9:11:54]  Acc_iter 90450       Data time: 0.00(0.00)  Forward time: 0.25(0.25)  Batch time: 0.25(0.25)
2026-08-13 23:41:13,484   INFO  a1e06a0b30c0                Thu Aug 13 23:41:13 2026  580.173.02
[0] NVIDIA GeForce RTX 3070 | 65°C,  95 % |  6347 /  8192 MB | root(5954M)

2026-08-13 23:41:25,671   INFO  Train:    2/4 ( 50%) [34936/55563 ( 63%)]  Loss: 0.7909 (1.19)  LR: 2.530e-04  Time cost: 1:32:56/1:26:22 [1:32:57/9:11:42]  Acc_iter 90500       Data time: 0.00(0.00)  Forward time: 0.22(0.25)  Batch time: 0.22(0.25)
2026-08-13 23:41:37,738   INFO  Train:    2/4 ( 50%) [34986/55563 ( 63%)]  Loss: 1.374 (1.19)  LR: 2.529e-04  Time cost: 1:33:08/1:26:09 [1:33:09/9:11:26]  Acc_iter 90550       Data time: 0.00(0.00)  Forward time: 0.21(0.25)  Batch time: 0.21(0.25)
2026-08-13 23:41:49,642   INFO  Train:    2/4 ( 50%) [35036/55563 ( 63%)]  Loss: 0.7300 (1.19)  LR: 2.528e-04  Time cost: 1:33:20/1:25:56 [1:33:21/9:11:10]  Acc_iter 90600       Data time: 0.00(0.00)  Forward time: 0.22(0.25)  Batch time: 0.22(0.25)
2026-08-13 23:41:50,037   INFO  a1e06a0b30c0                Thu Aug 13 23:41:50 2026  580.173.02
[0] NVIDIA GeForce RTX 3070 | 67°C,  37 % |  6347 /  8192 MB | root(5954M)

2026-08-13 23:42:02,411   INFO  Train:    2/4 ( 50%) [35086/55563 ( 63%)]  Loss: 2.350 (1.19)  LR: 2.527e-04  Time cost: 1:33:33/1:25:43 [1:33:34/9:10:58]  Acc_iter 90650       Data time: 0.00(0.00)  Forward time: 0.26(0.25)  Batch time: 0.26(0.25)
2026-08-13 23:42:14,698   INFO  Train:    2/4 ( 50%) [35136/55563 ( 63%)]  Loss: 1.554 (1.19)  LR: 2.526e-04  Time cost: 1:33:45/1:25:31 [1:33:46/9:10:44]  Acc_iter 90700       Data time: 0.00(0.00)  Forward time: 0.30(0.25)  Batch time: 0.30(0.25)
2026-08-13 23:42:26,748   INFO  Train:    2/4 ( 50%) [35186/55563 ( 63%)]  Loss: 0.9149 (1.19)  LR: 2.525e-04  Time cost: 1:33:57/1:25:18 [1:33:58/9:10:29]  Acc_iter 90750       Data time: 0.00(0.00)  Forward time: 0.25(0.25)  Batch time: 0.25(0.25)
2026-08-13 23:42:27,141   INFO  a1e06a0b30c0                Thu Aug 13 23:42:27 2026  580.173.02
[0] NVIDIA GeForce RTX 3070 | 72°C,  95 % |  6347 /  8192 MB | root(5954M)

2026-08-13 23:42:39,560   INFO  Train:    2/4 ( 50%) [35236/55563 ( 63%)]  Loss: 0.5479 (1.19)  LR: 2.524e-04  Time cost: 1:34:10/1:25:05 [1:34:11/9:10:18]  Acc_iter 90800       Data time: 0.00(0.00)  Forward time: 0.25(0.25)  Batch time: 0.25(0.25)
2026-08-13 23:42:52,178   INFO  Train:    2/4 ( 50%) [35286/55563 ( 64%)]  Loss: 1.485 (1.19)  LR: 2.524e-04  Time cost: 1:34:22/1:24:53 [1:34:24/9:10:05]  Acc_iter 90850       Data time: 0.00(0.00)  Forward time: 0.24(0.25)  Batch time: 0.25(0.25)
2026-08-13 23:43:04,527   INFO  Train:    2/4 ( 50%) [35336/55563 ( 64%)]  Loss: 0.7281 (1.19)  LR: 2.523e-04  Time cost: 1:34:35/1:24:40 [1:34:36/9:09:52]  Acc_iter 90900       Data time: 0.00(0.00)  Forward time: 0.24(0.25)  Batch time: 0.24(0.25)
2026-08-13 23:43:04,964   INFO  a1e06a0b30c0                Thu Aug 13 23:43:04 2026  580.173.02
[0] NVIDIA GeForce RTX 3070 | 65°C,   0 % |  6348 /  8192 MB | root(5954M)

2026-08-13 23:43:17,093   INFO  Train:    2/4 ( 50%) [35386/55563 ( 64%)]  Loss: 0.3994 (1.19)  LR: 2.522e-04  Time cost: 1:34:47/1:24:27 [1:34:49/9:09:39]  Acc_iter 90950       Data time: 0.00(0.00)  Forward time: 0.24(0.25)  Batch time: 0.24(0.25)
2026-08-13 23:43:29,049   INFO  Train:    2/4 ( 50%) [35436/55563 ( 64%)]  Loss: 0.9644 (1.19)  LR: 2.521e-04  Time cost: 1:34:59/1:24:14 [1:35:01/9:09:23]  Acc_iter 91000       Data time: 0.00(0.00)  Forward time: 0.22(0.25)  Batch time: 0.22(0.25)
2026-08-13 23:43:29,409   INFO  Save latest model to /OpenPCDet/output/OpenPCDet/tools/cfgs/models/S/F/S_F_N/default/ckpt/latest_model
2026-08-13 23:43:41,470   INFO  Train:    2/4 ( 50%) [35486/55563 ( 64%)]  Loss: 1.495 (1.19)  LR: 2.520e-04  Time cost: 1:35:12/1:24:02 [1:35:13/9:09:10]  Acc_iter 91050       Data time: 0.00(0.00)  Forward time: 0.24(0.25)  Batch time: 0.25(0.25)
2026-08-13 23:43:41,867   INFO  a1e06a0b30c0                Thu Aug 13 23:43:41 2026  580.173.02
[0] NVIDIA GeForce RTX 3070 | 72°C,  95 % |  6348 /  8192 MB | root(5954M)

2026-08-13 23:43:54,317   INFO  Train:    2/4 ( 50%) [35536/55563 ( 64%)]  Loss: 0.7941 (1.19)  LR: 2.519e-04  Time cost: 1:35:25/1:23:49 [1:35:26/9:08:59]  Acc_iter 91100       Data time: 0.00(0.00)  Forward time: 0.26(0.25)  Batch time: 0.26(0.25)
2026-08-13 23:44:06,570   INFO  Train:    2/4 ( 50%) [35586/55563 ( 64%)]  Loss: 0.9516 (1.19)  LR: 2.518e-04  Time cost: 1:35:37/1:23:37 [1:35:38/9:08:45]  Acc_iter 91150       Data time: 0.00(0.00)  Forward time: 0.24(0.25)  Batch time: 0.24(0.25)
2026-08-13 23:44:18,708   INFO  Train:    2/4 ( 50%) [35636/55563 ( 64%)]  Loss: 1.616 (1.19)  LR: 2.517e-04  Time cost: 1:35:49/1:23:24 [1:35:50/9:08:30]  Acc_iter 91200       Data time: 0.00(0.00)  Forward time: 0.23(0.25)  Batch time: 0.23(0.25)
2026-08-13 23:44:19,153   INFO  a1e06a0b30c0                Thu Aug 13 23:44:19 2026  580.173.02
[0] NVIDIA GeForce RTX 3070 | 72°C,  96 % |  6347 /  8192 MB | root(5954M)

2026-08-13 23:44:31,315   INFO  Train:    2/4 ( 50%) [35686/55563 ( 64%)]  Loss: 1.747 (1.19)  LR: 2.516e-04  Time cost: 1:36:02/1:23:11 [1:36:03/9:08:17]  Acc_iter 91250       Data time: 0.00(0.00)  Forward time: 0.27(0.25)  Batch time: 0.28(0.25)
2026-08-13 23:44:43,281   INFO  Train:    2/4 ( 50%) [35736/55563 ( 64%)]  Loss: 1.056 (1.19)  LR: 2.515e-04  Time cost: 1:36:13/1:22:58 [1:36:15/9:08:01]  Acc_iter 91300       Data time: 0.00(0.00)  Forward time: 0.23(0.25)  Batch time: 0.23(0.25)
2026-08-13 23:44:55,773   INFO  Train:    2/4 ( 50%) [35786/55563 ( 64%)]  Loss: 1.072 (1.19)  LR: 2.514e-04  Time cost: 1:36:26/1:22:45 [1:36:27/9:07:49]  Acc_iter 91350       Data time: 0.00(0.00)  Forward time: 0.23(0.25)  Batch time: 0.23(0.25)
2026-08-13 23:44:56,188   INFO  a1e06a0b30c0                Thu Aug 13 23:44:56 2026  580.173.02
[0] NVIDIA GeForce RTX 3070 | 71°C,  99 % |  6347 /  8192 MB | root(5954M)

2026-08-13 23:45:08,078   INFO  Train:    2/4 ( 50%) [35836/55563 ( 64%)]  Loss: 1.545 (1.19)  LR: 2.513e-04  Time cost: 1:36:38/1:22:33 [1:36:40/9:07:35]  Acc_iter 91400       Data time: 0.00(0.00)  Forward time: 0.22(0.25)  Batch time: 0.22(0.25)
2026-08-13 23:45:20,251   INFO  Train:    2/4 ( 50%) [35886/55563 ( 65%)]  Loss: 0.7037 (1.19)  LR: 2.512e-04  Time cost: 1:36:50/1:22:20 [1:36:52/9:07:20]  Acc_iter 91450       Data time: 0.00(0.00)  Forward time: 0.25(0.25)  Batch time: 0.25(0.25)
2026-08-13 23:45:32,589   INFO  Train:    2/4 ( 50%) [35936/55563 ( 65%)]  Loss: 2.997 (1.19)  LR: 2.511e-04  Time cost: 1:37:03/1:22:07 [1:37:04/9:07:06]  Acc_iter 91500       Data time: 0.00(0.00)  Forward time: 0.27(0.25)  Batch time: 0.27(0.25)
2026-08-13 23:45:32,987   INFO  a1e06a0b30c0                Thu Aug 13 23:45:32 2026  580.173.02
[0] NVIDIA GeForce RTX 3070 | 65°C,   1 % |  6347 /  8192 MB | root(5954M)

2026-08-13 23:45:45,190   INFO  Train:    2/4 ( 50%) [35986/55563 ( 65%)]  Loss: 1.440 (1.19)  LR: 2.510e-04  Time cost: 1:37:15/1:21:54 [1:37:17/9:06:54]  Acc_iter 91550       Data time: 0.00(0.00)  Forward time: 0.27(0.25)  Batch time: 0.27(0.25)
2026-08-13 23:45:57,654   INFO  Train:    2/4 ( 50%) [36036/55563 ( 65%)]  Loss: 0.8364 (1.19)  LR: 2.509e-04  Time cost: 1:37:28/1:21:42 [1:37:29/9:06:41]  Acc_iter 91600       Data time: 0.00(0.00)  Forward time: 0.25(0.25)  Batch time: 0.25(0.25)
2026-08-13 23:46:10,080   INFO  Train:    2/4 ( 50%) [36086/55563 ( 65%)]  Loss: 1.108 (1.19)  LR: 2.508e-04  Time cost: 1:37:40/1:21:29 [1:37:42/9:06:27]  Acc_iter 91650       Data time: 0.00(0.00)  Forward time: 0.25(0.25)  Batch time: 0.25(0.25)
2026-08-13 23:46:10,468   INFO  a1e06a0b30c0                Thu Aug 13 23:46:10 2026  580.173.02
[0] NVIDIA GeForce RTX 3070 | 65°C,  81 % |  6348 /  8192 MB | root(5954M)

2026-08-13 23:46:22,776   INFO  Train:    2/4 ( 50%) [36136/55563 ( 65%)]  Loss: 1.272 (1.19)  LR: 2.507e-04  Time cost: 1:37:53/1:21:17 [1:37:54/9:06:16]  Acc_iter 91700       Data time: 0.00(0.00)  Forward time: 0.25(0.25)  Batch time: 0.25(0.25)
2026-08-13 23:46:34,742   INFO  Train:    2/4 ( 50%) [36186/55563 ( 65%)]  Loss: 1.091 (1.19)  LR: 2.506e-04  Time cost: 1:38:05/1:21:04 [1:38:06/9:06:00]  Acc_iter 91750       Data time: 0.00(0.00)  Forward time: 0.26(0.25)  Batch time: 0.26(0.25)
2026-08-13 23:46:47,130   INFO  Train:    2/4 ( 50%) [36236/55563 ( 65%)]  Loss: 0.7771 (1.19)  LR: 2.505e-04  Time cost: 1:38:17/1:20:51 [1:38:19/9:05:46]  Acc_iter 91800       Data time: 0.00(0.00)  Forward time: 0.23(0.25)  Batch time: 0.23(0.25)
2026-08-13 23:46:47,532   INFO  a1e06a0b30c0                Thu Aug 13 23:46:47 2026  580.173.02
[0] NVIDIA GeForce RTX 3070 | 66°C,  77 % |  6347 /  8192 MB | root(5954M)

2026-08-13 23:46:59,352   INFO  Train:    2/4 ( 50%) [36286/55563 ( 65%)]  Loss: 1.140 (1.19)  LR: 2.504e-04  Time cost: 1:38:30/1:20:38 [1:38:31/9:05:32]  Acc_iter 91850       Data time: 0.00(0.00)  Forward time: 0.20(0.25)  Batch time: 0.20(0.25)
2026-08-13 23:47:11,346   INFO  Train:    2/4 ( 50%) [36336/55563 ( 65%)]  Loss: 0.8552 (1.19)  LR: 2.503e-04  Time cost: 1:38:42/1:20:25 [1:38:43/9:05:16]  Acc_iter 91900       Data time: 0.00(0.00)  Forward time: 0.24(0.25)  Batch time: 0.24(0.25)
2026-08-13 23:47:23,347   INFO  Train:    2/4 ( 50%) [36386/55563 ( 65%)]  Loss: 1.320 (1.19)  LR: 2.502e-04  Time cost: 1:38:54/1:20:12 [1:38:55/9:05:01]  Acc_iter 91950       Data time: 0.00(0.00)  Forward time: 0.29(0.25)  Batch time: 0.29(0.25)
2026-08-13 23:47:23,810   INFO  a1e06a0b30c0                Thu Aug 13 23:47:23 2026  580.173.02
[0] NVIDIA GeForce RTX 3070 | 71°C,  86 % |  6351 /  8192 MB | root(5954M)

2026-08-13 23:47:36,348   INFO  Train:    2/4 ( 50%) [36436/55563 ( 66%)]  Loss: 1.403 (1.19)  LR: 2.501e-04  Time cost: 1:39:07/1:20:00 [1:39:08/9:04:51]  Acc_iter 92000       Data time: 0.00(0.00)  Forward time: 0.24(0.25)  Batch time: 0.24(0.25)
2026-08-13 23:47:48,299   INFO  Train:    2/4 ( 50%) [36486/55563 ( 66%)]  Loss: 0.4795 (1.19)  LR: 2.500e-04  Time cost: 1:39:18/1:19:47 [1:39:20/9:04:35]  Acc_iter 92050       Data time: 0.00(0.00)  Forward time: 0.24(0.25)  Batch time: 0.24(0.25)
2026-08-13 23:48:00,401   INFO  Train:    2/4 ( 50%) [36536/55563 ( 66%)]  Loss: 0.6692 (1.19)  LR: 2.499e-04  Time cost: 1:39:31/1:19:34 [1:39:32/9:04:20]  Acc_iter 92100       Data time: 0.00(0.00)  Forward time: 0.20(0.25)  Batch time: 0.20(0.25)
2026-08-13 23:48:00,783   INFO  a1e06a0b30c0                Thu Aug 13 23:48:00 2026  580.173.02
[0] NVIDIA GeForce RTX 3070 | 72°C,  83 % |  6347 /  8192 MB | root(5954M)

2026-08-13 23:48:13,214   INFO  Train:    2/4 ( 50%) [36586/55563 ( 66%)]  Loss: 1.108 (1.19)  LR: 2.498e-04  Time cost: 1:39:43/1:19:22 [1:39:45/9:04:09]  Acc_iter 92150       Data time: 0.00(0.00)  Forward time: 0.21(0.25)  Batch time: 0.21(0.25)
2026-08-13 23:48:25,799   INFO  Train:    2/4 ( 50%) [36636/55563 ( 66%)]  Loss: 0.8491 (1.19)  LR: 2.497e-04  Time cost: 1:39:56/1:19:09 [1:39:57/9:03:57]  Acc_iter 92200       Data time: 0.00(0.00)  Forward time: 0.23(0.25)  Batch time: 0.23(0.25)
2026-08-13 23:48:29,548   INFO  Save latest model to /OpenPCDet/output/OpenPCDet/tools/cfgs/models/S/F/S_F_N/default/ckpt/latest_model
2026-08-13 23:48:38,071   INFO  Train:    2/4 ( 50%) [36686/55563 ( 66%)]  Loss: 2.013 (1.19)  LR: 2.496e-04  Time cost: 1:40:08/1:18:57 [1:40:10/9:03:43]  Acc_iter 92250       Data time: 0.00(0.00)  Forward time: 0.25(0.25)  Batch time: 0.25(0.25)
2026-08-13 23:48:38,464   INFO  a1e06a0b30c0                Thu Aug 13 23:48:38 2026  580.173.02
[0] NVIDIA GeForce RTX 3070 | 66°C,  74 % |  6348 /  8192 MB | root(5954M)

2026-08-13 23:48:50,702   INFO  Train:    2/4 ( 50%) [36736/55563 ( 66%)]  Loss: 1.743 (1.19)  LR: 2.495e-04  Time cost: 1:40:21/1:18:44 [1:40:22/9:03:30]  Acc_iter 92300       Data time: 0.00(0.00)  Forward time: 0.25(0.25)  Batch time: 0.25(0.25)
2026-08-13 23:49:03,017   INFO  Train:    2/4 ( 50%) [36786/55563 ( 66%)]  Loss: 1.526 (1.19)  LR: 2.494e-04  Time cost: 1:40:33/1:18:31 [1:40:35/9:03:17]  Acc_iter 92350       Data time: 0.00(0.00)  Forward time: 0.22(0.25)  Batch time: 0.22(0.25)
2026-08-13 23:49:15,207   INFO  Train:    2/4 ( 50%) [36836/55563 ( 66%)]  Loss: 0.9568 (1.19)  LR: 2.493e-04  Time cost: 1:40:45/1:18:18 [1:40:47/9:03:02]  Acc_iter 92400       Data time: 0.00(0.00)  Forward time: 0.23(0.25)  Batch time: 0.23(0.25)
2026-08-13 23:49:15,708   INFO  a1e06a0b30c0                Thu Aug 13 23:49:15 2026  580.173.02
[0] NVIDIA GeForce RTX 3070 | 72°C,  65 % |  6348 /  8192 MB | root(5954M)

2026-08-13 23:49:27,785   INFO  Train:    2/4 ( 50%) [36886/55563 ( 66%)]  Loss: 1.486 (1.19)  LR: 2.492e-04  Time cost: 1:40:58/1:18:06 [1:40:59/9:02:50]  Acc_iter 92450       Data time: 0.00(0.00)  Forward time: 0.24(0.25)  Batch time: 0.24(0.25)
2026-08-13 23:49:39,897   INFO  Train:    2/4 ( 50%) [36936/55563 ( 66%)]  Loss: 1.426 (1.19)  LR: 2.491e-04  Time cost: 1:41:10/1:17:53 [1:41:12/9:02:35]  Acc_iter 92500       Data time: 0.00(0.00)  Forward time: 0.21(0.25)  Batch time: 0.22(0.25)
2026-08-13 23:49:51,953   INFO  Train:    2/4 ( 50%) [36986/55563 ( 67%)]  Loss: 1.348 (1.19)  LR: 2.490e-04  Time cost: 1:41:22/1:17:40 [1:41:24/9:02:20]  Acc_iter 92550       Data time: 0.00(0.00)  Forward time: 0.23(0.25)  Batch time: 0.24(0.25)
2026-08-13 23:49:52,347   INFO  a1e06a0b30c0                Thu Aug 13 23:49:52 2026  580.173.02
[0] NVIDIA GeForce RTX 3070 | 69°C,  73 % |  6347 /  8192 MB | root(5954M)

2026-08-13 23:50:04,508   INFO  Train:    2/4 ( 50%) [37036/55563 ( 67%)]  Loss: 2.107 (1.19)  LR: 2.489e-04  Time cost: 1:41:35/1:17:28 [1:41:36/9:02:07]  Acc_iter 92600       Data time: 0.00(0.00)  Forward time: 0.26(0.25)  Batch time: 0.26(0.25)
2026-08-13 23:50:16,824   INFO  Train:    2/4 ( 50%) [37086/55563 ( 67%)]  Loss: 0.6155 (1.19)  LR: 2.488e-04  Time cost: 1:41:47/1:17:15 [1:41:48/9:01:53]  Acc_iter 92650       Data time: 0.00(0.00)  Forward time: 0.24(0.25)  Batch time: 0.24(0.25)
2026-08-13 23:50:28,622   INFO  Train:    2/4 ( 50%) [37136/55563 ( 67%)]  Loss: 1.355 (1.19)  LR: 2.487e-04  Time cost: 1:41:59/1:17:02 [1:42:00/9:01:37]  Acc_iter 92700       Data time: 0.00(0.00)  Forward time: 0.22(0.25)  Batch time: 0.22(0.25)
2026-08-13 23:50:29,006   INFO  a1e06a0b30c0                Thu Aug 13 23:50:28 2026  580.173.02
[0] NVIDIA GeForce RTX 3070 | 66°C,   1 % |  6347 /  8192 MB | root(5954M)

2026-08-13 23:50:41,050   INFO  Train:    2/4 ( 50%) [37186/55563 ( 67%)]  Loss: 1.115 (1.19)  LR: 2.486e-04  Time cost: 1:42:11/1:16:49 [1:42:13/9:01:24]  Acc_iter 92750       Data time: 0.00(0.00)  Forward time: 0.25(0.25)  Batch time: 0.25(0.25)
2026-08-13 23:50:53,620   INFO  Train:    2/4 ( 50%) [37236/55563 ( 67%)]  Loss: 0.9708 (1.19)  LR: 2.485e-04  Time cost: 1:42:24/1:16:37 [1:42:25/9:01:11]  Acc_iter 92800       Data time: 0.00(0.00)  Forward time: 0.24(0.25)  Batch time: 0.24(0.25)
2026-08-13 23:51:05,780   INFO  Train:    2/4 ( 50%) [37286/55563 ( 67%)]  Loss: 1.234 (1.19)  LR: 2.484e-04  Time cost: 1:42:36/1:16:24 [1:42:37/9:00:57]  Acc_iter 92850       Data time: 0.00(0.00)  Forward time: 0.22(0.25)  Batch time: 0.22(0.25)
2026-08-13 23:51:06,191   INFO  a1e06a0b30c0                Thu Aug 13 23:51:06 2026  580.173.02
[0] NVIDIA GeForce RTX 3070 | 72°C,  96 % |  6347 /  8192 MB | root(5954M)

2026-08-13 23:51:18,237   INFO  Train:    2/4 ( 50%) [37336/55563 ( 67%)]  Loss: 1.350 (1.19)  LR: 2.483e-04  Time cost: 1:42:48/1:16:11 [1:42:50/9:00:44]  Acc_iter 92900       Data time: 0.00(0.00)  Forward time: 0.25(0.25)  Batch time: 0.25(0.25)
2026-08-13 23:51:30,313   INFO  Train:    2/4 ( 50%) [37386/55563 ( 67%)]  Loss: 1.621 (1.19)  LR: 2.482e-04  Time cost: 1:43:01/1:15:58 [1:43:02/9:00:29]  Acc_iter 92950       Data time: 0.00(0.00)  Forward time: 0.23(0.25)  Batch time: 0.23(0.25)
2026-08-13 23:51:42,286   INFO  Train:    2/4 ( 50%) [37436/55563 ( 67%)]  Loss: 1.116 (1.19)  LR: 2.481e-04  Time cost: 1:43:12/1:15:45 [1:43:14/9:00:13]  Acc_iter 93000       Data time: 0.00(0.00)  Forward time: 0.21(0.25)  Batch time: 0.21(0.25)
2026-08-13 23:51:42,732   INFO  a1e06a0b30c0                Thu Aug 13 23:51:42 2026  580.173.02
[0] NVIDIA GeForce RTX 3070 | 71°C,  73 % |  6348 /  8192 MB | root(5954M)

2026-08-13 23:51:55,593   INFO  Train:    2/4 ( 50%) [37486/55563 ( 67%)]  Loss: 0.4579 (1.19)  LR: 2.480e-04  Time cost: 1:43:26/1:15:33 [1:43:27/9:00:05]  Acc_iter 93050       Data time: 0.00(0.00)  Forward time: 0.26(0.25)  Batch time: 0.26(0.25)
2026-08-13 23:52:07,797   INFO  Train:    2/4 ( 50%) [37536/55563 ( 68%)]  Loss: 1.191 (1.19)  LR: 2.479e-04  Time cost: 1:43:38/1:15:21 [1:43:39/8:59:51]  Acc_iter 93100       Data time: 0.00(0.00)  Forward time: 0.22(0.25)  Batch time: 0.22(0.25)
2026-08-13 23:52:19,540   INFO  Train:    2/4 ( 50%) [37586/55563 ( 68%)]  Loss: 1.897 (1.19)  LR: 2.478e-04  Time cost: 1:43:50/1:15:07 [1:43:51/8:59:34]  Acc_iter 93150       Data time: 0.00(0.00)  Forward time: 0.22(0.25)  Batch time: 0.22(0.25)
2026-08-13 23:52:19,925   INFO  a1e06a0b30c0                Thu Aug 13 23:52:19 2026  580.173.02
[0] NVIDIA GeForce RTX 3070 | 65°C,   0 % |  6348 /  8192 MB | root(5954M)

2026-08-13 23:52:32,220   INFO  Train:    2/4 ( 50%) [37636/55563 ( 68%)]  Loss: 0.7314 (1.19)  LR: 2.477e-04  Time cost: 1:44:02/1:14:55 [1:44:04/8:59:22]  Acc_iter 93200       Data time: 0.00(0.00)  Forward time: 0.25(0.25)  Batch time: 0.25(0.25)
2026-08-13 23:52:44,534   INFO  Train:    2/4 ( 50%) [37686/55563 ( 68%)]  Loss: 2.683 (1.19)  LR: 2.476e-04  Time cost: 1:44:15/1:14:42 [1:44:16/8:59:08]  Acc_iter 93250       Data time: 0.00(0.00)  Forward time: 0.28(0.25)  Batch time: 0.28(0.25)
2026-08-13 23:52:57,042   INFO  Train:    2/4 ( 50%) [37736/55563 ( 68%)]  Loss: 2.452 (1.19)  LR: 2.475e-04  Time cost: 1:44:27/1:14:30 [1:44:29/8:58:56]  Acc_iter 93300       Data time: 0.00(0.00)  Forward time: 0.24(0.25)  Batch time: 0.24(0.25)
2026-08-13 23:52:57,441   INFO  a1e06a0b30c0                Thu Aug 13 23:52:57 2026  580.173.02
[0] NVIDIA GeForce RTX 3070 | 65°C,  95 % |  6347 /  8192 MB | root(5954M)

2026-08-13 23:53:09,691   INFO  Train:    2/4 ( 50%) [37786/55563 ( 68%)]  Loss: 1.974 (1.19)  LR: 2.474e-04  Time cost: 1:44:40/1:14:17 [1:44:41/8:58:44]  Acc_iter 93350       Data time: 0.00(0.00)  Forward time: 0.25(0.25)  Batch time: 0.25(0.25)
2026-08-13 23:53:21,983   INFO  Train:    2/4 ( 50%) [37836/55563 ( 68%)]  Loss: 0.5944 (1.19)  LR: 2.473e-04  Time cost: 1:44:52/1:14:05 [1:44:54/8:58:30]  Acc_iter 93400       Data time: 0.00(0.00)  Forward time: 0.21(0.25)  Batch time: 0.21(0.25)
2026-08-13 23:53:29,633   INFO  Save latest model to /OpenPCDet/output/OpenPCDet/tools/cfgs/models/S/F/S_F_N/default/ckpt/latest_model
2026-08-13 23:53:34,351   INFO  Train:    2/4 ( 50%) [37886/55563 ( 68%)]  Loss: 1.026 (1.19)  LR: 2.472e-04  Time cost: 1:45:05/1:13:52 [1:45:06/8:58:17]  Acc_iter 93450       Data time: 0.00(0.00)  Forward time: 0.26(0.25)  Batch time: 0.26(0.25)
2026-08-13 23:53:34,765   INFO  a1e06a0b30c0                Thu Aug 13 23:53:34 2026  580.173.02
[0] NVIDIA GeForce RTX 3070 | 71°C,  95 % |  6347 /  8192 MB | root(5954M)

2026-08-13 23:53:47,234   INFO  Train:    2/4 ( 50%) [37936/55563 ( 68%)]  Loss: 0.8704 (1.19)  LR: 2.471e-04  Time cost: 1:45:17/1:13:40 [1:45:19/8:58:06]  Acc_iter 93500       Data time: 0.00(0.00)  Forward time: 0.24(0.25)  Batch time: 0.24(0.25)
2026-08-13 23:53:59,304   INFO  Train:    2/4 ( 50%) [37986/55563 ( 68%)]  Loss: 2.110 (1.19)  LR: 2.470e-04  Time cost: 1:45:29/1:13:27 [1:45:31/8:57:51]  Acc_iter 93550       Data time: 0.00(0.00)  Forward time: 0.26(0.25)  Batch time: 0.26(0.25)
2026-08-13 23:54:11,415   INFO  Train:    2/4 ( 50%) [38036/55563 ( 68%)]  Loss: 1.041 (1.19)  LR: 2.469e-04  Time cost: 1:45:42/1:13:14 [1:45:43/8:57:36]  Acc_iter 93600       Data time: 0.00(0.00)  Forward time: 0.25(0.25)  Batch time: 0.25(0.25)
2026-08-13 23:54:11,808   INFO  a1e06a0b30c0                Thu Aug 13 23:54:11 2026  580.173.02
[0] NVIDIA GeForce RTX 3070 | 70°C,  76 % |  6348 /  8192 MB | root(5954M)

2026-08-13 23:54:24,060   INFO  Train:    2/4 ( 50%) [38086/55563 ( 69%)]  Loss: 1.100 (1.19)  LR: 2.468e-04  Time cost: 1:45:54/1:13:02 [1:45:56/8:57:24]  Acc_iter 93650       Data time: 0.00(0.00)  Forward time: 0.27(0.25)  Batch time: 0.27(0.25)
2026-08-13 23:54:36,303   INFO  Train:    2/4 ( 50%) [38136/55563 ( 69%)]  Loss: 0.8990 (1.19)  LR: 2.467e-04  Time cost: 1:46:06/1:12:49 [1:46:08/8:57:10]  Acc_iter 93700       Data time: 0.00(0.00)  Forward time: 0.25(0.25)  Batch time: 0.25(0.25)
2026-08-13 23:54:48,497   INFO  Train:    2/4 ( 50%) [38186/55563 ( 69%)]  Loss: 0.4716 (1.19)  LR: 2.466e-04  Time cost: 1:46:19/1:12:36 [1:46:20/8:56:56]  Acc_iter 93750       Data time: 0.00(0.00)  Forward time: 0.23(0.25)  Batch time: 0.23(0.25)
2026-08-13 23:54:48,891   INFO  a1e06a0b30c0                Thu Aug 13 23:54:48 2026  580.173.02
[0] NVIDIA GeForce RTX 3070 | 72°C,  96 % |  6352 /  8192 MB | root(5954M)

2026-08-13 23:55:01,596   INFO  Train:    2/4 ( 50%) [38236/55563 ( 69%)]  Loss: 1.121 (1.19)  LR: 2.465e-04  Time cost: 1:46:32/1:12:24 [1:46:33/8:56:46]  Acc_iter 93800       Data time: 0.00(0.00)  Forward time: 0.26(0.25)  Batch time: 0.26(0.25)
2026-08-13 23:55:13,677   INFO  Train:    2/4 ( 50%) [38286/55563 ( 69%)]  Loss: 1.060 (1.19)  LR: 2.464e-04  Time cost: 1:46:44/1:12:11 [1:46:45/8:56:31]  Acc_iter 93850       Data time: 0.00(0.00)  Forward time: 0.25(0.25)  Batch time: 0.25(0.25)
2026-08-13 23:55:26,168   INFO  Train:    2/4 ( 50%) [38336/55563 ( 69%)]  Loss: 1.380 (1.19)  LR: 2.463e-04  Time cost: 1:46:56/1:11:58 [1:46:58/8:56:19]  Acc_iter 93900       Data time: 0.00(0.00)  Forward time: 0.28(0.25)  Batch time: 0.28(0.25)
2026-08-13 23:55:26,597   INFO  a1e06a0b30c0                Thu Aug 13 23:55:26 2026  580.173.02
[0] NVIDIA GeForce RTX 3070 | 67°C,  59 % |  6351 /  8192 MB | root(5954M)

2026-08-13 23:55:39,193   INFO  Train:    2/4 ( 50%) [38386/55563 ( 69%)]  Loss: 0.8168 (1.19)  LR: 2.462e-04  Time cost: 1:47:09/1:11:46 [1:47:11/8:56:09]  Acc_iter 93950       Data time: 0.00(0.00)  Forward time: 0.22(0.25)  Batch time: 0.22(0.25)
2026-08-13 23:55:51,427   INFO  Train:    2/4 ( 50%) [38436/55563 ( 69%)]  Loss: 0.7901 (1.19)  LR: 2.461e-04  Time cost: 1:47:22/1:11:33 [1:47:23/8:55:54]  Acc_iter 94000       Data time: 0.00(0.00)  Forward time: 0.22(0.25)  Batch time: 0.22(0.25)
2026-08-13 23:56:03,481   INFO  Train:    2/4 ( 50%) [38486/55563 ( 69%)]  Loss: 0.9332 (1.19)  LR: 2.460e-04  Time cost: 1:47:34/1:11:21 [1:47:35/8:55:40]  Acc_iter 94050       Data time: 0.00(0.00)  Forward time: 0.24(0.25)  Batch time: 0.24(0.25)
2026-08-13 23:56:03,929   INFO  a1e06a0b30c0                Thu Aug 13 23:56:03 2026  580.173.02
[0] NVIDIA GeForce RTX 3070 | 64°C,   0 % |  6351 /  8192 MB | root(5954M)

2026-08-13 23:56:15,981   INFO  Train:    2/4 ( 50%) [38536/55563 ( 69%)]  Loss: 0.8724 (1.19)  LR: 2.459e-04  Time cost: 1:47:46/1:11:08 [1:47:48/8:55:27]  Acc_iter 94100       Data time: 0.00(0.00)  Forward time: 0.24(0.25)  Batch time: 0.24(0.25)
2026-08-13 23:56:28,511   INFO  Train:    2/4 ( 50%) [38586/55563 ( 69%)]  Loss: 0.9678 (1.19)  LR: 2.458e-04  Time cost: 1:47:59/1:10:56 [1:48:00/8:55:14]  Acc_iter 94150       Data time: 0.00(0.00)  Forward time: 0.27(0.25)  Batch time: 0.27(0.25)
2026-08-13 23:56:40,574   INFO  Train:    2/4 ( 50%) [38636/55563 ( 70%)]  Loss: 1.372 (1.19)  LR: 2.457e-04  Time cost: 1:48:11/1:10:43 [1:48:12/8:54:59]  Acc_iter 94200       Data time: 0.00(0.00)  Forward time: 0.26(0.25)  Batch time: 0.26(0.25)
2026-08-13 23:56:40,977   INFO  a1e06a0b30c0                Thu Aug 13 23:56:40 2026  580.173.02
[0] NVIDIA GeForce RTX 3070 | 65°C,   0 % |  6352 /  8192 MB | root(5954M)

2026-08-13 23:56:53,276   INFO  Train:    2/4 ( 50%) [38686/55563 ( 70%)]  Loss: 2.075 (1.19)  LR: 2.456e-04  Time cost: 1:48:23/1:10:30 [1:48:25/8:54:48]  Acc_iter 94250       Data time: 0.00(0.00)  Forward time: 0.26(0.25)  Batch time: 0.26(0.25)
2026-08-13 23:57:05,482   INFO  Train:    2/4 ( 50%) [38736/55563 ( 70%)]  Loss: 1.096 (1.19)  LR: 2.455e-04  Time cost: 1:48:36/1:10:18 [1:48:37/8:54:34]  Acc_iter 94300       Data time: 0.00(0.00)  Forward time: 0.22(0.25)  Batch time: 0.22(0.25)
2026-08-13 23:57:17,994   INFO  Train:    2/4 ( 50%) [38786/55563 ( 70%)]  Loss: 0.9920 (1.19)  LR: 2.454e-04  Time cost: 1:48:48/1:10:05 [1:48:50/8:54:21]  Acc_iter 94350       Data time: 0.00(0.00)  Forward time: 0.22(0.25)  Batch time: 0.22(0.25)
2026-08-13 23:57:18,417   INFO  a1e06a0b30c0                Thu Aug 13 23:57:18 2026  580.173.02
[0] NVIDIA GeForce RTX 3070 | 73°C,  99 % |  6351 /  8192 MB | root(5954M)

2026-08-13 23:57:30,735   INFO  Train:    2/4 ( 50%) [38836/55563 ( 70%)]  Loss: 0.6894 (1.19)  LR: 2.453e-04  Time cost: 1:49:01/1:09:53 [1:49:02/8:54:09]  Acc_iter 94400       Data time: 0.00(0.00)  Forward time: 0.22(0.25)  Batch time: 0.22(0.25)
2026-08-13 23:57:42,866   INFO  Train:    2/4 ( 50%) [38886/55563 ( 70%)]  Loss: 2.058 (1.19)  LR: 2.452e-04  Time cost: 1:49:13/1:09:40 [1:49:14/8:53:55]  Acc_iter 94450       Data time: 0.00(0.00)  Forward time: 0.26(0.25)  Batch time: 0.27(0.25)
2026-08-13 23:57:54,925   INFO  Train:    2/4 ( 50%) [38936/55563 ( 70%)]  Loss: 1.104 (1.19)  LR: 2.451e-04  Time cost: 1:49:25/1:09:27 [1:49:27/8:53:40]  Acc_iter 94500       Data time: 0.00(0.00)  Forward time: 0.23(0.25)  Batch time: 0.23(0.25)
2026-08-13 23:57:55,317   INFO  a1e06a0b30c0                Thu Aug 13 23:57:55 2026  580.173.02
[0] NVIDIA GeForce RTX 3070 | 72°C,  79 % |  6351 /  8192 MB | root(5954M)

2026-08-13 23:58:07,410   INFO  Train:    2/4 ( 50%) [38986/55563 ( 70%)]  Loss: 1.070 (1.19)  LR: 2.450e-04  Time cost: 1:49:38/1:09:14 [1:49:39/8:53:27]  Acc_iter 94550       Data time: 0.00(0.00)  Forward time: 0.25(0.25)  Batch time: 0.25(0.25)
2026-08-13 23:58:19,867   INFO  Train:    2/4 ( 50%) [39036/55563 ( 70%)]  Loss: 0.9774 (1.19)  LR: 2.449e-04  Time cost: 1:49:50/1:09:02 [1:49:51/8:53:14]  Acc_iter 94600       Data time: 0.00(0.00)  Forward time: 0.27(0.25)  Batch time: 0.27(0.25)
2026-08-13 23:58:29,438   INFO  Save latest model to /OpenPCDet/output/OpenPCDet/tools/cfgs/models/S/F/S_F_N/default/ckpt/latest_model
2026-08-13 23:58:31,961   INFO  Train:    2/4 ( 50%) [39086/55563 ( 70%)]  Loss: 0.9381 (1.19)  LR: 2.448e-04  Time cost: 1:50:02/1:08:49 [1:50:04/8:53:00]  Acc_iter 94650       Data time: 0.00(0.00)  Forward time: 0.26(0.25)  Batch time: 0.26(0.25)
2026-08-13 23:58:32,398   INFO  a1e06a0b30c0                Thu Aug 13 23:58:32 2026  580.173.02
[0] NVIDIA GeForce RTX 3070 | 72°C,  59 % |  6351 /  8192 MB | root(5954M)

2026-08-13 23:58:44,479   INFO  Train:    2/4 ( 50%) [39136/55563 ( 70%)]  Loss: 0.7874 (1.19)  LR: 2.447e-04  Time cost: 1:50:15/1:08:36 [1:50:16/8:52:47]  Acc_iter 94700       Data time: 0.00(0.00)  Forward time: 0.22(0.25)  Batch time: 0.22(0.25)
2026-08-13 23:58:56,790   INFO  Train:    2/4 ( 50%) [39186/55563 ( 71%)]  Loss: 1.433 (1.19)  LR: 2.446e-04  Time cost: 1:50:27/1:08:24 [1:50:28/8:52:34]  Acc_iter 94750       Data time: 0.00(0.00)  Forward time: 0.27(0.25)  Batch time: 0.27(0.25)
2026-08-13 23:59:09,172   INFO  Train:    2/4 ( 50%) [39236/55563 ( 71%)]  Loss: 2.258 (1.19)  LR: 2.445e-04  Time cost: 1:50:39/1:08:11 [1:50:41/8:52:20]  Acc_iter 94800       Data time: 0.00(0.00)  Forward time: 0.25(0.25)  Batch time: 0.25(0.25)
2026-08-13 23:59:09,571   INFO  a1e06a0b30c0                Thu Aug 13 23:59:09 2026  580.173.02
[0] NVIDIA GeForce RTX 3070 | 66°C,  70 % |  6352 /  8192 MB | root(5954M)

2026-08-13 23:59:22,047   INFO  Train:    2/4 ( 50%) [39286/55563 ( 71%)]  Loss: 0.6355 (1.19)  LR: 2.444e-04  Time cost: 1:50:52/1:07:59 [1:50:54/8:52:09]  Acc_iter 94850       Data time: 0.00(0.00)  Forward time: 0.27(0.25)  Batch time: 0.27(0.25)
2026-08-13 23:59:34,080   INFO  Train:    2/4 ( 50%) [39336/55563 ( 71%)]  Loss: 1.348 (1.19)  LR: 2.443e-04  Time cost: 1:51:04/1:07:46 [1:51:06/8:51:54]  Acc_iter 94900       Data time: 0.00(0.00)  Forward time: 0.26(0.25)  Batch time: 0.26(0.25)
2026-08-13 23:59:46,513   INFO  Train:    2/4 ( 50%) [39386/55563 ( 71%)]  Loss: 1.427 (1.19)  LR: 2.441e-04  Time cost: 1:51:17/1:07:33 [1:51:18/8:51:42]  Acc_iter 94950       Data time: 0.00(0.00)  Forward time: 0.24(0.25)  Batch time: 0.25(0.25)
2026-08-13 23:59:46,957   INFO  a1e06a0b30c0                Thu Aug 13 23:59:46 2026  580.173.02
[0] NVIDIA GeForce RTX 3070 | 64°C,   0 % |  6352 /  8192 MB | root(5954M)

2026-08-13 23:59:59,403   INFO  Train:    2/4 ( 50%) [39436/55563 ( 71%)]  Loss: 0.9914 (1.19)  LR: 2.440e-04  Time cost: 1:51:30/1:07:21 [1:51:31/8:51:31]  Acc_iter 95000       Data time: 0.00(0.00)  Forward time: 0.24(0.25)  Batch time: 0.24(0.25)
2026-08-14 00:00:11,572   INFO  Train:    2/4 ( 50%) [39486/55563 ( 71%)]  Loss: 1.237 (1.19)  LR: 2.439e-04  Time cost: 1:51:42/1:07:08 [1:51:43/8:51:16]  Acc_iter 95050       Data time: 0.00(0.00)  Forward time: 0.28(0.25)  Batch time: 0.28(0.25)
2026-08-14 00:00:23,454   INFO  Train:    2/4 ( 50%) [39536/55563 ( 71%)]  Loss: 1.590 (1.19)  LR: 2.438e-04  Time cost: 1:51:54/1:06:55 [1:51:55/8:51:01]  Acc_iter 95100       Data time: 0.00(0.00)  Forward time: 0.25(0.25)  Batch time: 0.25(0.25)
2026-08-14 00:00:23,855   INFO  a1e06a0b30c0                Fri Aug 14 00:00:23 2026  580.173.02
[0] NVIDIA GeForce RTX 3070 | 70°C,  81 % |  6351 /  8192 MB | root(5954M)

2026-08-14 00:00:36,134   INFO  Train:    2/4 ( 50%) [39586/55563 ( 71%)]  Loss: 1.583 (1.19)  LR: 2.437e-04  Time cost: 1:52:06/1:06:43 [1:52:08/8:50:49]  Acc_iter 95150       Data time: 0.00(0.00)  Forward time: 0.28(0.25)  Batch time: 0.28(0.25)
2026-08-14 00:00:48,725   INFO  Train:    2/4 ( 50%) [39636/55563 ( 71%)]  Loss: 1.664 (1.19)  LR: 2.436e-04  Time cost: 1:52:19/1:06:31 [1:52:20/8:50:37]  Acc_iter 95200       Data time: 0.00(0.00)  Forward time: 0.27(0.25)  Batch time: 0.28(0.25)
2026-08-14 00:01:01,481   INFO  Train:    2/4 ( 50%) [39686/55563 ( 71%)]  Loss: 1.728 (1.19)  LR: 2.435e-04  Time cost: 1:52:32/1:06:18 [1:52:33/8:50:25]  Acc_iter 95250       Data time: 0.00(0.00)  Forward time: 0.25(0.25)  Batch time: 0.25(0.25)
2026-08-14 00:01:01,879   INFO  a1e06a0b30c0                Fri Aug 14 00:01:01 2026  580.173.02
[0] NVIDIA GeForce RTX 3070 | 71°C,  79 % |  6352 /  8192 MB | root(5954M)

2026-08-14 00:01:14,207   INFO  Train:    2/4 ( 50%) [39736/55563 ( 72%)]  Loss: 2.588 (1.19)  LR: 2.434e-04  Time cost: 1:52:44/1:06:06 [1:52:46/8:50:14]  Acc_iter 95300       Data time: 0.00(0.00)  Forward time: 0.25(0.25)  Batch time: 0.25(0.25)
2026-08-14 00:01:26,470   INFO  Train:    2/4 ( 50%) [39786/55563 ( 72%)]  Loss: 1.677 (1.19)  LR: 2.433e-04  Time cost: 1:52:57/1:05:53 [1:52:58/8:50:00]  Acc_iter 95350       Data time: 0.00(0.00)  Forward time: 0.23(0.25)  Batch time: 0.24(0.25)
2026-08-14 00:01:38,571   INFO  Train:    2/4 ( 50%) [39836/55563 ( 72%)]  Loss: 0.9140 (1.19)  LR: 2.432e-04  Time cost: 1:53:09/1:05:40 [1:53:10/8:49:45]  Acc_iter 95400       Data time: 0.00(0.00)  Forward time: 0.26(0.25)  Batch time: 0.26(0.25)
2026-08-14 00:01:39,056   INFO  a1e06a0b30c0                Fri Aug 14 00:01:39 2026  580.173.02
[0] NVIDIA GeForce RTX 3070 | 65°C,   0 % |  6352 /  8192 MB | root(5954M)

2026-08-14 00:01:51,190   INFO  Train:    2/4 ( 50%) [39886/55563 ( 72%)]  Loss: 0.8041 (1.19)  LR: 2.431e-04  Time cost: 1:53:21/1:05:28 [1:53:23/8:49:33]  Acc_iter 95450       Data time: 0.00(0.00)  Forward time: 0.28(0.25)  Batch time: 0.28(0.25)
2026-08-14 00:02:03,102   INFO  Train:    2/4 ( 50%) [39936/55563 ( 72%)]  Loss: 1.157 (1.19)  LR: 2.430e-04  Time cost: 1:53:33/1:05:15 [1:53:35/8:49:18]  Acc_iter 95500       Data time: 0.00(0.00)  Forward time: 0.24(0.25)  Batch time: 0.24(0.25)
2026-08-14 00:02:15,153   INFO  Train:    2/4 ( 50%) [39986/55563 ( 72%)]  Loss: 1.098 (1.19)  LR: 2.429e-04  Time cost: 1:53:45/1:05:02 [1:53:47/8:49:03]  Acc_iter 95550       Data time: 0.00(0.00)  Forward time: 0.24(0.25)  Batch time: 0.24(0.25)
2026-08-14 00:02:15,579   INFO  a1e06a0b30c0                Fri Aug 14 00:02:15 2026  580.173.02
[0] NVIDIA GeForce RTX 3070 | 68°C,  94 % |  6352 /  8192 MB | root(5954M)

2026-08-14 00:02:27,948   INFO  Train:    2/4 ( 50%) [40036/55563 ( 72%)]  Loss: 0.8875 (1.19)  LR: 2.428e-04  Time cost: 1:53:58/1:04:50 [1:54:00/8:48:52]  Acc_iter 95600       Data time: 0.00(0.00)  Forward time: 0.24(0.25)  Batch time: 0.24(0.25)
2026-08-14 00:02:40,304   INFO  Train:    2/4 ( 50%) [40086/55563 ( 72%)]  Loss: 1.174 (1.19)  LR: 2.427e-04  Time cost: 1:54:11/1:04:37 [1:54:12/8:48:39]  Acc_iter 95650       Data time: 0.00(0.00)  Forward time: 0.25(0.25)  Batch time: 0.25(0.25)
2026-08-14 00:02:52,564   INFO  Train:    2/4 ( 50%) [40136/55563 ( 72%)]  Loss: 1.032 (1.19)  LR: 2.426e-04  Time cost: 1:54:23/1:04:24 [1:54:24/8:48:25]  Acc_iter 95700       Data time: 0.00(0.00)  Forward time: 0.25(0.25)  Batch time: 0.25(0.25)
2026-08-14 00:02:52,951   INFO  a1e06a0b30c0                Fri Aug 14 00:02:52 2026  580.173.02
[0] NVIDIA GeForce RTX 3070 | 65°C,   0 % |  6351 /  8192 MB | root(5954M)

2026-08-14 00:03:05,321   INFO  Train:    2/4 ( 50%) [40186/55563 ( 72%)]  Loss: 1.299 (1.19)  LR: 2.425e-04  Time cost: 1:54:36/1:04:12 [1:54:37/8:48:13]  Acc_iter 95750       Data time: 0.00(0.00)  Forward time: 0.26(0.25)  Batch time: 0.26(0.25)
2026-08-14 00:03:17,553   INFO  Train:    2/4 ( 50%) [40236/55563 ( 72%)]  Loss: 1.529 (1.19)  LR: 2.424e-04  Time cost: 1:54:48/1:03:59 [1:54:49/8:47:59]  Acc_iter 95800       Data time: 0.00(0.00)  Forward time: 0.24(0.25)  Batch time: 0.25(0.25)
2026-08-14 00:03:29,601   INFO  Save latest model to /OpenPCDet/output/OpenPCDet/tools/cfgs/models/S/F/S_F_N/default/ckpt/latest_model
2026-08-14 00:03:30,106   INFO  Train:    2/4 ( 50%) [40286/55563 ( 73%)]  Loss: 1.193 (1.19)  LR: 2.423e-04  Time cost: 1:55:00/1:03:47 [1:55:02/8:47:47]  Acc_iter 95850       Data time: 0.00(0.00)  Forward time: 0.23(0.25)  Batch time: 0.23(0.25)
2026-08-14 00:03:30,612   INFO  a1e06a0b30c0                Fri Aug 14 00:03:30 2026  580.173.02
[0] NVIDIA GeForce RTX 3070 | 64°C,  96 % |  6352 /  8192 MB | root(5954M)

2026-08-14 00:03:42,863   INFO  Train:    2/4 ( 50%) [40336/55563 ( 73%)]  Loss: 1.584 (1.19)  LR: 2.422e-04  Time cost: 1:55:13/1:03:34 [1:55:14/8:47:36]  Acc_iter 95900       Data time: 0.00(0.00)  Forward time: 0.24(0.25)  Batch time: 0.24(0.25)
2026-08-14 00:03:54,963   INFO  Train:    2/4 ( 50%) [40386/55563 ( 73%)]  Loss: 0.7581 (1.19)  LR: 2.421e-04  Time cost: 1:55:25/1:03:22 [1:55:27/8:47:21]  Acc_iter 95950       Data time: 0.00(0.00)  Forward time: 0.23(0.25)  Batch time: 0.24(0.25)
2026-08-14 00:04:07,060   INFO  Train:    2/4 ( 50%) [40436/55563 ( 73%)]  Loss: 1.252 (1.19)  LR: 2.420e-04  Time cost: 1:55:37/1:03:09 [1:55:39/8:47:07]  Acc_iter 96000       Data time: 0.00(0.00)  Forward time: 0.25(0.25)  Batch time: 0.25(0.25)
2026-08-14 00:04:07,463   INFO  a1e06a0b30c0                Fri Aug 14 00:04:07 2026  580.173.02
[0] NVIDIA GeForce RTX 3070 | 64°C,  90 % |  6352 /  8192 MB | root(5954M)

2026-08-14 00:04:19,827   INFO  Train:    2/4 ( 50%) [40486/55563 ( 73%)]  Loss: 1.398 (1.19)  LR: 2.419e-04  Time cost: 1:55:50/1:02:57 [1:55:51/8:46:55]  Acc_iter 96050       Data time: 0.00(0.00)  Forward time: 0.27(0.25)  Batch time: 0.27(0.25)
2026-08-14 00:04:32,036   INFO  Train:    2/4 ( 50%) [40536/55563 ( 73%)]  Loss: 0.7369 (1.19)  LR: 2.418e-04  Time cost: 1:56:02/1:02:44 [1:56:04/8:46:41]  Acc_iter 96100       Data time: 0.00(0.00)  Forward time: 0.24(0.25)  Batch time: 0.24(0.25)
2026-08-14 00:04:44,242   INFO  Train:    2/4 ( 50%) [40586/55563 ( 73%)]  Loss: 0.6321 (1.19)  LR: 2.417e-04  Time cost: 1:56:14/1:02:31 [1:56:16/8:46:27]  Acc_iter 96150       Data time: 0.00(0.00)  Forward time: 0.28(0.25)  Batch time: 0.28(0.25)
2026-08-14 00:04:44,710   INFO  a1e06a0b30c0                Fri Aug 14 00:04:44 2026  580.173.02
[0] NVIDIA GeForce RTX 3070 | 68°C,  49 % |  6351 /  8192 MB | root(5954M)

2026-08-14 00:04:56,795   INFO  Train:    2/4 ( 50%) [40636/55563 ( 73%)]  Loss: 1.208 (1.19)  LR: 2.415e-04  Time cost: 1:56:27/1:02:19 [1:56:28/8:46:15]  Acc_iter 96200       Data time: 0.00(0.00)  Forward time: 0.21(0.25)  Batch time: 0.21(0.25)
2026-08-14 00:05:09,321   INFO  Train:    2/4 ( 50%) [40686/55563 ( 73%)]  Loss: 0.8272 (1.19)  LR: 2.414e-04  Time cost: 1:56:40/1:02:06 [1:56:41/8:46:02]  Acc_iter 96250       Data time: 0.00(0.00)  Forward time: 0.22(0.25)  Batch time: 0.22(0.25)
2026-08-14 00:05:21,573   INFO  Train:    2/4 ( 50%) [40736/55563 ( 73%)]  Loss: 0.5433 (1.19)  LR: 2.413e-04  Time cost: 1:56:52/1:01:53 [1:56:53/8:45:49]  Acc_iter 96300       Data time: 0.00(0.00)  Forward time: 0.21(0.25)  Batch time: 0.21(0.25)
2026-08-14 00:05:21,997   INFO  a1e06a0b30c0                Fri Aug 14 00:05:21 2026  580.173.02
[0] NVIDIA GeForce RTX 3070 | 65°C,   3 % |  6357 /  8192 MB | root(5954M)

2026-08-14 00:05:34,134   INFO  Train:    2/4 ( 50%) [40786/55563 ( 73%)]  Loss: 1.384 (1.19)  LR: 2.412e-04  Time cost: 1:57:04/1:01:41 [1:57:06/8:45:36]  Acc_iter 96350       Data time: 0.00(0.00)  Forward time: 0.25(0.25)  Batch time: 0.25(0.25)
2026-08-14 00:05:46,267   INFO  Train:    2/4 ( 50%) [40836/55563 ( 73%)]  Loss: 0.8838 (1.19)  LR: 2.411e-04  Time cost: 1:57:16/1:01:28 [1:57:18/8:45:22]  Acc_iter 96400       Data time: 0.00(0.00)  Forward time: 0.22(0.25)  Batch time: 0.22(0.25)
2026-08-14 00:05:58,576   INFO  Train:    2/4 ( 50%) [40886/55563 ( 74%)]  Loss: 1.095 (1.19)  LR: 2.410e-04  Time cost: 1:57:29/1:01:16 [1:57:30/8:45:08]  Acc_iter 96450       Data time: 0.00(0.00)  Forward time: 0.26(0.25)  Batch time: 0.26(0.25)
2026-08-14 00:05:59,000   INFO  a1e06a0b30c0                Fri Aug 14 00:05:58 2026  580.173.02
[0] NVIDIA GeForce RTX 3070 | 65°C,   0 % |  6352 /  8192 MB | root(5954M)

2026-08-14 00:06:11,335   INFO  Train:    2/4 ( 50%) [40936/55563 ( 74%)]  Loss: 0.7858 (1.18)  LR: 2.409e-04  Time cost: 1:57:42/1:01:03 [1:57:43/8:44:57]  Acc_iter 96500       Data time: 0.00(0.00)  Forward time: 0.27(0.25)  Batch time: 0.27(0.25)
2026-08-14 00:06:23,574   INFO  Train:    2/4 ( 50%) [40986/55563 ( 74%)]  Loss: 1.474 (1.19)  LR: 2.408e-04  Time cost: 1:57:54/1:00:50 [1:57:55/8:44:43]  Acc_iter 96550       Data time: 0.00(0.00)  Forward time: 0.25(0.25)  Batch time: 0.25(0.25)
2026-08-14 00:06:35,845   INFO  Train:    2/4 ( 50%) [41036/55563 ( 74%)]  Loss: 1.471 (1.18)  LR: 2.407e-04  Time cost: 1:58:06/1:00:38 [1:58:07/8:44:30]  Acc_iter 96600       Data time: 0.00(0.00)  Forward time: 0.28(0.25)  Batch time: 0.28(0.25)
2026-08-14 00:06:36,236   INFO  a1e06a0b30c0                Fri Aug 14 00:06:36 2026  580.173.02
[0] NVIDIA GeForce RTX 3070 | 71°C,  98 % |  6351 /  8192 MB | root(5954M)

2026-08-14 00:06:48,391   INFO  Train:    2/4 ( 50%) [41086/55563 ( 74%)]  Loss: 0.8645 (1.18)  LR: 2.406e-04  Time cost: 1:58:19/1:00:25 [1:58:20/8:44:17]  Acc_iter 96650       Data time: 0.00(0.00)  Forward time: 0.28(0.25)  Batch time: 0.28(0.25)
2026-08-14 00:07:00,765   INFO  Train:    2/4 ( 50%) [41136/55563 ( 74%)]  Loss: 1.444 (1.18)  LR: 2.405e-04  Time cost: 1:58:31/1:00:13 [1:58:32/8:44:04]  Acc_iter 96700       Data time: 0.00(0.00)  Forward time: 0.26(0.25)  Batch time: 0.26(0.25)
2026-08-14 00:07:13,026   INFO  Train:    2/4 ( 50%) [41186/55563 ( 74%)]  Loss: 0.7679 (1.18)  LR: 2.404e-04  Time cost: 1:58:43/1:00:00 [1:58:45/8:43:50]  Acc_iter 96750       Data time: 0.00(0.00)  Forward time: 0.24(0.25)  Batch time: 0.24(0.25)
2026-08-14 00:07:13,418   INFO  a1e06a0b30c0                Fri Aug 14 00:07:13 2026  580.173.02
[0] NVIDIA GeForce RTX 3070 | 72°C,  73 % |  6351 /  8192 MB | root(5954M)

2026-08-14 00:07:25,761   INFO  Train:    2/4 ( 50%) [41236/55563 ( 74%)]  Loss: 1.513 (1.18)  LR: 2.403e-04  Time cost: 1:58:56/59:48 [1:58:57/8:43:39]  Acc_iter 96800       Data time: 0.00(0.00)  Forward time: 0.26(0.25)  Batch time: 0.26(0.25)
2026-08-14 00:07:37,745   INFO  Train:    2/4 ( 50%) [41286/55563 ( 74%)]  Loss: 1.189 (1.18)  LR: 2.402e-04  Time cost: 1:59:08/59:35 [1:59:09/8:43:24]  Acc_iter 96850       Data time: 0.00(0.00)  Forward time: 0.24(0.25)  Batch time: 0.24(0.25)
2026-08-14 00:07:50,006   INFO  Train:    2/4 ( 50%) [41336/55563 ( 74%)]  Loss: 1.417 (1.18)  LR: 2.401e-04  Time cost: 1:59:20/59:22 [1:59:22/8:43:10]  Acc_iter 96900       Data time: 0.00(0.00)  Forward time: 0.22(0.25)  Batch time: 0.22(0.25)
2026-08-14 00:07:50,425   INFO  a1e06a0b30c0                Fri Aug 14 00:07:50 2026  580.173.02
[0] NVIDIA GeForce RTX 3070 | 69°C,  77 % |  6352 /  8192 MB | root(5954M)

2026-08-14 00:08:02,710   INFO  Train:    2/4 ( 50%) [41386/55563 ( 74%)]  Loss: 1.077 (1.18)  LR: 2.400e-04  Time cost: 1:59:33/59:10 [1:59:34/8:42:58]  Acc_iter 96950       Data time: 0.00(0.00)  Forward time: 0.25(0.25)  Batch time: 0.26(0.25)
2026-08-14 00:08:14,647   INFO  Train:    2/4 ( 50%) [41436/55563 ( 75%)]  Loss: 0.6977 (1.18)  LR: 2.399e-04  Time cost: 1:59:45/58:57 [1:59:46/8:42:43]  Acc_iter 97000       Data time: 0.00(0.00)  Forward time: 0.22(0.25)  Batch time: 0.22(0.25)
2026-08-14 00:08:26,504   INFO  Train:    2/4 ( 50%) [41486/55563 ( 75%)]  Loss: 1.737 (1.18)  LR: 2.398e-04  Time cost: 1:59:57/58:44 [1:59:58/8:42:28]  Acc_iter 97050       Data time: 0.00(0.00)  Forward time: 0.24(0.25)  Batch time: 0.25(0.25)
2026-08-14 00:08:26,944   INFO  a1e06a0b30c0                Fri Aug 14 00:08:26 2026  580.173.02
[0] NVIDIA GeForce RTX 3070 | 70°C,  93 % |  6352 /  8192 MB | root(5954M)

2026-08-14 00:08:29,429   INFO  Save latest model to /OpenPCDet/output/OpenPCDet/tools/cfgs/models/S/F/S_F_N/default/ckpt/latest_model
2026-08-14 00:08:39,509   INFO  Train:    2/4 ( 50%) [41536/55563 ( 75%)]  Loss: 1.202 (1.18)  LR: 2.396e-04  Time cost: 2:00:10/58:32 [2:00:11/8:42:18]  Acc_iter 97100       Data time: 0.00(0.00)  Forward time: 0.27(0.25)  Batch time: 0.27(0.25)
2026-08-14 00:08:51,964   INFO  Train:    2/4 ( 50%) [41586/55563 ( 75%)]  Loss: 0.3697 (1.18)  LR: 2.395e-04  Time cost: 2:00:22/58:19 [2:00:24/8:42:05]  Acc_iter 97150       Data time: 0.00(0.00)  Forward time: 0.26(0.25)  Batch time: 0.26(0.25)
2026-08-14 00:09:04,237   INFO  Train:    2/4 ( 50%) [41636/55563 ( 75%)]  Loss: 1.205 (1.18)  LR: 2.394e-04  Time cost: 2:00:34/58:07 [2:00:36/8:41:51]  Acc_iter 97200       Data time: 0.00(0.00)  Forward time: 0.25(0.25)  Batch time: 0.25(0.25)
2026-08-14 00:09:04,650   INFO  a1e06a0b30c0                Fri Aug 14 00:09:04 2026  580.173.02
[0] NVIDIA GeForce RTX 3070 | 68°C,  80 % |  6351 /  8192 MB | root(5954M)

2026-08-14 00:09:16,821   INFO  Train:    2/4 ( 50%) [41686/55563 ( 75%)]  Loss: 0.4796 (1.18)  LR: 2.393e-04  Time cost: 2:00:47/57:54 [2:00:48/8:41:39]  Acc_iter 97250       Data time: 0.00(0.00)  Forward time: 0.25(0.25)  Batch time: 0.25(0.25)
2026-08-14 00:09:29,006   INFO  Train:    2/4 ( 50%) [41736/55563 ( 75%)]  Loss: 0.7531 (1.18)  LR: 2.392e-04  Time cost: 2:00:59/57:41 [2:01:01/8:41:25]  Acc_iter 97300       Data time: 0.00(0.00)  Forward time: 0.23(0.25)  Batch time: 0.23(0.25)
2026-08-14 00:09:41,388   INFO  Train:    2/4 ( 50%) [41786/55563 ( 75%)]  Loss: 1.106 (1.18)  LR: 2.391e-04  Time cost: 2:01:12/57:29 [2:01:13/8:41:12]  Acc_iter 97350       Data time: 0.00(0.00)  Forward time: 0.26(0.25)  Batch time: 0.26(0.25)
2026-08-14 00:09:41,785   INFO  a1e06a0b30c0                Fri Aug 14 00:09:41 2026  580.173.02
[0] NVIDIA GeForce RTX 3070 | 71°C,  71 % |  6351 /  8192 MB | root(5954M)

2026-08-14 00:09:54,246   INFO  Train:    2/4 ( 50%) [41836/55563 ( 75%)]  Loss: 1.204 (1.18)  LR: 2.390e-04  Time cost: 2:01:24/57:17 [2:01:26/8:41:01]  Acc_iter 97400       Data time: 0.00(0.00)  Forward time: 0.24(0.25)  Batch time: 0.24(0.25)
2026-08-14 00:10:06,513   INFO  Train:    2/4 ( 50%) [41886/55563 ( 75%)]  Loss: 0.8090 (1.18)  LR: 2.389e-04  Time cost: 2:01:37/57:04 [2:01:38/8:40:47]  Acc_iter 97450       Data time: 0.00(0.00)  Forward time: 0.21(0.25)  Batch time: 0.21(0.25)
2026-08-14 00:10:18,422   INFO  Train:    2/4 ( 50%) [41936/55563 ( 75%)]  Loss: 0.7998 (1.18)  LR: 2.388e-04  Time cost: 2:01:49/56:51 [2:01:50/8:40:32]  Acc_iter 97500       Data time: 0.00(0.00)  Forward time: 0.26(0.25)  Batch time: 0.26(0.25)
2026-08-14 00:10:18,820   INFO  a1e06a0b30c0                Fri Aug 14 00:10:18 2026  580.173.02
[0] NVIDIA GeForce RTX 3070 | 71°C,  74 % |  6352 /  8192 MB | root(5954M)

2026-08-14 00:10:31,110   INFO  Train:    2/4 ( 50%) [41986/55563 ( 76%)]  Loss: 1.078 (1.18)  LR: 2.387e-04  Time cost: 2:02:01/56:39 [2:02:03/8:40:20]  Acc_iter 97550       Data time: 0.00(0.00)  Forward time: 0.24(0.25)  Batch time: 0.24(0.25)
2026-08-14 00:10:43,875   INFO  Train:    2/4 ( 50%) [42036/55563 ( 76%)]  Loss: 1.015 (1.18)  LR: 2.386e-04  Time cost: 2:02:14/56:26 [2:02:15/8:40:09]  Acc_iter 97600       Data time: 0.00(0.00)  Forward time: 0.26(0.25)  Batch time: 0.26(0.25)
2026-08-14 00:10:55,787   INFO  Train:    2/4 ( 50%) [42086/55563 ( 76%)]  Loss: 0.9825 (1.18)  LR: 2.385e-04  Time cost: 2:02:26/56:13 [2:02:27/8:39:54]  Acc_iter 97650       Data time: 0.00(0.00)  Forward time: 0.24(0.25)  Batch time: 0.24(0.25)
2026-08-14 00:10:56,181   INFO  a1e06a0b30c0                Fri Aug 14 00:10:56 2026  580.173.02
[0] NVIDIA GeForce RTX 3070 | 73°C,  30 % |  6352 /  8192 MB | root(5954M)

2026-08-14 00:11:08,488   INFO  Train:    2/4 ( 50%) [42136/55563 ( 76%)]  Loss: 0.8948 (1.18)  LR: 2.384e-04  Time cost: 2:02:39/56:01 [2:02:40/8:39:42]  Acc_iter 97700       Data time: 0.00(0.00)  Forward time: 0.26(0.25)  Batch time: 0.26(0.25)
2026-08-14 00:11:20,807   INFO  Train:    2/4 ( 50%) [42186/55563 ( 76%)]  Loss: 0.5595 (1.18)  LR: 2.383e-04  Time cost: 2:02:51/55:48 [2:02:52/8:39:29]  Acc_iter 97750       Data time: 0.00(0.00)  Forward time: 0.28(0.25)  Batch time: 0.28(0.25)
2026-08-14 00:11:33,397   INFO  Train:    2/4 ( 50%) [42236/55563 ( 76%)]  Loss: 0.6781 (1.18)  LR: 2.382e-04  Time cost: 2:03:04/55:36 [2:03:05/8:39:16]  Acc_iter 97800       Data time: 0.00(0.00)  Forward time: 0.25(0.25)  Batch time: 0.25(0.25)
2026-08-14 00:11:33,797   INFO  a1e06a0b30c0                Fri Aug 14 00:11:33 2026  580.173.02
[0] NVIDIA GeForce RTX 3070 | 71°C,  96 % |  6351 /  8192 MB | root(5954M)

2026-08-14 00:11:45,849   INFO  Train:    2/4 ( 50%) [42286/55563 ( 76%)]  Loss: 1.242 (1.18)  LR: 2.380e-04  Time cost: 2:03:16/55:23 [2:03:17/8:39:04]  Acc_iter 97850       Data time: 0.00(0.00)  Forward time: 0.21(0.25)  Batch time: 0.21(0.25)
2026-08-14 00:11:58,341   INFO  Train:    2/4 ( 50%) [42336/55563 ( 76%)]  Loss: 1.357 (1.18)  LR: 2.379e-04  Time cost: 2:03:29/55:11 [2:03:30/8:38:51]  Acc_iter 97900       Data time: 0.00(0.00)  Forward time: 0.25(0.25)  Batch time: 0.25(0.25)
2026-08-14 00:12:10,528   INFO  Train:    2/4 ( 50%) [42386/55563 ( 76%)]  Loss: 1.368 (1.18)  LR: 2.378e-04  Time cost: 2:03:41/54:58 [2:03:42/8:38:37]  Acc_iter 97950       Data time: 0.00(0.00)  Forward time: 0.25(0.25)  Batch time: 0.25(0.25)
2026-08-14 00:12:10,918   INFO  a1e06a0b30c0                Fri Aug 14 00:12:10 2026  580.173.02
[0] NVIDIA GeForce RTX 3070 | 71°C,  97 % |  6624 /  8192 MB | root(6226M)

2026-08-14 00:12:23,362   INFO  Train:    2/4 ( 50%) [42436/55563 ( 76%)]  Loss: 0.9822 (1.18)  LR: 2.377e-04  Time cost: 2:03:54/54:46 [2:03:55/8:38:26]  Acc_iter 98000       Data time: 0.00(0.00)  Forward time: 0.25(0.25)  Batch time: 0.26(0.25)
2026-08-14 00:12:35,505   INFO  Train:    2/4 ( 50%) [42486/55563 ( 76%)]  Loss: 1.510 (1.18)  LR: 2.376e-04  Time cost: 2:04:06/54:33 [2:04:07/8:38:12]  Acc_iter 98050       Data time: 0.00(0.00)  Forward time: 0.22(0.25)  Batch time: 0.22(0.25)
2026-08-14 00:12:47,716   INFO  Train:    2/4 ( 50%) [42536/55563 ( 77%)]  Loss: 0.7741 (1.18)  LR: 2.375e-04  Time cost: 2:04:18/54:20 [2:04:19/8:37:58]  Acc_iter 98100       Data time: 0.00(0.00)  Forward time: 0.27(0.25)  Batch time: 0.27(0.25)
2026-08-14 00:12:48,094   INFO  a1e06a0b30c0                Fri Aug 14 00:12:48 2026  580.173.02
[0] NVIDIA GeForce RTX 3070 | 66°C,   3 % |  6622 /  8192 MB | root(6226M)

2026-08-14 00:13:00,428   INFO  Train:    2/4 ( 50%) [42586/55563 ( 77%)]  Loss: 0.7792 (1.18)  LR: 2.374e-04  Time cost: 2:04:31/54:08 [2:04:32/8:37:46]  Acc_iter 98150       Data time: 0.00(0.00)  Forward time: 0.25(0.25)  Batch time: 0.25(0.25)
2026-08-14 00:13:12,775   INFO  Train:    2/4 ( 50%) [42636/55563 ( 77%)]  Loss: 0.8493 (1.18)  LR: 2.373e-04  Time cost: 2:04:43/53:55 [2:04:44/8:37:33]  Acc_iter 98200       Data time: 0.00(0.00)  Forward time: 0.23(0.25)  Batch time: 0.23(0.25)
2026-08-14 00:13:25,285   INFO  Train:    2/4 ( 50%) [42686/55563 ( 77%)]  Loss: 1.616 (1.18)  LR: 2.372e-04  Time cost: 2:04:55/53:43 [2:04:57/8:37:21]  Acc_iter 98250       Data time: 0.00(0.00)  Forward time: 0.24(0.25)  Batch time: 0.24(0.25)
2026-08-14 00:13:25,681   INFO  a1e06a0b30c0                Fri Aug 14 00:13:25 2026  580.173.02
[0] NVIDIA GeForce RTX 3070 | 70°C,  72 % |  6623 /  8192 MB | root(6226M)

2026-08-14 00:13:29,500   INFO  Save latest model to /OpenPCDet/output/OpenPCDet/tools/cfgs/models/S/F/S_F_N/default/ckpt/latest_model
2026-08-14 00:13:37,966   INFO  Train:    2/4 ( 50%) [42736/55563 ( 77%)]  Loss: 0.8562 (1.18)  LR: 2.371e-04  Time cost: 2:05:08/53:30 [2:05:10/8:37:09]  Acc_iter 98300       Data time: 0.00(0.00)  Forward time: 0.22(0.25)  Batch time: 0.23(0.25)
2026-08-14 00:13:50,304   INFO  Train:    2/4 ( 50%) [42786/55563 ( 77%)]  Loss: 1.061 (1.18)  LR: 2.370e-04  Time cost: 2:05:20/53:18 [2:05:22/8:36:55]  Acc_iter 98350       Data time: 0.00(0.00)  Forward time: 0.24(0.25)  Batch time: 0.25(0.25)
2026-08-14 00:14:02,571   INFO  Train:    2/4 ( 50%) [42836/55563 ( 77%)]  Loss: 1.342 (1.18)  LR: 2.369e-04  Time cost: 2:05:33/53:05 [2:05:34/8:36:42]  Acc_iter 98400       Data time: 0.00(0.00)  Forward time: 0.23(0.25)  Batch time: 0.24(0.25)
2026-08-14 00:14:02,999   INFO  a1e06a0b30c0                Fri Aug 14 00:14:02 2026  580.173.02
[0] NVIDIA GeForce RTX 3070 | 64°C,   0 % |  6623 /  8192 MB | root(6226M)

2026-08-14 00:14:15,206   INFO  Train:    2/4 ( 50%) [42886/55563 ( 77%)]  Loss: 1.076 (1.18)  LR: 2.368e-04  Time cost: 2:05:45/52:53 [2:05:47/8:36:30]  Acc_iter 98450       Data time: 0.00(0.00)  Forward time: 0.25(0.25)  Batch time: 0.25(0.25)
2026-08-14 00:14:27,333   INFO  Train:    2/4 ( 50%) [42936/55563 ( 77%)]  Loss: 2.010 (1.18)  LR: 2.366e-04  Time cost: 2:05:58/52:40 [2:05:59/8:36:16]  Acc_iter 98500       Data time: 0.00(0.00)  Forward time: 0.24(0.25)  Batch time: 0.24(0.25)
2026-08-14 00:14:39,719   INFO  Train:    2/4 ( 50%) [42986/55563 ( 77%)]  Loss: 1.201 (1.18)  LR: 2.365e-04  Time cost: 2:06:10/52:28 [2:06:11/8:36:03]  Acc_iter 98550       Data time: 0.00(0.00)  Forward time: 0.25(0.25)  Batch time: 0.25(0.25)
2026-08-14 00:14:40,177   INFO  a1e06a0b30c0                Fri Aug 14 00:14:40 2026  580.173.02
[0] NVIDIA GeForce RTX 3070 | 67°C,  36 % |  6624 /  8192 MB | root(6226M)

2026-08-14 00:14:52,240   INFO  Train:    2/4 ( 50%) [43036/55563 ( 77%)]  Loss: 0.4832 (1.18)  LR: 2.364e-04  Time cost: 2:06:22/52:15 [2:06:24/8:35:50]  Acc_iter 98600       Data time: 0.00(0.00)  Forward time: 0.22(0.25)  Batch time: 0.23(0.25)
2026-08-14 00:15:04,888   INFO  Train:    2/4 ( 50%) [43086/55563 ( 78%)]  Loss: 1.239 (1.18)  LR: 2.363e-04  Time cost: 2:06:35/52:03 [2:06:37/8:35:38]  Acc_iter 98650       Data time: 0.00(0.00)  Forward time: 0.24(0.25)  Batch time: 0.24(0.25)
2026-08-14 00:15:16,949   INFO  Train:    2/4 ( 50%) [43136/55563 ( 78%)]  Loss: 1.133 (1.18)  LR: 2.362e-04  Time cost: 2:06:47/51:50 [2:06:49/8:35:24]  Acc_iter 98700       Data time: 0.00(0.00)  Forward time: 0.22(0.25)  Batch time: 0.23(0.25)
2026-08-14 00:15:17,371   INFO  a1e06a0b30c0                Fri Aug 14 00:15:17 2026  580.173.02
[0] NVIDIA GeForce RTX 3070 | 70°C,  93 % |  6624 /  8192 MB | root(6226M)

2026-08-14 00:15:29,280   INFO  Train:    2/4 ( 50%) [43186/55563 ( 78%)]  Loss: 1.120 (1.18)  LR: 2.361e-04  Time cost: 2:06:59/51:37 [2:07:01/8:35:11]  Acc_iter 98750       Data time: 0.00(0.00)  Forward time: 0.21(0.25)  Batch time: 0.22(0.25)
2026-08-14 00:15:41,009   INFO  Train:    2/4 ( 50%) [43236/55563 ( 78%)]  Loss: 0.9650 (1.18)  LR: 2.360e-04  Time cost: 2:07:11/51:24 [2:07:13/8:34:55]  Acc_iter 98800       Data time: 0.00(0.00)  Forward time: 0.24(0.25)  Batch time: 0.24(0.25)
2026-08-14 00:15:53,700   INFO  Train:    2/4 ( 50%) [43286/55563 ( 78%)]  Loss: 2.195 (1.18)  LR: 2.359e-04  Time cost: 2:07:24/51:12 [2:07:25/8:34:43]  Acc_iter 98850       Data time: 0.00(0.00)  Forward time: 0.20(0.25)  Batch time: 0.20(0.25)
2026-08-14 00:15:54,208   INFO  a1e06a0b30c0                Fri Aug 14 00:15:54 2026  580.173.02
[0] NVIDIA GeForce RTX 3070 | 67°C,   0 % |  6624 /  8192 MB | root(6226M)

2026-08-14 00:16:06,606   INFO  Train:    2/4 ( 50%) [43336/55563 ( 78%)]  Loss: 0.7827 (1.18)  LR: 2.358e-04  Time cost: 2:07:37/51:00 [2:07:38/8:34:32]  Acc_iter 98900       Data time: 0.00(0.00)  Forward time: 0.23(0.25)  Batch time: 0.23(0.25)
2026-08-14 00:16:18,970   INFO  Train:    2/4 ( 50%) [43386/55563 ( 78%)]  Loss: 0.9789 (1.18)  LR: 2.357e-04  Time cost: 2:07:49/50:47 [2:07:51/8:34:19]  Acc_iter 98950       Data time: 0.00(0.00)  Forward time: 0.26(0.25)  Batch time: 0.26(0.25)
2026-08-14 00:16:30,971   INFO  Train:    2/4 ( 50%) [43436/55563 ( 78%)]  Loss: 0.8722 (1.18)  LR: 2.356e-04  Time cost: 2:08:01/50:34 [2:08:03/8:34:05]  Acc_iter 99000       Data time: 0.00(0.00)  Forward time: 0.26(0.25)  Batch time: 0.26(0.25)
2026-08-14 00:16:31,364   INFO  a1e06a0b30c0                Fri Aug 14 00:16:31 2026  580.173.02
[0] NVIDIA GeForce RTX 3070 | 71°C,  86 % |  6624 /  8192 MB | root(6226M)

2026-08-14 00:16:43,634   INFO  Train:    2/4 ( 50%) [43486/55563 ( 78%)]  Loss: 1.152 (1.18)  LR: 2.354e-04  Time cost: 2:08:14/50:22 [2:08:15/8:33:53]  Acc_iter 99050       Data time: 0.00(0.00)  Forward time: 0.25(0.25)  Batch time: 0.25(0.25)
2026-08-14 00:16:55,708   INFO  Train:    2/4 ( 50%) [43536/55563 ( 78%)]  Loss: 1.280 (1.18)  LR: 2.353e-04  Time cost: 2:08:26/50:09 [2:08:27/8:33:38]  Acc_iter 99100       Data time: 0.00(0.00)  Forward time: 0.23(0.25)  Batch time: 0.23(0.25)
2026-08-14 00:17:07,812   INFO  Train:    2/4 ( 50%) [43586/55563 ( 78%)]  Loss: 1.230 (1.18)  LR: 2.352e-04  Time cost: 2:08:38/49:57 [2:08:39/8:33:24]  Acc_iter 99150       Data time: 0.00(0.00)  Forward time: 0.21(0.25)  Batch time: 0.21(0.25)
2026-08-14 00:17:08,199   INFO  a1e06a0b30c0                Fri Aug 14 00:17:08 2026  580.173.02
[0] NVIDIA GeForce RTX 3070 | 69°C,  76 % |  6624 /  8192 MB | root(6226M)

2026-08-14 00:17:20,486   INFO  Train:    2/4 ( 50%) [43636/55563 ( 79%)]  Loss: 0.9390 (1.18)  LR: 2.351e-04  Time cost: 2:08:51/49:44 [2:08:52/8:33:12]  Acc_iter 99200       Data time: 0.00(0.00)  Forward time: 0.21(0.25)  Batch time: 0.21(0.25)
2026-08-14 00:17:32,797   INFO  Train:    2/4 ( 50%) [43686/55563 ( 79%)]  Loss: 1.420 (1.18)  LR: 2.350e-04  Time cost: 2:09:03/49:32 [2:09:04/8:32:59]  Acc_iter 99250       Data time: 0.00(0.00)  Forward time: 0.26(0.25)  Batch time: 0.26(0.25)
2026-08-14 00:17:45,323   INFO  Train:    2/4 ( 50%) [43736/55563 ( 79%)]  Loss: 1.210 (1.18)  LR: 2.349e-04  Time cost: 2:09:16/49:19 [2:09:17/8:32:47]  Acc_iter 99300       Data time: 0.00(0.00)  Forward time: 0.26(0.25)  Batch time: 0.26(0.25)
2026-08-14 00:17:45,725   INFO  a1e06a0b30c0                Fri Aug 14 00:17:45 2026  580.173.02
[0] NVIDIA GeForce RTX 3070 | 71°C,  74 % |  6625 /  8192 MB | root(6226M)

2026-08-14 00:17:57,812   INFO  Train:    2/4 ( 50%) [43786/55563 ( 79%)]  Loss: 0.9477 (1.18)  LR: 2.348e-04  Time cost: 2:09:28/49:07 [2:09:29/8:32:34]  Acc_iter 99350       Data time: 0.00(0.00)  Forward time: 0.27(0.25)  Batch time: 0.27(0.25)
2026-08-14 00:18:09,977   INFO  Train:    2/4 ( 50%) [43836/55563 ( 79%)]  Loss: 1.601 (1.18)  LR: 2.347e-04  Time cost: 2:09:40/48:54 [2:09:42/8:32:20]  Acc_iter 99400       Data time: 0.00(0.00)  Forward time: 0.24(0.25)  Batch time: 0.25(0.25)
2026-08-14 00:18:22,355   INFO  Train:    2/4 ( 50%) [43886/55563 ( 79%)]  Loss: 0.7566 (1.18)  LR: 2.346e-04  Time cost: 2:09:53/48:41 [2:09:54/8:32:07]  Acc_iter 99450       Data time: 0.00(0.00)  Forward time: 0.27(0.25)  Batch time: 0.27(0.25)
2026-08-14 00:18:22,742   INFO  a1e06a0b30c0                Fri Aug 14 00:18:22 2026  580.173.02
[0] NVIDIA GeForce RTX 3070 | 72°C, 100 % |  6624 /  8192 MB | root(6226M)

2026-08-14 00:18:29,588   INFO  Save latest model to /OpenPCDet/output/OpenPCDet/tools/cfgs/models/S/F/S_F_N/default/ckpt/latest_model
2026-08-14 00:18:35,348   INFO  Train:    2/4 ( 50%) [43936/55563 ( 79%)]  Loss: 1.224 (1.18)  LR: 2.345e-04  Time cost: 2:10:06/48:29 [2:10:07/8:31:56]  Acc_iter 99500       Data time: 0.00(0.00)  Forward time: 0.27(0.25)  Batch time: 0.27(0.25)
2026-08-14 00:18:47,500   INFO  Train:    2/4 ( 50%) [43986/55563 ( 79%)]  Loss: 0.7782 (1.18)  LR: 2.344e-04  Time cost: 2:10:18/48:16 [2:10:19/8:31:43]  Acc_iter 99550       Data time: 0.00(0.00)  Forward time: 0.25(0.25)  Batch time: 0.25(0.25)
2026-08-14 00:18:59,654   INFO  Train:    2/4 ( 50%) [44036/55563 ( 79%)]  Loss: 1.577 (1.18)  LR: 2.342e-04  Time cost: 2:10:30/48:04 [2:10:31/8:31:29]  Acc_iter 99600       Data time: 0.00(0.00)  Forward time: 0.25(0.25)  Batch time: 0.26(0.25)
2026-08-14 00:19:00,043   INFO  a1e06a0b30c0                Fri Aug 14 00:19:00 2026  580.173.02
[0] NVIDIA GeForce RTX 3070 | 65°C,   0 % |  6623 /  8192 MB | root(6226M)

2026-08-14 00:19:12,191   INFO  Train:    2/4 ( 50%) [44086/55563 ( 79%)]  Loss: 0.9859 (1.18)  LR: 2.341e-04  Time cost: 2:10:42/47:51 [2:10:44/8:31:16]  Acc_iter 99650       Data time: 0.00(0.00)  Forward time: 0.24(0.25)  Batch time: 0.24(0.25)
2026-08-14 00:19:24,330   INFO  Train:    2/4 ( 50%) [44136/55563 ( 79%)]  Loss: 0.5966 (1.18)  LR: 2.340e-04  Time cost: 2:10:55/47:39 [2:10:56/8:31:02]  Acc_iter 99700       Data time: 0.00(0.00)  Forward time: 0.26(0.25)  Batch time: 0.27(0.25)
2026-08-14 00:19:36,304   INFO  Train:    2/4 ( 50%) [44186/55563 ( 80%)]  Loss: 1.023 (1.18)  LR: 2.339e-04  Time cost: 2:11:06/47:26 [2:11:08/8:30:48]  Acc_iter 99750       Data time: 0.00(0.00)  Forward time: 0.22(0.25)  Batch time: 0.22(0.25)
2026-08-14 00:19:36,700   INFO  a1e06a0b30c0                Fri Aug 14 00:19:36 2026  580.173.02
[0] NVIDIA GeForce RTX 3070 | 72°C,  63 % |  6623 /  8192 MB | root(6226M)

2026-08-14 00:19:48,704   INFO  Train:    2/4 ( 50%) [44236/55563 ( 80%)]  Loss: 0.8725 (1.18)  LR: 2.338e-04  Time cost: 2:11:19/47:13 [2:11:20/8:30:35]  Acc_iter 99800       Data time: 0.00(0.00)  Forward time: 0.23(0.25)  Batch time: 0.23(0.25)
2026-08-14 00:20:00,756   INFO  Train:    2/4 ( 50%) [44286/55563 ( 80%)]  Loss: 0.6738 (1.18)  LR: 2.337e-04  Time cost: 2:11:31/47:01 [2:11:32/8:30:20]  Acc_iter 99850       Data time: 0.00(0.00)  Forward time: 0.23(0.25)  Batch time: 0.23(0.25)
2026-08-14 00:20:12,990   INFO  Train:    2/4 ( 50%) [44336/55563 ( 80%)]  Loss: 0.4837 (1.18)  LR: 2.336e-04  Time cost: 2:11:43/46:48 [2:11:45/8:30:07]  Acc_iter 99900       Data time: 0.00(0.00)  Forward time: 0.28(0.25)  Batch time: 0.28(0.25)
2026-08-14 00:20:13,473   INFO  a1e06a0b30c0                Fri Aug 14 00:20:13 2026  580.173.02
[0] NVIDIA GeForce RTX 3070 | 69°C,  91 % |  6623 /  8192 MB | root(6226M)

2026-08-14 00:20:25,965   INFO  Train:    2/4 ( 50%) [44386/55563 ( 80%)]  Loss: 2.553 (1.18)  LR: 2.335e-04  Time cost: 2:11:56/46:36 [2:11:58/8:29:56]  Acc_iter 99950       Data time: 0.00(0.00)  Forward time: 0.27(0.25)  Batch time: 0.27(0.25)
2026-08-14 00:20:38,167   INFO  Train:    2/4 ( 50%) [44436/55563 ( 80%)]  Loss: 0.6349 (1.18)  LR: 2.334e-04  Time cost: 2:12:08/46:23 [2:12:10/8:29:42]  Acc_iter 100000      Data time: 0.00(0.00)  Forward time: 0.21(0.25)  Batch time: 0.21(0.25)
2026-08-14 00:20:50,748   INFO  Train:    2/4 ( 50%) [44486/55563 ( 80%)]  Loss: 0.9629 (1.18)  LR: 2.333e-04  Time cost: 2:12:21/46:11 [2:12:22/8:29:30]  Acc_iter 100050      Data time: 0.00(0.00)  Forward time: 0.22(0.25)  Batch time: 0.22(0.25)
2026-08-14 00:20:51,155   INFO  a1e06a0b30c0                Fri Aug 14 00:20:51 2026  580.173.02
[0] NVIDIA GeForce RTX 3070 | 66°C,   1 % |  6624 /  8192 MB | root(6226M)

2026-08-14 00:21:03,311   INFO  Train:    2/4 ( 50%) [44536/55563 ( 80%)]  Loss: 1.258 (1.18)  LR: 2.331e-04  Time cost: 2:12:34/45:58 [2:12:35/8:29:18]  Acc_iter 100100      Data time: 0.00(0.00)  Forward time: 0.29(0.25)  Batch time: 0.29(0.25)
2026-08-14 00:21:15,843   INFO  Train:    2/4 ( 50%) [44586/55563 ( 80%)]  Loss: 0.9103 (1.18)  LR: 2.330e-04  Time cost: 2:12:46/45:46 [2:12:47/8:29:06]  Acc_iter 100150      Data time: 0.00(0.00)  Forward time: 0.24(0.25)  Batch time: 0.24(0.25)
2026-08-14 00:21:28,063   INFO  Train:    2/4 ( 50%) [44636/55563 ( 80%)]  Loss: 1.242 (1.18)  LR: 2.329e-04  Time cost: 2:12:58/45:33 [2:13:00/8:28:52]  Acc_iter 100200      Data time: 0.00(0.00)  Forward time: 0.22(0.25)  Batch time: 0.22(0.25)
2026-08-14 00:21:28,444   INFO  a1e06a0b30c0                Fri Aug 14 00:21:28 2026  580.173.02
[0] NVIDIA GeForce RTX 3070 | 70°C,  91 % |  6623 /  8192 MB | root(6226M)

2026-08-14 00:21:40,484   INFO  Train:    2/4 ( 50%) [44686/55563 ( 80%)]  Loss: 2.746 (1.18)  LR: 2.328e-04  Time cost: 2:13:11/45:20 [2:13:12/8:28:39]  Acc_iter 100250      Data time: 0.00(0.00)  Forward time: 0.25(0.25)  Batch time: 0.26(0.25)
2026-08-14 00:21:52,995   INFO  Train:    2/4 ( 50%) [44736/55563 ( 81%)]  Loss: 1.705 (1.18)  LR: 2.327e-04  Time cost: 2:13:23/45:08 [2:13:25/8:28:27]  Acc_iter 100300      Data time: 0.00(0.00)  Forward time: 0.25(0.25)  Batch time: 0.25(0.25)
2026-08-14 00:22:05,498   INFO  Train:    2/4 ( 50%) [44786/55563 ( 81%)]  Loss: 0.8101 (1.18)  LR: 2.326e-04  Time cost: 2:13:36/44:55 [2:13:37/8:28:14]  Acc_iter 100350      Data time: 0.00(0.00)  Forward time: 0.25(0.25)  Batch time: 0.25(0.25)
2026-08-14 00:22:05,957   INFO  a1e06a0b30c0                Fri Aug 14 00:22:05 2026  580.173.02
[0] NVIDIA GeForce RTX 3070 | 70°C,  68 % |  6623 /  8192 MB | root(6226M)

2026-08-14 00:22:18,465   INFO  Train:    2/4 ( 50%) [44836/55563 ( 81%)]  Loss: 0.5970 (1.18)  LR: 2.325e-04  Time cost: 2:13:49/44:43 [2:13:50/8:28:03]  Acc_iter 100400      Data time: 0.00(0.00)  Forward time: 0.22(0.25)  Batch time: 0.22(0.25)
2026-08-14 00:22:30,512   INFO  Train:    2/4 ( 50%) [44886/55563 ( 81%)]  Loss: 0.8129 (1.18)  LR: 2.324e-04  Time cost: 2:14:01/44:30 [2:14:02/8:27:49]  Acc_iter 100450      Data time: 0.00(0.00)  Forward time: 0.24(0.25)  Batch time: 0.24(0.25)
2026-08-14 00:22:42,647   INFO  Train:    2/4 ( 50%) [44936/55563 ( 81%)]  Loss: 1.552 (1.18)  LR: 2.323e-04  Time cost: 2:14:13/44:18 [2:14:14/8:27:35]  Acc_iter 100500      Data time: 0.00(0.00)  Forward time: 0.26(0.25)  Batch time: 0.26(0.25)
2026-08-14 00:22:43,043   INFO  a1e06a0b30c0                Fri Aug 14 00:22:43 2026  580.173.02
[0] NVIDIA GeForce RTX 3070 | 64°C,   0 % |  6624 /  8192 MB | root(6226M)

2026-08-14 00:22:55,265   INFO  Train:    2/4 ( 50%) [44986/55563 ( 81%)]  Loss: 1.271 (1.18)  LR: 2.322e-04  Time cost: 2:14:25/44:05 [2:14:27/8:27:23]  Acc_iter 100550      Data time: 0.00(0.00)  Forward time: 0.24(0.25)  Batch time: 0.24(0.25)
2026-08-14 00:23:07,851   INFO  Train:    2/4 ( 50%) [45036/55563 ( 81%)]  Loss: 1.494 (1.18)  LR: 2.320e-04  Time cost: 2:14:38/43:53 [2:14:39/8:27:11]  Acc_iter 100600      Data time: 0.00(0.00)  Forward time: 0.21(0.25)  Batch time: 0.21(0.25)
2026-08-14 00:23:20,092   INFO  Train:    2/4 ( 50%) [45086/55563 ( 81%)]  Loss: 0.6626 (1.18)  LR: 2.319e-04  Time cost: 2:14:50/43:40 [2:14:52/8:26:57]  Acc_iter 100650      Data time: 0.00(0.00)  Forward time: 0.25(0.25)  Batch time: 0.25(0.25)
2026-08-14 00:23:20,468   INFO  a1e06a0b30c0                Fri Aug 14 00:23:20 2026  580.173.02
[0] NVIDIA GeForce RTX 3070 | 72°C,  97 % |  6623 /  8192 MB | root(6226M)

2026-08-14 00:23:29,600   INFO  Save latest model to /OpenPCDet/output/OpenPCDet/tools/cfgs/models/S/F/S_F_N/default/ckpt/latest_model
2026-08-14 00:23:32,756   INFO  Train:    2/4 ( 50%) [45136/55563 ( 81%)]  Loss: 0.9719 (1.18)  LR: 2.318e-04  Time cost: 2:15:03/43:28 [2:15:04/8:26:45]  Acc_iter 100700      Data time: 0.00(0.00)  Forward time: 0.26(0.25)  Batch time: 0.26(0.25)
2026-08-14 00:23:44,539   INFO  Train:    2/4 ( 50%) [45186/55563 ( 81%)]  Loss: 0.8885 (1.18)  LR: 2.317e-04  Time cost: 2:15:15/43:15 [2:15:16/8:26:30]  Acc_iter 100750      Data time: 0.00(0.00)  Forward time: 0.26(0.25)  Batch time: 0.26(0.25)
2026-08-14 00:23:56,894   INFO  Train:    2/4 ( 50%) [45236/55563 ( 81%)]  Loss: 1.475 (1.18)  LR: 2.316e-04  Time cost: 2:15:27/43:02 [2:15:29/8:26:17]  Acc_iter 100800      Data time: 0.00(0.00)  Forward time: 0.27(0.25)  Batch time: 0.27(0.25)
2026-08-14 00:23:57,333   INFO  a1e06a0b30c0                Fri Aug 14 00:23:57 2026  580.173.02
[0] NVIDIA GeForce RTX 3070 | 72°C,  87 % |  6623 /  8192 MB | root(6226M)

2026-08-14 00:24:09,811   INFO  Train:    2/4 ( 50%) [45286/55563 ( 82%)]  Loss: 0.7395 (1.18)  LR: 2.315e-04  Time cost: 2:15:40/42:50 [2:15:41/8:26:06]  Acc_iter 100850      Data time: 0.00(0.00)  Forward time: 0.24(0.25)  Batch time: 0.24(0.25)
2026-08-14 00:24:22,233   INFO  Train:    2/4 ( 50%) [45336/55563 ( 82%)]  Loss: 0.5108 (1.18)  LR: 2.314e-04  Time cost: 2:15:52/42:38 [2:15:54/8:25:53]  Acc_iter 100900      Data time: 0.00(0.00)  Forward time: 0.27(0.25)  Batch time: 0.27(0.25)
2026-08-14 00:24:34,764   INFO  Train:    2/4 ( 50%) [45386/55563 ( 82%)]  Loss: 0.8296 (1.18)  LR: 2.313e-04  Time cost: 2:16:05/42:25 [2:16:06/8:25:41]  Acc_iter 100950      Data time: 0.00(0.00)  Forward time: 0.26(0.25)  Batch time: 0.26(0.25)
2026-08-14 00:24:35,158   INFO  a1e06a0b30c0                Fri Aug 14 00:24:35 2026  580.173.02
[0] NVIDIA GeForce RTX 3070 | 69°C,   1 % |  6623 /  8192 MB | root(6226M)

2026-08-14 00:24:47,344   INFO  Train:    2/4 ( 50%) [45436/55563 ( 82%)]  Loss: 1.536 (1.18)  LR: 2.312e-04  Time cost: 2:16:18/42:13 [2:16:19/8:25:29]  Acc_iter 101000      Data time: 0.00(0.00)  Forward time: 0.29(0.25)  Batch time: 0.29(0.25)
2026-08-14 00:24:59,435   INFO  Train:    2/4 ( 50%) [45486/55563 ( 82%)]  Loss: 1.270 (1.18)  LR: 2.310e-04  Time cost: 2:16:30/42:00 [2:16:31/8:25:15]  Acc_iter 101050      Data time: 0.00(0.00)  Forward time: 0.25(0.25)  Batch time: 0.25(0.25)
2026-08-14 00:25:11,638   INFO  Train:    2/4 ( 50%) [45536/55563 ( 82%)]  Loss: 1.268 (1.18)  LR: 2.309e-04  Time cost: 2:16:42/41:47 [2:16:43/8:25:01]  Acc_iter 101100      Data time: 0.00(0.00)  Forward time: 0.24(0.25)  Batch time: 0.24(0.25)
2026-08-14 00:25:12,025   INFO  a1e06a0b30c0                Fri Aug 14 00:25:12 2026  580.173.02
[0] NVIDIA GeForce RTX 3070 | 72°C,  98 % |  6624 /  8192 MB | root(6226M)

2026-08-14 00:25:24,274   INFO  Train:    2/4 ( 50%) [45586/55563 ( 82%)]  Loss: 1.607 (1.18)  LR: 2.308e-04  Time cost: 2:16:54/41:35 [2:16:56/8:24:49]  Acc_iter 101150      Data time: 0.00(0.00)  Forward time: 0.24(0.25)  Batch time: 0.24(0.25)
2026-08-14 00:25:36,508   INFO  Train:    2/4 ( 50%) [45636/55563 ( 82%)]  Loss: 0.6013 (1.18)  LR: 2.307e-04  Time cost: 2:17:07/41:22 [2:17:08/8:24:35]  Acc_iter 101200      Data time: 0.00(0.00)  Forward time: 0.23(0.25)  Batch time: 0.23(0.25)
2026-08-14 00:25:48,934   INFO  Train:    2/4 ( 50%) [45686/55563 ( 82%)]  Loss: 1.666 (1.18)  LR: 2.306e-04  Time cost: 2:17:19/41:10 [2:17:21/8:24:23]  Acc_iter 101250      Data time: 0.00(0.00)  Forward time: 0.23(0.25)  Batch time: 0.23(0.25)
2026-08-14 00:25:49,325   INFO  a1e06a0b30c0                Fri Aug 14 00:25:49 2026  580.173.02
[0] NVIDIA GeForce RTX 3070 | 71°C,  95 % |  6624 /  8192 MB | root(6226M)

2026-08-14 00:26:01,262   INFO  Train:    2/4 ( 50%) [45736/55563 ( 82%)]  Loss: 0.7158 (1.18)  LR: 2.305e-04  Time cost: 2:17:31/40:57 [2:17:33/8:24:10]  Acc_iter 101300      Data time: 0.00(0.00)  Forward time: 0.26(0.25)  Batch time: 0.26(0.25)
2026-08-14 00:26:13,104   INFO  Train:    2/4 ( 50%) [45786/55563 ( 82%)]  Loss: 0.6976 (1.18)  LR: 2.304e-04  Time cost: 2:17:43/40:45 [2:17:45/8:23:55]  Acc_iter 101350      Data time: 0.00(0.00)  Forward time: 0.21(0.25)  Batch time: 0.21(0.25)
2026-08-14 00:26:25,096   INFO  Train:    2/4 ( 50%) [45836/55563 ( 82%)]  Loss: 1.019 (1.18)  LR: 2.303e-04  Time cost: 2:17:55/40:32 [2:17:57/8:23:40]  Acc_iter 101400      Data time: 0.00(0.00)  Forward time: 0.25(0.25)  Batch time: 0.25(0.25)
2026-08-14 00:26:25,516   INFO  a1e06a0b30c0                Fri Aug 14 00:26:25 2026  580.173.02
[0] NVIDIA GeForce RTX 3070 | 70°C,  84 % |  6625 /  8192 MB | root(6226M)

2026-08-14 00:26:38,065   INFO  Train:    2/4 ( 50%) [45886/55563 ( 83%)]  Loss: 0.8475 (1.18)  LR: 2.301e-04  Time cost: 2:18:08/40:19 [2:18:10/8:23:29]  Acc_iter 101450      Data time: 0.00(0.00)  Forward time: 0.28(0.25)  Batch time: 0.28(0.25)
2026-08-14 00:26:50,305   INFO  Train:    2/4 ( 50%) [45936/55563 ( 83%)]  Loss: 0.6813 (1.18)  LR: 2.300e-04  Time cost: 2:18:21/40:07 [2:18:22/8:23:16]  Acc_iter 101500      Data time: 0.00(0.00)  Forward time: 0.22(0.25)  Batch time: 0.22(0.25)
2026-08-14 00:27:02,346   INFO  Train:    2/4 ( 50%) [45986/55563 ( 83%)]  Loss: 0.4827 (1.18)  LR: 2.299e-04  Time cost: 2:18:33/39:54 [2:18:34/8:23:02]  Acc_iter 101550      Data time: 0.00(0.00)  Forward time: 0.22(0.25)  Batch time: 0.22(0.25)
2026-08-14 00:27:02,739   INFO  a1e06a0b30c0                Fri Aug 14 00:27:02 2026  580.173.02
[0] NVIDIA GeForce RTX 3070 | 71°C,  97 % |  6623 /  8192 MB | root(6226M)

2026-08-14 00:27:14,784   INFO  Train:    2/4 ( 50%) [46036/55563 ( 83%)]  Loss: 0.8975 (1.18)  LR: 2.298e-04  Time cost: 2:18:45/39:42 [2:18:46/8:22:49]  Acc_iter 101600      Data time: 0.00(0.00)  Forward time: 0.23(0.25)  Batch time: 0.23(0.25)
2026-08-14 00:27:27,060   INFO  Train:    2/4 ( 50%) [46086/55563 ( 83%)]  Loss: 0.7889 (1.18)  LR: 2.297e-04  Time cost: 2:18:57/39:29 [2:18:59/8:22:36]  Acc_iter 101650      Data time: 0.00(0.00)  Forward time: 0.24(0.25)  Batch time: 0.24(0.25)
2026-08-14 00:27:39,439   INFO  Train:    2/4 ( 50%) [46136/55563 ( 83%)]  Loss: 1.076 (1.18)  LR: 2.296e-04  Time cost: 2:19:10/39:17 [2:19:11/8:22:23]  Acc_iter 101700      Data time: 0.00(0.00)  Forward time: 0.25(0.25)  Batch time: 0.25(0.25)
2026-08-14 00:27:39,837   INFO  a1e06a0b30c0                Fri Aug 14 00:27:39 2026  580.173.02
[0] NVIDIA GeForce RTX 3070 | 71°C,  80 % |  6623 /  8192 MB | root(6226M)

2026-08-14 00:27:51,624   INFO  Train:    2/4 ( 50%) [46186/55563 ( 83%)]  Loss: 0.6289 (1.18)  LR: 2.295e-04  Time cost: 2:19:22/39:04 [2:19:23/8:22:09]  Acc_iter 101750      Data time: 0.00(0.00)  Forward time: 0.21(0.25)  Batch time: 0.21(0.25)
2026-08-14 00:28:03,749   INFO  Train:    2/4 ( 50%) [46236/55563 ( 83%)]  Loss: 1.622 (1.18)  LR: 2.294e-04  Time cost: 2:19:34/38:51 [2:19:35/8:21:55]  Acc_iter 101800      Data time: 0.00(0.00)  Forward time: 0.27(0.25)  Batch time: 0.27(0.25)
2026-08-14 00:28:16,039   INFO  Train:    2/4 ( 50%) [46286/55563 ( 83%)]  Loss: 1.057 (1.18)  LR: 2.292e-04  Time cost: 2:19:46/38:39 [2:19:48/8:21:42]  Acc_iter 101850      Data time: 0.00(0.00)  Forward time: 0.25(0.25)  Batch time: 0.25(0.25)
2026-08-14 00:28:16,447   INFO  a1e06a0b30c0                Fri Aug 14 00:28:16 2026  580.173.02
[0] NVIDIA GeForce RTX 3070 | 69°C,  85 % |  6623 /  8192 MB | root(6226M)

2026-08-14 00:28:29,071   INFO  Train:    2/4 ( 50%) [46336/55563 ( 83%)]  Loss: 1.050 (1.18)  LR: 2.291e-04  Time cost: 2:19:59/38:27 [2:20:01/8:21:31]  Acc_iter 101900      Data time: 0.00(0.00)  Forward time: 0.27(0.25)  Batch time: 0.27(0.25)
2026-08-14 00:28:29,424   INFO  Save latest model to /OpenPCDet/output/OpenPCDet/tools/cfgs/models/S/F/S_F_N/default/ckpt/latest_model
2026-08-14 00:28:41,171   INFO  Train:    2/4 ( 50%) [46386/55563 ( 83%)]  Loss: 1.274 (1.18)  LR: 2.290e-04  Time cost: 2:20:11/38:14 [2:20:13/8:21:17]  Acc_iter 101950      Data time: 0.00(0.00)  Forward time: 0.21(0.25)  Batch time: 0.22(0.25)
2026-08-14 00:28:53,118   INFO  Train:    2/4 ( 50%) [46436/55563 ( 84%)]  Loss: 1.108 (1.18)  LR: 2.289e-04  Time cost: 2:20:23/38:01 [2:20:25/8:21:03]  Acc_iter 102000      Data time: 0.00(0.00)  Forward time: 0.24(0.25)  Batch time: 0.24(0.25)
2026-08-14 00:28:53,502   INFO  a1e06a0b30c0                Fri Aug 14 00:28:53 2026  580.173.02
[0] NVIDIA GeForce RTX 3070 | 72°C,  80 % |  6624 /  8192 MB | root(6226M)

2026-08-14 00:29:05,736   INFO  Train:    2/4 ( 50%) [46486/55563 ( 84%)]  Loss: 0.4834 (1.18)  LR: 2.288e-04  Time cost: 2:20:36/37:49 [2:20:37/8:20:51]  Acc_iter 102050      Data time: 0.00(0.00)  Forward time: 0.24(0.25)  Batch time: 0.24(0.25)
2026-08-14 00:29:18,517   INFO  Train:    2/4 ( 50%) [46536/55563 ( 84%)]  Loss: 0.6302 (1.18)  LR: 2.287e-04  Time cost: 2:20:49/37:36 [2:20:50/8:20:39]  Acc_iter 102100      Data time: 0.00(0.00)  Forward time: 0.25(0.25)  Batch time: 0.25(0.25)
2026-08-14 00:29:30,834   INFO  Train:    2/4 ( 50%) [46586/55563 ( 84%)]  Loss: 1.134 (1.18)  LR: 2.286e-04  Time cost: 2:21:01/37:24 [2:21:02/8:20:26]  Acc_iter 102150      Data time: 0.00(0.00)  Forward time: 0.25(0.25)  Batch time: 0.25(0.25)
2026-08-14 00:29:31,260   INFO  a1e06a0b30c0                Fri Aug 14 00:29:31 2026  580.173.02
[0] NVIDIA GeForce RTX 3070 | 67°C,  34 % |  6623 /  8192 MB | root(6226M)

2026-08-14 00:29:43,251   INFO  Train:    2/4 ( 50%) [46636/55563 ( 84%)]  Loss: 0.7321 (1.18)  LR: 2.285e-04  Time cost: 2:21:13/37:11 [2:21:15/8:20:13]  Acc_iter 102200      Data time: 0.00(0.00)  Forward time: 0.25(0.25)  Batch time: 0.25(0.25)
2026-08-14 00:29:55,360   INFO  Train:    2/4 ( 50%) [46686/55563 ( 84%)]  Loss: 2.056 (1.18)  LR: 2.283e-04  Time cost: 2:21:26/36:59 [2:21:27/8:20:00]  Acc_iter 102250      Data time: 0.00(0.00)  Forward time: 0.26(0.25)  Batch time: 0.26(0.25)
2026-08-14 00:30:07,855   INFO  Train:    2/4 ( 50%) [46736/55563 ( 84%)]  Loss: 1.074 (1.18)  LR: 2.282e-04  Time cost: 2:21:38/36:46 [2:21:39/8:19:47]  Acc_iter 102300      Data time: 0.00(0.00)  Forward time: 0.27(0.25)  Batch time: 0.27(0.25)
2026-08-14 00:30:08,324   INFO  a1e06a0b30c0                Fri Aug 14 00:30:08 2026  580.173.02
[0] NVIDIA GeForce RTX 3070 | 69°C,  64 % |  6623 /  8192 MB | root(6226M)

2026-08-14 00:30:20,556   INFO  Train:    2/4 ( 50%) [46786/55563 ( 84%)]  Loss: 0.6622 (1.18)  LR: 2.281e-04  Time cost: 2:21:51/36:34 [2:21:52/8:19:35]  Acc_iter 102350      Data time: 0.00(0.00)  Forward time: 0.21(0.25)  Batch time: 0.21(0.25)
2026-08-14 00:30:32,821   INFO  Train:    2/4 ( 50%) [46836/55563 ( 84%)]  Loss: 1.008 (1.18)  LR: 2.280e-04  Time cost: 2:22:03/36:21 [2:22:04/8:19:22]  Acc_iter 102400      Data time: 0.00(0.00)  Forward time: 0.27(0.25)  Batch time: 0.27(0.25)
2026-08-14 00:30:44,858   INFO  Train:    2/4 ( 50%) [46886/55563 ( 84%)]  Loss: 0.9413 (1.18)  LR: 2.279e-04  Time cost: 2:22:15/36:09 [2:22:16/8:19:08]  Acc_iter 102450      Data time: 0.00(0.00)  Forward time: 0.21(0.25)  Batch time: 0.21(0.25)
2026-08-14 00:30:45,257   INFO  a1e06a0b30c0                Fri Aug 14 00:30:45 2026  580.173.02
[0] NVIDIA GeForce RTX 3070 | 70°C,  77 % |  6624 /  8192 MB | root(6226M)

2026-08-14 00:30:57,324   INFO  Train:    2/4 ( 50%) [46936/55563 ( 84%)]  Loss: 0.8089 (1.18)  LR: 2.278e-04  Time cost: 2:22:28/35:56 [2:22:29/8:18:55]  Acc_iter 102500      Data time: 0.00(0.00)  Forward time: 0.24(0.25)  Batch time: 0.24(0.25)
2026-08-14 00:31:09,749   INFO  Train:    2/4 ( 50%) [46986/55563 ( 85%)]  Loss: 0.7222 (1.18)  LR: 2.277e-04  Time cost: 2:22:40/35:44 [2:22:41/8:18:42]  Acc_iter 102550      Data time: 0.00(0.00)  Forward time: 0.25(0.25)  Batch time: 0.25(0.25)
2026-08-14 00:31:21,639   INFO  Train:    2/4 ( 50%) [47036/55563 ( 85%)]  Loss: 1.041 (1.18)  LR: 2.276e-04  Time cost: 2:22:52/35:31 [2:22:53/8:18:28]  Acc_iter 102600      Data time: 0.00(0.00)  Forward time: 0.23(0.25)  Batch time: 0.23(0.25)
2026-08-14 00:31:22,042   INFO  a1e06a0b30c0                Fri Aug 14 00:31:22 2026  580.173.02
[0] NVIDIA GeForce RTX 3070 | 72°C,  93 % |  6624 /  8192 MB | root(6226M)

2026-08-14 00:31:34,044   INFO  Train:    2/4 ( 50%) [47086/55563 ( 85%)]  Loss: 0.8948 (1.18)  LR: 2.274e-04  Time cost: 2:23:04/35:18 [2:23:06/8:18:15]  Acc_iter 102650      Data time: 0.00(0.00)  Forward time: 0.24(0.25)  Batch time: 0.24(0.25)
2026-08-14 00:31:46,403   INFO  Train:    2/4 ( 50%) [47136/55563 ( 85%)]  Loss: 1.055 (1.18)  LR: 2.273e-04  Time cost: 2:23:17/35:06 [2:23:18/8:18:02]  Acc_iter 102700      Data time: 0.00(0.00)  Forward time: 0.24(0.25)  Batch time: 0.24(0.25)
2026-08-14 00:31:58,811   INFO  Train:    2/4 ( 50%) [47186/55563 ( 85%)]  Loss: 1.282 (1.18)  LR: 2.272e-04  Time cost: 2:23:29/34:53 [2:23:30/8:17:49]  Acc_iter 102750      Data time: 0.00(0.00)  Forward time: 0.23(0.25)  Batch time: 0.24(0.25)
2026-08-14 00:31:59,273   INFO  a1e06a0b30c0                Fri Aug 14 00:31:59 2026  580.173.02
[0] NVIDIA GeForce RTX 3070 | 67°C,  57 % |  6623 /  8192 MB | root(6226M)

2026-08-14 00:32:11,279   INFO  Train:    2/4 ( 50%) [47236/55563 ( 85%)]  Loss: 0.3930 (1.18)  LR: 2.271e-04  Time cost: 2:23:41/34:41 [2:23:43/8:17:37]  Acc_iter 102800      Data time: 0.00(0.00)  Forward time: 0.21(0.25)  Batch time: 0.22(0.25)
2026-08-14 00:32:23,049   INFO  Train:    2/4 ( 50%) [47286/55563 ( 85%)]  Loss: 0.9087 (1.18)  LR: 2.270e-04  Time cost: 2:23:53/34:28 [2:23:55/8:17:22]  Acc_iter 102850      Data time: 0.00(0.00)  Forward time: 0.23(0.25)  Batch time: 0.23(0.25)
2026-08-14 00:32:35,304   INFO  Train:    2/4 ( 50%) [47336/55563 ( 85%)]  Loss: 0.7242 (1.18)  LR: 2.269e-04  Time cost: 2:24:06/34:16 [2:24:07/8:17:08]  Acc_iter 102900      Data time: 0.00(0.00)  Forward time: 0.24(0.25)  Batch time: 0.24(0.25)
2026-08-14 00:32:35,742   INFO  a1e06a0b30c0                Fri Aug 14 00:32:35 2026  580.173.02
[0] NVIDIA GeForce RTX 3070 | 69°C,  77 % |  6623 /  8192 MB | root(6226M)

2026-08-14 00:32:48,142   INFO  Train:    2/4 ( 50%) [47386/55563 ( 85%)]  Loss: 1.039 (1.18)  LR: 2.268e-04  Time cost: 2:24:18/34:03 [2:24:20/8:16:57]  Acc_iter 102950      Data time: 0.00(0.00)  Forward time: 0.26(0.25)  Batch time: 0.26(0.25)
2026-08-14 00:33:00,483   INFO  Train:    2/4 ( 50%) [47436/55563 ( 85%)]  Loss: 0.9891 (1.18)  LR: 2.266e-04  Time cost: 2:24:31/33:51 [2:24:32/8:16:44]  Acc_iter 103000      Data time: 0.00(0.00)  Forward time: 0.24(0.25)  Batch time: 0.24(0.25)
2026-08-14 00:33:12,721   INFO  Train:    2/4 ( 50%) [47486/55563 ( 85%)]  Loss: 1.104 (1.18)  LR: 2.265e-04  Time cost: 2:24:43/33:38 [2:24:44/8:16:31]  Acc_iter 103050      Data time: 0.00(0.00)  Forward time: 0.22(0.25)  Batch time: 0.22(0.25)
2026-08-14 00:33:13,114   INFO  a1e06a0b30c0                Fri Aug 14 00:33:13 2026  580.173.02
[0] NVIDIA GeForce RTX 3070 | 66°C,   0 % |  6623 /  8192 MB | root(6226M)

2026-08-14 00:33:25,094   INFO  Train:    2/4 ( 50%) [47536/55563 ( 86%)]  Loss: 1.505 (1.18)  LR: 2.264e-04  Time cost: 2:24:55/33:26 [2:24:57/8:16:18]  Acc_iter 103100      Data time: 0.00(0.00)  Forward time: 0.25(0.25)  Batch time: 0.25(0.25)
2026-08-14 00:33:29,549   INFO  Save latest model to /OpenPCDet/output/OpenPCDet/tools/cfgs/models/S/F/S_F_N/default/ckpt/latest_model
2026-08-14 00:33:37,246   INFO  Train:    2/4 ( 50%) [47586/55563 ( 86%)]  Loss: 1.329 (1.18)  LR: 2.263e-04  Time cost: 2:25:07/33:13 [2:25:09/8:16:04]  Acc_iter 103150      Data time: 0.00(0.00)  Forward time: 0.25(0.25)  Batch time: 0.25(0.25)
2026-08-14 00:33:49,606   INFO  Train:    2/4 ( 50%) [47636/55563 ( 86%)]  Loss: 1.130 (1.18)  LR: 2.262e-04  Time cost: 2:25:20/33:00 [2:25:21/8:15:51]  Acc_iter 103200      Data time: 0.00(0.00)  Forward time: 0.21(0.25)  Batch time: 0.21(0.25)
2026-08-14 00:33:50,006   INFO  a1e06a0b30c0                Fri Aug 14 00:33:49 2026  580.173.02
[0] NVIDIA GeForce RTX 3070 | 69°C,  95 % |  6624 /  8192 MB | root(6226M)

2026-08-14 00:34:02,047   INFO  Train:    2/4 ( 50%) [47686/55563 ( 86%)]  Loss: 1.308 (1.18)  LR: 2.261e-04  Time cost: 2:25:32/32:48 [2:25:34/8:15:38]  Acc_iter 103250      Data time: 0.00(0.00)  Forward time: 0.21(0.25)  Batch time: 0.21(0.25)
2026-08-14 00:34:13,943   INFO  Train:    2/4 ( 50%) [47736/55563 ( 86%)]  Loss: 1.258 (1.18)  LR: 2.260e-04  Time cost: 2:25:44/32:35 [2:25:46/8:15:24]  Acc_iter 103300      Data time: 0.00(0.00)  Forward time: 0.26(0.25)  Batch time: 0.26(0.25)
2026-08-14 00:34:26,198   INFO  Train:    2/4 ( 50%) [47786/55563 ( 86%)]  Loss: 0.4582 (1.18)  LR: 2.258e-04  Time cost: 2:25:56/32:23 [2:25:58/8:15:10]  Acc_iter 103350      Data time: 0.00(0.00)  Forward time: 0.20(0.25)  Batch time: 0.20(0.25)
2026-08-14 00:34:26,595   INFO  a1e06a0b30c0                Fri Aug 14 00:34:26 2026  580.173.02
[0] NVIDIA GeForce RTX 3070 | 65°C,  83 % |  6624 /  8192 MB | root(6226M)

2026-08-14 00:34:38,888   INFO  Train:    2/4 ( 50%) [47836/55563 ( 86%)]  Loss: 1.620 (1.18)  LR: 2.257e-04  Time cost: 2:26:09/32:10 [2:26:11/8:14:59]  Acc_iter 103400      Data time: 0.00(0.00)  Forward time: 0.27(0.25)  Batch time: 0.27(0.25)
2026-08-14 00:34:50,847   INFO  Train:    2/4 ( 50%) [47886/55563 ( 86%)]  Loss: 0.6913 (1.18)  LR: 2.256e-04  Time cost: 2:26:21/31:58 [2:26:22/8:14:44]  Acc_iter 103450      Data time: 0.00(0.00)  Forward time: 0.25(0.25)  Batch time: 0.25(0.25)
2026-08-14 00:35:03,025   INFO  Train:    2/4 ( 50%) [47936/55563 ( 86%)]  Loss: 1.759 (1.18)  LR: 2.255e-04  Time cost: 2:26:33/31:45 [2:26:35/8:14:31]  Acc_iter 103500      Data time: 0.00(0.00)  Forward time: 0.25(0.25)  Batch time: 0.25(0.25)
2026-08-14 00:35:03,413   INFO  a1e06a0b30c0                Fri Aug 14 00:35:03 2026  580.173.02
[0] NVIDIA GeForce RTX 3070 | 71°C,  86 % |  6624 /  8192 MB | root(6226M)

2026-08-14 00:35:15,642   INFO  Train:    2/4 ( 50%) [47986/55563 ( 86%)]  Loss: 0.3117 (1.18)  LR: 2.254e-04  Time cost: 2:26:46/31:33 [2:26:47/8:14:19]  Acc_iter 103550      Data time: 0.00(0.00)  Forward time: 0.28(0.25)  Batch time: 0.28(0.25)
2026-08-14 00:35:28,086   INFO  Train:    2/4 ( 50%) [48036/55563 ( 86%)]  Loss: 1.215 (1.18)  LR: 2.253e-04  Time cost: 2:26:58/31:20 [2:27:00/8:14:06]  Acc_iter 103600      Data time: 0.00(0.00)  Forward time: 0.26(0.25)  Batch time: 0.26(0.25)
2026-08-14 00:35:40,307   INFO  Train:    2/4 ( 50%) [48086/55563 ( 87%)]  Loss: 0.6308 (1.18)  LR: 2.252e-04  Time cost: 2:27:11/31:08 [2:27:12/8:13:53]  Acc_iter 103650      Data time: 0.00(0.00)  Forward time: 0.20(0.25)  Batch time: 0.21(0.25)
2026-08-14 00:35:40,708   INFO  a1e06a0b30c0                Fri Aug 14 00:35:40 2026  580.173.02
[0] NVIDIA GeForce RTX 3070 | 67°C,  88 % |  6623 /  8192 MB | root(6226M)

2026-08-14 00:35:52,938   INFO  Train:    2/4 ( 50%) [48136/55563 ( 87%)]  Loss: 1.230 (1.18)  LR: 2.250e-04  Time cost: 2:27:23/30:55 [2:27:25/8:13:41]  Acc_iter 103700      Data time: 0.00(0.00)  Forward time: 0.27(0.25)  Batch time: 0.27(0.25)
2026-08-14 00:36:04,926   INFO  Train:    2/4 ( 50%) [48186/55563 ( 87%)]  Loss: 1.650 (1.18)  LR: 2.249e-04  Time cost: 2:27:35/30:43 [2:27:37/8:13:26]  Acc_iter 103750      Data time: 0.00(0.00)  Forward time: 0.25(0.25)  Batch time: 0.26(0.25)
2026-08-14 00:36:17,387   INFO  Train:    2/4 ( 50%) [48236/55563 ( 87%)]  Loss: 1.952 (1.18)  LR: 2.248e-04  Time cost: 2:27:48/30:30 [2:27:49/8:13:14]  Acc_iter 103800      Data time: 0.00(0.00)  Forward time: 0.23(0.25)  Batch time: 0.23(0.25)
2026-08-14 00:36:17,794   INFO  a1e06a0b30c0                Fri Aug 14 00:36:17 2026  580.173.02
[0] NVIDIA GeForce RTX 3070 | 72°C,  98 % |  6623 /  8192 MB | root(6226M)

2026-08-14 00:36:30,326   INFO  Train:    2/4 ( 50%) [48286/55563 ( 87%)]  Loss: 0.8618 (1.18)  LR: 2.247e-04  Time cost: 2:28:01/30:18 [2:28:02/8:13:03]  Acc_iter 103850      Data time: 0.00(0.00)  Forward time: 0.26(0.25)  Batch time: 0.26(0.25)
2026-08-14 00:36:42,503   INFO  Train:    2/4 ( 50%) [48336/55563 ( 87%)]  Loss: 1.497 (1.18)  LR: 2.246e-04  Time cost: 2:28:13/30:05 [2:28:14/8:12:49]  Acc_iter 103900      Data time: 0.00(0.00)  Forward time: 0.25(0.25)  Batch time: 0.25(0.25)
2026-08-14 00:36:54,766   INFO  Train:    2/4 ( 50%) [48386/55563 ( 87%)]  Loss: 1.653 (1.18)  LR: 2.245e-04  Time cost: 2:28:25/29:53 [2:28:26/8:12:36]  Acc_iter 103950      Data time: 0.00(0.00)  Forward time: 0.25(0.25)  Batch time: 0.25(0.25)
2026-08-14 00:36:55,155   INFO  a1e06a0b30c0                Fri Aug 14 00:36:55 2026  580.173.02
[0] NVIDIA GeForce RTX 3070 | 66°C,   0 % |  6624 /  8192 MB | root(6226M)

2026-08-14 00:37:07,572   INFO  Train:    2/4 ( 50%) [48436/55563 ( 87%)]  Loss: 1.621 (1.18)  LR: 2.244e-04  Time cost: 2:28:38/29:40 [2:28:39/8:12:25]  Acc_iter 104000      Data time: 0.00(0.00)  Forward time: 0.29(0.25)  Batch time: 0.29(0.25)
2026-08-14 00:37:20,169   INFO  Train:    2/4 ( 50%) [48486/55563 ( 87%)]  Loss: 1.203 (1.18)  LR: 2.242e-04  Time cost: 2:28:50/29:28 [2:28:52/8:12:12]  Acc_iter 104050      Data time: 0.00(0.00)  Forward time: 0.23(0.25)  Batch time: 0.23(0.25)
2026-08-14 00:37:32,208   INFO  Train:    2/4 ( 50%) [48536/55563 ( 87%)]  Loss: 1.452 (1.18)  LR: 2.241e-04  Time cost: 2:29:02/29:15 [2:29:04/8:11:58]  Acc_iter 104100      Data time: 0.00(0.00)  Forward time: 0.23(0.25)  Batch time: 0.23(0.25)
2026-08-14 00:37:32,601   INFO  a1e06a0b30c0                Fri Aug 14 00:37:32 2026  580.173.02
[0] NVIDIA GeForce RTX 3070 | 65°C, 100 % |  6623 /  8192 MB | root(6226M)

2026-08-14 00:37:44,526   INFO  Train:    2/4 ( 50%) [48586/55563 ( 87%)]  Loss: 1.050 (1.18)  LR: 2.240e-04  Time cost: 2:29:15/29:03 [2:29:16/8:11:45]  Acc_iter 104150      Data time: 0.00(0.00)  Forward time: 0.22(0.25)  Batch time: 0.23(0.25)
2026-08-14 00:37:56,964   INFO  Train:    2/4 ( 50%) [48636/55563 ( 88%)]  Loss: 1.290 (1.18)  LR: 2.239e-04  Time cost: 2:29:27/28:50 [2:29:29/8:11:33]  Acc_iter 104200      Data time: 0.00(0.00)  Forward time: 0.23(0.25)  Batch time: 0.24(0.25)
2026-08-14 00:38:09,481   INFO  Train:    2/4 ( 50%) [48686/55563 ( 88%)]  Loss: 1.289 (1.18)  LR: 2.238e-04  Time cost: 2:29:40/28:38 [2:29:41/8:11:20]  Acc_iter 104250      Data time: 0.00(0.00)  Forward time: 0.28(0.25)  Batch time: 0.28(0.25)
2026-08-14 00:38:09,991   INFO  a1e06a0b30c0                Fri Aug 14 00:38:09 2026  580.173.02
[0] NVIDIA GeForce RTX 3070 | 72°C,  93 % |  6623 /  8192 MB | root(6226M)

2026-08-14 00:38:22,249   INFO  Train:    2/4 ( 50%) [48736/55563 ( 88%)]  Loss: 1.377 (1.18)  LR: 2.237e-04  Time cost: 2:29:52/28:25 [2:29:54/8:11:09]  Acc_iter 104300      Data time: 0.00(0.00)  Forward time: 0.27(0.25)  Batch time: 0.27(0.25)
2026-08-14 00:38:29,569   INFO  Save latest model to /OpenPCDet/output/OpenPCDet/tools/cfgs/models/S/F/S_F_N/default/ckpt/latest_model
2026-08-14 00:38:34,878   INFO  Train:    2/4 ( 50%) [48786/55563 ( 88%)]  Loss: 0.5101 (1.18)  LR: 2.235e-04  Time cost: 2:30:05/28:13 [2:30:07/8:10:57]  Acc_iter 104350      Data time: 0.00(0.00)  Forward time: 0.22(0.25)  Batch time: 0.22(0.25)
2026-08-14 00:38:46,982   INFO  Train:    2/4 ( 50%) [48836/55563 ( 88%)]  Loss: 1.706 (1.18)  LR: 2.234e-04  Time cost: 2:30:17/28:00 [2:30:19/8:10:43]  Acc_iter 104400      Data time: 0.00(0.00)  Forward time: 0.28(0.25)  Batch time: 0.28(0.25)
2026-08-14 00:38:47,378   INFO  a1e06a0b30c0                Fri Aug 14 00:38:47 2026  580.173.02
[0] NVIDIA GeForce RTX 3070 | 72°C,  99 % |  6624 /  8192 MB | root(6226M)

2026-08-14 00:38:59,729   INFO  Train:    2/4 ( 50%) [48886/55563 ( 88%)]  Loss: 1.205 (1.18)  LR: 2.233e-04  Time cost: 2:30:30/27:48 [2:30:31/8:10:31]  Acc_iter 104450      Data time: 0.00(0.00)  Forward time: 0.22(0.25)  Batch time: 0.22(0.25)
2026-08-14 00:39:12,129   INFO  Train:    2/4 ( 50%) [48936/55563 ( 88%)]  Loss: 1.246 (1.18)  LR: 2.232e-04  Time cost: 2:30:42/27:35 [2:30:44/8:10:18]  Acc_iter 104500      Data time: 0.00(0.00)  Forward time: 0.28(0.25)  Batch time: 0.28(0.25)
2026-08-14 00:39:24,171   INFO  Train:    2/4 ( 50%) [48986/55563 ( 88%)]  Loss: 1.787 (1.18)  LR: 2.231e-04  Time cost: 2:30:54/27:23 [2:30:56/8:10:05]  Acc_iter 104550      Data time: 0.00(0.00)  Forward time: 0.25(0.25)  Batch time: 0.25(0.25)
2026-08-14 00:39:24,558   INFO  a1e06a0b30c0                Fri Aug 14 00:39:24 2026  580.173.02
[0] NVIDIA GeForce RTX 3070 | 72°C,  99 % |  6624 /  8192 MB | root(6226M)

2026-08-14 00:39:36,859   INFO  Train:    2/4 ( 50%) [49036/55563 ( 88%)]  Loss: 0.5105 (1.18)  LR: 2.230e-04  Time cost: 2:31:07/27:10 [2:31:08/8:09:53]  Acc_iter 104600      Data time: 0.00(0.00)  Forward time: 0.24(0.25)  Batch time: 0.24(0.25)
2026-08-14 00:39:48,960   INFO  Train:    2/4 ( 50%) [49086/55563 ( 88%)]  Loss: 1.389 (1.18)  LR: 2.229e-04  Time cost: 2:31:19/26:58 [2:31:21/8:09:39]  Acc_iter 104650      Data time: 0.00(0.00)  Forward time: 0.28(0.25)  Batch time: 0.28(0.25)
2026-08-14 00:40:01,695   INFO  Train:    2/4 ( 50%) [49136/55563 ( 88%)]  Loss: 1.257 (1.18)  LR: 2.227e-04  Time cost: 2:31:32/26:45 [2:31:33/8:09:27]  Acc_iter 104700      Data time: 0.00(0.00)  Forward time: 0.25(0.25)  Batch time: 0.26(0.25)
2026-08-14 00:40:02,188   INFO  a1e06a0b30c0                Fri Aug 14 00:40:02 2026  580.173.02
[0] NVIDIA GeForce RTX 3070 | 64°C,   0 % |  6623 /  8192 MB | root(6226M)

2026-08-14 00:40:14,452   INFO  Train:    2/4 ( 50%) [49186/55563 ( 89%)]  Loss: 1.077 (1.18)  LR: 2.226e-04  Time cost: 2:31:45/26:33 [2:31:46/8:09:16]  Acc_iter 104750      Data time: 0.00(0.00)  Forward time: 0.21(0.25)  Batch time: 0.21(0.25)
2026-08-14 00:40:26,640   INFO  Train:    2/4 ( 50%) [49236/55563 ( 89%)]  Loss: 0.7807 (1.18)  LR: 2.225e-04  Time cost: 2:31:57/26:20 [2:31:58/8:09:02]  Acc_iter 104800      Data time: 0.00(0.00)  Forward time: 0.23(0.25)  Batch time: 0.23(0.25)
2026-08-14 00:40:38,869   INFO  Train:    2/4 ( 50%) [49286/55563 ( 89%)]  Loss: 1.453 (1.18)  LR: 2.224e-04  Time cost: 2:32:09/26:08 [2:32:10/8:08:49]  Acc_iter 104850      Data time: 0.00(0.00)  Forward time: 0.21(0.25)  Batch time: 0.22(0.25)
2026-08-14 00:40:39,268   INFO  a1e06a0b30c0                Fri Aug 14 00:40:39 2026  580.173.02
[0] NVIDIA GeForce RTX 3070 | 70°C,  80 % |  6623 /  8192 MB | root(6226M)

2026-08-14 00:40:51,803   INFO  Train:    2/4 ( 50%) [49336/55563 ( 89%)]  Loss: 1.063 (1.18)  LR: 2.223e-04  Time cost: 2:32:22/25:55 [2:32:23/8:08:38]  Acc_iter 104900      Data time: 0.00(0.00)  Forward time: 0.28(0.25)  Batch time: 0.28(0.25)
2026-08-14 00:41:03,879   INFO  Train:    2/4 ( 50%) [49386/55563 ( 89%)]  Loss: 0.6717 (1.18)  LR: 2.222e-04  Time cost: 2:32:34/25:43 [2:32:36/8:08:24]  Acc_iter 104950      Data time: 0.00(0.00)  Forward time: 0.27(0.25)  Batch time: 0.27(0.25)
2026-08-14 00:41:16,152   INFO  Train:    2/4 ( 50%) [49436/55563 ( 89%)]  Loss: 0.6566 (1.18)  LR: 2.220e-04  Time cost: 2:32:46/25:30 [2:32:48/8:08:11]  Acc_iter 105000      Data time: 0.00(0.00)  Forward time: 0.21(0.25)  Batch time: 0.21(0.25)
2026-08-14 00:41:16,545   INFO  a1e06a0b30c0                Fri Aug 14 00:41:16 2026  580.173.02
[0] NVIDIA GeForce RTX 3070 | 72°C,  75 % |  6624 /  8192 MB | root(6226M)

2026-08-14 00:41:28,810   INFO  Train:    2/4 ( 50%) [49486/55563 ( 89%)]  Loss: 1.261 (1.18)  LR: 2.219e-04  Time cost: 2:32:59/25:18 [2:33:00/8:07:59]  Acc_iter 105050      Data time: 0.00(0.00)  Forward time: 0.28(0.25)  Batch time: 0.28(0.25)
2026-08-14 00:41:40,949   INFO  Train:    2/4 ( 50%) [49536/55563 ( 89%)]  Loss: 1.338 (1.18)  LR: 2.218e-04  Time cost: 2:33:11/25:05 [2:33:13/8:07:45]  Acc_iter 105100      Data time: 0.00(0.00)  Forward time: 0.24(0.25)  Batch time: 0.24(0.25)
2026-08-14 00:41:53,249   INFO  Train:    2/4 ( 50%) [49586/55563 ( 89%)]  Loss: 1.257 (1.18)  LR: 2.217e-04  Time cost: 2:33:23/24:53 [2:33:25/8:07:32]  Acc_iter 105150      Data time: 0.00(0.00)  Forward time: 0.22(0.25)  Batch time: 0.22(0.25)
2026-08-14 00:41:53,649   INFO  a1e06a0b30c0                Fri Aug 14 00:41:53 2026  580.173.02
[0] NVIDIA GeForce RTX 3070 | 65°C,  96 % |  6625 /  8192 MB | root(6226M)

2026-08-14 00:42:06,096   INFO  Train:    2/4 ( 50%) [49636/55563 ( 89%)]  Loss: 1.538 (1.18)  LR: 2.216e-04  Time cost: 2:33:36/24:40 [2:33:38/8:07:21]  Acc_iter 105200      Data time: 0.00(0.00)  Forward time: 0.22(0.25)  Batch time: 0.22(0.25)
2026-08-14 00:42:18,320   INFO  Train:    2/4 ( 50%) [49686/55563 ( 89%)]  Loss: 0.9020 (1.18)  LR: 2.215e-04  Time cost: 2:33:49/24:28 [2:33:50/8:07:07]  Acc_iter 105250      Data time: 0.00(0.00)  Forward time: 0.25(0.25)  Batch time: 0.25(0.25)
2026-08-14 00:42:30,487   INFO  Train:    2/4 ( 50%) [49736/55563 ( 90%)]  Loss: 0.8320 (1.18)  LR: 2.213e-04  Time cost: 2:34:01/24:15 [2:34:02/8:06:54]  Acc_iter 105300      Data time: 0.00(0.00)  Forward time: 0.24(0.25)  Batch time: 0.24(0.25)
2026-08-14 00:42:30,899   INFO  a1e06a0b30c0                Fri Aug 14 00:42:30 2026  580.173.02
[0] NVIDIA GeForce RTX 3070 | 72°C,  92 % |  6625 /  8192 MB | root(6226M)

2026-08-14 00:42:43,204   INFO  Train:    2/4 ( 50%) [49786/55563 ( 90%)]  Loss: 1.072 (1.18)  LR: 2.212e-04  Time cost: 2:34:13/24:03 [2:34:15/8:06:42]  Acc_iter 105350      Data time: 0.00(0.00)  Forward time: 0.24(0.25)  Batch time: 0.24(0.25)
2026-08-14 00:42:55,306   INFO  Train:    2/4 ( 50%) [49836/55563 ( 90%)]  Loss: 1.032 (1.18)  LR: 2.211e-04  Time cost: 2:34:26/23:50 [2:34:27/8:06:28]  Acc_iter 105400      Data time: 0.00(0.00)  Forward time: 0.25(0.25)  Batch time: 0.25(0.25)
2026-08-14 00:43:07,438   INFO  Train:    2/4 ( 50%) [49886/55563 ( 90%)]  Loss: 2.359 (1.18)  LR: 2.210e-04  Time cost: 2:34:38/23:38 [2:34:39/8:06:15]  Acc_iter 105450      Data time: 0.00(0.00)  Forward time: 0.22(0.25)  Batch time: 0.22(0.25)
2026-08-14 00:43:07,826   INFO  a1e06a0b30c0                Fri Aug 14 00:43:07 2026  580.173.02
[0] NVIDIA GeForce RTX 3070 | 70°C,  95 % |  6618 /  8192 MB | root(6226M)

2026-08-14 00:43:19,979   INFO  Train:    2/4 ( 50%) [49936/55563 ( 90%)]  Loss: 1.248 (1.18)  LR: 2.209e-04  Time cost: 2:34:50/23:25 [2:34:52/8:06:02]  Acc_iter 105500      Data time: 0.00(0.00)  Forward time: 0.24(0.25)  Batch time: 0.25(0.25)
2026-08-14 00:43:29,515   INFO  Save latest model to /OpenPCDet/output/OpenPCDet/tools/cfgs/models/S/F/S_F_N/default/ckpt/latest_model
2026-08-14 00:43:32,546   INFO  Train:    2/4 ( 50%) [49986/55563 ( 90%)]  Loss: 0.6863 (1.18)  LR: 2.208e-04  Time cost: 2:35:03/23:13 [2:35:04/8:05:50]  Acc_iter 105550      Data time: 0.00(0.00)  Forward time: 0.26(0.25)  Batch time: 0.27(0.25)
2026-08-14 00:43:44,724   INFO  Train:    2/4 ( 50%) [50036/55563 ( 90%)]  Loss: 1.016 (1.18)  LR: 2.206e-04  Time cost: 2:35:15/23:00 [2:35:16/8:05:37]  Acc_iter 105600      Data time: 0.00(0.00)  Forward time: 0.24(0.25)  Batch time: 0.24(0.25)
2026-08-14 00:43:45,114   INFO  a1e06a0b30c0                Fri Aug 14 00:43:45 2026  580.173.02
[0] NVIDIA GeForce RTX 3070 | 64°C,   0 % |  6621 /  8192 MB | root(6226M)

2026-08-14 00:43:57,408   INFO  Train:    2/4 ( 50%) [50086/55563 ( 90%)]  Loss: 0.4216 (1.18)  LR: 2.205e-04  Time cost: 2:35:28/22:48 [2:35:29/8:05:25]  Acc_iter 105650      Data time: 0.00(0.00)  Forward time: 0.27(0.25)  Batch time: 0.27(0.25)
2026-08-14 00:44:09,422   INFO  Train:    2/4 ( 50%) [50136/55563 ( 90%)]  Loss: 0.7889 (1.18)  LR: 2.204e-04  Time cost: 2:35:40/22:35 [2:35:41/8:05:11]  Acc_iter 105700      Data time: 0.00(0.00)  Forward time: 0.22(0.25)  Batch time: 0.22(0.25)
2026-08-14 00:44:21,737   INFO  Train:    2/4 ( 50%) [50186/55563 ( 90%)]  Loss: 0.9929 (1.18)  LR: 2.203e-04  Time cost: 2:35:52/22:22 [2:35:53/8:04:58]  Acc_iter 105750      Data time: 0.00(0.00)  Forward time: 0.25(0.25)  Batch time: 0.25(0.25)
2026-08-14 00:44:22,213   INFO  a1e06a0b30c0                Fri Aug 14 00:44:22 2026  580.173.02
[0] NVIDIA GeForce RTX 3070 | 64°C,   0 % |  6622 /  8192 MB | root(6226M)

2026-08-14 00:44:34,321   INFO  Train:    2/4 ( 50%) [50236/55563 ( 90%)]  Loss: 0.7577 (1.18)  LR: 2.202e-04  Time cost: 2:36:05/22:10 [2:36:06/8:04:46]  Acc_iter 105800      Data time: 0.00(0.00)  Forward time: 0.24(0.25)  Batch time: 0.25(0.25)
2026-08-14 00:44:46,478   INFO  Train:    2/4 ( 50%) [50286/55563 ( 91%)]  Loss: 1.012 (1.18)  LR: 2.201e-04  Time cost: 2:36:17/21:57 [2:36:18/8:04:32]  Acc_iter 105850      Data time: 0.00(0.00)  Forward time: 0.22(0.25)  Batch time: 0.23(0.25)
2026-08-14 00:44:58,696   INFO  Train:    2/4 ( 50%) [50336/55563 ( 91%)]  Loss: 1.415 (1.18)  LR: 2.199e-04  Time cost: 2:36:29/21:45 [2:36:30/8:04:19]  Acc_iter 105900      Data time: 0.00(0.00)  Forward time: 0.24(0.25)  Batch time: 0.24(0.25)
2026-08-14 00:44:59,099   INFO  a1e06a0b30c0                Fri Aug 14 00:44:59 2026  580.173.02
[0] NVIDIA GeForce RTX 3070 | 72°C,  99 % |  6622 /  8192 MB | root(6226M)

2026-08-14 00:45:11,411   INFO  Train:    2/4 ( 50%) [50386/55563 ( 91%)]  Loss: 1.148 (1.18)  LR: 2.198e-04  Time cost: 2:36:42/21:32 [2:36:43/8:04:07]  Acc_iter 105950      Data time: 0.00(0.00)  Forward time: 0.22(0.25)  Batch time: 0.22(0.25)
2026-08-14 00:45:23,662   INFO  Train:    2/4 ( 50%) [50436/55563 ( 91%)]  Loss: 0.6722 (1.18)  LR: 2.197e-04  Time cost: 2:36:54/21:20 [2:36:55/8:03:54]  Acc_iter 106000      Data time: 0.00(0.00)  Forward time: 0.20(0.25)  Batch time: 0.20(0.25)
2026-08-14 00:45:35,704   INFO  Train:    2/4 ( 50%) [50486/55563 ( 91%)]  Loss: 1.813 (1.18)  LR: 2.196e-04  Time cost: 2:37:06/21:07 [2:37:07/8:03:40]  Acc_iter 106050      Data time: 0.00(0.00)  Forward time: 0.26(0.25)  Batch time: 0.26(0.25)
2026-08-14 00:45:36,090   INFO  a1e06a0b30c0                Fri Aug 14 00:45:36 2026  580.173.02
[0] NVIDIA GeForce RTX 3070 | 73°C,  95 % |  6621 /  8192 MB | root(6226M)

2026-08-14 00:45:48,160   INFO  Train:    2/4 ( 50%) [50536/55563 ( 91%)]  Loss: 1.269 (1.18)  LR: 2.195e-04  Time cost: 2:37:18/20:55 [2:37:20/8:03:27]  Acc_iter 106100      Data time: 0.00(0.00)  Forward time: 0.26(0.25)  Batch time: 0.26(0.25)
2026-08-14 00:46:00,597   INFO  Train:    2/4 ( 50%) [50586/55563 ( 91%)]  Loss: 2.763 (1.18)  LR: 2.194e-04  Time cost: 2:37:31/20:42 [2:37:32/8:03:15]  Acc_iter 106150      Data time: 0.00(0.00)  Forward time: 0.21(0.25)  Batch time: 0.21(0.25)
2026-08-14 00:46:13,028   INFO  Train:    2/4 ( 50%) [50636/55563 ( 91%)]  Loss: 1.744 (1.18)  LR: 2.192e-04  Time cost: 2:37:43/20:30 [2:37:45/8:03:02]  Acc_iter 106200      Data time: 0.00(0.00)  Forward time: 0.26(0.25)  Batch time: 0.26(0.25)
2026-08-14 00:46:13,465   INFO  a1e06a0b30c0                Fri Aug 14 00:46:13 2026  580.173.02
[0] NVIDIA GeForce RTX 3070 | 70°C,  96 % |  6621 /  8192 MB | root(6226M)

2026-08-14 00:46:25,423   INFO  Train:    2/4 ( 50%) [50686/55563 ( 91%)]  Loss: 1.157 (1.18)  LR: 2.191e-04  Time cost: 2:37:56/20:17 [2:37:57/8:02:49]  Acc_iter 106250      Data time: 0.00(0.00)  Forward time: 0.20(0.25)  Batch time: 0.20(0.25)
2026-08-14 00:46:37,498   INFO  Train:    2/4 ( 50%) [50736/55563 ( 91%)]  Loss: 1.296 (1.18)  LR: 2.190e-04  Time cost: 2:38:08/20:05 [2:38:09/8:02:36]  Acc_iter 106300      Data time: 0.00(0.00)  Forward time: 0.25(0.25)  Batch time: 0.25(0.25)
2026-08-14 00:46:49,662   INFO  Train:    2/4 ( 50%) [50786/55563 ( 91%)]  Loss: 1.151 (1.18)  LR: 2.189e-04  Time cost: 2:38:20/19:52 [2:38:21/8:02:22]  Acc_iter 106350      Data time: 0.00(0.00)  Forward time: 0.24(0.25)  Batch time: 0.24(0.25)
2026-08-14 00:46:50,078   INFO  a1e06a0b30c0                Fri Aug 14 00:46:50 2026  580.173.02
[0] NVIDIA GeForce RTX 3070 | 70°C,  60 % |  6621 /  8192 MB | root(6226M)

2026-08-14 00:47:02,579   INFO  Train:    2/4 ( 50%) [50836/55563 ( 91%)]  Loss: 1.738 (1.18)  LR: 2.188e-04  Time cost: 2:38:33/19:40 [2:38:34/8:02:11]  Acc_iter 106400      Data time: 0.00(0.00)  Forward time: 0.28(0.25)  Batch time: 0.28(0.25)
2026-08-14 00:47:14,642   INFO  Train:    2/4 ( 50%) [50886/55563 ( 92%)]  Loss: 0.7546 (1.18)  LR: 2.186e-04  Time cost: 2:38:45/19:27 [2:38:46/8:01:57]  Acc_iter 106450      Data time: 0.00(0.00)  Forward time: 0.25(0.25)  Batch time: 0.25(0.25)
2026-08-14 00:47:26,786   INFO  Train:    2/4 ( 50%) [50936/55563 ( 92%)]  Loss: 1.153 (1.18)  LR: 2.185e-04  Time cost: 2:38:57/19:15 [2:38:58/8:01:44]  Acc_iter 106500      Data time: 0.00(0.00)  Forward time: 0.26(0.25)  Batch time: 0.26(0.25)
2026-08-14 00:47:27,184   INFO  a1e06a0b30c0                Fri Aug 14 00:47:27 2026  580.173.02
[0] NVIDIA GeForce RTX 3070 | 65°C,   0 % |  6622 /  8192 MB | root(6226M)

2026-08-14 00:47:39,180   INFO  Train:    2/4 ( 50%) [50986/55563 ( 92%)]  Loss: 0.9858 (1.18)  LR: 2.184e-04  Time cost: 2:39:09/19:02 [2:39:11/8:01:31]  Acc_iter 106550      Data time: 0.00(0.00)  Forward time: 0.26(0.25)  Batch time: 0.26(0.25)
2026-08-14 00:47:51,611   INFO  Train:    2/4 ( 50%) [51036/55563 ( 92%)]  Loss: 0.8326 (1.18)  LR: 2.183e-04  Time cost: 2:39:22/18:50 [2:39:23/8:01:18]  Acc_iter 106600      Data time: 0.00(0.00)  Forward time: 0.27(0.25)  Batch time: 0.27(0.25)
2026-08-14 00:48:04,077   INFO  Train:    2/4 ( 50%) [51086/55563 ( 92%)]  Loss: 0.8600 (1.18)  LR: 2.182e-04  Time cost: 2:39:34/18:37 [2:39:36/8:01:06]  Acc_iter 106650      Data time: 0.00(0.00)  Forward time: 0.25(0.25)  Batch time: 0.25(0.25)
2026-08-14 00:48:04,473   INFO  a1e06a0b30c0                Fri Aug 14 00:48:04 2026  580.173.02
[0] NVIDIA GeForce RTX 3070 | 70°C,  83 % |  6621 /  8192 MB | root(6226M)

2026-08-14 00:48:16,698   INFO  Train:    2/4 ( 50%) [51136/55563 ( 92%)]  Loss: 1.020 (1.18)  LR: 2.181e-04  Time cost: 2:39:47/18:25 [2:39:48/8:00:54]  Acc_iter 106700      Data time: 0.00(0.00)  Forward time: 0.26(0.25)  Batch time: 0.26(0.25)
2026-08-14 00:48:28,970   INFO  Train:    2/4 ( 50%) [51186/55563 ( 92%)]  Loss: 1.073 (1.18)  LR: 2.179e-04  Time cost: 2:39:59/18:12 [2:40:01/8:00:40]  Acc_iter 106750      Data time: 0.00(0.00)  Forward time: 0.26(0.25)  Batch time: 0.26(0.25)
2026-08-14 00:48:29,570   INFO  Save latest model to /OpenPCDet/output/OpenPCDet/tools/cfgs/models/S/F/S_F_N/default/ckpt/latest_model
2026-08-14 00:48:41,211   INFO  Train:    2/4 ( 50%) [51236/55563 ( 92%)]  Loss: 0.4515 (1.18)  LR: 2.178e-04  Time cost: 2:40:11/18:00 [2:40:13/8:00:27]  Acc_iter 106800      Data time: 0.00(0.00)  Forward time: 0.27(0.25)  Batch time: 0.27(0.25)
2026-08-14 00:48:41,662   INFO  a1e06a0b30c0                Fri Aug 14 00:48:41 2026  580.173.02
[0] NVIDIA GeForce RTX 3070 | 64°C,  98 % |  6619 /  8192 MB | root(6226M)

2026-08-14 00:48:54,352   INFO  Train:    2/4 ( 50%) [51286/55563 ( 92%)]  Loss: 1.187 (1.18)  LR: 2.177e-04  Time cost: 2:40:25/17:48 [2:40:26/8:00:17]  Acc_iter 106850      Data time: 0.00(0.00)  Forward time: 0.21(0.25)  Batch time: 0.21(0.25)
2026-08-14 00:49:06,569   INFO  Train:    2/4 ( 50%) [51336/55563 ( 92%)]  Loss: 0.8263 (1.18)  LR: 2.176e-04  Time cost: 2:40:37/17:35 [2:40:38/8:00:03]  Acc_iter 106900      Data time: 0.00(0.00)  Forward time: 0.22(0.25)  Batch time: 0.22(0.25)
2026-08-14 00:49:18,843   INFO  Train:    2/4 ( 50%) [51386/55563 ( 92%)]  Loss: 0.3863 (1.18)  LR: 2.175e-04  Time cost: 2:40:49/17:22 [2:40:50/7:59:50]  Acc_iter 106950      Data time: 0.00(0.00)  Forward time: 0.28(0.25)  Batch time: 0.28(0.25)
2026-08-14 00:49:19,233   INFO  a1e06a0b30c0                Fri Aug 14 00:49:19 2026  580.173.02
[0] NVIDIA GeForce RTX 3070 | 67°C,  19 % |  6620 /  8192 MB | root(6226M)

2026-08-14 00:49:31,421   INFO  Train:    2/4 ( 50%) [51436/55563 ( 93%)]  Loss: 1.359 (1.18)  LR: 2.173e-04  Time cost: 2:41:02/17:10 [2:41:03/7:59:38]  Acc_iter 107000      Data time: 0.00(0.00)  Forward time: 0.22(0.25)  Batch time: 0.22(0.25)
2026-08-14 00:49:43,900   INFO  Train:    2/4 ( 50%) [51486/55563 ( 93%)]  Loss: 0.8494 (1.18)  LR: 2.172e-04  Time cost: 2:41:14/16:58 [2:41:16/7:59:26]  Acc_iter 107050      Data time: 0.00(0.00)  Forward time: 0.22(0.25)  Batch time: 0.22(0.25)
2026-08-14 00:49:56,213   INFO  Train:    2/4 ( 50%) [51536/55563 ( 93%)]  Loss: 2.426 (1.18)  LR: 2.171e-04  Time cost: 2:41:26/16:45 [2:41:28/7:59:13]  Acc_iter 107100      Data time: 0.00(0.00)  Forward time: 0.23(0.25)  Batch time: 0.23(0.25)
2026-08-14 00:49:56,606   INFO  a1e06a0b30c0                Fri Aug 14 00:49:56 2026  580.173.02
[0] NVIDIA GeForce RTX 3070 | 71°C,  94 % |  6620 /  8192 MB | root(6226M)

2026-08-14 00:50:08,737   INFO  Train:    2/4 ( 50%) [51586/55563 ( 93%)]  Loss: 2.574 (1.18)  LR: 2.170e-04  Time cost: 2:41:39/16:33 [2:41:40/7:59:00]  Acc_iter 107150      Data time: 0.00(0.00)  Forward time: 0.22(0.25)  Batch time: 0.22(0.25)
2026-08-14 00:50:21,125   INFO  Train:    2/4 ( 50%) [51636/55563 ( 93%)]  Loss: 1.152 (1.18)  LR: 2.169e-04  Time cost: 2:41:51/16:20 [2:41:53/7:58:47]  Acc_iter 107200      Data time: 0.00(0.00)  Forward time: 0.23(0.25)  Batch time: 0.23(0.25)
2026-08-14 00:50:33,348   INFO  Train:    2/4 ( 50%) [51686/55563 ( 93%)]  Loss: 1.018 (1.18)  LR: 2.168e-04  Time cost: 2:42:04/16:08 [2:42:05/7:58:34]  Acc_iter 107250      Data time: 0.00(0.00)  Forward time: 0.23(0.25)  Batch time: 0.24(0.25)
2026-08-14 00:50:33,810   INFO  a1e06a0b30c0                Fri Aug 14 00:50:33 2026  580.173.02
[0] NVIDIA GeForce RTX 3070 | 67°C,  94 % |  6619 /  8192 MB | root(6226M)

2026-08-14 00:50:46,031   INFO  Train:    2/4 ( 50%) [51736/55563 ( 93%)]  Loss: 2.112 (1.18)  LR: 2.166e-04  Time cost: 2:42:16/15:55 [2:42:18/7:58:22]  Acc_iter 107300      Data time: 0.00(0.00)  Forward time: 0.21(0.25)  Batch time: 0.21(0.25)
2026-08-14 00:50:58,092   INFO  Train:    2/4 ( 50%) [51786/55563 ( 93%)]  Loss: 0.9743 (1.18)  LR: 2.165e-04  Time cost: 2:42:28/15:43 [2:42:30/7:58:09]  Acc_iter 107350      Data time: 0.00(0.00)  Forward time: 0.27(0.25)  Batch time: 0.27(0.25)
2026-08-14 00:51:10,369   INFO  Train:    2/4 ( 50%) [51836/55563 ( 93%)]  Loss: 1.042 (1.18)  LR: 2.164e-04  Time cost: 2:42:41/15:30 [2:42:42/7:57:55]  Acc_iter 107400      Data time: 0.00(0.00)  Forward time: 0.22(0.25)  Batch time: 0.22(0.25)
2026-08-14 00:51:10,769   INFO  a1e06a0b30c0                Fri Aug 14 00:51:10 2026  580.173.02
[0] NVIDIA GeForce RTX 3070 | 65°C,  80 % |  6619 /  8192 MB | root(6226M)

2026-08-14 00:51:22,690   INFO  Train:    2/4 ( 50%) [51886/55563 ( 93%)]  Loss: 0.9792 (1.18)  LR: 2.163e-04  Time cost: 2:42:53/15:18 [2:42:54/7:57:43]  Acc_iter 107450      Data time: 0.00(0.00)  Forward time: 0.25(0.25)  Batch time: 0.25(0.25)
2026-08-14 00:51:35,088   INFO  Train:    2/4 ( 50%) [51936/55563 ( 93%)]  Loss: 0.6945 (1.18)  LR: 2.162e-04  Time cost: 2:43:05/15:05 [2:43:07/7:57:30]  Acc_iter 107500      Data time: 0.00(0.00)  Forward time: 0.26(0.25)  Batch time: 0.27(0.25)
2026-08-14 00:51:46,917   INFO  Train:    2/4 ( 50%) [51986/55563 ( 94%)]  Loss: 0.8218 (1.18)  LR: 2.160e-04  Time cost: 2:43:17/14:53 [2:43:19/7:57:15]  Acc_iter 107550      Data time: 0.00(0.00)  Forward time: 0.24(0.25)  Batch time: 0.24(0.25)
2026-08-14 00:51:47,307   INFO  a1e06a0b30c0                Fri Aug 14 00:51:47 2026  580.173.02
[0] NVIDIA GeForce RTX 3070 | 68°C,  40 % |  6619 /  8192 MB | root(6226M)

2026-08-14 00:51:59,716   INFO  Train:    2/4 ( 50%) [52036/55563 ( 94%)]  Loss: 1.431 (1.18)  LR: 2.159e-04  Time cost: 2:43:30/14:40 [2:43:31/7:57:04]  Acc_iter 107600      Data time: 0.00(0.00)  Forward time: 0.26(0.25)  Batch time: 0.26(0.25)
2026-08-14 00:52:11,825   INFO  Train:    2/4 ( 50%) [52086/55563 ( 94%)]  Loss: 0.5342 (1.18)  LR: 2.158e-04  Time cost: 2:43:42/14:28 [2:43:43/7:56:50]  Acc_iter 107650      Data time: 0.00(0.00)  Forward time: 0.23(0.25)  Batch time: 0.23(0.25)
2026-08-14 00:52:24,670   INFO  Train:    2/4 ( 50%) [52136/55563 ( 94%)]  Loss: 0.9536 (1.18)  LR: 2.157e-04  Time cost: 2:43:55/14:15 [2:43:56/7:56:39]  Acc_iter 107700      Data time: 0.00(0.00)  Forward time: 0.24(0.25)  Batch time: 0.24(0.25)
2026-08-14 00:52:25,198   INFO  a1e06a0b30c0                Fri Aug 14 00:52:25 2026  580.173.02
[0] NVIDIA GeForce RTX 3070 | 63°C,   0 % |  6620 /  8192 MB | root(6226M)

2026-08-14 00:52:37,245   INFO  Train:    2/4 ( 50%) [52186/55563 ( 94%)]  Loss: 0.7172 (1.18)  LR: 2.156e-04  Time cost: 2:44:07/14:03 [2:44:09/7:56:27]  Acc_iter 107750      Data time: 0.00(0.00)  Forward time: 0.23(0.25)  Batch time: 0.23(0.25)
2026-08-14 00:52:49,536   INFO  Train:    2/4 ( 50%) [52236/55563 ( 94%)]  Loss: 1.511 (1.18)  LR: 2.154e-04  Time cost: 2:44:20/13:50 [2:44:21/7:56:14]  Acc_iter 107800      Data time: 0.00(0.00)  Forward time: 0.27(0.25)  Batch time: 0.27(0.25)
2026-08-14 00:53:01,732   INFO  Train:    2/4 ( 50%) [52286/55563 ( 94%)]  Loss: 1.101 (1.18)  LR: 2.153e-04  Time cost: 2:44:32/13:38 [2:44:33/7:56:00]  Acc_iter 107850      Data time: 0.00(0.00)  Forward time: 0.27(0.25)  Batch time: 0.27(0.25)
2026-08-14 00:53:02,136   INFO  a1e06a0b30c0                Fri Aug 14 00:53:02 2026  580.173.02
[0] NVIDIA GeForce RTX 3070 | 71°C,   0 % |  6619 /  8192 MB | root(6226M)

2026-08-14 00:53:14,348   INFO  Train:    2/4 ( 50%) [52336/55563 ( 94%)]  Loss: 1.277 (1.18)  LR: 2.152e-04  Time cost: 2:44:45/13:25 [2:44:46/7:55:48]  Acc_iter 107900      Data time: 0.00(0.00)  Forward time: 0.23(0.25)  Batch time: 0.23(0.25)
2026-08-14 00:53:26,571   INFO  Train:    2/4 ( 50%) [52386/55563 ( 94%)]  Loss: 0.9297 (1.18)  LR: 2.151e-04  Time cost: 2:44:57/13:13 [2:44:58/7:55:35]  Acc_iter 107950      Data time: 0.00(0.00)  Forward time: 0.27(0.25)  Batch time: 0.27(0.25)
2026-08-14 00:53:29,560   INFO  Save latest model to /OpenPCDet/output/OpenPCDet/tools/cfgs/models/S/F/S_F_N/default/ckpt/latest_model
2026-08-14 00:53:38,608   INFO  Train:    2/4 ( 50%) [52436/55563 ( 94%)]  Loss: 1.665 (1.18)  LR: 2.150e-04  Time cost: 2:45:09/13:00 [2:45:10/7:55:21]  Acc_iter 108000      Data time: 0.00(0.00)  Forward time: 0.24(0.25)  Batch time: 0.25(0.25)
2026-08-14 00:53:38,999   INFO  a1e06a0b30c0                Fri Aug 14 00:53:38 2026  580.173.02
[0] NVIDIA GeForce RTX 3070 | 71°C,  63 % |  6619 /  8192 MB | root(6226M)

2026-08-14 00:53:51,226   INFO  Train:    2/4 ( 50%) [52486/55563 ( 94%)]  Loss: 1.478 (1.17)  LR: 2.148e-04  Time cost: 2:45:21/12:48 [2:45:23/7:55:09]  Acc_iter 108050      Data time: 0.00(0.00)  Forward time: 0.27(0.25)  Batch time: 0.28(0.25)
2026-08-14 00:54:03,524   INFO  Train:    2/4 ( 50%) [52536/55563 ( 95%)]  Loss: 1.141 (1.17)  LR: 2.147e-04  Time cost: 2:45:34/12:35 [2:45:35/7:54:56]  Acc_iter 108100      Data time: 0.00(0.00)  Forward time: 0.26(0.25)  Batch time: 0.26(0.25)
2026-08-14 00:54:15,959   INFO  Train:    2/4 ( 50%) [52586/55563 ( 95%)]  Loss: 0.7723 (1.17)  LR: 2.146e-04  Time cost: 2:45:46/12:23 [2:45:48/7:54:43]  Acc_iter 108150      Data time: 0.00(0.00)  Forward time: 0.24(0.25)  Batch time: 0.24(0.25)
2026-08-14 00:54:16,375   INFO  a1e06a0b30c0                Fri Aug 14 00:54:16 2026  580.173.02
[0] NVIDIA GeForce RTX 3070 | 72°C,  99 % |  6619 /  8192 MB | root(6226M)

2026-08-14 00:54:28,287   INFO  Train:    2/4 ( 50%) [52636/55563 ( 95%)]  Loss: 1.384 (1.17)  LR: 2.145e-04  Time cost: 2:45:58/12:10 [2:46:00/7:54:31]  Acc_iter 108200      Data time: 0.00(0.00)  Forward time: 0.21(0.25)  Batch time: 0.21(0.25)
2026-08-14 00:54:40,168   INFO  Train:    2/4 ( 50%) [52686/55563 ( 95%)]  Loss: 0.9638 (1.17)  LR: 2.144e-04  Time cost: 2:46:10/11:58 [2:46:12/7:54:16]  Acc_iter 108250      Data time: 0.00(0.00)  Forward time: 0.21(0.25)  Batch time: 0.21(0.25)
2026-08-14 00:54:52,445   INFO  Train:    2/4 ( 50%) [52736/55563 ( 95%)]  Loss: 0.6485 (1.17)  LR: 2.143e-04  Time cost: 2:46:23/11:45 [2:46:24/7:54:03]  Acc_iter 108300      Data time: 0.00(0.00)  Forward time: 0.24(0.25)  Batch time: 0.24(0.25)
2026-08-14 00:54:52,834   INFO  a1e06a0b30c0                Fri Aug 14 00:54:52 2026  580.173.02
[0] NVIDIA GeForce RTX 3070 | 72°C,  73 % |  6620 /  8192 MB | root(6226M)

2026-08-14 00:55:05,269   INFO  Train:    2/4 ( 50%) [52786/55563 ( 95%)]  Loss: 1.494 (1.17)  LR: 2.141e-04  Time cost: 2:46:35/11:33 [2:46:37/7:53:52]  Acc_iter 108350      Data time: 0.00(0.00)  Forward time: 0.21(0.25)  Batch time: 0.21(0.25)
2026-08-14 00:55:17,441   INFO  Train:    2/4 ( 50%) [52836/55563 ( 95%)]  Loss: 0.9916 (1.17)  LR: 2.140e-04  Time cost: 2:46:48/11:20 [2:46:49/7:53:38]  Acc_iter 108400      Data time: 0.00(0.00)  Forward time: 0.24(0.25)  Batch time: 0.25(0.25)
2026-08-14 00:55:29,671   INFO  Train:    2/4 ( 50%) [52886/55563 ( 95%)]  Loss: 1.686 (1.17)  LR: 2.139e-04  Time cost: 2:47:00/11:08 [2:47:01/7:53:25]  Acc_iter 108450      Data time: 0.00(0.00)  Forward time: 0.24(0.25)  Batch time: 0.24(0.25)
2026-08-14 00:55:30,067   INFO  a1e06a0b30c0                Fri Aug 14 00:55:30 2026  580.173.02
[0] NVIDIA GeForce RTX 3070 | 72°C,  69 % |  6620 /  8192 MB | root(6226M)

2026-08-14 00:55:41,977   INFO  Train:    2/4 ( 50%) [52936/55563 ( 95%)]  Loss: 0.9941 (1.17)  LR: 2.138e-04  Time cost: 2:47:12/10:55 [2:47:14/7:53:12]  Acc_iter 108500      Data time: 0.00(0.00)  Forward time: 0.23(0.25)  Batch time: 0.23(0.25)
2026-08-14 00:55:53,975   INFO  Train:    2/4 ( 50%) [52986/55563 ( 95%)]  Loss: 0.5242 (1.17)  LR: 2.137e-04  Time cost: 2:47:24/10:43 [2:47:26/7:52:58]  Acc_iter 108550      Data time: 0.00(0.00)  Forward time: 0.22(0.25)  Batch time: 0.22(0.25)
2026-08-14 00:56:06,248   INFO  Train:    2/4 ( 50%) [53036/55563 ( 95%)]  Loss: 0.6216 (1.17)  LR: 2.135e-04  Time cost: 2:47:36/10:30 [2:47:38/7:52:45]  Acc_iter 108600      Data time: 0.00(0.00)  Forward time: 0.20(0.25)  Batch time: 0.20(0.25)
2026-08-14 00:56:06,641   INFO  a1e06a0b30c0                Fri Aug 14 00:56:06 2026  580.173.02
[0] NVIDIA GeForce RTX 3070 | 71°C,  96 % |  6615 /  8192 MB | root(6226M)

2026-08-14 00:56:18,462   INFO  Train:    2/4 ( 50%) [53086/55563 ( 96%)]  Loss: 1.090 (1.17)  LR: 2.134e-04  Time cost: 2:47:49/10:18 [2:47:50/7:52:32]  Acc_iter 108650      Data time: 0.00(0.00)  Forward time: 0.28(0.25)  Batch time: 0.28(0.25)
2026-08-14 00:56:30,604   INFO  Train:    2/4 ( 50%) [53136/55563 ( 96%)]  Loss: 1.527 (1.17)  LR: 2.133e-04  Time cost: 2:48:01/10:05 [2:48:02/7:52:19]  Acc_iter 108700      Data time: 0.00(0.00)  Forward time: 0.22(0.25)  Batch time: 0.22(0.25)
2026-08-14 00:56:42,712   INFO  Train:    2/4 ( 50%) [53186/55563 ( 96%)]  Loss: 0.9816 (1.17)  LR: 2.132e-04  Time cost: 2:48:13/09:53 [2:48:14/7:52:05]  Acc_iter 108750      Data time: 0.00(0.00)  Forward time: 0.26(0.25)  Batch time: 0.27(0.25)
2026-08-14 00:56:43,218   INFO  a1e06a0b30c0                Fri Aug 14 00:56:43 2026  580.173.02
[0] NVIDIA GeForce RTX 3070 | 64°C,   0 % |  6623 /  8192 MB | root(6226M)

2026-08-14 00:56:55,437   INFO  Train:    2/4 ( 50%) [53236/55563 ( 96%)]  Loss: 1.021 (1.17)  LR: 2.131e-04  Time cost: 2:48:26/09:40 [2:48:27/7:51:53]  Acc_iter 108800      Data time: 0.00(0.00)  Forward time: 0.21(0.25)  Batch time: 0.22(0.25)
2026-08-14 00:57:07,351   INFO  Train:    2/4 ( 50%) [53286/55563 ( 96%)]  Loss: 0.7139 (1.17)  LR: 2.129e-04  Time cost: 2:48:38/09:28 [2:48:39/7:51:39]  Acc_iter 108850      Data time: 0.00(0.00)  Forward time: 0.27(0.25)  Batch time: 0.27(0.25)
2026-08-14 00:57:19,143   INFO  Train:    2/4 ( 50%) [53336/55563 ( 96%)]  Loss: 0.8926 (1.17)  LR: 2.128e-04  Time cost: 2:48:49/09:15 [2:48:51/7:51:25]  Acc_iter 108900      Data time: 0.00(0.00)  Forward time: 0.22(0.25)  Batch time: 0.22(0.25)
2026-08-14 00:57:19,536   INFO  a1e06a0b30c0                Fri Aug 14 00:57:19 2026  580.173.02
[0] NVIDIA GeForce RTX 3070 | 70°C,  71 % |  6623 /  8192 MB | root(6226M)

2026-08-14 00:57:31,765   INFO  Train:    2/4 ( 50%) [53386/55563 ( 96%)]  Loss: 2.483 (1.17)  LR: 2.127e-04  Time cost: 2:49:02/09:03 [2:49:03/7:51:13]  Acc_iter 108950      Data time: 0.00(0.00)  Forward time: 0.27(0.25)  Batch time: 0.27(0.25)
2026-08-14 00:57:44,026   INFO  Train:    2/4 ( 50%) [53436/55563 ( 96%)]  Loss: 0.7869 (1.17)  LR: 2.126e-04  Time cost: 2:49:14/08:50 [2:49:16/7:51:00]  Acc_iter 109000      Data time: 0.00(0.00)  Forward time: 0.25(0.25)  Batch time: 0.25(0.25)
2026-08-14 00:57:56,431   INFO  Train:    2/4 ( 50%) [53486/55563 ( 96%)]  Loss: 0.9510 (1.17)  LR: 2.124e-04  Time cost: 2:49:27/08:38 [2:49:28/7:50:47]  Acc_iter 109050      Data time: 0.00(0.00)  Forward time: 0.24(0.25)  Batch time: 0.24(0.25)
2026-08-14 00:57:56,840   INFO  a1e06a0b30c0                Fri Aug 14 00:57:56 2026  580.173.02
[0] NVIDIA GeForce RTX 3070 | 69°C,  82 % |  6623 /  8192 MB | root(6226M)

2026-08-14 00:58:08,811   INFO  Train:    2/4 ( 50%) [53536/55563 ( 96%)]  Loss: 1.291 (1.17)  LR: 2.123e-04  Time cost: 2:49:39/08:25 [2:49:40/7:50:34]  Acc_iter 109100      Data time: 0.00(0.00)  Forward time: 0.26(0.25)  Batch time: 0.26(0.25)
2026-08-14 00:58:20,768   INFO  Train:    2/4 ( 50%) [53586/55563 ( 96%)]  Loss: 1.014 (1.17)  LR: 2.122e-04  Time cost: 2:49:51/08:13 [2:49:52/7:50:20]  Acc_iter 109150      Data time: 0.00(0.00)  Forward time: 0.22(0.25)  Batch time: 0.22(0.25)
2026-08-14 00:58:29,403   INFO  Save latest model to /OpenPCDet/output/OpenPCDet/tools/cfgs/models/S/F/S_F_N/default/ckpt/latest_model
2026-08-14 00:58:32,867   INFO  Train:    2/4 ( 50%) [53636/55563 ( 97%)]  Loss: 1.086 (1.17)  LR: 2.121e-04  Time cost: 2:50:03/08:00 [2:50:04/7:50:07]  Acc_iter 109200      Data time: 0.00(0.00)  Forward time: 0.26(0.25)  Batch time: 0.26(0.25)
2026-08-14 00:58:33,305   INFO  a1e06a0b30c0                Fri Aug 14 00:58:33 2026  580.173.02
[0] NVIDIA GeForce RTX 3070 | 66°C,  17 % |  6624 /  8192 MB | root(6226M)

2026-08-14 00:58:45,489   INFO  Train:    2/4 ( 50%) [53686/55563 ( 97%)]  Loss: 1.558 (1.17)  LR: 2.120e-04  Time cost: 2:50:16/07:48 [2:50:17/7:49:55]  Acc_iter 109250      Data time: 0.00(0.00)  Forward time: 0.24(0.25)  Batch time: 0.24(0.25)
2026-08-14 00:58:57,655   INFO  Train:    2/4 ( 50%) [53736/55563 ( 97%)]  Loss: 1.336 (1.17)  LR: 2.118e-04  Time cost: 2:50:28/07:35 [2:50:29/7:49:42]  Acc_iter 109300      Data time: 0.00(0.00)  Forward time: 0.24(0.25)  Batch time: 0.24(0.25)
2026-08-14 00:59:09,777   INFO  Train:    2/4 ( 50%) [53786/55563 ( 97%)]  Loss: 1.075 (1.17)  LR: 2.117e-04  Time cost: 2:50:40/07:23 [2:50:41/7:49:28]  Acc_iter 109350      Data time: 0.00(0.00)  Forward time: 0.23(0.25)  Batch time: 0.23(0.25)
2026-08-14 00:59:10,173   INFO  a1e06a0b30c0                Fri Aug 14 00:59:10 2026  580.173.02
[0] NVIDIA GeForce RTX 3070 | 64°C,   0 % |  6624 /  8192 MB | root(6226M)

2026-08-14 00:59:22,177   INFO  Train:    2/4 ( 50%) [53836/55563 ( 97%)]  Loss: 0.3978 (1.17)  LR: 2.116e-04  Time cost: 2:50:52/07:10 [2:50:54/7:49:15]  Acc_iter 109400      Data time: 0.00(0.00)  Forward time: 0.26(0.25)  Batch time: 0.26(0.25)
2026-08-14 00:59:34,594   INFO  Train:    2/4 ( 50%) [53886/55563 ( 97%)]  Loss: 1.308 (1.17)  LR: 2.115e-04  Time cost: 2:51:05/06:58 [2:51:06/7:49:03]  Acc_iter 109450      Data time: 0.00(0.00)  Forward time: 0.20(0.25)  Batch time: 0.20(0.25)
2026-08-14 00:59:46,777   INFO  Train:    2/4 ( 50%) [53936/55563 ( 97%)]  Loss: 0.7416 (1.17)  LR: 2.114e-04  Time cost: 2:51:17/06:45 [2:51:18/7:48:50]  Acc_iter 109500      Data time: 0.00(0.00)  Forward time: 0.22(0.25)  Batch time: 0.22(0.25)
2026-08-14 00:59:47,172   INFO  a1e06a0b30c0                Fri Aug 14 00:59:47 2026  580.173.02
[0] NVIDIA GeForce RTX 3070 | 65°C,   0 % |  6624 /  8192 MB | root(6226M)

2026-08-14 00:59:59,222   INFO  Train:    2/4 ( 50%) [53986/55563 ( 97%)]  Loss: 1.001 (1.17)  LR: 2.112e-04  Time cost: 2:51:29/06:33 [2:51:31/7:48:37]  Acc_iter 109550      Data time: 0.00(0.00)  Forward time: 0.25(0.25)  Batch time: 0.25(0.25)
2026-08-14 01:00:11,708   INFO  Train:    2/4 ( 50%) [54036/55563 ( 97%)]  Loss: 1.179 (1.17)  LR: 2.111e-04  Time cost: 2:51:42/06:20 [2:51:43/7:48:25]  Acc_iter 109600      Data time: 0.00(0.00)  Forward time: 0.24(0.25)  Batch time: 0.24(0.25)
2026-08-14 01:00:24,027   INFO  Train:    2/4 ( 50%) [54086/55563 ( 97%)]  Loss: 0.5536 (1.17)  LR: 2.110e-04  Time cost: 2:51:54/06:08 [2:51:56/7:48:12]  Acc_iter 109650      Data time: 0.00(0.00)  Forward time: 0.26(0.25)  Batch time: 0.27(0.25)
2026-08-14 01:00:24,484   INFO  a1e06a0b30c0                Fri Aug 14 01:00:24 2026  580.173.02
[0] NVIDIA GeForce RTX 3070 | 71°C,  99 % |  6623 /  8192 MB | root(6226M)

2026-08-14 01:00:36,564   INFO  Train:    2/4 ( 50%) [54136/55563 ( 97%)]  Loss: 0.8635 (1.17)  LR: 2.109e-04  Time cost: 2:52:07/05:56 [2:52:08/7:47:59]  Acc_iter 109700      Data time: 0.00(0.00)  Forward time: 0.24(0.25)  Batch time: 0.24(0.25)
2026-08-14 01:00:48,453   INFO  Train:    2/4 ( 50%) [54186/55563 ( 98%)]  Loss: 2.031 (1.17)  LR: 2.108e-04  Time cost: 2:52:19/05:43 [2:52:20/7:47:45]  Acc_iter 109750      Data time: 0.00(0.00)  Forward time: 0.25(0.25)  Batch time: 0.25(0.25)
2026-08-14 01:01:00,592   INFO  Train:    2/4 ( 50%) [54236/55563 ( 98%)]  Loss: 0.8017 (1.17)  LR: 2.106e-04  Time cost: 2:52:31/05:31 [2:52:32/7:47:32]  Acc_iter 109800      Data time: 0.00(0.00)  Forward time: 0.25(0.25)  Batch time: 0.25(0.25)
2026-08-14 01:01:00,997   INFO  a1e06a0b30c0                Fri Aug 14 01:01:00 2026  580.173.02
[0] NVIDIA GeForce RTX 3070 | 71°C,  88 % |  6623 /  8192 MB | root(6226M)

2026-08-14 01:01:13,090   INFO  Train:    2/4 ( 50%) [54286/55563 ( 98%)]  Loss: 1.190 (1.17)  LR: 2.105e-04  Time cost: 2:52:43/05:18 [2:52:45/7:47:19]  Acc_iter 109850      Data time: 0.00(0.00)  Forward time: 0.26(0.25)  Batch time: 0.26(0.25)
2026-08-14 01:01:25,460   INFO  Train:    2/4 ( 50%) [54336/55563 ( 98%)]  Loss: 1.797 (1.17)  LR: 2.104e-04  Time cost: 2:52:56/05:06 [2:52:57/7:47:07]  Acc_iter 109900      Data time: 0.00(0.00)  Forward time: 0.27(0.25)  Batch time: 0.27(0.25)
2026-08-14 01:01:37,411   INFO  Train:    2/4 ( 50%) [54386/55563 ( 98%)]  Loss: 0.4887 (1.17)  LR: 2.103e-04  Time cost: 2:53:08/04:53 [2:53:09/7:46:53]  Acc_iter 109950      Data time: 0.00(0.00)  Forward time: 0.22(0.25)  Batch time: 0.22(0.25)
2026-08-14 01:01:37,805   INFO  a1e06a0b30c0                Fri Aug 14 01:01:37 2026  580.173.02
[0] NVIDIA GeForce RTX 3070 | 66°C,  80 % |  6623 /  8192 MB | root(6226M)

2026-08-14 01:01:50,027   INFO  Train:    2/4 ( 50%) [54436/55563 ( 98%)]  Loss: 0.9294 (1.17)  LR: 2.102e-04  Time cost: 2:53:20/04:41 [2:53:22/7:46:41]  Acc_iter 110000      Data time: 0.00(0.00)  Forward time: 0.25(0.25)  Batch time: 0.25(0.25)
2026-08-14 01:02:02,474   INFO  Train:    2/4 ( 50%) [54486/55563 ( 98%)]  Loss: 0.7881 (1.17)  LR: 2.100e-04  Time cost: 2:53:33/04:28 [2:53:34/7:46:28]  Acc_iter 110050      Data time: 0.00(0.00)  Forward time: 0.26(0.25)  Batch time: 0.26(0.25)
2026-08-14 01:02:14,839   INFO  Train:    2/4 ( 50%) [54536/55563 ( 98%)]  Loss: 0.4496 (1.17)  LR: 2.099e-04  Time cost: 2:53:45/04:16 [2:53:46/7:46:15]  Acc_iter 110100      Data time: 0.00(0.00)  Forward time: 0.25(0.25)  Batch time: 0.25(0.25)
2026-08-14 01:02:15,257   INFO  a1e06a0b30c0                Fri Aug 14 01:02:15 2026  580.173.02
[0] NVIDIA GeForce RTX 3070 | 65°C,   1 % |  6624 /  8192 MB | root(6226M)

2026-08-14 01:02:27,343   INFO  Train:    2/4 ( 50%) [54586/55563 ( 98%)]  Loss: 0.6448 (1.17)  LR: 2.098e-04  Time cost: 2:53:58/04:03 [2:53:59/7:46:03]  Acc_iter 110150      Data time: 0.00(0.00)  Forward time: 0.22(0.25)  Batch time: 0.22(0.25)
2026-08-14 01:02:39,280   INFO  Train:    2/4 ( 50%) [54636/55563 ( 98%)]  Loss: 1.177 (1.17)  LR: 2.097e-04  Time cost: 2:54:09/03:51 [2:54:11/7:45:49]  Acc_iter 110200      Data time: 0.00(0.00)  Forward time: 0.26(0.25)  Batch time: 0.26(0.25)
2026-08-14 01:02:51,524   INFO  Train:    2/4 ( 50%) [54686/55563 ( 98%)]  Loss: 1.147 (1.17)  LR: 2.095e-04  Time cost: 2:54:22/03:38 [2:54:23/7:45:36]  Acc_iter 110250      Data time: 0.00(0.00)  Forward time: 0.24(0.25)  Batch time: 0.24(0.25)
2026-08-14 01:02:51,956   INFO  a1e06a0b30c0                Fri Aug 14 01:02:51 2026  580.173.02
[0] NVIDIA GeForce RTX 3070 | 72°C,  97 % |  6623 /  8192 MB | root(6226M)

2026-08-14 01:03:04,225   INFO  Train:    2/4 ( 50%) [54736/55563 ( 99%)]  Loss: 0.9405 (1.17)  LR: 2.094e-04  Time cost: 2:54:34/03:26 [2:54:36/7:45:24]  Acc_iter 110300      Data time: 0.00(0.00)  Forward time: 0.23(0.25)  Batch time: 0.23(0.25)
2026-08-14 01:03:16,292   INFO  Train:    2/4 ( 50%) [54786/55563 ( 99%)]  Loss: 0.8820 (1.17)  LR: 2.093e-04  Time cost: 2:54:46/03:13 [2:54:48/7:45:11]  Acc_iter 110350      Data time: 0.00(0.00)  Forward time: 0.25(0.25)  Batch time: 0.25(0.25)
2026-08-14 01:03:28,322   INFO  Train:    2/4 ( 50%) [54836/55563 ( 99%)]  Loss: 1.007 (1.17)  LR: 2.092e-04  Time cost: 2:54:59/03:01 [2:55:00/7:44:57]  Acc_iter 110400      Data time: 0.00(0.00)  Forward time: 0.25(0.25)  Batch time: 0.25(0.25)
2026-08-14 01:03:28,698   INFO  a1e06a0b30c0                Fri Aug 14 01:03:28 2026  580.173.02
[0] NVIDIA GeForce RTX 3070 | 65°C,  99 % |  6623 /  8192 MB | root(6226M)

2026-08-14 01:03:29,472   INFO  Save latest model to /OpenPCDet/output/OpenPCDet/tools/cfgs/models/S/F/S_F_N/default/ckpt/latest_model
2026-08-14 01:03:40,769   INFO  Train:    2/4 ( 50%) [54886/55563 ( 99%)]  Loss: 1.938 (1.17)  LR: 2.091e-04  Time cost: 2:55:11/02:48 [2:55:12/7:44:45]  Acc_iter 110450      Data time: 0.00(0.00)  Forward time: 0.26(0.25)  Batch time: 0.27(0.25)
2026-08-14 01:03:53,296   INFO  Train:    2/4 ( 50%) [54936/55563 ( 99%)]  Loss: 1.213 (1.17)  LR: 2.089e-04  Time cost: 2:55:23/02:36 [2:55:25/7:44:32]  Acc_iter 110500      Data time: 0.00(0.00)  Forward time: 0.22(0.25)  Batch time: 0.22(0.25)
2026-08-14 01:04:05,705   INFO  Train:    2/4 ( 50%) [54986/55563 ( 99%)]  Loss: 1.303 (1.17)  LR: 2.088e-04  Time cost: 2:55:36/02:23 [2:55:37/7:44:20]  Acc_iter 110550      Data time: 0.00(0.00)  Forward time: 0.28(0.25)  Batch time: 0.28(0.25)
2026-08-14 01:04:06,095   INFO  a1e06a0b30c0                Fri Aug 14 01:04:06 2026  580.173.02
[0] NVIDIA GeForce RTX 3070 | 69°C,  73 % |  6623 /  8192 MB | root(6226M)

2026-08-14 01:04:18,150   INFO  Train:    2/4 ( 50%) [55036/55563 ( 99%)]  Loss: 1.015 (1.17)  LR: 2.087e-04  Time cost: 2:55:48/02:11 [2:55:50/7:44:07]  Acc_iter 110600      Data time: 0.00(0.00)  Forward time: 0.25(0.25)  Batch time: 0.25(0.25)
2026-08-14 01:04:29,930   INFO  Train:    2/4 ( 50%) [55086/55563 ( 99%)]  Loss: 0.4405 (1.17)  LR: 2.086e-04  Time cost: 2:56:00/01:58 [2:56:02/7:43:53]  Acc_iter 110650      Data time: 0.00(0.00)  Forward time: 0.20(0.25)  Batch time: 0.20(0.25)
2026-08-14 01:04:42,065   INFO  Train:    2/4 ( 50%) [55136/55563 ( 99%)]  Loss: 1.455 (1.17)  LR: 2.084e-04  Time cost: 2:56:12/01:46 [2:56:14/7:43:39]  Acc_iter 110700      Data time: 0.00(0.00)  Forward time: 0.28(0.25)  Batch time: 0.28(0.25)
2026-08-14 01:04:42,517   INFO  a1e06a0b30c0                Fri Aug 14 01:04:42 2026  580.173.02
[0] NVIDIA GeForce RTX 3070 | 73°C,  99 % |  6623 /  8192 MB | root(6226M)

2026-08-14 01:04:54,913   INFO  Train:    2/4 ( 50%) [55186/55563 ( 99%)]  Loss: 0.3792 (1.17)  LR: 2.083e-04  Time cost: 2:56:25/01:34 [2:56:27/7:43:28]  Acc_iter 110750      Data time: 0.00(0.00)  Forward time: 0.25(0.25)  Batch time: 0.25(0.25)
2026-08-14 01:05:06,939   INFO  Train:    2/4 ( 50%) [55236/55563 ( 99%)]  Loss: 0.7843 (1.17)  LR: 2.082e-04  Time cost: 2:56:37/01:21 [2:56:39/7:43:14]  Acc_iter 110800      Data time: 0.00(0.00)  Forward time: 0.22(0.25)  Batch time: 0.22(0.25)
2026-08-14 01:05:19,120   INFO  Train:    2/4 ( 50%) [55286/55563 (100%)]  Loss: 1.653 (1.17)  LR: 2.081e-04  Time cost: 2:56:49/01:09 [2:56:51/7:43:01]  Acc_iter 110850      Data time: 0.00(0.00)  Forward time: 0.25(0.25)  Batch time: 0.25(0.25)
2026-08-14 01:05:19,511   INFO  a1e06a0b30c0                Fri Aug 14 01:05:19 2026  580.173.02
[0] NVIDIA GeForce RTX 3070 | 71°C,  93 % |  6624 /  8192 MB | root(6226M)

2026-08-14 01:05:31,839   INFO  Train:    2/4 ( 50%) [55336/55563 (100%)]  Loss: 1.427 (1.17)  LR: 2.080e-04  Time cost: 2:57:02/00:56 [2:57:03/7:42:49]  Acc_iter 110900      Data time: 0.00(0.00)  Forward time: 0.27(0.25)  Batch time: 0.27(0.25)
2026-08-14 01:05:44,089   INFO  Train:    2/4 ( 50%) [55386/55563 (100%)]  Loss: 1.176 (1.17)  LR: 2.078e-04  Time cost: 2:57:14/00:44 [2:57:16/7:42:36]  Acc_iter 110950      Data time: 0.00(0.00)  Forward time: 0.22(0.25)  Batch time: 0.22(0.25)
2026-08-14 01:05:56,367   INFO  Train:    2/4 ( 50%) [55436/55563 (100%)]  Loss: 0.7830 (1.17)  LR: 2.077e-04  Time cost: 2:57:27/00:31 [2:57:28/7:42:23]  Acc_iter 111000      Data time: 0.00(0.00)  Forward time: 0.25(0.25)  Batch time: 0.25(0.25)
2026-08-14 01:05:56,781   INFO  a1e06a0b30c0                Fri Aug 14 01:05:56 2026  580.173.02
[0] NVIDIA GeForce RTX 3070 | 65°C,  93 % |  6624 /  8192 MB | root(6226M)

2026-08-14 01:06:08,938   INFO  Train:    2/4 ( 50%) [55486/55563 (100%)]  Loss: 1.361 (1.17)  LR: 2.076e-04  Time cost: 2:57:39/00:19 [2:57:41/7:42:11]  Acc_iter 111050      Data time: 0.00(0.00)  Forward time: 0.25(0.25)  Batch time: 0.26(0.25)
2026-08-14 01:06:21,011   INFO  Train:    2/4 ( 50%) [55536/55563 (100%)]  Loss: 1.176 (1.17)  LR: 2.075e-04  Time cost: 2:57:51/00:06 [2:57:53/7:41:58]  Acc_iter 111100      Data time: 0.00(0.00)  Forward time: 0.27(0.25)  Batch time: 0.27(0.25)
2026-08-14 01:06:27,392   INFO  Train:    2/4 ( 50%) [55562/55563 (100%)]  Loss: 0.7002 (1.17)  LR: 2.074e-04  Time cost: 2:57:58/00:00 [2:57:59/7:41:51]  Acc_iter 111126      Data time: 0.00(0.00)  Forward time: 0.21(0.25)  Batch time: 0.21(0.25)
2026-08-14 01:06:29,506   INFO  Train:    3/4 ( 75%) [   0/55563 (  0%)]  Loss: 0.3612 (0.361)  LR: 2.074e-04  Time cost: 00:01/22:18:24 [2:58:01/44:36:48]  Acc_iter 111127      Data time: 1.13(1.13)  Forward time: 0.31(0.31)  Batch time: 1.45(1.45)
2026-08-14 01:06:35,182   INFO  Train:    3/4 ( 75%) [  23/55563 (  0%)]  Loss: 1.274 (1.14)  LR: 2.073e-04  Time cost: 00:07/4:34:38 [2:58:07/9:09:23]  Acc_iter 111150      Data time: 0.00(0.05)  Forward time: 0.25(0.25)  Batch time: 0.25(0.30)
2026-08-14 01:06:35,616   INFO  a1e06a0b30c0                Fri Aug 14 01:06:35 2026  580.173.02
[0] NVIDIA GeForce RTX 3070 | 69°C,  61 % |  6624 /  8192 MB | root(6226M)

2026-08-14 01:06:47,811   INFO  Train:    3/4 ( 75%) [  73/55563 (  0%)]  Loss: 1.293 (1.14)  LR: 2.072e-04  Time cost: 00:19/4:06:49 [2:58:19/8:13:58]  Acc_iter 111200      Data time: 0.00(0.02)  Forward time: 0.27(0.24)  Batch time: 0.27(0.27)
2026-08-14 01:07:00,113   INFO  Train:    3/4 ( 75%) [ 123/55563 (  0%)]  Loss: 0.8318 (1.09)  LR: 2.071e-04  Time cost: 00:32/3:58:50 [2:58:32/7:58:12]  Acc_iter 111250      Data time: 0.00(0.01)  Forward time: 0.25(0.24)  Batch time: 0.25(0.26)
2026-08-14 01:07:12,201   INFO  Train:    3/4 ( 75%) [ 173/55563 (  0%)]  Loss: 0.6087 (1.11)  LR: 2.070e-04  Time cost: 00:44/3:54:11 [2:58:44/7:49:06]  Acc_iter 111300      Data time: 0.00(0.01)  Forward time: 0.22(0.24)  Batch time: 0.22(0.25)
2026-08-14 01:07:12,643   INFO  a1e06a0b30c0                Fri Aug 14 01:07:12 2026  580.173.02
[0] NVIDIA GeForce RTX 3070 | 70°C,  91 % |  6625 /  8192 MB | root(6226M)

2026-08-14 01:07:24,699   INFO  Train:    3/4 ( 75%) [ 223/55563 (  0%)]  Loss: 0.8346 (1.11)  LR: 2.069e-04  Time cost: 00:56/3:53:12 [2:58:56/7:47:21]  Acc_iter 111350      Data time: 0.00(0.01)  Forward time: 0.22(0.24)  Batch time: 0.23(0.25)
2026-08-14 01:07:36,892   INFO  Train:    3/4 ( 75%) [ 273/55563 (  0%)]  Loss: 0.8801 (1.11)  LR: 2.067e-04  Time cost: 01:08/3:51:29 [2:59:09/7:44:07]  Acc_iter 111400      Data time: 0.00(0.01)  Forward time: 0.25(0.24)  Batch time: 0.25(0.25)
2026-08-14 01:07:48,772   INFO  Train:    3/4 ( 75%) [ 323/55563 (  1%)]  Loss: 0.9065 (1.10)  LR: 2.066e-04  Time cost: 01:20/3:49:20 [2:59:20/7:40:01]  Acc_iter 111450      Data time: 0.00(0.01)  Forward time: 0.22(0.24)  Batch time: 0.22(0.25)
2026-08-14 01:07:49,158   INFO  a1e06a0b30c0                Fri Aug 14 01:07:49 2026  580.173.02
[0] NVIDIA GeForce RTX 3070 | 71°C,  94 % |  6625 /  8192 MB | root(6226M)

2026-08-14 01:08:00,974   INFO  Train:    3/4 ( 75%) [ 373/55563 (  1%)]  Loss: 0.8778 (1.10)  LR: 2.065e-04  Time cost: 01:32/3:48:30 [2:59:33/7:38:34]  Acc_iter 111500      Data time: 0.00(0.01)  Forward time: 0.22(0.24)  Batch time: 0.22(0.25)
2026-08-14 01:08:12,564   INFO  Train:    3/4 ( 75%) [ 423/55563 (  1%)]  Loss: 0.9556 (1.10)  LR: 2.064e-04  Time cost: 01:44/3:46:30 [2:59:44/7:34:44]  Acc_iter 111550      Data time: 0.00(0.01)  Forward time: 0.21(0.24)  Batch time: 0.21(0.25)
2026-08-14 01:08:24,580   INFO  Train:    3/4 ( 75%) [ 473/55563 (  1%)]  Loss: 0.5433 (1.13)  LR: 2.062e-04  Time cost: 01:56/3:45:42 [2:59:56/7:33:20]  Acc_iter 111600      Data time: 0.00(0.01)  Forward time: 0.21(0.24)  Batch time: 0.22(0.25)
2026-08-14 01:08:25,019   INFO  a1e06a0b30c0                Fri Aug 14 01:08:25 2026  580.173.02
[0] NVIDIA GeForce RTX 3070 | 70°C,  95 % |  6621 /  8192 MB | root(6226M)

2026-08-14 01:08:37,195   INFO  Train:    3/4 ( 75%) [ 523/55563 (  1%)]  Loss: 1.180 (1.12)  LR: 2.061e-04  Time cost: 02:09/3:46:03 [3:00:09/7:34:16]  Acc_iter 111650      Data time: 0.00(0.01)  Forward time: 0.27(0.24)  Batch time: 0.27(0.25)
2026-08-14 01:08:49,111   INFO  Train:    3/4 ( 75%) [ 573/55563 (  1%)]  Loss: 1.201 (1.12)  LR: 2.060e-04  Time cost: 02:21/3:45:12 [3:00:21/7:32:46]  Acc_iter 111700      Data time: 0.00(0.01)  Forward time: 0.27(0.24)  Batch time: 0.27(0.25)
2026-08-14 01:09:01,126   INFO  Train:    3/4 ( 75%) [ 623/55563 (  1%)]  Loss: 1.127 (1.12)  LR: 2.059e-04  Time cost: 02:33/3:44:36 [3:00:33/7:31:45]  Acc_iter 111750      Data time: 0.00(0.01)  Forward time: 0.23(0.24)  Batch time: 0.23(0.25)
2026-08-14 01:09:01,517   INFO  a1e06a0b30c0                Fri Aug 14 01:09:01 2026  580.173.02
[0] NVIDIA GeForce RTX 3070 | 71°C,  95 % |  6620 /  8192 MB | root(6226M)

2026-08-14 01:09:13,588   INFO  Train:    3/4 ( 75%) [ 673/55563 (  1%)]  Loss: 1.490 (1.11)  LR: 2.058e-04  Time cost: 02:45/3:44:40 [3:00:45/7:32:06]  Acc_iter 111800      Data time: 0.00(0.01)  Forward time: 0.26(0.24)  Batch time: 0.27(0.25)
2026-08-14 01:09:25,863   INFO  Train:    3/4 ( 75%) [ 723/55563 (  1%)]  Loss: 0.9026 (1.11)  LR: 2.056e-04  Time cost: 02:57/3:44:27 [3:00:57/7:31:52]  Acc_iter 111850      Data time: 0.00(0.01)  Forward time: 0.27(0.24)  Batch time: 0.27(0.25)
2026-08-14 01:09:37,899   INFO  Train:    3/4 ( 75%) [ 773/55563 (  1%)]  Loss: 0.5764 (1.11)  LR: 2.055e-04  Time cost: 03:09/3:43:58 [3:01:10/7:31:06]  Acc_iter 111900      Data time: 0.00(0.01)  Forward time: 0.22(0.24)  Batch time: 0.22(0.25)
2026-08-14 01:09:38,292   INFO  a1e06a0b30c0                Fri Aug 14 01:09:38 2026  580.173.02
[0] NVIDIA GeForce RTX 3070 | 65°C,   0 % |  6620 /  8192 MB | root(6226M)

2026-08-14 01:09:50,409   INFO  Train:    3/4 ( 75%) [ 823/55563 (  1%)]  Loss: 1.143 (1.10)  LR: 2.054e-04  Time cost: 03:22/3:44:02 [3:01:22/7:31:26]  Acc_iter 111950      Data time: 0.00(0.01)  Forward time: 0.24(0.24)  Batch time: 0.24(0.25)
2026-08-14 01:10:02,453   INFO  Train:    3/4 ( 75%) [ 873/55563 (  2%)]  Loss: 1.277 (1.10)  LR: 2.053e-04  Time cost: 03:34/3:43:35 [3:01:34/7:30:45]  Acc_iter 112000      Data time: 0.00(0.01)  Forward time: 0.26(0.24)  Batch time: 0.26(0.25)
2026-08-14 01:10:14,512   INFO  Train:    3/4 ( 75%) [ 923/55563 (  2%)]  Loss: 0.9992 (1.10)  LR: 2.051e-04  Time cost: 03:46/3:43:10 [3:01:46/7:30:08]  Acc_iter 112050      Data time: 0.00(0.01)  Forward time: 0.27(0.24)  Batch time: 0.27(0.25)
2026-08-14 01:10:14,932   INFO  a1e06a0b30c0                Fri Aug 14 01:10:14 2026  580.173.02
[0] NVIDIA GeForce RTX 3070 | 69°C,  73 % |  6620 /  8192 MB | root(6226M)

2026-08-14 01:10:26,983   INFO  Train:    3/4 ( 75%) [ 973/55563 (  2%)]  Loss: 0.9284 (1.10)  LR: 2.050e-04  Time cost: 03:58/3:43:10 [3:01:59/7:30:20]  Acc_iter 112100      Data time: 0.00(0.01)  Forward time: 0.24(0.24)  Batch time: 0.24(0.25)
2026-08-14 01:10:38,956   INFO  Train:    3/4 ( 75%) [1023/55563 (  2%)]  Loss: 1.019 (1.10)  LR: 2.049e-04  Time cost: 04:10/3:42:43 [3:02:11/7:29:36]  Acc_iter 112150      Data time: 0.00(0.01)  Forward time: 0.25(0.24)  Batch time: 0.25(0.25)
2026-08-14 01:10:51,161   INFO  Train:    3/4 ( 75%) [1073/55563 (  2%)]  Loss: 0.7896 (1.10)  LR: 2.048e-04  Time cost: 04:23/3:42:28 [3:02:23/7:29:19]  Acc_iter 112200      Data time: 0.00(0.00)  Forward time: 0.22(0.24)  Batch time: 0.22(0.24)
2026-08-14 01:10:51,550   INFO  a1e06a0b30c0                Fri Aug 14 01:10:51 2026  580.173.02
[0] NVIDIA GeForce RTX 3070 | 71°C,  70 % |  6621 /  8192 MB | root(6226M)

2026-08-14 01:11:03,435   INFO  Train:    3/4 ( 75%) [1123/55563 (  2%)]  Loss: 0.9118 (1.10)  LR: 2.046e-04  Time cost: 04:35/3:42:17 [3:02:35/7:29:10]  Acc_iter 112250      Data time: 0.00(0.01)  Forward time: 0.24(0.24)  Batch time: 0.24(0.24)
2026-08-14 01:11:15,583   INFO  Train:    3/4 ( 75%) [1173/55563 (  2%)]  Loss: 1.163 (1.10)  LR: 2.045e-04  Time cost: 04:47/3:42:00 [3:02:47/7:28:48]  Acc_iter 112300      Data time: 0.00(0.00)  Forward time: 0.23(0.24)  Batch time: 0.23(0.24)
2026-08-14 01:11:27,353   INFO  Train:    3/4 ( 75%) [1223/55563 (  2%)]  Loss: 1.156 (1.10)  LR: 2.044e-04  Time cost: 04:59/3:41:27 [3:02:59/7:27:53]  Acc_iter 112350      Data time: 0.00(0.00)  Forward time: 0.24(0.24)  Batch time: 0.24(0.24)
2026-08-14 01:11:27,756   INFO  a1e06a0b30c0                Fri Aug 14 01:11:27 2026  580.173.02
[0] NVIDIA GeForce RTX 3070 | 65°C,  61 % |  6621 /  8192 MB | root(6226M)

2026-08-14 01:11:28,332   INFO  Save latest model to /OpenPCDet/output/OpenPCDet/tools/cfgs/models/S/F/S_F_N/default/ckpt/latest_model
2026-08-14 01:11:39,807   INFO  Train:    3/4 ( 75%) [1273/55563 (  2%)]  Loss: 2.813 (1.10)  LR: 2.043e-04  Time cost: 05:11/3:41:24 [3:03:11/7:28:00]  Acc_iter 112400      Data time: 0.00(0.01)  Forward time: 0.28(0.24)  Batch time: 0.28(0.24)
2026-08-14 01:11:51,862   INFO  Train:    3/4 ( 75%) [1323/55563 (  2%)]  Loss: 1.240 (1.10)  LR: 2.041e-04  Time cost: 05:23/3:41:05 [3:03:23/7:27:33]  Acc_iter 112450      Data time: 0.00(0.00)  Forward time: 0.20(0.24)  Batch time: 0.20(0.24)
2026-08-14 01:12:04,200   INFO  Train:    3/4 ( 75%) [1373/55563 (  2%)]  Loss: 1.511 (1.10)  LR: 2.040e-04  Time cost: 05:36/3:40:57 [3:03:36/7:27:30]  Acc_iter 112500      Data time: 0.00(0.00)  Forward time: 0.28(0.24)  Batch time: 0.29(0.24)
2026-08-14 01:12:04,601   INFO  a1e06a0b30c0                Fri Aug 14 01:12:04 2026  580.173.02
[0] NVIDIA GeForce RTX 3070 | 71°C,  93 % |  6625 /  8192 MB | root(6226M)

2026-08-14 01:12:16,426   INFO  Train:    3/4 ( 75%) [1423/55563 (  3%)]  Loss: 0.9412 (1.10)  LR: 2.039e-04  Time cost: 05:48/3:40:44 [3:03:48/7:27:17]  Acc_iter 112550      Data time: 0.00(0.00)  Forward time: 0.24(0.24)  Batch time: 0.24(0.24)
2026-08-14 01:12:28,385   INFO  Train:    3/4 ( 75%) [1473/55563 (  3%)]  Loss: 0.9761 (1.10)  LR: 2.038e-04  Time cost: 06:00/3:40:22 [3:04:00/7:26:45]  Acc_iter 112600      Data time: 0.00(0.00)  Forward time: 0.24(0.24)  Batch time: 0.24(0.24)
2026-08-14 01:12:40,303   INFO  Train:    3/4 ( 75%) [1523/55563 (  3%)]  Loss: 0.9938 (1.10)  LR: 2.037e-04  Time cost: 06:12/3:39:59 [3:04:12/7:26:10]  Acc_iter 112650      Data time: 0.00(0.00)  Forward time: 0.23(0.24)  Batch time: 0.23(0.24)
2026-08-14 01:12:40,706   INFO  a1e06a0b30c0                Fri Aug 14 01:12:40 2026  580.173.02
[0] NVIDIA GeForce RTX 3070 | 72°C,  94 % |  6625 /  8192 MB | root(6226M)

2026-08-14 01:12:53,267   INFO  Train:    3/4 ( 75%) [1573/55563 (  3%)]  Loss: 1.119 (1.11)  LR: 2.035e-04  Time cost: 06:25/3:40:13 [3:04:25/7:26:50]  Acc_iter 112700      Data time: 0.00(0.00)  Forward time: 0.22(0.24)  Batch time: 0.22(0.24)
2026-08-14 01:13:05,501   INFO  Train:    3/4 ( 75%) [1623/55563 (  3%)]  Loss: 1.077 (1.11)  LR: 2.034e-04  Time cost: 06:37/3:40:00 [3:04:37/7:26:38]  Acc_iter 112750      Data time: 0.00(0.00)  Forward time: 0.24(0.24)  Batch time: 0.24(0.24)
2026-08-14 01:13:17,609   INFO  Train:    3/4 ( 75%) [1673/55563 (  3%)]  Loss: 1.101 (1.11)  LR: 2.033e-04  Time cost: 06:49/3:39:44 [3:04:49/7:26:17]  Acc_iter 112800      Data time: 0.00(0.00)  Forward time: 0.20(0.24)  Batch time: 0.20(0.24)
2026-08-14 01:13:18,001   INFO  a1e06a0b30c0                Fri Aug 14 01:13:17 2026  580.173.02
[0] NVIDIA GeForce RTX 3070 | 72°C,  85 % |  6622 /  8192 MB | root(6226M)

2026-08-14 01:13:30,491   INFO  Train:    3/4 ( 75%) [1723/55563 (  3%)]  Loss: 1.733 (1.11)  LR: 2.032e-04  Time cost: 07:02/3:39:52 [3:05:02/7:26:46]  Acc_iter 112850      Data time: 0.00(0.00)  Forward time: 0.28(0.24)  Batch time: 0.28(0.25)
2026-08-14 01:13:42,867   INFO  Train:    3/4 ( 75%) [1773/55563 (  3%)]  Loss: 0.9292 (1.11)  LR: 2.030e-04  Time cost: 07:14/3:39:43 [3:05:14/7:26:42]  Acc_iter 112900      Data time: 0.00(0.00)  Forward time: 0.25(0.24)  Batch time: 0.25(0.25)
2026-08-14 01:13:54,978   INFO  Train:    3/4 ( 75%) [1823/55563 (  3%)]  Loss: 0.7782 (1.11)  LR: 2.029e-04  Time cost: 07:26/3:39:27 [3:05:27/7:26:21]  Acc_iter 112950      Data time: 0.00(0.00)  Forward time: 0.25(0.24)  Batch time: 0.25(0.25)
2026-08-14 01:13:55,372   INFO  a1e06a0b30c0                Fri Aug 14 01:13:55 2026  580.173.02
[0] NVIDIA GeForce RTX 3070 | 67°C,  21 % |  6623 /  8192 MB | root(6226M)

2026-08-14 01:14:07,687   INFO  Train:    3/4 ( 75%) [1873/55563 (  3%)]  Loss: 1.568 (1.11)  LR: 2.028e-04  Time cost: 07:39/3:39:28 [3:05:39/7:26:35]  Acc_iter 113000      Data time: 0.00(0.00)  Forward time: 0.26(0.24)  Batch time: 0.26(0.25)
2026-08-14 01:14:19,553   INFO  Train:    3/4 ( 75%) [1923/55563 (  3%)]  Loss: 0.9801 (1.11)  LR: 2.027e-04  Time cost: 07:51/3:39:04 [3:05:51/7:26:01]  Acc_iter 113050      Data time: 0.00(0.00)  Forward time: 0.24(0.24)  Batch time: 0.24(0.25)
2026-08-14 01:14:31,350   INFO  Train:    3/4 ( 75%) [1973/55563 (  4%)]  Loss: 0.5269 (1.11)  LR: 2.025e-04  Time cost: 08:03/3:38:40 [3:06:03/7:25:23]  Acc_iter 113100      Data time: 0.00(0.00)  Forward time: 0.26(0.24)  Batch time: 0.26(0.24)
2026-08-14 01:14:31,838   INFO  a1e06a0b30c0                Fri Aug 14 01:14:31 2026  580.173.02
[0] NVIDIA GeForce RTX 3070 | 65°C,  95 % |  6623 /  8192 MB | root(6226M)

2026-08-14 01:14:44,129   INFO  Train:    3/4 ( 75%) [2023/55563 (  4%)]  Loss: 1.153 (1.11)  LR: 2.024e-04  Time cost: 08:16/3:38:42 [3:06:16/7:25:40]  Acc_iter 113150      Data time: 0.00(0.00)  Forward time: 0.24(0.24)  Batch time: 0.24(0.25)
2026-08-14 01:14:56,337   INFO  Train:    3/4 ( 75%) [2073/55563 (  4%)]  Loss: 2.027 (1.11)  LR: 2.023e-04  Time cost: 08:28/3:38:28 [3:06:28/7:25:25]  Acc_iter 113200      Data time: 0.00(0.00)  Forward time: 0.23(0.24)  Batch time: 0.23(0.25)
2026-08-14 01:15:08,235   INFO  Train:    3/4 ( 75%) [2123/55563 (  4%)]  Loss: 0.6450 (1.11)  LR: 2.022e-04  Time cost: 08:40/3:38:07 [3:06:40/7:24:55]  Acc_iter 113250      Data time: 0.00(0.00)  Forward time: 0.27(0.24)  Batch time: 0.27(0.24)
2026-08-14 01:15:08,613   INFO  a1e06a0b30c0                Fri Aug 14 01:15:08 2026  580.173.02
[0] NVIDIA GeForce RTX 3070 | 72°C,  78 % |  6623 /  8192 MB | root(6226M)

2026-08-14 01:15:20,993   INFO  Train:    3/4 ( 75%) [2173/55563 (  4%)]  Loss: 1.310 (1.11)  LR: 2.020e-04  Time cost: 08:52/3:38:07 [3:06:53/7:25:08]  Acc_iter 113300      Data time: 0.00(0.00)  Forward time: 0.25(0.24)  Batch time: 0.25(0.25)
2026-08-14 01:15:33,197   INFO  Train:    3/4 ( 75%) [2223/55563 (  4%)]  Loss: 0.5207 (1.11)  LR: 2.019e-04  Time cost: 09:05/3:37:54 [3:07:05/7:24:53]  Acc_iter 113350      Data time: 0.00(0.00)  Forward time: 0.22(0.24)  Batch time: 0.22(0.25)
2026-08-14 01:15:45,143   INFO  Train:    3/4 ( 75%) [2273/55563 (  4%)]  Loss: 1.584 (1.11)  LR: 2.018e-04  Time cost: 09:17/3:37:34 [3:07:17/7:24:26]  Acc_iter 113400      Data time: 0.00(0.00)  Forward time: 0.26(0.24)  Batch time: 0.26(0.24)
2026-08-14 01:15:45,559   INFO  a1e06a0b30c0                Fri Aug 14 01:15:45 2026  580.173.02
[0] NVIDIA GeForce RTX 3070 | 71°C,  91 % |  6624 /  8192 MB | root(6226M)

2026-08-14 01:15:57,813   INFO  Train:    3/4 ( 75%) [2323/55563 (  4%)]  Loss: 0.6251 (1.11)  LR: 2.017e-04  Time cost: 09:29/3:37:32 [3:07:29/7:24:34]  Acc_iter 113450      Data time: 0.00(0.00)  Forward time: 0.24(0.24)  Batch time: 0.24(0.25)
2026-08-14 01:16:10,059   INFO  Train:    3/4 ( 75%) [2373/55563 (  4%)]  Loss: 1.445 (1.12)  LR: 2.015e-04  Time cost: 09:41/3:37:19 [3:07:42/7:24:21]  Acc_iter 113500      Data time: 0.00(0.00)  Forward time: 0.24(0.24)  Batch time: 0.24(0.25)
2026-08-14 01:16:22,455   INFO  Train:    3/4 ( 75%) [2423/55563 (  4%)]  Loss: 1.012 (1.12)  LR: 2.014e-04  Time cost: 09:54/3:37:10 [3:07:54/7:24:15]  Acc_iter 113550      Data time: 0.00(0.00)  Forward time: 0.23(0.24)  Batch time: 0.23(0.25)
2026-08-14 01:16:22,912   INFO  a1e06a0b30c0                Fri Aug 14 01:16:22 2026  580.173.02
[0] NVIDIA GeForce RTX 3070 | 67°C,  59 % |  6624 /  8192 MB | root(6226M)

2026-08-14 01:16:28,368   INFO  Save latest model to /OpenPCDet/output/OpenPCDet/tools/cfgs/models/S/F/S_F_N/default/ckpt/latest_model
2026-08-14 01:16:35,138   INFO  Train:    3/4 ( 75%) [2473/55563 (  4%)]  Loss: 0.6158 (1.12)  LR: 2.013e-04  Time cost: 10:07/3:37:07 [3:08:07/7:24:21]  Acc_iter 113600      Data time: 0.00(0.00)  Forward time: 0.23(0.24)  Batch time: 0.23(0.25)
2026-08-14 01:16:47,335   INFO  Train:    3/4 ( 75%) [2523/55563 (  5%)]  Loss: 0.7861 (1.12)  LR: 2.012e-04  Time cost: 10:19/3:36:53 [3:08:19/7:24:06]  Acc_iter 113650      Data time: 0.00(0.00)  Forward time: 0.21(0.24)  Batch time: 0.21(0.25)
2026-08-14 01:16:59,450   INFO  Train:    3/4 ( 75%) [2573/55563 (  5%)]  Loss: 0.9005 (1.12)  LR: 2.010e-04  Time cost: 10:31/3:36:38 [3:08:31/7:23:47]  Acc_iter 113700      Data time: 0.00(0.00)  Forward time: 0.23(0.24)  Batch time: 0.23(0.25)
2026-08-14 01:16:59,851   INFO  a1e06a0b30c0                Fri Aug 14 01:16:59 2026  580.173.02
[0] NVIDIA GeForce RTX 3070 | 67°C,  83 % |  6623 /  8192 MB | root(6226M)

2026-08-14 01:17:12,041   INFO  Train:    3/4 ( 75%) [2623/55563 (  5%)]  Loss: 1.160 (1.12)  LR: 2.009e-04  Time cost: 10:43/3:36:32 [3:08:44/7:23:48]  Acc_iter 113750      Data time: 0.00(0.00)  Forward time: 0.22(0.24)  Batch time: 0.22(0.25)
2026-08-14 01:17:24,433   INFO  Train:    3/4 ( 75%) [2673/55563 (  5%)]  Loss: 1.005 (1.12)  LR: 2.008e-04  Time cost: 10:56/3:36:22 [3:08:56/7:23:41]  Acc_iter 113800      Data time: 0.00(0.00)  Forward time: 0.23(0.24)  Batch time: 0.23(0.25)
2026-08-14 01:17:36,504   INFO  Train:    3/4 ( 75%) [2723/55563 (  5%)]  Loss: 1.129 (1.12)  LR: 2.007e-04  Time cost: 11:08/3:36:06 [3:09:08/7:23:21]  Acc_iter 113850      Data time: 0.00(0.00)  Forward time: 0.24(0.24)  Batch time: 0.24(0.25)
2026-08-14 01:17:36,888   INFO  a1e06a0b30c0                Fri Aug 14 01:17:36 2026  580.173.02
[0] NVIDIA GeForce RTX 3070 | 66°C,  71 % |  6624 /  8192 MB | root(6226M)

2026-08-14 01:17:48,935   INFO  Train:    3/4 ( 75%) [2773/55563 (  5%)]  Loss: 1.579 (1.12)  LR: 2.005e-04  Time cost: 11:20/3:35:57 [3:09:21/7:23:15]  Acc_iter 113900      Data time: 0.00(0.00)  Forward time: 0.28(0.24)  Batch time: 0.28(0.25)
2026-08-14 01:18:00,978   INFO  Train:    3/4 ( 75%) [2823/55563 (  5%)]  Loss: 1.025 (1.12)  LR: 2.004e-04  Time cost: 11:32/3:35:40 [3:09:33/7:22:53]  Acc_iter 113950      Data time: 0.00(0.00)  Forward time: 0.24(0.24)  Batch time: 0.24(0.25)
2026-08-14 01:18:13,236   INFO  Train:    3/4 ( 75%) [2873/55563 (  5%)]  Loss: 1.242 (1.12)  LR: 2.003e-04  Time cost: 11:45/3:35:28 [3:09:45/7:22:41]  Acc_iter 114000      Data time: 0.00(0.00)  Forward time: 0.26(0.24)  Batch time: 0.26(0.25)
2026-08-14 01:18:13,645   INFO  a1e06a0b30c0                Fri Aug 14 01:18:13 2026  580.173.02
[0] NVIDIA GeForce RTX 3070 | 71°C,  76 % |  6624 /  8192 MB | root(6226M)

2026-08-14 01:18:25,326   INFO  Train:    3/4 ( 75%) [2923/55563 (  5%)]  Loss: 0.9023 (1.12)  LR: 2.002e-04  Time cost: 11:57/3:35:12 [3:09:57/7:22:22]  Acc_iter 114050      Data time: 0.00(0.00)  Forward time: 0.24(0.24)  Batch time: 0.25(0.25)
2026-08-14 01:18:37,236   INFO  Train:    3/4 ( 75%) [2973/55563 (  5%)]  Loss: 0.5461 (1.11)  LR: 2.000e-04  Time cost: 12:09/3:34:54 [3:10:09/7:21:57]  Acc_iter 114100      Data time: 0.00(0.00)  Forward time: 0.23(0.24)  Batch time: 0.23(0.25)
2026-08-14 01:18:49,566   INFO  Train:    3/4 ( 75%) [3023/55563 (  5%)]  Loss: 1.406 (1.11)  LR: 1.999e-04  Time cost: 12:21/3:34:43 [3:10:21/7:21:47]  Acc_iter 114150      Data time: 0.00(0.00)  Forward time: 0.26(0.24)  Batch time: 0.26(0.25)
2026-08-14 01:18:49,942   INFO  a1e06a0b30c0                Fri Aug 14 01:18:49 2026  580.173.02
[0] NVIDIA GeForce RTX 3070 | 71°C,  81 % |  6624 /  8192 MB | root(6226M)

2026-08-14 01:19:02,109   INFO  Train:    3/4 ( 75%) [3073/55563 (  6%)]  Loss: 2.597 (1.12)  LR: 1.998e-04  Time cost: 12:34/3:34:35 [3:10:34/7:21:45]  Acc_iter 114200      Data time: 0.00(0.00)  Forward time: 0.25(0.24)  Batch time: 0.26(0.25)
2026-08-14 01:19:14,315   INFO  Train:    3/4 ( 75%) [3123/55563 (  6%)]  Loss: 1.359 (1.11)  LR: 1.997e-04  Time cost: 12:46/3:34:22 [3:10:46/7:21:30]  Acc_iter 114250      Data time: 0.00(0.00)  Forward time: 0.20(0.24)  Batch time: 0.21(0.25)
2026-08-14 01:19:26,052   INFO  Train:    3/4 ( 75%) [3173/55563 (  6%)]  Loss: 1.397 (1.11)  LR: 1.995e-04  Time cost: 12:57/3:34:01 [3:10:58/7:21:00]  Acc_iter 114300      Data time: 0.00(0.00)  Forward time: 0.26(0.24)  Batch time: 0.27(0.25)
2026-08-14 01:19:26,451   INFO  a1e06a0b30c0                Fri Aug 14 01:19:26 2026  580.173.02
[0] NVIDIA GeForce RTX 3070 | 71°C,  95 % |  6624 /  8192 MB | root(6226M)

2026-08-14 01:19:38,794   INFO  Train:    3/4 ( 75%) [3223/55563 (  6%)]  Loss: 1.151 (1.11)  LR: 1.994e-04  Time cost: 13:10/3:33:57 [3:11:10/7:21:04]  Acc_iter 114350      Data time: 0.00(0.00)  Forward time: 0.26(0.24)  Batch time: 0.26(0.25)
2026-08-14 01:19:51,133   INFO  Train:    3/4 ( 75%) [3273/55563 (  6%)]  Loss: 0.6516 (1.11)  LR: 1.993e-04  Time cost: 13:23/3:33:46 [3:11:23/7:20:55]  Acc_iter 114400      Data time: 0.00(0.00)  Forward time: 0.23(0.24)  Batch time: 0.23(0.25)
2026-08-14 01:20:03,552   INFO  Train:    3/4 ( 75%) [3323/55563 (  6%)]  Loss: 0.9848 (1.11)  LR: 1.992e-04  Time cost: 13:35/3:33:36 [3:11:35/7:20:47]  Acc_iter 114450      Data time: 0.00(0.00)  Forward time: 0.25(0.24)  Batch time: 0.25(0.25)
2026-08-14 01:20:03,948   INFO  a1e06a0b30c0                Fri Aug 14 01:20:03 2026  580.173.02
[0] NVIDIA GeForce RTX 3070 | 71°C,  95 % |  6623 /  8192 MB | root(6226M)

2026-08-14 01:20:15,959   INFO  Train:    3/4 ( 75%) [3373/55563 (  6%)]  Loss: 0.6482 (1.11)  LR: 1.990e-04  Time cost: 13:47/3:33:26 [3:11:48/7:20:39]  Acc_iter 114500      Data time: 0.00(0.00)  Forward time: 0.22(0.24)  Batch time: 0.22(0.25)
2026-08-14 01:20:28,052   INFO  Train:    3/4 ( 75%) [3423/55563 (  6%)]  Loss: 1.432 (1.11)  LR: 1.989e-04  Time cost: 13:59/3:33:11 [3:12:00/7:20:22]  Acc_iter 114550      Data time: 0.00(0.00)  Forward time: 0.23(0.24)  Batch time: 0.23(0.25)
2026-08-14 01:20:40,131   INFO  Train:    3/4 ( 75%) [3473/55563 (  6%)]  Loss: 0.9863 (1.11)  LR: 1.988e-04  Time cost: 14:12/3:32:56 [3:12:12/7:20:04]  Acc_iter 114600      Data time: 0.00(0.00)  Forward time: 0.24(0.24)  Batch time: 0.24(0.25)
2026-08-14 01:20:40,517   INFO  a1e06a0b30c0                Fri Aug 14 01:20:40 2026  580.173.02
[0] NVIDIA GeForce RTX 3070 | 71°C,  97 % |  6623 /  8192 MB | root(6226M)

2026-08-14 01:20:52,698   INFO  Train:    3/4 ( 75%) [3523/55563 (  6%)]  Loss: 0.7944 (1.11)  LR: 1.987e-04  Time cost: 14:24/3:32:48 [3:12:24/7:20:01]  Acc_iter 114650      Data time: 0.00(0.00)  Forward time: 0.25(0.24)  Batch time: 0.25(0.25)
2026-08-14 01:21:04,679   INFO  Train:    3/4 ( 75%) [3573/55563 (  6%)]  Loss: 1.712 (1.11)  LR: 1.985e-04  Time cost: 14:36/3:32:31 [3:12:36/7:19:40]  Acc_iter 114700      Data time: 0.00(0.00)  Forward time: 0.21(0.24)  Batch time: 0.21(0.25)
2026-08-14 01:21:16,567   INFO  Train:    3/4 ( 75%) [3623/55563 (  7%)]  Loss: 0.6977 (1.12)  LR: 1.984e-04  Time cost: 14:48/3:32:14 [3:12:48/7:19:16]  Acc_iter 114750      Data time: 0.00(0.00)  Forward time: 0.25(0.24)  Batch time: 0.25(0.25)
2026-08-14 01:21:16,961   INFO  a1e06a0b30c0                Fri Aug 14 01:21:16 2026  580.173.02
[0] NVIDIA GeForce RTX 3070 | 72°C,  91 % |  6623 /  8192 MB | root(6226M)

2026-08-14 01:21:28,342   INFO  Save latest model to /OpenPCDet/output/OpenPCDet/tools/cfgs/models/S/F/S_F_N/default/ckpt/latest_model
2026-08-14 01:21:29,350   INFO  Train:    3/4 ( 75%) [3673/55563 (  7%)]  Loss: 1.409 (1.11)  LR: 1.983e-04  Time cost: 15:01/3:32:09 [3:13:01/7:19:19]  Acc_iter 114800      Data time: 0.00(0.00)  Forward time: 0.23(0.24)  Batch time: 0.23(0.25)
2026-08-14 01:21:41,354   INFO  Train:    3/4 ( 75%) [3723/55563 (  7%)]  Loss: 0.8509 (1.11)  LR: 1.982e-04  Time cost: 15:13/3:31:53 [3:13:13/7:19:00]  Acc_iter 114850      Data time: 0.00(0.00)  Forward time: 0.23(0.24)  Batch time: 0.23(0.25)
2026-08-14 01:21:53,628   INFO  Train:    3/4 ( 75%) [3773/55563 (  7%)]  Loss: 0.9388 (1.12)  LR: 1.980e-04  Time cost: 15:25/3:31:41 [3:13:25/7:18:48]  Acc_iter 114900      Data time: 0.00(0.00)  Forward time: 0.23(0.24)  Batch time: 0.23(0.25)
2026-08-14 01:21:54,018   INFO  a1e06a0b30c0                Fri Aug 14 01:21:54 2026  580.173.02
[0] NVIDIA GeForce RTX 3070 | 72°C,  98 % |  6623 /  8192 MB | root(6226M)

2026-08-14 01:22:06,061   INFO  Train:    3/4 ( 75%) [3823/55563 (  7%)]  Loss: 1.228 (1.12)  LR: 1.979e-04  Time cost: 15:38/3:31:31 [3:13:38/7:18:40]  Acc_iter 114950      Data time: 0.00(0.00)  Forward time: 0.24(0.24)  Batch time: 0.24(0.25)
2026-08-14 01:22:18,353   INFO  Train:    3/4 ( 75%) [3873/55563 (  7%)]  Loss: 0.8450 (1.12)  LR: 1.978e-04  Time cost: 15:50/3:31:19 [3:13:50/7:18:29]  Acc_iter 115000      Data time: 0.00(0.00)  Forward time: 0.26(0.24)  Batch time: 0.26(0.25)
2026-08-14 01:22:30,549   INFO  Train:    3/4 ( 75%) [3923/55563 (  7%)]  Loss: 0.8155 (1.12)  LR: 1.977e-04  Time cost: 16:02/3:31:06 [3:14:02/7:18:14]  Acc_iter 115050      Data time: 0.00(0.00)  Forward time: 0.22(0.24)  Batch time: 0.22(0.25)
2026-08-14 01:22:31,000   INFO  a1e06a0b30c0                Fri Aug 14 01:22:30 2026  580.173.02
[0] NVIDIA GeForce RTX 3070 | 69°C,  99 % |  6624 /  8192 MB | root(6226M)

2026-08-14 01:22:43,316   INFO  Train:    3/4 ( 75%) [3973/55563 (  7%)]  Loss: 1.088 (1.12)  LR: 1.975e-04  Time cost: 16:15/3:31:00 [3:14:15/7:18:16]  Acc_iter 115100      Data time: 0.00(0.00)  Forward time: 0.20(0.24)  Batch time: 0.20(0.25)
2026-08-14 01:22:55,439   INFO  Train:    3/4 ( 75%) [4023/55563 (  7%)]  Loss: 1.459 (1.12)  LR: 1.974e-04  Time cost: 16:27/3:30:46 [3:14:27/7:18:00]  Acc_iter 115150      Data time: 0.00(0.00)  Forward time: 0.28(0.24)  Batch time: 0.28(0.25)
2026-08-14 01:23:07,545   INFO  Train:    3/4 ( 75%) [4073/55563 (  7%)]  Loss: 1.829 (1.12)  LR: 1.973e-04  Time cost: 16:39/3:30:32 [3:14:39/7:17:43]  Acc_iter 115200      Data time: 0.00(0.00)  Forward time: 0.23(0.24)  Batch time: 0.24(0.25)
2026-08-14 01:23:07,947   INFO  a1e06a0b30c0                Fri Aug 14 01:23:07 2026  580.173.02
[0] NVIDIA GeForce RTX 3070 | 69°C,  99 % |  6624 /  8192 MB | root(6226M)

2026-08-14 01:23:20,430   INFO  Train:    3/4 ( 75%) [4123/55563 (  7%)]  Loss: 0.8470 (1.12)  LR: 1.972e-04  Time cost: 16:52/3:30:27 [3:14:52/7:17:47]  Acc_iter 115250      Data time: 0.00(0.00)  Forward time: 0.24(0.24)  Batch time: 0.24(0.25)
2026-08-14 01:23:32,655   INFO  Train:    3/4 ( 75%) [4173/55563 (  8%)]  Loss: 0.6215 (1.12)  LR: 1.970e-04  Time cost: 17:04/3:30:14 [3:15:04/7:17:33]  Acc_iter 115300      Data time: 0.00(0.00)  Forward time: 0.24(0.24)  Batch time: 0.24(0.25)
2026-08-14 01:23:44,609   INFO  Train:    3/4 ( 75%) [4223/55563 (  8%)]  Loss: 0.9088 (1.12)  LR: 1.969e-04  Time cost: 17:16/3:29:58 [3:15:16/7:17:13]  Acc_iter 115350      Data time: 0.00(0.00)  Forward time: 0.22(0.24)  Batch time: 0.22(0.25)
2026-08-14 01:23:44,999   INFO  a1e06a0b30c0                Fri Aug 14 01:23:44 2026  580.173.02
[0] NVIDIA GeForce RTX 3070 | 72°C,  76 % |  6619 /  8192 MB | root(6226M)

2026-08-14 01:23:57,275   INFO  Train:    3/4 ( 75%) [4273/55563 (  8%)]  Loss: 0.8645 (1.12)  LR: 1.968e-04  Time cost: 17:29/3:29:51 [3:15:29/7:17:11]  Acc_iter 115400      Data time: 0.00(0.00)  Forward time: 0.21(0.24)  Batch time: 0.21(0.25)
2026-08-14 01:24:09,389   INFO  Train:    3/4 ( 75%) [4323/55563 (  8%)]  Loss: 1.691 (1.12)  LR: 1.967e-04  Time cost: 17:41/3:29:36 [3:15:41/7:16:54]  Acc_iter 115450      Data time: 0.00(0.00)  Forward time: 0.28(0.24)  Batch time: 0.28(0.25)
2026-08-14 01:24:21,510   INFO  Train:    3/4 ( 75%) [4373/55563 (  8%)]  Loss: 1.529 (1.12)  LR: 1.965e-04  Time cost: 17:53/3:29:22 [3:15:53/7:16:38]  Acc_iter 115500      Data time: 0.00(0.00)  Forward time: 0.24(0.24)  Batch time: 0.25(0.25)
2026-08-14 01:24:22,017   INFO  a1e06a0b30c0                Fri Aug 14 01:24:21 2026  580.173.02
[0] NVIDIA GeForce RTX 3070 | 68°C,  85 % |  6619 /  8192 MB | root(6226M)

2026-08-14 01:24:34,111   INFO  Train:    3/4 ( 75%) [4423/55563 (  8%)]  Loss: 0.9708 (1.11)  LR: 1.964e-04  Time cost: 18:06/3:29:14 [3:16:06/7:16:34]  Acc_iter 115550      Data time: 0.00(0.00)  Forward time: 0.24(0.24)  Batch time: 0.24(0.25)
2026-08-14 01:24:46,229   INFO  Train:    3/4 ( 75%) [4473/55563 (  8%)]  Loss: 0.9003 (1.12)  LR: 1.963e-04  Time cost: 18:18/3:29:00 [3:16:18/7:16:18]  Acc_iter 115600      Data time: 0.00(0.00)  Forward time: 0.23(0.24)  Batch time: 0.23(0.25)
2026-08-14 01:24:58,337   INFO  Train:    3/4 ( 75%) [4523/55563 (  8%)]  Loss: 0.1922 (1.12)  LR: 1.962e-04  Time cost: 18:30/3:28:46 [3:16:30/7:16:02]  Acc_iter 115650      Data time: 0.00(0.00)  Forward time: 0.19(0.24)  Batch time: 0.19(0.25)
2026-08-14 01:24:58,732   INFO  a1e06a0b30c0                Fri Aug 14 01:24:58 2026  580.173.02
[0] NVIDIA GeForce RTX 3070 | 71°C,  95 % |  6619 /  8192 MB | root(6226M)

2026-08-14 01:25:11,024   INFO  Train:    3/4 ( 75%) [4573/55563 (  8%)]  Loss: 1.466 (1.11)  LR: 1.960e-04  Time cost: 18:42/3:28:38 [3:16:43/7:15:59]  Acc_iter 115700      Data time: 0.00(0.00)  Forward time: 0.26(0.24)  Batch time: 0.26(0.25)
2026-08-14 01:25:23,246   INFO  Train:    3/4 ( 75%) [4623/55563 (  8%)]  Loss: 2.364 (1.12)  LR: 1.959e-04  Time cost: 18:55/3:28:25 [3:16:55/7:15:46]  Acc_iter 115750      Data time: 0.00(0.00)  Forward time: 0.23(0.24)  Batch time: 0.23(0.25)
2026-08-14 01:25:35,120   INFO  Train:    3/4 ( 75%) [4673/55563 (  8%)]  Loss: 1.593 (1.12)  LR: 1.958e-04  Time cost: 19:07/3:28:09 [3:17:07/7:15:24]  Acc_iter 115800      Data time: 0.00(0.00)  Forward time: 0.27(0.24)  Batch time: 0.27(0.25)
2026-08-14 01:25:35,501   INFO  a1e06a0b30c0                Fri Aug 14 01:25:35 2026  580.173.02
[0] NVIDIA GeForce RTX 3070 | 72°C,  82 % |  6620 /  8192 MB | root(6226M)

2026-08-14 01:25:47,779   INFO  Train:    3/4 ( 75%) [4723/55563 (  9%)]  Loss: 0.8738 (1.12)  LR: 1.957e-04  Time cost: 19:19/3:28:00 [3:17:19/7:15:21]  Acc_iter 115850      Data time: 0.00(0.00)  Forward time: 0.20(0.24)  Batch time: 0.20(0.25)
2026-08-14 01:25:59,930   INFO  Train:    3/4 ( 75%) [4773/55563 (  9%)]  Loss: 1.151 (1.12)  LR: 1.955e-04  Time cost: 19:31/3:27:47 [3:17:32/7:15:06]  Acc_iter 115900      Data time: 0.00(0.00)  Forward time: 0.25(0.24)  Batch time: 0.25(0.25)
2026-08-14 01:26:12,081   INFO  Train:    3/4 ( 75%) [4823/55563 (  9%)]  Loss: 1.080 (1.12)  LR: 1.954e-04  Time cost: 19:44/3:27:33 [3:17:44/7:14:51]  Acc_iter 115950      Data time: 0.00(0.00)  Forward time: 0.27(0.24)  Batch time: 0.27(0.25)
2026-08-14 01:26:12,488   INFO  a1e06a0b30c0                Fri Aug 14 01:26:12 2026  580.173.02
[0] NVIDIA GeForce RTX 3070 | 67°C,  54 % |  6620 /  8192 MB | root(6226M)

2026-08-14 01:26:24,415   INFO  Train:    3/4 ( 75%) [4873/55563 (  9%)]  Loss: 0.9693 (1.12)  LR: 1.953e-04  Time cost: 19:56/3:27:22 [3:17:56/7:14:40]  Acc_iter 116000      Data time: 0.00(0.00)  Forward time: 0.25(0.24)  Batch time: 0.25(0.25)
2026-08-14 01:26:28,202   INFO  Save latest model to /OpenPCDet/output/OpenPCDet/tools/cfgs/models/S/F/S_F_N/default/ckpt/latest_model
2026-08-14 01:26:36,536   INFO  Train:    3/4 ( 75%) [4923/55563 (  9%)]  Loss: 0.8507 (1.12)  LR: 1.951e-04  Time cost: 20:08/3:27:08 [3:18:08/7:14:24]  Acc_iter 116050      Data time: 0.00(0.00)  Forward time: 0.20(0.24)  Batch time: 0.20(0.25)
2026-08-14 01:26:48,785   INFO  Train:    3/4 ( 75%) [4973/55563 (  9%)]  Loss: 0.9171 (1.12)  LR: 1.950e-04  Time cost: 20:20/3:26:55 [3:18:20/7:14:12]  Acc_iter 116100      Data time: 0.00(0.00)  Forward time: 0.27(0.24)  Batch time: 0.27(0.25)
2026-08-14 01:26:49,229   INFO  a1e06a0b30c0                Fri Aug 14 01:26:49 2026  580.173.02
[0] NVIDIA GeForce RTX 3070 | 71°C,  70 % |  6619 /  8192 MB | root(6226M)

2026-08-14 01:27:01,413   INFO  Train:    3/4 ( 75%) [5023/55563 (  9%)]  Loss: 0.9496 (1.12)  LR: 1.949e-04  Time cost: 20:33/3:26:47 [3:18:33/7:14:07]  Acc_iter 116150      Data time: 0.00(0.00)  Forward time: 0.27(0.24)  Batch time: 0.27(0.25)
2026-08-14 01:27:13,526   INFO  Train:    3/4 ( 75%) [5073/55563 (  9%)]  Loss: 0.5962 (1.12)  LR: 1.948e-04  Time cost: 20:45/3:26:33 [3:18:45/7:13:51]  Acc_iter 116200      Data time: 0.00(0.00)  Forward time: 0.24(0.24)  Batch time: 0.24(0.25)
2026-08-14 01:27:25,702   INFO  Train:    3/4 ( 75%) [5123/55563 (  9%)]  Loss: 0.7195 (1.12)  LR: 1.946e-04  Time cost: 20:57/3:26:20 [3:18:57/7:13:37]  Acc_iter 116250      Data time: 0.00(0.00)  Forward time: 0.20(0.24)  Batch time: 0.20(0.25)
2026-08-14 01:27:26,097   INFO  a1e06a0b30c0                Fri Aug 14 01:27:26 2026  580.173.02
[0] NVIDIA GeForce RTX 3070 | 70°C,  82 % |  6619 /  8192 MB | root(6226M)

2026-08-14 01:27:38,369   INFO  Train:    3/4 ( 75%) [5173/55563 (  9%)]  Loss: 0.7920 (1.12)  LR: 1.945e-04  Time cost: 21:10/3:26:11 [3:19:10/7:13:33]  Acc_iter 116300      Data time: 0.00(0.00)  Forward time: 0.20(0.24)  Batch time: 0.20(0.25)
2026-08-14 01:27:50,693   INFO  Train:    3/4 ( 75%) [5223/55563 (  9%)]  Loss: 1.593 (1.12)  LR: 1.944e-04  Time cost: 21:22/3:25:59 [3:19:22/7:13:22]  Acc_iter 116350      Data time: 0.00(0.00)  Forward time: 0.28(0.24)  Batch time: 0.28(0.25)
2026-08-14 01:28:03,011   INFO  Train:    3/4 ( 75%) [5273/55563 (  9%)]  Loss: 0.6884 (1.12)  LR: 1.943e-04  Time cost: 21:34/3:25:47 [3:19:35/7:13:10]  Acc_iter 116400      Data time: 0.00(0.00)  Forward time: 0.25(0.24)  Batch time: 0.25(0.25)
2026-08-14 01:28:03,409   INFO  a1e06a0b30c0                Fri Aug 14 01:28:03 2026  580.173.02
[0] NVIDIA GeForce RTX 3070 | 67°C,  22 % |  6619 /  8192 MB | root(6226M)

2026-08-14 01:28:15,629   INFO  Train:    3/4 ( 75%) [5323/55563 ( 10%)]  Loss: 1.110 (1.12)  LR: 1.941e-04  Time cost: 21:47/3:25:38 [3:19:47/7:13:05]  Acc_iter 116450      Data time: 0.00(0.00)  Forward time: 0.27(0.24)  Batch time: 0.27(0.25)
2026-08-14 01:28:27,653   INFO  Train:    3/4 ( 75%) [5373/55563 ( 10%)]  Loss: 1.227 (1.12)  LR: 1.940e-04  Time cost: 21:59/3:25:24 [3:19:59/7:12:47]  Acc_iter 116500      Data time: 0.00(0.00)  Forward time: 0.22(0.24)  Batch time: 0.22(0.25)
2026-08-14 01:28:39,795   INFO  Train:    3/4 ( 75%) [5423/55563 ( 10%)]  Loss: 0.8414 (1.12)  LR: 1.939e-04  Time cost: 22:11/3:25:10 [3:20:11/7:12:32]  Acc_iter 116550      Data time: 0.00(0.00)  Forward time: 0.26(0.24)  Batch time: 0.26(0.25)
2026-08-14 01:28:40,228   INFO  a1e06a0b30c0                Fri Aug 14 01:28:40 2026  580.173.02
[0] NVIDIA GeForce RTX 3070 | 70°C,  75 % |  6620 /  8192 MB | root(6226M)

2026-08-14 01:28:52,649   INFO  Train:    3/4 ( 75%) [5473/55563 ( 10%)]  Loss: 0.7123 (1.12)  LR: 1.938e-04  Time cost: 22:24/3:25:03 [3:20:24/7:12:31]  Acc_iter 116600      Data time: 0.00(0.00)  Forward time: 0.23(0.24)  Batch time: 0.23(0.25)
2026-08-14 01:29:04,665   INFO  Train:    3/4 ( 75%) [5523/55563 ( 10%)]  Loss: 1.221 (1.12)  LR: 1.936e-04  Time cost: 22:36/3:24:48 [3:20:36/7:12:14]  Acc_iter 116650      Data time: 0.00(0.00)  Forward time: 0.25(0.24)  Batch time: 0.25(0.25)
2026-08-14 01:29:16,430   INFO  Train:    3/4 ( 75%) [5573/55563 ( 10%)]  Loss: 0.9693 (1.12)  LR: 1.935e-04  Time cost: 22:48/3:24:32 [3:20:48/7:11:52]  Acc_iter 116700      Data time: 0.00(0.00)  Forward time: 0.24(0.24)  Batch time: 0.24(0.25)
2026-08-14 01:29:16,837   INFO  a1e06a0b30c0                Fri Aug 14 01:29:16 2026  580.173.02
[0] NVIDIA GeForce RTX 3070 | 65°C, 100 % |  6620 /  8192 MB | root(6226M)

2026-08-14 01:29:28,873   INFO  Train:    3/4 ( 75%) [5623/55563 ( 10%)]  Loss: 1.078 (1.12)  LR: 1.934e-04  Time cost: 23:00/3:24:21 [3:21:00/7:11:43]  Acc_iter 116750      Data time: 0.00(0.00)  Forward time: 0.26(0.24)  Batch time: 0.26(0.25)
2026-08-14 01:29:41,210   INFO  Train:    3/4 ( 75%) [5673/55563 ( 10%)]  Loss: 0.3041 (1.12)  LR: 1.932e-04  Time cost: 23:13/3:24:09 [3:21:13/7:11:32]  Acc_iter 116800      Data time: 0.00(0.00)  Forward time: 0.24(0.24)  Batch time: 0.24(0.25)
2026-08-14 01:29:53,322   INFO  Train:    3/4 ( 75%) [5723/55563 ( 10%)]  Loss: 0.9637 (1.12)  LR: 1.931e-04  Time cost: 23:25/3:23:55 [3:21:25/7:11:16]  Acc_iter 116850      Data time: 0.00(0.00)  Forward time: 0.22(0.24)  Batch time: 0.22(0.25)
2026-08-14 01:29:53,713   INFO  a1e06a0b30c0                Fri Aug 14 01:29:53 2026  580.173.02
[0] NVIDIA GeForce RTX 3070 | 72°C,  71 % |  6619 /  8192 MB | root(6226M)

2026-08-14 01:30:05,779   INFO  Train:    3/4 ( 75%) [5773/55563 ( 10%)]  Loss: 1.219 (1.12)  LR: 1.930e-04  Time cost: 23:37/3:23:45 [3:21:37/7:11:07]  Acc_iter 116900      Data time: 0.00(0.00)  Forward time: 0.21(0.24)  Batch time: 0.21(0.25)
2026-08-14 01:30:17,715   INFO  Train:    3/4 ( 75%) [5823/55563 ( 10%)]  Loss: 0.7643 (1.12)  LR: 1.929e-04  Time cost: 23:49/3:23:29 [3:21:49/7:10:49]  Acc_iter 116950      Data time: 0.00(0.00)  Forward time: 0.20(0.24)  Batch time: 0.20(0.25)
2026-08-14 01:30:29,945   INFO  Train:    3/4 ( 75%) [5873/55563 ( 11%)]  Loss: 0.7160 (1.12)  LR: 1.927e-04  Time cost: 24:01/3:23:17 [3:22:02/7:10:36]  Acc_iter 117000      Data time: 0.00(0.00)  Forward time: 0.22(0.24)  Batch time: 0.22(0.25)
2026-08-14 01:30:30,403   INFO  a1e06a0b30c0                Fri Aug 14 01:30:30 2026  580.173.02
[0] NVIDIA GeForce RTX 3070 | 64°C,   0 % |  6619 /  8192 MB | root(6226M)

2026-08-14 01:30:42,701   INFO  Train:    3/4 ( 75%) [5923/55563 ( 11%)]  Loss: 1.017 (1.12)  LR: 1.926e-04  Time cost: 24:14/3:23:09 [3:22:14/7:10:32]  Acc_iter 117050      Data time: 0.00(0.00)  Forward time: 0.25(0.24)  Batch time: 0.25(0.25)
2026-08-14 01:30:54,712   INFO  Train:    3/4 ( 75%) [5973/55563 ( 11%)]  Loss: 1.022 (1.12)  LR: 1.925e-04  Time cost: 24:26/3:22:54 [3:22:26/7:10:15]  Acc_iter 117100      Data time: 0.00(0.00)  Forward time: 0.27(0.24)  Batch time: 0.27(0.25)
2026-08-14 01:31:06,633   INFO  Train:    3/4 ( 75%) [6023/55563 ( 11%)]  Loss: 1.018 (1.12)  LR: 1.924e-04  Time cost: 24:38/3:22:39 [3:22:38/7:09:57]  Acc_iter 117150      Data time: 0.00(0.00)  Forward time: 0.25(0.24)  Batch time: 0.25(0.25)
2026-08-14 01:31:07,028   INFO  a1e06a0b30c0                Fri Aug 14 01:31:07 2026  580.173.02
[0] NVIDIA GeForce RTX 3070 | 72°C,  99 % |  6619 /  8192 MB | root(6226M)

2026-08-14 01:31:19,373   INFO  Train:    3/4 ( 75%) [6073/55563 ( 11%)]  Loss: 1.236 (1.12)  LR: 1.922e-04  Time cost: 24:51/3:22:30 [3:22:51/7:09:53]  Acc_iter 117200      Data time: 0.00(0.00)  Forward time: 0.29(0.24)  Batch time: 0.30(0.25)
2026-08-14 01:31:28,182   INFO  Save latest model to /OpenPCDet/output/OpenPCDet/tools/cfgs/models/S/F/S_F_N/default/ckpt/latest_model
2026-08-14 01:31:31,625   INFO  Train:    3/4 ( 75%) [6123/55563 ( 11%)]  Loss: 0.8664 (1.12)  LR: 1.921e-04  Time cost: 25:03/3:22:18 [3:23:03/7:09:40]  Acc_iter 117250      Data time: 0.00(0.00)  Forward time: 0.23(0.24)  Batch time: 0.23(0.25)
2026-08-14 01:31:43,646   INFO  Train:    3/4 ( 75%) [6173/55563 ( 11%)]  Loss: 1.029 (1.12)  LR: 1.920e-04  Time cost: 25:15/3:22:04 [3:23:15/7:09:23]  Acc_iter 117300      Data time: 0.00(0.00)  Forward time: 0.21(0.24)  Batch time: 0.21(0.25)
2026-08-14 01:31:44,043   INFO  a1e06a0b30c0                Fri Aug 14 01:31:44 2026  580.173.02
[0] NVIDIA GeForce RTX 3070 | 71°C,  93 % |  6619 /  8192 MB | root(6226M)

2026-08-14 01:31:56,214   INFO  Train:    3/4 ( 75%) [6223/55563 ( 11%)]  Loss: 1.079 (1.12)  LR: 1.918e-04  Time cost: 25:28/3:21:54 [3:23:28/7:09:16]  Acc_iter 117350      Data time: 0.00(0.00)  Forward time: 0.24(0.24)  Batch time: 0.24(0.25)
2026-08-14 01:32:08,224   INFO  Train:    3/4 ( 75%) [6273/55563 ( 11%)]  Loss: 1.846 (1.12)  LR: 1.917e-04  Time cost: 25:40/3:21:39 [3:23:40/7:08:59]  Acc_iter 117400      Data time: 0.00(0.00)  Forward time: 0.24(0.24)  Batch time: 0.24(0.25)
2026-08-14 01:32:20,225   INFO  Train:    3/4 ( 75%) [6323/55563 ( 11%)]  Loss: 1.015 (1.12)  LR: 1.916e-04  Time cost: 25:52/3:21:25 [3:23:52/7:08:42]  Acc_iter 117450      Data time: 0.00(0.00)  Forward time: 0.25(0.24)  Batch time: 0.25(0.25)
2026-08-14 01:32:20,672   INFO  a1e06a0b30c0                Fri Aug 14 01:32:20 2026  580.173.02
[0] NVIDIA GeForce RTX 3070 | 70°C,  89 % |  6620 /  8192 MB | root(6226M)

2026-08-14 01:32:33,061   INFO  Train:    3/4 ( 75%) [6373/55563 ( 11%)]  Loss: 1.440 (1.12)  LR: 1.915e-04  Time cost: 26:05/3:21:17 [3:24:05/7:08:39]  Acc_iter 117500      Data time: 0.00(0.00)  Forward time: 0.25(0.24)  Batch time: 0.25(0.25)
2026-08-14 01:32:45,120   INFO  Train:    3/4 ( 75%) [6423/55563 ( 12%)]  Loss: 0.9403 (1.12)  LR: 1.913e-04  Time cost: 26:17/3:21:03 [3:24:17/7:08:24]  Acc_iter 117550      Data time: 0.00(0.00)  Forward time: 0.23(0.24)  Batch time: 0.23(0.25)
2026-08-14 01:32:57,230   INFO  Train:    3/4 ( 75%) [6473/55563 ( 12%)]  Loss: 1.081 (1.12)  LR: 1.912e-04  Time cost: 26:29/3:20:50 [3:24:29/7:08:09]  Acc_iter 117600      Data time: 0.00(0.00)  Forward time: 0.25(0.24)  Batch time: 0.25(0.25)
2026-08-14 01:32:57,633   INFO  a1e06a0b30c0                Fri Aug 14 01:32:57 2026  580.173.02
[0] NVIDIA GeForce RTX 3070 | 70°C,  70 % |  6620 /  8192 MB | root(6226M)

2026-08-14 01:33:10,005   INFO  Train:    3/4 ( 75%) [6523/55563 ( 12%)]  Loss: 1.004 (1.12)  LR: 1.911e-04  Time cost: 26:41/3:20:41 [3:24:42/7:08:04]  Acc_iter 117650      Data time: 0.00(0.00)  Forward time: 0.23(0.24)  Batch time: 0.23(0.25)
2026-08-14 01:33:22,189   INFO  Train:    3/4 ( 75%) [6573/55563 ( 12%)]  Loss: 2.005 (1.12)  LR: 1.910e-04  Time cost: 26:54/3:20:28 [3:24:54/7:07:51]  Acc_iter 117700      Data time: 0.00(0.00)  Forward time: 0.26(0.24)  Batch time: 0.27(0.25)
2026-08-14 01:33:34,036   INFO  Train:    3/4 ( 75%) [6623/55563 ( 12%)]  Loss: 1.459 (1.12)  LR: 1.908e-04  Time cost: 27:05/3:20:13 [3:25:06/7:07:32]  Acc_iter 117750      Data time: 0.00(0.00)  Forward time: 0.23(0.24)  Batch time: 0.23(0.25)
2026-08-14 01:33:34,428   INFO  a1e06a0b30c0                Fri Aug 14 01:33:34 2026  580.173.02
[0] NVIDIA GeForce RTX 3070 | 68°C,  51 % |  6623 /  8192 MB | root(6226M)

2026-08-14 01:33:46,800   INFO  Train:    3/4 ( 75%) [6673/55563 ( 12%)]  Loss: 0.6423 (1.12)  LR: 1.907e-04  Time cost: 27:18/3:20:04 [3:25:18/7:07:27]  Acc_iter 117800      Data time: 0.00(0.00)  Forward time: 0.25(0.24)  Batch time: 0.25(0.25)
2026-08-14 01:33:58,709   INFO  Train:    3/4 ( 75%) [6723/55563 ( 12%)]  Loss: 1.204 (1.12)  LR: 1.906e-04  Time cost: 27:30/3:19:49 [3:25:30/7:07:09]  Acc_iter 117850      Data time: 0.00(0.00)  Forward time: 0.25(0.24)  Batch time: 0.25(0.25)
2026-08-14 01:34:11,096   INFO  Train:    3/4 ( 75%) [6773/55563 ( 12%)]  Loss: 1.946 (1.12)  LR: 1.904e-04  Time cost: 27:43/3:19:38 [3:25:43/7:06:58]  Acc_iter 117900      Data time: 0.00(0.00)  Forward time: 0.29(0.24)  Batch time: 0.29(0.25)
2026-08-14 01:34:11,572   INFO  a1e06a0b30c0                Fri Aug 14 01:34:11 2026  580.173.02
[0] NVIDIA GeForce RTX 3070 | 72°C,  21 % |  6623 /  8192 MB | root(6226M)

2026-08-14 01:34:23,563   INFO  Train:    3/4 ( 75%) [6823/55563 ( 12%)]  Loss: 1.079 (1.12)  LR: 1.903e-04  Time cost: 27:55/3:19:27 [3:25:55/7:06:49]  Acc_iter 117950      Data time: 0.00(0.00)  Forward time: 0.28(0.24)  Batch time: 0.28(0.25)
2026-08-14 01:34:35,268   INFO  Train:    3/4 ( 75%) [6873/55563 ( 12%)]  Loss: 1.091 (1.12)  LR: 1.902e-04  Time cost: 28:07/3:19:10 [3:26:07/7:06:28]  Acc_iter 118000      Data time: 0.00(0.00)  Forward time: 0.24(0.24)  Batch time: 0.24(0.25)
2026-08-14 01:34:47,431   INFO  Train:    3/4 ( 75%) [6923/55563 ( 12%)]  Loss: 1.091 (1.12)  LR: 1.901e-04  Time cost: 28:19/3:18:57 [3:26:19/7:06:14]  Acc_iter 118050      Data time: 0.00(0.00)  Forward time: 0.27(0.24)  Batch time: 0.27(0.25)
2026-08-14 01:34:47,820   INFO  a1e06a0b30c0                Fri Aug 14 01:34:47 2026  580.173.02
[0] NVIDIA GeForce RTX 3070 | 64°C,  99 % |  6623 /  8192 MB | root(6226M)

2026-08-14 01:35:00,108   INFO  Train:    3/4 ( 75%) [6973/55563 ( 13%)]  Loss: 1.323 (1.12)  LR: 1.899e-04  Time cost: 28:32/3:18:48 [3:26:32/7:06:08]  Acc_iter 118100      Data time: 0.00(0.00)  Forward time: 0.27(0.24)  Batch time: 0.27(0.25)
2026-08-14 01:35:12,258   INFO  Train:    3/4 ( 75%) [7023/55563 ( 13%)]  Loss: 0.5712 (1.12)  LR: 1.898e-04  Time cost: 28:44/3:18:35 [3:26:44/7:05:54]  Acc_iter 118150      Data time: 0.00(0.00)  Forward time: 0.26(0.24)  Batch time: 0.26(0.25)
2026-08-14 01:35:24,356   INFO  Train:    3/4 ( 75%) [7073/55563 ( 13%)]  Loss: 1.838 (1.12)  LR: 1.897e-04  Time cost: 28:56/3:18:21 [3:26:56/7:05:39]  Acc_iter 118200      Data time: 0.00(0.00)  Forward time: 0.23(0.24)  Batch time: 0.23(0.25)
2026-08-14 01:35:24,814   INFO  a1e06a0b30c0                Fri Aug 14 01:35:24 2026  580.173.02
[0] NVIDIA GeForce RTX 3070 | 70°C,  78 % |  6623 /  8192 MB | root(6226M)

2026-08-14 01:35:36,893   INFO  Train:    3/4 ( 75%) [7123/55563 ( 13%)]  Loss: 1.290 (1.12)  LR: 1.896e-04  Time cost: 29:08/3:18:11 [3:27:09/7:05:31]  Acc_iter 118250      Data time: 0.00(0.00)  Forward time: 0.26(0.24)  Batch time: 0.26(0.25)
2026-08-14 01:35:48,982   INFO  Train:    3/4 ( 75%) [7173/55563 ( 13%)]  Loss: 1.244 (1.12)  LR: 1.894e-04  Time cost: 29:20/3:17:57 [3:27:21/7:05:16]  Acc_iter 118300      Data time: 0.00(0.00)  Forward time: 0.25(0.24)  Batch time: 0.25(0.25)
2026-08-14 01:36:01,551   INFO  Train:    3/4 ( 75%) [7223/55563 ( 13%)]  Loss: 1.226 (1.12)  LR: 1.893e-04  Time cost: 29:33/3:17:47 [3:27:33/7:05:08]  Acc_iter 118350      Data time: 0.00(0.00)  Forward time: 0.26(0.24)  Batch time: 0.27(0.25)
2026-08-14 01:36:01,945   INFO  a1e06a0b30c0                Fri Aug 14 01:36:01 2026  580.173.02
[0] NVIDIA GeForce RTX 3070 | 66°C,  83 % |  6624 /  8192 MB | root(6226M)

2026-08-14 01:36:14,085   INFO  Train:    3/4 ( 75%) [7273/55563 ( 13%)]  Loss: 1.355 (1.12)  LR: 1.892e-04  Time cost: 29:46/3:17:36 [3:27:46/7:04:59]  Acc_iter 118400      Data time: 0.00(0.00)  Forward time: 0.22(0.24)  Batch time: 0.23(0.25)
2026-08-14 01:36:26,254   INFO  Train:    3/4 ( 75%) [7323/55563 ( 13%)]  Loss: 4.536 (1.12)  LR: 1.890e-04  Time cost: 29:58/3:17:23 [3:27:58/7:04:45]  Acc_iter 118450      Data time: 0.00(0.00)  Forward time: 0.22(0.24)  Batch time: 0.22(0.25)
2026-08-14 01:36:28,317   INFO  Save latest model to /OpenPCDet/output/OpenPCDet/tools/cfgs/models/S/F/S_F_N/default/ckpt/latest_model
2026-08-14 01:36:38,557   INFO  Train:    3/4 ( 75%) [7373/55563 ( 13%)]  Loss: 0.7185 (1.12)  LR: 1.889e-04  Time cost: 30:10/3:17:11 [3:28:10/7:04:33]  Acc_iter 118500      Data time: 0.00(0.00)  Forward time: 0.27(0.24)  Batch time: 0.27(0.25)
2026-08-14 01:36:39,011   INFO  a1e06a0b30c0                Fri Aug 14 01:36:38 2026  580.173.02
[0] NVIDIA GeForce RTX 3070 | 66°C,  68 % |  6624 /  8192 MB | root(6226M)

2026-08-14 01:36:51,534   INFO  Train:    3/4 ( 75%) [7423/55563 ( 13%)]  Loss: 0.7886 (1.12)  LR: 1.888e-04  Time cost: 30:23/3:17:04 [3:28:23/7:04:31]  Acc_iter 118550      Data time: 0.00(0.00)  Forward time: 0.25(0.24)  Batch time: 0.26(0.25)
2026-08-14 01:37:03,824   INFO  Train:    3/4 ( 75%) [7473/55563 ( 13%)]  Loss: 2.205 (1.12)  LR: 1.887e-04  Time cost: 30:35/3:16:51 [3:28:35/7:04:19]  Acc_iter 118600      Data time: 0.00(0.00)  Forward time: 0.24(0.24)  Batch time: 0.24(0.25)
2026-08-14 01:37:15,979   INFO  Train:    3/4 ( 75%) [7523/55563 ( 14%)]  Loss: 1.634 (1.12)  LR: 1.885e-04  Time cost: 30:47/3:16:38 [3:28:48/7:04:05]  Acc_iter 118650      Data time: 0.00(0.00)  Forward time: 0.25(0.24)  Batch time: 0.25(0.25)
2026-08-14 01:37:16,366   INFO  a1e06a0b30c0                Fri Aug 14 01:37:16 2026  580.173.02
[0] NVIDIA GeForce RTX 3070 | 65°C,   1 % |  6623 /  8192 MB | root(6226M)

2026-08-14 01:37:28,588   INFO  Train:    3/4 ( 75%) [7573/55563 ( 14%)]  Loss: 0.8120 (1.12)  LR: 1.884e-04  Time cost: 31:00/3:16:28 [3:29:00/7:03:57]  Acc_iter 118700      Data time: 0.00(0.00)  Forward time: 0.25(0.24)  Batch time: 0.25(0.25)
2026-08-14 01:37:40,826   INFO  Train:    3/4 ( 75%) [7623/55563 ( 14%)]  Loss: 0.5838 (1.12)  LR: 1.883e-04  Time cost: 31:12/3:16:16 [3:29:12/7:03:44]  Acc_iter 118750      Data time: 0.00(0.00)  Forward time: 0.22(0.24)  Batch time: 0.22(0.25)
2026-08-14 01:37:53,058   INFO  Train:    3/4 ( 75%) [7673/55563 ( 14%)]  Loss: 1.419 (1.12)  LR: 1.881e-04  Time cost: 31:24/3:16:03 [3:29:25/7:03:31]  Acc_iter 118800      Data time: 0.00(0.00)  Forward time: 0.24(0.24)  Batch time: 0.24(0.25)
2026-08-14 01:37:53,436   INFO  a1e06a0b30c0                Fri Aug 14 01:37:53 2026  580.173.02
[0] NVIDIA GeForce RTX 3070 | 68°C,  55 % |  6623 /  8192 MB | root(6226M)

2026-08-14 01:38:05,646   INFO  Train:    3/4 ( 75%) [7723/55563 ( 14%)]  Loss: 1.026 (1.12)  LR: 1.880e-04  Time cost: 31:37/3:15:53 [3:29:37/7:03:23]  Acc_iter 118850      Data time: 0.00(0.00)  Forward time: 0.27(0.24)  Batch time: 0.27(0.25)
2026-08-14 01:38:17,684   INFO  Train:    3/4 ( 75%) [7773/55563 ( 14%)]  Loss: 1.039 (1.12)  LR: 1.879e-04  Time cost: 31:49/3:15:39 [3:29:49/7:03:07]  Acc_iter 118900      Data time: 0.00(0.00)  Forward time: 0.21(0.24)  Batch time: 0.21(0.25)
2026-08-14 01:38:30,175   INFO  Train:    3/4 ( 75%) [7823/55563 ( 14%)]  Loss: 0.8319 (1.12)  LR: 1.878e-04  Time cost: 32:02/3:15:28 [3:30:02/7:02:58]  Acc_iter 118950      Data time: 0.00(0.00)  Forward time: 0.24(0.24)  Batch time: 0.25(0.25)
2026-08-14 01:38:30,622   INFO  a1e06a0b30c0                Fri Aug 14 01:38:30 2026  580.173.02
[0] NVIDIA GeForce RTX 3070 | 71°C,  80 % |  6622 /  8192 MB | root(6226M)

2026-08-14 01:38:42,751   INFO  Train:    3/4 ( 75%) [7873/55563 ( 14%)]  Loss: 0.7614 (1.12)  LR: 1.876e-04  Time cost: 32:14/3:15:17 [3:30:14/7:02:49]  Acc_iter 119000      Data time: 0.00(0.00)  Forward time: 0.23(0.24)  Batch time: 0.23(0.25)
2026-08-14 01:38:54,513   INFO  Train:    3/4 ( 75%) [7923/55563 ( 14%)]  Loss: 0.5655 (1.12)  LR: 1.875e-04  Time cost: 32:26/3:15:02 [3:30:26/7:02:30]  Acc_iter 119050      Data time: 0.00(0.00)  Forward time: 0.25(0.24)  Batch time: 0.25(0.25)
2026-08-14 01:39:06,499   INFO  Train:    3/4 ( 75%) [7973/55563 ( 14%)]  Loss: 0.8523 (1.12)  LR: 1.874e-04  Time cost: 32:38/3:14:48 [3:30:38/7:02:14]  Acc_iter 119100      Data time: 0.00(0.00)  Forward time: 0.23(0.24)  Batch time: 0.23(0.25)
2026-08-14 01:39:06,937   INFO  a1e06a0b30c0                Fri Aug 14 01:39:06 2026  580.173.02
[0] NVIDIA GeForce RTX 3070 | 64°C,  88 % |  6624 /  8192 MB | root(6226M)

2026-08-14 01:39:19,171   INFO  Train:    3/4 ( 75%) [8023/55563 ( 14%)]  Loss: 1.924 (1.12)  LR: 1.872e-04  Time cost: 32:51/3:14:38 [3:30:51/7:02:07]  Acc_iter 119150      Data time: 0.00(0.00)  Forward time: 0.25(0.24)  Batch time: 0.25(0.25)
2026-08-14 01:39:31,375   INFO  Train:    3/4 ( 75%) [8073/55563 ( 15%)]  Loss: 1.311 (1.12)  LR: 1.871e-04  Time cost: 33:03/3:14:25 [3:31:03/7:01:54]  Acc_iter 119200      Data time: 0.00(0.00)  Forward time: 0.26(0.24)  Batch time: 0.26(0.25)
2026-08-14 01:39:43,250   INFO  Train:    3/4 ( 75%) [8123/55563 ( 15%)]  Loss: 0.7478 (1.12)  LR: 1.870e-04  Time cost: 33:15/3:14:10 [3:31:15/7:01:36]  Acc_iter 119250      Data time: 0.00(0.00)  Forward time: 0.24(0.24)  Batch time: 0.24(0.25)
2026-08-14 01:39:43,639   INFO  a1e06a0b30c0                Fri Aug 14 01:39:43 2026  580.173.02
[0] NVIDIA GeForce RTX 3070 | 71°C,  95 % |  6624 /  8192 MB | root(6226M)

2026-08-14 01:39:55,520   INFO  Train:    3/4 ( 75%) [8173/55563 ( 15%)]  Loss: 0.5723 (1.12)  LR: 1.869e-04  Time cost: 33:27/3:13:58 [3:31:27/7:01:24]  Acc_iter 119300      Data time: 0.00(0.00)  Forward time: 0.22(0.24)  Batch time: 0.22(0.25)
2026-08-14 01:40:07,635   INFO  Train:    3/4 ( 75%) [8223/55563 ( 15%)]  Loss: 0.7510 (1.12)  LR: 1.867e-04  Time cost: 33:39/3:13:45 [3:31:39/7:01:09]  Acc_iter 119350      Data time: 0.00(0.00)  Forward time: 0.27(0.24)  Batch time: 0.27(0.25)
2026-08-14 01:40:19,759   INFO  Train:    3/4 ( 75%) [8273/55563 ( 15%)]  Loss: 0.9456 (1.12)  LR: 1.866e-04  Time cost: 33:51/3:13:32 [3:31:51/7:00:55]  Acc_iter 119400      Data time: 0.00(0.00)  Forward time: 0.23(0.24)  Batch time: 0.23(0.25)
2026-08-14 01:40:20,206   INFO  a1e06a0b30c0                Fri Aug 14 01:40:20 2026  580.173.02
[0] NVIDIA GeForce RTX 3070 | 70°C,  66 % |  6623 /  8192 MB | root(6226M)

2026-08-14 01:40:32,500   INFO  Train:    3/4 ( 75%) [8323/55563 ( 15%)]  Loss: 0.7868 (1.12)  LR: 1.865e-04  Time cost: 34:04/3:13:22 [3:32:04/7:00:49]  Acc_iter 119450      Data time: 0.00(0.00)  Forward time: 0.24(0.24)  Batch time: 0.24(0.25)
2026-08-14 01:40:44,403   INFO  Train:    3/4 ( 75%) [8373/55563 ( 15%)]  Loss: 0.6660 (1.12)  LR: 1.863e-04  Time cost: 34:16/3:13:08 [3:32:16/7:00:32]  Acc_iter 119500      Data time: 0.00(0.00)  Forward time: 0.21(0.24)  Batch time: 0.21(0.25)
2026-08-14 01:40:56,432   INFO  Train:    3/4 ( 75%) [8423/55563 ( 15%)]  Loss: 0.9085 (1.12)  LR: 1.862e-04  Time cost: 34:28/3:12:54 [3:32:28/7:00:16]  Acc_iter 119550      Data time: 0.00(0.00)  Forward time: 0.24(0.24)  Batch time: 0.24(0.25)
2026-08-14 01:40:56,827   INFO  a1e06a0b30c0                Fri Aug 14 01:40:56 2026  580.173.02
[0] NVIDIA GeForce RTX 3070 | 64°C,  96 % |  6623 /  8192 MB | root(6226M)

2026-08-14 01:41:09,255   INFO  Train:    3/4 ( 75%) [8473/55563 ( 15%)]  Loss: 1.521 (1.12)  LR: 1.861e-04  Time cost: 34:41/3:12:45 [3:32:41/7:00:11]  Acc_iter 119600      Data time: 0.00(0.00)  Forward time: 0.25(0.24)  Batch time: 0.25(0.25)
2026-08-14 01:41:21,865   INFO  Train:    3/4 ( 75%) [8523/55563 ( 15%)]  Loss: 1.565 (1.12)  LR: 1.860e-04  Time cost: 34:53/3:12:34 [3:32:53/7:00:03]  Acc_iter 119650      Data time: 0.00(0.00)  Forward time: 0.24(0.24)  Batch time: 0.24(0.25)
2026-08-14 01:41:28,386   INFO  Save latest model to /OpenPCDet/output/OpenPCDet/tools/cfgs/models/S/F/S_F_N/default/ckpt/latest_model
2026-08-14 01:41:33,955   INFO  Train:    3/4 ( 75%) [8573/55563 ( 15%)]  Loss: 1.547 (1.12)  LR: 1.858e-04  Time cost: 35:05/3:12:21 [3:33:06/6:59:48]  Acc_iter 119700      Data time: 0.00(0.00)  Forward time: 0.25(0.24)  Batch time: 0.26(0.25)
2026-08-14 01:41:34,357   INFO  a1e06a0b30c0                Fri Aug 14 01:41:34 2026  580.173.02
[0] NVIDIA GeForce RTX 3070 | 65°C,   0 % |  6623 /  8192 MB | root(6226M)

2026-08-14 01:41:46,419   INFO  Train:    3/4 ( 75%) [8623/55563 ( 16%)]  Loss: 1.295 (1.12)  LR: 1.857e-04  Time cost: 35:18/3:12:10 [3:33:18/6:59:38]  Acc_iter 119750      Data time: 0.00(0.00)  Forward time: 0.27(0.24)  Batch time: 0.27(0.25)
2026-08-14 01:41:58,560   INFO  Train:    3/4 ( 75%) [8673/55563 ( 16%)]  Loss: 0.7115 (1.12)  LR: 1.856e-04  Time cost: 35:30/3:11:57 [3:33:30/6:59:24]  Acc_iter 119800      Data time: 0.00(0.00)  Forward time: 0.23(0.24)  Batch time: 0.23(0.25)
2026-08-14 01:42:10,768   INFO  Train:    3/4 ( 75%) [8723/55563 ( 16%)]  Loss: 1.137 (1.12)  LR: 1.854e-04  Time cost: 35:42/3:11:44 [3:33:42/6:59:11]  Acc_iter 119850      Data time: 0.00(0.00)  Forward time: 0.25(0.24)  Batch time: 0.25(0.25)
2026-08-14 01:42:11,183   INFO  a1e06a0b30c0                Fri Aug 14 01:42:11 2026  580.173.02
[0] NVIDIA GeForce RTX 3070 | 70°C,  74 % |  6624 /  8192 MB | root(6226M)

2026-08-14 01:42:23,115   INFO  Train:    3/4 ( 75%) [8773/55563 ( 16%)]  Loss: 1.075 (1.12)  LR: 1.853e-04  Time cost: 35:55/3:11:32 [3:33:55/6:58:59]  Acc_iter 119900      Data time: 0.00(0.00)  Forward time: 0.21(0.24)  Batch time: 0.22(0.25)
2026-08-14 01:42:35,084   INFO  Train:    3/4 ( 75%) [8823/55563 ( 16%)]  Loss: 1.383 (1.12)  LR: 1.852e-04  Time cost: 36:07/3:11:18 [3:34:07/6:58:43]  Acc_iter 119950      Data time: 0.00(0.00)  Forward time: 0.22(0.24)  Batch time: 0.22(0.25)
2026-08-14 01:42:47,300   INFO  Train:    3/4 ( 75%) [8873/55563 ( 16%)]  Loss: 0.9319 (1.12)  LR: 1.851e-04  Time cost: 36:19/3:11:05 [3:34:19/6:58:30]  Acc_iter 120000      Data time: 0.00(0.00)  Forward time: 0.26(0.24)  Batch time: 0.26(0.25)
2026-08-14 01:42:47,754   INFO  a1e06a0b30c0                Fri Aug 14 01:42:47 2026  580.173.02
[0] NVIDIA GeForce RTX 3070 | 70°C,  93 % |  6624 /  8192 MB | root(6226M)

2026-08-14 01:42:59,981   INFO  Train:    3/4 ( 75%) [8923/55563 ( 16%)]  Loss: 0.5587 (1.12)  LR: 1.849e-04  Time cost: 36:31/3:10:55 [3:34:32/6:58:23]  Acc_iter 120050      Data time: 0.00(0.00)  Forward time: 0.22(0.24)  Batch time: 0.22(0.25)
2026-08-14 01:43:12,351   INFO  Train:    3/4 ( 75%) [8973/55563 ( 16%)]  Loss: 0.7212 (1.12)  LR: 1.848e-04  Time cost: 36:44/3:10:43 [3:34:44/6:58:11]  Acc_iter 120100      Data time: 0.00(0.00)  Forward time: 0.23(0.24)  Batch time: 0.23(0.25)
2026-08-14 01:43:24,574   INFO  Train:    3/4 ( 75%) [9023/55563 ( 16%)]  Loss: 0.9049 (1.12)  LR: 1.847e-04  Time cost: 36:56/3:10:31 [3:34:56/6:57:58]  Acc_iter 120150      Data time: 0.00(0.00)  Forward time: 0.24(0.24)  Batch time: 0.25(0.25)
2026-08-14 01:43:24,963   INFO  a1e06a0b30c0                Fri Aug 14 01:43:24 2026  580.173.02
[0] NVIDIA GeForce RTX 3070 | 69°C,  70 % |  6623 /  8192 MB | root(6226M)

2026-08-14 01:43:37,107   INFO  Train:    3/4 ( 75%) [9073/55563 ( 16%)]  Loss: 1.394 (1.12)  LR: 1.845e-04  Time cost: 37:09/3:10:20 [3:35:09/6:57:49]  Acc_iter 120200      Data time: 0.00(0.00)  Forward time: 0.25(0.24)  Batch time: 0.26(0.25)
2026-08-14 01:43:49,216   INFO  Train:    3/4 ( 75%) [9123/55563 ( 16%)]  Loss: 1.367 (1.12)  LR: 1.844e-04  Time cost: 37:21/3:10:07 [3:35:21/6:57:35]  Acc_iter 120250      Data time: 0.00(0.00)  Forward time: 0.27(0.24)  Batch time: 0.27(0.25)
2026-08-14 01:44:01,470   INFO  Train:    3/4 ( 75%) [9173/55563 ( 17%)]  Loss: 0.7875 (1.12)  LR: 1.843e-04  Time cost: 37:33/3:09:54 [3:35:33/6:57:22]  Acc_iter 120300      Data time: 0.00(0.00)  Forward time: 0.22(0.24)  Batch time: 0.22(0.25)
2026-08-14 01:44:01,870   INFO  a1e06a0b30c0                Fri Aug 14 01:44:01 2026  580.173.02
[0] NVIDIA GeForce RTX 3070 | 64°C,  96 % |  6623 /  8192 MB | root(6226M)

2026-08-14 01:44:14,137   INFO  Train:    3/4 ( 75%) [9223/55563 ( 17%)]  Loss: 0.4955 (1.12)  LR: 1.842e-04  Time cost: 37:46/3:09:44 [3:35:46/6:57:14]  Acc_iter 120350      Data time: 0.00(0.00)  Forward time: 0.23(0.24)  Batch time: 0.23(0.25)
2026-08-14 01:44:26,373   INFO  Train:    3/4 ( 75%) [9273/55563 ( 17%)]  Loss: 0.8018 (1.12)  LR: 1.840e-04  Time cost: 37:58/3:09:31 [3:35:58/6:57:01]  Acc_iter 120400      Data time: 0.00(0.00)  Forward time: 0.23(0.24)  Batch time: 0.24(0.25)
2026-08-14 01:44:38,711   INFO  Train:    3/4 ( 75%) [9323/55563 ( 17%)]  Loss: 0.4611 (1.12)  LR: 1.839e-04  Time cost: 38:10/3:09:19 [3:36:10/6:56:50]  Acc_iter 120450      Data time: 0.00(0.00)  Forward time: 0.25(0.24)  Batch time: 0.26(0.25)
2026-08-14 01:44:39,163   INFO  a1e06a0b30c0                Fri Aug 14 01:44:39 2026  580.173.02
[0] NVIDIA GeForce RTX 3070 | 72°C,  90 % |  6623 /  8192 MB | root(6226M)

2026-08-14 01:44:51,955   INFO  Train:    3/4 ( 75%) [9373/55563 ( 17%)]  Loss: 1.592 (1.12)  LR: 1.838e-04  Time cost: 38:23/3:09:12 [3:36:24/6:56:48]  Acc_iter 120500      Data time: 0.00(0.00)  Forward time: 0.27(0.24)  Batch time: 0.27(0.25)
2026-08-14 01:45:03,958   INFO  Train:    3/4 ( 75%) [9423/55563 ( 17%)]  Loss: 1.545 (1.12)  LR: 1.836e-04  Time cost: 38:35/3:08:58 [3:36:36/6:56:32]  Acc_iter 120550      Data time: 0.00(0.00)  Forward time: 0.22(0.24)  Batch time: 0.22(0.25)
2026-08-14 01:45:16,156   INFO  Train:    3/4 ( 75%) [9473/55563 ( 17%)]  Loss: 0.8438 (1.12)  LR: 1.835e-04  Time cost: 38:48/3:08:45 [3:36:48/6:56:19]  Acc_iter 120600      Data time: 0.00(0.00)  Forward time: 0.21(0.24)  Batch time: 0.21(0.25)
2026-08-14 01:45:16,545   INFO  a1e06a0b30c0                Fri Aug 14 01:45:16 2026  580.173.02
[0] NVIDIA GeForce RTX 3070 | 69°C,  92 % |  6624 /  8192 MB | root(6226M)

2026-08-14 01:45:28,767   INFO  Train:    3/4 ( 75%) [9523/55563 ( 17%)]  Loss: 0.5452 (1.12)  LR: 1.834e-04  Time cost: 39:00/3:08:35 [3:37:00/6:56:10]  Acc_iter 120650      Data time: 0.00(0.00)  Forward time: 0.26(0.24)  Batch time: 0.26(0.25)
2026-08-14 01:45:41,114   INFO  Train:    3/4 ( 75%) [9573/55563 ( 17%)]  Loss: 1.207 (1.12)  LR: 1.833e-04  Time cost: 39:13/3:08:23 [3:37:13/6:55:59]  Acc_iter 120700      Data time: 0.00(0.00)  Forward time: 0.25(0.24)  Batch time: 0.25(0.25)
2026-08-14 01:45:53,379   INFO  Train:    3/4 ( 75%) [9623/55563 ( 17%)]  Loss: 0.7478 (1.12)  LR: 1.831e-04  Time cost: 39:25/3:08:10 [3:37:25/6:55:46]  Acc_iter 120750      Data time: 0.00(0.00)  Forward time: 0.24(0.24)  Batch time: 0.24(0.25)
2026-08-14 01:45:53,771   INFO  a1e06a0b30c0                Fri Aug 14 01:45:53 2026  580.173.02
[0] NVIDIA GeForce RTX 3070 | 69°C,  88 % |  6623 /  8192 MB | root(6226M)

2026-08-14 01:46:06,217   INFO  Train:    3/4 ( 75%) [9673/55563 ( 17%)]  Loss: 1.580 (1.12)  LR: 1.830e-04  Time cost: 39:38/3:08:01 [3:37:38/6:55:40]  Acc_iter 120800      Data time: 0.00(0.00)  Forward time: 0.26(0.24)  Batch time: 0.26(0.25)
2026-08-14 01:46:18,296   INFO  Train:    3/4 ( 75%) [9723/55563 ( 17%)]  Loss: 0.9250 (1.12)  LR: 1.829e-04  Time cost: 39:50/3:07:47 [3:37:50/6:55:25]  Acc_iter 120850      Data time: 0.00(0.00)  Forward time: 0.24(0.24)  Batch time: 0.24(0.25)
2026-08-14 01:46:28,209   INFO  Save latest model to /OpenPCDet/output/OpenPCDet/tools/cfgs/models/S/F/S_F_N/default/ckpt/latest_model
2026-08-14 01:46:30,733   INFO  Train:    3/4 ( 75%) [9773/55563 ( 18%)]  Loss: 0.9201 (1.12)  LR: 1.827e-04  Time cost: 40:02/3:07:36 [3:38:02/6:55:14]  Acc_iter 120900      Data time: 0.00(0.00)  Forward time: 0.25(0.24)  Batch time: 0.25(0.25)
2026-08-14 01:46:31,168   INFO  a1e06a0b30c0                Fri Aug 14 01:46:31 2026  580.173.02
[0] NVIDIA GeForce RTX 3070 | 70°C,  87 % |  6623 /  8192 MB | root(6226M)

2026-08-14 01:46:43,308   INFO  Train:    3/4 ( 75%) [9823/55563 ( 18%)]  Loss: 1.896 (1.12)  LR: 1.826e-04  Time cost: 40:15/3:07:25 [3:38:15/6:55:05]  Acc_iter 120950      Data time: 0.00(0.00)  Forward time: 0.23(0.24)  Batch time: 0.23(0.25)
2026-08-14 01:46:55,160   INFO  Train:    3/4 ( 75%) [9873/55563 ( 18%)]  Loss: 0.4507 (1.12)  LR: 1.825e-04  Time cost: 40:27/3:07:10 [3:38:27/6:54:48]  Acc_iter 121000      Data time: 0.00(0.00)  Forward time: 0.22(0.24)  Batch time: 0.22(0.25)
2026-08-14 01:47:07,379   INFO  Train:    3/4 ( 75%) [9923/55563 ( 18%)]  Loss: 1.057 (1.12)  LR: 1.823e-04  Time cost: 40:39/3:06:58 [3:38:39/6:54:35]  Acc_iter 121050      Data time: 0.00(0.00)  Forward time: 0.24(0.24)  Batch time: 0.25(0.25)
2026-08-14 01:47:07,773   INFO  a1e06a0b30c0                Fri Aug 14 01:47:07 2026  580.173.02
[0] NVIDIA GeForce RTX 3070 | 72°C,  68 % |  6623 /  8192 MB | root(6226M)

2026-08-14 01:47:20,030   INFO  Train:    3/4 ( 75%) [9973/55563 ( 18%)]  Loss: 1.409 (1.12)  LR: 1.822e-04  Time cost: 40:51/3:06:47 [3:38:52/6:54:27]  Acc_iter 121100      Data time: 0.00(0.00)  Forward time: 0.24(0.24)  Batch time: 0.24(0.25)
2026-08-14 01:47:32,362   INFO  Train:    3/4 ( 75%) [10023/55563 ( 18%)]  Loss: 1.311 (1.12)  LR: 1.821e-04  Time cost: 41:04/3:06:35 [3:39:04/6:54:15]  Acc_iter 121150      Data time: 0.00(0.00)  Forward time: 0.25(0.24)  Batch time: 0.25(0.25)
2026-08-14 01:47:44,176   INFO  Train:    3/4 ( 75%) [10073/55563 ( 18%)]  Loss: 1.215 (1.12)  LR: 1.820e-04  Time cost: 41:16/3:06:21 [3:39:16/6:53:58]  Acc_iter 121200      Data time: 0.00(0.00)  Forward time: 0.24(0.24)  Batch time: 0.24(0.25)
2026-08-14 01:47:44,566   INFO  a1e06a0b30c0                Fri Aug 14 01:47:44 2026  580.173.02
[0] NVIDIA GeForce RTX 3070 | 71°C,  60 % |  6624 /  8192 MB | root(6226M)

2026-08-14 01:47:56,656   INFO  Train:    3/4 ( 75%) [10123/55563 ( 18%)]  Loss: 1.267 (1.12)  LR: 1.818e-04  Time cost: 41:28/3:06:09 [3:39:28/6:53:47]  Acc_iter 121250      Data time: 0.00(0.00)  Forward time: 0.25(0.24)  Batch time: 0.25(0.25)
2026-08-14 01:48:08,682   INFO  Train:    3/4 ( 75%) [10173/55563 ( 18%)]  Loss: 4.529 (1.12)  LR: 1.817e-04  Time cost: 41:40/3:05:56 [3:39:40/6:53:32]  Acc_iter 121300      Data time: 0.00(0.00)  Forward time: 0.20(0.24)  Batch time: 0.20(0.25)
2026-08-14 01:48:20,892   INFO  Train:    3/4 ( 75%) [10223/55563 ( 18%)]  Loss: 2.212 (1.12)  LR: 1.816e-04  Time cost: 41:52/3:05:43 [3:39:53/6:53:19]  Acc_iter 121350      Data time: 0.00(0.00)  Forward time: 0.25(0.24)  Batch time: 0.25(0.25)
2026-08-14 01:48:21,392   INFO  a1e06a0b30c0                Fri Aug 14 01:48:21 2026  580.173.02
[0] NVIDIA GeForce RTX 3070 | 63°C,   0 % |  6624 /  8192 MB | root(6226M)

2026-08-14 01:48:33,381   INFO  Train:    3/4 ( 75%) [10273/55563 ( 18%)]  Loss: 1.028 (1.12)  LR: 1.814e-04  Time cost: 42:05/3:05:32 [3:40:05/6:53:09]  Acc_iter 121400      Data time: 0.00(0.00)  Forward time: 0.24(0.24)  Batch time: 0.24(0.25)
2026-08-14 01:48:45,406   INFO  Train:    3/4 ( 75%) [10323/55563 ( 19%)]  Loss: 1.940 (1.12)  LR: 1.813e-04  Time cost: 42:17/3:05:18 [3:40:17/6:52:54]  Acc_iter 121450      Data time: 0.00(0.00)  Forward time: 0.21(0.24)  Batch time: 0.21(0.25)
2026-08-14 01:48:57,645   INFO  Train:    3/4 ( 75%) [10373/55563 ( 19%)]  Loss: 1.471 (1.12)  LR: 1.812e-04  Time cost: 42:29/3:05:06 [3:40:29/6:52:41]  Acc_iter 121500      Data time: 0.00(0.00)  Forward time: 0.28(0.24)  Batch time: 0.29(0.25)
2026-08-14 01:48:58,043   INFO  a1e06a0b30c0                Fri Aug 14 01:48:58 2026  580.173.02
[0] NVIDIA GeForce RTX 3070 | 68°C,  71 % |  6619 /  8192 MB | root(6226M)

2026-08-14 01:49:10,404   INFO  Train:    3/4 ( 75%) [10423/55563 ( 19%)]  Loss: 1.181 (1.12)  LR: 1.811e-04  Time cost: 42:42/3:04:55 [3:40:42/6:52:33]  Acc_iter 121550      Data time: 0.00(0.00)  Forward time: 0.25(0.24)  Batch time: 0.25(0.25)
2026-08-14 01:49:22,648   INFO  Train:    3/4 ( 75%) [10473/55563 ( 19%)]  Loss: 0.9414 (1.12)  LR: 1.809e-04  Time cost: 42:54/3:04:43 [3:40:54/6:52:21]  Acc_iter 121600      Data time: 0.00(0.00)  Forward time: 0.25(0.24)  Batch time: 0.25(0.25)
2026-08-14 01:49:34,787   INFO  Train:    3/4 ( 75%) [10523/55563 ( 19%)]  Loss: 0.8477 (1.12)  LR: 1.808e-04  Time cost: 43:06/3:04:30 [3:41:06/6:52:07]  Acc_iter 121650      Data time: 0.00(0.00)  Forward time: 0.20(0.24)  Batch time: 0.20(0.25)
2026-08-14 01:49:35,216   INFO  a1e06a0b30c0                Fri Aug 14 01:49:35 2026  580.173.02
[0] NVIDIA GeForce RTX 3070 | 70°C,  71 % |  6619 /  8192 MB | root(6226M)

2026-08-14 01:49:47,399   INFO  Train:    3/4 ( 75%) [10573/55563 ( 19%)]  Loss: 0.3251 (1.12)  LR: 1.807e-04  Time cost: 43:19/3:04:19 [3:41:19/6:51:58]  Acc_iter 121700      Data time: 0.00(0.00)  Forward time: 0.28(0.24)  Batch time: 0.28(0.25)
2026-08-14 01:49:59,353   INFO  Train:    3/4 ( 75%) [10623/55563 ( 19%)]  Loss: 0.8376 (1.12)  LR: 1.805e-04  Time cost: 43:31/3:04:05 [3:41:31/6:51:42]  Acc_iter 121750      Data time: 0.00(0.00)  Forward time: 0.26(0.24)  Batch time: 0.26(0.25)
2026-08-14 01:50:11,412   INFO  Train:    3/4 ( 75%) [10673/55563 ( 19%)]  Loss: 1.129 (1.12)  LR: 1.804e-04  Time cost: 43:43/3:03:52 [3:41:43/6:51:28]  Acc_iter 121800      Data time: 0.00(0.00)  Forward time: 0.21(0.24)  Batch time: 0.21(0.25)
2026-08-14 01:50:11,838   INFO  a1e06a0b30c0                Fri Aug 14 01:50:11 2026  580.173.02
[0] NVIDIA GeForce RTX 3070 | 72°C,  99 % |  6619 /  8192 MB | root(6226M)

2026-08-14 01:50:24,192   INFO  Train:    3/4 ( 75%) [10723/55563 ( 19%)]  Loss: 1.161 (1.12)  LR: 1.803e-04  Time cost: 43:56/3:03:42 [3:41:56/6:51:20]  Acc_iter 121850      Data time: 0.00(0.00)  Forward time: 0.26(0.24)  Batch time: 0.26(0.25)
2026-08-14 01:50:36,366   INFO  Train:    3/4 ( 75%) [10773/55563 ( 19%)]  Loss: 0.6912 (1.12)  LR: 1.801e-04  Time cost: 44:08/3:03:29 [3:42:08/6:51:07]  Acc_iter 121900      Data time: 0.00(0.00)  Forward time: 0.24(0.24)  Batch time: 0.24(0.25)
2026-08-14 01:50:48,702   INFO  Train:    3/4 ( 75%) [10823/55563 ( 19%)]  Loss: 0.5532 (1.12)  LR: 1.800e-04  Time cost: 44:20/3:03:17 [3:42:20/6:50:55]  Acc_iter 121950      Data time: 0.00(0.00)  Forward time: 0.22(0.24)  Batch time: 0.23(0.25)
2026-08-14 01:50:49,100   INFO  a1e06a0b30c0                Fri Aug 14 01:50:49 2026  580.173.02
[0] NVIDIA GeForce RTX 3070 | 72°C,  95 % |  6620 /  8192 MB | root(6226M)

2026-08-14 01:51:01,365   INFO  Train:    3/4 ( 75%) [10873/55563 ( 20%)]  Loss: 1.090 (1.12)  LR: 1.799e-04  Time cost: 44:33/3:03:06 [3:42:33/6:50:46]  Acc_iter 122000      Data time: 0.00(0.00)  Forward time: 0.23(0.24)  Batch time: 0.23(0.25)
2026-08-14 01:51:13,299   INFO  Train:    3/4 ( 75%) [10923/55563 ( 20%)]  Loss: 1.730 (1.12)  LR: 1.798e-04  Time cost: 44:45/3:02:52 [3:42:45/6:50:30]  Acc_iter 122050      Data time: 0.00(0.00)  Forward time: 0.20(0.24)  Batch time: 0.20(0.25)
2026-08-14 01:51:25,385   INFO  Train:    3/4 ( 75%) [10973/55563 ( 20%)]  Loss: 0.6118 (1.12)  LR: 1.796e-04  Time cost: 44:57/3:02:39 [3:42:57/6:50:16]  Acc_iter 122100      Data time: 0.00(0.00)  Forward time: 0.22(0.24)  Batch time: 0.22(0.25)
2026-08-14 01:51:25,775   INFO  a1e06a0b30c0                Fri Aug 14 01:51:25 2026  580.173.02
[0] NVIDIA GeForce RTX 3070 | 72°C,  71 % |  6620 /  8192 MB | root(6226M)

2026-08-14 01:51:28,297   INFO  Save latest model to /OpenPCDet/output/OpenPCDet/tools/cfgs/models/S/F/S_F_N/default/ckpt/latest_model
2026-08-14 01:51:38,050   INFO  Train:    3/4 ( 75%) [11023/55563 ( 20%)]  Loss: 1.041 (1.12)  LR: 1.795e-04  Time cost: 45:09/3:02:29 [3:43:10/6:50:07]  Acc_iter 122150      Data time: 0.00(0.00)  Forward time: 0.23(0.24)  Batch time: 0.23(0.25)
2026-08-14 01:51:50,471   INFO  Train:    3/4 ( 75%) [11073/55563 ( 20%)]  Loss: 1.407 (1.12)  LR: 1.794e-04  Time cost: 45:22/3:02:17 [3:43:22/6:49:56]  Acc_iter 122200      Data time: 0.00(0.00)  Forward time: 0.27(0.24)  Batch time: 0.27(0.25)
2026-08-14 01:52:02,811   INFO  Train:    3/4 ( 75%) [11123/55563 ( 20%)]  Loss: 0.9925 (1.12)  LR: 1.792e-04  Time cost: 45:34/3:02:05 [3:43:34/6:49:44]  Acc_iter 122250      Data time: 0.00(0.00)  Forward time: 0.23(0.24)  Batch time: 0.23(0.25)
2026-08-14 01:52:03,214   INFO  a1e06a0b30c0                Fri Aug 14 01:52:03 2026  580.173.02
[0] NVIDIA GeForce RTX 3070 | 70°C,  71 % |  6619 /  8192 MB | root(6226M)

2026-08-14 01:52:14,998   INFO  Train:    3/4 ( 75%) [11173/55563 ( 20%)]  Loss: 0.8119 (1.12)  LR: 1.791e-04  Time cost: 45:46/3:01:52 [3:43:47/6:49:31]  Acc_iter 122300      Data time: 0.00(0.00)  Forward time: 0.22(0.24)  Batch time: 0.22(0.25)
2026-08-14 01:52:26,969   INFO  Train:    3/4 ( 75%) [11223/55563 ( 20%)]  Loss: 0.9042 (1.12)  LR: 1.790e-04  Time cost: 45:58/3:01:38 [3:43:59/6:49:16]  Acc_iter 122350      Data time: 0.00(0.00)  Forward time: 0.24(0.24)  Batch time: 0.24(0.25)
2026-08-14 01:52:39,194   INFO  Train:    3/4 ( 75%) [11273/55563 ( 20%)]  Loss: 1.362 (1.12)  LR: 1.788e-04  Time cost: 46:11/3:01:26 [3:44:11/6:49:03]  Acc_iter 122400      Data time: 0.00(0.00)  Forward time: 0.22(0.24)  Batch time: 0.22(0.25)
2026-08-14 01:52:39,619   INFO  a1e06a0b30c0                Fri Aug 14 01:52:39 2026  580.173.02
[0] NVIDIA GeForce RTX 3070 | 69°C,  68 % |  6619 /  8192 MB | root(6226M)

2026-08-14 01:52:51,919   INFO  Train:    3/4 ( 75%) [11323/55563 ( 20%)]  Loss: 0.7734 (1.12)  LR: 1.787e-04  Time cost: 46:23/3:01:15 [3:44:24/6:48:55]  Acc_iter 122450      Data time: 0.00(0.00)  Forward time: 0.22(0.24)  Batch time: 0.23(0.25)
2026-08-14 01:53:03,930   INFO  Train:    3/4 ( 75%) [11373/55563 ( 20%)]  Loss: 0.9250 (1.12)  LR: 1.786e-04  Time cost: 46:35/3:01:02 [3:44:36/6:48:40]  Acc_iter 122500      Data time: 0.00(0.00)  Forward time: 0.24(0.24)  Batch time: 0.24(0.25)
2026-08-14 01:53:16,052   INFO  Train:    3/4 ( 75%) [11423/55563 ( 21%)]  Loss: 1.706 (1.12)  LR: 1.785e-04  Time cost: 46:47/3:00:49 [3:44:48/6:48:26]  Acc_iter 122550      Data time: 0.00(0.00)  Forward time: 0.29(0.24)  Batch time: 0.30(0.25)
2026-08-14 01:53:16,522   INFO  a1e06a0b30c0                Fri Aug 14 01:53:16 2026  580.173.02
[0] NVIDIA GeForce RTX 3070 | 65°C,   0 % |  6619 /  8192 MB | root(6226M)

2026-08-14 01:53:28,960   INFO  Train:    3/4 ( 75%) [11473/55563 ( 21%)]  Loss: 0.6090 (1.12)  LR: 1.783e-04  Time cost: 47:00/3:00:39 [3:45:01/6:48:19]  Acc_iter 122600      Data time: 0.00(0.00)  Forward time: 0.22(0.24)  Batch time: 0.22(0.25)
2026-08-14 01:53:41,211   INFO  Train:    3/4 ( 75%) [11523/55563 ( 21%)]  Loss: 1.481 (1.12)  LR: 1.782e-04  Time cost: 47:13/3:00:27 [3:45:13/6:48:07]  Acc_iter 122650      Data time: 0.00(0.00)  Forward time: 0.20(0.24)  Batch time: 0.20(0.25)
2026-08-14 01:53:53,364   INFO  Train:    3/4 ( 75%) [11573/55563 ( 21%)]  Loss: 0.3460 (1.12)  LR: 1.781e-04  Time cost: 47:25/3:00:14 [3:45:25/6:47:53]  Acc_iter 122700      Data time: 0.00(0.00)  Forward time: 0.26(0.24)  Batch time: 0.26(0.25)
2026-08-14 01:53:53,756   INFO  a1e06a0b30c0                Fri Aug 14 01:53:53 2026  580.173.02
[0] NVIDIA GeForce RTX 3070 | 70°C,  74 % |  6620 /  8192 MB | root(6226M)

2026-08-14 01:54:06,020   INFO  Train:    3/4 ( 75%) [11623/55563 ( 21%)]  Loss: 0.4384 (1.12)  LR: 1.779e-04  Time cost: 47:37/3:00:03 [3:45:38/6:47:44]  Acc_iter 122750      Data time: 0.00(0.00)  Forward time: 0.24(0.24)  Batch time: 0.24(0.25)
2026-08-14 01:54:18,272   INFO  Train:    3/4 ( 75%) [11673/55563 ( 21%)]  Loss: 1.718 (1.12)  LR: 1.778e-04  Time cost: 47:50/2:59:50 [3:45:50/6:47:31]  Acc_iter 122800      Data time: 0.00(0.00)  Forward time: 0.22(0.24)  Batch time: 0.23(0.25)
2026-08-14 01:54:30,481   INFO  Train:    3/4 ( 75%) [11723/55563 ( 21%)]  Loss: 1.313 (1.12)  LR: 1.777e-04  Time cost: 48:02/2:59:38 [3:46:02/6:47:18]  Acc_iter 122850      Data time: 0.00(0.00)  Forward time: 0.23(0.24)  Batch time: 0.23(0.25)
2026-08-14 01:54:30,960   INFO  a1e06a0b30c0                Fri Aug 14 01:54:30 2026  580.173.02
[0] NVIDIA GeForce RTX 3070 | 63°C,  94 % |  6620 /  8192 MB | root(6226M)

2026-08-14 01:54:43,226   INFO  Train:    3/4 ( 75%) [11773/55563 ( 21%)]  Loss: 0.8980 (1.12)  LR: 1.775e-04  Time cost: 48:15/2:59:27 [3:46:15/6:47:10]  Acc_iter 122900      Data time: 0.00(0.00)  Forward time: 0.26(0.24)  Batch time: 0.26(0.25)
2026-08-14 01:54:55,400   INFO  Train:    3/4 ( 75%) [11823/55563 ( 21%)]  Loss: 1.062 (1.12)  LR: 1.774e-04  Time cost: 48:27/2:59:14 [3:46:27/6:46:57]  Acc_iter 122950      Data time: 0.00(0.00)  Forward time: 0.25(0.24)  Batch time: 0.25(0.25)
2026-08-14 01:55:07,612   INFO  Train:    3/4 ( 75%) [11873/55563 ( 21%)]  Loss: 1.105 (1.12)  LR: 1.773e-04  Time cost: 48:39/2:59:02 [3:46:39/6:46:44]  Acc_iter 123000      Data time: 0.00(0.00)  Forward time: 0.24(0.24)  Batch time: 0.24(0.25)
2026-08-14 01:55:08,113   INFO  a1e06a0b30c0                Fri Aug 14 01:55:08 2026  580.173.02
[0] NVIDIA GeForce RTX 3070 | 67°C,  68 % |  6619 /  8192 MB | root(6226M)

2026-08-14 01:55:20,052   INFO  Train:    3/4 ( 75%) [11923/55563 ( 21%)]  Loss: 0.7980 (1.12)  LR: 1.772e-04  Time cost: 48:51/2:58:50 [3:46:52/6:46:33]  Acc_iter 123050      Data time: 0.00(0.00)  Forward time: 0.25(0.24)  Batch time: 0.25(0.25)
2026-08-14 01:55:32,482   INFO  Train:    3/4 ( 75%) [11973/55563 ( 22%)]  Loss: 1.172 (1.12)  LR: 1.770e-04  Time cost: 49:04/2:58:38 [3:47:04/6:46:21]  Acc_iter 123100      Data time: 0.00(0.00)  Forward time: 0.28(0.24)  Batch time: 0.28(0.25)
2026-08-14 01:55:44,716   INFO  Train:    3/4 ( 75%) [12023/55563 ( 22%)]  Loss: 2.484 (1.12)  LR: 1.769e-04  Time cost: 49:16/2:58:26 [3:47:16/6:46:09]  Acc_iter 123150      Data time: 0.00(0.00)  Forward time: 0.23(0.24)  Batch time: 0.23(0.25)
2026-08-14 01:55:45,117   INFO  a1e06a0b30c0                Fri Aug 14 01:55:45 2026  580.173.02
[0] NVIDIA GeForce RTX 3070 | 71°C,  74 % |  6619 /  8192 MB | root(6226M)

2026-08-14 01:55:57,317   INFO  Train:    3/4 ( 75%) [12073/55563 ( 22%)]  Loss: 1.021 (1.12)  LR: 1.768e-04  Time cost: 49:29/2:58:15 [3:47:29/6:45:59]  Acc_iter 123200      Data time: 0.00(0.00)  Forward time: 0.24(0.24)  Batch time: 0.24(0.25)
2026-08-14 01:56:09,797   INFO  Train:    3/4 ( 75%) [12123/55563 ( 22%)]  Loss: 0.9866 (1.12)  LR: 1.766e-04  Time cost: 49:41/2:58:03 [3:47:41/6:45:48]  Acc_iter 123250      Data time: 0.00(0.00)  Forward time: 0.23(0.24)  Batch time: 0.24(0.25)
2026-08-14 01:56:22,167   INFO  Train:    3/4 ( 75%) [12173/55563 ( 22%)]  Loss: 0.9304 (1.12)  LR: 1.765e-04  Time cost: 49:54/2:57:51 [3:47:54/6:45:36]  Acc_iter 123300      Data time: 0.00(0.00)  Forward time: 0.21(0.24)  Batch time: 0.21(0.25)
2026-08-14 01:56:22,593   INFO  a1e06a0b30c0                Fri Aug 14 01:56:22 2026  580.173.02
[0] NVIDIA GeForce RTX 3070 | 71°C,  12 % |  6620 /  8192 MB | root(6226M)

2026-08-14 01:56:28,369   INFO  Save latest model to /OpenPCDet/output/OpenPCDet/tools/cfgs/models/S/F/S_F_N/default/ckpt/latest_model
2026-08-14 01:56:34,826   INFO  Train:    3/4 ( 75%) [12223/55563 ( 22%)]  Loss: 0.8630 (1.12)  LR: 1.764e-04  Time cost: 50:06/2:57:40 [3:48:06/6:45:27]  Acc_iter 123350      Data time: 0.00(0.00)  Forward time: 0.20(0.24)  Batch time: 0.21(0.25)
2026-08-14 01:56:46,938   INFO  Train:    3/4 ( 75%) [12273/55563 ( 22%)]  Loss: 1.972 (1.12)  LR: 1.762e-04  Time cost: 50:18/2:57:27 [3:48:19/6:45:13]  Acc_iter 123400      Data time: 0.00(0.00)  Forward time: 0.28(0.24)  Batch time: 0.28(0.25)
2026-08-14 01:56:58,830   INFO  Train:    3/4 ( 75%) [12323/55563 ( 22%)]  Loss: 1.012 (1.12)  LR: 1.761e-04  Time cost: 50:30/2:57:13 [3:48:30/6:44:58]  Acc_iter 123450      Data time: 0.00(0.00)  Forward time: 0.26(0.24)  Batch time: 0.26(0.25)
2026-08-14 01:56:59,221   INFO  a1e06a0b30c0                Fri Aug 14 01:56:59 2026  580.173.02
[0] NVIDIA GeForce RTX 3070 | 71°C,  84 % |  6620 /  8192 MB | root(6226M)

2026-08-14 01:57:11,792   INFO  Train:    3/4 ( 75%) [12373/55563 ( 22%)]  Loss: 1.625 (1.12)  LR: 1.760e-04  Time cost: 50:43/2:57:03 [3:48:43/6:44:51]  Acc_iter 123500      Data time: 0.00(0.00)  Forward time: 0.26(0.24)  Batch time: 0.26(0.25)
2026-08-14 01:57:23,858   INFO  Train:    3/4 ( 75%) [12423/55563 ( 22%)]  Loss: 1.521 (1.12)  LR: 1.759e-04  Time cost: 50:55/2:56:50 [3:48:55/6:44:36]  Acc_iter 123550      Data time: 0.00(0.00)  Forward time: 0.20(0.24)  Batch time: 0.20(0.25)
2026-08-14 01:57:35,602   INFO  Train:    3/4 ( 75%) [12473/55563 ( 22%)]  Loss: 1.030 (1.12)  LR: 1.757e-04  Time cost: 51:07/2:56:36 [3:49:07/6:44:20]  Acc_iter 123600      Data time: 0.00(0.00)  Forward time: 0.24(0.24)  Batch time: 0.24(0.25)
2026-08-14 01:57:35,977   INFO  a1e06a0b30c0                Fri Aug 14 01:57:35 2026  580.173.02
[0] NVIDIA GeForce RTX 3070 | 65°C,  72 % |  6620 /  8192 MB | root(6226M)

2026-08-14 01:57:47,953   INFO  Train:    3/4 ( 75%) [12523/55563 ( 23%)]  Loss: 0.7672 (1.12)  LR: 1.756e-04  Time cost: 51:19/2:56:24 [3:49:20/6:44:08]  Acc_iter 123650      Data time: 0.00(0.00)  Forward time: 0.25(0.24)  Batch time: 0.25(0.25)
2026-08-14 01:58:00,022   INFO  Train:    3/4 ( 75%) [12573/55563 ( 23%)]  Loss: 1.491 (1.12)  LR: 1.755e-04  Time cost: 51:31/2:56:11 [3:49:32/6:43:54]  Acc_iter 123700      Data time: 0.00(0.00)  Forward time: 0.23(0.24)  Batch time: 0.23(0.25)
2026-08-14 01:58:12,315   INFO  Train:    3/4 ( 75%) [12623/55563 ( 23%)]  Loss: 1.999 (1.12)  LR: 1.753e-04  Time cost: 51:44/2:55:58 [3:49:44/6:43:41]  Acc_iter 123750      Data time: 0.00(0.00)  Forward time: 0.23(0.24)  Batch time: 0.23(0.25)
2026-08-14 01:58:12,726   INFO  a1e06a0b30c0                Fri Aug 14 01:58:12 2026  580.173.02
[0] NVIDIA GeForce RTX 3070 | 70°C,  90 % |  6620 /  8192 MB | root(6226M)

2026-08-14 01:58:24,788   INFO  Train:    3/4 ( 75%) [12673/55563 ( 23%)]  Loss: 1.069 (1.12)  LR: 1.752e-04  Time cost: 51:56/2:55:47 [3:49:56/6:43:31]  Acc_iter 123800      Data time: 0.00(0.00)  Forward time: 0.24(0.24)  Batch time: 0.24(0.25)
2026-08-14 01:58:37,037   INFO  Train:    3/4 ( 75%) [12723/55563 ( 23%)]  Loss: 0.9934 (1.12)  LR: 1.751e-04  Time cost: 52:08/2:55:34 [3:50:09/6:43:18]  Acc_iter 123850      Data time: 0.00(0.00)  Forward time: 0.21(0.24)  Batch time: 0.21(0.25)
2026-08-14 01:58:49,071   INFO  Train:    3/4 ( 75%) [12773/55563 ( 23%)]  Loss: 1.205 (1.12)  LR: 1.749e-04  Time cost: 52:21/2:55:21 [3:50:21/6:43:04]  Acc_iter 123900      Data time: 0.00(0.00)  Forward time: 0.23(0.24)  Batch time: 0.23(0.25)
2026-08-14 01:58:49,460   INFO  a1e06a0b30c0                Fri Aug 14 01:58:49 2026  580.173.02
[0] NVIDIA GeForce RTX 3070 | 65°C,   1 % |  6619 /  8192 MB | root(6226M)

2026-08-14 01:59:01,900   INFO  Train:    3/4 ( 75%) [12823/55563 ( 23%)]  Loss: 0.6636 (1.12)  LR: 1.748e-04  Time cost: 52:33/2:55:11 [3:50:34/6:42:55]  Acc_iter 123950      Data time: 0.00(0.00)  Forward time: 0.25(0.24)  Batch time: 0.25(0.25)
2026-08-14 01:59:13,942   INFO  Train:    3/4 ( 75%) [12873/55563 ( 23%)]  Loss: 1.282 (1.12)  LR: 1.747e-04  Time cost: 52:45/2:54:58 [3:50:46/6:42:41]  Acc_iter 124000      Data time: 0.00(0.00)  Forward time: 0.25(0.24)  Batch time: 0.26(0.25)
2026-08-14 01:59:25,797   INFO  Train:    3/4 ( 75%) [12923/55563 ( 23%)]  Loss: 0.6149 (1.12)  LR: 1.745e-04  Time cost: 52:57/2:54:44 [3:50:57/6:42:26]  Acc_iter 124050      Data time: 0.00(0.00)  Forward time: 0.23(0.24)  Batch time: 0.23(0.25)
2026-08-14 01:59:26,179   INFO  a1e06a0b30c0                Fri Aug 14 01:59:26 2026  580.173.02
[0] NVIDIA GeForce RTX 3070 | 71°C,  72 % |  6623 /  8192 MB | root(6226M)

2026-08-14 01:59:38,367   INFO  Train:    3/4 ( 75%) [12973/55563 ( 23%)]  Loss: 0.6145 (1.12)  LR: 1.744e-04  Time cost: 53:10/2:54:32 [3:51:10/6:42:15]  Acc_iter 124100      Data time: 0.00(0.00)  Forward time: 0.23(0.24)  Batch time: 0.23(0.25)
2026-08-14 01:59:50,558   INFO  Train:    3/4 ( 75%) [13023/55563 ( 23%)]  Loss: 0.2815 (1.12)  LR: 1.743e-04  Time cost: 53:22/2:54:20 [3:51:22/6:42:02]  Acc_iter 124150      Data time: 0.00(0.00)  Forward time: 0.23(0.24)  Batch time: 0.23(0.25)
2026-08-14 02:00:03,073   INFO  Train:    3/4 ( 75%) [13073/55563 ( 24%)]  Loss: 1.219 (1.12)  LR: 1.742e-04  Time cost: 53:35/2:54:08 [3:51:35/6:41:52]  Acc_iter 124200      Data time: 0.00(0.00)  Forward time: 0.27(0.24)  Batch time: 0.27(0.25)
2026-08-14 02:00:03,460   INFO  a1e06a0b30c0                Fri Aug 14 02:00:03 2026  580.173.02
[0] NVIDIA GeForce RTX 3070 | 65°C,   0 % |  6624 /  8192 MB | root(6226M)

2026-08-14 02:00:15,218   INFO  Train:    3/4 ( 75%) [13123/55563 ( 24%)]  Loss: 0.8685 (1.12)  LR: 1.740e-04  Time cost: 53:47/2:53:55 [3:51:47/6:41:38]  Acc_iter 124250      Data time: 0.00(0.00)  Forward time: 0.21(0.24)  Batch time: 0.21(0.25)
2026-08-14 02:00:27,230   INFO  Train:    3/4 ( 75%) [13173/55563 ( 24%)]  Loss: 1.055 (1.12)  LR: 1.739e-04  Time cost: 53:59/2:53:42 [3:51:59/6:41:24]  Acc_iter 124300      Data time: 0.00(0.00)  Forward time: 0.26(0.24)  Batch time: 0.26(0.25)
2026-08-14 02:00:39,439   INFO  Train:    3/4 ( 75%) [13223/55563 ( 24%)]  Loss: 1.575 (1.12)  LR: 1.738e-04  Time cost: 54:11/2:53:30 [3:52:11/6:41:11]  Acc_iter 124350      Data time: 0.00(0.00)  Forward time: 0.25(0.24)  Batch time: 0.26(0.25)
2026-08-14 02:00:39,846   INFO  a1e06a0b30c0                Fri Aug 14 02:00:39 2026  580.173.02
[0] NVIDIA GeForce RTX 3070 | 72°C,  71 % |  6624 /  8192 MB | root(6226M)

2026-08-14 02:00:52,099   INFO  Train:    3/4 ( 75%) [13273/55563 ( 24%)]  Loss: 1.123 (1.12)  LR: 1.736e-04  Time cost: 54:24/2:53:18 [3:52:24/6:41:01]  Acc_iter 124400      Data time: 0.00(0.00)  Forward time: 0.23(0.24)  Batch time: 0.23(0.25)
2026-08-14 02:01:04,235   INFO  Train:    3/4 ( 75%) [13323/55563 ( 24%)]  Loss: 1.074 (1.12)  LR: 1.735e-04  Time cost: 54:36/2:53:06 [3:52:36/6:40:48]  Acc_iter 124450      Data time: 0.00(0.00)  Forward time: 0.26(0.24)  Batch time: 0.26(0.25)
2026-08-14 02:01:16,310   INFO  Train:    3/4 ( 75%) [13373/55563 ( 24%)]  Loss: 1.911 (1.12)  LR: 1.734e-04  Time cost: 54:48/2:52:53 [3:52:48/6:40:34]  Acc_iter 124500      Data time: 0.00(0.00)  Forward time: 0.25(0.24)  Batch time: 0.25(0.25)
2026-08-14 02:01:16,704   INFO  a1e06a0b30c0                Fri Aug 14 02:01:16 2026  580.173.02
[0] NVIDIA GeForce RTX 3070 | 72°C,  97 % |  6624 /  8192 MB | root(6226M)

2026-08-14 02:01:28,212   INFO  Save latest model to /OpenPCDet/output/OpenPCDet/tools/cfgs/models/S/F/S_F_N/default/ckpt/latest_model
2026-08-14 02:01:29,292   INFO  Train:    3/4 ( 75%) [13423/55563 ( 24%)]  Loss: 1.751 (1.12)  LR: 1.732e-04  Time cost: 55:01/2:52:43 [3:53:01/6:40:27]  Acc_iter 124550      Data time: 0.00(0.00)  Forward time: 0.28(0.24)  Batch time: 0.28(0.25)
2026-08-14 02:01:41,735   INFO  Train:    3/4 ( 75%) [13473/55563 ( 24%)]  Loss: 0.9686 (1.12)  LR: 1.731e-04  Time cost: 55:13/2:52:31 [3:53:13/6:40:15]  Acc_iter 124600      Data time: 0.00(0.00)  Forward time: 0.27(0.24)  Batch time: 0.27(0.25)
2026-08-14 02:01:53,583   INFO  Train:    3/4 ( 75%) [13523/55563 ( 24%)]  Loss: 0.9328 (1.12)  LR: 1.730e-04  Time cost: 55:25/2:52:17 [3:53:25/6:40:00]  Acc_iter 124650      Data time: 0.00(0.00)  Forward time: 0.24(0.24)  Batch time: 0.25(0.25)
2026-08-14 02:01:53,959   INFO  a1e06a0b30c0                Fri Aug 14 02:01:53 2026  580.173.02
[0] NVIDIA GeForce RTX 3070 | 65°C,  89 % |  6623 /  8192 MB | root(6226M)

2026-08-14 02:02:06,164   INFO  Train:    3/4 ( 75%) [13573/55563 ( 24%)]  Loss: 1.494 (1.12)  LR: 1.728e-04  Time cost: 55:38/2:52:06 [3:53:38/6:39:50]  Acc_iter 124700      Data time: 0.00(0.00)  Forward time: 0.26(0.24)  Batch time: 0.26(0.25)
2026-08-14 02:02:18,322   INFO  Train:    3/4 ( 75%) [13623/55563 ( 25%)]  Loss: 0.7649 (1.12)  LR: 1.727e-04  Time cost: 55:50/2:51:53 [3:53:50/6:39:36]  Acc_iter 124750      Data time: 0.00(0.00)  Forward time: 0.21(0.24)  Batch time: 0.21(0.25)
2026-08-14 02:02:30,650   INFO  Train:    3/4 ( 75%) [13673/55563 ( 25%)]  Loss: 1.242 (1.12)  LR: 1.726e-04  Time cost: 56:02/2:51:41 [3:54:02/6:39:24]  Acc_iter 124800      Data time: 0.00(0.00)  Forward time: 0.27(0.24)  Batch time: 0.28(0.25)
2026-08-14 02:02:31,073   INFO  a1e06a0b30c0                Fri Aug 14 02:02:31 2026  580.173.02
[0] NVIDIA GeForce RTX 3070 | 66°C,  72 % |  6623 /  8192 MB | root(6226M)

2026-08-14 02:02:43,432   INFO  Train:    3/4 ( 75%) [13723/55563 ( 25%)]  Loss: 0.7929 (1.12)  LR: 1.724e-04  Time cost: 56:15/2:51:30 [3:54:15/6:39:15]  Acc_iter 124850      Data time: 0.00(0.00)  Forward time: 0.25(0.24)  Batch time: 0.25(0.25)
2026-08-14 02:02:55,412   INFO  Train:    3/4 ( 75%) [13773/55563 ( 25%)]  Loss: 1.335 (1.12)  LR: 1.723e-04  Time cost: 56:27/2:51:17 [3:54:27/6:39:01]  Acc_iter 124900      Data time: 0.00(0.00)  Forward time: 0.26(0.24)  Batch time: 0.26(0.25)
2026-08-14 02:03:07,344   INFO  Train:    3/4 ( 75%) [13823/55563 ( 25%)]  Loss: 1.484 (1.12)  LR: 1.722e-04  Time cost: 56:39/2:51:03 [3:54:39/6:38:46]  Acc_iter 124950      Data time: 0.00(0.00)  Forward time: 0.27(0.24)  Batch time: 0.27(0.25)
2026-08-14 02:03:07,740   INFO  a1e06a0b30c0                Fri Aug 14 02:03:07 2026  580.173.02
[0] NVIDIA GeForce RTX 3070 | 71°C,  94 % |  6623 /  8192 MB | root(6226M)

2026-08-14 02:03:20,116   INFO  Train:    3/4 ( 75%) [13873/55563 ( 25%)]  Loss: 0.6321 (1.12)  LR: 1.721e-04  Time cost: 56:52/2:50:52 [3:54:52/6:38:37]  Acc_iter 125000      Data time: 0.00(0.00)  Forward time: 0.25(0.24)  Batch time: 0.26(0.25)
2026-08-14 02:03:32,301   INFO  Train:    3/4 ( 75%) [13923/55563 ( 25%)]  Loss: 0.5674 (1.12)  LR: 1.719e-04  Time cost: 57:04/2:50:40 [3:55:04/6:38:24]  Acc_iter 125050      Data time: 0.00(0.00)  Forward time: 0.22(0.24)  Batch time: 0.22(0.25)
2026-08-14 02:03:44,265   INFO  Train:    3/4 ( 75%) [13973/55563 ( 25%)]  Loss: 0.3282 (1.12)  LR: 1.718e-04  Time cost: 57:16/2:50:26 [3:55:16/6:38:09]  Acc_iter 125100      Data time: 0.00(0.00)  Forward time: 0.27(0.24)  Batch time: 0.27(0.25)
2026-08-14 02:03:44,640   INFO  a1e06a0b30c0                Fri Aug 14 02:03:44 2026  580.173.02
[0] NVIDIA GeForce RTX 3070 | 72°C,  99 % |  6622 /  8192 MB | root(6226M)

2026-08-14 02:03:56,702   INFO  Train:    3/4 ( 75%) [14023/55563 ( 25%)]  Loss: 0.5500 (1.12)  LR: 1.717e-04  Time cost: 57:28/2:50:15 [3:55:28/6:37:58]  Acc_iter 125150      Data time: 0.00(0.00)  Forward time: 0.21(0.24)  Batch time: 0.21(0.25)
2026-08-14 02:04:09,047   INFO  Train:    3/4 ( 75%) [14073/55563 ( 25%)]  Loss: 1.292 (1.12)  LR: 1.715e-04  Time cost: 57:40/2:50:02 [3:55:41/6:37:46]  Acc_iter 125200      Data time: 0.00(0.00)  Forward time: 0.27(0.24)  Batch time: 0.27(0.25)
2026-08-14 02:04:21,528   INFO  Train:    3/4 ( 75%) [14123/55563 ( 25%)]  Loss: 1.790 (1.12)  LR: 1.714e-04  Time cost: 57:53/2:49:51 [3:55:53/6:37:35]  Acc_iter 125250      Data time: 0.00(0.00)  Forward time: 0.25(0.24)  Batch time: 0.25(0.25)
2026-08-14 02:04:21,899   INFO  a1e06a0b30c0                Fri Aug 14 02:04:21 2026  580.173.02
[0] NVIDIA GeForce RTX 3070 | 71°C,  78 % |  6623 /  8192 MB | root(6226M)

2026-08-14 02:04:33,978   INFO  Train:    3/4 ( 75%) [14173/55563 ( 26%)]  Loss: 0.7306 (1.12)  LR: 1.713e-04  Time cost: 58:05/2:49:39 [3:56:06/6:37:24]  Acc_iter 125300      Data time: 0.00(0.00)  Forward time: 0.24(0.24)  Batch time: 0.25(0.25)
2026-08-14 02:04:45,912   INFO  Train:    3/4 ( 75%) [14223/55563 ( 26%)]  Loss: 0.9191 (1.12)  LR: 1.711e-04  Time cost: 58:17/2:49:25 [3:56:18/6:37:09]  Acc_iter 125350      Data time: 0.00(0.00)  Forward time: 0.24(0.24)  Batch time: 0.24(0.25)
2026-08-14 02:04:57,895   INFO  Train:    3/4 ( 75%) [14273/55563 ( 26%)]  Loss: 1.096 (1.12)  LR: 1.710e-04  Time cost: 58:29/2:49:12 [3:56:30/6:36:55]  Acc_iter 125400      Data time: 0.00(0.00)  Forward time: 0.24(0.24)  Batch time: 0.24(0.25)
2026-08-14 02:04:58,260   INFO  a1e06a0b30c0                Fri Aug 14 02:04:58 2026  580.173.02
[0] NVIDIA GeForce RTX 3070 | 70°C,  72 % |  6623 /  8192 MB | root(6226M)

2026-08-14 02:05:10,456   INFO  Train:    3/4 ( 75%) [14323/55563 ( 26%)]  Loss: 0.9429 (1.12)  LR: 1.709e-04  Time cost: 58:42/2:49:01 [3:56:42/6:36:44]  Acc_iter 125450      Data time: 0.00(0.00)  Forward time: 0.21(0.24)  Batch time: 0.21(0.25)
2026-08-14 02:05:22,685   INFO  Train:    3/4 ( 75%) [14373/55563 ( 26%)]  Loss: 0.6661 (1.12)  LR: 1.707e-04  Time cost: 58:54/2:48:48 [3:56:54/6:36:31]  Acc_iter 125500      Data time: 0.00(0.00)  Forward time: 0.27(0.24)  Batch time: 0.27(0.25)
2026-08-14 02:05:34,616   INFO  Train:    3/4 ( 75%) [14423/55563 ( 26%)]  Loss: 1.126 (1.12)  LR: 1.706e-04  Time cost: 59:06/2:48:35 [3:57:06/6:36:17]  Acc_iter 125550      Data time: 0.00(0.00)  Forward time: 0.26(0.24)  Batch time: 0.26(0.25)
2026-08-14 02:05:35,028   INFO  a1e06a0b30c0                Fri Aug 14 02:05:35 2026  580.173.02
[0] NVIDIA GeForce RTX 3070 | 64°C,  91 % |  6623 /  8192 MB | root(6226M)

2026-08-14 02:05:47,448   INFO  Train:    3/4 ( 75%) [14473/55563 ( 26%)]  Loss: 1.679 (1.12)  LR: 1.705e-04  Time cost: 59:19/2:48:24 [3:57:19/6:36:08]  Acc_iter 125600      Data time: 0.00(0.00)  Forward time: 0.29(0.24)  Batch time: 0.29(0.25)
2026-08-14 02:05:59,665   INFO  Train:    3/4 ( 75%) [14523/55563 ( 26%)]  Loss: 1.378 (1.12)  LR: 1.704e-04  Time cost: 59:31/2:48:12 [3:57:31/6:35:55]  Acc_iter 125650      Data time: 0.00(0.00)  Forward time: 0.25(0.24)  Batch time: 0.25(0.25)
2026-08-14 02:06:11,933   INFO  Train:    3/4 ( 75%) [14573/55563 ( 26%)]  Loss: 1.422 (1.12)  LR: 1.702e-04  Time cost: 59:43/2:47:59 [3:57:44/6:35:43]  Acc_iter 125700      Data time: 0.00(0.00)  Forward time: 0.24(0.24)  Batch time: 0.24(0.25)
2026-08-14 02:06:12,309   INFO  a1e06a0b30c0                Fri Aug 14 02:06:12 2026  580.173.02
[0] NVIDIA GeForce RTX 3070 | 70°C,  72 % |  6619 /  8192 MB | root(6226M)

2026-08-14 02:06:24,181   INFO  Train:    3/4 ( 75%) [14623/55563 ( 26%)]  Loss: 1.318 (1.12)  LR: 1.701e-04  Time cost: 59:56/2:47:47 [3:57:56/6:35:30]  Acc_iter 125750      Data time: 0.00(0.00)  Forward time: 0.26(0.24)  Batch time: 0.26(0.25)
2026-08-14 02:06:28,366   INFO  Save latest model to /OpenPCDet/output/OpenPCDet/tools/cfgs/models/S/F/S_F_N/default/ckpt/latest_model
2026-08-14 02:06:36,539   INFO  Train:    3/4 ( 75%) [14673/55563 ( 26%)]  Loss: 1.367 (1.12)  LR: 1.700e-04  Time cost: 1:00:08/2:47:35 [3:58:08/6:35:18]  Acc_iter 125800      Data time: 0.00(0.00)  Forward time: 0.22(0.24)  Batch time: 0.22(0.25)
2026-08-14 02:06:48,793   INFO  Train:    3/4 ( 75%) [14723/55563 ( 26%)]  Loss: 1.028 (1.12)  LR: 1.698e-04  Time cost: 1:00:20/2:47:22 [3:58:20/6:35:06]  Acc_iter 125850      Data time: 0.00(0.00)  Forward time: 0.23(0.24)  Batch time: 0.23(0.25)
2026-08-14 02:06:49,211   INFO  a1e06a0b30c0                Fri Aug 14 02:06:49 2026  580.173.02
[0] NVIDIA GeForce RTX 3070 | 70°C,  95 % |  6624 /  8192 MB | root(6226M)

2026-08-14 02:07:01,787   INFO  Train:    3/4 ( 75%) [14773/55563 ( 27%)]  Loss: 0.7722 (1.12)  LR: 1.697e-04  Time cost: 1:00:33/2:47:12 [3:58:33/6:34:58]  Acc_iter 125900      Data time: 0.00(0.00)  Forward time: 0.19(0.24)  Batch time: 0.19(0.25)
2026-08-14 02:07:13,904   INFO  Train:    3/4 ( 75%) [14823/55563 ( 27%)]  Loss: 0.4584 (1.12)  LR: 1.696e-04  Time cost: 1:00:45/2:46:59 [3:58:46/6:34:44]  Acc_iter 125950      Data time: 0.00(0.00)  Forward time: 0.24(0.24)  Batch time: 0.24(0.25)
2026-08-14 02:07:26,263   INFO  Train:    3/4 ( 75%) [14873/55563 ( 27%)]  Loss: 1.135 (1.12)  LR: 1.694e-04  Time cost: 1:00:58/2:46:47 [3:58:58/6:34:33]  Acc_iter 126000      Data time: 0.00(0.00)  Forward time: 0.24(0.24)  Batch time: 0.25(0.25)
2026-08-14 02:07:26,626   INFO  a1e06a0b30c0                Fri Aug 14 02:07:26 2026  580.173.02
[0] NVIDIA GeForce RTX 3070 | 72°C, 100 % |  6624 /  8192 MB | root(6226M)

2026-08-14 02:07:38,557   INFO  Train:    3/4 ( 75%) [14923/55563 ( 27%)]  Loss: 0.8463 (1.12)  LR: 1.693e-04  Time cost: 1:01:10/2:46:35 [3:59:10/6:34:20]  Acc_iter 126050      Data time: 0.00(0.00)  Forward time: 0.26(0.24)  Batch time: 0.26(0.25)
2026-08-14 02:07:50,555   INFO  Train:    3/4 ( 75%) [14973/55563 ( 27%)]  Loss: 1.271 (1.12)  LR: 1.692e-04  Time cost: 1:01:22/2:46:22 [3:59:22/6:34:06]  Acc_iter 126100      Data time: 0.00(0.00)  Forward time: 0.21(0.24)  Batch time: 0.22(0.25)
2026-08-14 02:08:02,772   INFO  Train:    3/4 ( 75%) [15023/55563 ( 27%)]  Loss: 0.8463 (1.12)  LR: 1.690e-04  Time cost: 1:01:34/2:46:09 [3:59:34/6:33:53]  Acc_iter 126150      Data time: 0.00(0.00)  Forward time: 0.23(0.24)  Batch time: 0.23(0.25)
2026-08-14 02:08:03,163   INFO  a1e06a0b30c0                Fri Aug 14 02:08:03 2026  580.173.02
[0] NVIDIA GeForce RTX 3070 | 72°C,  94 % |  6623 /  8192 MB | root(6226M)

2026-08-14 02:08:15,248   INFO  Train:    3/4 ( 75%) [15073/55563 ( 27%)]  Loss: 1.251 (1.12)  LR: 1.689e-04  Time cost: 1:01:47/2:45:57 [3:59:47/6:33:42]  Acc_iter 126200      Data time: 0.00(0.00)  Forward time: 0.24(0.24)  Batch time: 0.24(0.25)
2026-08-14 02:08:27,484   INFO  Train:    3/4 ( 75%) [15123/55563 ( 27%)]  Loss: 0.8121 (1.12)  LR: 1.688e-04  Time cost: 1:01:59/2:45:45 [3:59:59/6:33:29]  Acc_iter 126250      Data time: 0.00(0.00)  Forward time: 0.22(0.24)  Batch time: 0.22(0.25)
2026-08-14 02:08:39,653   INFO  Train:    3/4 ( 75%) [15173/55563 ( 27%)]  Loss: 1.119 (1.12)  LR: 1.686e-04  Time cost: 1:02:11/2:45:32 [4:00:11/6:33:16]  Acc_iter 126300      Data time: 0.00(0.00)  Forward time: 0.28(0.24)  Batch time: 0.28(0.25)
2026-08-14 02:08:40,141   INFO  a1e06a0b30c0                Fri Aug 14 02:08:40 2026  580.173.02
[0] NVIDIA GeForce RTX 3070 | 67°C,  99 % |  6623 /  8192 MB | root(6226M)

2026-08-14 02:08:52,583   INFO  Train:    3/4 ( 75%) [15223/55563 ( 27%)]  Loss: 0.8151 (1.12)  LR: 1.685e-04  Time cost: 1:02:24/2:45:22 [4:00:24/6:33:08]  Acc_iter 126350      Data time: 0.00(0.00)  Forward time: 0.24(0.24)  Batch time: 0.24(0.25)
2026-08-14 02:09:04,629   INFO  Train:    3/4 ( 75%) [15273/55563 ( 27%)]  Loss: 1.063 (1.12)  LR: 1.684e-04  Time cost: 1:02:36/2:45:09 [4:00:36/6:32:54]  Acc_iter 126400      Data time: 0.00(0.00)  Forward time: 0.26(0.24)  Batch time: 0.26(0.25)
2026-08-14 02:09:16,888   INFO  Train:    3/4 ( 75%) [15323/55563 ( 28%)]  Loss: 1.469 (1.12)  LR: 1.682e-04  Time cost: 1:02:48/2:44:56 [4:00:49/6:32:42]  Acc_iter 126450      Data time: 0.00(0.00)  Forward time: 0.31(0.24)  Batch time: 0.31(0.25)
2026-08-14 02:09:17,281   INFO  a1e06a0b30c0                Fri Aug 14 02:09:17 2026  580.173.02
[0] NVIDIA GeForce RTX 3070 | 69°C,  81 % |  6623 /  8192 MB | root(6226M)

2026-08-14 02:09:29,392   INFO  Train:    3/4 ( 75%) [15373/55563 ( 28%)]  Loss: 0.7126 (1.12)  LR: 1.681e-04  Time cost: 1:03:01/2:44:44 [4:01:01/6:32:31]  Acc_iter 126500      Data time: 0.00(0.00)  Forward time: 0.26(0.24)  Batch time: 0.26(0.25)
2026-08-14 02:09:41,681   INFO  Train:    3/4 ( 75%) [15423/55563 ( 28%)]  Loss: 0.8505 (1.12)  LR: 1.680e-04  Time cost: 1:03:13/2:44:32 [4:01:13/6:32:18]  Acc_iter 126550      Data time: 0.00(0.00)  Forward time: 0.26(0.24)  Batch time: 0.26(0.25)
2026-08-14 02:09:53,856   INFO  Train:    3/4 ( 75%) [15473/55563 ( 28%)]  Loss: 0.6981 (1.12)  LR: 1.679e-04  Time cost: 1:03:25/2:44:20 [4:01:25/6:32:05]  Acc_iter 126600      Data time: 0.00(0.00)  Forward time: 0.23(0.24)  Batch time: 0.23(0.25)
2026-08-14 02:09:54,232   INFO  a1e06a0b30c0                Fri Aug 14 02:09:54 2026  580.173.02
[0] NVIDIA GeForce RTX 3070 | 71°C,  96 % |  6624 /  8192 MB | root(6226M)

2026-08-14 02:10:06,540   INFO  Train:    3/4 ( 75%) [15523/55563 ( 28%)]  Loss: 1.041 (1.12)  LR: 1.677e-04  Time cost: 1:03:38/2:44:08 [4:01:38/6:31:55]  Acc_iter 126650      Data time: 0.00(0.00)  Forward time: 0.25(0.24)  Batch time: 0.25(0.25)
2026-08-14 02:10:18,513   INFO  Train:    3/4 ( 75%) [15573/55563 ( 28%)]  Loss: 0.6897 (1.12)  LR: 1.676e-04  Time cost: 1:03:50/2:43:55 [4:01:50/6:31:41]  Acc_iter 126700      Data time: 0.00(0.00)  Forward time: 0.22(0.24)  Batch time: 0.23(0.25)
2026-08-14 02:10:30,775   INFO  Train:    3/4 ( 75%) [15623/55563 ( 28%)]  Loss: 0.6236 (1.11)  LR: 1.675e-04  Time cost: 1:04:02/2:43:43 [4:02:02/6:31:28]  Acc_iter 126750      Data time: 0.00(0.00)  Forward time: 0.25(0.24)  Batch time: 0.25(0.25)
2026-08-14 02:10:31,239   INFO  a1e06a0b30c0                Fri Aug 14 02:10:31 2026  580.173.02
[0] NVIDIA GeForce RTX 3070 | 70°C,  77 % |  6625 /  8192 MB | root(6226M)

2026-08-14 02:10:43,164   INFO  Train:    3/4 ( 75%) [15673/55563 ( 28%)]  Loss: 1.013 (1.11)  LR: 1.673e-04  Time cost: 1:04:15/2:43:31 [4:02:15/6:31:17]  Acc_iter 126800      Data time: 0.00(0.00)  Forward time: 0.25(0.24)  Batch time: 0.25(0.25)
2026-08-14 02:10:55,094   INFO  Train:    3/4 ( 75%) [15723/55563 ( 28%)]  Loss: 0.6369 (1.11)  LR: 1.672e-04  Time cost: 1:04:27/2:43:17 [4:02:27/6:31:02]  Acc_iter 126850      Data time: 0.00(0.00)  Forward time: 0.24(0.24)  Batch time: 0.24(0.25)
2026-08-14 02:11:07,171   INFO  Train:    3/4 ( 75%) [15773/55563 ( 28%)]  Loss: 1.149 (1.11)  LR: 1.671e-04  Time cost: 1:04:39/2:43:05 [4:02:39/6:30:49]  Acc_iter 126900      Data time: 0.00(0.00)  Forward time: 0.27(0.24)  Batch time: 0.27(0.25)
2026-08-14 02:11:07,560   INFO  a1e06a0b30c0                Fri Aug 14 02:11:07 2026  580.173.02
[0] NVIDIA GeForce RTX 3070 | 65°C,   2 % |  6624 /  8192 MB | root(6226M)

2026-08-14 02:11:19,830   INFO  Train:    3/4 ( 75%) [15823/55563 ( 28%)]  Loss: 0.7641 (1.11)  LR: 1.669e-04  Time cost: 1:04:51/2:42:53 [4:02:51/6:30:38]  Acc_iter 126950      Data time: 0.00(0.00)  Forward time: 0.24(0.24)  Batch time: 0.24(0.25)
2026-08-14 02:11:28,229   INFO  Save latest model to /OpenPCDet/output/OpenPCDet/tools/cfgs/models/S/F/S_F_N/default/ckpt/latest_model
2026-08-14 02:11:32,169   INFO  Train:    3/4 ( 75%) [15873/55563 ( 29%)]  Loss: 1.357 (1.11)  LR: 1.668e-04  Time cost: 1:05:04/2:42:41 [4:03:04/6:30:26]  Acc_iter 127000      Data time: 0.00(0.00)  Forward time: 0.24(0.24)  Batch time: 0.25(0.25)
2026-08-14 02:11:44,021   INFO  Train:    3/4 ( 75%) [15923/55563 ( 29%)]  Loss: 0.8721 (1.11)  LR: 1.667e-04  Time cost: 1:05:15/2:42:28 [4:03:16/6:30:11]  Acc_iter 127050      Data time: 0.00(0.00)  Forward time: 0.27(0.24)  Batch time: 0.28(0.25)
2026-08-14 02:11:44,440   INFO  a1e06a0b30c0                Fri Aug 14 02:11:44 2026  580.173.02
[0] NVIDIA GeForce RTX 3070 | 70°C,  80 % |  6624 /  8192 MB | root(6226M)

2026-08-14 02:11:56,685   INFO  Train:    3/4 ( 75%) [15973/55563 ( 29%)]  Loss: 1.047 (1.11)  LR: 1.665e-04  Time cost: 1:05:28/2:42:16 [4:03:28/6:30:01]  Acc_iter 127100      Data time: 0.00(0.00)  Forward time: 0.28(0.24)  Batch time: 0.29(0.25)
2026-08-14 02:12:08,814   INFO  Train:    3/4 ( 75%) [16023/55563 ( 29%)]  Loss: 0.6864 (1.11)  LR: 1.664e-04  Time cost: 1:05:40/2:42:03 [4:03:40/6:29:48]  Acc_iter 127150      Data time: 0.00(0.00)  Forward time: 0.20(0.24)  Batch time: 0.20(0.25)
2026-08-14 02:12:21,372   INFO  Train:    3/4 ( 75%) [16073/55563 ( 29%)]  Loss: 1.055 (1.11)  LR: 1.663e-04  Time cost: 1:05:53/2:41:52 [4:03:53/6:29:37]  Acc_iter 127200      Data time: 0.00(0.00)  Forward time: 0.24(0.24)  Batch time: 0.24(0.25)
2026-08-14 02:12:21,752   INFO  a1e06a0b30c0                Fri Aug 14 02:12:21 2026  580.173.02
[0] NVIDIA GeForce RTX 3070 | 70°C,  79 % |  6623 /  8192 MB | root(6226M)

2026-08-14 02:12:33,726   INFO  Train:    3/4 ( 75%) [16123/55563 ( 29%)]  Loss: 1.305 (1.11)  LR: 1.661e-04  Time cost: 1:06:05/2:41:40 [4:04:05/6:29:25]  Acc_iter 127250      Data time: 0.00(0.00)  Forward time: 0.22(0.24)  Batch time: 0.23(0.25)
2026-08-14 02:12:45,722   INFO  Train:    3/4 ( 75%) [16173/55563 ( 29%)]  Loss: 0.3346 (1.11)  LR: 1.660e-04  Time cost: 1:06:17/2:41:27 [4:04:17/6:29:11]  Acc_iter 127300      Data time: 0.00(0.00)  Forward time: 0.23(0.24)  Batch time: 0.24(0.25)
2026-08-14 02:12:57,745   INFO  Train:    3/4 ( 75%) [16223/55563 ( 29%)]  Loss: 1.474 (1.11)  LR: 1.659e-04  Time cost: 1:06:29/2:41:14 [4:04:29/6:28:57]  Acc_iter 127350      Data time: 0.00(0.00)  Forward time: 0.26(0.24)  Batch time: 0.26(0.25)
2026-08-14 02:12:58,134   INFO  a1e06a0b30c0                Fri Aug 14 02:12:58 2026  580.173.02
[0] NVIDIA GeForce RTX 3070 | 70°C,  73 % |  6624 /  8192 MB | root(6226M)

2026-08-14 02:13:10,530   INFO  Train:    3/4 ( 75%) [16273/55563 ( 29%)]  Loss: 2.360 (1.11)  LR: 1.657e-04  Time cost: 1:06:42/2:41:03 [4:04:42/6:28:48]  Acc_iter 127400      Data time: 0.00(0.00)  Forward time: 0.25(0.24)  Batch time: 0.25(0.25)
2026-08-14 02:13:22,635   INFO  Train:    3/4 ( 75%) [16323/55563 ( 29%)]  Loss: 1.030 (1.11)  LR: 1.656e-04  Time cost: 1:06:54/2:40:50 [4:04:54/6:28:34]  Acc_iter 127450      Data time: 0.00(0.00)  Forward time: 0.26(0.24)  Batch time: 0.26(0.25)
2026-08-14 02:13:35,149   INFO  Train:    3/4 ( 75%) [16373/55563 ( 29%)]  Loss: 1.715 (1.11)  LR: 1.655e-04  Time cost: 1:07:07/2:40:38 [4:05:07/6:28:23]  Acc_iter 127500      Data time: 0.00(0.00)  Forward time: 0.22(0.24)  Batch time: 0.22(0.25)
2026-08-14 02:13:35,530   INFO  a1e06a0b30c0                Fri Aug 14 02:13:35 2026  580.173.02
[0] NVIDIA GeForce RTX 3070 | 67°C,   0 % |  6624 /  8192 MB | root(6226M)

2026-08-14 02:13:47,456   INFO  Train:    3/4 ( 75%) [16423/55563 ( 30%)]  Loss: 1.189 (1.11)  LR: 1.654e-04  Time cost: 1:07:19/2:40:26 [4:05:19/6:28:11]  Acc_iter 127550      Data time: 0.00(0.00)  Forward time: 0.26(0.24)  Batch time: 0.26(0.25)
2026-08-14 02:13:59,998   INFO  Train:    3/4 ( 75%) [16473/55563 ( 30%)]  Loss: 0.8605 (1.11)  LR: 1.652e-04  Time cost: 1:07:31/2:40:14 [4:05:32/6:28:00]  Acc_iter 127600      Data time: 0.00(0.00)  Forward time: 0.26(0.24)  Batch time: 0.26(0.25)
2026-08-14 02:14:12,155   INFO  Train:    3/4 ( 75%) [16523/55563 ( 30%)]  Loss: 2.351 (1.11)  LR: 1.651e-04  Time cost: 1:07:44/2:40:01 [4:05:44/6:27:47]  Acc_iter 127650      Data time: 0.00(0.00)  Forward time: 0.27(0.24)  Batch time: 0.27(0.25)
2026-08-14 02:14:12,534   INFO  a1e06a0b30c0                Fri Aug 14 02:14:12 2026  580.173.02
[0] NVIDIA GeForce RTX 3070 | 65°C,   0 % |  6619 /  8192 MB | root(6226M)

2026-08-14 02:14:24,775   INFO  Train:    3/4 ( 75%) [16573/55563 ( 30%)]  Loss: 1.116 (1.11)  LR: 1.650e-04  Time cost: 1:07:56/2:39:50 [4:05:56/6:27:37]  Acc_iter 127700      Data time: 0.00(0.00)  Forward time: 0.24(0.24)  Batch time: 0.24(0.25)
2026-08-14 02:14:36,519   INFO  Train:    3/4 ( 75%) [16623/55563 ( 30%)]  Loss: 0.5160 (1.11)  LR: 1.648e-04  Time cost: 1:08:08/2:39:36 [4:06:08/6:27:21]  Acc_iter 127750      Data time: 0.00(0.00)  Forward time: 0.24(0.24)  Batch time: 0.24(0.25)
2026-08-14 02:14:48,642   INFO  Train:    3/4 ( 75%) [16673/55563 ( 30%)]  Loss: 0.9561 (1.11)  LR: 1.647e-04  Time cost: 1:08:20/2:39:24 [4:06:20/6:27:08]  Acc_iter 127800      Data time: 0.00(0.00)  Forward time: 0.24(0.24)  Batch time: 0.24(0.25)
2026-08-14 02:14:49,018   INFO  a1e06a0b30c0                Fri Aug 14 02:14:48 2026  580.173.02
[0] NVIDIA GeForce RTX 3070 | 65°C,  87 % |  6619 /  8192 MB | root(6226M)

2026-08-14 02:15:01,534   INFO  Train:    3/4 ( 75%) [16723/55563 ( 30%)]  Loss: 1.233 (1.11)  LR: 1.646e-04  Time cost: 1:08:33/2:39:13 [4:06:33/6:26:59]  Acc_iter 127850      Data time: 0.00(0.00)  Forward time: 0.20(0.24)  Batch time: 0.21(0.25)
2026-08-14 02:15:13,815   INFO  Train:    3/4 ( 75%) [16773/55563 ( 30%)]  Loss: 0.8504 (1.11)  LR: 1.644e-04  Time cost: 1:08:45/2:39:00 [4:06:45/6:26:47]  Acc_iter 127900      Data time: 0.00(0.00)  Forward time: 0.26(0.24)  Batch time: 0.26(0.25)
2026-08-14 02:15:26,051   INFO  Train:    3/4 ( 75%) [16823/55563 ( 30%)]  Loss: 1.639 (1.11)  LR: 1.643e-04  Time cost: 1:08:57/2:38:48 [4:06:58/6:26:34]  Acc_iter 127950      Data time: 0.00(0.00)  Forward time: 0.24(0.24)  Batch time: 0.24(0.25)
2026-08-14 02:15:26,433   INFO  a1e06a0b30c0                Fri Aug 14 02:15:26 2026  580.173.02
[0] NVIDIA GeForce RTX 3070 | 72°C,  95 % |  6619 /  8192 MB | root(6226M)

2026-08-14 02:15:38,412   INFO  Train:    3/4 ( 75%) [16873/55563 ( 30%)]  Loss: 0.7679 (1.11)  LR: 1.642e-04  Time cost: 1:09:10/2:38:36 [4:07:10/6:26:22]  Acc_iter 128000      Data time: 0.00(0.00)  Forward time: 0.22(0.24)  Batch time: 0.22(0.25)
2026-08-14 02:15:50,607   INFO  Train:    3/4 ( 75%) [16923/55563 ( 30%)]  Loss: 1.568 (1.11)  LR: 1.640e-04  Time cost: 1:09:22/2:38:23 [4:07:22/6:26:09]  Acc_iter 128050      Data time: 0.00(0.00)  Forward time: 0.26(0.24)  Batch time: 0.27(0.25)
2026-08-14 02:16:02,949   INFO  Train:    3/4 ( 75%) [16973/55563 ( 31%)]  Loss: 1.140 (1.11)  LR: 1.639e-04  Time cost: 1:09:34/2:38:11 [4:07:35/6:25:57]  Acc_iter 128100      Data time: 0.00(0.00)  Forward time: 0.21(0.24)  Batch time: 0.21(0.25)
2026-08-14 02:16:03,314   INFO  a1e06a0b30c0                Fri Aug 14 02:16:03 2026  580.173.02
[0] NVIDIA GeForce RTX 3070 | 70°C,  64 % |  6620 /  8192 MB | root(6226M)

2026-08-14 02:16:15,557   INFO  Train:    3/4 ( 75%) [17023/55563 ( 31%)]  Loss: 1.224 (1.11)  LR: 1.638e-04  Time cost: 1:09:47/2:37:59 [4:07:47/6:25:47]  Acc_iter 128150      Data time: 0.00(0.00)  Forward time: 0.23(0.24)  Batch time: 0.23(0.25)
2026-08-14 02:16:27,621   INFO  Train:    3/4 ( 75%) [17073/55563 ( 31%)]  Loss: 0.4805 (1.11)  LR: 1.636e-04  Time cost: 1:09:59/2:37:47 [4:07:59/6:25:33]  Acc_iter 128200      Data time: 0.00(0.00)  Forward time: 0.21(0.24)  Batch time: 0.22(0.25)
2026-08-14 02:16:28,227   INFO  Save latest model to /OpenPCDet/output/OpenPCDet/tools/cfgs/models/S/F/S_F_N/default/ckpt/latest_model
2026-08-14 02:16:40,178   INFO  Train:    3/4 ( 75%) [17123/55563 ( 31%)]  Loss: 0.8803 (1.11)  LR: 1.635e-04  Time cost: 1:10:12/2:37:35 [4:08:12/6:25:22]  Acc_iter 128250      Data time: 0.00(0.00)  Forward time: 0.23(0.24)  Batch time: 0.23(0.25)
2026-08-14 02:16:40,644   INFO  a1e06a0b30c0                Fri Aug 14 02:16:40 2026  580.173.02
[0] NVIDIA GeForce RTX 3070 | 66°C,   7 % |  6620 /  8192 MB | root(6226M)

2026-08-14 02:16:53,091   INFO  Train:    3/4 ( 75%) [17173/55563 ( 31%)]  Loss: 0.8291 (1.11)  LR: 1.634e-04  Time cost: 1:10:25/2:37:24 [4:08:25/6:25:13]  Acc_iter 128300      Data time: 0.00(0.00)  Forward time: 0.20(0.24)  Batch time: 0.20(0.25)
2026-08-14 02:17:05,153   INFO  Train:    3/4 ( 75%) [17223/55563 ( 31%)]  Loss: 0.9517 (1.11)  LR: 1.632e-04  Time cost: 1:10:37/2:37:11 [4:08:37/6:25:00]  Acc_iter 128350      Data time: 0.00(0.00)  Forward time: 0.28(0.24)  Batch time: 0.28(0.25)
2026-08-14 02:17:17,415   INFO  Train:    3/4 ( 75%) [17273/55563 ( 31%)]  Loss: 0.4247 (1.11)  LR: 1.631e-04  Time cost: 1:10:49/2:36:59 [4:08:49/6:24:47]  Acc_iter 128400      Data time: 0.00(0.00)  Forward time: 0.22(0.24)  Batch time: 0.22(0.25)
2026-08-14 02:17:17,870   INFO  a1e06a0b30c0                Fri Aug 14 02:17:17 2026  580.173.02
[0] NVIDIA GeForce RTX 3070 | 70°C,  94 % |  6620 /  8192 MB | root(6226M)

2026-08-14 02:17:29,992   INFO  Train:    3/4 ( 75%) [17323/55563 ( 31%)]  Loss: 1.234 (1.11)  LR: 1.630e-04  Time cost: 1:11:01/2:36:47 [4:09:02/6:24:36]  Acc_iter 128450      Data time: 0.00(0.00)  Forward time: 0.25(0.24)  Batch time: 0.25(0.25)
2026-08-14 02:17:42,321   INFO  Train:    3/4 ( 75%) [17373/55563 ( 31%)]  Loss: 1.093 (1.11)  LR: 1.628e-04  Time cost: 1:11:14/2:36:35 [4:09:14/6:24:24]  Acc_iter 128500      Data time: 0.00(0.00)  Forward time: 0.24(0.24)  Batch time: 0.24(0.25)
2026-08-14 02:17:54,579   INFO  Train:    3/4 ( 75%) [17423/55563 ( 31%)]  Loss: 1.490 (1.11)  LR: 1.627e-04  Time cost: 1:11:26/2:36:22 [4:09:26/6:24:12]  Acc_iter 128550      Data time: 0.00(0.00)  Forward time: 0.27(0.24)  Batch time: 0.28(0.25)
2026-08-14 02:17:54,947   INFO  a1e06a0b30c0                Fri Aug 14 02:17:54 2026  580.173.02
[0] NVIDIA GeForce RTX 3070 | 71°C,  76 % |  6619 /  8192 MB | root(6226M)

2026-08-14 02:18:07,041   INFO  Train:    3/4 ( 75%) [17473/55563 ( 31%)]  Loss: 0.6908 (1.11)  LR: 1.626e-04  Time cost: 1:11:38/2:36:10 [4:09:39/6:24:00]  Acc_iter 128600      Data time: 0.00(0.00)  Forward time: 0.25(0.24)  Batch time: 0.26(0.25)
2026-08-14 02:18:19,066   INFO  Train:    3/4 ( 75%) [17523/55563 ( 32%)]  Loss: 1.149 (1.11)  LR: 1.624e-04  Time cost: 1:11:51/2:35:58 [4:09:51/6:23:46]  Acc_iter 128650      Data time: 0.00(0.00)  Forward time: 0.20(0.24)  Batch time: 0.20(0.25)
2026-08-14 02:18:31,387   INFO  Train:    3/4 ( 75%) [17573/55563 ( 32%)]  Loss: 0.9055 (1.11)  LR: 1.623e-04  Time cost: 1:12:03/2:35:45 [4:10:03/6:23:34]  Acc_iter 128700      Data time: 0.00(0.00)  Forward time: 0.26(0.24)  Batch time: 0.26(0.25)
2026-08-14 02:18:31,791   INFO  a1e06a0b30c0                Fri Aug 14 02:18:31 2026  580.173.02
[0] NVIDIA GeForce RTX 3070 | 71°C,  95 % |  6620 /  8192 MB | root(6226M)

2026-08-14 02:18:44,159   INFO  Train:    3/4 ( 75%) [17623/55563 ( 32%)]  Loss: 0.9824 (1.11)  LR: 1.622e-04  Time cost: 1:12:16/2:35:34 [4:10:16/6:23:24]  Acc_iter 128750      Data time: 0.00(0.00)  Forward time: 0.22(0.24)  Batch time: 0.22(0.25)
2026-08-14 02:18:55,977   INFO  Train:    3/4 ( 75%) [17673/55563 ( 32%)]  Loss: 0.8875 (1.11)  LR: 1.621e-04  Time cost: 1:12:27/2:35:21 [4:10:28/6:23:10]  Acc_iter 128800      Data time: 0.00(0.00)  Forward time: 0.25(0.24)  Batch time: 0.25(0.25)
2026-08-14 02:19:08,378   INFO  Train:    3/4 ( 75%) [17723/55563 ( 32%)]  Loss: 1.509 (1.11)  LR: 1.619e-04  Time cost: 1:12:40/2:35:09 [4:10:40/6:22:58]  Acc_iter 128850      Data time: 0.00(0.00)  Forward time: 0.20(0.24)  Batch time: 0.21(0.25)
2026-08-14 02:19:08,741   INFO  a1e06a0b30c0                Fri Aug 14 02:19:08 2026  580.173.02
[0] NVIDIA GeForce RTX 3070 | 70°C,  85 % |  6620 /  8192 MB | root(6226M)

2026-08-14 02:19:20,813   INFO  Train:    3/4 ( 75%) [17773/55563 ( 32%)]  Loss: 1.394 (1.11)  LR: 1.618e-04  Time cost: 1:12:52/2:34:57 [4:10:52/6:22:46]  Acc_iter 128900      Data time: 0.00(0.00)  Forward time: 0.23(0.24)  Batch time: 0.24(0.25)
2026-08-14 02:19:33,285   INFO  Train:    3/4 ( 75%) [17823/55563 ( 32%)]  Loss: 0.9903 (1.11)  LR: 1.617e-04  Time cost: 1:13:05/2:34:45 [4:11:05/6:22:35]  Acc_iter 128950      Data time: 0.00(0.00)  Forward time: 0.25(0.24)  Batch time: 0.25(0.25)
2026-08-14 02:19:45,325   INFO  Train:    3/4 ( 75%) [17873/55563 ( 32%)]  Loss: 1.802 (1.11)  LR: 1.615e-04  Time cost: 1:13:17/2:34:32 [4:11:17/6:22:21]  Acc_iter 129000      Data time: 0.00(0.00)  Forward time: 0.26(0.24)  Batch time: 0.26(0.25)
2026-08-14 02:19:45,690   INFO  a1e06a0b30c0                Fri Aug 14 02:19:45 2026  580.173.02
[0] NVIDIA GeForce RTX 3070 | 72°C,  99 % |  6619 /  8192 MB | root(6226M)

2026-08-14 02:19:57,877   INFO  Train:    3/4 ( 75%) [17923/55563 ( 32%)]  Loss: 0.7301 (1.11)  LR: 1.614e-04  Time cost: 1:13:29/2:34:20 [4:11:29/6:22:10]  Acc_iter 129050      Data time: 0.00(0.00)  Forward time: 0.22(0.24)  Batch time: 0.22(0.25)
2026-08-14 02:20:09,876   INFO  Train:    3/4 ( 75%) [17973/55563 ( 32%)]  Loss: 1.069 (1.11)  LR: 1.613e-04  Time cost: 1:13:41/2:34:07 [4:11:41/6:21:56]  Acc_iter 129100      Data time: 0.00(0.00)  Forward time: 0.24(0.24)  Batch time: 0.25(0.25)
2026-08-14 02:20:22,015   INFO  Train:    3/4 ( 75%) [18023/55563 ( 32%)]  Loss: 1.173 (1.11)  LR: 1.611e-04  Time cost: 1:13:53/2:33:54 [4:11:54/6:21:43]  Acc_iter 129150      Data time: 0.00(0.00)  Forward time: 0.22(0.24)  Batch time: 0.22(0.25)
2026-08-14 02:20:22,441   INFO  a1e06a0b30c0                Fri Aug 14 02:20:22 2026  580.173.02
[0] NVIDIA GeForce RTX 3070 | 71°C,  99 % |  6619 /  8192 MB | root(6226M)

2026-08-14 02:20:34,755   INFO  Train:    3/4 ( 75%) [18073/55563 ( 33%)]  Loss: 1.263 (1.11)  LR: 1.610e-04  Time cost: 1:14:06/2:33:43 [4:12:06/6:21:33]  Acc_iter 129200      Data time: 0.00(0.00)  Forward time: 0.25(0.24)  Batch time: 0.25(0.25)
2026-08-14 02:20:46,755   INFO  Train:    3/4 ( 75%) [18123/55563 ( 33%)]  Loss: 0.9442 (1.11)  LR: 1.609e-04  Time cost: 1:14:18/2:33:30 [4:12:18/6:21:19]  Acc_iter 129250      Data time: 0.00(0.00)  Forward time: 0.23(0.24)  Batch time: 0.23(0.25)
2026-08-14 02:20:58,880   INFO  Train:    3/4 ( 75%) [18173/55563 ( 33%)]  Loss: 1.325 (1.11)  LR: 1.607e-04  Time cost: 1:14:30/2:33:17 [4:12:31/6:21:06]  Acc_iter 129300      Data time: 0.00(0.00)  Forward time: 0.25(0.24)  Batch time: 0.25(0.25)
2026-08-14 02:20:59,237   INFO  a1e06a0b30c0                Fri Aug 14 02:20:59 2026  580.173.02
[0] NVIDIA GeForce RTX 3070 | 71°C,  95 % |  6619 /  8192 MB | root(6226M)

2026-08-14 02:21:11,691   INFO  Train:    3/4 ( 75%) [18223/55563 ( 33%)]  Loss: 1.239 (1.11)  LR: 1.606e-04  Time cost: 1:14:43/2:33:06 [4:12:43/6:20:56]  Acc_iter 129350      Data time: 0.00(0.00)  Forward time: 0.22(0.24)  Batch time: 0.22(0.25)
2026-08-14 02:21:23,786   INFO  Train:    3/4 ( 75%) [18273/55563 ( 33%)]  Loss: 0.9733 (1.11)  LR: 1.605e-04  Time cost: 1:14:55/2:32:53 [4:12:55/6:20:43]  Acc_iter 129400      Data time: 0.00(0.00)  Forward time: 0.26(0.24)  Batch time: 0.26(0.25)
2026-08-14 02:21:28,156   INFO  Save latest model to /OpenPCDet/output/OpenPCDet/tools/cfgs/models/S/F/S_F_N/default/ckpt/latest_model
2026-08-14 02:21:35,962   INFO  Train:    3/4 ( 75%) [18323/55563 ( 33%)]  Loss: 0.9372 (1.11)  LR: 1.603e-04  Time cost: 1:15:07/2:32:41 [4:13:08/6:20:30]  Acc_iter 129450      Data time: 0.00(0.00)  Forward time: 0.25(0.24)  Batch time: 0.25(0.25)
2026-08-14 02:21:36,363   INFO  a1e06a0b30c0                Fri Aug 14 02:21:36 2026  580.173.02
[0] NVIDIA GeForce RTX 3070 | 70°C,  74 % |  6620 /  8192 MB | root(6226M)

2026-08-14 02:21:48,493   INFO  Train:    3/4 ( 75%) [18373/55563 ( 33%)]  Loss: 0.4077 (1.11)  LR: 1.602e-04  Time cost: 1:15:20/2:32:29 [4:13:20/6:20:19]  Acc_iter 129500      Data time: 0.00(0.00)  Forward time: 0.25(0.24)  Batch time: 0.25(0.25)
2026-08-14 02:22:00,861   INFO  Train:    3/4 ( 75%) [18423/55563 ( 33%)]  Loss: 1.650 (1.11)  LR: 1.601e-04  Time cost: 1:15:32/2:32:17 [4:13:32/6:20:07]  Acc_iter 129550      Data time: 0.00(0.00)  Forward time: 0.25(0.24)  Batch time: 0.25(0.25)
2026-08-14 02:22:13,188   INFO  Train:    3/4 ( 75%) [18473/55563 ( 33%)]  Loss: 0.6513 (1.11)  LR: 1.599e-04  Time cost: 1:15:45/2:32:05 [4:13:45/6:19:55]  Acc_iter 129600      Data time: 0.00(0.00)  Forward time: 0.22(0.24)  Batch time: 0.22(0.25)
2026-08-14 02:22:13,556   INFO  a1e06a0b30c0                Fri Aug 14 02:22:13 2026  580.173.02
[0] NVIDIA GeForce RTX 3070 | 66°C,   0 % |  6620 /  8192 MB | root(6226M)

2026-08-14 02:22:26,013   INFO  Train:    3/4 ( 75%) [18523/55563 ( 33%)]  Loss: 1.528 (1.11)  LR: 1.598e-04  Time cost: 1:15:57/2:31:53 [4:13:58/6:19:45]  Acc_iter 129650      Data time: 0.00(0.00)  Forward time: 0.25(0.24)  Batch time: 0.25(0.25)
2026-08-14 02:22:38,217   INFO  Train:    3/4 ( 75%) [18573/55563 ( 33%)]  Loss: 0.7932 (1.11)  LR: 1.597e-04  Time cost: 1:16:10/2:31:41 [4:14:10/6:19:32]  Acc_iter 129700      Data time: 0.00(0.00)  Forward time: 0.25(0.24)  Batch time: 0.25(0.25)
2026-08-14 02:22:50,216   INFO  Train:    3/4 ( 75%) [18623/55563 ( 34%)]  Loss: 1.575 (1.11)  LR: 1.595e-04  Time cost: 1:16:22/2:31:28 [4:14:22/6:19:18]  Acc_iter 129750      Data time: 0.00(0.00)  Forward time: 0.27(0.24)  Batch time: 0.27(0.25)
2026-08-14 02:22:50,607   INFO  a1e06a0b30c0                Fri Aug 14 02:22:50 2026  580.173.02
[0] NVIDIA GeForce RTX 3070 | 65°C,   1 % |  6619 /  8192 MB | root(6226M)

2026-08-14 02:23:03,246   INFO  Train:    3/4 ( 75%) [18673/55563 ( 34%)]  Loss: 1.056 (1.11)  LR: 1.594e-04  Time cost: 1:16:35/2:31:17 [4:14:35/6:19:10]  Acc_iter 129800      Data time: 0.00(0.00)  Forward time: 0.27(0.24)  Batch time: 0.27(0.25)
2026-08-14 02:23:15,255   INFO  Train:    3/4 ( 75%) [18723/55563 ( 34%)]  Loss: 0.4239 (1.11)  LR: 1.593e-04  Time cost: 1:16:47/2:31:04 [4:14:47/6:18:56]  Acc_iter 129850      Data time: 0.00(0.00)  Forward time: 0.21(0.24)  Batch time: 0.21(0.25)
2026-08-14 02:23:27,356   INFO  Train:    3/4 ( 75%) [18773/55563 ( 34%)]  Loss: 1.002 (1.11)  LR: 1.591e-04  Time cost: 1:16:59/2:30:52 [4:14:59/6:18:43]  Acc_iter 129900      Data time: 0.00(0.00)  Forward time: 0.20(0.24)  Batch time: 0.20(0.25)
2026-08-14 02:23:27,723   INFO  a1e06a0b30c0                Fri Aug 14 02:23:27 2026  580.173.02
[0] NVIDIA GeForce RTX 3070 | 72°C,  96 % |  6619 /  8192 MB | root(6226M)

2026-08-14 02:23:39,854   INFO  Train:    3/4 ( 75%) [18823/55563 ( 34%)]  Loss: 3.040 (1.11)  LR: 1.590e-04  Time cost: 1:17:11/2:30:40 [4:15:11/6:18:31]  Acc_iter 129950      Data time: 0.00(0.00)  Forward time: 0.25(0.24)  Batch time: 0.25(0.25)
2026-08-14 02:23:52,024   INFO  Train:    3/4 ( 75%) [18873/55563 ( 34%)]  Loss: 1.267 (1.11)  LR: 1.589e-04  Time cost: 1:17:23/2:30:27 [4:15:24/6:18:18]  Acc_iter 130000      Data time: 0.00(0.00)  Forward time: 0.29(0.24)  Batch time: 0.29(0.25)
2026-08-14 02:24:04,056   INFO  Train:    3/4 ( 75%) [18923/55563 ( 34%)]  Loss: 0.8459 (1.11)  LR: 1.587e-04  Time cost: 1:17:35/2:30:14 [4:15:36/6:18:05]  Acc_iter 130050      Data time: 0.00(0.00)  Forward time: 0.19(0.24)  Batch time: 0.19(0.25)
2026-08-14 02:24:04,430   INFO  a1e06a0b30c0                Fri Aug 14 02:24:04 2026  580.173.02
[0] NVIDIA GeForce RTX 3070 | 72°C,  99 % |  6623 /  8192 MB | root(6226M)

2026-08-14 02:24:16,434   INFO  Train:    3/4 ( 75%) [18973/55563 ( 34%)]  Loss: 0.8721 (1.11)  LR: 1.586e-04  Time cost: 1:17:48/2:30:02 [4:15:48/6:17:53]  Acc_iter 130100      Data time: 0.00(0.00)  Forward time: 0.21(0.24)  Batch time: 0.21(0.25)
2026-08-14 02:24:28,836   INFO  Train:    3/4 ( 75%) [19023/55563 ( 34%)]  Loss: 1.496 (1.11)  LR: 1.585e-04  Time cost: 1:18:00/2:29:50 [4:16:00/6:17:41]  Acc_iter 130150      Data time: 0.00(0.00)  Forward time: 0.26(0.24)  Batch time: 0.27(0.25)
2026-08-14 02:24:41,010   INFO  Train:    3/4 ( 75%) [19073/55563 ( 34%)]  Loss: 2.026 (1.11)  LR: 1.584e-04  Time cost: 1:18:12/2:29:37 [4:16:13/6:17:28]  Acc_iter 130200      Data time: 0.00(0.00)  Forward time: 0.22(0.24)  Batch time: 0.22(0.25)
2026-08-14 02:24:41,422   INFO  a1e06a0b30c0                Fri Aug 14 02:24:41 2026  580.173.02
[0] NVIDIA GeForce RTX 3070 | 69°C, 100 % |  6624 /  8192 MB | root(6226M)

2026-08-14 02:24:53,835   INFO  Train:    3/4 ( 75%) [19123/55563 ( 34%)]  Loss: 0.8224 (1.11)  LR: 1.582e-04  Time cost: 1:18:25/2:29:26 [4:16:25/6:17:18]  Acc_iter 130250      Data time: 0.00(0.00)  Forward time: 0.22(0.24)  Batch time: 0.22(0.25)
2026-08-14 02:25:05,440   INFO  Train:    3/4 ( 75%) [19173/55563 ( 35%)]  Loss: 0.7405 (1.11)  LR: 1.581e-04  Time cost: 1:18:37/2:29:13 [4:16:37/6:17:03]  Acc_iter 130300      Data time: 0.00(0.00)  Forward time: 0.22(0.24)  Batch time: 0.22(0.25)
2026-08-14 02:25:17,376   INFO  Train:    3/4 ( 75%) [19223/55563 ( 35%)]  Loss: 1.442 (1.11)  LR: 1.580e-04  Time cost: 1:18:49/2:29:00 [4:16:49/6:16:49]  Acc_iter 130350      Data time: 0.00(0.00)  Forward time: 0.24(0.24)  Batch time: 0.24(0.25)
2026-08-14 02:25:17,732   INFO  a1e06a0b30c0                Fri Aug 14 02:25:17 2026  580.173.02
[0] NVIDIA GeForce RTX 3070 | 70°C,  93 % |  6624 /  8192 MB | root(6226M)

2026-08-14 02:25:29,919   INFO  Train:    3/4 ( 75%) [19273/55563 ( 35%)]  Loss: 0.4285 (1.11)  LR: 1.578e-04  Time cost: 1:19:01/2:28:48 [4:17:02/6:16:37]  Acc_iter 130400      Data time: 0.00(0.00)  Forward time: 0.22(0.24)  Batch time: 0.22(0.25)
2026-08-14 02:25:42,073   INFO  Train:    3/4 ( 75%) [19323/55563 ( 35%)]  Loss: 0.5170 (1.11)  LR: 1.577e-04  Time cost: 1:19:14/2:28:35 [4:17:14/6:16:25]  Acc_iter 130450      Data time: 0.00(0.00)  Forward time: 0.23(0.24)  Batch time: 0.23(0.25)
2026-08-14 02:25:54,404   INFO  Train:    3/4 ( 75%) [19373/55563 ( 35%)]  Loss: 0.9335 (1.11)  LR: 1.576e-04  Time cost: 1:19:26/2:28:23 [4:17:26/6:16:12]  Acc_iter 130500      Data time: 0.00(0.00)  Forward time: 0.27(0.24)  Batch time: 0.27(0.25)
2026-08-14 02:25:54,762   INFO  a1e06a0b30c0                Fri Aug 14 02:25:54 2026  580.173.02
[0] NVIDIA GeForce RTX 3070 | 70°C,  94 % |  6624 /  8192 MB | root(6226M)

2026-08-14 02:26:06,776   INFO  Train:    3/4 ( 75%) [19423/55563 ( 35%)]  Loss: 1.268 (1.11)  LR: 1.574e-04  Time cost: 1:19:38/2:28:11 [4:17:38/6:16:00]  Acc_iter 130550      Data time: 0.00(0.00)  Forward time: 0.23(0.24)  Batch time: 0.23(0.25)
2026-08-14 02:26:19,013   INFO  Train:    3/4 ( 75%) [19473/55563 ( 35%)]  Loss: 2.245 (1.11)  LR: 1.573e-04  Time cost: 1:19:50/2:27:58 [4:17:51/6:15:48]  Acc_iter 130600      Data time: 0.00(0.00)  Forward time: 0.27(0.24)  Batch time: 0.27(0.25)
2026-08-14 02:26:28,307   INFO  Save latest model to /OpenPCDet/output/OpenPCDet/tools/cfgs/models/S/F/S_F_N/default/ckpt/latest_model
2026-08-14 02:26:31,465   INFO  Train:    3/4 ( 75%) [19523/55563 ( 35%)]  Loss: 1.542 (1.11)  LR: 1.572e-04  Time cost: 1:20:03/2:27:46 [4:18:03/6:15:36]  Acc_iter 130650      Data time: 0.00(0.00)  Forward time: 0.26(0.24)  Batch time: 0.26(0.25)
2026-08-14 02:26:31,899   INFO  a1e06a0b30c0                Fri Aug 14 02:26:31 2026  580.173.02
[0] NVIDIA GeForce RTX 3070 | 70°C,  95 % |  6623 /  8192 MB | root(6226M)

2026-08-14 02:26:44,157   INFO  Train:    3/4 ( 75%) [19573/55563 ( 35%)]  Loss: 2.187 (1.11)  LR: 1.570e-04  Time cost: 1:20:16/2:27:35 [4:18:16/6:15:26]  Acc_iter 130700      Data time: 0.00(0.00)  Forward time: 0.19(0.24)  Batch time: 0.20(0.25)
2026-08-14 02:26:56,342   INFO  Train:    3/4 ( 75%) [19623/55563 ( 35%)]  Loss: 1.175 (1.11)  LR: 1.569e-04  Time cost: 1:20:28/2:27:22 [4:18:28/6:15:13]  Acc_iter 130750      Data time: 0.00(0.00)  Forward time: 0.26(0.24)  Batch time: 0.26(0.25)
2026-08-14 02:27:08,155   INFO  Train:    3/4 ( 75%) [19673/55563 ( 35%)]  Loss: 1.015 (1.11)  LR: 1.568e-04  Time cost: 1:20:40/2:27:09 [4:18:40/6:14:58]  Acc_iter 130800      Data time: 0.00(0.00)  Forward time: 0.25(0.24)  Batch time: 0.25(0.25)
2026-08-14 02:27:08,518   INFO  a1e06a0b30c0                Fri Aug 14 02:27:08 2026  580.173.02
[0] NVIDIA GeForce RTX 3070 | 64°C,   0 % |  6623 /  8192 MB | root(6226M)

2026-08-14 02:27:20,734   INFO  Train:    3/4 ( 75%) [19723/55563 ( 35%)]  Loss: 1.911 (1.11)  LR: 1.566e-04  Time cost: 1:20:52/2:26:57 [4:18:52/6:14:47]  Acc_iter 130850      Data time: 0.00(0.00)  Forward time: 0.28(0.24)  Batch time: 0.28(0.25)
2026-08-14 02:27:33,269   INFO  Train:    3/4 ( 75%) [19773/55563 ( 36%)]  Loss: 0.9774 (1.11)  LR: 1.565e-04  Time cost: 1:21:05/2:26:45 [4:19:05/6:14:36]  Acc_iter 130900      Data time: 0.00(0.00)  Forward time: 0.24(0.24)  Batch time: 0.24(0.25)
2026-08-14 02:27:45,363   INFO  Train:    3/4 ( 75%) [19823/55563 ( 36%)]  Loss: 0.8084 (1.11)  LR: 1.564e-04  Time cost: 1:21:17/2:26:33 [4:19:17/6:14:23]  Acc_iter 130950      Data time: 0.00(0.00)  Forward time: 0.24(0.24)  Batch time: 0.24(0.25)
2026-08-14 02:27:45,724   INFO  a1e06a0b30c0                Fri Aug 14 02:27:45 2026  580.173.02
[0] NVIDIA GeForce RTX 3070 | 70°C,  99 % |  6623 /  8192 MB | root(6226M)

2026-08-14 02:27:57,682   INFO  Train:    3/4 ( 75%) [19873/55563 ( 36%)]  Loss: 0.9353 (1.11)  LR: 1.562e-04  Time cost: 1:21:29/2:26:20 [4:19:29/6:14:11]  Acc_iter 131000      Data time: 0.00(0.00)  Forward time: 0.25(0.24)  Batch time: 0.25(0.25)
2026-08-14 02:28:09,774   INFO  Train:    3/4 ( 75%) [19923/55563 ( 36%)]  Loss: 1.773 (1.11)  LR: 1.561e-04  Time cost: 1:21:41/2:26:08 [4:19:41/6:13:57]  Acc_iter 131050      Data time: 0.00(0.00)  Forward time: 0.28(0.24)  Batch time: 0.28(0.25)
2026-08-14 02:28:22,238   INFO  Train:    3/4 ( 75%) [19973/55563 ( 36%)]  Loss: 1.017 (1.11)  LR: 1.560e-04  Time cost: 1:21:54/2:25:56 [4:19:54/6:13:46]  Acc_iter 131100      Data time: 0.00(0.00)  Forward time: 0.24(0.24)  Batch time: 0.24(0.25)
2026-08-14 02:28:22,624   INFO  a1e06a0b30c0                Fri Aug 14 02:28:22 2026  580.173.02
[0] NVIDIA GeForce RTX 3070 | 66°C,   1 % |  6624 /  8192 MB | root(6226M)

2026-08-14 02:28:34,687   INFO  Train:    3/4 ( 75%) [20023/55563 ( 36%)]  Loss: 1.448 (1.11)  LR: 1.558e-04  Time cost: 1:22:06/2:25:44 [4:20:06/6:13:34]  Acc_iter 131150      Data time: 0.00(0.00)  Forward time: 0.26(0.24)  Batch time: 0.27(0.25)
2026-08-14 02:28:46,952   INFO  Train:    3/4 ( 75%) [20073/55563 ( 36%)]  Loss: 0.8879 (1.11)  LR: 1.557e-04  Time cost: 1:22:18/2:25:31 [4:20:19/6:13:22]  Acc_iter 131200      Data time: 0.00(0.00)  Forward time: 0.26(0.24)  Batch time: 0.26(0.25)
2026-08-14 02:28:59,090   INFO  Train:    3/4 ( 75%) [20123/55563 ( 36%)]  Loss: 1.755 (1.11)  LR: 1.556e-04  Time cost: 1:22:31/2:25:19 [4:20:31/6:13:09]  Acc_iter 131250      Data time: 0.00(0.00)  Forward time: 0.23(0.24)  Batch time: 0.23(0.25)
2026-08-14 02:28:59,442   INFO  a1e06a0b30c0                Fri Aug 14 02:28:59 2026  580.173.02
[0] NVIDIA GeForce RTX 3070 | 72°C,  99 % |  6624 /  8192 MB | root(6226M)

2026-08-14 02:29:11,799   INFO  Train:    3/4 ( 75%) [20173/55563 ( 36%)]  Loss: 1.123 (1.11)  LR: 1.554e-04  Time cost: 1:22:43/2:25:07 [4:20:43/6:12:58]  Acc_iter 131300      Data time: 0.00(0.00)  Forward time: 0.24(0.24)  Batch time: 0.25(0.25)
2026-08-14 02:29:23,921   INFO  Train:    3/4 ( 75%) [20223/55563 ( 36%)]  Loss: 0.3646 (1.11)  LR: 1.553e-04  Time cost: 1:22:55/2:24:54 [4:20:56/6:12:45]  Acc_iter 131350      Data time: 0.00(0.00)  Forward time: 0.22(0.24)  Batch time: 0.22(0.25)
2026-08-14 02:29:36,028   INFO  Train:    3/4 ( 75%) [20273/55563 ( 36%)]  Loss: 0.9612 (1.11)  LR: 1.552e-04  Time cost: 1:23:07/2:24:42 [4:21:08/6:12:32]  Acc_iter 131400      Data time: 0.00(0.00)  Forward time: 0.24(0.24)  Batch time: 0.24(0.25)
2026-08-14 02:29:36,389   INFO  a1e06a0b30c0                Fri Aug 14 02:29:36 2026  580.173.02
[0] NVIDIA GeForce RTX 3070 | 69°C,  90 % |  6623 /  8192 MB | root(6226M)

2026-08-14 02:29:48,257   INFO  Train:    3/4 ( 75%) [20323/55563 ( 37%)]  Loss: 2.392 (1.11)  LR: 1.550e-04  Time cost: 1:23:20/2:24:29 [4:21:20/6:12:19]  Acc_iter 131450      Data time: 0.00(0.00)  Forward time: 0.23(0.24)  Batch time: 0.23(0.25)
2026-08-14 02:30:00,581   INFO  Train:    3/4 ( 75%) [20373/55563 ( 37%)]  Loss: 0.6640 (1.11)  LR: 1.549e-04  Time cost: 1:23:32/2:24:17 [4:21:32/6:12:07]  Acc_iter 131500      Data time: 0.00(0.00)  Forward time: 0.27(0.24)  Batch time: 0.27(0.25)
2026-08-14 02:30:13,037   INFO  Train:    3/4 ( 75%) [20423/55563 ( 37%)]  Loss: 2.016 (1.11)  LR: 1.548e-04  Time cost: 1:23:44/2:24:05 [4:21:45/6:11:55]  Acc_iter 131550      Data time: 0.00(0.00)  Forward time: 0.26(0.24)  Batch time: 0.26(0.25)
2026-08-14 02:30:13,402   INFO  a1e06a0b30c0                Fri Aug 14 02:30:13 2026  580.173.02
[0] NVIDIA GeForce RTX 3070 | 70°C,  76 % |  6623 /  8192 MB | root(6226M)

2026-08-14 02:30:25,487   INFO  Train:    3/4 ( 75%) [20473/55563 ( 37%)]  Loss: 1.163 (1.11)  LR: 1.546e-04  Time cost: 1:23:57/2:23:53 [4:21:57/6:11:44]  Acc_iter 131600      Data time: 0.00(0.00)  Forward time: 0.26(0.24)  Batch time: 0.26(0.25)
2026-08-14 02:30:37,473   INFO  Train:    3/4 ( 75%) [20523/55563 ( 37%)]  Loss: 0.6809 (1.11)  LR: 1.545e-04  Time cost: 1:24:09/2:23:40 [4:22:09/6:11:30]  Acc_iter 131650      Data time: 0.00(0.00)  Forward time: 0.25(0.24)  Batch time: 0.26(0.25)
2026-08-14 02:30:49,444   INFO  Train:    3/4 ( 75%) [20573/55563 ( 37%)]  Loss: 1.334 (1.11)  LR: 1.544e-04  Time cost: 1:24:21/2:23:27 [4:22:21/6:11:16]  Acc_iter 131700      Data time: 0.00(0.00)  Forward time: 0.27(0.24)  Batch time: 0.27(0.25)
2026-08-14 02:30:49,809   INFO  a1e06a0b30c0                Fri Aug 14 02:30:49 2026  580.173.02
[0] NVIDIA GeForce RTX 3070 | 70°C,  98 % |  6623 /  8192 MB | root(6226M)

2026-08-14 02:31:02,431   INFO  Train:    3/4 ( 75%) [20623/55563 ( 37%)]  Loss: 1.119 (1.11)  LR: 1.542e-04  Time cost: 1:24:34/2:23:16 [4:22:34/6:11:07]  Acc_iter 131750      Data time: 0.00(0.00)  Forward time: 0.27(0.24)  Batch time: 0.27(0.25)
2026-08-14 02:31:14,471   INFO  Train:    3/4 ( 75%) [20673/55563 ( 37%)]  Loss: 0.7036 (1.11)  LR: 1.541e-04  Time cost: 1:24:46/2:23:03 [4:22:46/6:10:54]  Acc_iter 131800      Data time: 0.00(0.00)  Forward time: 0.23(0.24)  Batch time: 0.23(0.25)
2026-08-14 02:31:27,091   INFO  Train:    3/4 ( 75%) [20723/55563 ( 37%)]  Loss: 1.325 (1.11)  LR: 1.540e-04  Time cost: 1:24:59/2:22:52 [4:22:59/6:10:43]  Acc_iter 131850      Data time: 0.00(0.00)  Forward time: 0.26(0.24)  Batch time: 0.26(0.25)
2026-08-14 02:31:27,449   INFO  a1e06a0b30c0                Fri Aug 14 02:31:27 2026  580.173.02
[0] NVIDIA GeForce RTX 3070 | 70°C,  53 % |  6624 /  8192 MB | root(6226M)

2026-08-14 02:31:28,248   INFO  Save latest model to /OpenPCDet/output/OpenPCDet/tools/cfgs/models/S/F/S_F_N/default/ckpt/latest_model
2026-08-14 02:31:39,537   INFO  Train:    3/4 ( 75%) [20773/55563 ( 37%)]  Loss: 0.6699 (1.11)  LR: 1.538e-04  Time cost: 1:25:11/2:22:40 [4:23:11/6:10:31]  Acc_iter 131900      Data time: 0.00(0.00)  Forward time: 0.19(0.24)  Batch time: 0.19(0.25)
2026-08-14 02:31:52,163   INFO  Train:    3/4 ( 75%) [20823/55563 ( 37%)]  Loss: 1.039 (1.11)  LR: 1.537e-04  Time cost: 1:25:24/2:22:28 [4:23:24/6:10:20]  Acc_iter 131950      Data time: 0.00(0.00)  Forward time: 0.25(0.24)  Batch time: 0.25(0.25)
2026-08-14 02:32:04,383   INFO  Train:    3/4 ( 75%) [20873/55563 ( 38%)]  Loss: 0.8623 (1.11)  LR: 1.536e-04  Time cost: 1:25:36/2:22:15 [4:23:36/6:10:07]  Acc_iter 132000      Data time: 0.00(0.00)  Forward time: 0.24(0.24)  Batch time: 0.24(0.25)
2026-08-14 02:32:04,755   INFO  a1e06a0b30c0                Fri Aug 14 02:32:04 2026  580.173.02
[0] NVIDIA GeForce RTX 3070 | 72°C,  99 % |  6624 /  8192 MB | root(6226M)

2026-08-14 02:32:16,639   INFO  Train:    3/4 ( 75%) [20923/55563 ( 38%)]  Loss: 0.9589 (1.11)  LR: 1.535e-04  Time cost: 1:25:48/2:22:03 [4:23:48/6:09:55]  Acc_iter 132050      Data time: 0.00(0.00)  Forward time: 0.20(0.24)  Batch time: 0.20(0.25)
2026-08-14 02:32:29,010   INFO  Train:    3/4 ( 75%) [20973/55563 ( 38%)]  Loss: 0.9231 (1.11)  LR: 1.533e-04  Time cost: 1:26:00/2:21:51 [4:24:01/6:09:43]  Acc_iter 132100      Data time: 0.00(0.00)  Forward time: 0.25(0.24)  Batch time: 0.25(0.25)
2026-08-14 02:32:41,085   INFO  Train:    3/4 ( 75%) [21023/55563 ( 38%)]  Loss: 1.299 (1.11)  LR: 1.532e-04  Time cost: 1:26:13/2:21:38 [4:24:13/6:09:30]  Acc_iter 132150      Data time: 0.00(0.00)  Forward time: 0.29(0.24)  Batch time: 0.29(0.25)
2026-08-14 02:32:41,495   INFO  a1e06a0b30c0                Fri Aug 14 02:32:41 2026  580.173.02
[0] NVIDIA GeForce RTX 3070 | 70°C,  73 % |  6623 /  8192 MB | root(6226M)

2026-08-14 02:32:53,901   INFO  Train:    3/4 ( 75%) [21073/55563 ( 38%)]  Loss: 1.544 (1.11)  LR: 1.531e-04  Time cost: 1:26:25/2:21:27 [4:24:26/6:09:20]  Acc_iter 132200      Data time: 0.00(0.00)  Forward time: 0.23(0.24)  Batch time: 0.23(0.25)
2026-08-14 02:33:06,050   INFO  Train:    3/4 ( 75%) [21123/55563 ( 38%)]  Loss: 0.9997 (1.11)  LR: 1.529e-04  Time cost: 1:26:37/2:21:14 [4:24:38/6:09:07]  Acc_iter 132250      Data time: 0.00(0.00)  Forward time: 0.21(0.24)  Batch time: 0.21(0.25)
2026-08-14 02:33:18,265   INFO  Train:    3/4 ( 75%) [21173/55563 ( 38%)]  Loss: 0.9844 (1.11)  LR: 1.528e-04  Time cost: 1:26:50/2:21:02 [4:24:50/6:08:54]  Acc_iter 132300      Data time: 0.00(0.00)  Forward time: 0.24(0.24)  Batch time: 0.24(0.25)
2026-08-14 02:33:18,671   INFO  a1e06a0b30c0                Fri Aug 14 02:33:18 2026  580.173.02
[0] NVIDIA GeForce RTX 3070 | 66°C,  14 % |  6623 /  8192 MB | root(6226M)

2026-08-14 02:33:30,839   INFO  Train:    3/4 ( 75%) [21223/55563 ( 38%)]  Loss: 0.7589 (1.11)  LR: 1.527e-04  Time cost: 1:27:02/2:20:50 [4:25:02/6:08:43]  Acc_iter 132350      Data time: 0.00(0.00)  Forward time: 0.24(0.24)  Batch time: 0.24(0.25)
2026-08-14 02:33:43,413   INFO  Train:    3/4 ( 75%) [21273/55563 ( 38%)]  Loss: 0.8703 (1.11)  LR: 1.525e-04  Time cost: 1:27:15/2:20:38 [4:25:15/6:08:32]  Acc_iter 132400      Data time: 0.00(0.00)  Forward time: 0.24(0.24)  Batch time: 0.25(0.25)
2026-08-14 02:33:55,359   INFO  Train:    3/4 ( 75%) [21323/55563 ( 38%)]  Loss: 0.9570 (1.11)  LR: 1.524e-04  Time cost: 1:27:27/2:20:25 [4:25:27/6:08:18]  Acc_iter 132450      Data time: 0.00(0.00)  Forward time: 0.21(0.24)  Batch time: 0.21(0.25)
2026-08-14 02:33:55,729   INFO  a1e06a0b30c0                Fri Aug 14 02:33:55 2026  580.173.02
[0] NVIDIA GeForce RTX 3070 | 72°C,  97 % |  6613 /  8192 MB | root(6226M)

2026-08-14 02:34:07,899   INFO  Train:    3/4 ( 75%) [21373/55563 ( 38%)]  Loss: 0.8762 (1.11)  LR: 1.523e-04  Time cost: 1:27:39/2:20:13 [4:25:40/6:08:06]  Acc_iter 132500      Data time: 0.00(0.00)  Forward time: 0.22(0.24)  Batch time: 0.22(0.25)
2026-08-14 02:34:20,032   INFO  Train:    3/4 ( 75%) [21423/55563 ( 39%)]  Loss: 1.377 (1.11)  LR: 1.521e-04  Time cost: 1:27:51/2:20:01 [4:25:52/6:07:53]  Acc_iter 132550      Data time: 0.00(0.00)  Forward time: 0.24(0.24)  Batch time: 0.24(0.25)
2026-08-14 02:34:32,058   INFO  Train:    3/4 ( 75%) [21473/55563 ( 39%)]  Loss: 0.7818 (1.11)  LR: 1.520e-04  Time cost: 1:28:03/2:19:48 [4:26:04/6:07:40]  Acc_iter 132600      Data time: 0.00(0.00)  Forward time: 0.27(0.24)  Batch time: 0.27(0.25)
2026-08-14 02:34:32,461   INFO  a1e06a0b30c0                Fri Aug 14 02:34:32 2026  580.173.02
[0] NVIDIA GeForce RTX 3070 | 69°C,  77 % |  6620 /  8192 MB | root(6226M)

2026-08-14 02:34:44,693   INFO  Train:    3/4 ( 75%) [21523/55563 ( 39%)]  Loss: 1.255 (1.11)  LR: 1.519e-04  Time cost: 1:28:16/2:19:36 [4:26:16/6:07:29]  Acc_iter 132650      Data time: 0.00(0.00)  Forward time: 0.26(0.24)  Batch time: 0.26(0.25)
2026-08-14 02:34:56,826   INFO  Train:    3/4 ( 75%) [21573/55563 ( 39%)]  Loss: 1.158 (1.11)  LR: 1.517e-04  Time cost: 1:28:28/2:19:23 [4:26:28/6:07:16]  Acc_iter 132700      Data time: 0.00(0.00)  Forward time: 0.28(0.24)  Batch time: 0.28(0.25)
2026-08-14 02:35:08,831   INFO  Train:    3/4 ( 75%) [21623/55563 ( 39%)]  Loss: 1.298 (1.11)  LR: 1.516e-04  Time cost: 1:28:40/2:19:11 [4:26:40/6:07:02]  Acc_iter 132750      Data time: 0.00(0.00)  Forward time: 0.24(0.24)  Batch time: 0.24(0.25)
2026-08-14 02:35:09,199   INFO  a1e06a0b30c0                Fri Aug 14 02:35:09 2026  580.173.02
[0] NVIDIA GeForce RTX 3070 | 72°C,  76 % |  6620 /  8192 MB | root(6226M)

2026-08-14 02:35:21,735   INFO  Train:    3/4 ( 75%) [21673/55563 ( 39%)]  Loss: 0.7185 (1.11)  LR: 1.515e-04  Time cost: 1:28:53/2:18:59 [4:26:53/6:06:53]  Acc_iter 132800      Data time: 0.00(0.00)  Forward time: 0.21(0.24)  Batch time: 0.21(0.25)
2026-08-14 02:35:33,697   INFO  Train:    3/4 ( 75%) [21723/55563 ( 39%)]  Loss: 0.4798 (1.11)  LR: 1.513e-04  Time cost: 1:29:05/2:18:47 [4:27:05/6:06:39]  Acc_iter 132850      Data time: 0.00(0.00)  Forward time: 0.20(0.24)  Batch time: 0.20(0.25)
2026-08-14 02:35:45,752   INFO  Train:    3/4 ( 75%) [21773/55563 ( 39%)]  Loss: 0.3522 (1.11)  LR: 1.512e-04  Time cost: 1:29:17/2:18:34 [4:27:17/6:06:26]  Acc_iter 132900      Data time: 0.00(0.00)  Forward time: 0.21(0.24)  Batch time: 0.22(0.25)
2026-08-14 02:35:46,121   INFO  a1e06a0b30c0                Fri Aug 14 02:35:46 2026  580.173.02
[0] NVIDIA GeForce RTX 3070 | 67°C,  75 % |  6620 /  8192 MB | root(6226M)

2026-08-14 02:35:58,553   INFO  Train:    3/4 ( 75%) [21823/55563 ( 39%)]  Loss: 1.605 (1.11)  LR: 1.511e-04  Time cost: 1:29:30/2:18:22 [4:27:30/6:06:15]  Acc_iter 132950      Data time: 0.00(0.00)  Forward time: 0.31(0.24)  Batch time: 0.31(0.25)
2026-08-14 02:36:10,716   INFO  Train:    3/4 ( 75%) [21873/55563 ( 39%)]  Loss: 1.756 (1.11)  LR: 1.509e-04  Time cost: 1:29:42/2:18:10 [4:27:42/6:06:02]  Acc_iter 133000      Data time: 0.00(0.00)  Forward time: 0.24(0.24)  Batch time: 0.24(0.25)
2026-08-14 02:36:23,128   INFO  Train:    3/4 ( 75%) [21923/55563 ( 39%)]  Loss: 2.298 (1.11)  LR: 1.508e-04  Time cost: 1:29:55/2:17:58 [4:27:55/6:05:51]  Acc_iter 133050      Data time: 0.00(0.00)  Forward time: 0.26(0.24)  Batch time: 0.26(0.25)
2026-08-14 02:36:23,498   INFO  a1e06a0b30c0                Fri Aug 14 02:36:23 2026  580.173.02
[0] NVIDIA GeForce RTX 3070 | 69°C,  95 % |  6619 /  8192 MB | root(6226M)

2026-08-14 02:36:28,236   INFO  Save latest model to /OpenPCDet/output/OpenPCDet/tools/cfgs/models/S/F/S_F_N/default/ckpt/latest_model
2026-08-14 02:36:35,776   INFO  Train:    3/4 ( 75%) [21973/55563 ( 40%)]  Loss: 0.9529 (1.11)  LR: 1.507e-04  Time cost: 1:30:07/2:17:46 [4:28:07/6:05:40]  Acc_iter 133100      Data time: 0.00(0.00)  Forward time: 0.23(0.24)  Batch time: 0.23(0.25)
2026-08-14 02:36:47,702   INFO  Train:    3/4 ( 75%) [22023/55563 ( 40%)]  Loss: 1.161 (1.11)  LR: 1.505e-04  Time cost: 1:30:19/2:17:33 [4:28:19/6:05:26]  Acc_iter 133150      Data time: 0.00(0.00)  Forward time: 0.22(0.24)  Batch time: 0.23(0.25)
2026-08-14 02:36:59,703   INFO  Train:    3/4 ( 75%) [22073/55563 ( 40%)]  Loss: 0.4994 (1.11)  LR: 1.504e-04  Time cost: 1:30:31/2:17:20 [4:28:31/6:05:12]  Acc_iter 133200      Data time: 0.00(0.00)  Forward time: 0.27(0.24)  Batch time: 0.27(0.25)
2026-08-14 02:37:00,061   INFO  a1e06a0b30c0                Fri Aug 14 02:37:00 2026  580.173.02
[0] NVIDIA GeForce RTX 3070 | 64°C,  96 % |  6619 /  8192 MB | root(6226M)

2026-08-14 02:37:12,406   INFO  Train:    3/4 ( 75%) [22123/55563 ( 40%)]  Loss: 1.606 (1.11)  LR: 1.503e-04  Time cost: 1:30:44/2:17:09 [4:28:44/6:05:02]  Acc_iter 133250      Data time: 0.00(0.00)  Forward time: 0.27(0.24)  Batch time: 0.27(0.25)
2026-08-14 02:37:24,657   INFO  Train:    3/4 ( 75%) [22173/55563 ( 40%)]  Loss: 0.7515 (1.11)  LR: 1.501e-04  Time cost: 1:30:56/2:16:56 [4:28:56/6:04:49]  Acc_iter 133300      Data time: 0.00(0.00)  Forward time: 0.22(0.24)  Batch time: 0.22(0.25)
2026-08-14 02:37:36,947   INFO  Train:    3/4 ( 75%) [22223/55563 ( 40%)]  Loss: 1.621 (1.11)  LR: 1.500e-04  Time cost: 1:31:08/2:16:44 [4:29:09/6:04:37]  Acc_iter 133350      Data time: 0.00(0.00)  Forward time: 0.27(0.24)  Batch time: 0.27(0.25)
2026-08-14 02:37:37,312   INFO  a1e06a0b30c0                Fri Aug 14 02:37:37 2026  580.173.02
[0] NVIDIA GeForce RTX 3070 | 71°C,  93 % |  6623 /  8192 MB | root(6226M)

2026-08-14 02:37:49,236   INFO  Train:    3/4 ( 75%) [22273/55563 ( 40%)]  Loss: 1.495 (1.11)  LR: 1.499e-04  Time cost: 1:31:21/2:16:31 [4:29:21/6:04:24]  Acc_iter 133400      Data time: 0.00(0.00)  Forward time: 0.25(0.24)  Batch time: 0.25(0.25)
2026-08-14 02:38:01,540   INFO  Train:    3/4 ( 75%) [22323/55563 ( 40%)]  Loss: 1.925 (1.11)  LR: 1.497e-04  Time cost: 1:31:33/2:16:19 [4:29:33/6:04:12]  Acc_iter 133450      Data time: 0.00(0.00)  Forward time: 0.26(0.24)  Batch time: 0.26(0.25)
2026-08-14 02:38:14,109   INFO  Train:    3/4 ( 75%) [22373/55563 ( 40%)]  Loss: 1.676 (1.11)  LR: 1.496e-04  Time cost: 1:31:46/2:16:07 [4:29:46/6:04:01]  Acc_iter 133500      Data time: 0.00(0.00)  Forward time: 0.22(0.24)  Batch time: 0.22(0.25)
2026-08-14 02:38:14,477   INFO  a1e06a0b30c0                Fri Aug 14 02:38:14 2026  580.173.02
[0] NVIDIA GeForce RTX 3070 | 72°C,  95 % |  6624 /  8192 MB | root(6226M)

2026-08-14 02:38:26,439   INFO  Train:    3/4 ( 75%) [22423/55563 ( 40%)]  Loss: 2.168 (1.11)  LR: 1.495e-04  Time cost: 1:31:58/2:15:55 [4:29:58/6:03:49]  Acc_iter 133550      Data time: 0.00(0.00)  Forward time: 0.26(0.24)  Batch time: 0.26(0.25)
2026-08-14 02:38:38,479   INFO  Train:    3/4 ( 75%) [22473/55563 ( 40%)]  Loss: 0.7858 (1.11)  LR: 1.493e-04  Time cost: 1:32:10/2:15:42 [4:30:10/6:03:35]  Acc_iter 133600      Data time: 0.00(0.00)  Forward time: 0.24(0.24)  Batch time: 0.24(0.25)
2026-08-14 02:38:50,824   INFO  Train:    3/4 ( 75%) [22523/55563 ( 41%)]  Loss: 0.9886 (1.11)  LR: 1.492e-04  Time cost: 1:32:22/2:15:30 [4:30:22/6:03:23]  Acc_iter 133650      Data time: 0.00(0.00)  Forward time: 0.23(0.24)  Batch time: 0.23(0.25)
2026-08-14 02:38:51,193   INFO  a1e06a0b30c0                Fri Aug 14 02:38:51 2026  580.173.02
[0] NVIDIA GeForce RTX 3070 | 69°C,  87 % |  6623 /  8192 MB | root(6226M)

2026-08-14 02:39:03,587   INFO  Train:    3/4 ( 75%) [22573/55563 ( 41%)]  Loss: 2.003 (1.11)  LR: 1.491e-04  Time cost: 1:32:35/2:15:18 [4:30:35/6:03:13]  Acc_iter 133700      Data time: 0.00(0.00)  Forward time: 0.26(0.24)  Batch time: 0.26(0.25)
2026-08-14 02:39:15,564   INFO  Train:    3/4 ( 75%) [22623/55563 ( 41%)]  Loss: 0.4401 (1.11)  LR: 1.489e-04  Time cost: 1:32:47/2:15:06 [4:30:47/6:02:59]  Acc_iter 133750      Data time: 0.00(0.00)  Forward time: 0.24(0.24)  Batch time: 0.24(0.25)
2026-08-14 02:39:27,793   INFO  Train:    3/4 ( 75%) [22673/55563 ( 41%)]  Loss: 1.160 (1.11)  LR: 1.488e-04  Time cost: 1:32:59/2:14:53 [4:30:59/6:02:46]  Acc_iter 133800      Data time: 0.00(0.00)  Forward time: 0.28(0.24)  Batch time: 0.28(0.25)
2026-08-14 02:39:28,150   INFO  a1e06a0b30c0                Fri Aug 14 02:39:28 2026  580.173.02
[0] NVIDIA GeForce RTX 3070 | 68°C,  92 % |  6623 /  8192 MB | root(6226M)

2026-08-14 02:39:40,166   INFO  Train:    3/4 ( 75%) [22723/55563 ( 41%)]  Loss: 0.8830 (1.11)  LR: 1.487e-04  Time cost: 1:33:12/2:14:41 [4:31:12/6:02:34]  Acc_iter 133850      Data time: 0.00(0.00)  Forward time: 0.26(0.24)  Batch time: 0.27(0.25)
2026-08-14 02:39:52,445   INFO  Train:    3/4 ( 75%) [22773/55563 ( 41%)]  Loss: 0.6090 (1.11)  LR: 1.485e-04  Time cost: 1:33:24/2:14:29 [4:31:24/6:02:22]  Acc_iter 133900      Data time: 0.00(0.00)  Forward time: 0.24(0.24)  Batch time: 0.24(0.25)
2026-08-14 02:40:04,447   INFO  Train:    3/4 ( 75%) [22823/55563 ( 41%)]  Loss: 0.3377 (1.11)  LR: 1.484e-04  Time cost: 1:33:36/2:14:16 [4:31:36/6:02:09]  Acc_iter 133950      Data time: 0.00(0.00)  Forward time: 0.19(0.24)  Batch time: 0.19(0.25)
2026-08-14 02:40:04,802   INFO  a1e06a0b30c0                Fri Aug 14 02:40:04 2026  580.173.02
[0] NVIDIA GeForce RTX 3070 | 70°C,  96 % |  6623 /  8192 MB | root(6226M)

2026-08-14 02:40:16,906   INFO  Train:    3/4 ( 75%) [22873/55563 ( 41%)]  Loss: 0.6388 (1.11)  LR: 1.483e-04  Time cost: 1:33:48/2:14:04 [4:31:49/6:01:57]  Acc_iter 134000      Data time: 0.00(0.00)  Forward time: 0.22(0.24)  Batch time: 0.22(0.25)
2026-08-14 02:40:28,965   INFO  Train:    3/4 ( 75%) [22923/55563 ( 41%)]  Loss: 0.8117 (1.11)  LR: 1.482e-04  Time cost: 1:34:00/2:13:51 [4:32:01/6:01:44]  Acc_iter 134050      Data time: 0.00(0.00)  Forward time: 0.23(0.24)  Batch time: 0.23(0.25)
2026-08-14 02:40:41,006   INFO  Train:    3/4 ( 75%) [22973/55563 ( 41%)]  Loss: 1.119 (1.11)  LR: 1.480e-04  Time cost: 1:34:12/2:13:39 [4:32:13/6:01:30]  Acc_iter 134100      Data time: 0.00(0.00)  Forward time: 0.25(0.24)  Batch time: 0.25(0.25)
2026-08-14 02:40:41,414   INFO  a1e06a0b30c0                Fri Aug 14 02:40:41 2026  580.173.02
[0] NVIDIA GeForce RTX 3070 | 71°C,  82 % |  6623 /  8192 MB | root(6226M)

2026-08-14 02:40:53,542   INFO  Train:    3/4 ( 75%) [23023/55563 ( 41%)]  Loss: 0.9226 (1.11)  LR: 1.479e-04  Time cost: 1:34:25/2:13:27 [4:32:25/6:01:19]  Acc_iter 134150      Data time: 0.00(0.00)  Forward time: 0.24(0.24)  Batch time: 0.24(0.25)
2026-08-14 02:41:05,276   INFO  Train:    3/4 ( 75%) [23073/55563 ( 42%)]  Loss: 0.7282 (1.11)  LR: 1.478e-04  Time cost: 1:34:37/2:13:13 [4:32:37/6:01:04]  Acc_iter 134200      Data time: 0.00(0.00)  Forward time: 0.22(0.24)  Batch time: 0.22(0.25)
2026-08-14 02:41:17,386   INFO  Train:    3/4 ( 75%) [23123/55563 ( 42%)]  Loss: 0.8866 (1.11)  LR: 1.476e-04  Time cost: 1:34:49/2:13:01 [4:32:49/6:00:51]  Acc_iter 134250      Data time: 0.00(0.00)  Forward time: 0.25(0.24)  Batch time: 0.25(0.25)
2026-08-14 02:41:17,754   INFO  a1e06a0b30c0                Fri Aug 14 02:41:17 2026  580.173.02
[0] NVIDIA GeForce RTX 3070 | 70°C,  86 % |  6623 /  8192 MB | root(6226M)

2026-08-14 02:41:28,287   INFO  Save latest model to /OpenPCDet/output/OpenPCDet/tools/cfgs/models/S/F/S_F_N/default/ckpt/latest_model
2026-08-14 02:41:29,918   INFO  Train:    3/4 ( 75%) [23173/55563 ( 42%)]  Loss: 1.117 (1.11)  LR: 1.475e-04  Time cost: 1:35:01/2:12:49 [4:33:02/6:00:40]  Acc_iter 134300      Data time: 0.00(0.00)  Forward time: 0.25(0.24)  Batch time: 0.25(0.25)
2026-08-14 02:41:42,283   INFO  Train:    3/4 ( 75%) [23223/55563 ( 42%)]  Loss: 0.6559 (1.11)  LR: 1.474e-04  Time cost: 1:35:14/2:12:37 [4:33:14/6:00:28]  Acc_iter 134350      Data time: 0.00(0.00)  Forward time: 0.24(0.24)  Batch time: 0.24(0.25)
2026-08-14 02:41:54,593   INFO  Train:    3/4 ( 75%) [23273/55563 ( 42%)]  Loss: 1.301 (1.11)  LR: 1.472e-04  Time cost: 1:35:26/2:12:24 [4:33:26/6:00:16]  Acc_iter 134400      Data time: 0.00(0.00)  Forward time: 0.27(0.24)  Batch time: 0.27(0.25)
2026-08-14 02:41:54,944   INFO  a1e06a0b30c0                Fri Aug 14 02:41:54 2026  580.173.02
[0] NVIDIA GeForce RTX 3070 | 70°C,  76 % |  6624 /  8192 MB | root(6226M)

2026-08-14 02:42:06,984   INFO  Train:    3/4 ( 75%) [23323/55563 ( 42%)]  Loss: 0.8076 (1.11)  LR: 1.471e-04  Time cost: 1:35:38/2:12:12 [4:33:39/6:00:04]  Acc_iter 134450      Data time: 0.00(0.00)  Forward time: 0.21(0.24)  Batch time: 0.21(0.25)
2026-08-14 02:42:19,208   INFO  Train:    3/4 ( 75%) [23373/55563 ( 42%)]  Loss: 1.475 (1.11)  LR: 1.470e-04  Time cost: 1:35:51/2:12:00 [4:33:51/5:59:51]  Acc_iter 134500      Data time: 0.00(0.00)  Forward time: 0.26(0.24)  Batch time: 0.26(0.25)
2026-08-14 02:42:31,279   INFO  Train:    3/4 ( 75%) [23423/55563 ( 42%)]  Loss: 1.686 (1.11)  LR: 1.468e-04  Time cost: 1:36:03/2:11:47 [4:34:03/5:59:38]  Acc_iter 134550      Data time: 0.00(0.00)  Forward time: 0.20(0.24)  Batch time: 0.21(0.25)
2026-08-14 02:42:31,686   INFO  a1e06a0b30c0                Fri Aug 14 02:42:31 2026  580.173.02
[0] NVIDIA GeForce RTX 3070 | 66°C,   4 % |  6624 /  8192 MB | root(6226M)

2026-08-14 02:42:43,951   INFO  Train:    3/4 ( 75%) [23473/55563 ( 42%)]  Loss: 0.9180 (1.11)  LR: 1.467e-04  Time cost: 1:36:15/2:11:35 [4:34:16/5:59:27]  Acc_iter 134600      Data time: 0.00(0.00)  Forward time: 0.26(0.24)  Batch time: 0.26(0.25)
2026-08-14 02:42:55,502   INFO  Train:    3/4 ( 75%) [23523/55563 ( 42%)]  Loss: 0.9484 (1.11)  LR: 1.466e-04  Time cost: 1:36:27/2:11:22 [4:34:27/5:59:12]  Acc_iter 134650      Data time: 0.00(0.00)  Forward time: 0.27(0.24)  Batch time: 0.27(0.25)
2026-08-14 02:43:07,457   INFO  Train:    3/4 ( 75%) [23573/55563 ( 42%)]  Loss: 1.021 (1.11)  LR: 1.464e-04  Time cost: 1:36:39/2:11:09 [4:34:39/5:58:58]  Acc_iter 134700      Data time: 0.00(0.00)  Forward time: 0.25(0.24)  Batch time: 0.25(0.25)
2026-08-14 02:43:07,887   INFO  a1e06a0b30c0                Fri Aug 14 02:43:07 2026  580.173.02
[0] NVIDIA GeForce RTX 3070 | 71°C,  90 % |  6624 /  8192 MB | root(6226M)

2026-08-14 02:43:19,966   INFO  Train:    3/4 ( 75%) [23623/55563 ( 43%)]  Loss: 1.173 (1.11)  LR: 1.463e-04  Time cost: 1:36:51/2:10:57 [4:34:52/5:58:47]  Acc_iter 134750      Data time: 0.00(0.00)  Forward time: 0.26(0.24)  Batch time: 0.26(0.25)
2026-08-14 02:43:32,077   INFO  Train:    3/4 ( 75%) [23673/55563 ( 43%)]  Loss: 0.7260 (1.11)  LR: 1.462e-04  Time cost: 1:37:04/2:10:45 [4:35:04/5:58:34]  Acc_iter 134800      Data time: 0.00(0.00)  Forward time: 0.23(0.24)  Batch time: 0.23(0.25)
2026-08-14 02:43:43,970   INFO  Train:    3/4 ( 75%) [23723/55563 ( 43%)]  Loss: 0.9093 (1.11)  LR: 1.460e-04  Time cost: 1:37:15/2:10:32 [4:35:16/5:58:20]  Acc_iter 134850      Data time: 0.00(0.00)  Forward time: 0.25(0.24)  Batch time: 0.25(0.25)
2026-08-14 02:43:44,325   INFO  a1e06a0b30c0                Fri Aug 14 02:43:44 2026  580.173.02
[0] NVIDIA GeForce RTX 3070 | 70°C,  96 % |  6623 /  8192 MB | root(6226M)

2026-08-14 02:43:56,380   INFO  Train:    3/4 ( 75%) [23773/55563 ( 43%)]  Loss: 0.5433 (1.11)  LR: 1.459e-04  Time cost: 1:37:28/2:10:20 [4:35:28/5:58:08]  Acc_iter 134900      Data time: 0.00(0.00)  Forward time: 0.22(0.24)  Batch time: 0.22(0.25)
2026-08-14 02:44:08,480   INFO  Train:    3/4 ( 75%) [23823/55563 ( 43%)]  Loss: 0.6095 (1.11)  LR: 1.458e-04  Time cost: 1:37:40/2:10:07 [4:35:40/5:57:55]  Acc_iter 134950      Data time: 0.00(0.00)  Forward time: 0.21(0.24)  Batch time: 0.21(0.25)
2026-08-14 02:44:20,944   INFO  Train:    3/4 ( 75%) [23873/55563 ( 43%)]  Loss: 1.887 (1.11)  LR: 1.456e-04  Time cost: 1:37:52/2:09:55 [4:35:53/5:57:43]  Acc_iter 135000      Data time: 0.00(0.00)  Forward time: 0.26(0.24)  Batch time: 0.26(0.25)
2026-08-14 02:44:21,350   INFO  a1e06a0b30c0                Fri Aug 14 02:44:21 2026  580.173.02
[0] NVIDIA GeForce RTX 3070 | 71°C,  78 % |  6623 /  8192 MB | root(6226M)

2026-08-14 02:44:33,704   INFO  Train:    3/4 ( 75%) [23923/55563 ( 43%)]  Loss: 1.945 (1.11)  LR: 1.455e-04  Time cost: 1:38:05/2:09:43 [4:36:05/5:57:33]  Acc_iter 135050      Data time: 0.00(0.00)  Forward time: 0.29(0.24)  Batch time: 0.29(0.25)
2026-08-14 02:44:45,814   INFO  Train:    3/4 ( 75%) [23973/55563 ( 43%)]  Loss: 2.325 (1.11)  LR: 1.454e-04  Time cost: 1:38:17/2:09:31 [4:36:17/5:57:20]  Acc_iter 135100      Data time: 0.00(0.00)  Forward time: 0.28(0.24)  Batch time: 0.28(0.25)
2026-08-14 02:44:58,001   INFO  Train:    3/4 ( 75%) [24023/55563 ( 43%)]  Loss: 1.002 (1.11)  LR: 1.452e-04  Time cost: 1:38:29/2:09:18 [4:36:30/5:57:07]  Acc_iter 135150      Data time: 0.00(0.00)  Forward time: 0.22(0.24)  Batch time: 0.22(0.25)
2026-08-14 02:44:58,358   INFO  a1e06a0b30c0                Fri Aug 14 02:44:58 2026  580.173.02
[0] NVIDIA GeForce RTX 3070 | 70°C,  84 % |  6623 /  8192 MB | root(6226M)

2026-08-14 02:45:10,818   INFO  Train:    3/4 ( 75%) [24073/55563 ( 43%)]  Loss: 0.6033 (1.11)  LR: 1.451e-04  Time cost: 1:38:42/2:09:07 [4:36:42/5:56:57]  Acc_iter 135200      Data time: 0.00(0.00)  Forward time: 0.23(0.24)  Batch time: 0.23(0.25)
2026-08-14 02:45:23,156   INFO  Train:    3/4 ( 75%) [24123/55563 ( 43%)]  Loss: 1.442 (1.11)  LR: 1.450e-04  Time cost: 1:38:55/2:08:55 [4:36:55/5:56:44]  Acc_iter 135250      Data time: 0.00(0.00)  Forward time: 0.22(0.24)  Batch time: 0.22(0.25)
2026-08-14 02:45:35,415   INFO  Train:    3/4 ( 75%) [24173/55563 ( 44%)]  Loss: 1.114 (1.11)  LR: 1.448e-04  Time cost: 1:39:07/2:08:42 [4:37:07/5:56:32]  Acc_iter 135300      Data time: 0.00(0.00)  Forward time: 0.27(0.24)  Batch time: 0.27(0.25)
2026-08-14 02:45:35,779   INFO  a1e06a0b30c0                Fri Aug 14 02:45:35 2026  580.173.02
[0] NVIDIA GeForce RTX 3070 | 70°C,  95 % |  6624 /  8192 MB | root(6226M)

2026-08-14 02:45:47,810   INFO  Train:    3/4 ( 75%) [24223/55563 ( 44%)]  Loss: 0.8177 (1.11)  LR: 1.447e-04  Time cost: 1:39:19/2:08:30 [4:37:19/5:56:20]  Acc_iter 135350      Data time: 0.00(0.00)  Forward time: 0.21(0.24)  Batch time: 0.21(0.25)
2026-08-14 02:45:59,956   INFO  Train:    3/4 ( 75%) [24273/55563 ( 44%)]  Loss: 1.170 (1.11)  LR: 1.446e-04  Time cost: 1:39:31/2:08:17 [4:37:32/5:56:07]  Acc_iter 135400      Data time: 0.00(0.00)  Forward time: 0.27(0.24)  Batch time: 0.27(0.25)
2026-08-14 02:46:12,107   INFO  Train:    3/4 ( 75%) [24323/55563 ( 44%)]  Loss: 1.043 (1.11)  LR: 1.444e-04  Time cost: 1:39:44/2:08:05 [4:37:44/5:55:54]  Acc_iter 135450      Data time: 0.00(0.00)  Forward time: 0.26(0.24)  Batch time: 0.26(0.25)
2026-08-14 02:46:12,575   INFO  a1e06a0b30c0                Fri Aug 14 02:46:12 2026  580.173.02
[0] NVIDIA GeForce RTX 3070 | 69°C,  73 % |  6624 /  8192 MB | root(6226M)

2026-08-14 02:46:24,765   INFO  Train:    3/4 ( 75%) [24373/55563 ( 44%)]  Loss: 1.411 (1.11)  LR: 1.443e-04  Time cost: 1:39:56/2:07:53 [4:37:56/5:55:43]  Acc_iter 135500      Data time: 0.00(0.00)  Forward time: 0.27(0.24)  Batch time: 0.27(0.25)
2026-08-14 02:46:28,352   INFO  Save latest model to /OpenPCDet/output/OpenPCDet/tools/cfgs/models/S/F/S_F_N/default/ckpt/latest_model
2026-08-14 02:46:37,055   INFO  Train:    3/4 ( 75%) [24423/55563 ( 44%)]  Loss: 0.9745 (1.11)  LR: 1.442e-04  Time cost: 1:40:08/2:07:41 [4:38:09/5:55:31]  Acc_iter 135550      Data time: 0.00(0.00)  Forward time: 0.22(0.24)  Batch time: 0.22(0.25)
2026-08-14 02:46:49,322   INFO  Train:    3/4 ( 75%) [24473/55563 ( 44%)]  Loss: 1.181 (1.11)  LR: 1.440e-04  Time cost: 1:40:21/2:07:28 [4:38:21/5:55:18]  Acc_iter 135600      Data time: 0.00(0.00)  Forward time: 0.26(0.24)  Batch time: 0.26(0.25)
2026-08-14 02:46:49,681   INFO  a1e06a0b30c0                Fri Aug 14 02:46:49 2026  580.173.02
[0] NVIDIA GeForce RTX 3070 | 66°C,  29 % |  6623 /  8192 MB | root(6226M)

2026-08-14 02:47:01,853   INFO  Train:    3/4 ( 75%) [24523/55563 ( 44%)]  Loss: 0.8538 (1.11)  LR: 1.439e-04  Time cost: 1:40:33/2:07:16 [4:38:33/5:55:07]  Acc_iter 135650      Data time: 0.00(0.00)  Forward time: 0.26(0.24)  Batch time: 0.26(0.25)
2026-08-14 02:47:14,146   INFO  Train:    3/4 ( 75%) [24573/55563 ( 44%)]  Loss: 1.167 (1.11)  LR: 1.438e-04  Time cost: 1:40:46/2:07:04 [4:38:46/5:54:55]  Acc_iter 135700      Data time: 0.00(0.00)  Forward time: 0.24(0.24)  Batch time: 0.24(0.25)
2026-08-14 02:47:26,218   INFO  Train:    3/4 ( 75%) [24623/55563 ( 44%)]  Loss: 1.034 (1.11)  LR: 1.436e-04  Time cost: 1:40:58/2:06:52 [4:38:58/5:54:42]  Acc_iter 135750      Data time: 0.00(0.00)  Forward time: 0.25(0.24)  Batch time: 0.25(0.25)
2026-08-14 02:47:26,574   INFO  a1e06a0b30c0                Fri Aug 14 02:47:26 2026  580.173.02
[0] NVIDIA GeForce RTX 3070 | 71°C,  93 % |  6623 /  8192 MB | root(6226M)

2026-08-14 02:47:38,842   INFO  Train:    3/4 ( 75%) [24673/55563 ( 44%)]  Loss: 1.661 (1.11)  LR: 1.435e-04  Time cost: 1:41:10/2:06:40 [4:39:10/5:54:30]  Acc_iter 135800      Data time: 0.00(0.00)  Forward time: 0.26(0.24)  Batch time: 0.26(0.25)
2026-08-14 02:47:51,349   INFO  Train:    3/4 ( 75%) [24723/55563 ( 44%)]  Loss: 1.328 (1.11)  LR: 1.434e-04  Time cost: 1:41:23/2:06:28 [4:39:23/5:54:19]  Acc_iter 135850      Data time: 0.00(0.00)  Forward time: 0.25(0.24)  Batch time: 0.25(0.25)
2026-08-14 02:48:03,691   INFO  Train:    3/4 ( 75%) [24773/55563 ( 45%)]  Loss: 1.540 (1.11)  LR: 1.433e-04  Time cost: 1:41:35/2:06:15 [4:39:35/5:54:07]  Acc_iter 135900      Data time: 0.00(0.00)  Forward time: 0.27(0.24)  Batch time: 0.28(0.25)
2026-08-14 02:48:04,072   INFO  a1e06a0b30c0                Fri Aug 14 02:48:04 2026  580.173.02
[0] NVIDIA GeForce RTX 3070 | 71°C,  78 % |  6624 /  8192 MB | root(6226M)

2026-08-14 02:48:16,440   INFO  Train:    3/4 ( 75%) [24823/55563 ( 45%)]  Loss: 2.079 (1.11)  LR: 1.431e-04  Time cost: 1:41:48/2:06:04 [4:39:48/5:53:56]  Acc_iter 135950      Data time: 0.00(0.00)  Forward time: 0.27(0.24)  Batch time: 0.27(0.25)
2026-08-14 02:48:28,711   INFO  Train:    3/4 ( 75%) [24873/55563 ( 45%)]  Loss: 1.238 (1.11)  LR: 1.430e-04  Time cost: 1:42:00/2:05:51 [4:40:00/5:53:43]  Acc_iter 136000      Data time: 0.00(0.00)  Forward time: 0.21(0.24)  Batch time: 0.21(0.25)
2026-08-14 02:48:40,852   INFO  Train:    3/4 ( 75%) [24923/55563 ( 45%)]  Loss: 1.167 (1.11)  LR: 1.429e-04  Time cost: 1:42:12/2:05:39 [4:40:12/5:53:31]  Acc_iter 136050      Data time: 0.00(0.00)  Forward time: 0.25(0.24)  Batch time: 0.25(0.25)
2026-08-14 02:48:41,259   INFO  a1e06a0b30c0                Fri Aug 14 02:48:41 2026  580.173.02
[0] NVIDIA GeForce RTX 3070 | 70°C,  82 % |  6624 /  8192 MB | root(6226M)

2026-08-14 02:48:53,524   INFO  Train:    3/4 ( 75%) [24973/55563 ( 45%)]  Loss: 1.067 (1.11)  LR: 1.427e-04  Time cost: 1:42:25/2:05:27 [4:40:25/5:53:20]  Acc_iter 136100      Data time: 0.00(0.00)  Forward time: 0.23(0.24)  Batch time: 0.23(0.25)
2026-08-14 02:49:05,810   INFO  Train:    3/4 ( 75%) [25023/55563 ( 45%)]  Loss: 1.841 (1.11)  LR: 1.426e-04  Time cost: 1:42:37/2:05:15 [4:40:37/5:53:07]  Acc_iter 136150      Data time: 0.00(0.00)  Forward time: 0.23(0.24)  Batch time: 0.23(0.25)
2026-08-14 02:49:17,924   INFO  Train:    3/4 ( 75%) [25073/55563 ( 45%)]  Loss: 0.9899 (1.11)  LR: 1.425e-04  Time cost: 1:42:49/2:05:02 [4:40:50/5:52:54]  Acc_iter 136200      Data time: 0.00(0.00)  Forward time: 0.20(0.24)  Batch time: 0.21(0.25)
2026-08-14 02:49:18,286   INFO  a1e06a0b30c0                Fri Aug 14 02:49:18 2026  580.173.02
[0] NVIDIA GeForce RTX 3070 | 69°C,  95 % |  6623 /  8192 MB | root(6226M)

2026-08-14 02:49:30,618   INFO  Train:    3/4 ( 75%) [25123/55563 ( 45%)]  Loss: 1.438 (1.11)  LR: 1.423e-04  Time cost: 1:43:02/2:04:50 [4:41:02/5:52:43]  Acc_iter 136250      Data time: 0.00(0.00)  Forward time: 0.25(0.24)  Batch time: 0.25(0.25)
2026-08-14 02:49:43,092   INFO  Train:    3/4 ( 75%) [25173/55563 ( 45%)]  Loss: 1.249 (1.11)  LR: 1.422e-04  Time cost: 1:43:15/2:04:38 [4:41:15/5:52:32]  Acc_iter 136300      Data time: 0.00(0.00)  Forward time: 0.26(0.24)  Batch time: 0.26(0.25)
2026-08-14 02:49:55,171   INFO  Train:    3/4 ( 75%) [25223/55563 ( 45%)]  Loss: 1.777 (1.11)  LR: 1.421e-04  Time cost: 1:43:27/2:04:26 [4:41:27/5:52:18]  Acc_iter 136350      Data time: 0.00(0.00)  Forward time: 0.21(0.24)  Batch time: 0.21(0.25)
2026-08-14 02:49:55,525   INFO  a1e06a0b30c0                Fri Aug 14 02:49:55 2026  580.173.02
[0] NVIDIA GeForce RTX 3070 | 72°C,  96 % |  6623 /  8192 MB | root(6226M)

2026-08-14 02:50:07,761   INFO  Train:    3/4 ( 75%) [25273/55563 ( 45%)]  Loss: 0.7682 (1.11)  LR: 1.419e-04  Time cost: 1:43:39/2:04:14 [4:41:39/5:52:07]  Acc_iter 136400      Data time: 0.00(0.00)  Forward time: 0.23(0.24)  Batch time: 0.23(0.25)
2026-08-14 02:50:19,865   INFO  Train:    3/4 ( 75%) [25323/55563 ( 46%)]  Loss: 0.7747 (1.11)  LR: 1.418e-04  Time cost: 1:43:51/2:04:01 [4:41:51/5:51:54]  Acc_iter 136450      Data time: 0.00(0.00)  Forward time: 0.22(0.24)  Batch time: 0.22(0.25)
2026-08-14 02:50:32,046   INFO  Train:    3/4 ( 75%) [25373/55563 ( 46%)]  Loss: 1.394 (1.11)  LR: 1.417e-04  Time cost: 1:44:03/2:03:49 [4:42:04/5:51:41]  Acc_iter 136500      Data time: 0.00(0.00)  Forward time: 0.24(0.24)  Batch time: 0.24(0.25)
2026-08-14 02:50:32,455   INFO  a1e06a0b30c0                Fri Aug 14 02:50:32 2026  580.173.02
[0] NVIDIA GeForce RTX 3070 | 70°C,  93 % |  6623 /  8192 MB | root(6226M)

2026-08-14 02:50:44,805   INFO  Train:    3/4 ( 75%) [25423/55563 ( 46%)]  Loss: 1.141 (1.11)  LR: 1.415e-04  Time cost: 1:44:16/2:03:37 [4:42:16/5:51:31]  Acc_iter 136550      Data time: 0.00(0.00)  Forward time: 0.24(0.24)  Batch time: 0.24(0.25)
2026-08-14 02:50:57,060   INFO  Train:    3/4 ( 75%) [25473/55563 ( 46%)]  Loss: 0.5098 (1.11)  LR: 1.414e-04  Time cost: 1:44:28/2:03:24 [4:42:29/5:51:18]  Acc_iter 136600      Data time: 0.00(0.00)  Forward time: 0.21(0.24)  Batch time: 0.22(0.25)
2026-08-14 02:51:09,071   INFO  Train:    3/4 ( 75%) [25523/55563 ( 46%)]  Loss: 3.001 (1.11)  LR: 1.413e-04  Time cost: 1:44:41/2:03:12 [4:42:41/5:51:05]  Acc_iter 136650      Data time: 0.00(0.00)  Forward time: 0.28(0.24)  Batch time: 0.28(0.25)
2026-08-14 02:51:09,441   INFO  a1e06a0b30c0                Fri Aug 14 02:51:09 2026  580.173.02
[0] NVIDIA GeForce RTX 3070 | 70°C,  73 % |  6624 /  8192 MB | root(6226M)

2026-08-14 02:51:21,535   INFO  Train:    3/4 ( 75%) [25573/55563 ( 46%)]  Loss: 0.8444 (1.11)  LR: 1.411e-04  Time cost: 1:44:53/2:03:00 [4:42:53/5:50:53]  Acc_iter 136700      Data time: 0.00(0.00)  Forward time: 0.25(0.24)  Batch time: 0.26(0.25)
2026-08-14 02:51:28,342   INFO  Save latest model to /OpenPCDet/output/OpenPCDet/tools/cfgs/models/S/F/S_F_N/default/ckpt/latest_model
2026-08-14 02:51:33,727   INFO  Train:    3/4 ( 75%) [25623/55563 ( 46%)]  Loss: 0.4172 (1.11)  LR: 1.410e-04  Time cost: 1:45:05/2:02:47 [4:43:05/5:50:40]  Acc_iter 136750      Data time: 0.00(0.00)  Forward time: 0.26(0.24)  Batch time: 0.26(0.25)
2026-08-14 02:51:45,951   INFO  Train:    3/4 ( 75%) [25673/55563 ( 46%)]  Loss: 1.089 (1.11)  LR: 1.409e-04  Time cost: 1:45:17/2:02:35 [4:43:18/5:50:28]  Acc_iter 136800      Data time: 0.00(0.00)  Forward time: 0.29(0.24)  Batch time: 0.29(0.25)
2026-08-14 02:51:46,345   INFO  a1e06a0b30c0                Fri Aug 14 02:51:46 2026  580.173.02
[0] NVIDIA GeForce RTX 3070 | 72°C,  98 % |  6624 /  8192 MB | root(6226M)

2026-08-14 02:51:58,636   INFO  Train:    3/4 ( 75%) [25723/55563 ( 46%)]  Loss: 1.050 (1.11)  LR: 1.407e-04  Time cost: 1:45:30/2:02:23 [4:43:30/5:50:17]  Acc_iter 136850      Data time: 0.00(0.00)  Forward time: 0.24(0.24)  Batch time: 0.25(0.25)
2026-08-14 02:52:10,904   INFO  Train:    3/4 ( 75%) [25773/55563 ( 46%)]  Loss: 1.224 (1.11)  LR: 1.406e-04  Time cost: 1:45:42/2:02:11 [4:43:43/5:50:04]  Acc_iter 136900      Data time: 0.00(0.00)  Forward time: 0.25(0.24)  Batch time: 0.25(0.25)
2026-08-14 02:52:23,275   INFO  Train:    3/4 ( 75%) [25823/55563 ( 46%)]  Loss: 1.199 (1.11)  LR: 1.405e-04  Time cost: 1:45:55/2:01:58 [4:43:55/5:49:52]  Acc_iter 136950      Data time: 0.00(0.00)  Forward time: 0.26(0.24)  Batch time: 0.26(0.25)
2026-08-14 02:52:23,642   INFO  a1e06a0b30c0                Fri Aug 14 02:52:23 2026  580.173.02
[0] NVIDIA GeForce RTX 3070 | 65°C,   0 % |  6623 /  8192 MB | root(6226M)

2026-08-14 02:52:35,919   INFO  Train:    3/4 ( 75%) [25873/55563 ( 47%)]  Loss: 0.9464 (1.11)  LR: 1.403e-04  Time cost: 1:46:07/2:01:47 [4:44:08/5:49:41]  Acc_iter 137000      Data time: 0.00(0.00)  Forward time: 0.25(0.24)  Batch time: 0.25(0.25)
2026-08-14 02:52:47,810   INFO  Train:    3/4 ( 75%) [25923/55563 ( 47%)]  Loss: 0.2605 (1.11)  LR: 1.402e-04  Time cost: 1:46:19/2:01:34 [4:44:19/5:49:27]  Acc_iter 137050      Data time: 0.00(0.00)  Forward time: 0.22(0.24)  Batch time: 0.22(0.25)
2026-08-14 02:52:59,896   INFO  Train:    3/4 ( 75%) [25973/55563 ( 47%)]  Loss: 1.006 (1.11)  LR: 1.401e-04  Time cost: 1:46:31/2:01:21 [4:44:32/5:49:14]  Acc_iter 137100      Data time: 0.00(0.00)  Forward time: 0.21(0.24)  Batch time: 0.21(0.25)
2026-08-14 02:53:00,251   INFO  a1e06a0b30c0                Fri Aug 14 02:53:00 2026  580.173.02
[0] NVIDIA GeForce RTX 3070 | 71°C,  74 % |  6623 /  8192 MB | root(6226M)

2026-08-14 02:53:12,884   INFO  Train:    3/4 ( 75%) [26023/55563 ( 47%)]  Loss: 1.002 (1.11)  LR: 1.399e-04  Time cost: 1:46:44/2:01:10 [4:44:45/5:49:04]  Acc_iter 137150      Data time: 0.00(0.00)  Forward time: 0.27(0.24)  Batch time: 0.27(0.25)
2026-08-14 02:53:24,930   INFO  Train:    3/4 ( 75%) [26073/55563 ( 47%)]  Loss: 1.086 (1.11)  LR: 1.398e-04  Time cost: 1:46:56/2:00:57 [4:44:57/5:48:51]  Acc_iter 137200      Data time: 0.00(0.00)  Forward time: 0.23(0.24)  Batch time: 0.23(0.25)
2026-08-14 02:53:37,007   INFO  Train:    3/4 ( 75%) [26123/55563 ( 47%)]  Loss: 4.988 (1.11)  LR: 1.397e-04  Time cost: 1:47:08/2:00:44 [4:45:09/5:48:38]  Acc_iter 137250      Data time: 0.00(0.00)  Forward time: 0.26(0.24)  Batch time: 0.26(0.25)
2026-08-14 02:53:37,356   INFO  a1e06a0b30c0                Fri Aug 14 02:53:37 2026  580.173.02
[0] NVIDIA GeForce RTX 3070 | 72°C,  92 % |  6623 /  8192 MB | root(6226M)

2026-08-14 02:53:49,547   INFO  Train:    3/4 ( 75%) [26173/55563 ( 47%)]  Loss: 0.9494 (1.11)  LR: 1.395e-04  Time cost: 1:47:21/2:00:32 [4:45:21/5:48:27]  Acc_iter 137300      Data time: 0.00(0.00)  Forward time: 0.26(0.24)  Batch time: 0.26(0.25)
2026-08-14 02:54:01,903   INFO  Train:    3/4 ( 75%) [26223/55563 ( 47%)]  Loss: 2.119 (1.11)  LR: 1.394e-04  Time cost: 1:47:33/2:00:20 [4:45:34/5:48:15]  Acc_iter 137350      Data time: 0.00(0.00)  Forward time: 0.25(0.24)  Batch time: 0.25(0.25)
2026-08-14 02:54:14,301   INFO  Train:    3/4 ( 75%) [26273/55563 ( 47%)]  Loss: 1.250 (1.11)  LR: 1.393e-04  Time cost: 1:47:46/2:00:08 [4:45:46/5:48:02]  Acc_iter 137400      Data time: 0.00(0.00)  Forward time: 0.26(0.24)  Batch time: 0.27(0.25)
2026-08-14 02:54:14,667   INFO  a1e06a0b30c0                Fri Aug 14 02:54:14 2026  580.173.02
[0] NVIDIA GeForce RTX 3070 | 64°C,   0 % |  6625 /  8192 MB | root(6226M)

2026-08-14 02:54:26,807   INFO  Train:    3/4 ( 75%) [26323/55563 ( 47%)]  Loss: 1.100 (1.11)  LR: 1.391e-04  Time cost: 1:47:58/1:59:56 [4:45:58/5:47:51]  Acc_iter 137450      Data time: 0.00(0.00)  Forward time: 0.25(0.24)  Batch time: 0.25(0.25)
2026-08-14 02:54:39,050   INFO  Train:    3/4 ( 75%) [26373/55563 ( 47%)]  Loss: 0.9246 (1.11)  LR: 1.390e-04  Time cost: 1:48:10/1:59:44 [4:46:11/5:47:38]  Acc_iter 137500      Data time: 0.00(0.00)  Forward time: 0.22(0.24)  Batch time: 0.22(0.25)
2026-08-14 02:54:51,269   INFO  Train:    3/4 ( 75%) [26423/55563 ( 48%)]  Loss: 1.666 (1.11)  LR: 1.389e-04  Time cost: 1:48:23/1:59:31 [4:46:23/5:47:26]  Acc_iter 137550      Data time: 0.00(0.00)  Forward time: 0.28(0.24)  Batch time: 0.28(0.25)
2026-08-14 02:54:51,638   INFO  a1e06a0b30c0                Fri Aug 14 02:54:51 2026  580.173.02
[0] NVIDIA GeForce RTX 3070 | 64°C,   0 % |  6624 /  8192 MB | root(6226M)

2026-08-14 02:55:03,986   INFO  Train:    3/4 ( 75%) [26473/55563 ( 48%)]  Loss: 1.042 (1.11)  LR: 1.388e-04  Time cost: 1:48:35/1:59:19 [4:46:36/5:47:15]  Acc_iter 137600      Data time: 0.00(0.00)  Forward time: 0.22(0.24)  Batch time: 0.22(0.25)
2026-08-14 02:55:16,176   INFO  Train:    3/4 ( 75%) [26523/55563 ( 48%)]  Loss: 0.9067 (1.11)  LR: 1.386e-04  Time cost: 1:48:48/1:59:07 [4:46:48/5:47:02]  Acc_iter 137650      Data time: 0.00(0.00)  Forward time: 0.24(0.24)  Batch time: 0.24(0.25)
2026-08-14 02:55:28,333   INFO  Train:    3/4 ( 75%) [26573/55563 ( 48%)]  Loss: 1.258 (1.11)  LR: 1.385e-04  Time cost: 1:49:00/1:58:54 [4:47:00/5:46:49]  Acc_iter 137700      Data time: 0.00(0.00)  Forward time: 0.23(0.24)  Batch time: 0.23(0.25)
2026-08-14 02:55:28,692   INFO  a1e06a0b30c0                Fri Aug 14 02:55:28 2026  580.173.02
[0] NVIDIA GeForce RTX 3070 | 65°C,   4 % |  6623 /  8192 MB | root(6226M)

2026-08-14 02:55:41,002   INFO  Train:    3/4 ( 75%) [26623/55563 ( 48%)]  Loss: 1.260 (1.11)  LR: 1.384e-04  Time cost: 1:49:12/1:58:42 [4:47:13/5:46:38]  Acc_iter 137750      Data time: 0.00(0.00)  Forward time: 0.23(0.24)  Batch time: 0.24(0.25)
2026-08-14 02:55:53,293   INFO  Train:    3/4 ( 75%) [26673/55563 ( 48%)]  Loss: 0.6169 (1.11)  LR: 1.382e-04  Time cost: 1:49:25/1:58:30 [4:47:25/5:46:26]  Acc_iter 137800      Data time: 0.00(0.00)  Forward time: 0.24(0.24)  Batch time: 0.24(0.25)
2026-08-14 02:56:05,542   INFO  Train:    3/4 ( 75%) [26723/55563 ( 48%)]  Loss: 0.8854 (1.11)  LR: 1.381e-04  Time cost: 1:49:37/1:58:18 [4:47:37/5:46:13]  Acc_iter 137850      Data time: 0.00(0.00)  Forward time: 0.24(0.24)  Batch time: 0.24(0.25)
2026-08-14 02:56:05,904   INFO  a1e06a0b30c0                Fri Aug 14 02:56:05 2026  580.173.02
[0] NVIDIA GeForce RTX 3070 | 70°C,  77 % |  6623 /  8192 MB | root(6226M)

2026-08-14 02:56:18,008   INFO  Train:    3/4 ( 75%) [26773/55563 ( 48%)]  Loss: 1.214 (1.11)  LR: 1.380e-04  Time cost: 1:49:49/1:58:06 [4:47:50/5:46:01]  Acc_iter 137900      Data time: 0.00(0.00)  Forward time: 0.27(0.24)  Batch time: 0.27(0.25)
2026-08-14 02:56:28,340   INFO  Save latest model to /OpenPCDet/output/OpenPCDet/tools/cfgs/models/S/F/S_F_N/default/ckpt/latest_model
2026-08-14 02:56:30,208   INFO  Train:    3/4 ( 75%) [26823/55563 ( 48%)]  Loss: 1.613 (1.11)  LR: 1.378e-04  Time cost: 1:50:02/1:57:53 [4:48:02/5:45:49]  Acc_iter 137950      Data time: 0.00(0.00)  Forward time: 0.22(0.24)  Batch time: 0.22(0.25)
2026-08-14 02:56:42,667   INFO  Train:    3/4 ( 75%) [26873/55563 ( 48%)]  Loss: 1.251 (1.11)  LR: 1.377e-04  Time cost: 1:50:14/1:57:41 [4:48:14/5:45:37]  Acc_iter 138000      Data time: 0.00(0.00)  Forward time: 0.27(0.24)  Batch time: 0.27(0.25)
2026-08-14 02:56:43,076   INFO  a1e06a0b30c0                Fri Aug 14 02:56:43 2026  580.173.02
[0] NVIDIA GeForce RTX 3070 | 70°C,  74 % |  6624 /  8192 MB | root(6226M)

2026-08-14 02:56:55,307   INFO  Train:    3/4 ( 75%) [26923/55563 ( 48%)]  Loss: 1.307 (1.11)  LR: 1.376e-04  Time cost: 1:50:27/1:57:29 [4:48:27/5:45:26]  Acc_iter 138050      Data time: 0.00(0.00)  Forward time: 0.24(0.24)  Batch time: 0.24(0.25)
2026-08-14 02:57:07,467   INFO  Train:    3/4 ( 75%) [26973/55563 ( 49%)]  Loss: 0.7353 (1.11)  LR: 1.374e-04  Time cost: 1:50:39/1:57:17 [4:48:39/5:45:13]  Acc_iter 138100      Data time: 0.00(0.00)  Forward time: 0.24(0.24)  Batch time: 0.24(0.25)
2026-08-14 02:57:19,352   INFO  Train:    3/4 ( 75%) [27023/55563 ( 49%)]  Loss: 0.8378 (1.11)  LR: 1.373e-04  Time cost: 1:50:51/1:57:04 [4:48:51/5:44:59]  Acc_iter 138150      Data time: 0.00(0.00)  Forward time: 0.20(0.24)  Batch time: 0.21(0.25)
2026-08-14 02:57:19,772   INFO  a1e06a0b30c0                Fri Aug 14 02:57:19 2026  580.173.02
[0] NVIDIA GeForce RTX 3070 | 67°C,   0 % |  6625 /  8192 MB | root(6226M)

2026-08-14 02:57:31,971   INFO  Train:    3/4 ( 75%) [27073/55563 ( 49%)]  Loss: 1.944 (1.11)  LR: 1.372e-04  Time cost: 1:51:03/1:56:52 [4:49:04/5:44:48]  Acc_iter 138200      Data time: 0.00(0.00)  Forward time: 0.25(0.24)  Batch time: 0.25(0.25)
2026-08-14 02:57:44,324   INFO  Train:    3/4 ( 75%) [27123/55563 ( 49%)]  Loss: 0.8422 (1.11)  LR: 1.370e-04  Time cost: 1:51:16/1:56:40 [4:49:16/5:44:36]  Acc_iter 138250      Data time: 0.00(0.00)  Forward time: 0.26(0.24)  Batch time: 0.26(0.25)
2026-08-14 02:57:56,498   INFO  Train:    3/4 ( 75%) [27173/55563 ( 49%)]  Loss: 0.6600 (1.11)  LR: 1.369e-04  Time cost: 1:51:28/1:56:27 [4:49:28/5:44:23]  Acc_iter 138300      Data time: 0.00(0.00)  Forward time: 0.27(0.24)  Batch time: 0.27(0.25)
2026-08-14 02:57:56,865   INFO  a1e06a0b30c0                Fri Aug 14 02:57:56 2026  580.173.02
[0] NVIDIA GeForce RTX 3070 | 70°C, 100 % |  6624 /  8192 MB | root(6226M)

2026-08-14 02:58:09,275   INFO  Train:    3/4 ( 75%) [27223/55563 ( 49%)]  Loss: 1.478 (1.11)  LR: 1.368e-04  Time cost: 1:51:41/1:56:15 [4:49:41/5:44:12]  Acc_iter 138350      Data time: 0.00(0.00)  Forward time: 0.28(0.24)  Batch time: 0.28(0.25)
2026-08-14 02:58:21,528   INFO  Train:    3/4 ( 75%) [27273/55563 ( 49%)]  Loss: 0.7160 (1.11)  LR: 1.366e-04  Time cost: 1:51:53/1:56:03 [4:49:53/5:44:00]  Acc_iter 138400      Data time: 0.00(0.00)  Forward time: 0.26(0.24)  Batch time: 0.26(0.25)
2026-08-14 02:58:34,016   INFO  Train:    3/4 ( 75%) [27323/55563 ( 49%)]  Loss: 1.308 (1.11)  LR: 1.365e-04  Time cost: 1:52:05/1:55:51 [4:50:06/5:43:48]  Acc_iter 138450      Data time: 0.00(0.00)  Forward time: 0.27(0.24)  Batch time: 0.27(0.25)
2026-08-14 02:58:34,441   INFO  a1e06a0b30c0                Fri Aug 14 02:58:34 2026  580.173.02
[0] NVIDIA GeForce RTX 3070 | 72°C,  96 % |  6623 /  8192 MB | root(6226M)

2026-08-14 02:58:46,750   INFO  Train:    3/4 ( 75%) [27373/55563 ( 49%)]  Loss: 0.6788 (1.11)  LR: 1.364e-04  Time cost: 1:52:18/1:55:39 [4:50:18/5:43:37]  Acc_iter 138500      Data time: 0.00(0.00)  Forward time: 0.25(0.24)  Batch time: 0.25(0.25)
2026-08-14 02:58:58,952   INFO  Train:    3/4 ( 75%) [27423/55563 ( 49%)]  Loss: 1.112 (1.11)  LR: 1.362e-04  Time cost: 1:52:30/1:55:27 [4:50:31/5:43:24]  Acc_iter 138550      Data time: 0.00(0.00)  Forward time: 0.27(0.24)  Batch time: 0.28(0.25)
2026-08-14 02:59:11,098   INFO  Train:    3/4 ( 75%) [27473/55563 ( 49%)]  Loss: 1.063 (1.11)  LR: 1.361e-04  Time cost: 1:52:43/1:55:14 [4:50:43/5:43:12]  Acc_iter 138600      Data time: 0.00(0.00)  Forward time: 0.23(0.24)  Batch time: 0.23(0.25)
2026-08-14 02:59:11,462   INFO  a1e06a0b30c0                Fri Aug 14 02:59:11 2026  580.173.02
[0] NVIDIA GeForce RTX 3070 | 70°C,  67 % |  6613 /  8192 MB | root(6226M)

2026-08-14 02:59:24,014   INFO  Train:    3/4 ( 75%) [27523/55563 ( 50%)]  Loss: 1.072 (1.11)  LR: 1.360e-04  Time cost: 1:52:55/1:55:02 [4:50:56/5:43:01]  Acc_iter 138650      Data time: 0.00(0.00)  Forward time: 0.23(0.24)  Batch time: 0.23(0.25)
2026-08-14 02:59:36,243   INFO  Train:    3/4 ( 75%) [27573/55563 ( 50%)]  Loss: 0.9661 (1.11)  LR: 1.358e-04  Time cost: 1:53:08/1:54:50 [4:51:08/5:42:49]  Acc_iter 138700      Data time: 0.00(0.00)  Forward time: 0.28(0.24)  Batch time: 0.28(0.25)
2026-08-14 02:59:48,467   INFO  Train:    3/4 ( 75%) [27623/55563 ( 50%)]  Loss: 0.6702 (1.11)  LR: 1.357e-04  Time cost: 1:53:20/1:54:38 [4:51:20/5:42:36]  Acc_iter 138750      Data time: 0.00(0.00)  Forward time: 0.24(0.24)  Batch time: 0.24(0.25)
2026-08-14 02:59:48,826   INFO  a1e06a0b30c0                Fri Aug 14 02:59:48 2026  580.173.02
[0] NVIDIA GeForce RTX 3070 | 71°C, 100 % |  6629 /  8192 MB | root(6226M)

2026-08-14 03:00:01,087   INFO  Train:    3/4 ( 75%) [27673/55563 ( 50%)]  Loss: 1.307 (1.11)  LR: 1.356e-04  Time cost: 1:53:33/1:54:26 [4:51:33/5:42:25]  Acc_iter 138800      Data time: 0.00(0.00)  Forward time: 0.24(0.24)  Batch time: 0.24(0.25)
2026-08-14 03:00:13,070   INFO  Train:    3/4 ( 75%) [27723/55563 ( 50%)]  Loss: 1.007 (1.11)  LR: 1.355e-04  Time cost: 1:53:45/1:54:13 [4:51:45/5:42:11]  Acc_iter 138850      Data time: 0.00(0.00)  Forward time: 0.21(0.24)  Batch time: 0.21(0.25)
2026-08-14 03:00:25,530   INFO  Train:    3/4 ( 75%) [27773/55563 ( 50%)]  Loss: 0.9108 (1.11)  LR: 1.353e-04  Time cost: 1:53:57/1:54:01 [4:51:57/5:42:00]  Acc_iter 138900      Data time: 0.00(0.00)  Forward time: 0.25(0.24)  Batch time: 0.25(0.25)
2026-08-14 03:00:25,900   INFO  a1e06a0b30c0                Fri Aug 14 03:00:25 2026  580.173.02
[0] NVIDIA GeForce RTX 3070 | 71°C,  94 % |  6624 /  8192 MB | root(6226M)

2026-08-14 03:00:38,102   INFO  Train:    3/4 ( 75%) [27823/55563 ( 50%)]  Loss: 1.047 (1.11)  LR: 1.352e-04  Time cost: 1:54:10/1:53:49 [4:52:10/5:41:48]  Acc_iter 138950      Data time: 0.00(0.00)  Forward time: 0.24(0.24)  Batch time: 0.24(0.25)
2026-08-14 03:00:50,136   INFO  Train:    3/4 ( 75%) [27873/55563 ( 50%)]  Loss: 1.017 (1.11)  LR: 1.351e-04  Time cost: 1:54:22/1:53:36 [4:52:22/5:41:35]  Acc_iter 139000      Data time: 0.00(0.00)  Forward time: 0.21(0.24)  Batch time: 0.21(0.25)
2026-08-14 03:01:02,420   INFO  Train:    3/4 ( 75%) [27923/55563 ( 50%)]  Loss: 1.158 (1.11)  LR: 1.349e-04  Time cost: 1:54:34/1:53:24 [4:52:34/5:41:22]  Acc_iter 139050      Data time: 0.00(0.00)  Forward time: 0.24(0.24)  Batch time: 0.25(0.25)
2026-08-14 03:01:02,797   INFO  a1e06a0b30c0                Fri Aug 14 03:01:02 2026  580.173.02
[0] NVIDIA GeForce RTX 3070 | 71°C,   2 % |  6624 /  8192 MB | root(6226M)

2026-08-14 03:01:15,546   INFO  Train:    3/4 ( 75%) [27973/55563 ( 50%)]  Loss: 1.254 (1.11)  LR: 1.348e-04  Time cost: 1:54:47/1:53:12 [4:52:47/5:41:13]  Acc_iter 139100      Data time: 0.00(0.00)  Forward time: 0.27(0.24)  Batch time: 0.27(0.25)
2026-08-14 03:01:27,643   INFO  Train:    3/4 ( 75%) [28023/55563 ( 50%)]  Loss: 1.176 (1.11)  LR: 1.347e-04  Time cost: 1:54:59/1:53:00 [4:52:59/5:41:00]  Acc_iter 139150      Data time: 0.00(0.00)  Forward time: 0.24(0.24)  Batch time: 0.24(0.25)
2026-08-14 03:01:28,243   INFO  Save latest model to /OpenPCDet/output/OpenPCDet/tools/cfgs/models/S/F/S_F_N/default/ckpt/latest_model
2026-08-14 03:01:39,743   INFO  Train:    3/4 ( 75%) [28073/55563 ( 51%)]  Loss: 1.206 (1.11)  LR: 1.345e-04  Time cost: 1:55:11/1:52:47 [4:53:11/5:40:47]  Acc_iter 139200      Data time: 0.00(0.00)  Forward time: 0.24(0.24)  Batch time: 0.24(0.25)
2026-08-14 03:01:40,109   INFO  a1e06a0b30c0                Fri Aug 14 03:01:40 2026  580.173.02
[0] NVIDIA GeForce RTX 3070 | 70°C,  88 % |  6823 /  8192 MB | root(6426M)

2026-08-14 03:01:52,376   INFO  Train:    3/4 ( 75%) [28123/55563 ( 51%)]  Loss: 1.107 (1.11)  LR: 1.344e-04  Time cost: 1:55:24/1:52:35 [4:53:24/5:40:35]  Acc_iter 139250      Data time: 0.00(0.00)  Forward time: 0.25(0.24)  Batch time: 0.25(0.25)
2026-08-14 03:02:04,705   INFO  Train:    3/4 ( 75%) [28173/55563 ( 51%)]  Loss: 1.219 (1.11)  LR: 1.343e-04  Time cost: 1:55:36/1:52:23 [4:53:36/5:40:23]  Acc_iter 139300      Data time: 0.00(0.00)  Forward time: 0.27(0.24)  Batch time: 0.28(0.25)
2026-08-14 03:02:16,722   INFO  Train:    3/4 ( 75%) [28223/55563 ( 51%)]  Loss: 0.8135 (1.11)  LR: 1.341e-04  Time cost: 1:55:48/1:52:11 [4:53:48/5:40:10]  Acc_iter 139350      Data time: 0.00(0.00)  Forward time: 0.26(0.24)  Batch time: 0.26(0.25)
2026-08-14 03:02:17,071   INFO  a1e06a0b30c0                Fri Aug 14 03:02:17 2026  580.173.02
[0] NVIDIA GeForce RTX 3070 | 69°C,  74 % |  6824 /  8192 MB | root(6426M)

2026-08-14 03:02:28,757   INFO  Train:    3/4 ( 75%) [28273/55563 ( 51%)]  Loss: 2.047 (1.11)  LR: 1.340e-04  Time cost: 1:56:00/1:51:58 [4:54:00/5:39:57]  Acc_iter 139400      Data time: 0.00(0.00)  Forward time: 0.23(0.24)  Batch time: 0.23(0.25)
2026-08-14 03:02:40,797   INFO  Train:    3/4 ( 75%) [28323/55563 ( 51%)]  Loss: 1.420 (1.11)  LR: 1.339e-04  Time cost: 1:56:12/1:51:45 [4:54:12/5:39:44]  Acc_iter 139450      Data time: 0.00(0.00)  Forward time: 0.21(0.24)  Batch time: 0.21(0.25)
2026-08-14 03:02:52,998   INFO  Train:    3/4 ( 75%) [28373/55563 ( 51%)]  Loss: 0.6620 (1.11)  LR: 1.337e-04  Time cost: 1:56:24/1:51:33 [4:54:25/5:39:31]  Acc_iter 139500      Data time: 0.00(0.00)  Forward time: 0.26(0.24)  Batch time: 0.26(0.25)
2026-08-14 03:02:53,399   INFO  a1e06a0b30c0                Fri Aug 14 03:02:53 2026  580.173.02
[0] NVIDIA GeForce RTX 3070 | 71°C,  92 % |  6825 /  8192 MB | root(6426M)

2026-08-14 03:03:05,822   INFO  Train:    3/4 ( 75%) [28423/55563 ( 51%)]  Loss: 1.076 (1.11)  LR: 1.336e-04  Time cost: 1:56:37/1:51:21 [4:54:37/5:39:20]  Acc_iter 139550      Data time: 0.00(0.00)  Forward time: 0.24(0.24)  Batch time: 0.24(0.25)
2026-08-14 03:03:17,776   INFO  Train:    3/4 ( 75%) [28473/55563 ( 51%)]  Loss: 0.5444 (1.11)  LR: 1.335e-04  Time cost: 1:56:49/1:51:09 [4:54:49/5:39:07]  Acc_iter 139600      Data time: 0.00(0.00)  Forward time: 0.21(0.24)  Batch time: 0.21(0.25)
2026-08-14 03:03:29,515   INFO  Train:    3/4 ( 75%) [28523/55563 ( 51%)]  Loss: 0.4064 (1.11)  LR: 1.333e-04  Time cost: 1:57:01/1:50:56 [4:55:01/5:38:53]  Acc_iter 139650      Data time: 0.00(0.00)  Forward time: 0.23(0.24)  Batch time: 0.23(0.25)
2026-08-14 03:03:29,868   INFO  a1e06a0b30c0                Fri Aug 14 03:03:29 2026  580.173.02
[0] NVIDIA GeForce RTX 3070 | 72°C,  96 % |  6824 /  8192 MB | root(6426M)

2026-08-14 03:03:42,350   INFO  Train:    3/4 ( 75%) [28573/55563 ( 51%)]  Loss: 1.877 (1.11)  LR: 1.332e-04  Time cost: 1:57:14/1:50:44 [4:55:14/5:38:42]  Acc_iter 139700      Data time: 0.00(0.00)  Forward time: 0.24(0.24)  Batch time: 0.24(0.25)
2026-08-14 03:03:54,598   INFO  Train:    3/4 ( 75%) [28623/55563 ( 52%)]  Loss: 0.8850 (1.11)  LR: 1.331e-04  Time cost: 1:57:26/1:50:31 [4:55:26/5:38:30]  Acc_iter 139750      Data time: 0.00(0.00)  Forward time: 0.23(0.24)  Batch time: 0.23(0.25)
2026-08-14 03:04:06,804   INFO  Train:    3/4 ( 75%) [28673/55563 ( 52%)]  Loss: 0.9848 (1.11)  LR: 1.329e-04  Time cost: 1:57:38/1:50:19 [4:55:38/5:38:17]  Acc_iter 139800      Data time: 0.00(0.00)  Forward time: 0.28(0.24)  Batch time: 0.28(0.25)
2026-08-14 03:04:07,159   INFO  a1e06a0b30c0                Fri Aug 14 03:04:07 2026  580.173.02
[0] NVIDIA GeForce RTX 3070 | 64°C,  99 % |  6823 /  8192 MB | root(6426M)

2026-08-14 03:04:19,337   INFO  Train:    3/4 ( 75%) [28723/55563 ( 52%)]  Loss: 0.9151 (1.11)  LR: 1.328e-04  Time cost: 1:57:51/1:50:07 [4:55:51/5:38:05]  Acc_iter 139850      Data time: 0.00(0.00)  Forward time: 0.24(0.24)  Batch time: 0.24(0.25)
2026-08-14 03:04:31,414   INFO  Train:    3/4 ( 75%) [28773/55563 ( 52%)]  Loss: 1.226 (1.11)  LR: 1.327e-04  Time cost: 1:58:03/1:49:54 [4:56:03/5:37:53]  Acc_iter 139900      Data time: 0.00(0.00)  Forward time: 0.24(0.24)  Batch time: 0.24(0.25)
2026-08-14 03:04:43,525   INFO  Train:    3/4 ( 75%) [28823/55563 ( 52%)]  Loss: 1.294 (1.11)  LR: 1.326e-04  Time cost: 1:58:15/1:49:42 [4:56:15/5:37:40]  Acc_iter 139950      Data time: 0.00(0.00)  Forward time: 0.22(0.24)  Batch time: 0.22(0.25)
2026-08-14 03:04:43,927   INFO  a1e06a0b30c0                Fri Aug 14 03:04:43 2026  580.173.02
[0] NVIDIA GeForce RTX 3070 | 70°C,  82 % |  6823 /  8192 MB | root(6426M)

2026-08-14 03:04:56,162   INFO  Train:    3/4 ( 75%) [28873/55563 ( 52%)]  Loss: 0.5418 (1.11)  LR: 1.324e-04  Time cost: 1:58:28/1:49:30 [4:56:28/5:37:28]  Acc_iter 140000      Data time: 0.00(0.00)  Forward time: 0.26(0.24)  Batch time: 0.26(0.25)
2026-08-14 03:05:08,354   INFO  Train:    3/4 ( 75%) [28923/55563 ( 52%)]  Loss: 0.8720 (1.11)  LR: 1.323e-04  Time cost: 1:58:40/1:49:18 [4:56:40/5:37:16]  Acc_iter 140050      Data time: 0.00(0.00)  Forward time: 0.27(0.24)  Batch time: 0.27(0.25)
2026-08-14 03:05:20,646   INFO  Train:    3/4 ( 75%) [28973/55563 ( 52%)]  Loss: 1.245 (1.11)  LR: 1.322e-04  Time cost: 1:58:52/1:49:05 [4:56:52/5:37:03]  Acc_iter 140100      Data time: 0.00(0.00)  Forward time: 0.25(0.24)  Batch time: 0.25(0.25)
2026-08-14 03:05:21,009   INFO  a1e06a0b30c0                Fri Aug 14 03:05:20 2026  580.173.02
[0] NVIDIA GeForce RTX 3070 | 70°C,  93 % |  6823 /  8192 MB | root(6426M)

2026-08-14 03:05:33,346   INFO  Train:    3/4 ( 75%) [29023/55563 ( 52%)]  Loss: 0.9318 (1.11)  LR: 1.320e-04  Time cost: 1:59:05/1:48:53 [4:57:05/5:36:52]  Acc_iter 140150      Data time: 0.00(0.00)  Forward time: 0.22(0.24)  Batch time: 0.22(0.25)
2026-08-14 03:05:45,518   INFO  Train:    3/4 ( 75%) [29073/55563 ( 52%)]  Loss: 0.8245 (1.11)  LR: 1.319e-04  Time cost: 1:59:17/1:48:41 [4:57:17/5:36:39]  Acc_iter 140200      Data time: 0.00(0.00)  Forward time: 0.23(0.24)  Batch time: 0.23(0.25)
2026-08-14 03:05:57,807   INFO  Train:    3/4 ( 75%) [29123/55563 ( 52%)]  Loss: 1.426 (1.11)  LR: 1.318e-04  Time cost: 1:59:29/1:48:28 [4:57:29/5:36:27]  Acc_iter 140250      Data time: 0.00(0.00)  Forward time: 0.25(0.24)  Batch time: 0.25(0.25)
2026-08-14 03:05:58,227   INFO  a1e06a0b30c0                Fri Aug 14 03:05:58 2026  580.173.02
[0] NVIDIA GeForce RTX 3070 | 65°C,  99 % |  6824 /  8192 MB | root(6426M)

2026-08-14 03:06:10,234   INFO  Train:    3/4 ( 75%) [29173/55563 ( 53%)]  Loss: 1.381 (1.11)  LR: 1.316e-04  Time cost: 1:59:42/1:48:16 [4:57:42/5:36:15]  Acc_iter 140300      Data time: 0.00(0.00)  Forward time: 0.21(0.24)  Batch time: 0.21(0.25)
2026-08-14 03:06:22,385   INFO  Train:    3/4 ( 75%) [29223/55563 ( 53%)]  Loss: 1.042 (1.11)  LR: 1.315e-04  Time cost: 1:59:54/1:48:04 [4:57:54/5:36:02]  Acc_iter 140350      Data time: 0.00(0.00)  Forward time: 0.24(0.24)  Batch time: 0.24(0.25)
2026-08-14 03:06:28,274   INFO  Save latest model to /OpenPCDet/output/OpenPCDet/tools/cfgs/models/S/F/S_F_N/default/ckpt/latest_model
2026-08-14 03:06:34,907   INFO  Train:    3/4 ( 75%) [29273/55563 ( 53%)]  Loss: 1.423 (1.11)  LR: 1.314e-04  Time cost: 2:00:06/1:47:52 [4:58:07/5:35:51]  Acc_iter 140400      Data time: 0.00(0.00)  Forward time: 0.21(0.24)  Batch time: 0.21(0.25)
2026-08-14 03:06:35,277   INFO  a1e06a0b30c0                Fri Aug 14 03:06:35 2026  580.173.02
[0] NVIDIA GeForce RTX 3070 | 65°C,  72 % |  6824 /  8192 MB | root(6426M)

2026-08-14 03:06:47,388   INFO  Train:    3/4 ( 75%) [29323/55563 ( 53%)]  Loss: 0.6138 (1.11)  LR: 1.312e-04  Time cost: 2:00:19/1:47:40 [4:58:19/5:35:39]  Acc_iter 140450      Data time: 0.00(0.00)  Forward time: 0.25(0.24)  Batch time: 0.25(0.25)
2026-08-14 03:06:59,643   INFO  Train:    3/4 ( 75%) [29373/55563 ( 53%)]  Loss: 1.606 (1.11)  LR: 1.311e-04  Time cost: 2:00:31/1:47:27 [4:58:31/5:35:26]  Acc_iter 140500      Data time: 0.00(0.00)  Forward time: 0.27(0.24)  Batch time: 0.28(0.25)
2026-08-14 03:07:11,478   INFO  Train:    3/4 ( 75%) [29423/55563 ( 53%)]  Loss: 0.8014 (1.11)  LR: 1.310e-04  Time cost: 2:00:43/1:47:14 [4:58:43/5:35:13]  Acc_iter 140550      Data time: 0.00(0.00)  Forward time: 0.24(0.24)  Batch time: 0.24(0.25)
2026-08-14 03:07:11,840   INFO  a1e06a0b30c0                Fri Aug 14 03:07:11 2026  580.173.02
[0] NVIDIA GeForce RTX 3070 | 68°C,  68 % |  6824 /  8192 MB | root(6426M)

2026-08-14 03:07:24,469   INFO  Train:    3/4 ( 75%) [29473/55563 ( 53%)]  Loss: 1.777 (1.11)  LR: 1.308e-04  Time cost: 2:00:56/1:47:03 [4:58:56/5:35:02]  Acc_iter 140600      Data time: 0.00(0.00)  Forward time: 0.25(0.24)  Batch time: 0.26(0.25)
2026-08-14 03:07:36,640   INFO  Train:    3/4 ( 75%) [29523/55563 ( 53%)]  Loss: 0.7833 (1.11)  LR: 1.307e-04  Time cost: 2:01:08/1:46:50 [4:59:08/5:34:50]  Acc_iter 140650      Data time: 0.00(0.00)  Forward time: 0.25(0.24)  Batch time: 0.25(0.25)
2026-08-14 03:07:48,713   INFO  Train:    3/4 ( 75%) [29573/55563 ( 53%)]  Loss: 2.097 (1.11)  LR: 1.306e-04  Time cost: 2:01:20/1:46:38 [4:59:20/5:34:37]  Acc_iter 140700      Data time: 0.00(0.00)  Forward time: 0.24(0.24)  Batch time: 0.24(0.25)
2026-08-14 03:07:49,077   INFO  a1e06a0b30c0                Fri Aug 14 03:07:49 2026  580.173.02
[0] NVIDIA GeForce RTX 3070 | 69°C,  81 % |  6823 /  8192 MB | root(6426M)

2026-08-14 03:08:01,218   INFO  Train:    3/4 ( 75%) [29623/55563 ( 53%)]  Loss: 1.022 (1.11)  LR: 1.305e-04  Time cost: 2:01:33/1:46:26 [4:59:33/5:34:25]  Acc_iter 140750      Data time: 0.00(0.00)  Forward time: 0.23(0.24)  Batch time: 0.23(0.25)
2026-08-14 03:08:13,419   INFO  Train:    3/4 ( 75%) [29673/55563 ( 53%)]  Loss: 1.072 (1.11)  LR: 1.303e-04  Time cost: 2:01:45/1:46:13 [4:59:45/5:34:12]  Acc_iter 140800      Data time: 0.00(0.00)  Forward time: 0.24(0.24)  Batch time: 0.24(0.25)
2026-08-14 03:08:25,830   INFO  Train:    3/4 ( 75%) [29723/55563 ( 53%)]  Loss: 0.7665 (1.11)  LR: 1.302e-04  Time cost: 2:01:57/1:46:01 [4:59:57/5:34:00]  Acc_iter 140850      Data time: 0.00(0.00)  Forward time: 0.23(0.24)  Batch time: 0.23(0.25)
2026-08-14 03:08:26,208   INFO  a1e06a0b30c0                Fri Aug 14 03:08:26 2026  580.173.02
[0] NVIDIA GeForce RTX 3070 | 64°C,  83 % |  6823 /  8192 MB | root(6426M)

2026-08-14 03:08:38,375   INFO  Train:    3/4 ( 75%) [29773/55563 ( 54%)]  Loss: 1.325 (1.11)  LR: 1.301e-04  Time cost: 2:02:10/1:45:49 [5:00:10/5:33:48]  Acc_iter 140900      Data time: 0.00(0.00)  Forward time: 0.28(0.24)  Batch time: 0.28(0.25)
2026-08-14 03:08:50,407   INFO  Train:    3/4 ( 75%) [29823/55563 ( 54%)]  Loss: 1.111 (1.11)  LR: 1.299e-04  Time cost: 2:02:22/1:45:36 [5:00:22/5:33:35]  Acc_iter 140950      Data time: 0.00(0.00)  Forward time: 0.24(0.24)  Batch time: 0.24(0.25)
2026-08-14 03:09:02,454   INFO  Train:    3/4 ( 75%) [29873/55563 ( 54%)]  Loss: 1.465 (1.11)  LR: 1.298e-04  Time cost: 2:02:34/1:45:24 [5:00:34/5:33:22]  Acc_iter 141000      Data time: 0.00(0.00)  Forward time: 0.24(0.24)  Batch time: 0.25(0.25)
2026-08-14 03:09:02,876   INFO  a1e06a0b30c0                Fri Aug 14 03:09:02 2026  580.173.02
[0] NVIDIA GeForce RTX 3070 | 68°C,  79 % |  6823 /  8192 MB | root(6426M)

2026-08-14 03:09:15,325   INFO  Train:    3/4 ( 75%) [29923/55563 ( 54%)]  Loss: 0.5828 (1.10)  LR: 1.297e-04  Time cost: 2:02:47/1:45:12 [5:00:47/5:33:12]  Acc_iter 141050      Data time: 0.00(0.00)  Forward time: 0.25(0.24)  Batch time: 0.25(0.25)
2026-08-14 03:09:27,433   INFO  Train:    3/4 ( 75%) [29973/55563 ( 54%)]  Loss: 0.9877 (1.10)  LR: 1.295e-04  Time cost: 2:02:59/1:45:00 [5:00:59/5:32:59]  Acc_iter 141100      Data time: 0.00(0.00)  Forward time: 0.24(0.24)  Batch time: 0.24(0.25)
2026-08-14 03:09:39,277   INFO  Train:    3/4 ( 75%) [30023/55563 ( 54%)]  Loss: 1.251 (1.10)  LR: 1.294e-04  Time cost: 2:03:11/1:44:47 [5:01:11/5:32:45]  Acc_iter 141150      Data time: 0.00(0.00)  Forward time: 0.20(0.24)  Batch time: 0.20(0.25)
2026-08-14 03:09:39,653   INFO  a1e06a0b30c0                Fri Aug 14 03:09:39 2026  580.173.02
[0] NVIDIA GeForce RTX 3070 | 70°C,  95 % |  6820 /  8192 MB | root(6426M)

2026-08-14 03:09:51,639   INFO  Train:    3/4 ( 75%) [30073/55563 ( 54%)]  Loss: 1.218 (1.10)  LR: 1.293e-04  Time cost: 2:03:23/1:44:35 [5:01:23/5:32:33]  Acc_iter 141200      Data time: 0.00(0.00)  Forward time: 0.27(0.24)  Batch time: 0.27(0.25)
2026-08-14 03:10:04,264   INFO  Train:    3/4 ( 75%) [30123/55563 ( 54%)]  Loss: 1.444 (1.10)  LR: 1.291e-04  Time cost: 2:03:36/1:44:23 [5:01:36/5:32:22]  Acc_iter 141250      Data time: 0.00(0.00)  Forward time: 0.26(0.24)  Batch time: 0.26(0.25)
2026-08-14 03:10:16,534   INFO  Train:    3/4 ( 75%) [30173/55563 ( 54%)]  Loss: 0.4281 (1.11)  LR: 1.290e-04  Time cost: 2:03:48/1:44:10 [5:01:48/5:32:09]  Acc_iter 141300      Data time: 0.00(0.00)  Forward time: 0.22(0.24)  Batch time: 0.22(0.25)
2026-08-14 03:10:16,895   INFO  a1e06a0b30c0                Fri Aug 14 03:10:16 2026  580.173.02
[0] NVIDIA GeForce RTX 3070 | 70°C,  80 % |  6820 /  8192 MB | root(6426M)

2026-08-14 03:10:29,371   INFO  Train:    3/4 ( 75%) [30223/55563 ( 54%)]  Loss: 0.7775 (1.11)  LR: 1.289e-04  Time cost: 2:04:01/1:43:58 [5:02:01/5:31:58]  Acc_iter 141350      Data time: 0.00(0.00)  Forward time: 0.25(0.24)  Batch time: 0.25(0.25)
2026-08-14 03:10:41,395   INFO  Train:    3/4 ( 75%) [30273/55563 ( 54%)]  Loss: 1.365 (1.10)  LR: 1.287e-04  Time cost: 2:04:13/1:43:46 [5:02:13/5:31:45]  Acc_iter 141400      Data time: 0.00(0.00)  Forward time: 0.23(0.24)  Batch time: 0.23(0.25)
2026-08-14 03:10:53,740   INFO  Train:    3/4 ( 75%) [30323/55563 ( 55%)]  Loss: 0.9593 (1.10)  LR: 1.286e-04  Time cost: 2:04:25/1:43:34 [5:02:25/5:31:33]  Acc_iter 141450      Data time: 0.00(0.00)  Forward time: 0.29(0.24)  Batch time: 0.29(0.25)
2026-08-14 03:10:54,146   INFO  a1e06a0b30c0                Fri Aug 14 03:10:54 2026  580.173.02
[0] NVIDIA GeForce RTX 3070 | 70°C,  54 % |  6819 /  8192 MB | root(6426M)

2026-08-14 03:11:06,477   INFO  Train:    3/4 ( 75%) [30373/55563 ( 55%)]  Loss: 1.294 (1.11)  LR: 1.285e-04  Time cost: 2:04:38/1:43:22 [5:02:38/5:31:22]  Acc_iter 141500      Data time: 0.00(0.00)  Forward time: 0.24(0.24)  Batch time: 0.24(0.25)
2026-08-14 03:11:18,535   INFO  Train:    3/4 ( 75%) [30423/55563 ( 55%)]  Loss: 0.7961 (1.11)  LR: 1.283e-04  Time cost: 2:04:50/1:43:09 [5:02:50/5:31:09]  Acc_iter 141550      Data time: 0.00(0.00)  Forward time: 0.26(0.24)  Batch time: 0.26(0.25)
2026-08-14 03:11:28,207   INFO  Save latest model to /OpenPCDet/output/OpenPCDet/tools/cfgs/models/S/F/S_F_N/default/ckpt/latest_model
2026-08-14 03:11:30,765   INFO  Train:    3/4 ( 75%) [30473/55563 ( 55%)]  Loss: 1.395 (1.11)  LR: 1.282e-04  Time cost: 2:05:02/1:42:57 [5:03:02/5:30:56]  Acc_iter 141600      Data time: 0.00(0.00)  Forward time: 0.21(0.24)  Batch time: 0.22(0.25)
2026-08-14 03:11:31,158   INFO  a1e06a0b30c0                Fri Aug 14 03:11:31 2026  580.173.02
[0] NVIDIA GeForce RTX 3070 | 72°C,  98 % |  6819 /  8192 MB | root(6426M)

2026-08-14 03:11:43,394   INFO  Train:    3/4 ( 75%) [30523/55563 ( 55%)]  Loss: 2.360 (1.10)  LR: 1.281e-04  Time cost: 2:05:15/1:42:45 [5:03:15/5:30:45]  Acc_iter 141650      Data time: 0.00(0.00)  Forward time: 0.23(0.24)  Batch time: 0.23(0.25)
2026-08-14 03:11:55,681   INFO  Train:    3/4 ( 75%) [30573/55563 ( 55%)]  Loss: 0.9432 (1.10)  LR: 1.280e-04  Time cost: 2:05:27/1:42:32 [5:03:27/5:30:32]  Acc_iter 141700      Data time: 0.00(0.00)  Forward time: 0.20(0.24)  Batch time: 0.21(0.25)
2026-08-14 03:12:07,552   INFO  Train:    3/4 ( 75%) [30623/55563 ( 55%)]  Loss: 1.889 (1.10)  LR: 1.278e-04  Time cost: 2:05:39/1:42:20 [5:03:39/5:30:19]  Acc_iter 141750      Data time: 0.00(0.00)  Forward time: 0.27(0.24)  Batch time: 0.27(0.25)
2026-08-14 03:12:07,914   INFO  a1e06a0b30c0                Fri Aug 14 03:12:07 2026  580.173.02
[0] NVIDIA GeForce RTX 3070 | 72°C,  99 % |  6820 /  8192 MB | root(6426M)

2026-08-14 03:12:19,924   INFO  Train:    3/4 ( 75%) [30673/55563 ( 55%)]  Loss: 0.6158 (1.10)  LR: 1.277e-04  Time cost: 2:05:51/1:42:07 [5:03:52/5:30:07]  Acc_iter 141800      Data time: 0.00(0.00)  Forward time: 0.25(0.24)  Batch time: 0.25(0.25)
2026-08-14 03:12:31,994   INFO  Train:    3/4 ( 75%) [30723/55563 ( 55%)]  Loss: 0.9243 (1.10)  LR: 1.276e-04  Time cost: 2:06:03/1:41:55 [5:04:04/5:29:54]  Acc_iter 141850      Data time: 0.00(0.00)  Forward time: 0.27(0.24)  Batch time: 0.27(0.25)
2026-08-14 03:12:44,146   INFO  Train:    3/4 ( 75%) [30773/55563 ( 55%)]  Loss: 0.4535 (1.10)  LR: 1.274e-04  Time cost: 2:06:16/1:41:42 [5:04:16/5:29:41]  Acc_iter 141900      Data time: 0.00(0.00)  Forward time: 0.22(0.24)  Batch time: 0.23(0.25)
2026-08-14 03:12:44,521   INFO  a1e06a0b30c0                Fri Aug 14 03:12:44 2026  580.173.02
[0] NVIDIA GeForce RTX 3070 | 70°C,  96 % |  6821 /  8192 MB | root(6426M)

2026-08-14 03:12:56,818   INFO  Train:    3/4 ( 75%) [30823/55563 ( 55%)]  Loss: 1.199 (1.10)  LR: 1.273e-04  Time cost: 2:06:28/1:41:30 [5:04:28/5:29:30]  Acc_iter 141950      Data time: 0.00(0.00)  Forward time: 0.27(0.24)  Batch time: 0.27(0.25)
2026-08-14 03:13:08,667   INFO  Train:    3/4 ( 75%) [30873/55563 ( 56%)]  Loss: 0.4170 (1.10)  LR: 1.272e-04  Time cost: 2:06:40/1:41:18 [5:04:40/5:29:16]  Acc_iter 142000      Data time: 0.00(0.00)  Forward time: 0.22(0.24)  Batch time: 0.22(0.25)
2026-08-14 03:13:20,947   INFO  Train:    3/4 ( 75%) [30923/55563 ( 56%)]  Loss: 2.558 (1.10)  LR: 1.270e-04  Time cost: 2:06:52/1:41:05 [5:04:53/5:29:04]  Acc_iter 142050      Data time: 0.00(0.00)  Forward time: 0.27(0.24)  Batch time: 0.27(0.25)
2026-08-14 03:13:21,327   INFO  a1e06a0b30c0                Fri Aug 14 03:13:21 2026  580.173.02
[0] NVIDIA GeForce RTX 3070 | 67°C,  77 % |  6821 /  8192 MB | root(6426M)

2026-08-14 03:13:33,633   INFO  Train:    3/4 ( 75%) [30973/55563 ( 56%)]  Loss: 1.852 (1.10)  LR: 1.269e-04  Time cost: 2:07:05/1:40:53 [5:05:05/5:28:53]  Acc_iter 142100      Data time: 0.00(0.00)  Forward time: 0.24(0.24)  Batch time: 0.24(0.25)
2026-08-14 03:13:46,091   INFO  Train:    3/4 ( 75%) [31023/55563 ( 56%)]  Loss: 0.3040 (1.10)  LR: 1.268e-04  Time cost: 2:07:18/1:40:41 [5:05:18/5:28:41]  Acc_iter 142150      Data time: 0.00(0.00)  Forward time: 0.22(0.24)  Batch time: 0.22(0.25)
2026-08-14 03:13:57,837   INFO  Train:    3/4 ( 75%) [31073/55563 ( 56%)]  Loss: 1.560 (1.10)  LR: 1.266e-04  Time cost: 2:07:29/1:40:28 [5:05:29/5:28:27]  Acc_iter 142200      Data time: 0.00(0.00)  Forward time: 0.27(0.24)  Batch time: 0.27(0.25)
2026-08-14 03:13:58,207   INFO  a1e06a0b30c0                Fri Aug 14 03:13:58 2026  580.173.02
[0] NVIDIA GeForce RTX 3070 | 65°C,  78 % |  6820 /  8192 MB | root(6426M)

2026-08-14 03:14:10,339   INFO  Train:    3/4 ( 75%) [31123/55563 ( 56%)]  Loss: 2.007 (1.10)  LR: 1.265e-04  Time cost: 2:07:42/1:40:16 [5:05:42/5:28:15]  Acc_iter 142250      Data time: 0.00(0.00)  Forward time: 0.22(0.24)  Batch time: 0.22(0.25)
2026-08-14 03:14:22,450   INFO  Train:    3/4 ( 75%) [31173/55563 ( 56%)]  Loss: 1.048 (1.10)  LR: 1.264e-04  Time cost: 2:07:54/1:40:04 [5:05:54/5:28:02]  Acc_iter 142300      Data time: 0.00(0.00)  Forward time: 0.28(0.24)  Batch time: 0.28(0.25)
2026-08-14 03:14:34,719   INFO  Train:    3/4 ( 75%) [31223/55563 ( 56%)]  Loss: 2.237 (1.10)  LR: 1.263e-04  Time cost: 2:08:06/1:39:51 [5:06:06/5:27:50]  Acc_iter 142350      Data time: 0.00(0.00)  Forward time: 0.26(0.24)  Batch time: 0.26(0.25)
2026-08-14 03:14:35,085   INFO  a1e06a0b30c0                Fri Aug 14 03:14:35 2026  580.173.02
[0] NVIDIA GeForce RTX 3070 | 70°C,  77 % |  6820 /  8192 MB | root(6426M)

2026-08-14 03:14:46,804   INFO  Train:    3/4 ( 75%) [31273/55563 ( 56%)]  Loss: 0.6980 (1.10)  LR: 1.261e-04  Time cost: 2:08:18/1:39:39 [5:06:18/5:27:37]  Acc_iter 142400      Data time: 0.00(0.00)  Forward time: 0.20(0.24)  Batch time: 0.21(0.25)
2026-08-14 03:14:58,919   INFO  Train:    3/4 ( 75%) [31323/55563 ( 56%)]  Loss: 1.564 (1.10)  LR: 1.260e-04  Time cost: 2:08:30/1:39:27 [5:06:31/5:27:24]  Acc_iter 142450      Data time: 0.00(0.00)  Forward time: 0.24(0.24)  Batch time: 0.25(0.25)
2026-08-14 03:15:11,163   INFO  Train:    3/4 ( 75%) [31373/55563 ( 56%)]  Loss: 0.5579 (1.10)  LR: 1.259e-04  Time cost: 2:08:43/1:39:14 [5:06:43/5:27:12]  Acc_iter 142500      Data time: 0.00(0.00)  Forward time: 0.23(0.24)  Batch time: 0.23(0.25)
2026-08-14 03:15:11,550   INFO  a1e06a0b30c0                Fri Aug 14 03:15:11 2026  580.173.02
[0] NVIDIA GeForce RTX 3070 | 70°C,  81 % |  6820 /  8192 MB | root(6426M)

2026-08-14 03:15:24,046   INFO  Train:    3/4 ( 75%) [31423/55563 ( 57%)]  Loss: 1.696 (1.10)  LR: 1.257e-04  Time cost: 2:08:55/1:39:02 [5:06:56/5:27:01]  Acc_iter 142550      Data time: 0.00(0.00)  Forward time: 0.21(0.24)  Batch time: 0.21(0.25)
2026-08-14 03:15:36,194   INFO  Train:    3/4 ( 75%) [31473/55563 ( 57%)]  Loss: 1.243 (1.10)  LR: 1.256e-04  Time cost: 2:09:08/1:38:50 [5:07:08/5:26:48]  Acc_iter 142600      Data time: 0.00(0.00)  Forward time: 0.22(0.24)  Batch time: 0.22(0.25)
2026-08-14 03:15:48,326   INFO  Train:    3/4 ( 75%) [31523/55563 ( 57%)]  Loss: 1.045 (1.10)  LR: 1.255e-04  Time cost: 2:09:20/1:38:37 [5:07:20/5:26:35]  Acc_iter 142650      Data time: 0.00(0.00)  Forward time: 0.26(0.24)  Batch time: 0.26(0.25)
2026-08-14 03:15:48,696   INFO  a1e06a0b30c0                Fri Aug 14 03:15:48 2026  580.173.02
[0] NVIDIA GeForce RTX 3070 | 71°C,  96 % |  6820 /  8192 MB | root(6426M)

2026-08-14 03:16:00,710   INFO  Train:    3/4 ( 75%) [31573/55563 ( 57%)]  Loss: 1.219 (1.10)  LR: 1.253e-04  Time cost: 2:09:32/1:38:25 [5:07:32/5:26:23]  Acc_iter 142700      Data time: 0.00(0.00)  Forward time: 0.23(0.24)  Batch time: 0.23(0.25)
2026-08-14 03:16:12,945   INFO  Train:    3/4 ( 75%) [31623/55563 ( 57%)]  Loss: 2.813 (1.10)  LR: 1.252e-04  Time cost: 2:09:44/1:38:13 [5:07:45/5:26:11]  Acc_iter 142750      Data time: 0.00(0.00)  Forward time: 0.24(0.24)  Batch time: 0.24(0.25)
2026-08-14 03:16:25,406   INFO  Train:    3/4 ( 75%) [31673/55563 ( 57%)]  Loss: 1.837 (1.10)  LR: 1.251e-04  Time cost: 2:09:57/1:38:01 [5:07:57/5:25:59]  Acc_iter 142800      Data time: 0.00(0.00)  Forward time: 0.23(0.24)  Batch time: 0.23(0.25)
2026-08-14 03:16:25,774   INFO  a1e06a0b30c0                Fri Aug 14 03:16:25 2026  580.173.02
[0] NVIDIA GeForce RTX 3070 | 65°C,   1 % |  6821 /  8192 MB | root(6426M)

2026-08-14 03:16:28,277   INFO  Save latest model to /OpenPCDet/output/OpenPCDet/tools/cfgs/models/S/F/S_F_N/default/ckpt/latest_model
2026-08-14 03:16:37,666   INFO  Train:    3/4 ( 75%) [31723/55563 ( 57%)]  Loss: 0.8830 (1.10)  LR: 1.249e-04  Time cost: 2:10:09/1:37:48 [5:08:09/5:25:46]  Acc_iter 142850      Data time: 0.00(0.00)  Forward time: 0.19(0.24)  Batch time: 0.20(0.25)
2026-08-14 03:16:49,854   INFO  Train:    3/4 ( 75%) [31773/55563 ( 57%)]  Loss: 1.026 (1.10)  LR: 1.248e-04  Time cost: 2:10:21/1:37:36 [5:08:21/5:25:34]  Acc_iter 142900      Data time: 0.00(0.00)  Forward time: 0.24(0.24)  Batch time: 0.24(0.25)
2026-08-14 03:17:02,272   INFO  Train:    3/4 ( 75%) [31823/55563 ( 57%)]  Loss: 0.6591 (1.10)  LR: 1.247e-04  Time cost: 2:10:34/1:37:24 [5:08:34/5:25:22]  Acc_iter 142950      Data time: 0.00(0.00)  Forward time: 0.21(0.24)  Batch time: 0.21(0.25)
2026-08-14 03:17:02,654   INFO  a1e06a0b30c0                Fri Aug 14 03:17:02 2026  580.173.02
[0] NVIDIA GeForce RTX 3070 | 71°C,  97 % |  6820 /  8192 MB | root(6426M)

2026-08-14 03:17:14,889   INFO  Train:    3/4 ( 75%) [31873/55563 ( 57%)]  Loss: 1.426 (1.10)  LR: 1.246e-04  Time cost: 2:10:46/1:37:12 [5:08:47/5:25:10]  Acc_iter 143000      Data time: 0.00(0.00)  Forward time: 0.22(0.24)  Batch time: 0.22(0.25)
2026-08-14 03:17:26,835   INFO  Train:    3/4 ( 75%) [31923/55563 ( 57%)]  Loss: 1.102 (1.10)  LR: 1.244e-04  Time cost: 2:10:58/1:36:59 [5:08:58/5:24:57]  Acc_iter 143050      Data time: 0.00(0.00)  Forward time: 0.24(0.24)  Batch time: 0.24(0.25)
2026-08-14 03:17:38,805   INFO  Train:    3/4 ( 75%) [31973/55563 ( 58%)]  Loss: 0.8117 (1.10)  LR: 1.243e-04  Time cost: 2:11:10/1:36:46 [5:09:10/5:24:44]  Acc_iter 143100      Data time: 0.00(0.00)  Forward time: 0.24(0.24)  Batch time: 0.24(0.25)
2026-08-14 03:17:39,194   INFO  a1e06a0b30c0                Fri Aug 14 03:17:39 2026  580.173.02
[0] NVIDIA GeForce RTX 3070 | 71°C,  96 % |  6823 /  8192 MB | root(6426M)

2026-08-14 03:17:51,379   INFO  Train:    3/4 ( 75%) [32023/55563 ( 58%)]  Loss: 1.200 (1.10)  LR: 1.242e-04  Time cost: 2:11:23/1:36:34 [5:09:23/5:24:32]  Acc_iter 143150      Data time: 0.00(0.00)  Forward time: 0.28(0.24)  Batch time: 0.28(0.25)
2026-08-14 03:18:03,895   INFO  Train:    3/4 ( 75%) [32073/55563 ( 58%)]  Loss: 0.7769 (1.10)  LR: 1.240e-04  Time cost: 2:11:35/1:36:22 [5:09:36/5:24:20]  Acc_iter 143200      Data time: 0.00(0.00)  Forward time: 0.26(0.24)  Batch time: 0.26(0.25)
2026-08-14 03:18:16,383   INFO  Train:    3/4 ( 75%) [32123/55563 ( 58%)]  Loss: 0.8379 (1.10)  LR: 1.239e-04  Time cost: 2:11:48/1:36:10 [5:09:48/5:24:09]  Acc_iter 143250      Data time: 0.00(0.00)  Forward time: 0.23(0.24)  Batch time: 0.23(0.25)
2026-08-14 03:18:16,770   INFO  a1e06a0b30c0                Fri Aug 14 03:18:16 2026  580.173.02
[0] NVIDIA GeForce RTX 3070 | 65°C,   0 % |  6823 /  8192 MB | root(6426M)

2026-08-14 03:18:28,949   INFO  Train:    3/4 ( 75%) [32173/55563 ( 58%)]  Loss: 0.5575 (1.10)  LR: 1.238e-04  Time cost: 2:12:00/1:35:58 [5:10:01/5:23:57]  Acc_iter 143300      Data time: 0.00(0.00)  Forward time: 0.25(0.24)  Batch time: 0.25(0.25)
2026-08-14 03:18:41,213   INFO  Train:    3/4 ( 75%) [32223/55563 ( 58%)]  Loss: 1.087 (1.10)  LR: 1.236e-04  Time cost: 2:12:13/1:35:46 [5:10:13/5:23:44]  Acc_iter 143350      Data time: 0.00(0.00)  Forward time: 0.27(0.24)  Batch time: 0.27(0.25)
2026-08-14 03:18:53,476   INFO  Train:    3/4 ( 75%) [32273/55563 ( 58%)]  Loss: 1.090 (1.10)  LR: 1.235e-04  Time cost: 2:12:25/1:35:33 [5:10:25/5:23:32]  Acc_iter 143400      Data time: 0.00(0.00)  Forward time: 0.29(0.24)  Batch time: 0.29(0.25)
2026-08-14 03:18:53,931   INFO  a1e06a0b30c0                Fri Aug 14 03:18:53 2026  580.173.02
[0] NVIDIA GeForce RTX 3070 | 69°C,   1 % |  6824 /  8192 MB | root(6426M)

2026-08-14 03:19:06,233   INFO  Train:    3/4 ( 75%) [32323/55563 ( 58%)]  Loss: 0.3086 (1.10)  LR: 1.234e-04  Time cost: 2:12:38/1:35:21 [5:10:38/5:23:21]  Acc_iter 143450      Data time: 0.00(0.00)  Forward time: 0.23(0.24)  Batch time: 0.23(0.25)
2026-08-14 03:19:18,108   INFO  Train:    3/4 ( 75%) [32373/55563 ( 58%)]  Loss: 0.6821 (1.10)  LR: 1.232e-04  Time cost: 2:12:50/1:35:09 [5:10:50/5:23:07]  Acc_iter 143500      Data time: 0.00(0.00)  Forward time: 0.21(0.24)  Batch time: 0.22(0.25)
2026-08-14 03:19:30,214   INFO  Train:    3/4 ( 75%) [32423/55563 ( 58%)]  Loss: 0.6698 (1.10)  LR: 1.231e-04  Time cost: 2:13:02/1:34:56 [5:11:02/5:22:55]  Acc_iter 143550      Data time: 0.00(0.00)  Forward time: 0.23(0.24)  Batch time: 0.23(0.25)
2026-08-14 03:19:30,568   INFO  a1e06a0b30c0                Fri Aug 14 03:19:30 2026  580.173.02
[0] NVIDIA GeForce RTX 3070 | 70°C,  75 % |  6820 /  8192 MB | root(6426M)

2026-08-14 03:19:42,750   INFO  Train:    3/4 ( 75%) [32473/55563 ( 58%)]  Loss: 1.184 (1.10)  LR: 1.230e-04  Time cost: 2:13:14/1:34:44 [5:11:14/5:22:43]  Acc_iter 143600      Data time: 0.00(0.00)  Forward time: 0.21(0.24)  Batch time: 0.22(0.25)
2026-08-14 03:19:55,109   INFO  Train:    3/4 ( 75%) [32523/55563 ( 59%)]  Loss: 1.389 (1.10)  LR: 1.229e-04  Time cost: 2:13:27/1:34:32 [5:11:27/5:22:31]  Acc_iter 143650      Data time: 0.00(0.00)  Forward time: 0.25(0.24)  Batch time: 0.25(0.25)
2026-08-14 03:20:07,336   INFO  Train:    3/4 ( 75%) [32573/55563 ( 59%)]  Loss: 1.121 (1.10)  LR: 1.227e-04  Time cost: 2:13:39/1:34:19 [5:11:39/5:22:18]  Acc_iter 143700      Data time: 0.00(0.00)  Forward time: 0.27(0.24)  Batch time: 0.27(0.25)
2026-08-14 03:20:07,703   INFO  a1e06a0b30c0                Fri Aug 14 03:20:07 2026  580.173.02
[0] NVIDIA GeForce RTX 3070 | 70°C,  96 % |  6820 /  8192 MB | root(6426M)

2026-08-14 03:20:19,880   INFO  Train:    3/4 ( 75%) [32623/55563 ( 59%)]  Loss: 1.371 (1.10)  LR: 1.226e-04  Time cost: 2:13:51/1:34:07 [5:11:52/5:22:06]  Acc_iter 143750      Data time: 0.00(0.00)  Forward time: 0.23(0.24)  Batch time: 0.23(0.25)
2026-08-14 03:20:31,783   INFO  Train:    3/4 ( 75%) [32673/55563 ( 59%)]  Loss: 0.5496 (1.10)  LR: 1.225e-04  Time cost: 2:14:03/1:33:55 [5:12:03/5:21:53]  Acc_iter 143800      Data time: 0.00(0.00)  Forward time: 0.24(0.24)  Batch time: 0.24(0.25)
2026-08-14 03:20:44,162   INFO  Train:    3/4 ( 75%) [32723/55563 ( 59%)]  Loss: 1.206 (1.10)  LR: 1.223e-04  Time cost: 2:14:16/1:33:42 [5:12:16/5:21:41]  Acc_iter 143850      Data time: 0.00(0.00)  Forward time: 0.24(0.24)  Batch time: 0.24(0.25)
2026-08-14 03:20:44,557   INFO  a1e06a0b30c0                Fri Aug 14 03:20:44 2026  580.173.02
[0] NVIDIA GeForce RTX 3070 | 69°C,  72 % |  6819 /  8192 MB | root(6426M)

2026-08-14 03:20:56,468   INFO  Train:    3/4 ( 75%) [32773/55563 ( 59%)]  Loss: 0.9610 (1.10)  LR: 1.222e-04  Time cost: 2:14:28/1:33:30 [5:12:28/5:21:29]  Acc_iter 143900      Data time: 0.00(0.00)  Forward time: 0.26(0.24)  Batch time: 0.26(0.25)
2026-08-14 03:21:08,496   INFO  Train:    3/4 ( 75%) [32823/55563 ( 59%)]  Loss: 0.9719 (1.10)  LR: 1.221e-04  Time cost: 2:14:40/1:33:18 [5:12:40/5:21:16]  Acc_iter 143950      Data time: 0.00(0.00)  Forward time: 0.21(0.24)  Batch time: 0.21(0.25)
2026-08-14 03:21:20,622   INFO  Train:    3/4 ( 75%) [32873/55563 ( 59%)]  Loss: 0.9250 (1.10)  LR: 1.219e-04  Time cost: 2:14:52/1:33:05 [5:12:52/5:21:03]  Acc_iter 144000      Data time: 0.00(0.00)  Forward time: 0.27(0.24)  Batch time: 0.27(0.25)
2026-08-14 03:21:20,977   INFO  a1e06a0b30c0                Fri Aug 14 03:21:20 2026  580.173.02
[0] NVIDIA GeForce RTX 3070 | 71°C,  96 % |  6819 /  8192 MB | root(6426M)

2026-08-14 03:21:28,287   INFO  Save latest model to /OpenPCDet/output/OpenPCDet/tools/cfgs/models/S/F/S_F_N/default/ckpt/latest_model
2026-08-14 03:21:33,607   INFO  Train:    3/4 ( 75%) [32923/55563 ( 59%)]  Loss: 0.9298 (1.10)  LR: 1.218e-04  Time cost: 2:15:05/1:32:53 [5:13:05/5:20:52]  Acc_iter 144050      Data time: 0.00(0.00)  Forward time: 0.23(0.24)  Batch time: 0.23(0.25)
2026-08-14 03:21:45,711   INFO  Train:    3/4 ( 75%) [32973/55563 ( 59%)]  Loss: 0.4578 (1.10)  LR: 1.217e-04  Time cost: 2:15:17/1:32:41 [5:13:17/5:20:39]  Acc_iter 144100      Data time: 0.00(0.00)  Forward time: 0.24(0.24)  Batch time: 0.24(0.25)
2026-08-14 03:21:57,705   INFO  Train:    3/4 ( 75%) [33023/55563 ( 59%)]  Loss: 1.792 (1.10)  LR: 1.216e-04  Time cost: 2:15:29/1:32:28 [5:13:29/5:20:26]  Acc_iter 144150      Data time: 0.00(0.00)  Forward time: 0.22(0.24)  Batch time: 0.22(0.25)
2026-08-14 03:21:58,057   INFO  a1e06a0b30c0                Fri Aug 14 03:21:58 2026  580.173.02
[0] NVIDIA GeForce RTX 3070 | 69°C,  71 % |  6819 /  8192 MB | root(6426M)

2026-08-14 03:22:10,013   INFO  Train:    3/4 ( 75%) [33073/55563 ( 60%)]  Loss: 0.7200 (1.10)  LR: 1.214e-04  Time cost: 2:15:41/1:32:16 [5:13:42/5:20:14]  Acc_iter 144200      Data time: 0.00(0.00)  Forward time: 0.21(0.24)  Batch time: 0.21(0.25)
2026-08-14 03:22:22,303   INFO  Train:    3/4 ( 75%) [33123/55563 ( 60%)]  Loss: 0.9117 (1.10)  LR: 1.213e-04  Time cost: 2:15:54/1:32:04 [5:13:54/5:20:02]  Acc_iter 144250      Data time: 0.00(0.00)  Forward time: 0.27(0.24)  Batch time: 0.27(0.25)
2026-08-14 03:22:34,760   INFO  Train:    3/4 ( 75%) [33173/55563 ( 60%)]  Loss: 1.345 (1.10)  LR: 1.212e-04  Time cost: 2:16:06/1:31:51 [5:14:06/5:19:50]  Acc_iter 144300      Data time: 0.00(0.00)  Forward time: 0.24(0.24)  Batch time: 0.24(0.25)
2026-08-14 03:22:35,132   INFO  a1e06a0b30c0                Fri Aug 14 03:22:35 2026  580.173.02
[0] NVIDIA GeForce RTX 3070 | 69°C,  68 % |  6820 /  8192 MB | root(6426M)

2026-08-14 03:22:47,292   INFO  Train:    3/4 ( 75%) [33223/55563 ( 60%)]  Loss: 0.7851 (1.10)  LR: 1.210e-04  Time cost: 2:16:19/1:31:39 [5:14:19/5:19:38]  Acc_iter 144350      Data time: 0.00(0.00)  Forward time: 0.21(0.24)  Batch time: 0.22(0.25)
2026-08-14 03:22:59,497   INFO  Train:    3/4 ( 75%) [33273/55563 ( 60%)]  Loss: 1.556 (1.10)  LR: 1.209e-04  Time cost: 2:16:31/1:31:27 [5:14:31/5:19:25]  Acc_iter 144400      Data time: 0.00(0.00)  Forward time: 0.26(0.24)  Batch time: 0.26(0.25)
2026-08-14 03:23:11,425   INFO  Train:    3/4 ( 75%) [33323/55563 ( 60%)]  Loss: 0.6249 (1.10)  LR: 1.208e-04  Time cost: 2:16:43/1:31:14 [5:14:43/5:19:12]  Acc_iter 144450      Data time: 0.00(0.00)  Forward time: 0.25(0.24)  Batch time: 0.25(0.25)
2026-08-14 03:23:11,781   INFO  a1e06a0b30c0                Fri Aug 14 03:23:11 2026  580.173.02
[0] NVIDIA GeForce RTX 3070 | 66°C,   0 % |  6820 /  8192 MB | root(6426M)

2026-08-14 03:23:24,099   INFO  Train:    3/4 ( 75%) [33373/55563 ( 60%)]  Loss: 0.6209 (1.10)  LR: 1.206e-04  Time cost: 2:16:56/1:31:02 [5:14:56/5:19:01]  Acc_iter 144500      Data time: 0.00(0.00)  Forward time: 0.24(0.24)  Batch time: 0.24(0.25)
2026-08-14 03:23:36,428   INFO  Train:    3/4 ( 75%) [33423/55563 ( 60%)]  Loss: 1.733 (1.10)  LR: 1.205e-04  Time cost: 2:17:08/1:30:50 [5:15:08/5:18:49]  Acc_iter 144550      Data time: 0.00(0.00)  Forward time: 0.22(0.24)  Batch time: 0.23(0.25)
2026-08-14 03:23:48,788   INFO  Train:    3/4 ( 75%) [33473/55563 ( 60%)]  Loss: 0.9841 (1.10)  LR: 1.204e-04  Time cost: 2:17:20/1:30:38 [5:15:20/5:18:36]  Acc_iter 144600      Data time: 0.00(0.00)  Forward time: 0.26(0.24)  Batch time: 0.26(0.25)
2026-08-14 03:23:49,173   INFO  a1e06a0b30c0                Fri Aug 14 03:23:49 2026  580.173.02
[0] NVIDIA GeForce RTX 3070 | 70°C,  71 % |  6819 /  8192 MB | root(6426M)

2026-08-14 03:24:01,471   INFO  Train:    3/4 ( 75%) [33523/55563 ( 60%)]  Loss: 0.8283 (1.10)  LR: 1.203e-04  Time cost: 2:17:33/1:30:26 [5:15:33/5:18:25]  Acc_iter 144650      Data time: 0.00(0.00)  Forward time: 0.25(0.24)  Batch time: 0.25(0.25)
2026-08-14 03:24:13,805   INFO  Train:    3/4 ( 75%) [33573/55563 ( 60%)]  Loss: 0.8854 (1.10)  LR: 1.201e-04  Time cost: 2:17:45/1:30:13 [5:15:45/5:18:13]  Acc_iter 144700      Data time: 0.00(0.00)  Forward time: 0.26(0.24)  Batch time: 0.26(0.25)
2026-08-14 03:24:26,155   INFO  Train:    3/4 ( 75%) [33623/55563 ( 61%)]  Loss: 1.580 (1.10)  LR: 1.200e-04  Time cost: 2:17:58/1:30:01 [5:15:58/5:18:00]  Acc_iter 144750      Data time: 0.00(0.00)  Forward time: 0.26(0.24)  Batch time: 0.26(0.25)
2026-08-14 03:24:26,525   INFO  a1e06a0b30c0                Fri Aug 14 03:24:26 2026  580.173.02
[0] NVIDIA GeForce RTX 3070 | 71°C,  95 % |  6819 /  8192 MB | root(6426M)

2026-08-14 03:24:38,454   INFO  Train:    3/4 ( 75%) [33673/55563 ( 61%)]  Loss: 0.6672 (1.10)  LR: 1.199e-04  Time cost: 2:18:10/1:29:49 [5:16:10/5:17:48]  Acc_iter 144800      Data time: 0.00(0.00)  Forward time: 0.24(0.24)  Batch time: 0.25(0.25)
2026-08-14 03:24:50,421   INFO  Train:    3/4 ( 75%) [33723/55563 ( 61%)]  Loss: 0.8597 (1.10)  LR: 1.197e-04  Time cost: 2:18:22/1:29:36 [5:16:22/5:17:35]  Acc_iter 144850      Data time: 0.00(0.00)  Forward time: 0.22(0.24)  Batch time: 0.22(0.25)
2026-08-14 03:25:02,466   INFO  Train:    3/4 ( 75%) [33773/55563 ( 61%)]  Loss: 0.3316 (1.10)  LR: 1.196e-04  Time cost: 2:18:34/1:29:24 [5:16:34/5:17:22]  Acc_iter 144900      Data time: 0.00(0.00)  Forward time: 0.25(0.24)  Batch time: 0.25(0.25)
2026-08-14 03:25:02,856   INFO  a1e06a0b30c0                Fri Aug 14 03:25:02 2026  580.173.02
[0] NVIDIA GeForce RTX 3070 | 65°C,   2 % |  6819 /  8192 MB | root(6426M)

2026-08-14 03:25:15,305   INFO  Train:    3/4 ( 75%) [33823/55563 ( 61%)]  Loss: 0.5341 (1.10)  LR: 1.195e-04  Time cost: 2:18:47/1:29:12 [5:16:47/5:17:11]  Acc_iter 144950      Data time: 0.00(0.00)  Forward time: 0.22(0.24)  Batch time: 0.22(0.25)
2026-08-14 03:25:27,502   INFO  Train:    3/4 ( 75%) [33873/55563 ( 61%)]  Loss: 1.338 (1.10)  LR: 1.193e-04  Time cost: 2:18:59/1:28:59 [5:16:59/5:16:58]  Acc_iter 145000      Data time: 0.00(0.00)  Forward time: 0.21(0.24)  Batch time: 0.21(0.25)
2026-08-14 03:25:39,597   INFO  Train:    3/4 ( 75%) [33923/55563 ( 61%)]  Loss: 0.7363 (1.10)  LR: 1.192e-04  Time cost: 2:19:11/1:28:47 [5:17:11/5:16:46]  Acc_iter 145050      Data time: 0.00(0.00)  Forward time: 0.24(0.24)  Batch time: 0.24(0.25)
2026-08-14 03:25:39,964   INFO  a1e06a0b30c0                Fri Aug 14 03:25:39 2026  580.173.02
[0] NVIDIA GeForce RTX 3070 | 71°C,  96 % |  6820 /  8192 MB | root(6426M)

2026-08-14 03:25:52,272   INFO  Train:    3/4 ( 75%) [33973/55563 ( 61%)]  Loss: 1.425 (1.10)  LR: 1.191e-04  Time cost: 2:19:24/1:28:35 [5:17:24/5:16:34]  Acc_iter 145100      Data time: 0.00(0.00)  Forward time: 0.20(0.24)  Batch time: 0.20(0.25)
2026-08-14 03:26:04,707   INFO  Train:    3/4 ( 75%) [34023/55563 ( 61%)]  Loss: 0.5263 (1.10)  LR: 1.190e-04  Time cost: 2:19:36/1:28:23 [5:17:36/5:16:22]  Acc_iter 145150      Data time: 0.00(0.00)  Forward time: 0.24(0.24)  Batch time: 0.24(0.25)
2026-08-14 03:26:16,797   INFO  Train:    3/4 ( 75%) [34073/55563 ( 61%)]  Loss: 1.431 (1.10)  LR: 1.188e-04  Time cost: 2:19:48/1:28:10 [5:17:48/5:16:09]  Acc_iter 145200      Data time: 0.00(0.00)  Forward time: 0.24(0.24)  Batch time: 0.24(0.25)
2026-08-14 03:26:17,164   INFO  a1e06a0b30c0                Fri Aug 14 03:26:17 2026  580.173.02
[0] NVIDIA GeForce RTX 3070 | 71°C,  99 % |  6824 /  8192 MB | root(6426M)

2026-08-14 03:26:28,316   INFO  Save latest model to /OpenPCDet/output/OpenPCDet/tools/cfgs/models/S/F/S_F_N/default/ckpt/latest_model
2026-08-14 03:26:29,417   INFO  Train:    3/4 ( 75%) [34123/55563 ( 61%)]  Loss: 2.275 (1.10)  LR: 1.187e-04  Time cost: 2:20:01/1:27:58 [5:18:01/5:15:58]  Acc_iter 145250      Data time: 0.00(0.00)  Forward time: 0.23(0.24)  Batch time: 0.23(0.25)
2026-08-14 03:26:41,480   INFO  Train:    3/4 ( 75%) [34173/55563 ( 62%)]  Loss: 0.7685 (1.10)  LR: 1.186e-04  Time cost: 2:20:13/1:27:46 [5:18:13/5:15:45]  Acc_iter 145300      Data time: 0.00(0.00)  Forward time: 0.23(0.24)  Batch time: 0.23(0.25)
2026-08-14 03:26:53,736   INFO  Train:    3/4 ( 75%) [34223/55563 ( 62%)]  Loss: 0.9513 (1.10)  LR: 1.184e-04  Time cost: 2:20:25/1:27:33 [5:18:25/5:15:32]  Acc_iter 145350      Data time: 0.00(0.00)  Forward time: 0.27(0.24)  Batch time: 0.28(0.25)
2026-08-14 03:26:54,172   INFO  a1e06a0b30c0                Fri Aug 14 03:26:54 2026  580.173.02
[0] NVIDIA GeForce RTX 3070 | 69°C,  60 % |  6824 /  8192 MB | root(6426M)

2026-08-14 03:27:06,565   INFO  Train:    3/4 ( 75%) [34273/55563 ( 62%)]  Loss: 1.532 (1.10)  LR: 1.183e-04  Time cost: 2:20:38/1:27:21 [5:18:38/5:15:21]  Acc_iter 145400      Data time: 0.00(0.00)  Forward time: 0.23(0.24)  Batch time: 0.23(0.25)
2026-08-14 03:27:18,646   INFO  Train:    3/4 ( 75%) [34323/55563 ( 62%)]  Loss: 1.656 (1.10)  LR: 1.182e-04  Time cost: 2:20:50/1:27:09 [5:18:50/5:15:08]  Acc_iter 145450      Data time: 0.00(0.00)  Forward time: 0.23(0.24)  Batch time: 0.23(0.25)
2026-08-14 03:27:30,919   INFO  Train:    3/4 ( 75%) [34373/55563 ( 62%)]  Loss: 0.4481 (1.10)  LR: 1.181e-04  Time cost: 2:21:02/1:26:56 [5:19:03/5:14:56]  Acc_iter 145500      Data time: 0.00(0.00)  Forward time: 0.26(0.24)  Batch time: 0.26(0.25)
2026-08-14 03:27:31,311   INFO  a1e06a0b30c0                Fri Aug 14 03:27:31 2026  580.173.02
[0] NVIDIA GeForce RTX 3070 | 65°C,  97 % |  6823 /  8192 MB | root(6426M)

2026-08-14 03:27:43,517   INFO  Train:    3/4 ( 75%) [34423/55563 ( 62%)]  Loss: 1.241 (1.10)  LR: 1.179e-04  Time cost: 2:21:15/1:26:44 [5:19:15/5:14:44]  Acc_iter 145550      Data time: 0.00(0.00)  Forward time: 0.26(0.24)  Batch time: 0.27(0.25)
2026-08-14 03:27:55,961   INFO  Train:    3/4 ( 75%) [34473/55563 ( 62%)]  Loss: 1.279 (1.10)  LR: 1.178e-04  Time cost: 2:21:27/1:26:32 [5:19:28/5:14:32]  Acc_iter 145600      Data time: 0.00(0.00)  Forward time: 0.26(0.24)  Batch time: 0.26(0.25)
2026-08-14 03:28:08,221   INFO  Train:    3/4 ( 75%) [34523/55563 ( 62%)]  Loss: 1.712 (1.10)  LR: 1.177e-04  Time cost: 2:21:40/1:26:20 [5:19:40/5:14:20]  Acc_iter 145650      Data time: 0.00(0.00)  Forward time: 0.22(0.24)  Batch time: 0.22(0.25)
2026-08-14 03:28:08,576   INFO  a1e06a0b30c0                Fri Aug 14 03:28:08 2026  580.173.02
[0] NVIDIA GeForce RTX 3070 | 70°C,  75 % |  6823 /  8192 MB | root(6426M)

2026-08-14 03:28:20,832   INFO  Train:    3/4 ( 75%) [34573/55563 ( 62%)]  Loss: 1.787 (1.10)  LR: 1.175e-04  Time cost: 2:21:52/1:26:08 [5:19:52/5:14:08]  Acc_iter 145700      Data time: 0.00(0.00)  Forward time: 0.22(0.24)  Batch time: 0.22(0.25)
2026-08-14 03:28:32,945   INFO  Train:    3/4 ( 75%) [34623/55563 ( 62%)]  Loss: 0.4451 (1.10)  LR: 1.174e-04  Time cost: 2:22:04/1:25:55 [5:20:05/5:13:56]  Acc_iter 145750      Data time: 0.00(0.00)  Forward time: 0.25(0.24)  Batch time: 0.25(0.25)
2026-08-14 03:28:45,011   INFO  Train:    3/4 ( 75%) [34673/55563 ( 62%)]  Loss: 1.393 (1.10)  LR: 1.173e-04  Time cost: 2:22:16/1:25:43 [5:20:17/5:13:43]  Acc_iter 145800      Data time: 0.00(0.00)  Forward time: 0.26(0.24)  Batch time: 0.26(0.25)
2026-08-14 03:28:45,465   INFO  a1e06a0b30c0                Fri Aug 14 03:28:45 2026  580.173.02
[0] NVIDIA GeForce RTX 3070 | 66°C,  73 % |  6824 /  8192 MB | root(6426M)

2026-08-14 03:28:57,829   INFO  Train:    3/4 ( 75%) [34723/55563 ( 62%)]  Loss: 1.871 (1.10)  LR: 1.171e-04  Time cost: 2:22:29/1:25:31 [5:20:29/5:13:32]  Acc_iter 145850      Data time: 0.00(0.00)  Forward time: 0.27(0.24)  Batch time: 0.27(0.25)
2026-08-14 03:29:09,786   INFO  Train:    3/4 ( 75%) [34773/55563 ( 63%)]  Loss: 1.069 (1.10)  LR: 1.170e-04  Time cost: 2:22:41/1:25:18 [5:20:41/5:13:18]  Acc_iter 145900      Data time: 0.00(0.00)  Forward time: 0.22(0.24)  Batch time: 0.22(0.25)
2026-08-14 03:29:21,944   INFO  Train:    3/4 ( 75%) [34823/55563 ( 63%)]  Loss: 1.136 (1.10)  LR: 1.169e-04  Time cost: 2:22:53/1:25:06 [5:20:54/5:13:06]  Acc_iter 145950      Data time: 0.00(0.00)  Forward time: 0.25(0.24)  Batch time: 0.25(0.25)
2026-08-14 03:29:22,306   INFO  a1e06a0b30c0                Fri Aug 14 03:29:22 2026  580.173.02
[0] NVIDIA GeForce RTX 3070 | 65°C,  94 % |  6824 /  8192 MB | root(6426M)

2026-08-14 03:29:34,518   INFO  Train:    3/4 ( 75%) [34873/55563 ( 63%)]  Loss: 0.3229 (1.10)  LR: 1.168e-04  Time cost: 2:23:06/1:24:54 [5:21:06/5:12:54]  Acc_iter 146000      Data time: 0.00(0.00)  Forward time: 0.24(0.24)  Batch time: 0.24(0.25)
2026-08-14 03:29:46,937   INFO  Train:    3/4 ( 75%) [34923/55563 ( 63%)]  Loss: 0.7160 (1.10)  LR: 1.166e-04  Time cost: 2:23:18/1:24:41 [5:21:19/5:12:42]  Acc_iter 146050      Data time: 0.00(0.00)  Forward time: 0.26(0.24)  Batch time: 0.26(0.25)
2026-08-14 03:29:59,096   INFO  Train:    3/4 ( 75%) [34973/55563 ( 63%)]  Loss: 0.2600 (1.10)  LR: 1.165e-04  Time cost: 2:23:31/1:24:29 [5:21:31/5:12:29]  Acc_iter 146100      Data time: 0.00(0.00)  Forward time: 0.24(0.24)  Batch time: 0.24(0.25)
2026-08-14 03:29:59,473   INFO  a1e06a0b30c0                Fri Aug 14 03:29:59 2026  580.173.02
[0] NVIDIA GeForce RTX 3070 | 72°C,  99 % |  6823 /  8192 MB | root(6426M)

2026-08-14 03:30:11,804   INFO  Train:    3/4 ( 75%) [35023/55563 ( 63%)]  Loss: 1.355 (1.10)  LR: 1.164e-04  Time cost: 2:23:43/1:24:17 [5:21:43/5:12:18]  Acc_iter 146150      Data time: 0.00(0.00)  Forward time: 0.26(0.24)  Batch time: 0.26(0.25)
2026-08-14 03:30:23,775   INFO  Train:    3/4 ( 75%) [35073/55563 ( 63%)]  Loss: 1.382 (1.10)  LR: 1.162e-04  Time cost: 2:23:55/1:24:04 [5:21:55/5:12:05]  Acc_iter 146200      Data time: 0.00(0.00)  Forward time: 0.24(0.24)  Batch time: 0.24(0.25)
2026-08-14 03:30:36,234   INFO  Train:    3/4 ( 75%) [35123/55563 ( 63%)]  Loss: 0.5914 (1.10)  LR: 1.161e-04  Time cost: 2:24:08/1:23:52 [5:22:08/5:11:53]  Acc_iter 146250      Data time: 0.00(0.00)  Forward time: 0.23(0.24)  Batch time: 0.23(0.25)
2026-08-14 03:30:36,598   INFO  a1e06a0b30c0                Fri Aug 14 03:30:36 2026  580.173.02
[0] NVIDIA GeForce RTX 3070 | 70°C,  74 % |  6823 /  8192 MB | root(6426M)

2026-08-14 03:30:48,561   INFO  Train:    3/4 ( 75%) [35173/55563 ( 63%)]  Loss: 1.234 (1.10)  LR: 1.160e-04  Time cost: 2:24:20/1:23:40 [5:22:20/5:11:41]  Acc_iter 146300      Data time: 0.00(0.00)  Forward time: 0.21(0.24)  Batch time: 0.21(0.25)
2026-08-14 03:31:00,825   INFO  Train:    3/4 ( 75%) [35223/55563 ( 63%)]  Loss: 1.430 (1.10)  LR: 1.159e-04  Time cost: 2:24:32/1:23:28 [5:22:32/5:11:28]  Acc_iter 146350      Data time: 0.00(0.00)  Forward time: 0.27(0.24)  Batch time: 0.27(0.25)
2026-08-14 03:31:13,233   INFO  Train:    3/4 ( 75%) [35273/55563 ( 63%)]  Loss: 1.328 (1.10)  LR: 1.157e-04  Time cost: 2:24:45/1:23:15 [5:22:45/5:11:16]  Acc_iter 146400      Data time: 0.00(0.00)  Forward time: 0.25(0.24)  Batch time: 0.25(0.25)
2026-08-14 03:31:13,590   INFO  a1e06a0b30c0                Fri Aug 14 03:31:13 2026  580.173.02
[0] NVIDIA GeForce RTX 3070 | 71°C,  68 % |  6823 /  8192 MB | root(6426M)

2026-08-14 03:31:26,237   INFO  Train:    3/4 ( 75%) [35323/55563 ( 64%)]  Loss: 1.470 (1.10)  LR: 1.156e-04  Time cost: 2:24:58/1:23:03 [5:22:58/5:11:05]  Acc_iter 146450      Data time: 0.00(0.00)  Forward time: 0.27(0.24)  Batch time: 0.27(0.25)
2026-08-14 03:31:28,268   INFO  Save latest model to /OpenPCDet/output/OpenPCDet/tools/cfgs/models/S/F/S_F_N/default/ckpt/latest_model
2026-08-14 03:31:38,448   INFO  Train:    3/4 ( 75%) [35373/55563 ( 64%)]  Loss: 0.8174 (1.10)  LR: 1.155e-04  Time cost: 2:25:10/1:22:51 [5:23:10/5:10:53]  Acc_iter 146500      Data time: 0.00(0.00)  Forward time: 0.21(0.24)  Batch time: 0.21(0.25)
2026-08-14 03:31:50,160   INFO  Train:    3/4 ( 75%) [35423/55563 ( 64%)]  Loss: 0.4784 (1.10)  LR: 1.153e-04  Time cost: 2:25:22/1:22:38 [5:23:22/5:10:39]  Acc_iter 146550      Data time: 0.00(0.00)  Forward time: 0.19(0.24)  Batch time: 0.19(0.25)
2026-08-14 03:31:50,519   INFO  a1e06a0b30c0                Fri Aug 14 03:31:50 2026  580.173.02
[0] NVIDIA GeForce RTX 3070 | 69°C,  72 % |  6824 /  8192 MB | root(6426M)

2026-08-14 03:32:02,594   INFO  Train:    3/4 ( 75%) [35473/55563 ( 64%)]  Loss: 0.6380 (1.10)  LR: 1.152e-04  Time cost: 2:25:34/1:22:26 [5:23:34/5:10:27]  Acc_iter 146600      Data time: 0.00(0.00)  Forward time: 0.24(0.24)  Batch time: 0.25(0.25)
2026-08-14 03:32:14,770   INFO  Train:    3/4 ( 75%) [35523/55563 ( 64%)]  Loss: 1.076 (1.10)  LR: 1.151e-04  Time cost: 2:25:46/1:22:14 [5:23:46/5:10:14]  Acc_iter 146650      Data time: 0.00(0.00)  Forward time: 0.26(0.24)  Batch time: 0.26(0.25)
2026-08-14 03:32:27,244   INFO  Train:    3/4 ( 75%) [35573/55563 ( 64%)]  Loss: 1.011 (1.10)  LR: 1.150e-04  Time cost: 2:25:59/1:22:02 [5:23:59/5:10:02]  Acc_iter 146700      Data time: 0.00(0.00)  Forward time: 0.22(0.24)  Batch time: 0.23(0.25)
2026-08-14 03:32:27,609   INFO  a1e06a0b30c0                Fri Aug 14 03:32:27 2026  580.173.02
[0] NVIDIA GeForce RTX 3070 | 70°C,  84 % |  6824 /  8192 MB | root(6426M)

2026-08-14 03:32:39,646   INFO  Train:    3/4 ( 75%) [35623/55563 ( 64%)]  Loss: 1.217 (1.10)  LR: 1.148e-04  Time cost: 2:26:11/1:21:49 [5:24:11/5:09:50]  Acc_iter 146750      Data time: 0.00(0.00)  Forward time: 0.20(0.24)  Batch time: 0.20(0.25)
2026-08-14 03:32:51,840   INFO  Train:    3/4 ( 75%) [35673/55563 ( 64%)]  Loss: 0.7617 (1.10)  LR: 1.147e-04  Time cost: 2:26:23/1:21:37 [5:24:23/5:09:38]  Acc_iter 146800      Data time: 0.00(0.00)  Forward time: 0.24(0.24)  Batch time: 0.25(0.25)
2026-08-14 03:33:04,204   INFO  Train:    3/4 ( 75%) [35723/55563 ( 64%)]  Loss: 0.6216 (1.10)  LR: 1.146e-04  Time cost: 2:26:36/1:21:25 [5:24:36/5:09:26]  Acc_iter 146850      Data time: 0.00(0.00)  Forward time: 0.25(0.24)  Batch time: 0.25(0.25)
2026-08-14 03:33:04,610   INFO  a1e06a0b30c0                Fri Aug 14 03:33:04 2026  580.173.02
[0] NVIDIA GeForce RTX 3070 | 71°C,  89 % |  6823 /  8192 MB | root(6426M)

2026-08-14 03:33:16,770   INFO  Train:    3/4 ( 75%) [35773/55563 ( 64%)]  Loss: 1.243 (1.10)  LR: 1.144e-04  Time cost: 2:26:48/1:21:12 [5:24:48/5:09:14]  Acc_iter 146900      Data time: 0.00(0.00)  Forward time: 0.26(0.24)  Batch time: 0.26(0.25)
2026-08-14 03:33:28,962   INFO  Train:    3/4 ( 75%) [35823/55563 ( 64%)]  Loss: 1.435 (1.10)  LR: 1.143e-04  Time cost: 2:27:00/1:21:00 [5:25:01/5:09:01]  Acc_iter 146950      Data time: 0.00(0.00)  Forward time: 0.25(0.24)  Batch time: 0.25(0.25)
2026-08-14 03:33:41,315   INFO  Train:    3/4 ( 75%) [35873/55563 ( 65%)]  Loss: 0.9729 (1.10)  LR: 1.142e-04  Time cost: 2:27:13/1:20:48 [5:25:13/5:08:49]  Acc_iter 147000      Data time: 0.00(0.00)  Forward time: 0.23(0.24)  Batch time: 0.23(0.25)
2026-08-14 03:33:41,677   INFO  a1e06a0b30c0                Fri Aug 14 03:33:41 2026  580.173.02
[0] NVIDIA GeForce RTX 3070 | 69°C,  81 % |  6823 /  8192 MB | root(6426M)

2026-08-14 03:33:53,669   INFO  Train:    3/4 ( 75%) [35923/55563 ( 65%)]  Loss: 1.398 (1.10)  LR: 1.141e-04  Time cost: 2:27:25/1:20:35 [5:25:25/5:08:37]  Acc_iter 147050      Data time: 0.00(0.00)  Forward time: 0.23(0.24)  Batch time: 0.23(0.25)
2026-08-14 03:34:05,945   INFO  Train:    3/4 ( 75%) [35973/55563 ( 65%)]  Loss: 0.7787 (1.10)  LR: 1.139e-04  Time cost: 2:27:37/1:20:23 [5:25:38/5:08:24]  Acc_iter 147100      Data time: 0.00(0.00)  Forward time: 0.26(0.24)  Batch time: 0.26(0.25)
2026-08-14 03:34:18,129   INFO  Train:    3/4 ( 75%) [36023/55563 ( 65%)]  Loss: 1.534 (1.10)  LR: 1.138e-04  Time cost: 2:27:50/1:20:11 [5:25:50/5:08:12]  Acc_iter 147150      Data time: 0.00(0.00)  Forward time: 0.25(0.24)  Batch time: 0.25(0.25)
2026-08-14 03:34:18,554   INFO  a1e06a0b30c0                Fri Aug 14 03:34:18 2026  580.173.02
[0] NVIDIA GeForce RTX 3070 | 72°C,  96 % |  6823 /  8192 MB | root(6426M)

2026-08-14 03:34:30,577   INFO  Train:    3/4 ( 75%) [36073/55563 ( 65%)]  Loss: 0.4840 (1.10)  LR: 1.137e-04  Time cost: 2:28:02/1:19:59 [5:26:02/5:08:00]  Acc_iter 147200      Data time: 0.00(0.00)  Forward time: 0.24(0.24)  Batch time: 0.24(0.25)
2026-08-14 03:34:42,629   INFO  Train:    3/4 ( 75%) [36123/55563 ( 65%)]  Loss: 0.9203 (1.10)  LR: 1.135e-04  Time cost: 2:28:14/1:19:46 [5:26:14/5:07:47]  Acc_iter 147250      Data time: 0.00(0.00)  Forward time: 0.25(0.24)  Batch time: 0.25(0.25)
2026-08-14 03:34:55,113   INFO  Train:    3/4 ( 75%) [36173/55563 ( 65%)]  Loss: 1.177 (1.10)  LR: 1.134e-04  Time cost: 2:28:27/1:19:34 [5:26:27/5:07:35]  Acc_iter 147300      Data time: 0.00(0.00)  Forward time: 0.23(0.24)  Batch time: 0.23(0.25)
2026-08-14 03:34:55,480   INFO  a1e06a0b30c0                Fri Aug 14 03:34:55 2026  580.173.02
[0] NVIDIA GeForce RTX 3070 | 71°C,  96 % |  6824 /  8192 MB | root(6426M)

2026-08-14 03:35:07,835   INFO  Train:    3/4 ( 75%) [36223/55563 ( 65%)]  Loss: 1.427 (1.10)  LR: 1.133e-04  Time cost: 2:28:39/1:19:22 [5:26:39/5:07:24]  Acc_iter 147350      Data time: 0.00(0.00)  Forward time: 0.25(0.24)  Batch time: 0.26(0.25)
2026-08-14 03:35:19,976   INFO  Train:    3/4 ( 75%) [36273/55563 ( 65%)]  Loss: 0.7594 (1.10)  LR: 1.132e-04  Time cost: 2:28:51/1:19:09 [5:26:52/5:07:11]  Acc_iter 147400      Data time: 0.00(0.00)  Forward time: 0.22(0.24)  Batch time: 0.22(0.25)
2026-08-14 03:35:32,356   INFO  Train:    3/4 ( 75%) [36323/55563 ( 65%)]  Loss: 1.457 (1.10)  LR: 1.130e-04  Time cost: 2:29:04/1:18:57 [5:27:04/5:06:59]  Acc_iter 147450      Data time: 0.00(0.00)  Forward time: 0.21(0.24)  Batch time: 0.22(0.25)
2026-08-14 03:35:32,725   INFO  a1e06a0b30c0                Fri Aug 14 03:35:32 2026  580.173.02
[0] NVIDIA GeForce RTX 3070 | 71°C,  95 % |  6824 /  8192 MB | root(6426M)

2026-08-14 03:35:44,970   INFO  Train:    3/4 ( 75%) [36373/55563 ( 65%)]  Loss: 2.089 (1.10)  LR: 1.129e-04  Time cost: 2:29:16/1:18:45 [5:27:17/5:06:47]  Acc_iter 147500      Data time: 0.00(0.00)  Forward time: 0.27(0.24)  Batch time: 0.27(0.25)
2026-08-14 03:35:57,511   INFO  Train:    3/4 ( 75%) [36423/55563 ( 66%)]  Loss: 1.230 (1.10)  LR: 1.128e-04  Time cost: 2:29:29/1:18:33 [5:27:29/5:06:35]  Acc_iter 147550      Data time: 0.00(0.00)  Forward time: 0.24(0.24)  Batch time: 0.24(0.25)
2026-08-14 03:36:09,685   INFO  Train:    3/4 ( 75%) [36473/55563 ( 66%)]  Loss: 1.438 (1.10)  LR: 1.126e-04  Time cost: 2:29:41/1:18:20 [5:27:41/5:06:23]  Acc_iter 147600      Data time: 0.00(0.00)  Forward time: 0.26(0.24)  Batch time: 0.27(0.25)
2026-08-14 03:36:10,044   INFO  a1e06a0b30c0                Fri Aug 14 03:36:10 2026  580.173.02
[0] NVIDIA GeForce RTX 3070 | 70°C, 100 % |  6823 /  8192 MB | root(6426M)

2026-08-14 03:36:22,300   INFO  Train:    3/4 ( 75%) [36523/55563 ( 66%)]  Loss: 0.8121 (1.10)  LR: 1.125e-04  Time cost: 2:29:54/1:18:08 [5:27:54/5:06:11]  Acc_iter 147650      Data time: 0.00(0.00)  Forward time: 0.27(0.24)  Batch time: 0.27(0.25)
2026-08-14 03:36:28,181   INFO  Save latest model to /OpenPCDet/output/OpenPCDet/tools/cfgs/models/S/F/S_F_N/default/ckpt/latest_model
2026-08-14 03:36:34,965   INFO  Train:    3/4 ( 75%) [36573/55563 ( 66%)]  Loss: 0.7340 (1.10)  LR: 1.124e-04  Time cost: 2:30:06/1:17:56 [5:28:07/5:05:59]  Acc_iter 147700      Data time: 0.00(0.00)  Forward time: 0.24(0.24)  Batch time: 0.24(0.25)
2026-08-14 03:36:47,300   INFO  Train:    3/4 ( 75%) [36623/55563 ( 66%)]  Loss: 1.138 (1.10)  LR: 1.123e-04  Time cost: 2:30:19/1:17:44 [5:28:19/5:05:47]  Acc_iter 147750      Data time: 0.00(0.00)  Forward time: 0.23(0.24)  Batch time: 0.23(0.25)
2026-08-14 03:36:47,708   INFO  a1e06a0b30c0                Fri Aug 14 03:36:47 2026  580.173.02
[0] NVIDIA GeForce RTX 3070 | 69°C,  76 % |  6823 /  8192 MB | root(6426M)

2026-08-14 03:37:00,087   INFO  Train:    3/4 ( 75%) [36673/55563 ( 66%)]  Loss: 1.186 (1.10)  LR: 1.121e-04  Time cost: 2:30:32/1:17:32 [5:28:32/5:05:36]  Acc_iter 147800      Data time: 0.00(0.00)  Forward time: 0.27(0.24)  Batch time: 0.28(0.25)
2026-08-14 03:37:12,123   INFO  Train:    3/4 ( 75%) [36723/55563 ( 66%)]  Loss: 0.5160 (1.10)  LR: 1.120e-04  Time cost: 2:30:44/1:17:19 [5:28:44/5:05:23]  Acc_iter 147850      Data time: 0.00(0.00)  Forward time: 0.21(0.24)  Batch time: 0.21(0.25)
2026-08-14 03:37:24,350   INFO  Train:    3/4 ( 75%) [36773/55563 ( 66%)]  Loss: 0.6374 (1.10)  LR: 1.119e-04  Time cost: 2:30:56/1:17:07 [5:28:56/5:05:10]  Acc_iter 147900      Data time: 0.00(0.00)  Forward time: 0.26(0.24)  Batch time: 0.27(0.25)
2026-08-14 03:37:24,726   INFO  a1e06a0b30c0                Fri Aug 14 03:37:24 2026  580.173.02
[0] NVIDIA GeForce RTX 3070 | 70°C,  72 % |  6824 /  8192 MB | root(6426M)

2026-08-14 03:37:36,822   INFO  Train:    3/4 ( 75%) [36823/55563 ( 66%)]  Loss: 1.446 (1.10)  LR: 1.117e-04  Time cost: 2:31:08/1:16:55 [5:29:08/5:04:58]  Acc_iter 147950      Data time: 0.00(0.00)  Forward time: 0.25(0.24)  Batch time: 0.25(0.25)
2026-08-14 03:37:49,093   INFO  Train:    3/4 ( 75%) [36873/55563 ( 66%)]  Loss: 1.316 (1.10)  LR: 1.116e-04  Time cost: 2:31:21/1:16:42 [5:29:21/5:04:46]  Acc_iter 148000      Data time: 0.00(0.00)  Forward time: 0.24(0.24)  Batch time: 0.24(0.25)
2026-08-14 03:38:01,103   INFO  Train:    3/4 ( 75%) [36923/55563 ( 66%)]  Loss: 0.6790 (1.10)  LR: 1.115e-04  Time cost: 2:31:33/1:16:30 [5:29:33/5:04:33]  Acc_iter 148050      Data time: 0.00(0.00)  Forward time: 0.26(0.24)  Batch time: 0.26(0.25)
2026-08-14 03:38:01,515   INFO  a1e06a0b30c0                Fri Aug 14 03:38:01 2026  580.173.02
[0] NVIDIA GeForce RTX 3070 | 68°C,  73 % |  6824 /  8192 MB | root(6426M)

2026-08-14 03:38:13,499   INFO  Train:    3/4 ( 75%) [36973/55563 ( 67%)]  Loss: 1.522 (1.10)  LR: 1.114e-04  Time cost: 2:31:45/1:16:18 [5:29:45/5:04:21]  Acc_iter 148100      Data time: 0.00(0.00)  Forward time: 0.27(0.24)  Batch time: 0.27(0.25)
2026-08-14 03:38:25,688   INFO  Train:    3/4 ( 75%) [37023/55563 ( 67%)]  Loss: 0.9543 (1.10)  LR: 1.112e-04  Time cost: 2:31:57/1:16:05 [5:29:57/5:04:08]  Acc_iter 148150      Data time: 0.00(0.00)  Forward time: 0.26(0.24)  Batch time: 0.26(0.25)
2026-08-14 03:38:38,031   INFO  Train:    3/4 ( 75%) [37073/55563 ( 67%)]  Loss: 0.6588 (1.10)  LR: 1.111e-04  Time cost: 2:32:09/1:15:53 [5:30:10/5:03:56]  Acc_iter 148200      Data time: 0.00(0.00)  Forward time: 0.21(0.24)  Batch time: 0.21(0.25)
2026-08-14 03:38:38,398   INFO  a1e06a0b30c0                Fri Aug 14 03:38:38 2026  580.173.02
[0] NVIDIA GeForce RTX 3070 | 65°C,  77 % |  6823 /  8192 MB | root(6426M)

2026-08-14 03:38:50,400   INFO  Train:    3/4 ( 75%) [37123/55563 ( 67%)]  Loss: 0.7563 (1.10)  LR: 1.110e-04  Time cost: 2:32:22/1:15:41 [5:30:22/5:03:44]  Acc_iter 148250      Data time: 0.00(0.00)  Forward time: 0.19(0.24)  Batch time: 0.19(0.25)
2026-08-14 03:39:02,281   INFO  Train:    3/4 ( 75%) [37173/55563 ( 67%)]  Loss: 1.036 (1.10)  LR: 1.108e-04  Time cost: 2:32:34/1:15:28 [5:30:34/5:03:31]  Acc_iter 148300      Data time: 0.00(0.00)  Forward time: 0.19(0.24)  Batch time: 0.20(0.25)
2026-08-14 03:39:14,430   INFO  Train:    3/4 ( 75%) [37223/55563 ( 67%)]  Loss: 0.9711 (1.10)  LR: 1.107e-04  Time cost: 2:32:46/1:15:16 [5:30:46/5:03:18]  Acc_iter 148350      Data time: 0.00(0.00)  Forward time: 0.26(0.24)  Batch time: 0.26(0.25)
2026-08-14 03:39:14,801   INFO  a1e06a0b30c0                Fri Aug 14 03:39:14 2026  580.173.02
[0] NVIDIA GeForce RTX 3070 | 71°C,  94 % |  6823 /  8192 MB | root(6426M)

2026-08-14 03:39:27,193   INFO  Train:    3/4 ( 75%) [37273/55563 ( 67%)]  Loss: 1.716 (1.10)  LR: 1.106e-04  Time cost: 2:32:59/1:15:04 [5:30:59/5:03:07]  Acc_iter 148400      Data time: 0.00(0.00)  Forward time: 0.26(0.24)  Batch time: 0.26(0.25)
2026-08-14 03:39:39,373   INFO  Train:    3/4 ( 75%) [37323/55563 ( 67%)]  Loss: 1.361 (1.10)  LR: 1.105e-04  Time cost: 2:33:11/1:14:51 [5:31:11/5:02:54]  Acc_iter 148450      Data time: 0.00(0.00)  Forward time: 0.21(0.24)  Batch time: 0.22(0.25)
2026-08-14 03:39:51,532   INFO  Train:    3/4 ( 75%) [37373/55563 ( 67%)]  Loss: 0.9711 (1.10)  LR: 1.103e-04  Time cost: 2:33:23/1:14:39 [5:31:23/5:02:41]  Acc_iter 148500      Data time: 0.00(0.00)  Forward time: 0.23(0.24)  Batch time: 0.23(0.25)
2026-08-14 03:39:51,890   INFO  a1e06a0b30c0                Fri Aug 14 03:39:51 2026  580.173.02
[0] NVIDIA GeForce RTX 3070 | 67°C,  44 % |  6823 /  8192 MB | root(6426M)

2026-08-14 03:40:04,484   INFO  Train:    3/4 ( 75%) [37423/55563 ( 67%)]  Loss: 0.5984 (1.10)  LR: 1.102e-04  Time cost: 2:33:36/1:14:27 [5:31:36/5:02:30]  Acc_iter 148550      Data time: 0.00(0.00)  Forward time: 0.23(0.24)  Batch time: 0.23(0.25)
2026-08-14 03:40:16,914   INFO  Train:    3/4 ( 75%) [37473/55563 ( 67%)]  Loss: 0.7881 (1.10)  LR: 1.101e-04  Time cost: 2:33:48/1:14:15 [5:31:49/5:02:18]  Acc_iter 148600      Data time: 0.00(0.00)  Forward time: 0.22(0.24)  Batch time: 0.22(0.25)
2026-08-14 03:40:29,058   INFO  Train:    3/4 ( 75%) [37523/55563 ( 68%)]  Loss: 1.367 (1.10)  LR: 1.099e-04  Time cost: 2:34:00/1:14:02 [5:32:01/5:02:06]  Acc_iter 148650      Data time: 0.00(0.00)  Forward time: 0.28(0.24)  Batch time: 0.28(0.25)
2026-08-14 03:40:29,427   INFO  a1e06a0b30c0                Fri Aug 14 03:40:29 2026  580.173.02
[0] NVIDIA GeForce RTX 3070 | 68°C,  94 % |  6823 /  8192 MB | root(6426M)

2026-08-14 03:40:41,624   INFO  Train:    3/4 ( 75%) [37573/55563 ( 68%)]  Loss: 0.5645 (1.10)  LR: 1.098e-04  Time cost: 2:34:13/1:13:50 [5:32:13/5:01:54]  Acc_iter 148700      Data time: 0.00(0.00)  Forward time: 0.24(0.24)  Batch time: 0.24(0.25)
2026-08-14 03:40:53,533   INFO  Train:    3/4 ( 75%) [37623/55563 ( 68%)]  Loss: 1.409 (1.10)  LR: 1.097e-04  Time cost: 2:34:25/1:13:37 [5:32:25/5:01:41]  Acc_iter 148750      Data time: 0.00(0.00)  Forward time: 0.26(0.24)  Batch time: 0.26(0.25)
2026-08-14 03:41:05,924   INFO  Train:    3/4 ( 75%) [37673/55563 ( 68%)]  Loss: 0.9549 (1.10)  LR: 1.096e-04  Time cost: 2:34:37/1:13:25 [5:32:38/5:01:29]  Acc_iter 148800      Data time: 0.00(0.00)  Forward time: 0.28(0.24)  Batch time: 0.28(0.25)
2026-08-14 03:41:06,332   INFO  a1e06a0b30c0                Fri Aug 14 03:41:06 2026  580.173.02
[0] NVIDIA GeForce RTX 3070 | 64°C,  81 % |  6824 /  8192 MB | root(6426M)

2026-08-14 03:41:18,901   INFO  Train:    3/4 ( 75%) [37723/55563 ( 68%)]  Loss: 0.8380 (1.10)  LR: 1.094e-04  Time cost: 2:34:50/1:13:13 [5:32:51/5:01:18]  Acc_iter 148850      Data time: 0.00(0.00)  Forward time: 0.23(0.24)  Batch time: 0.23(0.25)
2026-08-14 03:41:28,319   INFO  Save latest model to /OpenPCDet/output/OpenPCDet/tools/cfgs/models/S/F/S_F_N/default/ckpt/latest_model
2026-08-14 03:41:30,983   INFO  Train:    3/4 ( 75%) [37773/55563 ( 68%)]  Loss: 1.077 (1.10)  LR: 1.093e-04  Time cost: 2:35:02/1:13:01 [5:33:03/5:01:05]  Acc_iter 148900      Data time: 0.00(0.00)  Forward time: 0.25(0.24)  Batch time: 0.25(0.25)
2026-08-14 03:41:43,058   INFO  Train:    3/4 ( 75%) [37823/55563 ( 68%)]  Loss: 0.4276 (1.10)  LR: 1.092e-04  Time cost: 2:35:14/1:12:48 [5:33:15/5:00:52]  Acc_iter 148950      Data time: 0.00(0.00)  Forward time: 0.23(0.24)  Batch time: 0.23(0.25)
2026-08-14 03:41:43,421   INFO  a1e06a0b30c0                Fri Aug 14 03:41:43 2026  580.173.02
[0] NVIDIA GeForce RTX 3070 | 65°C,  78 % |  6823 /  8192 MB | root(6426M)

2026-08-14 03:41:55,715   INFO  Train:    3/4 ( 75%) [37873/55563 ( 68%)]  Loss: 1.606 (1.10)  LR: 1.091e-04  Time cost: 2:35:27/1:12:36 [5:33:27/5:00:40]  Acc_iter 149000      Data time: 0.00(0.00)  Forward time: 0.26(0.24)  Batch time: 0.26(0.25)
2026-08-14 03:42:08,222   INFO  Train:    3/4 ( 75%) [37923/55563 ( 68%)]  Loss: 1.444 (1.10)  LR: 1.089e-04  Time cost: 2:35:40/1:12:24 [5:33:40/5:00:28]  Acc_iter 149050      Data time: 0.00(0.00)  Forward time: 0.27(0.24)  Batch time: 0.27(0.25)
2026-08-14 03:42:20,441   INFO  Train:    3/4 ( 75%) [37973/55563 ( 68%)]  Loss: 2.530 (1.10)  LR: 1.088e-04  Time cost: 2:35:52/1:12:12 [5:33:52/5:00:16]  Acc_iter 149100      Data time: 0.00(0.00)  Forward time: 0.28(0.24)  Batch time: 0.28(0.25)
2026-08-14 03:42:20,805   INFO  a1e06a0b30c0                Fri Aug 14 03:42:20 2026  580.173.02
[0] NVIDIA GeForce RTX 3070 | 71°C,  99 % |  6823 /  8192 MB | root(6426M)

2026-08-14 03:42:32,631   INFO  Train:    3/4 ( 75%) [38023/55563 ( 68%)]  Loss: 0.3786 (1.10)  LR: 1.087e-04  Time cost: 2:36:04/1:11:59 [5:34:04/5:00:03]  Acc_iter 149150      Data time: 0.00(0.00)  Forward time: 0.22(0.24)  Batch time: 0.22(0.25)
2026-08-14 03:42:44,871   INFO  Train:    3/4 ( 75%) [38073/55563 ( 69%)]  Loss: 1.421 (1.10)  LR: 1.085e-04  Time cost: 2:36:16/1:11:47 [5:34:16/4:59:51]  Acc_iter 149200      Data time: 0.00(0.00)  Forward time: 0.24(0.24)  Batch time: 0.24(0.25)
2026-08-14 03:42:57,275   INFO  Train:    3/4 ( 75%) [38123/55563 ( 69%)]  Loss: 1.451 (1.10)  LR: 1.084e-04  Time cost: 2:36:29/1:11:35 [5:34:29/4:59:39]  Acc_iter 149250      Data time: 0.00(0.00)  Forward time: 0.26(0.24)  Batch time: 0.26(0.25)
2026-08-14 03:42:57,664   INFO  a1e06a0b30c0                Fri Aug 14 03:42:57 2026  580.173.02
[0] NVIDIA GeForce RTX 3070 | 70°C,  82 % |  6823 /  8192 MB | root(6426M)

2026-08-14 03:43:09,849   INFO  Train:    3/4 ( 75%) [38173/55563 ( 69%)]  Loss: 1.578 (1.10)  LR: 1.083e-04  Time cost: 2:36:41/1:11:22 [5:34:41/4:59:27]  Acc_iter 149300      Data time: 0.00(0.00)  Forward time: 0.23(0.24)  Batch time: 0.23(0.25)
2026-08-14 03:43:22,017   INFO  Train:    3/4 ( 75%) [38223/55563 ( 69%)]  Loss: 0.7291 (1.10)  LR: 1.082e-04  Time cost: 2:36:53/1:11:10 [5:34:54/4:59:14]  Acc_iter 149350      Data time: 0.00(0.00)  Forward time: 0.22(0.24)  Batch time: 0.22(0.25)
2026-08-14 03:43:34,112   INFO  Train:    3/4 ( 75%) [38273/55563 ( 69%)]  Loss: 0.7538 (1.10)  LR: 1.080e-04  Time cost: 2:37:06/1:10:58 [5:35:06/4:59:02]  Acc_iter 149400      Data time: 0.00(0.00)  Forward time: 0.25(0.24)  Batch time: 0.25(0.25)
2026-08-14 03:43:34,475   INFO  a1e06a0b30c0                Fri Aug 14 03:43:34 2026  580.173.02
[0] NVIDIA GeForce RTX 3070 | 69°C,  84 % |  6824 /  8192 MB | root(6426M)

2026-08-14 03:43:46,781   INFO  Train:    3/4 ( 75%) [38323/55563 ( 69%)]  Loss: 1.706 (1.10)  LR: 1.079e-04  Time cost: 2:37:18/1:10:45 [5:35:18/4:58:50]  Acc_iter 149450      Data time: 0.00(0.00)  Forward time: 0.23(0.24)  Batch time: 0.23(0.25)
2026-08-14 03:43:59,196   INFO  Train:    3/4 ( 75%) [38373/55563 ( 69%)]  Loss: 0.7008 (1.10)  LR: 1.078e-04  Time cost: 2:37:31/1:10:33 [5:35:31/4:58:38]  Acc_iter 149500      Data time: 0.00(0.00)  Forward time: 0.27(0.24)  Batch time: 0.27(0.25)
2026-08-14 03:44:11,133   INFO  Train:    3/4 ( 75%) [38423/55563 ( 69%)]  Loss: 0.8512 (1.10)  LR: 1.077e-04  Time cost: 2:37:43/1:10:21 [5:35:43/4:58:25]  Acc_iter 149550      Data time: 0.00(0.00)  Forward time: 0.23(0.24)  Batch time: 0.23(0.25)
2026-08-14 03:44:11,497   INFO  a1e06a0b30c0                Fri Aug 14 03:44:11 2026  580.173.02
[0] NVIDIA GeForce RTX 3070 | 71°C,  96 % |  6824 /  8192 MB | root(6426M)

2026-08-14 03:44:23,503   INFO  Train:    3/4 ( 75%) [38473/55563 ( 69%)]  Loss: 0.7513 (1.10)  LR: 1.075e-04  Time cost: 2:37:55/1:10:08 [5:35:55/4:58:13]  Acc_iter 149600      Data time: 0.00(0.00)  Forward time: 0.26(0.24)  Batch time: 0.26(0.25)
2026-08-14 03:44:35,769   INFO  Train:    3/4 ( 75%) [38523/55563 ( 69%)]  Loss: 0.4811 (1.10)  LR: 1.074e-04  Time cost: 2:38:07/1:09:56 [5:36:07/4:58:00]  Acc_iter 149650      Data time: 0.00(0.00)  Forward time: 0.23(0.24)  Batch time: 0.23(0.25)
2026-08-14 03:44:48,473   INFO  Train:    3/4 ( 75%) [38573/55563 ( 69%)]  Loss: 0.9510 (1.10)  LR: 1.073e-04  Time cost: 2:38:20/1:09:44 [5:36:20/4:57:49]  Acc_iter 149700      Data time: 0.00(0.00)  Forward time: 0.21(0.24)  Batch time: 0.21(0.25)
2026-08-14 03:44:48,883   INFO  a1e06a0b30c0                Fri Aug 14 03:44:48 2026  580.173.02
[0] NVIDIA GeForce RTX 3070 | 65°C,   0 % |  6819 /  8192 MB | root(6426M)

2026-08-14 03:45:00,951   INFO  Train:    3/4 ( 75%) [38623/55563 ( 70%)]  Loss: 1.394 (1.10)  LR: 1.071e-04  Time cost: 2:38:32/1:09:32 [5:36:33/4:57:37]  Acc_iter 149750      Data time: 0.00(0.00)  Forward time: 0.26(0.24)  Batch time: 0.27(0.25)
2026-08-14 03:45:13,232   INFO  Train:    3/4 ( 75%) [38673/55563 ( 70%)]  Loss: 1.195 (1.10)  LR: 1.070e-04  Time cost: 2:38:45/1:09:19 [5:36:45/4:57:24]  Acc_iter 149800      Data time: 0.00(0.00)  Forward time: 0.27(0.24)  Batch time: 0.27(0.25)
2026-08-14 03:45:25,014   INFO  Train:    3/4 ( 75%) [38723/55563 ( 70%)]  Loss: 1.341 (1.10)  LR: 1.069e-04  Time cost: 2:38:56/1:09:07 [5:36:57/4:57:11]  Acc_iter 149850      Data time: 0.00(0.00)  Forward time: 0.26(0.24)  Batch time: 0.26(0.25)
2026-08-14 03:45:25,380   INFO  a1e06a0b30c0                Fri Aug 14 03:45:25 2026  580.173.02
[0] NVIDIA GeForce RTX 3070 | 66°C,  91 % |  6819 /  8192 MB | root(6426M)

2026-08-14 03:45:37,521   INFO  Train:    3/4 ( 75%) [38773/55563 ( 70%)]  Loss: 1.381 (1.10)  LR: 1.068e-04  Time cost: 2:39:09/1:08:55 [5:37:09/4:56:59]  Acc_iter 149900      Data time: 0.00(0.00)  Forward time: 0.28(0.24)  Batch time: 0.28(0.25)
2026-08-14 03:45:49,901   INFO  Train:    3/4 ( 75%) [38823/55563 ( 70%)]  Loss: 2.103 (1.10)  LR: 1.066e-04  Time cost: 2:39:21/1:08:42 [5:37:22/4:56:47]  Acc_iter 149950      Data time: 0.00(0.00)  Forward time: 0.27(0.24)  Batch time: 0.27(0.25)
2026-08-14 03:46:02,340   INFO  Train:    3/4 ( 75%) [38873/55563 ( 70%)]  Loss: 1.181 (1.10)  LR: 1.065e-04  Time cost: 2:39:34/1:08:30 [5:37:34/4:56:35]  Acc_iter 150000      Data time: 0.00(0.00)  Forward time: 0.23(0.24)  Batch time: 0.23(0.25)
2026-08-14 03:46:02,749   INFO  a1e06a0b30c0                Fri Aug 14 03:46:02 2026  580.173.02
[0] NVIDIA GeForce RTX 3070 | 70°C,  78 % |  6819 /  8192 MB | root(6426M)

2026-08-14 03:46:14,941   INFO  Train:    3/4 ( 75%) [38923/55563 ( 70%)]  Loss: 0.9897 (1.10)  LR: 1.064e-04  Time cost: 2:39:46/1:08:18 [5:37:47/4:56:23]  Acc_iter 150050      Data time: 0.00(0.00)  Forward time: 0.24(0.24)  Batch time: 0.24(0.25)
2026-08-14 03:46:26,957   INFO  Train:    3/4 ( 75%) [38973/55563 ( 70%)]  Loss: 1.196 (1.10)  LR: 1.063e-04  Time cost: 2:39:58/1:08:05 [5:37:59/4:56:10]  Acc_iter 150100      Data time: 0.00(0.00)  Forward time: 0.27(0.24)  Batch time: 0.27(0.25)
2026-08-14 03:46:28,306   INFO  Save latest model to /OpenPCDet/output/OpenPCDet/tools/cfgs/models/S/F/S_F_N/default/ckpt/latest_model
2026-08-14 03:46:39,432   INFO  Train:    3/4 ( 75%) [39023/55563 ( 70%)]  Loss: 1.165 (1.10)  LR: 1.061e-04  Time cost: 2:40:11/1:07:53 [5:38:11/4:55:58]  Acc_iter 150150      Data time: 0.00(0.00)  Forward time: 0.25(0.24)  Batch time: 0.25(0.25)
2026-08-14 03:46:39,798   INFO  a1e06a0b30c0                Fri Aug 14 03:46:39 2026  580.173.02
[0] NVIDIA GeForce RTX 3070 | 70°C,  95 % |  6820 /  8192 MB | root(6426M)

2026-08-14 03:46:51,972   INFO  Train:    3/4 ( 75%) [39073/55563 ( 70%)]  Loss: 1.245 (1.10)  LR: 1.060e-04  Time cost: 2:40:23/1:07:41 [5:38:24/4:55:46]  Acc_iter 150200      Data time: 0.00(0.00)  Forward time: 0.25(0.24)  Batch time: 0.25(0.25)
2026-08-14 03:47:04,178   INFO  Train:    3/4 ( 75%) [39123/55563 ( 70%)]  Loss: 0.5163 (1.10)  LR: 1.059e-04  Time cost: 2:40:36/1:07:29 [5:38:36/4:55:34]  Acc_iter 150250      Data time: 0.00(0.00)  Forward time: 0.21(0.24)  Batch time: 0.21(0.25)
2026-08-14 03:47:16,311   INFO  Train:    3/4 ( 75%) [39173/55563 ( 71%)]  Loss: 0.8072 (1.10)  LR: 1.058e-04  Time cost: 2:40:48/1:07:16 [5:38:48/4:55:21]  Acc_iter 150300      Data time: 0.00(0.00)  Forward time: 0.26(0.24)  Batch time: 0.27(0.25)
2026-08-14 03:47:16,672   INFO  a1e06a0b30c0                Fri Aug 14 03:47:16 2026  580.173.02
[0] NVIDIA GeForce RTX 3070 | 70°C,  71 % |  6822 /  8192 MB | root(6428M)

2026-08-14 03:47:29,115   INFO  Train:    3/4 ( 75%) [39223/55563 ( 71%)]  Loss: 1.225 (1.10)  LR: 1.056e-04  Time cost: 2:41:01/1:07:04 [5:39:01/4:55:10]  Acc_iter 150350      Data time: 0.00(0.00)  Forward time: 0.26(0.24)  Batch time: 0.26(0.25)
2026-08-14 03:47:41,556   INFO  Train:    3/4 ( 75%) [39273/55563 ( 71%)]  Loss: 0.9197 (1.10)  LR: 1.055e-04  Time cost: 2:41:13/1:06:52 [5:39:13/4:54:57]  Acc_iter 150400      Data time: 0.00(0.00)  Forward time: 0.23(0.24)  Batch time: 0.23(0.25)
2026-08-14 03:47:53,501   INFO  Train:    3/4 ( 75%) [39323/55563 ( 71%)]  Loss: 0.2519 (1.10)  LR: 1.054e-04  Time cost: 2:41:25/1:06:39 [5:39:25/4:54:44]  Acc_iter 150450      Data time: 0.00(0.00)  Forward time: 0.25(0.24)  Batch time: 0.25(0.25)
2026-08-14 03:47:53,865   INFO  a1e06a0b30c0                Fri Aug 14 03:47:53 2026  580.173.02
[0] NVIDIA GeForce RTX 3070 | 65°C,   1 % |  6821 /  8192 MB | root(6428M)

2026-08-14 03:48:06,076   INFO  Train:    3/4 ( 75%) [39373/55563 ( 71%)]  Loss: 0.6089 (1.10)  LR: 1.052e-04  Time cost: 2:41:38/1:06:27 [5:39:38/4:54:33]  Acc_iter 150500      Data time: 0.00(0.00)  Forward time: 0.25(0.24)  Batch time: 0.25(0.25)
2026-08-14 03:48:18,340   INFO  Train:    3/4 ( 75%) [39423/55563 ( 71%)]  Loss: 0.8549 (1.10)  LR: 1.051e-04  Time cost: 2:41:50/1:06:15 [5:39:50/4:54:20]  Acc_iter 150550      Data time: 0.00(0.00)  Forward time: 0.23(0.24)  Batch time: 0.23(0.25)
2026-08-14 03:48:30,853   INFO  Train:    3/4 ( 75%) [39473/55563 ( 71%)]  Loss: 1.609 (1.10)  LR: 1.050e-04  Time cost: 2:42:02/1:06:03 [5:40:02/4:54:08]  Acc_iter 150600      Data time: 0.00(0.00)  Forward time: 0.26(0.24)  Batch time: 0.26(0.25)
2026-08-14 03:48:31,213   INFO  a1e06a0b30c0                Fri Aug 14 03:48:31 2026  580.173.02
[0] NVIDIA GeForce RTX 3070 | 69°C,  81 % |  6825 /  8192 MB | root(6428M)

2026-08-14 03:48:43,330   INFO  Train:    3/4 ( 75%) [39523/55563 ( 71%)]  Loss: 2.815 (1.10)  LR: 1.049e-04  Time cost: 2:42:15/1:05:50 [5:40:15/4:53:56]  Acc_iter 150650      Data time: 0.00(0.00)  Forward time: 0.27(0.24)  Batch time: 0.27(0.25)
2026-08-14 03:48:55,284   INFO  Train:    3/4 ( 75%) [39573/55563 ( 71%)]  Loss: 1.392 (1.10)  LR: 1.047e-04  Time cost: 2:42:27/1:05:38 [5:40:27/4:53:43]  Acc_iter 150700      Data time: 0.00(0.00)  Forward time: 0.24(0.24)  Batch time: 0.24(0.25)
2026-08-14 03:49:07,743   INFO  Train:    3/4 ( 75%) [39623/55563 ( 71%)]  Loss: 0.6307 (1.10)  LR: 1.046e-04  Time cost: 2:42:39/1:05:26 [5:40:39/4:53:31]  Acc_iter 150750      Data time: 0.00(0.00)  Forward time: 0.21(0.24)  Batch time: 0.22(0.25)
2026-08-14 03:49:08,106   INFO  a1e06a0b30c0                Fri Aug 14 03:49:08 2026  580.173.02
[0] NVIDIA GeForce RTX 3070 | 70°C,  96 % |  6825 /  8192 MB | root(6428M)

2026-08-14 03:49:20,574   INFO  Train:    3/4 ( 75%) [39673/55563 ( 71%)]  Loss: 0.8714 (1.10)  LR: 1.045e-04  Time cost: 2:42:52/1:05:14 [5:40:52/4:53:20]  Acc_iter 150800      Data time: 0.00(0.00)  Forward time: 0.27(0.24)  Batch time: 0.27(0.25)
2026-08-14 03:49:32,658   INFO  Train:    3/4 ( 75%) [39723/55563 ( 71%)]  Loss: 0.8419 (1.10)  LR: 1.044e-04  Time cost: 2:43:04/1:05:01 [5:41:04/4:53:07]  Acc_iter 150850      Data time: 0.00(0.00)  Forward time: 0.26(0.24)  Batch time: 0.26(0.25)
2026-08-14 03:49:44,853   INFO  Train:    3/4 ( 75%) [39773/55563 ( 72%)]  Loss: 0.8380 (1.10)  LR: 1.042e-04  Time cost: 2:43:16/1:04:49 [5:41:16/4:52:55]  Acc_iter 150900      Data time: 0.00(0.00)  Forward time: 0.24(0.24)  Batch time: 0.24(0.25)
2026-08-14 03:49:45,210   INFO  a1e06a0b30c0                Fri Aug 14 03:49:45 2026  580.173.02
[0] NVIDIA GeForce RTX 3070 | 71°C,  66 % |  6826 /  8192 MB | root(6428M)

2026-08-14 03:49:57,465   INFO  Train:    3/4 ( 75%) [39823/55563 ( 72%)]  Loss: 0.4397 (1.10)  LR: 1.041e-04  Time cost: 2:43:29/1:04:37 [5:41:29/4:52:43]  Acc_iter 150950      Data time: 0.00(0.00)  Forward time: 0.23(0.24)  Batch time: 0.23(0.25)
2026-08-14 03:50:09,879   INFO  Train:    3/4 ( 75%) [39873/55563 ( 72%)]  Loss: 1.269 (1.10)  LR: 1.040e-04  Time cost: 2:43:41/1:04:24 [5:41:42/4:52:31]  Acc_iter 151000      Data time: 0.00(0.00)  Forward time: 0.28(0.24)  Batch time: 0.28(0.25)
2026-08-14 03:50:21,983   INFO  Train:    3/4 ( 75%) [39923/55563 ( 72%)]  Loss: 0.6080 (1.10)  LR: 1.039e-04  Time cost: 2:43:53/1:04:12 [5:41:54/4:52:18]  Acc_iter 151050      Data time: 0.00(0.00)  Forward time: 0.23(0.24)  Batch time: 0.23(0.25)
2026-08-14 03:50:22,347   INFO  a1e06a0b30c0                Fri Aug 14 03:50:22 2026  580.173.02
[0] NVIDIA GeForce RTX 3070 | 71°C,  95 % |  6826 /  8192 MB | root(6428M)

2026-08-14 03:50:34,722   INFO  Train:    3/4 ( 75%) [39973/55563 ( 72%)]  Loss: 0.9559 (1.10)  LR: 1.037e-04  Time cost: 2:44:06/1:04:00 [5:42:06/4:52:06]  Acc_iter 151100      Data time: 0.00(0.00)  Forward time: 0.22(0.24)  Batch time: 0.22(0.25)
2026-08-14 03:50:47,012   INFO  Train:    3/4 ( 75%) [40023/55563 ( 72%)]  Loss: 0.5507 (1.10)  LR: 1.036e-04  Time cost: 2:44:18/1:03:47 [5:42:19/4:51:54]  Acc_iter 151150      Data time: 0.00(0.00)  Forward time: 0.28(0.24)  Batch time: 0.28(0.25)
2026-08-14 03:50:59,531   INFO  Train:    3/4 ( 75%) [40073/55563 ( 72%)]  Loss: 1.424 (1.10)  LR: 1.035e-04  Time cost: 2:44:31/1:03:35 [5:42:31/4:51:42]  Acc_iter 151200      Data time: 0.00(0.00)  Forward time: 0.27(0.24)  Batch time: 0.27(0.25)
2026-08-14 03:50:59,973   INFO  a1e06a0b30c0                Fri Aug 14 03:50:59 2026  580.173.02
[0] NVIDIA GeForce RTX 3070 | 64°C,   0 % |  6825 /  8192 MB | root(6428M)

2026-08-14 03:51:12,495   INFO  Train:    3/4 ( 75%) [40123/55563 ( 72%)]  Loss: 2.178 (1.10)  LR: 1.034e-04  Time cost: 2:44:44/1:03:23 [5:42:44/4:51:31]  Acc_iter 151250      Data time: 0.00(0.00)  Forward time: 0.26(0.24)  Batch time: 0.26(0.25)
2026-08-14 03:51:24,795   INFO  Train:    3/4 ( 75%) [40173/55563 ( 72%)]  Loss: 0.3586 (1.10)  LR: 1.032e-04  Time cost: 2:44:56/1:03:11 [5:42:56/4:51:19]  Acc_iter 151300      Data time: 0.00(0.00)  Forward time: 0.21(0.24)  Batch time: 0.22(0.25)
2026-08-14 03:51:28,329   INFO  Save latest model to /OpenPCDet/output/OpenPCDet/tools/cfgs/models/S/F/S_F_N/default/ckpt/latest_model
2026-08-14 03:51:37,089   INFO  Train:    3/4 ( 75%) [40223/55563 ( 72%)]  Loss: 0.7139 (1.10)  LR: 1.031e-04  Time cost: 2:45:09/1:02:58 [5:43:09/4:51:06]  Acc_iter 151350      Data time: 0.00(0.00)  Forward time: 0.23(0.24)  Batch time: 0.23(0.25)
2026-08-14 03:51:37,463   INFO  a1e06a0b30c0                Fri Aug 14 03:51:37 2026  580.173.02
[0] NVIDIA GeForce RTX 3070 | 66°C,  86 % |  6825 /  8192 MB | root(6428M)

2026-08-14 03:51:49,628   INFO  Train:    3/4 ( 75%) [40273/55563 ( 72%)]  Loss: 1.975 (1.10)  LR: 1.030e-04  Time cost: 2:45:21/1:02:46 [5:43:21/4:50:54]  Acc_iter 151400      Data time: 0.00(0.00)  Forward time: 0.22(0.24)  Batch time: 0.22(0.25)
2026-08-14 03:52:02,131   INFO  Train:    3/4 ( 75%) [40323/55563 ( 73%)]  Loss: 1.109 (1.10)  LR: 1.028e-04  Time cost: 2:45:34/1:02:34 [5:43:34/4:50:42]  Acc_iter 151450      Data time: 0.00(0.00)  Forward time: 0.24(0.24)  Batch time: 0.24(0.25)
2026-08-14 03:52:14,088   INFO  Train:    3/4 ( 75%) [40373/55563 ( 73%)]  Loss: 1.187 (1.10)  LR: 1.027e-04  Time cost: 2:45:46/1:02:22 [5:43:46/4:50:29]  Acc_iter 151500      Data time: 0.00(0.00)  Forward time: 0.23(0.24)  Batch time: 0.23(0.25)
2026-08-14 03:52:14,470   INFO  a1e06a0b30c0                Fri Aug 14 03:52:14 2026  580.173.02
[0] NVIDIA GeForce RTX 3070 | 66°C,  73 % |  6826 /  8192 MB | root(6428M)

2026-08-14 03:52:26,867   INFO  Train:    3/4 ( 75%) [40423/55563 ( 73%)]  Loss: 1.718 (1.10)  LR: 1.026e-04  Time cost: 2:45:58/1:02:09 [5:43:58/4:50:18]  Acc_iter 151550      Data time: 0.00(0.00)  Forward time: 0.27(0.24)  Batch time: 0.27(0.25)
2026-08-14 03:52:38,965   INFO  Train:    3/4 ( 75%) [40473/55563 ( 73%)]  Loss: 0.9686 (1.10)  LR: 1.025e-04  Time cost: 2:46:10/1:01:57 [5:44:11/4:50:05]  Acc_iter 151600      Data time: 0.00(0.00)  Forward time: 0.22(0.24)  Batch time: 0.22(0.25)
2026-08-14 03:52:51,591   INFO  Train:    3/4 ( 75%) [40523/55563 ( 73%)]  Loss: 0.3562 (1.10)  LR: 1.023e-04  Time cost: 2:46:23/1:01:45 [5:44:23/4:49:53]  Acc_iter 151650      Data time: 0.00(0.00)  Forward time: 0.27(0.24)  Batch time: 0.27(0.25)
2026-08-14 03:52:51,961   INFO  a1e06a0b30c0                Fri Aug 14 03:52:51 2026  580.173.02
[0] NVIDIA GeForce RTX 3070 | 67°C,  49 % |  6825 /  8192 MB | root(6428M)

2026-08-14 03:53:04,053   INFO  Train:    3/4 ( 75%) [40573/55563 ( 73%)]  Loss: 0.5769 (1.10)  LR: 1.022e-04  Time cost: 2:46:35/1:01:33 [5:44:36/4:49:41]  Acc_iter 151700      Data time: 0.00(0.00)  Forward time: 0.25(0.24)  Batch time: 0.25(0.25)
2026-08-14 03:53:16,282   INFO  Train:    3/4 ( 75%) [40623/55563 ( 73%)]  Loss: 1.212 (1.10)  LR: 1.021e-04  Time cost: 2:46:48/1:01:20 [5:44:48/4:49:29]  Acc_iter 151750      Data time: 0.00(0.00)  Forward time: 0.23(0.24)  Batch time: 0.23(0.25)
2026-08-14 03:53:28,742   INFO  Train:    3/4 ( 75%) [40673/55563 ( 73%)]  Loss: 0.7158 (1.10)  LR: 1.020e-04  Time cost: 2:47:00/1:01:08 [5:45:00/4:49:17]  Acc_iter 151800      Data time: 0.00(0.00)  Forward time: 0.23(0.24)  Batch time: 0.23(0.25)
2026-08-14 03:53:29,183   INFO  a1e06a0b30c0                Fri Aug 14 03:53:29 2026  580.173.02
[0] NVIDIA GeForce RTX 3070 | 70°C,  99 % |  6825 /  8192 MB | root(6428M)

2026-08-14 03:53:41,732   INFO  Train:    3/4 ( 75%) [40723/55563 ( 73%)]  Loss: 1.666 (1.10)  LR: 1.018e-04  Time cost: 2:47:13/1:00:56 [5:45:13/4:49:06]  Acc_iter 151850      Data time: 0.00(0.00)  Forward time: 0.25(0.24)  Batch time: 0.25(0.25)
2026-08-14 03:53:53,697   INFO  Train:    3/4 ( 75%) [40773/55563 ( 73%)]  Loss: 0.7558 (1.10)  LR: 1.017e-04  Time cost: 2:47:25/1:00:43 [5:45:25/4:48:53]  Acc_iter 151900      Data time: 0.00(0.00)  Forward time: 0.21(0.24)  Batch time: 0.21(0.25)
2026-08-14 03:54:06,003   INFO  Train:    3/4 ( 75%) [40823/55563 ( 73%)]  Loss: 0.5247 (1.10)  LR: 1.016e-04  Time cost: 2:47:37/1:00:31 [5:45:38/4:48:40]  Acc_iter 151950      Data time: 0.00(0.00)  Forward time: 0.26(0.24)  Batch time: 0.26(0.25)
2026-08-14 03:54:06,362   INFO  a1e06a0b30c0                Fri Aug 14 03:54:06 2026  580.173.02
[0] NVIDIA GeForce RTX 3070 | 65°C, 100 % |  6825 /  8192 MB | root(6428M)

2026-08-14 03:54:18,218   INFO  Train:    3/4 ( 75%) [40873/55563 ( 74%)]  Loss: 1.558 (1.10)  LR: 1.015e-04  Time cost: 2:47:50/1:00:19 [5:45:50/4:48:28]  Acc_iter 152000      Data time: 0.00(0.00)  Forward time: 0.23(0.24)  Batch time: 0.23(0.25)
2026-08-14 03:54:30,795   INFO  Train:    3/4 ( 75%) [40923/55563 ( 74%)]  Loss: 1.509 (1.10)  LR: 1.013e-04  Time cost: 2:48:02/1:00:06 [5:46:02/4:48:16]  Acc_iter 152050      Data time: 0.00(0.00)  Forward time: 0.26(0.24)  Batch time: 0.26(0.25)
2026-08-14 03:54:43,481   INFO  Train:    3/4 ( 75%) [40973/55563 ( 74%)]  Loss: 0.9756 (1.10)  LR: 1.012e-04  Time cost: 2:48:15/59:54 [5:46:15/4:48:04]  Acc_iter 152100      Data time: 0.00(0.00)  Forward time: 0.23(0.24)  Batch time: 0.23(0.25)
2026-08-14 03:54:43,852   INFO  a1e06a0b30c0                Fri Aug 14 03:54:43 2026  580.173.02
[0] NVIDIA GeForce RTX 3070 | 71°C,  98 % |  6824 /  8192 MB | root(6428M)

2026-08-14 03:54:56,006   INFO  Train:    3/4 ( 75%) [41023/55563 ( 74%)]  Loss: 1.206 (1.10)  LR: 1.011e-04  Time cost: 2:48:27/59:42 [5:46:28/4:47:52]  Acc_iter 152150      Data time: 0.00(0.00)  Forward time: 0.23(0.24)  Batch time: 0.23(0.25)
2026-08-14 03:55:08,287   INFO  Train:    3/4 ( 75%) [41073/55563 ( 74%)]  Loss: 0.8865 (1.10)  LR: 1.010e-04  Time cost: 2:48:40/59:30 [5:46:40/4:47:40]  Acc_iter 152200      Data time: 0.00(0.00)  Forward time: 0.26(0.24)  Batch time: 0.27(0.25)
2026-08-14 03:55:20,369   INFO  Train:    3/4 ( 75%) [41123/55563 ( 74%)]  Loss: 0.6272 (1.10)  LR: 1.008e-04  Time cost: 2:48:52/59:17 [5:46:52/4:47:27]  Acc_iter 152250      Data time: 0.00(0.00)  Forward time: 0.25(0.24)  Batch time: 0.25(0.25)
2026-08-14 03:55:20,768   INFO  a1e06a0b30c0                Fri Aug 14 03:55:20 2026  580.173.02
[0] NVIDIA GeForce RTX 3070 | 69°C,  67 % |  6825 /  8192 MB | root(6428M)

2026-08-14 03:55:33,224   INFO  Train:    3/4 ( 75%) [41173/55563 ( 74%)]  Loss: 0.9394 (1.10)  LR: 1.007e-04  Time cost: 2:49:05/59:05 [5:47:05/4:47:16]  Acc_iter 152300      Data time: 0.00(0.00)  Forward time: 0.26(0.24)  Batch time: 0.26(0.25)
2026-08-14 03:55:45,512   INFO  Train:    3/4 ( 75%) [41223/55563 ( 74%)]  Loss: 0.9791 (1.10)  LR: 1.006e-04  Time cost: 2:49:17/58:53 [5:47:17/4:47:03]  Acc_iter 152350      Data time: 0.00(0.00)  Forward time: 0.23(0.24)  Batch time: 0.23(0.25)
2026-08-14 03:55:57,797   INFO  Train:    3/4 ( 75%) [41273/55563 ( 74%)]  Loss: 1.583 (1.10)  LR: 1.005e-04  Time cost: 2:49:29/58:40 [5:47:29/4:46:51]  Acc_iter 152400      Data time: 0.00(0.00)  Forward time: 0.26(0.24)  Batch time: 0.26(0.25)
2026-08-14 03:55:58,168   INFO  a1e06a0b30c0                Fri Aug 14 03:55:58 2026  580.173.02
[0] NVIDIA GeForce RTX 3070 | 70°C,  92 % |  6825 /  8192 MB | root(6428M)

2026-08-14 03:56:10,610   INFO  Train:    3/4 ( 75%) [41323/55563 ( 74%)]  Loss: 1.145 (1.10)  LR: 1.003e-04  Time cost: 2:49:42/58:28 [5:47:42/4:46:39]  Acc_iter 152450      Data time: 0.00(0.00)  Forward time: 0.25(0.24)  Batch time: 0.25(0.25)
2026-08-14 03:56:23,067   INFO  Train:    3/4 ( 75%) [41373/55563 ( 74%)]  Loss: 3.576 (1.10)  LR: 1.002e-04  Time cost: 2:49:55/58:16 [5:47:55/4:46:27]  Acc_iter 152500      Data time: 0.00(0.00)  Forward time: 0.25(0.24)  Batch time: 0.26(0.25)
2026-08-14 03:56:28,396   INFO  Save latest model to /OpenPCDet/output/OpenPCDet/tools/cfgs/models/S/F/S_F_N/default/ckpt/latest_model
2026-08-14 03:56:35,353   INFO  Train:    3/4 ( 75%) [41423/55563 ( 75%)]  Loss: 0.6725 (1.10)  LR: 1.001e-04  Time cost: 2:50:07/58:04 [5:48:07/4:46:15]  Acc_iter 152550      Data time: 0.00(0.00)  Forward time: 0.22(0.24)  Batch time: 0.22(0.25)
2026-08-14 03:56:35,723   INFO  a1e06a0b30c0                Fri Aug 14 03:56:35 2026  580.173.02
[0] NVIDIA GeForce RTX 3070 | 69°C,  95 % |  6825 /  8192 MB | root(6428M)

2026-08-14 03:56:47,792   INFO  Train:    3/4 ( 75%) [41473/55563 ( 75%)]  Loss: 0.6382 (1.10)  LR: 9.997e-05  Time cost: 2:50:19/57:51 [5:48:19/4:46:03]  Acc_iter 152600      Data time: 0.00(0.00)  Forward time: 0.21(0.24)  Batch time: 0.21(0.25)
2026-08-14 03:56:59,726   INFO  Train:    3/4 ( 75%) [41523/55563 ( 75%)]  Loss: 0.6824 (1.10)  LR: 9.984e-05  Time cost: 2:50:31/57:39 [5:48:31/4:45:50]  Acc_iter 152650      Data time: 0.00(0.00)  Forward time: 0.26(0.24)  Batch time: 0.26(0.25)
2026-08-14 03:57:12,435   INFO  Train:    3/4 ( 75%) [41573/55563 ( 75%)]  Loss: 1.011 (1.10)  LR: 9.972e-05  Time cost: 2:50:44/57:27 [5:48:44/4:45:38]  Acc_iter 152700      Data time: 0.00(0.00)  Forward time: 0.25(0.24)  Batch time: 0.25(0.25)
2026-08-14 03:57:12,832   INFO  a1e06a0b30c0                Fri Aug 14 03:57:12 2026  580.173.02
[0] NVIDIA GeForce RTX 3070 | 71°C,  83 % |  6826 /  8192 MB | root(6428M)

2026-08-14 03:57:24,962   INFO  Train:    3/4 ( 75%) [41623/55563 ( 75%)]  Loss: 1.086 (1.10)  LR: 9.959e-05  Time cost: 2:50:56/57:15 [5:48:57/4:45:26]  Acc_iter 152750      Data time: 0.00(0.00)  Forward time: 0.22(0.24)  Batch time: 0.22(0.25)
2026-08-14 03:57:37,557   INFO  Train:    3/4 ( 75%) [41673/55563 ( 75%)]  Loss: 1.252 (1.10)  LR: 9.947e-05  Time cost: 2:51:09/57:02 [5:49:09/4:45:14]  Acc_iter 152800      Data time: 0.00(0.00)  Forward time: 0.29(0.24)  Batch time: 0.29(0.25)
2026-08-14 03:57:49,787   INFO  Train:    3/4 ( 75%) [41723/55563 ( 75%)]  Loss: 0.5633 (1.10)  LR: 9.934e-05  Time cost: 2:51:21/56:50 [5:49:21/4:45:02]  Acc_iter 152850      Data time: 0.00(0.00)  Forward time: 0.24(0.24)  Batch time: 0.24(0.25)
2026-08-14 03:57:50,154   INFO  a1e06a0b30c0                Fri Aug 14 03:57:50 2026  580.173.02
[0] NVIDIA GeForce RTX 3070 | 70°C,  96 % |  6825 /  8192 MB | root(6428M)

2026-08-14 03:58:02,478   INFO  Train:    3/4 ( 75%) [41773/55563 ( 75%)]  Loss: 0.7830 (1.10)  LR: 9.922e-05  Time cost: 2:51:34/56:38 [5:49:34/4:44:50]  Acc_iter 152900      Data time: 0.00(0.00)  Forward time: 0.24(0.24)  Batch time: 0.24(0.25)
2026-08-14 03:58:14,937   INFO  Train:    3/4 ( 75%) [41823/55563 ( 75%)]  Loss: 1.195 (1.10)  LR: 9.909e-05  Time cost: 2:51:46/56:26 [5:49:47/4:44:38]  Acc_iter 152950      Data time: 0.00(0.00)  Forward time: 0.24(0.24)  Batch time: 0.24(0.25)
2026-08-14 03:58:26,947   INFO  Train:    3/4 ( 75%) [41873/55563 ( 75%)]  Loss: 0.8911 (1.10)  LR: 9.897e-05  Time cost: 2:51:58/56:13 [5:49:59/4:44:25]  Acc_iter 153000      Data time: 0.00(0.00)  Forward time: 0.24(0.24)  Batch time: 0.24(0.25)
2026-08-14 03:58:27,320   INFO  a1e06a0b30c0                Fri Aug 14 03:58:27 2026  580.173.02
[0] NVIDIA GeForce RTX 3070 | 70°C,  81 % |  6825 /  8192 MB | root(6428M)

2026-08-14 03:58:39,460   INFO  Train:    3/4 ( 75%) [41923/55563 ( 75%)]  Loss: 1.097 (1.10)  LR: 9.884e-05  Time cost: 2:52:11/56:01 [5:50:11/4:44:13]  Acc_iter 153050      Data time: 0.00(0.00)  Forward time: 0.21(0.24)  Batch time: 0.22(0.25)
2026-08-14 03:58:51,929   INFO  Train:    3/4 ( 75%) [41973/55563 ( 76%)]  Loss: 2.131 (1.10)  LR: 9.872e-05  Time cost: 2:52:23/55:49 [5:50:24/4:44:01]  Acc_iter 153100      Data time: 0.00(0.00)  Forward time: 0.24(0.24)  Batch time: 0.24(0.25)
2026-08-14 03:59:04,687   INFO  Train:    3/4 ( 75%) [42023/55563 ( 76%)]  Loss: 2.310 (1.10)  LR: 9.859e-05  Time cost: 2:52:36/55:36 [5:50:36/4:43:50]  Acc_iter 153150      Data time: 0.00(0.00)  Forward time: 0.27(0.24)  Batch time: 0.27(0.25)
2026-08-14 03:59:05,062   INFO  a1e06a0b30c0                Fri Aug 14 03:59:05 2026  580.173.02
[0] NVIDIA GeForce RTX 3070 | 68°C,  63 % |  6826 /  8192 MB | root(6428M)

2026-08-14 03:59:17,386   INFO  Train:    3/4 ( 75%) [42073/55563 ( 76%)]  Loss: 1.320 (1.10)  LR: 9.847e-05  Time cost: 2:52:49/55:24 [5:50:49/4:43:38]  Acc_iter 153200      Data time: 0.00(0.00)  Forward time: 0.22(0.24)  Batch time: 0.22(0.25)
2026-08-14 03:59:29,381   INFO  Train:    3/4 ( 75%) [42123/55563 ( 76%)]  Loss: 0.9231 (1.10)  LR: 9.834e-05  Time cost: 2:53:01/55:12 [5:51:01/4:43:25]  Acc_iter 153250      Data time: 0.00(0.00)  Forward time: 0.24(0.24)  Batch time: 0.25(0.25)
2026-08-14 03:59:41,613   INFO  Train:    3/4 ( 75%) [42173/55563 ( 76%)]  Loss: 1.074 (1.10)  LR: 9.822e-05  Time cost: 2:53:13/54:59 [5:51:13/4:43:13]  Acc_iter 153300      Data time: 0.00(0.00)  Forward time: 0.24(0.24)  Batch time: 0.24(0.25)
2026-08-14 03:59:41,975   INFO  a1e06a0b30c0                Fri Aug 14 03:59:41 2026  580.173.02
[0] NVIDIA GeForce RTX 3070 | 65°C,   4 % |  6826 /  8192 MB | root(6428M)

2026-08-14 03:59:54,380   INFO  Train:    3/4 ( 75%) [42223/55563 ( 76%)]  Loss: 1.349 (1.10)  LR: 9.810e-05  Time cost: 2:53:26/54:47 [5:51:26/4:43:01]  Acc_iter 153350      Data time: 0.00(0.00)  Forward time: 0.25(0.24)  Batch time: 0.25(0.25)
2026-08-14 04:00:06,502   INFO  Train:    3/4 ( 75%) [42273/55563 ( 76%)]  Loss: 1.201 (1.10)  LR: 9.797e-05  Time cost: 2:53:38/54:35 [5:51:38/4:42:48]  Acc_iter 153400      Data time: 0.00(0.00)  Forward time: 0.21(0.24)  Batch time: 0.21(0.25)
2026-08-14 04:00:18,812   INFO  Train:    3/4 ( 75%) [42323/55563 ( 76%)]  Loss: 1.620 (1.10)  LR: 9.785e-05  Time cost: 2:53:50/54:22 [5:51:50/4:42:36]  Acc_iter 153450      Data time: 0.00(0.00)  Forward time: 0.24(0.24)  Batch time: 0.24(0.25)
2026-08-14 04:00:19,181   INFO  a1e06a0b30c0                Fri Aug 14 04:00:19 2026  580.173.02
[0] NVIDIA GeForce RTX 3070 | 70°C,  89 % |  6825 /  8192 MB | root(6428M)

2026-08-14 04:00:31,427   INFO  Train:    3/4 ( 75%) [42373/55563 ( 76%)]  Loss: 0.9574 (1.10)  LR: 9.772e-05  Time cost: 2:54:03/54:10 [5:52:03/4:42:24]  Acc_iter 153500      Data time: 0.00(0.00)  Forward time: 0.21(0.24)  Batch time: 0.21(0.25)
2026-08-14 04:00:43,803   INFO  Train:    3/4 ( 75%) [42423/55563 ( 76%)]  Loss: 1.245 (1.10)  LR: 9.760e-05  Time cost: 2:54:15/53:58 [5:52:15/4:42:12]  Acc_iter 153550      Data time: 0.00(0.00)  Forward time: 0.24(0.24)  Batch time: 0.24(0.25)
2026-08-14 04:00:56,188   INFO  Train:    3/4 ( 75%) [42473/55563 ( 76%)]  Loss: 0.3504 (1.10)  LR: 9.748e-05  Time cost: 2:54:28/53:46 [5:52:28/4:42:00]  Acc_iter 153600      Data time: 0.00(0.00)  Forward time: 0.20(0.24)  Batch time: 0.20(0.25)
2026-08-14 04:00:56,558   INFO  a1e06a0b30c0                Fri Aug 14 04:00:56 2026  580.173.02
[0] NVIDIA GeForce RTX 3070 | 69°C,  95 % |  6825 /  8192 MB | root(6428M)

2026-08-14 04:01:08,585   INFO  Train:    3/4 ( 75%) [42523/55563 ( 77%)]  Loss: 0.8480 (1.10)  LR: 9.735e-05  Time cost: 2:54:40/53:33 [5:52:40/4:41:47]  Acc_iter 153650      Data time: 0.00(0.00)  Forward time: 0.21(0.24)  Batch time: 0.21(0.25)
2026-08-14 04:01:20,725   INFO  Train:    3/4 ( 75%) [42573/55563 ( 77%)]  Loss: 0.9486 (1.10)  LR: 9.723e-05  Time cost: 2:54:52/53:21 [5:52:52/4:41:35]  Acc_iter 153700      Data time: 0.00(0.00)  Forward time: 0.26(0.24)  Batch time: 0.26(0.25)
2026-08-14 04:01:28,301   INFO  Save latest model to /OpenPCDet/output/OpenPCDet/tools/cfgs/models/S/F/S_F_N/default/ckpt/latest_model
2026-08-14 04:01:33,216   INFO  Train:    3/4 ( 75%) [42623/55563 ( 77%)]  Loss: 1.038 (1.10)  LR: 9.710e-05  Time cost: 2:55:05/53:09 [5:53:05/4:41:23]  Acc_iter 153750      Data time: 0.00(0.00)  Forward time: 0.24(0.24)  Batch time: 0.25(0.25)
2026-08-14 04:01:33,652   INFO  a1e06a0b30c0                Fri Aug 14 04:01:33 2026  580.173.02
[0] NVIDIA GeForce RTX 3070 | 71°C,  99 % |  6826 /  8192 MB | root(6428M)

2026-08-14 04:01:46,277   INFO  Train:    3/4 ( 75%) [42673/55563 ( 77%)]  Loss: 1.179 (1.10)  LR: 9.698e-05  Time cost: 2:55:18/52:57 [5:53:18/4:41:12]  Acc_iter 153800      Data time: 0.00(0.00)  Forward time: 0.24(0.24)  Batch time: 0.24(0.25)
2026-08-14 04:01:58,336   INFO  Train:    3/4 ( 75%) [42723/55563 ( 77%)]  Loss: 1.124 (1.10)  LR: 9.685e-05  Time cost: 2:55:30/52:44 [5:53:30/4:40:59]  Acc_iter 153850      Data time: 0.00(0.00)  Forward time: 0.25(0.24)  Batch time: 0.25(0.25)
2026-08-14 04:02:10,630   INFO  Train:    3/4 ( 75%) [42773/55563 ( 77%)]  Loss: 0.6521 (1.10)  LR: 9.673e-05  Time cost: 2:55:42/52:32 [5:53:42/4:40:47]  Acc_iter 153900      Data time: 0.00(0.00)  Forward time: 0.21(0.24)  Batch time: 0.21(0.25)
2026-08-14 04:02:10,995   INFO  a1e06a0b30c0                Fri Aug 14 04:02:10 2026  580.173.02
[0] NVIDIA GeForce RTX 3070 | 68°C,   1 % |  6826 /  8192 MB | root(6428M)

2026-08-14 04:02:23,221   INFO  Train:    3/4 ( 75%) [42823/55563 ( 77%)]  Loss: 0.8064 (1.10)  LR: 9.661e-05  Time cost: 2:55:55/52:20 [5:53:55/4:40:35]  Acc_iter 153950      Data time: 0.00(0.00)  Forward time: 0.21(0.24)  Batch time: 0.21(0.25)
2026-08-14 04:02:35,741   INFO  Train:    3/4 ( 75%) [42873/55563 ( 77%)]  Loss: 1.134 (1.10)  LR: 9.648e-05  Time cost: 2:56:07/52:07 [5:54:07/4:40:23]  Acc_iter 154000      Data time: 0.00(0.00)  Forward time: 0.25(0.24)  Batch time: 0.25(0.25)
2026-08-14 04:02:47,819   INFO  Train:    3/4 ( 75%) [42923/55563 ( 77%)]  Loss: 2.580 (1.10)  LR: 9.636e-05  Time cost: 2:56:19/51:55 [5:54:19/4:40:10]  Acc_iter 154050      Data time: 0.00(0.00)  Forward time: 0.25(0.24)  Batch time: 0.25(0.25)
2026-08-14 04:02:48,174   INFO  a1e06a0b30c0                Fri Aug 14 04:02:48 2026  580.173.02
[0] NVIDIA GeForce RTX 3070 | 70°C,  96 % |  6825 /  8192 MB | root(6428M)

2026-08-14 04:03:00,387   INFO  Train:    3/4 ( 75%) [42973/55563 ( 77%)]  Loss: 0.8087 (1.10)  LR: 9.624e-05  Time cost: 2:56:32/51:43 [5:54:32/4:39:58]  Acc_iter 154100      Data time: 0.00(0.00)  Forward time: 0.25(0.24)  Batch time: 0.25(0.25)
2026-08-14 04:03:12,672   INFO  Train:    3/4 ( 75%) [43023/55563 ( 77%)]  Loss: 0.8806 (1.10)  LR: 9.611e-05  Time cost: 2:56:44/51:30 [5:54:44/4:39:46]  Acc_iter 154150      Data time: 0.00(0.00)  Forward time: 0.23(0.24)  Batch time: 0.24(0.25)
2026-08-14 04:03:24,978   INFO  Train:    3/4 ( 75%) [43073/55563 ( 78%)]  Loss: 0.3740 (1.10)  LR: 9.599e-05  Time cost: 2:56:56/51:18 [5:54:57/4:39:33]  Acc_iter 154200      Data time: 0.00(0.00)  Forward time: 0.22(0.24)  Batch time: 0.22(0.25)
2026-08-14 04:03:25,376   INFO  a1e06a0b30c0                Fri Aug 14 04:03:25 2026  580.173.02
[0] NVIDIA GeForce RTX 3070 | 71°C,  99 % |  6825 /  8192 MB | root(6428M)

2026-08-14 04:03:37,520   INFO  Train:    3/4 ( 75%) [43123/55563 ( 78%)]  Loss: 0.6328 (1.10)  LR: 9.586e-05  Time cost: 2:57:09/51:06 [5:55:09/4:39:21]  Acc_iter 154250      Data time: 0.00(0.00)  Forward time: 0.24(0.24)  Batch time: 0.24(0.25)
2026-08-14 04:03:49,643   INFO  Train:    3/4 ( 75%) [43173/55563 ( 78%)]  Loss: 0.9205 (1.10)  LR: 9.574e-05  Time cost: 2:57:21/50:53 [5:55:21/4:39:09]  Acc_iter 154300      Data time: 0.00(0.00)  Forward time: 0.25(0.24)  Batch time: 0.25(0.25)
2026-08-14 04:04:01,885   INFO  Train:    3/4 ( 75%) [43223/55563 ( 78%)]  Loss: 0.6187 (1.10)  LR: 9.562e-05  Time cost: 2:57:33/50:41 [5:55:34/4:38:56]  Acc_iter 154350      Data time: 0.00(0.00)  Forward time: 0.25(0.24)  Batch time: 0.25(0.25)
2026-08-14 04:04:02,278   INFO  a1e06a0b30c0                Fri Aug 14 04:04:02 2026  580.173.02
[0] NVIDIA GeForce RTX 3070 | 70°C,  65 % |  6825 /  8192 MB | root(6428M)

2026-08-14 04:04:14,543   INFO  Train:    3/4 ( 75%) [43273/55563 ( 78%)]  Loss: 0.7631 (1.10)  LR: 9.549e-05  Time cost: 2:57:46/50:29 [5:55:46/4:38:44]  Acc_iter 154400      Data time: 0.00(0.00)  Forward time: 0.23(0.24)  Batch time: 0.23(0.25)
2026-08-14 04:04:26,974   INFO  Train:    3/4 ( 75%) [43323/55563 ( 78%)]  Loss: 1.121 (1.10)  LR: 9.537e-05  Time cost: 2:57:58/50:17 [5:55:59/4:38:32]  Acc_iter 154450      Data time: 0.00(0.00)  Forward time: 0.24(0.24)  Batch time: 0.25(0.25)
2026-08-14 04:04:38,732   INFO  Train:    3/4 ( 75%) [43373/55563 ( 78%)]  Loss: 1.107 (1.10)  LR: 9.525e-05  Time cost: 2:58:10/50:04 [5:56:10/4:38:19]  Acc_iter 154500      Data time: 0.00(0.00)  Forward time: 0.19(0.24)  Batch time: 0.19(0.25)
2026-08-14 04:04:39,098   INFO  a1e06a0b30c0                Fri Aug 14 04:04:39 2026  580.173.02
[0] NVIDIA GeForce RTX 3070 | 71°C,  96 % |  6826 /  8192 MB | root(6428M)

2026-08-14 04:04:51,164   INFO  Train:    3/4 ( 75%) [43423/55563 ( 78%)]  Loss: 0.9261 (1.10)  LR: 9.512e-05  Time cost: 2:58:23/49:52 [5:56:23/4:38:07]  Acc_iter 154550      Data time: 0.00(0.00)  Forward time: 0.24(0.24)  Batch time: 0.24(0.25)
2026-08-14 04:05:03,572   INFO  Train:    3/4 ( 75%) [43473/55563 ( 78%)]  Loss: 1.098 (1.10)  LR: 9.500e-05  Time cost: 2:58:35/49:39 [5:56:35/4:37:55]  Acc_iter 154600      Data time: 0.00(0.00)  Forward time: 0.20(0.24)  Batch time: 0.21(0.25)
2026-08-14 04:05:16,293   INFO  Train:    3/4 ( 75%) [43523/55563 ( 78%)]  Loss: 1.677 (1.10)  LR: 9.488e-05  Time cost: 2:58:48/49:27 [5:56:48/4:37:43]  Acc_iter 154650      Data time: 0.00(0.00)  Forward time: 0.26(0.24)  Batch time: 0.26(0.25)
2026-08-14 04:05:16,669   INFO  a1e06a0b30c0                Fri Aug 14 04:05:16 2026  580.173.02
[0] NVIDIA GeForce RTX 3070 | 70°C,  96 % |  6826 /  8192 MB | root(6428M)

2026-08-14 04:05:28,758   INFO  Train:    3/4 ( 75%) [43573/55563 ( 78%)]  Loss: 0.9226 (1.10)  LR: 9.475e-05  Time cost: 2:59:00/49:15 [5:57:00/4:37:31]  Acc_iter 154700      Data time: 0.00(0.00)  Forward time: 0.22(0.24)  Batch time: 0.22(0.25)
2026-08-14 04:05:41,091   INFO  Train:    3/4 ( 75%) [43623/55563 ( 79%)]  Loss: 1.270 (1.10)  LR: 9.463e-05  Time cost: 2:59:13/49:03 [5:57:13/4:37:19]  Acc_iter 154750      Data time: 0.00(0.00)  Forward time: 0.24(0.24)  Batch time: 0.24(0.25)
2026-08-14 04:05:53,255   INFO  Train:    3/4 ( 75%) [43673/55563 ( 79%)]  Loss: 0.3630 (1.10)  LR: 9.451e-05  Time cost: 2:59:25/48:50 [5:57:25/4:37:06]  Acc_iter 154800      Data time: 0.00(0.00)  Forward time: 0.21(0.24)  Batch time: 0.21(0.25)
2026-08-14 04:05:53,620   INFO  a1e06a0b30c0                Fri Aug 14 04:05:53 2026  580.173.02
[0] NVIDIA GeForce RTX 3070 | 71°C,  93 % |  6825 /  8192 MB | root(6428M)

2026-08-14 04:06:05,971   INFO  Train:    3/4 ( 75%) [43723/55563 ( 79%)]  Loss: 1.226 (1.10)  LR: 9.438e-05  Time cost: 2:59:37/48:38 [5:57:38/4:36:54]  Acc_iter 154850      Data time: 0.00(0.00)  Forward time: 0.27(0.24)  Batch time: 0.27(0.25)
2026-08-14 04:06:18,030   INFO  Train:    3/4 ( 75%) [43773/55563 ( 79%)]  Loss: 0.5935 (1.10)  LR: 9.426e-05  Time cost: 2:59:49/48:26 [5:57:50/4:36:42]  Acc_iter 154900      Data time: 0.00(0.00)  Forward time: 0.27(0.24)  Batch time: 0.27(0.25)
2026-08-14 04:06:28,347   INFO  Save latest model to /OpenPCDet/output/OpenPCDet/tools/cfgs/models/S/F/S_F_N/default/ckpt/latest_model
2026-08-14 04:06:29,633   INFO  Train:    3/4 ( 75%) [43823/55563 ( 79%)]  Loss: 0.9305 (1.10)  LR: 9.414e-05  Time cost: 3:00:01/48:13 [5:58:01/4:36:28]  Acc_iter 154950      Data time: 0.00(0.00)  Forward time: 0.22(0.24)  Batch time: 0.22(0.25)
2026-08-14 04:06:30,036   INFO  a1e06a0b30c0                Fri Aug 14 04:06:30 2026  580.173.02
[0] NVIDIA GeForce RTX 3070 | 67°C,   0 % |  6825 /  8192 MB | root(6428M)

2026-08-14 04:06:42,491   INFO  Train:    3/4 ( 75%) [43873/55563 ( 79%)]  Loss: 1.710 (1.10)  LR: 9.402e-05  Time cost: 3:00:14/48:01 [5:58:14/4:36:17]  Acc_iter 155000      Data time: 0.00(0.00)  Forward time: 0.26(0.24)  Batch time: 0.26(0.25)
2026-08-14 04:06:54,831   INFO  Train:    3/4 ( 75%) [43923/55563 ( 79%)]  Loss: 0.7974 (1.10)  LR: 9.389e-05  Time cost: 3:00:26/47:49 [5:58:26/4:36:04]  Acc_iter 155050      Data time: 0.00(0.00)  Forward time: 0.25(0.24)  Batch time: 0.25(0.25)
2026-08-14 04:07:07,129   INFO  Train:    3/4 ( 75%) [43973/55563 ( 79%)]  Loss: 0.9493 (1.10)  LR: 9.377e-05  Time cost: 3:00:39/47:36 [5:58:39/4:35:52]  Acc_iter 155100      Data time: 0.00(0.00)  Forward time: 0.20(0.24)  Batch time: 0.20(0.25)
2026-08-14 04:07:07,499   INFO  a1e06a0b30c0                Fri Aug 14 04:07:07 2026  580.173.02
[0] NVIDIA GeForce RTX 3070 | 67°C,  67 % |  6825 /  8192 MB | root(6428M)

2026-08-14 04:07:19,686   INFO  Train:    3/4 ( 75%) [44023/55563 ( 79%)]  Loss: 2.537 (1.10)  LR: 9.365e-05  Time cost: 3:00:51/47:24 [5:58:51/4:35:40]  Acc_iter 155150      Data time: 0.00(0.00)  Forward time: 0.27(0.24)  Batch time: 0.27(0.25)
2026-08-14 04:07:31,913   INFO  Train:    3/4 ( 75%) [44073/55563 ( 79%)]  Loss: 0.8444 (1.10)  LR: 9.352e-05  Time cost: 3:01:03/47:12 [5:59:04/4:35:27]  Acc_iter 155200      Data time: 0.00(0.00)  Forward time: 0.24(0.24)  Batch time: 0.24(0.25)
2026-08-14 04:07:44,161   INFO  Train:    3/4 ( 75%) [44123/55563 ( 79%)]  Loss: 1.907 (1.10)  LR: 9.340e-05  Time cost: 3:01:16/46:59 [5:59:16/4:35:15]  Acc_iter 155250      Data time: 0.00(0.00)  Forward time: 0.24(0.24)  Batch time: 0.24(0.25)
2026-08-14 04:07:44,517   INFO  a1e06a0b30c0                Fri Aug 14 04:07:44 2026  580.173.02
[0] NVIDIA GeForce RTX 3070 | 65°C,  76 % |  6826 /  8192 MB | root(6428M)

2026-08-14 04:07:56,873   INFO  Train:    3/4 ( 75%) [44173/55563 ( 80%)]  Loss: 0.7731 (1.10)  LR: 9.328e-05  Time cost: 3:01:28/46:47 [5:59:28/4:35:03]  Acc_iter 155300      Data time: 0.00(0.00)  Forward time: 0.24(0.24)  Batch time: 0.24(0.25)
2026-08-14 04:08:09,298   INFO  Train:    3/4 ( 75%) [44223/55563 ( 80%)]  Loss: 1.015 (1.10)  LR: 9.316e-05  Time cost: 3:01:41/46:35 [5:59:41/4:34:51]  Acc_iter 155350      Data time: 0.00(0.00)  Forward time: 0.24(0.24)  Batch time: 0.24(0.25)
2026-08-14 04:08:21,414   INFO  Train:    3/4 ( 75%) [44273/55563 ( 80%)]  Loss: 1.004 (1.10)  LR: 9.303e-05  Time cost: 3:01:53/46:22 [5:59:53/4:34:38]  Acc_iter 155400      Data time: 0.00(0.00)  Forward time: 0.22(0.24)  Batch time: 0.22(0.25)
2026-08-14 04:08:21,778   INFO  a1e06a0b30c0                Fri Aug 14 04:08:21 2026  580.173.02
[0] NVIDIA GeForce RTX 3070 | 70°C,  86 % |  6826 /  8192 MB | root(6428M)

2026-08-14 04:08:34,116   INFO  Train:    3/4 ( 75%) [44323/55563 ( 80%)]  Loss: 1.274 (1.10)  LR: 9.291e-05  Time cost: 3:02:06/46:10 [6:00:06/4:34:27]  Acc_iter 155450      Data time: 0.00(0.00)  Forward time: 0.23(0.24)  Batch time: 0.23(0.25)
2026-08-14 04:08:46,395   INFO  Train:    3/4 ( 75%) [44373/55563 ( 80%)]  Loss: 1.155 (1.10)  LR: 9.279e-05  Time cost: 3:02:18/45:58 [6:00:18/4:34:14]  Acc_iter 155500      Data time: 0.00(0.00)  Forward time: 0.22(0.24)  Batch time: 0.22(0.25)
2026-08-14 04:08:58,988   INFO  Train:    3/4 ( 75%) [44423/55563 ( 80%)]  Loss: 0.6165 (1.10)  LR: 9.267e-05  Time cost: 3:02:30/45:46 [6:00:31/4:34:02]  Acc_iter 155550      Data time: 0.00(0.00)  Forward time: 0.22(0.24)  Batch time: 0.22(0.25)
2026-08-14 04:08:59,352   INFO  a1e06a0b30c0                Fri Aug 14 04:08:59 2026  580.173.02
[0] NVIDIA GeForce RTX 3070 | 71°C, 100 % |  6825 /  8192 MB | root(6428M)

2026-08-14 04:09:11,747   INFO  Train:    3/4 ( 75%) [44473/55563 ( 80%)]  Loss: 1.122 (1.10)  LR: 9.254e-05  Time cost: 3:02:43/45:33 [6:00:43/4:33:51]  Acc_iter 155600      Data time: 0.00(0.00)  Forward time: 0.25(0.24)  Batch time: 0.25(0.25)
2026-08-14 04:09:23,777   INFO  Train:    3/4 ( 75%) [44523/55563 ( 80%)]  Loss: 0.7280 (1.10)  LR: 9.242e-05  Time cost: 3:02:55/45:21 [6:00:55/4:33:38]  Acc_iter 155650      Data time: 0.00(0.00)  Forward time: 0.26(0.24)  Batch time: 0.26(0.25)
2026-08-14 04:09:35,818   INFO  Train:    3/4 ( 75%) [44573/55563 ( 80%)]  Loss: 1.427 (1.10)  LR: 9.230e-05  Time cost: 3:03:07/45:09 [6:01:07/4:33:25]  Acc_iter 155700      Data time: 0.00(0.00)  Forward time: 0.26(0.24)  Batch time: 0.26(0.25)
2026-08-14 04:09:36,223   INFO  a1e06a0b30c0                Fri Aug 14 04:09:36 2026  580.173.02
[0] NVIDIA GeForce RTX 3070 | 70°C,  94 % |  6825 /  8192 MB | root(6428M)

2026-08-14 04:09:48,587   INFO  Train:    3/4 ( 75%) [44623/55563 ( 80%)]  Loss: 0.9132 (1.10)  LR: 9.218e-05  Time cost: 3:03:20/44:56 [6:01:20/4:33:14]  Acc_iter 155750      Data time: 0.00(0.00)  Forward time: 0.27(0.24)  Batch time: 0.27(0.25)
2026-08-14 04:10:00,636   INFO  Train:    3/4 ( 75%) [44673/55563 ( 80%)]  Loss: 1.047 (1.10)  LR: 9.205e-05  Time cost: 3:03:32/44:44 [6:01:32/4:33:01]  Acc_iter 155800      Data time: 0.00(0.00)  Forward time: 0.25(0.24)  Batch time: 0.25(0.25)
2026-08-14 04:10:12,896   INFO  Train:    3/4 ( 75%) [44723/55563 ( 80%)]  Loss: 0.5491 (1.10)  LR: 9.193e-05  Time cost: 3:03:44/44:32 [6:01:45/4:32:48]  Acc_iter 155850      Data time: 0.00(0.00)  Forward time: 0.25(0.24)  Batch time: 0.25(0.25)
2026-08-14 04:10:13,260   INFO  a1e06a0b30c0                Fri Aug 14 04:10:13 2026  580.173.02
[0] NVIDIA GeForce RTX 3070 | 70°C,  73 % |  6826 /  8192 MB | root(6428M)

2026-08-14 04:10:25,268   INFO  Train:    3/4 ( 75%) [44773/55563 ( 81%)]  Loss: 0.8956 (1.10)  LR: 9.181e-05  Time cost: 3:03:57/44:19 [6:01:57/4:32:36]  Acc_iter 155900      Data time: 0.00(0.00)  Forward time: 0.22(0.24)  Batch time: 0.22(0.25)
2026-08-14 04:10:37,643   INFO  Train:    3/4 ( 75%) [44823/55563 ( 81%)]  Loss: 1.606 (1.10)  LR: 9.169e-05  Time cost: 3:04:09/44:07 [6:02:09/4:32:24]  Acc_iter 155950      Data time: 0.00(0.00)  Forward time: 0.21(0.24)  Batch time: 0.21(0.25)
2026-08-14 04:10:49,691   INFO  Train:    3/4 ( 75%) [44873/55563 ( 81%)]  Loss: 0.6240 (1.10)  LR: 9.157e-05  Time cost: 3:04:21/43:55 [6:02:21/4:32:11]  Acc_iter 156000      Data time: 0.00(0.00)  Forward time: 0.21(0.24)  Batch time: 0.21(0.25)
2026-08-14 04:10:50,074   INFO  a1e06a0b30c0                Fri Aug 14 04:10:50 2026  580.173.02
[0] NVIDIA GeForce RTX 3070 | 70°C,   1 % |  6826 /  8192 MB | root(6428M)

2026-08-14 04:11:02,059   INFO  Train:    3/4 ( 75%) [44923/55563 ( 81%)]  Loss: 0.9186 (1.10)  LR: 9.144e-05  Time cost: 3:04:33/43:42 [6:02:34/4:31:59]  Acc_iter 156050      Data time: 0.00(0.00)  Forward time: 0.23(0.24)  Batch time: 0.23(0.25)
2026-08-14 04:11:14,108   INFO  Train:    3/4 ( 75%) [44973/55563 ( 81%)]  Loss: 0.9812 (1.10)  LR: 9.132e-05  Time cost: 3:04:46/43:30 [6:02:46/4:31:46]  Acc_iter 156100      Data time: 0.00(0.00)  Forward time: 0.22(0.24)  Batch time: 0.22(0.25)
2026-08-14 04:11:26,181   INFO  Train:    3/4 ( 75%) [45023/55563 ( 81%)]  Loss: 0.6137 (1.10)  LR: 9.120e-05  Time cost: 3:04:58/43:18 [6:02:58/4:31:33]  Acc_iter 156150      Data time: 0.00(0.00)  Forward time: 0.25(0.24)  Batch time: 0.25(0.25)
2026-08-14 04:11:26,581   INFO  a1e06a0b30c0                Fri Aug 14 04:11:26 2026  580.173.02
[0] NVIDIA GeForce RTX 3070 | 69°C,  78 % |  6826 /  8192 MB | root(6428M)

2026-08-14 04:11:28,234   INFO  Save latest model to /OpenPCDet/output/OpenPCDet/tools/cfgs/models/S/F/S_F_N/default/ckpt/latest_model
2026-08-14 04:11:38,789   INFO  Train:    3/4 ( 75%) [45073/55563 ( 81%)]  Loss: 0.9774 (1.10)  LR: 9.108e-05  Time cost: 3:05:10/43:05 [6:03:10/4:31:22]  Acc_iter 156200      Data time: 0.00(0.00)  Forward time: 0.23(0.24)  Batch time: 0.23(0.25)
2026-08-14 04:11:50,677   INFO  Train:    3/4 ( 75%) [45123/55563 ( 81%)]  Loss: 1.553 (1.10)  LR: 9.096e-05  Time cost: 3:05:22/42:53 [6:03:22/4:31:09]  Acc_iter 156250      Data time: 0.00(0.00)  Forward time: 0.29(0.24)  Batch time: 0.30(0.25)
2026-08-14 04:12:02,908   INFO  Train:    3/4 ( 75%) [45173/55563 ( 81%)]  Loss: 0.7875 (1.10)  LR: 9.083e-05  Time cost: 3:05:34/42:41 [6:03:35/4:30:56]  Acc_iter 156300      Data time: 0.00(0.00)  Forward time: 0.26(0.24)  Batch time: 0.26(0.25)
2026-08-14 04:12:03,279   INFO  a1e06a0b30c0                Fri Aug 14 04:12:03 2026  580.173.02
[0] NVIDIA GeForce RTX 3070 | 70°C,  80 % |  6826 /  8192 MB | root(6428M)

2026-08-14 04:12:15,567   INFO  Train:    3/4 ( 75%) [45223/55563 ( 81%)]  Loss: 0.9442 (1.10)  LR: 9.071e-05  Time cost: 3:05:47/42:28 [6:03:47/4:30:44]  Acc_iter 156350      Data time: 0.00(0.00)  Forward time: 0.27(0.24)  Batch time: 0.27(0.25)
2026-08-14 04:12:27,942   INFO  Train:    3/4 ( 75%) [45273/55563 ( 81%)]  Loss: 0.5265 (1.10)  LR: 9.059e-05  Time cost: 3:05:59/42:16 [6:04:00/4:30:32]  Acc_iter 156400      Data time: 0.00(0.00)  Forward time: 0.23(0.24)  Batch time: 0.23(0.25)
2026-08-14 04:12:39,938   INFO  Train:    3/4 ( 75%) [45323/55563 ( 82%)]  Loss: 0.9168 (1.10)  LR: 9.047e-05  Time cost: 3:06:11/42:04 [6:04:12/4:30:19]  Acc_iter 156450      Data time: 0.00(0.00)  Forward time: 0.25(0.24)  Batch time: 0.25(0.25)
2026-08-14 04:12:40,300   INFO  a1e06a0b30c0                Fri Aug 14 04:12:40 2026  580.173.02
[0] NVIDIA GeForce RTX 3070 | 70°C,  75 % |  6826 /  8192 MB | root(6428M)

2026-08-14 04:12:52,562   INFO  Train:    3/4 ( 75%) [45373/55563 ( 82%)]  Loss: 0.8515 (1.10)  LR: 9.035e-05  Time cost: 3:06:24/41:51 [6:04:24/4:30:07]  Acc_iter 156500      Data time: 0.00(0.00)  Forward time: 0.28(0.24)  Batch time: 0.28(0.25)
2026-08-14 04:13:04,835   INFO  Train:    3/4 ( 75%) [45423/55563 ( 82%)]  Loss: 0.7924 (1.10)  LR: 9.023e-05  Time cost: 3:06:36/41:39 [6:04:36/4:29:55]  Acc_iter 156550      Data time: 0.00(0.00)  Forward time: 0.22(0.24)  Batch time: 0.22(0.25)
2026-08-14 04:13:17,298   INFO  Train:    3/4 ( 75%) [45473/55563 ( 82%)]  Loss: 0.6160 (1.10)  LR: 9.010e-05  Time cost: 3:06:49/41:27 [6:04:49/4:29:43]  Acc_iter 156600      Data time: 0.00(0.00)  Forward time: 0.24(0.24)  Batch time: 0.24(0.25)
2026-08-14 04:13:17,663   INFO  a1e06a0b30c0                Fri Aug 14 04:13:17 2026  580.173.02
[0] NVIDIA GeForce RTX 3070 | 71°C,  97 % |  6826 /  8192 MB | root(6428M)

2026-08-14 04:13:29,818   INFO  Train:    3/4 ( 75%) [45523/55563 ( 82%)]  Loss: 1.387 (1.10)  LR: 8.998e-05  Time cost: 3:07:01/41:14 [6:05:01/4:29:31]  Acc_iter 156650      Data time: 0.00(0.00)  Forward time: 0.24(0.24)  Batch time: 0.24(0.25)
2026-08-14 04:13:41,901   INFO  Train:    3/4 ( 75%) [45573/55563 ( 82%)]  Loss: 1.259 (1.10)  LR: 8.986e-05  Time cost: 3:07:13/41:02 [6:05:14/4:29:18]  Acc_iter 156700      Data time: 0.00(0.00)  Forward time: 0.25(0.24)  Batch time: 0.26(0.25)
2026-08-14 04:13:54,129   INFO  Train:    3/4 ( 75%) [45623/55563 ( 82%)]  Loss: 1.306 (1.10)  LR: 8.974e-05  Time cost: 3:07:26/40:50 [6:05:26/4:29:06]  Acc_iter 156750      Data time: 0.00(0.00)  Forward time: 0.25(0.24)  Batch time: 0.25(0.25)
2026-08-14 04:13:54,490   INFO  a1e06a0b30c0                Fri Aug 14 04:13:54 2026  580.173.02
[0] NVIDIA GeForce RTX 3070 | 64°C,  69 % |  6827 /  8192 MB | root(6428M)

2026-08-14 04:14:07,027   INFO  Train:    3/4 ( 75%) [45673/55563 ( 82%)]  Loss: 1.193 (1.10)  LR: 8.962e-05  Time cost: 3:07:38/40:37 [6:05:39/4:28:54]  Acc_iter 156800      Data time: 0.00(0.00)  Forward time: 0.24(0.24)  Batch time: 0.24(0.25)
2026-08-14 04:14:19,535   INFO  Train:    3/4 ( 75%) [45723/55563 ( 82%)]  Loss: 0.7886 (1.10)  LR: 8.950e-05  Time cost: 3:07:51/40:25 [6:05:51/4:28:42]  Acc_iter 156850      Data time: 0.00(0.00)  Forward time: 0.26(0.24)  Batch time: 0.26(0.25)
2026-08-14 04:14:31,886   INFO  Train:    3/4 ( 75%) [45773/55563 ( 82%)]  Loss: 2.086 (1.10)  LR: 8.938e-05  Time cost: 3:08:03/40:13 [6:06:04/4:28:30]  Acc_iter 156900      Data time: 0.00(0.00)  Forward time: 0.24(0.24)  Batch time: 0.25(0.25)
2026-08-14 04:14:32,253   INFO  a1e06a0b30c0                Fri Aug 14 04:14:32 2026  580.173.02
[0] NVIDIA GeForce RTX 3070 | 70°C,  73 % |  6826 /  8192 MB | root(6428M)

2026-08-14 04:14:44,256   INFO  Train:    3/4 ( 75%) [45823/55563 ( 82%)]  Loss: 0.6436 (1.10)  LR: 8.926e-05  Time cost: 3:08:16/40:01 [6:06:16/4:28:18]  Acc_iter 156950      Data time: 0.00(0.00)  Forward time: 0.22(0.24)  Batch time: 0.22(0.25)
2026-08-14 04:14:56,332   INFO  Train:    3/4 ( 75%) [45873/55563 ( 83%)]  Loss: 1.666 (1.10)  LR: 8.913e-05  Time cost: 3:08:28/39:48 [6:06:28/4:28:05]  Acc_iter 157000      Data time: 0.00(0.00)  Forward time: 0.26(0.24)  Batch time: 0.26(0.25)
2026-08-14 04:15:08,794   INFO  Train:    3/4 ( 75%) [45923/55563 ( 83%)]  Loss: 0.7848 (1.10)  LR: 8.901e-05  Time cost: 3:08:40/39:36 [6:06:40/4:27:53]  Acc_iter 157050      Data time: 0.00(0.00)  Forward time: 0.26(0.24)  Batch time: 0.26(0.25)
2026-08-14 04:15:09,151   INFO  a1e06a0b30c0                Fri Aug 14 04:15:09 2026  580.173.02
[0] NVIDIA GeForce RTX 3070 | 71°C,  73 % |  6826 /  8192 MB | root(6428M)

2026-08-14 04:15:21,505   INFO  Train:    3/4 ( 75%) [45973/55563 ( 83%)]  Loss: 1.694 (1.10)  LR: 8.889e-05  Time cost: 3:08:53/39:24 [6:06:53/4:27:41]  Acc_iter 157100      Data time: 0.00(0.00)  Forward time: 0.26(0.24)  Batch time: 0.27(0.25)
2026-08-14 04:15:33,594   INFO  Train:    3/4 ( 75%) [46023/55563 ( 83%)]  Loss: 1.196 (1.10)  LR: 8.877e-05  Time cost: 3:09:05/39:11 [6:07:05/4:27:28]  Acc_iter 157150      Data time: 0.00(0.00)  Forward time: 0.23(0.24)  Batch time: 0.23(0.25)
2026-08-14 04:15:46,116   INFO  Train:    3/4 ( 75%) [46073/55563 ( 83%)]  Loss: 0.5990 (1.10)  LR: 8.865e-05  Time cost: 3:09:18/38:59 [6:07:18/4:27:16]  Acc_iter 157200      Data time: 0.00(0.00)  Forward time: 0.23(0.24)  Batch time: 0.23(0.25)
2026-08-14 04:15:46,519   INFO  a1e06a0b30c0                Fri Aug 14 04:15:46 2026  580.173.02
[0] NVIDIA GeForce RTX 3070 | 65°C,  93 % |  6826 /  8192 MB | root(6428M)

2026-08-14 04:15:58,848   INFO  Train:    3/4 ( 75%) [46123/55563 ( 83%)]  Loss: 0.6774 (1.10)  LR: 8.853e-05  Time cost: 3:09:30/38:47 [6:07:30/4:27:04]  Acc_iter 157250      Data time: 0.00(0.00)  Forward time: 0.25(0.24)  Batch time: 0.25(0.25)
2026-08-14 04:16:11,112   INFO  Train:    3/4 ( 75%) [46173/55563 ( 83%)]  Loss: 0.9800 (1.10)  LR: 8.841e-05  Time cost: 3:09:43/38:34 [6:07:43/4:26:52]  Acc_iter 157300      Data time: 0.00(0.00)  Forward time: 0.20(0.24)  Batch time: 0.20(0.25)
2026-08-14 04:16:23,244   INFO  Train:    3/4 ( 75%) [46223/55563 ( 83%)]  Loss: 0.8886 (1.10)  LR: 8.829e-05  Time cost: 3:09:55/38:22 [6:07:55/4:26:39]  Acc_iter 157350      Data time: 0.00(0.00)  Forward time: 0.20(0.24)  Batch time: 0.21(0.25)
2026-08-14 04:16:23,649   INFO  a1e06a0b30c0                Fri Aug 14 04:16:23 2026  580.173.02
[0] NVIDIA GeForce RTX 3070 | 66°C,  95 % |  6827 /  8192 MB | root(6428M)

2026-08-14 04:16:28,273   INFO  Save latest model to /OpenPCDet/output/OpenPCDet/tools/cfgs/models/S/F/S_F_N/default/ckpt/latest_model
2026-08-14 04:16:36,119   INFO  Train:    3/4 ( 75%) [46273/55563 ( 83%)]  Loss: 0.7240 (1.10)  LR: 8.817e-05  Time cost: 3:10:08/38:10 [6:08:08/4:26:28]  Acc_iter 157400      Data time: 0.00(0.00)  Forward time: 0.25(0.24)  Batch time: 0.26(0.25)
2026-08-14 04:16:48,358   INFO  Train:    3/4 ( 75%) [46323/55563 ( 83%)]  Loss: 0.7659 (1.10)  LR: 8.805e-05  Time cost: 3:10:20/37:57 [6:08:20/4:26:15]  Acc_iter 157450      Data time: 0.00(0.00)  Forward time: 0.27(0.24)  Batch time: 0.27(0.25)
2026-08-14 04:17:00,520   INFO  Train:    3/4 ( 75%) [46373/55563 ( 83%)]  Loss: 1.085 (1.10)  LR: 8.793e-05  Time cost: 3:10:32/37:45 [6:08:32/4:26:03]  Acc_iter 157500      Data time: 0.00(0.00)  Forward time: 0.21(0.24)  Batch time: 0.21(0.25)
2026-08-14 04:17:00,890   INFO  a1e06a0b30c0                Fri Aug 14 04:17:00 2026  580.173.02
[0] NVIDIA GeForce RTX 3070 | 71°C,  94 % |  6826 /  8192 MB | root(6428M)

2026-08-14 04:17:12,981   INFO  Train:    3/4 ( 75%) [46423/55563 ( 84%)]  Loss: 1.051 (1.10)  LR: 8.780e-05  Time cost: 3:10:44/37:33 [6:08:45/4:25:51]  Acc_iter 157550      Data time: 0.00(0.00)  Forward time: 0.22(0.24)  Batch time: 0.22(0.25)
2026-08-14 04:17:25,336   INFO  Train:    3/4 ( 75%) [46473/55563 ( 84%)]  Loss: 0.5751 (1.10)  LR: 8.768e-05  Time cost: 3:10:57/37:20 [6:08:57/4:25:38]  Acc_iter 157600      Data time: 0.00(0.00)  Forward time: 0.24(0.24)  Batch time: 0.24(0.25)
2026-08-14 04:17:37,856   INFO  Train:    3/4 ( 75%) [46523/55563 ( 84%)]  Loss: 0.7584 (1.10)  LR: 8.756e-05  Time cost: 3:11:09/37:08 [6:09:09/4:25:26]  Acc_iter 157650      Data time: 0.00(0.00)  Forward time: 0.27(0.24)  Batch time: 0.27(0.25)
2026-08-14 04:17:38,267   INFO  a1e06a0b30c0                Fri Aug 14 04:17:38 2026  580.173.02
[0] NVIDIA GeForce RTX 3070 | 71°C,  96 % |  6826 /  8192 MB | root(6428M)

2026-08-14 04:17:50,901   INFO  Train:    3/4 ( 75%) [46573/55563 ( 84%)]  Loss: 1.046 (1.10)  LR: 8.744e-05  Time cost: 3:11:22/36:56 [6:09:23/4:25:15]  Acc_iter 157700      Data time: 0.00(0.00)  Forward time: 0.25(0.24)  Batch time: 0.25(0.25)
2026-08-14 04:18:03,109   INFO  Train:    3/4 ( 75%) [46623/55563 ( 84%)]  Loss: 0.6542 (1.10)  LR: 8.732e-05  Time cost: 3:11:35/36:44 [6:09:35/4:25:03]  Acc_iter 157750      Data time: 0.00(0.00)  Forward time: 0.24(0.24)  Batch time: 0.24(0.25)
2026-08-14 04:18:15,386   INFO  Train:    3/4 ( 75%) [46673/55563 ( 84%)]  Loss: 0.9989 (1.10)  LR: 8.720e-05  Time cost: 3:11:47/36:31 [6:09:47/4:24:50]  Acc_iter 157800      Data time: 0.00(0.00)  Forward time: 0.23(0.24)  Batch time: 0.23(0.25)
2026-08-14 04:18:15,794   INFO  a1e06a0b30c0                Fri Aug 14 04:18:15 2026  580.173.02
[0] NVIDIA GeForce RTX 3070 | 69°C,  68 % |  6826 /  8192 MB | root(6428M)

2026-08-14 04:18:27,916   INFO  Train:    3/4 ( 75%) [46723/55563 ( 84%)]  Loss: 1.521 (1.10)  LR: 8.708e-05  Time cost: 3:11:59/36:19 [6:10:00/4:24:38]  Acc_iter 157850      Data time: 0.00(0.00)  Forward time: 0.23(0.24)  Batch time: 0.23(0.25)
2026-08-14 04:18:40,534   INFO  Train:    3/4 ( 75%) [46773/55563 ( 84%)]  Loss: 0.9530 (1.10)  LR: 8.696e-05  Time cost: 3:12:12/36:07 [6:10:12/4:24:26]  Acc_iter 157900      Data time: 0.00(0.00)  Forward time: 0.21(0.24)  Batch time: 0.21(0.25)
2026-08-14 04:18:52,908   INFO  Train:    3/4 ( 75%) [46823/55563 ( 84%)]  Loss: 1.008 (1.10)  LR: 8.684e-05  Time cost: 3:12:24/35:54 [6:10:25/4:24:14]  Acc_iter 157950      Data time: 0.00(0.00)  Forward time: 0.27(0.24)  Batch time: 0.28(0.25)
2026-08-14 04:18:53,274   INFO  a1e06a0b30c0                Fri Aug 14 04:18:53 2026  580.173.02
[0] NVIDIA GeForce RTX 3070 | 69°C,  80 % |  6827 /  8192 MB | root(6428M)

2026-08-14 04:19:05,731   INFO  Train:    3/4 ( 75%) [46873/55563 ( 84%)]  Loss: 0.7992 (1.10)  LR: 8.672e-05  Time cost: 3:12:37/35:42 [6:10:37/4:24:02]  Acc_iter 158000      Data time: 0.00(0.00)  Forward time: 0.29(0.24)  Batch time: 0.29(0.25)
2026-08-14 04:19:17,893   INFO  Train:    3/4 ( 75%) [46923/55563 ( 84%)]  Loss: 0.9002 (1.10)  LR: 8.660e-05  Time cost: 3:12:49/35:30 [6:10:50/4:23:50]  Acc_iter 158050      Data time: 0.00(0.00)  Forward time: 0.24(0.24)  Batch time: 0.25(0.25)
2026-08-14 04:19:30,451   INFO  Train:    3/4 ( 75%) [46973/55563 ( 85%)]  Loss: 0.6217 (1.10)  LR: 8.648e-05  Time cost: 3:13:02/35:18 [6:11:02/4:23:38]  Acc_iter 158100      Data time: 0.00(0.00)  Forward time: 0.28(0.24)  Batch time: 0.28(0.25)
2026-08-14 04:19:30,840   INFO  a1e06a0b30c0                Fri Aug 14 04:19:30 2026  580.173.02
[0] NVIDIA GeForce RTX 3070 | 68°C,  79 % |  6825 /  8192 MB | root(6428M)

2026-08-14 04:19:42,969   INFO  Train:    3/4 ( 75%) [47023/55563 ( 85%)]  Loss: 1.063 (1.10)  LR: 8.636e-05  Time cost: 3:13:14/35:05 [6:11:15/4:23:26]  Acc_iter 158150      Data time: 0.00(0.00)  Forward time: 0.28(0.24)  Batch time: 0.28(0.25)
2026-08-14 04:19:55,094   INFO  Train:    3/4 ( 75%) [47073/55563 ( 85%)]  Loss: 0.9661 (1.10)  LR: 8.624e-05  Time cost: 3:13:27/34:53 [6:11:27/4:23:13]  Acc_iter 158200      Data time: 0.00(0.00)  Forward time: 0.25(0.24)  Batch time: 0.25(0.25)
2026-08-14 04:20:07,344   INFO  Train:    3/4 ( 75%) [47123/55563 ( 85%)]  Loss: 1.241 (1.10)  LR: 8.612e-05  Time cost: 3:13:39/34:41 [6:11:39/4:23:01]  Acc_iter 158250      Data time: 0.00(0.00)  Forward time: 0.26(0.24)  Batch time: 0.26(0.25)
2026-08-14 04:20:07,703   INFO  a1e06a0b30c0                Fri Aug 14 04:20:07 2026  580.173.02
[0] NVIDIA GeForce RTX 3070 | 70°C,  89 % |  6825 /  8192 MB | root(6428M)

2026-08-14 04:20:20,087   INFO  Train:    3/4 ( 75%) [47173/55563 ( 85%)]  Loss: 0.9938 (1.10)  LR: 8.600e-05  Time cost: 3:13:52/34:28 [6:11:52/4:22:49]  Acc_iter 158300      Data time: 0.00(0.00)  Forward time: 0.26(0.24)  Batch time: 0.26(0.25)
2026-08-14 04:20:32,614   INFO  Train:    3/4 ( 75%) [47223/55563 ( 85%)]  Loss: 0.6179 (1.10)  LR: 8.588e-05  Time cost: 3:14:04/34:16 [6:12:04/4:22:37]  Acc_iter 158350      Data time: 0.00(0.00)  Forward time: 0.25(0.24)  Batch time: 0.25(0.25)
2026-08-14 04:20:44,745   INFO  Train:    3/4 ( 75%) [47273/55563 ( 85%)]  Loss: 0.4220 (1.10)  LR: 8.576e-05  Time cost: 3:14:16/34:04 [6:12:16/4:22:24]  Acc_iter 158400      Data time: 0.00(0.00)  Forward time: 0.24(0.24)  Batch time: 0.24(0.25)
2026-08-14 04:20:45,115   INFO  a1e06a0b30c0                Fri Aug 14 04:20:45 2026  580.173.02
[0] NVIDIA GeForce RTX 3070 | 66°C,  31 % |  6826 /  8192 MB | root(6428M)

2026-08-14 04:20:57,274   INFO  Train:    3/4 ( 75%) [47323/55563 ( 85%)]  Loss: 1.175 (1.10)  LR: 8.564e-05  Time cost: 3:14:29/33:51 [6:12:29/4:22:12]  Acc_iter 158450      Data time: 0.00(0.00)  Forward time: 0.23(0.24)  Batch time: 0.23(0.25)
2026-08-14 04:21:09,418   INFO  Train:    3/4 ( 75%) [47373/55563 ( 85%)]  Loss: 2.167 (1.10)  LR: 8.552e-05  Time cost: 3:14:41/33:39 [6:12:41/4:22:00]  Acc_iter 158500      Data time: 0.00(0.00)  Forward time: 0.22(0.24)  Batch time: 0.22(0.25)
2026-08-14 04:21:21,605   INFO  Train:    3/4 ( 75%) [47423/55563 ( 85%)]  Loss: 0.8157 (1.10)  LR: 8.540e-05  Time cost: 3:14:53/33:27 [6:12:53/4:21:47]  Acc_iter 158550      Data time: 0.00(0.00)  Forward time: 0.24(0.24)  Batch time: 0.24(0.25)
2026-08-14 04:21:21,981   INFO  a1e06a0b30c0                Fri Aug 14 04:21:21 2026  580.173.02
[0] NVIDIA GeForce RTX 3070 | 63°C,   0 % |  6826 /  8192 MB | root(6428M)

2026-08-14 04:21:28,340   INFO  Save latest model to /OpenPCDet/output/OpenPCDet/tools/cfgs/models/S/F/S_F_N/default/ckpt/latest_model
2026-08-14 04:21:34,262   INFO  Train:    3/4 ( 75%) [47473/55563 ( 85%)]  Loss: 1.047 (1.10)  LR: 8.528e-05  Time cost: 3:15:06/33:14 [6:13:06/4:21:35]  Acc_iter 158600      Data time: 0.00(0.00)  Forward time: 0.24(0.24)  Batch time: 0.24(0.25)
2026-08-14 04:21:46,618   INFO  Train:    3/4 ( 75%) [47523/55563 ( 86%)]  Loss: 1.127 (1.10)  LR: 8.516e-05  Time cost: 3:15:18/33:02 [6:13:18/4:21:23]  Acc_iter 158650      Data time: 0.00(0.00)  Forward time: 0.26(0.24)  Batch time: 0.26(0.25)
2026-08-14 04:21:58,743   INFO  Train:    3/4 ( 75%) [47573/55563 ( 86%)]  Loss: 0.9521 (1.10)  LR: 8.504e-05  Time cost: 3:15:30/32:50 [6:13:30/4:21:10]  Acc_iter 158700      Data time: 0.00(0.00)  Forward time: 0.28(0.24)  Batch time: 0.28(0.25)
2026-08-14 04:21:59,155   INFO  a1e06a0b30c0                Fri Aug 14 04:21:59 2026  580.173.02
[0] NVIDIA GeForce RTX 3070 | 67°C,  49 % |  6825 /  8192 MB | root(6428M)

2026-08-14 04:22:11,359   INFO  Train:    3/4 ( 75%) [47623/55563 ( 86%)]  Loss: 1.458 (1.10)  LR: 8.493e-05  Time cost: 3:15:43/32:37 [6:13:43/4:20:58]  Acc_iter 158750      Data time: 0.00(0.00)  Forward time: 0.28(0.24)  Batch time: 0.28(0.25)
2026-08-14 04:22:23,397   INFO  Train:    3/4 ( 75%) [47673/55563 ( 86%)]  Loss: 0.7350 (1.10)  LR: 8.481e-05  Time cost: 3:15:55/32:25 [6:13:55/4:20:46]  Acc_iter 158800      Data time: 0.00(0.00)  Forward time: 0.24(0.24)  Batch time: 0.24(0.25)
2026-08-14 04:22:35,628   INFO  Train:    3/4 ( 75%) [47723/55563 ( 86%)]  Loss: 1.540 (1.10)  LR: 8.469e-05  Time cost: 3:16:07/32:13 [6:14:07/4:20:33]  Acc_iter 158850      Data time: 0.00(0.00)  Forward time: 0.23(0.24)  Batch time: 0.23(0.25)
2026-08-14 04:22:35,992   INFO  a1e06a0b30c0                Fri Aug 14 04:22:35 2026  580.173.02
[0] NVIDIA GeForce RTX 3070 | 64°C,   0 % |  6825 /  8192 MB | root(6428M)

2026-08-14 04:22:48,166   INFO  Train:    3/4 ( 75%) [47773/55563 ( 86%)]  Loss: 1.108 (1.10)  LR: 8.457e-05  Time cost: 3:16:20/32:00 [6:14:20/4:20:21]  Acc_iter 158900      Data time: 0.00(0.00)  Forward time: 0.25(0.24)  Batch time: 0.25(0.25)
2026-08-14 04:23:00,426   INFO  Train:    3/4 ( 75%) [47823/55563 ( 86%)]  Loss: 0.8457 (1.10)  LR: 8.445e-05  Time cost: 3:16:32/31:48 [6:14:32/4:20:09]  Acc_iter 158950      Data time: 0.00(0.00)  Forward time: 0.26(0.24)  Batch time: 0.26(0.25)
2026-08-14 04:23:13,015   INFO  Train:    3/4 ( 75%) [47873/55563 ( 86%)]  Loss: 0.6491 (1.10)  LR: 8.433e-05  Time cost: 3:16:44/31:36 [6:14:45/4:19:57]  Acc_iter 159000      Data time: 0.00(0.00)  Forward time: 0.25(0.24)  Batch time: 0.25(0.25)
2026-08-14 04:23:13,381   INFO  a1e06a0b30c0                Fri Aug 14 04:23:13 2026  580.173.02
[0] NVIDIA GeForce RTX 3070 | 70°C,  95 % |  6825 /  8192 MB | root(6428M)

2026-08-14 04:23:25,361   INFO  Train:    3/4 ( 75%) [47923/55563 ( 86%)]  Loss: 1.336 (1.10)  LR: 8.421e-05  Time cost: 3:16:57/31:23 [6:14:57/4:19:44]  Acc_iter 159050      Data time: 0.00(0.00)  Forward time: 0.24(0.24)  Batch time: 0.24(0.25)
2026-08-14 04:23:37,354   INFO  Train:    3/4 ( 75%) [47973/55563 ( 86%)]  Loss: 1.061 (1.10)  LR: 8.409e-05  Time cost: 3:17:09/31:11 [6:15:09/4:19:32]  Acc_iter 159100      Data time: 0.00(0.00)  Forward time: 0.24(0.24)  Batch time: 0.25(0.25)
2026-08-14 04:23:49,997   INFO  Train:    3/4 ( 75%) [48023/55563 ( 86%)]  Loss: 1.269 (1.10)  LR: 8.397e-05  Time cost: 3:17:21/30:59 [6:15:22/4:19:20]  Acc_iter 159150      Data time: 0.00(0.00)  Forward time: 0.25(0.24)  Batch time: 0.25(0.25)
2026-08-14 04:23:50,403   INFO  a1e06a0b30c0                Fri Aug 14 04:23:50 2026  580.173.02
[0] NVIDIA GeForce RTX 3070 | 69°C,  77 % |  6826 /  8192 MB | root(6428M)

2026-08-14 04:24:02,868   INFO  Train:    3/4 ( 75%) [48073/55563 ( 87%)]  Loss: 1.466 (1.10)  LR: 8.385e-05  Time cost: 3:17:34/30:46 [6:15:34/4:19:08]  Acc_iter 159200      Data time: 0.00(0.00)  Forward time: 0.24(0.24)  Batch time: 0.24(0.25)
2026-08-14 04:24:15,006   INFO  Train:    3/4 ( 75%) [48123/55563 ( 87%)]  Loss: 1.268 (1.10)  LR: 8.373e-05  Time cost: 3:17:46/30:34 [6:15:47/4:18:55]  Acc_iter 159250      Data time: 0.00(0.00)  Forward time: 0.22(0.24)  Batch time: 0.22(0.25)
2026-08-14 04:24:27,039   INFO  Train:    3/4 ( 75%) [48173/55563 ( 87%)]  Loss: 0.9305 (1.10)  LR: 8.361e-05  Time cost: 3:17:58/30:22 [6:15:59/4:18:43]  Acc_iter 159300      Data time: 0.00(0.00)  Forward time: 0.22(0.24)  Batch time: 0.22(0.25)
2026-08-14 04:24:27,405   INFO  a1e06a0b30c0                Fri Aug 14 04:24:27 2026  580.173.02
[0] NVIDIA GeForce RTX 3070 | 71°C,  80 % |  6826 /  8192 MB | root(6428M)

2026-08-14 04:24:39,825   INFO  Train:    3/4 ( 75%) [48223/55563 ( 87%)]  Loss: 0.7900 (1.10)  LR: 8.350e-05  Time cost: 3:18:11/30:10 [6:16:11/4:18:31]  Acc_iter 159350      Data time: 0.00(0.00)  Forward time: 0.24(0.24)  Batch time: 0.24(0.25)
2026-08-14 04:24:52,341   INFO  Train:    3/4 ( 75%) [48273/55563 ( 87%)]  Loss: 1.569 (1.10)  LR: 8.338e-05  Time cost: 3:18:24/29:57 [6:16:24/4:18:19]  Acc_iter 159400      Data time: 0.00(0.00)  Forward time: 0.27(0.24)  Batch time: 0.27(0.25)
2026-08-14 04:25:04,681   INFO  Train:    3/4 ( 75%) [48323/55563 ( 87%)]  Loss: 0.9303 (1.10)  LR: 8.326e-05  Time cost: 3:18:36/29:45 [6:16:36/4:18:07]  Acc_iter 159450      Data time: 0.00(0.00)  Forward time: 0.24(0.24)  Batch time: 0.24(0.25)
2026-08-14 04:25:05,043   INFO  a1e06a0b30c0                Fri Aug 14 04:25:05 2026  580.173.02
[0] NVIDIA GeForce RTX 3070 | 64°C,   0 % |  6823 /  8192 MB | root(6428M)

2026-08-14 04:25:17,215   INFO  Train:    3/4 ( 75%) [48373/55563 ( 87%)]  Loss: 0.8572 (1.10)  LR: 8.314e-05  Time cost: 3:18:49/29:33 [6:16:49/4:17:55]  Acc_iter 159500      Data time: 0.00(0.00)  Forward time: 0.23(0.24)  Batch time: 0.23(0.25)
2026-08-14 04:25:29,591   INFO  Train:    3/4 ( 75%) [48423/55563 ( 87%)]  Loss: 1.214 (1.10)  LR: 8.302e-05  Time cost: 3:19:01/29:20 [6:17:01/4:17:42]  Acc_iter 159550      Data time: 0.00(0.00)  Forward time: 0.26(0.24)  Batch time: 0.26(0.25)
2026-08-14 04:25:41,868   INFO  Train:    3/4 ( 75%) [48473/55563 ( 87%)]  Loss: 0.9875 (1.10)  LR: 8.290e-05  Time cost: 3:19:13/29:08 [6:17:13/4:17:30]  Acc_iter 159600      Data time: 0.00(0.00)  Forward time: 0.26(0.24)  Batch time: 0.26(0.25)
2026-08-14 04:25:42,276   INFO  a1e06a0b30c0                Fri Aug 14 04:25:42 2026  580.173.02
[0] NVIDIA GeForce RTX 3070 | 71°C,  98 % |  6825 /  8192 MB | root(6428M)

2026-08-14 04:25:54,703   INFO  Train:    3/4 ( 75%) [48523/55563 ( 87%)]  Loss: 0.6108 (1.10)  LR: 8.278e-05  Time cost: 3:19:26/28:56 [6:17:26/4:17:18]  Acc_iter 159650      Data time: 0.00(0.00)  Forward time: 0.23(0.24)  Batch time: 0.23(0.25)
2026-08-14 04:26:06,867   INFO  Train:    3/4 ( 75%) [48573/55563 ( 87%)]  Loss: 0.5270 (1.10)  LR: 8.267e-05  Time cost: 3:19:38/28:43 [6:17:38/4:17:06]  Acc_iter 159700      Data time: 0.00(0.00)  Forward time: 0.21(0.24)  Batch time: 0.21(0.25)
2026-08-14 04:26:19,110   INFO  Train:    3/4 ( 75%) [48623/55563 ( 88%)]  Loss: 1.521 (1.10)  LR: 8.255e-05  Time cost: 3:19:51/28:31 [6:17:51/4:16:53]  Acc_iter 159750      Data time: 0.00(0.00)  Forward time: 0.26(0.24)  Batch time: 0.26(0.25)
2026-08-14 04:26:19,483   INFO  a1e06a0b30c0                Fri Aug 14 04:26:19 2026  580.173.02
[0] NVIDIA GeForce RTX 3070 | 71°C,  96 % |  6826 /  8192 MB | root(6428M)

2026-08-14 04:26:28,353   INFO  Save latest model to /OpenPCDet/output/OpenPCDet/tools/cfgs/models/S/F/S_F_N/default/ckpt/latest_model
2026-08-14 04:26:32,145   INFO  Train:    3/4 ( 75%) [48673/55563 ( 88%)]  Loss: 1.212 (1.10)  LR: 8.243e-05  Time cost: 3:20:04/28:19 [6:18:04/4:16:42]  Acc_iter 159800      Data time: 0.00(0.00)  Forward time: 0.22(0.24)  Batch time: 0.22(0.25)
2026-08-14 04:26:44,531   INFO  Train:    3/4 ( 75%) [48723/55563 ( 88%)]  Loss: 0.9806 (1.10)  LR: 8.231e-05  Time cost: 3:20:16/28:06 [6:18:16/4:16:30]  Acc_iter 159850      Data time: 0.00(0.00)  Forward time: 0.21(0.24)  Batch time: 0.21(0.25)
2026-08-14 04:26:56,869   INFO  Train:    3/4 ( 75%) [48773/55563 ( 88%)]  Loss: 1.283 (1.10)  LR: 8.219e-05  Time cost: 3:20:28/27:54 [6:18:28/4:16:17]  Acc_iter 159900      Data time: 0.00(0.00)  Forward time: 0.26(0.24)  Batch time: 0.26(0.25)
2026-08-14 04:26:57,228   INFO  a1e06a0b30c0                Fri Aug 14 04:26:57 2026  580.173.02
[0] NVIDIA GeForce RTX 3070 | 71°C,  96 % |  6825 /  8192 MB | root(6428M)

2026-08-14 04:27:09,420   INFO  Train:    3/4 ( 75%) [48823/55563 ( 88%)]  Loss: 0.8232 (1.10)  LR: 8.207e-05  Time cost: 3:20:41/27:42 [6:18:41/4:16:05]  Acc_iter 159950      Data time: 0.00(0.00)  Forward time: 0.22(0.24)  Batch time: 0.22(0.25)
2026-08-14 04:27:21,663   INFO  Train:    3/4 ( 75%) [48873/55563 ( 88%)]  Loss: 0.7331 (1.10)  LR: 8.196e-05  Time cost: 3:20:53/27:29 [6:18:53/4:15:53]  Acc_iter 160000      Data time: 0.00(0.00)  Forward time: 0.21(0.24)  Batch time: 0.21(0.25)
2026-08-14 04:27:33,992   INFO  Train:    3/4 ( 75%) [48923/55563 ( 88%)]  Loss: 0.8397 (1.10)  LR: 8.184e-05  Time cost: 3:21:05/27:17 [6:19:06/4:15:40]  Acc_iter 160050      Data time: 0.00(0.00)  Forward time: 0.24(0.24)  Batch time: 0.24(0.25)
2026-08-14 04:27:34,359   INFO  a1e06a0b30c0                Fri Aug 14 04:27:34 2026  580.173.02
[0] NVIDIA GeForce RTX 3070 | 69°C,  77 % |  6825 /  8192 MB | root(6428M)

2026-08-14 04:27:46,810   INFO  Train:    3/4 ( 75%) [48973/55563 ( 88%)]  Loss: 1.129 (1.10)  LR: 8.172e-05  Time cost: 3:21:18/27:05 [6:19:18/4:15:29]  Acc_iter 160100      Data time: 0.00(0.00)  Forward time: 0.25(0.24)  Batch time: 0.25(0.25)
2026-08-14 04:27:58,897   INFO  Train:    3/4 ( 75%) [49023/55563 ( 88%)]  Loss: 0.5480 (1.10)  LR: 8.160e-05  Time cost: 3:21:30/26:52 [6:19:31/4:15:16]  Acc_iter 160150      Data time: 0.00(0.00)  Forward time: 0.22(0.24)  Batch time: 0.22(0.25)
2026-08-14 04:28:11,216   INFO  Train:    3/4 ( 75%) [49073/55563 ( 88%)]  Loss: 0.7260 (1.10)  LR: 8.148e-05  Time cost: 3:21:43/26:40 [6:19:43/4:15:04]  Acc_iter 160200      Data time: 0.00(0.00)  Forward time: 0.22(0.24)  Batch time: 0.22(0.25)
2026-08-14 04:28:11,587   INFO  a1e06a0b30c0                Fri Aug 14 04:28:11 2026  580.173.02
[0] NVIDIA GeForce RTX 3070 | 66°C,  84 % |  6825 /  8192 MB | root(6428M)

2026-08-14 04:28:24,063   INFO  Train:    3/4 ( 75%) [49123/55563 ( 88%)]  Loss: 0.2772 (1.10)  LR: 8.137e-05  Time cost: 3:21:56/26:28 [6:19:56/4:14:52]  Acc_iter 160250      Data time: 0.00(0.00)  Forward time: 0.22(0.24)  Batch time: 0.22(0.25)
2026-08-14 04:28:36,319   INFO  Train:    3/4 ( 75%) [49173/55563 ( 88%)]  Loss: 1.005 (1.10)  LR: 8.125e-05  Time cost: 3:22:08/26:16 [6:20:08/4:14:40]  Acc_iter 160300      Data time: 0.00(0.00)  Forward time: 0.25(0.24)  Batch time: 0.25(0.25)
2026-08-14 04:28:48,688   INFO  Train:    3/4 ( 75%) [49223/55563 ( 89%)]  Loss: 0.2197 (1.10)  LR: 8.113e-05  Time cost: 3:22:20/26:03 [6:20:20/4:14:27]  Acc_iter 160350      Data time: 0.00(0.00)  Forward time: 0.24(0.24)  Batch time: 0.24(0.25)
2026-08-14 04:28:49,051   INFO  a1e06a0b30c0                Fri Aug 14 04:28:49 2026  580.173.02
[0] NVIDIA GeForce RTX 3070 | 66°C,   0 % |  6826 /  8192 MB | root(6428M)

2026-08-14 04:29:00,914   INFO  Train:    3/4 ( 75%) [49273/55563 ( 89%)]  Loss: 0.3858 (1.10)  LR: 8.101e-05  Time cost: 3:22:32/25:51 [6:20:33/4:14:15]  Acc_iter 160400      Data time: 0.00(0.00)  Forward time: 0.20(0.24)  Batch time: 0.20(0.25)
2026-08-14 04:29:13,081   INFO  Train:    3/4 ( 75%) [49323/55563 ( 89%)]  Loss: 0.7772 (1.10)  LR: 8.090e-05  Time cost: 3:22:45/25:39 [6:20:45/4:14:02]  Acc_iter 160450      Data time: 0.00(0.00)  Forward time: 0.23(0.24)  Batch time: 0.23(0.25)
2026-08-14 04:29:25,521   INFO  Train:    3/4 ( 75%) [49373/55563 ( 89%)]  Loss: 1.188 (1.10)  LR: 8.078e-05  Time cost: 3:22:57/25:26 [6:20:57/4:13:50]  Acc_iter 160500      Data time: 0.00(0.00)  Forward time: 0.25(0.24)  Batch time: 0.25(0.25)
2026-08-14 04:29:25,897   INFO  a1e06a0b30c0                Fri Aug 14 04:29:25 2026  580.173.02
[0] NVIDIA GeForce RTX 3070 | 70°C,  57 % |  6826 /  8192 MB | root(6428M)

2026-08-14 04:29:38,177   INFO  Train:    3/4 ( 75%) [49423/55563 ( 89%)]  Loss: 1.117 (1.10)  LR: 8.066e-05  Time cost: 3:23:10/25:14 [6:21:10/4:13:38]  Acc_iter 160550      Data time: 0.00(0.00)  Forward time: 0.25(0.24)  Batch time: 0.25(0.25)
2026-08-14 04:29:50,522   INFO  Train:    3/4 ( 75%) [49473/55563 ( 89%)]  Loss: 0.8350 (1.10)  LR: 8.054e-05  Time cost: 3:23:22/25:02 [6:21:22/4:13:26]  Acc_iter 160600      Data time: 0.00(0.00)  Forward time: 0.22(0.24)  Batch time: 0.23(0.25)
2026-08-14 04:30:02,590   INFO  Train:    3/4 ( 75%) [49523/55563 ( 89%)]  Loss: 0.5535 (1.10)  LR: 8.043e-05  Time cost: 3:23:34/24:49 [6:21:34/4:13:13]  Acc_iter 160650      Data time: 0.00(0.00)  Forward time: 0.26(0.24)  Batch time: 0.26(0.25)
2026-08-14 04:30:02,948   INFO  a1e06a0b30c0                Fri Aug 14 04:30:02 2026  580.173.02
[0] NVIDIA GeForce RTX 3070 | 69°C,  85 % |  6824 /  8192 MB | root(6428M)

2026-08-14 04:30:15,378   INFO  Train:    3/4 ( 75%) [49573/55563 ( 89%)]  Loss: 1.436 (1.10)  LR: 8.031e-05  Time cost: 3:23:47/24:37 [6:21:47/4:13:01]  Acc_iter 160700      Data time: 0.00(0.00)  Forward time: 0.21(0.24)  Batch time: 0.22(0.25)
2026-08-14 04:30:27,509   INFO  Train:    3/4 ( 75%) [49623/55563 ( 89%)]  Loss: 0.9808 (1.10)  LR: 8.019e-05  Time cost: 3:23:59/24:25 [6:21:59/4:12:49]  Acc_iter 160750      Data time: 0.00(0.00)  Forward time: 0.26(0.24)  Batch time: 0.26(0.25)
2026-08-14 04:30:39,609   INFO  Train:    3/4 ( 75%) [49673/55563 ( 89%)]  Loss: 2.248 (1.10)  LR: 8.007e-05  Time cost: 3:24:11/24:12 [6:22:11/4:12:36]  Acc_iter 160800      Data time: 0.00(0.00)  Forward time: 0.23(0.24)  Batch time: 0.23(0.25)
2026-08-14 04:30:39,972   INFO  a1e06a0b30c0                Fri Aug 14 04:30:39 2026  580.173.02
[0] NVIDIA GeForce RTX 3070 | 71°C,  99 % |  6825 /  8192 MB | root(6428M)

2026-08-14 04:30:52,129   INFO  Train:    3/4 ( 75%) [49723/55563 ( 89%)]  Loss: 1.318 (1.10)  LR: 7.996e-05  Time cost: 3:24:24/24:00 [6:22:24/4:12:24]  Acc_iter 160850      Data time: 0.00(0.00)  Forward time: 0.24(0.24)  Batch time: 0.24(0.25)
2026-08-14 04:31:04,517   INFO  Train:    3/4 ( 75%) [49773/55563 ( 90%)]  Loss: 0.7533 (1.10)  LR: 7.984e-05  Time cost: 3:24:36/23:48 [6:22:36/4:12:12]  Acc_iter 160900      Data time: 0.00(0.00)  Forward time: 0.25(0.24)  Batch time: 0.25(0.25)
2026-08-14 04:31:16,841   INFO  Train:    3/4 ( 75%) [49823/55563 ( 90%)]  Loss: 1.407 (1.09)  LR: 7.972e-05  Time cost: 3:24:48/23:35 [6:22:48/4:12:00]  Acc_iter 160950      Data time: 0.00(0.00)  Forward time: 0.24(0.24)  Batch time: 0.24(0.25)
2026-08-14 04:31:17,214   INFO  a1e06a0b30c0                Fri Aug 14 04:31:17 2026  580.173.02
[0] NVIDIA GeForce RTX 3070 | 71°C, 100 % |  6825 /  8192 MB | root(6428M)

2026-08-14 04:31:28,310   INFO  Save latest model to /OpenPCDet/output/OpenPCDet/tools/cfgs/models/S/F/S_F_N/default/ckpt/latest_model
2026-08-14 04:31:29,597   INFO  Train:    3/4 ( 75%) [49873/55563 ( 90%)]  Loss: 0.9104 (1.09)  LR: 7.961e-05  Time cost: 3:25:01/23:23 [6:23:01/4:11:48]  Acc_iter 161000      Data time: 0.00(0.00)  Forward time: 0.27(0.24)  Batch time: 0.27(0.25)
2026-08-14 04:31:41,924   INFO  Train:    3/4 ( 75%) [49923/55563 ( 90%)]  Loss: 0.7825 (1.09)  LR: 7.949e-05  Time cost: 3:25:13/23:11 [6:23:14/4:11:35]  Acc_iter 161050      Data time: 0.00(0.00)  Forward time: 0.26(0.24)  Batch time: 0.26(0.25)
2026-08-14 04:31:53,762   INFO  Train:    3/4 ( 75%) [49973/55563 ( 90%)]  Loss: 1.132 (1.09)  LR: 7.937e-05  Time cost: 3:25:25/22:58 [6:23:25/4:11:22]  Acc_iter 161100      Data time: 0.00(0.00)  Forward time: 0.20(0.24)  Batch time: 0.20(0.25)
2026-08-14 04:31:54,160   INFO  a1e06a0b30c0                Fri Aug 14 04:31:54 2026  580.173.02
[0] NVIDIA GeForce RTX 3070 | 67°C,  58 % |  6826 /  8192 MB | root(6428M)

2026-08-14 04:32:06,368   INFO  Train:    3/4 ( 75%) [50023/55563 ( 90%)]  Loss: 0.8910 (1.09)  LR: 7.925e-05  Time cost: 3:25:38/22:46 [6:23:38/4:11:10]  Acc_iter 161150      Data time: 0.00(0.00)  Forward time: 0.21(0.24)  Batch time: 0.21(0.25)
2026-08-14 04:32:18,580   INFO  Train:    3/4 ( 75%) [50073/55563 ( 90%)]  Loss: 1.091 (1.09)  LR: 7.914e-05  Time cost: 3:25:50/22:34 [6:23:50/4:10:58]  Acc_iter 161200      Data time: 0.00(0.00)  Forward time: 0.23(0.24)  Batch time: 0.23(0.25)
2026-08-14 04:32:30,815   INFO  Train:    3/4 ( 75%) [50123/55563 ( 90%)]  Loss: 1.168 (1.09)  LR: 7.902e-05  Time cost: 3:26:02/22:21 [6:24:02/4:10:45]  Acc_iter 161250      Data time: 0.00(0.00)  Forward time: 0.21(0.24)  Batch time: 0.21(0.25)
2026-08-14 04:32:31,176   INFO  a1e06a0b30c0                Fri Aug 14 04:32:31 2026  580.173.02
[0] NVIDIA GeForce RTX 3070 | 71°C,  22 % |  6825 /  8192 MB | root(6428M)

2026-08-14 04:32:43,645   INFO  Train:    3/4 ( 75%) [50173/55563 ( 90%)]  Loss: 0.6598 (1.09)  LR: 7.890e-05  Time cost: 3:26:15/22:09 [6:24:15/4:10:34]  Acc_iter 161300      Data time: 0.00(0.00)  Forward time: 0.25(0.24)  Batch time: 0.25(0.25)
2026-08-14 04:32:56,183   INFO  Train:    3/4 ( 75%) [50223/55563 ( 90%)]  Loss: 0.9829 (1.09)  LR: 7.879e-05  Time cost: 3:26:28/21:57 [6:24:28/4:10:22]  Acc_iter 161350      Data time: 0.00(0.00)  Forward time: 0.24(0.24)  Batch time: 0.24(0.25)
2026-08-14 04:33:08,687   INFO  Train:    3/4 ( 75%) [50273/55563 ( 90%)]  Loss: 0.9418 (1.09)  LR: 7.867e-05  Time cost: 3:26:40/21:44 [6:24:40/4:10:10]  Acc_iter 161400      Data time: 0.00(0.00)  Forward time: 0.26(0.24)  Batch time: 0.26(0.25)
2026-08-14 04:33:09,050   INFO  a1e06a0b30c0                Fri Aug 14 04:33:09 2026  580.173.02
[0] NVIDIA GeForce RTX 3070 | 66°C,   0 % |  6825 /  8192 MB | root(6428M)

2026-08-14 04:33:21,327   INFO  Train:    3/4 ( 75%) [50323/55563 ( 91%)]  Loss: 1.413 (1.09)  LR: 7.855e-05  Time cost: 3:26:53/21:32 [6:24:53/4:09:58]  Acc_iter 161450      Data time: 0.00(0.00)  Forward time: 0.21(0.24)  Batch time: 0.22(0.25)
2026-08-14 04:33:33,249   INFO  Train:    3/4 ( 75%) [50373/55563 ( 91%)]  Loss: 1.492 (1.09)  LR: 7.844e-05  Time cost: 3:27:05/21:20 [6:25:05/4:09:45]  Acc_iter 161500      Data time: 0.00(0.00)  Forward time: 0.27(0.24)  Batch time: 0.28(0.25)
2026-08-14 04:33:45,656   INFO  Train:    3/4 ( 75%) [50423/55563 ( 91%)]  Loss: 1.472 (1.09)  LR: 7.832e-05  Time cost: 3:27:17/21:07 [6:25:17/4:09:33]  Acc_iter 161550      Data time: 0.00(0.00)  Forward time: 0.25(0.24)  Batch time: 0.25(0.25)
2026-08-14 04:33:46,119   INFO  a1e06a0b30c0                Fri Aug 14 04:33:46 2026  580.173.02
[0] NVIDIA GeForce RTX 3070 | 63°C,   0 % |  6825 /  8192 MB | root(6428M)

2026-08-14 04:33:58,323   INFO  Train:    3/4 ( 75%) [50473/55563 ( 91%)]  Loss: 1.184 (1.09)  LR: 7.820e-05  Time cost: 3:27:30/20:55 [6:25:30/4:09:21]  Acc_iter 161600      Data time: 0.00(0.00)  Forward time: 0.27(0.24)  Batch time: 0.28(0.25)
2026-08-14 04:34:10,332   INFO  Train:    3/4 ( 75%) [50523/55563 ( 91%)]  Loss: 1.191 (1.09)  LR: 7.809e-05  Time cost: 3:27:42/20:43 [6:25:42/4:09:08]  Acc_iter 161650      Data time: 0.00(0.00)  Forward time: 0.25(0.24)  Batch time: 0.25(0.25)
2026-08-14 04:34:22,516   INFO  Train:    3/4 ( 75%) [50573/55563 ( 91%)]  Loss: 1.181 (1.09)  LR: 7.797e-05  Time cost: 3:27:54/20:30 [6:25:54/4:08:55]  Acc_iter 161700      Data time: 0.00(0.00)  Forward time: 0.26(0.24)  Batch time: 0.26(0.25)
2026-08-14 04:34:22,884   INFO  a1e06a0b30c0                Fri Aug 14 04:34:22 2026  580.173.02
[0] NVIDIA GeForce RTX 3070 | 70°C,  74 % |  6826 /  8192 MB | root(6428M)

2026-08-14 04:34:35,213   INFO  Train:    3/4 ( 75%) [50623/55563 ( 91%)]  Loss: 1.306 (1.09)  LR: 7.786e-05  Time cost: 3:28:07/20:18 [6:26:07/4:08:43]  Acc_iter 161750      Data time: 0.00(0.00)  Forward time: 0.27(0.24)  Batch time: 0.27(0.25)
2026-08-14 04:34:47,328   INFO  Train:    3/4 ( 75%) [50673/55563 ( 91%)]  Loss: 0.5118 (1.09)  LR: 7.774e-05  Time cost: 3:28:19/20:06 [6:26:19/4:08:31]  Acc_iter 161800      Data time: 0.00(0.00)  Forward time: 0.21(0.24)  Batch time: 0.22(0.25)
2026-08-14 04:34:59,324   INFO  Train:    3/4 ( 75%) [50723/55563 ( 91%)]  Loss: 0.9219 (1.09)  LR: 7.762e-05  Time cost: 3:28:31/19:53 [6:26:31/4:08:18]  Acc_iter 161850      Data time: 0.00(0.00)  Forward time: 0.24(0.24)  Batch time: 0.24(0.25)
2026-08-14 04:34:59,672   INFO  a1e06a0b30c0                Fri Aug 14 04:34:59 2026  580.173.02
[0] NVIDIA GeForce RTX 3070 | 68°C,  90 % |  6826 /  8192 MB | root(6428M)

2026-08-14 04:35:11,785   INFO  Train:    3/4 ( 75%) [50773/55563 ( 91%)]  Loss: 1.295 (1.09)  LR: 7.751e-05  Time cost: 3:28:43/19:41 [6:26:43/4:08:06]  Acc_iter 161900      Data time: 0.00(0.00)  Forward time: 0.27(0.24)  Batch time: 0.27(0.25)
2026-08-14 04:35:24,120   INFO  Train:    3/4 ( 75%) [50823/55563 ( 91%)]  Loss: 1.083 (1.09)  LR: 7.739e-05  Time cost: 3:28:56/19:29 [6:26:56/4:07:54]  Acc_iter 161950      Data time: 0.00(0.00)  Forward time: 0.25(0.24)  Batch time: 0.25(0.25)
2026-08-14 04:35:36,536   INFO  Train:    3/4 ( 75%) [50873/55563 ( 92%)]  Loss: 1.768 (1.09)  LR: 7.728e-05  Time cost: 3:29:08/19:16 [6:27:08/4:07:41]  Acc_iter 162000      Data time: 0.00(0.00)  Forward time: 0.28(0.24)  Batch time: 0.28(0.25)
2026-08-14 04:35:36,899   INFO  a1e06a0b30c0                Fri Aug 14 04:35:36 2026  580.173.02
[0] NVIDIA GeForce RTX 3070 | 70°C,  76 % |  6825 /  8192 MB | root(6428M)

2026-08-14 04:35:49,232   INFO  Train:    3/4 ( 75%) [50923/55563 ( 92%)]  Loss: 0.8750 (1.09)  LR: 7.716e-05  Time cost: 3:29:21/19:04 [6:27:21/4:07:29]  Acc_iter 162050      Data time: 0.00(0.00)  Forward time: 0.23(0.24)  Batch time: 0.23(0.25)
2026-08-14 04:36:01,284   INFO  Train:    3/4 ( 75%) [50973/55563 ( 92%)]  Loss: 1.128 (1.09)  LR: 7.704e-05  Time cost: 3:29:33/18:52 [6:27:33/4:07:17]  Acc_iter 162100      Data time: 0.00(0.00)  Forward time: 0.22(0.24)  Batch time: 0.22(0.25)
2026-08-14 04:36:13,317   INFO  Train:    3/4 ( 75%) [51023/55563 ( 92%)]  Loss: 0.9562 (1.09)  LR: 7.693e-05  Time cost: 3:29:45/18:39 [6:27:45/4:07:04]  Acc_iter 162150      Data time: 0.00(0.00)  Forward time: 0.26(0.24)  Batch time: 0.26(0.25)
2026-08-14 04:36:13,678   INFO  a1e06a0b30c0                Fri Aug 14 04:36:13 2026  580.173.02
[0] NVIDIA GeForce RTX 3070 | 69°C,  98 % |  6825 /  8192 MB | root(6428M)

2026-08-14 04:36:25,915   INFO  Train:    3/4 ( 75%) [51073/55563 ( 92%)]  Loss: 1.327 (1.09)  LR: 7.681e-05  Time cost: 3:29:57/18:27 [6:27:58/4:06:52]  Acc_iter 162200      Data time: 0.00(0.00)  Forward time: 0.26(0.24)  Batch time: 0.27(0.25)
2026-08-14 04:36:28,331   INFO  Save latest model to /OpenPCDet/output/OpenPCDet/tools/cfgs/models/S/F/S_F_N/default/ckpt/latest_model
2026-08-14 04:36:38,413   INFO  Train:    3/4 ( 75%) [51123/55563 ( 92%)]  Loss: 1.285 (1.09)  LR: 7.670e-05  Time cost: 3:30:10/18:15 [6:28:10/4:06:40]  Acc_iter 162250      Data time: 0.00(0.00)  Forward time: 0.20(0.24)  Batch time: 0.20(0.25)
2026-08-14 04:36:50,785   INFO  Train:    3/4 ( 75%) [51173/55563 ( 92%)]  Loss: 1.109 (1.09)  LR: 7.658e-05  Time cost: 3:30:22/18:02 [6:28:22/4:06:28]  Acc_iter 162300      Data time: 0.00(0.00)  Forward time: 0.27(0.24)  Batch time: 0.27(0.25)
2026-08-14 04:36:51,156   INFO  a1e06a0b30c0                Fri Aug 14 04:36:51 2026  580.173.02
[0] NVIDIA GeForce RTX 3070 | 69°C,   1 % |  6825 /  8192 MB | root(6428M)

2026-08-14 04:37:03,634   INFO  Train:    3/4 ( 75%) [51223/55563 ( 92%)]  Loss: 1.786 (1.09)  LR: 7.647e-05  Time cost: 3:30:35/17:50 [6:28:35/4:06:16]  Acc_iter 162350      Data time: 0.00(0.00)  Forward time: 0.26(0.24)  Batch time: 0.26(0.25)
2026-08-14 04:37:16,023   INFO  Train:    3/4 ( 75%) [51273/55563 ( 92%)]  Loss: 1.781 (1.09)  LR: 7.635e-05  Time cost: 3:30:47/17:38 [6:28:48/4:06:04]  Acc_iter 162400      Data time: 0.00(0.00)  Forward time: 0.29(0.24)  Batch time: 0.29(0.25)
2026-08-14 04:37:28,265   INFO  Train:    3/4 ( 75%) [51323/55563 ( 92%)]  Loss: 0.9855 (1.09)  LR: 7.624e-05  Time cost: 3:31:00/17:25 [6:29:00/4:05:51]  Acc_iter 162450      Data time: 0.00(0.00)  Forward time: 0.21(0.24)  Batch time: 0.22(0.25)
2026-08-14 04:37:28,638   INFO  a1e06a0b30c0                Fri Aug 14 04:37:28 2026  580.173.02
[0] NVIDIA GeForce RTX 3070 | 67°C,  85 % |  6826 /  8192 MB | root(6428M)

2026-08-14 04:37:41,035   INFO  Train:    3/4 ( 75%) [51373/55563 ( 92%)]  Loss: 0.3386 (1.09)  LR: 7.612e-05  Time cost: 3:31:12/17:13 [6:29:13/4:05:39]  Acc_iter 162500      Data time: 0.00(0.00)  Forward time: 0.27(0.24)  Batch time: 0.27(0.25)
2026-08-14 04:37:53,163   INFO  Train:    3/4 ( 75%) [51423/55563 ( 93%)]  Loss: 1.092 (1.09)  LR: 7.600e-05  Time cost: 3:31:25/17:01 [6:29:25/4:05:27]  Acc_iter 162550      Data time: 0.00(0.00)  Forward time: 0.24(0.24)  Batch time: 0.24(0.25)
2026-08-14 04:38:05,334   INFO  Train:    3/4 ( 75%) [51473/55563 ( 93%)]  Loss: 1.173 (1.09)  LR: 7.589e-05  Time cost: 3:31:37/16:48 [6:29:37/4:05:14]  Acc_iter 162600      Data time: 0.00(0.00)  Forward time: 0.25(0.24)  Batch time: 0.25(0.25)
2026-08-14 04:38:05,703   INFO  a1e06a0b30c0                Fri Aug 14 04:38:05 2026  580.173.02
[0] NVIDIA GeForce RTX 3070 | 67°C,  67 % |  6825 /  8192 MB | root(6428M)

2026-08-14 04:38:17,880   INFO  Train:    3/4 ( 75%) [51523/55563 ( 93%)]  Loss: 0.8304 (1.09)  LR: 7.577e-05  Time cost: 3:31:49/16:36 [6:29:50/4:05:02]  Acc_iter 162650      Data time: 0.00(0.00)  Forward time: 0.26(0.24)  Batch time: 0.26(0.25)
2026-08-14 04:38:29,906   INFO  Train:    3/4 ( 75%) [51573/55563 ( 93%)]  Loss: 0.5197 (1.09)  LR: 7.566e-05  Time cost: 3:32:01/16:24 [6:30:02/4:04:50]  Acc_iter 162700      Data time: 0.00(0.00)  Forward time: 0.21(0.24)  Batch time: 0.21(0.25)
2026-08-14 04:38:42,161   INFO  Train:    3/4 ( 75%) [51623/55563 ( 93%)]  Loss: 1.503 (1.09)  LR: 7.554e-05  Time cost: 3:32:14/16:11 [6:30:14/4:04:37]  Acc_iter 162750      Data time: 0.00(0.00)  Forward time: 0.25(0.24)  Batch time: 0.26(0.25)
2026-08-14 04:38:42,523   INFO  a1e06a0b30c0                Fri Aug 14 04:38:42 2026  580.173.02
[0] NVIDIA GeForce RTX 3070 | 71°C,  96 % |  6825 /  8192 MB | root(6428M)

2026-08-14 04:38:54,767   INFO  Train:    3/4 ( 75%) [51673/55563 ( 93%)]  Loss: 1.281 (1.09)  LR: 7.543e-05  Time cost: 3:32:26/15:59 [6:30:26/4:04:25]  Acc_iter 162800      Data time: 0.00(0.00)  Forward time: 0.24(0.24)  Batch time: 0.24(0.25)
2026-08-14 04:39:07,332   INFO  Train:    3/4 ( 75%) [51723/55563 ( 93%)]  Loss: 0.6459 (1.09)  LR: 7.531e-05  Time cost: 3:32:39/15:47 [6:30:39/4:04:13]  Acc_iter 162850      Data time: 0.00(0.00)  Forward time: 0.25(0.24)  Batch time: 0.25(0.25)
2026-08-14 04:39:19,784   INFO  Train:    3/4 ( 75%) [51773/55563 ( 93%)]  Loss: 0.6860 (1.09)  LR: 7.520e-05  Time cost: 3:32:51/15:34 [6:30:51/4:04:01]  Acc_iter 162900      Data time: 0.00(0.00)  Forward time: 0.30(0.24)  Batch time: 0.30(0.25)
2026-08-14 04:39:20,161   INFO  a1e06a0b30c0                Fri Aug 14 04:39:20 2026  580.173.02
[0] NVIDIA GeForce RTX 3070 | 65°C,  21 % |  6825 /  8192 MB | root(6428M)

2026-08-14 04:39:32,357   INFO  Train:    3/4 ( 75%) [51823/55563 ( 93%)]  Loss: 1.138 (1.09)  LR: 7.508e-05  Time cost: 3:33:04/15:22 [6:31:04/4:03:49]  Acc_iter 162950      Data time: 0.00(0.00)  Forward time: 0.21(0.24)  Batch time: 0.21(0.25)
2026-08-14 04:39:44,345   INFO  Train:    3/4 ( 75%) [51873/55563 ( 93%)]  Loss: 1.027 (1.09)  LR: 7.497e-05  Time cost: 3:33:16/15:10 [6:31:16/4:03:36]  Acc_iter 163000      Data time: 0.00(0.00)  Forward time: 0.28(0.24)  Batch time: 0.29(0.25)
2026-08-14 04:39:56,626   INFO  Train:    3/4 ( 75%) [51923/55563 ( 93%)]  Loss: 1.157 (1.09)  LR: 7.485e-05  Time cost: 3:33:28/14:57 [6:31:28/4:03:24]  Acc_iter 163050      Data time: 0.00(0.00)  Forward time: 0.29(0.24)  Batch time: 0.30(0.25)
2026-08-14 04:39:57,020   INFO  a1e06a0b30c0                Fri Aug 14 04:39:56 2026  580.173.02
[0] NVIDIA GeForce RTX 3070 | 69°C,  80 % |  6826 /  8192 MB | root(6428M)

2026-08-14 04:40:09,498   INFO  Train:    3/4 ( 75%) [51973/55563 ( 94%)]  Loss: 1.471 (1.09)  LR: 7.474e-05  Time cost: 3:33:41/14:45 [6:31:41/4:03:12]  Acc_iter 163100      Data time: 0.00(0.00)  Forward time: 0.24(0.24)  Batch time: 0.24(0.25)
2026-08-14 04:40:21,781   INFO  Train:    3/4 ( 75%) [52023/55563 ( 94%)]  Loss: 0.8944 (1.09)  LR: 7.463e-05  Time cost: 3:33:53/14:33 [6:31:53/4:03:00]  Acc_iter 163150      Data time: 0.00(0.00)  Forward time: 0.25(0.24)  Batch time: 0.25(0.25)
2026-08-14 04:40:33,829   INFO  Train:    3/4 ( 75%) [52073/55563 ( 94%)]  Loss: 0.5932 (1.09)  LR: 7.451e-05  Time cost: 3:34:05/14:20 [6:32:05/4:02:47]  Acc_iter 163200      Data time: 0.00(0.00)  Forward time: 0.22(0.24)  Batch time: 0.22(0.25)
2026-08-14 04:40:34,232   INFO  a1e06a0b30c0                Fri Aug 14 04:40:34 2026  580.173.02
[0] NVIDIA GeForce RTX 3070 | 68°C,  86 % |  6826 /  8192 MB | root(6428M)

2026-08-14 04:40:46,257   INFO  Train:    3/4 ( 75%) [52123/55563 ( 94%)]  Loss: 1.218 (1.09)  LR: 7.440e-05  Time cost: 3:34:18/14:08 [6:32:18/4:02:35]  Acc_iter 163250      Data time: 0.00(0.00)  Forward time: 0.24(0.24)  Batch time: 0.24(0.25)
2026-08-14 04:40:58,472   INFO  Train:    3/4 ( 75%) [52173/55563 ( 94%)]  Loss: 1.223 (1.09)  LR: 7.428e-05  Time cost: 3:34:30/13:56 [6:32:30/4:02:22]  Acc_iter 163300      Data time: 0.00(0.00)  Forward time: 0.28(0.24)  Batch time: 0.28(0.25)
2026-08-14 04:41:10,603   INFO  Train:    3/4 ( 75%) [52223/55563 ( 94%)]  Loss: 0.5189 (1.09)  LR: 7.417e-05  Time cost: 3:34:42/13:43 [6:32:42/4:02:10]  Acc_iter 163350      Data time: 0.00(0.00)  Forward time: 0.23(0.24)  Batch time: 0.23(0.25)
2026-08-14 04:41:10,960   INFO  a1e06a0b30c0                Fri Aug 14 04:41:10 2026  580.173.02
[0] NVIDIA GeForce RTX 3070 | 71°C,  99 % |  6825 /  8192 MB | root(6428M)

2026-08-14 04:41:23,230   INFO  Train:    3/4 ( 75%) [52273/55563 ( 94%)]  Loss: 0.7557 (1.09)  LR: 7.405e-05  Time cost: 3:34:55/13:31 [6:32:55/4:01:58]  Acc_iter 163400      Data time: 0.00(0.00)  Forward time: 0.25(0.24)  Batch time: 0.25(0.25)
2026-08-14 04:41:28,328   INFO  Save latest model to /OpenPCDet/output/OpenPCDet/tools/cfgs/models/S/F/S_F_N/default/ckpt/latest_model
2026-08-14 04:41:35,793   INFO  Train:    3/4 ( 75%) [52323/55563 ( 94%)]  Loss: 1.815 (1.09)  LR: 7.394e-05  Time cost: 3:35:07/13:19 [6:33:07/4:01:46]  Acc_iter 163450      Data time: 0.00(0.00)  Forward time: 0.27(0.24)  Batch time: 0.27(0.25)
2026-08-14 04:41:48,049   INFO  Train:    3/4 ( 75%) [52373/55563 ( 94%)]  Loss: 0.6443 (1.09)  LR: 7.382e-05  Time cost: 3:35:19/13:06 [6:33:20/4:01:33]  Acc_iter 163500      Data time: 0.00(0.00)  Forward time: 0.22(0.24)  Batch time: 0.22(0.25)
2026-08-14 04:41:48,436   INFO  a1e06a0b30c0                Fri Aug 14 04:41:48 2026  580.173.02
[0] NVIDIA GeForce RTX 3070 | 71°C,  66 % |  6825 /  8192 MB | root(6428M)

2026-08-14 04:42:00,400   INFO  Train:    3/4 ( 75%) [52423/55563 ( 94%)]  Loss: 1.267 (1.09)  LR: 7.371e-05  Time cost: 3:35:32/12:54 [6:33:32/4:01:21]  Acc_iter 163550      Data time: 0.00(0.00)  Forward time: 0.24(0.24)  Batch time: 0.24(0.25)
2026-08-14 04:42:12,285   INFO  Train:    3/4 ( 75%) [52473/55563 ( 94%)]  Loss: 1.091 (1.09)  LR: 7.360e-05  Time cost: 3:35:44/12:42 [6:33:44/4:01:08]  Acc_iter 163600      Data time: 0.00(0.00)  Forward time: 0.27(0.24)  Batch time: 0.27(0.25)
2026-08-14 04:42:24,554   INFO  Train:    3/4 ( 75%) [52523/55563 ( 95%)]  Loss: 1.034 (1.09)  LR: 7.348e-05  Time cost: 3:35:56/12:29 [6:33:56/4:00:56]  Acc_iter 163650      Data time: 0.00(0.00)  Forward time: 0.25(0.24)  Batch time: 0.26(0.25)
2026-08-14 04:42:24,917   INFO  a1e06a0b30c0                Fri Aug 14 04:42:24 2026  580.173.02
[0] NVIDIA GeForce RTX 3070 | 69°C,  70 % |  6825 /  8192 MB | root(6428M)

2026-08-14 04:42:37,383   INFO  Train:    3/4 ( 75%) [52573/55563 ( 95%)]  Loss: 1.984 (1.09)  LR: 7.337e-05  Time cost: 3:36:09/12:17 [6:34:09/4:00:44]  Acc_iter 163700      Data time: 0.00(0.00)  Forward time: 0.27(0.24)  Batch time: 0.27(0.25)
2026-08-14 04:42:49,701   INFO  Train:    3/4 ( 75%) [52623/55563 ( 95%)]  Loss: 1.034 (1.09)  LR: 7.325e-05  Time cost: 3:36:21/12:05 [6:34:21/4:00:31]  Acc_iter 163750      Data time: 0.00(0.00)  Forward time: 0.24(0.24)  Batch time: 0.24(0.25)
2026-08-14 04:43:01,884   INFO  Train:    3/4 ( 75%) [52673/55563 ( 95%)]  Loss: 0.7290 (1.09)  LR: 7.314e-05  Time cost: 3:36:33/11:52 [6:34:34/4:00:19]  Acc_iter 163800      Data time: 0.00(0.00)  Forward time: 0.22(0.24)  Batch time: 0.23(0.25)
2026-08-14 04:43:02,264   INFO  a1e06a0b30c0                Fri Aug 14 04:43:02 2026  580.173.02
[0] NVIDIA GeForce RTX 3070 | 68°C,  90 % |  6826 /  8192 MB | root(6428M)

2026-08-14 04:43:14,496   INFO  Train:    3/4 ( 75%) [52723/55563 ( 95%)]  Loss: 0.7501 (1.09)  LR: 7.303e-05  Time cost: 3:36:46/11:40 [6:34:46/4:00:07]  Acc_iter 163850      Data time: 0.00(0.00)  Forward time: 0.24(0.24)  Batch time: 0.24(0.25)
2026-08-14 04:43:26,725   INFO  Train:    3/4 ( 75%) [52773/55563 ( 95%)]  Loss: 0.6049 (1.09)  LR: 7.291e-05  Time cost: 3:36:58/11:28 [6:34:58/3:59:54]  Acc_iter 163900      Data time: 0.00(0.00)  Forward time: 0.25(0.24)  Batch time: 0.25(0.25)
2026-08-14 04:43:39,152   INFO  Train:    3/4 ( 75%) [52823/55563 ( 95%)]  Loss: 0.9014 (1.09)  LR: 7.280e-05  Time cost: 3:37:11/11:15 [6:35:11/3:59:42]  Acc_iter 163950      Data time: 0.00(0.00)  Forward time: 0.23(0.24)  Batch time: 0.23(0.25)
2026-08-14 04:43:39,514   INFO  a1e06a0b30c0                Fri Aug 14 04:43:39 2026  580.173.02
[0] NVIDIA GeForce RTX 3070 | 70°C,  97 % |  6825 /  8192 MB | root(6428M)

2026-08-14 04:43:51,537   INFO  Train:    3/4 ( 75%) [52873/55563 ( 95%)]  Loss: 1.253 (1.09)  LR: 7.269e-05  Time cost: 3:37:23/11:03 [6:35:23/3:59:30]  Acc_iter 164000      Data time: 0.00(0.00)  Forward time: 0.28(0.24)  Batch time: 0.28(0.25)
2026-08-14 04:44:03,948   INFO  Train:    3/4 ( 75%) [52923/55563 ( 95%)]  Loss: 1.682 (1.09)  LR: 7.257e-05  Time cost: 3:37:35/10:51 [6:35:36/3:59:18]  Acc_iter 164050      Data time: 0.00(0.00)  Forward time: 0.26(0.24)  Batch time: 0.26(0.25)
2026-08-14 04:44:16,325   INFO  Train:    3/4 ( 75%) [52973/55563 ( 95%)]  Loss: 0.6664 (1.09)  LR: 7.246e-05  Time cost: 3:37:48/10:38 [6:35:48/3:59:05]  Acc_iter 164100      Data time: 0.00(0.00)  Forward time: 0.23(0.24)  Batch time: 0.23(0.25)
2026-08-14 04:44:16,682   INFO  a1e06a0b30c0                Fri Aug 14 04:44:16 2026  580.173.02
[0] NVIDIA GeForce RTX 3070 | 67°C,  96 % |  6825 /  8192 MB | root(6428M)

2026-08-14 04:44:29,113   INFO  Train:    3/4 ( 75%) [53023/55563 ( 95%)]  Loss: 1.129 (1.09)  LR: 7.235e-05  Time cost: 3:38:01/10:26 [6:36:01/3:58:54]  Acc_iter 164150      Data time: 0.00(0.00)  Forward time: 0.23(0.24)  Batch time: 0.23(0.25)
2026-08-14 04:44:41,314   INFO  Train:    3/4 ( 75%) [53073/55563 ( 96%)]  Loss: 0.9607 (1.09)  LR: 7.223e-05  Time cost: 3:38:13/10:14 [6:36:13/3:58:41]  Acc_iter 164200      Data time: 0.00(0.00)  Forward time: 0.23(0.24)  Batch time: 0.23(0.25)
2026-08-14 04:44:53,206   INFO  Train:    3/4 ( 75%) [53123/55563 ( 96%)]  Loss: 0.9596 (1.09)  LR: 7.212e-05  Time cost: 3:38:25/10:01 [6:36:25/3:58:28]  Acc_iter 164250      Data time: 0.00(0.00)  Forward time: 0.25(0.24)  Batch time: 0.25(0.25)
2026-08-14 04:44:53,567   INFO  a1e06a0b30c0                Fri Aug 14 04:44:53 2026  580.173.02
[0] NVIDIA GeForce RTX 3070 | 64°C,  93 % |  6825 /  8192 MB | root(6428M)

2026-08-14 04:45:05,672   INFO  Train:    3/4 ( 75%) [53173/55563 ( 96%)]  Loss: 0.9671 (1.09)  LR: 7.201e-05  Time cost: 3:38:37/09:49 [6:36:37/3:58:16]  Acc_iter 164300      Data time: 0.00(0.00)  Forward time: 0.23(0.24)  Batch time: 0.24(0.25)
2026-08-14 04:45:17,962   INFO  Train:    3/4 ( 75%) [53223/55563 ( 96%)]  Loss: 1.432 (1.09)  LR: 7.189e-05  Time cost: 3:38:49/09:37 [6:36:50/3:58:04]  Acc_iter 164350      Data time: 0.00(0.00)  Forward time: 0.27(0.24)  Batch time: 0.27(0.25)
2026-08-14 04:45:30,306   INFO  Train:    3/4 ( 75%) [53273/55563 ( 96%)]  Loss: 0.9772 (1.09)  LR: 7.178e-05  Time cost: 3:39:02/09:24 [6:37:02/3:57:51]  Acc_iter 164400      Data time: 0.00(0.00)  Forward time: 0.26(0.24)  Batch time: 0.26(0.25)
2026-08-14 04:45:30,676   INFO  a1e06a0b30c0                Fri Aug 14 04:45:30 2026  580.173.02
[0] NVIDIA GeForce RTX 3070 | 67°C,  68 % |  6826 /  8192 MB | root(6428M)

2026-08-14 04:45:42,722   INFO  Train:    3/4 ( 75%) [53323/55563 ( 96%)]  Loss: 0.8673 (1.09)  LR: 7.167e-05  Time cost: 3:39:14/09:12 [6:37:14/3:57:39]  Acc_iter 164450      Data time: 0.00(0.00)  Forward time: 0.23(0.24)  Batch time: 0.23(0.25)
2026-08-14 04:45:54,898   INFO  Train:    3/4 ( 75%) [53373/55563 ( 96%)]  Loss: 0.7411 (1.09)  LR: 7.155e-05  Time cost: 3:39:26/09:00 [6:37:27/3:57:27]  Acc_iter 164500      Data time: 0.00(0.00)  Forward time: 0.27(0.24)  Batch time: 0.27(0.25)
2026-08-14 04:46:07,161   INFO  Train:    3/4 ( 75%) [53423/55563 ( 96%)]  Loss: 1.056 (1.09)  LR: 7.144e-05  Time cost: 3:39:39/08:47 [6:37:39/3:57:14]  Acc_iter 164550      Data time: 0.00(0.00)  Forward time: 0.27(0.24)  Batch time: 0.27(0.25)
2026-08-14 04:46:07,580   INFO  a1e06a0b30c0                Fri Aug 14 04:46:07 2026  580.173.02
[0] NVIDIA GeForce RTX 3070 | 70°C,  66 % |  6826 /  8192 MB | root(6428M)

2026-08-14 04:46:19,949   INFO  Train:    3/4 ( 75%) [53473/55563 ( 96%)]  Loss: 0.8972 (1.09)  LR: 7.133e-05  Time cost: 3:39:51/08:35 [6:37:52/3:57:02]  Acc_iter 164600      Data time: 0.00(0.00)  Forward time: 0.24(0.24)  Batch time: 0.24(0.25)
2026-08-14 04:46:28,229   INFO  Save latest model to /OpenPCDet/output/OpenPCDet/tools/cfgs/models/S/F/S_F_N/default/ckpt/latest_model
2026-08-14 04:46:32,093   INFO  Train:    3/4 ( 75%) [53523/55563 ( 96%)]  Loss: 0.9981 (1.09)  LR: 7.122e-05  Time cost: 3:40:04/08:23 [6:38:04/3:56:50]  Acc_iter 164650      Data time: 0.00(0.00)  Forward time: 0.22(0.24)  Batch time: 0.22(0.25)
2026-08-14 04:46:43,995   INFO  Train:    3/4 ( 75%) [53573/55563 ( 96%)]  Loss: 0.8493 (1.09)  LR: 7.110e-05  Time cost: 3:40:15/08:10 [6:38:16/3:56:37]  Acc_iter 164700      Data time: 0.00(0.00)  Forward time: 0.24(0.24)  Batch time: 0.24(0.25)
2026-08-14 04:46:44,348   INFO  a1e06a0b30c0                Fri Aug 14 04:46:44 2026  580.173.02
[0] NVIDIA GeForce RTX 3070 | 70°C,  95 % |  6826 /  8192 MB | root(6428M)

2026-08-14 04:46:56,559   INFO  Train:    3/4 ( 75%) [53623/55563 ( 97%)]  Loss: 0.7673 (1.09)  LR: 7.099e-05  Time cost: 3:40:28/07:58 [6:38:28/3:56:25]  Acc_iter 164750      Data time: 0.00(0.00)  Forward time: 0.28(0.24)  Batch time: 0.28(0.25)
2026-08-14 04:47:09,029   INFO  Train:    3/4 ( 75%) [53673/55563 ( 97%)]  Loss: 0.8683 (1.09)  LR: 7.088e-05  Time cost: 3:40:40/07:46 [6:38:41/3:56:13]  Acc_iter 164800      Data time: 0.00(0.00)  Forward time: 0.22(0.24)  Batch time: 0.22(0.25)
2026-08-14 04:47:20,900   INFO  Train:    3/4 ( 75%) [53723/55563 ( 97%)]  Loss: 0.9660 (1.09)  LR: 7.076e-05  Time cost: 3:40:52/07:33 [6:38:53/3:56:00]  Acc_iter 164850      Data time: 0.00(0.00)  Forward time: 0.20(0.24)  Batch time: 0.20(0.25)
2026-08-14 04:47:21,272   INFO  a1e06a0b30c0                Fri Aug 14 04:47:21 2026  580.173.02
[0] NVIDIA GeForce RTX 3070 | 69°C,  87 % |  6825 /  8192 MB | root(6428M)

2026-08-14 04:47:33,279   INFO  Train:    3/4 ( 75%) [53773/55563 ( 97%)]  Loss: 2.260 (1.09)  LR: 7.065e-05  Time cost: 3:41:05/07:21 [6:39:05/3:55:48]  Acc_iter 164900      Data time: 0.00(0.00)  Forward time: 0.23(0.24)  Batch time: 0.23(0.25)
2026-08-14 04:47:45,268   INFO  Train:    3/4 ( 75%) [53823/55563 ( 97%)]  Loss: 1.045 (1.09)  LR: 7.054e-05  Time cost: 3:41:17/07:09 [6:39:17/3:55:35]  Acc_iter 164950      Data time: 0.00(0.00)  Forward time: 0.25(0.24)  Batch time: 0.25(0.25)
2026-08-14 04:47:57,517   INFO  Train:    3/4 ( 75%) [53873/55563 ( 97%)]  Loss: 1.048 (1.09)  LR: 7.043e-05  Time cost: 3:41:29/06:56 [6:39:29/3:55:22]  Acc_iter 165000      Data time: 0.00(0.00)  Forward time: 0.28(0.24)  Batch time: 0.29(0.25)
2026-08-14 04:47:57,906   INFO  a1e06a0b30c0                Fri Aug 14 04:47:57 2026  580.173.02
[0] NVIDIA GeForce RTX 3070 | 70°C,  95 % |  6825 /  8192 MB | root(6428M)

2026-08-14 04:48:10,421   INFO  Train:    3/4 ( 75%) [53923/55563 ( 97%)]  Loss: 2.494 (1.09)  LR: 7.032e-05  Time cost: 3:41:42/06:44 [6:39:42/3:55:11]  Acc_iter 165050      Data time: 0.00(0.00)  Forward time: 0.26(0.24)  Batch time: 0.26(0.25)
2026-08-14 04:48:22,955   INFO  Train:    3/4 ( 75%) [53973/55563 ( 97%)]  Loss: 0.4069 (1.09)  LR: 7.020e-05  Time cost: 3:41:54/06:32 [6:39:55/3:54:59]  Acc_iter 165100      Data time: 0.00(0.00)  Forward time: 0.22(0.24)  Batch time: 0.22(0.25)
2026-08-14 04:48:35,156   INFO  Train:    3/4 ( 75%) [54023/55563 ( 97%)]  Loss: 0.9284 (1.09)  LR: 7.009e-05  Time cost: 3:42:07/06:19 [6:40:07/3:54:46]  Acc_iter 165150      Data time: 0.00(0.00)  Forward time: 0.26(0.24)  Batch time: 0.26(0.25)
2026-08-14 04:48:35,518   INFO  a1e06a0b30c0                Fri Aug 14 04:48:35 2026  580.173.02
[0] NVIDIA GeForce RTX 3070 | 71°C,  99 % |  6825 /  8192 MB | root(6428M)

2026-08-14 04:48:47,802   INFO  Train:    3/4 ( 75%) [54073/55563 ( 97%)]  Loss: 0.8613 (1.09)  LR: 6.998e-05  Time cost: 3:42:19/06:07 [6:40:19/3:54:34]  Acc_iter 165200      Data time: 0.00(0.00)  Forward time: 0.27(0.24)  Batch time: 0.27(0.25)
2026-08-14 04:49:00,108   INFO  Train:    3/4 ( 75%) [54123/55563 ( 97%)]  Loss: 0.6296 (1.09)  LR: 6.987e-05  Time cost: 3:42:32/05:55 [6:40:32/3:54:22]  Acc_iter 165250      Data time: 0.00(0.00)  Forward time: 0.24(0.24)  Batch time: 0.24(0.25)
2026-08-14 04:49:12,281   INFO  Train:    3/4 ( 75%) [54173/55563 ( 97%)]  Loss: 0.7618 (1.09)  LR: 6.975e-05  Time cost: 3:42:44/05:42 [6:40:44/3:54:09]  Acc_iter 165300      Data time: 0.00(0.00)  Forward time: 0.25(0.24)  Batch time: 0.25(0.25)
2026-08-14 04:49:12,642   INFO  a1e06a0b30c0                Fri Aug 14 04:49:12 2026  580.173.02
[0] NVIDIA GeForce RTX 3070 | 65°C,  79 % |  6826 /  8192 MB | root(6428M)

2026-08-14 04:49:24,894   INFO  Train:    3/4 ( 75%) [54223/55563 ( 98%)]  Loss: 1.150 (1.09)  LR: 6.964e-05  Time cost: 3:42:56/05:30 [6:40:57/3:53:57]  Acc_iter 165350      Data time: 0.00(0.00)  Forward time: 0.23(0.24)  Batch time: 0.23(0.25)
2026-08-14 04:49:37,038   INFO  Train:    3/4 ( 75%) [54273/55563 ( 98%)]  Loss: 1.505 (1.09)  LR: 6.953e-05  Time cost: 3:43:08/05:18 [6:41:09/3:53:45]  Acc_iter 165400      Data time: 0.00(0.00)  Forward time: 0.24(0.24)  Batch time: 0.24(0.25)
2026-08-14 04:49:49,379   INFO  Train:    3/4 ( 75%) [54323/55563 ( 98%)]  Loss: 1.143 (1.09)  LR: 6.942e-05  Time cost: 3:43:21/05:05 [6:41:21/3:53:32]  Acc_iter 165450      Data time: 0.00(0.00)  Forward time: 0.22(0.24)  Batch time: 0.22(0.25)
2026-08-14 04:49:49,790   INFO  a1e06a0b30c0                Fri Aug 14 04:49:49 2026  580.173.02
[0] NVIDIA GeForce RTX 3070 | 70°C,  71 % |  6825 /  8192 MB | root(6428M)

2026-08-14 04:50:01,829   INFO  Train:    3/4 ( 75%) [54373/55563 ( 98%)]  Loss: 1.362 (1.09)  LR: 6.931e-05  Time cost: 3:43:33/04:53 [6:41:33/3:53:20]  Acc_iter 165500      Data time: 0.00(0.00)  Forward time: 0.28(0.24)  Batch time: 0.28(0.25)
2026-08-14 04:50:14,118   INFO  Train:    3/4 ( 75%) [54423/55563 ( 98%)]  Loss: 0.9527 (1.09)  LR: 6.920e-05  Time cost: 3:43:46/04:41 [6:41:46/3:53:08]  Acc_iter 165550      Data time: 0.00(0.00)  Forward time: 0.20(0.24)  Batch time: 0.20(0.25)
2026-08-14 04:50:26,109   INFO  Train:    3/4 ( 75%) [54473/55563 ( 98%)]  Loss: 1.183 (1.09)  LR: 6.908e-05  Time cost: 3:43:58/04:28 [6:41:58/3:52:55]  Acc_iter 165600      Data time: 0.00(0.00)  Forward time: 0.24(0.24)  Batch time: 0.24(0.25)
2026-08-14 04:50:26,487   INFO  a1e06a0b30c0                Fri Aug 14 04:50:26 2026  580.173.02
[0] NVIDIA GeForce RTX 3070 | 71°C,  67 % |  6825 /  8192 MB | root(6428M)

2026-08-14 04:50:38,711   INFO  Train:    3/4 ( 75%) [54523/55563 ( 98%)]  Loss: 0.5418 (1.09)  LR: 6.897e-05  Time cost: 3:44:10/04:16 [6:42:10/3:52:43]  Acc_iter 165650      Data time: 0.00(0.00)  Forward time: 0.24(0.24)  Batch time: 0.24(0.25)
2026-08-14 04:50:51,255   INFO  Train:    3/4 ( 75%) [54573/55563 ( 98%)]  Loss: 0.7246 (1.09)  LR: 6.886e-05  Time cost: 3:44:23/04:04 [6:42:23/3:52:31]  Acc_iter 165700      Data time: 0.00(0.00)  Forward time: 0.26(0.24)  Batch time: 0.26(0.25)
2026-08-14 04:51:03,118   INFO  Train:    3/4 ( 75%) [54623/55563 ( 98%)]  Loss: 1.310 (1.09)  LR: 6.875e-05  Time cost: 3:44:35/03:51 [6:42:35/3:52:18]  Acc_iter 165750      Data time: 0.00(0.00)  Forward time: 0.20(0.24)  Batch time: 0.21(0.25)
2026-08-14 04:51:03,474   INFO  a1e06a0b30c0                Fri Aug 14 04:51:03 2026  580.173.02
[0] NVIDIA GeForce RTX 3070 | 69°C,  82 % |  6825 /  8192 MB | root(6428M)

2026-08-14 04:51:15,509   INFO  Train:    3/4 ( 75%) [54673/55563 ( 98%)]  Loss: 0.5597 (1.09)  LR: 6.864e-05  Time cost: 3:44:47/03:39 [6:42:47/3:52:06]  Acc_iter 165800      Data time: 0.00(0.00)  Forward time: 0.22(0.24)  Batch time: 0.22(0.25)
2026-08-14 04:51:27,648   INFO  Train:    3/4 ( 75%) [54723/55563 ( 98%)]  Loss: 1.051 (1.09)  LR: 6.853e-05  Time cost: 3:44:59/03:27 [6:42:59/3:51:53]  Acc_iter 165850      Data time: 0.00(0.00)  Forward time: 0.29(0.24)  Batch time: 0.29(0.25)
2026-08-14 04:51:28,267   INFO  Save latest model to /OpenPCDet/output/OpenPCDet/tools/cfgs/models/S/F/S_F_N/default/ckpt/latest_model
2026-08-14 04:51:40,239   INFO  Train:    3/4 ( 75%) [54773/55563 ( 99%)]  Loss: 0.7934 (1.09)  LR: 6.842e-05  Time cost: 3:45:12/03:14 [6:43:12/3:51:41]  Acc_iter 165900      Data time: 0.00(0.00)  Forward time: 0.25(0.24)  Batch time: 0.25(0.25)
2026-08-14 04:51:40,617   INFO  a1e06a0b30c0                Fri Aug 14 04:51:40 2026  580.173.02
[0] NVIDIA GeForce RTX 3070 | 63°C,  95 % |  6825 /  8192 MB | root(6428M)

2026-08-14 04:51:52,528   INFO  Train:    3/4 ( 75%) [54823/55563 ( 99%)]  Loss: 0.7000 (1.09)  LR: 6.830e-05  Time cost: 3:45:24/03:02 [6:43:24/3:51:29]  Acc_iter 165950      Data time: 0.00(0.00)  Forward time: 0.23(0.24)  Batch time: 0.23(0.25)
2026-08-14 04:52:04,795   INFO  Train:    3/4 ( 75%) [54873/55563 ( 99%)]  Loss: 2.017 (1.09)  LR: 6.819e-05  Time cost: 3:45:36/02:50 [6:43:36/3:51:16]  Acc_iter 166000      Data time: 0.00(0.00)  Forward time: 0.27(0.24)  Batch time: 0.27(0.25)
2026-08-14 04:52:17,250   INFO  Train:    3/4 ( 75%) [54923/55563 ( 99%)]  Loss: 0.3919 (1.09)  LR: 6.808e-05  Time cost: 3:45:49/02:37 [6:43:49/3:51:04]  Acc_iter 166050      Data time: 0.00(0.00)  Forward time: 0.27(0.24)  Batch time: 0.27(0.25)
2026-08-14 04:52:17,602   INFO  a1e06a0b30c0                Fri Aug 14 04:52:17 2026  580.173.02
[0] NVIDIA GeForce RTX 3070 | 64°C,  93 % |  6826 /  8192 MB | root(6428M)

2026-08-14 04:52:30,065   INFO  Train:    3/4 ( 75%) [54973/55563 ( 99%)]  Loss: 0.6509 (1.09)  LR: 6.797e-05  Time cost: 3:46:02/02:25 [6:44:02/3:50:52]  Acc_iter 166100      Data time: 0.00(0.00)  Forward time: 0.25(0.24)  Batch time: 0.25(0.25)
2026-08-14 04:52:42,447   INFO  Train:    3/4 ( 75%) [55023/55563 ( 99%)]  Loss: 0.8504 (1.09)  LR: 6.786e-05  Time cost: 3:46:14/02:13 [6:44:14/3:50:40]  Acc_iter 166150      Data time: 0.00(0.00)  Forward time: 0.25(0.24)  Batch time: 0.25(0.25)
2026-08-14 04:52:54,510   INFO  Train:    3/4 ( 75%) [55073/55563 ( 99%)]  Loss: 1.075 (1.09)  LR: 6.775e-05  Time cost: 3:46:26/02:00 [6:44:26/3:50:27]  Acc_iter 166200      Data time: 0.00(0.00)  Forward time: 0.25(0.24)  Batch time: 0.25(0.25)
2026-08-14 04:52:54,878   INFO  a1e06a0b30c0                Fri Aug 14 04:52:54 2026  580.173.02
[0] NVIDIA GeForce RTX 3070 | 70°C,  95 % |  6825 /  8192 MB | root(6428M)

2026-08-14 04:53:06,921   INFO  Train:    3/4 ( 75%) [55123/55563 ( 99%)]  Loss: 0.5285 (1.09)  LR: 6.764e-05  Time cost: 3:46:38/01:48 [6:44:39/3:50:15]  Acc_iter 166250      Data time: 0.00(0.00)  Forward time: 0.23(0.24)  Batch time: 0.23(0.25)
2026-08-14 04:53:19,339   INFO  Train:    3/4 ( 75%) [55173/55563 ( 99%)]  Loss: 1.785 (1.09)  LR: 6.753e-05  Time cost: 3:46:51/01:36 [6:44:51/3:50:03]  Acc_iter 166300      Data time: 0.00(0.00)  Forward time: 0.23(0.24)  Batch time: 0.23(0.25)
2026-08-14 04:53:31,608   INFO  Train:    3/4 ( 75%) [55223/55563 ( 99%)]  Loss: 0.9373 (1.09)  LR: 6.742e-05  Time cost: 3:47:03/01:23 [6:45:03/3:49:51]  Acc_iter 166350      Data time: 0.00(0.00)  Forward time: 0.25(0.24)  Batch time: 0.25(0.25)
2026-08-14 04:53:31,978   INFO  a1e06a0b30c0                Fri Aug 14 04:53:31 2026  580.173.02
[0] NVIDIA GeForce RTX 3070 | 68°C,  78 % |  6825 /  8192 MB | root(6428M)

2026-08-14 04:53:43,924   INFO  Train:    3/4 ( 75%) [55273/55563 ( 99%)]  Loss: 0.5497 (1.09)  LR: 6.731e-05  Time cost: 3:47:15/01:11 [6:45:16/3:49:38]  Acc_iter 166400      Data time: 0.00(0.00)  Forward time: 0.23(0.24)  Batch time: 0.23(0.25)
2026-08-14 04:53:56,214   INFO  Train:    3/4 ( 75%) [55323/55563 (100%)]  Loss: 0.8954 (1.09)  LR: 6.720e-05  Time cost: 3:47:28/00:59 [6:45:28/3:49:26]  Acc_iter 166450      Data time: 0.00(0.00)  Forward time: 0.24(0.24)  Batch time: 0.24(0.25)
2026-08-14 04:54:08,293   INFO  Train:    3/4 ( 75%) [55373/55563 (100%)]  Loss: 0.8600 (1.09)  LR: 6.709e-05  Time cost: 3:47:40/00:46 [6:45:40/3:49:13]  Acc_iter 166500      Data time: 0.00(0.00)  Forward time: 0.25(0.24)  Batch time: 0.25(0.25)
2026-08-14 04:54:08,693   INFO  a1e06a0b30c0                Fri Aug 14 04:54:08 2026  580.173.02
[0] NVIDIA GeForce RTX 3070 | 65°C,  76 % |  6830 /  8192 MB | root(6428M)

2026-08-14 04:54:21,073   INFO  Train:    3/4 ( 75%) [55423/55563 (100%)]  Loss: 0.9386 (1.09)  LR: 6.698e-05  Time cost: 3:47:53/00:34 [6:45:53/3:49:01]  Acc_iter 166550      Data time: 0.00(0.00)  Forward time: 0.22(0.24)  Batch time: 0.23(0.25)
2026-08-14 04:54:33,958   INFO  Train:    3/4 ( 75%) [55473/55563 (100%)]  Loss: 0.8874 (1.09)  LR: 6.686e-05  Time cost: 3:48:05/00:22 [6:46:06/3:48:50]  Acc_iter 166600      Data time: 0.00(0.00)  Forward time: 0.22(0.24)  Batch time: 0.22(0.25)
2026-08-14 04:54:46,511   INFO  Train:    3/4 ( 75%) [55523/55563 (100%)]  Loss: 0.8285 (1.09)  LR: 6.675e-05  Time cost: 3:48:18/00:09 [6:46:18/3:48:37]  Acc_iter 166650      Data time: 0.00(0.00)  Forward time: 0.24(0.24)  Batch time: 0.24(0.25)
2026-08-14 04:54:46,873   INFO  a1e06a0b30c0                Fri Aug 14 04:54:46 2026  580.173.02
[0] NVIDIA GeForce RTX 3070 | 69°C,  96 % |  6827 /  8192 MB | root(6428M)

2026-08-14 04:54:56,522   INFO  Train:    3/4 ( 75%) [55562/55563 (100%)]  Loss: 0.7647 (1.09)  LR: 6.667e-05  Time cost: 3:48:28/00:00 [6:46:28/3:48:28]  Acc_iter 166689      Data time: 0.00(0.00)  Forward time: 0.26(0.24)  Batch time: 0.26(0.25)
2026-08-14 04:54:58,799   INFO  Train:    4/4 (100%) [   0/55563 (  0%)]  Loss: 1.292 (1.29)  LR: 6.667e-05  Time cost: 00:01/24:28:52 [6:46:30/24:28:52]  Acc_iter 166690      Data time: 1.23(1.23)  Forward time: 0.36(0.36)  Batch time: 1.59(1.59)
2026-08-14 04:55:01,289   INFO  Train:    4/4 (100%) [  10/55563 (  0%)]  Loss: 1.117 (0.726)  LR: 6.664e-05  Time cost: 00:04/5:43:02 [6:46:33/5:43:02]  Acc_iter 166700      Data time: 0.00(0.11)  Forward time: 0.24(0.26)  Batch time: 0.24(0.37)
2026-08-14 04:55:14,046   INFO  Train:    4/4 (100%) [  60/55563 (  0%)]  Loss: 1.547 (0.994)  LR: 6.653e-05  Time cost: 00:16/4:15:15 [6:46:46/4:15:15]  Acc_iter 166750      Data time: 0.00(0.02)  Forward time: 0.26(0.25)  Batch time: 0.26(0.28)
2026-08-14 04:55:26,530   INFO  Train:    4/4 (100%) [ 110/55563 (  0%)]  Loss: 1.301 (0.995)  LR: 6.642e-05  Time cost: 00:29/4:04:06 [6:46:58/4:04:06]  Acc_iter 166800      Data time: 0.00(0.01)  Forward time: 0.24(0.25)  Batch time: 0.24(0.26)
2026-08-14 04:55:26,912   INFO  a1e06a0b30c0                Fri Aug 14 04:55:26 2026  580.173.02
[0] NVIDIA GeForce RTX 3070 | 69°C,  95 % |  6824 /  8192 MB | root(6428M)

2026-08-14 04:55:39,213   INFO  Train:    4/4 (100%) [ 160/55563 (  0%)]  Loss: 1.526 (1.01)  LR: 6.631e-05  Time cost: 00:42/4:00:53 [6:47:11/4:00:53]  Acc_iter 166850      Data time: 0.00(0.01)  Forward time: 0.23(0.25)  Batch time: 0.24(0.26)
2026-08-14 04:55:51,347   INFO  Train:    4/4 (100%) [ 210/55563 (  0%)]  Loss: 2.411 (1.03)  LR: 6.620e-05  Time cost: 00:54/3:56:41 [6:47:23/3:56:41]  Acc_iter 166900      Data time: 0.00(0.01)  Forward time: 0.23(0.25)  Batch time: 0.23(0.26)
2026-08-14 04:56:03,849   INFO  Train:    4/4 (100%) [ 260/55563 (  0%)]  Loss: 0.8537 (1.02)  LR: 6.609e-05  Time cost: 01:06/3:55:19 [6:47:35/3:55:19]  Acc_iter 166950      Data time: 0.00(0.01)  Forward time: 0.28(0.25)  Batch time: 0.28(0.26)
2026-08-14 04:56:04,279   INFO  a1e06a0b30c0                Fri Aug 14 04:56:04 2026  580.173.02
[0] NVIDIA GeForce RTX 3070 | 64°C,   5 % |  6825 /  8192 MB | root(6428M)

2026-08-14 04:56:16,739   INFO  Train:    4/4 (100%) [ 310/55563 (  1%)]  Loss: 1.114 (1.04)  LR: 6.598e-05  Time cost: 01:19/3:55:28 [6:47:48/3:55:28]  Acc_iter 167000      Data time: 0.00(0.01)  Forward time: 0.28(0.25)  Batch time: 0.28(0.26)
2026-08-14 04:56:28,874   INFO  Train:    4/4 (100%) [ 360/55563 (  1%)]  Loss: 0.4810 (1.03)  LR: 6.587e-05  Time cost: 01:31/3:53:36 [6:48:00/3:53:36]  Acc_iter 167050      Data time: 0.00(0.01)  Forward time: 0.23(0.25)  Batch time: 0.24(0.25)
2026-08-14 04:56:41,276   INFO  Train:    4/4 (100%) [ 410/55563 (  1%)]  Loss: 0.8210 (1.03)  LR: 6.577e-05  Time cost: 01:44/3:52:44 [6:48:13/3:52:44]  Acc_iter 167100      Data time: 0.00(0.01)  Forward time: 0.26(0.25)  Batch time: 0.26(0.25)
2026-08-14 04:56:41,630   INFO  a1e06a0b30c0                Fri Aug 14 04:56:41 2026  580.173.02
[0] NVIDIA GeForce RTX 3070 | 64°C,  93 % |  6825 /  8192 MB | root(6428M)

2026-08-14 04:56:53,945   INFO  Train:    4/4 (100%) [ 460/55563 (  1%)]  Loss: 1.518 (1.05)  LR: 6.566e-05  Time cost: 01:56/3:52:32 [6:48:26/3:52:32]  Acc_iter 167150      Data time: 0.00(0.01)  Forward time: 0.26(0.25)  Batch time: 0.26(0.25)
2026-08-14 04:57:06,425   INFO  Train:    4/4 (100%) [ 510/55563 (  1%)]  Loss: 0.6352 (1.05)  LR: 6.555e-05  Time cost: 02:09/3:52:00 [6:48:38/3:52:00]  Acc_iter 167200      Data time: 0.00(0.01)  Forward time: 0.22(0.25)  Batch time: 0.22(0.25)
2026-08-14 04:57:19,066   INFO  Train:    4/4 (100%) [ 560/55563 (  1%)]  Loss: 0.7820 (1.05)  LR: 6.544e-05  Time cost: 02:21/3:51:47 [6:48:51/3:51:47]  Acc_iter 167250      Data time: 0.00(0.01)  Forward time: 0.26(0.25)  Batch time: 0.26(0.25)
2026-08-14 04:57:19,433   INFO  a1e06a0b30c0                Fri Aug 14 04:57:19 2026  580.173.02
[0] NVIDIA GeForce RTX 3070 | 69°C,  81 % |  6828 /  8192 MB | root(6428M)

2026-08-14 04:57:31,808   INFO  Train:    4/4 (100%) [ 610/55563 (  1%)]  Loss: 0.5630 (1.05)  LR: 6.533e-05  Time cost: 02:34/3:51:44 [6:49:03/3:51:44]  Acc_iter 167300      Data time: 0.00(0.01)  Forward time: 0.23(0.25)  Batch time: 0.23(0.25)
2026-08-14 04:57:44,483   INFO  Train:    4/4 (100%) [ 660/55563 (  1%)]  Loss: 1.206 (1.05)  LR: 6.522e-05  Time cost: 02:47/3:51:33 [6:49:16/3:51:33]  Acc_iter 167350      Data time: 0.00(0.01)  Forward time: 0.22(0.25)  Batch time: 0.22(0.25)
2026-08-14 04:57:56,960   INFO  Train:    4/4 (100%) [ 710/55563 (  1%)]  Loss: 1.377 (1.05)  LR: 6.511e-05  Time cost: 02:59/3:51:07 [6:49:29/3:51:07]  Acc_iter 167400      Data time: 0.00(0.01)  Forward time: 0.27(0.25)  Batch time: 0.27(0.25)
2026-08-14 04:57:57,380   INFO  a1e06a0b30c0                Fri Aug 14 04:57:57 2026  580.173.02
[0] NVIDIA GeForce RTX 3070 | 70°C,  98 % |  6829 /  8192 MB | root(6428M)

2026-08-14 04:58:09,659   INFO  Train:    4/4 (100%) [ 760/55563 (  1%)]  Loss: 0.2621 (1.05)  LR: 6.500e-05  Time cost: 03:12/3:50:58 [6:49:41/3:50:58]  Acc_iter 167450      Data time: 0.00(0.01)  Forward time: 0.21(0.25)  Batch time: 0.21(0.25)
2026-08-14 04:58:21,796   INFO  Train:    4/4 (100%) [ 810/55563 (  1%)]  Loss: 1.640 (1.04)  LR: 6.489e-05  Time cost: 03:24/3:50:11 [6:49:53/3:50:11]  Acc_iter 167500      Data time: 0.00(0.01)  Forward time: 0.23(0.25)  Batch time: 0.24(0.25)
2026-08-14 04:58:34,162   INFO  Train:    4/4 (100%) [ 860/55563 (  2%)]  Loss: 1.503 (1.05)  LR: 6.478e-05  Time cost: 03:36/3:49:43 [6:50:06/3:49:43]  Acc_iter 167550      Data time: 0.00(0.00)  Forward time: 0.25(0.25)  Batch time: 0.25(0.25)
2026-08-14 04:58:34,542   INFO  a1e06a0b30c0                Fri Aug 14 04:58:34 2026  580.173.02
[0] NVIDIA GeForce RTX 3070 | 70°C,  99 % |  6828 /  8192 MB | root(6428M)

2026-08-14 04:58:47,043   INFO  Train:    4/4 (100%) [ 910/55563 (  2%)]  Loss: 1.766 (1.05)  LR: 6.467e-05  Time cost: 03:49/3:49:48 [6:50:19/3:49:48]  Acc_iter 167600      Data time: 0.00(0.01)  Forward time: 0.27(0.25)  Batch time: 0.27(0.25)
2026-08-14 04:58:59,483   INFO  Train:    4/4 (100%) [ 960/55563 (  2%)]  Loss: 0.4106 (1.05)  LR: 6.456e-05  Time cost: 04:02/3:49:25 [6:50:31/3:49:25]  Acc_iter 167650      Data time: 0.00(0.00)  Forward time: 0.27(0.25)  Batch time: 0.28(0.25)
2026-08-14 04:59:11,973   INFO  Train:    4/4 (100%) [1010/55563 (  2%)]  Loss: 0.8198 (1.05)  LR: 6.445e-05  Time cost: 04:14/3:49:06 [6:50:44/3:49:06]  Acc_iter 167700      Data time: 0.00(0.00)  Forward time: 0.26(0.25)  Batch time: 0.26(0.25)
2026-08-14 04:59:12,353   INFO  a1e06a0b30c0                Fri Aug 14 04:59:12 2026  580.173.02
[0] NVIDIA GeForce RTX 3070 | 70°C,  85 % |  6828 /  8192 MB | root(6428M)

2026-08-14 04:59:24,769   INFO  Train:    4/4 (100%) [1060/55563 (  2%)]  Loss: 1.143 (1.05)  LR: 6.435e-05  Time cost: 04:27/3:49:04 [6:50:56/3:49:04]  Acc_iter 167750      Data time: 0.00(0.00)  Forward time: 0.28(0.25)  Batch time: 0.29(0.25)
2026-08-14 04:59:37,134   INFO  Train:    4/4 (100%) [1110/55563 (  2%)]  Loss: 0.9572 (1.05)  LR: 6.424e-05  Time cost: 04:39/3:48:39 [6:51:09/3:48:39]  Acc_iter 167800      Data time: 0.00(0.00)  Forward time: 0.26(0.25)  Batch time: 0.26(0.25)
2026-08-14 04:59:50,011   INFO  Train:    4/4 (100%) [1160/55563 (  2%)]  Loss: 0.5111 (1.05)  LR: 6.413e-05  Time cost: 04:52/3:48:40 [6:51:22/3:48:40]  Acc_iter 167850      Data time: 0.00(0.00)  Forward time: 0.26(0.25)  Batch time: 0.26(0.25)
2026-08-14 04:59:50,379   INFO  a1e06a0b30c0                Fri Aug 14 04:59:50 2026  580.173.02
[0] NVIDIA GeForce RTX 3070 | 71°C, 100 % |  6828 /  8192 MB | root(6428M)

2026-08-14 04:59:57,455   INFO  Save latest model to /OpenPCDet/output/OpenPCDet/tools/cfgs/models/S/F/S_F_N/default/ckpt/latest_model
2026-08-14 05:00:02,973   INFO  Train:    4/4 (100%) [1210/55563 (  2%)]  Loss: 1.116 (1.05)  LR: 6.402e-05  Time cost: 05:05/3:48:43 [6:51:35/3:48:43]  Acc_iter 167900      Data time: 0.00(0.00)  Forward time: 0.28(0.25)  Batch time: 0.28(0.25)
2026-08-14 05:00:15,356   INFO  Train:    4/4 (100%) [1260/55563 (  2%)]  Loss: 0.8512 (1.05)  LR: 6.391e-05  Time cost: 05:18/3:48:20 [6:51:47/3:48:20]  Acc_iter 167950      Data time: 0.00(0.00)  Forward time: 0.25(0.25)  Batch time: 0.25(0.25)
2026-08-14 05:00:27,825   INFO  Train:    4/4 (100%) [1310/55563 (  2%)]  Loss: 0.5780 (1.05)  LR: 6.380e-05  Time cost: 05:30/3:48:01 [6:51:59/3:48:01]  Acc_iter 168000      Data time: 0.00(0.00)  Forward time: 0.25(0.25)  Batch time: 0.25(0.25)
2026-08-14 05:00:28,194   INFO  a1e06a0b30c0                Fri Aug 14 05:00:28 2026  580.173.02
[0] NVIDIA GeForce RTX 3070 | 64°C,   3 % |  6825 /  8192 MB | root(6428M)

2026-08-14 05:00:41,087   INFO  Train:    4/4 (100%) [1360/55563 (  2%)]  Loss: 1.107 (1.05)  LR: 6.369e-05  Time cost: 05:43/3:48:15 [6:52:13/3:48:15]  Acc_iter 168050      Data time: 0.00(0.00)  Forward time: 0.24(0.25)  Batch time: 0.24(0.25)
2026-08-14 05:00:53,284   INFO  Train:    4/4 (100%) [1410/55563 (  3%)]  Loss: 1.352 (1.05)  LR: 6.359e-05  Time cost: 05:56/3:47:45 [6:52:25/3:47:45]  Acc_iter 168100      Data time: 0.00(0.00)  Forward time: 0.22(0.25)  Batch time: 0.23(0.25)
2026-08-14 05:01:05,824   INFO  Train:    4/4 (100%) [1460/55563 (  3%)]  Loss: 0.8698 (1.05)  LR: 6.348e-05  Time cost: 06:08/3:47:30 [6:52:37/3:47:30]  Acc_iter 168150      Data time: 0.00(0.00)  Forward time: 0.26(0.25)  Batch time: 0.26(0.25)
2026-08-14 05:01:06,190   INFO  a1e06a0b30c0                Fri Aug 14 05:01:06 2026  580.173.02
[0] NVIDIA GeForce RTX 3070 | 64°C,   3 % |  6825 /  8192 MB | root(6428M)

2026-08-14 05:01:18,540   INFO  Train:    4/4 (100%) [1510/55563 (  3%)]  Loss: 0.5428 (1.05)  LR: 6.337e-05  Time cost: 06:21/3:47:21 [6:52:50/3:47:21]  Acc_iter 168200      Data time: 0.00(0.00)  Forward time: 0.23(0.25)  Batch time: 0.23(0.25)
2026-08-14 05:01:31,101   INFO  Train:    4/4 (100%) [1560/55563 (  3%)]  Loss: 0.7517 (1.05)  LR: 6.326e-05  Time cost: 06:33/3:47:06 [6:53:03/3:47:06]  Acc_iter 168250      Data time: 0.00(0.00)  Forward time: 0.25(0.25)  Batch time: 0.25(0.25)
2026-08-14 05:01:43,855   INFO  Train:    4/4 (100%) [1610/55563 (  3%)]  Loss: 0.9776 (1.05)  LR: 6.315e-05  Time cost: 06:46/3:46:58 [6:53:15/3:46:58]  Acc_iter 168300      Data time: 0.00(0.00)  Forward time: 0.26(0.25)  Batch time: 0.26(0.25)
2026-08-14 05:01:44,217   INFO  a1e06a0b30c0                Fri Aug 14 05:01:44 2026  580.173.02
[0] NVIDIA GeForce RTX 3070 | 65°C,  19 % |  6826 /  8192 MB | root(6428M)

2026-08-14 05:01:56,697   INFO  Train:    4/4 (100%) [1660/55563 (  3%)]  Loss: 0.9356 (1.05)  LR: 6.304e-05  Time cost: 06:59/3:46:53 [6:53:28/3:46:53]  Acc_iter 168350      Data time: 0.00(0.00)  Forward time: 0.26(0.25)  Batch time: 0.26(0.25)
2026-08-14 05:02:09,259   INFO  Train:    4/4 (100%) [1710/55563 (  3%)]  Loss: 0.7451 (1.05)  LR: 6.294e-05  Time cost: 07:12/3:46:38 [6:53:41/3:46:38]  Acc_iter 168400      Data time: 0.00(0.00)  Forward time: 0.24(0.25)  Batch time: 0.25(0.25)
2026-08-14 05:02:21,717   INFO  Train:    4/4 (100%) [1760/55563 (  3%)]  Loss: 0.9094 (1.05)  LR: 6.283e-05  Time cost: 07:24/3:46:20 [6:53:53/3:46:20]  Acc_iter 168450      Data time: 0.00(0.00)  Forward time: 0.22(0.25)  Batch time: 0.22(0.25)
2026-08-14 05:02:22,104   INFO  a1e06a0b30c0                Fri Aug 14 05:02:22 2026  580.173.02
[0] NVIDIA GeForce RTX 3070 | 70°C,  93 % |  6825 /  8192 MB | root(6428M)

2026-08-14 05:02:34,858   INFO  Train:    4/4 (100%) [1810/55563 (  3%)]  Loss: 1.044 (1.05)  LR: 6.272e-05  Time cost: 07:37/3:46:23 [6:54:06/3:46:23]  Acc_iter 168500      Data time: 0.00(0.00)  Forward time: 0.23(0.25)  Batch time: 0.24(0.25)
2026-08-14 05:02:47,244   INFO  Train:    4/4 (100%) [1860/55563 (  3%)]  Loss: 0.6479 (1.05)  LR: 6.261e-05  Time cost: 07:50/3:46:03 [6:54:19/3:46:03]  Acc_iter 168550      Data time: 0.00(0.00)  Forward time: 0.23(0.25)  Batch time: 0.23(0.25)
2026-08-14 05:02:59,596   INFO  Train:    4/4 (100%) [1910/55563 (  3%)]  Loss: 0.8022 (1.05)  LR: 6.251e-05  Time cost: 08:02/3:45:43 [6:54:31/3:45:43]  Acc_iter 168600      Data time: 0.00(0.00)  Forward time: 0.22(0.25)  Batch time: 0.22(0.25)
2026-08-14 05:02:59,948   INFO  a1e06a0b30c0                Fri Aug 14 05:02:59 2026  580.173.02
[0] NVIDIA GeForce RTX 3070 | 68°C,  75 % |  6825 /  8192 MB | root(6428M)

2026-08-14 05:03:12,486   INFO  Train:    4/4 (100%) [1960/55563 (  4%)]  Loss: 1.140 (1.05)  LR: 6.240e-05  Time cost: 08:15/3:45:38 [6:54:44/3:45:38]  Acc_iter 168650      Data time: 0.00(0.00)  Forward time: 0.25(0.25)  Batch time: 0.25(0.25)
2026-08-14 05:03:25,240   INFO  Train:    4/4 (100%) [2010/55563 (  4%)]  Loss: 0.8460 (1.06)  LR: 6.229e-05  Time cost: 08:28/3:45:28 [6:54:57/3:45:28]  Acc_iter 168700      Data time: 0.00(0.00)  Forward time: 0.24(0.25)  Batch time: 0.24(0.25)
2026-08-14 05:03:37,604   INFO  Train:    4/4 (100%) [2060/55563 (  4%)]  Loss: 0.5307 (1.05)  LR: 6.218e-05  Time cost: 08:40/3:45:09 [6:55:09/3:45:09]  Acc_iter 168750      Data time: 0.00(0.00)  Forward time: 0.25(0.25)  Batch time: 0.26(0.25)
2026-08-14 05:03:37,986   INFO  a1e06a0b30c0                Fri Aug 14 05:03:37 2026  580.173.02
[0] NVIDIA GeForce RTX 3070 | 70°C,  95 % |  6825 /  8192 MB | root(6428M)

2026-08-14 05:03:50,166   INFO  Train:    4/4 (100%) [2110/55563 (  4%)]  Loss: 0.8890 (1.05)  LR: 6.208e-05  Time cost: 08:52/3:44:54 [6:55:22/3:44:54]  Acc_iter 168800      Data time: 0.00(0.00)  Forward time: 0.24(0.25)  Batch time: 0.24(0.25)
2026-08-14 05:04:02,897   INFO  Train:    4/4 (100%) [2160/55563 (  4%)]  Loss: 1.277 (1.05)  LR: 6.197e-05  Time cost: 09:05/3:44:45 [6:55:35/3:44:45]  Acc_iter 168850      Data time: 0.00(0.00)  Forward time: 0.24(0.25)  Batch time: 0.25(0.25)
2026-08-14 05:04:15,495   INFO  Train:    4/4 (100%) [2210/55563 (  4%)]  Loss: 0.8867 (1.05)  LR: 6.186e-05  Time cost: 09:18/3:44:31 [6:55:47/3:44:31]  Acc_iter 168900      Data time: 0.00(0.00)  Forward time: 0.25(0.25)  Batch time: 0.25(0.25)
2026-08-14 05:04:15,904   INFO  a1e06a0b30c0                Fri Aug 14 05:04:15 2026  580.173.02
[0] NVIDIA GeForce RTX 3070 | 70°C,  79 % |  6826 /  8192 MB | root(6428M)

2026-08-14 05:04:28,433   INFO  Train:    4/4 (100%) [2260/55563 (  4%)]  Loss: 0.7985 (1.05)  LR: 6.175e-05  Time cost: 09:31/3:44:26 [6:56:00/3:44:26]  Acc_iter 168950      Data time: 0.00(0.00)  Forward time: 0.23(0.25)  Batch time: 0.23(0.25)
2026-08-14 05:04:40,671   INFO  Train:    4/4 (100%) [2310/55563 (  4%)]  Loss: 0.8069 (1.05)  LR: 6.165e-05  Time cost: 09:43/3:44:04 [6:56:12/3:44:04]  Acc_iter 169000      Data time: 0.00(0.00)  Forward time: 0.23(0.25)  Batch time: 0.23(0.25)
2026-08-14 05:04:53,243   INFO  Train:    4/4 (100%) [2360/55563 (  4%)]  Loss: 0.5161 (1.05)  LR: 6.154e-05  Time cost: 09:56/3:43:50 [6:56:25/3:43:50]  Acc_iter 169050      Data time: 0.00(0.00)  Forward time: 0.24(0.25)  Batch time: 0.24(0.25)
2026-08-14 05:04:53,607   INFO  a1e06a0b30c0                Fri Aug 14 05:04:53 2026  580.173.02
[0] NVIDIA GeForce RTX 3070 | 71°C,  99 % |  6825 /  8192 MB | root(6428M)

2026-08-14 05:04:57,534   INFO  Save latest model to /OpenPCDet/output/OpenPCDet/tools/cfgs/models/S/F/S_F_N/default/ckpt/latest_model
2026-08-14 05:05:06,454   INFO  Train:    4/4 (100%) [2410/55563 (  4%)]  Loss: 1.221 (1.05)  LR: 6.143e-05  Time cost: 10:09/3:43:51 [6:56:38/3:43:51]  Acc_iter 169100      Data time: 0.00(0.00)  Forward time: 0.22(0.25)  Batch time: 0.22(0.25)
2026-08-14 05:05:18,767   INFO  Train:    4/4 (100%) [2460/55563 (  4%)]  Loss: 3.966 (1.05)  LR: 6.133e-05  Time cost: 10:21/3:43:31 [6:56:50/3:43:31]  Acc_iter 169150      Data time: 0.00(0.00)  Forward time: 0.20(0.25)  Batch time: 0.20(0.25)
2026-08-14 05:05:30,963   INFO  Train:    4/4 (100%) [2510/55563 (  5%)]  Loss: 0.7617 (1.05)  LR: 6.122e-05  Time cost: 10:33/3:43:10 [6:57:03/3:43:10]  Acc_iter 169200      Data time: 0.00(0.00)  Forward time: 0.25(0.25)  Batch time: 0.25(0.25)
2026-08-14 05:05:31,321   INFO  a1e06a0b30c0                Fri Aug 14 05:05:31 2026  580.173.02
[0] NVIDIA GeForce RTX 3070 | 69°C,  94 % |  6825 /  8192 MB | root(6428M)

2026-08-14 05:05:43,741   INFO  Train:    4/4 (100%) [2560/55563 (  5%)]  Loss: 1.183 (1.05)  LR: 6.111e-05  Time cost: 10:46/3:43:00 [6:57:15/3:43:00]  Acc_iter 169250      Data time: 0.00(0.00)  Forward time: 0.28(0.25)  Batch time: 0.28(0.25)
2026-08-14 05:05:56,341   INFO  Train:    4/4 (100%) [2610/55563 (  5%)]  Loss: 1.231 (1.05)  LR: 6.101e-05  Time cost: 10:59/3:42:47 [6:57:28/3:42:47]  Acc_iter 169300      Data time: 0.00(0.00)  Forward time: 0.26(0.25)  Batch time: 0.27(0.25)
2026-08-14 05:06:09,064   INFO  Train:    4/4 (100%) [2660/55563 (  5%)]  Loss: 1.164 (1.05)  LR: 6.090e-05  Time cost: 11:11/3:42:36 [6:57:41/3:42:36]  Acc_iter 169350      Data time: 0.00(0.00)  Forward time: 0.25(0.25)  Batch time: 0.25(0.25)
2026-08-14 05:06:09,426   INFO  a1e06a0b30c0                Fri Aug 14 05:06:09 2026  580.173.02
[0] NVIDIA GeForce RTX 3070 | 69°C,  86 % |  6826 /  8192 MB | root(6428M)

2026-08-14 05:06:21,708   INFO  Train:    4/4 (100%) [2710/55563 (  5%)]  Loss: 0.6153 (1.05)  LR: 6.079e-05  Time cost: 11:24/3:42:24 [6:57:53/3:42:24]  Acc_iter 169400      Data time: 0.00(0.00)  Forward time: 0.23(0.25)  Batch time: 0.23(0.25)
2026-08-14 05:06:34,197   INFO  Train:    4/4 (100%) [2760/55563 (  5%)]  Loss: 0.7524 (1.05)  LR: 6.069e-05  Time cost: 11:36/3:42:09 [6:58:06/3:42:09]  Acc_iter 169450      Data time: 0.00(0.00)  Forward time: 0.22(0.25)  Batch time: 0.22(0.25)
2026-08-14 05:06:46,663   INFO  Train:    4/4 (100%) [2810/55563 (  5%)]  Loss: 1.306 (1.05)  LR: 6.058e-05  Time cost: 11:49/3:41:53 [6:58:18/3:41:53]  Acc_iter 169500      Data time: 0.00(0.00)  Forward time: 0.21(0.25)  Batch time: 0.21(0.25)
2026-08-14 05:06:47,085   INFO  a1e06a0b30c0                Fri Aug 14 05:06:47 2026  580.173.02
[0] NVIDIA GeForce RTX 3070 | 70°C,  99 % |  6825 /  8192 MB | root(6428M)

2026-08-14 05:06:59,550   INFO  Train:    4/4 (100%) [2860/55563 (  5%)]  Loss: 0.6269 (1.05)  LR: 6.047e-05  Time cost: 12:02/3:41:46 [6:58:31/3:41:46]  Acc_iter 169550      Data time: 0.00(0.00)  Forward time: 0.22(0.25)  Batch time: 0.22(0.25)
2026-08-14 05:07:12,204   INFO  Train:    4/4 (100%) [2910/55563 (  5%)]  Loss: 0.8919 (1.05)  LR: 6.037e-05  Time cost: 12:14/3:41:34 [6:58:44/3:41:34]  Acc_iter 169600      Data time: 0.00(0.00)  Forward time: 0.27(0.25)  Batch time: 0.27(0.25)
2026-08-14 05:07:24,593   INFO  Train:    4/4 (100%) [2960/55563 (  5%)]  Loss: 0.5201 (1.05)  LR: 6.026e-05  Time cost: 12:27/3:41:17 [6:58:56/3:41:17]  Acc_iter 169650      Data time: 0.00(0.00)  Forward time: 0.23(0.25)  Batch time: 0.23(0.25)
2026-08-14 05:07:24,955   INFO  a1e06a0b30c0                Fri Aug 14 05:07:24 2026  580.173.02
[0] NVIDIA GeForce RTX 3070 | 69°C,  80 % |  6825 /  8192 MB | root(6428M)

2026-08-14 05:07:37,479   INFO  Train:    4/4 (100%) [3010/55563 (  5%)]  Loss: 1.370 (1.06)  LR: 6.015e-05  Time cost: 12:40/3:41:09 [6:59:09/3:41:09]  Acc_iter 169700      Data time: 0.00(0.00)  Forward time: 0.25(0.25)  Batch time: 0.25(0.25)
2026-08-14 05:07:50,175   INFO  Train:    4/4 (100%) [3060/55563 (  6%)]  Loss: 0.4870 (1.06)  LR: 6.005e-05  Time cost: 12:52/3:40:58 [6:59:22/3:40:58]  Acc_iter 169750      Data time: 0.00(0.00)  Forward time: 0.23(0.25)  Batch time: 0.23(0.25)
2026-08-14 05:08:02,807   INFO  Train:    4/4 (100%) [3110/55563 (  6%)]  Loss: 0.9518 (1.06)  LR: 5.994e-05  Time cost: 13:05/3:40:45 [6:59:34/3:40:45]  Acc_iter 169800      Data time: 0.00(0.00)  Forward time: 0.24(0.25)  Batch time: 0.24(0.25)
2026-08-14 05:08:03,178   INFO  a1e06a0b30c0                Fri Aug 14 05:08:03 2026  580.173.02
[0] NVIDIA GeForce RTX 3070 | 64°C,   1 % |  6826 /  8192 MB | root(6428M)

2026-08-14 05:08:15,321   INFO  Train:    4/4 (100%) [3160/55563 (  6%)]  Loss: 0.8065 (1.06)  LR: 5.984e-05  Time cost: 13:18/3:40:31 [6:59:47/3:40:31]  Acc_iter 169850      Data time: 0.00(0.00)  Forward time: 0.22(0.25)  Batch time: 0.22(0.25)
2026-08-14 05:08:27,766   INFO  Train:    4/4 (100%) [3210/55563 (  6%)]  Loss: 0.5385 (1.06)  LR: 5.973e-05  Time cost: 13:30/3:40:15 [6:59:59/3:40:15]  Acc_iter 169900      Data time: 0.00(0.00)  Forward time: 0.23(0.25)  Batch time: 0.23(0.25)
2026-08-14 05:08:40,270   INFO  Train:    4/4 (100%) [3260/55563 (  6%)]  Loss: 0.3055 (1.06)  LR: 5.962e-05  Time cost: 13:43/3:40:00 [7:00:12/3:40:00]  Acc_iter 169950      Data time: 0.00(0.00)  Forward time: 0.21(0.25)  Batch time: 0.21(0.25)
2026-08-14 05:08:40,703   INFO  a1e06a0b30c0                Fri Aug 14 05:08:40 2026  580.173.02
[0] NVIDIA GeForce RTX 3070 | 63°C,  95 % |  6825 /  8192 MB | root(6428M)

2026-08-14 05:08:53,703   INFO  Train:    4/4 (100%) [3310/55563 (  6%)]  Loss: 0.6343 (1.06)  LR: 5.952e-05  Time cost: 13:56/3:40:01 [7:00:25/3:40:01]  Acc_iter 170000      Data time: 0.00(0.00)  Forward time: 0.22(0.25)  Batch time: 0.22(0.25)
2026-08-14 05:09:05,937   INFO  Train:    4/4 (100%) [3360/55563 (  6%)]  Loss: 0.8778 (1.06)  LR: 5.941e-05  Time cost: 14:08/3:39:42 [7:00:38/3:39:42]  Acc_iter 170050      Data time: 0.00(0.00)  Forward time: 0.25(0.25)  Batch time: 0.25(0.25)
2026-08-14 05:09:18,338   INFO  Train:    4/4 (100%) [3410/55563 (  6%)]  Loss: 0.7786 (1.06)  LR: 5.931e-05  Time cost: 14:21/3:39:26 [7:00:50/3:39:26]  Acc_iter 170100      Data time: 0.00(0.00)  Forward time: 0.27(0.25)  Batch time: 0.27(0.25)
2026-08-14 05:09:18,737   INFO  a1e06a0b30c0                Fri Aug 14 05:09:18 2026  580.173.02
[0] NVIDIA GeForce RTX 3070 | 64°C,  96 % |  6826 /  8192 MB | root(6428M)

2026-08-14 05:09:31,087   INFO  Train:    4/4 (100%) [3460/55563 (  6%)]  Loss: 1.519 (1.05)  LR: 5.920e-05  Time cost: 14:33/3:39:15 [7:01:03/3:39:15]  Acc_iter 170150      Data time: 0.00(0.00)  Forward time: 0.21(0.25)  Batch time: 0.21(0.25)
2026-08-14 05:09:43,936   INFO  Train:    4/4 (100%) [3510/55563 (  6%)]  Loss: 1.465 (1.05)  LR: 5.910e-05  Time cost: 14:46/3:39:06 [7:01:16/3:39:06]  Acc_iter 170200      Data time: 0.00(0.00)  Forward time: 0.28(0.25)  Batch time: 0.28(0.25)
2026-08-14 05:09:56,360   INFO  Train:    4/4 (100%) [3560/55563 (  6%)]  Loss: 1.466 (1.05)  LR: 5.899e-05  Time cost: 14:59/3:38:50 [7:01:28/3:38:50]  Acc_iter 170250      Data time: 0.00(0.00)  Forward time: 0.27(0.25)  Batch time: 0.27(0.25)
2026-08-14 05:09:56,735   INFO  a1e06a0b30c0                Fri Aug 14 05:09:56 2026  580.173.02
[0] NVIDIA GeForce RTX 3070 | 64°C,  92 % |  6825 /  8192 MB | root(6428M)

2026-08-14 05:09:57,330   INFO  Save latest model to /OpenPCDet/output/OpenPCDet/tools/cfgs/models/S/F/S_F_N/default/ckpt/latest_model
2026-08-14 05:10:09,127   INFO  Train:    4/4 (100%) [3610/55563 (  6%)]  Loss: 0.7501 (1.05)  LR: 5.889e-05  Time cost: 15:11/3:38:40 [7:01:41/3:38:40]  Acc_iter 170300      Data time: 0.00(0.00)  Forward time: 0.24(0.25)  Batch time: 0.24(0.25)
2026-08-14 05:10:21,439   INFO  Train:    4/4 (100%) [3660/55563 (  7%)]  Loss: 1.088 (1.05)  LR: 5.878e-05  Time cost: 15:24/3:38:22 [7:01:53/3:38:22]  Acc_iter 170350      Data time: 0.00(0.00)  Forward time: 0.24(0.25)  Batch time: 0.24(0.25)
2026-08-14 05:10:34,112   INFO  Train:    4/4 (100%) [3710/55563 (  7%)]  Loss: 0.5912 (1.05)  LR: 5.868e-05  Time cost: 15:36/3:38:11 [7:02:06/3:38:11]  Acc_iter 170400      Data time: 0.00(0.00)  Forward time: 0.25(0.25)  Batch time: 0.25(0.25)
2026-08-14 05:10:34,526   INFO  a1e06a0b30c0                Fri Aug 14 05:10:34 2026  580.173.02
[0] NVIDIA GeForce RTX 3070 | 69°C,  76 % |  6826 /  8192 MB | root(6428M)

2026-08-14 05:10:47,065   INFO  Train:    4/4 (100%) [3760/55563 (  7%)]  Loss: 2.515 (1.05)  LR: 5.857e-05  Time cost: 15:49/3:38:03 [7:02:19/3:38:03]  Acc_iter 170450      Data time: 0.00(0.00)  Forward time: 0.25(0.25)  Batch time: 0.25(0.25)
2026-08-14 05:10:59,304   INFO  Train:    4/4 (100%) [3810/55563 (  7%)]  Loss: 0.6605 (1.05)  LR: 5.847e-05  Time cost: 16:02/3:37:45 [7:02:31/3:37:45]  Acc_iter 170500      Data time: 0.00(0.00)  Forward time: 0.20(0.25)  Batch time: 0.20(0.25)
2026-08-14 05:11:11,960   INFO  Train:    4/4 (100%) [3860/55563 (  7%)]  Loss: 0.6788 (1.05)  LR: 5.836e-05  Time cost: 16:14/3:37:32 [7:02:44/3:37:32]  Acc_iter 170550      Data time: 0.00(0.00)  Forward time: 0.25(0.25)  Batch time: 0.26(0.25)
2026-08-14 05:11:12,326   INFO  a1e06a0b30c0                Fri Aug 14 05:11:12 2026  580.173.02
[0] NVIDIA GeForce RTX 3070 | 70°C,  96 % |  6827 /  8192 MB | root(6428M)

2026-08-14 05:11:24,957   INFO  Train:    4/4 (100%) [3910/55563 (  7%)]  Loss: 1.590 (1.05)  LR: 5.826e-05  Time cost: 16:27/3:37:25 [7:02:57/3:37:25]  Acc_iter 170600      Data time: 0.00(0.00)  Forward time: 0.29(0.25)  Batch time: 0.29(0.25)
2026-08-14 05:11:37,725   INFO  Train:    4/4 (100%) [3960/55563 (  7%)]  Loss: 0.6653 (1.05)  LR: 5.815e-05  Time cost: 16:40/3:37:14 [7:03:09/3:37:14]  Acc_iter 170650      Data time: 0.00(0.00)  Forward time: 0.26(0.25)  Batch time: 0.26(0.25)
2026-08-14 05:11:50,160   INFO  Train:    4/4 (100%) [4010/55563 (  7%)]  Loss: 2.288 (1.05)  LR: 5.805e-05  Time cost: 16:52/3:36:59 [7:03:22/3:36:59]  Acc_iter 170700      Data time: 0.00(0.00)  Forward time: 0.26(0.25)  Batch time: 0.26(0.25)
2026-08-14 05:11:50,516   INFO  a1e06a0b30c0                Fri Aug 14 05:11:50 2026  580.173.02
[0] NVIDIA GeForce RTX 3070 | 68°C,  90 % |  6826 /  8192 MB | root(6428M)

2026-08-14 05:12:02,940   INFO  Train:    4/4 (100%) [4060/55563 (  7%)]  Loss: 1.089 (1.05)  LR: 5.794e-05  Time cost: 17:05/3:36:48 [7:03:35/3:36:48]  Acc_iter 170750      Data time: 0.00(0.00)  Forward time: 0.26(0.25)  Batch time: 0.26(0.25)
2026-08-14 05:12:15,408   INFO  Train:    4/4 (100%) [4110/55563 (  7%)]  Loss: 0.9571 (1.05)  LR: 5.784e-05  Time cost: 17:18/3:36:33 [7:03:47/3:36:33]  Acc_iter 170800      Data time: 0.00(0.00)  Forward time: 0.24(0.25)  Batch time: 0.24(0.25)
2026-08-14 05:12:28,057   INFO  Train:    4/4 (100%) [4160/55563 (  7%)]  Loss: 1.067 (1.05)  LR: 5.773e-05  Time cost: 17:30/3:36:21 [7:04:00/3:36:21]  Acc_iter 170850      Data time: 0.00(0.00)  Forward time: 0.26(0.25)  Batch time: 0.26(0.25)
2026-08-14 05:12:28,471   INFO  a1e06a0b30c0                Fri Aug 14 05:12:28 2026  580.173.02
[0] NVIDIA GeForce RTX 3070 | 69°C,  99 % |  6825 /  8192 MB | root(6428M)

2026-08-14 05:12:41,001   INFO  Train:    4/4 (100%) [4210/55563 (  8%)]  Loss: 1.189 (1.05)  LR: 5.763e-05  Time cost: 17:43/3:36:12 [7:04:13/3:36:12]  Acc_iter 170900      Data time: 0.00(0.00)  Forward time: 0.24(0.25)  Batch time: 0.24(0.25)
2026-08-14 05:12:53,320   INFO  Train:    4/4 (100%) [4260/55563 (  8%)]  Loss: 2.757 (1.05)  LR: 5.752e-05  Time cost: 17:56/3:35:56 [7:04:25/3:35:56]  Acc_iter 170950      Data time: 0.00(0.00)  Forward time: 0.28(0.25)  Batch time: 0.28(0.25)
2026-08-14 05:13:05,672   INFO  Train:    4/4 (100%) [4310/55563 (  8%)]  Loss: 2.278 (1.05)  LR: 5.742e-05  Time cost: 18:08/3:35:40 [7:04:37/3:35:40]  Acc_iter 171000      Data time: 0.00(0.00)  Forward time: 0.24(0.25)  Batch time: 0.24(0.25)
2026-08-14 05:13:06,042   INFO  a1e06a0b30c0                Fri Aug 14 05:13:06 2026  580.173.02
[0] NVIDIA GeForce RTX 3070 | 69°C,  74 % |  6827 /  8192 MB | root(6428M)

2026-08-14 05:13:18,612   INFO  Train:    4/4 (100%) [4360/55563 (  8%)]  Loss: 1.167 (1.05)  LR: 5.732e-05  Time cost: 18:21/3:35:31 [7:04:50/3:35:31]  Acc_iter 171050      Data time: 0.00(0.00)  Forward time: 0.29(0.25)  Batch time: 0.29(0.25)
2026-08-14 05:13:31,310   INFO  Train:    4/4 (100%) [4410/55563 (  8%)]  Loss: 0.4663 (1.05)  LR: 5.721e-05  Time cost: 18:34/3:35:19 [7:05:03/3:35:19]  Acc_iter 171100      Data time: 0.00(0.00)  Forward time: 0.27(0.25)  Batch time: 0.27(0.25)
2026-08-14 05:13:43,719   INFO  Train:    4/4 (100%) [4460/55563 (  8%)]  Loss: 2.044 (1.05)  LR: 5.711e-05  Time cost: 18:46/3:35:04 [7:05:15/3:35:04]  Acc_iter 171150      Data time: 0.00(0.00)  Forward time: 0.26(0.25)  Batch time: 0.26(0.25)
2026-08-14 05:13:44,088   INFO  a1e06a0b30c0                Fri Aug 14 05:13:44 2026  580.173.02
[0] NVIDIA GeForce RTX 3070 | 69°C,  75 % |  6826 /  8192 MB | root(6428M)

2026-08-14 05:13:56,552   INFO  Train:    4/4 (100%) [4510/55563 (  8%)]  Loss: 0.7809 (1.05)  LR: 5.700e-05  Time cost: 18:59/3:34:54 [7:05:28/3:34:54]  Acc_iter 171200      Data time: 0.00(0.00)  Forward time: 0.24(0.25)  Batch time: 0.24(0.25)
2026-08-14 05:14:09,121   INFO  Train:    4/4 (100%) [4560/55563 (  8%)]  Loss: 0.9718 (1.05)  LR: 5.690e-05  Time cost: 19:11/3:34:41 [7:05:41/3:34:41]  Acc_iter 171250      Data time: 0.00(0.00)  Forward time: 0.25(0.25)  Batch time: 0.25(0.25)
2026-08-14 05:14:21,573   INFO  Train:    4/4 (100%) [4610/55563 (  8%)]  Loss: 0.7457 (1.05)  LR: 5.680e-05  Time cost: 19:24/3:34:26 [7:05:53/3:34:26]  Acc_iter 171300      Data time: 0.00(0.00)  Forward time: 0.25(0.25)  Batch time: 0.26(0.25)
2026-08-14 05:14:21,941   INFO  a1e06a0b30c0                Fri Aug 14 05:14:21 2026  580.173.02
[0] NVIDIA GeForce RTX 3070 | 70°C,  93 % |  6826 /  8192 MB | root(6428M)

2026-08-14 05:14:34,484   INFO  Train:    4/4 (100%) [4660/55563 (  8%)]  Loss: 0.7626 (1.05)  LR: 5.669e-05  Time cost: 19:37/3:34:17 [7:06:06/3:34:17]  Acc_iter 171350      Data time: 0.00(0.00)  Forward time: 0.24(0.25)  Batch time: 0.24(0.25)
2026-08-14 05:14:46,609   INFO  Train:    4/4 (100%) [4710/55563 (  8%)]  Loss: 1.077 (1.05)  LR: 5.659e-05  Time cost: 19:49/3:33:58 [7:06:18/3:33:58]  Acc_iter 171400      Data time: 0.00(0.00)  Forward time: 0.22(0.25)  Batch time: 0.22(0.25)
2026-08-14 05:14:57,331   INFO  Save latest model to /OpenPCDet/output/OpenPCDet/tools/cfgs/models/S/F/S_F_N/default/ckpt/latest_model
2026-08-14 05:14:59,040   INFO  Train:    4/4 (100%) [4760/55563 (  9%)]  Loss: 1.591 (1.05)  LR: 5.648e-05  Time cost: 20:01/3:33:44 [7:06:31/3:33:44]  Acc_iter 171450      Data time: 0.00(0.00)  Forward time: 0.27(0.25)  Batch time: 0.27(0.25)
2026-08-14 05:14:59,399   INFO  a1e06a0b30c0                Fri Aug 14 05:14:59 2026  580.173.02
[0] NVIDIA GeForce RTX 3070 | 71°C, 100 % |  6827 /  8192 MB | root(6428M)

2026-08-14 05:15:12,138   INFO  Train:    4/4 (100%) [4810/55563 (  9%)]  Loss: 1.171 (1.05)  LR: 5.638e-05  Time cost: 20:14/3:33:36 [7:06:44/3:33:36]  Acc_iter 171500      Data time: 0.00(0.00)  Forward time: 0.23(0.25)  Batch time: 0.23(0.25)
2026-08-14 05:15:24,707   INFO  Train:    4/4 (100%) [4860/55563 (  9%)]  Loss: 1.216 (1.05)  LR: 5.628e-05  Time cost: 20:27/3:33:23 [7:06:56/3:33:23]  Acc_iter 171550      Data time: 0.00(0.00)  Forward time: 0.28(0.25)  Batch time: 0.28(0.25)
2026-08-14 05:15:37,257   INFO  Train:    4/4 (100%) [4910/55563 (  9%)]  Loss: 0.9340 (1.05)  LR: 5.617e-05  Time cost: 20:40/3:33:10 [7:07:09/3:33:10]  Acc_iter 171600      Data time: 0.00(0.00)  Forward time: 0.26(0.25)  Batch time: 0.26(0.25)
2026-08-14 05:15:37,626   INFO  a1e06a0b30c0                Fri Aug 14 05:15:37 2026  580.173.02
[0] NVIDIA GeForce RTX 3070 | 70°C,  99 % |  6825 /  8192 MB | root(6428M)

2026-08-14 05:15:50,041   INFO  Train:    4/4 (100%) [4960/55563 (  9%)]  Loss: 2.144 (1.05)  LR: 5.607e-05  Time cost: 20:52/3:32:59 [7:07:22/3:32:59]  Acc_iter 171650      Data time: 0.00(0.00)  Forward time: 0.23(0.25)  Batch time: 0.24(0.25)
2026-08-14 05:16:02,416   INFO  Train:    4/4 (100%) [5010/55563 (  9%)]  Loss: 1.206 (1.05)  LR: 5.597e-05  Time cost: 21:05/3:32:43 [7:07:34/3:32:43]  Acc_iter 171700      Data time: 0.00(0.00)  Forward time: 0.28(0.25)  Batch time: 0.28(0.25)
2026-08-14 05:16:15,045   INFO  Train:    4/4 (100%) [5060/55563 (  9%)]  Loss: 0.8377 (1.05)  LR: 5.586e-05  Time cost: 21:17/3:32:31 [7:07:47/3:32:31]  Acc_iter 171750      Data time: 0.00(0.00)  Forward time: 0.26(0.25)  Batch time: 0.26(0.25)
2026-08-14 05:16:15,421   INFO  a1e06a0b30c0                Fri Aug 14 05:16:15 2026  580.173.02
[0] NVIDIA GeForce RTX 3070 | 70°C,  81 % |  6825 /  8192 MB | root(6428M)

2026-08-14 05:16:27,568   INFO  Train:    4/4 (100%) [5110/55563 (  9%)]  Loss: 1.004 (1.05)  LR: 5.576e-05  Time cost: 21:30/3:32:17 [7:07:59/3:32:17]  Acc_iter 171800      Data time: 0.00(0.00)  Forward time: 0.25(0.25)  Batch time: 0.25(0.25)
2026-08-14 05:16:40,136   INFO  Train:    4/4 (100%) [5160/55563 (  9%)]  Loss: 1.447 (1.05)  LR: 5.566e-05  Time cost: 21:42/3:32:04 [7:08:12/3:32:04]  Acc_iter 171850      Data time: 0.00(0.00)  Forward time: 0.22(0.25)  Batch time: 0.23(0.25)
2026-08-14 05:16:52,729   INFO  Train:    4/4 (100%) [5210/55563 (  9%)]  Loss: 0.8621 (1.05)  LR: 5.555e-05  Time cost: 21:55/3:31:51 [7:08:24/3:31:51]  Acc_iter 171900      Data time: 0.00(0.00)  Forward time: 0.24(0.25)  Batch time: 0.24(0.25)
2026-08-14 05:16:53,143   INFO  a1e06a0b30c0                Fri Aug 14 05:16:53 2026  580.173.02
[0] NVIDIA GeForce RTX 3070 | 71°C,  78 % |  6826 /  8192 MB | root(6428M)

2026-08-14 05:17:05,713   INFO  Train:    4/4 (100%) [5260/55563 (  9%)]  Loss: 0.8132 (1.05)  LR: 5.545e-05  Time cost: 22:08/3:31:42 [7:08:37/3:31:42]  Acc_iter 171950      Data time: 0.00(0.00)  Forward time: 0.24(0.25)  Batch time: 0.24(0.25)
2026-08-14 05:17:17,797   INFO  Train:    4/4 (100%) [5310/55563 ( 10%)]  Loss: 0.7964 (1.05)  LR: 5.535e-05  Time cost: 22:20/3:31:24 [7:08:49/3:31:24]  Acc_iter 172000      Data time: 0.00(0.00)  Forward time: 0.24(0.25)  Batch time: 0.24(0.25)
2026-08-14 05:17:30,121   INFO  Train:    4/4 (100%) [5360/55563 ( 10%)]  Loss: 0.9885 (1.05)  LR: 5.525e-05  Time cost: 22:32/3:31:09 [7:09:02/3:31:09]  Acc_iter 172050      Data time: 0.00(0.00)  Forward time: 0.26(0.25)  Batch time: 0.26(0.25)
2026-08-14 05:17:30,477   INFO  a1e06a0b30c0                Fri Aug 14 05:17:30 2026  580.173.02
[0] NVIDIA GeForce RTX 3070 | 70°C,  96 % |  6826 /  8192 MB | root(6428M)

2026-08-14 05:17:43,140   INFO  Train:    4/4 (100%) [5410/55563 ( 10%)]  Loss: 1.498 (1.05)  LR: 5.514e-05  Time cost: 22:45/3:31:00 [7:09:15/3:31:00]  Acc_iter 172100      Data time: 0.00(0.00)  Forward time: 0.26(0.25)  Batch time: 0.26(0.25)
2026-08-14 05:17:55,632   INFO  Train:    4/4 (100%) [5460/55563 ( 10%)]  Loss: 0.4851 (1.05)  LR: 5.504e-05  Time cost: 22:58/3:30:46 [7:09:27/3:30:46]  Acc_iter 172150      Data time: 0.00(0.00)  Forward time: 0.25(0.25)  Batch time: 0.25(0.25)
2026-08-14 05:18:08,161   INFO  Train:    4/4 (100%) [5510/55563 ( 10%)]  Loss: 0.6004 (1.05)  LR: 5.494e-05  Time cost: 23:10/3:30:33 [7:09:40/3:30:33]  Acc_iter 172200      Data time: 0.00(0.00)  Forward time: 0.22(0.25)  Batch time: 0.22(0.25)
2026-08-14 05:18:08,538   INFO  a1e06a0b30c0                Fri Aug 14 05:18:08 2026  580.173.02
[0] NVIDIA GeForce RTX 3070 | 69°C,  70 % |  6825 /  8192 MB | root(6428M)

2026-08-14 05:18:21,115   INFO  Train:    4/4 (100%) [5560/55563 ( 10%)]  Loss: 0.8952 (1.05)  LR: 5.484e-05  Time cost: 23:23/3:30:23 [7:09:53/3:30:23]  Acc_iter 172250      Data time: 0.00(0.00)  Forward time: 0.25(0.25)  Batch time: 0.25(0.25)
2026-08-14 05:18:33,501   INFO  Train:    4/4 (100%) [5610/55563 ( 10%)]  Loss: 1.735 (1.05)  LR: 5.473e-05  Time cost: 23:36/3:30:08 [7:10:05/3:30:08]  Acc_iter 172300      Data time: 0.00(0.00)  Forward time: 0.23(0.25)  Batch time: 0.23(0.25)
2026-08-14 05:18:46,188   INFO  Train:    4/4 (100%) [5660/55563 ( 10%)]  Loss: 2.418 (1.05)  LR: 5.463e-05  Time cost: 23:48/3:29:56 [7:10:18/3:29:56]  Acc_iter 172350      Data time: 0.00(0.00)  Forward time: 0.27(0.25)  Batch time: 0.27(0.25)
2026-08-14 05:18:46,595   INFO  a1e06a0b30c0                Fri Aug 14 05:18:46 2026  580.173.02
[0] NVIDIA GeForce RTX 3070 | 69°C,  75 % |  6826 /  8192 MB | root(6428M)

2026-08-14 05:18:59,265   INFO  Train:    4/4 (100%) [5710/55563 ( 10%)]  Loss: 1.153 (1.05)  LR: 5.453e-05  Time cost: 24:02/3:29:48 [7:10:31/3:29:48]  Acc_iter 172400      Data time: 0.00(0.00)  Forward time: 0.22(0.25)  Batch time: 0.22(0.25)
2026-08-14 05:19:11,500   INFO  Train:    4/4 (100%) [5760/55563 ( 10%)]  Loss: 0.1159 (1.05)  LR: 5.443e-05  Time cost: 24:14/3:29:32 [7:10:43/3:29:32]  Acc_iter 172450      Data time: 0.00(0.00)  Forward time: 0.24(0.25)  Batch time: 0.24(0.25)
2026-08-14 05:19:23,661   INFO  Train:    4/4 (100%) [5810/55563 ( 10%)]  Loss: 1.418 (1.05)  LR: 5.432e-05  Time cost: 24:26/3:29:15 [7:10:55/3:29:15]  Acc_iter 172500      Data time: 0.00(0.00)  Forward time: 0.28(0.25)  Batch time: 0.28(0.25)
2026-08-14 05:19:24,031   INFO  a1e06a0b30c0                Fri Aug 14 05:19:24 2026  580.173.02
[0] NVIDIA GeForce RTX 3070 | 68°C,  80 % |  6825 /  8192 MB | root(6428M)

2026-08-14 05:19:36,577   INFO  Train:    4/4 (100%) [5860/55563 ( 11%)]  Loss: 1.125 (1.05)  LR: 5.422e-05  Time cost: 24:39/3:29:05 [7:11:08/3:29:05]  Acc_iter 172550      Data time: 0.00(0.00)  Forward time: 0.24(0.25)  Batch time: 0.24(0.25)
2026-08-14 05:19:49,390   INFO  Train:    4/4 (100%) [5910/55563 ( 11%)]  Loss: 1.146 (1.05)  LR: 5.412e-05  Time cost: 24:52/3:28:54 [7:11:21/3:28:54]  Acc_iter 172600      Data time: 0.00(0.00)  Forward time: 0.25(0.25)  Batch time: 0.25(0.25)
2026-08-14 05:19:57,388   INFO  Save latest model to /OpenPCDet/output/OpenPCDet/tools/cfgs/models/S/F/S_F_N/default/ckpt/latest_model
2026-08-14 05:20:01,968   INFO  Train:    4/4 (100%) [5960/55563 ( 11%)]  Loss: 0.8891 (1.05)  LR: 5.402e-05  Time cost: 25:04/3:28:41 [7:11:34/3:28:41]  Acc_iter 172650      Data time: 0.00(0.00)  Forward time: 0.25(0.25)  Batch time: 0.25(0.25)
2026-08-14 05:20:02,333   INFO  a1e06a0b30c0                Fri Aug 14 05:20:02 2026  580.173.02
[0] NVIDIA GeForce RTX 3070 | 67°C,  75 % |  6825 /  8192 MB | root(6428M)

2026-08-14 05:20:15,058   INFO  Train:    4/4 (100%) [6010/55563 ( 11%)]  Loss: 1.272 (1.05)  LR: 5.392e-05  Time cost: 25:17/3:28:32 [7:11:47/3:28:32]  Acc_iter 172700      Data time: 0.00(0.00)  Forward time: 0.24(0.25)  Batch time: 0.24(0.25)
2026-08-14 05:20:27,775   INFO  Train:    4/4 (100%) [6060/55563 ( 11%)]  Loss: 0.9005 (1.05)  LR: 5.382e-05  Time cost: 25:30/3:28:20 [7:11:59/3:28:20]  Acc_iter 172750      Data time: 0.00(0.00)  Forward time: 0.21(0.25)  Batch time: 0.21(0.25)
2026-08-14 05:20:40,453   INFO  Train:    4/4 (100%) [6110/55563 ( 11%)]  Loss: 1.409 (1.05)  LR: 5.371e-05  Time cost: 25:43/3:28:08 [7:12:12/3:28:08]  Acc_iter 172800      Data time: 0.00(0.00)  Forward time: 0.23(0.25)  Batch time: 0.23(0.25)
2026-08-14 05:20:40,878   INFO  a1e06a0b30c0                Fri Aug 14 05:20:40 2026  580.173.02
[0] NVIDIA GeForce RTX 3070 | 66°C,  80 % |  6826 /  8192 MB | root(6428M)

2026-08-14 05:20:53,505   INFO  Train:    4/4 (100%) [6160/55563 ( 11%)]  Loss: 1.010 (1.05)  LR: 5.361e-05  Time cost: 25:56/3:27:59 [7:12:25/3:27:59]  Acc_iter 172850      Data time: 0.00(0.00)  Forward time: 0.27(0.25)  Batch time: 0.27(0.25)
2026-08-14 05:21:05,815   INFO  Train:    4/4 (100%) [6210/55563 ( 11%)]  Loss: 1.248 (1.05)  LR: 5.351e-05  Time cost: 26:08/3:27:44 [7:12:37/3:27:44]  Acc_iter 172900      Data time: 0.00(0.00)  Forward time: 0.27(0.25)  Batch time: 0.27(0.25)
2026-08-14 05:21:18,437   INFO  Train:    4/4 (100%) [6260/55563 ( 11%)]  Loss: 0.6571 (1.05)  LR: 5.341e-05  Time cost: 26:21/3:27:31 [7:12:50/3:27:31]  Acc_iter 172950      Data time: 0.00(0.00)  Forward time: 0.23(0.25)  Batch time: 0.23(0.25)
2026-08-14 05:21:18,802   INFO  a1e06a0b30c0                Fri Aug 14 05:21:18 2026  580.173.02
[0] NVIDIA GeForce RTX 3070 | 67°C,  86 % |  6825 /  8192 MB | root(6428M)

2026-08-14 05:21:31,420   INFO  Train:    4/4 (100%) [6310/55563 ( 11%)]  Loss: 1.355 (1.05)  LR: 5.331e-05  Time cost: 26:34/3:27:21 [7:13:03/3:27:21]  Acc_iter 173000      Data time: 0.00(0.00)  Forward time: 0.26(0.25)  Batch time: 0.26(0.25)
2026-08-14 05:21:44,059   INFO  Train:    4/4 (100%) [6360/55563 ( 11%)]  Loss: 0.8474 (1.05)  LR: 5.321e-05  Time cost: 26:46/3:27:09 [7:13:16/3:27:09]  Acc_iter 173050      Data time: 0.00(0.00)  Forward time: 0.26(0.25)  Batch time: 0.26(0.25)
2026-08-14 05:21:56,292   INFO  Train:    4/4 (100%) [6410/55563 ( 12%)]  Loss: 0.9239 (1.05)  LR: 5.311e-05  Time cost: 26:59/3:26:53 [7:13:28/3:26:53]  Acc_iter 173100      Data time: 0.00(0.00)  Forward time: 0.24(0.25)  Batch time: 0.24(0.25)
2026-08-14 05:21:56,661   INFO  a1e06a0b30c0                Fri Aug 14 05:21:56 2026  580.173.02
[0] NVIDIA GeForce RTX 3070 | 69°C,  96 % |  6826 /  8192 MB | root(6428M)

2026-08-14 05:22:09,159   INFO  Train:    4/4 (100%) [6460/55563 ( 12%)]  Loss: 0.9016 (1.05)  LR: 5.300e-05  Time cost: 27:11/3:26:42 [7:13:41/3:26:42]  Acc_iter 173150      Data time: 0.00(0.00)  Forward time: 0.26(0.25)  Batch time: 0.26(0.25)
2026-08-14 05:22:21,485   INFO  Train:    4/4 (100%) [6510/55563 ( 12%)]  Loss: 0.5127 (1.05)  LR: 5.290e-05  Time cost: 27:24/3:26:27 [7:13:53/3:26:27]  Acc_iter 173200      Data time: 0.00(0.00)  Forward time: 0.21(0.25)  Batch time: 0.21(0.25)
2026-08-14 05:22:34,025   INFO  Train:    4/4 (100%) [6560/55563 ( 12%)]  Loss: 0.9506 (1.05)  LR: 5.280e-05  Time cost: 27:36/3:26:14 [7:14:06/3:26:14]  Acc_iter 173250      Data time: 0.00(0.00)  Forward time: 0.25(0.25)  Batch time: 0.26(0.25)
2026-08-14 05:22:34,477   INFO  a1e06a0b30c0                Fri Aug 14 05:22:34 2026  580.173.02
[0] NVIDIA GeForce RTX 3070 | 67°C,  77 % |  6826 /  8192 MB | root(6428M)

2026-08-14 05:22:46,735   INFO  Train:    4/4 (100%) [6610/55563 ( 12%)]  Loss: 0.8887 (1.05)  LR: 5.270e-05  Time cost: 27:49/3:26:02 [7:14:18/3:26:02]  Acc_iter 173300      Data time: 0.00(0.00)  Forward time: 0.26(0.25)  Batch time: 0.26(0.25)
2026-08-14 05:22:59,274   INFO  Train:    4/4 (100%) [6660/55563 ( 12%)]  Loss: 1.571 (1.05)  LR: 5.260e-05  Time cost: 28:02/3:25:49 [7:14:31/3:25:49]  Acc_iter 173350      Data time: 0.00(0.00)  Forward time: 0.28(0.25)  Batch time: 0.28(0.25)
2026-08-14 05:23:11,497   INFO  Train:    4/4 (100%) [6710/55563 ( 12%)]  Loss: 0.9651 (1.05)  LR: 5.250e-05  Time cost: 28:14/3:25:33 [7:14:43/3:25:33]  Acc_iter 173400      Data time: 0.00(0.00)  Forward time: 0.27(0.25)  Batch time: 0.27(0.25)
2026-08-14 05:23:11,861   INFO  a1e06a0b30c0                Fri Aug 14 05:23:11 2026  580.173.02
[0] NVIDIA GeForce RTX 3070 | 66°C,  72 % |  6825 /  8192 MB | root(6428M)

2026-08-14 05:23:24,238   INFO  Train:    4/4 (100%) [6760/55563 ( 12%)]  Loss: 0.7644 (1.05)  LR: 5.240e-05  Time cost: 28:27/3:25:21 [7:14:56/3:25:21]  Acc_iter 173450      Data time: 0.00(0.00)  Forward time: 0.24(0.25)  Batch time: 0.24(0.25)
2026-08-14 05:23:36,707   INFO  Train:    4/4 (100%) [6810/55563 ( 12%)]  Loss: 0.3476 (1.05)  LR: 5.230e-05  Time cost: 28:39/3:25:08 [7:15:08/3:25:08]  Acc_iter 173500      Data time: 0.00(0.00)  Forward time: 0.27(0.25)  Batch time: 0.27(0.25)
2026-08-14 05:23:48,990   INFO  Train:    4/4 (100%) [6860/55563 ( 12%)]  Loss: 1.728 (1.05)  LR: 5.220e-05  Time cost: 28:51/3:24:53 [7:15:21/3:24:53]  Acc_iter 173550      Data time: 0.00(0.00)  Forward time: 0.26(0.25)  Batch time: 0.26(0.25)
2026-08-14 05:23:49,373   INFO  a1e06a0b30c0                Fri Aug 14 05:23:49 2026  580.173.02
[0] NVIDIA GeForce RTX 3070 | 67°C,  70 % |  6826 /  8192 MB | root(6428M)

2026-08-14 05:24:01,699   INFO  Train:    4/4 (100%) [6910/55563 ( 12%)]  Loss: 1.403 (1.05)  LR: 5.210e-05  Time cost: 29:04/3:24:41 [7:15:33/3:24:41]  Acc_iter 173600      Data time: 0.00(0.00)  Forward time: 0.20(0.25)  Batch time: 0.20(0.25)
2026-08-14 05:24:14,360   INFO  Train:    4/4 (100%) [6960/55563 ( 13%)]  Loss: 0.9700 (1.05)  LR: 5.200e-05  Time cost: 29:17/3:24:28 [7:15:46/3:24:28]  Acc_iter 173650      Data time: 0.00(0.00)  Forward time: 0.28(0.25)  Batch time: 0.28(0.25)
2026-08-14 05:24:27,056   INFO  Train:    4/4 (100%) [7010/55563 ( 13%)]  Loss: 2.300 (1.05)  LR: 5.190e-05  Time cost: 29:29/3:24:16 [7:15:59/3:24:16]  Acc_iter 173700      Data time: 0.00(0.00)  Forward time: 0.24(0.25)  Batch time: 0.24(0.25)
2026-08-14 05:24:27,504   INFO  a1e06a0b30c0                Fri Aug 14 05:24:27 2026  580.173.02
[0] NVIDIA GeForce RTX 3070 | 70°C,  93 % |  6825 /  8192 MB | root(6428M)

2026-08-14 05:24:39,955   INFO  Train:    4/4 (100%) [7060/55563 ( 13%)]  Loss: 0.6417 (1.05)  LR: 5.180e-05  Time cost: 29:42/3:24:05 [7:16:12/3:24:05]  Acc_iter 173750      Data time: 0.00(0.00)  Forward time: 0.24(0.25)  Batch time: 0.24(0.25)
2026-08-14 05:24:52,518   INFO  Train:    4/4 (100%) [7110/55563 ( 13%)]  Loss: 1.816 (1.05)  LR: 5.170e-05  Time cost: 29:55/3:23:52 [7:16:24/3:23:52]  Acc_iter 173800      Data time: 0.00(0.00)  Forward time: 0.25(0.25)  Batch time: 0.25(0.25)
2026-08-14 05:24:57,490   INFO  Save latest model to /OpenPCDet/output/OpenPCDet/tools/cfgs/models/S/F/S_F_N/default/ckpt/latest_model
2026-08-14 05:25:04,927   INFO  Train:    4/4 (100%) [7160/55563 ( 13%)]  Loss: 1.103 (1.05)  LR: 5.160e-05  Time cost: 30:07/3:23:38 [7:16:37/3:23:38]  Acc_iter 173850      Data time: 0.00(0.00)  Forward time: 0.23(0.25)  Batch time: 0.23(0.25)
2026-08-14 05:25:05,343   INFO  a1e06a0b30c0                Fri Aug 14 05:25:05 2026  580.173.02
[0] NVIDIA GeForce RTX 3070 | 65°C,   1 % |  6825 /  8192 MB | root(6428M)

2026-08-14 05:25:18,124   INFO  Train:    4/4 (100%) [7210/55563 ( 13%)]  Loss: 2.090 (1.05)  LR: 5.150e-05  Time cost: 30:20/3:23:30 [7:16:50/3:23:30]  Acc_iter 173900      Data time: 0.00(0.00)  Forward time: 0.27(0.25)  Batch time: 0.27(0.25)
2026-08-14 05:25:30,887   INFO  Train:    4/4 (100%) [7260/55563 ( 13%)]  Loss: 0.8933 (1.05)  LR: 5.140e-05  Time cost: 30:33/3:23:18 [7:17:03/3:23:18]  Acc_iter 173950      Data time: 0.00(0.00)  Forward time: 0.25(0.25)  Batch time: 0.25(0.25)
2026-08-14 05:25:43,460   INFO  Train:    4/4 (100%) [7310/55563 ( 13%)]  Loss: 1.393 (1.05)  LR: 5.130e-05  Time cost: 30:46/3:23:05 [7:17:15/3:23:05]  Acc_iter 174000      Data time: 0.00(0.00)  Forward time: 0.27(0.25)  Batch time: 0.27(0.25)
2026-08-14 05:25:43,822   INFO  a1e06a0b30c0                Fri Aug 14 05:25:43 2026  580.173.02
[0] NVIDIA GeForce RTX 3070 | 67°C,  85 % |  6826 /  8192 MB | root(6428M)

2026-08-14 05:25:56,434   INFO  Train:    4/4 (100%) [7360/55563 ( 13%)]  Loss: 1.955 (1.05)  LR: 5.120e-05  Time cost: 30:59/3:22:54 [7:17:28/3:22:54]  Acc_iter 174050      Data time: 0.00(0.00)  Forward time: 0.28(0.25)  Batch time: 0.28(0.25)
2026-08-14 05:26:08,953   INFO  Train:    4/4 (100%) [7410/55563 ( 13%)]  Loss: 1.587 (1.05)  LR: 5.110e-05  Time cost: 31:11/3:22:41 [7:17:41/3:22:41]  Acc_iter 174100      Data time: 0.00(0.00)  Forward time: 0.24(0.25)  Batch time: 0.24(0.25)
2026-08-14 05:26:21,585   INFO  Train:    4/4 (100%) [7460/55563 ( 13%)]  Loss: 0.8460 (1.05)  LR: 5.100e-05  Time cost: 31:24/3:22:29 [7:17:53/3:22:29]  Acc_iter 174150      Data time: 0.00(0.00)  Forward time: 0.26(0.25)  Batch time: 0.26(0.25)
2026-08-14 05:26:21,952   INFO  a1e06a0b30c0                Fri Aug 14 05:26:21 2026  580.173.02
[0] NVIDIA GeForce RTX 3070 | 71°C,  96 % |  6825 /  8192 MB | root(6428M)

2026-08-14 05:26:34,238   INFO  Train:    4/4 (100%) [7510/55563 ( 14%)]  Loss: 1.166 (1.05)  LR: 5.090e-05  Time cost: 31:37/3:22:16 [7:18:06/3:22:16]  Acc_iter 174200      Data time: 0.00(0.00)  Forward time: 0.25(0.25)  Batch time: 0.25(0.25)
2026-08-14 05:26:46,796   INFO  Train:    4/4 (100%) [7560/55563 ( 14%)]  Loss: 1.280 (1.05)  LR: 5.080e-05  Time cost: 31:49/3:22:03 [7:18:18/3:22:03]  Acc_iter 174250      Data time: 0.00(0.00)  Forward time: 0.24(0.25)  Batch time: 0.24(0.25)
2026-08-14 05:26:59,020   INFO  Train:    4/4 (100%) [7610/55563 ( 14%)]  Loss: 0.8589 (1.05)  LR: 5.070e-05  Time cost: 32:01/3:21:48 [7:18:31/3:21:48]  Acc_iter 174300      Data time: 0.00(0.00)  Forward time: 0.23(0.25)  Batch time: 0.23(0.25)
2026-08-14 05:26:59,442   INFO  a1e06a0b30c0                Fri Aug 14 05:26:59 2026  580.173.02
[0] NVIDIA GeForce RTX 3070 | 66°C,  57 % |  6825 /  8192 MB | root(6428M)

2026-08-14 05:27:12,007   INFO  Train:    4/4 (100%) [7660/55563 ( 14%)]  Loss: 0.8055 (1.05)  LR: 5.060e-05  Time cost: 32:14/3:21:37 [7:18:44/3:21:37]  Acc_iter 174350      Data time: 0.00(0.00)  Forward time: 0.23(0.25)  Batch time: 0.24(0.25)
2026-08-14 05:27:24,460   INFO  Train:    4/4 (100%) [7710/55563 ( 14%)]  Loss: 1.802 (1.05)  LR: 5.050e-05  Time cost: 32:27/3:21:24 [7:18:56/3:21:24]  Acc_iter 174400      Data time: 0.00(0.00)  Forward time: 0.25(0.25)  Batch time: 0.25(0.25)
2026-08-14 05:27:37,207   INFO  Train:    4/4 (100%) [7760/55563 ( 14%)]  Loss: 1.104 (1.05)  LR: 5.040e-05  Time cost: 32:39/3:21:12 [7:19:09/3:21:12]  Acc_iter 174450      Data time: 0.00(0.00)  Forward time: 0.24(0.25)  Batch time: 0.24(0.25)
2026-08-14 05:27:37,573   INFO  a1e06a0b30c0                Fri Aug 14 05:27:37 2026  580.173.02
[0] NVIDIA GeForce RTX 3070 | 69°C,  71 % |  6826 /  8192 MB | root(6428M)

2026-08-14 05:27:50,267   INFO  Train:    4/4 (100%) [7810/55563 ( 14%)]  Loss: 1.307 (1.05)  LR: 5.030e-05  Time cost: 32:53/3:21:02 [7:19:22/3:21:02]  Acc_iter 174500      Data time: 0.00(0.00)  Forward time: 0.27(0.25)  Batch time: 0.28(0.25)
2026-08-14 05:28:03,259   INFO  Train:    4/4 (100%) [7860/55563 ( 14%)]  Loss: 0.3627 (1.05)  LR: 5.020e-05  Time cost: 33:06/3:20:51 [7:19:35/3:20:51]  Acc_iter 174550      Data time: 0.00(0.00)  Forward time: 0.24(0.25)  Batch time: 0.24(0.25)
2026-08-14 05:28:15,801   INFO  Train:    4/4 (100%) [7910/55563 ( 14%)]  Loss: 0.4890 (1.05)  LR: 5.010e-05  Time cost: 33:18/3:20:38 [7:19:47/3:20:38]  Acc_iter 174600      Data time: 0.00(0.00)  Forward time: 0.28(0.25)  Batch time: 0.28(0.25)
2026-08-14 05:28:16,169   INFO  a1e06a0b30c0                Fri Aug 14 05:28:16 2026  580.173.02
[0] NVIDIA GeForce RTX 3070 | 68°C,  99 % |  6825 /  8192 MB | root(6428M)

2026-08-14 05:28:28,527   INFO  Train:    4/4 (100%) [7960/55563 ( 14%)]  Loss: 0.6969 (1.05)  LR: 5.001e-05  Time cost: 33:31/3:20:26 [7:20:00/3:20:26]  Acc_iter 174650      Data time: 0.00(0.00)  Forward time: 0.29(0.25)  Batch time: 0.29(0.25)
2026-08-14 05:28:41,279   INFO  Train:    4/4 (100%) [8010/55563 ( 14%)]  Loss: 0.7603 (1.05)  LR: 4.991e-05  Time cost: 33:44/3:20:14 [7:20:13/3:20:14]  Acc_iter 174700      Data time: 0.00(0.00)  Forward time: 0.29(0.25)  Batch time: 0.29(0.25)
2026-08-14 05:28:53,815   INFO  Train:    4/4 (100%) [8060/55563 ( 15%)]  Loss: 0.8370 (1.05)  LR: 4.981e-05  Time cost: 33:56/3:20:01 [7:20:25/3:20:01]  Acc_iter 174750      Data time: 0.00(0.00)  Forward time: 0.29(0.25)  Batch time: 0.30(0.25)
2026-08-14 05:28:54,190   INFO  a1e06a0b30c0                Fri Aug 14 05:28:54 2026  580.173.02
[0] NVIDIA GeForce RTX 3070 | 69°C,  76 % |  6826 /  8192 MB | root(6428M)

2026-08-14 05:29:07,117   INFO  Train:    4/4 (100%) [8110/55563 ( 15%)]  Loss: 0.7348 (1.05)  LR: 4.971e-05  Time cost: 34:09/3:19:52 [7:20:39/3:19:52]  Acc_iter 174800      Data time: 0.00(0.00)  Forward time: 0.23(0.25)  Batch time: 0.23(0.25)
2026-08-14 05:29:19,856   INFO  Train:    4/4 (100%) [8160/55563 ( 15%)]  Loss: 1.763 (1.05)  LR: 4.961e-05  Time cost: 34:22/3:19:40 [7:20:51/3:19:40]  Acc_iter 174850      Data time: 0.00(0.00)  Forward time: 0.27(0.25)  Batch time: 0.27(0.25)
2026-08-14 05:29:32,428   INFO  Train:    4/4 (100%) [8210/55563 ( 15%)]  Loss: 0.8893 (1.05)  LR: 4.951e-05  Time cost: 34:35/3:19:27 [7:21:04/3:19:27]  Acc_iter 174900      Data time: 0.00(0.00)  Forward time: 0.26(0.25)  Batch time: 0.26(0.25)
2026-08-14 05:29:32,804   INFO  a1e06a0b30c0                Fri Aug 14 05:29:32 2026  580.173.02
[0] NVIDIA GeForce RTX 3070 | 65°C,  96 % |  6825 /  8192 MB | root(6428M)

2026-08-14 05:29:45,569   INFO  Train:    4/4 (100%) [8260/55563 ( 15%)]  Loss: 0.7151 (1.05)  LR: 4.941e-05  Time cost: 34:48/3:19:18 [7:21:17/3:19:18]  Acc_iter 174950      Data time: 0.00(0.00)  Forward time: 0.23(0.25)  Batch time: 0.23(0.25)
2026-08-14 05:29:57,347   INFO  Save latest model to /OpenPCDet/output/OpenPCDet/tools/cfgs/models/S/F/S_F_N/default/ckpt/latest_model
2026-08-14 05:29:58,319   INFO  Train:    4/4 (100%) [8310/55563 ( 15%)]  Loss: 0.8207 (1.05)  LR: 4.932e-05  Time cost: 35:01/3:19:06 [7:21:30/3:19:06]  Acc_iter 175000      Data time: 0.00(0.00)  Forward time: 0.23(0.25)  Batch time: 0.23(0.25)
2026-08-14 05:30:10,746   INFO  Train:    4/4 (100%) [8360/55563 ( 15%)]  Loss: 0.7839 (1.05)  LR: 4.922e-05  Time cost: 35:13/3:18:52 [7:21:42/3:18:52]  Acc_iter 175050      Data time: 0.00(0.00)  Forward time: 0.25(0.25)  Batch time: 0.25(0.25)
2026-08-14 05:30:11,151   INFO  a1e06a0b30c0                Fri Aug 14 05:30:11 2026  580.173.02
[0] NVIDIA GeForce RTX 3070 | 69°C,  76 % |  6826 /  8192 MB | root(6428M)

2026-08-14 05:30:23,876   INFO  Train:    4/4 (100%) [8410/55563 ( 15%)]  Loss: 1.150 (1.05)  LR: 4.912e-05  Time cost: 35:26/3:18:42 [7:21:55/3:18:42]  Acc_iter 175100      Data time: 0.00(0.00)  Forward time: 0.28(0.25)  Batch time: 0.28(0.25)
2026-08-14 05:30:36,499   INFO  Train:    4/4 (100%) [8460/55563 ( 15%)]  Loss: 1.114 (1.05)  LR: 4.902e-05  Time cost: 35:39/3:18:29 [7:22:08/3:18:29]  Acc_iter 175150      Data time: 0.00(0.00)  Forward time: 0.26(0.25)  Batch time: 0.26(0.25)
2026-08-14 05:30:49,086   INFO  Train:    4/4 (100%) [8510/55563 ( 15%)]  Loss: 1.257 (1.05)  LR: 4.892e-05  Time cost: 35:51/3:18:16 [7:22:21/3:18:16]  Acc_iter 175200      Data time: 0.00(0.00)  Forward time: 0.23(0.25)  Batch time: 0.23(0.25)
2026-08-14 05:30:49,490   INFO  a1e06a0b30c0                Fri Aug 14 05:30:49 2026  580.173.02
[0] NVIDIA GeForce RTX 3070 | 68°C,  90 % |  6825 /  8192 MB | root(6428M)

2026-08-14 05:31:02,000   INFO  Train:    4/4 (100%) [8560/55563 ( 15%)]  Loss: 0.9344 (1.05)  LR: 4.883e-05  Time cost: 36:04/3:18:05 [7:22:34/3:18:05]  Acc_iter 175250      Data time: 0.00(0.00)  Forward time: 0.26(0.25)  Batch time: 0.26(0.25)
2026-08-14 05:31:14,497   INFO  Train:    4/4 (100%) [8610/55563 ( 15%)]  Loss: 0.7079 (1.05)  LR: 4.873e-05  Time cost: 36:17/3:17:52 [7:22:46/3:17:52]  Acc_iter 175300      Data time: 0.00(0.00)  Forward time: 0.23(0.25)  Batch time: 0.24(0.25)
2026-08-14 05:31:26,677   INFO  Train:    4/4 (100%) [8660/55563 ( 16%)]  Loss: 0.8444 (1.05)  LR: 4.863e-05  Time cost: 36:29/3:17:36 [7:22:58/3:17:36]  Acc_iter 175350      Data time: 0.00(0.00)  Forward time: 0.21(0.25)  Batch time: 0.21(0.25)
2026-08-14 05:31:27,036   INFO  a1e06a0b30c0                Fri Aug 14 05:31:27 2026  580.173.02
[0] NVIDIA GeForce RTX 3070 | 68°C,  74 % |  6825 /  8192 MB | root(6428M)

2026-08-14 05:31:39,833   INFO  Train:    4/4 (100%) [8710/55563 ( 16%)]  Loss: 2.585 (1.05)  LR: 4.853e-05  Time cost: 36:42/3:17:27 [7:23:11/3:17:27]  Acc_iter 175400      Data time: 0.00(0.00)  Forward time: 0.25(0.25)  Batch time: 0.25(0.25)
2026-08-14 05:31:52,784   INFO  Train:    4/4 (100%) [8760/55563 ( 16%)]  Loss: 0.5736 (1.05)  LR: 4.844e-05  Time cost: 36:55/3:17:16 [7:23:24/3:17:16]  Acc_iter 175450      Data time: 0.00(0.00)  Forward time: 0.26(0.25)  Batch time: 0.26(0.25)
2026-08-14 05:32:05,390   INFO  Train:    4/4 (100%) [8810/55563 ( 16%)]  Loss: 0.5867 (1.05)  LR: 4.834e-05  Time cost: 37:08/3:17:03 [7:23:37/3:17:03]  Acc_iter 175500      Data time: 0.00(0.00)  Forward time: 0.23(0.25)  Batch time: 0.23(0.25)
2026-08-14 05:32:05,802   INFO  a1e06a0b30c0                Fri Aug 14 05:32:05 2026  580.173.02
[0] NVIDIA GeForce RTX 3070 | 63°C,  92 % |  6826 /  8192 MB | root(6428M)

2026-08-14 05:32:18,277   INFO  Train:    4/4 (100%) [8860/55563 ( 16%)]  Loss: 1.676 (1.05)  LR: 4.824e-05  Time cost: 37:21/3:16:51 [7:23:50/3:16:51]  Acc_iter 175550      Data time: 0.00(0.00)  Forward time: 0.27(0.25)  Batch time: 0.27(0.25)
2026-08-14 05:32:30,783   INFO  Train:    4/4 (100%) [8910/55563 ( 16%)]  Loss: 1.084 (1.05)  LR: 4.814e-05  Time cost: 37:33/3:16:38 [7:24:02/3:16:38]  Acc_iter 175600      Data time: 0.00(0.00)  Forward time: 0.26(0.25)  Batch time: 0.26(0.25)
2026-08-14 05:32:43,610   INFO  Train:    4/4 (100%) [8960/55563 ( 16%)]  Loss: 1.306 (1.05)  LR: 4.805e-05  Time cost: 37:46/3:16:26 [7:24:15/3:16:26]  Acc_iter 175650      Data time: 0.00(0.00)  Forward time: 0.27(0.25)  Batch time: 0.27(0.25)
2026-08-14 05:32:43,969   INFO  a1e06a0b30c0                Fri Aug 14 05:32:43 2026  580.173.02
[0] NVIDIA GeForce RTX 3070 | 70°C,  99 % |  6825 /  8192 MB | root(6428M)

2026-08-14 05:32:56,423   INFO  Train:    4/4 (100%) [9010/55563 ( 16%)]  Loss: 0.6568 (1.05)  LR: 4.795e-05  Time cost: 37:59/3:16:14 [7:24:28/3:16:14]  Acc_iter 175700      Data time: 0.00(0.00)  Forward time: 0.24(0.25)  Batch time: 0.24(0.25)
2026-08-14 05:33:08,868   INFO  Train:    4/4 (100%) [9060/55563 ( 16%)]  Loss: 1.974 (1.05)  LR: 4.785e-05  Time cost: 38:11/3:16:01 [7:24:40/3:16:01]  Acc_iter 175750      Data time: 0.00(0.00)  Forward time: 0.27(0.25)  Batch time: 0.27(0.25)
2026-08-14 05:33:21,740   INFO  Train:    4/4 (100%) [9110/55563 ( 16%)]  Loss: 0.6858 (1.05)  LR: 4.775e-05  Time cost: 38:24/3:15:49 [7:24:53/3:15:49]  Acc_iter 175800      Data time: 0.00(0.00)  Forward time: 0.25(0.25)  Batch time: 0.25(0.25)
2026-08-14 05:33:22,103   INFO  a1e06a0b30c0                Fri Aug 14 05:33:22 2026  580.173.02
[0] NVIDIA GeForce RTX 3070 | 68°C,  73 % |  6826 /  8192 MB | root(6428M)

2026-08-14 05:33:35,072   INFO  Train:    4/4 (100%) [9160/55563 ( 16%)]  Loss: 0.9572 (1.05)  LR: 4.766e-05  Time cost: 38:37/3:15:40 [7:25:07/3:15:40]  Acc_iter 175850      Data time: 0.00(0.00)  Forward time: 0.27(0.25)  Batch time: 0.27(0.25)
2026-08-14 05:33:47,812   INFO  Train:    4/4 (100%) [9210/55563 ( 17%)]  Loss: 1.277 (1.05)  LR: 4.756e-05  Time cost: 38:50/3:15:28 [7:25:19/3:15:28]  Acc_iter 175900      Data time: 0.00(0.00)  Forward time: 0.25(0.25)  Batch time: 0.25(0.25)
2026-08-14 05:34:00,358   INFO  Train:    4/4 (100%) [9260/55563 ( 17%)]  Loss: 0.5977 (1.05)  LR: 4.746e-05  Time cost: 39:03/3:15:15 [7:25:32/3:15:15]  Acc_iter 175950      Data time: 0.00(0.00)  Forward time: 0.25(0.25)  Batch time: 0.25(0.25)
2026-08-14 05:34:00,721   INFO  a1e06a0b30c0                Fri Aug 14 05:34:00 2026  580.173.02
[0] NVIDIA GeForce RTX 3070 | 69°C,  86 % |  6825 /  8192 MB | root(6428M)

2026-08-14 05:34:13,439   INFO  Train:    4/4 (100%) [9310/55563 ( 17%)]  Loss: 1.197 (1.05)  LR: 4.737e-05  Time cost: 39:16/3:15:04 [7:25:45/3:15:04]  Acc_iter 176000      Data time: 0.00(0.00)  Forward time: 0.20(0.25)  Batch time: 0.20(0.25)
2026-08-14 05:34:26,442   INFO  Train:    4/4 (100%) [9360/55563 ( 17%)]  Loss: 1.013 (1.05)  LR: 4.727e-05  Time cost: 39:29/3:14:53 [7:25:58/3:14:53]  Acc_iter 176050      Data time: 0.00(0.00)  Forward time: 0.27(0.25)  Batch time: 0.27(0.25)
2026-08-14 05:34:39,079   INFO  Train:    4/4 (100%) [9410/55563 ( 17%)]  Loss: 0.8585 (1.05)  LR: 4.717e-05  Time cost: 39:41/3:14:41 [7:26:11/3:14:41]  Acc_iter 176100      Data time: 0.00(0.00)  Forward time: 0.28(0.25)  Batch time: 0.28(0.25)
2026-08-14 05:34:39,452   INFO  a1e06a0b30c0                Fri Aug 14 05:34:39 2026  580.173.02
[0] NVIDIA GeForce RTX 3070 | 66°C,  63 % |  6825 /  8192 MB | root(6428M)

2026-08-14 05:34:52,011   INFO  Train:    4/4 (100%) [9460/55563 ( 17%)]  Loss: 1.094 (1.05)  LR: 4.708e-05  Time cost: 39:54/3:14:29 [7:26:24/3:14:29]  Acc_iter 176150      Data time: 0.00(0.00)  Forward time: 0.26(0.25)  Batch time: 0.26(0.25)
2026-08-14 05:34:57,381   INFO  Save latest model to /OpenPCDet/output/OpenPCDet/tools/cfgs/models/S/F/S_F_N/default/ckpt/latest_model
2026-08-14 05:35:04,525   INFO  Train:    4/4 (100%) [9510/55563 ( 17%)]  Loss: 0.9368 (1.05)  LR: 4.698e-05  Time cost: 40:07/3:14:16 [7:26:36/3:14:16]  Acc_iter 176200      Data time: 0.00(0.00)  Forward time: 0.25(0.25)  Batch time: 0.26(0.25)
2026-08-14 05:35:17,141   INFO  Train:    4/4 (100%) [9560/55563 ( 17%)]  Loss: 1.848 (1.05)  LR: 4.689e-05  Time cost: 40:19/3:14:03 [7:26:49/3:14:03]  Acc_iter 176250      Data time: 0.00(0.00)  Forward time: 0.27(0.25)  Batch time: 0.28(0.25)
2026-08-14 05:35:17,555   INFO  a1e06a0b30c0                Fri Aug 14 05:35:17 2026  580.173.02
[0] NVIDIA GeForce RTX 3070 | 70°C,  99 % |  6826 /  8192 MB | root(6428M)

2026-08-14 05:35:30,525   INFO  Train:    4/4 (100%) [9610/55563 ( 17%)]  Loss: 0.5351 (1.05)  LR: 4.679e-05  Time cost: 40:33/3:13:54 [7:27:02/3:13:54]  Acc_iter 176300      Data time: 0.00(0.00)  Forward time: 0.29(0.25)  Batch time: 0.29(0.25)
2026-08-14 05:35:42,889   INFO  Train:    4/4 (100%) [9660/55563 ( 17%)]  Loss: 0.8072 (1.05)  LR: 4.669e-05  Time cost: 40:45/3:13:40 [7:27:15/3:13:40]  Acc_iter 176350      Data time: 0.00(0.00)  Forward time: 0.24(0.25)  Batch time: 0.24(0.25)
2026-08-14 05:35:55,453   INFO  Train:    4/4 (100%) [9710/55563 ( 17%)]  Loss: 0.8849 (1.05)  LR: 4.660e-05  Time cost: 40:58/3:13:27 [7:27:27/3:13:27]  Acc_iter 176400      Data time: 0.00(0.00)  Forward time: 0.25(0.25)  Batch time: 0.25(0.25)
2026-08-14 05:35:55,814   INFO  a1e06a0b30c0                Fri Aug 14 05:35:55 2026  580.173.02
[0] NVIDIA GeForce RTX 3070 | 63°C,  93 % |  6825 /  8192 MB | root(6428M)

2026-08-14 05:36:08,422   INFO  Train:    4/4 (100%) [9760/55563 ( 18%)]  Loss: 1.386 (1.05)  LR: 4.650e-05  Time cost: 41:11/3:13:16 [7:27:40/3:13:16]  Acc_iter 176450      Data time: 0.00(0.00)  Forward time: 0.24(0.25)  Batch time: 0.24(0.25)
2026-08-14 05:36:21,257   INFO  Train:    4/4 (100%) [9810/55563 ( 18%)]  Loss: 1.107 (1.05)  LR: 4.641e-05  Time cost: 41:24/3:13:04 [7:27:53/3:13:04]  Acc_iter 176500      Data time: 0.00(0.00)  Forward time: 0.22(0.25)  Batch time: 0.22(0.25)
2026-08-14 05:36:33,648   INFO  Train:    4/4 (100%) [9860/55563 ( 18%)]  Loss: 0.4309 (1.05)  LR: 4.631e-05  Time cost: 41:36/3:12:50 [7:28:05/3:12:50]  Acc_iter 176550      Data time: 0.00(0.00)  Forward time: 0.27(0.25)  Batch time: 0.28(0.25)
2026-08-14 05:36:34,063   INFO  a1e06a0b30c0                Fri Aug 14 05:36:34 2026  580.173.02
[0] NVIDIA GeForce RTX 3070 | 69°C,  99 % |  6826 /  8192 MB | root(6428M)

2026-08-14 05:36:46,735   INFO  Train:    4/4 (100%) [9910/55563 ( 18%)]  Loss: 1.077 (1.05)  LR: 4.621e-05  Time cost: 41:49/3:12:39 [7:28:18/3:12:39]  Acc_iter 176600      Data time: 0.00(0.00)  Forward time: 0.24(0.25)  Batch time: 0.24(0.25)
2026-08-14 05:36:59,518   INFO  Train:    4/4 (100%) [9960/55563 ( 18%)]  Loss: 1.276 (1.05)  LR: 4.612e-05  Time cost: 42:02/3:12:27 [7:28:31/3:12:27]  Acc_iter 176650      Data time: 0.00(0.00)  Forward time: 0.27(0.25)  Batch time: 0.27(0.25)
2026-08-14 05:37:11,958   INFO  Train:    4/4 (100%) [10010/55563 ( 18%)]  Loss: 0.7402 (1.05)  LR: 4.602e-05  Time cost: 42:14/3:12:13 [7:28:44/3:12:13]  Acc_iter 176700      Data time: 0.00(0.00)  Forward time: 0.22(0.25)  Batch time: 0.22(0.25)
2026-08-14 05:37:12,387   INFO  a1e06a0b30c0                Fri Aug 14 05:37:12 2026  580.173.02
[0] NVIDIA GeForce RTX 3070 | 63°C,   2 % |  6825 /  8192 MB | root(6428M)

2026-08-14 05:37:24,780   INFO  Train:    4/4 (100%) [10060/55563 ( 18%)]  Loss: 0.1256 (1.05)  LR: 4.593e-05  Time cost: 42:27/3:12:01 [7:28:56/3:12:01]  Acc_iter 176750      Data time: 0.00(0.00)  Forward time: 0.25(0.25)  Batch time: 0.25(0.25)
2026-08-14 05:37:37,153   INFO  Train:    4/4 (100%) [10110/55563 ( 18%)]  Loss: 1.601 (1.05)  LR: 4.583e-05  Time cost: 42:39/3:11:47 [7:29:09/3:11:47]  Acc_iter 176800      Data time: 0.00(0.00)  Forward time: 0.24(0.25)  Batch time: 0.24(0.25)
2026-08-14 05:37:49,609   INFO  Train:    4/4 (100%) [10160/55563 ( 18%)]  Loss: 1.092 (1.05)  LR: 4.574e-05  Time cost: 42:52/3:11:34 [7:29:21/3:11:34]  Acc_iter 176850      Data time: 0.00(0.00)  Forward time: 0.25(0.25)  Batch time: 0.25(0.25)
2026-08-14 05:37:49,983   INFO  a1e06a0b30c0                Fri Aug 14 05:37:49 2026  580.173.02
[0] NVIDIA GeForce RTX 3070 | 70°C,  94 % |  6825 /  8192 MB | root(6428M)

2026-08-14 05:38:02,517   INFO  Train:    4/4 (100%) [10210/55563 ( 18%)]  Loss: 0.7566 (1.05)  LR: 4.564e-05  Time cost: 43:05/3:11:22 [7:29:34/3:11:22]  Acc_iter 176900      Data time: 0.00(0.00)  Forward time: 0.25(0.25)  Batch time: 0.25(0.25)
2026-08-14 05:38:14,882   INFO  Train:    4/4 (100%) [10260/55563 ( 18%)]  Loss: 0.8488 (1.05)  LR: 4.555e-05  Time cost: 43:17/3:11:08 [7:29:47/3:11:08]  Acc_iter 176950      Data time: 0.00(0.00)  Forward time: 0.25(0.25)  Batch time: 0.25(0.25)
2026-08-14 05:38:27,458   INFO  Train:    4/4 (100%) [10310/55563 ( 19%)]  Loss: 0.7443 (1.05)  LR: 4.545e-05  Time cost: 43:30/3:10:55 [7:29:59/3:10:55]  Acc_iter 177000      Data time: 0.00(0.00)  Forward time: 0.26(0.25)  Batch time: 0.26(0.25)
2026-08-14 05:38:27,871   INFO  a1e06a0b30c0                Fri Aug 14 05:38:27 2026  580.173.02
[0] NVIDIA GeForce RTX 3070 | 64°C,  96 % |  6825 /  8192 MB | root(6428M)

2026-08-14 05:38:40,386   INFO  Train:    4/4 (100%) [10360/55563 ( 19%)]  Loss: 1.006 (1.05)  LR: 4.536e-05  Time cost: 43:43/3:10:44 [7:30:12/3:10:44]  Acc_iter 177050      Data time: 0.00(0.00)  Forward time: 0.26(0.25)  Batch time: 0.26(0.25)
2026-08-14 05:38:53,239   INFO  Train:    4/4 (100%) [10410/55563 ( 19%)]  Loss: 1.934 (1.05)  LR: 4.526e-05  Time cost: 43:56/3:10:32 [7:30:25/3:10:32]  Acc_iter 177100      Data time: 0.00(0.00)  Forward time: 0.27(0.25)  Batch time: 0.27(0.25)
2026-08-14 05:39:05,925   INFO  Train:    4/4 (100%) [10460/55563 ( 19%)]  Loss: 1.055 (1.05)  LR: 4.517e-05  Time cost: 44:08/3:10:20 [7:30:38/3:10:20]  Acc_iter 177150      Data time: 0.00(0.00)  Forward time: 0.23(0.25)  Batch time: 0.23(0.25)
2026-08-14 05:39:06,304   INFO  a1e06a0b30c0                Fri Aug 14 05:39:06 2026  580.173.02
[0] NVIDIA GeForce RTX 3070 | 62°C,   1 % |  6825 /  8192 MB | root(6428M)

2026-08-14 05:39:18,794   INFO  Train:    4/4 (100%) [10510/55563 ( 19%)]  Loss: 0.5325 (1.05)  LR: 4.507e-05  Time cost: 44:21/3:10:08 [7:30:50/3:10:08]  Acc_iter 177200      Data time: 0.00(0.00)  Forward time: 0.29(0.25)  Batch time: 0.29(0.25)
2026-08-14 05:39:31,312   INFO  Train:    4/4 (100%) [10560/55563 ( 19%)]  Loss: 0.9136 (1.05)  LR: 4.498e-05  Time cost: 44:34/3:09:54 [7:31:03/3:09:54]  Acc_iter 177250      Data time: 0.00(0.00)  Forward time: 0.22(0.25)  Batch time: 0.22(0.25)
2026-08-14 05:39:43,963   INFO  Train:    4/4 (100%) [10610/55563 ( 19%)]  Loss: 1.427 (1.05)  LR: 4.488e-05  Time cost: 44:46/3:09:42 [7:31:16/3:09:42]  Acc_iter 177300      Data time: 0.00(0.00)  Forward time: 0.27(0.25)  Batch time: 0.27(0.25)
2026-08-14 05:39:44,326   INFO  a1e06a0b30c0                Fri Aug 14 05:39:44 2026  580.173.02
[0] NVIDIA GeForce RTX 3070 | 63°C,   2 % |  6826 /  8192 MB | root(6428M)

2026-08-14 05:39:57,357   INFO  Save latest model to /OpenPCDet/output/OpenPCDet/tools/cfgs/models/S/F/S_F_N/default/ckpt/latest_model
2026-08-14 05:39:57,608   INFO  Train:    4/4 (100%) [10660/55563 ( 19%)]  Loss: 1.397 (1.05)  LR: 4.479e-05  Time cost: 45:00/3:09:33 [7:31:29/3:09:33]  Acc_iter 177350      Data time: 0.12(0.00)  Forward time: 0.25(0.25)  Batch time: 0.37(0.25)
2026-08-14 05:40:10,420   INFO  Train:    4/4 (100%) [10710/55563 ( 19%)]  Loss: 1.105 (1.05)  LR: 4.469e-05  Time cost: 45:13/3:09:21 [7:31:42/3:09:21]  Acc_iter 177400      Data time: 0.00(0.00)  Forward time: 0.22(0.25)  Batch time: 0.22(0.25)
2026-08-14 05:40:22,865   INFO  Train:    4/4 (100%) [10760/55563 ( 19%)]  Loss: 1.191 (1.05)  LR: 4.460e-05  Time cost: 45:25/3:09:08 [7:31:54/3:09:08]  Acc_iter 177450      Data time: 0.00(0.00)  Forward time: 0.28(0.25)  Batch time: 0.28(0.25)
2026-08-14 05:40:23,234   INFO  a1e06a0b30c0                Fri Aug 14 05:40:23 2026  580.173.02
[0] NVIDIA GeForce RTX 3070 | 68°C,  95 % |  6825 /  8192 MB | root(6428M)

2026-08-14 05:40:35,681   INFO  Train:    4/4 (100%) [10810/55563 ( 19%)]  Loss: 0.8050 (1.05)  LR: 4.450e-05  Time cost: 45:38/3:08:56 [7:32:07/3:08:56]  Acc_iter 177500      Data time: 0.00(0.00)  Forward time: 0.26(0.25)  Batch time: 0.26(0.25)
2026-08-14 05:40:48,231   INFO  Train:    4/4 (100%) [10860/55563 ( 20%)]  Loss: 1.497 (1.05)  LR: 4.441e-05  Time cost: 45:51/3:08:42 [7:32:20/3:08:42]  Acc_iter 177550      Data time: 0.00(0.00)  Forward time: 0.22(0.25)  Batch time: 0.22(0.25)
2026-08-14 05:41:01,134   INFO  Train:    4/4 (100%) [10910/55563 ( 20%)]  Loss: 2.099 (1.05)  LR: 4.432e-05  Time cost: 46:03/3:08:31 [7:32:33/3:08:31]  Acc_iter 177600      Data time: 0.00(0.00)  Forward time: 0.26(0.25)  Batch time: 0.27(0.25)
2026-08-14 05:41:01,504   INFO  a1e06a0b30c0                Fri Aug 14 05:41:01 2026  580.173.02
[0] NVIDIA GeForce RTX 3070 | 70°C,  99 % |  6826 /  8192 MB | root(6428M)

2026-08-14 05:41:13,921   INFO  Train:    4/4 (100%) [10960/55563 ( 20%)]  Loss: 1.201 (1.05)  LR: 4.422e-05  Time cost: 46:16/3:08:19 [7:32:46/3:08:19]  Acc_iter 177650      Data time: 0.00(0.00)  Forward time: 0.28(0.25)  Batch time: 0.28(0.25)
2026-08-14 05:41:26,373   INFO  Train:    4/4 (100%) [11010/55563 ( 20%)]  Loss: 0.9446 (1.05)  LR: 4.413e-05  Time cost: 46:29/3:08:05 [7:32:58/3:08:05]  Acc_iter 177700      Data time: 0.00(0.00)  Forward time: 0.27(0.25)  Batch time: 0.28(0.25)
2026-08-14 05:41:38,841   INFO  Train:    4/4 (100%) [11060/55563 ( 20%)]  Loss: 1.804 (1.05)  LR: 4.403e-05  Time cost: 46:41/3:07:52 [7:33:10/3:07:52]  Acc_iter 177750      Data time: 0.00(0.00)  Forward time: 0.21(0.25)  Batch time: 0.22(0.25)
2026-08-14 05:41:39,256   INFO  a1e06a0b30c0                Fri Aug 14 05:41:39 2026  580.173.02
[0] NVIDIA GeForce RTX 3070 | 70°C,  85 % |  6825 /  8192 MB | root(6428M)

2026-08-14 05:41:51,861   INFO  Train:    4/4 (100%) [11110/55563 ( 20%)]  Loss: 0.4378 (1.05)  LR: 4.394e-05  Time cost: 46:54/3:07:40 [7:33:23/3:07:40]  Acc_iter 177800      Data time: 0.00(0.00)  Forward time: 0.24(0.25)  Batch time: 0.24(0.25)
2026-08-14 05:42:03,962   INFO  Train:    4/4 (100%) [11160/55563 ( 20%)]  Loss: 0.9527 (1.05)  LR: 4.385e-05  Time cost: 47:06/3:07:25 [7:33:36/3:07:25]  Acc_iter 177850      Data time: 0.00(0.00)  Forward time: 0.25(0.25)  Batch time: 0.25(0.25)
2026-08-14 05:42:16,636   INFO  Train:    4/4 (100%) [11210/55563 ( 20%)]  Loss: 0.7841 (1.05)  LR: 4.375e-05  Time cost: 47:19/3:07:13 [7:33:48/3:07:13]  Acc_iter 177900      Data time: 0.00(0.00)  Forward time: 0.26(0.25)  Batch time: 0.26(0.25)
2026-08-14 05:42:17,011   INFO  a1e06a0b30c0                Fri Aug 14 05:42:16 2026  580.173.02
[0] NVIDIA GeForce RTX 3070 | 69°C,  80 % |  6826 /  8192 MB | root(6428M)

2026-08-14 05:42:29,371   INFO  Train:    4/4 (100%) [11260/55563 ( 20%)]  Loss: 0.8834 (1.05)  LR: 4.366e-05  Time cost: 47:32/3:07:00 [7:34:01/3:07:00]  Acc_iter 177950      Data time: 0.00(0.00)  Forward time: 0.27(0.25)  Batch time: 0.27(0.25)
2026-08-14 05:42:42,325   INFO  Train:    4/4 (100%) [11310/55563 ( 20%)]  Loss: 0.7874 (1.05)  LR: 4.357e-05  Time cost: 47:45/3:06:49 [7:34:14/3:06:49]  Acc_iter 178000      Data time: 0.00(0.00)  Forward time: 0.27(0.25)  Batch time: 0.27(0.25)
2026-08-14 05:42:54,927   INFO  Train:    4/4 (100%) [11360/55563 ( 20%)]  Loss: 1.141 (1.05)  LR: 4.347e-05  Time cost: 47:57/3:06:36 [7:34:27/3:06:36]  Acc_iter 178050      Data time: 0.00(0.00)  Forward time: 0.26(0.25)  Batch time: 0.26(0.25)
2026-08-14 05:42:55,294   INFO  a1e06a0b30c0                Fri Aug 14 05:42:55 2026  580.173.02
[0] NVIDIA GeForce RTX 3070 | 63°C,   1 % |  6826 /  8192 MB | root(6428M)

2026-08-14 05:43:07,404   INFO  Train:    4/4 (100%) [11410/55563 ( 21%)]  Loss: 0.5607 (1.05)  LR: 4.338e-05  Time cost: 48:10/3:06:23 [7:34:39/3:06:23]  Acc_iter 178100      Data time: 0.00(0.00)  Forward time: 0.21(0.25)  Batch time: 0.21(0.25)
2026-08-14 05:43:19,825   INFO  Train:    4/4 (100%) [11460/55563 ( 21%)]  Loss: 1.074 (1.05)  LR: 4.329e-05  Time cost: 48:22/3:06:09 [7:34:51/3:06:09]  Acc_iter 178150      Data time: 0.00(0.00)  Forward time: 0.26(0.25)  Batch time: 0.26(0.25)
2026-08-14 05:43:32,396   INFO  Train:    4/4 (100%) [11510/55563 ( 21%)]  Loss: 0.5863 (1.05)  LR: 4.319e-05  Time cost: 48:35/3:05:56 [7:35:04/3:05:56]  Acc_iter 178200      Data time: 0.00(0.00)  Forward time: 0.26(0.25)  Batch time: 0.26(0.25)
2026-08-14 05:43:32,824   INFO  a1e06a0b30c0                Fri Aug 14 05:43:32 2026  580.173.02
[0] NVIDIA GeForce RTX 3070 | 62°C,  88 % |  6826 /  8192 MB | root(6428M)

2026-08-14 05:43:45,531   INFO  Train:    4/4 (100%) [11560/55563 ( 21%)]  Loss: 0.3832 (1.05)  LR: 4.310e-05  Time cost: 48:48/3:05:45 [7:35:17/3:05:45]  Acc_iter 178250      Data time: 0.00(0.00)  Forward time: 0.24(0.25)  Batch time: 0.24(0.25)
2026-08-14 05:43:58,294   INFO  Train:    4/4 (100%) [11610/55563 ( 21%)]  Loss: 0.9981 (1.05)  LR: 4.301e-05  Time cost: 49:01/3:05:33 [7:35:30/3:05:33]  Acc_iter 178300      Data time: 0.00(0.00)  Forward time: 0.27(0.25)  Batch time: 0.27(0.25)
2026-08-14 05:44:10,623   INFO  Train:    4/4 (100%) [11660/55563 ( 21%)]  Loss: 0.7989 (1.05)  LR: 4.292e-05  Time cost: 49:13/3:05:19 [7:35:42/3:05:19]  Acc_iter 178350      Data time: 0.00(0.00)  Forward time: 0.27(0.25)  Batch time: 0.27(0.25)
2026-08-14 05:44:11,019   INFO  a1e06a0b30c0                Fri Aug 14 05:44:11 2026  580.173.02
[0] NVIDIA GeForce RTX 3070 | 68°C,  82 % |  6825 /  8192 MB | root(6428M)

2026-08-14 05:44:23,313   INFO  Train:    4/4 (100%) [11710/55563 ( 21%)]  Loss: 1.101 (1.05)  LR: 4.282e-05  Time cost: 49:26/3:05:06 [7:35:55/3:05:06]  Acc_iter 178400      Data time: 0.00(0.00)  Forward time: 0.27(0.25)  Batch time: 0.27(0.25)
2026-08-14 05:44:36,091   INFO  Train:    4/4 (100%) [11760/55563 ( 21%)]  Loss: 0.8681 (1.05)  LR: 4.273e-05  Time cost: 49:38/3:04:54 [7:36:08/3:04:54]  Acc_iter 178450      Data time: 0.00(0.00)  Forward time: 0.21(0.25)  Batch time: 0.21(0.25)
2026-08-14 05:44:48,477   INFO  Train:    4/4 (100%) [11810/55563 ( 21%)]  Loss: 0.3567 (1.05)  LR: 4.264e-05  Time cost: 49:51/3:04:40 [7:36:20/3:04:40]  Acc_iter 178500      Data time: 0.00(0.00)  Forward time: 0.27(0.25)  Batch time: 0.27(0.25)
2026-08-14 05:44:48,839   INFO  a1e06a0b30c0                Fri Aug 14 05:44:48 2026  580.173.02
[0] NVIDIA GeForce RTX 3070 | 64°C,  95 % |  6826 /  8192 MB | root(6428M)

2026-08-14 05:44:57,338   INFO  Save latest model to /OpenPCDet/output/OpenPCDet/tools/cfgs/models/S/F/S_F_N/default/ckpt/latest_model
2026-08-14 05:45:01,425   INFO  Train:    4/4 (100%) [11860/55563 ( 21%)]  Loss: 1.358 (1.05)  LR: 4.254e-05  Time cost: 50:04/3:04:29 [7:36:33/3:04:29]  Acc_iter 178550      Data time: 0.00(0.00)  Forward time: 0.27(0.25)  Batch time: 0.27(0.25)
2026-08-14 05:45:14,171   INFO  Train:    4/4 (100%) [11910/55563 ( 21%)]  Loss: 0.5147 (1.05)  LR: 4.245e-05  Time cost: 50:16/3:04:16 [7:36:46/3:04:16]  Acc_iter 178600      Data time: 0.00(0.00)  Forward time: 0.23(0.25)  Batch time: 0.23(0.25)
2026-08-14 05:45:27,189   INFO  Train:    4/4 (100%) [11960/55563 ( 22%)]  Loss: 0.8218 (1.05)  LR: 4.236e-05  Time cost: 50:29/3:04:05 [7:36:59/3:04:05]  Acc_iter 178650      Data time: 0.00(0.00)  Forward time: 0.26(0.25)  Batch time: 0.27(0.25)
2026-08-14 05:45:27,588   INFO  a1e06a0b30c0                Fri Aug 14 05:45:27 2026  580.173.02
[0] NVIDIA GeForce RTX 3070 | 70°C,  97 % |  6825 /  8192 MB | root(6428M)

2026-08-14 05:45:40,084   INFO  Train:    4/4 (100%) [12010/55563 ( 22%)]  Loss: 1.823 (1.05)  LR: 4.227e-05  Time cost: 50:42/3:03:53 [7:37:12/3:03:53]  Acc_iter 178700      Data time: 0.00(0.00)  Forward time: 0.27(0.25)  Batch time: 0.27(0.25)
2026-08-14 05:45:52,703   INFO  Train:    4/4 (100%) [12060/55563 ( 22%)]  Loss: 0.6710 (1.05)  LR: 4.218e-05  Time cost: 50:55/3:03:40 [7:37:24/3:03:40]  Acc_iter 178750      Data time: 0.00(0.00)  Forward time: 0.26(0.25)  Batch time: 0.26(0.25)
2026-08-14 05:46:05,372   INFO  Train:    4/4 (100%) [12110/55563 ( 22%)]  Loss: 1.183 (1.05)  LR: 4.208e-05  Time cost: 51:08/3:03:28 [7:37:37/3:03:28]  Acc_iter 178800      Data time: 0.00(0.00)  Forward time: 0.24(0.25)  Batch time: 0.24(0.25)
2026-08-14 05:46:05,803   INFO  a1e06a0b30c0                Fri Aug 14 05:46:05 2026  580.173.02
[0] NVIDIA GeForce RTX 3070 | 63°C,  95 % |  6826 /  8192 MB | root(6428M)

2026-08-14 05:46:18,629   INFO  Train:    4/4 (100%) [12160/55563 ( 22%)]  Loss: 0.3234 (1.05)  LR: 4.199e-05  Time cost: 51:21/3:03:17 [7:37:50/3:03:17]  Acc_iter 178850      Data time: 0.00(0.00)  Forward time: 0.25(0.25)  Batch time: 0.25(0.25)
2026-08-14 05:46:30,982   INFO  Train:    4/4 (100%) [12210/55563 ( 22%)]  Loss: 1.064 (1.05)  LR: 4.190e-05  Time cost: 51:33/3:03:03 [7:38:03/3:03:03]  Acc_iter 178900      Data time: 0.00(0.00)  Forward time: 0.25(0.25)  Batch time: 0.25(0.25)
2026-08-14 05:46:43,782   INFO  Train:    4/4 (100%) [12260/55563 ( 22%)]  Loss: 1.097 (1.05)  LR: 4.181e-05  Time cost: 51:46/3:02:51 [7:38:15/3:02:51]  Acc_iter 178950      Data time: 0.00(0.00)  Forward time: 0.28(0.25)  Batch time: 0.28(0.25)
2026-08-14 05:46:44,163   INFO  a1e06a0b30c0                Fri Aug 14 05:46:44 2026  580.173.02
[0] NVIDIA GeForce RTX 3070 | 68°C,  96 % |  6825 /  8192 MB | root(6428M)

2026-08-14 05:46:56,949   INFO  Train:    4/4 (100%) [12310/55563 ( 22%)]  Loss: 0.5368 (1.05)  LR: 4.172e-05  Time cost: 51:59/3:02:40 [7:38:29/3:02:40]  Acc_iter 179000      Data time: 0.00(0.00)  Forward time: 0.22(0.25)  Batch time: 0.22(0.25)
2026-08-14 05:47:09,518   INFO  Train:    4/4 (100%) [12360/55563 ( 22%)]  Loss: 2.134 (1.06)  LR: 4.162e-05  Time cost: 52:12/3:02:27 [7:38:41/3:02:27]  Acc_iter 179050      Data time: 0.00(0.00)  Forward time: 0.26(0.25)  Batch time: 0.26(0.25)
2026-08-14 05:47:22,355   INFO  Train:    4/4 (100%) [12410/55563 ( 22%)]  Loss: 0.4300 (1.06)  LR: 4.153e-05  Time cost: 52:25/3:02:15 [7:38:54/3:02:15]  Acc_iter 179100      Data time: 0.00(0.00)  Forward time: 0.23(0.25)  Batch time: 0.23(0.25)
2026-08-14 05:47:22,728   INFO  a1e06a0b30c0                Fri Aug 14 05:47:22 2026  580.173.02
[0] NVIDIA GeForce RTX 3070 | 69°C,  72 % |  6826 /  8192 MB | root(6428M)

2026-08-14 05:47:35,493   INFO  Train:    4/4 (100%) [12460/55563 ( 22%)]  Loss: 0.5290 (1.05)  LR: 4.144e-05  Time cost: 52:38/3:02:04 [7:39:07/3:02:04]  Acc_iter 179150      Data time: 0.00(0.00)  Forward time: 0.27(0.25)  Batch time: 0.27(0.25)
2026-08-14 05:47:47,951   INFO  Train:    4/4 (100%) [12510/55563 ( 23%)]  Loss: 1.189 (1.06)  LR: 4.135e-05  Time cost: 52:50/3:01:51 [7:39:20/3:01:51]  Acc_iter 179200      Data time: 0.00(0.00)  Forward time: 0.28(0.25)  Batch time: 0.28(0.25)
2026-08-14 05:48:00,651   INFO  Train:    4/4 (100%) [12560/55563 ( 23%)]  Loss: 0.6197 (1.06)  LR: 4.126e-05  Time cost: 53:03/3:01:38 [7:39:32/3:01:38]  Acc_iter 179250      Data time: 0.00(0.00)  Forward time: 0.29(0.25)  Batch time: 0.29(0.25)
2026-08-14 05:48:01,023   INFO  a1e06a0b30c0                Fri Aug 14 05:48:01 2026  580.173.02
[0] NVIDIA GeForce RTX 3070 | 67°C,  70 % |  6825 /  8192 MB | root(6428M)

2026-08-14 05:48:14,008   INFO  Train:    4/4 (100%) [12610/55563 ( 23%)]  Loss: 1.016 (1.06)  LR: 4.117e-05  Time cost: 53:16/3:01:28 [7:39:46/3:01:28]  Acc_iter 179300      Data time: 0.00(0.00)  Forward time: 0.27(0.25)  Batch time: 0.27(0.25)
2026-08-14 05:48:26,453   INFO  Train:    4/4 (100%) [12660/55563 ( 23%)]  Loss: 1.704 (1.06)  LR: 4.108e-05  Time cost: 53:29/3:01:14 [7:39:58/3:01:14]  Acc_iter 179350      Data time: 0.00(0.00)  Forward time: 0.26(0.25)  Batch time: 0.26(0.25)
2026-08-14 05:48:39,215   INFO  Train:    4/4 (100%) [12710/55563 ( 23%)]  Loss: 1.241 (1.05)  LR: 4.099e-05  Time cost: 53:42/3:01:02 [7:40:11/3:01:02]  Acc_iter 179400      Data time: 0.00(0.00)  Forward time: 0.29(0.25)  Batch time: 0.29(0.25)
2026-08-14 05:48:39,588   INFO  a1e06a0b30c0                Fri Aug 14 05:48:39 2026  580.173.02
[0] NVIDIA GeForce RTX 3070 | 70°C,  97 % |  6826 /  8192 MB | root(6428M)

2026-08-14 05:48:52,312   INFO  Train:    4/4 (100%) [12760/55563 ( 23%)]  Loss: 0.3024 (1.06)  LR: 4.089e-05  Time cost: 53:55/3:00:51 [7:40:24/3:00:51]  Acc_iter 179450      Data time: 0.00(0.00)  Forward time: 0.27(0.25)  Batch time: 0.27(0.25)
2026-08-14 05:49:04,962   INFO  Train:    4/4 (100%) [12810/55563 ( 23%)]  Loss: 0.7815 (1.06)  LR: 4.080e-05  Time cost: 54:07/3:00:38 [7:40:37/3:00:38]  Acc_iter 179500      Data time: 0.00(0.00)  Forward time: 0.27(0.25)  Batch time: 0.27(0.25)
2026-08-14 05:49:17,379   INFO  Train:    4/4 (100%) [12860/55563 ( 23%)]  Loss: 0.9269 (1.06)  LR: 4.071e-05  Time cost: 54:20/3:00:24 [7:40:49/3:00:24]  Acc_iter 179550      Data time: 0.00(0.00)  Forward time: 0.23(0.25)  Batch time: 0.23(0.25)
2026-08-14 05:49:17,746   INFO  a1e06a0b30c0                Fri Aug 14 05:49:17 2026  580.173.02
[0] NVIDIA GeForce RTX 3070 | 69°C,  99 % |  6825 /  8192 MB | root(6428M)

2026-08-14 05:49:30,338   INFO  Train:    4/4 (100%) [12910/55563 ( 23%)]  Loss: 1.630 (1.06)  LR: 4.062e-05  Time cost: 54:33/3:00:13 [7:41:02/3:00:13]  Acc_iter 179600      Data time: 0.00(0.00)  Forward time: 0.23(0.25)  Batch time: 0.23(0.25)
2026-08-14 05:49:43,095   INFO  Train:    4/4 (100%) [12960/55563 ( 23%)]  Loss: 0.1854 (1.06)  LR: 4.053e-05  Time cost: 54:45/3:00:00 [7:41:15/3:00:00]  Acc_iter 179650      Data time: 0.00(0.00)  Forward time: 0.25(0.25)  Batch time: 0.25(0.25)
2026-08-14 05:49:55,840   INFO  Train:    4/4 (100%) [13010/55563 ( 23%)]  Loss: 1.138 (1.06)  LR: 4.044e-05  Time cost: 54:58/2:59:48 [7:41:27/2:59:48]  Acc_iter 179700      Data time: 0.00(0.00)  Forward time: 0.27(0.25)  Batch time: 0.28(0.25)
2026-08-14 05:49:56,267   INFO  a1e06a0b30c0                Fri Aug 14 05:49:56 2026  580.173.02
[0] NVIDIA GeForce RTX 3070 | 69°C,  69 % |  6825 /  8192 MB | root(6428M)

2026-08-14 05:49:57,414   INFO  Save latest model to /OpenPCDet/output/OpenPCDet/tools/cfgs/models/S/F/S_F_N/default/ckpt/latest_model
2026-08-14 05:50:09,134   INFO  Train:    4/4 (100%) [13060/55563 ( 24%)]  Loss: 1.036 (1.06)  LR: 4.035e-05  Time cost: 55:11/2:59:37 [7:41:41/2:59:37]  Acc_iter 179750      Data time: 0.00(0.00)  Forward time: 0.26(0.25)  Batch time: 0.26(0.25)
2026-08-14 05:50:21,487   INFO  Train:    4/4 (100%) [13110/55563 ( 24%)]  Loss: 1.223 (1.06)  LR: 4.026e-05  Time cost: 55:24/2:59:23 [7:41:53/2:59:23]  Acc_iter 179800      Data time: 0.00(0.00)  Forward time: 0.24(0.25)  Batch time: 0.24(0.25)
2026-08-14 05:50:33,652   INFO  Train:    4/4 (100%) [13160/55563 ( 24%)]  Loss: 0.3576 (1.06)  LR: 4.017e-05  Time cost: 55:36/2:59:09 [7:42:05/2:59:09]  Acc_iter 179850      Data time: 0.00(0.00)  Forward time: 0.20(0.25)  Batch time: 0.20(0.25)
2026-08-14 05:50:34,071   INFO  a1e06a0b30c0                Fri Aug 14 05:50:34 2026  580.173.02
[0] NVIDIA GeForce RTX 3070 | 70°C,  89 % |  6826 /  8192 MB | root(6428M)

2026-08-14 05:50:46,784   INFO  Train:    4/4 (100%) [13210/55563 ( 24%)]  Loss: 0.8041 (1.06)  LR: 4.008e-05  Time cost: 55:49/2:58:58 [7:42:18/2:58:58]  Acc_iter 179900      Data time: 0.00(0.00)  Forward time: 0.25(0.25)  Batch time: 0.26(0.25)
2026-08-14 05:50:59,613   INFO  Train:    4/4 (100%) [13260/55563 ( 24%)]  Loss: 1.341 (1.06)  LR: 3.999e-05  Time cost: 56:02/2:58:46 [7:42:31/2:58:46]  Acc_iter 179950      Data time: 0.00(0.00)  Forward time: 0.26(0.25)  Batch time: 0.26(0.25)
2026-08-14 05:51:11,874   INFO  Train:    4/4 (100%) [13310/55563 ( 24%)]  Loss: 1.033 (1.06)  LR: 3.990e-05  Time cost: 56:14/2:58:32 [7:42:43/2:58:32]  Acc_iter 180000      Data time: 0.00(0.00)  Forward time: 0.25(0.25)  Batch time: 0.25(0.25)
2026-08-14 05:51:12,241   INFO  a1e06a0b30c0                Fri Aug 14 05:51:12 2026  580.173.02
[0] NVIDIA GeForce RTX 3070 | 70°C,  85 % |  6825 /  8192 MB | root(6428M)

2026-08-14 05:51:24,938   INFO  Train:    4/4 (100%) [13360/55563 ( 24%)]  Loss: 1.253 (1.05)  LR: 3.981e-05  Time cost: 56:27/2:58:20 [7:42:57/2:58:20]  Acc_iter 180050      Data time: 0.00(0.00)  Forward time: 0.29(0.25)  Batch time: 0.29(0.25)
2026-08-14 05:51:37,739   INFO  Train:    4/4 (100%) [13410/55563 ( 24%)]  Loss: 0.6310 (1.05)  LR: 3.972e-05  Time cost: 56:40/2:58:08 [7:43:09/2:58:08]  Acc_iter 180100      Data time: 0.00(0.00)  Forward time: 0.26(0.25)  Batch time: 0.26(0.25)
2026-08-14 05:51:50,656   INFO  Train:    4/4 (100%) [13460/55563 ( 24%)]  Loss: 1.075 (1.05)  LR: 3.963e-05  Time cost: 56:53/2:57:56 [7:43:22/2:57:56]  Acc_iter 180150      Data time: 0.00(0.00)  Forward time: 0.22(0.25)  Batch time: 0.22(0.25)
2026-08-14 05:51:51,054   INFO  a1e06a0b30c0                Fri Aug 14 05:51:51 2026  580.173.02
[0] NVIDIA GeForce RTX 3070 | 69°C,  99 % |  6826 /  8192 MB | root(6428M)

2026-08-14 05:52:03,740   INFO  Train:    4/4 (100%) [13510/55563 ( 24%)]  Loss: 1.026 (1.05)  LR: 3.954e-05  Time cost: 57:06/2:57:45 [7:43:35/2:57:45]  Acc_iter 180200      Data time: 0.00(0.00)  Forward time: 0.26(0.25)  Batch time: 0.26(0.25)
2026-08-14 05:52:16,409   INFO  Train:    4/4 (100%) [13560/55563 ( 24%)]  Loss: 1.166 (1.05)  LR: 3.945e-05  Time cost: 57:19/2:57:32 [7:43:48/2:57:32]  Acc_iter 180250      Data time: 0.00(0.00)  Forward time: 0.26(0.25)  Batch time: 0.26(0.25)
2026-08-14 05:52:28,894   INFO  Train:    4/4 (100%) [13610/55563 ( 24%)]  Loss: 1.167 (1.05)  LR: 3.936e-05  Time cost: 57:31/2:57:19 [7:44:01/2:57:19]  Acc_iter 180300      Data time: 0.00(0.00)  Forward time: 0.27(0.25)  Batch time: 0.27(0.25)
2026-08-14 05:52:29,300   INFO  a1e06a0b30c0                Fri Aug 14 05:52:29 2026  580.173.02
[0] NVIDIA GeForce RTX 3070 | 69°C,  75 % |  6825 /  8192 MB | root(6428M)

2026-08-14 05:52:42,086   INFO  Train:    4/4 (100%) [13660/55563 ( 25%)]  Loss: 1.121 (1.05)  LR: 3.927e-05  Time cost: 57:44/2:57:07 [7:44:14/2:57:07]  Acc_iter 180350      Data time: 0.00(0.00)  Forward time: 0.28(0.25)  Batch time: 0.28(0.25)
2026-08-14 05:52:54,692   INFO  Train:    4/4 (100%) [13710/55563 ( 25%)]  Loss: 0.3636 (1.05)  LR: 3.918e-05  Time cost: 57:57/2:56:55 [7:44:26/2:56:55]  Acc_iter 180400      Data time: 0.00(0.00)  Forward time: 0.20(0.25)  Batch time: 0.20(0.25)
2026-08-14 05:53:07,329   INFO  Train:    4/4 (100%) [13760/55563 ( 25%)]  Loss: 1.221 (1.05)  LR: 3.909e-05  Time cost: 58:10/2:56:42 [7:44:39/2:56:42]  Acc_iter 180450      Data time: 0.00(0.00)  Forward time: 0.27(0.25)  Batch time: 0.27(0.25)
2026-08-14 05:53:07,698   INFO  a1e06a0b30c0                Fri Aug 14 05:53:07 2026  580.173.02
[0] NVIDIA GeForce RTX 3070 | 69°C,  79 % |  6826 /  8192 MB | root(6428M)

2026-08-14 05:53:20,262   INFO  Train:    4/4 (100%) [13810/55563 ( 25%)]  Loss: 0.9275 (1.05)  LR: 3.900e-05  Time cost: 58:23/2:56:30 [7:44:52/2:56:30]  Acc_iter 180500      Data time: 0.00(0.00)  Forward time: 0.28(0.25)  Batch time: 0.28(0.25)
2026-08-14 05:53:33,018   INFO  Train:    4/4 (100%) [13860/55563 ( 25%)]  Loss: 0.4244 (1.05)  LR: 3.891e-05  Time cost: 58:35/2:56:17 [7:45:05/2:56:17]  Acc_iter 180550      Data time: 0.00(0.00)  Forward time: 0.23(0.25)  Batch time: 0.23(0.25)
2026-08-14 05:53:46,093   INFO  Train:    4/4 (100%) [13910/55563 ( 25%)]  Loss: 1.227 (1.05)  LR: 3.883e-05  Time cost: 58:48/2:56:06 [7:45:18/2:56:06]  Acc_iter 180600      Data time: 0.00(0.00)  Forward time: 0.26(0.25)  Batch time: 0.26(0.25)
2026-08-14 05:53:46,473   INFO  a1e06a0b30c0                Fri Aug 14 05:53:46 2026  580.173.02
[0] NVIDIA GeForce RTX 3070 | 65°C,  43 % |  6825 /  8192 MB | root(6428M)

2026-08-14 05:53:58,712   INFO  Train:    4/4 (100%) [13960/55563 ( 25%)]  Loss: 0.6246 (1.05)  LR: 3.874e-05  Time cost: 59:01/2:55:53 [7:45:30/2:55:53]  Acc_iter 180650      Data time: 0.00(0.00)  Forward time: 0.23(0.25)  Batch time: 0.23(0.25)
2026-08-14 05:54:11,249   INFO  Train:    4/4 (100%) [14010/55563 ( 25%)]  Loss: 1.318 (1.05)  LR: 3.865e-05  Time cost: 59:14/2:55:40 [7:45:43/2:55:40]  Acc_iter 180700      Data time: 0.00(0.00)  Forward time: 0.21(0.25)  Batch time: 0.21(0.25)
2026-08-14 05:54:23,914   INFO  Train:    4/4 (100%) [14060/55563 ( 25%)]  Loss: 1.242 (1.05)  LR: 3.856e-05  Time cost: 59:26/2:55:27 [7:45:56/2:55:27]  Acc_iter 180750      Data time: 0.00(0.00)  Forward time: 0.26(0.25)  Batch time: 0.26(0.25)
2026-08-14 05:54:24,335   INFO  a1e06a0b30c0                Fri Aug 14 05:54:24 2026  580.173.02
[0] NVIDIA GeForce RTX 3070 | 70°C,  81 % |  6827 /  8192 MB | root(6428M)

2026-08-14 05:54:37,239   INFO  Train:    4/4 (100%) [14110/55563 ( 25%)]  Loss: 1.241 (1.05)  LR: 3.847e-05  Time cost: 59:40/2:55:16 [7:46:09/2:55:16]  Acc_iter 180800      Data time: 0.00(0.00)  Forward time: 0.27(0.25)  Batch time: 0.27(0.25)
2026-08-14 05:54:49,650   INFO  Train:    4/4 (100%) [14160/55563 ( 25%)]  Loss: 1.003 (1.05)  LR: 3.838e-05  Time cost: 59:52/2:55:03 [7:46:21/2:55:03]  Acc_iter 180850      Data time: 0.00(0.00)  Forward time: 0.25(0.25)  Batch time: 0.25(0.25)
2026-08-14 05:54:57,476   INFO  Save latest model to /OpenPCDet/output/OpenPCDet/tools/cfgs/models/S/F/S_F_N/default/ckpt/latest_model
2026-08-14 05:55:02,128   INFO  Train:    4/4 (100%) [14210/55563 ( 26%)]  Loss: 0.8755 (1.05)  LR: 3.829e-05  Time cost: 1:00:04/2:54:50 [7:46:34/2:54:50]  Acc_iter 180900      Data time: 0.00(0.00)  Forward time: 0.24(0.25)  Batch time: 0.25(0.25)
2026-08-14 05:55:02,499   INFO  a1e06a0b30c0                Fri Aug 14 05:55:02 2026  580.173.02
[0] NVIDIA GeForce RTX 3070 | 70°C,  97 % |  6828 /  8192 MB | root(6428M)

2026-08-14 05:55:14,902   INFO  Train:    4/4 (100%) [14260/55563 ( 26%)]  Loss: 0.8233 (1.05)  LR: 3.820e-05  Time cost: 1:00:17/2:54:37 [7:46:47/2:54:37]  Acc_iter 180950      Data time: 0.00(0.00)  Forward time: 0.26(0.25)  Batch time: 0.26(0.25)
2026-08-14 05:55:27,314   INFO  Train:    4/4 (100%) [14310/55563 ( 26%)]  Loss: 0.8429 (1.05)  LR: 3.812e-05  Time cost: 1:00:30/2:54:24 [7:46:59/2:54:24]  Acc_iter 181000      Data time: 0.00(0.00)  Forward time: 0.25(0.25)  Batch time: 0.25(0.25)
2026-08-14 05:55:39,818   INFO  Train:    4/4 (100%) [14360/55563 ( 26%)]  Loss: 1.233 (1.05)  LR: 3.803e-05  Time cost: 1:00:42/2:54:10 [7:47:11/2:54:10]  Acc_iter 181050      Data time: 0.00(0.00)  Forward time: 0.28(0.25)  Batch time: 0.28(0.25)
2026-08-14 05:55:40,191   INFO  a1e06a0b30c0                Fri Aug 14 05:55:40 2026  580.173.02
[0] NVIDIA GeForce RTX 3070 | 69°C,  96 % |  6825 /  8192 MB | root(6428M)

2026-08-14 05:55:52,467   INFO  Train:    4/4 (100%) [14410/55563 ( 26%)]  Loss: 1.477 (1.05)  LR: 3.794e-05  Time cost: 1:00:55/2:53:58 [7:47:24/2:53:58]  Acc_iter 181100      Data time: 0.00(0.00)  Forward time: 0.26(0.25)  Batch time: 0.26(0.25)
2026-08-14 05:56:05,193   INFO  Train:    4/4 (100%) [14460/55563 ( 26%)]  Loss: 1.132 (1.05)  LR: 3.785e-05  Time cost: 1:01:07/2:53:45 [7:47:37/2:53:45]  Acc_iter 181150      Data time: 0.00(0.00)  Forward time: 0.28(0.25)  Batch time: 0.28(0.25)
2026-08-14 05:56:17,659   INFO  Train:    4/4 (100%) [14510/55563 ( 26%)]  Loss: 1.188 (1.05)  LR: 3.776e-05  Time cost: 1:01:20/2:53:32 [7:47:49/2:53:32]  Acc_iter 181200      Data time: 0.00(0.00)  Forward time: 0.26(0.25)  Batch time: 0.26(0.25)
2026-08-14 05:56:18,075   INFO  a1e06a0b30c0                Fri Aug 14 05:56:18 2026  580.173.02
[0] NVIDIA GeForce RTX 3070 | 70°C,  66 % |  6825 /  8192 MB | root(6428M)

2026-08-14 05:56:30,780   INFO  Train:    4/4 (100%) [14560/55563 ( 26%)]  Loss: 1.388 (1.05)  LR: 3.768e-05  Time cost: 1:01:33/2:53:20 [7:48:02/2:53:20]  Acc_iter 181250      Data time: 0.00(0.00)  Forward time: 0.27(0.25)  Batch time: 0.27(0.25)
2026-08-14 05:56:43,339   INFO  Train:    4/4 (100%) [14610/55563 ( 26%)]  Loss: 0.4464 (1.05)  LR: 3.759e-05  Time cost: 1:01:46/2:53:07 [7:48:15/2:53:07]  Acc_iter 181300      Data time: 0.00(0.00)  Forward time: 0.26(0.25)  Batch time: 0.26(0.25)
2026-08-14 05:56:55,631   INFO  Train:    4/4 (100%) [14660/55563 ( 26%)]  Loss: 0.7982 (1.05)  LR: 3.750e-05  Time cost: 1:01:58/2:52:54 [7:48:27/2:52:54]  Acc_iter 181350      Data time: 0.00(0.00)  Forward time: 0.21(0.25)  Batch time: 0.22(0.25)
2026-08-14 05:56:56,016   INFO  a1e06a0b30c0                Fri Aug 14 05:56:55 2026  580.173.02
[0] NVIDIA GeForce RTX 3070 | 65°C,  79 % |  6826 /  8192 MB | root(6428M)

2026-08-14 05:57:08,419   INFO  Train:    4/4 (100%) [14710/55563 ( 26%)]  Loss: 1.073 (1.05)  LR: 3.741e-05  Time cost: 1:02:11/2:52:41 [7:48:40/2:52:41]  Acc_iter 181400      Data time: 0.00(0.00)  Forward time: 0.28(0.25)  Batch time: 0.28(0.25)
2026-08-14 05:57:21,404   INFO  Train:    4/4 (100%) [14760/55563 ( 27%)]  Loss: 1.394 (1.05)  LR: 3.733e-05  Time cost: 1:02:24/2:52:29 [7:48:53/2:52:29]  Acc_iter 181450      Data time: 0.00(0.00)  Forward time: 0.29(0.25)  Batch time: 0.29(0.25)
2026-08-14 05:57:33,800   INFO  Train:    4/4 (100%) [14810/55563 ( 27%)]  Loss: 1.602 (1.05)  LR: 3.724e-05  Time cost: 1:02:36/2:52:16 [7:49:05/2:52:16]  Acc_iter 181500      Data time: 0.00(0.00)  Forward time: 0.27(0.25)  Batch time: 0.27(0.25)
2026-08-14 05:57:34,158   INFO  a1e06a0b30c0                Fri Aug 14 05:57:34 2026  580.173.02
[0] NVIDIA GeForce RTX 3070 | 69°C,  94 % |  6825 /  8192 MB | root(6428M)

2026-08-14 05:57:46,555   INFO  Train:    4/4 (100%) [14860/55563 ( 27%)]  Loss: 1.598 (1.05)  LR: 3.715e-05  Time cost: 1:02:49/2:52:03 [7:49:18/2:52:03]  Acc_iter 181550      Data time: 0.00(0.00)  Forward time: 0.24(0.25)  Batch time: 0.24(0.25)
2026-08-14 05:57:59,103   INFO  Train:    4/4 (100%) [14910/55563 ( 27%)]  Loss: 1.671 (1.05)  LR: 3.706e-05  Time cost: 1:03:01/2:51:50 [7:49:31/2:51:50]  Acc_iter 181600      Data time: 0.00(0.00)  Forward time: 0.27(0.25)  Batch time: 0.27(0.25)
2026-08-14 05:58:11,861   INFO  Train:    4/4 (100%) [14960/55563 ( 27%)]  Loss: 1.184 (1.05)  LR: 3.698e-05  Time cost: 1:03:14/2:51:38 [7:49:43/2:51:38]  Acc_iter 181650      Data time: 0.00(0.00)  Forward time: 0.28(0.25)  Batch time: 0.29(0.25)
2026-08-14 05:58:12,342   INFO  a1e06a0b30c0                Fri Aug 14 05:58:12 2026  580.173.02
[0] NVIDIA GeForce RTX 3070 | 69°C,  68 % |  6825 /  8192 MB | root(6428M)

2026-08-14 05:58:24,910   INFO  Train:    4/4 (100%) [15010/55563 ( 27%)]  Loss: 0.3640 (1.05)  LR: 3.689e-05  Time cost: 1:03:27/2:51:26 [7:49:57/2:51:26]  Acc_iter 181700      Data time: 0.00(0.00)  Forward time: 0.21(0.25)  Batch time: 0.21(0.25)
2026-08-14 05:58:37,465   INFO  Train:    4/4 (100%) [15060/55563 ( 27%)]  Loss: 0.6970 (1.05)  LR: 3.680e-05  Time cost: 1:03:40/2:51:13 [7:50:09/2:51:13]  Acc_iter 181750      Data time: 0.00(0.00)  Forward time: 0.23(0.25)  Batch time: 0.23(0.25)
2026-08-14 05:58:50,011   INFO  Train:    4/4 (100%) [15110/55563 ( 27%)]  Loss: 1.747 (1.05)  LR: 3.672e-05  Time cost: 1:03:52/2:51:00 [7:50:22/2:51:00]  Acc_iter 181800      Data time: 0.00(0.00)  Forward time: 0.27(0.25)  Batch time: 0.27(0.25)
2026-08-14 05:58:50,378   INFO  a1e06a0b30c0                Fri Aug 14 05:58:50 2026  580.173.02
[0] NVIDIA GeForce RTX 3070 | 64°C,   1 % |  6826 /  8192 MB | root(6428M)

2026-08-14 05:59:02,995   INFO  Train:    4/4 (100%) [15160/55563 ( 27%)]  Loss: 1.077 (1.05)  LR: 3.663e-05  Time cost: 1:04:05/2:50:48 [7:50:35/2:50:48]  Acc_iter 181850      Data time: 0.00(0.00)  Forward time: 0.25(0.25)  Batch time: 0.25(0.25)
2026-08-14 05:59:15,842   INFO  Train:    4/4 (100%) [15210/55563 ( 27%)]  Loss: 0.9724 (1.05)  LR: 3.654e-05  Time cost: 1:04:18/2:50:36 [7:50:47/2:50:36]  Acc_iter 181900      Data time: 0.00(0.00)  Forward time: 0.25(0.25)  Batch time: 0.25(0.25)
2026-08-14 05:59:28,559   INFO  Train:    4/4 (100%) [15260/55563 ( 27%)]  Loss: 1.403 (1.05)  LR: 3.646e-05  Time cost: 1:04:31/2:50:23 [7:51:00/2:50:23]  Acc_iter 181950      Data time: 0.00(0.00)  Forward time: 0.25(0.25)  Batch time: 0.26(0.25)
2026-08-14 05:59:28,937   INFO  a1e06a0b30c0                Fri Aug 14 05:59:28 2026  580.173.02
[0] NVIDIA GeForce RTX 3070 | 65°C,  73 % |  6825 /  8192 MB | root(6428M)

2026-08-14 05:59:41,570   INFO  Train:    4/4 (100%) [15310/55563 ( 28%)]  Loss: 0.8396 (1.05)  LR: 3.637e-05  Time cost: 1:04:44/2:50:12 [7:51:13/2:50:12]  Acc_iter 182000      Data time: 0.00(0.00)  Forward time: 0.24(0.25)  Batch time: 0.24(0.25)
2026-08-14 05:59:54,066   INFO  Train:    4/4 (100%) [15360/55563 ( 28%)]  Loss: 0.7162 (1.05)  LR: 3.628e-05  Time cost: 1:04:56/2:49:58 [7:51:26/2:49:58]  Acc_iter 182050      Data time: 0.00(0.00)  Forward time: 0.25(0.25)  Batch time: 0.25(0.25)
2026-08-14 05:59:57,441   INFO  Save latest model to /OpenPCDet/output/OpenPCDet/tools/cfgs/models/S/F/S_F_N/default/ckpt/latest_model
2026-08-14 06:00:06,862   INFO  Train:    4/4 (100%) [15410/55563 ( 28%)]  Loss: 0.6019 (1.05)  LR: 3.620e-05  Time cost: 1:05:09/2:49:46 [7:51:38/2:49:46]  Acc_iter 182100      Data time: 0.00(0.00)  Forward time: 0.24(0.25)  Batch time: 0.24(0.25)
2026-08-14 06:00:07,246   INFO  a1e06a0b30c0                Fri Aug 14 06:00:07 2026  580.173.02
[0] NVIDIA GeForce RTX 3070 | 68°C,  93 % |  6826 /  8192 MB | root(6428M)

2026-08-14 06:00:19,587   INFO  Train:    4/4 (100%) [15460/55563 ( 28%)]  Loss: 0.7577 (1.05)  LR: 3.611e-05  Time cost: 1:05:22/2:49:33 [7:51:51/2:49:33]  Acc_iter 182150      Data time: 0.00(0.00)  Forward time: 0.23(0.25)  Batch time: 0.23(0.25)
2026-08-14 06:00:32,281   INFO  Train:    4/4 (100%) [15510/55563 ( 28%)]  Loss: 1.345 (1.05)  LR: 3.602e-05  Time cost: 1:05:35/2:49:21 [7:52:04/2:49:21]  Acc_iter 182200      Data time: 0.00(0.00)  Forward time: 0.27(0.25)  Batch time: 0.27(0.25)
2026-08-14 06:00:45,041   INFO  Train:    4/4 (100%) [15560/55563 ( 28%)]  Loss: 1.629 (1.05)  LR: 3.594e-05  Time cost: 1:05:47/2:49:08 [7:52:17/2:49:08]  Acc_iter 182250      Data time: 0.00(0.00)  Forward time: 0.28(0.25)  Batch time: 0.28(0.25)
2026-08-14 06:00:45,411   INFO  a1e06a0b30c0                Fri Aug 14 06:00:45 2026  580.173.02
[0] NVIDIA GeForce RTX 3070 | 65°C,   1 % |  6825 /  8192 MB | root(6428M)

2026-08-14 06:00:58,198   INFO  Train:    4/4 (100%) [15610/55563 ( 28%)]  Loss: 1.031 (1.05)  LR: 3.585e-05  Time cost: 1:06:00/2:48:57 [7:52:30/2:48:57]  Acc_iter 182300      Data time: 0.00(0.00)  Forward time: 0.25(0.25)  Batch time: 0.25(0.25)
2026-08-14 06:01:10,770   INFO  Train:    4/4 (100%) [15660/55563 ( 28%)]  Loss: 0.8945 (1.05)  LR: 3.577e-05  Time cost: 1:06:13/2:48:44 [7:52:42/2:48:44]  Acc_iter 182350      Data time: 0.00(0.00)  Forward time: 0.27(0.25)  Batch time: 0.27(0.25)
2026-08-14 06:01:23,124   INFO  Train:    4/4 (100%) [15710/55563 ( 28%)]  Loss: 0.9268 (1.05)  LR: 3.568e-05  Time cost: 1:06:25/2:48:30 [7:52:55/2:48:30]  Acc_iter 182400      Data time: 0.00(0.00)  Forward time: 0.24(0.25)  Batch time: 0.24(0.25)
2026-08-14 06:01:23,490   INFO  a1e06a0b30c0                Fri Aug 14 06:01:23 2026  580.173.02
[0] NVIDIA GeForce RTX 3070 | 65°C,  17 % |  6825 /  8192 MB | root(6428M)

2026-08-14 06:01:35,773   INFO  Train:    4/4 (100%) [15760/55563 ( 28%)]  Loss: 0.6041 (1.05)  LR: 3.559e-05  Time cost: 1:06:38/2:48:18 [7:53:07/2:48:18]  Acc_iter 182450      Data time: 0.00(0.00)  Forward time: 0.21(0.25)  Batch time: 0.21(0.25)
2026-08-14 06:01:48,265   INFO  Train:    4/4 (100%) [15810/55563 ( 28%)]  Loss: 0.6879 (1.05)  LR: 3.551e-05  Time cost: 1:06:51/2:48:04 [7:53:20/2:48:04]  Acc_iter 182500      Data time: 0.00(0.00)  Forward time: 0.26(0.25)  Batch time: 0.27(0.25)
2026-08-14 06:02:01,206   INFO  Train:    4/4 (100%) [15860/55563 ( 29%)]  Loss: 1.067 (1.05)  LR: 3.542e-05  Time cost: 1:07:03/2:47:52 [7:53:33/2:47:52]  Acc_iter 182550      Data time: 0.00(0.00)  Forward time: 0.27(0.25)  Batch time: 0.27(0.25)
2026-08-14 06:02:01,572   INFO  a1e06a0b30c0                Fri Aug 14 06:02:01 2026  580.173.02
[0] NVIDIA GeForce RTX 3070 | 70°C,  99 % |  6826 /  8192 MB | root(6428M)

2026-08-14 06:02:13,948   INFO  Train:    4/4 (100%) [15910/55563 ( 29%)]  Loss: 1.241 (1.05)  LR: 3.534e-05  Time cost: 1:07:16/2:47:40 [7:53:46/2:47:40]  Acc_iter 182600      Data time: 0.00(0.00)  Forward time: 0.27(0.25)  Batch time: 0.28(0.25)
2026-08-14 06:02:26,765   INFO  Train:    4/4 (100%) [15960/55563 ( 29%)]  Loss: 1.276 (1.05)  LR: 3.525e-05  Time cost: 1:07:29/2:47:27 [7:53:58/2:47:27]  Acc_iter 182650      Data time: 0.00(0.00)  Forward time: 0.30(0.25)  Batch time: 0.31(0.25)
2026-08-14 06:02:39,316   INFO  Train:    4/4 (100%) [16010/55563 ( 29%)]  Loss: 0.5287 (1.05)  LR: 3.517e-05  Time cost: 1:07:42/2:47:14 [7:54:11/2:47:14]  Acc_iter 182700      Data time: 0.00(0.00)  Forward time: 0.24(0.25)  Batch time: 0.24(0.25)
2026-08-14 06:02:39,689   INFO  a1e06a0b30c0                Fri Aug 14 06:02:39 2026  580.173.02
[0] NVIDIA GeForce RTX 3070 | 69°C,  75 % |  6825 /  8192 MB | root(6428M)

2026-08-14 06:02:52,769   INFO  Train:    4/4 (100%) [16060/55563 ( 29%)]  Loss: 0.5099 (1.05)  LR: 3.508e-05  Time cost: 1:07:55/2:47:04 [7:54:24/2:47:04]  Acc_iter 182750      Data time: 0.00(0.00)  Forward time: 0.24(0.25)  Batch time: 0.24(0.25)
2026-08-14 06:03:05,036   INFO  Train:    4/4 (100%) [16110/55563 ( 29%)]  Loss: 0.4589 (1.05)  LR: 3.500e-05  Time cost: 1:08:07/2:46:50 [7:54:37/2:46:50]  Acc_iter 182800      Data time: 0.00(0.00)  Forward time: 0.27(0.25)  Batch time: 0.27(0.25)
2026-08-14 06:03:17,593   INFO  Train:    4/4 (100%) [16160/55563 ( 29%)]  Loss: 1.987 (1.05)  LR: 3.491e-05  Time cost: 1:08:20/2:46:37 [7:54:49/2:46:37]  Acc_iter 182850      Data time: 0.00(0.00)  Forward time: 0.26(0.25)  Batch time: 0.26(0.25)
2026-08-14 06:03:18,003   INFO  a1e06a0b30c0                Fri Aug 14 06:03:17 2026  580.173.02
[0] NVIDIA GeForce RTX 3070 | 65°C,  73 % |  6827 /  8192 MB | root(6428M)

2026-08-14 06:03:30,642   INFO  Train:    4/4 (100%) [16210/55563 ( 29%)]  Loss: 0.2910 (1.05)  LR: 3.483e-05  Time cost: 1:08:33/2:46:25 [7:55:02/2:46:25]  Acc_iter 182900      Data time: 0.00(0.00)  Forward time: 0.22(0.25)  Batch time: 0.22(0.25)
2026-08-14 06:03:43,482   INFO  Train:    4/4 (100%) [16260/55563 ( 29%)]  Loss: 0.6439 (1.05)  LR: 3.474e-05  Time cost: 1:08:46/2:46:13 [7:55:15/2:46:13]  Acc_iter 182950      Data time: 0.00(0.00)  Forward time: 0.25(0.25)  Batch time: 0.25(0.25)
2026-08-14 06:03:56,148   INFO  Train:    4/4 (100%) [16310/55563 ( 29%)]  Loss: 0.4989 (1.05)  LR: 3.466e-05  Time cost: 1:08:58/2:46:00 [7:55:28/2:46:00]  Acc_iter 183000      Data time: 0.00(0.00)  Forward time: 0.24(0.25)  Batch time: 0.24(0.25)
2026-08-14 06:03:56,544   INFO  a1e06a0b30c0                Fri Aug 14 06:03:56 2026  580.173.02
[0] NVIDIA GeForce RTX 3070 | 68°C,  87 % |  6825 /  8192 MB | root(6428M)

2026-08-14 06:04:09,330   INFO  Train:    4/4 (100%) [16360/55563 ( 29%)]  Loss: 1.471 (1.05)  LR: 3.457e-05  Time cost: 1:09:12/2:45:48 [7:55:41/2:45:48]  Acc_iter 183050      Data time: 0.00(0.00)  Forward time: 0.28(0.25)  Batch time: 0.28(0.25)
2026-08-14 06:04:21,939   INFO  Train:    4/4 (100%) [16410/55563 ( 30%)]  Loss: 1.179 (1.05)  LR: 3.449e-05  Time cost: 1:09:24/2:45:36 [7:55:54/2:45:36]  Acc_iter 183100      Data time: 0.00(0.00)  Forward time: 0.27(0.25)  Batch time: 0.27(0.25)
2026-08-14 06:04:34,940   INFO  Train:    4/4 (100%) [16460/55563 ( 30%)]  Loss: 0.7200 (1.05)  LR: 3.440e-05  Time cost: 1:09:37/2:45:24 [7:56:07/2:45:24]  Acc_iter 183150      Data time: 0.00(0.00)  Forward time: 0.31(0.25)  Batch time: 0.31(0.25)
2026-08-14 06:04:35,381   INFO  a1e06a0b30c0                Fri Aug 14 06:04:35 2026  580.173.02
[0] NVIDIA GeForce RTX 3070 | 67°C,  91 % |  6826 /  8192 MB | root(6428M)

2026-08-14 06:04:48,277   INFO  Train:    4/4 (100%) [16510/55563 ( 30%)]  Loss: 1.405 (1.05)  LR: 3.432e-05  Time cost: 1:09:51/2:45:13 [7:56:20/2:45:13]  Acc_iter 183200      Data time: 0.00(0.00)  Forward time: 0.27(0.25)  Batch time: 0.27(0.25)
2026-08-14 06:04:57,519   INFO  Save latest model to /OpenPCDet/output/OpenPCDet/tools/cfgs/models/S/F/S_F_N/default/ckpt/latest_model
2026-08-14 06:05:00,793   INFO  Train:    4/4 (100%) [16560/55563 ( 30%)]  Loss: 1.819 (1.05)  LR: 3.423e-05  Time cost: 1:10:03/2:44:59 [7:56:32/2:44:59]  Acc_iter 183250      Data time: 0.00(0.00)  Forward time: 0.25(0.25)  Batch time: 0.25(0.25)
2026-08-14 06:05:13,448   INFO  Train:    4/4 (100%) [16610/55563 ( 30%)]  Loss: 1.692 (1.05)  LR: 3.415e-05  Time cost: 1:10:16/2:44:47 [7:56:45/2:44:47]  Acc_iter 183300      Data time: 0.00(0.00)  Forward time: 0.24(0.25)  Batch time: 0.25(0.25)
2026-08-14 06:05:13,859   INFO  a1e06a0b30c0                Fri Aug 14 06:05:13 2026  580.173.02
[0] NVIDIA GeForce RTX 3070 | 68°C,  77 % |  6823 /  8192 MB | root(6428M)

2026-08-14 06:05:26,691   INFO  Train:    4/4 (100%) [16660/55563 ( 30%)]  Loss: 0.6237 (1.05)  LR: 3.407e-05  Time cost: 1:10:29/2:44:35 [7:56:58/2:44:35]  Acc_iter 183350      Data time: 0.00(0.00)  Forward time: 0.22(0.25)  Batch time: 0.22(0.25)
2026-08-14 06:05:39,541   INFO  Train:    4/4 (100%) [16710/55563 ( 30%)]  Loss: 0.9873 (1.05)  LR: 3.398e-05  Time cost: 1:10:42/2:44:23 [7:57:11/2:44:23]  Acc_iter 183400      Data time: 0.00(0.00)  Forward time: 0.22(0.25)  Batch time: 0.22(0.25)
2026-08-14 06:05:51,793   INFO  Train:    4/4 (100%) [16760/55563 ( 30%)]  Loss: 1.434 (1.05)  LR: 3.390e-05  Time cost: 1:10:54/2:44:09 [7:57:23/2:44:09]  Acc_iter 183450      Data time: 0.00(0.00)  Forward time: 0.25(0.25)  Batch time: 0.25(0.25)
2026-08-14 06:05:52,153   INFO  a1e06a0b30c0                Fri Aug 14 06:05:52 2026  580.173.02
[0] NVIDIA GeForce RTX 3070 | 70°C,  93 % |  6826 /  8192 MB | root(6428M)

2026-08-14 06:06:04,709   INFO  Train:    4/4 (100%) [16810/55563 ( 30%)]  Loss: 1.182 (1.05)  LR: 3.381e-05  Time cost: 1:11:07/2:43:57 [7:57:36/2:43:57]  Acc_iter 183500      Data time: 0.00(0.00)  Forward time: 0.27(0.25)  Batch time: 0.27(0.25)
2026-08-14 06:06:17,257   INFO  Train:    4/4 (100%) [16860/55563 ( 30%)]  Loss: 1.652 (1.05)  LR: 3.373e-05  Time cost: 1:11:20/2:43:44 [7:57:49/2:43:44]  Acc_iter 183550      Data time: 0.00(0.00)  Forward time: 0.25(0.25)  Batch time: 0.25(0.25)
2026-08-14 06:06:30,235   INFO  Train:    4/4 (100%) [16910/55563 ( 30%)]  Loss: 2.262 (1.05)  LR: 3.365e-05  Time cost: 1:11:33/2:43:32 [7:58:02/2:43:32]  Acc_iter 183600      Data time: 0.00(0.00)  Forward time: 0.27(0.25)  Batch time: 0.27(0.25)
2026-08-14 06:06:30,644   INFO  a1e06a0b30c0                Fri Aug 14 06:06:30 2026  580.173.02
[0] NVIDIA GeForce RTX 3070 | 71°C,  99 % |  6825 /  8192 MB | root(6428M)

2026-08-14 06:06:43,315   INFO  Train:    4/4 (100%) [16960/55563 ( 31%)]  Loss: 0.5952 (1.05)  LR: 3.356e-05  Time cost: 1:11:46/2:43:20 [7:58:15/2:43:20]  Acc_iter 183650      Data time: 0.00(0.00)  Forward time: 0.23(0.25)  Batch time: 0.23(0.25)
2026-08-14 06:06:55,821   INFO  Train:    4/4 (100%) [17010/55563 ( 31%)]  Loss: 0.7180 (1.05)  LR: 3.348e-05  Time cost: 1:11:58/2:43:07 [7:58:27/2:43:07]  Acc_iter 183700      Data time: 0.00(0.00)  Forward time: 0.22(0.25)  Batch time: 0.22(0.25)
2026-08-14 06:07:08,457   INFO  Train:    4/4 (100%) [17060/55563 ( 31%)]  Loss: 1.046 (1.05)  LR: 3.340e-05  Time cost: 1:12:11/2:42:54 [7:58:40/2:42:54]  Acc_iter 183750      Data time: 0.00(0.00)  Forward time: 0.26(0.25)  Batch time: 0.26(0.25)
2026-08-14 06:07:08,819   INFO  a1e06a0b30c0                Fri Aug 14 06:07:08 2026  580.173.02
[0] NVIDIA GeForce RTX 3070 | 70°C,  91 % |  6826 /  8192 MB | root(6428M)

2026-08-14 06:07:21,677   INFO  Train:    4/4 (100%) [17110/55563 ( 31%)]  Loss: 0.5100 (1.05)  LR: 3.331e-05  Time cost: 1:12:24/2:42:43 [7:58:53/2:42:43]  Acc_iter 183800      Data time: 0.00(0.00)  Forward time: 0.23(0.25)  Batch time: 0.23(0.25)
2026-08-14 06:07:34,216   INFO  Train:    4/4 (100%) [17160/55563 ( 31%)]  Loss: 1.878 (1.05)  LR: 3.323e-05  Time cost: 1:12:37/2:42:30 [7:59:06/2:42:30]  Acc_iter 183850      Data time: 0.00(0.00)  Forward time: 0.27(0.25)  Batch time: 0.27(0.25)
2026-08-14 06:07:46,753   INFO  Train:    4/4 (100%) [17210/55563 ( 31%)]  Loss: 0.9494 (1.05)  LR: 3.315e-05  Time cost: 1:12:49/2:42:17 [7:59:18/2:42:17]  Acc_iter 183900      Data time: 0.00(0.00)  Forward time: 0.25(0.25)  Batch time: 0.25(0.25)
2026-08-14 06:07:47,162   INFO  a1e06a0b30c0                Fri Aug 14 06:07:47 2026  580.173.02
[0] NVIDIA GeForce RTX 3070 | 71°C,  99 % |  6825 /  8192 MB | root(6428M)

2026-08-14 06:07:59,935   INFO  Train:    4/4 (100%) [17260/55563 ( 31%)]  Loss: 0.8160 (1.05)  LR: 3.306e-05  Time cost: 1:13:02/2:42:05 [7:59:32/2:42:05]  Acc_iter 183950      Data time: 0.00(0.00)  Forward time: 0.23(0.25)  Batch time: 0.23(0.25)
2026-08-14 06:08:12,797   INFO  Train:    4/4 (100%) [17310/55563 ( 31%)]  Loss: 1.185 (1.05)  LR: 3.298e-05  Time cost: 1:13:15/2:41:53 [7:59:44/2:41:53]  Acc_iter 184000      Data time: 0.00(0.00)  Forward time: 0.29(0.25)  Batch time: 0.29(0.25)
2026-08-14 06:08:25,637   INFO  Train:    4/4 (100%) [17360/55563 ( 31%)]  Loss: 1.068 (1.05)  LR: 3.290e-05  Time cost: 1:13:28/2:41:40 [7:59:57/2:41:40]  Acc_iter 184050      Data time: 0.00(0.00)  Forward time: 0.22(0.25)  Batch time: 0.23(0.25)
2026-08-14 06:08:26,021   INFO  a1e06a0b30c0                Fri Aug 14 06:08:26 2026  580.173.02
[0] NVIDIA GeForce RTX 3070 | 67°C,  71 % |  6826 /  8192 MB | root(6428M)

2026-08-14 06:08:38,520   INFO  Train:    4/4 (100%) [17410/55563 ( 31%)]  Loss: 1.870 (1.05)  LR: 3.281e-05  Time cost: 1:13:41/2:41:28 [8:00:10/2:41:28]  Acc_iter 184100      Data time: 0.00(0.00)  Forward time: 0.23(0.25)  Batch time: 0.23(0.25)
2026-08-14 06:08:50,973   INFO  Train:    4/4 (100%) [17460/55563 ( 31%)]  Loss: 0.5465 (1.05)  LR: 3.273e-05  Time cost: 1:13:53/2:41:15 [8:00:23/2:41:15]  Acc_iter 184150      Data time: 0.00(0.00)  Forward time: 0.23(0.25)  Batch time: 0.23(0.25)
2026-08-14 06:09:03,453   INFO  Train:    4/4 (100%) [17510/55563 ( 32%)]  Loss: 1.368 (1.05)  LR: 3.265e-05  Time cost: 1:14:06/2:41:02 [8:00:35/2:41:02]  Acc_iter 184200      Data time: 0.00(0.00)  Forward time: 0.27(0.25)  Batch time: 0.27(0.25)
2026-08-14 06:09:03,876   INFO  a1e06a0b30c0                Fri Aug 14 06:09:03 2026  580.173.02
[0] NVIDIA GeForce RTX 3070 | 71°C,  65 % |  6826 /  8192 MB | root(6428M)

2026-08-14 06:09:16,632   INFO  Train:    4/4 (100%) [17560/55563 ( 32%)]  Loss: 1.112 (1.05)  LR: 3.257e-05  Time cost: 1:14:19/2:40:50 [8:00:48/2:40:50]  Acc_iter 184250      Data time: 0.00(0.00)  Forward time: 0.27(0.25)  Batch time: 0.27(0.25)
2026-08-14 06:09:29,090   INFO  Train:    4/4 (100%) [17610/55563 ( 32%)]  Loss: 1.323 (1.05)  LR: 3.248e-05  Time cost: 1:14:31/2:40:37 [8:01:01/2:40:37]  Acc_iter 184300      Data time: 0.00(0.00)  Forward time: 0.22(0.25)  Batch time: 0.22(0.25)
2026-08-14 06:09:41,648   INFO  Train:    4/4 (100%) [17660/55563 ( 32%)]  Loss: 1.053 (1.05)  LR: 3.240e-05  Time cost: 1:14:44/2:40:24 [8:01:13/2:40:24]  Acc_iter 184350      Data time: 0.00(0.00)  Forward time: 0.26(0.25)  Batch time: 0.26(0.25)
2026-08-14 06:09:42,004   INFO  a1e06a0b30c0                Fri Aug 14 06:09:41 2026  580.173.02
[0] NVIDIA GeForce RTX 3070 | 65°C,  85 % |  6825 /  8192 MB | root(6428M)

2026-08-14 06:09:54,485   INFO  Train:    4/4 (100%) [17710/55563 ( 32%)]  Loss: 1.771 (1.05)  LR: 3.232e-05  Time cost: 1:14:57/2:40:11 [8:01:26/2:40:11]  Acc_iter 184400      Data time: 0.00(0.00)  Forward time: 0.26(0.25)  Batch time: 0.26(0.25)
2026-08-14 06:09:57,349   INFO  Save latest model to /OpenPCDet/output/OpenPCDet/tools/cfgs/models/S/F/S_F_N/default/ckpt/latest_model
2026-08-14 06:10:07,274   INFO  Train:    4/4 (100%) [17760/55563 ( 32%)]  Loss: 2.319 (1.05)  LR: 3.224e-05  Time cost: 1:15:10/2:39:59 [8:01:39/2:39:59]  Acc_iter 184450      Data time: 0.00(0.00)  Forward time: 0.27(0.25)  Batch time: 0.28(0.25)
2026-08-14 06:10:19,819   INFO  Train:    4/4 (100%) [17810/55563 ( 32%)]  Loss: 0.8066 (1.05)  LR: 3.216e-05  Time cost: 1:15:22/2:39:46 [8:01:51/2:39:46]  Acc_iter 184500      Data time: 0.00(0.00)  Forward time: 0.23(0.25)  Batch time: 0.24(0.25)
2026-08-14 06:10:20,188   INFO  a1e06a0b30c0                Fri Aug 14 06:10:20 2026  580.173.02
[0] NVIDIA GeForce RTX 3070 | 69°C,  92 % |  6826 /  8192 MB | root(6428M)

2026-08-14 06:10:32,806   INFO  Train:    4/4 (100%) [17860/55563 ( 32%)]  Loss: 0.9238 (1.05)  LR: 3.207e-05  Time cost: 1:15:35/2:39:34 [8:02:04/2:39:34]  Acc_iter 184550      Data time: 0.00(0.00)  Forward time: 0.26(0.25)  Batch time: 0.27(0.25)
2026-08-14 06:10:45,398   INFO  Train:    4/4 (100%) [17910/55563 ( 32%)]  Loss: 1.167 (1.05)  LR: 3.199e-05  Time cost: 1:15:48/2:39:21 [8:02:17/2:39:21]  Acc_iter 184600      Data time: 0.00(0.00)  Forward time: 0.26(0.25)  Batch time: 0.26(0.25)
2026-08-14 06:10:58,175   INFO  Train:    4/4 (100%) [17960/55563 ( 32%)]  Loss: 0.5939 (1.05)  LR: 3.191e-05  Time cost: 1:16:00/2:39:08 [8:02:30/2:39:08]  Acc_iter 184650      Data time: 0.00(0.00)  Forward time: 0.22(0.25)  Batch time: 0.23(0.25)
2026-08-14 06:10:58,584   INFO  a1e06a0b30c0                Fri Aug 14 06:10:58 2026  580.173.02
[0] NVIDIA GeForce RTX 3070 | 66°C,  50 % |  6826 /  8192 MB | root(6428M)

2026-08-14 06:11:11,329   INFO  Train:    4/4 (100%) [18010/55563 ( 32%)]  Loss: 1.138 (1.05)  LR: 3.183e-05  Time cost: 1:16:14/2:38:57 [8:02:43/2:38:57]  Acc_iter 184700      Data time: 0.00(0.00)  Forward time: 0.26(0.25)  Batch time: 0.26(0.25)
2026-08-14 06:11:23,958   INFO  Train:    4/4 (100%) [18060/55563 ( 33%)]  Loss: 0.9478 (1.05)  LR: 3.175e-05  Time cost: 1:16:26/2:38:44 [8:02:56/2:38:44]  Acc_iter 184750      Data time: 0.00(0.00)  Forward time: 0.26(0.25)  Batch time: 0.26(0.25)
2026-08-14 06:11:36,480   INFO  Train:    4/4 (100%) [18110/55563 ( 33%)]  Loss: 1.530 (1.05)  LR: 3.167e-05  Time cost: 1:16:39/2:38:31 [8:03:08/2:38:31]  Acc_iter 184800      Data time: 0.00(0.00)  Forward time: 0.26(0.25)  Batch time: 0.26(0.25)
2026-08-14 06:11:36,881   INFO  a1e06a0b30c0                Fri Aug 14 06:11:36 2026  580.173.02
[0] NVIDIA GeForce RTX 3070 | 70°C,  97 % |  6827 /  8192 MB | root(6428M)

2026-08-14 06:11:49,397   INFO  Train:    4/4 (100%) [18160/55563 ( 33%)]  Loss: 0.9829 (1.05)  LR: 3.158e-05  Time cost: 1:16:52/2:38:18 [8:03:21/2:38:18]  Acc_iter 184850      Data time: 0.00(0.00)  Forward time: 0.26(0.25)  Batch time: 0.26(0.25)
2026-08-14 06:12:02,545   INFO  Train:    4/4 (100%) [18210/55563 ( 33%)]  Loss: 1.056 (1.05)  LR: 3.150e-05  Time cost: 1:17:05/2:38:07 [8:03:34/2:38:07]  Acc_iter 184900      Data time: 0.00(0.00)  Forward time: 0.28(0.25)  Batch time: 0.28(0.25)
2026-08-14 06:12:15,167   INFO  Train:    4/4 (100%) [18260/55563 ( 33%)]  Loss: 0.6534 (1.05)  LR: 3.142e-05  Time cost: 1:17:17/2:37:54 [8:03:47/2:37:54]  Acc_iter 184950      Data time: 0.00(0.00)  Forward time: 0.24(0.25)  Batch time: 0.24(0.25)
2026-08-14 06:12:15,547   INFO  a1e06a0b30c0                Fri Aug 14 06:12:15 2026  580.173.02
[0] NVIDIA GeForce RTX 3070 | 67°C,  65 % |  6826 /  8192 MB | root(6428M)

2026-08-14 06:12:28,123   INFO  Train:    4/4 (100%) [18310/55563 ( 33%)]  Loss: 0.5123 (1.05)  LR: 3.134e-05  Time cost: 1:17:30/2:37:42 [8:04:00/2:37:42]  Acc_iter 185000      Data time: 0.00(0.00)  Forward time: 0.24(0.25)  Batch time: 0.24(0.25)
2026-08-14 06:12:40,655   INFO  Train:    4/4 (100%) [18360/55563 ( 33%)]  Loss: 1.145 (1.05)  LR: 3.126e-05  Time cost: 1:17:43/2:37:29 [8:04:12/2:37:29]  Acc_iter 185050      Data time: 0.00(0.00)  Forward time: 0.25(0.25)  Batch time: 0.25(0.25)
2026-08-14 06:12:53,124   INFO  Train:    4/4 (100%) [18410/55563 ( 33%)]  Loss: 0.5571 (1.05)  LR: 3.118e-05  Time cost: 1:17:55/2:37:15 [8:04:25/2:37:15]  Acc_iter 185100      Data time: 0.00(0.00)  Forward time: 0.25(0.25)  Batch time: 0.26(0.25)
2026-08-14 06:12:53,547   INFO  a1e06a0b30c0                Fri Aug 14 06:12:53 2026  580.173.02
[0] NVIDIA GeForce RTX 3070 | 65°C,   2 % |  6826 /  8192 MB | root(6428M)

2026-08-14 06:13:05,976   INFO  Train:    4/4 (100%) [18460/55563 ( 33%)]  Loss: 0.9770 (1.05)  LR: 3.110e-05  Time cost: 1:18:08/2:37:03 [8:04:38/2:37:03]  Acc_iter 185150      Data time: 0.00(0.00)  Forward time: 0.23(0.25)  Batch time: 0.23(0.25)
2026-08-14 06:13:18,778   INFO  Train:    4/4 (100%) [18510/55563 ( 33%)]  Loss: 1.124 (1.05)  LR: 3.102e-05  Time cost: 1:18:21/2:36:51 [8:04:50/2:36:51]  Acc_iter 185200      Data time: 0.00(0.00)  Forward time: 0.23(0.25)  Batch time: 0.24(0.25)
2026-08-14 06:13:31,282   INFO  Train:    4/4 (100%) [18560/55563 ( 33%)]  Loss: 2.321 (1.05)  LR: 3.094e-05  Time cost: 1:18:34/2:36:37 [8:05:03/2:36:37]  Acc_iter 185250      Data time: 0.00(0.00)  Forward time: 0.27(0.25)  Batch time: 0.28(0.25)
2026-08-14 06:13:31,653   INFO  a1e06a0b30c0                Fri Aug 14 06:13:31 2026  580.173.02
[0] NVIDIA GeForce RTX 3070 | 70°C,  98 % |  6826 /  8192 MB | root(6428M)

2026-08-14 06:13:44,144   INFO  Train:    4/4 (100%) [18610/55563 ( 33%)]  Loss: 1.859 (1.05)  LR: 3.086e-05  Time cost: 1:18:46/2:36:25 [8:05:16/2:36:25]  Acc_iter 185300      Data time: 0.00(0.00)  Forward time: 0.27(0.25)  Batch time: 0.27(0.25)
2026-08-14 06:13:57,177   INFO  Train:    4/4 (100%) [18660/55563 ( 34%)]  Loss: 0.6610 (1.05)  LR: 3.078e-05  Time cost: 1:18:59/2:36:13 [8:05:29/2:36:13]  Acc_iter 185350      Data time: 0.00(0.00)  Forward time: 0.29(0.25)  Batch time: 0.29(0.25)
2026-08-14 06:14:09,415   INFO  Train:    4/4 (100%) [18710/55563 ( 34%)]  Loss: 1.455 (1.05)  LR: 3.070e-05  Time cost: 1:19:12/2:35:59 [8:05:41/2:35:59]  Acc_iter 185400      Data time: 0.00(0.00)  Forward time: 0.26(0.25)  Batch time: 0.26(0.25)
2026-08-14 06:14:09,850   INFO  a1e06a0b30c0                Fri Aug 14 06:14:09 2026  580.173.02
[0] NVIDIA GeForce RTX 3070 | 69°C,  76 % |  6826 /  8192 MB | root(6428M)

2026-08-14 06:14:22,542   INFO  Train:    4/4 (100%) [18760/55563 ( 34%)]  Loss: 0.8727 (1.05)  LR: 3.062e-05  Time cost: 1:19:25/2:35:48 [8:05:54/2:35:48]  Acc_iter 185450      Data time: 0.00(0.00)  Forward time: 0.24(0.25)  Batch time: 0.24(0.25)
2026-08-14 06:14:35,130   INFO  Train:    4/4 (100%) [18810/55563 ( 34%)]  Loss: 0.4246 (1.05)  LR: 3.053e-05  Time cost: 1:19:37/2:35:35 [8:06:07/2:35:35]  Acc_iter 185500      Data time: 0.00(0.00)  Forward time: 0.23(0.25)  Batch time: 0.24(0.25)
2026-08-14 06:14:47,996   INFO  Train:    4/4 (100%) [18860/55563 ( 34%)]  Loss: 0.4128 (1.05)  LR: 3.045e-05  Time cost: 1:19:50/2:35:22 [8:06:20/2:35:22]  Acc_iter 185550      Data time: 0.00(0.00)  Forward time: 0.22(0.25)  Batch time: 0.22(0.25)
2026-08-14 06:14:48,371   INFO  a1e06a0b30c0                Fri Aug 14 06:14:48 2026  580.173.02
[0] NVIDIA GeForce RTX 3070 | 71°C,  96 % |  6827 /  8192 MB | root(6428M)

2026-08-14 06:14:57,428   INFO  Save latest model to /OpenPCDet/output/OpenPCDet/tools/cfgs/models/S/F/S_F_N/default/ckpt/latest_model
2026-08-14 06:15:00,927   INFO  Train:    4/4 (100%) [18910/55563 ( 34%)]  Loss: 0.6927 (1.05)  LR: 3.037e-05  Time cost: 1:20:03/2:35:10 [8:06:33/2:35:10]  Acc_iter 185600      Data time: 0.00(0.00)  Forward time: 0.26(0.25)  Batch time: 0.26(0.25)
2026-08-14 06:15:13,244   INFO  Train:    4/4 (100%) [18960/55563 ( 34%)]  Loss: 0.6068 (1.05)  LR: 3.029e-05  Time cost: 1:20:16/2:34:57 [8:06:45/2:34:57]  Acc_iter 185650      Data time: 0.00(0.00)  Forward time: 0.26(0.25)  Batch time: 0.26(0.25)
2026-08-14 06:15:25,727   INFO  Train:    4/4 (100%) [19010/55563 ( 34%)]  Loss: 1.453 (1.05)  LR: 3.022e-05  Time cost: 1:20:28/2:34:43 [8:06:57/2:34:43]  Acc_iter 185700      Data time: 0.00(0.00)  Forward time: 0.26(0.25)  Batch time: 0.26(0.25)
2026-08-14 06:15:26,085   INFO  a1e06a0b30c0                Fri Aug 14 06:15:26 2026  580.173.02
[0] NVIDIA GeForce RTX 3070 | 68°C,  75 % |  6825 /  8192 MB | root(6428M)

2026-08-14 06:15:39,094   INFO  Train:    4/4 (100%) [19060/55563 ( 34%)]  Loss: 0.8760 (1.05)  LR: 3.014e-05  Time cost: 1:20:41/2:34:32 [8:07:11/2:34:32]  Acc_iter 185750      Data time: 0.00(0.00)  Forward time: 0.28(0.25)  Batch time: 0.28(0.25)
2026-08-14 06:15:51,705   INFO  Train:    4/4 (100%) [19110/55563 ( 34%)]  Loss: 0.9093 (1.05)  LR: 3.006e-05  Time cost: 1:20:54/2:34:19 [8:07:23/2:34:19]  Acc_iter 185800      Data time: 0.00(0.00)  Forward time: 0.25(0.25)  Batch time: 0.26(0.25)
2026-08-14 06:16:04,257   INFO  Train:    4/4 (100%) [19160/55563 ( 34%)]  Loss: 0.5514 (1.05)  LR: 2.998e-05  Time cost: 1:21:07/2:34:06 [8:07:36/2:34:06]  Acc_iter 185850      Data time: 0.00(0.00)  Forward time: 0.28(0.25)  Batch time: 0.28(0.25)
2026-08-14 06:16:04,620   INFO  a1e06a0b30c0                Fri Aug 14 06:16:04 2026  580.173.02
[0] NVIDIA GeForce RTX 3070 | 71°C,  99 % |  6826 /  8192 MB | root(6428M)

2026-08-14 06:16:17,395   INFO  Train:    4/4 (100%) [19210/55563 ( 35%)]  Loss: 1.222 (1.05)  LR: 2.990e-05  Time cost: 1:21:20/2:33:54 [8:07:49/2:33:54]  Acc_iter 185900      Data time: 0.00(0.00)  Forward time: 0.26(0.25)  Batch time: 0.26(0.25)
2026-08-14 06:16:29,790   INFO  Train:    4/4 (100%) [19260/55563 ( 35%)]  Loss: 1.236 (1.05)  LR: 2.982e-05  Time cost: 1:21:32/2:33:41 [8:08:01/2:33:41]  Acc_iter 185950      Data time: 0.00(0.00)  Forward time: 0.26(0.25)  Batch time: 0.26(0.25)
2026-08-14 06:16:42,943   INFO  Train:    4/4 (100%) [19310/55563 ( 35%)]  Loss: 1.264 (1.05)  LR: 2.974e-05  Time cost: 1:21:45/2:33:29 [8:08:15/2:33:29]  Acc_iter 186000      Data time: 0.00(0.00)  Forward time: 0.24(0.25)  Batch time: 0.25(0.25)
2026-08-14 06:16:43,332   INFO  a1e06a0b30c0                Fri Aug 14 06:16:43 2026  580.173.02
[0] NVIDIA GeForce RTX 3070 | 69°C,  73 % |  6825 /  8192 MB | root(6428M)

2026-08-14 06:16:56,010   INFO  Train:    4/4 (100%) [19360/55563 ( 35%)]  Loss: 0.5702 (1.05)  LR: 2.966e-05  Time cost: 1:21:58/2:33:17 [8:08:28/2:33:17]  Acc_iter 186050      Data time: 0.00(0.00)  Forward time: 0.23(0.25)  Batch time: 0.23(0.25)
2026-08-14 06:17:08,575   INFO  Train:    4/4 (100%) [19410/55563 ( 35%)]  Loss: 1.550 (1.05)  LR: 2.958e-05  Time cost: 1:22:11/2:33:04 [8:08:40/2:33:04]  Acc_iter 186100      Data time: 0.00(0.00)  Forward time: 0.29(0.25)  Batch time: 0.29(0.25)
2026-08-14 06:17:21,344   INFO  Train:    4/4 (100%) [19460/55563 ( 35%)]  Loss: 1.418 (1.05)  LR: 2.950e-05  Time cost: 1:22:24/2:32:52 [8:08:53/2:32:52]  Acc_iter 186150      Data time: 0.00(0.00)  Forward time: 0.25(0.25)  Batch time: 0.25(0.25)
2026-08-14 06:17:21,736   INFO  a1e06a0b30c0                Fri Aug 14 06:17:21 2026  580.173.02
[0] NVIDIA GeForce RTX 3070 | 70°C,  98 % |  6826 /  8192 MB | root(6428M)

2026-08-14 06:17:34,552   INFO  Train:    4/4 (100%) [19510/55563 ( 35%)]  Loss: 1.844 (1.05)  LR: 2.942e-05  Time cost: 1:22:37/2:32:40 [8:09:06/2:32:40]  Acc_iter 186200      Data time: 0.00(0.00)  Forward time: 0.24(0.25)  Batch time: 0.24(0.25)
2026-08-14 06:17:46,905   INFO  Train:    4/4 (100%) [19560/55563 ( 35%)]  Loss: 0.5881 (1.05)  LR: 2.934e-05  Time cost: 1:22:49/2:32:26 [8:09:19/2:32:26]  Acc_iter 186250      Data time: 0.00(0.00)  Forward time: 0.25(0.25)  Batch time: 0.25(0.25)
2026-08-14 06:17:59,633   INFO  Train:    4/4 (100%) [19610/55563 ( 35%)]  Loss: 0.5481 (1.05)  LR: 2.926e-05  Time cost: 1:23:02/2:32:14 [8:09:31/2:32:14]  Acc_iter 186300      Data time: 0.00(0.00)  Forward time: 0.25(0.25)  Batch time: 0.25(0.25)
2026-08-14 06:17:59,995   INFO  a1e06a0b30c0                Fri Aug 14 06:17:59 2026  580.173.02
[0] NVIDIA GeForce RTX 3070 | 67°C,  94 % |  6826 /  8192 MB | root(6428M)

2026-08-14 06:18:12,543   INFO  Train:    4/4 (100%) [19660/55563 ( 35%)]  Loss: 0.7622 (1.05)  LR: 2.919e-05  Time cost: 1:23:15/2:32:01 [8:09:44/2:32:01]  Acc_iter 186350      Data time: 0.00(0.00)  Forward time: 0.24(0.25)  Batch time: 0.24(0.25)
2026-08-14 06:18:25,595   INFO  Train:    4/4 (100%) [19710/55563 ( 35%)]  Loss: 1.002 (1.05)  LR: 2.911e-05  Time cost: 1:23:28/2:31:49 [8:09:57/2:31:49]  Acc_iter 186400      Data time: 0.00(0.00)  Forward time: 0.28(0.25)  Batch time: 0.28(0.25)
2026-08-14 06:18:38,318   INFO  Train:    4/4 (100%) [19760/55563 ( 36%)]  Loss: 0.8204 (1.05)  LR: 2.903e-05  Time cost: 1:23:41/2:31:37 [8:10:10/2:31:37]  Acc_iter 186450      Data time: 0.00(0.00)  Forward time: 0.25(0.25)  Batch time: 0.25(0.25)
2026-08-14 06:18:38,730   INFO  a1e06a0b30c0                Fri Aug 14 06:18:38 2026  580.173.02
[0] NVIDIA GeForce RTX 3070 | 71°C,  99 % |  6827 /  8192 MB | root(6428M)

2026-08-14 06:18:51,168   INFO  Train:    4/4 (100%) [19810/55563 ( 36%)]  Loss: 1.039 (1.05)  LR: 2.895e-05  Time cost: 1:23:53/2:31:24 [8:10:23/2:31:24]  Acc_iter 186500      Data time: 0.00(0.00)  Forward time: 0.25(0.25)  Batch time: 0.25(0.25)
2026-08-14 06:19:03,745   INFO  Train:    4/4 (100%) [19860/55563 ( 36%)]  Loss: 0.7594 (1.05)  LR: 2.887e-05  Time cost: 1:24:06/2:31:11 [8:10:35/2:31:11]  Acc_iter 186550      Data time: 0.00(0.00)  Forward time: 0.22(0.25)  Batch time: 0.22(0.25)
2026-08-14 06:19:16,692   INFO  Train:    4/4 (100%) [19910/55563 ( 36%)]  Loss: 1.157 (1.05)  LR: 2.879e-05  Time cost: 1:24:19/2:30:59 [8:10:48/2:30:59]  Acc_iter 186600      Data time: 0.00(0.00)  Forward time: 0.22(0.25)  Batch time: 0.22(0.25)
2026-08-14 06:19:17,118   INFO  a1e06a0b30c0                Fri Aug 14 06:19:17 2026  580.173.02
[0] NVIDIA GeForce RTX 3070 | 66°C,  60 % |  6827 /  8192 MB | root(6428M)

2026-08-14 06:19:29,877   INFO  Train:    4/4 (100%) [19960/55563 ( 36%)]  Loss: 1.180 (1.05)  LR: 2.872e-05  Time cost: 1:24:32/2:30:47 [8:11:01/2:30:47]  Acc_iter 186650      Data time: 0.00(0.00)  Forward time: 0.26(0.25)  Batch time: 0.26(0.25)
2026-08-14 06:19:42,276   INFO  Train:    4/4 (100%) [20010/55563 ( 36%)]  Loss: 0.5908 (1.05)  LR: 2.864e-05  Time cost: 1:24:45/2:30:34 [8:11:14/2:30:34]  Acc_iter 186700      Data time: 0.00(0.00)  Forward time: 0.24(0.25)  Batch time: 0.24(0.25)
2026-08-14 06:19:54,787   INFO  Train:    4/4 (100%) [20060/55563 ( 36%)]  Loss: 0.8759 (1.05)  LR: 2.856e-05  Time cost: 1:24:57/2:30:21 [8:11:26/2:30:21]  Acc_iter 186750      Data time: 0.00(0.00)  Forward time: 0.29(0.25)  Batch time: 0.29(0.25)
2026-08-14 06:19:55,162   INFO  a1e06a0b30c0                Fri Aug 14 06:19:55 2026  580.173.02
[0] NVIDIA GeForce RTX 3070 | 71°C,  85 % |  6827 /  8192 MB | root(6428M)

2026-08-14 06:19:57,394   INFO  Save latest model to /OpenPCDet/output/OpenPCDet/tools/cfgs/models/S/F/S_F_N/default/ckpt/latest_model
2026-08-14 06:20:08,129   INFO  Train:    4/4 (100%) [20110/55563 ( 36%)]  Loss: 0.9378 (1.05)  LR: 2.848e-05  Time cost: 1:25:10/2:30:09 [8:11:40/2:30:09]  Acc_iter 186800      Data time: 0.00(0.00)  Forward time: 0.26(0.25)  Batch time: 0.26(0.25)
2026-08-14 06:20:20,830   INFO  Train:    4/4 (100%) [20160/55563 ( 36%)]  Loss: 0.2736 (1.05)  LR: 2.841e-05  Time cost: 1:25:23/2:29:57 [8:11:52/2:29:57]  Acc_iter 186850      Data time: 0.00(0.00)  Forward time: 0.25(0.25)  Batch time: 0.25(0.25)
2026-08-14 06:20:33,258   INFO  Train:    4/4 (100%) [20210/55563 ( 36%)]  Loss: 1.008 (1.05)  LR: 2.833e-05  Time cost: 1:25:36/2:29:43 [8:12:05/2:29:43]  Acc_iter 186900      Data time: 0.00(0.00)  Forward time: 0.25(0.25)  Batch time: 0.25(0.25)
2026-08-14 06:20:33,630   INFO  a1e06a0b30c0                Fri Aug 14 06:20:33 2026  580.173.02
[0] NVIDIA GeForce RTX 3070 | 70°C,  99 % |  6823 /  8192 MB | root(6428M)

2026-08-14 06:20:46,769   INFO  Train:    4/4 (100%) [20260/55563 ( 36%)]  Loss: 1.484 (1.05)  LR: 2.825e-05  Time cost: 1:25:49/2:29:32 [8:12:18/2:29:32]  Acc_iter 186950      Data time: 0.00(0.00)  Forward time: 0.27(0.25)  Batch time: 0.27(0.25)
2026-08-14 06:20:59,739   INFO  Train:    4/4 (100%) [20310/55563 ( 37%)]  Loss: 0.6655 (1.05)  LR: 2.817e-05  Time cost: 1:26:02/2:29:20 [8:12:31/2:29:20]  Acc_iter 187000      Data time: 0.00(0.00)  Forward time: 0.27(0.25)  Batch time: 0.27(0.25)
2026-08-14 06:21:12,613   INFO  Train:    4/4 (100%) [20360/55563 ( 37%)]  Loss: 0.2932 (1.05)  LR: 2.810e-05  Time cost: 1:26:15/2:29:07 [8:12:44/2:29:07]  Acc_iter 187050      Data time: 0.00(0.00)  Forward time: 0.20(0.25)  Batch time: 0.20(0.25)
2026-08-14 06:21:12,996   INFO  a1e06a0b30c0                Fri Aug 14 06:21:12 2026  580.173.02
[0] NVIDIA GeForce RTX 3070 | 65°C,  76 % |  6823 /  8192 MB | root(6428M)

2026-08-14 06:21:25,759   INFO  Train:    4/4 (100%) [20410/55563 ( 37%)]  Loss: 1.509 (1.05)  LR: 2.802e-05  Time cost: 1:26:28/2:28:56 [8:12:57/2:28:56]  Acc_iter 187100      Data time: 0.00(0.00)  Forward time: 0.23(0.25)  Batch time: 0.23(0.25)
2026-08-14 06:21:38,326   INFO  Train:    4/4 (100%) [20460/55563 ( 37%)]  Loss: 0.9069 (1.05)  LR: 2.794e-05  Time cost: 1:26:41/2:28:43 [8:13:10/2:28:43]  Acc_iter 187150      Data time: 0.00(0.00)  Forward time: 0.27(0.25)  Batch time: 0.27(0.25)
2026-08-14 06:21:50,849   INFO  Train:    4/4 (100%) [20510/55563 ( 37%)]  Loss: 2.215 (1.05)  LR: 2.786e-05  Time cost: 1:26:53/2:28:30 [8:13:22/2:28:30]  Acc_iter 187200      Data time: 0.00(0.00)  Forward time: 0.25(0.25)  Batch time: 0.25(0.25)
2026-08-14 06:21:51,213   INFO  a1e06a0b30c0                Fri Aug 14 06:21:51 2026  580.173.02
[0] NVIDIA GeForce RTX 3070 | 70°C,  94 % |  6828 /  8192 MB | root(6428M)

2026-08-14 06:22:04,089   INFO  Train:    4/4 (100%) [20560/55563 ( 37%)]  Loss: 1.778 (1.05)  LR: 2.779e-05  Time cost: 1:27:06/2:28:18 [8:13:36/2:28:18]  Acc_iter 187250      Data time: 0.00(0.00)  Forward time: 0.26(0.25)  Batch time: 0.26(0.25)
2026-08-14 06:22:16,585   INFO  Train:    4/4 (100%) [20610/55563 ( 37%)]  Loss: 0.4761 (1.05)  LR: 2.771e-05  Time cost: 1:27:19/2:28:05 [8:13:48/2:28:05]  Acc_iter 187300      Data time: 0.00(0.00)  Forward time: 0.23(0.25)  Batch time: 0.24(0.25)
2026-08-14 06:22:28,968   INFO  Train:    4/4 (100%) [20660/55563 ( 37%)]  Loss: 0.5679 (1.05)  LR: 2.763e-05  Time cost: 1:27:31/2:27:51 [8:14:01/2:27:51]  Acc_iter 187350      Data time: 0.00(0.00)  Forward time: 0.25(0.25)  Batch time: 0.25(0.25)
2026-08-14 06:22:29,336   INFO  a1e06a0b30c0                Fri Aug 14 06:22:29 2026  580.173.02
[0] NVIDIA GeForce RTX 3070 | 72°C,  87 % |  6827 /  8192 MB | root(6428M)

2026-08-14 06:22:42,030   INFO  Train:    4/4 (100%) [20710/55563 ( 37%)]  Loss: 0.9804 (1.05)  LR: 2.756e-05  Time cost: 1:27:44/2:27:39 [8:14:14/2:27:39]  Acc_iter 187400      Data time: 0.00(0.00)  Forward time: 0.21(0.25)  Batch time: 0.21(0.25)
2026-08-14 06:22:54,767   INFO  Train:    4/4 (100%) [20760/55563 ( 37%)]  Loss: 1.001 (1.05)  LR: 2.748e-05  Time cost: 1:27:57/2:27:27 [8:14:26/2:27:27]  Acc_iter 187450      Data time: 0.00(0.00)  Forward time: 0.30(0.25)  Batch time: 0.30(0.25)
2026-08-14 06:23:07,324   INFO  Train:    4/4 (100%) [20810/55563 ( 37%)]  Loss: 0.8647 (1.05)  LR: 2.740e-05  Time cost: 1:28:10/2:27:14 [8:14:39/2:27:14]  Acc_iter 187500      Data time: 0.00(0.00)  Forward time: 0.26(0.25)  Batch time: 0.26(0.25)
2026-08-14 06:23:07,699   INFO  a1e06a0b30c0                Fri Aug 14 06:23:07 2026  580.173.02
[0] NVIDIA GeForce RTX 3070 | 72°C,  99 % |  6827 /  8192 MB | root(6428M)

2026-08-14 06:23:20,494   INFO  Train:    4/4 (100%) [20860/55563 ( 38%)]  Loss: 1.075 (1.05)  LR: 2.733e-05  Time cost: 1:28:23/2:27:02 [8:14:52/2:27:02]  Acc_iter 187550      Data time: 0.00(0.00)  Forward time: 0.25(0.25)  Batch time: 0.25(0.25)
2026-08-14 06:23:33,159   INFO  Train:    4/4 (100%) [20910/55563 ( 38%)]  Loss: 0.8092 (1.05)  LR: 2.725e-05  Time cost: 1:28:35/2:26:49 [8:15:05/2:26:49]  Acc_iter 187600      Data time: 0.00(0.00)  Forward time: 0.26(0.25)  Batch time: 0.26(0.25)
2026-08-14 06:23:45,634   INFO  Train:    4/4 (100%) [20960/55563 ( 38%)]  Loss: 1.701 (1.05)  LR: 2.718e-05  Time cost: 1:28:48/2:26:36 [8:15:17/2:26:36]  Acc_iter 187650      Data time: 0.00(0.00)  Forward time: 0.25(0.25)  Batch time: 0.25(0.25)
2026-08-14 06:23:46,020   INFO  a1e06a0b30c0                Fri Aug 14 06:23:45 2026  580.173.02
[0] NVIDIA GeForce RTX 3070 | 64°C,  83 % |  6827 /  8192 MB | root(6428M)

2026-08-14 06:23:58,860   INFO  Train:    4/4 (100%) [21010/55563 ( 38%)]  Loss: 1.038 (1.05)  LR: 2.710e-05  Time cost: 1:29:01/2:26:24 [8:15:30/2:26:24]  Acc_iter 187700      Data time: 0.00(0.00)  Forward time: 0.25(0.25)  Batch time: 0.25(0.25)
2026-08-14 06:24:11,518   INFO  Train:    4/4 (100%) [21060/55563 ( 38%)]  Loss: 0.8789 (1.05)  LR: 2.702e-05  Time cost: 1:29:14/2:26:11 [8:15:43/2:26:11]  Acc_iter 187750      Data time: 0.00(0.00)  Forward time: 0.26(0.25)  Batch time: 0.26(0.25)
2026-08-14 06:24:23,845   INFO  Train:    4/4 (100%) [21110/55563 ( 38%)]  Loss: 0.9995 (1.05)  LR: 2.695e-05  Time cost: 1:29:26/2:25:58 [8:15:55/2:25:58]  Acc_iter 187800      Data time: 0.00(0.00)  Forward time: 0.24(0.25)  Batch time: 0.24(0.25)
2026-08-14 06:24:24,212   INFO  a1e06a0b30c0                Fri Aug 14 06:24:24 2026  580.173.02
[0] NVIDIA GeForce RTX 3070 | 71°C,  93 % |  6827 /  8192 MB | root(6428M)

2026-08-14 06:24:36,593   INFO  Train:    4/4 (100%) [21160/55563 ( 38%)]  Loss: 0.4647 (1.05)  LR: 2.687e-05  Time cost: 1:29:39/2:25:45 [8:16:08/2:25:45]  Acc_iter 187850      Data time: 0.00(0.00)  Forward time: 0.24(0.25)  Batch time: 0.24(0.25)
2026-08-14 06:24:49,259   INFO  Train:    4/4 (100%) [21210/55563 ( 38%)]  Loss: 1.099 (1.05)  LR: 2.680e-05  Time cost: 1:29:52/2:25:32 [8:16:21/2:25:32]  Acc_iter 187900      Data time: 0.00(0.00)  Forward time: 0.29(0.25)  Batch time: 0.29(0.25)
2026-08-14 06:24:57,492   INFO  Save latest model to /OpenPCDet/output/OpenPCDet/tools/cfgs/models/S/F/S_F_N/default/ckpt/latest_model
2026-08-14 06:25:02,030   INFO  Train:    4/4 (100%) [21260/55563 ( 38%)]  Loss: 2.266 (1.05)  LR: 2.672e-05  Time cost: 1:30:04/2:25:20 [8:16:34/2:25:20]  Acc_iter 187950      Data time: 0.00(0.00)  Forward time: 0.28(0.25)  Batch time: 0.28(0.25)
2026-08-14 06:25:02,397   INFO  a1e06a0b30c0                Fri Aug 14 06:25:02 2026  580.173.02
[0] NVIDIA GeForce RTX 3070 | 70°C,  80 % |  6827 /  8192 MB | root(6428M)

2026-08-14 06:25:15,254   INFO  Train:    4/4 (100%) [21310/55563 ( 38%)]  Loss: 0.5993 (1.05)  LR: 2.665e-05  Time cost: 1:30:18/2:25:08 [8:16:47/2:25:08]  Acc_iter 188000      Data time: 0.00(0.00)  Forward time: 0.23(0.25)  Batch time: 0.23(0.25)
2026-08-14 06:25:27,951   INFO  Train:    4/4 (100%) [21360/55563 ( 38%)]  Loss: 0.8978 (1.05)  LR: 2.657e-05  Time cost: 1:30:30/2:24:55 [8:17:00/2:24:55]  Acc_iter 188050      Data time: 0.00(0.00)  Forward time: 0.27(0.25)  Batch time: 0.27(0.25)
2026-08-14 06:25:40,715   INFO  Train:    4/4 (100%) [21410/55563 ( 39%)]  Loss: 1.956 (1.05)  LR: 2.650e-05  Time cost: 1:30:43/2:24:43 [8:17:12/2:24:43]  Acc_iter 188100      Data time: 0.00(0.00)  Forward time: 0.28(0.25)  Batch time: 0.29(0.25)
2026-08-14 06:25:41,133   INFO  a1e06a0b30c0                Fri Aug 14 06:25:41 2026  580.173.02
[0] NVIDIA GeForce RTX 3070 | 67°C,  40 % |  6825 /  8192 MB | root(6428M)

2026-08-14 06:25:53,950   INFO  Train:    4/4 (100%) [21460/55563 ( 39%)]  Loss: 0.8118 (1.05)  LR: 2.642e-05  Time cost: 1:30:56/2:24:31 [8:17:26/2:24:31]  Acc_iter 188150      Data time: 0.00(0.00)  Forward time: 0.27(0.25)  Batch time: 0.27(0.25)
2026-08-14 06:26:06,334   INFO  Train:    4/4 (100%) [21510/55563 ( 39%)]  Loss: 0.7837 (1.05)  LR: 2.635e-05  Time cost: 1:31:09/2:24:17 [8:17:38/2:24:17]  Acc_iter 188200      Data time: 0.00(0.00)  Forward time: 0.25(0.25)  Batch time: 0.25(0.25)
2026-08-14 06:26:19,063   INFO  Train:    4/4 (100%) [21560/55563 ( 39%)]  Loss: 1.032 (1.05)  LR: 2.627e-05  Time cost: 1:31:21/2:24:05 [8:17:51/2:24:05]  Acc_iter 188250      Data time: 0.00(0.00)  Forward time: 0.27(0.25)  Batch time: 0.27(0.25)
2026-08-14 06:26:19,436   INFO  a1e06a0b30c0                Fri Aug 14 06:26:19 2026  580.173.02
[0] NVIDIA GeForce RTX 3070 | 71°C,  56 % |  6826 /  8192 MB | root(6428M)

2026-08-14 06:26:32,110   INFO  Train:    4/4 (100%) [21610/55563 ( 39%)]  Loss: 0.4095 (1.05)  LR: 2.620e-05  Time cost: 1:31:34/2:23:53 [8:18:04/2:23:53]  Acc_iter 188300      Data time: 0.00(0.00)  Forward time: 0.24(0.25)  Batch time: 0.24(0.25)
2026-08-14 06:26:44,921   INFO  Train:    4/4 (100%) [21660/55563 ( 39%)]  Loss: 0.7364 (1.05)  LR: 2.612e-05  Time cost: 1:31:47/2:23:40 [8:18:17/2:23:40]  Acc_iter 188350      Data time: 0.00(0.00)  Forward time: 0.25(0.25)  Batch time: 0.25(0.25)
2026-08-14 06:26:57,313   INFO  Train:    4/4 (100%) [21710/55563 ( 39%)]  Loss: 0.5506 (1.05)  LR: 2.605e-05  Time cost: 1:32:00/2:23:27 [8:18:29/2:23:27]  Acc_iter 188400      Data time: 0.00(0.00)  Forward time: 0.23(0.25)  Batch time: 0.23(0.25)
2026-08-14 06:26:57,680   INFO  a1e06a0b30c0                Fri Aug 14 06:26:57 2026  580.173.02
[0] NVIDIA GeForce RTX 3070 | 70°C,  89 % |  6825 /  8192 MB | root(6428M)

2026-08-14 06:27:10,378   INFO  Train:    4/4 (100%) [21760/55563 ( 39%)]  Loss: 2.124 (1.05)  LR: 2.597e-05  Time cost: 1:32:13/2:23:15 [8:18:42/2:23:15]  Acc_iter 188450      Data time: 0.00(0.00)  Forward time: 0.29(0.25)  Batch time: 0.29(0.25)
2026-08-14 06:27:23,047   INFO  Train:    4/4 (100%) [21810/55563 ( 39%)]  Loss: 0.2758 (1.05)  LR: 2.590e-05  Time cost: 1:32:25/2:23:02 [8:18:55/2:23:02]  Acc_iter 188500      Data time: 0.00(0.00)  Forward time: 0.22(0.25)  Batch time: 0.23(0.25)
2026-08-14 06:27:35,918   INFO  Train:    4/4 (100%) [21860/55563 ( 39%)]  Loss: 0.9192 (1.05)  LR: 2.582e-05  Time cost: 1:32:38/2:22:49 [8:19:08/2:22:49]  Acc_iter 188550      Data time: 0.00(0.00)  Forward time: 0.25(0.25)  Batch time: 0.25(0.25)
2026-08-14 06:27:36,307   INFO  a1e06a0b30c0                Fri Aug 14 06:27:36 2026  580.173.02
[0] NVIDIA GeForce RTX 3070 | 70°C,  92 % |  6826 /  8192 MB | root(6428M)

2026-08-14 06:27:48,859   INFO  Train:    4/4 (100%) [21910/55563 ( 39%)]  Loss: 1.316 (1.05)  LR: 2.575e-05  Time cost: 1:32:51/2:22:37 [8:19:20/2:22:37]  Acc_iter 188600      Data time: 0.00(0.00)  Forward time: 0.32(0.25)  Batch time: 0.33(0.25)
2026-08-14 06:28:01,294   INFO  Train:    4/4 (100%) [21960/55563 ( 40%)]  Loss: 2.092 (1.05)  LR: 2.567e-05  Time cost: 1:33:04/2:22:24 [8:19:33/2:22:24]  Acc_iter 188650      Data time: 0.00(0.00)  Forward time: 0.23(0.25)  Batch time: 0.23(0.25)
2026-08-14 06:28:13,658   INFO  Train:    4/4 (100%) [22010/55563 ( 40%)]  Loss: 0.5346 (1.05)  LR: 2.560e-05  Time cost: 1:33:16/2:22:11 [8:19:45/2:22:11]  Acc_iter 188700      Data time: 0.00(0.00)  Forward time: 0.24(0.25)  Batch time: 0.24(0.25)
2026-08-14 06:28:14,067   INFO  a1e06a0b30c0                Fri Aug 14 06:28:14 2026  580.173.02
[0] NVIDIA GeForce RTX 3070 | 65°C,  87 % |  6825 /  8192 MB | root(6428M)

2026-08-14 06:28:27,014   INFO  Train:    4/4 (100%) [22060/55563 ( 40%)]  Loss: 1.498 (1.05)  LR: 2.553e-05  Time cost: 1:33:29/2:21:59 [8:19:59/2:21:59]  Acc_iter 188750      Data time: 0.00(0.00)  Forward time: 0.22(0.25)  Batch time: 0.22(0.25)
2026-08-14 06:28:39,743   INFO  Train:    4/4 (100%) [22110/55563 ( 40%)]  Loss: 1.503 (1.05)  LR: 2.545e-05  Time cost: 1:33:42/2:21:46 [8:20:11/2:21:46]  Acc_iter 188800      Data time: 0.00(0.00)  Forward time: 0.22(0.25)  Batch time: 0.22(0.25)
2026-08-14 06:28:52,245   INFO  Train:    4/4 (100%) [22160/55563 ( 40%)]  Loss: 0.7960 (1.05)  LR: 2.538e-05  Time cost: 1:33:55/2:21:33 [8:20:24/2:21:33]  Acc_iter 188850      Data time: 0.00(0.00)  Forward time: 0.23(0.25)  Batch time: 0.23(0.25)
2026-08-14 06:28:52,609   INFO  a1e06a0b30c0                Fri Aug 14 06:28:52 2026  580.173.02
[0] NVIDIA GeForce RTX 3070 | 68°C,  59 % |  6825 /  8192 MB | root(6428M)

2026-08-14 06:29:05,013   INFO  Train:    4/4 (100%) [22210/55563 ( 40%)]  Loss: 0.9507 (1.05)  LR: 2.530e-05  Time cost: 1:34:07/2:21:20 [8:20:37/2:21:20]  Acc_iter 188900      Data time: 0.00(0.00)  Forward time: 0.25(0.25)  Batch time: 0.25(0.25)
2026-08-14 06:29:17,732   INFO  Train:    4/4 (100%) [22260/55563 ( 40%)]  Loss: 0.8307 (1.05)  LR: 2.523e-05  Time cost: 1:34:20/2:21:08 [8:20:49/2:21:08]  Acc_iter 188950      Data time: 0.00(0.00)  Forward time: 0.26(0.25)  Batch time: 0.26(0.25)
2026-08-14 06:29:30,671   INFO  Train:    4/4 (100%) [22310/55563 ( 40%)]  Loss: 0.6231 (1.05)  LR: 2.516e-05  Time cost: 1:34:33/2:20:55 [8:21:02/2:20:55]  Acc_iter 189000      Data time: 0.00(0.00)  Forward time: 0.25(0.25)  Batch time: 0.25(0.25)
2026-08-14 06:29:31,040   INFO  a1e06a0b30c0                Fri Aug 14 06:29:31 2026  580.173.02
[0] NVIDIA GeForce RTX 3070 | 65°C,  84 % |  6826 /  8192 MB | root(6428M)

2026-08-14 06:29:43,322   INFO  Train:    4/4 (100%) [22360/55563 ( 40%)]  Loss: 1.166 (1.05)  LR: 2.508e-05  Time cost: 1:34:46/2:20:43 [8:21:15/2:20:43]  Acc_iter 189050      Data time: 0.00(0.00)  Forward time: 0.25(0.25)  Batch time: 0.25(0.25)
2026-08-14 06:29:55,318   INFO  Train:    4/4 (100%) [22410/55563 ( 40%)]  Loss: 1.077 (1.05)  LR: 2.501e-05  Time cost: 1:34:58/2:20:29 [8:21:27/2:20:29]  Acc_iter 189100      Data time: 0.00(0.00)  Forward time: 0.24(0.25)  Batch time: 0.24(0.25)
2026-08-14 06:29:57,398   INFO  Save latest model to /OpenPCDet/output/OpenPCDet/tools/cfgs/models/S/F/S_F_N/default/ckpt/latest_model
2026-08-14 06:30:08,240   INFO  Train:    4/4 (100%) [22460/55563 ( 40%)]  Loss: 1.101 (1.05)  LR: 2.494e-05  Time cost: 1:35:11/2:20:16 [8:21:40/2:20:16]  Acc_iter 189150      Data time: 0.00(0.00)  Forward time: 0.28(0.25)  Batch time: 0.28(0.25)
2026-08-14 06:30:08,612   INFO  a1e06a0b30c0                Fri Aug 14 06:30:08 2026  580.173.02
[0] NVIDIA GeForce RTX 3070 | 68°C,  76 % |  6825 /  8192 MB | root(6428M)

2026-08-14 06:30:21,570   INFO  Train:    4/4 (100%) [22510/55563 ( 41%)]  Loss: 1.095 (1.05)  LR: 2.486e-05  Time cost: 1:35:24/2:20:05 [8:21:53/2:20:05]  Acc_iter 189200      Data time: 0.00(0.00)  Forward time: 0.21(0.25)  Batch time: 0.21(0.25)
2026-08-14 06:30:34,131   INFO  Train:    4/4 (100%) [22560/55563 ( 41%)]  Loss: 0.5549 (1.05)  LR: 2.479e-05  Time cost: 1:35:36/2:19:52 [8:22:06/2:19:52]  Acc_iter 189250      Data time: 0.00(0.00)  Forward time: 0.26(0.25)  Batch time: 0.26(0.25)
2026-08-14 06:30:46,836   INFO  Train:    4/4 (100%) [22610/55563 ( 41%)]  Loss: 0.7022 (1.05)  LR: 2.472e-05  Time cost: 1:35:49/2:19:39 [8:22:18/2:19:39]  Acc_iter 189300      Data time: 0.00(0.00)  Forward time: 0.28(0.25)  Batch time: 0.28(0.25)
2026-08-14 06:30:47,196   INFO  a1e06a0b30c0                Fri Aug 14 06:30:47 2026  580.173.02
[0] NVIDIA GeForce RTX 3070 | 71°C,  68 % |  6826 /  8192 MB | root(6428M)

2026-08-14 06:30:59,844   INFO  Train:    4/4 (100%) [22660/55563 ( 41%)]  Loss: 0.9416 (1.05)  LR: 2.465e-05  Time cost: 1:36:02/2:19:27 [8:22:31/2:19:27]  Acc_iter 189350      Data time: 0.00(0.00)  Forward time: 0.27(0.25)  Batch time: 0.27(0.25)
2026-08-14 06:31:12,542   INFO  Train:    4/4 (100%) [22710/55563 ( 41%)]  Loss: 1.003 (1.05)  LR: 2.457e-05  Time cost: 1:36:15/2:19:14 [8:22:44/2:19:14]  Acc_iter 189400      Data time: 0.00(0.00)  Forward time: 0.22(0.25)  Batch time: 0.23(0.25)
2026-08-14 06:31:25,045   INFO  Train:    4/4 (100%) [22760/55563 ( 41%)]  Loss: 1.100 (1.05)  LR: 2.450e-05  Time cost: 1:36:27/2:19:01 [8:22:57/2:19:01]  Acc_iter 189450      Data time: 0.00(0.00)  Forward time: 0.29(0.25)  Batch time: 0.29(0.25)
2026-08-14 06:31:25,414   INFO  a1e06a0b30c0                Fri Aug 14 06:31:25 2026  580.173.02
[0] NVIDIA GeForce RTX 3070 | 71°C,  74 % |  6826 /  8192 MB | root(6428M)

2026-08-14 06:31:37,870   INFO  Train:    4/4 (100%) [22810/55563 ( 41%)]  Loss: 0.9456 (1.05)  LR: 2.443e-05  Time cost: 1:36:40/2:18:48 [8:23:09/2:18:48]  Acc_iter 189500      Data time: 0.00(0.00)  Forward time: 0.23(0.25)  Batch time: 0.24(0.25)
2026-08-14 06:31:50,482   INFO  Train:    4/4 (100%) [22860/55563 ( 41%)]  Loss: 1.018 (1.05)  LR: 2.436e-05  Time cost: 1:36:53/2:18:35 [8:23:22/2:18:35]  Acc_iter 189550      Data time: 0.00(0.00)  Forward time: 0.26(0.25)  Batch time: 0.26(0.25)
2026-08-14 06:32:03,104   INFO  Train:    4/4 (100%) [22910/55563 ( 41%)]  Loss: 0.9586 (1.05)  LR: 2.428e-05  Time cost: 1:37:05/2:18:23 [8:23:35/2:18:23]  Acc_iter 189600      Data time: 0.00(0.00)  Forward time: 0.29(0.25)  Batch time: 0.29(0.25)
2026-08-14 06:32:03,551   INFO  a1e06a0b30c0                Fri Aug 14 06:32:03 2026  580.173.02
[0] NVIDIA GeForce RTX 3070 | 64°C,   1 % |  6825 /  8192 MB | root(6428M)

2026-08-14 06:32:16,031   INFO  Train:    4/4 (100%) [22960/55563 ( 41%)]  Loss: 0.4755 (1.05)  LR: 2.421e-05  Time cost: 1:37:18/2:18:10 [8:23:48/2:18:10]  Acc_iter 189650      Data time: 0.00(0.00)  Forward time: 0.23(0.25)  Batch time: 0.23(0.25)
2026-08-14 06:32:28,629   INFO  Train:    4/4 (100%) [23010/55563 ( 41%)]  Loss: 1.129 (1.05)  LR: 2.414e-05  Time cost: 1:37:31/2:17:57 [8:24:00/2:17:57]  Acc_iter 189700      Data time: 0.00(0.00)  Forward time: 0.23(0.25)  Batch time: 0.24(0.25)
2026-08-14 06:32:41,429   INFO  Train:    4/4 (100%) [23060/55563 ( 42%)]  Loss: 0.5360 (1.05)  LR: 2.407e-05  Time cost: 1:37:44/2:17:45 [8:24:13/2:17:45]  Acc_iter 189750      Data time: 0.00(0.00)  Forward time: 0.27(0.25)  Batch time: 0.27(0.25)
2026-08-14 06:32:41,842   INFO  a1e06a0b30c0                Fri Aug 14 06:32:41 2026  580.173.02
[0] NVIDIA GeForce RTX 3070 | 70°C,  89 % |  6825 /  8192 MB | root(6428M)

2026-08-14 06:32:54,638   INFO  Train:    4/4 (100%) [23110/55563 ( 42%)]  Loss: 0.9693 (1.05)  LR: 2.399e-05  Time cost: 1:37:57/2:17:33 [8:24:26/2:17:33]  Acc_iter 189800      Data time: 0.00(0.00)  Forward time: 0.22(0.25)  Batch time: 0.22(0.25)
2026-08-14 06:33:07,517   INFO  Train:    4/4 (100%) [23160/55563 ( 42%)]  Loss: 0.4762 (1.05)  LR: 2.392e-05  Time cost: 1:38:10/2:17:20 [8:24:39/2:17:20]  Acc_iter 189850      Data time: 0.00(0.00)  Forward time: 0.23(0.25)  Batch time: 0.24(0.25)
2026-08-14 06:33:20,136   INFO  Train:    4/4 (100%) [23210/55563 ( 42%)]  Loss: 0.4967 (1.05)  LR: 2.385e-05  Time cost: 1:38:22/2:17:07 [8:24:52/2:17:07]  Acc_iter 189900      Data time: 0.00(0.00)  Forward time: 0.26(0.25)  Batch time: 0.26(0.25)
2026-08-14 06:33:20,509   INFO  a1e06a0b30c0                Fri Aug 14 06:33:20 2026  580.173.02
[0] NVIDIA GeForce RTX 3070 | 65°C,   1 % |  6825 /  8192 MB | root(6428M)

2026-08-14 06:33:33,034   INFO  Train:    4/4 (100%) [23260/55563 ( 42%)]  Loss: 1.185 (1.05)  LR: 2.378e-05  Time cost: 1:38:35/2:16:55 [8:25:05/2:16:55]  Acc_iter 189950      Data time: 0.00(0.00)  Forward time: 0.26(0.25)  Batch time: 0.26(0.25)
2026-08-14 06:33:45,584   INFO  Train:    4/4 (100%) [23310/55563 ( 42%)]  Loss: 1.257 (1.05)  LR: 2.371e-05  Time cost: 1:38:48/2:16:42 [8:25:17/2:16:42]  Acc_iter 190000      Data time: 0.00(0.00)  Forward time: 0.21(0.25)  Batch time: 0.21(0.25)
2026-08-14 06:33:58,503   INFO  Train:    4/4 (100%) [23360/55563 ( 42%)]  Loss: 0.9216 (1.05)  LR: 2.364e-05  Time cost: 1:39:01/2:16:30 [8:25:30/2:16:30]  Acc_iter 190050      Data time: 0.00(0.00)  Forward time: 0.24(0.25)  Batch time: 0.24(0.25)
2026-08-14 06:33:58,952   INFO  a1e06a0b30c0                Fri Aug 14 06:33:58 2026  580.173.02
[0] NVIDIA GeForce RTX 3070 | 69°C,  77 % |  6826 /  8192 MB | root(6428M)

2026-08-14 06:34:11,561   INFO  Train:    4/4 (100%) [23410/55563 ( 42%)]  Loss: 0.6573 (1.05)  LR: 2.357e-05  Time cost: 1:39:14/2:16:17 [8:25:43/2:16:17]  Acc_iter 190100      Data time: 0.00(0.00)  Forward time: 0.24(0.25)  Batch time: 0.24(0.25)
2026-08-14 06:34:24,268   INFO  Train:    4/4 (100%) [23460/55563 ( 42%)]  Loss: 0.7886 (1.05)  LR: 2.349e-05  Time cost: 1:39:27/2:16:05 [8:25:56/2:16:05]  Acc_iter 190150      Data time: 0.00(0.00)  Forward time: 0.24(0.25)  Batch time: 0.24(0.25)
2026-08-14 06:34:36,537   INFO  Train:    4/4 (100%) [23510/55563 ( 42%)]  Loss: 0.7122 (1.05)  LR: 2.342e-05  Time cost: 1:39:39/2:15:51 [8:26:08/2:15:51]  Acc_iter 190200      Data time: 0.00(0.00)  Forward time: 0.22(0.25)  Batch time: 0.22(0.25)
2026-08-14 06:34:36,913   INFO  a1e06a0b30c0                Fri Aug 14 06:34:36 2026  580.173.02
[0] NVIDIA GeForce RTX 3070 | 71°C,  96 % |  6825 /  8192 MB | root(6428M)

2026-08-14 06:34:49,322   INFO  Train:    4/4 (100%) [23560/55563 ( 42%)]  Loss: 0.7684 (1.05)  LR: 2.335e-05  Time cost: 1:39:52/2:15:39 [8:26:21/2:15:39]  Acc_iter 190250      Data time: 0.00(0.00)  Forward time: 0.24(0.25)  Batch time: 0.24(0.25)
2026-08-14 06:34:57,412   INFO  Save latest model to /OpenPCDet/output/OpenPCDet/tools/cfgs/models/S/F/S_F_N/default/ckpt/latest_model
2026-08-14 06:35:02,196   INFO  Train:    4/4 (100%) [23610/55563 ( 42%)]  Loss: 0.8016 (1.05)  LR: 2.328e-05  Time cost: 1:40:04/2:15:26 [8:26:34/2:15:26]  Acc_iter 190300      Data time: 0.00(0.00)  Forward time: 0.25(0.25)  Batch time: 0.25(0.25)
2026-08-14 06:35:14,666   INFO  Train:    4/4 (100%) [23660/55563 ( 43%)]  Loss: 0.7097 (1.05)  LR: 2.321e-05  Time cost: 1:40:17/2:15:13 [8:26:46/2:15:13]  Acc_iter 190350      Data time: 0.00(0.00)  Forward time: 0.27(0.25)  Batch time: 0.27(0.25)
2026-08-14 06:35:15,043   INFO  a1e06a0b30c0                Fri Aug 14 06:35:15 2026  580.173.02
[0] NVIDIA GeForce RTX 3070 | 66°C, 100 % |  6823 /  8192 MB | root(6428M)

2026-08-14 06:35:27,586   INFO  Train:    4/4 (100%) [23710/55563 ( 43%)]  Loss: 0.5144 (1.05)  LR: 2.314e-05  Time cost: 1:40:30/2:15:01 [8:26:59/2:15:01]  Acc_iter 190400      Data time: 0.00(0.00)  Forward time: 0.23(0.25)  Batch time: 0.23(0.25)
2026-08-14 06:35:40,349   INFO  Train:    4/4 (100%) [23760/55563 ( 43%)]  Loss: 1.288 (1.05)  LR: 2.307e-05  Time cost: 1:40:43/2:14:48 [8:27:12/2:14:48]  Acc_iter 190450      Data time: 0.00(0.00)  Forward time: 0.28(0.25)  Batch time: 0.28(0.25)
2026-08-14 06:35:53,294   INFO  Train:    4/4 (100%) [23810/55563 ( 43%)]  Loss: 1.315 (1.05)  LR: 2.300e-05  Time cost: 1:40:56/2:14:36 [8:27:25/2:14:36]  Acc_iter 190500      Data time: 0.00(0.00)  Forward time: 0.25(0.25)  Batch time: 0.25(0.25)
2026-08-14 06:35:53,672   INFO  a1e06a0b30c0                Fri Aug 14 06:35:53 2026  580.173.02
[0] NVIDIA GeForce RTX 3070 | 67°C,  42 % |  6825 /  8192 MB | root(6428M)

2026-08-14 06:36:05,954   INFO  Train:    4/4 (100%) [23860/55563 ( 43%)]  Loss: 1.947 (1.05)  LR: 2.293e-05  Time cost: 1:41:08/2:14:23 [8:27:38/2:14:23]  Acc_iter 190550      Data time: 0.00(0.00)  Forward time: 0.28(0.25)  Batch time: 0.28(0.25)
2026-08-14 06:36:18,315   INFO  Train:    4/4 (100%) [23910/55563 ( 43%)]  Loss: 4.760 (1.05)  LR: 2.286e-05  Time cost: 1:41:21/2:14:10 [8:27:50/2:14:10]  Acc_iter 190600      Data time: 0.00(0.00)  Forward time: 0.26(0.25)  Batch time: 0.26(0.25)
2026-08-14 06:36:31,084   INFO  Train:    4/4 (100%) [23960/55563 ( 43%)]  Loss: 1.402 (1.05)  LR: 2.279e-05  Time cost: 1:41:33/2:13:57 [8:28:03/2:13:57]  Acc_iter 190650      Data time: 0.00(0.00)  Forward time: 0.23(0.25)  Batch time: 0.23(0.25)
2026-08-14 06:36:31,459   INFO  a1e06a0b30c0                Fri Aug 14 06:36:31 2026  580.173.02
[0] NVIDIA GeForce RTX 3070 | 72°C,  96 % |  6825 /  8192 MB | root(6428M)

2026-08-14 06:36:44,288   INFO  Train:    4/4 (100%) [24010/55563 ( 43%)]  Loss: 0.8586 (1.05)  LR: 2.272e-05  Time cost: 1:41:47/2:13:45 [8:28:16/2:13:45]  Acc_iter 190700      Data time: 0.00(0.00)  Forward time: 0.27(0.25)  Batch time: 0.27(0.25)
2026-08-14 06:36:56,947   INFO  Train:    4/4 (100%) [24060/55563 ( 43%)]  Loss: 0.8601 (1.05)  LR: 2.265e-05  Time cost: 1:41:59/2:13:32 [8:28:29/2:13:32]  Acc_iter 190750      Data time: 0.00(0.00)  Forward time: 0.24(0.25)  Batch time: 0.24(0.25)
2026-08-14 06:37:09,352   INFO  Train:    4/4 (100%) [24110/55563 ( 43%)]  Loss: 2.059 (1.05)  LR: 2.258e-05  Time cost: 1:42:12/2:13:19 [8:28:41/2:13:19]  Acc_iter 190800      Data time: 0.00(0.00)  Forward time: 0.24(0.25)  Batch time: 0.24(0.25)
2026-08-14 06:37:09,723   INFO  a1e06a0b30c0                Fri Aug 14 06:37:09 2026  580.173.02
[0] NVIDIA GeForce RTX 3070 | 71°C,  99 % |  6826 /  8192 MB | root(6428M)

2026-08-14 06:37:22,236   INFO  Train:    4/4 (100%) [24160/55563 ( 43%)]  Loss: 1.018 (1.05)  LR: 2.251e-05  Time cost: 1:42:25/2:13:06 [8:28:54/2:13:06]  Acc_iter 190850      Data time: 0.00(0.00)  Forward time: 0.27(0.25)  Batch time: 0.27(0.25)
2026-08-14 06:37:34,879   INFO  Train:    4/4 (100%) [24210/55563 ( 44%)]  Loss: 1.649 (1.05)  LR: 2.244e-05  Time cost: 1:42:37/2:12:54 [8:29:07/2:12:54]  Acc_iter 190900      Data time: 0.00(0.00)  Forward time: 0.23(0.25)  Batch time: 0.23(0.25)
2026-08-14 06:37:47,609   INFO  Train:    4/4 (100%) [24260/55563 ( 44%)]  Loss: 0.9248 (1.05)  LR: 2.237e-05  Time cost: 1:42:50/2:12:41 [8:29:19/2:12:41]  Acc_iter 190950      Data time: 0.00(0.00)  Forward time: 0.26(0.25)  Batch time: 0.26(0.25)
2026-08-14 06:37:48,007   INFO  a1e06a0b30c0                Fri Aug 14 06:37:47 2026  580.173.02
[0] NVIDIA GeForce RTX 3070 | 64°C, 100 % |  6826 /  8192 MB | root(6428M)

2026-08-14 06:38:00,632   INFO  Train:    4/4 (100%) [24310/55563 ( 44%)]  Loss: 1.173 (1.05)  LR: 2.230e-05  Time cost: 1:43:03/2:12:29 [8:29:32/2:12:29]  Acc_iter 191000      Data time: 0.00(0.00)  Forward time: 0.26(0.25)  Batch time: 0.26(0.25)
2026-08-14 06:38:13,074   INFO  Train:    4/4 (100%) [24360/55563 ( 44%)]  Loss: 0.7640 (1.05)  LR: 2.223e-05  Time cost: 1:43:15/2:12:16 [8:29:45/2:12:16]  Acc_iter 191050      Data time: 0.00(0.00)  Forward time: 0.29(0.25)  Batch time: 0.29(0.25)
2026-08-14 06:38:25,591   INFO  Train:    4/4 (100%) [24410/55563 ( 44%)]  Loss: 0.9950 (1.05)  LR: 2.216e-05  Time cost: 1:43:28/2:12:03 [8:29:57/2:12:03]  Acc_iter 191100      Data time: 0.00(0.00)  Forward time: 0.25(0.25)  Batch time: 0.25(0.25)
2026-08-14 06:38:25,965   INFO  a1e06a0b30c0                Fri Aug 14 06:38:25 2026  580.173.02
[0] NVIDIA GeForce RTX 3070 | 71°C,  94 % |  6825 /  8192 MB | root(6428M)

2026-08-14 06:38:38,892   INFO  Train:    4/4 (100%) [24460/55563 ( 44%)]  Loss: 0.5902 (1.05)  LR: 2.209e-05  Time cost: 1:43:41/2:11:51 [8:30:11/2:11:51]  Acc_iter 191150      Data time: 0.00(0.00)  Forward time: 0.25(0.25)  Batch time: 0.25(0.25)
2026-08-14 06:38:51,367   INFO  Train:    4/4 (100%) [24510/55563 ( 44%)]  Loss: 0.7972 (1.05)  LR: 2.202e-05  Time cost: 1:43:54/2:11:38 [8:30:23/2:11:38]  Acc_iter 191200      Data time: 0.00(0.00)  Forward time: 0.22(0.25)  Batch time: 0.22(0.25)
2026-08-14 06:39:03,816   INFO  Train:    4/4 (100%) [24560/55563 ( 44%)]  Loss: 0.7555 (1.05)  LR: 2.195e-05  Time cost: 1:44:06/2:11:24 [8:30:35/2:11:24]  Acc_iter 191250      Data time: 0.00(0.00)  Forward time: 0.23(0.25)  Batch time: 0.23(0.25)
2026-08-14 06:39:04,180   INFO  a1e06a0b30c0                Fri Aug 14 06:39:04 2026  580.173.02
[0] NVIDIA GeForce RTX 3070 | 72°C,  75 % |  6826 /  8192 MB | root(6428M)

2026-08-14 06:39:16,586   INFO  Train:    4/4 (100%) [24610/55563 ( 44%)]  Loss: 0.7485 (1.05)  LR: 2.188e-05  Time cost: 1:44:19/2:11:12 [8:30:48/2:11:12]  Acc_iter 191300      Data time: 0.00(0.00)  Forward time: 0.26(0.25)  Batch time: 0.26(0.25)
2026-08-14 06:39:29,542   INFO  Train:    4/4 (100%) [24660/55563 ( 44%)]  Loss: 0.9186 (1.05)  LR: 2.181e-05  Time cost: 1:44:32/2:10:59 [8:31:01/2:10:59]  Acc_iter 191350      Data time: 0.00(0.00)  Forward time: 0.22(0.25)  Batch time: 0.22(0.25)
2026-08-14 06:39:41,883   INFO  Train:    4/4 (100%) [24710/55563 ( 44%)]  Loss: 0.7051 (1.05)  LR: 2.174e-05  Time cost: 1:44:44/2:10:46 [8:31:14/2:10:46]  Acc_iter 191400      Data time: 0.00(0.00)  Forward time: 0.22(0.25)  Batch time: 0.22(0.25)
2026-08-14 06:39:42,286   INFO  a1e06a0b30c0                Fri Aug 14 06:39:42 2026  580.173.02
[0] NVIDIA GeForce RTX 3070 | 70°C,  95 % |  6825 /  8192 MB | root(6428M)

2026-08-14 06:39:55,175   INFO  Train:    4/4 (100%) [24760/55563 ( 45%)]  Loss: 0.9561 (1.05)  LR: 2.168e-05  Time cost: 1:44:57/2:10:34 [8:31:27/2:10:34]  Acc_iter 191450      Data time: 0.00(0.00)  Forward time: 0.23(0.25)  Batch time: 0.23(0.25)
2026-08-14 06:39:57,443   INFO  Save latest model to /OpenPCDet/output/OpenPCDet/tools/cfgs/models/S/F/S_F_N/default/ckpt/latest_model
2026-08-14 06:40:07,790   INFO  Train:    4/4 (100%) [24810/55563 ( 45%)]  Loss: 0.8857 (1.05)  LR: 2.161e-05  Time cost: 1:45:10/2:10:21 [8:31:39/2:10:21]  Acc_iter 191500      Data time: 0.00(0.00)  Forward time: 0.22(0.25)  Batch time: 0.23(0.25)
2026-08-14 06:40:20,408   INFO  Train:    4/4 (100%) [24860/55563 ( 45%)]  Loss: 2.185 (1.05)  LR: 2.154e-05  Time cost: 1:45:23/2:10:09 [8:31:52/2:10:09]  Acc_iter 191550      Data time: 0.00(0.00)  Forward time: 0.25(0.25)  Batch time: 0.25(0.25)
2026-08-14 06:40:20,817   INFO  a1e06a0b30c0                Fri Aug 14 06:40:20 2026  580.173.02
[0] NVIDIA GeForce RTX 3070 | 72°C,  98 % |  6826 /  8192 MB | root(6428M)

2026-08-14 06:40:33,419   INFO  Train:    4/4 (100%) [24910/55563 ( 45%)]  Loss: 0.6565 (1.05)  LR: 2.147e-05  Time cost: 1:45:36/2:09:56 [8:32:05/2:09:56]  Acc_iter 191600      Data time: 0.00(0.00)  Forward time: 0.21(0.25)  Batch time: 0.21(0.25)
2026-08-14 06:40:45,691   INFO  Train:    4/4 (100%) [24960/55563 ( 45%)]  Loss: 0.8330 (1.05)  LR: 2.140e-05  Time cost: 1:45:48/2:09:43 [8:32:17/2:09:43]  Acc_iter 191650      Data time: 0.00(0.00)  Forward time: 0.22(0.25)  Batch time: 0.22(0.25)
2026-08-14 06:40:58,398   INFO  Train:    4/4 (100%) [25010/55563 ( 45%)]  Loss: 0.9756 (1.05)  LR: 2.133e-05  Time cost: 1:46:01/2:09:30 [8:32:30/2:09:30]  Acc_iter 191700      Data time: 0.00(0.00)  Forward time: 0.24(0.25)  Batch time: 0.24(0.25)
2026-08-14 06:40:58,812   INFO  a1e06a0b30c0                Fri Aug 14 06:40:58 2026  580.173.02
[0] NVIDIA GeForce RTX 3070 | 71°C,  94 % |  6825 /  8192 MB | root(6428M)

2026-08-14 06:41:11,518   INFO  Train:    4/4 (100%) [25060/55563 ( 45%)]  Loss: 1.015 (1.05)  LR: 2.127e-05  Time cost: 1:46:14/2:09:18 [8:32:43/2:09:18]  Acc_iter 191750      Data time: 0.00(0.00)  Forward time: 0.23(0.25)  Batch time: 0.23(0.25)
2026-08-14 06:41:24,424   INFO  Train:    4/4 (100%) [25110/55563 ( 45%)]  Loss: 0.7840 (1.05)  LR: 2.120e-05  Time cost: 1:46:27/2:09:05 [8:32:56/2:09:05]  Acc_iter 191800      Data time: 0.00(0.00)  Forward time: 0.21(0.25)  Batch time: 0.21(0.25)
2026-08-14 06:41:36,823   INFO  Train:    4/4 (100%) [25160/55563 ( 45%)]  Loss: 0.2161 (1.05)  LR: 2.113e-05  Time cost: 1:46:39/2:08:52 [8:33:08/2:08:52]  Acc_iter 191850      Data time: 0.00(0.00)  Forward time: 0.20(0.25)  Batch time: 0.20(0.25)
2026-08-14 06:41:37,185   INFO  a1e06a0b30c0                Fri Aug 14 06:41:37 2026  580.173.02
[0] NVIDIA GeForce RTX 3070 | 68°C, 100 % |  6825 /  8192 MB | root(6428M)

2026-08-14 06:41:49,662   INFO  Train:    4/4 (100%) [25210/55563 ( 45%)]  Loss: 1.454 (1.05)  LR: 2.106e-05  Time cost: 1:46:52/2:08:40 [8:33:21/2:08:40]  Acc_iter 191900      Data time: 0.00(0.00)  Forward time: 0.24(0.25)  Batch time: 0.24(0.25)
2026-08-14 06:42:02,390   INFO  Train:    4/4 (100%) [25260/55563 ( 45%)]  Loss: 0.8705 (1.05)  LR: 2.100e-05  Time cost: 1:47:05/2:08:27 [8:33:34/2:08:27]  Acc_iter 191950      Data time: 0.00(0.00)  Forward time: 0.29(0.25)  Batch time: 0.29(0.25)
2026-08-14 06:42:15,384   INFO  Train:    4/4 (100%) [25310/55563 ( 46%)]  Loss: 0.6666 (1.05)  LR: 2.093e-05  Time cost: 1:47:18/2:08:15 [8:33:47/2:08:15]  Acc_iter 192000      Data time: 0.00(0.00)  Forward time: 0.26(0.25)  Batch time: 0.26(0.25)
2026-08-14 06:42:15,794   INFO  a1e06a0b30c0                Fri Aug 14 06:42:15 2026  580.173.02
[0] NVIDIA GeForce RTX 3070 | 71°C,  95 % |  6825 /  8192 MB | root(6428M)

2026-08-14 06:42:28,549   INFO  Train:    4/4 (100%) [25360/55563 ( 46%)]  Loss: 1.048 (1.05)  LR: 2.086e-05  Time cost: 1:47:31/2:08:03 [8:34:00/2:08:03]  Acc_iter 192050      Data time: 0.00(0.00)  Forward time: 0.23(0.25)  Batch time: 0.23(0.25)
2026-08-14 06:42:41,010   INFO  Train:    4/4 (100%) [25410/55563 ( 46%)]  Loss: 0.4941 (1.05)  LR: 2.079e-05  Time cost: 1:47:43/2:07:50 [8:34:13/2:07:50]  Acc_iter 192100      Data time: 0.00(0.00)  Forward time: 0.21(0.25)  Batch time: 0.21(0.25)
2026-08-14 06:42:53,434   INFO  Train:    4/4 (100%) [25460/55563 ( 46%)]  Loss: 0.8169 (1.05)  LR: 2.073e-05  Time cost: 1:47:56/2:07:36 [8:34:25/2:07:36]  Acc_iter 192150      Data time: 0.00(0.00)  Forward time: 0.28(0.25)  Batch time: 0.28(0.25)
2026-08-14 06:42:53,823   INFO  a1e06a0b30c0                Fri Aug 14 06:42:53 2026  580.173.02
[0] NVIDIA GeForce RTX 3070 | 71°C,  95 % |  6825 /  8192 MB | root(6428M)

2026-08-14 06:43:06,455   INFO  Train:    4/4 (100%) [25510/55563 ( 46%)]  Loss: 2.388 (1.05)  LR: 2.066e-05  Time cost: 1:48:09/2:07:24 [8:34:38/2:07:24]  Acc_iter 192200      Data time: 0.00(0.00)  Forward time: 0.28(0.25)  Batch time: 0.28(0.25)
2026-08-14 06:43:19,110   INFO  Train:    4/4 (100%) [25560/55563 ( 46%)]  Loss: 0.9493 (1.05)  LR: 2.059e-05  Time cost: 1:48:21/2:07:11 [8:34:51/2:07:11]  Acc_iter 192250      Data time: 0.00(0.00)  Forward time: 0.25(0.25)  Batch time: 0.25(0.25)
2026-08-14 06:43:31,373   INFO  Train:    4/4 (100%) [25610/55563 ( 46%)]  Loss: 1.261 (1.05)  LR: 2.052e-05  Time cost: 1:48:34/2:06:58 [8:35:03/2:06:58]  Acc_iter 192300      Data time: 0.00(0.00)  Forward time: 0.24(0.25)  Batch time: 0.24(0.25)
2026-08-14 06:43:31,745   INFO  a1e06a0b30c0                Fri Aug 14 06:43:31 2026  580.173.02
[0] NVIDIA GeForce RTX 3070 | 71°C,  65 % |  6826 /  8192 MB | root(6428M)

2026-08-14 06:43:44,091   INFO  Train:    4/4 (100%) [25660/55563 ( 46%)]  Loss: 0.8532 (1.05)  LR: 2.046e-05  Time cost: 1:48:46/2:06:45 [8:35:16/2:06:45]  Acc_iter 192350      Data time: 0.00(0.00)  Forward time: 0.25(0.25)  Batch time: 0.25(0.25)
2026-08-14 06:43:56,703   INFO  Train:    4/4 (100%) [25710/55563 ( 46%)]  Loss: 0.7801 (1.05)  LR: 2.039e-05  Time cost: 1:48:59/2:06:32 [8:35:28/2:06:32]  Acc_iter 192400      Data time: 0.00(0.00)  Forward time: 0.25(0.25)  Batch time: 0.25(0.25)
2026-08-14 06:44:09,396   INFO  Train:    4/4 (100%) [25760/55563 ( 46%)]  Loss: 0.8926 (1.05)  LR: 2.032e-05  Time cost: 1:49:12/2:06:20 [8:35:41/2:06:20]  Acc_iter 192450      Data time: 0.00(0.00)  Forward time: 0.24(0.25)  Batch time: 0.25(0.25)
2026-08-14 06:44:09,772   INFO  a1e06a0b30c0                Fri Aug 14 06:44:09 2026  580.173.02
[0] NVIDIA GeForce RTX 3070 | 70°C,  96 % |  6825 /  8192 MB | root(6428M)

2026-08-14 06:44:22,232   INFO  Train:    4/4 (100%) [25810/55563 ( 46%)]  Loss: 1.052 (1.05)  LR: 2.026e-05  Time cost: 1:49:25/2:06:07 [8:35:54/2:06:07]  Acc_iter 192500      Data time: 0.00(0.00)  Forward time: 0.24(0.25)  Batch time: 0.24(0.25)
2026-08-14 06:44:34,845   INFO  Train:    4/4 (100%) [25860/55563 ( 47%)]  Loss: 0.2642 (1.05)  LR: 2.019e-05  Time cost: 1:49:37/2:05:54 [8:36:06/2:05:54]  Acc_iter 192550      Data time: 0.00(0.00)  Forward time: 0.23(0.25)  Batch time: 0.23(0.25)
2026-08-14 06:44:47,250   INFO  Train:    4/4 (100%) [25910/55563 ( 47%)]  Loss: 0.6335 (1.05)  LR: 2.012e-05  Time cost: 1:49:50/2:05:41 [8:36:19/2:05:41]  Acc_iter 192600      Data time: 0.00(0.00)  Forward time: 0.26(0.25)  Batch time: 0.26(0.25)
2026-08-14 06:44:47,622   INFO  a1e06a0b30c0                Fri Aug 14 06:44:47 2026  580.173.02
[0] NVIDIA GeForce RTX 3070 | 65°C,   2 % |  6825 /  8192 MB | root(6428M)

2026-08-14 06:44:57,374   INFO  Save latest model to /OpenPCDet/output/OpenPCDet/tools/cfgs/models/S/F/S_F_N/default/ckpt/latest_model
2026-08-14 06:45:00,463   INFO  Train:    4/4 (100%) [25960/55563 ( 47%)]  Loss: 0.7014 (1.05)  LR: 2.006e-05  Time cost: 1:50:03/2:05:29 [8:36:32/2:05:29]  Acc_iter 192650      Data time: 0.00(0.00)  Forward time: 0.24(0.25)  Batch time: 0.24(0.25)
2026-08-14 06:45:13,146   INFO  Train:    4/4 (100%) [26010/55563 ( 47%)]  Loss: 0.8646 (1.05)  LR: 1.999e-05  Time cost: 1:50:15/2:05:16 [8:36:45/2:05:16]  Acc_iter 192700      Data time: 0.00(0.00)  Forward time: 0.25(0.25)  Batch time: 0.25(0.25)
2026-08-14 06:45:25,694   INFO  Train:    4/4 (100%) [26060/55563 ( 47%)]  Loss: 0.7251 (1.05)  LR: 1.993e-05  Time cost: 1:50:28/2:05:03 [8:36:57/2:05:03]  Acc_iter 192750      Data time: 0.00(0.00)  Forward time: 0.27(0.25)  Batch time: 0.27(0.25)
2026-08-14 06:45:26,055   INFO  a1e06a0b30c0                Fri Aug 14 06:45:26 2026  580.173.02
[0] NVIDIA GeForce RTX 3070 | 65°C,  94 % |  6826 /  8192 MB | root(6428M)

2026-08-14 06:45:38,349   INFO  Train:    4/4 (100%) [26110/55563 ( 47%)]  Loss: 0.7271 (1.05)  LR: 1.986e-05  Time cost: 1:50:41/2:04:51 [8:37:10/2:04:51]  Acc_iter 192800      Data time: 0.00(0.00)  Forward time: 0.23(0.25)  Batch time: 0.23(0.25)
2026-08-14 06:45:51,136   INFO  Train:    4/4 (100%) [26160/55563 ( 47%)]  Loss: 2.127 (1.05)  LR: 1.979e-05  Time cost: 1:50:53/2:04:38 [8:37:23/2:04:38]  Acc_iter 192850      Data time: 0.00(0.00)  Forward time: 0.25(0.25)  Batch time: 0.25(0.25)
2026-08-14 06:46:03,603   INFO  Train:    4/4 (100%) [26210/55563 ( 47%)]  Loss: 1.138 (1.05)  LR: 1.973e-05  Time cost: 1:51:06/2:04:25 [8:37:35/2:04:25]  Acc_iter 192900      Data time: 0.00(0.00)  Forward time: 0.25(0.25)  Batch time: 0.25(0.25)
2026-08-14 06:46:03,983   INFO  a1e06a0b30c0                Fri Aug 14 06:46:03 2026  580.173.02
[0] NVIDIA GeForce RTX 3070 | 70°C,  89 % |  6825 /  8192 MB | root(6428M)

2026-08-14 06:46:16,441   INFO  Train:    4/4 (100%) [26260/55563 ( 47%)]  Loss: 1.762 (1.05)  LR: 1.966e-05  Time cost: 1:51:19/2:04:12 [8:37:48/2:04:12]  Acc_iter 192950      Data time: 0.00(0.00)  Forward time: 0.29(0.25)  Batch time: 0.29(0.25)
2026-08-14 06:46:29,042   INFO  Train:    4/4 (100%) [26310/55563 ( 47%)]  Loss: 1.526 (1.05)  LR: 1.960e-05  Time cost: 1:51:31/2:04:00 [8:38:01/2:04:00]  Acc_iter 193000      Data time: 0.00(0.00)  Forward time: 0.30(0.25)  Batch time: 0.30(0.25)
2026-08-14 06:46:42,237   INFO  Train:    4/4 (100%) [26360/55563 ( 47%)]  Loss: 1.379 (1.05)  LR: 1.953e-05  Time cost: 1:51:45/2:03:47 [8:38:14/2:03:47]  Acc_iter 193050      Data time: 0.00(0.00)  Forward time: 0.24(0.25)  Batch time: 0.24(0.25)
2026-08-14 06:46:42,620   INFO  a1e06a0b30c0                Fri Aug 14 06:46:42 2026  580.173.02
[0] NVIDIA GeForce RTX 3070 | 66°C,   3 % |  6826 /  8192 MB | root(6428M)

2026-08-14 06:46:55,436   INFO  Train:    4/4 (100%) [26410/55563 ( 48%)]  Loss: 0.5010 (1.05)  LR: 1.947e-05  Time cost: 1:51:58/2:03:35 [8:38:27/2:03:35]  Acc_iter 193100      Data time: 0.00(0.00)  Forward time: 0.23(0.25)  Batch time: 0.23(0.25)
2026-08-14 06:47:07,853   INFO  Train:    4/4 (100%) [26460/55563 ( 48%)]  Loss: 0.8196 (1.05)  LR: 1.940e-05  Time cost: 1:52:10/2:03:22 [8:38:39/2:03:22]  Acc_iter 193150      Data time: 0.00(0.00)  Forward time: 0.23(0.25)  Batch time: 0.23(0.25)
2026-08-14 06:47:20,314   INFO  Train:    4/4 (100%) [26510/55563 ( 48%)]  Loss: 0.7823 (1.05)  LR: 1.934e-05  Time cost: 1:52:23/2:03:09 [8:38:52/2:03:09]  Acc_iter 193200      Data time: 0.00(0.00)  Forward time: 0.23(0.25)  Batch time: 0.23(0.25)
2026-08-14 06:47:20,687   INFO  a1e06a0b30c0                Fri Aug 14 06:47:20 2026  580.173.02
[0] NVIDIA GeForce RTX 3070 | 68°C,  77 % |  6825 /  8192 MB | root(6428M)

2026-08-14 06:47:33,335   INFO  Train:    4/4 (100%) [26560/55563 ( 48%)]  Loss: 0.8244 (1.05)  LR: 1.927e-05  Time cost: 1:52:36/2:02:57 [8:39:05/2:02:57]  Acc_iter 193250      Data time: 0.00(0.00)  Forward time: 0.24(0.25)  Batch time: 0.25(0.25)
2026-08-14 06:47:46,369   INFO  Train:    4/4 (100%) [26610/55563 ( 48%)]  Loss: 0.6481 (1.05)  LR: 1.921e-05  Time cost: 1:52:49/2:02:44 [8:39:18/2:02:44]  Acc_iter 193300      Data time: 0.00(0.00)  Forward time: 0.27(0.25)  Batch time: 0.27(0.25)
2026-08-14 06:47:59,394   INFO  Train:    4/4 (100%) [26660/55563 ( 48%)]  Loss: 0.6279 (1.05)  LR: 1.914e-05  Time cost: 1:53:02/2:02:32 [8:39:31/2:02:32]  Acc_iter 193350      Data time: 0.00(0.00)  Forward time: 0.25(0.25)  Batch time: 0.25(0.25)
2026-08-14 06:47:59,813   INFO  a1e06a0b30c0                Fri Aug 14 06:47:59 2026  580.173.02
[0] NVIDIA GeForce RTX 3070 | 71°C,  70 % |  6825 /  8192 MB | root(6428M)

2026-08-14 06:48:12,425   INFO  Train:    4/4 (100%) [26710/55563 ( 48%)]  Loss: 1.729 (1.05)  LR: 1.908e-05  Time cost: 1:53:15/2:02:20 [8:39:44/2:02:20]  Acc_iter 193400      Data time: 0.00(0.00)  Forward time: 0.29(0.25)  Batch time: 0.29(0.25)
2026-08-14 06:48:25,079   INFO  Train:    4/4 (100%) [26760/55563 ( 48%)]  Loss: 0.3866 (1.05)  LR: 1.901e-05  Time cost: 1:53:27/2:02:07 [8:39:57/2:02:07]  Acc_iter 193450      Data time: 0.00(0.00)  Forward time: 0.22(0.25)  Batch time: 0.22(0.25)
2026-08-14 06:48:37,868   INFO  Train:    4/4 (100%) [26810/55563 ( 48%)]  Loss: 2.120 (1.05)  LR: 1.895e-05  Time cost: 1:53:40/2:01:54 [8:40:09/2:01:54]  Acc_iter 193500      Data time: 0.00(0.00)  Forward time: 0.28(0.25)  Batch time: 0.28(0.25)
2026-08-14 06:48:38,284   INFO  a1e06a0b30c0                Fri Aug 14 06:48:38 2026  580.173.02
[0] NVIDIA GeForce RTX 3070 | 72°C,  72 % |  6825 /  8192 MB | root(6428M)

2026-08-14 06:48:50,810   INFO  Train:    4/4 (100%) [26860/55563 ( 48%)]  Loss: 0.8119 (1.05)  LR: 1.888e-05  Time cost: 1:53:53/2:01:42 [8:40:22/2:01:42]  Acc_iter 193550      Data time: 0.00(0.00)  Forward time: 0.23(0.25)  Batch time: 0.23(0.25)
2026-08-14 06:49:03,368   INFO  Train:    4/4 (100%) [26910/55563 ( 48%)]  Loss: 1.599 (1.05)  LR: 1.882e-05  Time cost: 1:54:06/2:01:29 [8:40:35/2:01:29]  Acc_iter 193600      Data time: 0.00(0.00)  Forward time: 0.25(0.25)  Batch time: 0.25(0.25)
2026-08-14 06:49:16,062   INFO  Train:    4/4 (100%) [26960/55563 ( 49%)]  Loss: 0.8010 (1.05)  LR: 1.875e-05  Time cost: 1:54:18/2:01:16 [8:40:48/2:01:16]  Acc_iter 193650      Data time: 0.00(0.00)  Forward time: 0.25(0.25)  Batch time: 0.25(0.25)
2026-08-14 06:49:16,438   INFO  a1e06a0b30c0                Fri Aug 14 06:49:16 2026  580.173.02
[0] NVIDIA GeForce RTX 3070 | 70°C,  70 % |  6826 /  8192 MB | root(6428M)

2026-08-14 06:49:29,206   INFO  Train:    4/4 (100%) [27010/55563 ( 49%)]  Loss: 0.7893 (1.05)  LR: 1.869e-05  Time cost: 1:54:31/2:01:04 [8:41:01/2:01:04]  Acc_iter 193700      Data time: 0.00(0.00)  Forward time: 0.24(0.25)  Batch time: 0.25(0.25)
2026-08-14 06:49:41,943   INFO  Train:    4/4 (100%) [27060/55563 ( 49%)]  Loss: 0.8418 (1.05)  LR: 1.863e-05  Time cost: 1:54:44/2:00:51 [8:41:14/2:00:51]  Acc_iter 193750      Data time: 0.00(0.00)  Forward time: 0.26(0.25)  Batch time: 0.26(0.25)
2026-08-14 06:49:54,530   INFO  Train:    4/4 (100%) [27110/55563 ( 49%)]  Loss: 1.490 (1.05)  LR: 1.856e-05  Time cost: 1:54:57/2:00:38 [8:41:26/2:00:38]  Acc_iter 193800      Data time: 0.00(0.00)  Forward time: 0.29(0.25)  Batch time: 0.29(0.25)
2026-08-14 06:49:54,907   INFO  a1e06a0b30c0                Fri Aug 14 06:49:54 2026  580.173.02
[0] NVIDIA GeForce RTX 3070 | 70°C,  93 % |  6825 /  8192 MB | root(6428M)

2026-08-14 06:49:57,445   INFO  Save latest model to /OpenPCDet/output/OpenPCDet/tools/cfgs/models/S/F/S_F_N/default/ckpt/latest_model
2026-08-14 06:50:07,704   INFO  Train:    4/4 (100%) [27160/55563 ( 49%)]  Loss: 0.6002 (1.05)  LR: 1.850e-05  Time cost: 1:55:10/2:00:26 [8:41:39/2:00:26]  Acc_iter 193850      Data time: 0.00(0.00)  Forward time: 0.26(0.25)  Batch time: 0.27(0.25)
2026-08-14 06:50:20,505   INFO  Train:    4/4 (100%) [27210/55563 ( 49%)]  Loss: 0.7431 (1.05)  LR: 1.844e-05  Time cost: 1:55:23/2:00:13 [8:41:52/2:00:13]  Acc_iter 193900      Data time: 0.00(0.00)  Forward time: 0.25(0.25)  Batch time: 0.25(0.25)
2026-08-14 06:50:33,435   INFO  Train:    4/4 (100%) [27260/55563 ( 49%)]  Loss: 0.9828 (1.05)  LR: 1.837e-05  Time cost: 1:55:36/2:00:01 [8:42:05/2:00:01]  Acc_iter 193950      Data time: 0.00(0.00)  Forward time: 0.26(0.25)  Batch time: 0.26(0.25)
2026-08-14 06:50:33,811   INFO  a1e06a0b30c0                Fri Aug 14 06:50:33 2026  580.173.02
[0] NVIDIA GeForce RTX 3070 | 71°C,  94 % |  6826 /  8192 MB | root(6428M)

2026-08-14 06:50:46,253   INFO  Train:    4/4 (100%) [27310/55563 ( 49%)]  Loss: 1.282 (1.05)  LR: 1.831e-05  Time cost: 1:55:49/1:59:48 [8:42:18/1:59:48]  Acc_iter 194000      Data time: 0.00(0.00)  Forward time: 0.22(0.25)  Batch time: 0.22(0.25)
2026-08-14 06:50:58,522   INFO  Train:    4/4 (100%) [27360/55563 ( 49%)]  Loss: 0.7338 (1.05)  LR: 1.824e-05  Time cost: 1:56:01/1:59:35 [8:42:30/1:59:35]  Acc_iter 194050      Data time: 0.00(0.00)  Forward time: 0.28(0.25)  Batch time: 0.28(0.25)
2026-08-14 06:51:11,239   INFO  Train:    4/4 (100%) [27410/55563 ( 49%)]  Loss: 1.194 (1.05)  LR: 1.818e-05  Time cost: 1:56:14/1:59:22 [8:42:43/1:59:22]  Acc_iter 194100      Data time: 0.00(0.00)  Forward time: 0.23(0.25)  Batch time: 0.24(0.25)
2026-08-14 06:51:11,604   INFO  a1e06a0b30c0                Fri Aug 14 06:51:11 2026  580.173.02
[0] NVIDIA GeForce RTX 3070 | 66°C,   3 % |  6825 /  8192 MB | root(6428M)

2026-08-14 06:51:24,717   INFO  Train:    4/4 (100%) [27460/55563 ( 49%)]  Loss: 0.8800 (1.05)  LR: 1.812e-05  Time cost: 1:56:27/1:59:10 [8:42:56/1:59:10]  Acc_iter 194150      Data time: 0.00(0.00)  Forward time: 0.26(0.25)  Batch time: 0.26(0.25)
2026-08-14 06:51:37,158   INFO  Train:    4/4 (100%) [27510/55563 ( 50%)]  Loss: 0.6713 (1.05)  LR: 1.806e-05  Time cost: 1:56:39/1:58:57 [8:43:09/1:58:57]  Acc_iter 194200      Data time: 0.00(0.00)  Forward time: 0.24(0.25)  Batch time: 0.24(0.25)
2026-08-14 06:51:49,534   INFO  Train:    4/4 (100%) [27560/55563 ( 50%)]  Loss: 1.961 (1.05)  LR: 1.799e-05  Time cost: 1:56:52/1:58:44 [8:43:21/1:58:44]  Acc_iter 194250      Data time: 0.00(0.00)  Forward time: 0.27(0.25)  Batch time: 0.27(0.25)
2026-08-14 06:51:49,901   INFO  a1e06a0b30c0                Fri Aug 14 06:51:49 2026  580.173.02
[0] NVIDIA GeForce RTX 3070 | 71°C,  71 % |  6825 /  8192 MB | root(6428M)

2026-08-14 06:52:02,842   INFO  Train:    4/4 (100%) [27610/55563 ( 50%)]  Loss: 1.229 (1.05)  LR: 1.793e-05  Time cost: 1:57:05/1:58:32 [8:43:34/1:58:32]  Acc_iter 194300      Data time: 0.00(0.00)  Forward time: 0.29(0.25)  Batch time: 0.29(0.25)
2026-08-14 06:52:15,413   INFO  Train:    4/4 (100%) [27660/55563 ( 50%)]  Loss: 1.541 (1.05)  LR: 1.787e-05  Time cost: 1:57:18/1:58:19 [8:43:47/1:58:19]  Acc_iter 194350      Data time: 0.00(0.00)  Forward time: 0.23(0.25)  Batch time: 0.23(0.25)
2026-08-14 06:52:28,054   INFO  Train:    4/4 (100%) [27710/55563 ( 50%)]  Loss: 1.677 (1.05)  LR: 1.780e-05  Time cost: 1:57:30/1:58:06 [8:44:00/1:58:06]  Acc_iter 194400      Data time: 0.00(0.00)  Forward time: 0.26(0.25)  Batch time: 0.26(0.25)
2026-08-14 06:52:28,429   INFO  a1e06a0b30c0                Fri Aug 14 06:52:28 2026  580.173.02
[0] NVIDIA GeForce RTX 3070 | 70°C,  90 % |  6826 /  8192 MB | root(6428M)

2026-08-14 06:52:40,770   INFO  Train:    4/4 (100%) [27760/55563 ( 50%)]  Loss: 0.6633 (1.05)  LR: 1.774e-05  Time cost: 1:57:43/1:57:54 [8:44:12/1:57:54]  Acc_iter 194450      Data time: 0.00(0.00)  Forward time: 0.27(0.25)  Batch time: 0.27(0.25)
2026-08-14 06:52:53,305   INFO  Train:    4/4 (100%) [27810/55563 ( 50%)]  Loss: 1.373 (1.05)  LR: 1.768e-05  Time cost: 1:57:56/1:57:41 [8:44:25/1:57:41]  Acc_iter 194500      Data time: 0.00(0.00)  Forward time: 0.27(0.25)  Batch time: 0.27(0.25)
2026-08-14 06:53:05,765   INFO  Train:    4/4 (100%) [27860/55563 ( 50%)]  Loss: 0.4136 (1.05)  LR: 1.762e-05  Time cost: 1:58:08/1:57:28 [8:44:37/1:57:28]  Acc_iter 194550      Data time: 0.00(0.00)  Forward time: 0.28(0.25)  Batch time: 0.28(0.25)
2026-08-14 06:53:06,128   INFO  a1e06a0b30c0                Fri Aug 14 06:53:06 2026  580.173.02
[0] NVIDIA GeForce RTX 3070 | 67°C,  98 % |  6825 /  8192 MB | root(6428M)

2026-08-14 06:53:19,254   INFO  Train:    4/4 (100%) [27910/55563 ( 50%)]  Loss: 1.325 (1.05)  LR: 1.755e-05  Time cost: 1:58:22/1:57:16 [8:44:51/1:57:16]  Acc_iter 194600      Data time: 0.00(0.00)  Forward time: 0.25(0.25)  Batch time: 0.25(0.25)
2026-08-14 06:53:31,522   INFO  Train:    4/4 (100%) [27960/55563 ( 50%)]  Loss: 1.056 (1.05)  LR: 1.749e-05  Time cost: 1:58:34/1:57:03 [8:45:03/1:57:03]  Acc_iter 194650      Data time: 0.00(0.00)  Forward time: 0.26(0.25)  Batch time: 0.26(0.25)
2026-08-14 06:53:44,313   INFO  Train:    4/4 (100%) [28010/55563 ( 50%)]  Loss: 1.278 (1.05)  LR: 1.743e-05  Time cost: 1:58:47/1:56:50 [8:45:16/1:56:50]  Acc_iter 194700      Data time: 0.00(0.00)  Forward time: 0.27(0.25)  Batch time: 0.27(0.25)
2026-08-14 06:53:44,689   INFO  a1e06a0b30c0                Fri Aug 14 06:53:44 2026  580.173.02
[0] NVIDIA GeForce RTX 3070 | 66°C,   4 % |  6826 /  8192 MB | root(6428M)

2026-08-14 06:53:57,490   INFO  Train:    4/4 (100%) [28060/55563 ( 51%)]  Loss: 1.802 (1.05)  LR: 1.737e-05  Time cost: 1:59:00/1:56:38 [8:45:29/1:56:38]  Acc_iter 194750      Data time: 0.00(0.00)  Forward time: 0.26(0.25)  Batch time: 0.26(0.25)
2026-08-14 06:54:10,540   INFO  Train:    4/4 (100%) [28110/55563 ( 51%)]  Loss: 0.8862 (1.05)  LR: 1.731e-05  Time cost: 1:59:13/1:56:25 [8:45:42/1:56:25]  Acc_iter 194800      Data time: 0.00(0.00)  Forward time: 0.25(0.25)  Batch time: 0.26(0.25)
2026-08-14 06:54:23,172   INFO  Train:    4/4 (100%) [28160/55563 ( 51%)]  Loss: 1.708 (1.05)  LR: 1.724e-05  Time cost: 1:59:25/1:56:13 [8:45:55/1:56:13]  Acc_iter 194850      Data time: 0.00(0.00)  Forward time: 0.23(0.25)  Batch time: 0.23(0.25)
2026-08-14 06:54:23,548   INFO  a1e06a0b30c0                Fri Aug 14 06:54:23 2026  580.173.02
[0] NVIDIA GeForce RTX 3070 | 72°C,  96 % |  6825 /  8192 MB | root(6428M)

2026-08-14 06:54:36,112   INFO  Train:    4/4 (100%) [28210/55563 ( 51%)]  Loss: 0.6853 (1.05)  LR: 1.718e-05  Time cost: 1:59:38/1:56:00 [8:46:08/1:56:00]  Acc_iter 194900      Data time: 0.00(0.00)  Forward time: 0.25(0.25)  Batch time: 0.25(0.25)
2026-08-14 06:54:48,651   INFO  Train:    4/4 (100%) [28260/55563 ( 51%)]  Loss: 0.4017 (1.05)  LR: 1.712e-05  Time cost: 1:59:51/1:55:47 [8:46:20/1:55:47]  Acc_iter 194950      Data time: 0.00(0.00)  Forward time: 0.20(0.25)  Batch time: 0.20(0.25)
2026-08-14 06:54:57,432   INFO  Save latest model to /OpenPCDet/output/OpenPCDet/tools/cfgs/models/S/F/S_F_N/default/ckpt/latest_model
2026-08-14 06:55:01,453   INFO  Train:    4/4 (100%) [28310/55563 ( 51%)]  Loss: 1.960 (1.05)  LR: 1.706e-05  Time cost: 2:00:04/1:55:35 [8:46:33/1:55:35]  Acc_iter 195000      Data time: 0.00(0.00)  Forward time: 0.29(0.25)  Batch time: 0.29(0.25)
2026-08-14 06:55:01,831   INFO  a1e06a0b30c0                Fri Aug 14 06:55:01 2026  580.173.02
[0] NVIDIA GeForce RTX 3070 | 72°C,  96 % |  6826 /  8192 MB | root(6428M)

2026-08-14 06:55:14,683   INFO  Train:    4/4 (100%) [28360/55563 ( 51%)]  Loss: 0.7762 (1.05)  LR: 1.700e-05  Time cost: 2:00:17/1:55:22 [8:46:46/1:55:22]  Acc_iter 195050      Data time: 0.00(0.00)  Forward time: 0.23(0.25)  Batch time: 0.23(0.25)
2026-08-14 06:55:27,042   INFO  Train:    4/4 (100%) [28410/55563 ( 51%)]  Loss: 1.376 (1.05)  LR: 1.694e-05  Time cost: 2:00:29/1:55:09 [8:46:59/1:55:09]  Acc_iter 195100      Data time: 0.00(0.00)  Forward time: 0.26(0.25)  Batch time: 0.26(0.25)
2026-08-14 06:55:39,386   INFO  Train:    4/4 (100%) [28460/55563 ( 51%)]  Loss: 1.072 (1.05)  LR: 1.688e-05  Time cost: 2:00:42/1:54:56 [8:47:11/1:54:56]  Acc_iter 195150      Data time: 0.00(0.00)  Forward time: 0.24(0.25)  Batch time: 0.24(0.25)
2026-08-14 06:55:39,805   INFO  a1e06a0b30c0                Fri Aug 14 06:55:39 2026  580.173.02
[0] NVIDIA GeForce RTX 3070 | 72°C,  99 % |  6825 /  8192 MB | root(6428M)

2026-08-14 06:55:52,471   INFO  Train:    4/4 (100%) [28510/55563 ( 51%)]  Loss: 0.7776 (1.05)  LR: 1.682e-05  Time cost: 2:00:55/1:54:44 [8:47:24/1:54:44]  Acc_iter 195200      Data time: 0.00(0.00)  Forward time: 0.24(0.25)  Batch time: 0.24(0.25)
2026-08-14 06:56:05,776   INFO  Train:    4/4 (100%) [28560/55563 ( 51%)]  Loss: 1.159 (1.05)  LR: 1.675e-05  Time cost: 2:01:08/1:54:32 [8:47:37/1:54:32]  Acc_iter 195250      Data time: 0.00(0.00)  Forward time: 0.28(0.25)  Batch time: 0.28(0.25)
2026-08-14 06:56:18,441   INFO  Train:    4/4 (100%) [28610/55563 ( 51%)]  Loss: 0.3537 (1.05)  LR: 1.669e-05  Time cost: 2:01:21/1:54:19 [8:47:50/1:54:19]  Acc_iter 195300      Data time: 0.00(0.00)  Forward time: 0.23(0.25)  Batch time: 0.23(0.25)
2026-08-14 06:56:18,820   INFO  a1e06a0b30c0                Fri Aug 14 06:56:18 2026  580.173.02
[0] NVIDIA GeForce RTX 3070 | 72°C,  95 % |  6826 /  8192 MB | root(6428M)

2026-08-14 06:56:31,122   INFO  Train:    4/4 (100%) [28660/55563 ( 52%)]  Loss: 0.9397 (1.05)  LR: 1.663e-05  Time cost: 2:01:33/1:54:06 [8:48:03/1:54:06]  Acc_iter 195350      Data time: 0.00(0.00)  Forward time: 0.23(0.25)  Batch time: 0.23(0.25)
2026-08-14 06:56:43,459   INFO  Train:    4/4 (100%) [28710/55563 ( 52%)]  Loss: 1.123 (1.05)  LR: 1.657e-05  Time cost: 2:01:46/1:53:53 [8:48:15/1:53:53]  Acc_iter 195400      Data time: 0.00(0.00)  Forward time: 0.27(0.25)  Batch time: 0.27(0.25)
2026-08-14 06:56:56,279   INFO  Train:    4/4 (100%) [28760/55563 ( 52%)]  Loss: 1.031 (1.05)  LR: 1.651e-05  Time cost: 2:01:59/1:53:40 [8:48:28/1:53:40]  Acc_iter 195450      Data time: 0.00(0.00)  Forward time: 0.22(0.25)  Batch time: 0.22(0.25)
2026-08-14 06:56:56,691   INFO  a1e06a0b30c0                Fri Aug 14 06:56:56 2026  580.173.02
[0] NVIDIA GeForce RTX 3070 | 67°C,   1 % |  6826 /  8192 MB | root(6428M)

2026-08-14 06:57:09,235   INFO  Train:    4/4 (100%) [28810/55563 ( 52%)]  Loss: 0.8209 (1.05)  LR: 1.645e-05  Time cost: 2:02:12/1:53:28 [8:48:41/1:53:28]  Acc_iter 195500      Data time: 0.00(0.00)  Forward time: 0.22(0.25)  Batch time: 0.22(0.25)
2026-08-14 06:57:22,009   INFO  Train:    4/4 (100%) [28860/55563 ( 52%)]  Loss: 1.330 (1.05)  LR: 1.639e-05  Time cost: 2:02:24/1:53:15 [8:48:54/1:53:15]  Acc_iter 195550      Data time: 0.00(0.00)  Forward time: 0.26(0.25)  Batch time: 0.26(0.25)
2026-08-14 06:57:34,591   INFO  Train:    4/4 (100%) [28910/55563 ( 52%)]  Loss: 2.789 (1.05)  LR: 1.633e-05  Time cost: 2:02:37/1:53:02 [8:49:06/1:53:02]  Acc_iter 195600      Data time: 0.00(0.00)  Forward time: 0.22(0.25)  Batch time: 0.22(0.25)
2026-08-14 06:57:34,962   INFO  a1e06a0b30c0                Fri Aug 14 06:57:34 2026  580.173.02
[0] NVIDIA GeForce RTX 3070 | 71°C,  73 % |  6825 /  8192 MB | root(6428M)

2026-08-14 06:57:47,687   INFO  Train:    4/4 (100%) [28960/55563 ( 52%)]  Loss: 0.8220 (1.05)  LR: 1.627e-05  Time cost: 2:02:50/1:52:50 [8:49:19/1:52:50]  Acc_iter 195650      Data time: 0.00(0.00)  Forward time: 0.29(0.25)  Batch time: 0.29(0.25)
2026-08-14 06:58:00,322   INFO  Train:    4/4 (100%) [29010/55563 ( 52%)]  Loss: 0.7779 (1.05)  LR: 1.621e-05  Time cost: 2:03:03/1:52:37 [8:49:32/1:52:37]  Acc_iter 195700      Data time: 0.00(0.00)  Forward time: 0.27(0.25)  Batch time: 0.27(0.25)
2026-08-14 06:58:12,694   INFO  Train:    4/4 (100%) [29060/55563 ( 52%)]  Loss: 1.083 (1.05)  LR: 1.615e-05  Time cost: 2:03:15/1:52:24 [8:49:44/1:52:24]  Acc_iter 195750      Data time: 0.00(0.00)  Forward time: 0.26(0.25)  Batch time: 0.26(0.25)
2026-08-14 06:58:13,117   INFO  a1e06a0b30c0                Fri Aug 14 06:58:13 2026  580.173.02
[0] NVIDIA GeForce RTX 3070 | 64°C,  99 % |  6826 /  8192 MB | root(6428M)

2026-08-14 06:58:25,731   INFO  Train:    4/4 (100%) [29110/55563 ( 52%)]  Loss: 0.4818 (1.05)  LR: 1.609e-05  Time cost: 2:03:28/1:52:12 [8:49:57/1:52:12]  Acc_iter 195800      Data time: 0.00(0.00)  Forward time: 0.25(0.25)  Batch time: 0.25(0.25)
2026-08-14 06:58:38,518   INFO  Train:    4/4 (100%) [29160/55563 ( 52%)]  Loss: 0.4058 (1.05)  LR: 1.603e-05  Time cost: 2:03:41/1:51:59 [8:50:10/1:51:59]  Acc_iter 195850      Data time: 0.00(0.00)  Forward time: 0.26(0.25)  Batch time: 0.26(0.25)
2026-08-14 06:58:51,458   INFO  Train:    4/4 (100%) [29210/55563 ( 53%)]  Loss: 1.226 (1.05)  LR: 1.597e-05  Time cost: 2:03:54/1:51:46 [8:50:23/1:51:46]  Acc_iter 195900      Data time: 0.00(0.00)  Forward time: 0.25(0.25)  Batch time: 0.25(0.25)
2026-08-14 06:58:51,836   INFO  a1e06a0b30c0                Fri Aug 14 06:58:51 2026  580.173.02
[0] NVIDIA GeForce RTX 3070 | 71°C,  98 % |  6825 /  8192 MB | root(6428M)

2026-08-14 06:59:04,272   INFO  Train:    4/4 (100%) [29260/55563 ( 53%)]  Loss: 1.794 (1.05)  LR: 1.591e-05  Time cost: 2:04:07/1:51:34 [8:50:36/1:51:34]  Acc_iter 195950      Data time: 0.00(0.00)  Forward time: 0.29(0.25)  Batch time: 0.29(0.25)
2026-08-14 06:59:16,827   INFO  Train:    4/4 (100%) [29310/55563 ( 53%)]  Loss: 1.211 (1.05)  LR: 1.585e-05  Time cost: 2:04:19/1:51:21 [8:50:48/1:51:21]  Acc_iter 196000      Data time: 0.00(0.00)  Forward time: 0.25(0.25)  Batch time: 0.25(0.25)
2026-08-14 06:59:29,416   INFO  Train:    4/4 (100%) [29360/55563 ( 53%)]  Loss: 2.084 (1.05)  LR: 1.579e-05  Time cost: 2:04:32/1:51:08 [8:51:01/1:51:08]  Acc_iter 196050      Data time: 0.00(0.00)  Forward time: 0.27(0.25)  Batch time: 0.27(0.25)
2026-08-14 06:59:29,787   INFO  a1e06a0b30c0                Fri Aug 14 06:59:29 2026  580.173.02
[0] NVIDIA GeForce RTX 3070 | 71°C,  99 % |  6825 /  8192 MB | root(6428M)

2026-08-14 06:59:42,780   INFO  Train:    4/4 (100%) [29410/55563 ( 53%)]  Loss: 0.7320 (1.05)  LR: 1.574e-05  Time cost: 2:04:45/1:50:56 [8:51:14/1:50:56]  Acc_iter 196100      Data time: 0.00(0.00)  Forward time: 0.24(0.25)  Batch time: 0.24(0.25)
2026-08-14 06:59:55,658   INFO  Train:    4/4 (100%) [29460/55563 ( 53%)]  Loss: 1.014 (1.05)  LR: 1.568e-05  Time cost: 2:04:58/1:50:43 [8:51:27/1:50:43]  Acc_iter 196150      Data time: 0.00(0.00)  Forward time: 0.26(0.25)  Batch time: 0.26(0.25)
2026-08-14 06:59:57,493   INFO  Save latest model to /OpenPCDet/output/OpenPCDet/tools/cfgs/models/S/F/S_F_N/default/ckpt/latest_model
2026-08-14 07:00:08,452   INFO  Train:    4/4 (100%) [29510/55563 ( 53%)]  Loss: 0.8672 (1.05)  LR: 1.562e-05  Time cost: 2:05:11/1:50:31 [8:51:40/1:50:31]  Acc_iter 196200      Data time: 0.00(0.00)  Forward time: 0.22(0.25)  Batch time: 0.22(0.25)
2026-08-14 07:00:08,808   INFO  a1e06a0b30c0                Fri Aug 14 07:00:08 2026  580.173.02
[0] NVIDIA GeForce RTX 3070 | 71°C,  94 % |  6825 /  8192 MB | root(6428M)

2026-08-14 07:00:21,632   INFO  Train:    4/4 (100%) [29560/55563 ( 53%)]  Loss: 1.568 (1.05)  LR: 1.556e-05  Time cost: 2:05:24/1:50:18 [8:51:53/1:50:18]  Acc_iter 196250      Data time: 0.00(0.00)  Forward time: 0.29(0.25)  Batch time: 0.29(0.25)
2026-08-14 07:00:34,450   INFO  Train:    4/4 (100%) [29610/55563 ( 53%)]  Loss: 0.8093 (1.05)  LR: 1.550e-05  Time cost: 2:05:37/1:50:06 [8:52:06/1:50:06]  Acc_iter 196300      Data time: 0.00(0.00)  Forward time: 0.27(0.25)  Batch time: 0.27(0.25)
2026-08-14 07:00:47,362   INFO  Train:    4/4 (100%) [29660/55563 ( 53%)]  Loss: 0.9161 (1.05)  LR: 1.544e-05  Time cost: 2:05:50/1:49:53 [8:52:19/1:49:53]  Acc_iter 196350      Data time: 0.00(0.00)  Forward time: 0.27(0.25)  Batch time: 0.27(0.25)
2026-08-14 07:00:47,737   INFO  a1e06a0b30c0                Fri Aug 14 07:00:47 2026  580.173.02
[0] NVIDIA GeForce RTX 3070 | 69°C,  82 % |  6826 /  8192 MB | root(6428M)

2026-08-14 07:01:00,319   INFO  Train:    4/4 (100%) [29710/55563 ( 53%)]  Loss: 1.602 (1.05)  LR: 1.538e-05  Time cost: 2:06:03/1:49:41 [8:52:32/1:49:41]  Acc_iter 196400      Data time: 0.00(0.00)  Forward time: 0.22(0.25)  Batch time: 0.22(0.25)
2026-08-14 07:01:13,071   INFO  Train:    4/4 (100%) [29760/55563 ( 54%)]  Loss: 0.6445 (1.05)  LR: 1.532e-05  Time cost: 2:06:15/1:49:28 [8:52:45/1:49:28]  Acc_iter 196450      Data time: 0.00(0.00)  Forward time: 0.28(0.25)  Batch time: 0.28(0.25)
2026-08-14 07:01:25,763   INFO  Train:    4/4 (100%) [29810/55563 ( 54%)]  Loss: 1.299 (1.05)  LR: 1.527e-05  Time cost: 2:06:28/1:49:15 [8:52:57/1:49:15]  Acc_iter 196500      Data time: 0.00(0.00)  Forward time: 0.28(0.25)  Batch time: 0.29(0.25)
2026-08-14 07:01:26,179   INFO  a1e06a0b30c0                Fri Aug 14 07:01:26 2026  580.173.02
[0] NVIDIA GeForce RTX 3070 | 65°C,  99 % |  6825 /  8192 MB | root(6428M)

2026-08-14 07:01:39,192   INFO  Train:    4/4 (100%) [29860/55563 ( 54%)]  Loss: 0.7663 (1.05)  LR: 1.521e-05  Time cost: 2:06:41/1:49:03 [8:53:11/1:49:03]  Acc_iter 196550      Data time: 0.00(0.00)  Forward time: 0.24(0.25)  Batch time: 0.24(0.25)
2026-08-14 07:01:51,604   INFO  Train:    4/4 (100%) [29910/55563 ( 54%)]  Loss: 0.8405 (1.05)  LR: 1.515e-05  Time cost: 2:06:54/1:48:50 [8:53:23/1:48:50]  Acc_iter 196600      Data time: 0.00(0.00)  Forward time: 0.26(0.25)  Batch time: 0.27(0.25)
2026-08-14 07:02:04,174   INFO  Train:    4/4 (100%) [29960/55563 ( 54%)]  Loss: 1.377 (1.05)  LR: 1.509e-05  Time cost: 2:07:06/1:48:37 [8:53:36/1:48:37]  Acc_iter 196650      Data time: 0.00(0.00)  Forward time: 0.27(0.25)  Batch time: 0.27(0.25)
2026-08-14 07:02:04,542   INFO  a1e06a0b30c0                Fri Aug 14 07:02:04 2026  580.173.02
[0] NVIDIA GeForce RTX 3070 | 70°C,  73 % |  6825 /  8192 MB | root(6428M)

2026-08-14 07:02:17,051   INFO  Train:    4/4 (100%) [30010/55563 ( 54%)]  Loss: 1.471 (1.05)  LR: 1.503e-05  Time cost: 2:07:19/1:48:24 [8:53:49/1:48:24]  Acc_iter 196700      Data time: 0.00(0.00)  Forward time: 0.27(0.25)  Batch time: 0.27(0.25)
2026-08-14 07:02:30,122   INFO  Train:    4/4 (100%) [30060/55563 ( 54%)]  Loss: 1.022 (1.05)  LR: 1.498e-05  Time cost: 2:07:32/1:48:12 [8:54:02/1:48:12]  Acc_iter 196750      Data time: 0.00(0.00)  Forward time: 0.27(0.25)  Batch time: 0.27(0.25)
2026-08-14 07:02:42,823   INFO  Train:    4/4 (100%) [30110/55563 ( 54%)]  Loss: 0.5051 (1.05)  LR: 1.492e-05  Time cost: 2:07:45/1:47:59 [8:54:14/1:47:59]  Acc_iter 196800      Data time: 0.00(0.00)  Forward time: 0.21(0.25)  Batch time: 0.21(0.25)
2026-08-14 07:02:43,182   INFO  a1e06a0b30c0                Fri Aug 14 07:02:43 2026  580.173.02
[0] NVIDIA GeForce RTX 3070 | 65°C,  67 % |  6825 /  8192 MB | root(6428M)

2026-08-14 07:02:55,868   INFO  Train:    4/4 (100%) [30160/55563 ( 54%)]  Loss: 0.7598 (1.05)  LR: 1.486e-05  Time cost: 2:07:58/1:47:47 [8:54:27/1:47:47]  Acc_iter 196850      Data time: 0.00(0.00)  Forward time: 0.27(0.25)  Batch time: 0.27(0.25)
2026-08-14 07:03:08,349   INFO  Train:    4/4 (100%) [30210/55563 ( 54%)]  Loss: 1.106 (1.05)  LR: 1.480e-05  Time cost: 2:08:11/1:47:34 [8:54:40/1:47:34]  Acc_iter 196900      Data time: 0.00(0.00)  Forward time: 0.24(0.25)  Batch time: 0.24(0.25)
2026-08-14 07:03:21,245   INFO  Train:    4/4 (100%) [30260/55563 ( 54%)]  Loss: 0.7744 (1.05)  LR: 1.475e-05  Time cost: 2:08:24/1:47:21 [8:54:53/1:47:21]  Acc_iter 196950      Data time: 0.00(0.00)  Forward time: 0.25(0.25)  Batch time: 0.25(0.25)
2026-08-14 07:03:21,671   INFO  a1e06a0b30c0                Fri Aug 14 07:03:21 2026  580.173.02
[0] NVIDIA GeForce RTX 3070 | 64°C,   1 % |  6825 /  8192 MB | root(6428M)

2026-08-14 07:03:34,523   INFO  Train:    4/4 (100%) [30310/55563 ( 55%)]  Loss: 0.7259 (1.05)  LR: 1.469e-05  Time cost: 2:08:37/1:47:09 [8:55:06/1:47:09]  Acc_iter 197000      Data time: 0.00(0.00)  Forward time: 0.28(0.25)  Batch time: 0.28(0.25)
2026-08-14 07:03:47,015   INFO  Train:    4/4 (100%) [30360/55563 ( 55%)]  Loss: 1.056 (1.05)  LR: 1.463e-05  Time cost: 2:08:49/1:46:56 [8:55:19/1:46:56]  Acc_iter 197050      Data time: 0.00(0.00)  Forward time: 0.24(0.25)  Batch time: 0.24(0.25)
2026-08-14 07:03:59,548   INFO  Train:    4/4 (100%) [30410/55563 ( 55%)]  Loss: 0.7115 (1.05)  LR: 1.457e-05  Time cost: 2:09:02/1:46:43 [8:55:31/1:46:43]  Acc_iter 197100      Data time: 0.00(0.00)  Forward time: 0.24(0.25)  Batch time: 0.24(0.25)
2026-08-14 07:03:59,928   INFO  a1e06a0b30c0                Fri Aug 14 07:03:59 2026  580.173.02
[0] NVIDIA GeForce RTX 3070 | 71°C,  75 % |  6826 /  8192 MB | root(6428M)

2026-08-14 07:04:12,637   INFO  Train:    4/4 (100%) [30460/55563 ( 55%)]  Loss: 0.8776 (1.05)  LR: 1.452e-05  Time cost: 2:09:15/1:46:31 [8:55:44/1:46:31]  Acc_iter 197150      Data time: 0.00(0.00)  Forward time: 0.23(0.25)  Batch time: 0.23(0.25)
2026-08-14 07:04:25,491   INFO  Train:    4/4 (100%) [30510/55563 ( 55%)]  Loss: 0.9875 (1.05)  LR: 1.446e-05  Time cost: 2:09:28/1:46:18 [8:55:57/1:46:18]  Acc_iter 197200      Data time: 0.00(0.00)  Forward time: 0.25(0.25)  Batch time: 0.26(0.25)
2026-08-14 07:04:37,833   INFO  Train:    4/4 (100%) [30560/55563 ( 55%)]  Loss: 0.9254 (1.05)  LR: 1.440e-05  Time cost: 2:09:40/1:46:05 [8:56:09/1:46:05]  Acc_iter 197250      Data time: 0.00(0.00)  Forward time: 0.21(0.25)  Batch time: 0.21(0.25)
2026-08-14 07:04:38,202   INFO  a1e06a0b30c0                Fri Aug 14 07:04:38 2026  580.173.02
[0] NVIDIA GeForce RTX 3070 | 67°C,  73 % |  6825 /  8192 MB | root(6428M)

2026-08-14 07:04:50,947   INFO  Train:    4/4 (100%) [30610/55563 ( 55%)]  Loss: 0.9684 (1.05)  LR: 1.435e-05  Time cost: 2:09:53/1:45:53 [8:56:23/1:45:53]  Acc_iter 197300      Data time: 0.00(0.00)  Forward time: 0.26(0.25)  Batch time: 0.26(0.25)
2026-08-14 07:04:57,382   INFO  Save latest model to /OpenPCDet/output/OpenPCDet/tools/cfgs/models/S/F/S_F_N/default/ckpt/latest_model
2026-08-14 07:05:03,750   INFO  Train:    4/4 (100%) [30660/55563 ( 55%)]  Loss: 0.9755 (1.05)  LR: 1.429e-05  Time cost: 2:10:06/1:45:40 [8:56:35/1:45:40]  Acc_iter 197350      Data time: 0.00(0.00)  Forward time: 0.23(0.25)  Batch time: 0.23(0.25)
2026-08-14 07:05:16,511   INFO  Train:    4/4 (100%) [30710/55563 ( 55%)]  Loss: 0.6889 (1.05)  LR: 1.423e-05  Time cost: 2:10:19/1:45:27 [8:56:48/1:45:27]  Acc_iter 197400      Data time: 0.00(0.00)  Forward time: 0.25(0.25)  Batch time: 0.25(0.25)
2026-08-14 07:05:16,887   INFO  a1e06a0b30c0                Fri Aug 14 07:05:16 2026  580.173.02
[0] NVIDIA GeForce RTX 3070 | 71°C,  99 % |  6826 /  8192 MB | root(6428M)

2026-08-14 07:05:29,647   INFO  Train:    4/4 (100%) [30760/55563 ( 55%)]  Loss: 1.177 (1.05)  LR: 1.418e-05  Time cost: 2:10:32/1:45:15 [8:57:01/1:45:15]  Acc_iter 197450      Data time: 0.00(0.00)  Forward time: 0.29(0.25)  Batch time: 0.29(0.25)
2026-08-14 07:05:42,094   INFO  Train:    4/4 (100%) [30810/55563 ( 55%)]  Loss: 1.518 (1.05)  LR: 1.412e-05  Time cost: 2:10:44/1:45:02 [8:57:14/1:45:02]  Acc_iter 197500      Data time: 0.00(0.00)  Forward time: 0.21(0.25)  Batch time: 0.22(0.25)
2026-08-14 07:05:54,542   INFO  Train:    4/4 (100%) [30860/55563 ( 56%)]  Loss: 1.320 (1.05)  LR: 1.407e-05  Time cost: 2:10:57/1:44:49 [8:57:26/1:44:49]  Acc_iter 197550      Data time: 0.00(0.00)  Forward time: 0.26(0.25)  Batch time: 0.26(0.25)
2026-08-14 07:05:54,908   INFO  a1e06a0b30c0                Fri Aug 14 07:05:54 2026  580.173.02
[0] NVIDIA GeForce RTX 3070 | 71°C,  96 % |  6825 /  8192 MB | root(6428M)

2026-08-14 07:06:08,011   INFO  Train:    4/4 (100%) [30910/55563 ( 56%)]  Loss: 0.9745 (1.05)  LR: 1.401e-05  Time cost: 2:11:10/1:44:37 [8:57:40/1:44:37]  Acc_iter 197600      Data time: 0.00(0.00)  Forward time: 0.24(0.25)  Batch time: 0.24(0.25)
2026-08-14 07:06:20,894   INFO  Train:    4/4 (100%) [30960/55563 ( 56%)]  Loss: 0.7160 (1.05)  LR: 1.395e-05  Time cost: 2:11:23/1:44:24 [8:57:53/1:44:24]  Acc_iter 197650      Data time: 0.00(0.00)  Forward time: 0.22(0.25)  Batch time: 0.23(0.25)
2026-08-14 07:06:33,396   INFO  Train:    4/4 (100%) [31010/55563 ( 56%)]  Loss: 0.9075 (1.05)  LR: 1.390e-05  Time cost: 2:11:36/1:44:11 [8:58:05/1:44:11]  Acc_iter 197700      Data time: 0.00(0.00)  Forward time: 0.25(0.25)  Batch time: 0.25(0.25)
2026-08-14 07:06:33,768   INFO  a1e06a0b30c0                Fri Aug 14 07:06:33 2026  580.173.02
[0] NVIDIA GeForce RTX 3070 | 66°C,  28 % |  6826 /  8192 MB | root(6428M)

2026-08-14 07:06:46,376   INFO  Train:    4/4 (100%) [31060/55563 ( 56%)]  Loss: 2.154 (1.05)  LR: 1.384e-05  Time cost: 2:11:49/1:43:59 [8:58:18/1:43:59]  Acc_iter 197750      Data time: 0.00(0.00)  Forward time: 0.25(0.25)  Batch time: 0.26(0.25)
2026-08-14 07:06:59,196   INFO  Train:    4/4 (100%) [31110/55563 ( 56%)]  Loss: 0.9642 (1.05)  LR: 1.379e-05  Time cost: 2:12:01/1:43:46 [8:58:31/1:43:46]  Acc_iter 197800      Data time: 0.00(0.00)  Forward time: 0.26(0.25)  Batch time: 0.26(0.25)
2026-08-14 07:07:11,967   INFO  Train:    4/4 (100%) [31160/55563 ( 56%)]  Loss: 0.8573 (1.05)  LR: 1.373e-05  Time cost: 2:12:14/1:43:33 [8:58:44/1:43:33]  Acc_iter 197850      Data time: 0.00(0.00)  Forward time: 0.25(0.25)  Batch time: 0.25(0.25)
2026-08-14 07:07:12,340   INFO  a1e06a0b30c0                Fri Aug 14 07:07:12 2026  580.173.02
[0] NVIDIA GeForce RTX 3070 | 71°C,  95 % |  6825 /  8192 MB | root(6428M)

2026-08-14 07:07:24,918   INFO  Train:    4/4 (100%) [31210/55563 ( 56%)]  Loss: 1.289 (1.05)  LR: 1.368e-05  Time cost: 2:12:27/1:43:21 [8:58:57/1:43:21]  Acc_iter 197900      Data time: 0.00(0.00)  Forward time: 0.28(0.25)  Batch time: 0.28(0.25)
2026-08-14 07:07:37,577   INFO  Train:    4/4 (100%) [31260/55563 ( 56%)]  Loss: 0.7345 (1.05)  LR: 1.362e-05  Time cost: 2:12:40/1:43:08 [8:59:09/1:43:08]  Acc_iter 197950      Data time: 0.00(0.00)  Forward time: 0.25(0.25)  Batch time: 0.25(0.25)
2026-08-14 07:07:50,245   INFO  Train:    4/4 (100%) [31310/55563 ( 56%)]  Loss: 0.8052 (1.05)  LR: 1.357e-05  Time cost: 2:12:53/1:42:55 [8:59:22/1:42:55]  Acc_iter 198000      Data time: 0.00(0.00)  Forward time: 0.25(0.25)  Batch time: 0.25(0.25)
2026-08-14 07:07:50,684   INFO  a1e06a0b30c0                Fri Aug 14 07:07:50 2026  580.173.02
[0] NVIDIA GeForce RTX 3070 | 64°C,   1 % |  6826 /  8192 MB | root(6428M)

2026-08-14 07:08:03,481   INFO  Train:    4/4 (100%) [31360/55563 ( 56%)]  Loss: 1.087 (1.05)  LR: 1.351e-05  Time cost: 2:13:06/1:42:43 [8:59:35/1:42:43]  Acc_iter 198050      Data time: 0.00(0.00)  Forward time: 0.24(0.25)  Batch time: 0.24(0.25)
2026-08-14 07:08:15,910   INFO  Train:    4/4 (100%) [31410/55563 ( 57%)]  Loss: 1.749 (1.05)  LR: 1.346e-05  Time cost: 2:13:18/1:42:30 [8:59:48/1:42:30]  Acc_iter 198100      Data time: 0.00(0.00)  Forward time: 0.26(0.25)  Batch time: 0.26(0.25)
2026-08-14 07:08:28,579   INFO  Train:    4/4 (100%) [31460/55563 ( 57%)]  Loss: 1.167 (1.05)  LR: 1.340e-05  Time cost: 2:13:31/1:42:17 [9:00:00/1:42:17]  Acc_iter 198150      Data time: 0.00(0.00)  Forward time: 0.27(0.25)  Batch time: 0.27(0.25)
2026-08-14 07:08:28,948   INFO  a1e06a0b30c0                Fri Aug 14 07:08:28 2026  580.173.02
[0] NVIDIA GeForce RTX 3070 | 71°C,  84 % |  6825 /  8192 MB | root(6428M)

2026-08-14 07:08:41,681   INFO  Train:    4/4 (100%) [31510/55563 ( 57%)]  Loss: 1.199 (1.05)  LR: 1.335e-05  Time cost: 2:13:44/1:42:05 [9:00:13/1:42:05]  Acc_iter 198200      Data time: 0.00(0.00)  Forward time: 0.28(0.25)  Batch time: 0.28(0.25)
2026-08-14 07:08:54,498   INFO  Train:    4/4 (100%) [31560/55563 ( 57%)]  Loss: 1.135 (1.05)  LR: 1.329e-05  Time cost: 2:13:57/1:41:52 [9:00:26/1:41:52]  Acc_iter 198250      Data time: 0.00(0.00)  Forward time: 0.26(0.25)  Batch time: 0.26(0.25)
2026-08-14 07:09:06,992   INFO  Train:    4/4 (100%) [31610/55563 ( 57%)]  Loss: 0.5357 (1.05)  LR: 1.324e-05  Time cost: 2:14:09/1:41:39 [9:00:39/1:41:39]  Acc_iter 198300      Data time: 0.00(0.00)  Forward time: 0.21(0.25)  Batch time: 0.21(0.25)
2026-08-14 07:09:07,363   INFO  a1e06a0b30c0                Fri Aug 14 07:09:07 2026  580.173.02
[0] NVIDIA GeForce RTX 3070 | 70°C,  90 % |  6825 /  8192 MB | root(6428M)

2026-08-14 07:09:19,946   INFO  Train:    4/4 (100%) [31660/55563 ( 57%)]  Loss: 2.062 (1.05)  LR: 1.318e-05  Time cost: 2:14:22/1:41:27 [9:00:52/1:41:27]  Acc_iter 198350      Data time: 0.00(0.00)  Forward time: 0.23(0.25)  Batch time: 0.23(0.25)
2026-08-14 07:09:32,336   INFO  Train:    4/4 (100%) [31710/55563 ( 57%)]  Loss: 0.4013 (1.05)  LR: 1.313e-05  Time cost: 2:14:35/1:41:14 [9:01:04/1:41:14]  Acc_iter 198400      Data time: 0.00(0.00)  Forward time: 0.26(0.25)  Batch time: 0.26(0.25)
2026-08-14 07:09:44,925   INFO  Train:    4/4 (100%) [31760/55563 ( 57%)]  Loss: 1.501 (1.05)  LR: 1.307e-05  Time cost: 2:14:47/1:41:01 [9:01:17/1:41:01]  Acc_iter 198450      Data time: 0.00(0.00)  Forward time: 0.26(0.25)  Batch time: 0.26(0.25)
2026-08-14 07:09:45,351   INFO  a1e06a0b30c0                Fri Aug 14 07:09:45 2026  580.173.02
[0] NVIDIA GeForce RTX 3070 | 72°C,  72 % |  6826 /  8192 MB | root(6428M)

2026-08-14 07:09:57,444   INFO  Save latest model to /OpenPCDet/output/OpenPCDet/tools/cfgs/models/S/F/S_F_N/default/ckpt/latest_model
2026-08-14 07:09:58,252   INFO  Train:    4/4 (100%) [31810/55563 ( 57%)]  Loss: 1.624 (1.05)  LR: 1.302e-05  Time cost: 2:15:01/1:40:48 [9:01:30/1:40:48]  Acc_iter 198500      Data time: 0.00(0.00)  Forward time: 0.28(0.25)  Batch time: 0.28(0.25)
2026-08-14 07:10:10,826   INFO  Train:    4/4 (100%) [31860/55563 ( 57%)]  Loss: 0.7976 (1.05)  LR: 1.297e-05  Time cost: 2:15:13/1:40:36 [9:01:42/1:40:36]  Acc_iter 198550      Data time: 0.00(0.00)  Forward time: 0.25(0.25)  Batch time: 0.25(0.25)
2026-08-14 07:10:23,313   INFO  Train:    4/4 (100%) [31910/55563 ( 57%)]  Loss: 0.8843 (1.05)  LR: 1.291e-05  Time cost: 2:15:26/1:40:23 [9:01:55/1:40:23]  Acc_iter 198600      Data time: 0.00(0.00)  Forward time: 0.26(0.25)  Batch time: 0.26(0.25)
2026-08-14 07:10:23,682   INFO  a1e06a0b30c0                Fri Aug 14 07:10:23 2026  580.173.02
[0] NVIDIA GeForce RTX 3070 | 66°C,   1 % |  6826 /  8192 MB | root(6428M)

2026-08-14 07:10:36,434   INFO  Train:    4/4 (100%) [31960/55563 ( 58%)]  Loss: 0.7562 (1.05)  LR: 1.286e-05  Time cost: 2:15:39/1:40:10 [9:02:08/1:40:10]  Acc_iter 198650      Data time: 0.00(0.00)  Forward time: 0.24(0.25)  Batch time: 0.24(0.25)
2026-08-14 07:10:48,812   INFO  Train:    4/4 (100%) [32010/55563 ( 58%)]  Loss: 1.518 (1.05)  LR: 1.281e-05  Time cost: 2:15:51/1:39:57 [9:02:20/1:39:57]  Acc_iter 198700      Data time: 0.00(0.00)  Forward time: 0.24(0.25)  Batch time: 0.24(0.25)
2026-08-14 07:11:01,126   INFO  Train:    4/4 (100%) [32060/55563 ( 58%)]  Loss: 0.5696 (1.05)  LR: 1.275e-05  Time cost: 2:16:03/1:39:44 [9:02:33/1:39:44]  Acc_iter 198750      Data time: 0.00(0.00)  Forward time: 0.23(0.25)  Batch time: 0.23(0.25)
2026-08-14 07:11:01,507   INFO  a1e06a0b30c0                Fri Aug 14 07:11:01 2026  580.173.02
[0] NVIDIA GeForce RTX 3070 | 70°C,  66 % |  6827 /  8192 MB | root(6428M)

2026-08-14 07:11:14,069   INFO  Train:    4/4 (100%) [32110/55563 ( 58%)]  Loss: 2.836 (1.05)  LR: 1.270e-05  Time cost: 2:16:16/1:39:32 [9:02:46/1:39:32]  Acc_iter 198800      Data time: 0.00(0.00)  Forward time: 0.26(0.25)  Batch time: 0.26(0.25)
2026-08-14 07:11:26,955   INFO  Train:    4/4 (100%) [32160/55563 ( 58%)]  Loss: 1.574 (1.05)  LR: 1.265e-05  Time cost: 2:16:29/1:39:19 [9:02:59/1:39:19]  Acc_iter 198850      Data time: 0.00(0.00)  Forward time: 0.28(0.25)  Batch time: 0.28(0.25)
2026-08-14 07:11:39,731   INFO  Train:    4/4 (100%) [32210/55563 ( 58%)]  Loss: 1.058 (1.05)  LR: 1.259e-05  Time cost: 2:16:42/1:39:06 [9:03:11/1:39:06]  Acc_iter 198900      Data time: 0.00(0.00)  Forward time: 0.27(0.25)  Batch time: 0.27(0.25)
2026-08-14 07:11:40,141   INFO  a1e06a0b30c0                Fri Aug 14 07:11:40 2026  580.173.02
[0] NVIDIA GeForce RTX 3070 | 64°C,  85 % |  6826 /  8192 MB | root(6428M)

2026-08-14 07:11:52,810   INFO  Train:    4/4 (100%) [32260/55563 ( 58%)]  Loss: 1.031 (1.05)  LR: 1.254e-05  Time cost: 2:16:55/1:38:54 [9:03:24/1:38:54]  Acc_iter 198950      Data time: 0.00(0.00)  Forward time: 0.25(0.25)  Batch time: 0.25(0.25)
2026-08-14 07:12:05,328   INFO  Train:    4/4 (100%) [32310/55563 ( 58%)]  Loss: 0.7740 (1.05)  LR: 1.249e-05  Time cost: 2:17:08/1:38:41 [9:03:37/1:38:41]  Acc_iter 199000      Data time: 0.00(0.00)  Forward time: 0.22(0.25)  Batch time: 0.22(0.25)
2026-08-14 07:12:17,818   INFO  Train:    4/4 (100%) [32360/55563 ( 58%)]  Loss: 1.203 (1.05)  LR: 1.243e-05  Time cost: 2:17:20/1:38:28 [9:03:49/1:38:28]  Acc_iter 199050      Data time: 0.00(0.00)  Forward time: 0.27(0.25)  Batch time: 0.27(0.25)
2026-08-14 07:12:18,214   INFO  a1e06a0b30c0                Fri Aug 14 07:12:18 2026  580.173.02
[0] NVIDIA GeForce RTX 3070 | 65°C,  94 % |  6826 /  8192 MB | root(6428M)

2026-08-14 07:12:30,664   INFO  Train:    4/4 (100%) [32410/55563 ( 58%)]  Loss: 0.3079 (1.05)  LR: 1.238e-05  Time cost: 2:17:33/1:38:15 [9:04:02/1:38:15]  Acc_iter 199100      Data time: 0.00(0.00)  Forward time: 0.23(0.25)  Batch time: 0.23(0.25)
2026-08-14 07:12:43,485   INFO  Train:    4/4 (100%) [32460/55563 ( 58%)]  Loss: 1.191 (1.05)  LR: 1.233e-05  Time cost: 2:17:46/1:38:03 [9:04:15/1:38:03]  Acc_iter 199150      Data time: 0.00(0.00)  Forward time: 0.26(0.25)  Batch time: 0.26(0.25)
2026-08-14 07:12:55,988   INFO  Train:    4/4 (100%) [32510/55563 ( 59%)]  Loss: 0.9361 (1.05)  LR: 1.228e-05  Time cost: 2:17:58/1:37:50 [9:04:28/1:37:50]  Acc_iter 199200      Data time: 0.00(0.00)  Forward time: 0.26(0.25)  Batch time: 0.26(0.25)
2026-08-14 07:12:56,391   INFO  a1e06a0b30c0                Fri Aug 14 07:12:56 2026  580.173.02
[0] NVIDIA GeForce RTX 3070 | 72°C,  99 % |  6826 /  8192 MB | root(6428M)

2026-08-14 07:13:08,817   INFO  Train:    4/4 (100%) [32560/55563 ( 59%)]  Loss: 1.453 (1.05)  LR: 1.222e-05  Time cost: 2:18:11/1:37:37 [9:04:40/1:37:37]  Acc_iter 199250      Data time: 0.00(0.00)  Forward time: 0.21(0.25)  Batch time: 0.21(0.25)
2026-08-14 07:13:21,273   INFO  Train:    4/4 (100%) [32610/55563 ( 59%)]  Loss: 0.9849 (1.05)  LR: 1.217e-05  Time cost: 2:18:24/1:37:24 [9:04:53/1:37:24]  Acc_iter 199300      Data time: 0.00(0.00)  Forward time: 0.26(0.25)  Batch time: 0.26(0.25)
2026-08-14 07:13:33,909   INFO  Train:    4/4 (100%) [32660/55563 ( 59%)]  Loss: 0.3687 (1.05)  LR: 1.212e-05  Time cost: 2:18:36/1:37:11 [9:05:06/1:37:11]  Acc_iter 199350      Data time: 0.00(0.00)  Forward time: 0.22(0.25)  Batch time: 0.23(0.25)
2026-08-14 07:13:34,284   INFO  a1e06a0b30c0                Fri Aug 14 07:13:34 2026  580.173.02
[0] NVIDIA GeForce RTX 3070 | 69°C,  75 % |  6826 /  8192 MB | root(6428M)

2026-08-14 07:13:46,590   INFO  Train:    4/4 (100%) [32710/55563 ( 59%)]  Loss: 1.004 (1.05)  LR: 1.207e-05  Time cost: 2:18:49/1:36:59 [9:05:18/1:36:59]  Acc_iter 199400      Data time: 0.00(0.00)  Forward time: 0.28(0.25)  Batch time: 0.28(0.25)
2026-08-14 07:13:59,247   INFO  Train:    4/4 (100%) [32760/55563 ( 59%)]  Loss: 0.7249 (1.05)  LR: 1.201e-05  Time cost: 2:19:02/1:36:46 [9:05:31/1:36:46]  Acc_iter 199450      Data time: 0.00(0.00)  Forward time: 0.22(0.25)  Batch time: 0.22(0.25)
2026-08-14 07:14:11,746   INFO  Train:    4/4 (100%) [32810/55563 ( 59%)]  Loss: 0.5777 (1.05)  LR: 1.196e-05  Time cost: 2:19:14/1:36:33 [9:05:43/1:36:33]  Acc_iter 199500      Data time: 0.00(0.00)  Forward time: 0.24(0.25)  Batch time: 0.24(0.25)
2026-08-14 07:14:12,160   INFO  a1e06a0b30c0                Fri Aug 14 07:14:12 2026  580.173.02
[0] NVIDIA GeForce RTX 3070 | 65°C,  86 % |  6826 /  8192 MB | root(6428M)

2026-08-14 07:14:25,304   INFO  Train:    4/4 (100%) [32860/55563 ( 59%)]  Loss: 0.8483 (1.05)  LR: 1.191e-05  Time cost: 2:19:28/1:36:21 [9:05:57/1:36:21]  Acc_iter 199550      Data time: 0.00(0.00)  Forward time: 0.26(0.25)  Batch time: 0.27(0.25)
2026-08-14 07:14:38,165   INFO  Train:    4/4 (100%) [32910/55563 ( 59%)]  Loss: 1.105 (1.05)  LR: 1.186e-05  Time cost: 2:19:40/1:36:08 [9:06:10/1:36:08]  Acc_iter 199600      Data time: 0.00(0.00)  Forward time: 0.24(0.25)  Batch time: 0.24(0.25)
2026-08-14 07:14:50,682   INFO  Train:    4/4 (100%) [32960/55563 ( 59%)]  Loss: 0.7326 (1.05)  LR: 1.181e-05  Time cost: 2:19:53/1:35:55 [9:06:22/1:35:55]  Acc_iter 199650      Data time: 0.00(0.00)  Forward time: 0.24(0.25)  Batch time: 0.24(0.25)
2026-08-14 07:14:51,047   INFO  a1e06a0b30c0                Fri Aug 14 07:14:51 2026  580.173.02
[0] NVIDIA GeForce RTX 3070 | 73°C,  75 % |  6826 /  8192 MB | root(6428M)

2026-08-14 07:14:57,484   INFO  Save latest model to /OpenPCDet/output/OpenPCDet/tools/cfgs/models/S/F/S_F_N/default/ckpt/latest_model
2026-08-14 07:15:03,754   INFO  Train:    4/4 (100%) [33010/55563 ( 59%)]  Loss: 1.039 (1.05)  LR: 1.176e-05  Time cost: 2:20:06/1:35:43 [9:06:35/1:35:43]  Acc_iter 199700      Data time: 0.00(0.00)  Forward time: 0.24(0.25)  Batch time: 0.25(0.25)
2026-08-14 07:15:16,419   INFO  Train:    4/4 (100%) [33060/55563 ( 60%)]  Loss: 1.458 (1.05)  LR: 1.170e-05  Time cost: 2:20:19/1:35:30 [9:06:48/1:35:30]  Acc_iter 199750      Data time: 0.00(0.00)  Forward time: 0.27(0.25)  Batch time: 0.27(0.25)
2026-08-14 07:15:29,059   INFO  Train:    4/4 (100%) [33110/55563 ( 60%)]  Loss: 2.269 (1.05)  LR: 1.165e-05  Time cost: 2:20:31/1:35:17 [9:07:01/1:35:17]  Acc_iter 199800      Data time: 0.00(0.00)  Forward time: 0.26(0.25)  Batch time: 0.26(0.25)
2026-08-14 07:15:29,426   INFO  a1e06a0b30c0                Fri Aug 14 07:15:29 2026  580.173.02
[0] NVIDIA GeForce RTX 3070 | 72°C,  94 % |  6826 /  8192 MB | root(6428M)

2026-08-14 07:15:41,978   INFO  Train:    4/4 (100%) [33160/55563 ( 60%)]  Loss: 2.160 (1.05)  LR: 1.160e-05  Time cost: 2:20:44/1:35:05 [9:07:14/1:35:05]  Acc_iter 199850      Data time: 0.00(0.00)  Forward time: 0.26(0.25)  Batch time: 0.26(0.25)
2026-08-14 07:15:54,843   INFO  Train:    4/4 (100%) [33210/55563 ( 60%)]  Loss: 1.394 (1.05)  LR: 1.155e-05  Time cost: 2:20:57/1:34:52 [9:07:26/1:34:52]  Acc_iter 199900      Data time: 0.00(0.00)  Forward time: 0.27(0.25)  Batch time: 0.27(0.25)
2026-08-14 07:16:07,706   INFO  Train:    4/4 (100%) [33260/55563 ( 60%)]  Loss: 0.6207 (1.05)  LR: 1.150e-05  Time cost: 2:21:10/1:34:39 [9:07:39/1:34:39]  Acc_iter 199950      Data time: 0.00(0.00)  Forward time: 0.26(0.25)  Batch time: 0.27(0.25)
2026-08-14 07:16:08,073   INFO  a1e06a0b30c0                Fri Aug 14 07:16:08 2026  580.173.02
[0] NVIDIA GeForce RTX 3070 | 70°C,  71 % |  6825 /  8192 MB | root(6428M)

2026-08-14 07:16:21,079   INFO  Train:    4/4 (100%) [33310/55563 ( 60%)]  Loss: 1.334 (1.05)  LR: 1.145e-05  Time cost: 2:21:23/1:34:27 [9:07:53/1:34:27]  Acc_iter 200000      Data time: 0.00(0.00)  Forward time: 0.26(0.25)  Batch time: 0.26(0.25)
2026-08-14 07:16:33,621   INFO  Train:    4/4 (100%) [33360/55563 ( 60%)]  Loss: 0.4757 (1.05)  LR: 1.140e-05  Time cost: 2:21:36/1:34:14 [9:08:05/1:34:14]  Acc_iter 200050      Data time: 0.00(0.00)  Forward time: 0.23(0.25)  Batch time: 0.23(0.25)
2026-08-14 07:16:46,484   INFO  Train:    4/4 (100%) [33410/55563 ( 60%)]  Loss: 1.903 (1.05)  LR: 1.135e-05  Time cost: 2:21:49/1:34:02 [9:08:18/1:34:02]  Acc_iter 200100      Data time: 0.00(0.00)  Forward time: 0.27(0.25)  Batch time: 0.27(0.25)
2026-08-14 07:16:46,870   INFO  a1e06a0b30c0                Fri Aug 14 07:16:46 2026  580.173.02
[0] NVIDIA GeForce RTX 3070 | 72°C,  99 % |  6825 /  8192 MB | root(6428M)

2026-08-14 07:16:59,218   INFO  Train:    4/4 (100%) [33460/55563 ( 60%)]  Loss: 1.316 (1.05)  LR: 1.130e-05  Time cost: 2:22:02/1:33:49 [9:08:31/1:33:49]  Acc_iter 200150      Data time: 0.00(0.00)  Forward time: 0.23(0.25)  Batch time: 0.23(0.25)
2026-08-14 07:17:12,060   INFO  Train:    4/4 (100%) [33510/55563 ( 60%)]  Loss: 2.490 (1.05)  LR: 1.125e-05  Time cost: 2:22:14/1:33:36 [9:08:44/1:33:36]  Acc_iter 200200      Data time: 0.00(0.00)  Forward time: 0.25(0.25)  Batch time: 0.25(0.25)
2026-08-14 07:17:24,560   INFO  Train:    4/4 (100%) [33560/55563 ( 60%)]  Loss: 0.7937 (1.05)  LR: 1.120e-05  Time cost: 2:22:27/1:33:23 [9:08:56/1:33:23]  Acc_iter 200250      Data time: 0.00(0.00)  Forward time: 0.23(0.25)  Batch time: 0.23(0.25)
2026-08-14 07:17:24,933   INFO  a1e06a0b30c0                Fri Aug 14 07:17:24 2026  580.173.02
[0] NVIDIA GeForce RTX 3070 | 70°C,  89 % |  6826 /  8192 MB | root(6428M)

2026-08-14 07:17:37,580   INFO  Train:    4/4 (100%) [33610/55563 ( 60%)]  Loss: 0.7749 (1.05)  LR: 1.115e-05  Time cost: 2:22:40/1:33:11 [9:09:09/1:33:11]  Acc_iter 200300      Data time: 0.00(0.00)  Forward time: 0.24(0.25)  Batch time: 0.24(0.25)
2026-08-14 07:17:50,342   INFO  Train:    4/4 (100%) [33660/55563 ( 61%)]  Loss: 0.7797 (1.05)  LR: 1.110e-05  Time cost: 2:22:53/1:32:58 [9:09:22/1:32:58]  Acc_iter 200350      Data time: 0.00(0.00)  Forward time: 0.23(0.25)  Batch time: 0.23(0.25)
2026-08-14 07:18:02,856   INFO  Train:    4/4 (100%) [33710/55563 ( 61%)]  Loss: 0.9327 (1.05)  LR: 1.105e-05  Time cost: 2:23:05/1:32:45 [9:09:34/1:32:45]  Acc_iter 200400      Data time: 0.00(0.00)  Forward time: 0.27(0.25)  Batch time: 0.27(0.25)
2026-08-14 07:18:03,273   INFO  a1e06a0b30c0                Fri Aug 14 07:18:03 2026  580.173.02
[0] NVIDIA GeForce RTX 3070 | 66°C,  70 % |  6825 /  8192 MB | root(6428M)

2026-08-14 07:18:15,882   INFO  Train:    4/4 (100%) [33760/55563 ( 61%)]  Loss: 0.5671 (1.05)  LR: 1.100e-05  Time cost: 2:23:18/1:32:33 [9:09:48/1:32:33]  Acc_iter 200450      Data time: 0.00(0.00)  Forward time: 0.24(0.25)  Batch time: 0.24(0.25)
2026-08-14 07:18:28,096   INFO  Train:    4/4 (100%) [33810/55563 ( 61%)]  Loss: 1.148 (1.05)  LR: 1.095e-05  Time cost: 2:23:30/1:32:19 [9:10:00/1:32:19]  Acc_iter 200500      Data time: 0.00(0.00)  Forward time: 0.23(0.25)  Batch time: 0.23(0.25)
2026-08-14 07:18:40,960   INFO  Train:    4/4 (100%) [33860/55563 ( 61%)]  Loss: 1.423 (1.05)  LR: 1.090e-05  Time cost: 2:23:43/1:32:07 [9:10:13/1:32:07]  Acc_iter 200550      Data time: 0.00(0.00)  Forward time: 0.24(0.25)  Batch time: 0.24(0.25)
2026-08-14 07:18:41,381   INFO  a1e06a0b30c0                Fri Aug 14 07:18:41 2026  580.173.02
[0] NVIDIA GeForce RTX 3070 | 71°C,  69 % |  6826 /  8192 MB | root(6428M)

2026-08-14 07:18:53,894   INFO  Train:    4/4 (100%) [33910/55563 ( 61%)]  Loss: 1.393 (1.05)  LR: 1.085e-05  Time cost: 2:23:56/1:31:54 [9:10:26/1:31:54]  Acc_iter 200600      Data time: 0.00(0.00)  Forward time: 0.29(0.25)  Batch time: 0.30(0.25)
2026-08-14 07:19:06,713   INFO  Train:    4/4 (100%) [33960/55563 ( 61%)]  Loss: 1.082 (1.05)  LR: 1.080e-05  Time cost: 2:24:09/1:31:42 [9:10:38/1:31:42]  Acc_iter 200650      Data time: 0.00(0.00)  Forward time: 0.25(0.25)  Batch time: 0.25(0.25)
2026-08-14 07:19:19,168   INFO  Train:    4/4 (100%) [34010/55563 ( 61%)]  Loss: 0.8773 (1.05)  LR: 1.075e-05  Time cost: 2:24:21/1:31:29 [9:10:51/1:31:29]  Acc_iter 200700      Data time: 0.00(0.00)  Forward time: 0.22(0.25)  Batch time: 0.23(0.25)
2026-08-14 07:19:19,534   INFO  a1e06a0b30c0                Fri Aug 14 07:19:19 2026  580.173.02
[0] NVIDIA GeForce RTX 3070 | 72°C,  70 % |  6825 /  8192 MB | root(6428M)

2026-08-14 07:19:32,108   INFO  Train:    4/4 (100%) [34060/55563 ( 61%)]  Loss: 0.4493 (1.05)  LR: 1.070e-05  Time cost: 2:24:34/1:31:16 [9:11:04/1:31:16]  Acc_iter 200750      Data time: 0.00(0.00)  Forward time: 0.28(0.25)  Batch time: 0.28(0.25)
2026-08-14 07:19:44,706   INFO  Train:    4/4 (100%) [34110/55563 ( 61%)]  Loss: 1.698 (1.05)  LR: 1.065e-05  Time cost: 2:24:47/1:31:03 [9:11:16/1:31:03]  Acc_iter 200800      Data time: 0.00(0.00)  Forward time: 0.23(0.25)  Batch time: 0.23(0.25)
2026-08-14 07:19:57,491   INFO  Save latest model to /OpenPCDet/output/OpenPCDet/tools/cfgs/models/S/F/S_F_N/default/ckpt/latest_model
2026-08-14 07:19:57,762   INFO  Train:    4/4 (100%) [34160/55563 ( 61%)]  Loss: 0.9124 (1.05)  LR: 1.060e-05  Time cost: 2:25:00/1:30:51 [9:11:29/1:30:51]  Acc_iter 200850      Data time: 0.14(0.00)  Forward time: 0.27(0.25)  Batch time: 0.41(0.25)
2026-08-14 07:19:58,159   INFO  a1e06a0b30c0                Fri Aug 14 07:19:58 2026  580.173.02
[0] NVIDIA GeForce RTX 3070 | 65°C,  10 % |  6825 /  8192 MB | root(6428M)

2026-08-14 07:20:10,797   INFO  Train:    4/4 (100%) [34210/55563 ( 62%)]  Loss: 0.8385 (1.05)  LR: 1.055e-05  Time cost: 2:25:13/1:30:38 [9:11:42/1:30:38]  Acc_iter 200900      Data time: 0.00(0.00)  Forward time: 0.23(0.25)  Batch time: 0.23(0.25)
2026-08-14 07:20:23,434   INFO  Train:    4/4 (100%) [34260/55563 ( 62%)]  Loss: 1.080 (1.05)  LR: 1.050e-05  Time cost: 2:25:26/1:30:25 [9:11:55/1:30:25]  Acc_iter 200950      Data time: 0.00(0.00)  Forward time: 0.25(0.25)  Batch time: 0.25(0.25)
2026-08-14 07:20:36,005   INFO  Train:    4/4 (100%) [34310/55563 ( 62%)]  Loss: 5.142 (1.05)  LR: 1.046e-05  Time cost: 2:25:38/1:30:13 [9:12:08/1:30:13]  Acc_iter 201000      Data time: 0.00(0.00)  Forward time: 0.23(0.25)  Batch time: 0.23(0.25)
2026-08-14 07:20:36,384   INFO  a1e06a0b30c0                Fri Aug 14 07:20:36 2026  580.173.02
[0] NVIDIA GeForce RTX 3070 | 71°C,  99 % |  6825 /  8192 MB | root(6428M)

2026-08-14 07:20:49,491   INFO  Train:    4/4 (100%) [34360/55563 ( 62%)]  Loss: 0.9722 (1.05)  LR: 1.041e-05  Time cost: 2:25:52/1:30:00 [9:12:21/1:30:00]  Acc_iter 201050      Data time: 0.00(0.00)  Forward time: 0.25(0.25)  Batch time: 0.25(0.25)
2026-08-14 07:21:02,211   INFO  Train:    4/4 (100%) [34410/55563 ( 62%)]  Loss: 3.388 (1.05)  LR: 1.036e-05  Time cost: 2:26:04/1:29:47 [9:12:34/1:29:47]  Acc_iter 201100      Data time: 0.00(0.00)  Forward time: 0.30(0.25)  Batch time: 0.30(0.25)
2026-08-14 07:21:14,470   INFO  Train:    4/4 (100%) [34460/55563 ( 62%)]  Loss: 0.8596 (1.05)  LR: 1.031e-05  Time cost: 2:26:17/1:29:34 [9:12:46/1:29:34]  Acc_iter 201150      Data time: 0.00(0.00)  Forward time: 0.26(0.25)  Batch time: 0.26(0.25)
2026-08-14 07:21:14,845   INFO  a1e06a0b30c0                Fri Aug 14 07:21:14 2026  580.173.02
[0] NVIDIA GeForce RTX 3070 | 69°C,  78 % |  6825 /  8192 MB | root(6428M)

2026-08-14 07:21:27,689   INFO  Train:    4/4 (100%) [34510/55563 ( 62%)]  Loss: 0.8504 (1.05)  LR: 1.026e-05  Time cost: 2:26:30/1:29:22 [9:12:59/1:29:22]  Acc_iter 201200      Data time: 0.00(0.00)  Forward time: 0.26(0.25)  Batch time: 0.26(0.25)
2026-08-14 07:21:40,473   INFO  Train:    4/4 (100%) [34560/55563 ( 62%)]  Loss: 1.478 (1.05)  LR: 1.021e-05  Time cost: 2:26:43/1:29:09 [9:13:12/1:29:09]  Acc_iter 201250      Data time: 0.00(0.00)  Forward time: 0.26(0.25)  Batch time: 0.26(0.25)
2026-08-14 07:21:53,244   INFO  Train:    4/4 (100%) [34610/55563 ( 62%)]  Loss: 0.4927 (1.05)  LR: 1.017e-05  Time cost: 2:26:56/1:28:57 [9:13:25/1:28:57]  Acc_iter 201300      Data time: 0.00(0.00)  Forward time: 0.23(0.25)  Batch time: 0.23(0.25)
2026-08-14 07:21:53,614   INFO  a1e06a0b30c0                Fri Aug 14 07:21:53 2026  580.173.02
[0] NVIDIA GeForce RTX 3070 | 72°C,  96 % |  6825 /  8192 MB | root(6428M)

2026-08-14 07:22:06,183   INFO  Train:    4/4 (100%) [34660/55563 ( 62%)]  Loss: 1.376 (1.05)  LR: 1.012e-05  Time cost: 2:27:08/1:28:44 [9:13:38/1:28:44]  Acc_iter 201350      Data time: 0.00(0.00)  Forward time: 0.27(0.25)  Batch time: 0.27(0.25)
2026-08-14 07:22:18,868   INFO  Train:    4/4 (100%) [34710/55563 ( 62%)]  Loss: 0.6944 (1.05)  LR: 1.007e-05  Time cost: 2:27:21/1:28:31 [9:13:50/1:28:31]  Acc_iter 201400      Data time: 0.00(0.00)  Forward time: 0.28(0.25)  Batch time: 0.29(0.25)
2026-08-14 07:22:31,281   INFO  Train:    4/4 (100%) [34760/55563 ( 63%)]  Loss: 0.7003 (1.05)  LR: 1.002e-05  Time cost: 2:27:34/1:28:18 [9:14:03/1:28:18]  Acc_iter 201450      Data time: 0.00(0.00)  Forward time: 0.25(0.25)  Batch time: 0.25(0.25)
2026-08-14 07:22:31,651   INFO  a1e06a0b30c0                Fri Aug 14 07:22:31 2026  580.173.02
[0] NVIDIA GeForce RTX 3070 | 71°C,  93 % |  6825 /  8192 MB | root(6428M)

2026-08-14 07:22:44,644   INFO  Train:    4/4 (100%) [34810/55563 ( 63%)]  Loss: 1.482 (1.05)  LR: 9.975e-06  Time cost: 2:27:47/1:28:06 [9:14:16/1:28:06]  Acc_iter 201500      Data time: 0.00(0.00)  Forward time: 0.30(0.25)  Batch time: 0.31(0.25)
2026-08-14 07:22:57,155   INFO  Train:    4/4 (100%) [34860/55563 ( 63%)]  Loss: 0.6921 (1.05)  LR: 9.927e-06  Time cost: 2:27:59/1:27:53 [9:14:29/1:27:53]  Acc_iter 201550      Data time: 0.00(0.00)  Forward time: 0.25(0.25)  Batch time: 0.25(0.25)
2026-08-14 07:23:09,442   INFO  Train:    4/4 (100%) [34910/55563 ( 63%)]  Loss: 0.6775 (1.05)  LR: 9.880e-06  Time cost: 2:28:12/1:27:40 [9:14:41/1:27:40]  Acc_iter 201600      Data time: 0.00(0.00)  Forward time: 0.21(0.25)  Batch time: 0.21(0.25)
2026-08-14 07:23:09,806   INFO  a1e06a0b30c0                Fri Aug 14 07:23:09 2026  580.173.02
[0] NVIDIA GeForce RTX 3070 | 69°C,   2 % |  6826 /  8192 MB | root(6428M)

2026-08-14 07:23:22,331   INFO  Train:    4/4 (100%) [34960/55563 ( 63%)]  Loss: 1.342 (1.05)  LR: 9.833e-06  Time cost: 2:28:25/1:27:27 [9:14:54/1:27:27]  Acc_iter 201650      Data time: 0.00(0.00)  Forward time: 0.24(0.25)  Batch time: 0.24(0.25)
2026-08-14 07:23:35,270   INFO  Train:    4/4 (100%) [35010/55563 ( 63%)]  Loss: 0.6846 (1.05)  LR: 9.786e-06  Time cost: 2:28:38/1:27:15 [9:15:07/1:27:15]  Acc_iter 201700      Data time: 0.00(0.00)  Forward time: 0.23(0.25)  Batch time: 0.23(0.25)
2026-08-14 07:23:48,213   INFO  Train:    4/4 (100%) [35060/55563 ( 63%)]  Loss: 0.8600 (1.05)  LR: 9.739e-06  Time cost: 2:28:51/1:27:02 [9:15:20/1:27:02]  Acc_iter 201750      Data time: 0.00(0.00)  Forward time: 0.27(0.25)  Batch time: 0.27(0.25)
2026-08-14 07:23:48,583   INFO  a1e06a0b30c0                Fri Aug 14 07:23:48 2026  580.173.02
[0] NVIDIA GeForce RTX 3070 | 70°C,  93 % |  6825 /  8192 MB | root(6428M)

2026-08-14 07:24:01,379   INFO  Train:    4/4 (100%) [35110/55563 ( 63%)]  Loss: 1.032 (1.05)  LR: 9.692e-06  Time cost: 2:29:04/1:26:50 [9:15:33/1:26:50]  Acc_iter 201800      Data time: 0.00(0.00)  Forward time: 0.29(0.25)  Batch time: 0.30(0.25)
2026-08-14 07:24:14,068   INFO  Train:    4/4 (100%) [35160/55563 ( 63%)]  Loss: 1.954 (1.05)  LR: 9.645e-06  Time cost: 2:29:16/1:26:37 [9:15:46/1:26:37]  Acc_iter 201850      Data time: 0.00(0.00)  Forward time: 0.28(0.25)  Batch time: 0.28(0.25)
2026-08-14 07:24:26,830   INFO  Train:    4/4 (100%) [35210/55563 ( 63%)]  Loss: 1.436 (1.05)  LR: 9.598e-06  Time cost: 2:29:29/1:26:24 [9:15:58/1:26:24]  Acc_iter 201900      Data time: 0.00(0.00)  Forward time: 0.28(0.25)  Batch time: 0.28(0.25)
2026-08-14 07:24:27,278   INFO  a1e06a0b30c0                Fri Aug 14 07:24:27 2026  580.173.02
[0] NVIDIA GeForce RTX 3070 | 65°C,  99 % |  6826 /  8192 MB | root(6428M)

2026-08-14 07:24:40,405   INFO  Train:    4/4 (100%) [35260/55563 ( 63%)]  Loss: 1.321 (1.05)  LR: 9.552e-06  Time cost: 2:29:43/1:26:12 [9:16:12/1:26:12]  Acc_iter 201950      Data time: 0.00(0.00)  Forward time: 0.29(0.25)  Batch time: 0.29(0.25)
2026-08-14 07:24:53,191   INFO  Train:    4/4 (100%) [35310/55563 ( 64%)]  Loss: 1.030 (1.05)  LR: 9.505e-06  Time cost: 2:29:55/1:25:59 [9:16:25/1:25:59]  Acc_iter 202000      Data time: 0.00(0.00)  Forward time: 0.26(0.25)  Batch time: 0.26(0.25)
2026-08-14 07:24:57,442   INFO  Save latest model to /OpenPCDet/output/OpenPCDet/tools/cfgs/models/S/F/S_F_N/default/ckpt/latest_model
2026-08-14 07:25:05,696   INFO  Train:    4/4 (100%) [35360/55563 ( 64%)]  Loss: 0.8922 (1.05)  LR: 9.459e-06  Time cost: 2:30:08/1:25:46 [9:16:37/1:25:46]  Acc_iter 202050      Data time: 0.00(0.00)  Forward time: 0.25(0.25)  Batch time: 0.25(0.25)
2026-08-14 07:25:06,055   INFO  a1e06a0b30c0                Fri Aug 14 07:25:06 2026  580.173.02
[0] NVIDIA GeForce RTX 3070 | 71°C,  72 % |  6825 /  8192 MB | root(6428M)

2026-08-14 07:25:18,685   INFO  Train:    4/4 (100%) [35410/55563 ( 64%)]  Loss: 1.243 (1.05)  LR: 9.413e-06  Time cost: 2:30:21/1:25:34 [9:16:50/1:25:34]  Acc_iter 202100      Data time: 0.00(0.00)  Forward time: 0.27(0.25)  Batch time: 0.27(0.25)
2026-08-14 07:25:31,643   INFO  Train:    4/4 (100%) [35460/55563 ( 64%)]  Loss: 1.187 (1.05)  LR: 9.366e-06  Time cost: 2:30:34/1:25:21 [9:17:03/1:25:21]  Acc_iter 202150      Data time: 0.00(0.00)  Forward time: 0.25(0.25)  Batch time: 0.26(0.25)
2026-08-14 07:25:44,376   INFO  Train:    4/4 (100%) [35510/55563 ( 64%)]  Loss: 1.207 (1.05)  LR: 9.320e-06  Time cost: 2:30:47/1:25:08 [9:17:16/1:25:08]  Acc_iter 202200      Data time: 0.00(0.00)  Forward time: 0.27(0.25)  Batch time: 0.27(0.25)
2026-08-14 07:25:44,737   INFO  a1e06a0b30c0                Fri Aug 14 07:25:44 2026  580.173.02
[0] NVIDIA GeForce RTX 3070 | 65°C,   3 % |  6826 /  8192 MB | root(6428M)

2026-08-14 07:25:57,111   INFO  Train:    4/4 (100%) [35560/55563 ( 64%)]  Loss: 1.364 (1.05)  LR: 9.274e-06  Time cost: 2:30:59/1:24:56 [9:17:29/1:24:56]  Acc_iter 202250      Data time: 0.00(0.00)  Forward time: 0.27(0.25)  Batch time: 0.27(0.25)
2026-08-14 07:26:09,846   INFO  Train:    4/4 (100%) [35610/55563 ( 64%)]  Loss: 1.815 (1.05)  LR: 9.229e-06  Time cost: 2:31:12/1:24:43 [9:17:41/1:24:43]  Acc_iter 202300      Data time: 0.00(0.00)  Forward time: 0.23(0.25)  Batch time: 0.23(0.25)
2026-08-14 07:26:22,451   INFO  Train:    4/4 (100%) [35660/55563 ( 64%)]  Loss: 0.5592 (1.05)  LR: 9.183e-06  Time cost: 2:31:25/1:24:30 [9:17:54/1:24:30]  Acc_iter 202350      Data time: 0.00(0.00)  Forward time: 0.25(0.25)  Batch time: 0.25(0.25)
2026-08-14 07:26:22,866   INFO  a1e06a0b30c0                Fri Aug 14 07:26:22 2026  580.173.02
[0] NVIDIA GeForce RTX 3070 | 68°C,  56 % |  6825 /  8192 MB | root(6428M)

2026-08-14 07:26:35,403   INFO  Train:    4/4 (100%) [35710/55563 ( 64%)]  Loss: 1.701 (1.05)  LR: 9.137e-06  Time cost: 2:31:38/1:24:18 [9:18:07/1:24:18]  Acc_iter 202400      Data time: 0.00(0.00)  Forward time: 0.24(0.25)  Batch time: 0.24(0.25)
2026-08-14 07:26:48,086   INFO  Train:    4/4 (100%) [35760/55563 ( 64%)]  Loss: 0.5924 (1.05)  LR: 9.092e-06  Time cost: 2:31:50/1:24:05 [9:18:20/1:24:05]  Acc_iter 202450      Data time: 0.00(0.00)  Forward time: 0.26(0.25)  Batch time: 0.26(0.25)
2026-08-14 07:27:00,697   INFO  Train:    4/4 (100%) [35810/55563 ( 64%)]  Loss: 0.2798 (1.05)  LR: 9.046e-06  Time cost: 2:32:03/1:23:52 [9:18:32/1:23:52]  Acc_iter 202500      Data time: 0.00(0.00)  Forward time: 0.24(0.25)  Batch time: 0.24(0.25)
2026-08-14 07:27:01,072   INFO  a1e06a0b30c0                Fri Aug 14 07:27:01 2026  580.173.02
[0] NVIDIA GeForce RTX 3070 | 69°C,  78 % |  6826 /  8192 MB | root(6428M)

2026-08-14 07:27:13,925   INFO  Train:    4/4 (100%) [35860/55563 ( 65%)]  Loss: 1.149 (1.05)  LR: 9.001e-06  Time cost: 2:32:16/1:23:39 [9:18:46/1:23:39]  Acc_iter 202550      Data time: 0.00(0.00)  Forward time: 0.25(0.25)  Batch time: 0.25(0.25)
2026-08-14 07:27:26,564   INFO  Train:    4/4 (100%) [35910/55563 ( 65%)]  Loss: 0.5429 (1.05)  LR: 8.956e-06  Time cost: 2:32:29/1:23:27 [9:18:58/1:23:27]  Acc_iter 202600      Data time: 0.00(0.00)  Forward time: 0.24(0.25)  Batch time: 0.24(0.25)
2026-08-14 07:27:39,086   INFO  Train:    4/4 (100%) [35960/55563 ( 65%)]  Loss: 1.023 (1.05)  LR: 8.911e-06  Time cost: 2:32:41/1:23:14 [9:19:11/1:23:14]  Acc_iter 202650      Data time: 0.00(0.00)  Forward time: 0.27(0.25)  Batch time: 0.28(0.25)
2026-08-14 07:27:39,447   INFO  a1e06a0b30c0                Fri Aug 14 07:27:39 2026  580.173.02
[0] NVIDIA GeForce RTX 3070 | 71°C,  96 % |  6825 /  8192 MB | root(6428M)

2026-08-14 07:27:51,965   INFO  Train:    4/4 (100%) [36010/55563 ( 65%)]  Loss: 0.6741 (1.05)  LR: 8.866e-06  Time cost: 2:32:54/1:23:01 [9:19:24/1:23:01]  Acc_iter 202700      Data time: 0.00(0.00)  Forward time: 0.25(0.25)  Batch time: 0.25(0.25)
2026-08-14 07:28:04,448   INFO  Train:    4/4 (100%) [36060/55563 ( 65%)]  Loss: 1.028 (1.05)  LR: 8.821e-06  Time cost: 2:33:07/1:22:48 [9:19:36/1:22:48]  Acc_iter 202750      Data time: 0.00(0.00)  Forward time: 0.27(0.25)  Batch time: 0.27(0.25)
2026-08-14 07:28:17,407   INFO  Train:    4/4 (100%) [36110/55563 ( 65%)]  Loss: 1.856 (1.05)  LR: 8.777e-06  Time cost: 2:33:20/1:22:36 [9:19:49/1:22:36]  Acc_iter 202800      Data time: 0.00(0.00)  Forward time: 0.30(0.25)  Batch time: 0.30(0.25)
2026-08-14 07:28:17,799   INFO  a1e06a0b30c0                Fri Aug 14 07:28:17 2026  580.173.02
[0] NVIDIA GeForce RTX 3070 | 68°C,   1 % |  6825 /  8192 MB | root(6428M)

2026-08-14 07:28:30,150   INFO  Train:    4/4 (100%) [36160/55563 ( 65%)]  Loss: 0.1591 (1.05)  LR: 8.732e-06  Time cost: 2:33:32/1:22:23 [9:20:02/1:22:23]  Acc_iter 202850      Data time: 0.00(0.00)  Forward time: 0.24(0.25)  Batch time: 0.24(0.25)
2026-08-14 07:28:42,490   INFO  Train:    4/4 (100%) [36210/55563 ( 65%)]  Loss: 0.6767 (1.05)  LR: 8.687e-06  Time cost: 2:33:45/1:22:10 [9:20:14/1:22:10]  Acc_iter 202900      Data time: 0.00(0.00)  Forward time: 0.23(0.25)  Batch time: 0.23(0.25)
2026-08-14 07:28:55,249   INFO  Train:    4/4 (100%) [36260/55563 ( 65%)]  Loss: 0.4706 (1.05)  LR: 8.643e-06  Time cost: 2:33:58/1:21:57 [9:20:27/1:21:57]  Acc_iter 202950      Data time: 0.00(0.00)  Forward time: 0.23(0.25)  Batch time: 0.23(0.25)
2026-08-14 07:28:55,612   INFO  a1e06a0b30c0                Fri Aug 14 07:28:55 2026  580.173.02
[0] NVIDIA GeForce RTX 3070 | 70°C,  77 % |  6826 /  8192 MB | root(6428M)

2026-08-14 07:29:08,513   INFO  Train:    4/4 (100%) [36310/55563 ( 65%)]  Loss: 1.098 (1.05)  LR: 8.599e-06  Time cost: 2:34:11/1:21:45 [9:20:40/1:21:45]  Acc_iter 203000      Data time: 0.00(0.00)  Forward time: 0.27(0.25)  Batch time: 0.27(0.25)
2026-08-14 07:29:21,249   INFO  Train:    4/4 (100%) [36360/55563 ( 65%)]  Loss: 0.8180 (1.05)  LR: 8.555e-06  Time cost: 2:34:24/1:21:32 [9:20:53/1:21:32]  Acc_iter 203050      Data time: 0.00(0.00)  Forward time: 0.22(0.25)  Batch time: 0.23(0.25)
2026-08-14 07:29:34,080   INFO  Train:    4/4 (100%) [36410/55563 ( 66%)]  Loss: 1.641 (1.05)  LR: 8.511e-06  Time cost: 2:34:36/1:21:19 [9:21:06/1:21:19]  Acc_iter 203100      Data time: 0.00(0.00)  Forward time: 0.27(0.25)  Batch time: 0.28(0.25)
2026-08-14 07:29:34,444   INFO  a1e06a0b30c0                Fri Aug 14 07:29:34 2026  580.173.02
[0] NVIDIA GeForce RTX 3070 | 72°C, 100 % |  6825 /  8192 MB | root(6428M)

2026-08-14 07:29:46,898   INFO  Train:    4/4 (100%) [36460/55563 ( 66%)]  Loss: 1.088 (1.05)  LR: 8.467e-06  Time cost: 2:34:49/1:21:07 [9:21:19/1:21:07]  Acc_iter 203150      Data time: 0.00(0.00)  Forward time: 0.24(0.25)  Batch time: 0.24(0.25)
2026-08-14 07:29:57,506   INFO  Save latest model to /OpenPCDet/output/OpenPCDet/tools/cfgs/models/S/F/S_F_N/default/ckpt/latest_model
2026-08-14 07:29:59,705   INFO  Train:    4/4 (100%) [36510/55563 ( 66%)]  Loss: 0.9234 (1.05)  LR: 8.423e-06  Time cost: 2:35:02/1:20:54 [9:21:31/1:20:54]  Acc_iter 203200      Data time: 0.00(0.00)  Forward time: 0.24(0.25)  Batch time: 0.24(0.25)
2026-08-14 07:30:12,260   INFO  Train:    4/4 (100%) [36560/55563 ( 66%)]  Loss: 0.9866 (1.05)  LR: 8.379e-06  Time cost: 2:35:15/1:20:41 [9:21:44/1:20:41]  Acc_iter 203250      Data time: 0.00(0.00)  Forward time: 0.24(0.25)  Batch time: 0.24(0.25)
2026-08-14 07:30:12,642   INFO  a1e06a0b30c0                Fri Aug 14 07:30:12 2026  580.173.02
[0] NVIDIA GeForce RTX 3070 | 71°C,  99 % |  6826 /  8192 MB | root(6428M)

2026-08-14 07:30:24,992   INFO  Train:    4/4 (100%) [36610/55563 ( 66%)]  Loss: 0.6558 (1.05)  LR: 8.336e-06  Time cost: 2:35:27/1:20:28 [9:21:57/1:20:28]  Acc_iter 203300      Data time: 0.00(0.00)  Forward time: 0.24(0.25)  Batch time: 0.24(0.25)
2026-08-14 07:30:37,628   INFO  Train:    4/4 (100%) [36660/55563 ( 66%)]  Loss: 0.3773 (1.05)  LR: 8.292e-06  Time cost: 2:35:40/1:20:16 [9:22:09/1:20:16]  Acc_iter 203350      Data time: 0.00(0.00)  Forward time: 0.28(0.25)  Batch time: 0.28(0.25)
2026-08-14 07:30:50,557   INFO  Train:    4/4 (100%) [36710/55563 ( 66%)]  Loss: 2.006 (1.05)  LR: 8.249e-06  Time cost: 2:35:53/1:20:03 [9:22:22/1:20:03]  Acc_iter 203400      Data time: 0.00(0.00)  Forward time: 0.28(0.25)  Batch time: 0.29(0.25)
2026-08-14 07:30:50,935   INFO  a1e06a0b30c0                Fri Aug 14 07:30:50 2026  580.173.02
[0] NVIDIA GeForce RTX 3070 | 73°C,  99 % |  6825 /  8192 MB | root(6428M)

2026-08-14 07:31:04,025   INFO  Train:    4/4 (100%) [36760/55563 ( 66%)]  Loss: 1.455 (1.05)  LR: 8.205e-06  Time cost: 2:36:06/1:19:51 [9:22:36/1:19:51]  Acc_iter 203450      Data time: 0.00(0.00)  Forward time: 0.24(0.25)  Batch time: 0.24(0.25)
2026-08-14 07:31:16,384   INFO  Train:    4/4 (100%) [36810/55563 ( 66%)]  Loss: 1.130 (1.05)  LR: 8.162e-06  Time cost: 2:36:19/1:19:38 [9:22:48/1:19:38]  Acc_iter 203500      Data time: 0.00(0.00)  Forward time: 0.24(0.25)  Batch time: 0.24(0.25)
2026-08-14 07:31:28,758   INFO  Train:    4/4 (100%) [36860/55563 ( 66%)]  Loss: 1.061 (1.05)  LR: 8.119e-06  Time cost: 2:36:31/1:19:25 [9:23:00/1:19:25]  Acc_iter 203550      Data time: 0.00(0.00)  Forward time: 0.29(0.25)  Batch time: 0.29(0.25)
2026-08-14 07:31:29,168   INFO  a1e06a0b30c0                Fri Aug 14 07:31:29 2026  580.173.02
[0] NVIDIA GeForce RTX 3070 | 70°C,  76 % |  6825 /  8192 MB | root(6428M)

2026-08-14 07:31:41,849   INFO  Train:    4/4 (100%) [36910/55563 ( 66%)]  Loss: 0.8279 (1.05)  LR: 8.076e-06  Time cost: 2:36:44/1:19:12 [9:23:13/1:19:12]  Acc_iter 203600      Data time: 0.00(0.00)  Forward time: 0.25(0.25)  Batch time: 0.25(0.25)
2026-08-14 07:31:54,713   INFO  Train:    4/4 (100%) [36960/55563 ( 67%)]  Loss: 1.100 (1.05)  LR: 8.033e-06  Time cost: 2:36:57/1:18:59 [9:23:26/1:18:59]  Acc_iter 203650      Data time: 0.00(0.00)  Forward time: 0.26(0.25)  Batch time: 0.26(0.25)
2026-08-14 07:32:07,846   INFO  Train:    4/4 (100%) [37010/55563 ( 67%)]  Loss: 0.4951 (1.05)  LR: 7.991e-06  Time cost: 2:37:10/1:18:47 [9:23:39/1:18:47]  Acc_iter 203700      Data time: 0.00(0.00)  Forward time: 0.26(0.25)  Batch time: 0.26(0.25)
2026-08-14 07:32:08,236   INFO  a1e06a0b30c0                Fri Aug 14 07:32:08 2026  580.173.02
[0] NVIDIA GeForce RTX 3070 | 65°C,  99 % |  6826 /  8192 MB | root(6428M)

2026-08-14 07:32:20,496   INFO  Train:    4/4 (100%) [37060/55563 ( 67%)]  Loss: 1.303 (1.05)  LR: 7.948e-06  Time cost: 2:37:23/1:18:34 [9:23:52/1:18:34]  Acc_iter 203750      Data time: 0.00(0.00)  Forward time: 0.24(0.25)  Batch time: 0.24(0.25)
2026-08-14 07:32:33,080   INFO  Train:    4/4 (100%) [37110/55563 ( 67%)]  Loss: 1.141 (1.05)  LR: 7.906e-06  Time cost: 2:37:35/1:18:21 [9:24:05/1:18:21]  Acc_iter 203800      Data time: 0.00(0.00)  Forward time: 0.24(0.25)  Batch time: 0.24(0.25)
2026-08-14 07:32:45,705   INFO  Train:    4/4 (100%) [37160/55563 ( 67%)]  Loss: 0.9247 (1.05)  LR: 7.863e-06  Time cost: 2:37:48/1:18:09 [9:24:17/1:18:09]  Acc_iter 203850      Data time: 0.00(0.00)  Forward time: 0.28(0.25)  Batch time: 0.28(0.25)
2026-08-14 07:32:46,169   INFO  a1e06a0b30c0                Fri Aug 14 07:32:46 2026  580.173.02
[0] NVIDIA GeForce RTX 3070 | 71°C,  82 % |  6825 /  8192 MB | root(6428M)

2026-08-14 07:32:59,014   INFO  Train:    4/4 (100%) [37210/55563 ( 67%)]  Loss: 1.038 (1.05)  LR: 7.821e-06  Time cost: 2:38:01/1:17:56 [9:24:31/1:17:56]  Acc_iter 203900      Data time: 0.00(0.00)  Forward time: 0.28(0.25)  Batch time: 0.28(0.25)
2026-08-14 07:33:11,694   INFO  Train:    4/4 (100%) [37260/55563 ( 67%)]  Loss: 0.7331 (1.05)  LR: 7.779e-06  Time cost: 2:38:14/1:17:43 [9:24:43/1:17:43]  Acc_iter 203950      Data time: 0.00(0.00)  Forward time: 0.23(0.25)  Batch time: 0.23(0.25)
2026-08-14 07:33:24,447   INFO  Train:    4/4 (100%) [37310/55563 ( 67%)]  Loss: 0.9052 (1.05)  LR: 7.737e-06  Time cost: 2:38:27/1:17:31 [9:24:56/1:17:31]  Acc_iter 204000      Data time: 0.00(0.00)  Forward time: 0.27(0.25)  Batch time: 0.28(0.25)
2026-08-14 07:33:24,863   INFO  a1e06a0b30c0                Fri Aug 14 07:33:24 2026  580.173.02
[0] NVIDIA GeForce RTX 3070 | 66°C,   2 % |  6825 /  8192 MB | root(6428M)

2026-08-14 07:33:37,321   INFO  Train:    4/4 (100%) [37360/55563 ( 67%)]  Loss: 0.6798 (1.05)  LR: 7.695e-06  Time cost: 2:38:40/1:17:18 [9:25:09/1:17:18]  Acc_iter 204050      Data time: 0.00(0.00)  Forward time: 0.25(0.25)  Batch time: 0.25(0.25)
2026-08-14 07:33:50,253   INFO  Train:    4/4 (100%) [37410/55563 ( 67%)]  Loss: 1.372 (1.05)  LR: 7.653e-06  Time cost: 2:38:53/1:17:05 [9:25:22/1:17:05]  Acc_iter 204100      Data time: 0.00(0.00)  Forward time: 0.24(0.25)  Batch time: 0.24(0.25)
2026-08-14 07:34:02,545   INFO  Train:    4/4 (100%) [37460/55563 ( 67%)]  Loss: 0.5516 (1.05)  LR: 7.611e-06  Time cost: 2:39:05/1:16:52 [9:25:34/1:16:52]  Acc_iter 204150      Data time: 0.00(0.00)  Forward time: 0.27(0.25)  Batch time: 0.27(0.25)
2026-08-14 07:34:02,917   INFO  a1e06a0b30c0                Fri Aug 14 07:34:02 2026  580.173.02
[0] NVIDIA GeForce RTX 3070 | 72°C,  95 % |  6825 /  8192 MB | root(6428M)

2026-08-14 07:34:15,851   INFO  Train:    4/4 (100%) [37510/55563 ( 68%)]  Loss: 1.252 (1.05)  LR: 7.570e-06  Time cost: 2:39:18/1:16:40 [9:25:47/1:16:40]  Acc_iter 204200      Data time: 0.00(0.00)  Forward time: 0.26(0.25)  Batch time: 0.26(0.25)
2026-08-14 07:34:28,371   INFO  Train:    4/4 (100%) [37560/55563 ( 68%)]  Loss: 0.9554 (1.05)  LR: 7.528e-06  Time cost: 2:39:31/1:16:27 [9:26:00/1:16:27]  Acc_iter 204250      Data time: 0.00(0.00)  Forward time: 0.27(0.25)  Batch time: 0.27(0.25)
2026-08-14 07:34:41,087   INFO  Train:    4/4 (100%) [37610/55563 ( 68%)]  Loss: 0.4846 (1.05)  LR: 7.487e-06  Time cost: 2:39:43/1:16:14 [9:26:13/1:16:14]  Acc_iter 204300      Data time: 0.00(0.00)  Forward time: 0.22(0.25)  Batch time: 0.22(0.25)
2026-08-14 07:34:41,521   INFO  a1e06a0b30c0                Fri Aug 14 07:34:41 2026  580.173.02
[0] NVIDIA GeForce RTX 3070 | 71°C,  93 % |  6826 /  8192 MB | root(6428M)

2026-08-14 07:34:54,526   INFO  Train:    4/4 (100%) [37660/55563 ( 68%)]  Loss: 0.5650 (1.05)  LR: 7.445e-06  Time cost: 2:39:57/1:16:02 [9:26:26/1:16:02]  Acc_iter 204350      Data time: 0.00(0.00)  Forward time: 0.24(0.25)  Batch time: 0.24(0.25)
2026-08-14 07:34:57,472   INFO  Save latest model to /OpenPCDet/output/OpenPCDet/tools/cfgs/models/S/F/S_F_N/default/ckpt/latest_model
2026-08-14 07:35:07,380   INFO  Train:    4/4 (100%) [37710/55563 ( 68%)]  Loss: 0.6444 (1.05)  LR: 7.404e-06  Time cost: 2:40:10/1:15:49 [9:26:39/1:15:49]  Acc_iter 204400      Data time: 0.00(0.00)  Forward time: 0.29(0.25)  Batch time: 0.29(0.25)
2026-08-14 07:35:19,916   INFO  Train:    4/4 (100%) [37760/55563 ( 68%)]  Loss: 1.034 (1.05)  LR: 7.363e-06  Time cost: 2:40:22/1:15:36 [9:26:52/1:15:36]  Acc_iter 204450      Data time: 0.00(0.00)  Forward time: 0.26(0.25)  Batch time: 0.26(0.25)
2026-08-14 07:35:20,290   INFO  a1e06a0b30c0                Fri Aug 14 07:35:20 2026  580.173.02
[0] NVIDIA GeForce RTX 3070 | 66°C,  86 % |  6825 /  8192 MB | root(6428M)

2026-08-14 07:35:32,942   INFO  Train:    4/4 (100%) [37810/55563 ( 68%)]  Loss: 2.090 (1.05)  LR: 7.322e-06  Time cost: 2:40:35/1:15:24 [9:27:05/1:15:24]  Acc_iter 204500      Data time: 0.00(0.00)  Forward time: 0.27(0.25)  Batch time: 0.28(0.25)
2026-08-14 07:35:45,827   INFO  Train:    4/4 (100%) [37860/55563 ( 68%)]  Loss: 0.6242 (1.05)  LR: 7.281e-06  Time cost: 2:40:48/1:15:11 [9:27:17/1:15:11]  Acc_iter 204550      Data time: 0.00(0.00)  Forward time: 0.26(0.25)  Batch time: 0.26(0.25)
2026-08-14 07:35:58,494   INFO  Train:    4/4 (100%) [37910/55563 ( 68%)]  Loss: 0.6182 (1.05)  LR: 7.241e-06  Time cost: 2:41:01/1:14:58 [9:27:30/1:14:58]  Acc_iter 204600      Data time: 0.00(0.00)  Forward time: 0.21(0.25)  Batch time: 0.21(0.25)
2026-08-14 07:35:58,859   INFO  a1e06a0b30c0                Fri Aug 14 07:35:58 2026  580.173.02
[0] NVIDIA GeForce RTX 3070 | 69°C,  81 % |  6826 /  8192 MB | root(6428M)

2026-08-14 07:36:11,500   INFO  Train:    4/4 (100%) [37960/55563 ( 68%)]  Loss: 0.2135 (1.05)  LR: 7.200e-06  Time cost: 2:41:14/1:14:46 [9:27:43/1:14:46]  Acc_iter 204650      Data time: 0.00(0.00)  Forward time: 0.24(0.25)  Batch time: 0.25(0.25)
2026-08-14 07:36:24,150   INFO  Train:    4/4 (100%) [38010/55563 ( 68%)]  Loss: 0.6903 (1.05)  LR: 7.160e-06  Time cost: 2:41:26/1:14:33 [9:27:56/1:14:33]  Acc_iter 204700      Data time: 0.00(0.00)  Forward time: 0.24(0.25)  Batch time: 0.24(0.25)
2026-08-14 07:36:37,227   INFO  Train:    4/4 (100%) [38060/55563 ( 68%)]  Loss: 0.8700 (1.05)  LR: 7.119e-06  Time cost: 2:41:40/1:14:20 [9:28:09/1:14:20]  Acc_iter 204750      Data time: 0.00(0.00)  Forward time: 0.24(0.25)  Batch time: 0.24(0.25)
2026-08-14 07:36:37,620   INFO  a1e06a0b30c0                Fri Aug 14 07:36:37 2026  580.173.02
[0] NVIDIA GeForce RTX 3070 | 70°C,  60 % |  6825 /  8192 MB | root(6428M)

2026-08-14 07:36:50,380   INFO  Train:    4/4 (100%) [38110/55563 ( 69%)]  Loss: 1.214 (1.05)  LR: 7.079e-06  Time cost: 2:41:53/1:14:08 [9:28:22/1:14:08]  Acc_iter 204800      Data time: 0.00(0.00)  Forward time: 0.24(0.25)  Batch time: 0.24(0.25)
2026-08-14 07:37:02,759   INFO  Train:    4/4 (100%) [38160/55563 ( 69%)]  Loss: 0.9589 (1.05)  LR: 7.039e-06  Time cost: 2:42:05/1:13:55 [9:28:34/1:13:55]  Acc_iter 204850      Data time: 0.00(0.00)  Forward time: 0.27(0.25)  Batch time: 0.27(0.25)
2026-08-14 07:37:15,217   INFO  Train:    4/4 (100%) [38210/55563 ( 69%)]  Loss: 0.5819 (1.05)  LR: 6.999e-06  Time cost: 2:42:18/1:13:42 [9:28:47/1:13:42]  Acc_iter 204900      Data time: 0.00(0.00)  Forward time: 0.25(0.25)  Batch time: 0.25(0.25)
2026-08-14 07:37:15,585   INFO  a1e06a0b30c0                Fri Aug 14 07:37:15 2026  580.173.02
[0] NVIDIA GeForce RTX 3070 | 71°C,  70 % |  6826 /  8192 MB | root(6428M)

2026-08-14 07:37:28,383   INFO  Train:    4/4 (100%) [38260/55563 ( 69%)]  Loss: 1.469 (1.05)  LR: 6.959e-06  Time cost: 2:42:31/1:13:29 [9:29:00/1:13:29]  Acc_iter 204950      Data time: 0.00(0.00)  Forward time: 0.28(0.25)  Batch time: 0.28(0.25)
2026-08-14 07:37:41,065   INFO  Train:    4/4 (100%) [38310/55563 ( 69%)]  Loss: 0.5533 (1.05)  LR: 6.919e-06  Time cost: 2:42:43/1:13:17 [9:29:13/1:13:17]  Acc_iter 205000      Data time: 0.00(0.00)  Forward time: 0.25(0.25)  Batch time: 0.25(0.25)
2026-08-14 07:37:53,629   INFO  Train:    4/4 (100%) [38360/55563 ( 69%)]  Loss: 0.6114 (1.05)  LR: 6.879e-06  Time cost: 2:42:56/1:13:04 [9:29:25/1:13:04]  Acc_iter 205050      Data time: 0.00(0.00)  Forward time: 0.24(0.25)  Batch time: 0.24(0.25)
2026-08-14 07:37:53,998   INFO  a1e06a0b30c0                Fri Aug 14 07:37:53 2026  580.173.02
[0] NVIDIA GeForce RTX 3070 | 72°C,  95 % |  6825 /  8192 MB | root(6428M)

2026-08-14 07:38:06,771   INFO  Train:    4/4 (100%) [38410/55563 ( 69%)]  Loss: 1.038 (1.05)  LR: 6.840e-06  Time cost: 2:43:09/1:12:51 [9:29:38/1:12:51]  Acc_iter 205100      Data time: 0.00(0.00)  Forward time: 0.24(0.25)  Batch time: 0.24(0.25)
2026-08-14 07:38:19,347   INFO  Train:    4/4 (100%) [38460/55563 ( 69%)]  Loss: 0.8960 (1.05)  LR: 6.800e-06  Time cost: 2:43:22/1:12:38 [9:29:51/1:12:38]  Acc_iter 205150      Data time: 0.00(0.00)  Forward time: 0.26(0.25)  Batch time: 0.26(0.25)
2026-08-14 07:38:32,143   INFO  Train:    4/4 (100%) [38510/55563 ( 69%)]  Loss: 1.657 (1.05)  LR: 6.761e-06  Time cost: 2:43:34/1:12:26 [9:30:04/1:12:26]  Acc_iter 205200      Data time: 0.00(0.00)  Forward time: 0.24(0.25)  Batch time: 0.24(0.25)
2026-08-14 07:38:32,521   INFO  a1e06a0b30c0                Fri Aug 14 07:38:32 2026  580.173.02
[0] NVIDIA GeForce RTX 3070 | 70°C,  96 % |  6825 /  8192 MB | root(6428M)

2026-08-14 07:38:44,851   INFO  Train:    4/4 (100%) [38560/55563 ( 69%)]  Loss: 0.6218 (1.05)  LR: 6.721e-06  Time cost: 2:43:47/1:12:13 [9:30:16/1:12:13]  Acc_iter 205250      Data time: 0.00(0.00)  Forward time: 0.23(0.25)  Batch time: 0.23(0.25)
2026-08-14 07:38:57,303   INFO  Train:    4/4 (100%) [38610/55563 ( 69%)]  Loss: 1.038 (1.05)  LR: 6.682e-06  Time cost: 2:44:00/1:12:00 [9:30:29/1:12:00]  Acc_iter 205300      Data time: 0.00(0.00)  Forward time: 0.26(0.25)  Batch time: 0.26(0.25)
2026-08-14 07:39:09,785   INFO  Train:    4/4 (100%) [38660/55563 ( 70%)]  Loss: 0.8839 (1.05)  LR: 6.643e-06  Time cost: 2:44:12/1:11:47 [9:30:41/1:11:47]  Acc_iter 205350      Data time: 0.00(0.00)  Forward time: 0.21(0.25)  Batch time: 0.21(0.25)
2026-08-14 07:39:10,183   INFO  a1e06a0b30c0                Fri Aug 14 07:39:10 2026  580.173.02
[0] NVIDIA GeForce RTX 3070 | 72°C,  99 % |  6826 /  8192 MB | root(6428M)

2026-08-14 07:39:23,140   INFO  Train:    4/4 (100%) [38710/55563 ( 70%)]  Loss: 0.8600 (1.05)  LR: 6.604e-06  Time cost: 2:44:25/1:11:35 [9:30:55/1:11:35]  Acc_iter 205400      Data time: 0.00(0.00)  Forward time: 0.28(0.25)  Batch time: 0.28(0.25)
2026-08-14 07:39:35,838   INFO  Train:    4/4 (100%) [38760/55563 ( 70%)]  Loss: 1.037 (1.05)  LR: 6.565e-06  Time cost: 2:44:38/1:11:22 [9:31:07/1:11:22]  Acc_iter 205450      Data time: 0.00(0.00)  Forward time: 0.24(0.25)  Batch time: 0.24(0.25)
2026-08-14 07:39:48,602   INFO  Train:    4/4 (100%) [38810/55563 ( 70%)]  Loss: 0.9368 (1.05)  LR: 6.527e-06  Time cost: 2:44:51/1:11:09 [9:31:20/1:11:09]  Acc_iter 205500      Data time: 0.00(0.00)  Forward time: 0.28(0.25)  Batch time: 0.28(0.25)
2026-08-14 07:39:48,975   INFO  a1e06a0b30c0                Fri Aug 14 07:39:48 2026  580.173.02
[0] NVIDIA GeForce RTX 3070 | 72°C,  96 % |  6825 /  8192 MB | root(6428M)

2026-08-14 07:39:57,489   INFO  Save latest model to /OpenPCDet/output/OpenPCDet/tools/cfgs/models/S/F/S_F_N/default/ckpt/latest_model
2026-08-14 07:40:01,508   INFO  Train:    4/4 (100%) [38860/55563 ( 70%)]  Loss: 0.9119 (1.05)  LR: 6.488e-06  Time cost: 2:45:04/1:10:57 [9:31:33/1:10:57]  Acc_iter 205550      Data time: 0.00(0.00)  Forward time: 0.24(0.25)  Batch time: 0.24(0.25)
2026-08-14 07:40:14,023   INFO  Train:    4/4 (100%) [38910/55563 ( 70%)]  Loss: 0.4480 (1.05)  LR: 6.450e-06  Time cost: 2:45:16/1:10:44 [9:31:46/1:10:44]  Acc_iter 205600      Data time: 0.00(0.00)  Forward time: 0.24(0.25)  Batch time: 0.24(0.25)
2026-08-14 07:40:26,359   INFO  Train:    4/4 (100%) [38960/55563 ( 70%)]  Loss: 1.029 (1.05)  LR: 6.411e-06  Time cost: 2:45:29/1:10:31 [9:31:58/1:10:31]  Acc_iter 205650      Data time: 0.00(0.00)  Forward time: 0.28(0.25)  Batch time: 0.28(0.25)
2026-08-14 07:40:26,723   INFO  a1e06a0b30c0                Fri Aug 14 07:40:26 2026  580.173.02
[0] NVIDIA GeForce RTX 3070 | 72°C,  81 % |  6826 /  8192 MB | root(6428M)

2026-08-14 07:40:39,402   INFO  Train:    4/4 (100%) [39010/55563 ( 70%)]  Loss: 1.228 (1.05)  LR: 6.373e-06  Time cost: 2:45:42/1:10:18 [9:32:11/1:10:18]  Acc_iter 205700      Data time: 0.00(0.00)  Forward time: 0.29(0.25)  Batch time: 0.29(0.25)
2026-08-14 07:40:52,083   INFO  Train:    4/4 (100%) [39060/55563 ( 70%)]  Loss: 0.4975 (1.05)  LR: 6.335e-06  Time cost: 2:45:54/1:10:05 [9:32:24/1:10:05]  Acc_iter 205750      Data time: 0.00(0.00)  Forward time: 0.26(0.25)  Batch time: 0.26(0.25)
2026-08-14 07:41:04,660   INFO  Train:    4/4 (100%) [39110/55563 ( 70%)]  Loss: 1.425 (1.05)  LR: 6.297e-06  Time cost: 2:46:07/1:09:53 [9:32:36/1:09:53]  Acc_iter 205800      Data time: 0.00(0.00)  Forward time: 0.28(0.25)  Batch time: 0.28(0.25)
2026-08-14 07:41:05,083   INFO  a1e06a0b30c0                Fri Aug 14 07:41:05 2026  580.173.02
[0] NVIDIA GeForce RTX 3070 | 71°C,  99 % |  6825 /  8192 MB | root(6428M)

2026-08-14 07:41:17,687   INFO  Train:    4/4 (100%) [39160/55563 ( 70%)]  Loss: 0.4876 (1.05)  LR: 6.259e-06  Time cost: 2:46:20/1:09:40 [9:32:49/1:09:40]  Acc_iter 205850      Data time: 0.00(0.00)  Forward time: 0.23(0.25)  Batch time: 0.23(0.25)
2026-08-14 07:41:30,066   INFO  Train:    4/4 (100%) [39210/55563 ( 71%)]  Loss: 1.196 (1.05)  LR: 6.221e-06  Time cost: 2:46:32/1:09:27 [9:33:02/1:09:27]  Acc_iter 205900      Data time: 0.00(0.00)  Forward time: 0.28(0.25)  Batch time: 0.28(0.25)
2026-08-14 07:41:42,618   INFO  Train:    4/4 (100%) [39260/55563 ( 71%)]  Loss: 0.5797 (1.05)  LR: 6.183e-06  Time cost: 2:46:45/1:09:14 [9:33:14/1:09:14]  Acc_iter 205950      Data time: 0.00(0.00)  Forward time: 0.25(0.25)  Batch time: 0.25(0.25)
2026-08-14 07:41:42,992   INFO  a1e06a0b30c0                Fri Aug 14 07:41:42 2026  580.173.02
[0] NVIDIA GeForce RTX 3070 | 73°C,  99 % |  6825 /  8192 MB | root(6428M)

2026-08-14 07:41:56,029   INFO  Train:    4/4 (100%) [39310/55563 ( 71%)]  Loss: 0.6056 (1.05)  LR: 6.146e-06  Time cost: 2:46:58/1:09:02 [9:33:28/1:09:02]  Acc_iter 206000      Data time: 0.00(0.00)  Forward time: 0.26(0.25)  Batch time: 0.27(0.25)
2026-08-14 07:42:08,847   INFO  Train:    4/4 (100%) [39360/55563 ( 71%)]  Loss: 1.459 (1.05)  LR: 6.108e-06  Time cost: 2:47:11/1:08:49 [9:33:40/1:08:49]  Acc_iter 206050      Data time: 0.00(0.00)  Forward time: 0.28(0.25)  Batch time: 0.28(0.25)
2026-08-14 07:42:21,106   INFO  Train:    4/4 (100%) [39410/55563 ( 71%)]  Loss: 0.4759 (1.05)  LR: 6.071e-06  Time cost: 2:47:23/1:08:36 [9:33:53/1:08:36]  Acc_iter 206100      Data time: 0.00(0.00)  Forward time: 0.26(0.25)  Batch time: 0.26(0.25)
2026-08-14 07:42:21,477   INFO  a1e06a0b30c0                Fri Aug 14 07:42:21 2026  580.173.02
[0] NVIDIA GeForce RTX 3070 | 73°C,  93 % |  6826 /  8192 MB | root(6428M)

2026-08-14 07:42:34,235   INFO  Train:    4/4 (100%) [39460/55563 ( 71%)]  Loss: 2.410 (1.05)  LR: 6.034e-06  Time cost: 2:47:37/1:08:24 [9:34:06/1:08:24]  Acc_iter 206150      Data time: 0.00(0.00)  Forward time: 0.28(0.25)  Batch time: 0.28(0.25)
2026-08-14 07:42:46,725   INFO  Train:    4/4 (100%) [39510/55563 ( 71%)]  Loss: 0.8951 (1.05)  LR: 5.997e-06  Time cost: 2:47:49/1:08:11 [9:34:18/1:08:11]  Acc_iter 206200      Data time: 0.00(0.00)  Forward time: 0.25(0.25)  Batch time: 0.25(0.25)
2026-08-14 07:42:59,829   INFO  Train:    4/4 (100%) [39560/55563 ( 71%)]  Loss: 0.5820 (1.05)  LR: 5.959e-06  Time cost: 2:48:02/1:07:58 [9:34:31/1:07:58]  Acc_iter 206250      Data time: 0.00(0.00)  Forward time: 0.28(0.25)  Batch time: 0.28(0.25)
2026-08-14 07:43:00,255   INFO  a1e06a0b30c0                Fri Aug 14 07:43:00 2026  580.173.02
[0] NVIDIA GeForce RTX 3070 | 70°C,  77 % |  6825 /  8192 MB | root(6428M)

2026-08-14 07:43:12,769   INFO  Train:    4/4 (100%) [39610/55563 ( 71%)]  Loss: 0.7305 (1.05)  LR: 5.923e-06  Time cost: 2:48:15/1:07:45 [9:34:44/1:07:45]  Acc_iter 206300      Data time: 0.00(0.00)  Forward time: 0.28(0.25)  Batch time: 0.28(0.25)
2026-08-14 07:43:25,067   INFO  Train:    4/4 (100%) [39660/55563 ( 71%)]  Loss: 0.4097 (1.05)  LR: 5.886e-06  Time cost: 2:48:27/1:07:32 [9:34:57/1:07:32]  Acc_iter 206350      Data time: 0.00(0.00)  Forward time: 0.24(0.25)  Batch time: 0.24(0.25)
2026-08-14 07:43:37,613   INFO  Train:    4/4 (100%) [39710/55563 ( 71%)]  Loss: 1.193 (1.05)  LR: 5.849e-06  Time cost: 2:48:40/1:07:20 [9:35:09/1:07:20]  Acc_iter 206400      Data time: 0.00(0.00)  Forward time: 0.24(0.25)  Batch time: 0.24(0.25)
2026-08-14 07:43:37,973   INFO  a1e06a0b30c0                Fri Aug 14 07:43:37 2026  580.173.02
[0] NVIDIA GeForce RTX 3070 | 71°C,  93 % |  6826 /  8192 MB | root(6428M)

2026-08-14 07:43:50,901   INFO  Train:    4/4 (100%) [39760/55563 ( 72%)]  Loss: 2.645 (1.05)  LR: 5.813e-06  Time cost: 2:48:53/1:07:07 [9:35:23/1:07:07]  Acc_iter 206450      Data time: 0.00(0.00)  Forward time: 0.27(0.25)  Batch time: 0.27(0.25)
2026-08-14 07:44:04,008   INFO  Train:    4/4 (100%) [39810/55563 ( 72%)]  Loss: 0.8583 (1.05)  LR: 5.776e-06  Time cost: 2:49:06/1:06:55 [9:35:36/1:06:55]  Acc_iter 206500      Data time: 0.00(0.00)  Forward time: 0.24(0.25)  Batch time: 0.24(0.25)
2026-08-14 07:44:16,379   INFO  Train:    4/4 (100%) [39860/55563 ( 72%)]  Loss: 1.394 (1.05)  LR: 5.740e-06  Time cost: 2:49:19/1:06:42 [9:35:48/1:06:42]  Acc_iter 206550      Data time: 0.00(0.00)  Forward time: 0.24(0.25)  Batch time: 0.24(0.25)
2026-08-14 07:44:16,756   INFO  a1e06a0b30c0                Fri Aug 14 07:44:16 2026  580.173.02
[0] NVIDIA GeForce RTX 3070 | 71°C,  91 % |  6825 /  8192 MB | root(6428M)

2026-08-14 07:44:29,333   INFO  Train:    4/4 (100%) [39910/55563 ( 72%)]  Loss: 1.152 (1.05)  LR: 5.703e-06  Time cost: 2:49:32/1:06:29 [9:36:01/1:06:29]  Acc_iter 206600      Data time: 0.00(0.00)  Forward time: 0.23(0.25)  Batch time: 0.23(0.25)
2026-08-14 07:44:42,018   INFO  Train:    4/4 (100%) [39960/55563 ( 72%)]  Loss: 0.7043 (1.05)  LR: 5.667e-06  Time cost: 2:49:44/1:06:16 [9:36:14/1:06:16]  Acc_iter 206650      Data time: 0.00(0.00)  Forward time: 0.25(0.25)  Batch time: 0.25(0.25)
2026-08-14 07:44:54,784   INFO  Train:    4/4 (100%) [40010/55563 ( 72%)]  Loss: 0.3191 (1.05)  LR: 5.631e-06  Time cost: 2:49:57/1:06:03 [9:36:26/1:06:03]  Acc_iter 206700      Data time: 0.00(0.00)  Forward time: 0.23(0.25)  Batch time: 0.23(0.25)
2026-08-14 07:44:55,177   INFO  a1e06a0b30c0                Fri Aug 14 07:44:55 2026  580.173.02
[0] NVIDIA GeForce RTX 3070 | 71°C,  69 % |  6826 /  8192 MB | root(6428M)

2026-08-14 07:44:57,487   INFO  Save latest model to /OpenPCDet/output/OpenPCDet/tools/cfgs/models/S/F/S_F_N/default/ckpt/latest_model
2026-08-14 07:45:07,773   INFO  Train:    4/4 (100%) [40060/55563 ( 72%)]  Loss: 0.6187 (1.05)  LR: 5.595e-06  Time cost: 2:50:10/1:05:51 [9:36:39/1:05:51]  Acc_iter 206750      Data time: 0.00(0.00)  Forward time: 0.20(0.25)  Batch time: 0.20(0.25)
2026-08-14 07:45:20,181   INFO  Train:    4/4 (100%) [40110/55563 ( 72%)]  Loss: 0.7957 (1.05)  LR: 5.560e-06  Time cost: 2:50:22/1:05:38 [9:36:52/1:05:38]  Acc_iter 206800      Data time: 0.00(0.00)  Forward time: 0.21(0.25)  Batch time: 0.21(0.25)
2026-08-14 07:45:33,272   INFO  Train:    4/4 (100%) [40160/55563 ( 72%)]  Loss: 0.5399 (1.05)  LR: 5.524e-06  Time cost: 2:50:36/1:05:25 [9:37:05/1:05:25]  Acc_iter 206850      Data time: 0.00(0.00)  Forward time: 0.31(0.25)  Batch time: 0.31(0.25)
2026-08-14 07:45:33,632   INFO  a1e06a0b30c0                Fri Aug 14 07:45:33 2026  580.173.02
[0] NVIDIA GeForce RTX 3070 | 68°C,  99 % |  6826 /  8192 MB | root(6428M)

2026-08-14 07:45:46,555   INFO  Train:    4/4 (100%) [40210/55563 ( 72%)]  Loss: 0.6343 (1.05)  LR: 5.488e-06  Time cost: 2:50:49/1:05:13 [9:37:18/1:05:13]  Acc_iter 206900      Data time: 0.00(0.00)  Forward time: 0.25(0.25)  Batch time: 0.25(0.25)
2026-08-14 07:45:58,956   INFO  Train:    4/4 (100%) [40260/55563 ( 72%)]  Loss: 0.6725 (1.05)  LR: 5.453e-06  Time cost: 2:51:01/1:05:00 [9:37:31/1:05:00]  Acc_iter 206950      Data time: 0.00(0.00)  Forward time: 0.23(0.25)  Batch time: 0.23(0.25)
2026-08-14 07:46:11,563   INFO  Train:    4/4 (100%) [40310/55563 ( 73%)]  Loss: 0.7354 (1.05)  LR: 5.418e-06  Time cost: 2:51:14/1:04:47 [9:37:43/1:04:47]  Acc_iter 207000      Data time: 0.00(0.00)  Forward time: 0.24(0.25)  Batch time: 0.24(0.25)
2026-08-14 07:46:11,936   INFO  a1e06a0b30c0                Fri Aug 14 07:46:11 2026  580.173.02
[0] NVIDIA GeForce RTX 3070 | 68°C,  43 % |  6825 /  8192 MB | root(6428M)

2026-08-14 07:46:24,369   INFO  Train:    4/4 (100%) [40360/55563 ( 73%)]  Loss: 2.435 (1.05)  LR: 5.382e-06  Time cost: 2:51:27/1:04:34 [9:37:56/1:04:34]  Acc_iter 207050      Data time: 0.00(0.00)  Forward time: 0.27(0.25)  Batch time: 0.27(0.25)
2026-08-14 07:46:37,129   INFO  Train:    4/4 (100%) [40410/55563 ( 73%)]  Loss: 0.6139 (1.05)  LR: 5.347e-06  Time cost: 2:51:39/1:04:22 [9:38:09/1:04:22]  Acc_iter 207100      Data time: 0.00(0.00)  Forward time: 0.23(0.25)  Batch time: 0.23(0.25)
2026-08-14 07:46:49,653   INFO  Train:    4/4 (100%) [40460/55563 ( 73%)]  Loss: 1.043 (1.05)  LR: 5.312e-06  Time cost: 2:51:52/1:04:09 [9:38:21/1:04:09]  Acc_iter 207150      Data time: 0.00(0.00)  Forward time: 0.26(0.25)  Batch time: 0.26(0.25)
2026-08-14 07:46:50,015   INFO  a1e06a0b30c0                Fri Aug 14 07:46:50 2026  580.173.02
[0] NVIDIA GeForce RTX 3070 | 72°C,  99 % |  6825 /  8192 MB | root(6428M)

2026-08-14 07:47:02,652   INFO  Train:    4/4 (100%) [40510/55563 ( 73%)]  Loss: 0.7658 (1.05)  LR: 5.277e-06  Time cost: 2:52:05/1:03:56 [9:38:34/1:03:56]  Acc_iter 207200      Data time: 0.00(0.00)  Forward time: 0.26(0.25)  Batch time: 0.26(0.25)
2026-08-14 07:47:15,137   INFO  Train:    4/4 (100%) [40560/55563 ( 73%)]  Loss: 0.6649 (1.05)  LR: 5.243e-06  Time cost: 2:52:17/1:03:43 [9:38:47/1:03:43]  Acc_iter 207250      Data time: 0.00(0.00)  Forward time: 0.25(0.25)  Batch time: 0.25(0.25)
2026-08-14 07:47:28,023   INFO  Train:    4/4 (100%) [40610/55563 ( 73%)]  Loss: 0.4736 (1.05)  LR: 5.208e-06  Time cost: 2:52:30/1:03:31 [9:39:00/1:03:31]  Acc_iter 207300      Data time: 0.00(0.00)  Forward time: 0.23(0.25)  Batch time: 0.23(0.25)
2026-08-14 07:47:28,443   INFO  a1e06a0b30c0                Fri Aug 14 07:47:28 2026  580.173.02
[0] NVIDIA GeForce RTX 3070 | 67°C,  75 % |  6825 /  8192 MB | root(6428M)

2026-08-14 07:47:41,283   INFO  Train:    4/4 (100%) [40660/55563 ( 73%)]  Loss: 0.5820 (1.05)  LR: 5.173e-06  Time cost: 2:52:44/1:03:18 [9:39:13/1:03:18]  Acc_iter 207350      Data time: 0.00(0.00)  Forward time: 0.26(0.25)  Batch time: 0.26(0.25)
2026-08-14 07:47:54,122   INFO  Train:    4/4 (100%) [40710/55563 ( 73%)]  Loss: 1.141 (1.05)  LR: 5.139e-06  Time cost: 2:52:56/1:03:05 [9:39:26/1:03:05]  Acc_iter 207400      Data time: 0.00(0.00)  Forward time: 0.27(0.25)  Batch time: 0.27(0.25)
2026-08-14 07:48:06,673   INFO  Train:    4/4 (100%) [40760/55563 ( 73%)]  Loss: 0.6928 (1.05)  LR: 5.105e-06  Time cost: 2:53:09/1:02:53 [9:39:38/1:02:53]  Acc_iter 207450      Data time: 0.00(0.00)  Forward time: 0.23(0.25)  Batch time: 0.23(0.25)
2026-08-14 07:48:07,047   INFO  a1e06a0b30c0                Fri Aug 14 07:48:07 2026  580.173.02
[0] NVIDIA GeForce RTX 3070 | 71°C,  89 % |  6826 /  8192 MB | root(6428M)

2026-08-14 07:48:19,380   INFO  Train:    4/4 (100%) [40810/55563 ( 73%)]  Loss: 0.6812 (1.05)  LR: 5.070e-06  Time cost: 2:53:22/1:02:40 [9:39:51/1:02:40]  Acc_iter 207500      Data time: 0.00(0.00)  Forward time: 0.22(0.25)  Batch time: 0.22(0.25)
2026-08-14 07:48:32,326   INFO  Train:    4/4 (100%) [40860/55563 ( 74%)]  Loss: 1.364 (1.05)  LR: 5.036e-06  Time cost: 2:53:35/1:02:27 [9:40:04/1:02:27]  Acc_iter 207550      Data time: 0.00(0.00)  Forward time: 0.24(0.25)  Batch time: 0.24(0.25)
2026-08-14 07:48:44,654   INFO  Train:    4/4 (100%) [40910/55563 ( 74%)]  Loss: 0.9304 (1.05)  LR: 5.002e-06  Time cost: 2:53:47/1:02:14 [9:40:16/1:02:14]  Acc_iter 207600      Data time: 0.00(0.00)  Forward time: 0.25(0.25)  Batch time: 0.25(0.25)
2026-08-14 07:48:45,033   INFO  a1e06a0b30c0                Fri Aug 14 07:48:45 2026  580.173.02
[0] NVIDIA GeForce RTX 3070 | 72°C,  94 % |  6825 /  8192 MB | root(6428M)

2026-08-14 07:48:57,409   INFO  Train:    4/4 (100%) [40960/55563 ( 74%)]  Loss: 1.168 (1.05)  LR: 4.968e-06  Time cost: 2:54:00/1:02:02 [9:40:29/1:02:02]  Acc_iter 207650      Data time: 0.00(0.00)  Forward time: 0.22(0.25)  Batch time: 0.22(0.25)
2026-08-14 07:49:10,085   INFO  Train:    4/4 (100%) [41010/55563 ( 74%)]  Loss: 1.131 (1.05)  LR: 4.935e-06  Time cost: 2:54:12/1:01:49 [9:40:42/1:01:49]  Acc_iter 207700      Data time: 0.00(0.00)  Forward time: 0.27(0.25)  Batch time: 0.27(0.25)
2026-08-14 07:49:23,032   INFO  Train:    4/4 (100%) [41060/55563 ( 74%)]  Loss: 0.5341 (1.05)  LR: 4.901e-06  Time cost: 2:54:25/1:01:36 [9:40:55/1:01:36]  Acc_iter 207750      Data time: 0.00(0.00)  Forward time: 0.27(0.25)  Batch time: 0.27(0.25)
2026-08-14 07:49:23,426   INFO  a1e06a0b30c0                Fri Aug 14 07:49:23 2026  580.173.02
[0] NVIDIA GeForce RTX 3070 | 70°C,  84 % |  6826 /  8192 MB | root(6428M)

2026-08-14 07:49:35,715   INFO  Train:    4/4 (100%) [41110/55563 ( 74%)]  Loss: 0.9588 (1.05)  LR: 4.867e-06  Time cost: 2:54:38/1:01:23 [9:41:07/1:01:23]  Acc_iter 207800      Data time: 0.00(0.00)  Forward time: 0.24(0.25)  Batch time: 0.24(0.25)
2026-08-14 07:49:48,161   INFO  Train:    4/4 (100%) [41160/55563 ( 74%)]  Loss: 1.045 (1.05)  LR: 4.834e-06  Time cost: 2:54:50/1:01:10 [9:41:20/1:01:10]  Acc_iter 207850      Data time: 0.00(0.00)  Forward time: 0.25(0.25)  Batch time: 0.25(0.25)
2026-08-14 07:49:57,456   INFO  Save latest model to /OpenPCDet/output/OpenPCDet/tools/cfgs/models/S/F/S_F_N/default/ckpt/latest_model
2026-08-14 07:50:00,973   INFO  Train:    4/4 (100%) [41210/55563 ( 74%)]  Loss: 0.8020 (1.05)  LR: 4.801e-06  Time cost: 2:55:03/1:00:58 [9:41:33/1:00:58]  Acc_iter 207900      Data time: 0.00(0.00)  Forward time: 0.27(0.25)  Batch time: 0.27(0.25)
2026-08-14 07:50:01,405   INFO  a1e06a0b30c0                Fri Aug 14 07:50:01 2026  580.173.02
[0] NVIDIA GeForce RTX 3070 | 67°C,  95 % |  6825 /  8192 MB | root(6428M)

2026-08-14 07:50:14,488   INFO  Train:    4/4 (100%) [41260/55563 ( 74%)]  Loss: 1.037 (1.05)  LR: 4.768e-06  Time cost: 2:55:17/1:00:45 [9:41:46/1:00:45]  Acc_iter 207950      Data time: 0.00(0.00)  Forward time: 0.26(0.25)  Batch time: 0.26(0.25)
2026-08-14 07:50:26,922   INFO  Train:    4/4 (100%) [41310/55563 ( 74%)]  Loss: 0.6830 (1.05)  LR: 4.735e-06  Time cost: 2:55:29/1:00:32 [9:41:59/1:00:32]  Acc_iter 208000      Data time: 0.00(0.00)  Forward time: 0.25(0.25)  Batch time: 0.25(0.25)
2026-08-14 07:50:39,573   INFO  Train:    4/4 (100%) [41360/55563 ( 74%)]  Loss: 1.134 (1.05)  LR: 4.702e-06  Time cost: 2:55:42/1:00:20 [9:42:11/1:00:20]  Acc_iter 208050      Data time: 0.00(0.00)  Forward time: 0.24(0.25)  Batch time: 0.24(0.25)
2026-08-14 07:50:39,936   INFO  a1e06a0b30c0                Fri Aug 14 07:50:39 2026  580.173.02
[0] NVIDIA GeForce RTX 3070 | 68°C,  39 % |  6825 /  8192 MB | root(6428M)

2026-08-14 07:50:52,493   INFO  Train:    4/4 (100%) [41410/55563 ( 75%)]  Loss: 1.155 (1.05)  LR: 4.669e-06  Time cost: 2:55:55/1:00:07 [9:42:24/1:00:07]  Acc_iter 208100      Data time: 0.00(0.00)  Forward time: 0.28(0.25)  Batch time: 0.28(0.25)
2026-08-14 07:51:05,205   INFO  Train:    4/4 (100%) [41460/55563 ( 75%)]  Loss: 0.4568 (1.05)  LR: 4.636e-06  Time cost: 2:56:07/59:54 [9:42:37/59:54]  Acc_iter 208150      Data time: 0.00(0.00)  Forward time: 0.23(0.25)  Batch time: 0.23(0.25)
2026-08-14 07:51:17,971   INFO  Train:    4/4 (100%) [41510/55563 ( 75%)]  Loss: 0.8103 (1.05)  LR: 4.603e-06  Time cost: 2:56:20/59:41 [9:42:50/59:41]  Acc_iter 208200      Data time: 0.00(0.00)  Forward time: 0.22(0.25)  Batch time: 0.22(0.25)
2026-08-14 07:51:18,349   INFO  a1e06a0b30c0                Fri Aug 14 07:51:18 2026  580.173.02
[0] NVIDIA GeForce RTX 3070 | 65°C,  84 % |  6826 /  8192 MB | root(6428M)

2026-08-14 07:51:30,787   INFO  Train:    4/4 (100%) [41560/55563 ( 75%)]  Loss: 0.4614 (1.05)  LR: 4.571e-06  Time cost: 2:56:33/59:29 [9:43:02/59:29]  Acc_iter 208250      Data time: 0.00(0.00)  Forward time: 0.25(0.25)  Batch time: 0.25(0.25)
2026-08-14 07:51:43,132   INFO  Train:    4/4 (100%) [41610/55563 ( 75%)]  Loss: 0.9458 (1.05)  LR: 4.538e-06  Time cost: 2:56:45/59:16 [9:43:15/59:16]  Acc_iter 208300      Data time: 0.00(0.00)  Forward time: 0.28(0.25)  Batch time: 0.28(0.25)
2026-08-14 07:51:55,763   INFO  Train:    4/4 (100%) [41660/55563 ( 75%)]  Loss: 0.7852 (1.05)  LR: 4.506e-06  Time cost: 2:56:58/59:03 [9:43:27/59:03]  Acc_iter 208350      Data time: 0.00(0.00)  Forward time: 0.24(0.25)  Batch time: 0.24(0.25)
2026-08-14 07:51:56,150   INFO  a1e06a0b30c0                Fri Aug 14 07:51:56 2026  580.173.02
[0] NVIDIA GeForce RTX 3070 | 71°C,  75 % |  6821 /  8192 MB | root(6428M)

2026-08-14 07:52:09,057   INFO  Train:    4/4 (100%) [41710/55563 ( 75%)]  Loss: 1.300 (1.05)  LR: 4.474e-06  Time cost: 2:57:11/58:51 [9:43:41/58:51]  Acc_iter 208400      Data time: 0.00(0.00)  Forward time: 0.28(0.25)  Batch time: 0.29(0.25)
2026-08-14 07:52:21,627   INFO  Train:    4/4 (100%) [41760/55563 ( 75%)]  Loss: 0.8965 (1.05)  LR: 4.442e-06  Time cost: 2:57:24/58:38 [9:43:53/58:38]  Acc_iter 208450      Data time: 0.00(0.00)  Forward time: 0.25(0.25)  Batch time: 0.25(0.25)
2026-08-14 07:52:34,367   INFO  Train:    4/4 (100%) [41810/55563 ( 75%)]  Loss: 1.056 (1.05)  LR: 4.410e-06  Time cost: 2:57:37/58:25 [9:44:06/58:25]  Acc_iter 208500      Data time: 0.00(0.00)  Forward time: 0.25(0.25)  Batch time: 0.25(0.25)
2026-08-14 07:52:34,763   INFO  a1e06a0b30c0                Fri Aug 14 07:52:34 2026  580.173.02
[0] NVIDIA GeForce RTX 3070 | 73°C,  87 % |  6826 /  8192 MB | root(6428M)

2026-08-14 07:52:47,607   INFO  Train:    4/4 (100%) [41860/55563 ( 75%)]  Loss: 1.309 (1.05)  LR: 4.378e-06  Time cost: 2:57:50/58:12 [9:44:19/58:12]  Acc_iter 208550      Data time: 0.00(0.00)  Forward time: 0.27(0.25)  Batch time: 0.27(0.25)
2026-08-14 07:53:00,507   INFO  Train:    4/4 (100%) [41910/55563 ( 75%)]  Loss: 0.9943 (1.05)  LR: 4.346e-06  Time cost: 2:58:03/58:00 [9:44:32/58:00]  Acc_iter 208600      Data time: 0.00(0.00)  Forward time: 0.26(0.25)  Batch time: 0.26(0.25)
2026-08-14 07:53:13,311   INFO  Train:    4/4 (100%) [41960/55563 ( 76%)]  Loss: 1.321 (1.05)  LR: 4.315e-06  Time cost: 2:58:16/57:47 [9:44:45/57:47]  Acc_iter 208650      Data time: 0.00(0.00)  Forward time: 0.26(0.25)  Batch time: 0.26(0.25)
2026-08-14 07:53:13,677   INFO  a1e06a0b30c0                Fri Aug 14 07:53:13 2026  580.173.02
[0] NVIDIA GeForce RTX 3070 | 70°C,  82 % |  6825 /  8192 MB | root(6428M)

2026-08-14 07:53:26,430   INFO  Train:    4/4 (100%) [42010/55563 ( 76%)]  Loss: 0.6600 (1.05)  LR: 4.283e-06  Time cost: 2:58:29/57:34 [9:44:58/57:34]  Acc_iter 208700      Data time: 0.00(0.00)  Forward time: 0.25(0.25)  Batch time: 0.25(0.25)
2026-08-14 07:53:39,055   INFO  Train:    4/4 (100%) [42060/55563 ( 76%)]  Loss: 0.8755 (1.05)  LR: 4.252e-06  Time cost: 2:58:41/57:22 [9:45:11/57:22]  Acc_iter 208750      Data time: 0.00(0.00)  Forward time: 0.29(0.25)  Batch time: 0.29(0.25)
2026-08-14 07:53:51,535   INFO  Train:    4/4 (100%) [42110/55563 ( 76%)]  Loss: 0.6079 (1.05)  LR: 4.221e-06  Time cost: 2:58:54/57:09 [9:45:23/57:09]  Acc_iter 208800      Data time: 0.00(0.00)  Forward time: 0.24(0.25)  Batch time: 0.24(0.25)
2026-08-14 07:53:51,989   INFO  a1e06a0b30c0                Fri Aug 14 07:53:51 2026  580.173.02
[0] NVIDIA GeForce RTX 3070 | 68°C,   2 % |  6826 /  8192 MB | root(6428M)

2026-08-14 07:54:04,602   INFO  Train:    4/4 (100%) [42160/55563 ( 76%)]  Loss: 0.9534 (1.05)  LR: 4.190e-06  Time cost: 2:59:07/56:56 [9:45:36/56:56]  Acc_iter 208850      Data time: 0.00(0.00)  Forward time: 0.23(0.25)  Batch time: 0.23(0.25)
2026-08-14 07:54:17,103   INFO  Train:    4/4 (100%) [42210/55563 ( 76%)]  Loss: 0.2820 (1.05)  LR: 4.159e-06  Time cost: 2:59:19/56:43 [9:45:49/56:43]  Acc_iter 208900      Data time: 0.00(0.00)  Forward time: 0.25(0.25)  Batch time: 0.25(0.25)
2026-08-14 07:54:29,503   INFO  Train:    4/4 (100%) [42260/55563 ( 76%)]  Loss: 1.532 (1.05)  LR: 4.128e-06  Time cost: 2:59:32/56:30 [9:46:01/56:30]  Acc_iter 208950      Data time: 0.00(0.00)  Forward time: 0.31(0.25)  Batch time: 0.31(0.25)
2026-08-14 07:54:29,924   INFO  a1e06a0b30c0                Fri Aug 14 07:54:29 2026  580.173.02
[0] NVIDIA GeForce RTX 3070 | 68°C,   1 % |  6825 /  8192 MB | root(6428M)

2026-08-14 07:54:42,685   INFO  Train:    4/4 (100%) [42310/55563 ( 76%)]  Loss: 0.5525 (1.05)  LR: 4.097e-06  Time cost: 2:59:45/56:18 [9:46:14/56:18]  Acc_iter 209000      Data time: 0.00(0.00)  Forward time: 0.24(0.25)  Batch time: 0.24(0.25)
2026-08-14 07:54:55,381   INFO  Train:    4/4 (100%) [42360/55563 ( 76%)]  Loss: 0.6253 (1.05)  LR: 4.066e-06  Time cost: 2:59:58/56:05 [9:46:27/56:05]  Acc_iter 209050      Data time: 0.00(0.00)  Forward time: 0.20(0.25)  Batch time: 0.20(0.25)
2026-08-14 07:54:57,428   INFO  Save latest model to /OpenPCDet/output/OpenPCDet/tools/cfgs/models/S/F/S_F_N/default/ckpt/latest_model
2026-08-14 07:55:08,157   INFO  Train:    4/4 (100%) [42410/55563 ( 76%)]  Loss: 0.4649 (1.05)  LR: 4.036e-06  Time cost: 3:00:10/55:52 [9:46:40/55:52]  Acc_iter 209100      Data time: 0.00(0.00)  Forward time: 0.25(0.25)  Batch time: 0.25(0.25)
2026-08-14 07:55:08,525   INFO  a1e06a0b30c0                Fri Aug 14 07:55:08 2026  580.173.02
[0] NVIDIA GeForce RTX 3070 | 72°C,  78 % |  6826 /  8192 MB | root(6428M)

2026-08-14 07:55:21,000   INFO  Train:    4/4 (100%) [42460/55563 ( 76%)]  Loss: 1.416 (1.05)  LR: 4.005e-06  Time cost: 3:00:23/55:40 [9:46:53/55:40]  Acc_iter 209150      Data time: 0.00(0.00)  Forward time: 0.25(0.25)  Batch time: 0.25(0.25)
2026-08-14 07:55:33,426   INFO  Train:    4/4 (100%) [42510/55563 ( 77%)]  Loss: 0.5603 (1.05)  LR: 3.975e-06  Time cost: 3:00:36/55:27 [9:47:05/55:27]  Acc_iter 209200      Data time: 0.00(0.00)  Forward time: 0.20(0.25)  Batch time: 0.20(0.25)
2026-08-14 07:55:46,233   INFO  Train:    4/4 (100%) [42560/55563 ( 77%)]  Loss: 2.548 (1.05)  LR: 3.944e-06  Time cost: 3:00:49/55:14 [9:47:18/55:14]  Acc_iter 209250      Data time: 0.00(0.00)  Forward time: 0.29(0.25)  Batch time: 0.29(0.25)
2026-08-14 07:55:46,663   INFO  a1e06a0b30c0                Fri Aug 14 07:55:46 2026  580.173.02
[0] NVIDIA GeForce RTX 3070 | 72°C,  94 % |  6826 /  8192 MB | root(6428M)

2026-08-14 07:55:59,395   INFO  Train:    4/4 (100%) [42610/55563 ( 77%)]  Loss: 0.6074 (1.05)  LR: 3.914e-06  Time cost: 3:01:02/55:01 [9:47:31/55:01]  Acc_iter 209300      Data time: 0.00(0.00)  Forward time: 0.26(0.25)  Batch time: 0.26(0.25)
2026-08-14 07:56:11,896   INFO  Train:    4/4 (100%) [42660/55563 ( 77%)]  Loss: 0.8894 (1.05)  LR: 3.884e-06  Time cost: 3:01:14/54:49 [9:47:44/54:49]  Acc_iter 209350      Data time: 0.00(0.00)  Forward time: 0.27(0.25)  Batch time: 0.27(0.25)
2026-08-14 07:56:24,772   INFO  Train:    4/4 (100%) [42710/55563 ( 77%)]  Loss: 0.8513 (1.05)  LR: 3.854e-06  Time cost: 3:01:27/54:36 [9:47:56/54:36]  Acc_iter 209400      Data time: 0.00(0.00)  Forward time: 0.25(0.25)  Batch time: 0.25(0.25)
2026-08-14 07:56:25,152   INFO  a1e06a0b30c0                Fri Aug 14 07:56:25 2026  580.173.02
[0] NVIDIA GeForce RTX 3070 | 71°C,  62 % |  6825 /  8192 MB | root(6428M)

2026-08-14 07:56:37,846   INFO  Train:    4/4 (100%) [42760/55563 ( 77%)]  Loss: 2.444 (1.05)  LR: 3.825e-06  Time cost: 3:01:40/54:23 [9:48:09/54:23]  Acc_iter 209450      Data time: 0.00(0.00)  Forward time: 0.25(0.25)  Batch time: 0.26(0.25)
2026-08-14 07:56:50,378   INFO  Train:    4/4 (100%) [42810/55563 ( 77%)]  Loss: 0.6619 (1.05)  LR: 3.795e-06  Time cost: 3:01:53/54:10 [9:48:22/54:10]  Acc_iter 209500      Data time: 0.00(0.00)  Forward time: 0.27(0.25)  Batch time: 0.27(0.25)
2026-08-14 07:57:02,685   INFO  Train:    4/4 (100%) [42860/55563 ( 77%)]  Loss: 0.8263 (1.05)  LR: 3.765e-06  Time cost: 3:02:05/53:58 [9:48:34/53:58]  Acc_iter 209550      Data time: 0.00(0.00)  Forward time: 0.26(0.25)  Batch time: 0.26(0.25)
2026-08-14 07:57:03,049   INFO  a1e06a0b30c0                Fri Aug 14 07:57:03 2026  580.173.02
[0] NVIDIA GeForce RTX 3070 | 72°C,  96 % |  6826 /  8192 MB | root(6428M)

2026-08-14 07:57:15,933   INFO  Train:    4/4 (100%) [42910/55563 ( 77%)]  Loss: 0.7310 (1.05)  LR: 3.736e-06  Time cost: 3:02:18/53:45 [9:48:48/53:45]  Acc_iter 209600      Data time: 0.00(0.00)  Forward time: 0.22(0.25)  Batch time: 0.22(0.25)
2026-08-14 07:57:28,590   INFO  Train:    4/4 (100%) [42960/55563 ( 77%)]  Loss: 0.1639 (1.05)  LR: 3.707e-06  Time cost: 3:02:31/53:32 [9:49:00/53:32]  Acc_iter 209650      Data time: 0.00(0.00)  Forward time: 0.24(0.25)  Batch time: 0.24(0.25)
2026-08-14 07:57:41,601   INFO  Train:    4/4 (100%) [43010/55563 ( 77%)]  Loss: 1.403 (1.05)  LR: 3.677e-06  Time cost: 3:02:44/53:20 [9:49:13/53:20]  Acc_iter 209700      Data time: 0.00(0.00)  Forward time: 0.22(0.25)  Batch time: 0.22(0.25)
2026-08-14 07:57:41,977   INFO  a1e06a0b30c0                Fri Aug 14 07:57:41 2026  580.173.02
[0] NVIDIA GeForce RTX 3070 | 72°C,  94 % |  6825 /  8192 MB | root(6428M)

2026-08-14 07:57:54,610   INFO  Train:    4/4 (100%) [43060/55563 ( 77%)]  Loss: 1.158 (1.05)  LR: 3.648e-06  Time cost: 3:02:57/53:07 [9:49:26/53:07]  Acc_iter 209750      Data time: 0.00(0.00)  Forward time: 0.24(0.25)  Batch time: 0.24(0.25)
2026-08-14 07:58:07,424   INFO  Train:    4/4 (100%) [43110/55563 ( 78%)]  Loss: 0.5494 (1.05)  LR: 3.619e-06  Time cost: 3:03:10/52:54 [9:49:39/52:54]  Acc_iter 209800      Data time: 0.00(0.00)  Forward time: 0.27(0.25)  Batch time: 0.28(0.25)
2026-08-14 07:58:20,072   INFO  Train:    4/4 (100%) [43160/55563 ( 78%)]  Loss: 0.8864 (1.05)  LR: 3.591e-06  Time cost: 3:03:22/52:41 [9:49:52/52:41]  Acc_iter 209850      Data time: 0.00(0.00)  Forward time: 0.23(0.25)  Batch time: 0.23(0.25)
2026-08-14 07:58:20,538   INFO  a1e06a0b30c0                Fri Aug 14 07:58:20 2026  580.173.02
[0] NVIDIA GeForce RTX 3070 | 71°C,  62 % |  6826 /  8192 MB | root(6428M)

2026-08-14 07:58:33,374   INFO  Train:    4/4 (100%) [43210/55563 ( 78%)]  Loss: 0.8720 (1.05)  LR: 3.562e-06  Time cost: 3:03:36/52:29 [9:50:05/52:29]  Acc_iter 209900      Data time: 0.00(0.00)  Forward time: 0.25(0.25)  Batch time: 0.25(0.25)
2026-08-14 07:58:45,780   INFO  Train:    4/4 (100%) [43260/55563 ( 78%)]  Loss: 0.4498 (1.05)  LR: 3.533e-06  Time cost: 3:03:48/52:16 [9:50:17/52:16]  Acc_iter 209950      Data time: 0.00(0.00)  Forward time: 0.27(0.25)  Batch time: 0.27(0.25)
2026-08-14 07:58:58,233   INFO  Train:    4/4 (100%) [43310/55563 ( 78%)]  Loss: 0.9331 (1.05)  LR: 3.505e-06  Time cost: 3:04:01/52:03 [9:50:30/52:03]  Acc_iter 210000      Data time: 0.00(0.00)  Forward time: 0.26(0.25)  Batch time: 0.26(0.25)
2026-08-14 07:58:58,603   INFO  a1e06a0b30c0                Fri Aug 14 07:58:58 2026  580.173.02
[0] NVIDIA GeForce RTX 3070 | 72°C,  96 % |  6825 /  8192 MB | root(6428M)

2026-08-14 07:59:11,365   INFO  Train:    4/4 (100%) [43360/55563 ( 78%)]  Loss: 1.176 (1.05)  LR: 3.476e-06  Time cost: 3:04:14/51:50 [9:50:43/51:50]  Acc_iter 210050      Data time: 0.00(0.00)  Forward time: 0.28(0.25)  Batch time: 0.28(0.25)
2026-08-14 07:59:24,057   INFO  Train:    4/4 (100%) [43410/55563 ( 78%)]  Loss: 0.9876 (1.05)  LR: 3.448e-06  Time cost: 3:04:26/51:38 [9:50:56/51:38]  Acc_iter 210100      Data time: 0.00(0.00)  Forward time: 0.28(0.25)  Batch time: 0.28(0.25)
2026-08-14 07:59:36,804   INFO  Train:    4/4 (100%) [43460/55563 ( 78%)]  Loss: 1.308 (1.05)  LR: 3.420e-06  Time cost: 3:04:39/51:25 [9:51:08/51:25]  Acc_iter 210150      Data time: 0.00(0.00)  Forward time: 0.25(0.25)  Batch time: 0.25(0.25)
2026-08-14 07:59:37,187   INFO  a1e06a0b30c0                Fri Aug 14 07:59:37 2026  580.173.02
[0] NVIDIA GeForce RTX 3070 | 71°C,  80 % |  6821 /  8192 MB | root(6428M)

2026-08-14 07:59:50,291   INFO  Train:    4/4 (100%) [43510/55563 ( 78%)]  Loss: 1.110 (1.05)  LR: 3.392e-06  Time cost: 3:04:53/51:12 [9:51:22/51:12]  Acc_iter 210200      Data time: 0.00(0.00)  Forward time: 0.28(0.25)  Batch time: 0.28(0.25)
2026-08-14 07:59:57,743   INFO  Save latest model to /OpenPCDet/output/OpenPCDet/tools/cfgs/models/S/F/S_F_N/default/ckpt/latest_model
2026-08-14 08:00:03,219   INFO  Train:    4/4 (100%) [43560/55563 ( 78%)]  Loss: 1.049 (1.05)  LR: 3.364e-06  Time cost: 3:05:06/51:00 [9:51:35/51:00]  Acc_iter 210250      Data time: 0.00(0.00)  Forward time: 0.22(0.25)  Batch time: 0.22(0.25)
2026-08-14 08:00:15,875   INFO  Train:    4/4 (100%) [43610/55563 ( 78%)]  Loss: 0.5818 (1.05)  LR: 3.336e-06  Time cost: 3:05:18/50:47 [9:51:47/50:47]  Acc_iter 210300      Data time: 0.00(0.00)  Forward time: 0.27(0.25)  Batch time: 0.27(0.25)
2026-08-14 08:00:16,299   INFO  a1e06a0b30c0                Fri Aug 14 08:00:16 2026  580.173.02
[0] NVIDIA GeForce RTX 3070 | 71°C,  78 % |  6823 /  8192 MB | root(6428M)

2026-08-14 08:00:28,922   INFO  Train:    4/4 (100%) [43660/55563 ( 79%)]  Loss: 0.8030 (1.05)  LR: 3.308e-06  Time cost: 3:05:31/50:34 [9:52:01/50:34]  Acc_iter 210350      Data time: 0.00(0.00)  Forward time: 0.25(0.25)  Batch time: 0.26(0.25)
2026-08-14 08:00:41,335   INFO  Train:    4/4 (100%) [43710/55563 ( 79%)]  Loss: 1.058 (1.05)  LR: 3.281e-06  Time cost: 3:05:44/50:21 [9:52:13/50:21]  Acc_iter 210400      Data time: 0.00(0.00)  Forward time: 0.23(0.25)  Batch time: 0.23(0.25)
2026-08-14 08:00:53,794   INFO  Train:    4/4 (100%) [43760/55563 ( 79%)]  Loss: 0.7072 (1.05)  LR: 3.253e-06  Time cost: 3:05:56/50:09 [9:52:25/50:09]  Acc_iter 210450      Data time: 0.00(0.00)  Forward time: 0.26(0.25)  Batch time: 0.26(0.25)
2026-08-14 08:00:54,168   INFO  a1e06a0b30c0                Fri Aug 14 08:00:54 2026  580.173.02
[0] NVIDIA GeForce RTX 3070 | 72°C,  78 % |  6825 /  8192 MB | root(6428M)

2026-08-14 08:01:07,163   INFO  Train:    4/4 (100%) [43810/55563 ( 79%)]  Loss: 1.741 (1.05)  LR: 3.226e-06  Time cost: 3:06:09/49:56 [9:52:39/49:56]  Acc_iter 210500      Data time: 0.00(0.00)  Forward time: 0.29(0.25)  Batch time: 0.30(0.25)
2026-08-14 08:01:20,011   INFO  Train:    4/4 (100%) [43860/55563 ( 79%)]  Loss: 1.136 (1.05)  LR: 3.198e-06  Time cost: 3:06:22/49:43 [9:52:52/49:43]  Acc_iter 210550      Data time: 0.00(0.00)  Forward time: 0.28(0.25)  Batch time: 0.28(0.25)
2026-08-14 08:01:32,540   INFO  Train:    4/4 (100%) [43910/55563 ( 79%)]  Loss: 2.559 (1.05)  LR: 3.171e-06  Time cost: 3:06:35/49:30 [9:53:04/49:30]  Acc_iter 210600      Data time: 0.00(0.00)  Forward time: 0.26(0.25)  Batch time: 0.26(0.25)
2026-08-14 08:01:32,916   INFO  a1e06a0b30c0                Fri Aug 14 08:01:32 2026  580.173.02
[0] NVIDIA GeForce RTX 3070 | 67°C,  12 % |  6825 /  8192 MB | root(6428M)

2026-08-14 08:01:45,413   INFO  Train:    4/4 (100%) [43960/55563 ( 79%)]  Loss: 0.4803 (1.05)  LR: 3.144e-06  Time cost: 3:06:48/49:18 [9:53:17/49:18]  Acc_iter 210650      Data time: 0.00(0.00)  Forward time: 0.21(0.25)  Batch time: 0.21(0.25)
2026-08-14 08:01:58,110   INFO  Train:    4/4 (100%) [44010/55563 ( 79%)]  Loss: 0.3757 (1.05)  LR: 3.117e-06  Time cost: 3:07:00/49:05 [9:53:30/49:05]  Acc_iter 210700      Data time: 0.00(0.00)  Forward time: 0.22(0.25)  Batch time: 0.22(0.25)
2026-08-14 08:02:10,965   INFO  Train:    4/4 (100%) [44060/55563 ( 79%)]  Loss: 0.9176 (1.05)  LR: 3.091e-06  Time cost: 3:07:13/48:52 [9:53:43/48:52]  Acc_iter 210750      Data time: 0.00(0.00)  Forward time: 0.27(0.25)  Batch time: 0.27(0.25)
2026-08-14 08:02:11,416   INFO  a1e06a0b30c0                Fri Aug 14 08:02:11 2026  580.173.02
[0] NVIDIA GeForce RTX 3070 | 66°C,  87 % |  6825 /  8192 MB | root(6428M)

2026-08-14 08:02:24,350   INFO  Train:    4/4 (100%) [44110/55563 ( 79%)]  Loss: 1.123 (1.05)  LR: 3.064e-06  Time cost: 3:07:27/48:40 [9:53:56/48:40]  Acc_iter 210800      Data time: 0.00(0.00)  Forward time: 0.26(0.25)  Batch time: 0.26(0.25)
2026-08-14 08:02:36,903   INFO  Train:    4/4 (100%) [44160/55563 ( 79%)]  Loss: 1.436 (1.05)  LR: 3.037e-06  Time cost: 3:07:39/48:27 [9:54:09/48:27]  Acc_iter 210850      Data time: 0.00(0.00)  Forward time: 0.24(0.25)  Batch time: 0.24(0.25)
2026-08-14 08:02:49,503   INFO  Train:    4/4 (100%) [44210/55563 ( 80%)]  Loss: 0.4109 (1.05)  LR: 3.011e-06  Time cost: 3:07:52/48:14 [9:54:21/48:14]  Acc_iter 210900      Data time: 0.00(0.00)  Forward time: 0.22(0.25)  Batch time: 0.22(0.25)
2026-08-14 08:02:49,879   INFO  a1e06a0b30c0                Fri Aug 14 08:02:49 2026  580.173.02
[0] NVIDIA GeForce RTX 3070 | 67°C,   1 % |  6826 /  8192 MB | root(6428M)

2026-08-14 08:03:02,622   INFO  Train:    4/4 (100%) [44260/55563 ( 80%)]  Loss: 0.7658 (1.05)  LR: 2.984e-06  Time cost: 3:08:05/48:01 [9:54:34/48:01]  Acc_iter 210950      Data time: 0.00(0.00)  Forward time: 0.25(0.25)  Batch time: 0.25(0.25)
2026-08-14 08:03:15,635   INFO  Train:    4/4 (100%) [44310/55563 ( 80%)]  Loss: 0.8760 (1.05)  LR: 2.958e-06  Time cost: 3:08:18/47:49 [9:54:47/47:49]  Acc_iter 211000      Data time: 0.00(0.00)  Forward time: 0.29(0.25)  Batch time: 0.29(0.25)
2026-08-14 08:03:27,878   INFO  Train:    4/4 (100%) [44360/55563 ( 80%)]  Loss: 1.514 (1.05)  LR: 2.932e-06  Time cost: 3:08:30/47:36 [9:55:00/47:36]  Acc_iter 211050      Data time: 0.00(0.00)  Forward time: 0.22(0.25)  Batch time: 0.22(0.25)
2026-08-14 08:03:28,239   INFO  a1e06a0b30c0                Fri Aug 14 08:03:28 2026  580.173.02
[0] NVIDIA GeForce RTX 3070 | 72°C,  77 % |  6825 /  8192 MB | root(6428M)

2026-08-14 08:03:40,577   INFO  Train:    4/4 (100%) [44410/55563 ( 80%)]  Loss: 0.7983 (1.05)  LR: 2.906e-06  Time cost: 3:08:43/47:23 [9:55:12/47:23]  Acc_iter 211100      Data time: 0.00(0.00)  Forward time: 0.24(0.25)  Batch time: 0.24(0.25)
2026-08-14 08:03:53,083   INFO  Train:    4/4 (100%) [44460/55563 ( 80%)]  Loss: 0.7446 (1.05)  LR: 2.880e-06  Time cost: 3:08:55/47:10 [9:55:25/47:10]  Acc_iter 211150      Data time: 0.00(0.00)  Forward time: 0.24(0.25)  Batch time: 0.24(0.25)
2026-08-14 08:04:06,047   INFO  Train:    4/4 (100%) [44510/55563 ( 80%)]  Loss: 0.9271 (1.05)  LR: 2.854e-06  Time cost: 3:09:08/46:58 [9:55:38/46:58]  Acc_iter 211200      Data time: 0.00(0.00)  Forward time: 0.24(0.25)  Batch time: 0.24(0.25)
2026-08-14 08:04:06,454   INFO  a1e06a0b30c0                Fri Aug 14 08:04:06 2026  580.173.02
[0] NVIDIA GeForce RTX 3070 | 66°C,  79 % |  6826 /  8192 MB | root(6428M)

2026-08-14 08:04:18,822   INFO  Train:    4/4 (100%) [44560/55563 ( 80%)]  Loss: 0.4130 (1.05)  LR: 2.829e-06  Time cost: 3:09:21/46:45 [9:55:50/46:45]  Acc_iter 211250      Data time: 0.00(0.00)  Forward time: 0.22(0.25)  Batch time: 0.23(0.25)
2026-08-14 08:04:31,217   INFO  Train:    4/4 (100%) [44610/55563 ( 80%)]  Loss: 1.462 (1.05)  LR: 2.803e-06  Time cost: 3:09:34/46:32 [9:56:03/46:32]  Acc_iter 211300      Data time: 0.00(0.00)  Forward time: 0.28(0.25)  Batch time: 0.28(0.25)
2026-08-14 08:04:43,712   INFO  Train:    4/4 (100%) [44660/55563 ( 80%)]  Loss: 0.4180 (1.05)  LR: 2.778e-06  Time cost: 3:09:46/46:19 [9:56:15/46:19]  Acc_iter 211350      Data time: 0.00(0.00)  Forward time: 0.26(0.25)  Batch time: 0.26(0.25)
2026-08-14 08:04:44,086   INFO  a1e06a0b30c0                Fri Aug 14 08:04:44 2026  580.173.02
[0] NVIDIA GeForce RTX 3070 | 73°C,  99 % |  6826 /  8192 MB | root(6428M)

2026-08-14 08:04:57,174   INFO  Train:    4/4 (100%) [44710/55563 ( 80%)]  Loss: 1.446 (1.05)  LR: 2.752e-06  Time cost: 3:09:59/46:07 [9:56:29/46:07]  Acc_iter 211400      Data time: 0.00(0.00)  Forward time: 0.27(0.25)  Batch time: 0.27(0.25)
2026-08-14 08:04:57,567   INFO  Save latest model to /OpenPCDet/output/OpenPCDet/tools/cfgs/models/S/F/S_F_N/default/ckpt/latest_model
2026-08-14 08:05:09,963   INFO  Train:    4/4 (100%) [44760/55563 ( 81%)]  Loss: 0.5101 (1.05)  LR: 2.727e-06  Time cost: 3:10:12/45:54 [9:56:42/45:54]  Acc_iter 211450      Data time: 0.00(0.00)  Forward time: 0.23(0.25)  Batch time: 0.24(0.25)
2026-08-14 08:05:22,403   INFO  Train:    4/4 (100%) [44810/55563 ( 81%)]  Loss: 0.8174 (1.05)  LR: 2.702e-06  Time cost: 3:10:25/45:41 [9:56:54/45:41]  Acc_iter 211500      Data time: 0.00(0.00)  Forward time: 0.26(0.25)  Batch time: 0.26(0.25)
2026-08-14 08:05:22,776   INFO  a1e06a0b30c0                Fri Aug 14 08:05:22 2026  580.173.02
[0] NVIDIA GeForce RTX 3070 | 70°C,  97 % |  6825 /  8192 MB | root(6428M)

2026-08-14 08:05:35,243   INFO  Train:    4/4 (100%) [44860/55563 ( 81%)]  Loss: 1.050 (1.05)  LR: 2.677e-06  Time cost: 3:10:38/45:28 [9:57:07/45:28]  Acc_iter 211550      Data time: 0.00(0.00)  Forward time: 0.25(0.25)  Batch time: 0.25(0.25)
2026-08-14 08:05:47,994   INFO  Train:    4/4 (100%) [44910/55563 ( 81%)]  Loss: 0.9024 (1.05)  LR: 2.652e-06  Time cost: 3:10:50/45:16 [9:57:20/45:16]  Acc_iter 211600      Data time: 0.00(0.00)  Forward time: 0.25(0.25)  Batch time: 0.25(0.25)
2026-08-14 08:06:00,673   INFO  Train:    4/4 (100%) [44960/55563 ( 81%)]  Loss: 2.410 (1.05)  LR: 2.628e-06  Time cost: 3:11:03/45:03 [9:57:32/45:03]  Acc_iter 211650      Data time: 0.00(0.00)  Forward time: 0.21(0.25)  Batch time: 0.21(0.25)
2026-08-14 08:06:01,049   INFO  a1e06a0b30c0                Fri Aug 14 08:06:01 2026  580.173.02
[0] NVIDIA GeForce RTX 3070 | 72°C,  91 % |  6826 /  8192 MB | root(6428M)

2026-08-14 08:06:13,466   INFO  Train:    4/4 (100%) [45010/55563 ( 81%)]  Loss: 0.5579 (1.05)  LR: 2.603e-06  Time cost: 3:11:16/44:50 [9:57:45/44:50]  Acc_iter 211700      Data time: 0.00(0.00)  Forward time: 0.21(0.25)  Batch time: 0.21(0.25)
2026-08-14 08:06:25,994   INFO  Train:    4/4 (100%) [45060/55563 ( 81%)]  Loss: 1.336 (1.05)  LR: 2.579e-06  Time cost: 3:11:28/44:37 [9:57:58/44:37]  Acc_iter 211750      Data time: 0.00(0.00)  Forward time: 0.29(0.25)  Batch time: 0.30(0.25)
2026-08-14 08:06:38,877   INFO  Train:    4/4 (100%) [45110/55563 ( 81%)]  Loss: 1.401 (1.05)  LR: 2.554e-06  Time cost: 3:11:41/44:25 [9:58:10/44:25]  Acc_iter 211800      Data time: 0.00(0.00)  Forward time: 0.27(0.25)  Batch time: 0.28(0.25)
2026-08-14 08:06:39,251   INFO  a1e06a0b30c0                Fri Aug 14 08:06:39 2026  580.173.02
[0] NVIDIA GeForce RTX 3070 | 70°C,  75 % |  6826 /  8192 MB | root(6428M)

2026-08-14 08:06:52,069   INFO  Train:    4/4 (100%) [45160/55563 ( 81%)]  Loss: 0.7824 (1.05)  LR: 2.530e-06  Time cost: 3:11:54/44:12 [9:58:24/44:12]  Acc_iter 211850      Data time: 0.00(0.00)  Forward time: 0.23(0.25)  Batch time: 0.23(0.25)
2026-08-14 08:07:04,395   INFO  Train:    4/4 (100%) [45210/55563 ( 81%)]  Loss: 1.099 (1.05)  LR: 2.506e-06  Time cost: 3:12:07/43:59 [9:58:36/43:59]  Acc_iter 211900      Data time: 0.00(0.00)  Forward time: 0.26(0.25)  Batch time: 0.27(0.25)
2026-08-14 08:07:17,063   INFO  Train:    4/4 (100%) [45260/55563 ( 81%)]  Loss: 4.488 (1.05)  LR: 2.482e-06  Time cost: 3:12:19/43:46 [9:58:49/43:46]  Acc_iter 211950      Data time: 0.00(0.00)  Forward time: 0.27(0.25)  Batch time: 0.27(0.25)
2026-08-14 08:07:17,476   INFO  a1e06a0b30c0                Fri Aug 14 08:07:17 2026  580.173.02
[0] NVIDIA GeForce RTX 3070 | 68°C,  98 % |  6826 /  8192 MB | root(6428M)

2026-08-14 08:07:30,317   INFO  Train:    4/4 (100%) [45310/55563 ( 82%)]  Loss: 1.022 (1.05)  LR: 2.458e-06  Time cost: 3:12:33/43:34 [9:59:02/43:34]  Acc_iter 212000      Data time: 0.00(0.00)  Forward time: 0.27(0.25)  Batch time: 0.27(0.25)
2026-08-14 08:07:42,920   INFO  Train:    4/4 (100%) [45360/55563 ( 82%)]  Loss: 1.297 (1.05)  LR: 2.434e-06  Time cost: 3:12:45/43:21 [9:59:15/43:21]  Acc_iter 212050      Data time: 0.00(0.00)  Forward time: 0.26(0.25)  Batch time: 0.26(0.25)
2026-08-14 08:07:55,639   INFO  Train:    4/4 (100%) [45410/55563 ( 82%)]  Loss: 0.5838 (1.05)  LR: 2.410e-06  Time cost: 3:12:58/43:08 [9:59:27/43:08]  Acc_iter 212100      Data time: 0.00(0.00)  Forward time: 0.24(0.25)  Batch time: 0.24(0.25)
2026-08-14 08:07:56,010   INFO  a1e06a0b30c0                Fri Aug 14 08:07:55 2026  580.173.02
[0] NVIDIA GeForce RTX 3070 | 68°C,  33 % |  6825 /  8192 MB | root(6428M)

2026-08-14 08:08:08,431   INFO  Train:    4/4 (100%) [45460/55563 ( 82%)]  Loss: 0.9647 (1.05)  LR: 2.387e-06  Time cost: 3:13:11/42:55 [9:59:40/42:55]  Acc_iter 212150      Data time: 0.00(0.00)  Forward time: 0.28(0.25)  Batch time: 0.28(0.25)
2026-08-14 08:08:21,211   INFO  Train:    4/4 (100%) [45510/55563 ( 82%)]  Loss: 1.543 (1.05)  LR: 2.363e-06  Time cost: 3:13:23/42:43 [9:59:53/42:43]  Acc_iter 212200      Data time: 0.00(0.00)  Forward time: 0.27(0.25)  Batch time: 0.27(0.25)
2026-08-14 08:08:34,008   INFO  Train:    4/4 (100%) [45560/55563 ( 82%)]  Loss: 1.358 (1.05)  LR: 2.340e-06  Time cost: 3:13:36/42:30 [10:00:06/42:30]  Acc_iter 212250      Data time: 0.00(0.00)  Forward time: 0.22(0.25)  Batch time: 0.23(0.25)
2026-08-14 08:08:34,469   INFO  a1e06a0b30c0                Fri Aug 14 08:08:34 2026  580.173.02
[0] NVIDIA GeForce RTX 3070 | 65°C,  94 % |  6825 /  8192 MB | root(6428M)

2026-08-14 08:08:47,211   INFO  Train:    4/4 (100%) [45610/55563 ( 82%)]  Loss: 0.5924 (1.05)  LR: 2.317e-06  Time cost: 3:13:49/42:17 [10:00:19/42:17]  Acc_iter 212300      Data time: 0.00(0.00)  Forward time: 0.27(0.25)  Batch time: 0.28(0.25)
2026-08-14 08:08:59,616   INFO  Train:    4/4 (100%) [45660/55563 ( 82%)]  Loss: 0.7785 (1.05)  LR: 2.293e-06  Time cost: 3:14:02/42:05 [10:00:31/42:05]  Acc_iter 212350      Data time: 0.00(0.00)  Forward time: 0.29(0.25)  Batch time: 0.29(0.25)
2026-08-14 08:09:12,308   INFO  Train:    4/4 (100%) [45710/55563 ( 82%)]  Loss: 0.7397 (1.05)  LR: 2.270e-06  Time cost: 3:14:15/41:52 [10:00:44/41:52]  Acc_iter 212400      Data time: 0.00(0.00)  Forward time: 0.26(0.25)  Batch time: 0.27(0.25)
2026-08-14 08:09:12,764   INFO  a1e06a0b30c0                Fri Aug 14 08:09:12 2026  580.173.02
[0] NVIDIA GeForce RTX 3070 | 70°C,  90 % |  6825 /  8192 MB | root(6428M)

2026-08-14 08:09:25,723   INFO  Train:    4/4 (100%) [45760/55563 ( 82%)]  Loss: 0.6427 (1.05)  LR: 2.247e-06  Time cost: 3:14:28/41:39 [10:00:57/41:39]  Acc_iter 212450      Data time: 0.00(0.00)  Forward time: 0.24(0.25)  Batch time: 0.24(0.25)
2026-08-14 08:09:38,564   INFO  Train:    4/4 (100%) [45810/55563 ( 82%)]  Loss: 0.8806 (1.05)  LR: 2.225e-06  Time cost: 3:14:41/41:26 [10:01:10/41:26]  Acc_iter 212500      Data time: 0.00(0.00)  Forward time: 0.26(0.25)  Batch time: 0.26(0.25)
2026-08-14 08:09:51,342   INFO  Train:    4/4 (100%) [45860/55563 ( 83%)]  Loss: 0.3972 (1.05)  LR: 2.202e-06  Time cost: 3:14:54/41:14 [10:01:23/41:14]  Acc_iter 212550      Data time: 0.00(0.00)  Forward time: 0.27(0.25)  Batch time: 0.27(0.25)
2026-08-14 08:09:51,713   INFO  a1e06a0b30c0                Fri Aug 14 08:09:51 2026  580.173.02
[0] NVIDIA GeForce RTX 3070 | 72°C,  86 % |  6825 /  8192 MB | root(6428M)

2026-08-14 08:09:57,379   INFO  Save latest model to /OpenPCDet/output/OpenPCDet/tools/cfgs/models/S/F/S_F_N/default/ckpt/latest_model
2026-08-14 08:10:04,409   INFO  Train:    4/4 (100%) [45910/55563 ( 83%)]  Loss: 1.157 (1.05)  LR: 2.179e-06  Time cost: 3:15:07/41:01 [10:01:36/41:01]  Acc_iter 212600      Data time: 0.00(0.00)  Forward time: 0.25(0.25)  Batch time: 0.25(0.25)
2026-08-14 08:10:16,960   INFO  Train:    4/4 (100%) [45960/55563 ( 83%)]  Loss: 0.6674 (1.05)  LR: 2.157e-06  Time cost: 3:15:19/40:48 [10:01:49/40:48]  Acc_iter 212650      Data time: 0.00(0.00)  Forward time: 0.26(0.25)  Batch time: 0.26(0.25)
2026-08-14 08:10:30,060   INFO  Train:    4/4 (100%) [46010/55563 ( 83%)]  Loss: 1.145 (1.05)  LR: 2.135e-06  Time cost: 3:15:32/40:36 [10:02:02/40:36]  Acc_iter 212700      Data time: 0.00(0.00)  Forward time: 0.24(0.25)  Batch time: 0.25(0.26)
2026-08-14 08:10:30,441   INFO  a1e06a0b30c0                Fri Aug 14 08:10:30 2026  580.173.02
[0] NVIDIA GeForce RTX 3070 | 67°C,  81 % |  6827 /  8192 MB | root(6428M)

2026-08-14 08:10:43,042   INFO  Train:    4/4 (100%) [46060/55563 ( 83%)]  Loss: 1.394 (1.05)  LR: 2.113e-06  Time cost: 3:15:45/40:23 [10:02:15/40:23]  Acc_iter 212750      Data time: 0.00(0.00)  Forward time: 0.27(0.25)  Batch time: 0.27(0.26)
2026-08-14 08:10:55,274   INFO  Train:    4/4 (100%) [46110/55563 ( 83%)]  Loss: 0.8679 (1.05)  LR: 2.090e-06  Time cost: 3:15:58/40:10 [10:02:27/40:10]  Acc_iter 212800      Data time: 0.00(0.00)  Forward time: 0.28(0.25)  Batch time: 0.28(0.25)
2026-08-14 08:11:07,699   INFO  Train:    4/4 (100%) [46160/55563 ( 83%)]  Loss: 1.103 (1.05)  LR: 2.068e-06  Time cost: 3:16:10/39:57 [10:02:39/39:57]  Acc_iter 212850      Data time: 0.00(0.00)  Forward time: 0.27(0.25)  Batch time: 0.27(0.25)
2026-08-14 08:11:08,081   INFO  a1e06a0b30c0                Fri Aug 14 08:11:08 2026  580.173.02
[0] NVIDIA GeForce RTX 3070 | 73°C,  99 % |  6826 /  8192 MB | root(6428M)

2026-08-14 08:11:21,038   INFO  Train:    4/4 (100%) [46210/55563 ( 83%)]  Loss: 2.355 (1.05)  LR: 2.047e-06  Time cost: 3:16:23/39:45 [10:02:53/39:45]  Acc_iter 212900      Data time: 0.00(0.00)  Forward time: 0.29(0.25)  Batch time: 0.29(0.26)
2026-08-14 08:11:33,932   INFO  Train:    4/4 (100%) [46260/55563 ( 83%)]  Loss: 1.566 (1.05)  LR: 2.025e-06  Time cost: 3:16:36/39:32 [10:03:06/39:32]  Acc_iter 212950      Data time: 0.00(0.00)  Forward time: 0.26(0.25)  Batch time: 0.26(0.26)
2026-08-14 08:11:46,657   INFO  Train:    4/4 (100%) [46310/55563 ( 83%)]  Loss: 0.6892 (1.05)  LR: 2.003e-06  Time cost: 3:16:49/39:19 [10:03:18/39:19]  Acc_iter 213000      Data time: 0.00(0.00)  Forward time: 0.24(0.25)  Batch time: 0.25(0.26)
2026-08-14 08:11:47,025   INFO  a1e06a0b30c0                Fri Aug 14 08:11:47 2026  580.173.02
[0] NVIDIA GeForce RTX 3070 | 73°C,  23 % |  6827 /  8192 MB | root(6428M)

2026-08-14 08:11:59,566   INFO  Train:    4/4 (100%) [46360/55563 ( 83%)]  Loss: 1.428 (1.05)  LR: 1.982e-06  Time cost: 3:17:02/39:06 [10:03:31/39:06]  Acc_iter 213050      Data time: 0.00(0.00)  Forward time: 0.25(0.25)  Batch time: 0.25(0.26)
2026-08-14 08:12:12,099   INFO  Train:    4/4 (100%) [46410/55563 ( 84%)]  Loss: 0.7858 (1.05)  LR: 1.960e-06  Time cost: 3:17:14/38:54 [10:03:44/38:54]  Acc_iter 213100      Data time: 0.00(0.00)  Forward time: 0.29(0.25)  Batch time: 0.29(0.26)
2026-08-14 08:12:24,705   INFO  Train:    4/4 (100%) [46460/55563 ( 84%)]  Loss: 0.3108 (1.05)  LR: 1.939e-06  Time cost: 3:17:27/38:41 [10:03:56/38:41]  Acc_iter 213150      Data time: 0.00(0.00)  Forward time: 0.23(0.25)  Batch time: 0.23(0.25)
2026-08-14 08:12:25,083   INFO  a1e06a0b30c0                Fri Aug 14 08:12:25 2026  580.173.02
[0] NVIDIA GeForce RTX 3070 | 71°C,  81 % |  6826 /  8192 MB | root(6428M)

2026-08-14 08:12:37,650   INFO  Train:    4/4 (100%) [46510/55563 ( 84%)]  Loss: 1.401 (1.05)  LR: 1.918e-06  Time cost: 3:17:40/38:28 [10:04:09/38:28]  Acc_iter 213200      Data time: 0.00(0.00)  Forward time: 0.28(0.25)  Batch time: 0.28(0.26)
2026-08-14 08:12:50,391   INFO  Train:    4/4 (100%) [46560/55563 ( 84%)]  Loss: 0.9836 (1.05)  LR: 1.897e-06  Time cost: 3:17:53/38:15 [10:04:22/38:15]  Acc_iter 213250      Data time: 0.00(0.00)  Forward time: 0.26(0.25)  Batch time: 0.26(0.26)
2026-08-14 08:13:03,169   INFO  Train:    4/4 (100%) [46610/55563 ( 84%)]  Loss: 0.4011 (1.05)  LR: 1.876e-06  Time cost: 3:18:05/38:03 [10:04:35/38:03]  Acc_iter 213300      Data time: 0.00(0.00)  Forward time: 0.21(0.25)  Batch time: 0.21(0.26)
2026-08-14 08:13:03,548   INFO  a1e06a0b30c0                Fri Aug 14 08:13:03 2026  580.173.02
[0] NVIDIA GeForce RTX 3070 | 69°C,  73 % |  6826 /  8192 MB | root(6428M)

2026-08-14 08:13:16,404   INFO  Train:    4/4 (100%) [46660/55563 ( 84%)]  Loss: 1.073 (1.05)  LR: 1.855e-06  Time cost: 3:18:19/37:50 [10:04:48/37:50]  Acc_iter 213350      Data time: 0.00(0.00)  Forward time: 0.26(0.25)  Batch time: 0.26(0.26)
2026-08-14 08:13:29,151   INFO  Train:    4/4 (100%) [46710/55563 ( 84%)]  Loss: 1.574 (1.05)  LR: 1.834e-06  Time cost: 3:18:31/37:37 [10:05:01/37:37]  Acc_iter 213400      Data time: 0.00(0.00)  Forward time: 0.29(0.25)  Batch time: 0.29(0.26)
2026-08-14 08:13:41,634   INFO  Train:    4/4 (100%) [46760/55563 ( 84%)]  Loss: 1.871 (1.05)  LR: 1.814e-06  Time cost: 3:18:44/37:24 [10:05:13/37:24]  Acc_iter 213450      Data time: 0.00(0.00)  Forward time: 0.27(0.25)  Batch time: 0.27(0.26)
2026-08-14 08:13:41,997   INFO  a1e06a0b30c0                Fri Aug 14 08:13:41 2026  580.173.02
[0] NVIDIA GeForce RTX 3070 | 68°C,  37 % |  6826 /  8192 MB | root(6428M)

2026-08-14 08:13:54,601   INFO  Train:    4/4 (100%) [46810/55563 ( 84%)]  Loss: 1.226 (1.05)  LR: 1.793e-06  Time cost: 3:18:57/37:12 [10:05:26/37:12]  Acc_iter 213500      Data time: 0.00(0.00)  Forward time: 0.26(0.25)  Batch time: 0.27(0.26)
2026-08-14 08:14:07,204   INFO  Train:    4/4 (100%) [46860/55563 ( 84%)]  Loss: 0.9922 (1.05)  LR: 1.773e-06  Time cost: 3:19:09/36:59 [10:05:39/36:59]  Acc_iter 213550      Data time: 0.00(0.00)  Forward time: 0.24(0.25)  Batch time: 0.24(0.26)
2026-08-14 08:14:19,932   INFO  Train:    4/4 (100%) [46910/55563 ( 84%)]  Loss: 0.6427 (1.05)  LR: 1.753e-06  Time cost: 3:19:22/36:46 [10:05:52/36:46]  Acc_iter 213600      Data time: 0.00(0.00)  Forward time: 0.24(0.25)  Batch time: 0.24(0.26)
2026-08-14 08:14:20,307   INFO  a1e06a0b30c0                Fri Aug 14 08:14:20 2026  580.173.02
[0] NVIDIA GeForce RTX 3070 | 73°C,  97 % |  6826 /  8192 MB | root(6428M)

2026-08-14 08:14:32,823   INFO  Train:    4/4 (100%) [46960/55563 ( 85%)]  Loss: 1.137 (1.05)  LR: 1.733e-06  Time cost: 3:19:35/36:33 [10:06:04/36:33]  Acc_iter 213650      Data time: 0.00(0.00)  Forward time: 0.22(0.25)  Batch time: 0.23(0.26)
2026-08-14 08:14:45,492   INFO  Train:    4/4 (100%) [47010/55563 ( 85%)]  Loss: 0.6828 (1.05)  LR: 1.713e-06  Time cost: 3:19:48/36:21 [10:06:17/36:21]  Acc_iter 213700      Data time: 0.00(0.00)  Forward time: 0.25(0.25)  Batch time: 0.25(0.26)
2026-08-14 08:14:57,569   INFO  Save latest model to /OpenPCDet/output/OpenPCDet/tools/cfgs/models/S/F/S_F_N/default/ckpt/latest_model
2026-08-14 08:14:58,627   INFO  Train:    4/4 (100%) [47060/55563 ( 85%)]  Loss: 1.527 (1.05)  LR: 1.693e-06  Time cost: 3:20:01/36:08 [10:06:30/36:08]  Acc_iter 213750      Data time: 0.00(0.00)  Forward time: 0.25(0.25)  Batch time: 0.26(0.26)
2026-08-14 08:14:59,071   INFO  a1e06a0b30c0                Fri Aug 14 08:14:59 2026  580.173.02
[0] NVIDIA GeForce RTX 3070 | 68°C,  52 % |  6826 /  8192 MB | root(6428M)

2026-08-14 08:15:11,589   INFO  Train:    4/4 (100%) [47110/55563 ( 85%)]  Loss: 0.5933 (1.05)  LR: 1.673e-06  Time cost: 3:20:14/35:55 [10:06:43/35:55]  Acc_iter 213800      Data time: 0.00(0.00)  Forward time: 0.25(0.25)  Batch time: 0.25(0.26)
2026-08-14 08:15:24,196   INFO  Train:    4/4 (100%) [47160/55563 ( 85%)]  Loss: 1.281 (1.05)  LR: 1.653e-06  Time cost: 3:20:26/35:42 [10:06:56/35:42]  Acc_iter 213850      Data time: 0.00(0.00)  Forward time: 0.25(0.25)  Batch time: 0.25(0.26)
2026-08-14 08:15:36,868   INFO  Train:    4/4 (100%) [47210/55563 ( 85%)]  Loss: 0.6480 (1.05)  LR: 1.634e-06  Time cost: 3:20:39/35:30 [10:07:08/35:30]  Acc_iter 213900      Data time: 0.00(0.00)  Forward time: 0.26(0.25)  Batch time: 0.26(0.26)
2026-08-14 08:15:37,243   INFO  a1e06a0b30c0                Fri Aug 14 08:15:37 2026  580.173.02
[0] NVIDIA GeForce RTX 3070 | 70°C,  67 % |  6825 /  8192 MB | root(6428M)

2026-08-14 08:15:49,870   INFO  Train:    4/4 (100%) [47260/55563 ( 85%)]  Loss: 0.5325 (1.05)  LR: 1.614e-06  Time cost: 3:20:52/35:17 [10:07:21/35:17]  Acc_iter 213950      Data time: 0.00(0.00)  Forward time: 0.24(0.25)  Batch time: 0.24(0.26)
2026-08-14 08:16:02,770   INFO  Train:    4/4 (100%) [47310/55563 ( 85%)]  Loss: 0.9691 (1.05)  LR: 1.595e-06  Time cost: 3:21:05/35:04 [10:07:34/35:04]  Acc_iter 214000      Data time: 0.00(0.00)  Forward time: 0.22(0.25)  Batch time: 0.22(0.26)
2026-08-14 08:16:15,276   INFO  Train:    4/4 (100%) [47360/55563 ( 85%)]  Loss: 1.234 (1.05)  LR: 1.576e-06  Time cost: 3:21:18/34:51 [10:07:47/34:51]  Acc_iter 214050      Data time: 0.00(0.00)  Forward time: 0.25(0.25)  Batch time: 0.25(0.26)
2026-08-14 08:16:15,645   INFO  a1e06a0b30c0                Fri Aug 14 08:16:15 2026  580.173.02
[0] NVIDIA GeForce RTX 3070 | 71°C,  95 % |  6826 /  8192 MB | root(6428M)

2026-08-14 08:16:27,986   INFO  Train:    4/4 (100%) [47410/55563 ( 85%)]  Loss: 1.229 (1.05)  LR: 1.557e-06  Time cost: 3:21:30/34:39 [10:08:00/34:39]  Acc_iter 214100      Data time: 0.00(0.00)  Forward time: 0.24(0.25)  Batch time: 0.24(0.26)
2026-08-14 08:16:40,625   INFO  Train:    4/4 (100%) [47460/55563 ( 85%)]  Loss: 1.197 (1.05)  LR: 1.538e-06  Time cost: 3:21:43/34:26 [10:08:12/34:26]  Acc_iter 214150      Data time: 0.00(0.00)  Forward time: 0.26(0.25)  Batch time: 0.26(0.26)
2026-08-14 08:16:53,299   INFO  Train:    4/4 (100%) [47510/55563 ( 86%)]  Loss: 0.4465 (1.05)  LR: 1.519e-06  Time cost: 3:21:56/34:13 [10:08:25/34:13]  Acc_iter 214200      Data time: 0.00(0.00)  Forward time: 0.22(0.25)  Batch time: 0.22(0.26)
2026-08-14 08:16:53,672   INFO  a1e06a0b30c0                Fri Aug 14 08:16:53 2026  580.173.02
[0] NVIDIA GeForce RTX 3070 | 71°C,  78 % |  6825 /  8192 MB | root(6428M)

2026-08-14 08:17:06,482   INFO  Train:    4/4 (100%) [47560/55563 ( 86%)]  Loss: 1.010 (1.05)  LR: 1.500e-06  Time cost: 3:22:09/34:00 [10:08:38/34:00]  Acc_iter 214250      Data time: 0.00(0.00)  Forward time: 0.23(0.25)  Batch time: 0.23(0.26)
2026-08-14 08:17:19,065   INFO  Train:    4/4 (100%) [47610/55563 ( 86%)]  Loss: 0.6788 (1.05)  LR: 1.482e-06  Time cost: 3:22:21/33:48 [10:08:51/33:48]  Acc_iter 214300      Data time: 0.00(0.00)  Forward time: 0.23(0.25)  Batch time: 0.23(0.26)
2026-08-14 08:17:31,676   INFO  Train:    4/4 (100%) [47660/55563 ( 86%)]  Loss: 0.6800 (1.05)  LR: 1.463e-06  Time cost: 3:22:34/33:35 [10:09:03/33:35]  Acc_iter 214350      Data time: 0.00(0.00)  Forward time: 0.27(0.25)  Batch time: 0.27(0.26)
2026-08-14 08:17:32,127   INFO  a1e06a0b30c0                Fri Aug 14 08:17:32 2026  580.173.02
[0] NVIDIA GeForce RTX 3070 | 68°C,  50 % |  6826 /  8192 MB | root(6428M)

2026-08-14 08:17:45,118   INFO  Train:    4/4 (100%) [47710/55563 ( 86%)]  Loss: 0.9192 (1.05)  LR: 1.445e-06  Time cost: 3:22:47/33:22 [10:09:17/33:22]  Acc_iter 214400      Data time: 0.00(0.00)  Forward time: 0.23(0.25)  Batch time: 0.23(0.26)
2026-08-14 08:17:57,885   INFO  Train:    4/4 (100%) [47760/55563 ( 86%)]  Loss: 1.326 (1.05)  LR: 1.426e-06  Time cost: 3:23:00/33:10 [10:09:30/33:10]  Acc_iter 214450      Data time: 0.00(0.00)  Forward time: 0.27(0.25)  Batch time: 0.27(0.26)
2026-08-14 08:18:10,459   INFO  Train:    4/4 (100%) [47810/55563 ( 86%)]  Loss: 1.478 (1.05)  LR: 1.408e-06  Time cost: 3:23:13/32:57 [10:09:42/32:57]  Acc_iter 214500      Data time: 0.00(0.00)  Forward time: 0.28(0.25)  Batch time: 0.28(0.26)
2026-08-14 08:18:10,831   INFO  a1e06a0b30c0                Fri Aug 14 08:18:10 2026  580.173.02
[0] NVIDIA GeForce RTX 3070 | 70°C,  77 % |  6825 /  8192 MB | root(6428M)

2026-08-14 08:18:23,584   INFO  Train:    4/4 (100%) [47860/55563 ( 86%)]  Loss: 0.6184 (1.05)  LR: 1.390e-06  Time cost: 3:23:26/32:44 [10:09:55/32:44]  Acc_iter 214550      Data time: 0.00(0.00)  Forward time: 0.25(0.25)  Batch time: 0.25(0.26)
2026-08-14 08:18:36,627   INFO  Train:    4/4 (100%) [47910/55563 ( 86%)]  Loss: 2.726 (1.05)  LR: 1.372e-06  Time cost: 3:23:39/32:31 [10:10:08/32:31]  Acc_iter 214600      Data time: 0.00(0.00)  Forward time: 0.29(0.25)  Batch time: 0.30(0.26)
2026-08-14 08:18:49,750   INFO  Train:    4/4 (100%) [47960/55563 ( 86%)]  Loss: 1.059 (1.05)  LR: 1.354e-06  Time cost: 3:23:52/32:19 [10:10:21/32:19]  Acc_iter 214650      Data time: 0.00(0.00)  Forward time: 0.27(0.25)  Batch time: 0.27(0.26)
2026-08-14 08:18:50,128   INFO  a1e06a0b30c0                Fri Aug 14 08:18:50 2026  580.173.02
[0] NVIDIA GeForce RTX 3070 | 73°C,  98 % |  6826 /  8192 MB | root(6428M)

2026-08-14 08:19:02,689   INFO  Train:    4/4 (100%) [48010/55563 ( 86%)]  Loss: 0.8456 (1.05)  LR: 1.337e-06  Time cost: 3:24:05/32:06 [10:10:34/32:06]  Acc_iter 214700      Data time: 0.00(0.00)  Forward time: 0.23(0.25)  Batch time: 0.23(0.26)
2026-08-14 08:19:15,221   INFO  Train:    4/4 (100%) [48060/55563 ( 86%)]  Loss: 0.6011 (1.05)  LR: 1.319e-06  Time cost: 3:24:18/31:53 [10:10:47/31:53]  Acc_iter 214750      Data time: 0.00(0.00)  Forward time: 0.26(0.25)  Batch time: 0.26(0.26)
2026-08-14 08:19:28,233   INFO  Train:    4/4 (100%) [48110/55563 ( 87%)]  Loss: 0.9807 (1.05)  LR: 1.302e-06  Time cost: 3:24:31/31:40 [10:11:00/31:40]  Acc_iter 214800      Data time: 0.00(0.00)  Forward time: 0.24(0.25)  Batch time: 0.24(0.26)
2026-08-14 08:19:28,677   INFO  a1e06a0b30c0                Fri Aug 14 08:19:28 2026  580.173.02
[0] NVIDIA GeForce RTX 3070 | 73°C,  96 % |  6825 /  8192 MB | root(6428M)

2026-08-14 08:19:41,664   INFO  Train:    4/4 (100%) [48160/55563 ( 87%)]  Loss: 0.8044 (1.05)  LR: 1.284e-06  Time cost: 3:24:44/31:28 [10:11:13/31:28]  Acc_iter 214850      Data time: 0.00(0.00)  Forward time: 0.25(0.25)  Batch time: 0.25(0.26)
2026-08-14 08:19:53,977   INFO  Train:    4/4 (100%) [48210/55563 ( 87%)]  Loss: 0.6050 (1.05)  LR: 1.267e-06  Time cost: 3:24:56/31:15 [10:11:26/31:15]  Acc_iter 214900      Data time: 0.00(0.00)  Forward time: 0.20(0.25)  Batch time: 0.20(0.26)
2026-08-14 08:19:57,386   INFO  Save latest model to /OpenPCDet/output/OpenPCDet/tools/cfgs/models/S/F/S_F_N/default/ckpt/latest_model
2026-08-14 08:20:06,451   INFO  Train:    4/4 (100%) [48260/55563 ( 87%)]  Loss: 1.287 (1.05)  LR: 1.250e-06  Time cost: 3:25:09/31:02 [10:11:38/31:02]  Acc_iter 214950      Data time: 0.00(0.00)  Forward time: 0.27(0.25)  Batch time: 0.27(0.26)
2026-08-14 08:20:06,829   INFO  a1e06a0b30c0                Fri Aug 14 08:20:06 2026  580.173.02
[0] NVIDIA GeForce RTX 3070 | 72°C,  82 % |  6826 /  8192 MB | root(6428M)

2026-08-14 08:20:19,715   INFO  Train:    4/4 (100%) [48310/55563 ( 87%)]  Loss: 0.4311 (1.05)  LR: 1.233e-06  Time cost: 3:25:22/30:49 [10:11:51/30:49]  Acc_iter 215000      Data time: 0.00(0.00)  Forward time: 0.28(0.25)  Batch time: 0.28(0.26)
2026-08-14 08:20:32,639   INFO  Train:    4/4 (100%) [48360/55563 ( 87%)]  Loss: 1.286 (1.05)  LR: 1.216e-06  Time cost: 3:25:35/30:37 [10:12:04/30:37]  Acc_iter 215050      Data time: 0.00(0.00)  Forward time: 0.23(0.25)  Batch time: 0.24(0.26)
2026-08-14 08:20:45,246   INFO  Train:    4/4 (100%) [48410/55563 ( 87%)]  Loss: 4.255 (1.05)  LR: 1.199e-06  Time cost: 3:25:48/30:24 [10:12:17/30:24]  Acc_iter 215100      Data time: 0.00(0.00)  Forward time: 0.19(0.25)  Batch time: 0.20(0.26)
2026-08-14 08:20:45,620   INFO  a1e06a0b30c0                Fri Aug 14 08:20:45 2026  580.173.02
[0] NVIDIA GeForce RTX 3070 | 72°C,  96 % |  6826 /  8192 MB | root(6428M)

2026-08-14 08:20:58,226   INFO  Train:    4/4 (100%) [48460/55563 ( 87%)]  Loss: 0.8851 (1.05)  LR: 1.183e-06  Time cost: 3:26:01/30:11 [10:12:30/30:11]  Acc_iter 215150      Data time: 0.00(0.00)  Forward time: 0.28(0.25)  Batch time: 0.28(0.26)
2026-08-14 08:21:10,594   INFO  Train:    4/4 (100%) [48510/55563 ( 87%)]  Loss: 1.598 (1.05)  LR: 1.166e-06  Time cost: 3:26:13/29:58 [10:12:42/29:58]  Acc_iter 215200      Data time: 0.00(0.00)  Forward time: 0.26(0.25)  Batch time: 0.27(0.26)
2026-08-14 08:21:23,372   INFO  Train:    4/4 (100%) [48560/55563 ( 87%)]  Loss: 0.9596 (1.05)  LR: 1.150e-06  Time cost: 3:26:26/29:46 [10:12:55/29:46]  Acc_iter 215250      Data time: 0.00(0.00)  Forward time: 0.26(0.25)  Batch time: 0.26(0.26)
2026-08-14 08:21:23,804   INFO  a1e06a0b30c0                Fri Aug 14 08:21:23 2026  580.173.02
[0] NVIDIA GeForce RTX 3070 | 72°C,  95 % |  6825 /  8192 MB | root(6428M)

2026-08-14 08:21:36,344   INFO  Train:    4/4 (100%) [48610/55563 ( 87%)]  Loss: 0.8065 (1.05)  LR: 1.134e-06  Time cost: 3:26:39/29:33 [10:13:08/29:33]  Acc_iter 215300      Data time: 0.00(0.00)  Forward time: 0.22(0.25)  Batch time: 0.23(0.26)
2026-08-14 08:21:48,932   INFO  Train:    4/4 (100%) [48660/55563 ( 88%)]  Loss: 1.385 (1.05)  LR: 1.117e-06  Time cost: 3:26:51/29:20 [10:13:21/29:20]  Acc_iter 215350      Data time: 0.00(0.00)  Forward time: 0.28(0.25)  Batch time: 0.28(0.26)
2026-08-14 08:22:01,747   INFO  Train:    4/4 (100%) [48710/55563 ( 88%)]  Loss: 0.9697 (1.05)  LR: 1.101e-06  Time cost: 3:27:04/29:07 [10:13:33/29:07]  Acc_iter 215400      Data time: 0.00(0.00)  Forward time: 0.27(0.25)  Batch time: 0.27(0.26)
2026-08-14 08:22:02,161   INFO  a1e06a0b30c0                Fri Aug 14 08:22:02 2026  580.173.02
[0] NVIDIA GeForce RTX 3070 | 73°C,  98 % |  6825 /  8192 MB | root(6428M)

2026-08-14 08:22:14,701   INFO  Train:    4/4 (100%) [48760/55563 ( 88%)]  Loss: 0.8598 (1.05)  LR: 1.085e-06  Time cost: 3:27:17/28:55 [10:13:46/28:55]  Acc_iter 215450      Data time: 0.00(0.00)  Forward time: 0.23(0.25)  Batch time: 0.24(0.26)
2026-08-14 08:22:27,542   INFO  Train:    4/4 (100%) [48810/55563 ( 88%)]  Loss: 0.7112 (1.05)  LR: 1.070e-06  Time cost: 3:27:30/28:42 [10:13:59/28:42]  Acc_iter 215500      Data time: 0.00(0.00)  Forward time: 0.24(0.25)  Batch time: 0.24(0.26)
2026-08-14 08:22:40,064   INFO  Train:    4/4 (100%) [48860/55563 ( 88%)]  Loss: 0.4315 (1.05)  LR: 1.054e-06  Time cost: 3:27:42/28:29 [10:14:12/28:29]  Acc_iter 215550      Data time: 0.00(0.00)  Forward time: 0.24(0.25)  Batch time: 0.24(0.26)
2026-08-14 08:22:40,425   INFO  a1e06a0b30c0                Fri Aug 14 08:22:40 2026  580.173.02
[0] NVIDIA GeForce RTX 3070 | 66°C,  93 % |  6825 /  8192 MB | root(6428M)

2026-08-14 08:22:53,138   INFO  Train:    4/4 (100%) [48910/55563 ( 88%)]  Loss: 1.208 (1.05)  LR: 1.038e-06  Time cost: 3:27:55/28:17 [10:14:25/28:17]  Acc_iter 215600      Data time: 0.00(0.00)  Forward time: 0.23(0.25)  Batch time: 0.23(0.26)
2026-08-14 08:23:05,692   INFO  Train:    4/4 (100%) [48960/55563 ( 88%)]  Loss: 1.122 (1.05)  LR: 1.023e-06  Time cost: 3:28:08/28:04 [10:14:37/28:04]  Acc_iter 215650      Data time: 0.00(0.00)  Forward time: 0.26(0.25)  Batch time: 0.26(0.26)
2026-08-14 08:23:18,668   INFO  Train:    4/4 (100%) [49010/55563 ( 88%)]  Loss: 1.105 (1.05)  LR: 1.007e-06  Time cost: 3:28:21/27:51 [10:14:50/27:51]  Acc_iter 215700      Data time: 0.00(0.00)  Forward time: 0.27(0.25)  Batch time: 0.27(0.26)
2026-08-14 08:23:19,096   INFO  a1e06a0b30c0                Fri Aug 14 08:23:19 2026  580.173.02
[0] NVIDIA GeForce RTX 3070 | 68°C,  51 % |  6826 /  8192 MB | root(6428M)

2026-08-14 08:23:31,882   INFO  Train:    4/4 (100%) [49060/55563 ( 88%)]  Loss: 1.769 (1.05)  LR: 9.921e-07  Time cost: 3:28:34/27:38 [10:15:04/27:38]  Acc_iter 215750      Data time: 0.00(0.00)  Forward time: 0.22(0.25)  Batch time: 0.23(0.26)
2026-08-14 08:23:44,817   INFO  Train:    4/4 (100%) [49110/55563 ( 88%)]  Loss: 1.468 (1.05)  LR: 9.769e-07  Time cost: 3:28:47/27:26 [10:15:16/27:26]  Acc_iter 215800      Data time: 0.00(0.00)  Forward time: 0.25(0.25)  Batch time: 0.25(0.26)
2026-08-14 08:23:57,516   INFO  Train:    4/4 (100%) [49160/55563 ( 88%)]  Loss: 1.093 (1.05)  LR: 9.619e-07  Time cost: 3:29:00/27:13 [10:15:29/27:13]  Acc_iter 215850      Data time: 0.00(0.00)  Forward time: 0.27(0.25)  Batch time: 0.27(0.26)
2026-08-14 08:23:57,896   INFO  a1e06a0b30c0                Fri Aug 14 08:23:57 2026  580.173.02
[0] NVIDIA GeForce RTX 3070 | 74°C,  95 % |  6825 /  8192 MB | root(6428M)

2026-08-14 08:24:10,626   INFO  Train:    4/4 (100%) [49210/55563 ( 89%)]  Loss: 1.566 (1.05)  LR: 9.470e-07  Time cost: 3:29:13/27:00 [10:15:42/27:00]  Acc_iter 215900      Data time: 0.00(0.00)  Forward time: 0.25(0.25)  Batch time: 0.25(0.26)
2026-08-14 08:24:23,320   INFO  Train:    4/4 (100%) [49260/55563 ( 89%)]  Loss: 1.380 (1.05)  LR: 9.322e-07  Time cost: 3:29:26/26:47 [10:15:55/26:47]  Acc_iter 215950      Data time: 0.00(0.00)  Forward time: 0.28(0.25)  Batch time: 0.28(0.26)
2026-08-14 08:24:36,011   INFO  Train:    4/4 (100%) [49310/55563 ( 89%)]  Loss: 0.5913 (1.05)  LR: 9.176e-07  Time cost: 3:29:38/26:35 [10:16:08/26:35]  Acc_iter 216000      Data time: 0.00(0.00)  Forward time: 0.24(0.25)  Batch time: 0.24(0.26)
2026-08-14 08:24:36,443   INFO  a1e06a0b30c0                Fri Aug 14 08:24:36 2026  580.173.02
[0] NVIDIA GeForce RTX 3070 | 66°C,  82 % |  6826 /  8192 MB | root(6428M)

2026-08-14 08:24:48,972   INFO  Train:    4/4 (100%) [49360/55563 ( 89%)]  Loss: 0.9687 (1.05)  LR: 9.030e-07  Time cost: 3:29:51/26:22 [10:16:21/26:22]  Acc_iter 216050      Data time: 0.00(0.00)  Forward time: 0.25(0.25)  Batch time: 0.25(0.26)
2026-08-14 08:24:57,495   INFO  Save latest model to /OpenPCDet/output/OpenPCDet/tools/cfgs/models/S/F/S_F_N/default/ckpt/latest_model
2026-08-14 08:25:01,868   INFO  Train:    4/4 (100%) [49410/55563 ( 89%)]  Loss: 1.405 (1.05)  LR: 8.886e-07  Time cost: 3:30:04/26:09 [10:16:33/26:09]  Acc_iter 216100      Data time: 0.00(0.00)  Forward time: 0.23(0.25)  Batch time: 0.23(0.26)
2026-08-14 08:25:14,472   INFO  Train:    4/4 (100%) [49460/55563 ( 89%)]  Loss: 1.315 (1.05)  LR: 8.743e-07  Time cost: 3:30:17/25:56 [10:16:46/25:56]  Acc_iter 216150      Data time: 0.00(0.00)  Forward time: 0.22(0.25)  Batch time: 0.22(0.26)
2026-08-14 08:25:14,852   INFO  a1e06a0b30c0                Fri Aug 14 08:25:14 2026  580.173.02
[0] NVIDIA GeForce RTX 3070 | 73°C,  84 % |  6823 /  8192 MB | root(6428M)

2026-08-14 08:25:27,314   INFO  Train:    4/4 (100%) [49510/55563 ( 89%)]  Loss: 0.6750 (1.05)  LR: 8.601e-07  Time cost: 3:30:30/25:44 [10:16:59/25:44]  Acc_iter 216200      Data time: 0.00(0.00)  Forward time: 0.26(0.25)  Batch time: 0.26(0.26)
2026-08-14 08:25:39,732   INFO  Train:    4/4 (100%) [49560/55563 ( 89%)]  Loss: 0.7199 (1.05)  LR: 8.460e-07  Time cost: 3:30:42/25:31 [10:17:11/25:31]  Acc_iter 216250      Data time: 0.00(0.00)  Forward time: 0.22(0.25)  Batch time: 0.22(0.26)
2026-08-14 08:25:52,546   INFO  Train:    4/4 (100%) [49610/55563 ( 89%)]  Loss: 0.7991 (1.05)  LR: 8.320e-07  Time cost: 3:30:55/25:18 [10:17:24/25:18]  Acc_iter 216300      Data time: 0.00(0.00)  Forward time: 0.24(0.25)  Batch time: 0.24(0.26)
2026-08-14 08:25:52,912   INFO  a1e06a0b30c0                Fri Aug 14 08:25:52 2026  580.173.02
[0] NVIDIA GeForce RTX 3070 | 73°C,  96 % |  6825 /  8192 MB | root(6428M)

2026-08-14 08:26:05,766   INFO  Train:    4/4 (100%) [49660/55563 ( 89%)]  Loss: 1.181 (1.05)  LR: 8.181e-07  Time cost: 3:31:08/25:05 [10:17:37/25:05]  Acc_iter 216350      Data time: 0.00(0.00)  Forward time: 0.29(0.25)  Batch time: 0.30(0.26)
2026-08-14 08:26:18,518   INFO  Train:    4/4 (100%) [49710/55563 ( 89%)]  Loss: 1.285 (1.05)  LR: 8.044e-07  Time cost: 3:31:21/24:53 [10:17:50/24:53]  Acc_iter 216400      Data time: 0.00(0.00)  Forward time: 0.28(0.25)  Batch time: 0.28(0.26)
2026-08-14 08:26:30,865   INFO  Train:    4/4 (100%) [49760/55563 ( 90%)]  Loss: 1.178 (1.05)  LR: 7.908e-07  Time cost: 3:31:33/24:40 [10:18:02/24:40]  Acc_iter 216450      Data time: 0.00(0.00)  Forward time: 0.23(0.25)  Batch time: 0.23(0.26)
2026-08-14 08:26:31,235   INFO  a1e06a0b30c0                Fri Aug 14 08:26:31 2026  580.173.02
[0] NVIDIA GeForce RTX 3070 | 72°C,  86 % |  6825 /  8192 MB | root(6428M)

2026-08-14 08:26:44,255   INFO  Train:    4/4 (100%) [49810/55563 ( 90%)]  Loss: 1.127 (1.05)  LR: 7.773e-07  Time cost: 3:31:47/24:27 [10:18:16/24:27]  Acc_iter 216500      Data time: 0.00(0.00)  Forward time: 0.25(0.25)  Batch time: 0.25(0.26)
2026-08-14 08:26:57,104   INFO  Train:    4/4 (100%) [49860/55563 ( 90%)]  Loss: 0.9997 (1.05)  LR: 7.639e-07  Time cost: 3:31:59/24:14 [10:18:29/24:14]  Acc_iter 216550      Data time: 0.00(0.00)  Forward time: 0.26(0.25)  Batch time: 0.26(0.26)
2026-08-14 08:27:09,974   INFO  Train:    4/4 (100%) [49910/55563 ( 90%)]  Loss: 1.410 (1.05)  LR: 7.506e-07  Time cost: 3:32:12/24:02 [10:18:42/24:02]  Acc_iter 216600      Data time: 0.00(0.00)  Forward time: 0.27(0.25)  Batch time: 0.27(0.26)
2026-08-14 08:27:10,349   INFO  a1e06a0b30c0                Fri Aug 14 08:27:10 2026  580.173.02
[0] NVIDIA GeForce RTX 3070 | 71°C,  74 % |  6827 /  8192 MB | root(6428M)

2026-08-14 08:27:22,809   INFO  Train:    4/4 (100%) [49960/55563 ( 90%)]  Loss: 1.320 (1.05)  LR: 7.375e-07  Time cost: 3:32:25/23:49 [10:18:54/23:49]  Acc_iter 216650      Data time: 0.00(0.00)  Forward time: 0.23(0.25)  Batch time: 0.23(0.26)
2026-08-14 08:27:35,220   INFO  Train:    4/4 (100%) [50010/55563 ( 90%)]  Loss: 1.375 (1.05)  LR: 7.244e-07  Time cost: 3:32:38/23:36 [10:19:07/23:36]  Acc_iter 216700      Data time: 0.00(0.00)  Forward time: 0.26(0.25)  Batch time: 0.26(0.26)
2026-08-14 08:27:47,841   INFO  Train:    4/4 (100%) [50060/55563 ( 90%)]  Loss: 1.576 (1.05)  LR: 7.115e-07  Time cost: 3:32:50/23:23 [10:19:19/23:23]  Acc_iter 216750      Data time: 0.00(0.00)  Forward time: 0.28(0.25)  Batch time: 0.28(0.26)
2026-08-14 08:27:48,260   INFO  a1e06a0b30c0                Fri Aug 14 08:27:48 2026  580.173.02
[0] NVIDIA GeForce RTX 3070 | 73°C,  94 % |  6828 /  8192 MB | root(6428M)

2026-08-14 08:28:01,260   INFO  Train:    4/4 (100%) [50110/55563 ( 90%)]  Loss: 0.6333 (1.05)  LR: 6.987e-07  Time cost: 3:33:04/23:11 [10:19:33/23:11]  Acc_iter 216800      Data time: 0.00(0.00)  Forward time: 0.26(0.25)  Batch time: 0.26(0.26)
2026-08-14 08:28:13,581   INFO  Train:    4/4 (100%) [50160/55563 ( 90%)]  Loss: 0.7683 (1.05)  LR: 6.860e-07  Time cost: 3:33:16/22:58 [10:19:45/22:58]  Acc_iter 216850      Data time: 0.00(0.00)  Forward time: 0.27(0.25)  Batch time: 0.27(0.26)
2026-08-14 08:28:26,380   INFO  Train:    4/4 (100%) [50210/55563 ( 90%)]  Loss: 0.6893 (1.05)  LR: 6.734e-07  Time cost: 3:33:29/22:45 [10:19:58/22:45]  Acc_iter 216900      Data time: 0.00(0.00)  Forward time: 0.21(0.25)  Batch time: 0.22(0.26)
2026-08-14 08:28:26,759   INFO  a1e06a0b30c0                Fri Aug 14 08:28:26 2026  580.173.02
[0] NVIDIA GeForce RTX 3070 | 73°C,  71 % |  6827 /  8192 MB | root(6428M)

2026-08-14 08:28:39,319   INFO  Train:    4/4 (100%) [50260/55563 ( 90%)]  Loss: 1.658 (1.05)  LR: 6.610e-07  Time cost: 3:33:42/22:32 [10:20:11/22:32]  Acc_iter 216950      Data time: 0.00(0.00)  Forward time: 0.23(0.25)  Batch time: 0.23(0.26)
2026-08-14 08:28:52,140   INFO  Train:    4/4 (100%) [50310/55563 ( 91%)]  Loss: 0.1831 (1.05)  LR: 6.486e-07  Time cost: 3:33:54/22:20 [10:20:24/22:20]  Acc_iter 217000      Data time: 0.00(0.00)  Forward time: 0.25(0.25)  Batch time: 0.25(0.26)
2026-08-14 08:29:04,811   INFO  Train:    4/4 (100%) [50360/55563 ( 91%)]  Loss: 0.4744 (1.05)  LR: 6.364e-07  Time cost: 3:34:07/22:07 [10:20:36/22:07]  Acc_iter 217050      Data time: 0.00(0.00)  Forward time: 0.24(0.25)  Batch time: 0.24(0.26)
2026-08-14 08:29:05,207   INFO  a1e06a0b30c0                Fri Aug 14 08:29:05 2026  580.173.02
[0] NVIDIA GeForce RTX 3070 | 71°C,  99 % |  6828 /  8192 MB | root(6428M)

2026-08-14 08:29:17,950   INFO  Train:    4/4 (100%) [50410/55563 ( 91%)]  Loss: 0.9596 (1.05)  LR: 6.243e-07  Time cost: 3:34:20/21:54 [10:20:50/21:54]  Acc_iter 217100      Data time: 0.00(0.00)  Forward time: 0.26(0.25)  Batch time: 0.26(0.26)
2026-08-14 08:29:30,322   INFO  Train:    4/4 (100%) [50460/55563 ( 91%)]  Loss: 1.664 (1.05)  LR: 6.123e-07  Time cost: 3:34:33/21:41 [10:21:02/21:41]  Acc_iter 217150      Data time: 0.00(0.00)  Forward time: 0.30(0.25)  Batch time: 0.30(0.26)
2026-08-14 08:29:43,362   INFO  Train:    4/4 (100%) [50510/55563 ( 91%)]  Loss: 0.9231 (1.05)  LR: 6.004e-07  Time cost: 3:34:46/21:29 [10:21:15/21:29]  Acc_iter 217200      Data time: 0.00(0.00)  Forward time: 0.24(0.25)  Batch time: 0.24(0.26)
2026-08-14 08:29:43,777   INFO  a1e06a0b30c0                Fri Aug 14 08:29:43 2026  580.173.02
[0] NVIDIA GeForce RTX 3070 | 71°C,  95 % |  6827 /  8192 MB | root(6428M)

2026-08-14 08:29:56,446   INFO  Train:    4/4 (100%) [50560/55563 ( 91%)]  Loss: 0.6339 (1.05)  LR: 5.887e-07  Time cost: 3:34:59/21:16 [10:21:28/21:16]  Acc_iter 217250      Data time: 0.00(0.00)  Forward time: 0.24(0.25)  Batch time: 0.24(0.26)
2026-08-14 08:29:57,548   INFO  Save latest model to /OpenPCDet/output/OpenPCDet/tools/cfgs/models/S/F/S_F_N/default/ckpt/latest_model
2026-08-14 08:30:09,372   INFO  Train:    4/4 (100%) [50610/55563 ( 91%)]  Loss: 1.258 (1.05)  LR: 5.770e-07  Time cost: 3:35:12/21:03 [10:21:41/21:03]  Acc_iter 217300      Data time: 0.00(0.00)  Forward time: 0.26(0.25)  Batch time: 0.26(0.26)
2026-08-14 08:30:21,937   INFO  Train:    4/4 (100%) [50660/55563 ( 91%)]  Loss: 1.159 (1.05)  LR: 5.655e-07  Time cost: 3:35:24/20:50 [10:21:54/20:50]  Acc_iter 217350      Data time: 0.00(0.00)  Forward time: 0.22(0.25)  Batch time: 0.22(0.26)
2026-08-14 08:30:22,322   INFO  a1e06a0b30c0                Fri Aug 14 08:30:22 2026  580.173.02
[0] NVIDIA GeForce RTX 3070 | 72°C,  72 % |  6826 /  8192 MB | root(6428M)

2026-08-14 08:30:35,175   INFO  Train:    4/4 (100%) [50710/55563 ( 91%)]  Loss: 1.463 (1.05)  LR: 5.541e-07  Time cost: 3:35:37/20:38 [10:22:07/20:38]  Acc_iter 217400      Data time: 0.00(0.00)  Forward time: 0.27(0.25)  Batch time: 0.27(0.26)
2026-08-14 08:30:47,942   INFO  Train:    4/4 (100%) [50760/55563 ( 91%)]  Loss: 0.8680 (1.05)  LR: 5.428e-07  Time cost: 3:35:50/20:25 [10:22:20/20:25]  Acc_iter 217450      Data time: 0.00(0.00)  Forward time: 0.23(0.25)  Batch time: 0.23(0.26)
2026-08-14 08:31:00,713   INFO  Train:    4/4 (100%) [50810/55563 ( 91%)]  Loss: 1.238 (1.05)  LR: 5.316e-07  Time cost: 3:36:03/20:12 [10:22:32/20:12]  Acc_iter 217500      Data time: 0.00(0.00)  Forward time: 0.26(0.25)  Batch time: 0.26(0.26)
2026-08-14 08:31:01,117   INFO  a1e06a0b30c0                Fri Aug 14 08:31:01 2026  580.173.02
[0] NVIDIA GeForce RTX 3070 | 69°C,  45 % |  6826 /  8192 MB | root(6428M)

2026-08-14 08:31:14,266   INFO  Train:    4/4 (100%) [50860/55563 ( 92%)]  Loss: 1.098 (1.05)  LR: 5.206e-07  Time cost: 3:36:17/19:59 [10:22:46/19:59]  Acc_iter 217550      Data time: 0.00(0.00)  Forward time: 0.28(0.25)  Batch time: 0.28(0.26)
2026-08-14 08:31:26,837   INFO  Train:    4/4 (100%) [50910/55563 ( 92%)]  Loss: 0.9796 (1.05)  LR: 5.096e-07  Time cost: 3:36:29/19:47 [10:22:58/19:47]  Acc_iter 217600      Data time: 0.00(0.00)  Forward time: 0.27(0.25)  Batch time: 0.27(0.26)
2026-08-14 08:31:39,488   INFO  Train:    4/4 (100%) [50960/55563 ( 92%)]  Loss: 0.6285 (1.05)  LR: 4.988e-07  Time cost: 3:36:42/19:34 [10:23:11/19:34]  Acc_iter 217650      Data time: 0.00(0.00)  Forward time: 0.26(0.25)  Batch time: 0.26(0.26)
2026-08-14 08:31:39,862   INFO  a1e06a0b30c0                Fri Aug 14 08:31:39 2026  580.173.02
[0] NVIDIA GeForce RTX 3070 | 71°C,  72 % |  6825 /  8192 MB | root(6428M)

2026-08-14 08:31:52,276   INFO  Train:    4/4 (100%) [51010/55563 ( 92%)]  Loss: 0.4466 (1.05)  LR: 4.881e-07  Time cost: 3:36:55/19:21 [10:23:24/19:21]  Acc_iter 217700      Data time: 0.00(0.00)  Forward time: 0.23(0.25)  Batch time: 0.23(0.26)
2026-08-14 08:32:04,874   INFO  Train:    4/4 (100%) [51060/55563 ( 92%)]  Loss: 0.8890 (1.05)  LR: 4.775e-07  Time cost: 3:37:07/19:08 [10:23:36/19:08]  Acc_iter 217750      Data time: 0.00(0.00)  Forward time: 0.25(0.25)  Batch time: 0.25(0.26)
2026-08-14 08:32:17,773   INFO  Train:    4/4 (100%) [51110/55563 ( 92%)]  Loss: 1.090 (1.05)  LR: 4.670e-07  Time cost: 3:37:20/18:56 [10:23:49/18:56]  Acc_iter 217800      Data time: 0.00(0.00)  Forward time: 0.25(0.25)  Batch time: 0.25(0.26)
2026-08-14 08:32:18,161   INFO  a1e06a0b30c0                Fri Aug 14 08:32:18 2026  580.173.02
[0] NVIDIA GeForce RTX 3070 | 74°C, 100 % |  6826 /  8192 MB | root(6428M)

2026-08-14 08:32:30,825   INFO  Train:    4/4 (100%) [51160/55563 ( 92%)]  Loss: 0.6732 (1.05)  LR: 4.567e-07  Time cost: 3:37:33/18:43 [10:24:02/18:43]  Acc_iter 217850      Data time: 0.00(0.00)  Forward time: 0.28(0.25)  Batch time: 0.28(0.26)
2026-08-14 08:32:43,631   INFO  Train:    4/4 (100%) [51210/55563 ( 92%)]  Loss: 1.772 (1.05)  LR: 4.465e-07  Time cost: 3:37:46/18:30 [10:24:15/18:30]  Acc_iter 217900      Data time: 0.00(0.00)  Forward time: 0.26(0.25)  Batch time: 0.26(0.26)
2026-08-14 08:32:56,406   INFO  Train:    4/4 (100%) [51260/55563 ( 92%)]  Loss: 0.9766 (1.05)  LR: 4.363e-07  Time cost: 3:37:59/18:17 [10:24:28/18:17]  Acc_iter 217950      Data time: 0.00(0.00)  Forward time: 0.28(0.25)  Batch time: 0.28(0.26)
2026-08-14 08:32:56,770   INFO  a1e06a0b30c0                Fri Aug 14 08:32:56 2026  580.173.02
[0] NVIDIA GeForce RTX 3070 | 73°C,  85 % |  6825 /  8192 MB | root(6428M)

2026-08-14 08:33:09,478   INFO  Train:    4/4 (100%) [51310/55563 ( 92%)]  Loss: 0.4067 (1.05)  LR: 4.263e-07  Time cost: 3:38:12/18:05 [10:24:41/18:05]  Acc_iter 218000      Data time: 0.00(0.00)  Forward time: 0.21(0.25)  Batch time: 0.21(0.26)
2026-08-14 08:33:22,285   INFO  Train:    4/4 (100%) [51360/55563 ( 92%)]  Loss: 1.343 (1.05)  LR: 4.164e-07  Time cost: 3:38:25/17:52 [10:24:54/17:52]  Acc_iter 218050      Data time: 0.00(0.00)  Forward time: 0.27(0.25)  Batch time: 0.27(0.26)
2026-08-14 08:33:36,158   INFO  Train:    4/4 (100%) [51410/55563 ( 93%)]  Loss: 1.568 (1.05)  LR: 4.067e-07  Time cost: 3:38:38/17:39 [10:25:08/17:39]  Acc_iter 218100      Data time: 0.00(0.00)  Forward time: 0.28(0.25)  Batch time: 0.28(0.26)
2026-08-14 08:33:36,554   INFO  a1e06a0b30c0                Fri Aug 14 08:33:36 2026  580.173.02
[0] NVIDIA GeForce RTX 3070 | 68°C,  94 % |  7071 /  8192 MB | root(6428M)

2026-08-14 08:33:49,737   INFO  Train:    4/4 (100%) [51460/55563 ( 93%)]  Loss: 0.6404 (1.05)  LR: 3.970e-07  Time cost: 3:38:52/17:27 [10:25:21/17:27]  Acc_iter 218150      Data time: 0.00(0.00)  Forward time: 0.28(0.25)  Batch time: 0.29(0.26)
2026-08-14 08:34:02,711   INFO  Train:    4/4 (100%) [51510/55563 ( 93%)]  Loss: 0.7946 (1.05)  LR: 3.875e-07  Time cost: 3:39:05/17:14 [10:25:34/17:14]  Acc_iter 218200      Data time: 0.00(0.00)  Forward time: 0.25(0.25)  Batch time: 0.25(0.26)
2026-08-14 08:34:15,902   INFO  Train:    4/4 (100%) [51560/55563 ( 93%)]  Loss: 1.456 (1.05)  LR: 3.780e-07  Time cost: 3:39:18/17:01 [10:25:48/17:01]  Acc_iter 218250      Data time: 0.00(0.00)  Forward time: 0.34(0.25)  Batch time: 0.34(0.26)
2026-08-14 08:34:16,339   INFO  a1e06a0b30c0                Fri Aug 14 08:34:16 2026  580.173.02
[0] NVIDIA GeForce RTX 3070 | 70°C,  95 % |  7071 /  8192 MB | root(6428M)

2026-08-14 08:34:30,050   INFO  Train:    4/4 (100%) [51610/55563 ( 93%)]  Loss: 0.6667 (1.05)  LR: 3.687e-07  Time cost: 3:39:32/16:48 [10:26:02/16:48]  Acc_iter 218300      Data time: 0.00(0.00)  Forward time: 0.24(0.25)  Batch time: 0.24(0.26)
2026-08-14 08:34:43,298   INFO  Train:    4/4 (100%) [51660/55563 ( 93%)]  Loss: 1.381 (1.05)  LR: 3.595e-07  Time cost: 3:39:46/16:36 [10:26:15/16:36]  Acc_iter 218350      Data time: 0.00(0.00)  Forward time: 0.21(0.25)  Batch time: 0.21(0.26)
2026-08-14 08:34:55,780   INFO  Train:    4/4 (100%) [51710/55563 ( 93%)]  Loss: 1.228 (1.05)  LR: 3.505e-07  Time cost: 3:39:58/16:23 [10:26:27/16:23]  Acc_iter 218400      Data time: 0.00(0.00)  Forward time: 0.28(0.25)  Batch time: 0.28(0.26)
2026-08-14 08:34:56,174   INFO  a1e06a0b30c0                Fri Aug 14 08:34:56 2026  580.173.02
[0] NVIDIA GeForce RTX 3070 | 69°C,  85 % |  7070 /  8192 MB | root(6428M)

2026-08-14 08:34:57,359   INFO  Save latest model to /OpenPCDet/output/OpenPCDet/tools/cfgs/models/S/F/S_F_N/default/ckpt/latest_model
2026-08-14 08:35:09,527   INFO  Train:    4/4 (100%) [51760/55563 ( 93%)]  Loss: 0.7068 (1.05)  LR: 3.415e-07  Time cost: 3:40:12/16:10 [10:26:41/16:10]  Acc_iter 218450      Data time: 0.00(0.00)  Forward time: 0.25(0.25)  Batch time: 0.26(0.26)
2026-08-14 08:35:22,219   INFO  Train:    4/4 (100%) [51810/55563 ( 93%)]  Loss: 1.846 (1.05)  LR: 3.327e-07  Time cost: 3:40:25/15:57 [10:26:54/15:57]  Acc_iter 218500      Data time: 0.00(0.00)  Forward time: 0.29(0.25)  Batch time: 0.29(0.26)
2026-08-14 08:35:35,269   INFO  Train:    4/4 (100%) [51860/55563 ( 93%)]  Loss: 0.6577 (1.05)  LR: 3.239e-07  Time cost: 3:40:38/15:45 [10:27:07/15:45]  Acc_iter 218550      Data time: 0.00(0.00)  Forward time: 0.27(0.25)  Batch time: 0.27(0.26)
2026-08-14 08:35:35,646   INFO  a1e06a0b30c0                Fri Aug 14 08:35:35 2026  580.173.02
[0] NVIDIA GeForce RTX 3070 | 68°C,  79 % |  7069 /  8192 MB | root(6428M)

2026-08-14 08:35:48,524   INFO  Train:    4/4 (100%) [51910/55563 ( 93%)]  Loss: 2.053 (1.05)  LR: 3.153e-07  Time cost: 3:40:51/15:32 [10:27:20/15:32]  Acc_iter 218600      Data time: 0.00(0.00)  Forward time: 0.30(0.25)  Batch time: 0.30(0.26)
2026-08-14 08:36:01,176   INFO  Train:    4/4 (100%) [51960/55563 ( 94%)]  Loss: 1.029 (1.05)  LR: 3.069e-07  Time cost: 3:41:03/15:19 [10:27:33/15:19]  Acc_iter 218650      Data time: 0.00(0.00)  Forward time: 0.25(0.25)  Batch time: 0.25(0.26)
2026-08-14 08:36:14,343   INFO  Train:    4/4 (100%) [52010/55563 ( 94%)]  Loss: 0.7725 (1.05)  LR: 2.985e-07  Time cost: 3:41:17/15:06 [10:27:46/15:06]  Acc_iter 218700      Data time: 0.00(0.00)  Forward time: 0.30(0.25)  Batch time: 0.30(0.26)
2026-08-14 08:36:14,827   INFO  a1e06a0b30c0                Fri Aug 14 08:36:14 2026  580.173.02
[0] NVIDIA GeForce RTX 3070 | 70°C,  99 % |  7069 /  8192 MB | root(6428M)

2026-08-14 08:36:27,865   INFO  Train:    4/4 (100%) [52060/55563 ( 94%)]  Loss: 1.037 (1.05)  LR: 2.902e-07  Time cost: 3:41:30/14:54 [10:27:59/14:54]  Acc_iter 218750      Data time: 0.00(0.00)  Forward time: 0.26(0.25)  Batch time: 0.26(0.26)
2026-08-14 08:36:41,047   INFO  Train:    4/4 (100%) [52110/55563 ( 94%)]  Loss: 2.220 (1.05)  LR: 2.821e-07  Time cost: 3:41:43/14:41 [10:28:13/14:41]  Acc_iter 218800      Data time: 0.00(0.00)  Forward time: 0.26(0.25)  Batch time: 0.26(0.26)
