2026-08-15 11:10:28,703   INFO  **********************Start logging**********************
2026-08-15 11:10:28,703   INFO  CUDA_VISIBLE_DEVICES=ALL
2026-08-15 11:10:28,703   INFO  Training with a single process
2026-08-15 11:10:28,703   INFO  cfg_file         /OpenPCDet/tools/cfgs/models/S/F/S_F_N.yaml
2026-08-15 11:10:28,703   INFO  batch_size       1
2026-08-15 11:10:28,703   INFO  epochs           10
2026-08-15 11:10:28,703   INFO  workers          6
2026-08-15 11:10:28,703   INFO  extra_tag        default
2026-08-15 11:10:28,703   INFO  ckpt             None
2026-08-15 11:10:28,703   INFO  pretrained_model /OpenPCDet/output/cfgs/models/S/F/S_F_K/default/ckpt/checkpoint_epoch_14.pth
2026-08-15 11:10:28,703   INFO  launcher         none
2026-08-15 11:10:28,703   INFO  tcp_port         18888
2026-08-15 11:10:28,704   INFO  sync_bn          False
2026-08-15 11:10:28,704   INFO  fix_random_seed  False
2026-08-15 11:10:28,704   INFO  ckpt_save_interval 1
2026-08-15 11:10:28,704   INFO  local_rank       None
2026-08-15 11:10:28,704   INFO  max_ckpt_save_num 100
2026-08-15 11:10:28,704   INFO  merge_all_iters_to_one_epoch False
2026-08-15 11:10:28,704   INFO  set_cfgs         None
2026-08-15 11:10:28,704   INFO  max_waiting_mins 0
2026-08-15 11:10:28,704   INFO  start_epoch      0
2026-08-15 11:10:28,704   INFO  num_epochs_to_eval 0
2026-08-15 11:10:28,704   INFO  save_to_file     False
2026-08-15 11:10:28,704   INFO  use_tqdm_to_record False
2026-08-15 11:10:28,704   INFO  logger_iter_interval 50
2026-08-15 11:10:28,704   INFO  ckpt_save_time_interval 300
2026-08-15 11:10:28,704   INFO  wo_gpu_stat      False
2026-08-15 11:10:28,704   INFO  use_amp          False
2026-08-15 11:10:28,704   INFO  freeze_backbone  False
2026-08-15 11:10:28,704   INFO  freeze_bn        False
2026-08-15 11:10:28,704   INFO  cfg.ROOT_DIR: /OpenPCDet
2026-08-15 11:10:28,704   INFO  cfg.LOCAL_RANK: 0
2026-08-15 11:10:28,704   INFO  cfg.CLASS_NAMES: ['car', 'pedestrian', 'bicycle']
2026-08-15 11:10:28,704   INFO  ----------- DATA_CONFIG -----------
2026-08-15 11:10:28,704   INFO  cfg.DATA_CONFIG.DATASET: NuScenesDataset
2026-08-15 11:10:28,704   INFO  cfg.DATA_CONFIG.DATA_PATH: ../datasets/nuscenes
2026-08-15 11:10:28,704   INFO  cfg.DATA_CONFIG.VERSION: v1.0-trainval
2026-08-15 11:10:28,704   INFO  cfg.DATA_CONFIG.MAX_SWEEPS: 1
2026-08-15 11:10:28,704   INFO  cfg.DATA_CONFIG.PRED_VELOCITY: False
2026-08-15 11:10:28,704   INFO  cfg.DATA_CONFIG.SET_NAN_VELOCITY_TO_ZEROS: True
2026-08-15 11:10:28,704   INFO  cfg.DATA_CONFIG.FILTER_MIN_POINTS_IN_GT: 1
2026-08-15 11:10:28,704   INFO  ----------- MAP_CLASS_TO_KITTI -----------
2026-08-15 11:10:28,704   INFO  cfg.DATA_CONFIG.MAP_CLASS_TO_KITTI.car: Car
2026-08-15 11:10:28,704   INFO  cfg.DATA_CONFIG.MAP_CLASS_TO_KITTI.pedestrian: Pedestrian
2026-08-15 11:10:28,704   INFO  cfg.DATA_CONFIG.MAP_CLASS_TO_KITTI.bicycle: Cyclist
2026-08-15 11:10:28,704   INFO  ----------- DATA_SPLIT -----------
2026-08-15 11:10:28,704   INFO  cfg.DATA_CONFIG.DATA_SPLIT.train: train
2026-08-15 11:10:28,704   INFO  cfg.DATA_CONFIG.DATA_SPLIT.test: val
2026-08-15 11:10:28,704   INFO  ----------- INFO_PATH -----------
2026-08-15 11:10:28,705   INFO  cfg.DATA_CONFIG.INFO_PATH.train: ['nuscenes_infos_1sweeps_train.pkl']
2026-08-15 11:10:28,705   INFO  cfg.DATA_CONFIG.INFO_PATH.test: ['nuscenes_infos_1sweeps_val.pkl']
2026-08-15 11:10:28,705   INFO  cfg.DATA_CONFIG.POINT_CLOUD_RANGE: [-51.2, -51.2, -3.0, 51.2, 51.2, 1.0]
2026-08-15 11:10:28,705   INFO  cfg.DATA_CONFIG.BALANCED_RESAMPLING: True
2026-08-15 11:10:28,705   INFO  ----------- DATA_AUGMENTOR -----------
2026-08-15 11:10:28,705   INFO  cfg.DATA_CONFIG.DATA_AUGMENTOR.DISABLE_AUG_LIST: ['gt_sampling']
2026-08-15 11:10:28,705   INFO  cfg.DATA_CONFIG.DATA_AUGMENTOR.AUG_CONFIG_LIST: [{'NAME': 'gt_sampling', 'DB_INFO_PATH': ['nuscenes_dbinfos_1sweeps_withvelo.pkl'], 'PREPARE': {'filter_by_min_points': ['car:5', 'bicycle:5', 'pedestrian:5']}, 'SAMPLE_GROUPS': ['car:2', 'bicycle:6', 'pedestrian:2'], 'NUM_POINT_FEATURES': 4, 'DATABASE_WITH_FAKELIDAR': False, 'REMOVE_EXTRA_WIDTH': [0.0, 0.0, 0.0], 'LIMIT_WHOLE_SCENE': True}, {'NAME': 'random_world_flip', 'ALONG_AXIS_LIST': ['x', 'y']}, {'NAME': 'random_world_rotation', 'WORLD_ROT_ANGLE': [-0.3925, 0.3925]}, {'NAME': 'random_world_scaling', 'WORLD_SCALE_RANGE': [0.95, 1.05]}]
2026-08-15 11:10:28,705   INFO  ----------- POINT_FEATURE_ENCODING -----------
2026-08-15 11:10:28,705   INFO  cfg.DATA_CONFIG.POINT_FEATURE_ENCODING.encoding_type: absolute_coordinates_encoding
2026-08-15 11:10:28,705   INFO  cfg.DATA_CONFIG.POINT_FEATURE_ENCODING.used_feature_list: ['x', 'y', 'z', 'intensity']
2026-08-15 11:10:28,705   INFO  cfg.DATA_CONFIG.POINT_FEATURE_ENCODING.src_feature_list: ['x', 'y', 'z', 'intensity']
2026-08-15 11:10:28,705   INFO  cfg.DATA_CONFIG.DATA_PROCESSOR: [{'NAME': 'mask_points_and_boxes_outside_range', 'REMOVE_OUTSIDE_BOXES': True}, {'NAME': 'shuffle_points', 'SHUFFLE_ENABLED': {'train': True, 'test': True}}, {'NAME': 'transform_points_to_voxels', 'VOXEL_SIZE': [0.05, 0.05, 0.1], 'MAX_POINTS_PER_VOXEL': 45, 'MAX_NUMBER_OF_VOXELS': {'train': 60000, 'test': 60000}}]
2026-08-15 11:10:28,705   INFO  cfg.DATA_CONFIG._BASE_CONFIG_: cfgs/dataset_configs/nuscenes_dataset.yaml
2026-08-15 11:10:28,705   INFO  cfg.DATA_CONFIG.SKIPH: True
2026-08-15 11:10:28,705   INFO  ----------- MODEL -----------
2026-08-15 11:10:28,705   INFO  cfg.MODEL.NAME: SECONDNet
2026-08-15 11:10:28,705   INFO  ----------- VFE -----------
2026-08-15 11:10:28,705   INFO  cfg.MODEL.VFE.NAME: MeanVFE
2026-08-15 11:10:28,705   INFO  ----------- BACKBONE_3D -----------
2026-08-15 11:10:28,705   INFO  cfg.MODEL.BACKBONE_3D.NAME: VoxelBackBone8xFocal
2026-08-15 11:10:28,705   INFO  cfg.MODEL.BACKBONE_3D.MASK_MULTI: True
2026-08-15 11:10:28,705   INFO  cfg.MODEL.BACKBONE_3D.ENLARGE_VOXEL_CHANNELS: 64
2026-08-15 11:10:28,705   INFO  ----------- MAP_TO_BEV -----------
2026-08-15 11:10:28,705   INFO  cfg.MODEL.MAP_TO_BEV.NAME: HeightCompression
2026-08-15 11:10:28,705   INFO  cfg.MODEL.MAP_TO_BEV.NUM_BEV_FEATURES: 256
2026-08-15 11:10:28,705   INFO  ----------- BACKBONE_2D -----------
2026-08-15 11:10:28,705   INFO  cfg.MODEL.BACKBONE_2D.NAME: BaseBEVBackbone
2026-08-15 11:10:28,705   INFO  cfg.MODEL.BACKBONE_2D.LAYER_NUMS: [5, 5]
2026-08-15 11:10:28,705   INFO  cfg.MODEL.BACKBONE_2D.LAYER_STRIDES: [1, 2]
2026-08-15 11:10:28,705   INFO  cfg.MODEL.BACKBONE_2D.NUM_FILTERS: [128, 256]
2026-08-15 11:10:28,705   INFO  cfg.MODEL.BACKBONE_2D.UPSAMPLE_STRIDES: [1, 2]
2026-08-15 11:10:28,705   INFO  cfg.MODEL.BACKBONE_2D.NUM_UPSAMPLE_FILTERS: [256, 256]
2026-08-15 11:10:28,705   INFO  ----------- DENSE_HEAD -----------
2026-08-15 11:10:28,705   INFO  cfg.MODEL.DENSE_HEAD.NAME: AnchorHeadSingle
2026-08-15 11:10:28,705   INFO  cfg.MODEL.DENSE_HEAD.CLASS_AGNOSTIC: False
2026-08-15 11:10:28,705   INFO  cfg.MODEL.DENSE_HEAD.USE_DIRECTION_CLASSIFIER: True
2026-08-15 11:10:28,706   INFO  cfg.MODEL.DENSE_HEAD.DIR_OFFSET: 0.78539
2026-08-15 11:10:28,706   INFO  cfg.MODEL.DENSE_HEAD.DIR_LIMIT_OFFSET: 0.0
2026-08-15 11:10:28,706   INFO  cfg.MODEL.DENSE_HEAD.NUM_DIR_BINS: 2
2026-08-15 11:10:28,706   INFO  cfg.MODEL.DENSE_HEAD.ANCHOR_GENERATOR_CONFIG: [{'class_name': 'car', 'anchor_sizes': [[3.9, 1.6, 1.56]], 'anchor_rotations': [0, 1.57], 'anchor_bottom_heights': [-1.78], 'align_center': False, 'feature_map_stride': 8, 'matched_threshold': 0.6, 'unmatched_threshold': 0.45}, {'class_name': 'pedestrian', 'anchor_sizes': [[0.8, 0.6, 1.73]], 'anchor_rotations': [0, 1.57], 'anchor_bottom_heights': [-0.6], 'align_center': False, 'feature_map_stride': 8, 'matched_threshold': 0.5, 'unmatched_threshold': 0.35}, {'class_name': 'bicycle', 'anchor_sizes': [[1.76, 0.6, 1.73]], 'anchor_rotations': [0, 1.57], 'anchor_bottom_heights': [-0.6], 'align_center': False, 'feature_map_stride': 8, 'matched_threshold': 0.5, 'unmatched_threshold': 0.35}]
2026-08-15 11:10:28,706   INFO  ----------- TARGET_ASSIGNER_CONFIG -----------
2026-08-15 11:10:28,706   INFO  cfg.MODEL.DENSE_HEAD.TARGET_ASSIGNER_CONFIG.NAME: AxisAlignedTargetAssigner
2026-08-15 11:10:28,706   INFO  cfg.MODEL.DENSE_HEAD.TARGET_ASSIGNER_CONFIG.POS_FRACTION: -1.0
2026-08-15 11:10:28,706   INFO  cfg.MODEL.DENSE_HEAD.TARGET_ASSIGNER_CONFIG.SAMPLE_SIZE: 512
2026-08-15 11:10:28,706   INFO  cfg.MODEL.DENSE_HEAD.TARGET_ASSIGNER_CONFIG.NORM_BY_NUM_EXAMPLES: False
2026-08-15 11:10:28,706   INFO  cfg.MODEL.DENSE_HEAD.TARGET_ASSIGNER_CONFIG.MATCH_HEIGHT: False
2026-08-15 11:10:28,706   INFO  cfg.MODEL.DENSE_HEAD.TARGET_ASSIGNER_CONFIG.BOX_CODER: ResidualCoder
2026-08-15 11:10:28,706   INFO  ----------- LOSS_CONFIG -----------
2026-08-15 11:10:28,706   INFO  ----------- LOSS_WEIGHTS -----------
2026-08-15 11:10:28,706   INFO  cfg.MODEL.DENSE_HEAD.LOSS_CONFIG.LOSS_WEIGHTS.cls_weight: 1.0
2026-08-15 11:10:28,706   INFO  cfg.MODEL.DENSE_HEAD.LOSS_CONFIG.LOSS_WEIGHTS.loc_weight: 2.0
2026-08-15 11:10:28,706   INFO  cfg.MODEL.DENSE_HEAD.LOSS_CONFIG.LOSS_WEIGHTS.dir_weight: 0.2
2026-08-15 11:10:28,706   INFO  cfg.MODEL.DENSE_HEAD.LOSS_CONFIG.LOSS_WEIGHTS.code_weights: [1.0, 1.0, 1.0, 1.0, 1.0, 1.0, 1.0]
2026-08-15 11:10:28,706   INFO  ----------- POST_PROCESSING -----------
2026-08-15 11:10:28,706   INFO  cfg.MODEL.POST_PROCESSING.RECALL_THRESH_LIST: [0.3, 0.5, 0.7]
2026-08-15 11:10:28,706   INFO  cfg.MODEL.POST_PROCESSING.SCORE_THRESH: 0.1
2026-08-15 11:10:28,706   INFO  cfg.MODEL.POST_PROCESSING.OUTPUT_RAW_SCORE: False
2026-08-15 11:10:28,706   INFO  cfg.MODEL.POST_PROCESSING.EVAL_METRIC: nuscenes
2026-08-15 11:10:28,706   INFO  ----------- NMS_CONFIG -----------
2026-08-15 11:10:28,706   INFO  cfg.MODEL.POST_PROCESSING.NMS_CONFIG.MULTI_CLASSES_NMS: False
2026-08-15 11:10:28,706   INFO  cfg.MODEL.POST_PROCESSING.NMS_CONFIG.NMS_TYPE: nms_gpu
2026-08-15 11:10:28,706   INFO  cfg.MODEL.POST_PROCESSING.NMS_CONFIG.NMS_THRESH: 0.05
2026-08-15 11:10:28,706   INFO  cfg.MODEL.POST_PROCESSING.NMS_CONFIG.NMS_PRE_MAXSIZE: 1000
2026-08-15 11:10:28,706   INFO  cfg.MODEL.POST_PROCESSING.NMS_CONFIG.NMS_POST_MAXSIZE: 100
2026-08-15 11:10:28,706   INFO  ----------- OPTIMIZATION -----------
2026-08-15 11:10:28,706   INFO  cfg.OPTIMIZATION.BATCH_SIZE_PER_GPU: 1
2026-08-15 11:10:28,706   INFO  cfg.OPTIMIZATION.NUM_EPOCHS: 10
2026-08-15 11:10:28,706   INFO  cfg.OPTIMIZATION.OPTIMIZER: adam_onecycle
2026-08-15 11:10:28,706   INFO  cfg.OPTIMIZATION.LR: 0.0003
2026-08-15 11:10:28,706   INFO  cfg.OPTIMIZATION.WEIGHT_DECAY: 0.01
2026-08-15 11:10:28,706   INFO  cfg.OPTIMIZATION.MOMENTUM: 0.9
2026-08-15 11:10:28,706   INFO  cfg.OPTIMIZATION.MOMS: [0.95, 0.85]
2026-08-15 11:10:28,707   INFO  cfg.OPTIMIZATION.PCT_START: 0.2
2026-08-15 11:10:28,707   INFO  cfg.OPTIMIZATION.DIV_FACTOR: 10
2026-08-15 11:10:28,707   INFO  cfg.OPTIMIZATION.DECAY_STEP_LIST: [25, 35]
2026-08-15 11:10:28,707   INFO  cfg.OPTIMIZATION.LR_DECAY: 0.1
2026-08-15 11:10:28,707   INFO  cfg.OPTIMIZATION.LR_CLIP: 1e-07
2026-08-15 11:10:28,707   INFO  cfg.OPTIMIZATION.LR_WARMUP: False
2026-08-15 11:10:28,707   INFO  cfg.OPTIMIZATION.WARMUP_EPOCH: 1
2026-08-15 11:10:28,707   INFO  cfg.OPTIMIZATION.GRAD_NORM_CLIP: 10
2026-08-15 11:10:28,707   INFO  cfg.TAG: S_F_N
2026-08-15 11:10:28,707   INFO  cfg.EXP_GROUP_PATH: OpenPCDet/tools/cfgs/models/S/F
2026-08-15 11:10:28,710   INFO  ----------- Create dataloader & network & optimizer -----------
2026-08-15 11:10:28,710   INFO  Loading NuScenes dataset
2026-08-15 11:10:29,317   INFO  Total samples for NuScenes dataset: 28130
2026-08-15 11:10:29,737   INFO  Total samples after balanced resampling: 55563
2026-08-15 11:10:31,756   INFO  ==> Loading parameters from checkpoint /OpenPCDet/output/cfgs/models/S/F/S_F_K/default/ckpt/checkpoint_epoch_14.pth to GPU
2026-08-15 11:10:31,836   INFO  ==> Checkpoint trained from version: pcdet+0.6.0+233f849+pyd7b5add
2026-08-15 11:10:31,842   INFO  ==> Done (loaded 202/202)
2026-08-15 11:10:31,844   INFO  ==> Loading parameters from checkpoint /OpenPCDet/output/OpenPCDet/tools/cfgs/models/S/F/S_F_N/default/ckpt/checkpoint_epoch_8.pth to GPU
2026-08-15 11:10:31,929   INFO  ==> Loading optimizer parameters from checkpoint /OpenPCDet/output/OpenPCDet/tools/cfgs/models/S/F/S_F_N/default/ckpt/checkpoint_epoch_8.pth to GPU
2026-08-15 11:10:31,947   INFO  ==> Done
2026-08-15 11:10:31,950   INFO  ----------- Model SECONDNet created, param count: 5804840 -----------
2026-08-15 11:10:31,950   INFO  SECONDNet(
  (vfe): MeanVFE()
  (backbone_3d): VoxelBackBone8xFocal(
    (conv_input): SparseSequential(
      (0): SubMConv3d(4, 16, kernel_size=[3, 3, 3], stride=[1, 1, 1], padding=[1, 1, 1], dilation=[1, 1, 1], output_padding=[0, 0, 0], bias=False, algo=ConvAlgo.MaskImplicitGemm)
      (1): BatchNorm1d(16, eps=0.001, momentum=0.01, affine=True, track_running_stats=True)
      (2): ReLU(inplace=True)
    )
    (conv1): SparseSequentialBatchdict(
      (0): SparseSequential(
        (0): SubMConv3d(16, 16, kernel_size=[3, 3, 3], stride=[1, 1, 1], padding=[0, 0, 0], dilation=[1, 1, 1], output_padding=[0, 0, 0], bias=False, algo=ConvAlgo.MaskImplicitGemm)
        (1): BatchNorm1d(16, eps=0.001, momentum=0.01, affine=True, track_running_stats=True)
        (2): ReLU(inplace=True)
      )
      (1): FocalSparseConv(
        (conv): SubMConv3d(16, 16, kernel_size=[3, 3, 3], stride=[1, 1, 1], padding=[0, 0, 0], dilation=[1, 1, 1], output_padding=[0, 0, 0], bias=False, algo=ConvAlgo.MaskImplicitGemm)
        (bn1): BatchNorm1d(16, eps=0.001, momentum=0.01, affine=True, track_running_stats=True)
        (relu): ReLU(inplace=True)
        (focal_loss): FocalLoss()
        (conv_enlarge): SparseSequential(
          (0): SubMConv3d(16, 64, kernel_size=[3, 3, 3], stride=[1, 1, 1], padding=[1, 1, 1], dilation=[1, 1, 1], output_padding=[0, 0, 0], bias=False, algo=ConvAlgo.MaskImplicitGemm)
          (1): BatchNorm1d(64, eps=0.001, momentum=0.01, affine=True, track_running_stats=True)
          (2): ReLU(inplace=True)
        )
        (conv_imp): SubMConv3d(64, 27, kernel_size=[3, 3, 3], stride=[1, 1, 1], padding=[1, 1, 1], dilation=[1, 1, 1], output_padding=[0, 0, 0], bias=False, algo=ConvAlgo.MaskImplicitGemm)
      )
    )
    (conv2): SparseSequentialBatchdict(
      (0): SparseSequential(
        (0): SparseConv3d(16, 32, kernel_size=[3, 3, 3], stride=[2, 2, 2], padding=[1, 1, 1], dilation=[1, 1, 1], output_padding=[0, 0, 0], bias=False, algo=ConvAlgo.MaskImplicitGemm)
        (1): BatchNorm1d(32, eps=0.001, momentum=0.01, affine=True, track_running_stats=True)
        (2): ReLU(inplace=True)
      )
      (1): SparseSequential(
        (0): SubMConv3d(32, 32, kernel_size=[3, 3, 3], stride=[1, 1, 1], padding=[0, 0, 0], dilation=[1, 1, 1], output_padding=[0, 0, 0], bias=False, algo=ConvAlgo.MaskImplicitGemm)
        (1): BatchNorm1d(32, eps=0.001, momentum=0.01, affine=True, track_running_stats=True)
        (2): ReLU(inplace=True)
      )
      (2): SparseSequential(
        (0): SubMConv3d(32, 32, kernel_size=[3, 3, 3], stride=[1, 1, 1], padding=[0, 0, 0], dilation=[1, 1, 1], output_padding=[0, 0, 0], bias=False, algo=ConvAlgo.MaskImplicitGemm)
        (1): BatchNorm1d(32, eps=0.001, momentum=0.01, affine=True, track_running_stats=True)
        (2): ReLU(inplace=True)
      )
      (3): FocalSparseConv(
        (conv): SubMConv3d(32, 32, kernel_size=[3, 3, 3], stride=[1, 1, 1], padding=[0, 0, 0], dilation=[1, 1, 1], output_padding=[0, 0, 0], bias=False, algo=ConvAlgo.MaskImplicitGemm)
        (bn1): BatchNorm1d(32, eps=0.001, momentum=0.01, affine=True, track_running_stats=True)
        (relu): ReLU(inplace=True)
        (focal_loss): FocalLoss()
        (conv_enlarge): SparseSequential(
          (0): SubMConv3d(32, 64, kernel_size=[3, 3, 3], stride=[1, 1, 1], padding=[1, 1, 1], dilation=[1, 1, 1], output_padding=[0, 0, 0], bias=False, algo=ConvAlgo.MaskImplicitGemm)
          (1): BatchNorm1d(64, eps=0.001, momentum=0.01, affine=True, track_running_stats=True)
          (2): ReLU(inplace=True)
        )
        (conv_imp): SubMConv3d(64, 27, kernel_size=[3, 3, 3], stride=[1, 1, 1], padding=[1, 1, 1], dilation=[1, 1, 1], output_padding=[0, 0, 0], bias=False, algo=ConvAlgo.MaskImplicitGemm)
      )
    )
    (conv3): SparseSequentialBatchdict(
      (0): SparseSequential(
        (0): SparseConv3d(32, 64, kernel_size=[3, 3, 3], stride=[2, 2, 2], padding=[1, 1, 1], dilation=[1, 1, 1], output_padding=[0, 0, 0], bias=False, algo=ConvAlgo.MaskImplicitGemm)
        (1): BatchNorm1d(64, eps=0.001, momentum=0.01, affine=True, track_running_stats=True)
        (2): ReLU(inplace=True)
      )
      (1): SparseSequential(
        (0): SubMConv3d(64, 64, kernel_size=[3, 3, 3], stride=[1, 1, 1], padding=[0, 0, 0], dilation=[1, 1, 1], output_padding=[0, 0, 0], bias=False, algo=ConvAlgo.MaskImplicitGemm)
        (1): BatchNorm1d(64, eps=0.001, momentum=0.01, affine=True, track_running_stats=True)
        (2): ReLU(inplace=True)
      )
      (2): SparseSequential(
        (0): SubMConv3d(64, 64, kernel_size=[3, 3, 3], stride=[1, 1, 1], padding=[0, 0, 0], dilation=[1, 1, 1], output_padding=[0, 0, 0], bias=False, algo=ConvAlgo.MaskImplicitGemm)
        (1): BatchNorm1d(64, eps=0.001, momentum=0.01, affine=True, track_running_stats=True)
        (2): ReLU(inplace=True)
      )
      (3): FocalSparseConv(
        (conv): SubMConv3d(64, 64, kernel_size=[3, 3, 3], stride=[1, 1, 1], padding=[0, 0, 0], dilation=[1, 1, 1], output_padding=[0, 0, 0], bias=False, algo=ConvAlgo.MaskImplicitGemm)
        (bn1): BatchNorm1d(64, eps=0.001, momentum=0.01, affine=True, track_running_stats=True)
        (relu): ReLU(inplace=True)
        (focal_loss): FocalLoss()
        (conv_enlarge): SparseSequential(
          (0): SubMConv3d(64, 64, kernel_size=[3, 3, 3], stride=[1, 1, 1], padding=[1, 1, 1], dilation=[1, 1, 1], output_padding=[0, 0, 0], bias=False, algo=ConvAlgo.MaskImplicitGemm)
          (1): BatchNorm1d(64, eps=0.001, momentum=0.01, affine=True, track_running_stats=True)
          (2): ReLU(inplace=True)
        )
        (conv_imp): SubMConv3d(64, 27, kernel_size=[3, 3, 3], stride=[1, 1, 1], padding=[1, 1, 1], dilation=[1, 1, 1], output_padding=[0, 0, 0], bias=False, algo=ConvAlgo.MaskImplicitGemm)
      )
    )
    (conv4): SparseSequentialBatchdict(
      (0): SparseSequential(
        (0): SparseConv3d(64, 64, kernel_size=[3, 3, 3], stride=[2, 2, 2], padding=[0, 1, 1], dilation=[1, 1, 1], output_padding=[0, 0, 0], bias=False, algo=ConvAlgo.MaskImplicitGemm)
        (1): BatchNorm1d(64, eps=0.001, momentum=0.01, affine=True, track_running_stats=True)
        (2): ReLU(inplace=True)
      )
      (1): SparseSequential(
        (0): SubMConv3d(64, 64, kernel_size=[3, 3, 3], stride=[1, 1, 1], padding=[0, 0, 0], dilation=[1, 1, 1], output_padding=[0, 0, 0], bias=False, algo=ConvAlgo.MaskImplicitGemm)
        (1): BatchNorm1d(64, eps=0.001, momentum=0.01, affine=True, track_running_stats=True)
        (2): ReLU(inplace=True)
      )
      (2): SparseSequential(
        (0): SubMConv3d(64, 64, kernel_size=[3, 3, 3], stride=[1, 1, 1], padding=[0, 0, 0], dilation=[1, 1, 1], output_padding=[0, 0, 0], bias=False, algo=ConvAlgo.MaskImplicitGemm)
        (1): BatchNorm1d(64, eps=0.001, momentum=0.01, affine=True, track_running_stats=True)
        (2): ReLU(inplace=True)
      )
    )
    (conv_out): SparseSequential(
      (0): SparseConv3d(64, 128, kernel_size=[3, 1, 1], stride=[2, 1, 1], padding=[0, 0, 0], dilation=[1, 1, 1], output_padding=[0, 0, 0], bias=False, algo=ConvAlgo.MaskImplicitGemm)
      (1): BatchNorm1d(128, eps=0.001, momentum=0.01, affine=True, track_running_stats=True)
      (2): ReLU(inplace=True)
    )
  )
  (map_to_bev_module): HeightCompression()
  (pfe): None
  (backbone_2d): BaseBEVBackbone(
    (blocks): ModuleList(
      (0): Sequential(
        (0): ZeroPad2d((1, 1, 1, 1))
        (1): Conv2d(256, 128, kernel_size=(3, 3), stride=(1, 1), bias=False)
        (2): BatchNorm2d(128, eps=0.001, momentum=0.01, affine=True, track_running_stats=True)
        (3): ReLU()
        (4): Conv2d(128, 128, kernel_size=(3, 3), stride=(1, 1), padding=(1, 1), bias=False)
        (5): BatchNorm2d(128, eps=0.001, momentum=0.01, affine=True, track_running_stats=True)
        (6): ReLU()
        (7): Conv2d(128, 128, kernel_size=(3, 3), stride=(1, 1), padding=(1, 1), bias=False)
        (8): BatchNorm2d(128, eps=0.001, momentum=0.01, affine=True, track_running_stats=True)
        (9): ReLU()
        (10): Conv2d(128, 128, kernel_size=(3, 3), stride=(1, 1), padding=(1, 1), bias=False)
        (11): BatchNorm2d(128, eps=0.001, momentum=0.01, affine=True, track_running_stats=True)
        (12): ReLU()
        (13): Conv2d(128, 128, kernel_size=(3, 3), stride=(1, 1), padding=(1, 1), bias=False)
        (14): BatchNorm2d(128, eps=0.001, momentum=0.01, affine=True, track_running_stats=True)
        (15): ReLU()
        (16): Conv2d(128, 128, kernel_size=(3, 3), stride=(1, 1), padding=(1, 1), bias=False)
        (17): BatchNorm2d(128, eps=0.001, momentum=0.01, affine=True, track_running_stats=True)
        (18): ReLU()
      )
      (1): Sequential(
        (0): ZeroPad2d((1, 1, 1, 1))
        (1): Conv2d(128, 256, kernel_size=(3, 3), stride=(2, 2), bias=False)
        (2): BatchNorm2d(256, eps=0.001, momentum=0.01, affine=True, track_running_stats=True)
        (3): ReLU()
        (4): Conv2d(256, 256, kernel_size=(3, 3), stride=(1, 1), padding=(1, 1), bias=False)
        (5): BatchNorm2d(256, eps=0.001, momentum=0.01, affine=True, track_running_stats=True)
        (6): ReLU()
        (7): Conv2d(256, 256, kernel_size=(3, 3), stride=(1, 1), padding=(1, 1), bias=False)
        (8): BatchNorm2d(256, eps=0.001, momentum=0.01, affine=True, track_running_stats=True)
        (9): ReLU()
        (10): Conv2d(256, 256, kernel_size=(3, 3), stride=(1, 1), padding=(1, 1), bias=False)
        (11): BatchNorm2d(256, eps=0.001, momentum=0.01, affine=True, track_running_stats=True)
        (12): ReLU()
        (13): Conv2d(256, 256, kernel_size=(3, 3), stride=(1, 1), padding=(1, 1), bias=False)
        (14): BatchNorm2d(256, eps=0.001, momentum=0.01, affine=True, track_running_stats=True)
        (15): ReLU()
        (16): Conv2d(256, 256, kernel_size=(3, 3), stride=(1, 1), padding=(1, 1), bias=False)
        (17): BatchNorm2d(256, eps=0.001, momentum=0.01, affine=True, track_running_stats=True)
        (18): ReLU()
      )
    )
    (deblocks): ModuleList(
      (0): Sequential(
        (0): ConvTranspose2d(128, 256, kernel_size=(1, 1), stride=(1, 1), bias=False)
        (1): BatchNorm2d(256, eps=0.001, momentum=0.01, affine=True, track_running_stats=True)
        (2): ReLU()
      )
      (1): Sequential(
        (0): ConvTranspose2d(256, 256, kernel_size=(2, 2), stride=(2, 2), bias=False)
        (1): BatchNorm2d(256, eps=0.001, momentum=0.01, affine=True, track_running_stats=True)
        (2): ReLU()
      )
    )
  )
  (dense_head): AnchorHeadSingle(
    (cls_loss_func): SigmoidFocalClassificationLoss()
    (reg_loss_func): WeightedSmoothL1Loss()
    (dir_loss_func): WeightedCrossEntropyLoss()
    (conv_cls): Conv2d(512, 18, kernel_size=(1, 1), stride=(1, 1))
    (conv_box): Conv2d(512, 42, kernel_size=(1, 1), stride=(1, 1))
    (conv_dir_cls): Conv2d(512, 12, kernel_size=(1, 1), stride=(1, 1))
  )
  (point_head): None
  (roi_head): None
)
2026-08-15 11:10:31,952   INFO  **********************Start training OpenPCDet/tools/cfgs/models/S/F/S_F_N(default)**********************
2026-08-15 11:10:49,152   INFO  Train:    9/10 ( 90%) [   0/55563 (  0%)]  Loss: 0.9329 (0.933)  LR: 4.394e-05  Time cost: 00:15/243:51:30 [00:17/487:43:01]  Acc_iter 444505      Data time: 2.02(2.02)  Forward time: 13.78(13.78)  Batch time: 15.80(15.80)
2026-08-15 11:11:00,348   INFO  Train:    9/10 ( 90%) [  45/55563 (  0%)]  Loss: 1.112 (0.969)  LR: 4.390e-05  Time cost: 00:26/9:03:02 [00:28/18:06:31]  Acc_iter 444550      Data time: 0.00(0.05)  Forward time: 0.26(0.54)  Batch time: 0.26(0.59)
2026-08-15 11:11:12,907   INFO  Train:    9/10 ( 90%) [  95/55563 (  0%)]  Loss: 1.406 (0.930)  LR: 4.387e-05  Time cost: 00:39/6:20:54 [00:40/12:42:28]  Acc_iter 444600      Data time: 0.00(0.02)  Forward time: 0.29(0.39)  Batch time: 0.29(0.41)
2026-08-15 11:11:13,317   INFO  a1e06a0b30c0                Sat Aug 15 11:11:13 2026  580.173.02
[0] NVIDIA GeForce RTX 3070 | 64°C,  96 % |  7548 /  8192 MB | root(6846M)

2026-08-15 11:11:25,725   INFO  Train:    9/10 ( 90%) [ 145/55563 (  0%)]  Loss: 0.4742 (0.909)  LR: 4.383e-05  Time cost: 00:52/5:31:19 [00:53/11:03:31]  Acc_iter 444650      Data time: 0.00(0.02)  Forward time: 0.25(0.34)  Batch time: 0.26(0.36)
2026-08-15 11:11:38,217   INFO  Train:    9/10 ( 90%) [ 195/55563 (  0%)]  Loss: 1.070 (0.912)  LR: 4.379e-05  Time cost: 01:04/5:05:23 [01:06/10:11:51]  Acc_iter 444700      Data time: 0.00(0.01)  Forward time: 0.21(0.32)  Batch time: 0.21(0.33)
2026-08-15 11:11:50,964   INFO  Train:    9/10 ( 90%) [ 245/55563 (  0%)]  Loss: 0.7952 (0.924)  LR: 4.375e-05  Time cost: 01:17/4:50:52 [01:19/9:43:02]  Acc_iter 444750      Data time: 0.00(0.01)  Forward time: 0.22(0.30)  Batch time: 0.22(0.32)
2026-08-15 11:11:51,359   INFO  a1e06a0b30c0                Sat Aug 15 11:11:51 2026  580.173.02
[0] NVIDIA GeForce RTX 3070 | 69°C,  75 % |  7547 /  8192 MB | root(6852M)

2026-08-15 11:12:03,650   INFO  Train:    9/10 ( 90%) [ 295/55563 (  1%)]  Loss: 1.488 (0.926)  LR: 4.372e-05  Time cost: 01:30/4:41:00 [01:31/9:23:30]  Acc_iter 444800      Data time: 0.00(0.01)  Forward time: 0.24(0.29)  Batch time: 0.24(0.31)
2026-08-15 11:12:15,815   INFO  Train:    9/10 ( 90%) [ 345/55563 (  1%)]  Loss: 0.6080 (0.937)  LR: 4.368e-05  Time cost: 01:42/4:32:32 [01:43/9:06:46]  Acc_iter 444850      Data time: 0.00(0.01)  Forward time: 0.26(0.29)  Batch time: 0.26(0.30)
2026-08-15 11:12:28,070   INFO  Train:    9/10 ( 90%) [ 395/55563 (  1%)]  Loss: 0.4156 (0.932)  LR: 4.364e-05  Time cost: 01:54/4:26:21 [01:56/8:54:38]  Acc_iter 444900      Data time: 0.00(0.01)  Forward time: 0.26(0.28)  Batch time: 0.26(0.29)
2026-08-15 11:12:28,454   INFO  a1e06a0b30c0                Sat Aug 15 11:12:28 2026  580.173.02
[0] NVIDIA GeForce RTX 3070 | 63°C,  98 % |  7554 /  8192 MB | root(6852M)

2026-08-15 11:12:41,290   INFO  Train:    9/10 ( 90%) [ 445/55563 (  1%)]  Loss: 0.6379 (0.932)  LR: 4.360e-05  Time cost: 02:07/4:23:31 [02:09/8:49:09]  Acc_iter 444950      Data time: 0.00(0.01)  Forward time: 0.26(0.28)  Batch time: 0.27(0.29)
2026-08-15 11:12:53,604   INFO  Train:    9/10 ( 90%) [ 495/55563 (  1%)]  Loss: 0.6884 (0.937)  LR: 4.357e-05  Time cost: 02:20/4:19:31 [02:21/8:41:22]  Acc_iter 445000      Data time: 0.00(0.01)  Forward time: 0.24(0.28)  Batch time: 0.25(0.28)
2026-08-15 11:13:05,713   INFO  Train:    9/10 ( 90%) [ 545/55563 (  1%)]  Loss: 0.4646 (0.945)  LR: 4.353e-05  Time cost: 02:32/4:15:52 [02:33/8:34:17]  Acc_iter 445050      Data time: 0.00(0.01)  Forward time: 0.29(0.27)  Batch time: 0.29(0.28)
2026-08-15 11:13:06,125   INFO  a1e06a0b30c0                Sat Aug 15 11:13:06 2026  580.173.02
[0] NVIDIA GeForce RTX 3070 | 66°C,  28 % |  7554 /  8192 MB | root(6852M)

2026-08-15 11:13:18,345   INFO  Train:    9/10 ( 90%) [ 595/55563 (  1%)]  Loss: 1.131 (0.942)  LR: 4.349e-05  Time cost: 02:44/4:13:37 [02:46/8:29:58]  Acc_iter 445100      Data time: 0.00(0.01)  Forward time: 0.27(0.27)  Batch time: 0.27(0.28)
2026-08-15 11:13:30,782   INFO  Train:    9/10 ( 90%) [ 645/55563 (  1%)]  Loss: 0.8903 (0.937)  LR: 4.345e-05  Time cost: 02:57/4:11:23 [02:58/8:25:44]  Acc_iter 445150      Data time: 0.00(0.01)  Forward time: 0.27(0.27)  Batch time: 0.27(0.27)
2026-08-15 11:13:42,799   INFO  Train:    9/10 ( 90%) [ 695/55563 (  1%)]  Loss: 0.7526 (0.939)  LR: 4.342e-05  Time cost: 03:09/4:08:54 [03:10/8:20:58]  Acc_iter 445200      Data time: 0.00(0.01)  Forward time: 0.27(0.27)  Batch time: 0.27(0.27)
2026-08-15 11:13:43,201   INFO  a1e06a0b30c0                Sat Aug 15 11:13:43 2026  580.173.02
[0] NVIDIA GeForce RTX 3070 | 72°C,  99 % |  7311 /  8192 MB | root(6852M)

2026-08-15 11:13:55,870   INFO  Train:    9/10 ( 90%) [ 745/55563 (  1%)]  Loss: 0.6411 (0.938)  LR: 4.338e-05  Time cost: 03:22/4:08:01 [03:23/8:19:25]  Acc_iter 445250      Data time: 0.00(0.01)  Forward time: 0.26(0.26)  Batch time: 0.26(0.27)
2026-08-15 11:14:08,328   INFO  Train:    9/10 ( 90%) [ 795/55563 (  1%)]  Loss: 1.213 (0.940)  LR: 4.334e-05  Time cost: 03:34/4:06:31 [03:36/8:16:37]  Acc_iter 445300      Data time: 0.00(0.01)  Forward time: 0.23(0.26)  Batch time: 0.23(0.27)
2026-08-15 11:14:20,836   INFO  Train:    9/10 ( 90%) [ 845/55563 (  2%)]  Loss: 0.8542 (0.943)  LR: 4.331e-05  Time cost: 03:47/4:05:13 [03:48/8:14:13]  Acc_iter 445350      Data time: 0.00(0.01)  Forward time: 0.25(0.26)  Batch time: 0.25(0.27)
2026-08-15 11:14:21,324   INFO  a1e06a0b30c0                Sat Aug 15 11:14:21 2026  580.173.02
[0] NVIDIA GeForce RTX 3070 | 70°C,  94 % |  7556 /  8192 MB | root(6852M)

2026-08-15 11:14:34,196   INFO  Train:    9/10 ( 90%) [ 895/55563 (  2%)]  Loss: 0.6142 (0.945)  LR: 4.327e-05  Time cost: 04:00/4:04:54 [04:02/8:13:50]  Acc_iter 445400      Data time: 0.00(0.01)  Forward time: 0.24(0.26)  Batch time: 0.25(0.27)
2026-08-15 11:14:46,628   INFO  Train:    9/10 ( 90%) [ 945/55563 (  2%)]  Loss: 1.247 (0.947)  LR: 4.323e-05  Time cost: 04:13/4:03:43 [04:14/8:11:39]  Acc_iter 445450      Data time: 0.00(0.01)  Forward time: 0.26(0.26)  Batch time: 0.26(0.27)
2026-08-15 11:14:59,060   INFO  Train:    9/10 ( 90%) [ 995/55563 (  2%)]  Loss: 1.365 (0.946)  LR: 4.319e-05  Time cost: 04:25/4:02:37 [04:27/8:09:40]  Acc_iter 445500      Data time: 0.00(0.01)  Forward time: 0.24(0.26)  Batch time: 0.24(0.27)
2026-08-15 11:14:59,437   INFO  a1e06a0b30c0                Sat Aug 15 11:14:59 2026  580.173.02
[0] NVIDIA GeForce RTX 3070 | 71°C,  95 % |  7558 /  8192 MB | root(6852M)

2026-08-15 11:15:11,902   INFO  Train:    9/10 ( 90%) [1045/55563 (  2%)]  Loss: 0.5771 (0.949)  LR: 4.316e-05  Time cost: 04:38/4:01:58 [04:39/8:08:34]  Acc_iter 445550      Data time: 0.00(0.01)  Forward time: 0.24(0.26)  Batch time: 0.25(0.27)
2026-08-15 11:15:24,564   INFO  Train:    9/10 ( 90%) [1095/55563 (  2%)]  Loss: 0.7760 (0.948)  LR: 4.312e-05  Time cost: 04:51/4:01:12 [04:52/8:07:15]  Acc_iter 445600      Data time: 0.00(0.01)  Forward time: 0.27(0.26)  Batch time: 0.27(0.27)
2026-08-15 11:15:33,466   INFO  Save latest model to /OpenPCDet/output/OpenPCDet/tools/cfgs/models/S/F/S_F_N/default/ckpt/latest_model
2026-08-15 11:15:37,159   INFO  Train:    9/10 ( 90%) [1145/55563 (  2%)]  Loss: 1.090 (0.948)  LR: 4.308e-05  Time cost: 05:03/4:00:26 [05:05/8:05:56]  Acc_iter 445650      Data time: 0.00(0.01)  Forward time: 0.21(0.26)  Batch time: 0.21(0.27)
2026-08-15 11:15:37,547   INFO  a1e06a0b30c0                Sat Aug 15 11:15:37 2026  580.173.02
[0] NVIDIA GeForce RTX 3070 | 65°C,  94 % |  7554 /  8192 MB | root(6852M)

2026-08-15 11:15:50,224   INFO  Train:    9/10 ( 90%) [1195/55563 (  2%)]  Loss: 0.8188 (0.947)  LR: 4.304e-05  Time cost: 05:16/4:00:04 [05:18/8:05:25]  Acc_iter 445700      Data time: 0.00(0.01)  Forward time: 0.26(0.26)  Batch time: 0.26(0.26)
2026-08-15 11:16:02,504   INFO  Train:    9/10 ( 90%) [1245/55563 (  2%)]  Loss: 0.4597 (0.945)  LR: 4.301e-05  Time cost: 05:29/3:59:09 [05:30/8:03:46]  Acc_iter 445750      Data time: 0.00(0.01)  Forward time: 0.25(0.26)  Batch time: 0.25(0.26)
2026-08-15 11:16:15,037   INFO  Train:    9/10 ( 90%) [1295/55563 (  2%)]  Loss: 0.7030 (0.947)  LR: 4.297e-05  Time cost: 05:41/3:58:27 [05:43/8:02:36]  Acc_iter 445800      Data time: 0.00(0.01)  Forward time: 0.25(0.26)  Batch time: 0.25(0.26)
2026-08-15 11:16:15,447   INFO  a1e06a0b30c0                Sat Aug 15 11:16:15 2026  580.173.02
[0] NVIDIA GeForce RTX 3070 | 72°C,  76 % |  7554 /  8192 MB | root(6852M)

2026-08-15 11:16:27,988   INFO  Train:    9/10 ( 90%) [1345/55563 (  2%)]  Loss: 0.9709 (0.944)  LR: 4.293e-05  Time cost: 05:54/3:58:05 [05:56/8:02:04]  Acc_iter 445850      Data time: 0.00(0.01)  Forward time: 0.24(0.26)  Batch time: 0.24(0.26)
2026-08-15 11:16:40,120   INFO  Train:    9/10 ( 90%) [1395/55563 (  3%)]  Loss: 1.322 (0.942)  LR: 4.290e-05  Time cost: 06:06/3:57:11 [06:08/8:00:29]  Acc_iter 445900      Data time: 0.00(0.01)  Forward time: 0.29(0.26)  Batch time: 0.29(0.26)
2026-08-15 11:16:52,534   INFO  Train:    9/10 ( 90%) [1445/55563 (  3%)]  Loss: 1.857 (0.948)  LR: 4.286e-05  Time cost: 06:19/3:56:31 [06:20/7:59:21]  Acc_iter 445950      Data time: 0.00(0.01)  Forward time: 0.29(0.26)  Batch time: 0.29(0.26)
2026-08-15 11:16:53,024   INFO  a1e06a0b30c0                Sat Aug 15 11:16:53 2026  580.173.02
[0] NVIDIA GeForce RTX 3070 | 64°C,   5 % |  7565 /  8192 MB | root(6852M)

2026-08-15 11:17:05,730   INFO  Train:    9/10 ( 90%) [1495/55563 (  3%)]  Loss: 1.132 (0.950)  LR: 4.282e-05  Time cost: 06:32/3:56:21 [06:33/7:59:14]  Acc_iter 446000      Data time: 0.00(0.01)  Forward time: 0.27(0.26)  Batch time: 0.27(0.26)
2026-08-15 11:17:18,471   INFO  Train:    9/10 ( 90%) [1545/55563 (  3%)]  Loss: 1.351 (0.951)  LR: 4.278e-05  Time cost: 06:45/3:55:55 [06:46/7:58:34]  Acc_iter 446050      Data time: 0.00(0.01)  Forward time: 0.25(0.26)  Batch time: 0.25(0.26)
2026-08-15 11:17:30,795   INFO  Train:    9/10 ( 90%) [1595/55563 (  3%)]  Loss: 0.7983 (0.953)  LR: 4.275e-05  Time cost: 06:57/3:55:15 [06:58/7:57:28]  Acc_iter 446100      Data time: 0.00(0.01)  Forward time: 0.22(0.26)  Batch time: 0.22(0.26)
2026-08-15 11:17:31,179   INFO  a1e06a0b30c0                Sat Aug 15 11:17:31 2026  580.173.02
[0] NVIDIA GeForce RTX 3070 | 71°C,  93 % |  7544 /  8192 MB | root(6852M)

2026-08-15 11:17:43,464   INFO  Train:    9/10 ( 90%) [1645/55563 (  3%)]  Loss: 4.147 (0.954)  LR: 4.271e-05  Time cost: 07:10/3:54:49 [07:11/7:56:48]  Acc_iter 446150      Data time: 0.00(0.01)  Forward time: 0.27(0.26)  Batch time: 0.28(0.26)
2026-08-15 11:17:56,011   INFO  Train:    9/10 ( 90%) [1695/55563 (  3%)]  Loss: 0.6557 (0.954)  LR: 4.267e-05  Time cost: 07:22/3:54:19 [07:24/7:56:01]  Acc_iter 446200      Data time: 0.00(0.01)  Forward time: 0.25(0.26)  Batch time: 0.25(0.26)
2026-08-15 11:18:08,995   INFO  Train:    9/10 ( 90%) [1745/55563 (  3%)]  Loss: 0.8983 (0.954)  LR: 4.264e-05  Time cost: 07:35/3:54:04 [07:37/7:55:44]  Acc_iter 446250      Data time: 0.00(0.01)  Forward time: 0.26(0.26)  Batch time: 0.26(0.26)
2026-08-15 11:18:09,496   INFO  a1e06a0b30c0                Sat Aug 15 11:18:09 2026  580.173.02
[0] NVIDIA GeForce RTX 3070 | 64°C,  68 % |  7543 /  8192 MB | root(6852M)

2026-08-15 11:18:21,955   INFO  Train:    9/10 ( 90%) [1795/55563 (  3%)]  Loss: 1.942 (0.952)  LR: 4.260e-05  Time cost: 07:48/3:53:48 [07:50/7:55:26]  Acc_iter 446300      Data time: 0.00(0.01)  Forward time: 0.26(0.26)  Batch time: 0.26(0.26)
2026-08-15 11:18:34,306   INFO  Train:    9/10 ( 90%) [1845/55563 (  3%)]  Loss: 0.7491 (0.953)  LR: 4.256e-05  Time cost: 08:00/3:53:15 [08:02/7:54:31]  Acc_iter 446350      Data time: 0.00(0.01)  Forward time: 0.21(0.26)  Batch time: 0.21(0.26)
2026-08-15 11:18:46,854   INFO  Train:    9/10 ( 90%) [1895/55563 (  3%)]  Loss: 0.8903 (0.950)  LR: 4.253e-05  Time cost: 08:13/3:52:49 [08:14/7:53:51]  Acc_iter 446400      Data time: 0.00(0.01)  Forward time: 0.23(0.26)  Batch time: 0.24(0.26)
2026-08-15 11:18:47,250   INFO  a1e06a0b30c0                Sat Aug 15 11:18:47 2026  580.173.02
[0] NVIDIA GeForce RTX 3070 | 72°C,  96 % |  7543 /  8192 MB | root(6852M)

2026-08-15 11:18:59,655   INFO  Train:    9/10 ( 90%) [1945/55563 (  4%)]  Loss: 0.5249 (0.950)  LR: 4.249e-05  Time cost: 08:26/3:52:30 [08:27/7:53:26]  Acc_iter 446450      Data time: 0.00(0.01)  Forward time: 0.22(0.26)  Batch time: 0.22(0.26)
2026-08-15 11:19:11,993   INFO  Train:    9/10 ( 90%) [1995/55563 (  4%)]  Loss: 0.5520 (0.949)  LR: 4.245e-05  Time cost: 08:38/3:51:59 [08:40/7:52:36]  Acc_iter 446500      Data time: 0.00(0.01)  Forward time: 0.27(0.25)  Batch time: 0.27(0.26)
2026-08-15 11:19:24,134   INFO  Train:    9/10 ( 90%) [2045/55563 (  4%)]  Loss: 0.3714 (0.950)  LR: 4.241e-05  Time cost: 08:50/3:51:23 [08:52/7:51:38]  Acc_iter 446550      Data time: 0.00(0.00)  Forward time: 0.23(0.25)  Batch time: 0.24(0.26)
2026-08-15 11:19:24,519   INFO  a1e06a0b30c0                Sat Aug 15 11:19:24 2026  580.173.02
[0] NVIDIA GeForce RTX 3070 | 66°C,  62 % |  7461 /  8192 MB | root(6852M)

2026-08-15 11:19:36,897   INFO  Train:    9/10 ( 90%) [2095/55563 (  4%)]  Loss: 0.8032 (0.952)  LR: 4.238e-05  Time cost: 09:03/3:51:05 [09:04/7:51:14]  Acc_iter 446600      Data time: 0.00(0.01)  Forward time: 0.26(0.25)  Batch time: 0.27(0.26)
2026-08-15 11:19:49,173   INFO  Train:    9/10 ( 90%) [2145/55563 (  4%)]  Loss: 1.120 (0.953)  LR: 4.234e-05  Time cost: 09:15/3:50:35 [09:17/7:50:26]  Acc_iter 446650      Data time: 0.00(0.00)  Forward time: 0.26(0.25)  Batch time: 0.26(0.26)
2026-08-15 11:20:01,582   INFO  Train:    9/10 ( 90%) [2195/55563 (  4%)]  Loss: 1.156 (0.952)  LR: 4.230e-05  Time cost: 09:28/3:50:09 [09:29/7:49:46]  Acc_iter 446700      Data time: 0.00(0.00)  Forward time: 0.26(0.25)  Batch time: 0.27(0.26)
2026-08-15 11:20:01,971   INFO  a1e06a0b30c0                Sat Aug 15 11:20:01 2026  580.173.02
[0] NVIDIA GeForce RTX 3070 | 72°C,  90 % |  7300 /  8192 MB | root(6852M)

2026-08-15 11:20:14,438   INFO  Train:    9/10 ( 90%) [2245/55563 (  4%)]  Loss: 0.9619 (0.954)  LR: 4.227e-05  Time cost: 09:41/3:49:54 [09:42/7:49:29]  Acc_iter 446750      Data time: 0.00(0.00)  Forward time: 0.22(0.25)  Batch time: 0.22(0.26)
2026-08-15 11:20:26,615   INFO  Train:    9/10 ( 90%) [2295/55563 (  4%)]  Loss: 0.7042 (0.956)  LR: 4.223e-05  Time cost: 09:53/3:49:23 [09:54/7:48:40]  Acc_iter 446800      Data time: 0.00(0.00)  Forward time: 0.25(0.25)  Batch time: 0.25(0.26)
2026-08-15 11:20:33,662   INFO  Save latest model to /OpenPCDet/output/OpenPCDet/tools/cfgs/models/S/F/S_F_N/default/ckpt/latest_model
2026-08-15 11:20:39,175   INFO  Train:    9/10 ( 90%) [2345/55563 (  4%)]  Loss: 0.6758 (0.955)  LR: 4.219e-05  Time cost: 10:05/3:49:02 [10:07/7:48:11]  Acc_iter 446850      Data time: 0.00(0.00)  Forward time: 0.27(0.25)  Batch time: 0.27(0.26)
2026-08-15 11:20:39,627   INFO  a1e06a0b30c0                Sat Aug 15 11:20:39 2026  580.173.02
[0] NVIDIA GeForce RTX 3070 | 67°C,  95 % |  7302 /  8192 MB | root(6852M)

2026-08-15 11:20:52,325   INFO  Train:    9/10 ( 90%) [2395/55563 (  4%)]  Loss: 0.5950 (0.954)  LR: 4.216e-05  Time cost: 10:18/3:48:55 [10:20/7:48:09]  Acc_iter 446900      Data time: 0.00(0.00)  Forward time: 0.26(0.25)  Batch time: 0.26(0.26)
2026-08-15 11:21:04,515   INFO  Train:    9/10 ( 90%) [2445/55563 (  4%)]  Loss: 0.7935 (0.955)  LR: 4.212e-05  Time cost: 10:31/3:48:26 [10:32/7:47:23]  Acc_iter 446950      Data time: 0.00(0.00)  Forward time: 0.26(0.25)  Batch time: 0.26(0.26)
2026-08-15 11:21:16,767   INFO  Train:    9/10 ( 90%) [2495/55563 (  4%)]  Loss: 0.9149 (0.953)  LR: 4.208e-05  Time cost: 10:43/3:47:59 [10:44/7:46:42]  Acc_iter 447000      Data time: 0.00(0.00)  Forward time: 0.26(0.25)  Batch time: 0.26(0.26)
2026-08-15 11:21:17,149   INFO  a1e06a0b30c0                Sat Aug 15 11:21:17 2026  580.173.02
[0] NVIDIA GeForce RTX 3070 | 67°C,  39 % |  7302 /  8192 MB | root(6852M)

2026-08-15 11:21:29,278   INFO  Train:    9/10 ( 90%) [2545/55563 (  5%)]  Loss: 0.8881 (0.950)  LR: 4.205e-05  Time cost: 10:55/3:47:39 [10:57/7:46:13]  Acc_iter 447050      Data time: 0.00(0.00)  Forward time: 0.22(0.25)  Batch time: 0.22(0.26)
2026-08-15 11:21:41,573   INFO  Train:    9/10 ( 90%) [2595/55563 (  5%)]  Loss: 0.4026 (0.950)  LR: 4.201e-05  Time cost: 11:08/3:47:14 [11:09/7:45:36]  Acc_iter 447100      Data time: 0.00(0.00)  Forward time: 0.24(0.25)  Batch time: 0.24(0.26)
2026-08-15 11:21:54,166   INFO  Train:    9/10 ( 90%) [2645/55563 (  5%)]  Loss: 1.284 (0.949)  LR: 4.197e-05  Time cost: 11:20/3:46:55 [11:22/7:45:12]  Acc_iter 447150      Data time: 0.00(0.00)  Forward time: 0.25(0.25)  Batch time: 0.25(0.26)
2026-08-15 11:21:54,546   INFO  a1e06a0b30c0                Sat Aug 15 11:21:54 2026  580.173.02
[0] NVIDIA GeForce RTX 3070 | 65°C,  94 % |  7295 /  8192 MB | root(6852M)

2026-08-15 11:22:06,641   INFO  Train:    9/10 ( 90%) [2695/55563 (  5%)]  Loss: 1.098 (0.950)  LR: 4.194e-05  Time cost: 11:33/3:46:35 [11:34/7:44:43]  Acc_iter 447200      Data time: 0.00(0.00)  Forward time: 0.26(0.25)  Batch time: 0.26(0.26)
2026-08-15 11:22:18,926   INFO  Train:    9/10 ( 90%) [2745/55563 (  5%)]  Loss: 0.6074 (0.950)  LR: 4.190e-05  Time cost: 11:45/3:46:11 [11:46/7:44:08]  Acc_iter 447250      Data time: 0.00(0.00)  Forward time: 0.26(0.25)  Batch time: 0.26(0.26)
2026-08-15 11:22:31,458   INFO  Train:    9/10 ( 90%) [2795/55563 (  5%)]  Loss: 0.8003 (0.949)  LR: 4.186e-05  Time cost: 11:58/3:45:52 [11:59/7:43:43]  Acc_iter 447300      Data time: 0.00(0.00)  Forward time: 0.19(0.25)  Batch time: 0.19(0.26)
2026-08-15 11:22:31,875   INFO  a1e06a0b30c0                Sat Aug 15 11:22:31 2026  580.173.02
[0] NVIDIA GeForce RTX 3070 | 71°C,  66 % |  7294 /  8192 MB | root(6852M)

2026-08-15 11:22:44,127   INFO  Train:    9/10 ( 90%) [2845/55563 (  5%)]  Loss: 0.5040 (0.950)  LR: 4.183e-05  Time cost: 12:10/3:45:36 [12:12/7:43:23]  Acc_iter 447350      Data time: 0.00(0.00)  Forward time: 0.27(0.25)  Batch time: 0.27(0.26)
2026-08-15 11:22:56,139   INFO  Train:    9/10 ( 90%) [2895/55563 (  5%)]  Loss: 0.7039 (0.950)  LR: 4.179e-05  Time cost: 12:22/3:45:08 [12:24/7:42:39]  Acc_iter 447400      Data time: 0.00(0.00)  Forward time: 0.23(0.25)  Batch time: 0.24(0.26)
2026-08-15 11:23:08,431   INFO  Train:    9/10 ( 90%) [2945/55563 (  5%)]  Loss: 0.6721 (0.953)  LR: 4.175e-05  Time cost: 12:35/3:44:46 [12:36/7:42:07]  Acc_iter 447450      Data time: 0.00(0.00)  Forward time: 0.25(0.25)  Batch time: 0.25(0.26)
2026-08-15 11:23:08,794   INFO  a1e06a0b30c0                Sat Aug 15 11:23:08 2026  580.173.02
[0] NVIDIA GeForce RTX 3070 | 70°C,  81 % |  7290 /  8192 MB | root(6852M)

2026-08-15 11:23:21,075   INFO  Train:    9/10 ( 90%) [2995/55563 (  5%)]  Loss: 0.7156 (0.952)  LR: 4.172e-05  Time cost: 12:47/3:44:30 [12:49/7:41:48]  Acc_iter 447500      Data time: 0.00(0.00)  Forward time: 0.28(0.25)  Batch time: 0.28(0.26)
2026-08-15 11:23:33,534   INFO  Train:    9/10 ( 90%) [3045/55563 (  5%)]  Loss: 0.7888 (0.952)  LR: 4.168e-05  Time cost: 13:00/3:44:11 [13:01/7:41:23]  Acc_iter 447550      Data time: 0.00(0.00)  Forward time: 0.26(0.25)  Batch time: 0.26(0.26)
2026-08-15 11:23:45,795   INFO  Train:    9/10 ( 90%) [3095/55563 (  6%)]  Loss: 1.679 (0.954)  LR: 4.164e-05  Time cost: 13:12/3:43:49 [13:13/7:40:51]  Acc_iter 447600      Data time: 0.00(0.00)  Forward time: 0.22(0.25)  Batch time: 0.22(0.26)
2026-08-15 11:23:46,167   INFO  a1e06a0b30c0                Sat Aug 15 11:23:46 2026  580.173.02
[0] NVIDIA GeForce RTX 3070 | 73°C,  99 % |  7292 /  8192 MB | root(6852M)

2026-08-15 11:23:58,478   INFO  Train:    9/10 ( 90%) [3145/55563 (  6%)]  Loss: 0.8232 (0.953)  LR: 4.161e-05  Time cost: 13:25/3:43:34 [13:26/7:40:34]  Acc_iter 447650      Data time: 0.00(0.00)  Forward time: 0.28(0.25)  Batch time: 0.28(0.26)
2026-08-15 11:24:10,840   INFO  Train:    9/10 ( 90%) [3195/55563 (  6%)]  Loss: 0.7868 (0.955)  LR: 4.157e-05  Time cost: 13:37/3:43:14 [13:38/7:40:07]  Acc_iter 447700      Data time: 0.00(0.00)  Forward time: 0.20(0.25)  Batch time: 0.20(0.26)
2026-08-15 11:24:23,249   INFO  Train:    9/10 ( 90%) [3245/55563 (  6%)]  Loss: 0.2395 (0.955)  LR: 4.153e-05  Time cost: 13:49/3:42:56 [13:51/7:39:41]  Acc_iter 447750      Data time: 0.00(0.00)  Forward time: 0.27(0.25)  Batch time: 0.27(0.26)
2026-08-15 11:24:23,681   INFO  a1e06a0b30c0                Sat Aug 15 11:24:23 2026  580.173.02
[0] NVIDIA GeForce RTX 3070 | 70°C,  78 % |  7522 /  8192 MB | root(7074M)

2026-08-15 11:24:35,853   INFO  Train:    9/10 ( 90%) [3295/55563 (  6%)]  Loss: 1.130 (0.954)  LR: 4.150e-05  Time cost: 14:02/3:42:40 [14:03/7:39:23]  Acc_iter 447800      Data time: 0.00(0.00)  Forward time: 0.25(0.25)  Batch time: 0.25(0.26)
2026-08-15 11:24:47,836   INFO  Train:    9/10 ( 90%) [3345/55563 (  6%)]  Loss: 2.218 (0.954)  LR: 4.146e-05  Time cost: 14:14/3:42:15 [14:15/7:38:44]  Acc_iter 447850      Data time: 0.00(0.00)  Forward time: 0.27(0.25)  Batch time: 0.27(0.26)
2026-08-15 11:24:59,978   INFO  Train:    9/10 ( 90%) [3395/55563 (  6%)]  Loss: 1.038 (0.953)  LR: 4.142e-05  Time cost: 14:26/3:41:52 [14:28/7:38:11]  Acc_iter 447900      Data time: 0.00(0.00)  Forward time: 0.26(0.25)  Batch time: 0.26(0.26)
2026-08-15 11:25:00,395   INFO  a1e06a0b30c0                Sat Aug 15 11:25:00 2026  580.173.02
[0] NVIDIA GeForce RTX 3070 | 71°C,  88 % |  7522 /  8192 MB | root(7074M)

2026-08-15 11:25:12,513   INFO  Train:    9/10 ( 90%) [3445/55563 (  6%)]  Loss: 0.9514 (0.952)  LR: 4.139e-05  Time cost: 14:39/3:41:36 [14:40/7:37:52]  Acc_iter 447950      Data time: 0.00(0.00)  Forward time: 0.25(0.25)  Batch time: 0.25(0.26)
2026-08-15 11:25:24,923   INFO  Train:    9/10 ( 90%) [3495/55563 (  6%)]  Loss: 0.8890 (0.952)  LR: 4.135e-05  Time cost: 14:51/3:41:18 [14:52/7:37:28]  Acc_iter 448000      Data time: 0.00(0.00)  Forward time: 0.26(0.25)  Batch time: 0.26(0.26)
2026-08-15 11:25:33,622   INFO  Save latest model to /OpenPCDet/output/OpenPCDet/tools/cfgs/models/S/F/S_F_N/default/ckpt/latest_model
2026-08-15 11:25:37,313   INFO  Train:    9/10 ( 90%) [3545/55563 (  6%)]  Loss: 1.000 (0.953)  LR: 4.131e-05  Time cost: 15:03/3:41:00 [15:05/7:37:04]  Acc_iter 448050      Data time: 0.00(0.00)  Forward time: 0.25(0.25)  Batch time: 0.26(0.25)
2026-08-15 11:25:37,717   INFO  a1e06a0b30c0                Sat Aug 15 11:25:37 2026  580.173.02
[0] NVIDIA GeForce RTX 3070 | 70°C,  94 % |  6390 /  8192 MB | root(5942M)

2026-08-15 11:25:49,893   INFO  Train:    9/10 ( 90%) [3595/55563 (  6%)]  Loss: 0.5439 (0.953)  LR: 4.128e-05  Time cost: 15:16/3:40:45 [15:17/7:36:47]  Acc_iter 448100      Data time: 0.00(0.00)  Forward time: 0.27(0.25)  Batch time: 0.27(0.25)
2026-08-15 11:26:01,979   INFO  Train:    9/10 ( 90%) [3645/55563 (  7%)]  Loss: 0.3964 (0.952)  LR: 4.124e-05  Time cost: 15:28/3:40:23 [15:30/7:36:15]  Acc_iter 448150      Data time: 0.00(0.00)  Forward time: 0.25(0.25)  Batch time: 0.25(0.25)
2026-08-15 11:26:14,485   INFO  Train:    9/10 ( 90%) [3695/55563 (  7%)]  Loss: 0.6462 (0.952)  LR: 4.120e-05  Time cost: 15:41/3:40:07 [15:42/7:35:55]  Acc_iter 448200      Data time: 0.00(0.00)  Forward time: 0.25(0.25)  Batch time: 0.25(0.25)
2026-08-15 11:26:14,898   INFO  a1e06a0b30c0                Sat Aug 15 11:26:14 2026  580.173.02
[0] NVIDIA GeForce RTX 3070 | 72°C,  70 % |  6389 /  8192 MB | root(5942M)

2026-08-15 11:26:27,216   INFO  Train:    9/10 ( 90%) [3745/55563 (  7%)]  Loss: 0.3889 (0.954)  LR: 4.117e-05  Time cost: 15:53/3:39:54 [15:55/7:35:43]  Acc_iter 448250      Data time: 0.00(0.00)  Forward time: 0.22(0.25)  Batch time: 0.22(0.25)
2026-08-15 11:26:39,414   INFO  Train:    9/10 ( 90%) [3795/55563 (  7%)]  Loss: 1.112 (0.955)  LR: 4.113e-05  Time cost: 16:06/3:39:34 [16:07/7:35:15]  Acc_iter 448300      Data time: 0.00(0.00)  Forward time: 0.24(0.25)  Batch time: 0.24(0.25)
2026-08-15 11:26:51,513   INFO  Train:    9/10 ( 90%) [3845/55563 (  7%)]  Loss: 0.6430 (0.954)  LR: 4.109e-05  Time cost: 16:18/3:39:13 [16:19/7:34:45]  Acc_iter 448350      Data time: 0.00(0.00)  Forward time: 0.24(0.25)  Batch time: 0.24(0.25)
2026-08-15 11:26:51,890   INFO  a1e06a0b30c0                Sat Aug 15 11:26:51 2026  580.173.02
[0] NVIDIA GeForce RTX 3070 | 72°C,  88 % |  6389 /  8192 MB | root(5942M)

2026-08-15 11:27:04,310   INFO  Train:    9/10 ( 90%) [3895/55563 (  7%)]  Loss: 1.516 (0.955)  LR: 4.106e-05  Time cost: 16:30/3:39:01 [16:32/7:34:34]  Acc_iter 448400      Data time: 0.00(0.00)  Forward time: 0.28(0.25)  Batch time: 0.28(0.25)
2026-08-15 11:27:17,064   INFO  Train:    9/10 ( 90%) [3945/55563 (  7%)]  Loss: 0.8425 (0.955)  LR: 4.102e-05  Time cost: 16:43/3:38:49 [16:45/7:34:22]  Acc_iter 448450      Data time: 0.00(0.00)  Forward time: 0.27(0.25)  Batch time: 0.27(0.25)
2026-08-15 11:27:29,381   INFO  Train:    9/10 ( 90%) [3995/55563 (  7%)]  Loss: 0.7874 (0.955)  LR: 4.098e-05  Time cost: 16:56/3:38:31 [16:57/7:33:59]  Acc_iter 448500      Data time: 0.00(0.00)  Forward time: 0.26(0.25)  Batch time: 0.26(0.25)
2026-08-15 11:27:29,741   INFO  a1e06a0b30c0                Sat Aug 15 11:27:29 2026  580.173.02
[0] NVIDIA GeForce RTX 3070 | 74°C,  95 % |  6391 /  8192 MB | root(5944M)

2026-08-15 11:27:42,179   INFO  Train:    9/10 ( 90%) [4045/55563 (  7%)]  Loss: 0.7637 (0.954)  LR: 4.095e-05  Time cost: 17:08/3:38:20 [17:10/7:33:48]  Acc_iter 448550      Data time: 0.00(0.00)  Forward time: 0.28(0.25)  Batch time: 0.28(0.25)
2026-08-15 11:27:54,364   INFO  Train:    9/10 ( 90%) [4095/55563 (  7%)]  Loss: 1.084 (0.955)  LR: 4.091e-05  Time cost: 17:21/3:38:00 [17:22/7:33:22]  Acc_iter 448600      Data time: 0.00(0.00)  Forward time: 0.24(0.25)  Batch time: 0.25(0.25)
2026-08-15 11:28:06,662   INFO  Train:    9/10 ( 90%) [4145/55563 (  7%)]  Loss: 1.028 (0.955)  LR: 4.088e-05  Time cost: 17:33/3:37:42 [17:34/7:32:59]  Acc_iter 448650      Data time: 0.00(0.00)  Forward time: 0.24(0.25)  Batch time: 0.24(0.25)
2026-08-15 11:28:07,042   INFO  a1e06a0b30c0                Sat Aug 15 11:28:07 2026  580.173.02
[0] NVIDIA GeForce RTX 3070 | 66°C,   1 % |  6389 /  8192 MB | root(5944M)

2026-08-15 11:28:19,053   INFO  Train:    9/10 ( 90%) [4195/55563 (  8%)]  Loss: 0.9079 (0.954)  LR: 4.084e-05  Time cost: 17:45/3:37:26 [17:47/7:32:38]  Acc_iter 448700      Data time: 0.00(0.00)  Forward time: 0.25(0.25)  Batch time: 0.25(0.25)
2026-08-15 11:28:31,216   INFO  Train:    9/10 ( 90%) [4245/55563 (  8%)]  Loss: 0.7307 (0.954)  LR: 4.080e-05  Time cost: 17:57/3:37:07 [17:59/7:32:12]  Acc_iter 448750      Data time: 0.00(0.00)  Forward time: 0.27(0.25)  Batch time: 0.27(0.25)
2026-08-15 11:28:43,109   INFO  Train:    9/10 ( 90%) [4295/55563 (  8%)]  Loss: 0.9518 (0.955)  LR: 4.077e-05  Time cost: 18:09/3:36:45 [18:11/7:31:39]  Acc_iter 448800      Data time: 0.00(0.00)  Forward time: 0.26(0.25)  Batch time: 0.26(0.25)
2026-08-15 11:28:43,564   INFO  a1e06a0b30c0                Sat Aug 15 11:28:43 2026  580.173.02
[0] NVIDIA GeForce RTX 3070 | 65°C,  77 % |  6391 /  8192 MB | root(5944M)

2026-08-15 11:28:56,000   INFO  Train:    9/10 ( 90%) [4345/55563 (  8%)]  Loss: 0.3790 (0.954)  LR: 4.073e-05  Time cost: 18:22/3:36:34 [18:24/7:31:32]  Acc_iter 448850      Data time: 0.00(0.00)  Forward time: 0.21(0.25)  Batch time: 0.22(0.25)
2026-08-15 11:29:08,416   INFO  Train:    9/10 ( 90%) [4395/55563 (  8%)]  Loss: 0.9171 (0.954)  LR: 4.069e-05  Time cost: 18:35/3:36:18 [18:36/7:31:12]  Acc_iter 448900      Data time: 0.00(0.00)  Forward time: 0.26(0.25)  Batch time: 0.26(0.25)
2026-08-15 11:29:20,790   INFO  Train:    9/10 ( 90%) [4445/55563 (  8%)]  Loss: 1.150 (0.953)  LR: 4.066e-05  Time cost: 18:47/3:36:02 [18:48/7:30:52]  Acc_iter 448950      Data time: 0.00(0.00)  Forward time: 0.26(0.25)  Batch time: 0.26(0.25)
2026-08-15 11:29:21,199   INFO  a1e06a0b30c0                Sat Aug 15 11:29:21 2026  580.173.02
[0] NVIDIA GeForce RTX 3070 | 71°C,  17 % |  6391 /  8192 MB | root(5944M)

2026-08-15 11:29:33,571   INFO  Train:    9/10 ( 90%) [4495/55563 (  8%)]  Loss: 1.847 (0.954)  LR: 4.062e-05  Time cost: 19:00/3:35:51 [19:01/7:30:42]  Acc_iter 449000      Data time: 0.00(0.00)  Forward time: 0.22(0.25)  Batch time: 0.22(0.25)
2026-08-15 11:29:45,732   INFO  Train:    9/10 ( 90%) [4545/55563 (  8%)]  Loss: 0.7988 (0.953)  LR: 4.058e-05  Time cost: 19:12/3:35:32 [19:13/7:30:17]  Acc_iter 449050      Data time: 0.00(0.00)  Forward time: 0.26(0.25)  Batch time: 0.26(0.25)
2026-08-15 11:29:58,091   INFO  Train:    9/10 ( 90%) [4595/55563 (  8%)]  Loss: 1.190 (0.953)  LR: 4.055e-05  Time cost: 19:24/3:35:16 [19:26/7:29:57]  Acc_iter 449100      Data time: 0.00(0.00)  Forward time: 0.23(0.25)  Batch time: 0.23(0.25)
2026-08-15 11:29:58,478   INFO  a1e06a0b30c0                Sat Aug 15 11:29:58 2026  580.173.02
[0] NVIDIA GeForce RTX 3070 | 70°C,  93 % |  6391 /  8192 MB | root(5944M)

2026-08-15 11:30:10,705   INFO  Train:    9/10 ( 90%) [4645/55563 (  8%)]  Loss: 1.108 (0.954)  LR: 4.051e-05  Time cost: 19:37/3:35:03 [19:38/7:29:43]  Acc_iter 449150      Data time: 0.00(0.00)  Forward time: 0.22(0.25)  Batch time: 0.23(0.25)
2026-08-15 11:30:23,889   INFO  Train:    9/10 ( 90%) [4695/55563 (  8%)]  Loss: 0.5116 (0.954)  LR: 4.048e-05  Time cost: 19:50/3:34:56 [19:51/7:29:42]  Acc_iter 449200      Data time: 0.00(0.00)  Forward time: 0.22(0.25)  Batch time: 0.22(0.25)
2026-08-15 11:30:33,672   INFO  Save latest model to /OpenPCDet/output/OpenPCDet/tools/cfgs/models/S/F/S_F_N/default/ckpt/latest_model
2026-08-15 11:30:37,320   INFO  Train:    9/10 ( 90%) [4745/55563 (  9%)]  Loss: 1.155 (0.955)  LR: 4.044e-05  Time cost: 20:03/3:34:51 [20:05/7:29:46]  Acc_iter 449250      Data time: 0.00(0.00)  Forward time: 0.27(0.25)  Batch time: 0.27(0.25)
2026-08-15 11:30:37,717   INFO  a1e06a0b30c0                Sat Aug 15 11:30:37 2026  580.173.02
[0] NVIDIA GeForce RTX 3070 | 67°C,  74 % |  6663 /  8192 MB | root(5944M)

2026-08-15 11:30:51,009   INFO  Train:    9/10 ( 90%) [4795/55563 (  9%)]  Loss: 2.195 (0.955)  LR: 4.040e-05  Time cost: 20:17/3:34:49 [20:19/7:29:56]  Acc_iter 449300      Data time: 0.00(0.00)  Forward time: 0.27(0.25)  Batch time: 0.27(0.25)
2026-08-15 11:31:03,499   INFO  Train:    9/10 ( 90%) [4845/55563 (  9%)]  Loss: 1.376 (0.954)  LR: 4.037e-05  Time cost: 20:30/3:34:34 [20:31/7:29:39]  Acc_iter 449350      Data time: 0.00(0.00)  Forward time: 0.24(0.25)  Batch time: 0.24(0.25)
2026-08-15 11:31:15,831   INFO  Train:    9/10 ( 90%) [4895/55563 (  9%)]  Loss: 1.237 (0.954)  LR: 4.033e-05  Time cost: 20:42/3:34:18 [20:43/7:29:18]  Acc_iter 449400      Data time: 0.00(0.00)  Forward time: 0.23(0.25)  Batch time: 0.23(0.25)
2026-08-15 11:31:16,248   INFO  a1e06a0b30c0                Sat Aug 15 11:31:16 2026  580.173.02
[0] NVIDIA GeForce RTX 3070 | 68°C,  82 % |  6665 /  8192 MB | root(5944M)

2026-08-15 11:31:28,553   INFO  Train:    9/10 ( 90%) [4945/55563 (  9%)]  Loss: 0.9215 (0.954)  LR: 4.030e-05  Time cost: 20:55/3:34:05 [20:56/7:29:06]  Acc_iter 449450      Data time: 0.00(0.00)  Forward time: 0.27(0.25)  Batch time: 0.27(0.25)
2026-08-15 11:31:41,192   INFO  Train:    9/10 ( 90%) [4995/55563 (  9%)]  Loss: 0.9131 (0.953)  LR: 4.026e-05  Time cost: 21:07/3:33:52 [21:09/7:28:52]  Acc_iter 449500      Data time: 0.00(0.00)  Forward time: 0.23(0.25)  Batch time: 0.24(0.25)
2026-08-15 11:31:53,693   INFO  Train:    9/10 ( 90%) [5045/55563 (  9%)]  Loss: 0.8769 (0.953)  LR: 4.022e-05  Time cost: 21:20/3:33:38 [21:21/7:28:36]  Acc_iter 449550      Data time: 0.00(0.00)  Forward time: 0.27(0.25)  Batch time: 0.27(0.25)
2026-08-15 11:31:54,062   INFO  a1e06a0b30c0                Sat Aug 15 11:31:54 2026  580.173.02
[0] NVIDIA GeForce RTX 3070 | 65°C,   1 % |  7100 /  8192 MB | root(6622M)

2026-08-15 11:32:06,140   INFO  Train:    9/10 ( 90%) [5095/55563 (  9%)]  Loss: 0.8436 (0.954)  LR: 4.019e-05  Time cost: 21:32/3:33:23 [21:34/7:28:18]  Acc_iter 449600      Data time: 0.00(0.00)  Forward time: 0.20(0.25)  Batch time: 0.20(0.25)
2026-08-15 11:32:18,489   INFO  Train:    9/10 ( 90%) [5145/55563 (  9%)]  Loss: 1.283 (0.953)  LR: 4.015e-05  Time cost: 21:45/3:33:07 [21:46/7:27:59]  Acc_iter 449650      Data time: 0.00(0.00)  Forward time: 0.22(0.25)  Batch time: 0.23(0.25)
2026-08-15 11:32:31,080   INFO  Train:    9/10 ( 90%) [5195/55563 (  9%)]  Loss: 0.5518 (0.953)  LR: 4.011e-05  Time cost: 21:57/3:32:53 [21:59/7:27:44]  Acc_iter 449700      Data time: 0.00(0.00)  Forward time: 0.21(0.25)  Batch time: 0.22(0.25)
2026-08-15 11:32:31,498   INFO  a1e06a0b30c0                Sat Aug 15 11:32:31 2026  580.173.02
[0] NVIDIA GeForce RTX 3070 | 71°C,  97 % |  7098 /  8192 MB | root(6622M)

2026-08-15 11:32:44,013   INFO  Train:    9/10 ( 90%) [5245/55563 (  9%)]  Loss: 0.7453 (0.953)  LR: 4.008e-05  Time cost: 22:10/3:32:43 [22:12/7:27:36]  Acc_iter 449750      Data time: 0.00(0.00)  Forward time: 0.25(0.25)  Batch time: 0.25(0.25)
2026-08-15 11:32:56,577   INFO  Train:    9/10 ( 90%) [5295/55563 ( 10%)]  Loss: 1.648 (0.953)  LR: 4.004e-05  Time cost: 22:23/3:32:29 [22:24/7:27:21]  Acc_iter 449800      Data time: 0.00(0.00)  Forward time: 0.20(0.25)  Batch time: 0.21(0.25)
2026-08-15 11:33:09,162   INFO  Train:    9/10 ( 90%) [5345/55563 ( 10%)]  Loss: 1.182 (0.953)  LR: 4.001e-05  Time cost: 22:35/3:32:15 [22:37/7:27:07]  Acc_iter 449850      Data time: 0.00(0.00)  Forward time: 0.20(0.25)  Batch time: 0.21(0.25)
2026-08-15 11:33:09,547   INFO  a1e06a0b30c0                Sat Aug 15 11:33:09 2026  580.173.02
[0] NVIDIA GeForce RTX 3070 | 65°C,  97 % |  7100 /  8192 MB | root(6622M)

2026-08-15 11:33:22,134   INFO  Train:    9/10 ( 90%) [5395/55563 ( 10%)]  Loss: 1.353 (0.952)  LR: 3.997e-05  Time cost: 22:48/3:32:05 [22:50/7:27:00]  Acc_iter 449900      Data time: 0.00(0.00)  Forward time: 0.28(0.25)  Batch time: 0.28(0.25)
2026-08-15 11:33:34,510   INFO  Train:    9/10 ( 90%) [5445/55563 ( 10%)]  Loss: 0.1805 (0.953)  LR: 3.993e-05  Time cost: 23:01/3:31:50 [23:02/7:26:41]  Acc_iter 449950      Data time: 0.00(0.00)  Forward time: 0.22(0.25)  Batch time: 0.22(0.25)
2026-08-15 11:33:46,657   INFO  Train:    9/10 ( 90%) [5495/55563 ( 10%)]  Loss: 0.9692 (0.953)  LR: 3.990e-05  Time cost: 23:13/3:31:32 [23:14/7:26:18]  Acc_iter 450000      Data time: 0.00(0.00)  Forward time: 0.27(0.25)  Batch time: 0.27(0.25)
2026-08-15 11:33:47,020   INFO  a1e06a0b30c0                Sat Aug 15 11:33:47 2026  580.173.02
[0] NVIDIA GeForce RTX 3070 | 71°C,  87 % |  7101 /  8192 MB | root(6622M)

2026-08-15 11:33:59,366   INFO  Train:    9/10 ( 90%) [5545/55563 ( 10%)]  Loss: 1.063 (0.953)  LR: 3.986e-05  Time cost: 23:26/3:31:20 [23:27/7:26:06]  Acc_iter 450050      Data time: 0.00(0.00)  Forward time: 0.23(0.25)  Batch time: 0.23(0.25)
2026-08-15 11:34:11,871   INFO  Train:    9/10 ( 90%) [5595/55563 ( 10%)]  Loss: 0.5783 (0.953)  LR: 3.983e-05  Time cost: 23:38/3:31:06 [23:39/7:25:50]  Acc_iter 450100      Data time: 0.00(0.00)  Forward time: 0.26(0.25)  Batch time: 0.26(0.25)
2026-08-15 11:34:24,481   INFO  Train:    9/10 ( 90%) [5645/55563 ( 10%)]  Loss: 1.255 (0.952)  LR: 3.979e-05  Time cost: 23:51/3:30:53 [23:52/7:25:36]  Acc_iter 450150      Data time: 0.00(0.00)  Forward time: 0.27(0.25)  Batch time: 0.27(0.25)
2026-08-15 11:34:24,896   INFO  a1e06a0b30c0                Sat Aug 15 11:34:24 2026  580.173.02
[0] NVIDIA GeForce RTX 3070 | 72°C,  94 % |  7100 /  8192 MB | root(6622M)

2026-08-15 11:34:37,196   INFO  Train:    9/10 ( 90%) [5695/55563 ( 10%)]  Loss: 0.8731 (0.952)  LR: 3.975e-05  Time cost: 24:03/3:30:40 [24:05/7:25:25]  Acc_iter 450200      Data time: 0.00(0.00)  Forward time: 0.25(0.25)  Batch time: 0.25(0.25)
2026-08-15 11:34:49,818   INFO  Train:    9/10 ( 90%) [5745/55563 ( 10%)]  Loss: 1.527 (0.952)  LR: 3.972e-05  Time cost: 24:16/3:30:27 [24:17/7:25:11]  Acc_iter 450250      Data time: 0.00(0.00)  Forward time: 0.25(0.25)  Batch time: 0.25(0.25)
2026-08-15 11:35:02,068   INFO  Train:    9/10 ( 90%) [5795/55563 ( 10%)]  Loss: 0.4075 (0.952)  LR: 3.968e-05  Time cost: 24:28/3:30:11 [24:30/7:24:51]  Acc_iter 450300      Data time: 0.00(0.00)  Forward time: 0.21(0.25)  Batch time: 0.21(0.25)
2026-08-15 11:35:02,446   INFO  a1e06a0b30c0                Sat Aug 15 11:35:02 2026  580.173.02
[0] NVIDIA GeForce RTX 3070 | 72°C,  90 % |  7100 /  8192 MB | root(6622M)

2026-08-15 11:35:15,285   INFO  Train:    9/10 ( 90%) [5845/55563 ( 11%)]  Loss: 0.5735 (0.952)  LR: 3.965e-05  Time cost: 24:41/3:30:03 [24:43/7:24:48]  Acc_iter 450350      Data time: 0.00(0.00)  Forward time: 0.26(0.25)  Batch time: 0.26(0.25)
2026-08-15 11:35:27,783   INFO  Train:    9/10 ( 90%) [5895/55563 ( 11%)]  Loss: 0.9932 (0.953)  LR: 3.961e-05  Time cost: 24:54/3:29:49 [24:55/7:24:32]  Acc_iter 450400      Data time: 0.00(0.00)  Forward time: 0.26(0.25)  Batch time: 0.26(0.25)
2026-08-15 11:35:33,586   INFO  Save latest model to /OpenPCDet/output/OpenPCDet/tools/cfgs/models/S/F/S_F_N/default/ckpt/latest_model
2026-08-15 11:35:40,181   INFO  Train:    9/10 ( 90%) [5945/55563 ( 11%)]  Loss: 1.444 (0.953)  LR: 3.957e-05  Time cost: 25:06/3:29:34 [25:08/7:24:14]  Acc_iter 450450      Data time: 0.00(0.00)  Forward time: 0.24(0.25)  Batch time: 0.24(0.25)
2026-08-15 11:35:40,548   INFO  a1e06a0b30c0                Sat Aug 15 11:35:40 2026  580.173.02
[0] NVIDIA GeForce RTX 3070 | 66°C,  95 % |  7103 /  8192 MB | root(6622M)

2026-08-15 11:35:52,842   INFO  Train:    9/10 ( 90%) [5995/55563 ( 11%)]  Loss: 0.5037 (0.953)  LR: 3.954e-05  Time cost: 25:19/3:29:21 [25:20/7:24:02]  Acc_iter 450500      Data time: 0.00(0.00)  Forward time: 0.22(0.25)  Batch time: 0.22(0.25)
2026-08-15 11:36:05,528   INFO  Train:    9/10 ( 90%) [6045/55563 ( 11%)]  Loss: 0.8052 (0.953)  LR: 3.950e-05  Time cost: 25:32/3:29:08 [25:33/7:23:49]  Acc_iter 450550      Data time: 0.00(0.00)  Forward time: 0.28(0.25)  Batch time: 0.28(0.25)
2026-08-15 11:36:18,147   INFO  Train:    9/10 ( 90%) [6095/55563 ( 11%)]  Loss: 0.8090 (0.953)  LR: 3.947e-05  Time cost: 25:44/3:28:55 [25:46/7:23:36]  Acc_iter 450600      Data time: 0.00(0.00)  Forward time: 0.25(0.25)  Batch time: 0.25(0.25)
2026-08-15 11:36:18,521   INFO  a1e06a0b30c0                Sat Aug 15 11:36:18 2026  580.173.02
[0] NVIDIA GeForce RTX 3070 | 74°C,  95 % |  7102 /  8192 MB | root(6622M)

2026-08-15 11:36:30,809   INFO  Train:    9/10 ( 90%) [6145/55563 ( 11%)]  Loss: 0.8719 (0.953)  LR: 3.943e-05  Time cost: 25:57/3:28:43 [25:58/7:23:23]  Acc_iter 450650      Data time: 0.00(0.00)  Forward time: 0.24(0.25)  Batch time: 0.24(0.25)
2026-08-15 11:36:43,291   INFO  Train:    9/10 ( 90%) [6195/55563 ( 11%)]  Loss: 0.6021 (0.953)  LR: 3.940e-05  Time cost: 26:09/3:28:28 [26:11/7:23:07]  Acc_iter 450700      Data time: 0.00(0.00)  Forward time: 0.26(0.25)  Batch time: 0.26(0.25)
2026-08-15 11:36:55,489   INFO  Train:    9/10 ( 90%) [6245/55563 ( 11%)]  Loss: 0.9695 (0.954)  LR: 3.936e-05  Time cost: 26:22/3:28:12 [26:23/7:22:46]  Acc_iter 450750      Data time: 0.00(0.00)  Forward time: 0.27(0.25)  Batch time: 0.27(0.25)
2026-08-15 11:36:55,909   INFO  a1e06a0b30c0                Sat Aug 15 11:36:55 2026  580.173.02
[0] NVIDIA GeForce RTX 3070 | 72°C,  71 % |  7102 /  8192 MB | root(6622M)

2026-08-15 11:37:08,815   INFO  Train:    9/10 ( 90%) [6295/55563 ( 11%)]  Loss: 0.8162 (0.955)  LR: 3.932e-05  Time cost: 26:35/3:28:04 [26:36/7:22:45]  Acc_iter 450800      Data time: 0.00(0.00)  Forward time: 0.28(0.25)  Batch time: 0.28(0.25)
2026-08-15 11:37:21,286   INFO  Train:    9/10 ( 90%) [6345/55563 ( 11%)]  Loss: 0.5270 (0.955)  LR: 3.929e-05  Time cost: 26:47/3:27:50 [26:49/7:22:29]  Acc_iter 450850      Data time: 0.00(0.00)  Forward time: 0.24(0.25)  Batch time: 0.24(0.25)
2026-08-15 11:37:33,407   INFO  Train:    9/10 ( 90%) [6395/55563 ( 12%)]  Loss: 0.3484 (0.956)  LR: 3.925e-05  Time cost: 27:00/3:27:33 [27:01/7:22:07]  Acc_iter 450900      Data time: 0.00(0.00)  Forward time: 0.21(0.25)  Batch time: 0.21(0.25)
2026-08-15 11:37:33,777   INFO  a1e06a0b30c0                Sat Aug 15 11:37:33 2026  580.173.02
[0] NVIDIA GeForce RTX 3070 | 72°C,  94 % |  7095 /  8192 MB | root(6622M)

2026-08-15 11:37:46,101   INFO  Train:    9/10 ( 90%) [6445/55563 ( 12%)]  Loss: 0.7923 (0.956)  LR: 3.922e-05  Time cost: 27:12/3:27:21 [27:14/7:21:55]  Acc_iter 450950      Data time: 0.00(0.00)  Forward time: 0.21(0.25)  Batch time: 0.21(0.25)
2026-08-15 11:37:58,584   INFO  Train:    9/10 ( 90%) [6495/55563 ( 12%)]  Loss: 0.8921 (0.955)  LR: 3.918e-05  Time cost: 27:25/3:27:07 [27:26/7:21:39]  Acc_iter 451000      Data time: 0.00(0.00)  Forward time: 0.23(0.25)  Batch time: 0.23(0.25)
2026-08-15 11:38:10,852   INFO  Train:    9/10 ( 90%) [6545/55563 ( 12%)]  Loss: 1.849 (0.955)  LR: 3.915e-05  Time cost: 27:37/3:26:51 [27:38/7:21:20]  Acc_iter 451050      Data time: 0.00(0.00)  Forward time: 0.26(0.25)  Batch time: 0.26(0.25)
2026-08-15 11:38:11,214   INFO  a1e06a0b30c0                Sat Aug 15 11:38:11 2026  580.173.02
[0] NVIDIA GeForce RTX 3070 | 75°C,  44 % |  7091 /  8192 MB | root(6622M)

2026-08-15 11:38:23,487   INFO  Train:    9/10 ( 90%) [6595/55563 ( 12%)]  Loss: 0.9842 (0.955)  LR: 3.911e-05  Time cost: 27:50/3:26:38 [27:51/7:21:07]  Acc_iter 451100      Data time: 0.00(0.00)  Forward time: 0.23(0.25)  Batch time: 0.23(0.25)
2026-08-15 11:38:35,873   INFO  Train:    9/10 ( 90%) [6645/55563 ( 12%)]  Loss: 1.145 (0.955)  LR: 3.907e-05  Time cost: 28:02/3:26:24 [28:03/7:20:50]  Acc_iter 451150      Data time: 0.00(0.00)  Forward time: 0.27(0.25)  Batch time: 0.27(0.25)
2026-08-15 11:38:48,407   INFO  Train:    9/10 ( 90%) [6695/55563 ( 12%)]  Loss: 0.4364 (0.955)  LR: 3.904e-05  Time cost: 28:15/3:26:10 [28:16/7:20:36]  Acc_iter 451200      Data time: 0.00(0.00)  Forward time: 0.22(0.25)  Batch time: 0.22(0.25)
2026-08-15 11:38:48,868   INFO  a1e06a0b30c0                Sat Aug 15 11:38:48 2026  580.173.02
[0] NVIDIA GeForce RTX 3070 | 73°C,  93 % |  7091 /  8192 MB | root(6622M)

2026-08-15 11:39:01,346   INFO  Train:    9/10 ( 90%) [6745/55563 ( 12%)]  Loss: 0.1572 (0.955)  LR: 3.900e-05  Time cost: 28:27/3:26:00 [28:29/7:20:27]  Acc_iter 451250      Data time: 0.00(0.00)  Forward time: 0.22(0.25)  Batch time: 0.22(0.25)
2026-08-15 11:39:13,556   INFO  Train:    9/10 ( 90%) [6795/55563 ( 12%)]  Loss: 1.241 (0.956)  LR: 3.897e-05  Time cost: 28:40/3:25:44 [28:41/7:20:08]  Acc_iter 451300      Data time: 0.00(0.00)  Forward time: 0.28(0.25)  Batch time: 0.28(0.25)
2026-08-15 11:39:25,899   INFO  Train:    9/10 ( 90%) [6845/55563 ( 12%)]  Loss: 1.253 (0.956)  LR: 3.893e-05  Time cost: 28:52/3:25:29 [28:53/7:19:50]  Acc_iter 451350      Data time: 0.00(0.00)  Forward time: 0.27(0.25)  Batch time: 0.27(0.25)
2026-08-15 11:39:26,329   INFO  a1e06a0b30c0                Sat Aug 15 11:39:26 2026  580.173.02
[0] NVIDIA GeForce RTX 3070 | 73°C,  99 % |  7091 /  8192 MB | root(6622M)

2026-08-15 11:39:38,811   INFO  Train:    9/10 ( 90%) [6895/55563 ( 12%)]  Loss: 1.101 (0.956)  LR: 3.890e-05  Time cost: 29:05/3:25:18 [29:06/7:19:42]  Acc_iter 451400      Data time: 0.00(0.00)  Forward time: 0.27(0.25)  Batch time: 0.27(0.25)
2026-08-15 11:39:51,219   INFO  Train:    9/10 ( 90%) [6945/55563 ( 12%)]  Loss: 1.277 (0.956)  LR: 3.886e-05  Time cost: 29:17/3:25:04 [29:19/7:19:25]  Acc_iter 451450      Data time: 0.00(0.00)  Forward time: 0.28(0.25)  Batch time: 0.29(0.25)
2026-08-15 11:40:03,494   INFO  Train:    9/10 ( 90%) [6995/55563 ( 13%)]  Loss: 0.6002 (0.956)  LR: 3.882e-05  Time cost: 29:30/3:24:48 [29:31/7:19:07]  Acc_iter 451500      Data time: 0.00(0.00)  Forward time: 0.20(0.25)  Batch time: 0.20(0.25)
2026-08-15 11:40:03,862   INFO  a1e06a0b30c0                Sat Aug 15 11:40:03 2026  580.173.02
[0] NVIDIA GeForce RTX 3070 | 72°C,  78 % |  7091 /  8192 MB | root(6622M)

2026-08-15 11:40:16,131   INFO  Train:    9/10 ( 90%) [7045/55563 ( 13%)]  Loss: 2.311 (0.956)  LR: 3.879e-05  Time cost: 29:42/3:24:36 [29:44/7:18:54]  Acc_iter 451550      Data time: 0.00(0.00)  Forward time: 0.26(0.25)  Batch time: 0.26(0.25)
2026-08-15 11:40:28,494   INFO  Train:    9/10 ( 90%) [7095/55563 ( 13%)]  Loss: 0.8426 (0.956)  LR: 3.875e-05  Time cost: 29:55/3:24:21 [29:56/7:18:37]  Acc_iter 451600      Data time: 0.00(0.00)  Forward time: 0.23(0.25)  Batch time: 0.23(0.25)
2026-08-15 11:40:33,547   INFO  Save latest model to /OpenPCDet/output/OpenPCDet/tools/cfgs/models/S/F/S_F_N/default/ckpt/latest_model
2026-08-15 11:40:41,156   INFO  Train:    9/10 ( 90%) [7145/55563 ( 13%)]  Loss: 0.4041 (0.955)  LR: 3.872e-05  Time cost: 30:07/3:24:08 [30:09/7:18:25]  Acc_iter 451650      Data time: 0.00(0.00)  Forward time: 0.21(0.25)  Batch time: 0.22(0.25)
2026-08-15 11:40:41,602   INFO  a1e06a0b30c0                Sat Aug 15 11:40:41 2026  580.173.02
[0] NVIDIA GeForce RTX 3070 | 65°C,  93 % |  7091 /  8192 MB | root(6622M)

2026-08-15 11:40:54,304   INFO  Train:    9/10 ( 90%) [7195/55563 ( 13%)]  Loss: 0.9864 (0.956)  LR: 3.868e-05  Time cost: 30:20/3:23:59 [30:22/7:18:19]  Acc_iter 451700      Data time: 0.00(0.00)  Forward time: 0.28(0.25)  Batch time: 0.28(0.25)
2026-08-15 11:41:06,478   INFO  Train:    9/10 ( 90%) [7245/55563 ( 13%)]  Loss: 1.669 (0.956)  LR: 3.865e-05  Time cost: 30:33/3:23:43 [30:34/7:18:00]  Acc_iter 451750      Data time: 0.00(0.00)  Forward time: 0.25(0.25)  Batch time: 0.25(0.25)
2026-08-15 11:41:18,643   INFO  Train:    9/10 ( 90%) [7295/55563 ( 13%)]  Loss: 1.009 (0.955)  LR: 3.861e-05  Time cost: 30:45/3:23:27 [30:46/7:17:40]  Acc_iter 451800      Data time: 0.00(0.00)  Forward time: 0.23(0.25)  Batch time: 0.23(0.25)
2026-08-15 11:41:19,031   INFO  a1e06a0b30c0                Sat Aug 15 11:41:19 2026  580.173.02
[0] NVIDIA GeForce RTX 3070 | 72°C, 100 % |  7093 /  8192 MB | root(6622M)

2026-08-15 11:41:31,080   INFO  Train:    9/10 ( 90%) [7345/55563 ( 13%)]  Loss: 0.9783 (0.955)  LR: 3.858e-05  Time cost: 30:57/3:23:13 [30:59/7:17:25]  Acc_iter 451850      Data time: 0.00(0.00)  Forward time: 0.24(0.25)  Batch time: 0.24(0.25)
2026-08-15 11:41:43,828   INFO  Train:    9/10 ( 90%) [7395/55563 ( 13%)]  Loss: 0.9441 (0.956)  LR: 3.854e-05  Time cost: 31:10/3:23:01 [31:11/7:17:13]  Acc_iter 451900      Data time: 0.00(0.00)  Forward time: 0.23(0.25)  Batch time: 0.23(0.25)
2026-08-15 11:41:56,056   INFO  Train:    9/10 ( 90%) [7445/55563 ( 13%)]  Loss: 0.9708 (0.956)  LR: 3.850e-05  Time cost: 31:22/3:22:46 [31:24/7:16:55]  Acc_iter 451950      Data time: 0.00(0.00)  Forward time: 0.22(0.25)  Batch time: 0.22(0.25)
2026-08-15 11:41:56,460   INFO  a1e06a0b30c0                Sat Aug 15 11:41:56 2026  580.173.02
[0] NVIDIA GeForce RTX 3070 | 71°C,  71 % |  7092 /  8192 MB | root(6622M)

2026-08-15 11:42:08,904   INFO  Train:    9/10 ( 90%) [7495/55563 ( 13%)]  Loss: 1.476 (0.957)  LR: 3.847e-05  Time cost: 31:35/3:22:35 [31:36/7:16:45]  Acc_iter 452000      Data time: 0.00(0.00)  Forward time: 0.24(0.25)  Batch time: 0.24(0.25)
2026-08-15 11:42:21,233   INFO  Train:    9/10 ( 90%) [7545/55563 ( 14%)]  Loss: 0.8300 (0.957)  LR: 3.843e-05  Time cost: 31:47/3:22:20 [31:49/7:16:28]  Acc_iter 452050      Data time: 0.00(0.00)  Forward time: 0.22(0.25)  Batch time: 0.22(0.25)
2026-08-15 11:42:33,971   INFO  Train:    9/10 ( 90%) [7595/55563 ( 14%)]  Loss: 1.175 (0.956)  LR: 3.840e-05  Time cost: 32:00/3:22:08 [32:02/7:16:17]  Acc_iter 452100      Data time: 0.00(0.00)  Forward time: 0.23(0.25)  Batch time: 0.23(0.25)
2026-08-15 11:42:34,359   INFO  a1e06a0b30c0                Sat Aug 15 11:42:34 2026  580.173.02
[0] NVIDIA GeForce RTX 3070 | 71°C,  94 % |  7092 /  8192 MB | root(6622M)

2026-08-15 11:42:46,777   INFO  Train:    9/10 ( 90%) [7645/55563 ( 14%)]  Loss: 0.8500 (0.956)  LR: 3.836e-05  Time cost: 32:13/3:21:56 [32:14/7:16:06]  Acc_iter 452150      Data time: 0.00(0.00)  Forward time: 0.23(0.25)  Batch time: 0.23(0.25)
2026-08-15 11:42:59,216   INFO  Train:    9/10 ( 90%) [7695/55563 ( 14%)]  Loss: 1.232 (0.957)  LR: 3.833e-05  Time cost: 32:25/3:21:42 [32:27/7:15:51]  Acc_iter 452200      Data time: 0.00(0.00)  Forward time: 0.26(0.25)  Batch time: 0.26(0.25)
2026-08-15 11:43:11,736   INFO  Train:    9/10 ( 90%) [7745/55563 ( 14%)]  Loss: 0.9329 (0.956)  LR: 3.829e-05  Time cost: 32:38/3:21:29 [32:39/7:15:37]  Acc_iter 452250      Data time: 0.00(0.00)  Forward time: 0.20(0.25)  Batch time: 0.21(0.25)
2026-08-15 11:43:12,130   INFO  a1e06a0b30c0                Sat Aug 15 11:43:12 2026  580.173.02
[0] NVIDIA GeForce RTX 3070 | 64°C,   2 % |  7091 /  8192 MB | root(6622M)

2026-08-15 11:43:24,734   INFO  Train:    9/10 ( 90%) [7795/55563 ( 14%)]  Loss: 0.7692 (0.957)  LR: 3.826e-05  Time cost: 32:51/3:21:19 [32:52/7:15:29]  Acc_iter 452300      Data time: 0.00(0.00)  Forward time: 0.24(0.25)  Batch time: 0.24(0.25)
2026-08-15 11:43:37,399   INFO  Train:    9/10 ( 90%) [7845/55563 ( 14%)]  Loss: 1.072 (0.957)  LR: 3.822e-05  Time cost: 33:04/3:21:06 [33:05/7:15:17]  Acc_iter 452350      Data time: 0.00(0.00)  Forward time: 0.27(0.25)  Batch time: 0.27(0.25)
2026-08-15 11:43:50,040   INFO  Train:    9/10 ( 90%) [7895/55563 ( 14%)]  Loss: 0.4782 (0.957)  LR: 3.819e-05  Time cost: 33:16/3:20:53 [33:18/7:15:04]  Acc_iter 452400      Data time: 0.00(0.00)  Forward time: 0.26(0.25)  Batch time: 0.26(0.25)
2026-08-15 11:43:50,407   INFO  a1e06a0b30c0                Sat Aug 15 11:43:50 2026  580.173.02
[0] NVIDIA GeForce RTX 3070 | 71°C,  86 % |  7090 /  8192 MB | root(6622M)

2026-08-15 11:44:02,815   INFO  Train:    9/10 ( 90%) [7945/55563 ( 14%)]  Loss: 0.9806 (0.956)  LR: 3.815e-05  Time cost: 33:29/3:20:42 [33:30/7:14:53]  Acc_iter 452450      Data time: 0.00(0.00)  Forward time: 0.23(0.25)  Batch time: 0.23(0.25)
2026-08-15 11:44:15,185   INFO  Train:    9/10 ( 90%) [7995/55563 ( 14%)]  Loss: 0.6332 (0.956)  LR: 3.812e-05  Time cost: 33:41/3:20:27 [33:43/7:14:37]  Acc_iter 452500      Data time: 0.00(0.00)  Forward time: 0.27(0.25)  Batch time: 0.27(0.25)
2026-08-15 11:44:27,466   INFO  Train:    9/10 ( 90%) [8045/55563 ( 14%)]  Loss: 0.8098 (0.956)  LR: 3.808e-05  Time cost: 33:54/3:20:13 [33:55/7:14:19]  Acc_iter 452550      Data time: 0.00(0.00)  Forward time: 0.25(0.25)  Batch time: 0.25(0.25)
2026-08-15 11:44:27,869   INFO  a1e06a0b30c0                Sat Aug 15 11:44:27 2026  580.173.02
[0] NVIDIA GeForce RTX 3070 | 71°C,  96 % |  7090 /  8192 MB | root(6622M)

2026-08-15 11:44:40,248   INFO  Train:    9/10 ( 90%) [8095/55563 ( 15%)]  Loss: 1.072 (0.956)  LR: 3.805e-05  Time cost: 34:06/3:20:01 [34:08/7:14:09]  Acc_iter 452600      Data time: 0.00(0.00)  Forward time: 0.25(0.25)  Batch time: 0.25(0.25)
2026-08-15 11:44:52,867   INFO  Train:    9/10 ( 90%) [8145/55563 ( 15%)]  Loss: 0.6011 (0.957)  LR: 3.801e-05  Time cost: 34:19/3:19:48 [34:20/7:13:56]  Acc_iter 452650      Data time: 0.00(0.00)  Forward time: 0.25(0.25)  Batch time: 0.25(0.25)
2026-08-15 11:45:05,169   INFO  Train:    9/10 ( 90%) [8195/55563 ( 15%)]  Loss: 0.6314 (0.957)  LR: 3.797e-05  Time cost: 34:31/3:19:33 [34:33/7:13:39]  Acc_iter 452700      Data time: 0.00(0.00)  Forward time: 0.25(0.25)  Batch time: 0.25(0.25)
2026-08-15 11:45:05,550   INFO  a1e06a0b30c0                Sat Aug 15 11:45:05 2026  580.173.02
[0] NVIDIA GeForce RTX 3070 | 72°C, 100 % |  7093 /  8192 MB | root(6622M)

2026-08-15 11:45:18,465   INFO  Train:    9/10 ( 90%) [8245/55563 ( 15%)]  Loss: 1.456 (0.957)  LR: 3.794e-05  Time cost: 34:45/3:19:24 [34:46/7:13:34]  Acc_iter 452750      Data time: 0.00(0.00)  Forward time: 0.26(0.25)  Batch time: 0.26(0.25)
2026-08-15 11:45:30,981   INFO  Train:    9/10 ( 90%) [8295/55563 ( 15%)]  Loss: 0.4475 (0.957)  LR: 3.790e-05  Time cost: 34:57/3:19:11 [34:59/7:13:20]  Acc_iter 452800      Data time: 0.00(0.00)  Forward time: 0.21(0.25)  Batch time: 0.21(0.25)
2026-08-15 11:45:33,453   INFO  Save latest model to /OpenPCDet/output/OpenPCDet/tools/cfgs/models/S/F/S_F_N/default/ckpt/latest_model
2026-08-15 11:45:43,324   INFO  Train:    9/10 ( 90%) [8345/55563 ( 15%)]  Loss: 2.383 (0.957)  LR: 3.787e-05  Time cost: 35:09/3:18:57 [35:11/7:13:04]  Acc_iter 452850      Data time: 0.00(0.00)  Forward time: 0.26(0.25)  Batch time: 0.26(0.25)
2026-08-15 11:45:43,706   INFO  a1e06a0b30c0                Sat Aug 15 11:45:43 2026  580.173.02
[0] NVIDIA GeForce RTX 3070 | 69°C,  74 % |  7092 /  8192 MB | root(6622M)

2026-08-15 11:45:56,321   INFO  Train:    9/10 ( 90%) [8395/55563 ( 15%)]  Loss: 0.7625 (0.958)  LR: 3.783e-05  Time cost: 35:22/3:18:46 [35:24/7:12:56]  Acc_iter 452900      Data time: 0.00(0.00)  Forward time: 0.23(0.25)  Batch time: 0.23(0.25)
2026-08-15 11:46:09,260   INFO  Train:    9/10 ( 90%) [8445/55563 ( 15%)]  Loss: 0.7218 (0.959)  LR: 3.780e-05  Time cost: 35:35/3:18:35 [35:37/7:12:46]  Acc_iter 452950      Data time: 0.00(0.00)  Forward time: 0.26(0.25)  Batch time: 0.26(0.25)
2026-08-15 11:46:21,808   INFO  Train:    9/10 ( 90%) [8495/55563 ( 15%)]  Loss: 1.289 (0.959)  LR: 3.776e-05  Time cost: 35:48/3:18:22 [35:49/7:12:33]  Acc_iter 453000      Data time: 0.00(0.00)  Forward time: 0.23(0.25)  Batch time: 0.23(0.25)
2026-08-15 11:46:22,197   INFO  a1e06a0b30c0                Sat Aug 15 11:46:22 2026  580.173.02
[0] NVIDIA GeForce RTX 3070 | 68°C,   3 % |  7092 /  8192 MB | root(6622M)

2026-08-15 11:46:34,520   INFO  Train:    9/10 ( 90%) [8545/55563 ( 15%)]  Loss: 1.281 (0.959)  LR: 3.773e-05  Time cost: 36:01/3:18:10 [36:02/7:12:21]  Acc_iter 453050      Data time: 0.00(0.00)  Forward time: 0.26(0.25)  Batch time: 0.26(0.25)
2026-08-15 11:46:46,969   INFO  Train:    9/10 ( 90%) [8595/55563 ( 15%)]  Loss: 1.959 (0.959)  LR: 3.769e-05  Time cost: 36:13/3:17:56 [36:15/7:12:06]  Acc_iter 453100      Data time: 0.00(0.00)  Forward time: 0.25(0.25)  Batch time: 0.25(0.25)
2026-08-15 11:46:59,301   INFO  Train:    9/10 ( 90%) [8645/55563 ( 16%)]  Loss: 0.6785 (0.959)  LR: 3.766e-05  Time cost: 36:25/3:17:42 [36:27/7:11:50]  Acc_iter 453150      Data time: 0.00(0.00)  Forward time: 0.24(0.25)  Batch time: 0.24(0.25)
2026-08-15 11:46:59,743   INFO  a1e06a0b30c0                Sat Aug 15 11:46:59 2026  580.173.02
[0] NVIDIA GeForce RTX 3070 | 68°C,  77 % |  7090 /  8192 MB | root(6622M)

2026-08-15 11:47:12,434   INFO  Train:    9/10 ( 90%) [8695/55563 ( 16%)]  Loss: 0.8850 (0.959)  LR: 3.762e-05  Time cost: 36:39/3:17:32 [36:40/7:11:43]  Acc_iter 453200      Data time: 0.00(0.00)  Forward time: 0.25(0.25)  Batch time: 0.25(0.25)
2026-08-15 11:47:24,864   INFO  Train:    9/10 ( 90%) [8745/55563 ( 16%)]  Loss: 1.558 (0.959)  LR: 3.759e-05  Time cost: 36:51/3:17:18 [36:52/7:11:28]  Acc_iter 453250      Data time: 0.00(0.00)  Forward time: 0.25(0.25)  Batch time: 0.25(0.25)
2026-08-15 11:47:37,461   INFO  Train:    9/10 ( 90%) [8795/55563 ( 16%)]  Loss: 0.9930 (0.959)  LR: 3.755e-05  Time cost: 37:04/3:17:05 [37:05/7:11:14]  Acc_iter 453300      Data time: 0.00(0.00)  Forward time: 0.28(0.25)  Batch time: 0.28(0.25)
2026-08-15 11:47:37,860   INFO  a1e06a0b30c0                Sat Aug 15 11:47:37 2026  580.173.02
[0] NVIDIA GeForce RTX 3070 | 74°C,  89 % |  7093 /  8192 MB | root(6622M)

2026-08-15 11:47:50,001   INFO  Train:    9/10 ( 90%) [8845/55563 ( 16%)]  Loss: 0.9006 (0.958)  LR: 3.752e-05  Time cost: 37:16/3:16:52 [37:18/7:11:01]  Acc_iter 453350      Data time: 0.00(0.00)  Forward time: 0.23(0.25)  Batch time: 0.23(0.25)
2026-08-15 11:48:02,639   INFO  Train:    9/10 ( 90%) [8895/55563 ( 16%)]  Loss: 0.7985 (0.959)  LR: 3.748e-05  Time cost: 37:29/3:16:39 [37:30/7:10:48]  Acc_iter 453400      Data time: 0.00(0.00)  Forward time: 0.20(0.25)  Batch time: 0.20(0.25)
2026-08-15 11:48:14,982   INFO  Train:    9/10 ( 90%) [8945/55563 ( 16%)]  Loss: 1.166 (0.959)  LR: 3.745e-05  Time cost: 37:41/3:16:25 [37:43/7:10:32]  Acc_iter 453450      Data time: 0.00(0.00)  Forward time: 0.24(0.25)  Batch time: 0.24(0.25)
2026-08-15 11:48:15,361   INFO  a1e06a0b30c0                Sat Aug 15 11:48:15 2026  580.173.02
[0] NVIDIA GeForce RTX 3070 | 73°C,  96 % |  7090 /  8192 MB | root(6622M)

2026-08-15 11:48:27,566   INFO  Train:    9/10 ( 90%) [8995/55563 ( 16%)]  Loss: 0.9373 (0.958)  LR: 3.741e-05  Time cost: 37:54/3:16:12 [37:55/7:10:19]  Acc_iter 453500      Data time: 0.00(0.00)  Forward time: 0.23(0.25)  Batch time: 0.23(0.25)
2026-08-15 11:48:40,207   INFO  Train:    9/10 ( 90%) [9045/55563 ( 16%)]  Loss: 0.6716 (0.958)  LR: 3.738e-05  Time cost: 38:06/3:15:59 [38:08/7:10:06]  Acc_iter 453550      Data time: 0.00(0.00)  Forward time: 0.28(0.25)  Batch time: 0.28(0.25)
2026-08-15 11:48:52,741   INFO  Train:    9/10 ( 90%) [9095/55563 ( 16%)]  Loss: 1.152 (0.958)  LR: 3.734e-05  Time cost: 38:19/3:15:46 [38:20/7:09:52]  Acc_iter 453600      Data time: 0.00(0.00)  Forward time: 0.23(0.25)  Batch time: 0.23(0.25)
2026-08-15 11:48:53,153   INFO  a1e06a0b30c0                Sat Aug 15 11:48:53 2026  580.173.02
[0] NVIDIA GeForce RTX 3070 | 66°C,   2 % |  7090 /  8192 MB | root(6622M)

2026-08-15 11:49:05,436   INFO  Train:    9/10 ( 90%) [9145/55563 ( 16%)]  Loss: 0.4587 (0.958)  LR: 3.731e-05  Time cost: 38:32/3:15:34 [38:33/7:09:40]  Acc_iter 453650      Data time: 0.00(0.00)  Forward time: 0.27(0.25)  Batch time: 0.27(0.25)
2026-08-15 11:49:17,840   INFO  Train:    9/10 ( 90%) [9195/55563 ( 17%)]  Loss: 1.201 (0.958)  LR: 3.727e-05  Time cost: 38:44/3:15:20 [38:45/7:09:25]  Acc_iter 453700      Data time: 0.00(0.00)  Forward time: 0.24(0.25)  Batch time: 0.24(0.25)
2026-08-15 11:49:30,089   INFO  Train:    9/10 ( 90%) [9245/55563 ( 17%)]  Loss: 1.377 (0.958)  LR: 3.724e-05  Time cost: 38:56/3:15:05 [38:58/7:09:08]  Acc_iter 453750      Data time: 0.00(0.00)  Forward time: 0.27(0.25)  Batch time: 0.27(0.25)
2026-08-15 11:49:30,544   INFO  a1e06a0b30c0                Sat Aug 15 11:49:30 2026  580.173.02
[0] NVIDIA GeForce RTX 3070 | 73°C,  65 % |  7091 /  8192 MB | root(6622M)

2026-08-15 11:49:42,939   INFO  Train:    9/10 ( 90%) [9295/55563 ( 17%)]  Loss: 0.6320 (0.958)  LR: 3.720e-05  Time cost: 39:09/3:14:54 [39:10/7:08:58]  Acc_iter 453800      Data time: 0.00(0.00)  Forward time: 0.27(0.25)  Batch time: 0.27(0.25)
2026-08-15 11:49:55,550   INFO  Train:    9/10 ( 90%) [9345/55563 ( 17%)]  Loss: 1.379 (0.958)  LR: 3.717e-05  Time cost: 39:22/3:14:41 [39:23/7:08:45]  Acc_iter 453850      Data time: 0.00(0.00)  Forward time: 0.27(0.25)  Batch time: 0.27(0.25)
2026-08-15 11:50:08,255   INFO  Train:    9/10 ( 90%) [9395/55563 ( 17%)]  Loss: 0.8266 (0.958)  LR: 3.713e-05  Time cost: 39:34/3:14:29 [39:36/7:08:33]  Acc_iter 453900      Data time: 0.00(0.00)  Forward time: 0.25(0.25)  Batch time: 0.25(0.25)
2026-08-15 11:50:08,633   INFO  a1e06a0b30c0                Sat Aug 15 11:50:08 2026  580.173.02
[0] NVIDIA GeForce RTX 3070 | 67°C,  86 % |  7092 /  8192 MB | root(6622M)

2026-08-15 11:50:20,640   INFO  Train:    9/10 ( 90%) [9445/55563 ( 17%)]  Loss: 0.7468 (0.958)  LR: 3.710e-05  Time cost: 39:47/3:14:15 [39:48/7:08:17]  Acc_iter 453950      Data time: 0.00(0.00)  Forward time: 0.25(0.25)  Batch time: 0.25(0.25)
2026-08-15 11:50:32,800   INFO  Train:    9/10 ( 90%) [9495/55563 ( 17%)]  Loss: 1.726 (0.959)  LR: 3.706e-05  Time cost: 39:59/3:14:00 [40:00/7:08:00]  Acc_iter 454000      Data time: 0.00(0.00)  Forward time: 0.26(0.25)  Batch time: 0.26(0.25)
2026-08-15 11:50:33,672   INFO  Save latest model to /OpenPCDet/output/OpenPCDet/tools/cfgs/models/S/F/S_F_N/default/ckpt/latest_model
2026-08-15 11:50:45,516   INFO  Train:    9/10 ( 90%) [9545/55563 ( 17%)]  Loss: 0.9567 (0.959)  LR: 3.703e-05  Time cost: 40:12/3:13:48 [40:13/7:07:48]  Acc_iter 454050      Data time: 0.00(0.00)  Forward time: 0.28(0.25)  Batch time: 0.28(0.25)
2026-08-15 11:50:45,896   INFO  a1e06a0b30c0                Sat Aug 15 11:50:45 2026  580.173.02
[0] NVIDIA GeForce RTX 3070 | 73°C,  94 % |  7092 /  8192 MB | root(6622M)

2026-08-15 11:50:58,102   INFO  Train:    9/10 ( 90%) [9595/55563 ( 17%)]  Loss: 0.5326 (0.959)  LR: 3.699e-05  Time cost: 40:24/3:13:35 [40:26/7:07:35]  Acc_iter 454100      Data time: 0.00(0.00)  Forward time: 0.24(0.25)  Batch time: 0.24(0.25)
2026-08-15 11:51:10,197   INFO  Train:    9/10 ( 90%) [9645/55563 ( 17%)]  Loss: 0.5796 (0.958)  LR: 3.696e-05  Time cost: 40:36/3:13:20 [40:38/7:07:16]  Acc_iter 454150      Data time: 0.00(0.00)  Forward time: 0.19(0.25)  Batch time: 0.19(0.25)
2026-08-15 11:51:22,993   INFO  Train:    9/10 ( 90%) [9695/55563 ( 17%)]  Loss: 0.7542 (0.958)  LR: 3.692e-05  Time cost: 40:49/3:13:08 [40:51/7:07:05]  Acc_iter 454200      Data time: 0.00(0.00)  Forward time: 0.30(0.25)  Batch time: 0.30(0.25)
2026-08-15 11:51:23,415   INFO  a1e06a0b30c0                Sat Aug 15 11:51:23 2026  580.173.02
[0] NVIDIA GeForce RTX 3070 | 74°C, 100 % |  7093 /  8192 MB | root(6622M)

2026-08-15 11:51:36,076   INFO  Train:    9/10 ( 90%) [9745/55563 ( 18%)]  Loss: 0.6715 (0.959)  LR: 3.689e-05  Time cost: 41:02/3:12:57 [41:04/7:06:58]  Acc_iter 454250      Data time: 0.00(0.00)  Forward time: 0.24(0.25)  Batch time: 0.24(0.25)
2026-08-15 11:51:48,546   INFO  Train:    9/10 ( 90%) [9795/55563 ( 18%)]  Loss: 1.310 (0.958)  LR: 3.685e-05  Time cost: 41:15/3:12:44 [41:16/7:06:43]  Acc_iter 454300      Data time: 0.00(0.00)  Forward time: 0.25(0.25)  Batch time: 0.25(0.25)
2026-08-15 11:52:01,020   INFO  Train:    9/10 ( 90%) [9845/55563 ( 18%)]  Loss: 1.737 (0.958)  LR: 3.682e-05  Time cost: 41:27/3:12:31 [41:29/7:06:29]  Acc_iter 454350      Data time: 0.00(0.00)  Forward time: 0.24(0.25)  Batch time: 0.24(0.25)
2026-08-15 11:52:01,383   INFO  a1e06a0b30c0                Sat Aug 15 11:52:01 2026  580.173.02
[0] NVIDIA GeForce RTX 3070 | 75°C,  96 % |  7092 /  8192 MB | root(6622M)

2026-08-15 11:52:13,385   INFO  Train:    9/10 ( 90%) [9895/55563 ( 18%)]  Loss: 0.7420 (0.958)  LR: 3.678e-05  Time cost: 41:40/3:12:17 [41:41/7:06:14]  Acc_iter 454400      Data time: 0.00(0.00)  Forward time: 0.24(0.25)  Batch time: 0.24(0.25)
2026-08-15 11:52:26,145   INFO  Train:    9/10 ( 90%) [9945/55563 ( 18%)]  Loss: 0.7423 (0.958)  LR: 3.675e-05  Time cost: 41:52/3:12:05 [41:54/7:06:02]  Acc_iter 454450      Data time: 0.00(0.00)  Forward time: 0.26(0.25)  Batch time: 0.26(0.25)
2026-08-15 11:52:38,423   INFO  Train:    9/10 ( 90%) [9995/55563 ( 18%)]  Loss: 0.7242 (0.958)  LR: 3.671e-05  Time cost: 42:05/3:11:50 [42:06/7:05:46]  Acc_iter 454500      Data time: 0.00(0.00)  Forward time: 0.24(0.25)  Batch time: 0.24(0.25)
2026-08-15 11:52:38,812   INFO  a1e06a0b30c0                Sat Aug 15 11:52:38 2026  580.173.02
[0] NVIDIA GeForce RTX 3070 | 71°C,  99 % |  7094 /  8192 MB | root(6624M)

2026-08-15 11:52:51,224   INFO  Train:    9/10 ( 90%) [10045/55563 ( 18%)]  Loss: 0.3895 (0.958)  LR: 3.668e-05  Time cost: 42:17/3:11:38 [42:19/7:05:35]  Acc_iter 454550      Data time: 0.00(0.00)  Forward time: 0.25(0.25)  Batch time: 0.25(0.25)
2026-08-15 11:53:03,587   INFO  Train:    9/10 ( 90%) [10095/55563 ( 18%)]  Loss: 1.769 (0.958)  LR: 3.665e-05  Time cost: 42:30/3:11:25 [42:31/7:05:20]  Acc_iter 454600      Data time: 0.00(0.00)  Forward time: 0.26(0.25)  Batch time: 0.26(0.25)
2026-08-15 11:53:16,030   INFO  Train:    9/10 ( 90%) [10145/55563 ( 18%)]  Loss: 0.4242 (0.958)  LR: 3.661e-05  Time cost: 42:42/3:11:11 [42:44/7:05:05]  Acc_iter 454650      Data time: 0.00(0.00)  Forward time: 0.23(0.25)  Batch time: 0.24(0.25)
2026-08-15 11:53:16,486   INFO  a1e06a0b30c0                Sat Aug 15 11:53:16 2026  580.173.02
[0] NVIDIA GeForce RTX 3070 | 71°C,  83 % |  7094 /  8192 MB | root(6624M)

2026-08-15 11:53:29,236   INFO  Train:    9/10 ( 90%) [10195/55563 ( 18%)]  Loss: 0.6856 (0.958)  LR: 3.658e-05  Time cost: 42:55/3:11:01 [42:57/7:04:58]  Acc_iter 454700      Data time: 0.00(0.00)  Forward time: 0.21(0.25)  Batch time: 0.21(0.25)
2026-08-15 11:53:41,587   INFO  Train:    9/10 ( 90%) [10245/55563 ( 18%)]  Loss: 1.361 (0.958)  LR: 3.654e-05  Time cost: 43:08/3:10:47 [43:09/7:04:43]  Acc_iter 454750      Data time: 0.00(0.00)  Forward time: 0.24(0.25)  Batch time: 0.24(0.25)
2026-08-15 11:53:53,917   INFO  Train:    9/10 ( 90%) [10295/55563 ( 19%)]  Loss: 1.824 (0.958)  LR: 3.651e-05  Time cost: 43:20/3:10:33 [43:21/7:04:27]  Acc_iter 454800      Data time: 0.00(0.00)  Forward time: 0.25(0.25)  Batch time: 0.25(0.25)
2026-08-15 11:53:54,344   INFO  a1e06a0b30c0                Sat Aug 15 11:53:54 2026  580.173.02
[0] NVIDIA GeForce RTX 3070 | 73°C,  99 % |  7094 /  8192 MB | root(6624M)

2026-08-15 11:54:06,726   INFO  Train:    9/10 ( 90%) [10345/55563 ( 19%)]  Loss: 0.9362 (0.958)  LR: 3.647e-05  Time cost: 43:33/3:10:21 [43:34/7:04:17]  Acc_iter 454850      Data time: 0.00(0.00)  Forward time: 0.27(0.25)  Batch time: 0.27(0.25)
2026-08-15 11:54:19,549   INFO  Train:    9/10 ( 90%) [10395/55563 ( 19%)]  Loss: 1.523 (0.957)  LR: 3.644e-05  Time cost: 43:46/3:10:10 [43:47/7:04:06]  Acc_iter 454900      Data time: 0.00(0.00)  Forward time: 0.25(0.25)  Batch time: 0.25(0.25)
2026-08-15 11:54:31,766   INFO  Train:    9/10 ( 90%) [10445/55563 ( 19%)]  Loss: 0.8545 (0.957)  LR: 3.640e-05  Time cost: 43:58/3:09:55 [43:59/7:03:49]  Acc_iter 454950      Data time: 0.00(0.00)  Forward time: 0.23(0.25)  Batch time: 0.23(0.25)
2026-08-15 11:54:32,149   INFO  a1e06a0b30c0                Sat Aug 15 11:54:32 2026  580.173.02
[0] NVIDIA GeForce RTX 3070 | 65°C,   2 % |  7094 /  8192 MB | root(6624M)

2026-08-15 11:54:44,708   INFO  Train:    9/10 ( 90%) [10495/55563 ( 19%)]  Loss: 0.7657 (0.957)  LR: 3.637e-05  Time cost: 44:11/3:09:44 [44:12/7:03:40]  Acc_iter 455000      Data time: 0.00(0.00)  Forward time: 0.24(0.25)  Batch time: 0.24(0.25)
2026-08-15 11:54:57,021   INFO  Train:    9/10 ( 90%) [10545/55563 ( 19%)]  Loss: 0.3894 (0.957)  LR: 3.633e-05  Time cost: 44:23/3:09:30 [44:25/7:03:24]  Acc_iter 455050      Data time: 0.00(0.00)  Forward time: 0.22(0.25)  Batch time: 0.22(0.25)
2026-08-15 11:55:09,546   INFO  Train:    9/10 ( 90%) [10595/55563 ( 19%)]  Loss: 0.7232 (0.957)  LR: 3.630e-05  Time cost: 44:36/3:09:17 [44:37/7:03:10]  Acc_iter 455100      Data time: 0.00(0.00)  Forward time: 0.26(0.25)  Batch time: 0.26(0.25)
2026-08-15 11:55:09,972   INFO  a1e06a0b30c0                Sat Aug 15 11:55:09 2026  580.173.02
[0] NVIDIA GeForce RTX 3070 | 70°C,  93 % |  7095 /  8192 MB | root(6624M)

2026-08-15 11:55:22,504   INFO  Train:    9/10 ( 90%) [10645/55563 ( 19%)]  Loss: 0.4353 (0.957)  LR: 3.626e-05  Time cost: 44:49/3:09:06 [44:50/7:03:01]  Acc_iter 455150      Data time: 0.00(0.00)  Forward time: 0.27(0.25)  Batch time: 0.27(0.25)
2026-08-15 11:55:33,655   INFO  Save latest model to /OpenPCDet/output/OpenPCDet/tools/cfgs/models/S/F/S_F_N/default/ckpt/latest_model
2026-08-15 11:55:34,657   INFO  Train:    9/10 ( 90%) [10695/55563 ( 19%)]  Loss: 0.8648 (0.957)  LR: 3.623e-05  Time cost: 45:01/3:08:51 [45:02/7:02:44]  Acc_iter 455200      Data time: 0.00(0.00)  Forward time: 0.23(0.25)  Batch time: 0.23(0.25)
2026-08-15 11:55:47,088   INFO  Train:    9/10 ( 90%) [10745/55563 ( 19%)]  Loss: 0.9057 (0.957)  LR: 3.620e-05  Time cost: 45:13/3:08:38 [45:15/7:02:29]  Acc_iter 455250      Data time: 0.00(0.00)  Forward time: 0.22(0.25)  Batch time: 0.22(0.25)
2026-08-15 11:55:47,461   INFO  a1e06a0b30c0                Sat Aug 15 11:55:47 2026  580.173.02
[0] NVIDIA GeForce RTX 3070 | 70°C,  70 % |  7094 /  8192 MB | root(6624M)

2026-08-15 11:56:00,160   INFO  Train:    9/10 ( 90%) [10795/55563 ( 19%)]  Loss: 0.4749 (0.957)  LR: 3.616e-05  Time cost: 45:26/3:08:27 [45:28/7:02:21]  Acc_iter 455300      Data time: 0.00(0.00)  Forward time: 0.27(0.25)  Batch time: 0.27(0.25)
2026-08-15 11:56:12,795   INFO  Train:    9/10 ( 90%) [10845/55563 ( 20%)]  Loss: 0.6444 (0.957)  LR: 3.613e-05  Time cost: 45:39/3:08:14 [45:40/7:02:08]  Acc_iter 455350      Data time: 0.00(0.00)  Forward time: 0.23(0.25)  Batch time: 0.23(0.25)
2026-08-15 11:56:25,324   INFO  Train:    9/10 ( 90%) [10895/55563 ( 20%)]  Loss: 0.8192 (0.958)  LR: 3.609e-05  Time cost: 45:51/3:08:01 [45:53/7:01:55]  Acc_iter 455400      Data time: 0.00(0.00)  Forward time: 0.25(0.25)  Batch time: 0.25(0.25)
2026-08-15 11:56:25,780   INFO  a1e06a0b30c0                Sat Aug 15 11:56:25 2026  580.173.02
[0] NVIDIA GeForce RTX 3070 | 65°C,  90 % |  7094 /  8192 MB | root(6624M)

2026-08-15 11:56:37,879   INFO  Train:    9/10 ( 90%) [10945/55563 ( 20%)]  Loss: 1.418 (0.958)  LR: 3.606e-05  Time cost: 46:04/3:07:48 [46:05/7:01:41]  Acc_iter 455450      Data time: 0.00(0.00)  Forward time: 0.27(0.25)  Batch time: 0.27(0.25)
2026-08-15 11:56:50,228   INFO  Train:    9/10 ( 90%) [10995/55563 ( 20%)]  Loss: 1.072 (0.958)  LR: 3.602e-05  Time cost: 46:16/3:07:34 [46:18/7:01:26]  Acc_iter 455500      Data time: 0.00(0.00)  Forward time: 0.26(0.25)  Batch time: 0.26(0.25)
2026-08-15 11:57:03,018   INFO  Train:    9/10 ( 90%) [11045/55563 ( 20%)]  Loss: 0.6262 (0.958)  LR: 3.599e-05  Time cost: 46:29/3:07:23 [46:31/7:01:15]  Acc_iter 455550      Data time: 0.00(0.00)  Forward time: 0.23(0.25)  Batch time: 0.23(0.25)
2026-08-15 11:57:03,427   INFO  a1e06a0b30c0                Sat Aug 15 11:57:03 2026  580.173.02
[0] NVIDIA GeForce RTX 3070 | 71°C,  94 % |  7094 /  8192 MB | root(6624M)

2026-08-15 11:57:15,855   INFO  Train:    9/10 ( 90%) [11095/55563 ( 20%)]  Loss: 0.7319 (0.959)  LR: 3.595e-05  Time cost: 46:42/3:07:11 [46:43/7:01:04]  Acc_iter 455600      Data time: 0.00(0.00)  Forward time: 0.22(0.25)  Batch time: 0.23(0.25)
2026-08-15 11:57:28,316   INFO  Train:    9/10 ( 90%) [11145/55563 ( 20%)]  Loss: 0.2359 (0.959)  LR: 3.592e-05  Time cost: 46:54/3:06:57 [46:56/7:00:50]  Acc_iter 455650      Data time: 0.00(0.00)  Forward time: 0.26(0.25)  Batch time: 0.26(0.25)
2026-08-15 11:57:40,688   INFO  Train:    9/10 ( 90%) [11195/55563 ( 20%)]  Loss: 0.3593 (0.959)  LR: 3.589e-05  Time cost: 47:07/3:06:44 [47:08/7:00:35]  Acc_iter 455700      Data time: 0.00(0.00)  Forward time: 0.24(0.25)  Batch time: 0.24(0.25)
2026-08-15 11:57:41,069   INFO  a1e06a0b30c0                Sat Aug 15 11:57:41 2026  580.173.02
[0] NVIDIA GeForce RTX 3070 | 72°C,  85 % |  7094 /  8192 MB | root(6624M)

2026-08-15 11:57:53,756   INFO  Train:    9/10 ( 90%) [11245/55563 ( 20%)]  Loss: 0.7002 (0.958)  LR: 3.585e-05  Time cost: 47:20/3:06:33 [47:21/7:00:26]  Acc_iter 455750      Data time: 0.00(0.00)  Forward time: 0.25(0.25)  Batch time: 0.26(0.25)
2026-08-15 11:58:06,071   INFO  Train:    9/10 ( 90%) [11295/55563 ( 20%)]  Loss: 0.9047 (0.958)  LR: 3.582e-05  Time cost: 47:32/3:06:19 [47:34/7:00:11]  Acc_iter 455800      Data time: 0.00(0.00)  Forward time: 0.25(0.25)  Batch time: 0.26(0.25)
2026-08-15 11:58:18,630   INFO  Train:    9/10 ( 90%) [11345/55563 ( 20%)]  Loss: 0.6525 (0.958)  LR: 3.578e-05  Time cost: 47:45/3:06:06 [47:46/6:59:58]  Acc_iter 455850      Data time: 0.00(0.00)  Forward time: 0.25(0.25)  Batch time: 0.25(0.25)
2026-08-15 11:58:19,047   INFO  a1e06a0b30c0                Sat Aug 15 11:58:19 2026  580.173.02
[0] NVIDIA GeForce RTX 3070 | 69°C,  77 % |  7094 /  8192 MB | root(6624M)

2026-08-15 11:58:31,340   INFO  Train:    9/10 ( 90%) [11395/55563 ( 21%)]  Loss: 0.9336 (0.958)  LR: 3.575e-05  Time cost: 47:57/3:05:54 [47:59/6:59:46]  Acc_iter 455900      Data time: 0.00(0.00)  Forward time: 0.25(0.25)  Batch time: 0.25(0.25)
2026-08-15 11:58:43,813   INFO  Train:    9/10 ( 90%) [11445/55563 ( 21%)]  Loss: 1.320 (0.959)  LR: 3.571e-05  Time cost: 48:10/3:05:41 [48:11/6:59:32]  Acc_iter 455950      Data time: 0.00(0.00)  Forward time: 0.26(0.25)  Batch time: 0.26(0.25)
2026-08-15 11:58:56,496   INFO  Train:    9/10 ( 90%) [11495/55563 ( 21%)]  Loss: 1.224 (0.958)  LR: 3.568e-05  Time cost: 48:23/3:05:28 [48:24/6:59:20]  Acc_iter 456000      Data time: 0.00(0.00)  Forward time: 0.24(0.25)  Batch time: 0.24(0.25)
2026-08-15 11:58:56,887   INFO  a1e06a0b30c0                Sat Aug 15 11:58:56 2026  580.173.02
[0] NVIDIA GeForce RTX 3070 | 71°C,  81 % |  7094 /  8192 MB | root(6624M)

2026-08-15 11:59:09,246   INFO  Train:    9/10 ( 90%) [11545/55563 ( 21%)]  Loss: 0.4791 (0.958)  LR: 3.564e-05  Time cost: 48:35/3:05:16 [48:37/6:59:08]  Acc_iter 456050      Data time: 0.00(0.00)  Forward time: 0.24(0.25)  Batch time: 0.24(0.25)
2026-08-15 11:59:21,895   INFO  Train:    9/10 ( 90%) [11595/55563 ( 21%)]  Loss: 0.7659 (0.958)  LR: 3.561e-05  Time cost: 48:48/3:05:04 [48:49/6:58:56]  Acc_iter 456100      Data time: 0.00(0.00)  Forward time: 0.22(0.25)  Batch time: 0.22(0.25)
2026-08-15 11:59:34,193   INFO  Train:    9/10 ( 90%) [11645/55563 ( 21%)]  Loss: 1.098 (0.958)  LR: 3.558e-05  Time cost: 49:00/3:04:50 [49:02/6:58:40]  Acc_iter 456150      Data time: 0.00(0.00)  Forward time: 0.26(0.25)  Batch time: 0.26(0.25)
2026-08-15 11:59:34,630   INFO  a1e06a0b30c0                Sat Aug 15 11:59:34 2026  580.173.02
[0] NVIDIA GeForce RTX 3070 | 72°C,  63 % |  7094 /  8192 MB | root(6624M)

2026-08-15 11:59:47,356   INFO  Train:    9/10 ( 90%) [11695/55563 ( 21%)]  Loss: 0.2305 (0.958)  LR: 3.554e-05  Time cost: 49:14/3:04:39 [49:15/6:58:32]  Acc_iter 456200      Data time: 0.00(0.00)  Forward time: 0.21(0.25)  Batch time: 0.21(0.25)
2026-08-15 11:59:59,571   INFO  Train:    9/10 ( 90%) [11745/55563 ( 21%)]  Loss: 1.204 (0.957)  LR: 3.551e-05  Time cost: 49:26/3:04:25 [49:27/6:58:16]  Acc_iter 456250      Data time: 0.00(0.00)  Forward time: 0.22(0.25)  Batch time: 0.22(0.25)
2026-08-15 12:00:11,769   INFO  Train:    9/10 ( 90%) [11795/55563 ( 21%)]  Loss: 0.2687 (0.957)  LR: 3.547e-05  Time cost: 49:38/3:04:11 [49:39/6:58:00]  Acc_iter 456300      Data time: 0.00(0.00)  Forward time: 0.25(0.25)  Batch time: 0.25(0.25)
2026-08-15 12:00:12,153   INFO  a1e06a0b30c0                Sat Aug 15 12:00:12 2026  580.173.02
[0] NVIDIA GeForce RTX 3070 | 65°C,   5 % |  7096 /  8192 MB | root(6624M)

2026-08-15 12:00:24,428   INFO  Train:    9/10 ( 90%) [11845/55563 ( 21%)]  Loss: 1.284 (0.956)  LR: 3.544e-05  Time cost: 49:51/3:03:58 [49:52/6:57:48]  Acc_iter 456350      Data time: 0.00(0.00)  Forward time: 0.25(0.25)  Batch time: 0.25(0.25)
2026-08-15 12:00:33,502   INFO  Save latest model to /OpenPCDet/output/OpenPCDet/tools/cfgs/models/S/F/S_F_N/default/ckpt/latest_model
2026-08-15 12:00:37,211   INFO  Train:    9/10 ( 90%) [11895/55563 ( 21%)]  Loss: 0.3628 (0.956)  LR: 3.540e-05  Time cost: 50:03/3:03:46 [50:05/6:57:36]  Acc_iter 456400      Data time: 0.00(0.00)  Forward time: 0.24(0.25)  Batch time: 0.24(0.25)
2026-08-15 12:00:49,553   INFO  Train:    9/10 ( 90%) [11945/55563 ( 21%)]  Loss: 0.7528 (0.955)  LR: 3.537e-05  Time cost: 50:16/3:03:32 [50:17/6:57:21]  Acc_iter 456450      Data time: 0.00(0.00)  Forward time: 0.23(0.25)  Batch time: 0.23(0.25)
2026-08-15 12:00:49,917   INFO  a1e06a0b30c0                Sat Aug 15 12:00:49 2026  580.173.02
[0] NVIDIA GeForce RTX 3070 | 71°C,  70 % |  7094 /  8192 MB | root(6624M)

2026-08-15 12:01:02,075   INFO  Train:    9/10 ( 90%) [11995/55563 ( 22%)]  Loss: 1.153 (0.955)  LR: 3.534e-05  Time cost: 50:28/3:03:19 [50:30/6:57:08]  Acc_iter 456500      Data time: 0.00(0.00)  Forward time: 0.24(0.25)  Batch time: 0.24(0.25)
2026-08-15 12:01:14,490   INFO  Train:    9/10 ( 90%) [12045/55563 ( 22%)]  Loss: 0.7987 (0.955)  LR: 3.530e-05  Time cost: 50:41/3:03:06 [50:42/6:56:54]  Acc_iter 456550      Data time: 0.00(0.00)  Forward time: 0.22(0.25)  Batch time: 0.22(0.25)
2026-08-15 12:01:27,001   INFO  Train:    9/10 ( 90%) [12095/55563 ( 22%)]  Loss: 1.200 (0.956)  LR: 3.527e-05  Time cost: 50:53/3:02:53 [50:55/6:56:40]  Acc_iter 456600      Data time: 0.00(0.00)  Forward time: 0.26(0.25)  Batch time: 0.26(0.25)
2026-08-15 12:01:27,412   INFO  a1e06a0b30c0                Sat Aug 15 12:01:27 2026  580.173.02
[0] NVIDIA GeForce RTX 3070 | 73°C,  99 % |  7094 /  8192 MB | root(6624M)

2026-08-15 12:01:39,919   INFO  Train:    9/10 ( 90%) [12145/55563 ( 22%)]  Loss: 1.628 (0.956)  LR: 3.523e-05  Time cost: 51:06/3:02:41 [51:07/6:56:30]  Acc_iter 456650      Data time: 0.00(0.00)  Forward time: 0.24(0.25)  Batch time: 0.24(0.25)
2026-08-15 12:01:52,445   INFO  Train:    9/10 ( 90%) [12195/55563 ( 22%)]  Loss: 1.045 (0.956)  LR: 3.520e-05  Time cost: 51:19/3:02:29 [51:20/6:56:16]  Acc_iter 456700      Data time: 0.00(0.00)  Forward time: 0.27(0.25)  Batch time: 0.27(0.25)
2026-08-15 12:02:04,811   INFO  Train:    9/10 ( 90%) [12245/55563 ( 22%)]  Loss: 2.073 (0.956)  LR: 3.517e-05  Time cost: 51:31/3:02:15 [51:32/6:56:02]  Acc_iter 456750      Data time: 0.00(0.00)  Forward time: 0.24(0.25)  Batch time: 0.25(0.25)
2026-08-15 12:02:05,292   INFO  a1e06a0b30c0                Sat Aug 15 12:02:05 2026  580.173.02
[0] NVIDIA GeForce RTX 3070 | 66°C,   6 % |  7096 /  8192 MB | root(6624M)

2026-08-15 12:02:17,780   INFO  Train:    9/10 ( 90%) [12295/55563 ( 22%)]  Loss: 0.5130 (0.955)  LR: 3.513e-05  Time cost: 51:44/3:02:04 [51:45/6:55:52]  Acc_iter 456800      Data time: 0.00(0.00)  Forward time: 0.24(0.25)  Batch time: 0.24(0.25)
2026-08-15 12:02:30,524   INFO  Train:    9/10 ( 90%) [12345/55563 ( 22%)]  Loss: 1.484 (0.955)  LR: 3.510e-05  Time cost: 51:57/3:01:51 [51:58/6:55:40]  Acc_iter 456850      Data time: 0.00(0.00)  Forward time: 0.26(0.25)  Batch time: 0.26(0.25)
2026-08-15 12:02:42,921   INFO  Train:    9/10 ( 90%) [12395/55563 ( 22%)]  Loss: 0.9855 (0.955)  LR: 3.506e-05  Time cost: 52:09/3:01:38 [52:10/6:55:26]  Acc_iter 456900      Data time: 0.00(0.00)  Forward time: 0.22(0.25)  Batch time: 0.22(0.25)
2026-08-15 12:02:43,287   INFO  a1e06a0b30c0                Sat Aug 15 12:02:43 2026  580.173.02
[0] NVIDIA GeForce RTX 3070 | 71°C,  76 % |  7094 /  8192 MB | root(6624M)

2026-08-15 12:02:55,549   INFO  Train:    9/10 ( 90%) [12445/55563 ( 22%)]  Loss: 1.532 (0.955)  LR: 3.503e-05  Time cost: 52:22/3:01:25 [52:23/6:55:13]  Acc_iter 456950      Data time: 0.00(0.00)  Forward time: 0.25(0.25)  Batch time: 0.25(0.25)
2026-08-15 12:03:07,921   INFO  Train:    9/10 ( 90%) [12495/55563 ( 22%)]  Loss: 1.329 (0.955)  LR: 3.500e-05  Time cost: 52:34/3:01:12 [52:35/6:54:59]  Acc_iter 457000      Data time: 0.00(0.00)  Forward time: 0.27(0.25)  Batch time: 0.27(0.25)
2026-08-15 12:03:20,555   INFO  Train:    9/10 ( 90%) [12545/55563 ( 23%)]  Loss: 0.5930 (0.954)  LR: 3.496e-05  Time cost: 52:47/3:00:59 [52:48/6:54:46]  Acc_iter 457050      Data time: 0.00(0.00)  Forward time: 0.25(0.25)  Batch time: 0.25(0.25)
2026-08-15 12:03:20,931   INFO  a1e06a0b30c0                Sat Aug 15 12:03:20 2026  580.173.02
[0] NVIDIA GeForce RTX 3070 | 72°C,  98 % |  7092 /  8192 MB | root(6624M)

2026-08-15 12:03:33,612   INFO  Train:    9/10 ( 90%) [12595/55563 ( 23%)]  Loss: 0.7710 (0.954)  LR: 3.493e-05  Time cost: 53:00/3:00:48 [53:01/6:54:37]  Acc_iter 457100      Data time: 0.00(0.00)  Forward time: 0.24(0.25)  Batch time: 0.25(0.25)
2026-08-15 12:03:46,280   INFO  Train:    9/10 ( 90%) [12645/55563 ( 23%)]  Loss: 0.8081 (0.954)  LR: 3.489e-05  Time cost: 53:12/3:00:36 [53:14/6:54:24]  Acc_iter 457150      Data time: 0.00(0.00)  Forward time: 0.28(0.25)  Batch time: 0.28(0.25)
2026-08-15 12:03:58,624   INFO  Train:    9/10 ( 90%) [12695/55563 ( 23%)]  Loss: 0.5770 (0.954)  LR: 3.486e-05  Time cost: 53:25/3:00:22 [53:26/6:54:10]  Acc_iter 457200      Data time: 0.00(0.00)  Forward time: 0.28(0.25)  Batch time: 0.28(0.25)
2026-08-15 12:03:59,045   INFO  a1e06a0b30c0                Sat Aug 15 12:03:59 2026  580.173.02
[0] NVIDIA GeForce RTX 3070 | 72°C,  95 % |  7095 /  8192 MB | root(6624M)

2026-08-15 12:04:11,841   INFO  Train:    9/10 ( 90%) [12745/55563 ( 23%)]  Loss: 0.8486 (0.954)  LR: 3.483e-05  Time cost: 53:38/3:00:11 [53:39/6:54:02]  Acc_iter 457250      Data time: 0.00(0.00)  Forward time: 0.28(0.25)  Batch time: 0.28(0.25)
2026-08-15 12:04:24,161   INFO  Train:    9/10 ( 90%) [12795/55563 ( 23%)]  Loss: 0.6772 (0.954)  LR: 3.479e-05  Time cost: 53:50/2:59:58 [53:52/6:53:47]  Acc_iter 457300      Data time: 0.00(0.00)  Forward time: 0.27(0.25)  Batch time: 0.27(0.25)
2026-08-15 12:04:36,488   INFO  Train:    9/10 ( 90%) [12845/55563 ( 23%)]  Loss: 0.6005 (0.954)  LR: 3.476e-05  Time cost: 54:03/2:59:44 [54:04/6:53:32]  Acc_iter 457350      Data time: 0.00(0.00)  Forward time: 0.25(0.25)  Batch time: 0.25(0.25)
2026-08-15 12:04:36,906   INFO  a1e06a0b30c0                Sat Aug 15 12:04:36 2026  580.173.02
[0] NVIDIA GeForce RTX 3070 | 72°C,  99 % |  7785 /  8192 MB | root(7314M)

2026-08-15 12:04:49,200   INFO  Train:    9/10 ( 90%) [12895/55563 ( 23%)]  Loss: 0.6002 (0.954)  LR: 3.472e-05  Time cost: 54:15/2:59:32 [54:17/6:53:20]  Acc_iter 457400      Data time: 0.00(0.00)  Forward time: 0.24(0.25)  Batch time: 0.24(0.25)
2026-08-15 12:05:01,696   INFO  Train:    9/10 ( 90%) [12945/55563 ( 23%)]  Loss: 0.9618 (0.954)  LR: 3.469e-05  Time cost: 54:28/2:59:19 [54:29/6:53:06]  Acc_iter 457450      Data time: 0.00(0.00)  Forward time: 0.27(0.25)  Batch time: 0.27(0.25)
2026-08-15 12:05:14,153   INFO  Train:    9/10 ( 90%) [12995/55563 ( 23%)]  Loss: 1.007 (0.954)  LR: 3.466e-05  Time cost: 54:40/2:59:06 [54:42/6:52:52]  Acc_iter 457500      Data time: 0.00(0.00)  Forward time: 0.24(0.25)  Batch time: 0.24(0.25)
2026-08-15 12:05:14,533   INFO  a1e06a0b30c0                Sat Aug 15 12:05:14 2026  580.173.02
[0] NVIDIA GeForce RTX 3070 | 73°C,  72 % |  7785 /  8192 MB | root(7314M)

2026-08-15 12:05:26,795   INFO  Train:    9/10 ( 90%) [13045/55563 ( 23%)]  Loss: 1.518 (0.955)  LR: 3.462e-05  Time cost: 54:53/2:58:53 [54:54/6:52:40]  Acc_iter 457550      Data time: 0.00(0.00)  Forward time: 0.24(0.25)  Batch time: 0.25(0.25)
2026-08-15 12:05:33,483   INFO  Save latest model to /OpenPCDet/output/OpenPCDet/tools/cfgs/models/S/F/S_F_N/default/ckpt/latest_model
2026-08-15 12:05:39,197   INFO  Train:    9/10 ( 90%) [13095/55563 ( 24%)]  Loss: 1.350 (0.955)  LR: 3.459e-05  Time cost: 55:05/2:58:40 [55:07/6:52:26]  Acc_iter 457600      Data time: 0.00(0.00)  Forward time: 0.26(0.25)  Batch time: 0.27(0.25)
2026-08-15 12:05:51,788   INFO  Train:    9/10 ( 90%) [13145/55563 ( 24%)]  Loss: 0.9371 (0.955)  LR: 3.455e-05  Time cost: 55:18/2:58:27 [55:19/6:52:13]  Acc_iter 457650      Data time: 0.00(0.00)  Forward time: 0.25(0.25)  Batch time: 0.26(0.25)
2026-08-15 12:05:52,181   INFO  a1e06a0b30c0                Sat Aug 15 12:05:52 2026  580.173.02
[0] NVIDIA GeForce RTX 3070 | 66°C,   0 % |  7785 /  8192 MB | root(7314M)

2026-08-15 12:06:04,552   INFO  Train:    9/10 ( 90%) [13195/55563 ( 24%)]  Loss: 0.7781 (0.956)  LR: 3.452e-05  Time cost: 55:31/2:58:15 [55:32/6:52:01]  Acc_iter 457700      Data time: 0.00(0.00)  Forward time: 0.26(0.25)  Batch time: 0.26(0.25)
2026-08-15 12:06:17,155   INFO  Train:    9/10 ( 90%) [13245/55563 ( 24%)]  Loss: 1.622 (0.956)  LR: 3.449e-05  Time cost: 55:43/2:58:02 [55:45/6:51:48]  Acc_iter 457750      Data time: 0.00(0.00)  Forward time: 0.28(0.25)  Batch time: 0.28(0.25)
2026-08-15 12:06:29,429   INFO  Train:    9/10 ( 90%) [13295/55563 ( 24%)]  Loss: 0.7847 (0.956)  LR: 3.445e-05  Time cost: 55:56/2:57:48 [55:57/6:51:33]  Acc_iter 457800      Data time: 0.00(0.00)  Forward time: 0.25(0.25)  Batch time: 0.25(0.25)
2026-08-15 12:06:29,819   INFO  a1e06a0b30c0                Sat Aug 15 12:06:29 2026  580.173.02
[0] NVIDIA GeForce RTX 3070 | 71°C,  75 % |  7785 /  8192 MB | root(7314M)

2026-08-15 12:06:42,247   INFO  Train:    9/10 ( 90%) [13345/55563 ( 24%)]  Loss: 0.6709 (0.956)  LR: 3.442e-05  Time cost: 56:08/2:57:36 [56:10/6:51:22]  Acc_iter 457850      Data time: 0.00(0.00)  Forward time: 0.21(0.25)  Batch time: 0.21(0.25)
2026-08-15 12:06:54,987   INFO  Train:    9/10 ( 90%) [13395/55563 ( 24%)]  Loss: 0.2500 (0.956)  LR: 3.439e-05  Time cost: 56:21/2:57:24 [56:23/6:51:10]  Acc_iter 457900      Data time: 0.00(0.00)  Forward time: 0.25(0.25)  Batch time: 0.25(0.25)
2026-08-15 12:07:07,455   INFO  Train:    9/10 ( 90%) [13445/55563 ( 24%)]  Loss: 0.9472 (0.956)  LR: 3.435e-05  Time cost: 56:34/2:57:11 [56:35/6:50:57]  Acc_iter 457950      Data time: 0.00(0.00)  Forward time: 0.24(0.25)  Batch time: 0.24(0.25)
2026-08-15 12:07:07,847   INFO  a1e06a0b30c0                Sat Aug 15 12:07:07 2026  580.173.02
[0] NVIDIA GeForce RTX 3070 | 72°C,  99 % |  7785 /  8192 MB | root(7314M)

2026-08-15 12:07:20,245   INFO  Train:    9/10 ( 90%) [13495/55563 ( 24%)]  Loss: 1.233 (0.956)  LR: 3.432e-05  Time cost: 56:46/2:56:59 [56:48/6:50:45]  Acc_iter 458000      Data time: 0.00(0.00)  Forward time: 0.26(0.25)  Batch time: 0.26(0.25)
2026-08-15 12:07:32,566   INFO  Train:    9/10 ( 90%) [13545/55563 ( 24%)]  Loss: 0.9800 (0.956)  LR: 3.428e-05  Time cost: 56:59/2:56:45 [57:00/6:50:30]  Acc_iter 458050      Data time: 0.00(0.00)  Forward time: 0.24(0.25)  Batch time: 0.24(0.25)
2026-08-15 12:07:44,889   INFO  Train:    9/10 ( 90%) [13595/55563 ( 24%)]  Loss: 0.8614 (0.955)  LR: 3.425e-05  Time cost: 57:11/2:56:32 [57:12/6:50:16]  Acc_iter 458100      Data time: 0.00(0.00)  Forward time: 0.28(0.25)  Batch time: 0.28(0.25)
2026-08-15 12:07:45,287   INFO  a1e06a0b30c0                Sat Aug 15 12:07:45 2026  580.173.02
[0] NVIDIA GeForce RTX 3070 | 69°C,   2 % |  7785 /  8192 MB | root(7314M)

2026-08-15 12:07:58,118   INFO  Train:    9/10 ( 90%) [13645/55563 ( 25%)]  Loss: 1.393 (0.956)  LR: 3.422e-05  Time cost: 57:24/2:56:21 [57:26/6:50:07]  Acc_iter 458150      Data time: 0.00(0.00)  Forward time: 0.20(0.25)  Batch time: 0.20(0.25)
2026-08-15 12:08:10,379   INFO  Train:    9/10 ( 90%) [13695/55563 ( 25%)]  Loss: 1.118 (0.956)  LR: 3.418e-05  Time cost: 57:37/2:56:07 [57:38/6:49:52]  Acc_iter 458200      Data time: 0.00(0.00)  Forward time: 0.29(0.25)  Batch time: 0.29(0.25)
2026-08-15 12:08:22,685   INFO  Train:    9/10 ( 90%) [13745/55563 ( 25%)]  Loss: 0.6830 (0.956)  LR: 3.415e-05  Time cost: 57:49/2:55:54 [57:50/6:49:37]  Acc_iter 458250      Data time: 0.00(0.00)  Forward time: 0.22(0.25)  Batch time: 0.22(0.25)
2026-08-15 12:08:23,050   INFO  a1e06a0b30c0                Sat Aug 15 12:08:23 2026  580.173.02
[0] NVIDIA GeForce RTX 3070 | 73°C,  74 % |  6686 /  8192 MB | root(6218M)

2026-08-15 12:08:35,424   INFO  Train:    9/10 ( 90%) [13795/55563 ( 25%)]  Loss: 1.375 (0.956)  LR: 3.412e-05  Time cost: 58:02/2:55:42 [58:03/6:49:26]  Acc_iter 458300      Data time: 0.00(0.00)  Forward time: 0.25(0.25)  Batch time: 0.25(0.25)
2026-08-15 12:08:48,132   INFO  Train:    9/10 ( 90%) [13845/55563 ( 25%)]  Loss: 0.3921 (0.956)  LR: 3.408e-05  Time cost: 58:14/2:55:29 [58:16/6:49:14]  Acc_iter 458350      Data time: 0.00(0.00)  Forward time: 0.20(0.25)  Batch time: 0.21(0.25)
2026-08-15 12:09:00,411   INFO  Train:    9/10 ( 90%) [13895/55563 ( 25%)]  Loss: 1.298 (0.956)  LR: 3.405e-05  Time cost: 58:27/2:55:16 [58:28/6:48:59]  Acc_iter 458400      Data time: 0.00(0.00)  Forward time: 0.25(0.25)  Batch time: 0.25(0.25)
2026-08-15 12:09:00,783   INFO  a1e06a0b30c0                Sat Aug 15 12:09:00 2026  580.173.02
[0] NVIDIA GeForce RTX 3070 | 66°C,  76 % |  6690 /  8192 MB | root(6222M)

2026-08-15 12:09:13,185   INFO  Train:    9/10 ( 90%) [13945/55563 ( 25%)]  Loss: 0.7772 (0.956)  LR: 3.401e-05  Time cost: 58:39/2:55:03 [58:41/6:48:47]  Acc_iter 458450      Data time: 0.00(0.00)  Forward time: 0.22(0.25)  Batch time: 0.22(0.25)
2026-08-15 12:09:25,611   INFO  Train:    9/10 ( 90%) [13995/55563 ( 25%)]  Loss: 0.9856 (0.956)  LR: 3.398e-05  Time cost: 58:52/2:54:50 [58:53/6:48:33]  Acc_iter 458500      Data time: 0.00(0.00)  Forward time: 0.25(0.25)  Batch time: 0.25(0.25)
2026-08-15 12:09:38,128   INFO  Train:    9/10 ( 90%) [14045/55563 ( 25%)]  Loss: 0.8228 (0.956)  LR: 3.395e-05  Time cost: 59:04/2:54:37 [59:06/6:48:20]  Acc_iter 458550      Data time: 0.00(0.00)  Forward time: 0.22(0.25)  Batch time: 0.22(0.25)
2026-08-15 12:09:38,555   INFO  a1e06a0b30c0                Sat Aug 15 12:09:38 2026  580.173.02
[0] NVIDIA GeForce RTX 3070 | 70°C,  72 % |  6690 /  8192 MB | root(6222M)

2026-08-15 12:09:51,129   INFO  Train:    9/10 ( 90%) [14095/55563 ( 25%)]  Loss: 0.4352 (0.956)  LR: 3.391e-05  Time cost: 59:17/2:54:26 [59:19/6:48:10]  Acc_iter 458600      Data time: 0.00(0.00)  Forward time: 0.22(0.25)  Batch time: 0.22(0.25)
2026-08-15 12:10:03,373   INFO  Train:    9/10 ( 90%) [14145/55563 ( 25%)]  Loss: 0.9538 (0.956)  LR: 3.388e-05  Time cost: 59:30/2:54:12 [59:31/6:47:55]  Acc_iter 458650      Data time: 0.00(0.00)  Forward time: 0.23(0.25)  Batch time: 0.23(0.25)
2026-08-15 12:10:15,905   INFO  Train:    9/10 ( 90%) [14195/55563 ( 26%)]  Loss: 1.582 (0.956)  LR: 3.385e-05  Time cost: 59:42/2:53:59 [59:43/6:47:41]  Acc_iter 458700      Data time: 0.00(0.00)  Forward time: 0.30(0.25)  Batch time: 0.30(0.25)
2026-08-15 12:10:16,384   INFO  a1e06a0b30c0                Sat Aug 15 12:10:16 2026  580.173.02
[0] NVIDIA GeForce RTX 3070 | 66°C,   8 % |  6692 /  8192 MB | root(6222M)

2026-08-15 12:10:28,762   INFO  Train:    9/10 ( 90%) [14245/55563 ( 26%)]  Loss: 1.647 (0.956)  LR: 3.381e-05  Time cost: 59:55/2:53:47 [59:56/6:47:30]  Acc_iter 458750      Data time: 0.00(0.00)  Forward time: 0.28(0.25)  Batch time: 0.28(0.25)
2026-08-15 12:10:33,704   INFO  Save latest model to /OpenPCDet/output/OpenPCDet/tools/cfgs/models/S/F/S_F_N/default/ckpt/latest_model
2026-08-15 12:10:42,199   INFO  Train:    9/10 ( 90%) [14295/55563 ( 26%)]  Loss: 0.9704 (0.956)  LR: 3.378e-05  Time cost: 1:00:08/2:53:37 [1:00:10/6:47:23]  Acc_iter 458800      Data time: 0.00(0.00)  Forward time: 0.27(0.25)  Batch time: 0.27(0.25)
2026-08-15 12:10:55,163   INFO  Train:    9/10 ( 90%) [14345/55563 ( 26%)]  Loss: 0.7114 (0.955)  LR: 3.375e-05  Time cost: 1:00:21/2:53:25 [1:00:23/6:47:13]  Acc_iter 458850      Data time: 0.00(0.00)  Forward time: 0.23(0.25)  Batch time: 0.23(0.25)
2026-08-15 12:10:55,565   INFO  a1e06a0b30c0                Sat Aug 15 12:10:55 2026  580.173.02
[0] NVIDIA GeForce RTX 3070 | 69°C,  76 % |  7000 /  8192 MB | root(6222M)

2026-08-15 12:11:08,459   INFO  Train:    9/10 ( 90%) [14395/55563 ( 26%)]  Loss: 1.137 (0.955)  LR: 3.371e-05  Time cost: 1:00:35/2:53:15 [1:00:36/6:47:05]  Acc_iter 458900      Data time: 0.00(0.00)  Forward time: 0.23(0.25)  Batch time: 0.23(0.25)
2026-08-15 12:11:21,115   INFO  Train:    9/10 ( 90%) [14445/55563 ( 26%)]  Loss: 1.044 (0.955)  LR: 3.368e-05  Time cost: 1:00:47/2:53:02 [1:00:49/6:46:52]  Acc_iter 458950      Data time: 0.00(0.00)  Forward time: 0.23(0.25)  Batch time: 0.23(0.25)
2026-08-15 12:11:33,827   INFO  Train:    9/10 ( 90%) [14495/55563 ( 26%)]  Loss: 1.110 (0.955)  LR: 3.365e-05  Time cost: 1:01:00/2:52:50 [1:01:01/6:46:40]  Acc_iter 459000      Data time: 0.00(0.00)  Forward time: 0.29(0.25)  Batch time: 0.29(0.25)
2026-08-15 12:11:34,292   INFO  a1e06a0b30c0                Sat Aug 15 12:11:34 2026  580.173.02
[0] NVIDIA GeForce RTX 3070 | 64°C,   5 % |  6972 /  8192 MB | root(6222M)

2026-08-15 12:11:46,971   INFO  Train:    9/10 ( 90%) [14545/55563 ( 26%)]  Loss: 0.4236 (0.955)  LR: 3.361e-05  Time cost: 1:01:13/2:52:39 [1:01:15/6:46:31]  Acc_iter 459050      Data time: 0.00(0.00)  Forward time: 0.22(0.25)  Batch time: 0.22(0.25)
2026-08-15 12:11:59,548   INFO  Train:    9/10 ( 90%) [14595/55563 ( 26%)]  Loss: 0.8356 (0.955)  LR: 3.358e-05  Time cost: 1:01:26/2:52:26 [1:01:27/6:46:18]  Acc_iter 459100      Data time: 0.00(0.00)  Forward time: 0.22(0.25)  Batch time: 0.22(0.25)
2026-08-15 12:12:12,050   INFO  Train:    9/10 ( 90%) [14645/55563 ( 26%)]  Loss: 0.7109 (0.955)  LR: 3.355e-05  Time cost: 1:01:38/2:52:13 [1:01:40/6:46:05]  Acc_iter 459150      Data time: 0.00(0.00)  Forward time: 0.26(0.25)  Batch time: 0.26(0.25)
2026-08-15 12:12:12,440   INFO  a1e06a0b30c0                Sat Aug 15 12:12:12 2026  580.173.02
[0] NVIDIA GeForce RTX 3070 | 71°C,  84 % |  6947 /  8192 MB | root(6222M)

2026-08-15 12:12:25,439   INFO  Train:    9/10 ( 90%) [14695/55563 ( 26%)]  Loss: 1.169 (0.955)  LR: 3.351e-05  Time cost: 1:01:52/2:52:02 [1:01:53/6:45:57]  Acc_iter 459200      Data time: 0.00(0.00)  Forward time: 0.29(0.25)  Batch time: 0.29(0.25)
2026-08-15 12:12:38,278   INFO  Train:    9/10 ( 90%) [14745/55563 ( 27%)]  Loss: 1.340 (0.955)  LR: 3.348e-05  Time cost: 1:02:04/2:51:50 [1:02:06/6:45:46]  Acc_iter 459250      Data time: 0.00(0.00)  Forward time: 0.28(0.25)  Batch time: 0.28(0.25)
2026-08-15 12:12:50,838   INFO  Train:    9/10 ( 90%) [14795/55563 ( 27%)]  Loss: 1.364 (0.955)  LR: 3.345e-05  Time cost: 1:02:17/2:51:38 [1:02:18/6:45:33]  Acc_iter 459300      Data time: 0.00(0.00)  Forward time: 0.29(0.25)  Batch time: 0.29(0.25)
2026-08-15 12:12:51,220   INFO  a1e06a0b30c0                Sat Aug 15 12:12:51 2026  580.173.02
[0] NVIDIA GeForce RTX 3070 | 66°C,   4 % |  6947 /  8192 MB | root(6222M)

2026-08-15 12:13:03,751   INFO  Train:    9/10 ( 90%) [14845/55563 ( 27%)]  Loss: 0.6464 (0.955)  LR: 3.341e-05  Time cost: 1:02:30/2:51:26 [1:02:31/6:45:22]  Acc_iter 459350      Data time: 0.00(0.00)  Forward time: 0.26(0.25)  Batch time: 0.26(0.25)
2026-08-15 12:13:16,341   INFO  Train:    9/10 ( 90%) [14895/55563 ( 27%)]  Loss: 1.798 (0.955)  LR: 3.338e-05  Time cost: 1:02:42/2:51:13 [1:02:44/6:45:09]  Acc_iter 459400      Data time: 0.00(0.00)  Forward time: 0.28(0.25)  Batch time: 0.28(0.25)
2026-08-15 12:13:29,131   INFO  Train:    9/10 ( 90%) [14945/55563 ( 27%)]  Loss: 1.182 (0.955)  LR: 3.335e-05  Time cost: 1:02:55/2:51:01 [1:02:57/6:44:58]  Acc_iter 459450      Data time: 0.00(0.00)  Forward time: 0.26(0.25)  Batch time: 0.26(0.25)
2026-08-15 12:13:29,566   INFO  a1e06a0b30c0                Sat Aug 15 12:13:29 2026  580.173.02
[0] NVIDIA GeForce RTX 3070 | 72°C,  88 % |  6949 /  8192 MB | root(6222M)

2026-08-15 12:13:42,158   INFO  Train:    9/10 ( 90%) [14995/55563 ( 27%)]  Loss: 0.5916 (0.955)  LR: 3.331e-05  Time cost: 1:03:08/2:50:49 [1:03:10/6:44:47]  Acc_iter 459500      Data time: 0.00(0.00)  Forward time: 0.27(0.25)  Batch time: 0.27(0.25)
2026-08-15 12:13:54,346   INFO  Train:    9/10 ( 90%) [15045/55563 ( 27%)]  Loss: 0.7001 (0.955)  LR: 3.328e-05  Time cost: 1:03:20/2:50:35 [1:03:22/6:44:32]  Acc_iter 459550      Data time: 0.00(0.00)  Forward time: 0.23(0.25)  Batch time: 0.23(0.25)
2026-08-15 12:14:06,303   INFO  Train:    9/10 ( 90%) [15095/55563 ( 27%)]  Loss: 0.8974 (0.955)  LR: 3.325e-05  Time cost: 1:03:32/2:50:21 [1:03:34/6:44:15]  Acc_iter 459600      Data time: 0.00(0.00)  Forward time: 0.24(0.25)  Batch time: 0.24(0.25)
2026-08-15 12:14:06,688   INFO  a1e06a0b30c0                Sat Aug 15 12:14:06 2026  580.173.02
[0] NVIDIA GeForce RTX 3070 | 73°C,  94 % |  6970 /  8192 MB | root(6222M)

2026-08-15 12:14:19,501   INFO  Train:    9/10 ( 90%) [15145/55563 ( 27%)]  Loss: 0.8805 (0.955)  LR: 3.321e-05  Time cost: 1:03:46/2:50:10 [1:03:47/6:44:06]  Acc_iter 459650      Data time: 0.00(0.00)  Forward time: 0.28(0.25)  Batch time: 0.28(0.25)
2026-08-15 12:14:32,499   INFO  Train:    9/10 ( 90%) [15195/55563 ( 27%)]  Loss: 0.6617 (0.955)  LR: 3.318e-05  Time cost: 1:03:59/2:49:58 [1:04:00/6:43:56]  Acc_iter 459700      Data time: 0.00(0.00)  Forward time: 0.22(0.25)  Batch time: 0.22(0.25)
2026-08-15 12:14:45,015   INFO  Train:    9/10 ( 90%) [15245/55563 ( 27%)]  Loss: 1.038 (0.955)  LR: 3.315e-05  Time cost: 1:04:11/2:49:45 [1:04:13/6:43:42]  Acc_iter 459750      Data time: 0.00(0.00)  Forward time: 0.27(0.25)  Batch time: 0.27(0.25)
2026-08-15 12:14:45,454   INFO  a1e06a0b30c0                Sat Aug 15 12:14:45 2026  580.173.02
[0] NVIDIA GeForce RTX 3070 | 73°C,  96 % |  6945 /  8192 MB | root(6222M)

2026-08-15 12:14:58,171   INFO  Train:    9/10 ( 90%) [15295/55563 ( 28%)]  Loss: 1.695 (0.955)  LR: 3.311e-05  Time cost: 1:04:24/2:49:34 [1:04:26/6:43:33]  Acc_iter 459800      Data time: 0.00(0.00)  Forward time: 0.24(0.25)  Batch time: 0.24(0.25)
2026-08-15 12:15:10,719   INFO  Train:    9/10 ( 90%) [15345/55563 ( 28%)]  Loss: 0.7926 (0.955)  LR: 3.308e-05  Time cost: 1:04:37/2:49:21 [1:04:38/6:43:20]  Acc_iter 459850      Data time: 0.00(0.00)  Forward time: 0.23(0.25)  Batch time: 0.23(0.25)
2026-08-15 12:15:23,689   INFO  Train:    9/10 ( 90%) [15395/55563 ( 28%)]  Loss: 0.9071 (0.954)  LR: 3.305e-05  Time cost: 1:04:50/2:49:09 [1:04:51/6:43:09]  Acc_iter 459900      Data time: 0.00(0.00)  Forward time: 0.28(0.25)  Batch time: 0.29(0.25)
2026-08-15 12:15:24,106   INFO  a1e06a0b30c0                Sat Aug 15 12:15:24 2026  580.173.02
[0] NVIDIA GeForce RTX 3070 | 72°C,  81 % |  6945 /  8192 MB | root(6222M)

2026-08-15 12:15:33,540   INFO  Save latest model to /OpenPCDet/output/OpenPCDet/tools/cfgs/models/S/F/S_F_N/default/ckpt/latest_model
2026-08-15 12:15:36,816   INFO  Train:    9/10 ( 90%) [15445/55563 ( 28%)]  Loss: 0.9763 (0.954)  LR: 3.301e-05  Time cost: 1:05:03/2:48:58 [1:05:04/6:43:00]  Acc_iter 459950      Data time: 0.00(0.00)  Forward time: 0.27(0.25)  Batch time: 0.27(0.25)
2026-08-15 12:15:49,429   INFO  Train:    9/10 ( 90%) [15495/55563 ( 28%)]  Loss: 1.112 (0.954)  LR: 3.298e-05  Time cost: 1:05:16/2:48:45 [1:05:17/6:42:47]  Acc_iter 460000      Data time: 0.00(0.00)  Forward time: 0.27(0.25)  Batch time: 0.27(0.25)
2026-08-15 12:16:02,272   INFO  Train:    9/10 ( 90%) [15545/55563 ( 28%)]  Loss: 2.271 (0.954)  LR: 3.295e-05  Time cost: 1:05:28/2:48:33 [1:05:30/6:42:36]  Acc_iter 460050      Data time: 0.00(0.00)  Forward time: 0.27(0.25)  Batch time: 0.27(0.25)
2026-08-15 12:16:02,664   INFO  a1e06a0b30c0                Sat Aug 15 12:16:02 2026  580.173.02
[0] NVIDIA GeForce RTX 3070 | 73°C,  99 % |  6945 /  8192 MB | root(6222M)

2026-08-15 12:16:15,406   INFO  Train:    9/10 ( 90%) [15595/55563 ( 28%)]  Loss: 1.427 (0.954)  LR: 3.291e-05  Time cost: 1:05:42/2:48:22 [1:05:43/6:42:26]  Acc_iter 460100      Data time: 0.00(0.00)  Forward time: 0.24(0.25)  Batch time: 0.25(0.25)
2026-08-15 12:16:28,000   INFO  Train:    9/10 ( 90%) [15645/55563 ( 28%)]  Loss: 1.046 (0.954)  LR: 3.288e-05  Time cost: 1:05:54/2:48:09 [1:05:56/6:42:13]  Acc_iter 460150      Data time: 0.00(0.00)  Forward time: 0.24(0.25)  Batch time: 0.24(0.25)
2026-08-15 12:16:40,253   INFO  Train:    9/10 ( 90%) [15695/55563 ( 28%)]  Loss: 0.9045 (0.954)  LR: 3.285e-05  Time cost: 1:06:06/2:47:55 [1:06:08/6:41:58]  Acc_iter 460200      Data time: 0.00(0.00)  Forward time: 0.24(0.25)  Batch time: 0.24(0.25)
2026-08-15 12:16:40,622   INFO  a1e06a0b30c0                Sat Aug 15 12:16:40 2026  580.173.02
[0] NVIDIA GeForce RTX 3070 | 73°C,  73 % |  6702 /  8192 MB | root(6222M)

2026-08-15 12:16:52,994   INFO  Train:    9/10 ( 90%) [15745/55563 ( 28%)]  Loss: 0.9200 (0.954)  LR: 3.281e-05  Time cost: 1:06:19/2:47:43 [1:06:21/6:41:46]  Acc_iter 460250      Data time: 0.00(0.00)  Forward time: 0.22(0.25)  Batch time: 0.22(0.25)
2026-08-15 12:17:05,731   INFO  Train:    9/10 ( 90%) [15795/55563 ( 28%)]  Loss: 1.164 (0.954)  LR: 3.278e-05  Time cost: 1:06:32/2:47:31 [1:06:33/6:41:34]  Acc_iter 460300      Data time: 0.00(0.00)  Forward time: 0.28(0.25)  Batch time: 0.28(0.25)
2026-08-15 12:17:18,695   INFO  Train:    9/10 ( 90%) [15845/55563 ( 29%)]  Loss: 1.110 (0.954)  LR: 3.275e-05  Time cost: 1:06:45/2:47:19 [1:06:46/6:41:23]  Acc_iter 460350      Data time: 0.00(0.00)  Forward time: 0.27(0.25)  Batch time: 0.27(0.25)
2026-08-15 12:17:19,167   INFO  a1e06a0b30c0                Sat Aug 15 12:17:19 2026  580.173.02
[0] NVIDIA GeForce RTX 3070 | 70°C,  89 % |  6931 /  8192 MB | root(6222M)

2026-08-15 12:17:31,717   INFO  Train:    9/10 ( 90%) [15895/55563 ( 29%)]  Loss: 0.6721 (0.954)  LR: 3.271e-05  Time cost: 1:06:58/2:47:07 [1:06:59/6:41:13]  Acc_iter 460400      Data time: 0.00(0.00)  Forward time: 0.25(0.25)  Batch time: 0.25(0.25)
2026-08-15 12:17:44,224   INFO  Train:    9/10 ( 90%) [15945/55563 ( 29%)]  Loss: 0.5624 (0.953)  LR: 3.268e-05  Time cost: 1:07:10/2:46:54 [1:07:12/6:41:00]  Acc_iter 460450      Data time: 0.00(0.00)  Forward time: 0.26(0.25)  Batch time: 0.26(0.25)
2026-08-15 12:17:56,899   INFO  Train:    9/10 ( 90%) [15995/55563 ( 29%)]  Loss: 0.7200 (0.953)  LR: 3.265e-05  Time cost: 1:07:23/2:46:42 [1:07:24/6:40:47]  Acc_iter 460500      Data time: 0.00(0.00)  Forward time: 0.23(0.25)  Batch time: 0.23(0.25)
2026-08-15 12:17:57,294   INFO  a1e06a0b30c0                Sat Aug 15 12:17:57 2026  580.173.02
[0] NVIDIA GeForce RTX 3070 | 65°C,   5 % |  6927 /  8192 MB | root(6222M)

2026-08-15 12:18:10,608   INFO  Train:    9/10 ( 90%) [16045/55563 ( 29%)]  Loss: 0.8614 (0.954)  LR: 3.262e-05  Time cost: 1:07:37/2:46:32 [1:07:38/6:40:41]  Acc_iter 460550      Data time: 0.00(0.00)  Forward time: 0.25(0.25)  Batch time: 0.25(0.25)
2026-08-15 12:18:23,382   INFO  Train:    9/10 ( 90%) [16095/55563 ( 29%)]  Loss: 1.883 (0.954)  LR: 3.258e-05  Time cost: 1:07:50/2:46:19 [1:07:51/6:40:29]  Acc_iter 460600      Data time: 0.00(0.00)  Forward time: 0.22(0.25)  Batch time: 0.22(0.25)
2026-08-15 12:18:36,051   INFO  Train:    9/10 ( 90%) [16145/55563 ( 29%)]  Loss: 0.7586 (0.954)  LR: 3.255e-05  Time cost: 1:08:02/2:46:07 [1:08:04/6:40:17]  Acc_iter 460650      Data time: 0.00(0.00)  Forward time: 0.25(0.25)  Batch time: 0.25(0.25)
2026-08-15 12:18:36,476   INFO  a1e06a0b30c0                Sat Aug 15 12:18:36 2026  580.173.02
[0] NVIDIA GeForce RTX 3070 | 72°C,  99 % |  6925 /  8192 MB | root(6222M)

2026-08-15 12:18:49,169   INFO  Train:    9/10 ( 90%) [16195/55563 ( 29%)]  Loss: 1.624 (0.954)  LR: 3.252e-05  Time cost: 1:08:15/2:45:55 [1:08:17/6:40:07]  Acc_iter 460700      Data time: 0.00(0.00)  Forward time: 0.27(0.25)  Batch time: 0.27(0.25)
2026-08-15 12:19:02,137   INFO  Train:    9/10 ( 90%) [16245/55563 ( 29%)]  Loss: 0.5341 (0.954)  LR: 3.248e-05  Time cost: 1:08:28/2:45:43 [1:08:30/6:39:56]  Acc_iter 460750      Data time: 0.00(0.00)  Forward time: 0.27(0.25)  Batch time: 0.27(0.25)
2026-08-15 12:19:14,928   INFO  Train:    9/10 ( 90%) [16295/55563 ( 29%)]  Loss: 0.8043 (0.954)  LR: 3.245e-05  Time cost: 1:08:41/2:45:31 [1:08:42/6:39:44]  Acc_iter 460800      Data time: 0.00(0.00)  Forward time: 0.26(0.25)  Batch time: 0.26(0.25)
2026-08-15 12:19:15,293   INFO  a1e06a0b30c0                Sat Aug 15 12:19:15 2026  580.173.02
[0] NVIDIA GeForce RTX 3070 | 65°C,   4 % |  6925 /  8192 MB | root(6222M)

2026-08-15 12:19:27,443   INFO  Train:    9/10 ( 90%) [16345/55563 ( 29%)]  Loss: 1.811 (0.954)  LR: 3.242e-05  Time cost: 1:08:54/2:45:18 [1:08:55/6:39:31]  Acc_iter 460850      Data time: 0.00(0.00)  Forward time: 0.26(0.25)  Batch time: 0.26(0.25)
2026-08-15 12:19:39,796   INFO  Train:    9/10 ( 90%) [16395/55563 ( 30%)]  Loss: 1.200 (0.954)  LR: 3.239e-05  Time cost: 1:09:06/2:45:05 [1:09:07/6:39:16]  Acc_iter 460900      Data time: 0.00(0.00)  Forward time: 0.23(0.25)  Batch time: 0.23(0.25)
2026-08-15 12:19:52,542   INFO  Train:    9/10 ( 90%) [16445/55563 ( 30%)]  Loss: 1.163 (0.954)  LR: 3.235e-05  Time cost: 1:09:19/2:44:52 [1:09:20/6:39:04]  Acc_iter 460950      Data time: 0.00(0.00)  Forward time: 0.23(0.25)  Batch time: 0.23(0.25)
2026-08-15 12:19:52,983   INFO  a1e06a0b30c0                Sat Aug 15 12:19:52 2026  580.173.02
[0] NVIDIA GeForce RTX 3070 | 72°C,  94 % |  6682 /  8192 MB | root(6222M)

2026-08-15 12:20:05,389   INFO  Train:    9/10 ( 90%) [16495/55563 ( 30%)]  Loss: 0.7061 (0.954)  LR: 3.232e-05  Time cost: 1:09:32/2:44:40 [1:09:33/6:38:53]  Acc_iter 461000      Data time: 0.00(0.00)  Forward time: 0.20(0.25)  Batch time: 0.21(0.25)
2026-08-15 12:20:17,608   INFO  Train:    9/10 ( 90%) [16545/55563 ( 30%)]  Loss: 0.4946 (0.954)  LR: 3.229e-05  Time cost: 1:09:44/2:44:27 [1:09:45/6:38:38]  Acc_iter 461050      Data time: 0.00(0.00)  Forward time: 0.25(0.25)  Batch time: 0.25(0.25)
2026-08-15 12:20:30,005   INFO  Train:    9/10 ( 90%) [16595/55563 ( 30%)]  Loss: 0.8356 (0.954)  LR: 3.225e-05  Time cost: 1:09:56/2:44:13 [1:09:58/6:38:24]  Acc_iter 461100      Data time: 0.00(0.00)  Forward time: 0.27(0.25)  Batch time: 0.27(0.25)
2026-08-15 12:20:30,432   INFO  a1e06a0b30c0                Sat Aug 15 12:20:30 2026  580.173.02
[0] NVIDIA GeForce RTX 3070 | 71°C,  93 % |  6686 /  8192 MB | root(6222M)

2026-08-15 12:20:33,451   INFO  Save latest model to /OpenPCDet/output/OpenPCDet/tools/cfgs/models/S/F/S_F_N/default/ckpt/latest_model
2026-08-15 12:20:43,194   INFO  Train:    9/10 ( 90%) [16645/55563 ( 30%)]  Loss: 0.4616 (0.954)  LR: 3.222e-05  Time cost: 1:10:09/2:44:02 [1:10:11/6:38:14]  Acc_iter 461150      Data time: 0.00(0.00)  Forward time: 0.22(0.25)  Batch time: 0.22(0.25)
2026-08-15 12:20:55,748   INFO  Train:    9/10 ( 90%) [16695/55563 ( 30%)]  Loss: 1.635 (0.954)  LR: 3.219e-05  Time cost: 1:10:22/2:43:49 [1:10:23/6:38:01]  Acc_iter 461200      Data time: 0.00(0.00)  Forward time: 0.26(0.25)  Batch time: 0.26(0.25)
2026-08-15 12:21:07,889   INFO  Train:    9/10 ( 90%) [16745/55563 ( 30%)]  Loss: 0.8491 (0.954)  LR: 3.216e-05  Time cost: 1:10:34/2:43:35 [1:10:35/6:37:45]  Acc_iter 461250      Data time: 0.00(0.00)  Forward time: 0.22(0.25)  Batch time: 0.22(0.25)
2026-08-15 12:21:08,276   INFO  a1e06a0b30c0                Sat Aug 15 12:21:08 2026  580.173.02
[0] NVIDIA GeForce RTX 3070 | 67°C,   1 % |  6688 /  8192 MB | root(6222M)

2026-08-15 12:21:20,535   INFO  Train:    9/10 ( 90%) [16795/55563 ( 30%)]  Loss: 0.7391 (0.954)  LR: 3.212e-05  Time cost: 1:10:47/2:43:23 [1:10:48/6:37:33]  Acc_iter 461300      Data time: 0.00(0.00)  Forward time: 0.26(0.25)  Batch time: 0.26(0.25)
2026-08-15 12:21:32,817   INFO  Train:    9/10 ( 90%) [16845/55563 ( 30%)]  Loss: 0.9375 (0.954)  LR: 3.209e-05  Time cost: 1:10:59/2:43:09 [1:11:00/6:37:18]  Acc_iter 461350      Data time: 0.00(0.00)  Forward time: 0.22(0.25)  Batch time: 0.23(0.25)
2026-08-15 12:21:45,514   INFO  Train:    9/10 ( 90%) [16895/55563 ( 30%)]  Loss: 0.9474 (0.954)  LR: 3.206e-05  Time cost: 1:11:12/2:42:57 [1:11:13/6:37:06]  Acc_iter 461400      Data time: 0.00(0.00)  Forward time: 0.25(0.25)  Batch time: 0.25(0.25)
2026-08-15 12:21:45,897   INFO  a1e06a0b30c0                Sat Aug 15 12:21:45 2026  580.173.02
[0] NVIDIA GeForce RTX 3070 | 74°C,  63 % |  6683 /  8192 MB | root(6222M)

2026-08-15 12:21:58,215   INFO  Train:    9/10 ( 90%) [16945/55563 ( 30%)]  Loss: 0.3157 (0.954)  LR: 3.202e-05  Time cost: 1:11:24/2:42:44 [1:11:26/6:36:54]  Acc_iter 461450      Data time: 0.00(0.00)  Forward time: 0.21(0.25)  Batch time: 0.21(0.25)
2026-08-15 12:22:10,821   INFO  Train:    9/10 ( 90%) [16995/55563 ( 31%)]  Loss: 0.6862 (0.955)  LR: 3.199e-05  Time cost: 1:11:37/2:42:31 [1:11:38/6:36:41]  Acc_iter 461500      Data time: 0.00(0.00)  Forward time: 0.24(0.25)  Batch time: 0.25(0.25)
2026-08-15 12:22:23,275   INFO  Train:    9/10 ( 90%) [17045/55563 ( 31%)]  Loss: 1.064 (0.954)  LR: 3.196e-05  Time cost: 1:11:49/2:42:18 [1:11:51/6:36:27]  Acc_iter 461550      Data time: 0.00(0.00)  Forward time: 0.23(0.25)  Batch time: 0.23(0.25)
2026-08-15 12:22:23,647   INFO  a1e06a0b30c0                Sat Aug 15 12:22:23 2026  580.173.02
[0] NVIDIA GeForce RTX 3070 | 72°C,  82 % |  6683 /  8192 MB | root(6222M)

2026-08-15 12:22:36,402   INFO  Train:    9/10 ( 90%) [17095/55563 ( 31%)]  Loss: 0.8388 (0.955)  LR: 3.193e-05  Time cost: 1:12:03/2:42:07 [1:12:04/6:36:17]  Acc_iter 461600      Data time: 0.00(0.00)  Forward time: 0.24(0.25)  Batch time: 0.24(0.25)
2026-08-15 12:22:49,040   INFO  Train:    9/10 ( 90%) [17145/55563 ( 31%)]  Loss: 0.6496 (0.954)  LR: 3.189e-05  Time cost: 1:12:15/2:41:54 [1:12:17/6:36:04]  Acc_iter 461650      Data time: 0.00(0.00)  Forward time: 0.24(0.25)  Batch time: 0.25(0.25)
2026-08-15 12:23:01,356   INFO  Train:    9/10 ( 90%) [17195/55563 ( 31%)]  Loss: 0.8007 (0.954)  LR: 3.186e-05  Time cost: 1:12:28/2:41:41 [1:12:29/6:35:50]  Acc_iter 461700      Data time: 0.00(0.00)  Forward time: 0.25(0.25)  Batch time: 0.25(0.25)
2026-08-15 12:23:01,793   INFO  a1e06a0b30c0                Sat Aug 15 12:23:01 2026  580.173.02
[0] NVIDIA GeForce RTX 3070 | 67°C,  93 % |  6683 /  8192 MB | root(6222M)

2026-08-15 12:23:14,193   INFO  Train:    9/10 ( 90%) [17245/55563 ( 31%)]  Loss: 0.8665 (0.954)  LR: 3.183e-05  Time cost: 1:12:40/2:41:29 [1:12:42/6:35:38]  Acc_iter 461750      Data time: 0.00(0.00)  Forward time: 0.24(0.25)  Batch time: 0.24(0.25)
2026-08-15 12:23:26,796   INFO  Train:    9/10 ( 90%) [17295/55563 ( 31%)]  Loss: 0.8726 (0.955)  LR: 3.180e-05  Time cost: 1:12:53/2:41:16 [1:12:54/6:35:25]  Acc_iter 461800      Data time: 0.00(0.00)  Forward time: 0.24(0.25)  Batch time: 0.24(0.25)
2026-08-15 12:23:39,067   INFO  Train:    9/10 ( 90%) [17345/55563 ( 31%)]  Loss: 1.132 (0.954)  LR: 3.176e-05  Time cost: 1:13:05/2:41:02 [1:13:07/6:35:11]  Acc_iter 461850      Data time: 0.00(0.00)  Forward time: 0.27(0.25)  Batch time: 0.27(0.25)
2026-08-15 12:23:39,448   INFO  a1e06a0b30c0                Sat Aug 15 12:23:39 2026  580.173.02
[0] NVIDIA GeForce RTX 3070 | 75°C, 100 % |  6683 /  8192 MB | root(6222M)

2026-08-15 12:23:51,400   INFO  Train:    9/10 ( 90%) [17395/55563 ( 31%)]  Loss: 0.5511 (0.954)  LR: 3.173e-05  Time cost: 1:13:18/2:40:49 [1:13:19/6:34:57]  Acc_iter 461900      Data time: 0.00(0.00)  Forward time: 0.23(0.25)  Batch time: 0.23(0.25)
2026-08-15 12:24:03,768   INFO  Train:    9/10 ( 90%) [17445/55563 ( 31%)]  Loss: 0.8207 (0.954)  LR: 3.170e-05  Time cost: 1:13:30/2:40:36 [1:13:31/6:34:42]  Acc_iter 461950      Data time: 0.00(0.00)  Forward time: 0.27(0.25)  Batch time: 0.27(0.25)
2026-08-15 12:24:16,029   INFO  Train:    9/10 ( 90%) [17495/55563 ( 31%)]  Loss: 1.374 (0.954)  LR: 3.166e-05  Time cost: 1:13:42/2:40:22 [1:13:44/6:34:28]  Acc_iter 462000      Data time: 0.00(0.00)  Forward time: 0.26(0.25)  Batch time: 0.26(0.25)
2026-08-15 12:24:16,454   INFO  a1e06a0b30c0                Sat Aug 15 12:24:16 2026  580.173.02
[0] NVIDIA GeForce RTX 3070 | 73°C,  90 % |  6683 /  8192 MB | root(6222M)

2026-08-15 12:24:28,853   INFO  Train:    9/10 ( 90%) [17545/55563 ( 32%)]  Loss: 0.8509 (0.954)  LR: 3.163e-05  Time cost: 1:13:55/2:40:10 [1:13:56/6:34:16]  Acc_iter 462050      Data time: 0.00(0.00)  Forward time: 0.21(0.25)  Batch time: 0.22(0.25)
2026-08-15 12:24:41,397   INFO  Train:    9/10 ( 90%) [17595/55563 ( 32%)]  Loss: 0.8496 (0.954)  LR: 3.160e-05  Time cost: 1:14:08/2:39:57 [1:14:09/6:34:03]  Acc_iter 462100      Data time: 0.00(0.00)  Forward time: 0.24(0.25)  Batch time: 0.24(0.25)
2026-08-15 12:24:53,486   INFO  Train:    9/10 ( 90%) [17645/55563 ( 32%)]  Loss: 0.6333 (0.954)  LR: 3.157e-05  Time cost: 1:14:20/2:39:44 [1:14:21/6:33:47]  Acc_iter 462150      Data time: 0.00(0.00)  Forward time: 0.24(0.25)  Batch time: 0.24(0.25)
2026-08-15 12:24:53,855   INFO  a1e06a0b30c0                Sat Aug 15 12:24:53 2026  580.173.02
[0] NVIDIA GeForce RTX 3070 | 71°C,  80 % |  6683 /  8192 MB | root(6222M)

2026-08-15 12:25:06,534   INFO  Train:    9/10 ( 90%) [17695/55563 ( 32%)]  Loss: 0.7438 (0.954)  LR: 3.153e-05  Time cost: 1:14:33/2:39:32 [1:14:34/6:33:37]  Acc_iter 462200      Data time: 0.00(0.00)  Forward time: 0.25(0.25)  Batch time: 0.25(0.25)
2026-08-15 12:25:19,161   INFO  Train:    9/10 ( 90%) [17745/55563 ( 32%)]  Loss: 0.8362 (0.955)  LR: 3.150e-05  Time cost: 1:14:45/2:39:19 [1:14:47/6:33:24]  Acc_iter 462250      Data time: 0.00(0.00)  Forward time: 0.28(0.25)  Batch time: 0.28(0.25)
2026-08-15 12:25:31,673   INFO  Train:    9/10 ( 90%) [17795/55563 ( 32%)]  Loss: 0.8303 (0.955)  LR: 3.147e-05  Time cost: 1:14:58/2:39:06 [1:14:59/6:33:11]  Acc_iter 462300      Data time: 0.00(0.00)  Forward time: 0.25(0.25)  Batch time: 0.25(0.25)
2026-08-15 12:25:32,040   INFO  a1e06a0b30c0                Sat Aug 15 12:25:32 2026  580.173.02
[0] NVIDIA GeForce RTX 3070 | 73°C,  99 % |  6684 /  8192 MB | root(6222M)

2026-08-15 12:25:33,748   INFO  Save latest model to /OpenPCDet/output/OpenPCDet/tools/cfgs/models/S/F/S_F_N/default/ckpt/latest_model
2026-08-15 12:25:44,789   INFO  Train:    9/10 ( 90%) [17845/55563 ( 32%)]  Loss: 0.4418 (0.954)  LR: 3.144e-05  Time cost: 1:15:11/2:38:55 [1:15:12/6:33:01]  Acc_iter 462350      Data time: 0.00(0.00)  Forward time: 0.20(0.25)  Batch time: 0.20(0.25)
2026-08-15 12:25:57,162   INFO  Train:    9/10 ( 90%) [17895/55563 ( 32%)]  Loss: 0.4223 (0.954)  LR: 3.140e-05  Time cost: 1:15:23/2:38:41 [1:15:25/6:32:47]  Acc_iter 462400      Data time: 0.00(0.00)  Forward time: 0.25(0.25)  Batch time: 0.25(0.25)
2026-08-15 12:26:09,733   INFO  Train:    9/10 ( 90%) [17945/55563 ( 32%)]  Loss: 0.7726 (0.954)  LR: 3.137e-05  Time cost: 1:15:36/2:38:29 [1:15:37/6:32:34]  Acc_iter 462450      Data time: 0.00(0.00)  Forward time: 0.24(0.25)  Batch time: 0.24(0.25)
2026-08-15 12:26:10,145   INFO  a1e06a0b30c0                Sat Aug 15 12:26:10 2026  580.173.02
[0] NVIDIA GeForce RTX 3070 | 72°C,  66 % |  6683 /  8192 MB | root(6222M)

2026-08-15 12:26:22,641   INFO  Train:    9/10 ( 90%) [17995/55563 ( 32%)]  Loss: 0.8655 (0.954)  LR: 3.134e-05  Time cost: 1:15:49/2:38:16 [1:15:50/6:32:23]  Acc_iter 462500      Data time: 0.00(0.00)  Forward time: 0.24(0.25)  Batch time: 0.25(0.25)
2026-08-15 12:26:35,109   INFO  Train:    9/10 ( 90%) [18045/55563 ( 32%)]  Loss: 1.371 (0.954)  LR: 3.131e-05  Time cost: 1:16:01/2:38:03 [1:16:03/6:32:09]  Acc_iter 462550      Data time: 0.00(0.00)  Forward time: 0.23(0.25)  Batch time: 0.23(0.25)
2026-08-15 12:26:47,600   INFO  Train:    9/10 ( 90%) [18095/55563 ( 33%)]  Loss: 1.139 (0.954)  LR: 3.128e-05  Time cost: 1:16:14/2:37:51 [1:16:15/6:31:56]  Acc_iter 462600      Data time: 0.00(0.00)  Forward time: 0.21(0.25)  Batch time: 0.21(0.25)
2026-08-15 12:26:48,061   INFO  a1e06a0b30c0                Sat Aug 15 12:26:48 2026  580.173.02
[0] NVIDIA GeForce RTX 3070 | 73°C,  99 % |  6686 /  8192 MB | root(6222M)

2026-08-15 12:27:00,426   INFO  Train:    9/10 ( 90%) [18145/55563 ( 33%)]  Loss: 1.215 (0.954)  LR: 3.124e-05  Time cost: 1:16:27/2:37:38 [1:16:28/6:31:44]  Acc_iter 462650      Data time: 0.00(0.00)  Forward time: 0.27(0.25)  Batch time: 0.27(0.25)
2026-08-15 12:27:13,035   INFO  Train:    9/10 ( 90%) [18195/55563 ( 33%)]  Loss: 0.5746 (0.954)  LR: 3.121e-05  Time cost: 1:16:39/2:37:26 [1:16:41/6:31:31]  Acc_iter 462700      Data time: 0.00(0.00)  Forward time: 0.24(0.25)  Batch time: 0.24(0.25)
2026-08-15 12:27:25,383   INFO  Train:    9/10 ( 90%) [18245/55563 ( 33%)]  Loss: 1.131 (0.954)  LR: 3.118e-05  Time cost: 1:16:52/2:37:12 [1:16:53/6:31:17]  Acc_iter 462750      Data time: 0.00(0.00)  Forward time: 0.25(0.25)  Batch time: 0.25(0.25)
2026-08-15 12:27:25,759   INFO  a1e06a0b30c0                Sat Aug 15 12:27:25 2026  580.173.02
[0] NVIDIA GeForce RTX 3070 | 67°C,  96 % |  6683 /  8192 MB | root(6222M)

2026-08-15 12:27:38,020   INFO  Train:    9/10 ( 90%) [18295/55563 ( 33%)]  Loss: 1.409 (0.954)  LR: 3.115e-05  Time cost: 1:17:04/2:37:00 [1:17:06/6:31:04]  Acc_iter 462800      Data time: 0.00(0.00)  Forward time: 0.27(0.25)  Batch time: 0.27(0.25)
2026-08-15 12:27:50,940   INFO  Train:    9/10 ( 90%) [18345/55563 ( 33%)]  Loss: 0.6392 (0.955)  LR: 3.111e-05  Time cost: 1:17:17/2:36:48 [1:17:18/6:30:53]  Acc_iter 462850      Data time: 0.00(0.00)  Forward time: 0.25(0.25)  Batch time: 0.25(0.25)
2026-08-15 12:28:03,633   INFO  Train:    9/10 ( 90%) [18395/55563 ( 33%)]  Loss: 0.7486 (0.954)  LR: 3.108e-05  Time cost: 1:17:30/2:36:35 [1:17:31/6:30:41]  Acc_iter 462900      Data time: 0.00(0.00)  Forward time: 0.25(0.25)  Batch time: 0.25(0.25)
2026-08-15 12:28:04,011   INFO  a1e06a0b30c0                Sat Aug 15 12:28:03 2026  580.173.02
[0] NVIDIA GeForce RTX 3070 | 74°C,  94 % |  6680 /  8192 MB | root(6222M)

2026-08-15 12:28:16,445   INFO  Train:    9/10 ( 90%) [18445/55563 ( 33%)]  Loss: 1.096 (0.955)  LR: 3.105e-05  Time cost: 1:17:43/2:36:23 [1:17:44/6:30:29]  Acc_iter 462950      Data time: 0.00(0.00)  Forward time: 0.23(0.25)  Batch time: 0.23(0.25)
2026-08-15 12:28:28,729   INFO  Train:    9/10 ( 90%) [18495/55563 ( 33%)]  Loss: 1.439 (0.954)  LR: 3.102e-05  Time cost: 1:17:55/2:36:09 [1:17:56/6:30:15]  Acc_iter 463000      Data time: 0.00(0.00)  Forward time: 0.28(0.25)  Batch time: 0.28(0.25)
2026-08-15 12:28:41,222   INFO  Train:    9/10 ( 90%) [18545/55563 ( 33%)]  Loss: 0.6939 (0.955)  LR: 3.098e-05  Time cost: 1:18:07/2:35:57 [1:18:09/6:30:01]  Acc_iter 463050      Data time: 0.00(0.00)  Forward time: 0.25(0.25)  Batch time: 0.26(0.25)
2026-08-15 12:28:41,586   INFO  a1e06a0b30c0                Sat Aug 15 12:28:41 2026  580.173.02
[0] NVIDIA GeForce RTX 3070 | 73°C,  72 % |  6683 /  8192 MB | root(6222M)

2026-08-15 12:28:54,326   INFO  Train:    9/10 ( 90%) [18595/55563 ( 33%)]  Loss: 1.578 (0.955)  LR: 3.095e-05  Time cost: 1:18:20/2:35:45 [1:18:22/6:29:51]  Acc_iter 463100      Data time: 0.00(0.00)  Forward time: 0.28(0.25)  Batch time: 0.29(0.25)
2026-08-15 12:29:06,719   INFO  Train:    9/10 ( 90%) [18645/55563 ( 34%)]  Loss: 0.8769 (0.954)  LR: 3.092e-05  Time cost: 1:18:33/2:35:32 [1:18:34/6:29:37]  Acc_iter 463150      Data time: 0.00(0.00)  Forward time: 0.28(0.25)  Batch time: 0.28(0.25)
2026-08-15 12:29:19,292   INFO  Train:    9/10 ( 90%) [18695/55563 ( 34%)]  Loss: 0.9035 (0.954)  LR: 3.089e-05  Time cost: 1:18:45/2:35:19 [1:18:47/6:29:24]  Acc_iter 463200      Data time: 0.00(0.00)  Forward time: 0.28(0.25)  Batch time: 0.28(0.25)
2026-08-15 12:29:19,660   INFO  a1e06a0b30c0                Sat Aug 15 12:29:19 2026  580.173.02
[0] NVIDIA GeForce RTX 3070 | 73°C,  82 % |  7384 /  8192 MB | root(6924M)

2026-08-15 12:29:31,830   INFO  Train:    9/10 ( 90%) [18745/55563 ( 34%)]  Loss: 1.128 (0.954)  LR: 3.086e-05  Time cost: 1:18:58/2:35:06 [1:18:59/6:29:11]  Acc_iter 463250      Data time: 0.00(0.00)  Forward time: 0.21(0.25)  Batch time: 0.21(0.25)
2026-08-15 12:29:44,108   INFO  Train:    9/10 ( 90%) [18795/55563 ( 34%)]  Loss: 1.107 (0.954)  LR: 3.082e-05  Time cost: 1:19:10/2:34:53 [1:19:12/6:28:56]  Acc_iter 463300      Data time: 0.00(0.00)  Forward time: 0.23(0.25)  Batch time: 0.23(0.25)
2026-08-15 12:29:56,690   INFO  Train:    9/10 ( 90%) [18845/55563 ( 34%)]  Loss: 1.303 (0.954)  LR: 3.079e-05  Time cost: 1:19:23/2:34:40 [1:19:24/6:28:44]  Acc_iter 463350      Data time: 0.00(0.00)  Forward time: 0.26(0.25)  Batch time: 0.26(0.25)
2026-08-15 12:29:57,072   INFO  a1e06a0b30c0                Sat Aug 15 12:29:57 2026  580.173.02
[0] NVIDIA GeForce RTX 3070 | 74°C,  95 % |  7386 /  8192 MB | root(6926M)

2026-08-15 12:30:09,455   INFO  Train:    9/10 ( 90%) [18895/55563 ( 34%)]  Loss: 1.315 (0.954)  LR: 3.076e-05  Time cost: 1:19:36/2:34:28 [1:19:37/6:28:32]  Acc_iter 463400      Data time: 0.00(0.00)  Forward time: 0.23(0.25)  Batch time: 0.23(0.25)
2026-08-15 12:30:21,863   INFO  Train:    9/10 ( 90%) [18945/55563 ( 34%)]  Loss: 0.4543 (0.954)  LR: 3.073e-05  Time cost: 1:19:48/2:34:15 [1:19:49/6:28:18]  Acc_iter 463450      Data time: 0.00(0.00)  Forward time: 0.21(0.25)  Batch time: 0.22(0.25)
2026-08-15 12:30:33,507   INFO  Save latest model to /OpenPCDet/output/OpenPCDet/tools/cfgs/models/S/F/S_F_N/default/ckpt/latest_model
2026-08-15 12:30:34,534   INFO  Train:    9/10 ( 90%) [18995/55563 ( 34%)]  Loss: 0.7249 (0.954)  LR: 3.069e-05  Time cost: 1:20:01/2:34:02 [1:20:02/6:28:05]  Acc_iter 463500      Data time: 0.00(0.00)  Forward time: 0.25(0.25)  Batch time: 0.25(0.25)
2026-08-15 12:30:34,972   INFO  a1e06a0b30c0                Sat Aug 15 12:30:34 2026  580.173.02
[0] NVIDIA GeForce RTX 3070 | 74°C,  68 % |  7387 /  8192 MB | root(6926M)

2026-08-15 12:30:47,442   INFO  Train:    9/10 ( 90%) [19045/55563 ( 34%)]  Loss: 0.2961 (0.954)  LR: 3.066e-05  Time cost: 1:20:14/2:33:50 [1:20:15/6:27:54]  Acc_iter 463550      Data time: 0.00(0.00)  Forward time: 0.26(0.25)  Batch time: 0.26(0.25)
2026-08-15 12:30:59,566   INFO  Train:    9/10 ( 90%) [19095/55563 ( 34%)]  Loss: 0.8796 (0.954)  LR: 3.063e-05  Time cost: 1:20:26/2:33:36 [1:20:27/6:27:39]  Acc_iter 463600      Data time: 0.00(0.00)  Forward time: 0.24(0.25)  Batch time: 0.24(0.25)
2026-08-15 12:31:11,628   INFO  Train:    9/10 ( 90%) [19145/55563 ( 34%)]  Loss: 0.8306 (0.954)  LR: 3.060e-05  Time cost: 1:20:38/2:33:22 [1:20:39/6:27:23]  Acc_iter 463650      Data time: 0.00(0.00)  Forward time: 0.24(0.25)  Batch time: 0.24(0.25)
2026-08-15 12:31:12,005   INFO  a1e06a0b30c0                Sat Aug 15 12:31:11 2026  580.173.02
[0] NVIDIA GeForce RTX 3070 | 75°C,  95 % |  7387 /  8192 MB | root(6926M)

2026-08-15 12:31:24,323   INFO  Train:    9/10 ( 90%) [19195/55563 ( 35%)]  Loss: 1.148 (0.954)  LR: 3.057e-05  Time cost: 1:20:50/2:33:10 [1:20:52/6:27:11]  Acc_iter 463700      Data time: 0.00(0.00)  Forward time: 0.22(0.25)  Batch time: 0.22(0.25)
2026-08-15 12:31:36,764   INFO  Train:    9/10 ( 90%) [19245/55563 ( 35%)]  Loss: 1.336 (0.954)  LR: 3.053e-05  Time cost: 1:21:03/2:32:57 [1:21:04/6:26:58]  Acc_iter 463750      Data time: 0.00(0.00)  Forward time: 0.26(0.25)  Batch time: 0.27(0.25)
2026-08-15 12:31:48,991   INFO  Train:    9/10 ( 90%) [19295/55563 ( 35%)]  Loss: 0.8817 (0.953)  LR: 3.050e-05  Time cost: 1:21:15/2:32:44 [1:21:17/6:26:43]  Acc_iter 463800      Data time: 0.00(0.00)  Forward time: 0.23(0.25)  Batch time: 0.24(0.25)
2026-08-15 12:31:49,369   INFO  a1e06a0b30c0                Sat Aug 15 12:31:49 2026  580.173.02
[0] NVIDIA GeForce RTX 3070 | 68°C,   5 % |  7386 /  8192 MB | root(6926M)

2026-08-15 12:32:01,839   INFO  Train:    9/10 ( 90%) [19345/55563 ( 35%)]  Loss: 3.167 (0.954)  LR: 3.047e-05  Time cost: 1:21:28/2:32:31 [1:21:29/6:26:31]  Acc_iter 463850      Data time: 0.00(0.00)  Forward time: 0.24(0.25)  Batch time: 0.24(0.25)
2026-08-15 12:32:13,904   INFO  Train:    9/10 ( 90%) [19395/55563 ( 35%)]  Loss: 0.1554 (0.953)  LR: 3.044e-05  Time cost: 1:21:40/2:32:18 [1:21:41/6:26:16]  Acc_iter 463900      Data time: 0.00(0.00)  Forward time: 0.20(0.25)  Batch time: 0.20(0.25)
2026-08-15 12:32:26,611   INFO  Train:    9/10 ( 90%) [19445/55563 ( 35%)]  Loss: 0.1981 (0.954)  LR: 3.041e-05  Time cost: 1:21:53/2:32:05 [1:21:54/6:26:04]  Acc_iter 463950      Data time: 0.00(0.00)  Forward time: 0.24(0.25)  Batch time: 0.24(0.25)
2026-08-15 12:32:27,143   INFO  a1e06a0b30c0                Sat Aug 15 12:32:27 2026  580.173.02
[0] NVIDIA GeForce RTX 3070 | 75°C,  99 % |  7391 /  8192 MB | root(6926M)

2026-08-15 12:32:39,756   INFO  Train:    9/10 ( 90%) [19495/55563 ( 35%)]  Loss: 1.108 (0.954)  LR: 3.037e-05  Time cost: 1:22:06/2:31:53 [1:22:07/6:25:54]  Acc_iter 464000      Data time: 0.00(0.00)  Forward time: 0.22(0.25)  Batch time: 0.22(0.25)
2026-08-15 12:32:51,923   INFO  Train:    9/10 ( 90%) [19545/55563 ( 35%)]  Loss: 0.4474 (0.954)  LR: 3.034e-05  Time cost: 1:22:18/2:31:40 [1:22:19/6:25:39]  Acc_iter 464050      Data time: 0.00(0.00)  Forward time: 0.24(0.25)  Batch time: 0.24(0.25)
2026-08-15 12:33:04,573   INFO  Train:    9/10 ( 90%) [19595/55563 ( 35%)]  Loss: 0.8263 (0.953)  LR: 3.031e-05  Time cost: 1:22:31/2:31:27 [1:22:32/6:25:26]  Acc_iter 464100      Data time: 0.00(0.00)  Forward time: 0.23(0.25)  Batch time: 0.24(0.25)
2026-08-15 12:33:04,993   INFO  a1e06a0b30c0                Sat Aug 15 12:33:04 2026  580.173.02
[0] NVIDIA GeForce RTX 3070 | 75°C,  99 % |  7383 /  8192 MB | root(6926M)

2026-08-15 12:33:17,422   INFO  Train:    9/10 ( 90%) [19645/55563 ( 35%)]  Loss: 1.577 (0.954)  LR: 3.028e-05  Time cost: 1:22:44/2:31:15 [1:22:45/6:25:15]  Acc_iter 464150      Data time: 0.00(0.00)  Forward time: 0.26(0.25)  Batch time: 0.26(0.25)
2026-08-15 12:33:29,976   INFO  Train:    9/10 ( 90%) [19695/55563 ( 35%)]  Loss: 0.7290 (0.954)  LR: 3.025e-05  Time cost: 1:22:56/2:31:02 [1:22:58/6:25:02]  Acc_iter 464200      Data time: 0.00(0.00)  Forward time: 0.25(0.25)  Batch time: 0.26(0.25)
2026-08-15 12:33:42,199   INFO  Train:    9/10 ( 90%) [19745/55563 ( 36%)]  Loss: 0.8826 (0.954)  LR: 3.021e-05  Time cost: 1:23:08/2:30:49 [1:23:10/6:24:47]  Acc_iter 464250      Data time: 0.00(0.00)  Forward time: 0.22(0.25)  Batch time: 0.22(0.25)
2026-08-15 12:33:42,577   INFO  a1e06a0b30c0                Sat Aug 15 12:33:42 2026  580.173.02
[0] NVIDIA GeForce RTX 3070 | 73°C,  65 % |  7384 /  8192 MB | root(6926M)

2026-08-15 12:33:54,739   INFO  Train:    9/10 ( 90%) [19795/55563 ( 36%)]  Loss: 0.4450 (0.954)  LR: 3.018e-05  Time cost: 1:23:21/2:30:36 [1:23:22/6:24:34]  Acc_iter 464300      Data time: 0.00(0.00)  Forward time: 0.22(0.25)  Batch time: 0.22(0.25)
2026-08-15 12:34:07,043   INFO  Train:    9/10 ( 90%) [19845/55563 ( 36%)]  Loss: 0.7546 (0.954)  LR: 3.015e-05  Time cost: 1:23:33/2:30:23 [1:23:35/6:24:20]  Acc_iter 464350      Data time: 0.00(0.00)  Forward time: 0.28(0.25)  Batch time: 0.28(0.25)
2026-08-15 12:34:19,339   INFO  Train:    9/10 ( 90%) [19895/55563 ( 36%)]  Loss: 0.9771 (0.954)  LR: 3.012e-05  Time cost: 1:23:45/2:30:10 [1:23:47/6:24:06]  Acc_iter 464400      Data time: 0.00(0.00)  Forward time: 0.26(0.25)  Batch time: 0.26(0.25)
2026-08-15 12:34:19,780   INFO  a1e06a0b30c0                Sat Aug 15 12:34:19 2026  580.173.02
[0] NVIDIA GeForce RTX 3070 | 67°C,  67 % |  7388 /  8192 MB | root(6926M)

2026-08-15 12:34:32,239   INFO  Train:    9/10 ( 90%) [19945/55563 ( 36%)]  Loss: 1.035 (0.954)  LR: 3.009e-05  Time cost: 1:23:58/2:29:58 [1:24:00/6:23:54]  Acc_iter 464450      Data time: 0.00(0.00)  Forward time: 0.20(0.25)  Batch time: 0.20(0.25)
2026-08-15 12:34:44,126   INFO  Train:    9/10 ( 90%) [19995/55563 ( 36%)]  Loss: 0.8921 (0.953)  LR: 3.005e-05  Time cost: 1:24:10/2:29:44 [1:24:12/6:23:38]  Acc_iter 464500      Data time: 0.00(0.00)  Forward time: 0.28(0.25)  Batch time: 0.28(0.25)
2026-08-15 12:34:56,759   INFO  Train:    9/10 ( 90%) [20045/55563 ( 36%)]  Loss: 0.5368 (0.953)  LR: 3.002e-05  Time cost: 1:24:23/2:29:31 [1:24:24/6:23:26]  Acc_iter 464550      Data time: 0.00(0.00)  Forward time: 0.25(0.25)  Batch time: 0.25(0.25)
2026-08-15 12:34:57,140   INFO  a1e06a0b30c0                Sat Aug 15 12:34:57 2026  580.173.02
[0] NVIDIA GeForce RTX 3070 | 73°C,  70 % |  7385 /  8192 MB | root(6926M)

2026-08-15 12:35:09,714   INFO  Train:    9/10 ( 90%) [20095/55563 ( 36%)]  Loss: 1.991 (0.953)  LR: 2.999e-05  Time cost: 1:24:36/2:29:19 [1:24:37/6:23:14]  Acc_iter 464600      Data time: 0.00(0.00)  Forward time: 0.24(0.25)  Batch time: 0.24(0.25)
2026-08-15 12:35:22,649   INFO  Train:    9/10 ( 90%) [20145/55563 ( 36%)]  Loss: 1.427 (0.953)  LR: 2.996e-05  Time cost: 1:24:49/2:29:07 [1:24:50/6:23:03]  Acc_iter 464650      Data time: 0.00(0.00)  Forward time: 0.25(0.25)  Batch time: 0.25(0.25)
2026-08-15 12:35:33,582   INFO  Save latest model to /OpenPCDet/output/OpenPCDet/tools/cfgs/models/S/F/S_F_N/default/ckpt/latest_model
2026-08-15 12:35:34,815   INFO  Train:    9/10 ( 90%) [20195/55563 ( 36%)]  Loss: 0.3927 (0.953)  LR: 2.993e-05  Time cost: 1:25:01/2:28:53 [1:25:02/6:22:48]  Acc_iter 464700      Data time: 0.00(0.00)  Forward time: 0.22(0.25)  Batch time: 0.23(0.25)
2026-08-15 12:35:35,246   INFO  a1e06a0b30c0                Sat Aug 15 12:35:35 2026  580.173.02
[0] NVIDIA GeForce RTX 3070 | 73°C,  79 % |  7386 /  8192 MB | root(6928M)

2026-08-15 12:35:47,486   INFO  Train:    9/10 ( 90%) [20245/55563 ( 36%)]  Loss: 0.8964 (0.953)  LR: 2.990e-05  Time cost: 1:25:14/2:28:41 [1:25:15/6:22:36]  Acc_iter 464750      Data time: 0.00(0.00)  Forward time: 0.23(0.25)  Batch time: 0.23(0.25)
2026-08-15 12:35:59,789   INFO  Train:    9/10 ( 90%) [20295/55563 ( 37%)]  Loss: 0.7872 (0.953)  LR: 2.986e-05  Time cost: 1:25:26/2:28:28 [1:25:27/6:22:22]  Acc_iter 464800      Data time: 0.00(0.00)  Forward time: 0.23(0.25)  Batch time: 0.24(0.25)
2026-08-15 12:36:12,087   INFO  Train:    9/10 ( 90%) [20345/55563 ( 37%)]  Loss: 2.450 (0.953)  LR: 2.983e-05  Time cost: 1:25:38/2:28:14 [1:25:40/6:22:08]  Acc_iter 464850      Data time: 0.00(0.00)  Forward time: 0.27(0.25)  Batch time: 0.27(0.25)
2026-08-15 12:36:12,477   INFO  a1e06a0b30c0                Sat Aug 15 12:36:12 2026  580.173.02
[0] NVIDIA GeForce RTX 3070 | 71°C,  77 % |  7388 /  8192 MB | root(6928M)

2026-08-15 12:36:24,596   INFO  Train:    9/10 ( 90%) [20395/55563 ( 37%)]  Loss: 1.303 (0.953)  LR: 2.980e-05  Time cost: 1:25:51/2:28:02 [1:25:52/6:21:55]  Acc_iter 464900      Data time: 0.00(0.00)  Forward time: 0.21(0.25)  Batch time: 0.21(0.25)
2026-08-15 12:36:36,759   INFO  Train:    9/10 ( 90%) [20445/55563 ( 37%)]  Loss: 1.567 (0.953)  LR: 2.977e-05  Time cost: 1:26:03/2:27:48 [1:26:04/6:21:40]  Acc_iter 464950      Data time: 0.00(0.00)  Forward time: 0.26(0.25)  Batch time: 0.26(0.25)
2026-08-15 12:36:49,015   INFO  Train:    9/10 ( 90%) [20495/55563 ( 37%)]  Loss: 0.3017 (0.953)  LR: 2.974e-05  Time cost: 1:26:15/2:27:35 [1:26:17/6:21:26]  Acc_iter 465000      Data time: 0.00(0.00)  Forward time: 0.24(0.25)  Batch time: 0.24(0.25)
2026-08-15 12:36:49,419   INFO  a1e06a0b30c0                Sat Aug 15 12:36:49 2026  580.173.02
[0] NVIDIA GeForce RTX 3070 | 68°C,  19 % |  7389 /  8192 MB | root(6928M)

2026-08-15 12:37:01,615   INFO  Train:    9/10 ( 90%) [20545/55563 ( 37%)]  Loss: 1.326 (0.953)  LR: 2.971e-05  Time cost: 1:26:28/2:27:22 [1:26:29/6:21:13]  Acc_iter 465050      Data time: 0.00(0.00)  Forward time: 0.23(0.25)  Batch time: 0.23(0.25)
2026-08-15 12:37:14,067   INFO  Train:    9/10 ( 90%) [20595/55563 ( 37%)]  Loss: 1.305 (0.953)  LR: 2.967e-05  Time cost: 1:26:40/2:27:09 [1:26:42/6:21:00]  Acc_iter 465100      Data time: 0.00(0.00)  Forward time: 0.24(0.25)  Batch time: 0.24(0.25)
2026-08-15 12:37:26,141   INFO  Train:    9/10 ( 90%) [20645/55563 ( 37%)]  Loss: 1.583 (0.953)  LR: 2.964e-05  Time cost: 1:26:52/2:26:56 [1:26:54/6:20:45]  Acc_iter 465150      Data time: 0.00(0.00)  Forward time: 0.24(0.25)  Batch time: 0.24(0.25)
2026-08-15 12:37:26,514   INFO  a1e06a0b30c0                Sat Aug 15 12:37:26 2026  580.173.02
[0] NVIDIA GeForce RTX 3070 | 73°C,  96 % |  7389 /  8192 MB | root(6928M)

2026-08-15 12:37:38,898   INFO  Train:    9/10 ( 90%) [20695/55563 ( 37%)]  Loss: 0.6010 (0.953)  LR: 2.961e-05  Time cost: 1:27:05/2:26:43 [1:27:06/6:20:32]  Acc_iter 465200      Data time: 0.00(0.00)  Forward time: 0.23(0.25)  Batch time: 0.23(0.25)
2026-08-15 12:37:51,086   INFO  Train:    9/10 ( 90%) [20745/55563 ( 37%)]  Loss: 0.8397 (0.953)  LR: 2.958e-05  Time cost: 1:27:17/2:26:30 [1:27:19/6:20:18]  Acc_iter 465250      Data time: 0.00(0.00)  Forward time: 0.24(0.25)  Batch time: 0.25(0.25)
2026-08-15 12:38:03,675   INFO  Train:    9/10 ( 90%) [20795/55563 ( 37%)]  Loss: 0.4144 (0.953)  LR: 2.955e-05  Time cost: 1:27:30/2:26:17 [1:27:31/6:20:05]  Acc_iter 465300      Data time: 0.00(0.00)  Forward time: 0.27(0.25)  Batch time: 0.27(0.25)
2026-08-15 12:38:04,056   INFO  a1e06a0b30c0                Sat Aug 15 12:38:04 2026  580.173.02
[0] NVIDIA GeForce RTX 3070 | 72°C,  94 % |  7384 /  8192 MB | root(6928M)

2026-08-15 12:38:16,408   INFO  Train:    9/10 ( 90%) [20845/55563 ( 38%)]  Loss: 0.4139 (0.953)  LR: 2.952e-05  Time cost: 1:27:43/2:26:05 [1:27:44/6:19:53]  Acc_iter 465350      Data time: 0.00(0.00)  Forward time: 0.26(0.25)  Batch time: 0.26(0.25)
2026-08-15 12:38:28,815   INFO  Train:    9/10 ( 90%) [20895/55563 ( 38%)]  Loss: 1.328 (0.953)  LR: 2.948e-05  Time cost: 1:27:55/2:25:52 [1:27:56/6:19:39]  Acc_iter 465400      Data time: 0.00(0.00)  Forward time: 0.25(0.25)  Batch time: 0.26(0.25)
2026-08-15 12:38:41,010   INFO  Train:    9/10 ( 90%) [20945/55563 ( 38%)]  Loss: 1.211 (0.953)  LR: 2.945e-05  Time cost: 1:28:07/2:25:39 [1:28:09/6:19:25]  Acc_iter 465450      Data time: 0.00(0.00)  Forward time: 0.24(0.25)  Batch time: 0.25(0.25)
2026-08-15 12:38:41,445   INFO  a1e06a0b30c0                Sat Aug 15 12:38:41 2026  580.173.02
[0] NVIDIA GeForce RTX 3070 | 67°C,   1 % |  7388 /  8192 MB | root(6928M)

2026-08-15 12:38:54,082   INFO  Train:    9/10 ( 90%) [20995/55563 ( 38%)]  Loss: 0.9075 (0.953)  LR: 2.942e-05  Time cost: 1:28:20/2:25:27 [1:28:22/6:19:14]  Acc_iter 465500      Data time: 0.00(0.00)  Forward time: 0.26(0.25)  Batch time: 0.26(0.25)
2026-08-15 12:39:06,444   INFO  Train:    9/10 ( 90%) [21045/55563 ( 38%)]  Loss: 1.022 (0.953)  LR: 2.939e-05  Time cost: 1:28:33/2:25:14 [1:28:34/6:19:01]  Acc_iter 465550      Data time: 0.00(0.00)  Forward time: 0.25(0.25)  Batch time: 0.25(0.25)
2026-08-15 12:39:18,709   INFO  Train:    9/10 ( 90%) [21095/55563 ( 38%)]  Loss: 0.7641 (0.953)  LR: 2.936e-05  Time cost: 1:28:45/2:25:00 [1:28:46/6:18:46]  Acc_iter 465600      Data time: 0.00(0.00)  Forward time: 0.20(0.25)  Batch time: 0.20(0.25)
2026-08-15 12:39:19,083   INFO  a1e06a0b30c0                Sat Aug 15 12:39:19 2026  580.173.02
[0] NVIDIA GeForce RTX 3070 | 70°C,  95 % |  7389 /  8192 MB | root(6928M)

2026-08-15 12:39:31,408   INFO  Train:    9/10 ( 90%) [21145/55563 ( 38%)]  Loss: 0.3222 (0.953)  LR: 2.933e-05  Time cost: 1:28:58/2:24:48 [1:28:59/6:18:34]  Acc_iter 465650      Data time: 0.00(0.00)  Forward time: 0.21(0.25)  Batch time: 0.21(0.25)
2026-08-15 12:39:44,070   INFO  Train:    9/10 ( 90%) [21195/55563 ( 38%)]  Loss: 0.5705 (0.953)  LR: 2.930e-05  Time cost: 1:29:10/2:24:35 [1:29:12/6:18:22]  Acc_iter 465700      Data time: 0.00(0.00)  Forward time: 0.27(0.25)  Batch time: 0.27(0.25)
2026-08-15 12:39:56,306   INFO  Train:    9/10 ( 90%) [21245/55563 ( 38%)]  Loss: 0.5293 (0.953)  LR: 2.926e-05  Time cost: 1:29:22/2:24:22 [1:29:24/6:18:07]  Acc_iter 465750      Data time: 0.00(0.00)  Forward time: 0.20(0.25)  Batch time: 0.20(0.25)
2026-08-15 12:39:56,692   INFO  a1e06a0b30c0                Sat Aug 15 12:39:56 2026  580.173.02
[0] NVIDIA GeForce RTX 3070 | 70°C,  79 % |  7388 /  8192 MB | root(6928M)

2026-08-15 12:40:08,993   INFO  Train:    9/10 ( 90%) [21295/55563 ( 38%)]  Loss: 0.4864 (0.953)  LR: 2.923e-05  Time cost: 1:29:35/2:24:10 [1:29:37/6:17:55]  Acc_iter 465800      Data time: 0.00(0.00)  Forward time: 0.25(0.25)  Batch time: 0.25(0.25)
2026-08-15 12:40:21,252   INFO  Train:    9/10 ( 90%) [21345/55563 ( 38%)]  Loss: 1.253 (0.953)  LR: 2.920e-05  Time cost: 1:29:47/2:23:56 [1:29:49/6:17:41]  Acc_iter 465850      Data time: 0.00(0.00)  Forward time: 0.24(0.25)  Batch time: 0.24(0.25)
2026-08-15 12:40:33,568   INFO  Train:    9/10 ( 90%) [21395/55563 ( 39%)]  Loss: 1.072 (0.953)  LR: 2.917e-05  Time cost: 1:30:00/2:23:43 [1:30:01/6:17:27]  Acc_iter 465900      Data time: 0.00(0.00)  Forward time: 0.24(0.25)  Batch time: 0.25(0.25)
2026-08-15 12:40:33,999   INFO  a1e06a0b30c0                Sat Aug 15 12:40:33 2026  580.173.02
[0] NVIDIA GeForce RTX 3070 | 67°C,  70 % |  7388 /  8192 MB | root(6928M)

2026-08-15 12:40:34,116   INFO  Save latest model to /OpenPCDet/output/OpenPCDet/tools/cfgs/models/S/F/S_F_N/default/ckpt/latest_model
2026-08-15 12:40:46,692   INFO  Train:    9/10 ( 90%) [21445/55563 ( 39%)]  Loss: 0.8755 (0.953)  LR: 2.914e-05  Time cost: 1:30:13/2:23:31 [1:30:14/6:17:17]  Acc_iter 465950      Data time: 0.00(0.00)  Forward time: 0.27(0.25)  Batch time: 0.27(0.25)
2026-08-15 12:40:59,003   INFO  Train:    9/10 ( 90%) [21495/55563 ( 39%)]  Loss: 0.4617 (0.953)  LR: 2.911e-05  Time cost: 1:30:25/2:23:18 [1:30:27/6:17:03]  Acc_iter 466000      Data time: 0.00(0.00)  Forward time: 0.20(0.25)  Batch time: 0.20(0.25)
2026-08-15 12:41:11,298   INFO  Train:    9/10 ( 90%) [21545/55563 ( 39%)]  Loss: 0.6958 (0.953)  LR: 2.908e-05  Time cost: 1:30:37/2:23:05 [1:30:39/6:16:49]  Acc_iter 466050      Data time: 0.00(0.00)  Forward time: 0.21(0.25)  Batch time: 0.22(0.25)
2026-08-15 12:41:11,726   INFO  a1e06a0b30c0                Sat Aug 15 12:41:11 2026  580.173.02
[0] NVIDIA GeForce RTX 3070 | 70°C,  74 % |  7389 /  8192 MB | root(6928M)

2026-08-15 12:41:24,004   INFO  Train:    9/10 ( 90%) [21595/55563 ( 39%)]  Loss: 1.444 (0.953)  LR: 2.904e-05  Time cost: 1:30:50/2:22:53 [1:30:52/6:16:36]  Acc_iter 466100      Data time: 0.00(0.00)  Forward time: 0.28(0.25)  Batch time: 0.28(0.25)
2026-08-15 12:41:36,733   INFO  Train:    9/10 ( 90%) [21645/55563 ( 39%)]  Loss: 1.184 (0.953)  LR: 2.901e-05  Time cost: 1:31:03/2:22:40 [1:31:04/6:16:24]  Acc_iter 466150      Data time: 0.00(0.00)  Forward time: 0.25(0.25)  Batch time: 0.25(0.25)
2026-08-15 12:41:49,103   INFO  Train:    9/10 ( 90%) [21695/55563 ( 39%)]  Loss: 1.323 (0.953)  LR: 2.898e-05  Time cost: 1:31:15/2:22:27 [1:31:17/6:16:11]  Acc_iter 466200      Data time: 0.00(0.00)  Forward time: 0.25(0.25)  Batch time: 0.26(0.25)
2026-08-15 12:41:49,486   INFO  a1e06a0b30c0                Sat Aug 15 12:41:49 2026  580.173.02
[0] NVIDIA GeForce RTX 3070 | 70°C,  98 % |  7388 /  8192 MB | root(6928M)

2026-08-15 12:42:01,925   INFO  Train:    9/10 ( 90%) [21745/55563 ( 39%)]  Loss: 0.2385 (0.953)  LR: 2.895e-05  Time cost: 1:31:28/2:22:15 [1:31:29/6:15:59]  Acc_iter 466250      Data time: 0.00(0.00)  Forward time: 0.23(0.25)  Batch time: 0.23(0.25)
2026-08-15 12:42:14,030   INFO  Train:    9/10 ( 90%) [21795/55563 ( 39%)]  Loss: 0.7137 (0.953)  LR: 2.892e-05  Time cost: 1:31:40/2:22:02 [1:31:42/6:15:44]  Acc_iter 466300      Data time: 0.00(0.00)  Forward time: 0.23(0.25)  Batch time: 0.23(0.25)
2026-08-15 12:42:26,747   INFO  Train:    9/10 ( 90%) [21845/55563 ( 39%)]  Loss: 1.338 (0.953)  LR: 2.889e-05  Time cost: 1:31:53/2:21:49 [1:31:54/6:15:32]  Acc_iter 466350      Data time: 0.00(0.00)  Forward time: 0.28(0.25)  Batch time: 0.28(0.25)
2026-08-15 12:42:27,175   INFO  a1e06a0b30c0                Sat Aug 15 12:42:27 2026  580.173.02
[0] NVIDIA GeForce RTX 3070 | 70°C,  83 % |  7388 /  8192 MB | root(6928M)

2026-08-15 12:42:39,564   INFO  Train:    9/10 ( 90%) [21895/55563 ( 39%)]  Loss: 1.206 (0.953)  LR: 2.886e-05  Time cost: 1:32:06/2:21:37 [1:32:07/6:15:20]  Acc_iter 466400      Data time: 0.00(0.00)  Forward time: 0.26(0.25)  Batch time: 0.27(0.25)
2026-08-15 12:42:51,611   INFO  Train:    9/10 ( 90%) [21945/55563 ( 39%)]  Loss: 1.054 (0.953)  LR: 2.883e-05  Time cost: 1:32:18/2:21:23 [1:32:19/6:15:05]  Acc_iter 466450      Data time: 0.00(0.00)  Forward time: 0.27(0.25)  Batch time: 0.27(0.25)
2026-08-15 12:43:03,726   INFO  Train:    9/10 ( 90%) [21995/55563 ( 40%)]  Loss: 2.019 (0.953)  LR: 2.879e-05  Time cost: 1:32:30/2:21:10 [1:32:31/6:14:50]  Acc_iter 466500      Data time: 0.00(0.00)  Forward time: 0.24(0.25)  Batch time: 0.24(0.25)
2026-08-15 12:43:04,141   INFO  a1e06a0b30c0                Sat Aug 15 12:43:04 2026  580.173.02
[0] NVIDIA GeForce RTX 3070 | 70°C,  99 % |  7384 /  8192 MB | root(6928M)

2026-08-15 12:43:16,599   INFO  Train:    9/10 ( 90%) [22045/55563 ( 40%)]  Loss: 1.972 (0.953)  LR: 2.876e-05  Time cost: 1:32:43/2:20:58 [1:32:44/6:14:39]  Acc_iter 466550      Data time: 0.00(0.00)  Forward time: 0.24(0.25)  Batch time: 0.25(0.25)
2026-08-15 12:43:29,142   INFO  Train:    9/10 ( 90%) [22095/55563 ( 40%)]  Loss: 0.6326 (0.953)  LR: 2.873e-05  Time cost: 1:32:55/2:20:45 [1:32:57/6:14:26]  Acc_iter 466600      Data time: 0.00(0.00)  Forward time: 0.25(0.25)  Batch time: 0.25(0.25)
2026-08-15 12:43:41,597   INFO  Train:    9/10 ( 90%) [22145/55563 ( 40%)]  Loss: 1.022 (0.954)  LR: 2.870e-05  Time cost: 1:33:08/2:20:32 [1:33:09/6:14:13]  Acc_iter 466650      Data time: 0.00(0.00)  Forward time: 0.27(0.25)  Batch time: 0.27(0.25)
2026-08-15 12:43:41,979   INFO  a1e06a0b30c0                Sat Aug 15 12:43:41 2026  580.173.02
[0] NVIDIA GeForce RTX 3070 | 72°C,  77 % |  7388 /  8192 MB | root(6928M)

2026-08-15 12:43:53,989   INFO  Train:    9/10 ( 90%) [22195/55563 ( 40%)]  Loss: 2.020 (0.953)  LR: 2.867e-05  Time cost: 1:33:20/2:20:19 [1:33:22/6:13:59]  Acc_iter 466700      Data time: 0.00(0.00)  Forward time: 0.26(0.25)  Batch time: 0.26(0.25)
2026-08-15 12:44:06,085   INFO  Train:    9/10 ( 90%) [22245/55563 ( 40%)]  Loss: 0.7094 (0.953)  LR: 2.864e-05  Time cost: 1:33:32/2:20:06 [1:33:34/6:13:44]  Acc_iter 466750      Data time: 0.00(0.00)  Forward time: 0.23(0.25)  Batch time: 0.23(0.25)
2026-08-15 12:44:18,810   INFO  Train:    9/10 ( 90%) [22295/55563 ( 40%)]  Loss: 1.003 (0.954)  LR: 2.861e-05  Time cost: 1:33:45/2:19:53 [1:33:46/6:13:32]  Acc_iter 466800      Data time: 0.00(0.00)  Forward time: 0.23(0.25)  Batch time: 0.23(0.25)
2026-08-15 12:44:19,182   INFO  a1e06a0b30c0                Sat Aug 15 12:44:19 2026  580.173.02
[0] NVIDIA GeForce RTX 3070 | 72°C,  67 % |  7388 /  8192 MB | root(6928M)

2026-08-15 12:44:31,419   INFO  Train:    9/10 ( 90%) [22345/55563 ( 40%)]  Loss: 0.4666 (0.954)  LR: 2.858e-05  Time cost: 1:33:58/2:19:41 [1:33:59/6:13:20]  Acc_iter 466850      Data time: 0.00(0.00)  Forward time: 0.25(0.25)  Batch time: 0.25(0.25)
2026-08-15 12:44:43,601   INFO  Train:    9/10 ( 90%) [22395/55563 ( 40%)]  Loss: 0.7528 (0.953)  LR: 2.854e-05  Time cost: 1:34:10/2:19:27 [1:34:11/6:13:05]  Acc_iter 466900      Data time: 0.00(0.00)  Forward time: 0.25(0.25)  Batch time: 0.25(0.25)
2026-08-15 12:44:55,750   INFO  Train:    9/10 ( 90%) [22445/55563 ( 40%)]  Loss: 1.336 (0.953)  LR: 2.851e-05  Time cost: 1:34:22/2:19:14 [1:34:23/6:12:51]  Acc_iter 466950      Data time: 0.00(0.00)  Forward time: 0.22(0.25)  Batch time: 0.22(0.25)
2026-08-15 12:44:56,184   INFO  a1e06a0b30c0                Sat Aug 15 12:44:56 2026  580.173.02
[0] NVIDIA GeForce RTX 3070 | 72°C,  71 % |  7388 /  8192 MB | root(6928M)

2026-08-15 12:45:08,768   INFO  Train:    9/10 ( 90%) [22495/55563 ( 40%)]  Loss: 2.138 (0.953)  LR: 2.848e-05  Time cost: 1:34:35/2:19:02 [1:34:36/6:12:40]  Acc_iter 467000      Data time: 0.00(0.00)  Forward time: 0.24(0.25)  Batch time: 0.24(0.25)
2026-08-15 12:45:21,336   INFO  Train:    9/10 ( 90%) [22545/55563 ( 41%)]  Loss: 0.8240 (0.954)  LR: 2.845e-05  Time cost: 1:34:47/2:18:49 [1:34:49/6:12:27]  Acc_iter 467050      Data time: 0.00(0.00)  Forward time: 0.28(0.25)  Batch time: 0.28(0.25)
2026-08-15 12:45:33,513   INFO  Train:    9/10 ( 90%) [22595/55563 ( 41%)]  Loss: 0.9650 (0.953)  LR: 2.842e-05  Time cost: 1:35:00/2:18:36 [1:35:01/6:12:13]  Acc_iter 467100      Data time: 0.00(0.00)  Forward time: 0.25(0.25)  Batch time: 0.26(0.25)
2026-08-15 12:45:33,886   INFO  a1e06a0b30c0                Sat Aug 15 12:45:33 2026  580.173.02
[0] NVIDIA GeForce RTX 3070 | 67°C,  68 % |  7389 /  8192 MB | root(6928M)

2026-08-15 12:45:33,983   INFO  Save latest model to /OpenPCDet/output/OpenPCDet/tools/cfgs/models/S/F/S_F_N/default/ckpt/latest_model
2026-08-15 12:45:46,541   INFO  Train:    9/10 ( 90%) [22645/55563 ( 41%)]  Loss: 0.6584 (0.953)  LR: 2.839e-05  Time cost: 1:35:13/2:18:24 [1:35:14/6:12:02]  Acc_iter 467150      Data time: 0.00(0.00)  Forward time: 0.26(0.25)  Batch time: 0.26(0.25)
2026-08-15 12:45:59,076   INFO  Train:    9/10 ( 90%) [22695/55563 ( 41%)]  Loss: 1.343 (0.953)  LR: 2.836e-05  Time cost: 1:35:25/2:18:11 [1:35:27/6:11:49]  Acc_iter 467200      Data time: 0.00(0.00)  Forward time: 0.30(0.25)  Batch time: 0.30(0.25)
2026-08-15 12:46:11,260   INFO  Train:    9/10 ( 90%) [22745/55563 ( 41%)]  Loss: 0.9064 (0.953)  LR: 2.833e-05  Time cost: 1:35:37/2:17:58 [1:35:39/6:11:34]  Acc_iter 467250      Data time: 0.00(0.00)  Forward time: 0.24(0.25)  Batch time: 0.24(0.25)
2026-08-15 12:46:11,636   INFO  a1e06a0b30c0                Sat Aug 15 12:46:11 2026  580.173.02
[0] NVIDIA GeForce RTX 3070 | 73°C,  77 % |  7388 /  8192 MB | root(6928M)

2026-08-15 12:46:23,908   INFO  Train:    9/10 ( 90%) [22795/55563 ( 41%)]  Loss: 0.8875 (0.953)  LR: 2.830e-05  Time cost: 1:35:50/2:17:46 [1:35:51/6:11:22]  Acc_iter 467300      Data time: 0.00(0.00)  Forward time: 0.26(0.25)  Batch time: 0.26(0.25)
2026-08-15 12:46:36,474   INFO  Train:    9/10 ( 90%) [22845/55563 ( 41%)]  Loss: 0.9589 (0.953)  LR: 2.827e-05  Time cost: 1:36:03/2:17:33 [1:36:04/6:11:09]  Acc_iter 467350      Data time: 0.00(0.00)  Forward time: 0.25(0.25)  Batch time: 0.25(0.25)
2026-08-15 12:46:48,786   INFO  Train:    9/10 ( 90%) [22895/55563 ( 41%)]  Loss: 0.4915 (0.953)  LR: 2.823e-05  Time cost: 1:36:15/2:17:20 [1:36:16/6:10:55]  Acc_iter 467400      Data time: 0.00(0.00)  Forward time: 0.25(0.25)  Batch time: 0.25(0.25)
2026-08-15 12:46:49,220   INFO  a1e06a0b30c0                Sat Aug 15 12:46:49 2026  580.173.02
[0] NVIDIA GeForce RTX 3070 | 74°C,  65 % |  7388 /  8192 MB | root(6928M)

2026-08-15 12:47:01,902   INFO  Train:    9/10 ( 90%) [22945/55563 ( 41%)]  Loss: 0.5421 (0.953)  LR: 2.820e-05  Time cost: 1:36:28/2:17:08 [1:36:29/6:10:45]  Acc_iter 467450      Data time: 0.00(0.00)  Forward time: 0.22(0.25)  Batch time: 0.22(0.25)
2026-08-15 12:47:14,012   INFO  Train:    9/10 ( 90%) [22995/55563 ( 41%)]  Loss: 0.4023 (0.953)  LR: 2.817e-05  Time cost: 1:36:40/2:16:55 [1:36:42/6:10:30]  Acc_iter 467500      Data time: 0.00(0.00)  Forward time: 0.23(0.25)  Batch time: 0.23(0.25)
2026-08-15 12:47:26,276   INFO  Train:    9/10 ( 90%) [23045/55563 ( 41%)]  Loss: 0.4134 (0.953)  LR: 2.814e-05  Time cost: 1:36:52/2:16:42 [1:36:54/6:10:16]  Acc_iter 467550      Data time: 0.00(0.00)  Forward time: 0.23(0.25)  Batch time: 0.23(0.25)
2026-08-15 12:47:26,678   INFO  a1e06a0b30c0                Sat Aug 15 12:47:26 2026  580.173.02
[0] NVIDIA GeForce RTX 3070 | 73°C,  93 % |  7389 /  8192 MB | root(6928M)

2026-08-15 12:47:39,152   INFO  Train:    9/10 ( 90%) [23095/55563 ( 42%)]  Loss: 0.6450 (0.953)  LR: 2.811e-05  Time cost: 1:37:05/2:16:29 [1:37:07/6:10:05]  Acc_iter 467600      Data time: 0.00(0.00)  Forward time: 0.26(0.25)  Batch time: 0.27(0.25)
2026-08-15 12:47:51,744   INFO  Train:    9/10 ( 90%) [23145/55563 ( 42%)]  Loss: 0.9722 (0.953)  LR: 2.808e-05  Time cost: 1:37:18/2:16:17 [1:37:19/6:09:52]  Acc_iter 467650      Data time: 0.00(0.00)  Forward time: 0.26(0.25)  Batch time: 0.26(0.25)
2026-08-15 12:48:04,131   INFO  Train:    9/10 ( 90%) [23195/55563 ( 42%)]  Loss: 1.062 (0.953)  LR: 2.805e-05  Time cost: 1:37:30/2:16:04 [1:37:32/6:09:39]  Acc_iter 467700      Data time: 0.00(0.00)  Forward time: 0.21(0.25)  Batch time: 0.21(0.25)
2026-08-15 12:48:04,517   INFO  a1e06a0b30c0                Sat Aug 15 12:48:04 2026  580.173.02
[0] NVIDIA GeForce RTX 3070 | 75°C,  49 % |  7384 /  8192 MB | root(6928M)

2026-08-15 12:48:16,720   INFO  Train:    9/10 ( 90%) [23245/55563 ( 42%)]  Loss: 0.9004 (0.953)  LR: 2.802e-05  Time cost: 1:37:43/2:15:51 [1:37:44/6:09:26]  Acc_iter 467750      Data time: 0.00(0.00)  Forward time: 0.25(0.25)  Batch time: 0.26(0.25)
2026-08-15 12:48:29,036   INFO  Train:    9/10 ( 90%) [23295/55563 ( 42%)]  Loss: 0.7617 (0.953)  LR: 2.799e-05  Time cost: 1:37:55/2:15:38 [1:37:57/6:09:12]  Acc_iter 467800      Data time: 0.00(0.00)  Forward time: 0.26(0.25)  Batch time: 0.26(0.25)
2026-08-15 12:48:41,894   INFO  Train:    9/10 ( 90%) [23345/55563 ( 42%)]  Loss: 0.8914 (0.953)  LR: 2.796e-05  Time cost: 1:38:08/2:15:26 [1:38:09/6:09:00]  Acc_iter 467850      Data time: 0.00(0.00)  Forward time: 0.27(0.25)  Batch time: 0.27(0.25)
2026-08-15 12:48:42,323   INFO  a1e06a0b30c0                Sat Aug 15 12:48:42 2026  580.173.02
[0] NVIDIA GeForce RTX 3070 | 72°C,  64 % |  7386 /  8192 MB | root(6928M)

2026-08-15 12:48:54,777   INFO  Train:    9/10 ( 90%) [23395/55563 ( 42%)]  Loss: 1.243 (0.953)  LR: 2.793e-05  Time cost: 1:38:21/2:15:14 [1:38:22/6:08:49]  Acc_iter 467900      Data time: 0.00(0.00)  Forward time: 0.26(0.25)  Batch time: 0.26(0.25)
2026-08-15 12:49:07,297   INFO  Train:    9/10 ( 90%) [23445/55563 ( 42%)]  Loss: 1.028 (0.953)  LR: 2.789e-05  Time cost: 1:38:33/2:15:01 [1:38:35/6:08:36]  Acc_iter 467950      Data time: 0.00(0.00)  Forward time: 0.25(0.25)  Batch time: 0.25(0.25)
2026-08-15 12:49:19,775   INFO  Train:    9/10 ( 90%) [23495/55563 ( 42%)]  Loss: 1.261 (0.954)  LR: 2.786e-05  Time cost: 1:38:46/2:14:48 [1:38:47/6:08:23]  Acc_iter 468000      Data time: 0.00(0.00)  Forward time: 0.26(0.25)  Batch time: 0.26(0.25)
2026-08-15 12:49:20,173   INFO  a1e06a0b30c0                Sat Aug 15 12:49:20 2026  580.173.02
[0] NVIDIA GeForce RTX 3070 | 74°C,  93 % |  7389 /  8192 MB | root(6928M)

2026-08-15 12:49:32,590   INFO  Train:    9/10 ( 90%) [23545/55563 ( 42%)]  Loss: 0.9871 (0.953)  LR: 2.783e-05  Time cost: 1:38:59/2:14:36 [1:39:00/6:08:11]  Acc_iter 468050      Data time: 0.00(0.00)  Forward time: 0.24(0.25)  Batch time: 0.24(0.25)
2026-08-15 12:49:45,120   INFO  Train:    9/10 ( 90%) [23595/55563 ( 42%)]  Loss: 1.284 (0.953)  LR: 2.780e-05  Time cost: 1:39:11/2:14:23 [1:39:13/6:07:58]  Acc_iter 468100      Data time: 0.00(0.00)  Forward time: 0.24(0.25)  Batch time: 0.24(0.25)
2026-08-15 12:49:57,267   INFO  Train:    9/10 ( 90%) [23645/55563 ( 43%)]  Loss: 2.156 (0.953)  LR: 2.777e-05  Time cost: 1:39:23/2:14:10 [1:39:25/6:07:44]  Acc_iter 468150      Data time: 0.00(0.00)  Forward time: 0.23(0.25)  Batch time: 0.24(0.25)
2026-08-15 12:49:57,673   INFO  a1e06a0b30c0                Sat Aug 15 12:49:57 2026  580.173.02
[0] NVIDIA GeForce RTX 3070 | 73°C,  82 % |  7388 /  8192 MB | root(6928M)

2026-08-15 12:50:10,058   INFO  Train:    9/10 ( 90%) [23695/55563 ( 43%)]  Loss: 0.8275 (0.953)  LR: 2.774e-05  Time cost: 1:39:36/2:13:57 [1:39:38/6:07:32]  Acc_iter 468200      Data time: 0.00(0.00)  Forward time: 0.27(0.25)  Batch time: 0.27(0.25)
2026-08-15 12:50:21,910   INFO  Train:    9/10 ( 90%) [23745/55563 ( 43%)]  Loss: 0.5468 (0.953)  LR: 2.771e-05  Time cost: 1:39:48/2:13:44 [1:39:49/6:07:16]  Acc_iter 468250      Data time: 0.00(0.00)  Forward time: 0.24(0.25)  Batch time: 0.24(0.25)
2026-08-15 12:50:33,581   INFO  Save latest model to /OpenPCDet/output/OpenPCDet/tools/cfgs/models/S/F/S_F_N/default/ckpt/latest_model
2026-08-15 12:50:34,760   INFO  Train:    9/10 ( 90%) [23795/55563 ( 43%)]  Loss: 0.8582 (0.953)  LR: 2.768e-05  Time cost: 1:40:01/2:13:31 [1:40:02/6:07:05]  Acc_iter 468300      Data time: 0.00(0.00)  Forward time: 0.22(0.25)  Batch time: 0.22(0.25)
2026-08-15 12:50:35,145   INFO  a1e06a0b30c0                Sat Aug 15 12:50:35 2026  580.173.02
[0] NVIDIA GeForce RTX 3070 | 71°C,  80 % |  7388 /  8192 MB | root(6928M)

2026-08-15 12:50:47,483   INFO  Train:    9/10 ( 90%) [23845/55563 ( 43%)]  Loss: 0.8230 (0.953)  LR: 2.765e-05  Time cost: 1:40:14/2:13:19 [1:40:15/6:06:52]  Acc_iter 468350      Data time: 0.00(0.00)  Forward time: 0.22(0.25)  Batch time: 0.22(0.25)
2026-08-15 12:50:59,520   INFO  Train:    9/10 ( 90%) [23895/55563 ( 43%)]  Loss: 1.005 (0.953)  LR: 2.762e-05  Time cost: 1:40:26/2:13:06 [1:40:27/6:06:38]  Acc_iter 468400      Data time: 0.00(0.00)  Forward time: 0.23(0.25)  Batch time: 0.23(0.25)
2026-08-15 12:51:12,032   INFO  Train:    9/10 ( 90%) [23945/55563 ( 43%)]  Loss: 0.7106 (0.953)  LR: 2.759e-05  Time cost: 1:40:38/2:12:53 [1:40:40/6:06:25]  Acc_iter 468450      Data time: 0.00(0.00)  Forward time: 0.22(0.25)  Batch time: 0.22(0.25)
2026-08-15 12:51:12,410   INFO  a1e06a0b30c0                Sat Aug 15 12:51:12 2026  580.173.02
[0] NVIDIA GeForce RTX 3070 | 66°C,  12 % |  7389 /  8192 MB | root(6928M)

2026-08-15 12:51:25,116   INFO  Train:    9/10 ( 90%) [23995/55563 ( 43%)]  Loss: 0.6655 (0.953)  LR: 2.756e-05  Time cost: 1:40:51/2:12:41 [1:40:53/6:06:14]  Acc_iter 468500      Data time: 0.00(0.00)  Forward time: 0.22(0.25)  Batch time: 0.22(0.25)
2026-08-15 12:51:37,213   INFO  Train:    9/10 ( 90%) [24045/55563 ( 43%)]  Loss: 0.7780 (0.952)  LR: 2.753e-05  Time cost: 1:41:03/2:12:28 [1:41:05/6:05:59]  Acc_iter 468550      Data time: 0.00(0.00)  Forward time: 0.26(0.25)  Batch time: 0.26(0.25)
2026-08-15 12:51:49,401   INFO  Train:    9/10 ( 90%) [24095/55563 ( 43%)]  Loss: 0.9376 (0.952)  LR: 2.750e-05  Time cost: 1:41:16/2:12:14 [1:41:17/6:05:45]  Acc_iter 468600      Data time: 0.00(0.00)  Forward time: 0.24(0.25)  Batch time: 0.24(0.25)
2026-08-15 12:51:49,784   INFO  a1e06a0b30c0                Sat Aug 15 12:51:49 2026  580.173.02
[0] NVIDIA GeForce RTX 3070 | 73°C,  75 % |  7389 /  8192 MB | root(6928M)

2026-08-15 12:52:01,939   INFO  Train:    9/10 ( 90%) [24145/55563 ( 43%)]  Loss: 1.589 (0.952)  LR: 2.747e-05  Time cost: 1:41:28/2:12:02 [1:41:29/6:05:32]  Acc_iter 468650      Data time: 0.00(0.00)  Forward time: 0.27(0.25)  Batch time: 0.27(0.25)
2026-08-15 12:52:14,741   INFO  Train:    9/10 ( 90%) [24195/55563 ( 44%)]  Loss: 1.017 (0.952)  LR: 2.743e-05  Time cost: 1:41:41/2:11:49 [1:41:42/6:05:20]  Acc_iter 468700      Data time: 0.00(0.00)  Forward time: 0.26(0.25)  Batch time: 0.27(0.25)
2026-08-15 12:52:27,202   INFO  Train:    9/10 ( 90%) [24245/55563 ( 44%)]  Loss: 0.7687 (0.952)  LR: 2.740e-05  Time cost: 1:41:53/2:11:37 [1:41:55/6:05:07]  Acc_iter 468750      Data time: 0.00(0.00)  Forward time: 0.23(0.25)  Batch time: 0.23(0.25)
2026-08-15 12:52:27,585   INFO  a1e06a0b30c0                Sat Aug 15 12:52:27 2026  580.173.02
[0] NVIDIA GeForce RTX 3070 | 71°C,  98 % |  7388 /  8192 MB | root(6928M)

2026-08-15 12:52:39,613   INFO  Train:    9/10 ( 90%) [24295/55563 ( 44%)]  Loss: 0.4786 (0.952)  LR: 2.737e-05  Time cost: 1:42:06/2:11:24 [1:42:07/6:04:54]  Acc_iter 468800      Data time: 0.00(0.00)  Forward time: 0.27(0.25)  Batch time: 0.27(0.25)
2026-08-15 12:52:51,971   INFO  Train:    9/10 ( 90%) [24345/55563 ( 44%)]  Loss: 1.199 (0.953)  LR: 2.734e-05  Time cost: 1:42:18/2:11:11 [1:42:20/6:04:41]  Acc_iter 468850      Data time: 0.00(0.00)  Forward time: 0.24(0.25)  Batch time: 0.24(0.25)
2026-08-15 12:53:04,382   INFO  Train:    9/10 ( 90%) [24395/55563 ( 44%)]  Loss: 1.026 (0.953)  LR: 2.731e-05  Time cost: 1:42:31/2:10:58 [1:42:32/6:04:27]  Acc_iter 468900      Data time: 0.00(0.00)  Forward time: 0.25(0.25)  Batch time: 0.25(0.25)
2026-08-15 12:53:04,762   INFO  a1e06a0b30c0                Sat Aug 15 12:53:04 2026  580.173.02
[0] NVIDIA GeForce RTX 3070 | 70°C,  70 % |  7384 /  8192 MB | root(6928M)

2026-08-15 12:53:17,051   INFO  Train:    9/10 ( 90%) [24445/55563 ( 44%)]  Loss: 1.094 (0.953)  LR: 2.728e-05  Time cost: 1:42:43/2:10:45 [1:42:45/6:04:15]  Acc_iter 468950      Data time: 0.00(0.00)  Forward time: 0.21(0.25)  Batch time: 0.21(0.25)
2026-08-15 12:53:29,457   INFO  Train:    9/10 ( 90%) [24495/55563 ( 44%)]  Loss: 1.446 (0.953)  LR: 2.725e-05  Time cost: 1:42:56/2:10:33 [1:42:57/6:04:02]  Acc_iter 469000      Data time: 0.00(0.00)  Forward time: 0.26(0.25)  Batch time: 0.26(0.25)
2026-08-15 12:53:41,911   INFO  Train:    9/10 ( 90%) [24545/55563 ( 44%)]  Loss: 0.6293 (0.953)  LR: 2.722e-05  Time cost: 1:43:08/2:10:20 [1:43:09/6:03:48]  Acc_iter 469050      Data time: 0.00(0.00)  Forward time: 0.21(0.25)  Batch time: 0.21(0.25)
2026-08-15 12:53:42,334   INFO  a1e06a0b30c0                Sat Aug 15 12:53:42 2026  580.173.02
[0] NVIDIA GeForce RTX 3070 | 73°C,  95 % |  7389 /  8192 MB | root(6928M)

2026-08-15 12:53:54,726   INFO  Train:    9/10 ( 90%) [24595/55563 ( 44%)]  Loss: 0.3834 (0.953)  LR: 2.719e-05  Time cost: 1:43:21/2:10:07 [1:43:22/6:03:37]  Acc_iter 469100      Data time: 0.00(0.00)  Forward time: 0.22(0.25)  Batch time: 0.23(0.25)
2026-08-15 12:54:06,991   INFO  Train:    9/10 ( 90%) [24645/55563 ( 44%)]  Loss: 1.235 (0.952)  LR: 2.716e-05  Time cost: 1:43:33/2:09:54 [1:43:35/6:03:23]  Acc_iter 469150      Data time: 0.00(0.00)  Forward time: 0.25(0.25)  Batch time: 0.26(0.25)
2026-08-15 12:54:19,179   INFO  Train:    9/10 ( 90%) [24695/55563 ( 44%)]  Loss: 0.7963 (0.952)  LR: 2.713e-05  Time cost: 1:43:45/2:09:41 [1:43:47/6:03:09]  Acc_iter 469200      Data time: 0.00(0.00)  Forward time: 0.24(0.25)  Batch time: 0.24(0.25)
2026-08-15 12:54:19,545   INFO  a1e06a0b30c0                Sat Aug 15 12:54:19 2026  580.173.02
[0] NVIDIA GeForce RTX 3070 | 73°C,  99 % |  7389 /  8192 MB | root(6928M)

2026-08-15 12:54:31,847   INFO  Train:    9/10 ( 90%) [24745/55563 ( 45%)]  Loss: 0.8598 (0.952)  LR: 2.710e-05  Time cost: 1:43:58/2:09:29 [1:43:59/6:02:56]  Acc_iter 469250      Data time: 0.00(0.00)  Forward time: 0.26(0.25)  Batch time: 0.26(0.25)
2026-08-15 12:54:44,233   INFO  Train:    9/10 ( 90%) [24795/55563 ( 45%)]  Loss: 1.142 (0.952)  LR: 2.707e-05  Time cost: 1:44:10/2:09:16 [1:44:12/6:02:43]  Acc_iter 469300      Data time: 0.00(0.00)  Forward time: 0.24(0.25)  Batch time: 0.24(0.25)
2026-08-15 12:54:56,755   INFO  Train:    9/10 ( 90%) [24845/55563 ( 45%)]  Loss: 0.6719 (0.952)  LR: 2.704e-05  Time cost: 1:44:23/2:09:03 [1:44:24/6:02:30]  Acc_iter 469350      Data time: 0.00(0.00)  Forward time: 0.27(0.25)  Batch time: 0.27(0.25)
2026-08-15 12:54:57,202   INFO  a1e06a0b30c0                Sat Aug 15 12:54:57 2026  580.173.02
[0] NVIDIA GeForce RTX 3070 | 71°C,  86 % |  7388 /  8192 MB | root(6928M)

2026-08-15 12:55:09,533   INFO  Train:    9/10 ( 90%) [24895/55563 ( 45%)]  Loss: 1.942 (0.952)  LR: 2.701e-05  Time cost: 1:44:36/2:08:51 [1:44:37/6:02:18]  Acc_iter 469400      Data time: 0.00(0.00)  Forward time: 0.26(0.25)  Batch time: 0.26(0.25)
2026-08-15 12:55:21,512   INFO  Train:    9/10 ( 90%) [24945/55563 ( 45%)]  Loss: 0.9545 (0.952)  LR: 2.698e-05  Time cost: 1:44:48/2:08:37 [1:44:49/6:02:03]  Acc_iter 469450      Data time: 0.00(0.00)  Forward time: 0.25(0.25)  Batch time: 0.25(0.25)
2026-08-15 12:55:33,626   INFO  Save latest model to /OpenPCDet/output/OpenPCDet/tools/cfgs/models/S/F/S_F_N/default/ckpt/latest_model
2026-08-15 12:55:33,857   INFO  Train:    9/10 ( 90%) [24995/55563 ( 45%)]  Loss: 0.6459 (0.952)  LR: 2.695e-05  Time cost: 1:45:00/2:08:24 [1:45:01/6:01:50]  Acc_iter 469500      Data time: 0.11(0.00)  Forward time: 0.23(0.25)  Batch time: 0.34(0.25)
2026-08-15 12:55:34,287   INFO  a1e06a0b30c0                Sat Aug 15 12:55:34 2026  580.173.02
[0] NVIDIA GeForce RTX 3070 | 67°C,  74 % |  7388 /  8192 MB | root(6928M)

2026-08-15 12:55:46,995   INFO  Train:    9/10 ( 90%) [25045/55563 ( 45%)]  Loss: 1.292 (0.952)  LR: 2.692e-05  Time cost: 1:45:13/2:08:13 [1:45:15/6:01:39]  Acc_iter 469550      Data time: 0.00(0.00)  Forward time: 0.25(0.25)  Batch time: 0.25(0.25)
2026-08-15 12:55:59,744   INFO  Train:    9/10 ( 90%) [25095/55563 ( 45%)]  Loss: 0.8590 (0.952)  LR: 2.689e-05  Time cost: 1:45:26/2:08:00 [1:45:27/6:01:27]  Acc_iter 469600      Data time: 0.00(0.00)  Forward time: 0.27(0.25)  Batch time: 0.27(0.25)
2026-08-15 12:56:12,072   INFO  Train:    9/10 ( 90%) [25145/55563 ( 45%)]  Loss: 0.5047 (0.953)  LR: 2.686e-05  Time cost: 1:45:38/2:07:47 [1:45:40/6:01:13]  Acc_iter 469650      Data time: 0.00(0.00)  Forward time: 0.22(0.25)  Batch time: 0.22(0.25)
2026-08-15 12:56:12,439   INFO  a1e06a0b30c0                Sat Aug 15 12:56:12 2026  580.173.02
[0] NVIDIA GeForce RTX 3070 | 68°C,   1 % |  7389 /  8192 MB | root(6928M)

2026-08-15 12:56:24,766   INFO  Train:    9/10 ( 90%) [25195/55563 ( 45%)]  Loss: 0.5208 (0.953)  LR: 2.683e-05  Time cost: 1:45:51/2:07:35 [1:45:52/6:01:01]  Acc_iter 469700      Data time: 0.00(0.00)  Forward time: 0.23(0.25)  Batch time: 0.24(0.25)
2026-08-15 12:56:37,359   INFO  Train:    9/10 ( 90%) [25245/55563 ( 45%)]  Loss: 0.5461 (0.953)  LR: 2.680e-05  Time cost: 1:46:04/2:07:22 [1:46:05/6:00:48]  Acc_iter 469750      Data time: 0.00(0.00)  Forward time: 0.28(0.25)  Batch time: 0.28(0.25)
2026-08-15 12:56:50,187   INFO  Train:    9/10 ( 90%) [25295/55563 ( 46%)]  Loss: 1.004 (0.953)  LR: 2.677e-05  Time cost: 1:46:16/2:07:10 [1:46:18/6:00:37]  Acc_iter 469800      Data time: 0.00(0.00)  Forward time: 0.26(0.25)  Batch time: 0.26(0.25)
2026-08-15 12:56:50,570   INFO  a1e06a0b30c0                Sat Aug 15 12:56:50 2026  580.173.02
[0] NVIDIA GeForce RTX 3070 | 73°C,  69 % |  7388 /  8192 MB | root(6928M)

2026-08-15 12:57:02,877   INFO  Train:    9/10 ( 90%) [25345/55563 ( 46%)]  Loss: 1.164 (0.953)  LR: 2.674e-05  Time cost: 1:46:29/2:06:57 [1:46:30/6:00:24]  Acc_iter 469850      Data time: 0.00(0.00)  Forward time: 0.25(0.25)  Batch time: 0.25(0.25)
2026-08-15 12:57:14,928   INFO  Train:    9/10 ( 90%) [25395/55563 ( 46%)]  Loss: 0.7722 (0.953)  LR: 2.671e-05  Time cost: 1:46:41/2:06:44 [1:46:42/6:00:10]  Acc_iter 469900      Data time: 0.00(0.00)  Forward time: 0.24(0.25)  Batch time: 0.24(0.25)
2026-08-15 12:57:27,136   INFO  Train:    9/10 ( 90%) [25445/55563 ( 46%)]  Loss: 1.383 (0.953)  LR: 2.668e-05  Time cost: 1:46:53/2:06:31 [1:46:55/5:59:56]  Acc_iter 469950      Data time: 0.00(0.00)  Forward time: 0.22(0.25)  Batch time: 0.22(0.25)
2026-08-15 12:57:27,551   INFO  a1e06a0b30c0                Sat Aug 15 12:57:27 2026  580.173.02
[0] NVIDIA GeForce RTX 3070 | 69°C,  33 % |  7393 /  8192 MB | root(6928M)

2026-08-15 12:57:40,167   INFO  Train:    9/10 ( 90%) [25495/55563 ( 46%)]  Loss: 0.6261 (0.953)  LR: 2.665e-05  Time cost: 1:47:06/2:06:19 [1:47:08/5:59:45]  Acc_iter 470000      Data time: 0.00(0.00)  Forward time: 0.24(0.25)  Batch time: 0.24(0.25)
2026-08-15 12:57:52,656   INFO  Train:    9/10 ( 90%) [25545/55563 ( 46%)]  Loss: 1.499 (0.952)  LR: 2.662e-05  Time cost: 1:47:19/2:06:06 [1:47:20/5:59:32]  Acc_iter 470050      Data time: 0.00(0.00)  Forward time: 0.26(0.25)  Batch time: 0.26(0.25)
2026-08-15 12:58:04,946   INFO  Train:    9/10 ( 90%) [25595/55563 ( 46%)]  Loss: 0.5774 (0.952)  LR: 2.658e-05  Time cost: 1:47:31/2:05:53 [1:47:32/5:59:18]  Acc_iter 470100      Data time: 0.00(0.00)  Forward time: 0.21(0.25)  Batch time: 0.21(0.25)
2026-08-15 12:58:05,329   INFO  a1e06a0b30c0                Sat Aug 15 12:58:05 2026  580.173.02
[0] NVIDIA GeForce RTX 3070 | 75°C,  99 % |  7387 /  8192 MB | root(6928M)

2026-08-15 12:58:18,030   INFO  Train:    9/10 ( 90%) [25645/55563 ( 46%)]  Loss: 1.375 (0.952)  LR: 2.655e-05  Time cost: 1:47:44/2:05:41 [1:47:46/5:59:07]  Acc_iter 470150      Data time: 0.00(0.00)  Forward time: 0.25(0.25)  Batch time: 0.26(0.25)
2026-08-15 12:58:30,247   INFO  Train:    9/10 ( 90%) [25695/55563 ( 46%)]  Loss: 1.057 (0.952)  LR: 2.652e-05  Time cost: 1:47:56/2:05:28 [1:47:58/5:58:53]  Acc_iter 470200      Data time: 0.00(0.00)  Forward time: 0.23(0.25)  Batch time: 0.23(0.25)
2026-08-15 12:58:42,710   INFO  Train:    9/10 ( 90%) [25745/55563 ( 46%)]  Loss: 1.412 (0.952)  LR: 2.649e-05  Time cost: 1:48:09/2:05:15 [1:48:10/5:58:40]  Acc_iter 470250      Data time: 0.00(0.00)  Forward time: 0.27(0.25)  Batch time: 0.27(0.25)
2026-08-15 12:58:43,085   INFO  a1e06a0b30c0                Sat Aug 15 12:58:43 2026  580.173.02
[0] NVIDIA GeForce RTX 3070 | 75°C, 100 % |  7386 /  8192 MB | root(6928M)

2026-08-15 12:58:55,311   INFO  Train:    9/10 ( 90%) [25795/55563 ( 46%)]  Loss: 0.5439 (0.952)  LR: 2.646e-05  Time cost: 1:48:21/2:05:03 [1:48:23/5:58:27]  Acc_iter 470300      Data time: 0.00(0.00)  Forward time: 0.30(0.25)  Batch time: 0.30(0.25)
2026-08-15 12:59:07,631   INFO  Train:    9/10 ( 90%) [25845/55563 ( 47%)]  Loss: 0.5375 (0.952)  LR: 2.643e-05  Time cost: 1:48:34/2:04:50 [1:48:35/5:58:14]  Acc_iter 470350      Data time: 0.00(0.00)  Forward time: 0.26(0.25)  Batch time: 0.26(0.25)
2026-08-15 12:59:19,999   INFO  Train:    9/10 ( 90%) [25895/55563 ( 47%)]  Loss: 2.550 (0.952)  LR: 2.640e-05  Time cost: 1:48:46/2:04:37 [1:48:48/5:58:01]  Acc_iter 470400      Data time: 0.00(0.00)  Forward time: 0.24(0.25)  Batch time: 0.24(0.25)
2026-08-15 12:59:20,425   INFO  a1e06a0b30c0                Sat Aug 15 12:59:20 2026  580.173.02
[0] NVIDIA GeForce RTX 3070 | 67°C,   4 % |  7390 /  8192 MB | root(6928M)

2026-08-15 12:59:33,057   INFO  Train:    9/10 ( 90%) [25945/55563 ( 47%)]  Loss: 0.6428 (0.952)  LR: 2.637e-05  Time cost: 1:48:59/2:04:25 [1:49:01/5:57:49]  Acc_iter 470450      Data time: 0.00(0.00)  Forward time: 0.22(0.25)  Batch time: 0.22(0.25)
2026-08-15 12:59:45,517   INFO  Train:    9/10 ( 90%) [25995/55563 ( 47%)]  Loss: 1.194 (0.952)  LR: 2.634e-05  Time cost: 1:49:12/2:04:12 [1:49:13/5:57:36]  Acc_iter 470500      Data time: 0.00(0.00)  Forward time: 0.27(0.25)  Batch time: 0.27(0.25)
2026-08-15 12:59:58,054   INFO  Train:    9/10 ( 90%) [26045/55563 ( 47%)]  Loss: 0.8555 (0.952)  LR: 2.631e-05  Time cost: 1:49:24/2:03:59 [1:49:26/5:57:24]  Acc_iter 470550      Data time: 0.00(0.00)  Forward time: 0.27(0.25)  Batch time: 0.28(0.25)
2026-08-15 12:59:58,435   INFO  a1e06a0b30c0                Sat Aug 15 12:59:58 2026  580.173.02
[0] NVIDIA GeForce RTX 3070 | 69°C,   4 % |  7388 /  8192 MB | root(6928M)

2026-08-15 13:00:10,518   INFO  Train:    9/10 ( 90%) [26095/55563 ( 47%)]  Loss: 1.629 (0.952)  LR: 2.628e-05  Time cost: 1:49:37/2:03:47 [1:49:38/5:57:10]  Acc_iter 470600      Data time: 0.00(0.00)  Forward time: 0.23(0.25)  Batch time: 0.23(0.25)
2026-08-15 13:00:23,003   INFO  Train:    9/10 ( 90%) [26145/55563 ( 47%)]  Loss: 0.4544 (0.952)  LR: 2.625e-05  Time cost: 1:49:49/2:03:34 [1:49:51/5:56:58]  Acc_iter 470650      Data time: 0.00(0.00)  Forward time: 0.23(0.25)  Batch time: 0.23(0.25)
2026-08-15 13:00:33,525   INFO  Save latest model to /OpenPCDet/output/OpenPCDet/tools/cfgs/models/S/F/S_F_N/default/ckpt/latest_model
2026-08-15 13:00:35,284   INFO  Train:    9/10 ( 90%) [26195/55563 ( 47%)]  Loss: 1.052 (0.952)  LR: 2.622e-05  Time cost: 1:50:01/2:03:21 [1:50:03/5:56:44]  Acc_iter 470700      Data time: 0.00(0.00)  Forward time: 0.26(0.25)  Batch time: 0.26(0.25)
2026-08-15 13:00:35,687   INFO  a1e06a0b30c0                Sat Aug 15 13:00:35 2026  580.173.02
[0] NVIDIA GeForce RTX 3070 | 73°C, 100 % |  7388 /  8192 MB | root(6928M)

2026-08-15 13:00:48,356   INFO  Train:    9/10 ( 90%) [26245/55563 ( 47%)]  Loss: 0.4783 (0.952)  LR: 2.619e-05  Time cost: 1:50:15/2:03:09 [1:50:16/5:56:33]  Acc_iter 470750      Data time: 0.00(0.00)  Forward time: 0.23(0.25)  Batch time: 0.23(0.25)
2026-08-15 13:01:00,834   INFO  Train:    9/10 ( 90%) [26295/55563 ( 47%)]  Loss: 1.068 (0.952)  LR: 2.616e-05  Time cost: 1:50:27/2:02:56 [1:50:28/5:56:20]  Acc_iter 470800      Data time: 0.00(0.00)  Forward time: 0.25(0.25)  Batch time: 0.25(0.25)
2026-08-15 13:01:13,430   INFO  Train:    9/10 ( 90%) [26345/55563 ( 47%)]  Loss: 0.9066 (0.952)  LR: 2.613e-05  Time cost: 1:50:40/2:02:43 [1:50:41/5:56:07]  Acc_iter 470850      Data time: 0.00(0.00)  Forward time: 0.29(0.25)  Batch time: 0.29(0.25)
2026-08-15 13:01:13,890   INFO  a1e06a0b30c0                Sat Aug 15 13:01:13 2026  580.173.02
[0] NVIDIA GeForce RTX 3070 | 67°C,  70 % |  7388 /  8192 MB | root(6928M)

2026-08-15 13:01:26,444   INFO  Train:    9/10 ( 90%) [26395/55563 ( 48%)]  Loss: 0.7781 (0.952)  LR: 2.610e-05  Time cost: 1:50:53/2:02:31 [1:50:54/5:55:56]  Acc_iter 470900      Data time: 0.00(0.00)  Forward time: 0.25(0.25)  Batch time: 0.25(0.25)
2026-08-15 13:01:38,669   INFO  Train:    9/10 ( 90%) [26445/55563 ( 48%)]  Loss: 0.9854 (0.952)  LR: 2.608e-05  Time cost: 1:51:05/2:02:18 [1:51:06/5:55:42]  Acc_iter 470950      Data time: 0.00(0.00)  Forward time: 0.27(0.25)  Batch time: 0.27(0.25)
2026-08-15 13:01:50,899   INFO  Train:    9/10 ( 90%) [26495/55563 ( 48%)]  Loss: 0.8611 (0.952)  LR: 2.605e-05  Time cost: 1:51:17/2:02:05 [1:51:18/5:55:28]  Acc_iter 471000      Data time: 0.00(0.00)  Forward time: 0.24(0.25)  Batch time: 0.24(0.25)
2026-08-15 13:01:51,288   INFO  a1e06a0b30c0                Sat Aug 15 13:01:51 2026  580.173.02
[0] NVIDIA GeForce RTX 3070 | 73°C,  84 % |  7388 /  8192 MB | root(6928M)

2026-08-15 13:02:03,828   INFO  Train:    9/10 ( 90%) [26545/55563 ( 48%)]  Loss: 0.9019 (0.951)  LR: 2.602e-05  Time cost: 1:51:30/2:01:53 [1:51:31/5:55:17]  Acc_iter 471050      Data time: 0.00(0.00)  Forward time: 0.25(0.25)  Batch time: 0.25(0.25)
2026-08-15 13:02:16,766   INFO  Train:    9/10 ( 90%) [26595/55563 ( 48%)]  Loss: 1.094 (0.951)  LR: 2.599e-05  Time cost: 1:51:43/2:01:41 [1:51:44/5:55:05]  Acc_iter 471100      Data time: 0.00(0.00)  Forward time: 0.27(0.25)  Batch time: 0.27(0.25)
2026-08-15 13:02:29,032   INFO  Train:    9/10 ( 90%) [26645/55563 ( 48%)]  Loss: 1.245 (0.951)  LR: 2.596e-05  Time cost: 1:51:55/2:01:28 [1:51:57/5:54:52]  Acc_iter 471150      Data time: 0.00(0.00)  Forward time: 0.23(0.25)  Batch time: 0.23(0.25)
2026-08-15 13:02:29,430   INFO  a1e06a0b30c0                Sat Aug 15 13:02:29 2026  580.173.02
[0] NVIDIA GeForce RTX 3070 | 66°C,   1 % |  7378 /  8192 MB | root(6928M)

2026-08-15 13:02:41,976   INFO  Train:    9/10 ( 90%) [26695/55563 ( 48%)]  Loss: 0.6521 (0.951)  LR: 2.593e-05  Time cost: 1:52:08/2:01:16 [1:52:10/5:54:40]  Acc_iter 471200      Data time: 0.00(0.00)  Forward time: 0.24(0.25)  Batch time: 0.24(0.25)
2026-08-15 13:02:54,379   INFO  Train:    9/10 ( 90%) [26745/55563 ( 48%)]  Loss: 1.083 (0.951)  LR: 2.590e-05  Time cost: 1:52:21/2:01:03 [1:52:22/5:54:27]  Acc_iter 471250      Data time: 0.00(0.00)  Forward time: 0.24(0.25)  Batch time: 0.25(0.25)
2026-08-15 13:03:07,005   INFO  Train:    9/10 ( 90%) [26795/55563 ( 48%)]  Loss: 0.9287 (0.951)  LR: 2.587e-05  Time cost: 1:52:33/2:00:50 [1:52:35/5:54:14]  Acc_iter 471300      Data time: 0.00(0.00)  Forward time: 0.25(0.25)  Batch time: 0.25(0.25)
2026-08-15 13:03:07,379   INFO  a1e06a0b30c0                Sat Aug 15 13:03:07 2026  580.173.02
[0] NVIDIA GeForce RTX 3070 | 72°C,  98 % |  7384 /  8192 MB | root(6928M)

2026-08-15 13:03:19,476   INFO  Train:    9/10 ( 90%) [26845/55563 ( 48%)]  Loss: 0.6624 (0.951)  LR: 2.584e-05  Time cost: 1:52:46/2:00:37 [1:52:47/5:54:01]  Acc_iter 471350      Data time: 0.00(0.00)  Forward time: 0.24(0.25)  Batch time: 0.24(0.25)
2026-08-15 13:03:31,668   INFO  Train:    9/10 ( 90%) [26895/55563 ( 48%)]  Loss: 0.5803 (0.951)  LR: 2.581e-05  Time cost: 1:52:58/2:00:24 [1:52:59/5:53:47]  Acc_iter 471400      Data time: 0.00(0.00)  Forward time: 0.24(0.25)  Batch time: 0.24(0.25)
2026-08-15 13:03:44,076   INFO  Train:    9/10 ( 90%) [26945/55563 ( 48%)]  Loss: 1.395 (0.951)  LR: 2.578e-05  Time cost: 1:53:10/2:00:12 [1:53:12/5:53:34]  Acc_iter 471450      Data time: 0.00(0.00)  Forward time: 0.24(0.25)  Batch time: 0.24(0.25)
2026-08-15 13:03:44,497   INFO  a1e06a0b30c0                Sat Aug 15 13:03:44 2026  580.173.02
[0] NVIDIA GeForce RTX 3070 | 66°C,  53 % |  7388 /  8192 MB | root(6928M)

2026-08-15 13:03:56,821   INFO  Train:    9/10 ( 90%) [26995/55563 ( 49%)]  Loss: 0.5934 (0.951)  LR: 2.575e-05  Time cost: 1:53:23/1:59:59 [1:53:24/5:53:22]  Acc_iter 471500      Data time: 0.00(0.00)  Forward time: 0.22(0.25)  Batch time: 0.22(0.25)
2026-08-15 13:04:09,010   INFO  Train:    9/10 ( 90%) [27045/55563 ( 49%)]  Loss: 0.9063 (0.951)  LR: 2.572e-05  Time cost: 1:53:35/1:59:46 [1:53:37/5:53:08]  Acc_iter 471550      Data time: 0.00(0.00)  Forward time: 0.21(0.25)  Batch time: 0.21(0.25)
2026-08-15 13:04:21,377   INFO  Train:    9/10 ( 90%) [27095/55563 ( 49%)]  Loss: 1.009 (0.951)  LR: 2.569e-05  Time cost: 1:53:48/1:59:33 [1:53:49/5:52:55]  Acc_iter 471600      Data time: 0.00(0.00)  Forward time: 0.26(0.25)  Batch time: 0.26(0.25)
2026-08-15 13:04:21,754   INFO  a1e06a0b30c0                Sat Aug 15 13:04:21 2026  580.173.02
[0] NVIDIA GeForce RTX 3070 | 71°C,  96 % |  7388 /  8192 MB | root(6928M)

2026-08-15 13:04:34,333   INFO  Train:    9/10 ( 90%) [27145/55563 ( 49%)]  Loss: 0.8345 (0.951)  LR: 2.566e-05  Time cost: 1:54:00/1:59:21 [1:54:02/5:52:43]  Acc_iter 471650      Data time: 0.00(0.00)  Forward time: 0.27(0.25)  Batch time: 0.27(0.25)
2026-08-15 13:04:46,792   INFO  Train:    9/10 ( 90%) [27195/55563 ( 49%)]  Loss: 0.6253 (0.951)  LR: 2.563e-05  Time cost: 1:54:13/1:59:08 [1:54:14/5:52:30]  Acc_iter 471700      Data time: 0.00(0.00)  Forward time: 0.24(0.25)  Batch time: 0.24(0.25)
2026-08-15 13:04:59,006   INFO  Train:    9/10 ( 90%) [27245/55563 ( 49%)]  Loss: 0.4469 (0.951)  LR: 2.560e-05  Time cost: 1:54:25/1:58:55 [1:54:27/5:52:16]  Acc_iter 471750      Data time: 0.00(0.00)  Forward time: 0.23(0.25)  Batch time: 0.23(0.25)
2026-08-15 13:04:59,407   INFO  a1e06a0b30c0                Sat Aug 15 13:04:59 2026  580.173.02
[0] NVIDIA GeForce RTX 3070 | 65°C,  99 % |  7388 /  8192 MB | root(6928M)

2026-08-15 13:05:11,681   INFO  Train:    9/10 ( 90%) [27295/55563 ( 49%)]  Loss: 1.141 (0.951)  LR: 2.557e-05  Time cost: 1:54:38/1:58:43 [1:54:39/5:52:04]  Acc_iter 471800      Data time: 0.00(0.00)  Forward time: 0.26(0.25)  Batch time: 0.26(0.25)
2026-08-15 13:05:23,803   INFO  Train:    9/10 ( 90%) [27345/55563 ( 49%)]  Loss: 0.4597 (0.951)  LR: 2.554e-05  Time cost: 1:54:50/1:58:30 [1:54:51/5:51:50]  Acc_iter 471850      Data time: 0.00(0.00)  Forward time: 0.22(0.25)  Batch time: 0.22(0.25)
2026-08-15 13:05:33,459   INFO  Save latest model to /OpenPCDet/output/OpenPCDet/tools/cfgs/models/S/F/S_F_N/default/ckpt/latest_model
2026-08-15 13:05:36,364   INFO  Train:    9/10 ( 90%) [27395/55563 ( 49%)]  Loss: 1.046 (0.951)  LR: 2.551e-05  Time cost: 1:55:03/1:58:17 [1:55:04/5:51:37]  Acc_iter 471900      Data time: 0.00(0.00)  Forward time: 0.27(0.25)  Batch time: 0.27(0.25)
2026-08-15 13:05:36,761   INFO  a1e06a0b30c0                Sat Aug 15 13:05:36 2026  580.173.02
[0] NVIDIA GeForce RTX 3070 | 69°C,  94 % |  7388 /  8192 MB | root(6928M)

2026-08-15 13:05:49,452   INFO  Train:    9/10 ( 90%) [27445/55563 ( 49%)]  Loss: 0.6751 (0.951)  LR: 2.548e-05  Time cost: 1:55:16/1:58:05 [1:55:17/5:51:26]  Acc_iter 471950      Data time: 0.00(0.00)  Forward time: 0.23(0.25)  Batch time: 0.23(0.25)
2026-08-15 13:06:01,636   INFO  Train:    9/10 ( 90%) [27495/55563 ( 49%)]  Loss: 1.448 (0.951)  LR: 2.545e-05  Time cost: 1:55:28/1:57:52 [1:55:29/5:51:12]  Acc_iter 472000      Data time: 0.00(0.00)  Forward time: 0.23(0.25)  Batch time: 0.24(0.25)
2026-08-15 13:06:13,814   INFO  Train:    9/10 ( 90%) [27545/55563 ( 50%)]  Loss: 0.3919 (0.951)  LR: 2.542e-05  Time cost: 1:55:40/1:57:39 [1:55:41/5:50:58]  Acc_iter 472050      Data time: 0.00(0.00)  Forward time: 0.26(0.25)  Batch time: 0.26(0.25)
2026-08-15 13:06:14,228   INFO  a1e06a0b30c0                Sat Aug 15 13:06:14 2026  580.173.02
[0] NVIDIA GeForce RTX 3070 | 72°C,  97 % |  7388 /  8192 MB | root(6928M)

2026-08-15 13:06:26,802   INFO  Train:    9/10 ( 90%) [27595/55563 ( 50%)]  Loss: 0.7650 (0.951)  LR: 2.539e-05  Time cost: 1:55:53/1:57:27 [1:55:54/5:50:47]  Acc_iter 472100      Data time: 0.00(0.00)  Forward time: 0.22(0.25)  Batch time: 0.22(0.25)
2026-08-15 13:06:39,312   INFO  Train:    9/10 ( 90%) [27645/55563 ( 50%)]  Loss: 0.8064 (0.952)  LR: 2.536e-05  Time cost: 1:56:05/1:57:14 [1:56:07/5:50:34]  Acc_iter 472150      Data time: 0.00(0.00)  Forward time: 0.21(0.25)  Batch time: 0.21(0.25)
2026-08-15 13:06:51,424   INFO  Train:    9/10 ( 90%) [27695/55563 ( 50%)]  Loss: 1.340 (0.952)  LR: 2.533e-05  Time cost: 1:56:18/1:57:01 [1:56:19/5:50:20]  Acc_iter 472200      Data time: 0.00(0.00)  Forward time: 0.22(0.25)  Batch time: 0.22(0.25)
2026-08-15 13:06:51,801   INFO  a1e06a0b30c0                Sat Aug 15 13:06:51 2026  580.173.02
[0] NVIDIA GeForce RTX 3070 | 70°C,  83 % |  7388 /  8192 MB | root(6928M)

2026-08-15 13:07:04,131   INFO  Train:    9/10 ( 90%) [27745/55563 ( 50%)]  Loss: 0.7964 (0.952)  LR: 2.530e-05  Time cost: 1:56:30/1:56:48 [1:56:32/5:50:08]  Acc_iter 472250      Data time: 0.00(0.00)  Forward time: 0.23(0.25)  Batch time: 0.23(0.25)
2026-08-15 13:07:16,258   INFO  Train:    9/10 ( 90%) [27795/55563 ( 50%)]  Loss: 0.9025 (0.951)  LR: 2.527e-05  Time cost: 1:56:42/1:56:35 [1:56:44/5:49:54]  Acc_iter 472300      Data time: 0.00(0.00)  Forward time: 0.23(0.25)  Batch time: 0.23(0.25)
2026-08-15 13:07:28,906   INFO  Train:    9/10 ( 90%) [27845/55563 ( 50%)]  Loss: 1.377 (0.952)  LR: 2.524e-05  Time cost: 1:56:55/1:56:23 [1:56:56/5:49:41]  Acc_iter 472350      Data time: 0.00(0.00)  Forward time: 0.26(0.25)  Batch time: 0.26(0.25)
2026-08-15 13:07:29,368   INFO  a1e06a0b30c0                Sat Aug 15 13:07:29 2026  580.173.02
[0] NVIDIA GeForce RTX 3070 | 71°C,  65 % |  7388 /  8192 MB | root(6928M)

2026-08-15 13:07:41,691   INFO  Train:    9/10 ( 90%) [27895/55563 ( 50%)]  Loss: 0.9109 (0.952)  LR: 2.522e-05  Time cost: 1:57:08/1:56:10 [1:57:09/5:49:29]  Acc_iter 472400      Data time: 0.00(0.00)  Forward time: 0.25(0.25)  Batch time: 0.25(0.25)
2026-08-15 13:07:53,980   INFO  Train:    9/10 ( 90%) [27945/55563 ( 50%)]  Loss: 0.8624 (0.952)  LR: 2.519e-05  Time cost: 1:57:20/1:55:57 [1:57:22/5:49:16]  Acc_iter 472450      Data time: 0.00(0.00)  Forward time: 0.25(0.25)  Batch time: 0.25(0.25)
2026-08-15 13:08:06,052   INFO  Train:    9/10 ( 90%) [27995/55563 ( 50%)]  Loss: 0.6161 (0.951)  LR: 2.516e-05  Time cost: 1:57:32/1:55:44 [1:57:34/5:49:02]  Acc_iter 472500      Data time: 0.00(0.00)  Forward time: 0.21(0.25)  Batch time: 0.21(0.25)
2026-08-15 13:08:06,433   INFO  a1e06a0b30c0                Sat Aug 15 13:08:06 2026  580.173.02
[0] NVIDIA GeForce RTX 3070 | 66°C,  78 % |  7384 /  8192 MB | root(6928M)

2026-08-15 13:08:18,661   INFO  Train:    9/10 ( 90%) [28045/55563 ( 50%)]  Loss: 1.142 (0.951)  LR: 2.513e-05  Time cost: 1:57:45/1:55:32 [1:57:46/5:48:49]  Acc_iter 472550      Data time: 0.00(0.00)  Forward time: 0.25(0.25)  Batch time: 0.25(0.25)
2026-08-15 13:08:31,016   INFO  Train:    9/10 ( 90%) [28095/55563 ( 51%)]  Loss: 0.7667 (0.951)  LR: 2.510e-05  Time cost: 1:57:57/1:55:19 [1:57:59/5:48:36]  Acc_iter 472600      Data time: 0.00(0.00)  Forward time: 0.23(0.25)  Batch time: 0.23(0.25)
2026-08-15 13:08:43,385   INFO  Train:    9/10 ( 90%) [28145/55563 ( 51%)]  Loss: 0.9446 (0.951)  LR: 2.507e-05  Time cost: 1:58:10/1:55:06 [1:58:11/5:48:23]  Acc_iter 472650      Data time: 0.00(0.00)  Forward time: 0.25(0.25)  Batch time: 0.25(0.25)
2026-08-15 13:08:43,772   INFO  a1e06a0b30c0                Sat Aug 15 13:08:43 2026  580.173.02
[0] NVIDIA GeForce RTX 3070 | 72°C,  77 % |  7386 /  8192 MB | root(6928M)

2026-08-15 13:08:55,992   INFO  Train:    9/10 ( 90%) [28195/55563 ( 51%)]  Loss: 1.151 (0.951)  LR: 2.504e-05  Time cost: 1:58:22/1:54:54 [1:58:24/5:48:10]  Acc_iter 472700      Data time: 0.00(0.00)  Forward time: 0.20(0.25)  Batch time: 0.20(0.25)
2026-08-15 13:09:07,964   INFO  Train:    9/10 ( 90%) [28245/55563 ( 51%)]  Loss: 0.6347 (0.951)  LR: 2.501e-05  Time cost: 1:58:34/1:54:40 [1:58:36/5:47:56]  Acc_iter 472750      Data time: 0.00(0.00)  Forward time: 0.22(0.25)  Batch time: 0.22(0.25)
2026-08-15 13:09:20,530   INFO  Train:    9/10 ( 90%) [28295/55563 ( 51%)]  Loss: 1.408 (0.951)  LR: 2.498e-05  Time cost: 1:58:47/1:54:28 [1:58:48/5:47:43]  Acc_iter 472800      Data time: 0.00(0.00)  Forward time: 0.28(0.25)  Batch time: 0.28(0.25)
2026-08-15 13:09:20,923   INFO  a1e06a0b30c0                Sat Aug 15 13:09:20 2026  580.173.02
[0] NVIDIA GeForce RTX 3070 | 67°C,   3 % |  7390 /  8192 MB | root(6928M)

2026-08-15 13:09:33,200   INFO  Train:    9/10 ( 90%) [28345/55563 ( 51%)]  Loss: 0.6608 (0.951)  LR: 2.495e-05  Time cost: 1:58:59/1:54:15 [1:59:01/5:47:31]  Acc_iter 472850      Data time: 0.00(0.00)  Forward time: 0.26(0.25)  Batch time: 0.26(0.25)
2026-08-15 13:09:45,307   INFO  Train:    9/10 ( 90%) [28395/55563 ( 51%)]  Loss: 0.7124 (0.952)  LR: 2.492e-05  Time cost: 1:59:11/1:54:02 [1:59:13/5:47:17]  Acc_iter 472900      Data time: 0.00(0.00)  Forward time: 0.20(0.25)  Batch time: 0.20(0.25)
2026-08-15 13:09:57,537   INFO  Train:    9/10 ( 90%) [28445/55563 ( 51%)]  Loss: 1.633 (0.952)  LR: 2.489e-05  Time cost: 1:59:24/1:53:49 [1:59:25/5:47:03]  Acc_iter 472950      Data time: 0.00(0.00)  Forward time: 0.24(0.25)  Batch time: 0.24(0.25)
2026-08-15 13:09:57,917   INFO  a1e06a0b30c0                Sat Aug 15 13:09:57 2026  580.173.02
[0] NVIDIA GeForce RTX 3070 | 68°C,   1 % |  7389 /  8192 MB | root(6928M)

2026-08-15 13:10:10,610   INFO  Train:    9/10 ( 90%) [28495/55563 ( 51%)]  Loss: 1.600 (0.952)  LR: 2.486e-05  Time cost: 1:59:37/1:53:37 [1:59:38/5:46:52]  Acc_iter 473000      Data time: 0.00(0.00)  Forward time: 0.25(0.25)  Batch time: 0.25(0.25)
2026-08-15 13:10:23,179   INFO  Train:    9/10 ( 90%) [28545/55563 ( 51%)]  Loss: 1.845 (0.952)  LR: 2.483e-05  Time cost: 1:59:49/1:53:24 [1:59:51/5:46:39]  Acc_iter 473050      Data time: 0.00(0.00)  Forward time: 0.22(0.25)  Batch time: 0.22(0.25)
2026-08-15 13:10:33,566   INFO  Save latest model to /OpenPCDet/output/OpenPCDet/tools/cfgs/models/S/F/S_F_N/default/ckpt/latest_model
2026-08-15 13:10:35,653   INFO  Train:    9/10 ( 90%) [28595/55563 ( 51%)]  Loss: 1.189 (0.952)  LR: 2.481e-05  Time cost: 2:00:02/1:53:12 [2:00:03/5:46:26]  Acc_iter 473100      Data time: 0.00(0.00)  Forward time: 0.25(0.25)  Batch time: 0.26(0.25)
2026-08-15 13:10:36,030   INFO  a1e06a0b30c0                Sat Aug 15 13:10:36 2026  580.173.02
[0] NVIDIA GeForce RTX 3070 | 68°C,   4 % |  7388 /  8192 MB | root(6928M)

2026-08-15 13:10:48,477   INFO  Train:    9/10 ( 90%) [28645/55563 ( 52%)]  Loss: 1.644 (0.952)  LR: 2.478e-05  Time cost: 2:00:15/1:52:59 [2:00:16/5:46:14]  Acc_iter 473150      Data time: 0.00(0.00)  Forward time: 0.26(0.25)  Batch time: 0.27(0.25)
2026-08-15 13:11:00,972   INFO  Train:    9/10 ( 90%) [28695/55563 ( 52%)]  Loss: 1.215 (0.952)  LR: 2.475e-05  Time cost: 2:00:27/1:52:47 [2:00:29/5:46:01]  Acc_iter 473200      Data time: 0.00(0.00)  Forward time: 0.28(0.25)  Batch time: 0.28(0.25)
2026-08-15 13:11:13,440   INFO  Train:    9/10 ( 90%) [28745/55563 ( 52%)]  Loss: 0.8159 (0.952)  LR: 2.472e-05  Time cost: 2:00:40/1:52:34 [2:00:41/5:45:48]  Acc_iter 473250      Data time: 0.00(0.00)  Forward time: 0.27(0.25)  Batch time: 0.27(0.25)
2026-08-15 13:11:13,815   INFO  a1e06a0b30c0                Sat Aug 15 13:11:13 2026  580.173.02
[0] NVIDIA GeForce RTX 3070 | 73°C,  71 % |  7388 /  8192 MB | root(6928M)

2026-08-15 13:11:26,092   INFO  Train:    9/10 ( 90%) [28795/55563 ( 52%)]  Loss: 1.414 (0.952)  LR: 2.469e-05  Time cost: 2:00:52/1:52:21 [2:00:54/5:45:36]  Acc_iter 473300      Data time: 0.00(0.00)  Forward time: 0.23(0.25)  Batch time: 0.23(0.25)
2026-08-15 13:11:38,140   INFO  Train:    9/10 ( 90%) [28845/55563 ( 52%)]  Loss: 1.134 (0.951)  LR: 2.466e-05  Time cost: 2:01:04/1:52:08 [2:01:06/5:45:22]  Acc_iter 473350      Data time: 0.00(0.00)  Forward time: 0.22(0.25)  Batch time: 0.22(0.25)
2026-08-15 13:11:51,042   INFO  Train:    9/10 ( 90%) [28895/55563 ( 52%)]  Loss: 1.133 (0.951)  LR: 2.463e-05  Time cost: 2:01:17/1:51:56 [2:01:19/5:45:10]  Acc_iter 473400      Data time: 0.00(0.00)  Forward time: 0.27(0.25)  Batch time: 0.28(0.25)
2026-08-15 13:11:51,420   INFO  a1e06a0b30c0                Sat Aug 15 13:11:51 2026  580.173.02
[0] NVIDIA GeForce RTX 3070 | 67°C,  99 % |  7389 /  8192 MB | root(6928M)

2026-08-15 13:12:04,035   INFO  Train:    9/10 ( 90%) [28945/55563 ( 52%)]  Loss: 1.026 (0.952)  LR: 2.460e-05  Time cost: 2:01:30/1:51:44 [2:01:32/5:44:59]  Acc_iter 473450      Data time: 0.00(0.00)  Forward time: 0.23(0.25)  Batch time: 0.23(0.25)
2026-08-15 13:12:16,470   INFO  Train:    9/10 ( 90%) [28995/55563 ( 52%)]  Loss: 0.9376 (0.951)  LR: 2.457e-05  Time cost: 2:01:43/1:51:31 [2:01:44/5:44:46]  Acc_iter 473500      Data time: 0.00(0.00)  Forward time: 0.24(0.25)  Batch time: 0.24(0.25)
2026-08-15 13:12:28,807   INFO  Train:    9/10 ( 90%) [29045/55563 ( 52%)]  Loss: 0.9226 (0.951)  LR: 2.454e-05  Time cost: 2:01:55/1:51:18 [2:01:56/5:44:32]  Acc_iter 473550      Data time: 0.00(0.00)  Forward time: 0.26(0.25)  Batch time: 0.26(0.25)
2026-08-15 13:12:29,249   INFO  a1e06a0b30c0                Sat Aug 15 13:12:29 2026  580.173.02
[0] NVIDIA GeForce RTX 3070 | 74°C,  93 % |  7388 /  8192 MB | root(6928M)

2026-08-15 13:12:41,757   INFO  Train:    9/10 ( 90%) [29095/55563 ( 52%)]  Loss: 0.6298 (0.951)  LR: 2.451e-05  Time cost: 2:02:08/1:51:06 [2:02:09/5:44:21]  Acc_iter 473600      Data time: 0.00(0.00)  Forward time: 0.25(0.25)  Batch time: 0.26(0.25)
2026-08-15 13:12:54,245   INFO  Train:    9/10 ( 90%) [29145/55563 ( 52%)]  Loss: 1.114 (0.951)  LR: 2.449e-05  Time cost: 2:02:20/1:50:53 [2:02:22/5:44:08]  Acc_iter 473650      Data time: 0.00(0.00)  Forward time: 0.23(0.25)  Batch time: 0.23(0.25)
2026-08-15 13:13:06,730   INFO  Train:    9/10 ( 90%) [29195/55563 ( 53%)]  Loss: 0.8694 (0.951)  LR: 2.446e-05  Time cost: 2:02:33/1:50:41 [2:02:34/5:43:55]  Acc_iter 473700      Data time: 0.00(0.00)  Forward time: 0.23(0.25)  Batch time: 0.23(0.25)
2026-08-15 13:13:07,111   INFO  a1e06a0b30c0                Sat Aug 15 13:13:07 2026  580.173.02
[0] NVIDIA GeForce RTX 3070 | 74°C, 100 % |  7384 /  8192 MB | root(6928M)

2026-08-15 13:13:19,551   INFO  Train:    9/10 ( 90%) [29245/55563 ( 53%)]  Loss: 0.8170 (0.951)  LR: 2.443e-05  Time cost: 2:02:46/1:50:28 [2:02:47/5:43:43]  Acc_iter 473750      Data time: 0.00(0.00)  Forward time: 0.25(0.25)  Batch time: 0.25(0.25)
2026-08-15 13:13:31,771   INFO  Train:    9/10 ( 90%) [29295/55563 ( 53%)]  Loss: 0.5609 (0.951)  LR: 2.440e-05  Time cost: 2:02:58/1:50:15 [2:02:59/5:43:29]  Acc_iter 473800      Data time: 0.00(0.00)  Forward time: 0.23(0.25)  Batch time: 0.23(0.25)
2026-08-15 13:13:44,390   INFO  Train:    9/10 ( 90%) [29345/55563 ( 53%)]  Loss: 1.151 (0.951)  LR: 2.437e-05  Time cost: 2:03:11/1:50:03 [2:03:12/5:43:17]  Acc_iter 473850      Data time: 0.00(0.00)  Forward time: 0.27(0.25)  Batch time: 0.27(0.25)
2026-08-15 13:13:44,818   INFO  a1e06a0b30c0                Sat Aug 15 13:13:44 2026  580.173.02
[0] NVIDIA GeForce RTX 3070 | 71°C,  84 % |  7389 /  8192 MB | root(6928M)

2026-08-15 13:13:57,324   INFO  Train:    9/10 ( 90%) [29395/55563 ( 53%)]  Loss: 1.196 (0.951)  LR: 2.434e-05  Time cost: 2:03:23/1:49:50 [2:03:25/5:43:05]  Acc_iter 473900      Data time: 0.00(0.00)  Forward time: 0.24(0.25)  Batch time: 0.24(0.25)
2026-08-15 13:14:09,634   INFO  Train:    9/10 ( 90%) [29445/55563 ( 53%)]  Loss: 0.8333 (0.951)  LR: 2.431e-05  Time cost: 2:03:36/1:49:38 [2:03:37/5:42:52]  Acc_iter 473950      Data time: 0.00(0.00)  Forward time: 0.23(0.25)  Batch time: 0.24(0.25)
2026-08-15 13:14:21,541   INFO  Train:    9/10 ( 90%) [29495/55563 ( 53%)]  Loss: 1.197 (0.951)  LR: 2.428e-05  Time cost: 2:03:48/1:49:24 [2:03:49/5:42:37]  Acc_iter 474000      Data time: 0.00(0.00)  Forward time: 0.27(0.25)  Batch time: 0.27(0.25)
2026-08-15 13:14:21,906   INFO  a1e06a0b30c0                Sat Aug 15 13:14:21 2026  580.173.02
[0] NVIDIA GeForce RTX 3070 | 71°C,  94 % |  7388 /  8192 MB | root(6928M)

2026-08-15 13:14:34,589   INFO  Train:    9/10 ( 90%) [29545/55563 ( 53%)]  Loss: 0.6118 (0.951)  LR: 2.425e-05  Time cost: 2:04:01/1:49:12 [2:04:02/5:42:26]  Acc_iter 474050      Data time: 0.00(0.00)  Forward time: 0.24(0.25)  Batch time: 0.24(0.25)
2026-08-15 13:14:47,242   INFO  Train:    9/10 ( 90%) [29595/55563 ( 53%)]  Loss: 1.160 (0.951)  LR: 2.422e-05  Time cost: 2:04:13/1:49:00 [2:04:15/5:42:13]  Acc_iter 474100      Data time: 0.00(0.00)  Forward time: 0.24(0.25)  Batch time: 0.25(0.25)
2026-08-15 13:14:59,301   INFO  Train:    9/10 ( 90%) [29645/55563 ( 53%)]  Loss: 0.7966 (0.951)  LR: 2.420e-05  Time cost: 2:04:25/1:48:47 [2:04:27/5:41:59]  Acc_iter 474150      Data time: 0.00(0.00)  Forward time: 0.26(0.25)  Batch time: 0.26(0.25)
2026-08-15 13:14:59,733   INFO  a1e06a0b30c0                Sat Aug 15 13:14:59 2026  580.173.02
[0] NVIDIA GeForce RTX 3070 | 72°C,  96 % |  7388 /  8192 MB | root(6928M)

2026-08-15 13:15:12,106   INFO  Train:    9/10 ( 90%) [29695/55563 ( 53%)]  Loss: 0.5347 (0.951)  LR: 2.417e-05  Time cost: 2:04:38/1:48:34 [2:04:40/5:41:47]  Acc_iter 474200      Data time: 0.00(0.00)  Forward time: 0.26(0.25)  Batch time: 0.26(0.25)
2026-08-15 13:15:24,528   INFO  Train:    9/10 ( 90%) [29745/55563 ( 54%)]  Loss: 0.8300 (0.951)  LR: 2.414e-05  Time cost: 2:04:51/1:48:21 [2:04:52/5:41:34]  Acc_iter 474250      Data time: 0.00(0.00)  Forward time: 0.27(0.25)  Batch time: 0.27(0.25)
2026-08-15 13:15:33,539   INFO  Save latest model to /OpenPCDet/output/OpenPCDet/tools/cfgs/models/S/F/S_F_N/default/ckpt/latest_model
2026-08-15 13:15:37,507   INFO  Train:    9/10 ( 90%) [29795/55563 ( 54%)]  Loss: 1.247 (0.951)  LR: 2.411e-05  Time cost: 2:05:04/1:48:09 [2:05:05/5:41:23]  Acc_iter 474300      Data time: 0.00(0.00)  Forward time: 0.28(0.25)  Batch time: 0.28(0.25)
2026-08-15 13:15:37,890   INFO  a1e06a0b30c0                Sat Aug 15 13:15:37 2026  580.173.02
[0] NVIDIA GeForce RTX 3070 | 69°C,  75 % |  7389 /  8192 MB | root(6928M)

2026-08-15 13:15:50,241   INFO  Train:    9/10 ( 90%) [29845/55563 ( 54%)]  Loss: 0.7960 (0.951)  LR: 2.408e-05  Time cost: 2:05:16/1:47:57 [2:05:18/5:41:11]  Acc_iter 474350      Data time: 0.00(0.00)  Forward time: 0.23(0.25)  Batch time: 0.24(0.25)
2026-08-15 13:16:02,557   INFO  Train:    9/10 ( 90%) [29895/55563 ( 54%)]  Loss: 0.5469 (0.951)  LR: 2.405e-05  Time cost: 2:05:29/1:47:44 [2:05:30/5:40:57]  Acc_iter 474400      Data time: 0.00(0.00)  Forward time: 0.28(0.25)  Batch time: 0.28(0.25)
2026-08-15 13:16:14,991   INFO  Train:    9/10 ( 90%) [29945/55563 ( 54%)]  Loss: 0.9749 (0.951)  LR: 2.402e-05  Time cost: 2:05:41/1:47:31 [2:05:43/5:40:44]  Acc_iter 474450      Data time: 0.00(0.00)  Forward time: 0.26(0.25)  Batch time: 0.26(0.25)
2026-08-15 13:16:15,359   INFO  a1e06a0b30c0                Sat Aug 15 13:16:15 2026  580.173.02
[0] NVIDIA GeForce RTX 3070 | 71°C,  85 % |  7388 /  8192 MB | root(6928M)

2026-08-15 13:16:28,095   INFO  Train:    9/10 ( 90%) [29995/55563 ( 54%)]  Loss: 1.455 (0.951)  LR: 2.399e-05  Time cost: 2:05:54/1:47:19 [2:05:56/5:40:33]  Acc_iter 474500      Data time: 0.00(0.00)  Forward time: 0.27(0.25)  Batch time: 0.28(0.25)
2026-08-15 13:16:40,528   INFO  Train:    9/10 ( 90%) [30045/55563 ( 54%)]  Loss: 0.6441 (0.951)  LR: 2.397e-05  Time cost: 2:06:07/1:47:06 [2:06:08/5:40:20]  Acc_iter 474550      Data time: 0.00(0.00)  Forward time: 0.21(0.25)  Batch time: 0.21(0.25)
2026-08-15 13:16:52,694   INFO  Train:    9/10 ( 90%) [30095/55563 ( 54%)]  Loss: 1.294 (0.951)  LR: 2.394e-05  Time cost: 2:06:19/1:46:53 [2:06:20/5:40:06]  Acc_iter 474600      Data time: 0.00(0.00)  Forward time: 0.27(0.25)  Batch time: 0.27(0.25)
2026-08-15 13:16:53,068   INFO  a1e06a0b30c0                Sat Aug 15 13:16:53 2026  580.173.02
[0] NVIDIA GeForce RTX 3070 | 68°C,  60 % |  7388 /  8192 MB | root(6928M)

2026-08-15 13:17:05,421   INFO  Train:    9/10 ( 90%) [30145/55563 ( 54%)]  Loss: 1.034 (0.951)  LR: 2.391e-05  Time cost: 2:06:32/1:46:41 [2:06:33/5:39:54]  Acc_iter 474650      Data time: 0.00(0.00)  Forward time: 0.22(0.25)  Batch time: 0.22(0.25)
2026-08-15 13:17:17,822   INFO  Train:    9/10 ( 90%) [30195/55563 ( 54%)]  Loss: 0.9512 (0.951)  LR: 2.388e-05  Time cost: 2:06:44/1:46:28 [2:06:45/5:39:41]  Acc_iter 474700      Data time: 0.00(0.00)  Forward time: 0.21(0.25)  Batch time: 0.21(0.25)
2026-08-15 13:17:30,540   INFO  Train:    9/10 ( 90%) [30245/55563 ( 54%)]  Loss: 0.7299 (0.951)  LR: 2.385e-05  Time cost: 2:06:57/1:46:16 [2:06:58/5:39:29]  Acc_iter 474750      Data time: 0.00(0.00)  Forward time: 0.22(0.25)  Batch time: 0.22(0.25)
2026-08-15 13:17:30,927   INFO  a1e06a0b30c0                Sat Aug 15 13:17:30 2026  580.173.02
[0] NVIDIA GeForce RTX 3070 | 72°C,  93 % |  7389 /  8192 MB | root(6928M)

2026-08-15 13:17:43,167   INFO  Train:    9/10 ( 90%) [30295/55563 ( 55%)]  Loss: 0.8802 (0.951)  LR: 2.382e-05  Time cost: 2:07:09/1:46:03 [2:07:11/5:39:16]  Acc_iter 474800      Data time: 0.00(0.00)  Forward time: 0.23(0.25)  Batch time: 0.23(0.25)
2026-08-15 13:17:55,405   INFO  Train:    9/10 ( 90%) [30345/55563 ( 55%)]  Loss: 1.002 (0.951)  LR: 2.379e-05  Time cost: 2:07:22/1:45:50 [2:07:23/5:39:03]  Acc_iter 474850      Data time: 0.00(0.00)  Forward time: 0.25(0.25)  Batch time: 0.25(0.25)
2026-08-15 13:18:07,848   INFO  Train:    9/10 ( 90%) [30395/55563 ( 55%)]  Loss: 0.9852 (0.951)  LR: 2.376e-05  Time cost: 2:07:34/1:45:37 [2:07:35/5:38:50]  Acc_iter 474900      Data time: 0.00(0.00)  Forward time: 0.21(0.25)  Batch time: 0.21(0.25)
2026-08-15 13:18:08,280   INFO  a1e06a0b30c0                Sat Aug 15 13:18:08 2026  580.173.02
[0] NVIDIA GeForce RTX 3070 | 72°C,  96 % |  7384 /  8192 MB | root(6928M)

2026-08-15 13:18:20,940   INFO  Train:    9/10 ( 90%) [30445/55563 ( 55%)]  Loss: 0.7538 (0.951)  LR: 2.374e-05  Time cost: 2:07:47/1:45:25 [2:07:48/5:38:38]  Acc_iter 474950      Data time: 0.00(0.00)  Forward time: 0.29(0.25)  Batch time: 0.29(0.25)
2026-08-15 13:18:33,015   INFO  Train:    9/10 ( 90%) [30495/55563 ( 55%)]  Loss: 0.4784 (0.951)  LR: 2.371e-05  Time cost: 2:07:59/1:45:12 [2:08:01/5:38:24]  Acc_iter 475000      Data time: 0.00(0.00)  Forward time: 0.27(0.25)  Batch time: 0.27(0.25)
2026-08-15 13:18:45,649   INFO  Train:    9/10 ( 90%) [30545/55563 ( 55%)]  Loss: 1.026 (0.951)  LR: 2.368e-05  Time cost: 2:08:12/1:45:00 [2:08:13/5:38:12]  Acc_iter 475050      Data time: 0.00(0.00)  Forward time: 0.27(0.25)  Batch time: 0.27(0.25)
2026-08-15 13:18:46,030   INFO  a1e06a0b30c0                Sat Aug 15 13:18:46 2026  580.173.02
[0] NVIDIA GeForce RTX 3070 | 70°C,   1 % |  7386 /  8192 MB | root(6928M)

2026-08-15 13:18:58,570   INFO  Train:    9/10 ( 90%) [30595/55563 ( 55%)]  Loss: 0.5384 (0.951)  LR: 2.365e-05  Time cost: 2:08:25/1:44:47 [2:08:26/5:38:00]  Acc_iter 475100      Data time: 0.00(0.00)  Forward time: 0.26(0.25)  Batch time: 0.26(0.25)
2026-08-15 13:19:11,150   INFO  Train:    9/10 ( 90%) [30645/55563 ( 55%)]  Loss: 0.5155 (0.951)  LR: 2.362e-05  Time cost: 2:08:37/1:44:35 [2:08:39/5:37:48]  Acc_iter 475150      Data time: 0.00(0.00)  Forward time: 0.22(0.25)  Batch time: 0.22(0.25)
2026-08-15 13:19:23,328   INFO  Train:    9/10 ( 90%) [30695/55563 ( 55%)]  Loss: 1.073 (0.951)  LR: 2.359e-05  Time cost: 2:08:49/1:44:22 [2:08:51/5:37:34]  Acc_iter 475200      Data time: 0.00(0.00)  Forward time: 0.24(0.25)  Batch time: 0.25(0.25)
2026-08-15 13:19:23,708   INFO  a1e06a0b30c0                Sat Aug 15 13:19:23 2026  580.173.02
[0] NVIDIA GeForce RTX 3070 | 74°C,  90 % |  7389 /  8192 MB | root(6928M)

2026-08-15 13:19:36,021   INFO  Train:    9/10 ( 90%) [30745/55563 ( 55%)]  Loss: 1.147 (0.951)  LR: 2.356e-05  Time cost: 2:09:02/1:44:09 [2:09:04/5:37:22]  Acc_iter 475250      Data time: 0.00(0.00)  Forward time: 0.26(0.25)  Batch time: 0.27(0.25)
2026-08-15 13:19:48,199   INFO  Train:    9/10 ( 90%) [30795/55563 ( 55%)]  Loss: 0.8351 (0.951)  LR: 2.354e-05  Time cost: 2:09:14/1:43:56 [2:09:16/5:37:08]  Acc_iter 475300      Data time: 0.00(0.00)  Forward time: 0.23(0.25)  Batch time: 0.23(0.25)
2026-08-15 13:20:00,800   INFO  Train:    9/10 ( 90%) [30845/55563 ( 56%)]  Loss: 1.029 (0.951)  LR: 2.351e-05  Time cost: 2:09:27/1:43:44 [2:09:28/5:36:55]  Acc_iter 475350      Data time: 0.00(0.00)  Forward time: 0.23(0.25)  Batch time: 0.23(0.25)
2026-08-15 13:20:01,226   INFO  a1e06a0b30c0                Sat Aug 15 13:20:01 2026  580.173.02
[0] NVIDIA GeForce RTX 3070 | 74°C,  97 % |  7388 /  8192 MB | root(6928M)

2026-08-15 13:20:13,426   INFO  Train:    9/10 ( 90%) [30895/55563 ( 56%)]  Loss: 0.6466 (0.951)  LR: 2.348e-05  Time cost: 2:09:40/1:43:31 [2:09:41/5:36:43]  Acc_iter 475400      Data time: 0.00(0.00)  Forward time: 0.24(0.25)  Batch time: 0.24(0.25)
2026-08-15 13:20:25,673   INFO  Train:    9/10 ( 90%) [30945/55563 ( 56%)]  Loss: 0.8692 (0.951)  LR: 2.345e-05  Time cost: 2:09:52/1:43:18 [2:09:53/5:36:29]  Acc_iter 475450      Data time: 0.00(0.00)  Forward time: 0.26(0.25)  Batch time: 0.26(0.25)
2026-08-15 13:20:33,563   INFO  Save latest model to /OpenPCDet/output/OpenPCDet/tools/cfgs/models/S/F/S_F_N/default/ckpt/latest_model
2026-08-15 13:20:37,964   INFO  Train:    9/10 ( 90%) [30995/55563 ( 56%)]  Loss: 0.5266 (0.951)  LR: 2.342e-05  Time cost: 2:10:04/1:43:06 [2:10:06/5:36:16]  Acc_iter 475500      Data time: 0.00(0.00)  Forward time: 0.26(0.25)  Batch time: 0.27(0.25)
2026-08-15 13:20:38,340   INFO  a1e06a0b30c0                Sat Aug 15 13:20:38 2026  580.173.02
[0] NVIDIA GeForce RTX 3070 | 73°C,  72 % |  7388 /  8192 MB | root(6928M)

2026-08-15 13:20:50,827   INFO  Train:    9/10 ( 90%) [31045/55563 ( 56%)]  Loss: 0.3031 (0.951)  LR: 2.339e-05  Time cost: 2:10:17/1:42:53 [2:10:18/5:36:04]  Acc_iter 475550      Data time: 0.00(0.00)  Forward time: 0.24(0.25)  Batch time: 0.25(0.25)
2026-08-15 13:21:03,204   INFO  Train:    9/10 ( 90%) [31095/55563 ( 56%)]  Loss: 0.9871 (0.951)  LR: 2.337e-05  Time cost: 2:10:29/1:42:40 [2:10:31/5:35:51]  Acc_iter 475600      Data time: 0.00(0.00)  Forward time: 0.25(0.25)  Batch time: 0.25(0.25)
2026-08-15 13:21:15,353   INFO  Train:    9/10 ( 90%) [31145/55563 ( 56%)]  Loss: 0.8681 (0.951)  LR: 2.334e-05  Time cost: 2:10:42/1:42:28 [2:10:43/5:35:37]  Acc_iter 475650      Data time: 0.00(0.00)  Forward time: 0.23(0.25)  Batch time: 0.23(0.25)
2026-08-15 13:21:15,753   INFO  a1e06a0b30c0                Sat Aug 15 13:21:15 2026  580.173.02
[0] NVIDIA GeForce RTX 3070 | 73°C,  69 % |  7389 /  8192 MB | root(6928M)

2026-08-15 13:21:28,184   INFO  Train:    9/10 ( 90%) [31195/55563 ( 56%)]  Loss: 1.156 (0.951)  LR: 2.331e-05  Time cost: 2:10:54/1:42:15 [2:10:56/5:35:25]  Acc_iter 475700      Data time: 0.00(0.00)  Forward time: 0.26(0.25)  Batch time: 0.27(0.25)
2026-08-15 13:21:40,524   INFO  Train:    9/10 ( 90%) [31245/55563 ( 56%)]  Loss: 0.5748 (0.951)  LR: 2.328e-05  Time cost: 2:11:07/1:42:02 [2:11:08/5:35:12]  Acc_iter 475750      Data time: 0.00(0.00)  Forward time: 0.22(0.25)  Batch time: 0.22(0.25)
2026-08-15 13:21:52,998   INFO  Train:    9/10 ( 90%) [31295/55563 ( 56%)]  Loss: 0.8470 (0.951)  LR: 2.325e-05  Time cost: 2:11:19/1:41:50 [2:11:21/5:34:59]  Acc_iter 475800      Data time: 0.00(0.00)  Forward time: 0.26(0.25)  Batch time: 0.26(0.25)
2026-08-15 13:21:53,417   INFO  a1e06a0b30c0                Sat Aug 15 13:21:53 2026  580.173.02
[0] NVIDIA GeForce RTX 3070 | 72°C,  94 % |  7388 /  8192 MB | root(6928M)

2026-08-15 13:22:06,067   INFO  Train:    9/10 ( 90%) [31345/55563 ( 56%)]  Loss: 1.576 (0.951)  LR: 2.322e-05  Time cost: 2:11:32/1:41:37 [2:11:34/5:34:48]  Acc_iter 475850      Data time: 0.00(0.00)  Forward time: 0.24(0.25)  Batch time: 0.24(0.25)
2026-08-15 13:22:18,464   INFO  Train:    9/10 ( 90%) [31395/55563 ( 57%)]  Loss: 0.8365 (0.951)  LR: 2.319e-05  Time cost: 2:11:45/1:41:25 [2:11:46/5:34:35]  Acc_iter 475900      Data time: 0.00(0.00)  Forward time: 0.26(0.25)  Batch time: 0.27(0.25)
2026-08-15 13:22:30,784   INFO  Train:    9/10 ( 90%) [31445/55563 ( 57%)]  Loss: 0.9995 (0.951)  LR: 2.317e-05  Time cost: 2:11:57/1:41:12 [2:11:58/5:34:21]  Acc_iter 475950      Data time: 0.00(0.00)  Forward time: 0.29(0.25)  Batch time: 0.29(0.25)
2026-08-15 13:22:31,242   INFO  a1e06a0b30c0                Sat Aug 15 13:22:31 2026  580.173.02
[0] NVIDIA GeForce RTX 3070 | 74°C,  55 % |  7636 /  8192 MB | root(6928M)

2026-08-15 13:22:44,105   INFO  Train:    9/10 ( 90%) [31495/55563 ( 57%)]  Loss: 1.100 (0.951)  LR: 2.314e-05  Time cost: 2:12:10/1:41:00 [2:12:12/5:34:11]  Acc_iter 476000      Data time: 0.00(0.00)  Forward time: 0.27(0.25)  Batch time: 0.27(0.25)
2026-08-15 13:22:57,085   INFO  Train:    9/10 ( 90%) [31545/55563 ( 57%)]  Loss: 1.212 (0.950)  LR: 2.311e-05  Time cost: 2:12:23/1:40:48 [2:12:25/5:33:59]  Acc_iter 476050      Data time: 0.00(0.00)  Forward time: 0.27(0.25)  Batch time: 0.28(0.25)
2026-08-15 13:23:09,568   INFO  Train:    9/10 ( 90%) [31595/55563 ( 57%)]  Loss: 0.7779 (0.950)  LR: 2.308e-05  Time cost: 2:12:36/1:40:35 [2:12:37/5:33:46]  Acc_iter 476100      Data time: 0.00(0.00)  Forward time: 0.26(0.25)  Batch time: 0.26(0.25)
2026-08-15 13:23:10,074   INFO  a1e06a0b30c0                Sat Aug 15 13:23:10 2026  580.173.02
[0] NVIDIA GeForce RTX 3070 | 66°C,  12 % |  7629 /  8192 MB | root(6928M)

2026-08-15 13:23:22,707   INFO  Train:    9/10 ( 90%) [31645/55563 ( 57%)]  Loss: 1.430 (0.950)  LR: 2.305e-05  Time cost: 2:12:49/1:40:23 [2:12:50/5:33:35]  Acc_iter 476150      Data time: 0.00(0.00)  Forward time: 0.23(0.25)  Batch time: 0.23(0.25)
2026-08-15 13:23:35,533   INFO  Train:    9/10 ( 90%) [31695/55563 ( 57%)]  Loss: 0.7826 (0.950)  LR: 2.303e-05  Time cost: 2:13:02/1:40:10 [2:13:03/5:33:23]  Acc_iter 476200      Data time: 0.00(0.00)  Forward time: 0.28(0.25)  Batch time: 0.28(0.25)
2026-08-15 13:23:48,679   INFO  Train:    9/10 ( 90%) [31745/55563 ( 57%)]  Loss: 1.220 (0.950)  LR: 2.300e-05  Time cost: 2:13:15/1:39:58 [2:13:16/5:33:12]  Acc_iter 476250      Data time: 0.00(0.00)  Forward time: 0.26(0.25)  Batch time: 0.26(0.25)
2026-08-15 13:23:49,093   INFO  a1e06a0b30c0                Sat Aug 15 13:23:49 2026  580.173.02
[0] NVIDIA GeForce RTX 3070 | 66°C,   7 % |  7634 /  8192 MB | root(6928M)

2026-08-15 13:24:01,803   INFO  Train:    9/10 ( 90%) [31795/55563 ( 57%)]  Loss: 1.559 (0.950)  LR: 2.297e-05  Time cost: 2:13:28/1:39:46 [2:13:29/5:33:01]  Acc_iter 476300      Data time: 0.00(0.00)  Forward time: 0.25(0.25)  Batch time: 0.25(0.25)
2026-08-15 13:24:14,355   INFO  Train:    9/10 ( 90%) [31845/55563 ( 57%)]  Loss: 0.5503 (0.950)  LR: 2.294e-05  Time cost: 2:13:41/1:39:33 [2:13:42/5:32:48]  Acc_iter 476350      Data time: 0.00(0.00)  Forward time: 0.23(0.25)  Batch time: 0.23(0.25)
2026-08-15 13:24:27,231   INFO  Train:    9/10 ( 90%) [31895/55563 ( 57%)]  Loss: 1.345 (0.950)  LR: 2.291e-05  Time cost: 2:13:53/1:39:21 [2:13:55/5:32:36]  Acc_iter 476400      Data time: 0.00(0.00)  Forward time: 0.26(0.25)  Batch time: 0.26(0.25)
2026-08-15 13:24:27,622   INFO  a1e06a0b30c0                Sat Aug 15 13:24:27 2026  580.173.02
[0] NVIDIA GeForce RTX 3070 | 68°C,  66 % |  7635 /  8192 MB | root(6928M)

2026-08-15 13:24:40,659   INFO  Train:    9/10 ( 90%) [31945/55563 ( 57%)]  Loss: 1.847 (0.950)  LR: 2.288e-05  Time cost: 2:14:07/1:39:09 [2:14:08/5:32:25]  Acc_iter 476450      Data time: 0.00(0.00)  Forward time: 0.27(0.25)  Batch time: 0.27(0.25)
2026-08-15 13:24:53,387   INFO  Train:    9/10 ( 90%) [31995/55563 ( 58%)]  Loss: 0.9583 (0.950)  LR: 2.286e-05  Time cost: 2:14:20/1:38:56 [2:14:21/5:32:13]  Acc_iter 476500      Data time: 0.00(0.00)  Forward time: 0.25(0.25)  Batch time: 0.26(0.25)
2026-08-15 13:25:05,921   INFO  Train:    9/10 ( 90%) [32045/55563 ( 58%)]  Loss: 1.326 (0.950)  LR: 2.283e-05  Time cost: 2:14:32/1:38:44 [2:14:33/5:32:00]  Acc_iter 476550      Data time: 0.00(0.00)  Forward time: 0.28(0.25)  Batch time: 0.28(0.25)
2026-08-15 13:25:06,319   INFO  a1e06a0b30c0                Sat Aug 15 13:25:06 2026  580.173.02
[0] NVIDIA GeForce RTX 3070 | 71°C,  92 % |  7638 /  8192 MB | root(6928M)

2026-08-15 13:25:18,977   INFO  Train:    9/10 ( 90%) [32095/55563 ( 58%)]  Loss: 0.8140 (0.950)  LR: 2.280e-05  Time cost: 2:14:45/1:38:32 [2:14:47/5:31:49]  Acc_iter 476600      Data time: 0.00(0.00)  Forward time: 0.22(0.25)  Batch time: 0.22(0.25)
2026-08-15 13:25:31,538   INFO  Train:    9/10 ( 90%) [32145/55563 ( 58%)]  Loss: 0.7956 (0.950)  LR: 2.277e-05  Time cost: 2:14:58/1:38:19 [2:14:59/5:31:36]  Acc_iter 476650      Data time: 0.00(0.00)  Forward time: 0.26(0.25)  Batch time: 0.27(0.25)
2026-08-15 13:25:33,705   INFO  Save latest model to /OpenPCDet/output/OpenPCDet/tools/cfgs/models/S/F/S_F_N/default/ckpt/latest_model
2026-08-15 13:25:44,261   INFO  Train:    9/10 ( 90%) [32195/55563 ( 58%)]  Loss: 0.4240 (0.950)  LR: 2.274e-05  Time cost: 2:15:10/1:38:06 [2:15:12/5:31:24]  Acc_iter 476700      Data time: 0.00(0.00)  Forward time: 0.22(0.25)  Batch time: 0.23(0.25)
2026-08-15 13:25:44,646   INFO  a1e06a0b30c0                Sat Aug 15 13:25:44 2026  580.173.02
[0] NVIDIA GeForce RTX 3070 | 70°C,  94 % |  7634 /  8192 MB | root(6928M)

2026-08-15 13:25:57,101   INFO  Train:    9/10 ( 90%) [32245/55563 ( 58%)]  Loss: 0.8821 (0.950)  LR: 2.272e-05  Time cost: 2:15:23/1:37:54 [2:15:25/5:31:12]  Acc_iter 476750      Data time: 0.00(0.00)  Forward time: 0.20(0.25)  Batch time: 0.20(0.25)
2026-08-15 13:26:09,895   INFO  Train:    9/10 ( 90%) [32295/55563 ( 58%)]  Loss: 0.6829 (0.950)  LR: 2.269e-05  Time cost: 2:15:36/1:37:42 [2:15:37/5:31:00]  Acc_iter 476800      Data time: 0.00(0.00)  Forward time: 0.25(0.25)  Batch time: 0.25(0.25)
2026-08-15 13:26:22,770   INFO  Train:    9/10 ( 90%) [32345/55563 ( 58%)]  Loss: 1.046 (0.950)  LR: 2.266e-05  Time cost: 2:15:49/1:37:29 [2:15:50/5:30:48]  Acc_iter 476850      Data time: 0.00(0.00)  Forward time: 0.25(0.25)  Batch time: 0.25(0.25)
2026-08-15 13:26:23,258   INFO  a1e06a0b30c0                Sat Aug 15 13:26:23 2026  580.173.02
[0] NVIDIA GeForce RTX 3070 | 72°C,  23 % |  7632 /  8192 MB | root(6928M)

2026-08-15 13:26:36,387   INFO  Train:    9/10 ( 90%) [32395/55563 ( 58%)]  Loss: 1.896 (0.950)  LR: 2.263e-05  Time cost: 2:16:03/1:37:17 [2:16:04/5:30:38]  Acc_iter 476900      Data time: 0.00(0.00)  Forward time: 0.25(0.25)  Batch time: 0.25(0.25)
2026-08-15 13:26:48,766   INFO  Train:    9/10 ( 90%) [32445/55563 ( 58%)]  Loss: 0.7142 (0.950)  LR: 2.260e-05  Time cost: 2:16:15/1:37:05 [2:16:16/5:30:25]  Acc_iter 476950      Data time: 0.00(0.00)  Forward time: 0.23(0.25)  Batch time: 0.23(0.25)
2026-08-15 13:27:01,681   INFO  Train:    9/10 ( 90%) [32495/55563 ( 58%)]  Loss: 0.8283 (0.950)  LR: 2.258e-05  Time cost: 2:16:28/1:36:52 [2:16:29/5:30:13]  Acc_iter 477000      Data time: 0.00(0.00)  Forward time: 0.27(0.25)  Batch time: 0.28(0.25)
2026-08-15 13:27:02,099   INFO  a1e06a0b30c0                Sat Aug 15 13:27:02 2026  580.173.02
[0] NVIDIA GeForce RTX 3070 | 66°C,   5 % |  7635 /  8192 MB | root(6928M)

2026-08-15 13:27:14,821   INFO  Train:    9/10 ( 90%) [32545/55563 ( 59%)]  Loss: 0.7186 (0.950)  LR: 2.255e-05  Time cost: 2:16:41/1:36:40 [2:16:42/5:30:02]  Acc_iter 477050      Data time: 0.00(0.00)  Forward time: 0.26(0.25)  Batch time: 0.26(0.25)
2026-08-15 13:27:27,974   INFO  Train:    9/10 ( 90%) [32595/55563 ( 59%)]  Loss: 0.3524 (0.950)  LR: 2.252e-05  Time cost: 2:16:54/1:36:28 [2:16:56/5:29:50]  Acc_iter 477100      Data time: 0.00(0.00)  Forward time: 0.26(0.25)  Batch time: 0.27(0.25)
2026-08-15 13:27:40,770   INFO  Train:    9/10 ( 90%) [32645/55563 ( 59%)]  Loss: 0.8919 (0.950)  LR: 2.249e-05  Time cost: 2:17:07/1:36:15 [2:17:08/5:29:38]  Acc_iter 477150      Data time: 0.00(0.00)  Forward time: 0.24(0.25)  Batch time: 0.24(0.25)
2026-08-15 13:27:41,186   INFO  a1e06a0b30c0                Sat Aug 15 13:27:41 2026  580.173.02
[0] NVIDIA GeForce RTX 3070 | 67°C,  45 % |  7632 /  8192 MB | root(6928M)

2026-08-15 13:27:54,044   INFO  Train:    9/10 ( 90%) [32695/55563 ( 59%)]  Loss: 0.5427 (0.950)  LR: 2.246e-05  Time cost: 2:17:20/1:36:03 [2:17:22/5:29:27]  Acc_iter 477200      Data time: 0.00(0.00)  Forward time: 0.23(0.25)  Batch time: 0.23(0.25)
2026-08-15 13:28:06,745   INFO  Train:    9/10 ( 90%) [32745/55563 ( 59%)]  Loss: 1.133 (0.951)  LR: 2.244e-05  Time cost: 2:17:33/1:35:51 [2:17:34/5:29:15]  Acc_iter 477250      Data time: 0.00(0.00)  Forward time: 0.27(0.25)  Batch time: 0.27(0.25)
2026-08-15 13:28:19,557   INFO  Train:    9/10 ( 90%) [32795/55563 ( 59%)]  Loss: 1.361 (0.950)  LR: 2.241e-05  Time cost: 2:17:46/1:35:38 [2:17:47/5:29:03]  Acc_iter 477300      Data time: 0.00(0.00)  Forward time: 0.27(0.25)  Batch time: 0.27(0.25)
2026-08-15 13:28:20,028   INFO  a1e06a0b30c0                Sat Aug 15 13:28:20 2026  580.173.02
[0] NVIDIA GeForce RTX 3070 | 64°C,   5 % |  7633 /  8192 MB | root(6928M)

2026-08-15 13:28:32,663   INFO  Train:    9/10 ( 90%) [32845/55563 ( 59%)]  Loss: 1.254 (0.951)  LR: 2.238e-05  Time cost: 2:17:59/1:35:26 [2:18:00/5:28:51]  Acc_iter 477350      Data time: 0.00(0.00)  Forward time: 0.25(0.25)  Batch time: 0.26(0.25)
2026-08-15 13:28:44,948   INFO  Train:    9/10 ( 90%) [32895/55563 ( 59%)]  Loss: 1.045 (0.950)  LR: 2.235e-05  Time cost: 2:18:11/1:35:13 [2:18:12/5:28:38]  Acc_iter 477400      Data time: 0.00(0.00)  Forward time: 0.24(0.25)  Batch time: 0.24(0.25)
2026-08-15 13:28:57,408   INFO  Train:    9/10 ( 90%) [32945/55563 ( 59%)]  Loss: 0.6718 (0.950)  LR: 2.232e-05  Time cost: 2:18:24/1:35:00 [2:18:25/5:28:25]  Acc_iter 477450      Data time: 0.00(0.00)  Forward time: 0.24(0.25)  Batch time: 0.24(0.25)
2026-08-15 13:28:57,854   INFO  a1e06a0b30c0                Sat Aug 15 13:28:57 2026  580.173.02
[0] NVIDIA GeForce RTX 3070 | 72°C,  93 % |  7656 /  8192 MB | root(6928M)

2026-08-15 13:29:10,465   INFO  Train:    9/10 ( 90%) [32995/55563 ( 59%)]  Loss: 1.167 (0.951)  LR: 2.230e-05  Time cost: 2:18:37/1:34:48 [2:18:38/5:28:14]  Acc_iter 477500      Data time: 0.00(0.00)  Forward time: 0.24(0.25)  Batch time: 0.24(0.25)
2026-08-15 13:29:23,599   INFO  Train:    9/10 ( 90%) [33045/55563 ( 59%)]  Loss: 0.9009 (0.951)  LR: 2.227e-05  Time cost: 2:18:50/1:34:36 [2:18:51/5:28:02]  Acc_iter 477550      Data time: 0.00(0.00)  Forward time: 0.25(0.25)  Batch time: 0.25(0.25)
2026-08-15 13:29:35,960   INFO  Train:    9/10 ( 90%) [33095/55563 ( 60%)]  Loss: 0.4917 (0.950)  LR: 2.224e-05  Time cost: 2:19:02/1:34:23 [2:19:04/5:27:49]  Acc_iter 477600      Data time: 0.00(0.00)  Forward time: 0.25(0.25)  Batch time: 0.25(0.25)
2026-08-15 13:29:36,386   INFO  a1e06a0b30c0                Sat Aug 15 13:29:36 2026  580.173.02
[0] NVIDIA GeForce RTX 3070 | 71°C,  59 % |  7638 /  8192 MB | root(6928M)

2026-08-15 13:29:48,755   INFO  Train:    9/10 ( 90%) [33145/55563 ( 60%)]  Loss: 0.7268 (0.950)  LR: 2.221e-05  Time cost: 2:19:15/1:34:11 [2:19:16/5:27:37]  Acc_iter 477650      Data time: 0.00(0.00)  Forward time: 0.23(0.25)  Batch time: 0.23(0.25)
2026-08-15 13:30:01,132   INFO  Train:    9/10 ( 90%) [33195/55563 ( 60%)]  Loss: 0.7414 (0.950)  LR: 2.219e-05  Time cost: 2:19:27/1:33:58 [2:19:29/5:27:24]  Acc_iter 477700      Data time: 0.00(0.00)  Forward time: 0.20(0.25)  Batch time: 0.21(0.25)
2026-08-15 13:30:14,339   INFO  Train:    9/10 ( 90%) [33245/55563 ( 60%)]  Loss: 0.7485 (0.950)  LR: 2.216e-05  Time cost: 2:19:40/1:33:46 [2:19:42/5:27:13]  Acc_iter 477750      Data time: 0.00(0.00)  Forward time: 0.25(0.25)  Batch time: 0.25(0.25)
2026-08-15 13:30:14,817   INFO  a1e06a0b30c0                Sat Aug 15 13:30:14 2026  580.173.02
[0] NVIDIA GeForce RTX 3070 | 73°C,  93 % |  7634 /  8192 MB | root(6928M)

2026-08-15 13:30:27,610   INFO  Train:    9/10 ( 90%) [33295/55563 ( 60%)]  Loss: 1.507 (0.950)  LR: 2.213e-05  Time cost: 2:19:54/1:33:33 [2:19:55/5:27:01]  Acc_iter 477800      Data time: 0.00(0.00)  Forward time: 0.26(0.25)  Batch time: 0.26(0.25)
2026-08-15 13:30:33,560   INFO  Save latest model to /OpenPCDet/output/OpenPCDet/tools/cfgs/models/S/F/S_F_N/default/ckpt/latest_model
2026-08-15 13:30:40,368   INFO  Train:    9/10 ( 90%) [33345/55563 ( 60%)]  Loss: 1.351 (0.951)  LR: 2.210e-05  Time cost: 2:20:07/1:33:21 [2:20:08/5:26:49]  Acc_iter 477850      Data time: 0.00(0.00)  Forward time: 0.24(0.25)  Batch time: 0.24(0.25)
2026-08-15 13:30:52,687   INFO  Train:    9/10 ( 90%) [33395/55563 ( 60%)]  Loss: 1.254 (0.950)  LR: 2.208e-05  Time cost: 2:20:19/1:33:08 [2:20:20/5:26:36]  Acc_iter 477900      Data time: 0.00(0.00)  Forward time: 0.23(0.25)  Batch time: 0.23(0.25)
2026-08-15 13:30:53,075   INFO  a1e06a0b30c0                Sat Aug 15 13:30:53 2026  580.173.02
[0] NVIDIA GeForce RTX 3070 | 68°C,   5 % |  7634 /  8192 MB | root(6928M)

2026-08-15 13:31:05,950   INFO  Train:    9/10 ( 90%) [33445/55563 ( 60%)]  Loss: 0.7617 (0.950)  LR: 2.205e-05  Time cost: 2:20:32/1:32:56 [2:20:33/5:26:25]  Acc_iter 477950      Data time: 0.00(0.00)  Forward time: 0.25(0.25)  Batch time: 0.26(0.25)
2026-08-15 13:31:19,040   INFO  Train:    9/10 ( 90%) [33495/55563 ( 60%)]  Loss: 1.181 (0.951)  LR: 2.202e-05  Time cost: 2:20:45/1:32:44 [2:20:47/5:26:13]  Acc_iter 478000      Data time: 0.00(0.00)  Forward time: 0.23(0.25)  Batch time: 0.23(0.25)
2026-08-15 13:31:31,293   INFO  Train:    9/10 ( 90%) [33545/55563 ( 60%)]  Loss: 0.8184 (0.950)  LR: 2.199e-05  Time cost: 2:20:57/1:32:31 [2:20:59/5:26:00]  Acc_iter 478050      Data time: 0.00(0.00)  Forward time: 0.22(0.25)  Batch time: 0.22(0.25)
2026-08-15 13:31:31,665   INFO  a1e06a0b30c0                Sat Aug 15 13:31:31 2026  580.173.02
[0] NVIDIA GeForce RTX 3070 | 74°C,  96 % |  7634 /  8192 MB | root(6928M)

2026-08-15 13:31:43,727   INFO  Train:    9/10 ( 90%) [33595/55563 ( 60%)]  Loss: 1.202 (0.950)  LR: 2.196e-05  Time cost: 2:21:10/1:32:18 [2:21:11/5:25:47]  Acc_iter 478100      Data time: 0.00(0.00)  Forward time: 0.25(0.25)  Batch time: 0.25(0.25)
2026-08-15 13:31:56,167   INFO  Train:    9/10 ( 90%) [33645/55563 ( 61%)]  Loss: 0.7376 (0.951)  LR: 2.194e-05  Time cost: 2:21:22/1:32:05 [2:21:24/5:25:34]  Acc_iter 478150      Data time: 0.00(0.00)  Forward time: 0.22(0.25)  Batch time: 0.23(0.25)
2026-08-15 13:32:09,068   INFO  Train:    9/10 ( 90%) [33695/55563 ( 61%)]  Loss: 0.5106 (0.951)  LR: 2.191e-05  Time cost: 2:21:35/1:31:53 [2:21:37/5:25:22]  Acc_iter 478200      Data time: 0.00(0.00)  Forward time: 0.26(0.25)  Batch time: 0.26(0.25)
2026-08-15 13:32:09,539   INFO  a1e06a0b30c0                Sat Aug 15 13:32:09 2026  580.173.02
[0] NVIDIA GeForce RTX 3070 | 71°C,  76 % |  7634 /  8192 MB | root(6928M)

2026-08-15 13:32:22,306   INFO  Train:    9/10 ( 90%) [33745/55563 ( 61%)]  Loss: 0.7771 (0.951)  LR: 2.188e-05  Time cost: 2:21:48/1:31:41 [2:21:50/5:25:11]  Acc_iter 478250      Data time: 0.00(0.00)  Forward time: 0.25(0.25)  Batch time: 0.26(0.25)
2026-08-15 13:32:34,587   INFO  Train:    9/10 ( 90%) [33795/55563 ( 61%)]  Loss: 1.200 (0.950)  LR: 2.185e-05  Time cost: 2:22:01/1:31:28 [2:22:02/5:24:58]  Acc_iter 478300      Data time: 0.00(0.00)  Forward time: 0.25(0.25)  Batch time: 0.25(0.25)
2026-08-15 13:32:47,343   INFO  Train:    9/10 ( 90%) [33845/55563 ( 61%)]  Loss: 0.9054 (0.950)  LR: 2.183e-05  Time cost: 2:22:13/1:31:16 [2:22:15/5:24:45]  Acc_iter 478350      Data time: 0.00(0.00)  Forward time: 0.26(0.25)  Batch time: 0.26(0.25)
2026-08-15 13:32:47,747   INFO  a1e06a0b30c0                Sat Aug 15 13:32:47 2026  580.173.02
[0] NVIDIA GeForce RTX 3070 | 74°C,  87 % |  7634 /  8192 MB | root(6928M)

2026-08-15 13:33:00,541   INFO  Train:    9/10 ( 90%) [33895/55563 ( 61%)]  Loss: 1.051 (0.950)  LR: 2.180e-05  Time cost: 2:22:27/1:31:03 [2:22:28/5:24:34]  Acc_iter 478400      Data time: 0.00(0.00)  Forward time: 0.23(0.25)  Batch time: 0.24(0.25)
2026-08-15 13:33:13,520   INFO  Train:    9/10 ( 90%) [33945/55563 ( 61%)]  Loss: 1.524 (0.950)  LR: 2.177e-05  Time cost: 2:22:40/1:30:51 [2:22:41/5:24:22]  Acc_iter 478450      Data time: 0.00(0.00)  Forward time: 0.27(0.25)  Batch time: 0.27(0.25)
2026-08-15 13:33:26,362   INFO  Train:    9/10 ( 90%) [33995/55563 ( 61%)]  Loss: 1.011 (0.950)  LR: 2.174e-05  Time cost: 2:22:53/1:30:38 [2:22:54/5:24:10]  Acc_iter 478500      Data time: 0.00(0.00)  Forward time: 0.24(0.25)  Batch time: 0.24(0.25)
2026-08-15 13:33:26,751   INFO  a1e06a0b30c0                Sat Aug 15 13:33:26 2026  580.173.02
[0] NVIDIA GeForce RTX 3070 | 74°C,  96 % |  7630 /  8192 MB | root(6928M)

2026-08-15 13:33:39,023   INFO  Train:    9/10 ( 90%) [34045/55563 ( 61%)]  Loss: 0.5174 (0.950)  LR: 2.172e-05  Time cost: 2:23:05/1:30:26 [2:23:07/5:23:58]  Acc_iter 478550      Data time: 0.00(0.00)  Forward time: 0.21(0.25)  Batch time: 0.21(0.25)
2026-08-15 13:33:51,432   INFO  Train:    9/10 ( 90%) [34095/55563 ( 61%)]  Loss: 1.017 (0.950)  LR: 2.169e-05  Time cost: 2:23:18/1:30:13 [2:23:19/5:23:45]  Acc_iter 478600      Data time: 0.00(0.00)  Forward time: 0.28(0.25)  Batch time: 0.28(0.25)
2026-08-15 13:34:04,423   INFO  Train:    9/10 ( 90%) [34145/55563 ( 61%)]  Loss: 1.205 (0.950)  LR: 2.166e-05  Time cost: 2:23:31/1:30:01 [2:23:32/5:23:33]  Acc_iter 478650      Data time: 0.00(0.00)  Forward time: 0.26(0.25)  Batch time: 0.26(0.25)
2026-08-15 13:34:04,839   INFO  a1e06a0b30c0                Sat Aug 15 13:34:04 2026  580.173.02
[0] NVIDIA GeForce RTX 3070 | 71°C,  99 % |  7632 /  8192 MB | root(6928M)

2026-08-15 13:34:17,527   INFO  Train:    9/10 ( 90%) [34195/55563 ( 62%)]  Loss: 0.6907 (0.950)  LR: 2.163e-05  Time cost: 2:23:44/1:29:48 [2:23:45/5:23:21]  Acc_iter 478700      Data time: 0.00(0.00)  Forward time: 0.25(0.25)  Batch time: 0.25(0.25)
2026-08-15 13:34:29,808   INFO  Train:    9/10 ( 90%) [34245/55563 ( 62%)]  Loss: 1.605 (0.950)  LR: 2.161e-05  Time cost: 2:23:56/1:29:36 [2:23:57/5:23:08]  Acc_iter 478750      Data time: 0.00(0.00)  Forward time: 0.20(0.25)  Batch time: 0.20(0.25)
2026-08-15 13:34:42,112   INFO  Train:    9/10 ( 90%) [34295/55563 ( 62%)]  Loss: 0.5809 (0.950)  LR: 2.158e-05  Time cost: 2:24:08/1:29:23 [2:24:10/5:22:55]  Acc_iter 478800      Data time: 0.00(0.00)  Forward time: 0.27(0.25)  Batch time: 0.27(0.25)
2026-08-15 13:34:42,476   INFO  a1e06a0b30c0                Sat Aug 15 13:34:42 2026  580.173.02
[0] NVIDIA GeForce RTX 3070 | 73°C,  71 % |  7632 /  8192 MB | root(6928M)

2026-08-15 13:34:54,866   INFO  Train:    9/10 ( 90%) [34345/55563 ( 62%)]  Loss: 1.041 (0.950)  LR: 2.155e-05  Time cost: 2:24:21/1:29:10 [2:24:22/5:22:42]  Acc_iter 478850      Data time: 0.00(0.00)  Forward time: 0.24(0.25)  Batch time: 0.24(0.25)
2026-08-15 13:35:07,734   INFO  Train:    9/10 ( 90%) [34395/55563 ( 62%)]  Loss: 1.344 (0.950)  LR: 2.152e-05  Time cost: 2:24:34/1:28:58 [2:24:35/5:22:30]  Acc_iter 478900      Data time: 0.00(0.00)  Forward time: 0.27(0.25)  Batch time: 0.27(0.25)
2026-08-15 13:35:20,409   INFO  Train:    9/10 ( 90%) [34445/55563 ( 62%)]  Loss: 0.9262 (0.950)  LR: 2.150e-05  Time cost: 2:24:47/1:28:45 [2:24:48/5:22:18]  Acc_iter 478950      Data time: 0.00(0.00)  Forward time: 0.27(0.25)  Batch time: 0.27(0.25)
2026-08-15 13:35:20,852   INFO  a1e06a0b30c0                Sat Aug 15 13:35:20 2026  580.173.02
[0] NVIDIA GeForce RTX 3070 | 72°C,  95 % |  7633 /  8192 MB | root(6928M)

2026-08-15 13:35:33,498   INFO  Train:    9/10 ( 90%) [34495/55563 ( 62%)]  Loss: 0.6923 (0.950)  LR: 2.147e-05  Time cost: 2:25:00/1:28:33 [2:25:01/5:22:06]  Acc_iter 479000      Data time: 0.00(0.00)  Forward time: 0.23(0.25)  Batch time: 0.23(0.25)
2026-08-15 13:35:33,609   INFO  Save latest model to /OpenPCDet/output/OpenPCDet/tools/cfgs/models/S/F/S_F_N/default/ckpt/latest_model
2026-08-15 13:35:46,131   INFO  Train:    9/10 ( 90%) [34545/55563 ( 62%)]  Loss: 0.6951 (0.950)  LR: 2.144e-05  Time cost: 2:25:12/1:28:20 [2:25:14/5:21:54]  Acc_iter 479050      Data time: 0.00(0.00)  Forward time: 0.26(0.25)  Batch time: 0.27(0.25)
2026-08-15 13:35:58,932   INFO  Train:    9/10 ( 90%) [34595/55563 ( 62%)]  Loss: 0.7811 (0.950)  LR: 2.142e-05  Time cost: 2:25:25/1:28:08 [2:25:26/5:21:42]  Acc_iter 479100      Data time: 0.00(0.00)  Forward time: 0.27(0.25)  Batch time: 0.27(0.25)
2026-08-15 13:35:59,330   INFO  a1e06a0b30c0                Sat Aug 15 13:35:59 2026  580.173.02
[0] NVIDIA GeForce RTX 3070 | 71°C,  96 % |  7632 /  8192 MB | root(6928M)

2026-08-15 13:36:11,944   INFO  Train:    9/10 ( 90%) [34645/55563 ( 62%)]  Loss: 0.8113 (0.950)  LR: 2.139e-05  Time cost: 2:25:38/1:27:56 [2:25:39/5:21:30]  Acc_iter 479150      Data time: 0.00(0.00)  Forward time: 0.22(0.25)  Batch time: 0.23(0.25)
2026-08-15 13:36:24,481   INFO  Train:    9/10 ( 90%) [34695/55563 ( 62%)]  Loss: 0.7386 (0.950)  LR: 2.136e-05  Time cost: 2:25:51/1:27:43 [2:25:52/5:21:17]  Acc_iter 479200      Data time: 0.00(0.00)  Forward time: 0.21(0.25)  Batch time: 0.21(0.25)
2026-08-15 13:36:37,034   INFO  Train:    9/10 ( 90%) [34745/55563 ( 63%)]  Loss: 0.6510 (0.950)  LR: 2.133e-05  Time cost: 2:26:03/1:27:30 [2:26:05/5:21:04]  Acc_iter 479250      Data time: 0.00(0.00)  Forward time: 0.22(0.25)  Batch time: 0.23(0.25)
2026-08-15 13:36:37,438   INFO  a1e06a0b30c0                Sat Aug 15 13:36:37 2026  580.173.02
[0] NVIDIA GeForce RTX 3070 | 69°C,  74 % |  7633 /  8192 MB | root(6928M)

2026-08-15 13:36:50,807   INFO  Train:    9/10 ( 90%) [34795/55563 ( 63%)]  Loss: 0.7686 (0.950)  LR: 2.131e-05  Time cost: 2:26:17/1:27:18 [2:26:18/5:20:54]  Acc_iter 479300      Data time: 0.00(0.00)  Forward time: 0.26(0.25)  Batch time: 0.26(0.25)
2026-08-15 13:37:03,595   INFO  Train:    9/10 ( 90%) [34845/55563 ( 63%)]  Loss: 1.114 (0.951)  LR: 2.128e-05  Time cost: 2:26:30/1:27:06 [2:26:31/5:20:42]  Acc_iter 479350      Data time: 0.00(0.00)  Forward time: 0.23(0.25)  Batch time: 0.23(0.25)
2026-08-15 13:37:16,436   INFO  Train:    9/10 ( 90%) [34895/55563 ( 63%)]  Loss: 1.575 (0.950)  LR: 2.125e-05  Time cost: 2:26:43/1:26:53 [2:26:44/5:20:30]  Acc_iter 479400      Data time: 0.00(0.00)  Forward time: 0.27(0.25)  Batch time: 0.27(0.25)
2026-08-15 13:37:16,830   INFO  a1e06a0b30c0                Sat Aug 15 13:37:16 2026  580.173.02
[0] NVIDIA GeForce RTX 3070 | 71°C,  97 % |  7632 /  8192 MB | root(6928M)

2026-08-15 13:37:29,249   INFO  Train:    9/10 ( 90%) [34945/55563 ( 63%)]  Loss: 0.8462 (0.950)  LR: 2.122e-05  Time cost: 2:26:55/1:26:41 [2:26:57/5:20:18]  Acc_iter 479450      Data time: 0.00(0.00)  Forward time: 0.23(0.25)  Batch time: 0.23(0.25)
2026-08-15 13:37:41,582   INFO  Train:    9/10 ( 90%) [34995/55563 ( 63%)]  Loss: 0.3731 (0.950)  LR: 2.120e-05  Time cost: 2:27:08/1:26:28 [2:27:09/5:20:05]  Acc_iter 479500      Data time: 0.00(0.00)  Forward time: 0.27(0.25)  Batch time: 0.27(0.25)
2026-08-15 13:37:54,212   INFO  Train:    9/10 ( 90%) [35045/55563 ( 63%)]  Loss: 0.4157 (0.950)  LR: 2.117e-05  Time cost: 2:27:20/1:26:15 [2:27:22/5:19:52]  Acc_iter 479550      Data time: 0.00(0.00)  Forward time: 0.22(0.25)  Batch time: 0.22(0.25)
2026-08-15 13:37:54,608   INFO  a1e06a0b30c0                Sat Aug 15 13:37:54 2026  580.173.02
[0] NVIDIA GeForce RTX 3070 | 66°C,  71 % |  7515 /  8192 MB | root(6928M)

2026-08-15 13:38:07,114   INFO  Train:    9/10 ( 90%) [35095/55563 ( 63%)]  Loss: 1.486 (0.950)  LR: 2.114e-05  Time cost: 2:27:33/1:26:03 [2:27:35/5:19:40]  Acc_iter 479600      Data time: 0.00(0.00)  Forward time: 0.25(0.25)  Batch time: 0.25(0.25)
2026-08-15 13:38:19,498   INFO  Train:    9/10 ( 90%) [35145/55563 ( 63%)]  Loss: 0.6991 (0.950)  LR: 2.112e-05  Time cost: 2:27:46/1:25:50 [2:27:47/5:19:27]  Acc_iter 479650      Data time: 0.00(0.00)  Forward time: 0.26(0.25)  Batch time: 0.26(0.25)
2026-08-15 13:38:32,285   INFO  Train:    9/10 ( 90%) [35195/55563 ( 63%)]  Loss: 1.227 (0.950)  LR: 2.109e-05  Time cost: 2:27:58/1:25:38 [2:28:00/5:19:15]  Acc_iter 479700      Data time: 0.00(0.00)  Forward time: 0.24(0.25)  Batch time: 0.24(0.25)
2026-08-15 13:38:32,678   INFO  a1e06a0b30c0                Sat Aug 15 13:38:32 2026  580.173.02
[0] NVIDIA GeForce RTX 3070 | 68°C,  73 % |  7632 /  8192 MB | root(6928M)

2026-08-15 13:38:45,931   INFO  Train:    9/10 ( 90%) [35245/55563 ( 63%)]  Loss: 0.8093 (0.950)  LR: 2.106e-05  Time cost: 2:28:12/1:25:26 [2:28:13/5:19:04]  Acc_iter 479750      Data time: 0.00(0.00)  Forward time: 0.33(0.25)  Batch time: 0.33(0.25)
2026-08-15 13:38:58,574   INFO  Train:    9/10 ( 90%) [35295/55563 ( 64%)]  Loss: 1.020 (0.950)  LR: 2.103e-05  Time cost: 2:28:25/1:25:13 [2:28:26/5:18:52]  Acc_iter 479800      Data time: 0.00(0.00)  Forward time: 0.22(0.25)  Batch time: 0.22(0.25)
2026-08-15 13:39:11,323   INFO  Train:    9/10 ( 90%) [35345/55563 ( 64%)]  Loss: 1.136 (0.950)  LR: 2.101e-05  Time cost: 2:28:37/1:25:01 [2:28:39/5:18:39]  Acc_iter 479850      Data time: 0.00(0.00)  Forward time: 0.24(0.25)  Batch time: 0.25(0.25)
2026-08-15 13:39:11,769   INFO  a1e06a0b30c0                Sat Aug 15 13:39:11 2026  580.173.02
[0] NVIDIA GeForce RTX 3070 | 67°C,  70 % |  7637 /  8192 MB | root(6928M)

2026-08-15 13:39:24,570   INFO  Train:    9/10 ( 90%) [35395/55563 ( 64%)]  Loss: 0.6292 (0.950)  LR: 2.098e-05  Time cost: 2:28:51/1:24:48 [2:28:52/5:18:28]  Acc_iter 479900      Data time: 0.00(0.00)  Forward time: 0.23(0.25)  Batch time: 0.23(0.25)
2026-08-15 13:39:37,774   INFO  Train:    9/10 ( 90%) [35445/55563 ( 64%)]  Loss: 1.313 (0.951)  LR: 2.095e-05  Time cost: 2:29:04/1:24:36 [2:29:05/5:18:17]  Acc_iter 479950      Data time: 0.00(0.00)  Forward time: 0.27(0.25)  Batch time: 0.27(0.25)
2026-08-15 13:39:50,360   INFO  Train:    9/10 ( 90%) [35495/55563 ( 64%)]  Loss: 0.6988 (0.950)  LR: 2.093e-05  Time cost: 2:29:17/1:24:23 [2:29:18/5:18:04]  Acc_iter 480000      Data time: 0.00(0.00)  Forward time: 0.24(0.25)  Batch time: 0.25(0.25)
2026-08-15 13:39:50,749   INFO  a1e06a0b30c0                Sat Aug 15 13:39:50 2026  580.173.02
[0] NVIDIA GeForce RTX 3070 | 69°C,  77 % |  7632 /  8192 MB | root(6928M)

2026-08-15 13:40:03,469   INFO  Train:    9/10 ( 90%) [35545/55563 ( 64%)]  Loss: 0.6038 (0.951)  LR: 2.090e-05  Time cost: 2:29:30/1:24:11 [2:29:31/5:17:53]  Acc_iter 480050      Data time: 0.00(0.00)  Forward time: 0.23(0.25)  Batch time: 0.23(0.25)
2026-08-15 13:40:16,093   INFO  Train:    9/10 ( 90%) [35595/55563 ( 64%)]  Loss: 0.4457 (0.951)  LR: 2.087e-05  Time cost: 2:29:42/1:23:58 [2:29:44/5:17:40]  Acc_iter 480100      Data time: 0.00(0.00)  Forward time: 0.24(0.25)  Batch time: 0.24(0.25)
2026-08-15 13:40:28,800   INFO  Train:    9/10 ( 90%) [35645/55563 ( 64%)]  Loss: 0.9988 (0.951)  LR: 2.085e-05  Time cost: 2:29:55/1:23:46 [2:29:56/5:17:28]  Acc_iter 480150      Data time: 0.00(0.00)  Forward time: 0.28(0.25)  Batch time: 0.28(0.25)
2026-08-15 13:40:29,287   INFO  a1e06a0b30c0                Sat Aug 15 13:40:29 2026  580.173.02
[0] NVIDIA GeForce RTX 3070 | 67°C,  17 % |  7634 /  8192 MB | root(6928M)

2026-08-15 13:40:33,556   INFO  Save latest model to /OpenPCDet/output/OpenPCDet/tools/cfgs/models/S/F/S_F_N/default/ckpt/latest_model
2026-08-15 13:40:42,090   INFO  Train:    9/10 ( 90%) [35695/55563 ( 64%)]  Loss: 0.9104 (0.950)  LR: 2.082e-05  Time cost: 2:30:08/1:23:34 [2:30:10/5:17:16]  Acc_iter 480200      Data time: 0.00(0.00)  Forward time: 0.29(0.25)  Batch time: 0.29(0.25)
2026-08-15 13:40:54,547   INFO  Train:    9/10 ( 90%) [35745/55563 ( 64%)]  Loss: 1.244 (0.951)  LR: 2.079e-05  Time cost: 2:30:21/1:23:21 [2:30:22/5:17:03]  Acc_iter 480250      Data time: 0.00(0.00)  Forward time: 0.27(0.25)  Batch time: 0.27(0.25)
2026-08-15 13:41:07,493   INFO  Train:    9/10 ( 90%) [35795/55563 ( 64%)]  Loss: 0.8268 (0.951)  LR: 2.077e-05  Time cost: 2:30:34/1:23:09 [2:30:35/5:16:51]  Acc_iter 480300      Data time: 0.00(0.00)  Forward time: 0.27(0.25)  Batch time: 0.27(0.25)
2026-08-15 13:41:07,936   INFO  a1e06a0b30c0                Sat Aug 15 13:41:07 2026  580.173.02
[0] NVIDIA GeForce RTX 3070 | 72°C,  94 % |  7641 /  8192 MB | root(6928M)

2026-08-15 13:41:20,984   INFO  Train:    9/10 ( 90%) [35845/55563 ( 65%)]  Loss: 1.193 (0.951)  LR: 2.074e-05  Time cost: 2:30:47/1:22:56 [2:30:49/5:16:41]  Acc_iter 480350      Data time: 0.00(0.00)  Forward time: 0.27(0.25)  Batch time: 0.27(0.25)
2026-08-15 13:41:34,281   INFO  Train:    9/10 ( 90%) [35895/55563 ( 65%)]  Loss: 0.5131 (0.951)  LR: 2.071e-05  Time cost: 2:31:00/1:22:44 [2:31:02/5:16:29]  Acc_iter 480400      Data time: 0.00(0.00)  Forward time: 0.24(0.25)  Batch time: 0.24(0.25)
2026-08-15 13:41:47,394   INFO  Train:    9/10 ( 90%) [35945/55563 ( 65%)]  Loss: 1.022 (0.951)  LR: 2.068e-05  Time cost: 2:31:14/1:22:32 [2:31:15/5:16:18]  Acc_iter 480450      Data time: 0.00(0.00)  Forward time: 0.26(0.25)  Batch time: 0.26(0.25)
2026-08-15 13:41:47,789   INFO  a1e06a0b30c0                Sat Aug 15 13:41:47 2026  580.173.02
[0] NVIDIA GeForce RTX 3070 | 74°C,  94 % |  7639 /  8192 MB | root(6928M)

2026-08-15 13:42:00,697   INFO  Train:    9/10 ( 90%) [35995/55563 ( 65%)]  Loss: 0.7183 (0.951)  LR: 2.066e-05  Time cost: 2:31:27/1:22:20 [2:31:28/5:16:07]  Acc_iter 480500      Data time: 0.00(0.00)  Forward time: 0.29(0.25)  Batch time: 0.29(0.25)
2026-08-15 13:42:13,490   INFO  Train:    9/10 ( 90%) [36045/55563 ( 65%)]  Loss: 1.129 (0.951)  LR: 2.063e-05  Time cost: 2:31:40/1:22:07 [2:31:41/5:15:54]  Acc_iter 480550      Data time: 0.00(0.00)  Forward time: 0.22(0.25)  Batch time: 0.22(0.25)
2026-08-15 13:42:26,635   INFO  Train:    9/10 ( 90%) [36095/55563 ( 65%)]  Loss: 0.9337 (0.951)  LR: 2.060e-05  Time cost: 2:31:53/1:21:55 [2:31:54/5:15:43]  Acc_iter 480600      Data time: 0.00(0.00)  Forward time: 0.30(0.25)  Batch time: 0.30(0.25)
2026-08-15 13:42:27,072   INFO  a1e06a0b30c0                Sat Aug 15 13:42:27 2026  580.173.02
[0] NVIDIA GeForce RTX 3070 | 72°C,  75 % |  7634 /  8192 MB | root(6928M)

2026-08-15 13:42:39,944   INFO  Train:    9/10 ( 90%) [36145/55563 ( 65%)]  Loss: 1.214 (0.951)  LR: 2.058e-05  Time cost: 2:32:06/1:21:42 [2:32:07/5:15:32]  Acc_iter 480650      Data time: 0.00(0.00)  Forward time: 0.25(0.25)  Batch time: 0.25(0.25)
2026-08-15 13:42:52,681   INFO  Train:    9/10 ( 90%) [36195/55563 ( 65%)]  Loss: 0.9023 (0.951)  LR: 2.055e-05  Time cost: 2:32:19/1:21:30 [2:32:20/5:15:19]  Acc_iter 480700      Data time: 0.00(0.00)  Forward time: 0.25(0.25)  Batch time: 0.25(0.25)
2026-08-15 13:43:05,413   INFO  Train:    9/10 ( 90%) [36245/55563 ( 65%)]  Loss: 0.9866 (0.951)  LR: 2.052e-05  Time cost: 2:32:32/1:21:17 [2:32:33/5:15:07]  Acc_iter 480750      Data time: 0.00(0.00)  Forward time: 0.25(0.25)  Batch time: 0.25(0.25)
2026-08-15 13:43:05,802   INFO  a1e06a0b30c0                Sat Aug 15 13:43:05 2026  580.173.02
[0] NVIDIA GeForce RTX 3070 | 74°C,  76 % |  7630 /  8192 MB | root(6928M)

2026-08-15 13:43:18,574   INFO  Train:    9/10 ( 90%) [36295/55563 ( 65%)]  Loss: 0.9497 (0.951)  LR: 2.050e-05  Time cost: 2:32:45/1:21:05 [2:32:46/5:14:55]  Acc_iter 480800      Data time: 0.00(0.00)  Forward time: 0.25(0.25)  Batch time: 0.25(0.25)
2026-08-15 13:43:31,495   INFO  Train:    9/10 ( 90%) [36345/55563 ( 65%)]  Loss: 0.7758 (0.951)  LR: 2.047e-05  Time cost: 2:32:58/1:20:52 [2:32:59/5:14:43]  Acc_iter 480850      Data time: 0.00(0.00)  Forward time: 0.26(0.25)  Batch time: 0.26(0.25)
2026-08-15 13:43:43,566   INFO  Train:    9/10 ( 90%) [36395/55563 ( 66%)]  Loss: 1.323 (0.951)  LR: 2.044e-05  Time cost: 2:33:10/1:20:40 [2:33:11/5:14:30]  Acc_iter 480900      Data time: 0.00(0.00)  Forward time: 0.22(0.25)  Batch time: 0.22(0.25)
2026-08-15 13:43:43,943   INFO  a1e06a0b30c0                Sat Aug 15 13:43:43 2026  580.173.02
[0] NVIDIA GeForce RTX 3070 | 73°C,  76 % |  7632 /  8192 MB | root(6928M)

2026-08-15 13:43:56,573   INFO  Train:    9/10 ( 90%) [36445/55563 ( 66%)]  Loss: 0.7256 (0.951)  LR: 2.042e-05  Time cost: 2:33:23/1:20:27 [2:33:24/5:14:18]  Acc_iter 480950      Data time: 0.00(0.00)  Forward time: 0.27(0.25)  Batch time: 0.27(0.25)
2026-08-15 13:44:09,502   INFO  Train:    9/10 ( 90%) [36495/55563 ( 66%)]  Loss: 1.212 (0.951)  LR: 2.039e-05  Time cost: 2:33:36/1:20:15 [2:33:37/5:14:06]  Acc_iter 481000      Data time: 0.00(0.00)  Forward time: 0.28(0.25)  Batch time: 0.28(0.25)
2026-08-15 13:44:22,804   INFO  Train:    9/10 ( 90%) [36545/55563 ( 66%)]  Loss: 0.9877 (0.951)  LR: 2.036e-05  Time cost: 2:33:49/1:20:02 [2:33:50/5:13:54]  Acc_iter 481050      Data time: 0.00(0.00)  Forward time: 0.24(0.25)  Batch time: 0.24(0.25)
2026-08-15 13:44:23,206   INFO  a1e06a0b30c0                Sat Aug 15 13:44:23 2026  580.173.02
[0] NVIDIA GeForce RTX 3070 | 67°C,   7 % |  7632 /  8192 MB | root(6928M)

2026-08-15 13:44:35,857   INFO  Train:    9/10 ( 90%) [36595/55563 ( 66%)]  Loss: 0.5623 (0.951)  LR: 2.034e-05  Time cost: 2:34:02/1:19:50 [2:34:03/5:13:43]  Acc_iter 481100      Data time: 0.00(0.00)  Forward time: 0.27(0.25)  Batch time: 0.27(0.25)
2026-08-15 13:44:48,603   INFO  Train:    9/10 ( 90%) [36645/55563 ( 66%)]  Loss: 1.305 (0.951)  LR: 2.031e-05  Time cost: 2:34:15/1:19:37 [2:34:16/5:13:30]  Acc_iter 481150      Data time: 0.00(0.00)  Forward time: 0.24(0.25)  Batch time: 0.24(0.25)
2026-08-15 13:45:01,250   INFO  Train:    9/10 ( 90%) [36695/55563 ( 66%)]  Loss: 0.7197 (0.951)  LR: 2.028e-05  Time cost: 2:34:27/1:19:25 [2:34:29/5:13:18]  Acc_iter 481200      Data time: 0.00(0.00)  Forward time: 0.26(0.25)  Batch time: 0.26(0.25)
2026-08-15 13:45:01,630   INFO  a1e06a0b30c0                Sat Aug 15 13:45:01 2026  580.173.02
[0] NVIDIA GeForce RTX 3070 | 66°C,  84 % |  7632 /  8192 MB | root(6928M)

2026-08-15 13:45:14,848   INFO  Train:    9/10 ( 90%) [36745/55563 ( 66%)]  Loss: 0.9050 (0.951)  LR: 2.026e-05  Time cost: 2:34:41/1:19:13 [2:34:42/5:13:07]  Acc_iter 481250      Data time: 0.00(0.00)  Forward time: 0.26(0.25)  Batch time: 0.26(0.25)
2026-08-15 13:45:27,485   INFO  Train:    9/10 ( 90%) [36795/55563 ( 66%)]  Loss: 0.5669 (0.951)  LR: 2.023e-05  Time cost: 2:34:54/1:19:00 [2:34:55/5:12:54]  Acc_iter 481300      Data time: 0.00(0.00)  Forward time: 0.20(0.25)  Batch time: 0.20(0.25)
2026-08-15 13:45:33,703   INFO  Save latest model to /OpenPCDet/output/OpenPCDet/tools/cfgs/models/S/F/S_F_N/default/ckpt/latest_model
2026-08-15 13:45:40,227   INFO  Train:    9/10 ( 90%) [36845/55563 ( 66%)]  Loss: 0.9368 (0.951)  LR: 2.020e-05  Time cost: 2:35:06/1:18:47 [2:35:08/5:12:42]  Acc_iter 481350      Data time: 0.00(0.00)  Forward time: 0.23(0.25)  Batch time: 0.24(0.25)
2026-08-15 13:45:40,620   INFO  a1e06a0b30c0                Sat Aug 15 13:45:40 2026  580.173.02
[0] NVIDIA GeForce RTX 3070 | 66°C,  94 % |  7632 /  8192 MB | root(6928M)

2026-08-15 13:45:53,469   INFO  Train:    9/10 ( 90%) [36895/55563 ( 66%)]  Loss: 0.1333 (0.951)  LR: 2.018e-05  Time cost: 2:35:20/1:18:35 [2:35:21/5:12:31]  Acc_iter 481400      Data time: 0.00(0.00)  Forward time: 0.24(0.25)  Batch time: 0.24(0.25)
2026-08-15 13:46:06,204   INFO  Train:    9/10 ( 90%) [36945/55563 ( 66%)]  Loss: 1.039 (0.951)  LR: 2.015e-05  Time cost: 2:35:32/1:18:23 [2:35:34/5:12:18]  Acc_iter 481450      Data time: 0.00(0.00)  Forward time: 0.25(0.25)  Batch time: 0.25(0.25)
2026-08-15 13:46:19,314   INFO  Train:    9/10 ( 90%) [36995/55563 ( 67%)]  Loss: 0.7376 (0.952)  LR: 2.012e-05  Time cost: 2:35:45/1:18:10 [2:35:47/5:12:07]  Acc_iter 481500      Data time: 0.00(0.00)  Forward time: 0.25(0.25)  Batch time: 0.25(0.25)
2026-08-15 13:46:19,794   INFO  a1e06a0b30c0                Sat Aug 15 13:46:19 2026  580.173.02
[0] NVIDIA GeForce RTX 3070 | 67°C,  71 % |  7632 /  8192 MB | root(6928M)

2026-08-15 13:46:32,163   INFO  Train:    9/10 ( 90%) [37045/55563 ( 67%)]  Loss: 1.687 (0.951)  LR: 2.010e-05  Time cost: 2:35:58/1:17:58 [2:36:00/5:11:54]  Acc_iter 481550      Data time: 0.00(0.00)  Forward time: 0.24(0.25)  Batch time: 0.24(0.25)
2026-08-15 13:46:44,387   INFO  Train:    9/10 ( 90%) [37095/55563 ( 67%)]  Loss: 0.3602 (0.951)  LR: 2.007e-05  Time cost: 2:36:11/1:17:45 [2:36:12/5:11:41]  Acc_iter 481600      Data time: 0.00(0.00)  Forward time: 0.19(0.25)  Batch time: 0.19(0.25)
2026-08-15 13:46:56,878   INFO  Train:    9/10 ( 90%) [37145/55563 ( 67%)]  Loss: 1.410 (0.951)  LR: 2.004e-05  Time cost: 2:36:23/1:17:32 [2:36:24/5:11:28]  Acc_iter 481650      Data time: 0.00(0.00)  Forward time: 0.28(0.25)  Batch time: 0.28(0.25)
2026-08-15 13:46:57,271   INFO  a1e06a0b30c0                Sat Aug 15 13:46:57 2026  580.173.02
[0] NVIDIA GeForce RTX 3070 | 73°C,  16 % |  7511 /  8192 MB | root(6928M)

2026-08-15 13:47:10,525   INFO  Train:    9/10 ( 90%) [37195/55563 ( 67%)]  Loss: 0.7984 (0.951)  LR: 2.002e-05  Time cost: 2:36:37/1:17:20 [2:36:38/5:11:17]  Acc_iter 481700      Data time: 0.00(0.00)  Forward time: 0.23(0.25)  Batch time: 0.23(0.25)
2026-08-15 13:47:23,311   INFO  Train:    9/10 ( 90%) [37245/55563 ( 67%)]  Loss: 0.7041 (0.952)  LR: 1.999e-05  Time cost: 2:36:49/1:17:07 [2:36:51/5:11:05]  Acc_iter 481750      Data time: 0.00(0.00)  Forward time: 0.23(0.25)  Batch time: 0.23(0.25)
2026-08-15 13:47:35,818   INFO  Train:    9/10 ( 90%) [37295/55563 ( 67%)]  Loss: 1.649 (0.951)  LR: 1.997e-05  Time cost: 2:37:02/1:16:55 [2:37:03/5:10:52]  Acc_iter 481800      Data time: 0.00(0.00)  Forward time: 0.24(0.25)  Batch time: 0.24(0.25)
2026-08-15 13:47:36,199   INFO  a1e06a0b30c0                Sat Aug 15 13:47:36 2026  580.173.02
[0] NVIDIA GeForce RTX 3070 | 66°C,   7 % |  7634 /  8192 MB | root(6928M)

2026-08-15 13:47:48,945   INFO  Train:    9/10 ( 90%) [37345/55563 ( 67%)]  Loss: 1.125 (0.951)  LR: 1.994e-05  Time cost: 2:37:15/1:16:42 [2:37:16/5:10:41]  Acc_iter 481850      Data time: 0.00(0.00)  Forward time: 0.25(0.25)  Batch time: 0.26(0.25)
2026-08-15 13:48:02,067   INFO  Train:    9/10 ( 90%) [37395/55563 ( 67%)]  Loss: 0.3954 (0.952)  LR: 1.991e-05  Time cost: 2:37:28/1:16:30 [2:37:30/5:10:29]  Acc_iter 481900      Data time: 0.00(0.00)  Forward time: 0.22(0.25)  Batch time: 0.22(0.25)
2026-08-15 13:48:14,906   INFO  Train:    9/10 ( 90%) [37445/55563 ( 67%)]  Loss: 1.031 (0.952)  LR: 1.989e-05  Time cost: 2:37:41/1:16:17 [2:37:42/5:10:17]  Acc_iter 481950      Data time: 0.00(0.00)  Forward time: 0.22(0.25)  Batch time: 0.22(0.25)
2026-08-15 13:48:15,325   INFO  a1e06a0b30c0                Sat Aug 15 13:48:15 2026  580.173.02
[0] NVIDIA GeForce RTX 3070 | 68°C,  65 % |  7633 /  8192 MB | root(6928M)

2026-08-15 13:48:27,919   INFO  Train:    9/10 ( 90%) [37495/55563 ( 67%)]  Loss: 0.8674 (0.952)  LR: 1.986e-05  Time cost: 2:37:54/1:16:05 [2:37:55/5:10:05]  Acc_iter 482000      Data time: 0.00(0.00)  Forward time: 0.24(0.25)  Batch time: 0.24(0.25)
2026-08-15 13:48:40,791   INFO  Train:    9/10 ( 90%) [37545/55563 ( 68%)]  Loss: 1.397 (0.952)  LR: 1.983e-05  Time cost: 2:38:07/1:15:52 [2:38:08/5:09:53]  Acc_iter 482050      Data time: 0.00(0.00)  Forward time: 0.23(0.25)  Batch time: 0.23(0.25)
2026-08-15 13:48:53,772   INFO  Train:    9/10 ( 90%) [37595/55563 ( 68%)]  Loss: 0.9093 (0.952)  LR: 1.981e-05  Time cost: 2:38:20/1:15:40 [2:38:21/5:09:41]  Acc_iter 482100      Data time: 0.00(0.00)  Forward time: 0.20(0.25)  Batch time: 0.20(0.25)
2026-08-15 13:48:54,166   INFO  a1e06a0b30c0                Sat Aug 15 13:48:54 2026  580.173.02
[0] NVIDIA GeForce RTX 3070 | 64°C,   5 % |  7632 /  8192 MB | root(6928M)

2026-08-15 13:49:07,552   INFO  Train:    9/10 ( 90%) [37645/55563 ( 68%)]  Loss: 1.518 (0.952)  LR: 1.978e-05  Time cost: 2:38:34/1:15:28 [2:38:35/5:09:30]  Acc_iter 482150      Data time: 0.00(0.00)  Forward time: 0.26(0.25)  Batch time: 0.26(0.25)
2026-08-15 13:49:19,921   INFO  Train:    9/10 ( 90%) [37695/55563 ( 68%)]  Loss: 0.6272 (0.952)  LR: 1.975e-05  Time cost: 2:38:46/1:15:15 [2:38:47/5:09:17]  Acc_iter 482200      Data time: 0.00(0.00)  Forward time: 0.24(0.25)  Batch time: 0.24(0.25)
2026-08-15 13:49:32,686   INFO  Train:    9/10 ( 90%) [37745/55563 ( 68%)]  Loss: 1.061 (0.952)  LR: 1.973e-05  Time cost: 2:38:59/1:15:03 [2:39:00/5:09:05]  Acc_iter 482250      Data time: 0.00(0.00)  Forward time: 0.25(0.25)  Batch time: 0.26(0.25)
2026-08-15 13:49:33,082   INFO  a1e06a0b30c0                Sat Aug 15 13:49:33 2026  580.173.02
[0] NVIDIA GeForce RTX 3070 | 72°C, 100 % |  7634 /  8192 MB | root(6928M)

2026-08-15 13:49:45,219   INFO  Train:    9/10 ( 90%) [37795/55563 ( 68%)]  Loss: 1.240 (0.952)  LR: 1.970e-05  Time cost: 2:39:11/1:14:50 [2:39:13/5:08:52]  Acc_iter 482300      Data time: 0.00(0.00)  Forward time: 0.23(0.25)  Batch time: 0.23(0.25)
2026-08-15 13:49:57,628   INFO  Train:    9/10 ( 90%) [37845/55563 ( 68%)]  Loss: 1.407 (0.952)  LR: 1.968e-05  Time cost: 2:39:24/1:14:37 [2:39:25/5:08:39]  Acc_iter 482350      Data time: 0.00(0.00)  Forward time: 0.27(0.25)  Batch time: 0.28(0.25)
2026-08-15 13:50:10,086   INFO  Train:    9/10 ( 90%) [37895/55563 ( 68%)]  Loss: 0.5801 (0.952)  LR: 1.965e-05  Time cost: 2:39:36/1:14:24 [2:39:38/5:08:26]  Acc_iter 482400      Data time: 0.00(0.00)  Forward time: 0.24(0.25)  Batch time: 0.24(0.25)
2026-08-15 13:50:10,466   INFO  a1e06a0b30c0                Sat Aug 15 13:50:10 2026  580.173.02
[0] NVIDIA GeForce RTX 3070 | 71°C,  97 % |  7634 /  8192 MB | root(6928M)

2026-08-15 13:50:23,265   INFO  Train:    9/10 ( 90%) [37945/55563 ( 68%)]  Loss: 0.7768 (0.952)  LR: 1.962e-05  Time cost: 2:39:49/1:14:12 [2:39:51/5:08:14]  Acc_iter 482450      Data time: 0.00(0.00)  Forward time: 0.25(0.25)  Batch time: 0.25(0.25)
2026-08-15 13:50:33,632   INFO  Save latest model to /OpenPCDet/output/OpenPCDet/tools/cfgs/models/S/F/S_F_N/default/ckpt/latest_model
2026-08-15 13:50:35,890   INFO  Train:    9/10 ( 90%) [37995/55563 ( 68%)]  Loss: 0.5191 (0.952)  LR: 1.960e-05  Time cost: 2:40:02/1:13:59 [2:40:03/5:08:02]  Acc_iter 482500      Data time: 0.00(0.00)  Forward time: 0.25(0.25)  Batch time: 0.25(0.25)
2026-08-15 13:50:48,692   INFO  Train:    9/10 ( 90%) [38045/55563 ( 68%)]  Loss: 0.5311 (0.952)  LR: 1.957e-05  Time cost: 2:40:15/1:13:47 [2:40:16/5:07:49]  Acc_iter 482550      Data time: 0.00(0.00)  Forward time: 0.25(0.25)  Batch time: 0.26(0.25)
2026-08-15 13:50:49,190   INFO  a1e06a0b30c0                Sat Aug 15 13:50:49 2026  580.173.02
[0] NVIDIA GeForce RTX 3070 | 65°C,   5 % |  7638 /  8192 MB | root(6928M)

2026-08-15 13:51:02,191   INFO  Train:    9/10 ( 90%) [38095/55563 ( 69%)]  Loss: 0.7569 (0.952)  LR: 1.954e-05  Time cost: 2:40:28/1:13:35 [2:40:30/5:07:38]  Acc_iter 482600      Data time: 0.00(0.00)  Forward time: 0.23(0.25)  Batch time: 0.23(0.25)
2026-08-15 13:51:14,634   INFO  Train:    9/10 ( 90%) [38145/55563 ( 69%)]  Loss: 0.6685 (0.952)  LR: 1.952e-05  Time cost: 2:40:41/1:13:22 [2:40:42/5:07:25]  Acc_iter 482650      Data time: 0.00(0.00)  Forward time: 0.23(0.25)  Batch time: 0.23(0.25)
2026-08-15 13:51:27,433   INFO  Train:    9/10 ( 90%) [38195/55563 ( 69%)]  Loss: 0.4583 (0.952)  LR: 1.949e-05  Time cost: 2:40:54/1:13:09 [2:40:55/5:07:13]  Acc_iter 482700      Data time: 0.00(0.00)  Forward time: 0.23(0.25)  Batch time: 0.23(0.25)
2026-08-15 13:51:27,896   INFO  a1e06a0b30c0                Sat Aug 15 13:51:27 2026  580.173.02
[0] NVIDIA GeForce RTX 3070 | 68°C,  95 % |  7634 /  8192 MB | root(6928M)

2026-08-15 13:51:40,778   INFO  Train:    9/10 ( 90%) [38245/55563 ( 69%)]  Loss: 0.5501 (0.952)  LR: 1.947e-05  Time cost: 2:41:07/1:12:57 [2:41:08/5:07:02]  Acc_iter 482750      Data time: 0.00(0.00)  Forward time: 0.29(0.25)  Batch time: 0.30(0.25)
2026-08-15 13:51:53,963   INFO  Train:    9/10 ( 90%) [38295/55563 ( 69%)]  Loss: 1.478 (0.952)  LR: 1.944e-05  Time cost: 2:41:20/1:12:45 [2:41:22/5:06:50]  Acc_iter 482800      Data time: 0.00(0.00)  Forward time: 0.29(0.25)  Batch time: 0.29(0.25)
2026-08-15 13:52:06,797   INFO  Train:    9/10 ( 90%) [38345/55563 ( 69%)]  Loss: 0.5855 (0.952)  LR: 1.941e-05  Time cost: 2:41:33/1:12:32 [2:41:34/5:06:38]  Acc_iter 482850      Data time: 0.00(0.00)  Forward time: 0.28(0.25)  Batch time: 0.29(0.25)
2026-08-15 13:52:07,191   INFO  a1e06a0b30c0                Sat Aug 15 13:52:07 2026  580.173.02
[0] NVIDIA GeForce RTX 3070 | 66°C,   6 % |  7634 /  8192 MB | root(6928M)

2026-08-15 13:52:20,050   INFO  Train:    9/10 ( 90%) [38395/55563 ( 69%)]  Loss: 0.8745 (0.952)  LR: 1.939e-05  Time cost: 2:41:46/1:12:20 [2:41:48/5:06:26]  Acc_iter 482900      Data time: 0.00(0.00)  Forward time: 0.24(0.25)  Batch time: 0.24(0.25)
2026-08-15 13:52:32,543   INFO  Train:    9/10 ( 90%) [38445/55563 ( 69%)]  Loss: 0.7337 (0.952)  LR: 1.936e-05  Time cost: 2:41:59/1:12:07 [2:42:00/5:06:13]  Acc_iter 482950      Data time: 0.00(0.00)  Forward time: 0.27(0.25)  Batch time: 0.28(0.25)
2026-08-15 13:52:44,991   INFO  Train:    9/10 ( 90%) [38495/55563 ( 69%)]  Loss: 0.5871 (0.952)  LR: 1.934e-05  Time cost: 2:42:11/1:11:54 [2:42:13/5:06:00]  Acc_iter 483000      Data time: 0.00(0.00)  Forward time: 0.26(0.25)  Batch time: 0.26(0.25)
2026-08-15 13:52:45,442   INFO  a1e06a0b30c0                Sat Aug 15 13:52:45 2026  580.173.02
[0] NVIDIA GeForce RTX 3070 | 74°C,  99 % |  7634 /  8192 MB | root(6928M)

2026-08-15 13:52:58,428   INFO  Train:    9/10 ( 90%) [38545/55563 ( 69%)]  Loss: 1.099 (0.952)  LR: 1.931e-05  Time cost: 2:42:25/1:11:42 [2:42:26/5:05:49]  Acc_iter 483050      Data time: 0.00(0.00)  Forward time: 0.28(0.25)  Batch time: 0.28(0.25)
2026-08-15 13:53:11,050   INFO  Train:    9/10 ( 90%) [38595/55563 ( 69%)]  Loss: 0.6852 (0.952)  LR: 1.928e-05  Time cost: 2:42:37/1:11:29 [2:42:39/5:05:37]  Acc_iter 483100      Data time: 0.00(0.00)  Forward time: 0.21(0.25)  Batch time: 0.21(0.25)
2026-08-15 13:53:23,823   INFO  Train:    9/10 ( 90%) [38645/55563 ( 70%)]  Loss: 0.6808 (0.952)  LR: 1.926e-05  Time cost: 2:42:50/1:11:17 [2:42:51/5:05:24]  Acc_iter 483150      Data time: 0.00(0.00)  Forward time: 0.29(0.25)  Batch time: 0.29(0.25)
2026-08-15 13:53:24,245   INFO  a1e06a0b30c0                Sat Aug 15 13:53:24 2026  580.173.02
[0] NVIDIA GeForce RTX 3070 | 68°C,   9 % |  7632 /  8192 MB | root(6928M)

2026-08-15 13:53:37,272   INFO  Train:    9/10 ( 90%) [38695/55563 ( 70%)]  Loss: 0.7257 (0.952)  LR: 1.923e-05  Time cost: 2:43:03/1:11:04 [2:43:05/5:05:13]  Acc_iter 483200      Data time: 0.00(0.00)  Forward time: 0.21(0.25)  Batch time: 0.21(0.25)
2026-08-15 13:53:50,253   INFO  Train:    9/10 ( 90%) [38745/55563 ( 70%)]  Loss: 0.6857 (0.952)  LR: 1.921e-05  Time cost: 2:43:16/1:10:52 [2:43:18/5:05:01]  Acc_iter 483250      Data time: 0.00(0.00)  Forward time: 0.24(0.25)  Batch time: 0.24(0.25)
2026-08-15 13:54:02,674   INFO  Train:    9/10 ( 90%) [38795/55563 ( 70%)]  Loss: 1.204 (0.952)  LR: 1.918e-05  Time cost: 2:43:29/1:10:39 [2:43:30/5:04:48]  Acc_iter 483300      Data time: 0.00(0.00)  Forward time: 0.27(0.25)  Batch time: 0.27(0.25)
2026-08-15 13:54:03,146   INFO  a1e06a0b30c0                Sat Aug 15 13:54:03 2026  580.173.02
[0] NVIDIA GeForce RTX 3070 | 66°C,   6 % |  7632 /  8192 MB | root(6928M)

2026-08-15 13:54:15,782   INFO  Train:    9/10 ( 90%) [38845/55563 ( 70%)]  Loss: 0.4978 (0.952)  LR: 1.915e-05  Time cost: 2:43:42/1:10:27 [2:43:43/5:04:36]  Acc_iter 483350      Data time: 0.00(0.00)  Forward time: 0.25(0.25)  Batch time: 0.25(0.25)
2026-08-15 13:54:28,412   INFO  Train:    9/10 ( 90%) [38895/55563 ( 70%)]  Loss: 0.6664 (0.952)  LR: 1.913e-05  Time cost: 2:43:55/1:10:14 [2:43:56/5:04:23]  Acc_iter 483400      Data time: 0.00(0.00)  Forward time: 0.25(0.25)  Batch time: 0.25(0.25)
2026-08-15 13:54:41,520   INFO  Train:    9/10 ( 90%) [38945/55563 ( 70%)]  Loss: 1.181 (0.952)  LR: 1.910e-05  Time cost: 2:44:08/1:10:02 [2:44:09/5:04:12]  Acc_iter 483450      Data time: 0.00(0.00)  Forward time: 0.30(0.25)  Batch time: 0.30(0.25)
2026-08-15 13:54:41,943   INFO  a1e06a0b30c0                Sat Aug 15 13:54:41 2026  580.173.02
[0] NVIDIA GeForce RTX 3070 | 71°C,  79 % |  7632 /  8192 MB | root(6928M)

2026-08-15 13:54:54,449   INFO  Train:    9/10 ( 90%) [38995/55563 ( 70%)]  Loss: 0.3873 (0.952)  LR: 1.908e-05  Time cost: 2:44:21/1:09:49 [2:44:22/5:04:00]  Acc_iter 483500      Data time: 0.00(0.00)  Forward time: 0.23(0.25)  Batch time: 0.24(0.25)
2026-08-15 13:55:07,240   INFO  Train:    9/10 ( 90%) [39045/55563 ( 70%)]  Loss: 1.275 (0.952)  LR: 1.905e-05  Time cost: 2:44:33/1:09:37 [2:44:35/5:03:47]  Acc_iter 483550      Data time: 0.00(0.00)  Forward time: 0.25(0.25)  Batch time: 0.25(0.25)
2026-08-15 13:55:20,171   INFO  Train:    9/10 ( 90%) [39095/55563 ( 70%)]  Loss: 0.8919 (0.952)  LR: 1.902e-05  Time cost: 2:44:46/1:09:24 [2:44:48/5:03:35]  Acc_iter 483600      Data time: 0.00(0.00)  Forward time: 0.24(0.25)  Batch time: 0.25(0.25)
2026-08-15 13:55:20,563   INFO  a1e06a0b30c0                Sat Aug 15 13:55:20 2026  580.173.02
[0] NVIDIA GeForce RTX 3070 | 73°C,  76 % |  7632 /  8192 MB | root(6928M)

2026-08-15 13:55:33,460   INFO  Save latest model to /OpenPCDet/output/OpenPCDet/tools/cfgs/models/S/F/S_F_N/default/ckpt/latest_model
2026-08-15 13:55:33,748   INFO  Train:    9/10 ( 90%) [39145/55563 ( 70%)]  Loss: 1.513 (0.952)  LR: 1.900e-05  Time cost: 2:45:00/1:09:12 [2:45:01/5:03:24]  Acc_iter 483650      Data time: 0.10(0.00)  Forward time: 0.29(0.25)  Batch time: 0.39(0.25)
2026-08-15 13:55:46,026   INFO  Train:    9/10 ( 90%) [39195/55563 ( 71%)]  Loss: 1.051 (0.952)  LR: 1.897e-05  Time cost: 2:45:12/1:08:59 [2:45:14/5:03:11]  Acc_iter 483700      Data time: 0.00(0.00)  Forward time: 0.26(0.25)  Batch time: 0.26(0.25)
2026-08-15 13:55:58,256   INFO  Train:    9/10 ( 90%) [39245/55563 ( 71%)]  Loss: 1.273 (0.952)  LR: 1.895e-05  Time cost: 2:45:24/1:08:46 [2:45:26/5:02:57]  Acc_iter 483750      Data time: 0.00(0.00)  Forward time: 0.26(0.25)  Batch time: 0.26(0.25)
2026-08-15 13:55:58,628   INFO  a1e06a0b30c0                Sat Aug 15 13:55:58 2026  580.173.02
[0] NVIDIA GeForce RTX 3070 | 71°C,  98 % |  7632 /  8192 MB | root(6928M)

2026-08-15 13:56:11,192   INFO  Train:    9/10 ( 90%) [39295/55563 ( 71%)]  Loss: 0.5953 (0.952)  LR: 1.892e-05  Time cost: 2:45:37/1:08:34 [2:45:39/5:02:45]  Acc_iter 483800      Data time: 0.00(0.00)  Forward time: 0.25(0.25)  Batch time: 0.25(0.25)
2026-08-15 13:56:24,541   INFO  Train:    9/10 ( 90%) [39345/55563 ( 71%)]  Loss: 1.255 (0.952)  LR: 1.890e-05  Time cost: 2:45:51/1:08:21 [2:45:52/5:02:34]  Acc_iter 483850      Data time: 0.00(0.00)  Forward time: 0.30(0.25)  Batch time: 0.30(0.25)
2026-08-15 13:56:37,397   INFO  Train:    9/10 ( 90%) [39395/55563 ( 71%)]  Loss: 0.4650 (0.952)  LR: 1.887e-05  Time cost: 2:46:04/1:08:09 [2:46:05/5:02:22]  Acc_iter 483900      Data time: 0.00(0.00)  Forward time: 0.23(0.25)  Batch time: 0.23(0.25)
2026-08-15 13:56:37,796   INFO  a1e06a0b30c0                Sat Aug 15 13:56:37 2026  580.173.02
[0] NVIDIA GeForce RTX 3070 | 66°C,  74 % |  7632 /  8192 MB | root(6928M)

2026-08-15 13:56:50,468   INFO  Train:    9/10 ( 90%) [39445/55563 ( 71%)]  Loss: 1.325 (0.952)  LR: 1.884e-05  Time cost: 2:46:17/1:07:56 [2:46:18/5:02:10]  Acc_iter 483950      Data time: 0.00(0.00)  Forward time: 0.29(0.25)  Batch time: 0.29(0.25)
2026-08-15 13:57:02,713   INFO  Train:    9/10 ( 90%) [39495/55563 ( 71%)]  Loss: 1.169 (0.952)  LR: 1.882e-05  Time cost: 2:46:29/1:07:43 [2:46:30/5:01:56]  Acc_iter 484000      Data time: 0.00(0.00)  Forward time: 0.28(0.25)  Batch time: 0.28(0.25)
2026-08-15 13:57:15,523   INFO  Train:    9/10 ( 90%) [39545/55563 ( 71%)]  Loss: 0.7070 (0.952)  LR: 1.879e-05  Time cost: 2:46:42/1:07:31 [2:46:43/5:01:44]  Acc_iter 484050      Data time: 0.00(0.00)  Forward time: 0.27(0.25)  Batch time: 0.27(0.25)
2026-08-15 13:57:15,979   INFO  a1e06a0b30c0                Sat Aug 15 13:57:15 2026  580.173.02
[0] NVIDIA GeForce RTX 3070 | 71°C,  97 % |  7636 /  8192 MB | root(6928M)

2026-08-15 13:57:28,700   INFO  Train:    9/10 ( 90%) [39595/55563 ( 71%)]  Loss: 0.6411 (0.952)  LR: 1.877e-05  Time cost: 2:46:55/1:07:18 [2:46:56/5:01:32]  Acc_iter 484100      Data time: 0.00(0.00)  Forward time: 0.23(0.25)  Batch time: 0.23(0.25)
2026-08-15 13:57:41,297   INFO  Train:    9/10 ( 90%) [39645/55563 ( 71%)]  Loss: 0.3940 (0.952)  LR: 1.874e-05  Time cost: 2:47:07/1:07:06 [2:47:09/5:01:20]  Acc_iter 484150      Data time: 0.00(0.00)  Forward time: 0.24(0.25)  Batch time: 0.24(0.25)
2026-08-15 13:57:53,766   INFO  Train:    9/10 ( 90%) [39695/55563 ( 71%)]  Loss: 0.6880 (0.952)  LR: 1.872e-05  Time cost: 2:47:20/1:06:53 [2:47:21/5:01:07]  Acc_iter 484200      Data time: 0.00(0.00)  Forward time: 0.28(0.25)  Batch time: 0.28(0.25)
2026-08-15 13:57:54,196   INFO  a1e06a0b30c0                Sat Aug 15 13:57:54 2026  580.173.02
[0] NVIDIA GeForce RTX 3070 | 64°C,   5 % |  7632 /  8192 MB | root(6928M)

2026-08-15 13:58:07,217   INFO  Train:    9/10 ( 90%) [39745/55563 ( 72%)]  Loss: 0.5866 (0.952)  LR: 1.869e-05  Time cost: 2:47:33/1:06:41 [2:47:35/5:00:56]  Acc_iter 484250      Data time: 0.00(0.00)  Forward time: 0.29(0.25)  Batch time: 0.30(0.25)
2026-08-15 13:58:20,261   INFO  Train:    9/10 ( 90%) [39795/55563 ( 72%)]  Loss: 0.8714 (0.952)  LR: 1.866e-05  Time cost: 2:47:46/1:06:28 [2:47:48/5:00:44]  Acc_iter 484300      Data time: 0.00(0.00)  Forward time: 0.27(0.25)  Batch time: 0.27(0.25)
2026-08-15 13:58:33,074   INFO  Train:    9/10 ( 90%) [39845/55563 ( 72%)]  Loss: 0.7367 (0.952)  LR: 1.864e-05  Time cost: 2:47:59/1:06:16 [2:48:01/5:00:31]  Acc_iter 484350      Data time: 0.00(0.00)  Forward time: 0.27(0.25)  Batch time: 0.27(0.25)
2026-08-15 13:58:33,471   INFO  a1e06a0b30c0                Sat Aug 15 13:58:33 2026  580.173.02
[0] NVIDIA GeForce RTX 3070 | 70°C,  99 % |  7633 /  8192 MB | root(6928M)

2026-08-15 13:58:45,829   INFO  Train:    9/10 ( 90%) [39895/55563 ( 72%)]  Loss: 0.7241 (0.952)  LR: 1.861e-05  Time cost: 2:48:12/1:06:03 [2:48:13/5:00:19]  Acc_iter 484400      Data time: 0.00(0.00)  Forward time: 0.23(0.25)  Batch time: 0.23(0.25)
2026-08-15 13:58:58,579   INFO  Train:    9/10 ( 90%) [39945/55563 ( 72%)]  Loss: 0.4844 (0.952)  LR: 1.859e-05  Time cost: 2:48:25/1:05:50 [2:48:26/5:00:06]  Acc_iter 484450      Data time: 0.00(0.00)  Forward time: 0.27(0.25)  Batch time: 0.27(0.25)
2026-08-15 13:59:11,310   INFO  Train:    9/10 ( 90%) [39995/55563 ( 72%)]  Loss: 1.592 (0.952)  LR: 1.856e-05  Time cost: 2:48:37/1:05:38 [2:48:39/4:59:54]  Acc_iter 484500      Data time: 0.00(0.00)  Forward time: 0.25(0.25)  Batch time: 0.25(0.25)
2026-08-15 13:59:11,720   INFO  a1e06a0b30c0                Sat Aug 15 13:59:11 2026  580.173.02
[0] NVIDIA GeForce RTX 3070 | 64°C,  99 % |  7632 /  8192 MB | root(6928M)

2026-08-15 13:59:25,256   INFO  Train:    9/10 ( 90%) [40045/55563 ( 72%)]  Loss: 1.077 (0.952)  LR: 1.854e-05  Time cost: 2:48:51/1:05:26 [2:48:53/4:59:43]  Acc_iter 484550      Data time: 0.00(0.00)  Forward time: 0.27(0.25)  Batch time: 0.27(0.25)
2026-08-15 13:59:37,629   INFO  Train:    9/10 ( 90%) [40095/55563 ( 72%)]  Loss: 1.083 (0.952)  LR: 1.851e-05  Time cost: 2:49:04/1:05:13 [2:49:05/4:59:30]  Acc_iter 484600      Data time: 0.00(0.00)  Forward time: 0.25(0.25)  Batch time: 0.25(0.25)
2026-08-15 13:59:50,191   INFO  Train:    9/10 ( 90%) [40145/55563 ( 72%)]  Loss: 0.6454 (0.952)  LR: 1.849e-05  Time cost: 2:49:16/1:05:00 [2:49:18/4:59:18]  Acc_iter 484650      Data time: 0.00(0.00)  Forward time: 0.26(0.25)  Batch time: 0.26(0.25)
2026-08-15 13:59:50,618   INFO  a1e06a0b30c0                Sat Aug 15 13:59:50 2026  580.173.02
[0] NVIDIA GeForce RTX 3070 | 71°C,  67 % |  7632 /  8192 MB | root(6928M)

2026-08-15 14:00:03,306   INFO  Train:    9/10 ( 90%) [40195/55563 ( 72%)]  Loss: 1.401 (0.952)  LR: 1.846e-05  Time cost: 2:49:29/1:04:48 [2:49:31/4:59:06]  Acc_iter 484700      Data time: 0.00(0.00)  Forward time: 0.28(0.25)  Batch time: 0.28(0.25)
2026-08-15 14:00:16,424   INFO  Train:    9/10 ( 90%) [40245/55563 ( 72%)]  Loss: 1.320 (0.952)  LR: 1.843e-05  Time cost: 2:49:43/1:04:35 [2:49:44/4:58:54]  Acc_iter 484750      Data time: 0.00(0.00)  Forward time: 0.24(0.25)  Batch time: 0.24(0.25)
2026-08-15 14:00:29,215   INFO  Train:    9/10 ( 90%) [40295/55563 ( 73%)]  Loss: 1.297 (0.952)  LR: 1.841e-05  Time cost: 2:49:55/1:04:23 [2:49:57/4:58:41]  Acc_iter 484800      Data time: 0.00(0.00)  Forward time: 0.26(0.25)  Batch time: 0.27(0.25)
2026-08-15 14:00:29,603   INFO  a1e06a0b30c0                Sat Aug 15 14:00:29 2026  580.173.02
[0] NVIDIA GeForce RTX 3070 | 71°C,  75 % |  7632 /  8192 MB | root(6928M)

2026-08-15 14:00:33,507   INFO  Save latest model to /OpenPCDet/output/OpenPCDet/tools/cfgs/models/S/F/S_F_N/default/ckpt/latest_model
2026-08-15 14:00:42,282   INFO  Train:    9/10 ( 90%) [40345/55563 ( 73%)]  Loss: 0.8892 (0.952)  LR: 1.838e-05  Time cost: 2:50:08/1:04:10 [2:50:10/4:58:30]  Acc_iter 484850      Data time: 0.00(0.00)  Forward time: 0.25(0.25)  Batch time: 0.25(0.25)
2026-08-15 14:00:54,697   INFO  Train:    9/10 ( 90%) [40395/55563 ( 73%)]  Loss: 1.235 (0.952)  LR: 1.836e-05  Time cost: 2:50:21/1:03:57 [2:50:22/4:58:16]  Acc_iter 484900      Data time: 0.00(0.00)  Forward time: 0.25(0.25)  Batch time: 0.25(0.25)
2026-08-15 14:01:07,326   INFO  Train:    9/10 ( 90%) [40445/55563 ( 73%)]  Loss: 0.9387 (0.952)  LR: 1.833e-05  Time cost: 2:50:33/1:03:45 [2:50:35/4:58:04]  Acc_iter 484950      Data time: 0.00(0.00)  Forward time: 0.21(0.25)  Batch time: 0.21(0.25)
2026-08-15 14:01:07,776   INFO  a1e06a0b30c0                Sat Aug 15 14:01:07 2026  580.173.02
[0] NVIDIA GeForce RTX 3070 | 66°C,  75 % |  7658 /  8192 MB | root(6928M)

2026-08-15 14:01:20,821   INFO  Train:    9/10 ( 90%) [40495/55563 ( 73%)]  Loss: 0.7255 (0.952)  LR: 1.831e-05  Time cost: 2:50:47/1:03:32 [2:50:48/4:57:53]  Acc_iter 485000      Data time: 0.00(0.00)  Forward time: 0.25(0.25)  Batch time: 0.25(0.25)
2026-08-15 14:01:33,516   INFO  Train:    9/10 ( 90%) [40545/55563 ( 73%)]  Loss: 1.927 (0.952)  LR: 1.828e-05  Time cost: 2:51:00/1:03:20 [2:51:01/4:57:40]  Acc_iter 485050      Data time: 0.00(0.00)  Forward time: 0.26(0.25)  Batch time: 0.27(0.25)
2026-08-15 14:01:46,085   INFO  Train:    9/10 ( 90%) [40595/55563 ( 73%)]  Loss: 1.532 (0.952)  LR: 1.826e-05  Time cost: 2:51:12/1:03:07 [2:51:14/4:57:27]  Acc_iter 485100      Data time: 0.00(0.00)  Forward time: 0.30(0.25)  Batch time: 0.30(0.25)
2026-08-15 14:01:46,560   INFO  a1e06a0b30c0                Sat Aug 15 14:01:46 2026  580.173.02
[0] NVIDIA GeForce RTX 3070 | 73°C,  95 % |  7632 /  8192 MB | root(6928M)

2026-08-15 14:01:59,419   INFO  Train:    9/10 ( 90%) [40645/55563 ( 73%)]  Loss: 0.7850 (0.952)  LR: 1.823e-05  Time cost: 2:51:26/1:02:55 [2:51:27/4:57:16]  Acc_iter 485150      Data time: 0.00(0.00)  Forward time: 0.23(0.25)  Batch time: 0.23(0.25)
2026-08-15 14:02:12,254   INFO  Train:    9/10 ( 90%) [40695/55563 ( 73%)]  Loss: 0.6077 (0.952)  LR: 1.821e-05  Time cost: 2:51:38/1:02:42 [2:51:40/4:57:03]  Acc_iter 485200      Data time: 0.00(0.00)  Forward time: 0.27(0.25)  Batch time: 0.27(0.25)
2026-08-15 14:02:24,902   INFO  Train:    9/10 ( 90%) [40745/55563 ( 73%)]  Loss: 0.5401 (0.952)  LR: 1.818e-05  Time cost: 2:51:51/1:02:29 [2:51:52/4:56:51]  Acc_iter 485250      Data time: 0.00(0.00)  Forward time: 0.30(0.25)  Batch time: 0.30(0.25)
2026-08-15 14:02:25,284   INFO  a1e06a0b30c0                Sat Aug 15 14:02:25 2026  580.173.02
[0] NVIDIA GeForce RTX 3070 | 69°C,   5 % |  7632 /  8192 MB | root(6928M)

2026-08-15 14:02:37,688   INFO  Train:    9/10 ( 90%) [40795/55563 ( 73%)]  Loss: 1.088 (0.952)  LR: 1.816e-05  Time cost: 2:52:04/1:02:17 [2:52:05/4:56:38]  Acc_iter 485300      Data time: 0.00(0.00)  Forward time: 0.27(0.25)  Batch time: 0.27(0.25)
2026-08-15 14:02:50,485   INFO  Train:    9/10 ( 90%) [40845/55563 ( 74%)]  Loss: 1.155 (0.952)  LR: 1.813e-05  Time cost: 2:52:17/1:02:04 [2:52:18/4:56:26]  Acc_iter 485350      Data time: 0.00(0.00)  Forward time: 0.26(0.25)  Batch time: 0.26(0.25)
2026-08-15 14:03:03,337   INFO  Train:    9/10 ( 90%) [40895/55563 ( 74%)]  Loss: 1.945 (0.952)  LR: 1.811e-05  Time cost: 2:52:29/1:01:52 [2:52:31/4:56:14]  Acc_iter 485400      Data time: 0.00(0.00)  Forward time: 0.24(0.25)  Batch time: 0.24(0.25)
2026-08-15 14:03:03,844   INFO  a1e06a0b30c0                Sat Aug 15 14:03:03 2026  580.173.02
[0] NVIDIA GeForce RTX 3070 | 67°C,  99 % |  7628 /  8192 MB | root(6928M)

2026-08-15 14:03:16,557   INFO  Train:    9/10 ( 90%) [40945/55563 ( 74%)]  Loss: 1.017 (0.952)  LR: 1.808e-05  Time cost: 2:52:43/1:01:39 [2:52:44/4:56:02]  Acc_iter 485450      Data time: 0.00(0.00)  Forward time: 0.28(0.25)  Batch time: 0.28(0.25)
2026-08-15 14:03:29,252   INFO  Train:    9/10 ( 90%) [40995/55563 ( 74%)]  Loss: 1.161 (0.952)  LR: 1.805e-05  Time cost: 2:52:55/1:01:27 [2:52:57/4:55:49]  Acc_iter 485500      Data time: 0.00(0.00)  Forward time: 0.22(0.25)  Batch time: 0.22(0.25)
2026-08-15 14:03:41,605   INFO  Train:    9/10 ( 90%) [41045/55563 ( 74%)]  Loss: 0.9061 (0.952)  LR: 1.803e-05  Time cost: 2:53:08/1:01:14 [2:53:09/4:55:36]  Acc_iter 485550      Data time: 0.00(0.00)  Forward time: 0.25(0.25)  Batch time: 0.26(0.25)
2026-08-15 14:03:41,983   INFO  a1e06a0b30c0                Sat Aug 15 14:03:41 2026  580.173.02
[0] NVIDIA GeForce RTX 3070 | 74°C,  93 % |  7630 /  8192 MB | root(6928M)

2026-08-15 14:03:54,769   INFO  Train:    9/10 ( 90%) [41095/55563 ( 74%)]  Loss: 1.606 (0.952)  LR: 1.800e-05  Time cost: 2:53:21/1:01:01 [2:53:22/4:55:24]  Acc_iter 485600      Data time: 0.00(0.00)  Forward time: 0.26(0.25)  Batch time: 0.26(0.25)
2026-08-15 14:04:07,653   INFO  Train:    9/10 ( 90%) [41145/55563 ( 74%)]  Loss: 0.5994 (0.952)  LR: 1.798e-05  Time cost: 2:53:34/1:00:49 [2:53:35/4:55:12]  Acc_iter 485650      Data time: 0.00(0.00)  Forward time: 0.24(0.25)  Batch time: 0.24(0.25)
2026-08-15 14:04:19,976   INFO  Train:    9/10 ( 90%) [41195/55563 ( 74%)]  Loss: 0.7132 (0.952)  LR: 1.795e-05  Time cost: 2:53:46/1:00:36 [2:53:48/4:54:59]  Acc_iter 485700      Data time: 0.00(0.00)  Forward time: 0.24(0.25)  Batch time: 0.24(0.25)
2026-08-15 14:04:20,355   INFO  a1e06a0b30c0                Sat Aug 15 14:04:20 2026  580.173.02
[0] NVIDIA GeForce RTX 3070 | 69°C,  48 % |  7630 /  8192 MB | root(6928M)

2026-08-15 14:04:32,952   INFO  Train:    9/10 ( 90%) [41245/55563 ( 74%)]  Loss: 1.022 (0.952)  LR: 1.793e-05  Time cost: 2:53:59/1:00:23 [2:54:00/4:54:47]  Acc_iter 485750      Data time: 0.00(0.00)  Forward time: 0.26(0.25)  Batch time: 0.26(0.25)
2026-08-15 14:04:45,783   INFO  Train:    9/10 ( 90%) [41295/55563 ( 74%)]  Loss: 0.6944 (0.952)  LR: 1.790e-05  Time cost: 2:54:12/1:00:11 [2:54:13/4:54:34]  Acc_iter 485800      Data time: 0.00(0.00)  Forward time: 0.28(0.25)  Batch time: 0.28(0.25)
2026-08-15 14:04:58,912   INFO  Train:    9/10 ( 90%) [41345/55563 ( 74%)]  Loss: 0.6525 (0.952)  LR: 1.788e-05  Time cost: 2:54:25/59:58 [2:54:26/4:54:23]  Acc_iter 485850      Data time: 0.00(0.00)  Forward time: 0.28(0.25)  Batch time: 0.28(0.25)
2026-08-15 14:04:59,364   INFO  a1e06a0b30c0                Sat Aug 15 14:04:59 2026  580.173.02
[0] NVIDIA GeForce RTX 3070 | 66°C,   7 % |  7632 /  8192 MB | root(6928M)

2026-08-15 14:05:11,680   INFO  Train:    9/10 ( 90%) [41395/55563 ( 75%)]  Loss: 1.533 (0.952)  LR: 1.785e-05  Time cost: 2:54:38/59:46 [2:54:39/4:54:10]  Acc_iter 485900      Data time: 0.00(0.00)  Forward time: 0.26(0.25)  Batch time: 0.26(0.25)
2026-08-15 14:05:24,353   INFO  Train:    9/10 ( 90%) [41445/55563 ( 75%)]  Loss: 0.6814 (0.952)  LR: 1.783e-05  Time cost: 2:54:51/59:33 [2:54:52/4:53:57]  Acc_iter 485950      Data time: 0.00(0.00)  Forward time: 0.25(0.25)  Batch time: 0.25(0.25)
2026-08-15 14:05:33,536   INFO  Save latest model to /OpenPCDet/output/OpenPCDet/tools/cfgs/models/S/F/S_F_N/default/ckpt/latest_model
2026-08-15 14:05:37,282   INFO  Train:    9/10 ( 90%) [41495/55563 ( 75%)]  Loss: 0.6184 (0.952)  LR: 1.780e-05  Time cost: 2:55:03/59:21 [2:55:05/4:53:45]  Acc_iter 486000      Data time: 0.00(0.00)  Forward time: 0.26(0.25)  Batch time: 0.26(0.25)
2026-08-15 14:05:37,744   INFO  a1e06a0b30c0                Sat Aug 15 14:05:37 2026  580.173.02
[0] NVIDIA GeForce RTX 3070 | 64°C,  95 % |  7632 /  8192 MB | root(6928M)

2026-08-15 14:05:51,103   INFO  Train:    9/10 ( 90%) [41545/55563 ( 75%)]  Loss: 1.013 (0.952)  LR: 1.778e-05  Time cost: 2:55:17/59:08 [2:55:19/4:53:35]  Acc_iter 486050      Data time: 0.00(0.00)  Forward time: 0.29(0.25)  Batch time: 0.29(0.25)
2026-08-15 14:06:03,683   INFO  Train:    9/10 ( 90%) [41595/55563 ( 75%)]  Loss: 1.013 (0.952)  LR: 1.775e-05  Time cost: 2:55:30/58:56 [2:55:31/4:53:22]  Acc_iter 486100      Data time: 0.00(0.00)  Forward time: 0.26(0.25)  Batch time: 0.26(0.25)
2026-08-15 14:06:16,559   INFO  Train:    9/10 ( 90%) [41645/55563 ( 75%)]  Loss: 0.7893 (0.952)  LR: 1.773e-05  Time cost: 2:55:43/58:43 [2:55:44/4:53:09]  Acc_iter 486150      Data time: 0.00(0.00)  Forward time: 0.28(0.25)  Batch time: 0.28(0.25)
2026-08-15 14:06:16,953   INFO  a1e06a0b30c0                Sat Aug 15 14:06:16 2026  580.173.02
[0] NVIDIA GeForce RTX 3070 | 72°C,  99 % |  7632 /  8192 MB | root(6928M)

2026-08-15 14:06:29,599   INFO  Train:    9/10 ( 90%) [41695/55563 ( 75%)]  Loss: 0.8119 (0.952)  LR: 1.770e-05  Time cost: 2:55:56/58:30 [2:55:57/4:52:57]  Acc_iter 486200      Data time: 0.00(0.00)  Forward time: 0.25(0.25)  Batch time: 0.25(0.25)
2026-08-15 14:06:42,257   INFO  Train:    9/10 ( 90%) [41745/55563 ( 75%)]  Loss: 0.6347 (0.952)  LR: 1.768e-05  Time cost: 2:56:08/58:18 [2:56:10/4:52:45]  Acc_iter 486250      Data time: 0.00(0.00)  Forward time: 0.23(0.25)  Batch time: 0.23(0.25)
2026-08-15 14:06:54,777   INFO  Train:    9/10 ( 90%) [41795/55563 ( 75%)]  Loss: 0.7149 (0.952)  LR: 1.765e-05  Time cost: 2:56:21/58:05 [2:56:22/4:52:32]  Acc_iter 486300      Data time: 0.00(0.00)  Forward time: 0.25(0.25)  Batch time: 0.26(0.25)
2026-08-15 14:06:55,163   INFO  a1e06a0b30c0                Sat Aug 15 14:06:55 2026  580.173.02
[0] NVIDIA GeForce RTX 3070 | 72°C,  79 % |  7632 /  8192 MB | root(6928M)

2026-08-15 14:07:07,706   INFO  Train:    9/10 ( 90%) [41845/55563 ( 75%)]  Loss: 0.7357 (0.952)  LR: 1.763e-05  Time cost: 2:56:34/57:53 [2:56:35/4:52:20]  Acc_iter 486350      Data time: 0.00(0.00)  Forward time: 0.23(0.25)  Batch time: 0.23(0.25)
2026-08-15 14:07:20,167   INFO  Train:    9/10 ( 90%) [41895/55563 ( 75%)]  Loss: 0.9733 (0.952)  LR: 1.760e-05  Time cost: 2:56:46/57:40 [2:56:48/4:52:07]  Acc_iter 486400      Data time: 0.00(0.00)  Forward time: 0.25(0.25)  Batch time: 0.25(0.25)
2026-08-15 14:07:32,450   INFO  Train:    9/10 ( 90%) [41945/55563 ( 75%)]  Loss: 1.353 (0.952)  LR: 1.758e-05  Time cost: 2:56:59/57:27 [2:57:00/4:51:53]  Acc_iter 486450      Data time: 0.00(0.00)  Forward time: 0.28(0.25)  Batch time: 0.28(0.25)
2026-08-15 14:07:32,999   INFO  a1e06a0b30c0                Sat Aug 15 14:07:32 2026  580.173.02
[0] NVIDIA GeForce RTX 3070 | 69°C,  94 % |  7391 /  8192 MB | root(6928M)

2026-08-15 14:07:45,607   INFO  Train:    9/10 ( 90%) [41995/55563 ( 76%)]  Loss: 0.4940 (0.952)  LR: 1.755e-05  Time cost: 2:57:12/57:15 [2:57:13/4:51:42]  Acc_iter 486500      Data time: 0.00(0.00)  Forward time: 0.21(0.25)  Batch time: 0.21(0.25)
2026-08-15 14:07:57,906   INFO  Train:    9/10 ( 90%) [42045/55563 ( 76%)]  Loss: 0.9457 (0.952)  LR: 1.753e-05  Time cost: 2:57:24/57:02 [2:57:25/4:51:28]  Acc_iter 486550      Data time: 0.00(0.00)  Forward time: 0.23(0.25)  Batch time: 0.23(0.25)
2026-08-15 14:08:10,195   INFO  Train:    9/10 ( 90%) [42095/55563 ( 76%)]  Loss: 0.7066 (0.952)  LR: 1.750e-05  Time cost: 2:57:36/56:49 [2:57:38/4:51:15]  Acc_iter 486600      Data time: 0.00(0.00)  Forward time: 0.25(0.25)  Batch time: 0.25(0.25)
2026-08-15 14:08:10,593   INFO  a1e06a0b30c0                Sat Aug 15 14:08:10 2026  580.173.02
[0] NVIDIA GeForce RTX 3070 | 71°C,  74 % |  7387 /  8192 MB | root(6928M)

2026-08-15 14:08:22,703   INFO  Train:    9/10 ( 90%) [42145/55563 ( 76%)]  Loss: 2.035 (0.952)  LR: 1.748e-05  Time cost: 2:57:49/56:36 [2:57:50/4:51:02]  Acc_iter 486650      Data time: 0.00(0.00)  Forward time: 0.26(0.25)  Batch time: 0.26(0.25)
2026-08-15 14:08:34,976   INFO  Train:    9/10 ( 90%) [42195/55563 ( 76%)]  Loss: 0.9261 (0.952)  LR: 1.745e-05  Time cost: 2:58:01/56:24 [2:58:03/4:50:49]  Acc_iter 486700      Data time: 0.00(0.00)  Forward time: 0.29(0.25)  Batch time: 0.29(0.25)
2026-08-15 14:08:47,375   INFO  Train:    9/10 ( 90%) [42245/55563 ( 76%)]  Loss: 0.7003 (0.952)  LR: 1.743e-05  Time cost: 2:58:14/56:11 [2:58:15/4:50:36]  Acc_iter 486750      Data time: 0.00(0.00)  Forward time: 0.27(0.25)  Batch time: 0.27(0.25)
2026-08-15 14:08:47,745   INFO  a1e06a0b30c0                Sat Aug 15 14:08:47 2026  580.173.02
[0] NVIDIA GeForce RTX 3070 | 65°C,  94 % |  7389 /  8192 MB | root(6928M)

2026-08-15 14:09:00,189   INFO  Train:    9/10 ( 90%) [42295/55563 ( 76%)]  Loss: 0.7742 (0.952)  LR: 1.740e-05  Time cost: 2:58:26/55:58 [2:58:28/4:50:23]  Acc_iter 486800      Data time: 0.00(0.00)  Forward time: 0.24(0.25)  Batch time: 0.24(0.25)
2026-08-15 14:09:12,599   INFO  Train:    9/10 ( 90%) [42345/55563 ( 76%)]  Loss: 0.7309 (0.951)  LR: 1.738e-05  Time cost: 2:58:39/55:45 [2:58:40/4:50:10]  Acc_iter 486850      Data time: 0.00(0.00)  Forward time: 0.26(0.25)  Batch time: 0.26(0.25)
2026-08-15 14:09:25,157   INFO  Train:    9/10 ( 90%) [42395/55563 ( 76%)]  Loss: 1.259 (0.951)  LR: 1.736e-05  Time cost: 2:58:51/55:33 [2:58:53/4:49:58]  Acc_iter 486900      Data time: 0.00(0.00)  Forward time: 0.25(0.25)  Batch time: 0.26(0.25)
2026-08-15 14:09:25,590   INFO  a1e06a0b30c0                Sat Aug 15 14:09:25 2026  580.173.02
[0] NVIDIA GeForce RTX 3070 | 72°C,  83 % |  7391 /  8192 MB | root(6928M)

2026-08-15 14:09:38,107   INFO  Train:    9/10 ( 90%) [42445/55563 ( 76%)]  Loss: 1.153 (0.952)  LR: 1.733e-05  Time cost: 2:59:04/55:20 [2:59:06/4:49:45]  Acc_iter 486950      Data time: 0.00(0.00)  Forward time: 0.25(0.25)  Batch time: 0.26(0.25)
2026-08-15 14:09:50,440   INFO  Train:    9/10 ( 90%) [42495/55563 ( 76%)]  Loss: 1.699 (0.952)  LR: 1.731e-05  Time cost: 2:59:17/55:07 [2:59:18/4:49:32]  Acc_iter 487000      Data time: 0.00(0.00)  Forward time: 0.26(0.25)  Batch time: 0.27(0.25)
2026-08-15 14:10:02,904   INFO  Train:    9/10 ( 90%) [42545/55563 ( 77%)]  Loss: 0.7621 (0.952)  LR: 1.728e-05  Time cost: 2:59:29/54:55 [2:59:30/4:49:19]  Acc_iter 487050      Data time: 0.00(0.00)  Forward time: 0.24(0.25)  Batch time: 0.24(0.25)
2026-08-15 14:10:03,324   INFO  a1e06a0b30c0                Sat Aug 15 14:10:03 2026  580.173.02
[0] NVIDIA GeForce RTX 3070 | 67°C,   2 % |  7391 /  8192 MB | root(6928M)

2026-08-15 14:10:15,603   INFO  Train:    9/10 ( 90%) [42595/55563 ( 77%)]  Loss: 0.7399 (0.952)  LR: 1.726e-05  Time cost: 2:59:42/54:42 [2:59:43/4:49:07]  Acc_iter 487100      Data time: 0.00(0.00)  Forward time: 0.26(0.25)  Batch time: 0.26(0.25)
2026-08-15 14:10:28,376   INFO  Train:    9/10 ( 90%) [42645/55563 ( 77%)]  Loss: 1.058 (0.952)  LR: 1.723e-05  Time cost: 2:59:55/54:29 [2:59:56/4:48:54]  Acc_iter 487150      Data time: 0.00(0.00)  Forward time: 0.29(0.25)  Batch time: 0.29(0.25)
2026-08-15 14:10:33,647   INFO  Save latest model to /OpenPCDet/output/OpenPCDet/tools/cfgs/models/S/F/S_F_N/default/ckpt/latest_model
2026-08-15 14:10:40,601   INFO  Train:    9/10 ( 90%) [42695/55563 ( 77%)]  Loss: 0.9549 (0.952)  LR: 1.721e-05  Time cost: 3:00:07/54:17 [3:00:08/4:48:41]  Acc_iter 487200      Data time: 0.00(0.00)  Forward time: 0.26(0.25)  Batch time: 0.27(0.25)
2026-08-15 14:10:40,981   INFO  a1e06a0b30c0                Sat Aug 15 14:10:40 2026  580.173.02
[0] NVIDIA GeForce RTX 3070 | 73°C,  96 % |  7391 /  8192 MB | root(6928M)

2026-08-15 14:10:53,525   INFO  Train:    9/10 ( 90%) [42745/55563 ( 77%)]  Loss: 0.8271 (0.951)  LR: 1.718e-05  Time cost: 3:00:20/54:04 [3:00:21/4:48:29]  Acc_iter 487250      Data time: 0.00(0.00)  Forward time: 0.26(0.25)  Batch time: 0.27(0.25)
2026-08-15 14:11:05,923   INFO  Train:    9/10 ( 90%) [42795/55563 ( 77%)]  Loss: 1.326 (0.951)  LR: 1.716e-05  Time cost: 3:00:32/53:51 [3:00:33/4:48:16]  Acc_iter 487300      Data time: 0.00(0.00)  Forward time: 0.29(0.25)  Batch time: 0.29(0.25)
2026-08-15 14:11:18,596   INFO  Train:    9/10 ( 90%) [42845/55563 ( 77%)]  Loss: 0.7900 (0.951)  LR: 1.713e-05  Time cost: 3:00:45/53:39 [3:00:46/4:48:03]  Acc_iter 487350      Data time: 0.00(0.00)  Forward time: 0.24(0.25)  Batch time: 0.24(0.25)
2026-08-15 14:11:19,018   INFO  a1e06a0b30c0                Sat Aug 15 14:11:18 2026  580.173.02
[0] NVIDIA GeForce RTX 3070 | 73°C,  99 % |  7391 /  8192 MB | root(6928M)

2026-08-15 14:11:31,239   INFO  Train:    9/10 ( 90%) [42895/55563 ( 77%)]  Loss: 0.6451 (0.951)  LR: 1.711e-05  Time cost: 3:00:57/53:26 [3:00:59/4:47:50]  Acc_iter 487400      Data time: 0.00(0.00)  Forward time: 0.22(0.25)  Batch time: 0.22(0.25)
2026-08-15 14:11:43,396   INFO  Train:    9/10 ( 90%) [42945/55563 ( 77%)]  Loss: 0.6977 (0.951)  LR: 1.708e-05  Time cost: 3:01:10/53:13 [3:01:11/4:47:37]  Acc_iter 487450      Data time: 0.00(0.00)  Forward time: 0.23(0.25)  Batch time: 0.24(0.25)
2026-08-15 14:11:55,807   INFO  Train:    9/10 ( 90%) [42995/55563 ( 77%)]  Loss: 0.7847 (0.951)  LR: 1.706e-05  Time cost: 3:01:22/53:01 [3:01:23/4:47:24]  Acc_iter 487500      Data time: 0.00(0.00)  Forward time: 0.25(0.25)  Batch time: 0.25(0.25)
2026-08-15 14:11:56,186   INFO  a1e06a0b30c0                Sat Aug 15 14:11:56 2026  580.173.02
[0] NVIDIA GeForce RTX 3070 | 74°C,  77 % |  7391 /  8192 MB | root(6928M)

2026-08-15 14:12:08,477   INFO  Train:    9/10 ( 90%) [43045/55563 ( 77%)]  Loss: 0.7523 (0.951)  LR: 1.703e-05  Time cost: 3:01:35/52:48 [3:01:36/4:47:11]  Acc_iter 487550      Data time: 0.00(0.00)  Forward time: 0.25(0.25)  Batch time: 0.25(0.25)
2026-08-15 14:12:20,886   INFO  Train:    9/10 ( 90%) [43095/55563 ( 78%)]  Loss: 1.225 (0.951)  LR: 1.701e-05  Time cost: 3:01:47/52:35 [3:01:48/4:46:58]  Acc_iter 487600      Data time: 0.00(0.00)  Forward time: 0.23(0.25)  Batch time: 0.23(0.25)
2026-08-15 14:12:33,099   INFO  Train:    9/10 ( 90%) [43145/55563 ( 78%)]  Loss: 1.570 (0.951)  LR: 1.699e-05  Time cost: 3:01:59/52:22 [3:02:01/4:46:45]  Acc_iter 487650      Data time: 0.00(0.00)  Forward time: 0.26(0.25)  Batch time: 0.26(0.25)
2026-08-15 14:12:33,477   INFO  a1e06a0b30c0                Sat Aug 15 14:12:33 2026  580.173.02
[0] NVIDIA GeForce RTX 3070 | 75°C,  99 % |  7391 /  8192 MB | root(6928M)

2026-08-15 14:12:46,036   INFO  Train:    9/10 ( 90%) [43195/55563 ( 78%)]  Loss: 0.8449 (0.951)  LR: 1.696e-05  Time cost: 3:02:12/52:10 [3:02:14/4:46:32]  Acc_iter 487700      Data time: 0.00(0.00)  Forward time: 0.22(0.25)  Batch time: 0.22(0.25)
2026-08-15 14:12:58,438   INFO  Train:    9/10 ( 90%) [43245/55563 ( 78%)]  Loss: 1.427 (0.951)  LR: 1.694e-05  Time cost: 3:02:25/51:57 [3:02:26/4:46:19]  Acc_iter 487750      Data time: 0.00(0.00)  Forward time: 0.23(0.25)  Batch time: 0.23(0.25)
2026-08-15 14:13:11,299   INFO  Train:    9/10 ( 90%) [43295/55563 ( 78%)]  Loss: 0.7270 (0.951)  LR: 1.691e-05  Time cost: 3:02:37/51:44 [3:02:39/4:46:07]  Acc_iter 487800      Data time: 0.00(0.00)  Forward time: 0.19(0.25)  Batch time: 0.19(0.25)
2026-08-15 14:13:11,700   INFO  a1e06a0b30c0                Sat Aug 15 14:13:11 2026  580.173.02
[0] NVIDIA GeForce RTX 3070 | 74°C,  95 % |  7385 /  8192 MB | root(6928M)

2026-08-15 14:13:24,153   INFO  Train:    9/10 ( 90%) [43345/55563 ( 78%)]  Loss: 0.7422 (0.951)  LR: 1.689e-05  Time cost: 3:02:50/51:32 [3:02:52/4:45:55]  Acc_iter 487850      Data time: 0.00(0.00)  Forward time: 0.25(0.25)  Batch time: 0.26(0.25)
2026-08-15 14:13:36,444   INFO  Train:    9/10 ( 90%) [43395/55563 ( 78%)]  Loss: 0.8451 (0.951)  LR: 1.686e-05  Time cost: 3:03:03/51:19 [3:03:04/4:45:42]  Acc_iter 487900      Data time: 0.00(0.00)  Forward time: 0.22(0.25)  Batch time: 0.22(0.25)
2026-08-15 14:13:48,835   INFO  Train:    9/10 ( 90%) [43445/55563 ( 78%)]  Loss: 0.7083 (0.951)  LR: 1.684e-05  Time cost: 3:03:15/51:06 [3:03:16/4:45:28]  Acc_iter 487950      Data time: 0.00(0.00)  Forward time: 0.26(0.25)  Batch time: 0.26(0.25)
2026-08-15 14:13:49,226   INFO  a1e06a0b30c0                Sat Aug 15 14:13:49 2026  580.173.02
[0] NVIDIA GeForce RTX 3070 | 74°C,  96 % |  7387 /  8192 MB | root(6928M)

2026-08-15 14:14:01,910   INFO  Train:    9/10 ( 90%) [43495/55563 ( 78%)]  Loss: 0.9926 (0.951)  LR: 1.681e-05  Time cost: 3:03:28/50:54 [3:03:29/4:45:16]  Acc_iter 488000      Data time: 0.00(0.00)  Forward time: 0.26(0.25)  Batch time: 0.26(0.25)
2026-08-15 14:14:14,205   INFO  Train:    9/10 ( 90%) [43545/55563 ( 78%)]  Loss: 0.9212 (0.951)  LR: 1.679e-05  Time cost: 3:03:40/50:41 [3:03:42/4:45:03]  Acc_iter 488050      Data time: 0.00(0.00)  Forward time: 0.26(0.25)  Batch time: 0.26(0.25)
2026-08-15 14:14:26,615   INFO  Train:    9/10 ( 90%) [43595/55563 ( 78%)]  Loss: 0.6282 (0.951)  LR: 1.677e-05  Time cost: 3:03:53/50:28 [3:03:54/4:44:50]  Acc_iter 488100      Data time: 0.00(0.00)  Forward time: 0.26(0.25)  Batch time: 0.26(0.25)
2026-08-15 14:14:26,980   INFO  a1e06a0b30c0                Sat Aug 15 14:14:26 2026  580.173.02
[0] NVIDIA GeForce RTX 3070 | 75°C,  95 % |  7389 /  8192 MB | root(6928M)

2026-08-15 14:14:38,967   INFO  Train:    9/10 ( 90%) [43645/55563 ( 79%)]  Loss: 0.8304 (0.951)  LR: 1.674e-05  Time cost: 3:04:05/50:16 [3:04:07/4:44:37]  Acc_iter 488150      Data time: 0.00(0.00)  Forward time: 0.22(0.25)  Batch time: 0.23(0.25)
2026-08-15 14:14:51,447   INFO  Train:    9/10 ( 90%) [43695/55563 ( 79%)]  Loss: 1.271 (0.951)  LR: 1.672e-05  Time cost: 3:04:18/50:03 [3:04:19/4:44:24]  Acc_iter 488200      Data time: 0.00(0.00)  Forward time: 0.29(0.25)  Batch time: 0.29(0.25)
2026-08-15 14:15:03,955   INFO  Train:    9/10 ( 90%) [43745/55563 ( 79%)]  Loss: 0.9072 (0.951)  LR: 1.669e-05  Time cost: 3:04:30/49:50 [3:04:32/4:44:11]  Acc_iter 488250      Data time: 0.00(0.00)  Forward time: 0.26(0.25)  Batch time: 0.26(0.25)
2026-08-15 14:15:04,382   INFO  a1e06a0b30c0                Sat Aug 15 14:15:04 2026  580.173.02
[0] NVIDIA GeForce RTX 3070 | 69°C,  27 % |  7389 /  8192 MB | root(6928M)

2026-08-15 14:15:16,859   INFO  Train:    9/10 ( 90%) [43795/55563 ( 79%)]  Loss: 0.7314 (0.951)  LR: 1.667e-05  Time cost: 3:04:43/49:38 [3:04:44/4:43:59]  Acc_iter 488300      Data time: 0.00(0.00)  Forward time: 0.24(0.25)  Batch time: 0.24(0.25)
2026-08-15 14:15:29,210   INFO  Train:    9/10 ( 90%) [43845/55563 ( 79%)]  Loss: 0.2291 (0.951)  LR: 1.664e-05  Time cost: 3:04:55/49:25 [3:04:57/4:43:46]  Acc_iter 488350      Data time: 0.00(0.00)  Forward time: 0.23(0.25)  Batch time: 0.23(0.25)
2026-08-15 14:15:33,522   INFO  Save latest model to /OpenPCDet/output/OpenPCDet/tools/cfgs/models/S/F/S_F_N/default/ckpt/latest_model
2026-08-15 14:15:41,773   INFO  Train:    9/10 ( 90%) [43895/55563 ( 79%)]  Loss: 1.295 (0.951)  LR: 1.662e-05  Time cost: 3:05:08/49:12 [3:05:09/4:43:33]  Acc_iter 488400      Data time: 0.00(0.00)  Forward time: 0.26(0.25)  Batch time: 0.26(0.25)
2026-08-15 14:15:42,261   INFO  a1e06a0b30c0                Sat Aug 15 14:15:42 2026  580.173.02
[0] NVIDIA GeForce RTX 3070 | 65°C,   2 % |  7389 /  8192 MB | root(6928M)

2026-08-15 14:15:54,749   INFO  Train:    9/10 ( 90%) [43945/55563 ( 79%)]  Loss: 1.527 (0.951)  LR: 1.660e-05  Time cost: 3:05:21/49:00 [3:05:22/4:43:21]  Acc_iter 488450      Data time: 0.00(0.00)  Forward time: 0.28(0.25)  Batch time: 0.28(0.25)
2026-08-15 14:16:07,022   INFO  Train:    9/10 ( 90%) [43995/55563 ( 79%)]  Loss: 0.6788 (0.951)  LR: 1.657e-05  Time cost: 3:05:33/48:47 [3:05:35/4:43:08]  Acc_iter 488500      Data time: 0.00(0.00)  Forward time: 0.27(0.25)  Batch time: 0.27(0.25)
2026-08-15 14:16:19,309   INFO  Train:    9/10 ( 90%) [44045/55563 ( 79%)]  Loss: 0.8434 (0.951)  LR: 1.655e-05  Time cost: 3:05:45/48:34 [3:05:47/4:42:55]  Acc_iter 488550      Data time: 0.00(0.00)  Forward time: 0.24(0.25)  Batch time: 0.24(0.25)
2026-08-15 14:16:19,704   INFO  a1e06a0b30c0                Sat Aug 15 14:16:19 2026  580.173.02
[0] NVIDIA GeForce RTX 3070 | 73°C,  76 % |  7388 /  8192 MB | root(6928M)

2026-08-15 14:16:32,336   INFO  Train:    9/10 ( 90%) [44095/55563 ( 79%)]  Loss: 1.179 (0.951)  LR: 1.652e-05  Time cost: 3:05:58/48:22 [3:06:00/4:42:42]  Acc_iter 488600      Data time: 0.00(0.00)  Forward time: 0.21(0.25)  Batch time: 0.21(0.25)
2026-08-15 14:16:45,036   INFO  Train:    9/10 ( 90%) [44145/55563 ( 79%)]  Loss: 0.7678 (0.951)  LR: 1.650e-05  Time cost: 3:06:11/48:09 [3:06:13/4:42:30]  Acc_iter 488650      Data time: 0.00(0.00)  Forward time: 0.26(0.25)  Batch time: 0.27(0.25)
2026-08-15 14:16:57,475   INFO  Train:    9/10 ( 90%) [44195/55563 ( 80%)]  Loss: 1.307 (0.951)  LR: 1.647e-05  Time cost: 3:06:24/47:56 [3:06:25/4:42:17]  Acc_iter 488700      Data time: 0.00(0.00)  Forward time: 0.26(0.25)  Batch time: 0.26(0.25)
2026-08-15 14:16:57,841   INFO  a1e06a0b30c0                Sat Aug 15 14:16:57 2026  580.173.02
[0] NVIDIA GeForce RTX 3070 | 66°C,  66 % |  7388 /  8192 MB | root(6928M)

2026-08-15 14:17:09,970   INFO  Train:    9/10 ( 90%) [44245/55563 ( 80%)]  Loss: 1.550 (0.951)  LR: 1.645e-05  Time cost: 3:06:36/47:44 [3:06:38/4:42:04]  Acc_iter 488750      Data time: 0.00(0.00)  Forward time: 0.24(0.25)  Batch time: 0.24(0.25)
2026-08-15 14:17:22,204   INFO  Train:    9/10 ( 90%) [44295/55563 ( 80%)]  Loss: 0.6367 (0.951)  LR: 1.643e-05  Time cost: 3:06:48/47:31 [3:06:50/4:41:51]  Acc_iter 488800      Data time: 0.00(0.00)  Forward time: 0.26(0.25)  Batch time: 0.26(0.25)
2026-08-15 14:17:34,987   INFO  Train:    9/10 ( 90%) [44345/55563 ( 80%)]  Loss: 0.7672 (0.951)  LR: 1.640e-05  Time cost: 3:07:01/47:18 [3:07:03/4:41:38]  Acc_iter 488850      Data time: 0.00(0.00)  Forward time: 0.28(0.25)  Batch time: 0.28(0.25)
2026-08-15 14:17:35,466   INFO  a1e06a0b30c0                Sat Aug 15 14:17:35 2026  580.173.02
[0] NVIDIA GeForce RTX 3070 | 66°C,  10 % |  7389 /  8192 MB | root(6928M)

2026-08-15 14:17:48,047   INFO  Train:    9/10 ( 90%) [44395/55563 ( 80%)]  Loss: 0.4457 (0.951)  LR: 1.638e-05  Time cost: 3:07:14/47:06 [3:07:16/4:41:26]  Acc_iter 488900      Data time: 0.00(0.00)  Forward time: 0.24(0.25)  Batch time: 0.24(0.25)
2026-08-15 14:18:00,246   INFO  Train:    9/10 ( 90%) [44445/55563 ( 80%)]  Loss: 0.8786 (0.951)  LR: 1.635e-05  Time cost: 3:07:26/46:53 [3:07:28/4:41:13]  Acc_iter 488950      Data time: 0.00(0.00)  Forward time: 0.24(0.25)  Batch time: 0.24(0.25)
2026-08-15 14:18:12,462   INFO  Train:    9/10 ( 90%) [44495/55563 ( 80%)]  Loss: 2.201 (0.951)  LR: 1.633e-05  Time cost: 3:07:39/46:40 [3:07:40/4:41:00]  Acc_iter 489000      Data time: 0.00(0.00)  Forward time: 0.25(0.25)  Batch time: 0.25(0.25)
2026-08-15 14:18:12,855   INFO  a1e06a0b30c0                Sat Aug 15 14:18:12 2026  580.173.02
[0] NVIDIA GeForce RTX 3070 | 66°C,  73 % |  7386 /  8192 MB | root(6928M)

2026-08-15 14:18:25,257   INFO  Train:    9/10 ( 90%) [44545/55563 ( 80%)]  Loss: 0.8603 (0.951)  LR: 1.631e-05  Time cost: 3:07:51/46:27 [3:07:53/4:40:47]  Acc_iter 489050      Data time: 0.00(0.00)  Forward time: 0.23(0.25)  Batch time: 0.23(0.25)
2026-08-15 14:18:37,508   INFO  Train:    9/10 ( 90%) [44595/55563 ( 80%)]  Loss: 1.145 (0.951)  LR: 1.628e-05  Time cost: 3:08:04/46:15 [3:08:05/4:40:34]  Acc_iter 489100      Data time: 0.00(0.00)  Forward time: 0.25(0.25)  Batch time: 0.25(0.25)
2026-08-15 14:18:49,685   INFO  Train:    9/10 ( 90%) [44645/55563 ( 80%)]  Loss: 0.6390 (0.951)  LR: 1.626e-05  Time cost: 3:08:16/46:02 [3:08:17/4:40:21]  Acc_iter 489150      Data time: 0.00(0.00)  Forward time: 0.23(0.25)  Batch time: 0.23(0.25)
2026-08-15 14:18:50,070   INFO  a1e06a0b30c0                Sat Aug 15 14:18:50 2026  580.173.02
[0] NVIDIA GeForce RTX 3070 | 71°C,  73 % |  7388 /  8192 MB | root(6928M)

2026-08-15 14:19:02,592   INFO  Train:    9/10 ( 90%) [44695/55563 ( 80%)]  Loss: 0.5702 (0.951)  LR: 1.623e-05  Time cost: 3:08:29/45:49 [3:08:30/4:40:08]  Acc_iter 489200      Data time: 0.00(0.00)  Forward time: 0.29(0.25)  Batch time: 0.30(0.25)
2026-08-15 14:19:15,050   INFO  Train:    9/10 ( 90%) [44745/55563 ( 81%)]  Loss: 0.5359 (0.951)  LR: 1.621e-05  Time cost: 3:08:41/45:37 [3:08:43/4:39:55]  Acc_iter 489250      Data time: 0.00(0.00)  Forward time: 0.26(0.25)  Batch time: 0.27(0.25)
2026-08-15 14:19:27,785   INFO  Train:    9/10 ( 90%) [44795/55563 ( 81%)]  Loss: 0.7562 (0.951)  LR: 1.619e-05  Time cost: 3:08:54/45:24 [3:08:55/4:39:43]  Acc_iter 489300      Data time: 0.00(0.00)  Forward time: 0.25(0.25)  Batch time: 0.25(0.25)
2026-08-15 14:19:28,188   INFO  a1e06a0b30c0                Sat Aug 15 14:19:28 2026  580.173.02
[0] NVIDIA GeForce RTX 3070 | 72°C,  79 % |  7393 /  8192 MB | root(6928M)

2026-08-15 14:19:40,769   INFO  Train:    9/10 ( 90%) [44845/55563 ( 81%)]  Loss: 0.7880 (0.951)  LR: 1.616e-05  Time cost: 3:09:07/45:11 [3:09:08/4:39:31]  Acc_iter 489350      Data time: 0.00(0.00)  Forward time: 0.25(0.25)  Batch time: 0.25(0.25)
2026-08-15 14:19:53,140   INFO  Train:    9/10 ( 90%) [44895/55563 ( 81%)]  Loss: 1.830 (0.951)  LR: 1.614e-05  Time cost: 3:09:19/44:59 [3:09:21/4:39:18]  Acc_iter 489400      Data time: 0.00(0.00)  Forward time: 0.25(0.25)  Batch time: 0.25(0.25)
2026-08-15 14:20:05,633   INFO  Train:    9/10 ( 90%) [44945/55563 ( 81%)]  Loss: 0.9323 (0.951)  LR: 1.611e-05  Time cost: 3:09:32/44:46 [3:09:33/4:39:05]  Acc_iter 489450      Data time: 0.00(0.00)  Forward time: 0.27(0.25)  Batch time: 0.28(0.25)
2026-08-15 14:20:06,013   INFO  a1e06a0b30c0                Sat Aug 15 14:20:05 2026  580.173.02
[0] NVIDIA GeForce RTX 3070 | 74°C,  95 % |  7388 /  8192 MB | root(6928M)

2026-08-15 14:20:18,690   INFO  Train:    9/10 ( 90%) [44995/55563 ( 81%)]  Loss: 0.5767 (0.951)  LR: 1.609e-05  Time cost: 3:09:45/44:34 [3:09:46/4:38:53]  Acc_iter 489500      Data time: 0.00(0.00)  Forward time: 0.24(0.25)  Batch time: 0.24(0.25)
2026-08-15 14:20:31,178   INFO  Train:    9/10 ( 90%) [45045/55563 ( 81%)]  Loss: 0.9420 (0.951)  LR: 1.607e-05  Time cost: 3:09:57/44:21 [3:09:59/4:38:40]  Acc_iter 489550      Data time: 0.00(0.00)  Forward time: 0.24(0.25)  Batch time: 0.24(0.25)
2026-08-15 14:20:33,488   INFO  Save latest model to /OpenPCDet/output/OpenPCDet/tools/cfgs/models/S/F/S_F_N/default/ckpt/latest_model
2026-08-15 14:20:43,630   INFO  Train:    9/10 ( 90%) [45095/55563 ( 81%)]  Loss: 0.6341 (0.951)  LR: 1.604e-05  Time cost: 3:10:10/44:08 [3:10:11/4:38:27]  Acc_iter 489600      Data time: 0.00(0.00)  Forward time: 0.24(0.25)  Batch time: 0.24(0.25)
2026-08-15 14:20:44,009   INFO  a1e06a0b30c0                Sat Aug 15 14:20:43 2026  580.173.02
[0] NVIDIA GeForce RTX 3070 | 73°C,  99 % |  7388 /  8192 MB | root(6928M)

2026-08-15 14:20:56,581   INFO  Train:    9/10 ( 90%) [45145/55563 ( 81%)]  Loss: 1.504 (0.951)  LR: 1.602e-05  Time cost: 3:10:23/43:56 [3:10:24/4:38:15]  Acc_iter 489650      Data time: 0.00(0.00)  Forward time: 0.25(0.25)  Batch time: 0.25(0.25)
2026-08-15 14:21:08,926   INFO  Train:    9/10 ( 90%) [45195/55563 ( 81%)]  Loss: 1.563 (0.951)  LR: 1.600e-05  Time cost: 3:10:35/43:43 [3:10:36/4:38:01]  Acc_iter 489700      Data time: 0.00(0.00)  Forward time: 0.28(0.25)  Batch time: 0.28(0.25)
2026-08-15 14:21:21,335   INFO  Train:    9/10 ( 90%) [45245/55563 ( 81%)]  Loss: 0.7676 (0.951)  LR: 1.597e-05  Time cost: 3:10:47/43:30 [3:10:49/4:37:48]  Acc_iter 489750      Data time: 0.00(0.00)  Forward time: 0.24(0.25)  Batch time: 0.24(0.25)
2026-08-15 14:21:21,743   INFO  a1e06a0b30c0                Sat Aug 15 14:21:21 2026  580.173.02
[0] NVIDIA GeForce RTX 3070 | 72°C,  89 % |  7389 /  8192 MB | root(6928M)

2026-08-15 14:21:34,335   INFO  Train:    9/10 ( 90%) [45295/55563 ( 82%)]  Loss: 1.064 (0.951)  LR: 1.595e-05  Time cost: 3:11:00/43:18 [3:11:02/4:37:36]  Acc_iter 489800      Data time: 0.00(0.00)  Forward time: 0.25(0.25)  Batch time: 0.25(0.25)
2026-08-15 14:21:46,624   INFO  Train:    9/10 ( 90%) [45345/55563 ( 82%)]  Loss: 0.3668 (0.951)  LR: 1.592e-05  Time cost: 3:11:13/43:05 [3:11:14/4:37:23]  Acc_iter 489850      Data time: 0.00(0.00)  Forward time: 0.20(0.25)  Batch time: 0.21(0.25)
2026-08-15 14:21:59,034   INFO  Train:    9/10 ( 90%) [45395/55563 ( 82%)]  Loss: 0.5762 (0.951)  LR: 1.590e-05  Time cost: 3:11:25/42:52 [3:11:27/4:37:10]  Acc_iter 489900      Data time: 0.00(0.00)  Forward time: 0.21(0.25)  Batch time: 0.22(0.25)
2026-08-15 14:21:59,433   INFO  a1e06a0b30c0                Sat Aug 15 14:21:59 2026  580.173.02
[0] NVIDIA GeForce RTX 3070 | 69°C,  37 % |  7388 /  8192 MB | root(6928M)

2026-08-15 14:22:12,157   INFO  Train:    9/10 ( 90%) [45445/55563 ( 82%)]  Loss: 0.7648 (0.951)  LR: 1.588e-05  Time cost: 3:11:38/42:40 [3:11:40/4:36:58]  Acc_iter 489950      Data time: 0.00(0.00)  Forward time: 0.21(0.25)  Batch time: 0.21(0.25)
2026-08-15 14:22:24,397   INFO  Train:    9/10 ( 90%) [45495/55563 ( 82%)]  Loss: 1.032 (0.951)  LR: 1.585e-05  Time cost: 3:11:51/42:27 [3:11:52/4:36:45]  Acc_iter 490000      Data time: 0.00(0.00)  Forward time: 0.23(0.25)  Batch time: 0.23(0.25)
2026-08-15 14:22:36,620   INFO  Train:    9/10 ( 90%) [45545/55563 ( 82%)]  Loss: 1.271 (0.951)  LR: 1.583e-05  Time cost: 3:12:03/42:14 [3:12:04/4:36:32]  Acc_iter 490050      Data time: 0.00(0.00)  Forward time: 0.23(0.25)  Batch time: 0.23(0.25)
2026-08-15 14:22:37,052   INFO  a1e06a0b30c0                Sat Aug 15 14:22:37 2026  580.173.02
[0] NVIDIA GeForce RTX 3070 | 75°C,  85 % |  7388 /  8192 MB | root(6928M)

2026-08-15 14:22:49,688   INFO  Train:    9/10 ( 90%) [45595/55563 ( 82%)]  Loss: 1.794 (0.951)  LR: 1.581e-05  Time cost: 3:12:16/42:02 [3:12:17/4:36:20]  Acc_iter 490100      Data time: 0.00(0.00)  Forward time: 0.24(0.25)  Batch time: 0.24(0.25)
2026-08-15 14:23:02,447   INFO  Train:    9/10 ( 90%) [45645/55563 ( 82%)]  Loss: 1.549 (0.951)  LR: 1.578e-05  Time cost: 3:12:29/41:49 [3:12:30/4:36:07]  Acc_iter 490150      Data time: 0.00(0.00)  Forward time: 0.25(0.25)  Batch time: 0.25(0.25)
2026-08-15 14:23:14,643   INFO  Train:    9/10 ( 90%) [45695/55563 ( 82%)]  Loss: 0.5673 (0.950)  LR: 1.576e-05  Time cost: 3:12:41/41:36 [3:12:42/4:35:54]  Acc_iter 490200      Data time: 0.00(0.00)  Forward time: 0.25(0.25)  Batch time: 0.25(0.25)
2026-08-15 14:23:15,014   INFO  a1e06a0b30c0                Sat Aug 15 14:23:14 2026  580.173.02
[0] NVIDIA GeForce RTX 3070 | 75°C,  99 % |  7385 /  8192 MB | root(6928M)

2026-08-15 14:23:27,008   INFO  Train:    9/10 ( 90%) [45745/55563 ( 82%)]  Loss: 0.9282 (0.950)  LR: 1.573e-05  Time cost: 3:12:53/41:23 [3:12:55/4:35:41]  Acc_iter 490250      Data time: 0.00(0.00)  Forward time: 0.24(0.25)  Batch time: 0.24(0.25)
2026-08-15 14:23:39,244   INFO  Train:    9/10 ( 90%) [45795/55563 ( 82%)]  Loss: 0.9950 (0.950)  LR: 1.571e-05  Time cost: 3:13:05/41:11 [3:13:07/4:35:28]  Acc_iter 490300      Data time: 0.00(0.00)  Forward time: 0.25(0.25)  Batch time: 0.25(0.25)
2026-08-15 14:23:51,834   INFO  Train:    9/10 ( 90%) [45845/55563 ( 83%)]  Loss: 0.5732 (0.950)  LR: 1.569e-05  Time cost: 3:13:18/40:58 [3:13:19/4:35:15]  Acc_iter 490350      Data time: 0.00(0.00)  Forward time: 0.24(0.25)  Batch time: 0.24(0.25)
2026-08-15 14:23:52,257   INFO  a1e06a0b30c0                Sat Aug 15 14:23:52 2026  580.173.02
[0] NVIDIA GeForce RTX 3070 | 75°C,  94 % |  7388 /  8192 MB | root(6928M)

2026-08-15 14:24:04,632   INFO  Train:    9/10 ( 90%) [45895/55563 ( 83%)]  Loss: 0.5318 (0.950)  LR: 1.566e-05  Time cost: 3:13:31/40:45 [3:13:32/4:35:02]  Acc_iter 490400      Data time: 0.00(0.00)  Forward time: 0.25(0.25)  Batch time: 0.25(0.25)
2026-08-15 14:24:17,027   INFO  Train:    9/10 ( 90%) [45945/55563 ( 83%)]  Loss: 0.5639 (0.950)  LR: 1.564e-05  Time cost: 3:13:43/40:33 [3:13:45/4:34:49]  Acc_iter 490450      Data time: 0.00(0.00)  Forward time: 0.22(0.25)  Batch time: 0.22(0.25)
2026-08-15 14:24:29,352   INFO  Train:    9/10 ( 90%) [45995/55563 ( 83%)]  Loss: 0.9714 (0.950)  LR: 1.562e-05  Time cost: 3:13:56/40:20 [3:13:57/4:34:36]  Acc_iter 490500      Data time: 0.00(0.00)  Forward time: 0.28(0.25)  Batch time: 0.28(0.25)
2026-08-15 14:24:29,736   INFO  a1e06a0b30c0                Sat Aug 15 14:24:29 2026  580.173.02
[0] NVIDIA GeForce RTX 3070 | 76°C,  70 % |  7388 /  8192 MB | root(6928M)

2026-08-15 14:24:42,509   INFO  Train:    9/10 ( 90%) [46045/55563 ( 83%)]  Loss: 1.178 (0.950)  LR: 1.559e-05  Time cost: 3:14:09/40:07 [3:14:10/4:34:24]  Acc_iter 490550      Data time: 0.00(0.00)  Forward time: 0.24(0.25)  Batch time: 0.25(0.25)
2026-08-15 14:24:54,899   INFO  Train:    9/10 ( 90%) [46095/55563 ( 83%)]  Loss: 1.106 (0.950)  LR: 1.557e-05  Time cost: 3:14:21/39:55 [3:14:22/4:34:11]  Acc_iter 490600      Data time: 0.00(0.00)  Forward time: 0.26(0.25)  Batch time: 0.26(0.25)
2026-08-15 14:25:06,938   INFO  Train:    9/10 ( 90%) [46145/55563 ( 83%)]  Loss: 1.007 (0.950)  LR: 1.555e-05  Time cost: 3:14:33/39:42 [3:14:34/4:33:58]  Acc_iter 490650      Data time: 0.00(0.00)  Forward time: 0.24(0.25)  Batch time: 0.24(0.25)
2026-08-15 14:25:07,431   INFO  a1e06a0b30c0                Sat Aug 15 14:25:07 2026  580.173.02
[0] NVIDIA GeForce RTX 3070 | 69°C,   5 % |  7393 /  8192 MB | root(6928M)

2026-08-15 14:25:19,979   INFO  Train:    9/10 ( 90%) [46195/55563 ( 83%)]  Loss: 0.5635 (0.950)  LR: 1.552e-05  Time cost: 3:14:46/39:29 [3:14:48/4:33:46]  Acc_iter 490700      Data time: 0.00(0.00)  Forward time: 0.24(0.25)  Batch time: 0.24(0.25)
2026-08-15 14:25:32,316   INFO  Train:    9/10 ( 90%) [46245/55563 ( 83%)]  Loss: 0.5893 (0.950)  LR: 1.550e-05  Time cost: 3:14:58/39:17 [3:15:00/4:33:33]  Acc_iter 490750      Data time: 0.00(0.00)  Forward time: 0.27(0.25)  Batch time: 0.27(0.25)
2026-08-15 14:25:33,577   INFO  Save latest model to /OpenPCDet/output/OpenPCDet/tools/cfgs/models/S/F/S_F_N/default/ckpt/latest_model
2026-08-15 14:25:45,118   INFO  Train:    9/10 ( 90%) [46295/55563 ( 83%)]  Loss: 1.476 (0.950)  LR: 1.548e-05  Time cost: 3:15:11/39:04 [3:15:13/4:33:20]  Acc_iter 490800      Data time: 0.00(0.00)  Forward time: 0.25(0.25)  Batch time: 0.25(0.25)
2026-08-15 14:25:45,505   INFO  a1e06a0b30c0                Sat Aug 15 14:25:45 2026  580.173.02
[0] NVIDIA GeForce RTX 3070 | 73°C,  91 % |  7388 /  8192 MB | root(6928M)

2026-08-15 14:25:57,555   INFO  Train:    9/10 ( 90%) [46345/55563 ( 83%)]  Loss: 0.9406 (0.950)  LR: 1.545e-05  Time cost: 3:15:24/38:51 [3:15:25/4:33:07]  Acc_iter 490850      Data time: 0.00(0.00)  Forward time: 0.25(0.25)  Batch time: 0.26(0.25)
2026-08-15 14:26:09,952   INFO  Train:    9/10 ( 90%) [46395/55563 ( 83%)]  Loss: 0.6372 (0.950)  LR: 1.543e-05  Time cost: 3:15:36/38:39 [3:15:37/4:32:54]  Acc_iter 490900      Data time: 0.00(0.00)  Forward time: 0.26(0.25)  Batch time: 0.26(0.25)
2026-08-15 14:26:22,499   INFO  Train:    9/10 ( 90%) [46445/55563 ( 84%)]  Loss: 0.6333 (0.950)  LR: 1.541e-05  Time cost: 3:15:49/38:26 [3:15:50/4:32:41]  Acc_iter 490950      Data time: 0.00(0.00)  Forward time: 0.29(0.25)  Batch time: 0.29(0.25)
2026-08-15 14:26:22,981   INFO  a1e06a0b30c0                Sat Aug 15 14:26:22 2026  580.173.02
[0] NVIDIA GeForce RTX 3070 | 68°C,  84 % |  7388 /  8192 MB | root(6928M)

2026-08-15 14:26:35,713   INFO  Train:    9/10 ( 90%) [46495/55563 ( 84%)]  Loss: 0.8779 (0.950)  LR: 1.538e-05  Time cost: 3:16:02/38:13 [3:16:03/4:32:30]  Acc_iter 491000      Data time: 0.00(0.00)  Forward time: 0.25(0.25)  Batch time: 0.26(0.25)
2026-08-15 14:26:48,062   INFO  Train:    9/10 ( 90%) [46545/55563 ( 84%)]  Loss: 1.016 (0.950)  LR: 1.536e-05  Time cost: 3:16:14/38:01 [3:16:16/4:32:17]  Acc_iter 491050      Data time: 0.00(0.00)  Forward time: 0.25(0.25)  Batch time: 0.26(0.25)
2026-08-15 14:27:00,269   INFO  Train:    9/10 ( 90%) [46595/55563 ( 84%)]  Loss: 1.009 (0.950)  LR: 1.534e-05  Time cost: 3:16:26/37:48 [3:16:28/4:32:03]  Acc_iter 491100      Data time: 0.00(0.00)  Forward time: 0.23(0.25)  Batch time: 0.23(0.25)
2026-08-15 14:27:00,655   INFO  a1e06a0b30c0                Sat Aug 15 14:27:00 2026  580.173.02
[0] NVIDIA GeForce RTX 3070 | 73°C,  69 % |  7389 /  8192 MB | root(6928M)

2026-08-15 14:27:12,783   INFO  Train:    9/10 ( 90%) [46645/55563 ( 84%)]  Loss: 1.154 (0.950)  LR: 1.531e-05  Time cost: 3:16:39/37:35 [3:16:40/4:31:50]  Acc_iter 491150      Data time: 0.00(0.00)  Forward time: 0.21(0.25)  Batch time: 0.21(0.25)
2026-08-15 14:27:24,945   INFO  Train:    9/10 ( 90%) [46695/55563 ( 84%)]  Loss: 0.8006 (0.950)  LR: 1.529e-05  Time cost: 3:16:51/37:23 [3:16:52/4:31:37]  Acc_iter 491200      Data time: 0.00(0.00)  Forward time: 0.24(0.25)  Batch time: 0.24(0.25)
2026-08-15 14:27:37,332   INFO  Train:    9/10 ( 90%) [46745/55563 ( 84%)]  Loss: 1.373 (0.950)  LR: 1.527e-05  Time cost: 3:17:03/37:10 [3:17:05/4:31:24]  Acc_iter 491250      Data time: 0.00(0.00)  Forward time: 0.23(0.25)  Batch time: 0.23(0.25)
2026-08-15 14:27:37,711   INFO  a1e06a0b30c0                Sat Aug 15 14:27:37 2026  580.173.02
[0] NVIDIA GeForce RTX 3070 | 75°C,  99 % |  7389 /  8192 MB | root(6928M)

2026-08-15 14:27:50,120   INFO  Train:    9/10 ( 90%) [46795/55563 ( 84%)]  Loss: 0.6152 (0.950)  LR: 1.524e-05  Time cost: 3:17:16/36:57 [3:17:18/4:31:12]  Acc_iter 491300      Data time: 0.00(0.00)  Forward time: 0.23(0.25)  Batch time: 0.23(0.25)
2026-08-15 14:28:02,409   INFO  Train:    9/10 ( 90%) [46845/55563 ( 84%)]  Loss: 0.8738 (0.950)  LR: 1.522e-05  Time cost: 3:17:29/36:45 [3:17:30/4:30:59]  Acc_iter 491350      Data time: 0.00(0.00)  Forward time: 0.25(0.25)  Batch time: 0.25(0.25)
2026-08-15 14:28:14,752   INFO  Train:    9/10 ( 90%) [46895/55563 ( 84%)]  Loss: 0.9721 (0.950)  LR: 1.520e-05  Time cost: 3:17:41/36:32 [3:17:42/4:30:45]  Acc_iter 491400      Data time: 0.00(0.00)  Forward time: 0.24(0.25)  Batch time: 0.24(0.25)
2026-08-15 14:28:15,148   INFO  a1e06a0b30c0                Sat Aug 15 14:28:15 2026  580.173.02
[0] NVIDIA GeForce RTX 3070 | 74°C,  70 % |  7384 /  8192 MB | root(6928M)

2026-08-15 14:28:27,665   INFO  Train:    9/10 ( 90%) [46945/55563 ( 84%)]  Loss: 0.7745 (0.950)  LR: 1.517e-05  Time cost: 3:17:54/36:19 [3:17:55/4:30:33]  Acc_iter 491450      Data time: 0.00(0.00)  Forward time: 0.25(0.25)  Batch time: 0.25(0.25)
2026-08-15 14:28:39,710   INFO  Train:    9/10 ( 90%) [46995/55563 ( 85%)]  Loss: 0.6194 (0.950)  LR: 1.515e-05  Time cost: 3:18:06/36:07 [3:18:07/4:30:20]  Acc_iter 491500      Data time: 0.00(0.00)  Forward time: 0.24(0.25)  Batch time: 0.24(0.25)
2026-08-15 14:28:52,000   INFO  Train:    9/10 ( 90%) [47045/55563 ( 85%)]  Loss: 0.7706 (0.950)  LR: 1.513e-05  Time cost: 3:18:18/35:54 [3:18:20/4:30:07]  Acc_iter 491550      Data time: 0.00(0.00)  Forward time: 0.23(0.25)  Batch time: 0.23(0.25)
2026-08-15 14:28:52,381   INFO  a1e06a0b30c0                Sat Aug 15 14:28:52 2026  580.173.02
[0] NVIDIA GeForce RTX 3070 | 71°C,   1 % |  7386 /  8192 MB | root(6928M)

2026-08-15 14:29:04,846   INFO  Train:    9/10 ( 90%) [47095/55563 ( 85%)]  Loss: 2.774 (0.950)  LR: 1.510e-05  Time cost: 3:18:31/35:41 [3:18:32/4:29:54]  Acc_iter 491600      Data time: 0.00(0.00)  Forward time: 0.28(0.25)  Batch time: 0.28(0.25)
2026-08-15 14:29:17,549   INFO  Train:    9/10 ( 90%) [47145/55563 ( 85%)]  Loss: 1.642 (0.950)  LR: 1.508e-05  Time cost: 3:18:44/35:29 [3:18:45/4:29:42]  Acc_iter 491650      Data time: 0.00(0.00)  Forward time: 0.23(0.25)  Batch time: 0.23(0.25)
2026-08-15 14:29:29,995   INFO  Train:    9/10 ( 90%) [47195/55563 ( 85%)]  Loss: 0.7901 (0.950)  LR: 1.506e-05  Time cost: 3:18:56/35:16 [3:18:58/4:29:29]  Acc_iter 491700      Data time: 0.00(0.00)  Forward time: 0.20(0.25)  Batch time: 0.20(0.25)
2026-08-15 14:29:30,377   INFO  a1e06a0b30c0                Sat Aug 15 14:29:30 2026  580.173.02
[0] NVIDIA GeForce RTX 3070 | 69°C,   1 % |  7387 /  8192 MB | root(6928M)

2026-08-15 14:29:42,555   INFO  Train:    9/10 ( 90%) [47245/55563 ( 85%)]  Loss: 0.7158 (0.950)  LR: 1.503e-05  Time cost: 3:19:09/35:03 [3:19:10/4:29:16]  Acc_iter 491750      Data time: 0.00(0.00)  Forward time: 0.25(0.25)  Batch time: 0.26(0.25)
2026-08-15 14:29:55,005   INFO  Train:    9/10 ( 90%) [47295/55563 ( 85%)]  Loss: 0.9941 (0.950)  LR: 1.501e-05  Time cost: 3:19:21/34:51 [3:19:23/4:29:03]  Acc_iter 491800      Data time: 0.00(0.00)  Forward time: 0.28(0.25)  Batch time: 0.28(0.25)
2026-08-15 14:30:07,392   INFO  Train:    9/10 ( 90%) [47345/55563 ( 85%)]  Loss: 0.5895 (0.950)  LR: 1.499e-05  Time cost: 3:19:34/34:38 [3:19:35/4:28:50]  Acc_iter 491850      Data time: 0.00(0.00)  Forward time: 0.23(0.25)  Batch time: 0.23(0.25)
2026-08-15 14:30:07,874   INFO  a1e06a0b30c0                Sat Aug 15 14:30:07 2026  580.173.02
[0] NVIDIA GeForce RTX 3070 | 66°C,  99 % |  7386 /  8192 MB | root(6928M)

2026-08-15 14:30:20,217   INFO  Train:    9/10 ( 90%) [47395/55563 ( 85%)]  Loss: 1.254 (0.950)  LR: 1.496e-05  Time cost: 3:19:46/34:25 [3:19:48/4:28:38]  Acc_iter 491900      Data time: 0.00(0.00)  Forward time: 0.27(0.25)  Batch time: 0.27(0.25)
2026-08-15 14:30:32,433   INFO  Train:    9/10 ( 90%) [47445/55563 ( 85%)]  Loss: 1.327 (0.950)  LR: 1.494e-05  Time cost: 3:19:59/34:13 [3:20:00/4:28:24]  Acc_iter 491950      Data time: 0.00(0.00)  Forward time: 0.27(0.25)  Batch time: 0.27(0.25)
2026-08-15 14:30:33,494   INFO  Save latest model to /OpenPCDet/output/OpenPCDet/tools/cfgs/models/S/F/S_F_N/default/ckpt/latest_model
2026-08-15 14:30:44,724   INFO  Train:    9/10 ( 90%) [47495/55563 ( 85%)]  Loss: 1.012 (0.950)  LR: 1.492e-05  Time cost: 3:20:11/34:00 [3:20:12/4:28:11]  Acc_iter 492000      Data time: 0.00(0.00)  Forward time: 0.27(0.25)  Batch time: 0.27(0.25)
2026-08-15 14:30:45,114   INFO  a1e06a0b30c0                Sat Aug 15 14:30:45 2026  580.173.02
[0] NVIDIA GeForce RTX 3070 | 74°C,  94 % |  7386 /  8192 MB | root(6928M)

2026-08-15 14:30:57,958   INFO  Train:    9/10 ( 90%) [47545/55563 ( 86%)]  Loss: 1.649 (0.950)  LR: 1.489e-05  Time cost: 3:20:24/33:47 [3:20:26/4:27:59]  Acc_iter 492050      Data time: 0.00(0.00)  Forward time: 0.23(0.25)  Batch time: 0.23(0.25)
2026-08-15 14:31:10,599   INFO  Train:    9/10 ( 90%) [47595/55563 ( 86%)]  Loss: 1.181 (0.950)  LR: 1.487e-05  Time cost: 3:20:37/33:35 [3:20:38/4:27:47]  Acc_iter 492100      Data time: 0.00(0.00)  Forward time: 0.26(0.25)  Batch time: 0.26(0.25)
2026-08-15 14:31:23,016   INFO  Train:    9/10 ( 90%) [47645/55563 ( 86%)]  Loss: 1.188 (0.950)  LR: 1.485e-05  Time cost: 3:20:49/33:22 [3:20:51/4:27:34]  Acc_iter 492150      Data time: 0.00(0.00)  Forward time: 0.28(0.25)  Batch time: 0.29(0.25)
2026-08-15 14:31:23,413   INFO  a1e06a0b30c0                Sat Aug 15 14:31:23 2026  580.173.02
[0] NVIDIA GeForce RTX 3070 | 69°C,   4 % |  7387 /  8192 MB | root(6928M)

2026-08-15 14:31:35,531   INFO  Train:    9/10 ( 90%) [47695/55563 ( 86%)]  Loss: 1.331 (0.950)  LR: 1.483e-05  Time cost: 3:21:02/33:09 [3:21:03/4:27:21]  Acc_iter 492200      Data time: 0.00(0.00)  Forward time: 0.24(0.25)  Batch time: 0.24(0.25)
2026-08-15 14:31:47,707   INFO  Train:    9/10 ( 90%) [47745/55563 ( 86%)]  Loss: 0.6762 (0.950)  LR: 1.480e-05  Time cost: 3:21:14/32:57 [3:21:15/4:27:08]  Acc_iter 492250      Data time: 0.00(0.00)  Forward time: 0.22(0.25)  Batch time: 0.23(0.25)
2026-08-15 14:32:00,283   INFO  Train:    9/10 ( 90%) [47795/55563 ( 86%)]  Loss: 1.381 (0.950)  LR: 1.478e-05  Time cost: 3:21:26/32:44 [3:21:28/4:26:55]  Acc_iter 492300      Data time: 0.00(0.00)  Forward time: 0.26(0.25)  Batch time: 0.27(0.25)
2026-08-15 14:32:00,676   INFO  a1e06a0b30c0                Sat Aug 15 14:32:00 2026  580.173.02
[0] NVIDIA GeForce RTX 3070 | 74°C,  69 % |  7386 /  8192 MB | root(6928M)

2026-08-15 14:32:12,959   INFO  Train:    9/10 ( 90%) [47845/55563 ( 86%)]  Loss: 0.5009 (0.950)  LR: 1.476e-05  Time cost: 3:21:39/32:31 [3:21:41/4:26:42]  Acc_iter 492350      Data time: 0.00(0.00)  Forward time: 0.25(0.25)  Batch time: 0.25(0.25)
2026-08-15 14:32:25,391   INFO  Train:    9/10 ( 90%) [47895/55563 ( 86%)]  Loss: 0.6974 (0.950)  LR: 1.473e-05  Time cost: 3:21:52/32:19 [3:21:53/4:26:29]  Acc_iter 492400      Data time: 0.00(0.00)  Forward time: 0.25(0.25)  Batch time: 0.25(0.25)
2026-08-15 14:32:37,832   INFO  Train:    9/10 ( 90%) [47945/55563 ( 86%)]  Loss: 0.7550 (0.950)  LR: 1.471e-05  Time cost: 3:22:04/32:06 [3:22:05/4:26:17]  Acc_iter 492450      Data time: 0.00(0.00)  Forward time: 0.22(0.25)  Batch time: 0.22(0.25)
2026-08-15 14:32:38,215   INFO  a1e06a0b30c0                Sat Aug 15 14:32:38 2026  580.173.02
[0] NVIDIA GeForce RTX 3070 | 75°C,  99 % |  7388 /  8192 MB | root(6928M)

2026-08-15 14:32:50,803   INFO  Train:    9/10 ( 90%) [47995/55563 ( 86%)]  Loss: 0.8671 (0.950)  LR: 1.469e-05  Time cost: 3:22:17/31:53 [3:22:18/4:26:04]  Acc_iter 492500      Data time: 0.00(0.00)  Forward time: 0.29(0.25)  Batch time: 0.29(0.25)
2026-08-15 14:33:03,094   INFO  Train:    9/10 ( 90%) [48045/55563 ( 86%)]  Loss: 0.6886 (0.950)  LR: 1.467e-05  Time cost: 3:22:29/31:41 [3:22:31/4:25:51]  Acc_iter 492550      Data time: 0.00(0.00)  Forward time: 0.28(0.25)  Batch time: 0.28(0.25)
2026-08-15 14:33:15,214   INFO  Train:    9/10 ( 90%) [48095/55563 ( 87%)]  Loss: 0.8889 (0.950)  LR: 1.464e-05  Time cost: 3:22:41/31:28 [3:22:43/4:25:38]  Acc_iter 492600      Data time: 0.00(0.00)  Forward time: 0.27(0.25)  Batch time: 0.28(0.25)
2026-08-15 14:33:15,592   INFO  a1e06a0b30c0                Sat Aug 15 14:33:15 2026  580.173.02
[0] NVIDIA GeForce RTX 3070 | 74°C,  99 % |  7387 /  8192 MB | root(6928M)

2026-08-15 14:33:28,165   INFO  Train:    9/10 ( 90%) [48145/55563 ( 87%)]  Loss: 1.681 (0.950)  LR: 1.462e-05  Time cost: 3:22:54/31:15 [3:22:56/4:25:26]  Acc_iter 492650      Data time: 0.00(0.00)  Forward time: 0.25(0.25)  Batch time: 0.25(0.25)
2026-08-15 14:33:40,730   INFO  Train:    9/10 ( 90%) [48195/55563 ( 87%)]  Loss: 1.509 (0.950)  LR: 1.460e-05  Time cost: 3:23:07/31:03 [3:23:08/4:25:13]  Acc_iter 492700      Data time: 0.00(0.00)  Forward time: 0.28(0.25)  Batch time: 0.28(0.25)
2026-08-15 14:33:53,260   INFO  Train:    9/10 ( 90%) [48245/55563 ( 87%)]  Loss: 1.100 (0.950)  LR: 1.457e-05  Time cost: 3:23:19/30:50 [3:23:21/4:25:00]  Acc_iter 492750      Data time: 0.00(0.00)  Forward time: 0.24(0.25)  Batch time: 0.24(0.25)
2026-08-15 14:33:53,639   INFO  a1e06a0b30c0                Sat Aug 15 14:33:53 2026  580.173.02
[0] NVIDIA GeForce RTX 3070 | 74°C,  94 % |  7388 /  8192 MB | root(6928M)

2026-08-15 14:34:05,697   INFO  Train:    9/10 ( 90%) [48295/55563 ( 87%)]  Loss: 0.4142 (0.950)  LR: 1.455e-05  Time cost: 3:23:32/30:37 [3:23:33/4:24:47]  Acc_iter 492800      Data time: 0.00(0.00)  Forward time: 0.22(0.25)  Batch time: 0.22(0.25)
2026-08-15 14:34:18,543   INFO  Train:    9/10 ( 90%) [48345/55563 ( 87%)]  Loss: 0.7874 (0.950)  LR: 1.453e-05  Time cost: 3:23:45/30:25 [3:23:46/4:24:35]  Acc_iter 492850      Data time: 0.00(0.00)  Forward time: 0.29(0.25)  Batch time: 0.29(0.25)
2026-08-15 14:34:30,997   INFO  Train:    9/10 ( 90%) [48395/55563 ( 87%)]  Loss: 0.7380 (0.950)  LR: 1.451e-05  Time cost: 3:23:57/30:12 [3:23:59/4:24:22]  Acc_iter 492900      Data time: 0.00(0.00)  Forward time: 0.28(0.25)  Batch time: 0.28(0.25)
2026-08-15 14:34:31,384   INFO  a1e06a0b30c0                Sat Aug 15 14:34:31 2026  580.173.02
[0] NVIDIA GeForce RTX 3070 | 68°C,   1 % |  7388 /  8192 MB | root(6928M)

2026-08-15 14:34:43,981   INFO  Train:    9/10 ( 90%) [48445/55563 ( 87%)]  Loss: 0.6718 (0.950)  LR: 1.448e-05  Time cost: 3:24:10/29:59 [3:24:12/4:24:10]  Acc_iter 492950      Data time: 0.00(0.00)  Forward time: 0.24(0.25)  Batch time: 0.24(0.25)
2026-08-15 14:34:56,219   INFO  Train:    9/10 ( 90%) [48495/55563 ( 87%)]  Loss: 0.6887 (0.950)  LR: 1.446e-05  Time cost: 3:24:22/29:47 [3:24:24/4:23:57]  Acc_iter 493000      Data time: 0.00(0.00)  Forward time: 0.27(0.25)  Batch time: 0.27(0.25)
2026-08-15 14:35:08,446   INFO  Train:    9/10 ( 90%) [48545/55563 ( 87%)]  Loss: 0.7338 (0.950)  LR: 1.444e-05  Time cost: 3:24:35/29:34 [3:24:36/4:23:43]  Acc_iter 493050      Data time: 0.00(0.00)  Forward time: 0.22(0.25)  Batch time: 0.22(0.25)
2026-08-15 14:35:08,815   INFO  a1e06a0b30c0                Sat Aug 15 14:35:08 2026  580.173.02
[0] NVIDIA GeForce RTX 3070 | 73°C,  82 % |  7389 /  8192 MB | root(6928M)

2026-08-15 14:35:20,923   INFO  Train:    9/10 ( 90%) [48595/55563 ( 87%)]  Loss: 1.206 (0.950)  LR: 1.441e-05  Time cost: 3:24:47/29:21 [3:24:48/4:23:31]  Acc_iter 493100      Data time: 0.00(0.00)  Forward time: 0.27(0.25)  Batch time: 0.27(0.25)
2026-08-15 14:35:33,561   INFO  Train:    9/10 ( 90%) [48645/55563 ( 88%)]  Loss: 1.268 (0.950)  LR: 1.439e-05  Time cost: 3:25:00/29:09 [3:25:01/4:23:18]  Acc_iter 493150      Data time: 0.00(0.00)  Forward time: 0.29(0.25)  Batch time: 0.29(0.25)
2026-08-15 14:35:33,672   INFO  Save latest model to /OpenPCDet/output/OpenPCDet/tools/cfgs/models/S/F/S_F_N/default/ckpt/latest_model
2026-08-15 14:35:46,290   INFO  Train:    9/10 ( 90%) [48695/55563 ( 88%)]  Loss: 1.071 (0.950)  LR: 1.437e-05  Time cost: 3:25:12/28:56 [3:25:14/4:23:05]  Acc_iter 493200      Data time: 0.00(0.00)  Forward time: 0.20(0.25)  Batch time: 0.21(0.25)
2026-08-15 14:35:46,669   INFO  a1e06a0b30c0                Sat Aug 15 14:35:46 2026  580.173.02
[0] NVIDIA GeForce RTX 3070 | 72°C,  75 % |  7388 /  8192 MB | root(6928M)

2026-08-15 14:35:58,945   INFO  Train:    9/10 ( 90%) [48745/55563 ( 88%)]  Loss: 1.551 (0.950)  LR: 1.435e-05  Time cost: 3:25:25/28:43 [3:25:26/4:22:53]  Acc_iter 493250      Data time: 0.00(0.00)  Forward time: 0.25(0.25)  Batch time: 0.25(0.25)
2026-08-15 14:36:11,380   INFO  Train:    9/10 ( 90%) [48795/55563 ( 88%)]  Loss: 0.8027 (0.950)  LR: 1.432e-05  Time cost: 3:25:38/28:31 [3:25:39/4:22:40]  Acc_iter 493300      Data time: 0.00(0.00)  Forward time: 0.24(0.25)  Batch time: 0.24(0.25)
2026-08-15 14:36:23,957   INFO  Train:    9/10 ( 90%) [48845/55563 ( 88%)]  Loss: 1.198 (0.950)  LR: 1.430e-05  Time cost: 3:25:50/28:18 [3:25:52/4:22:27]  Acc_iter 493350      Data time: 0.00(0.00)  Forward time: 0.27(0.25)  Batch time: 0.27(0.25)
2026-08-15 14:36:24,412   INFO  a1e06a0b30c0                Sat Aug 15 14:36:24 2026  580.173.02
[0] NVIDIA GeForce RTX 3070 | 66°C,   1 % |  7388 /  8192 MB | root(6928M)

2026-08-15 14:36:36,828   INFO  Train:    9/10 ( 90%) [48895/55563 ( 88%)]  Loss: 0.7180 (0.950)  LR: 1.428e-05  Time cost: 3:26:03/28:06 [3:26:04/4:22:15]  Acc_iter 493400      Data time: 0.00(0.00)  Forward time: 0.28(0.25)  Batch time: 0.28(0.25)
2026-08-15 14:36:49,005   INFO  Train:    9/10 ( 90%) [48945/55563 ( 88%)]  Loss: 0.6792 (0.950)  LR: 1.426e-05  Time cost: 3:26:15/27:53 [3:26:17/4:22:02]  Acc_iter 493450      Data time: 0.00(0.00)  Forward time: 0.26(0.25)  Batch time: 0.26(0.25)
2026-08-15 14:37:01,419   INFO  Train:    9/10 ( 90%) [48995/55563 ( 88%)]  Loss: 0.6772 (0.950)  LR: 1.423e-05  Time cost: 3:26:28/27:40 [3:26:29/4:21:49]  Acc_iter 493500      Data time: 0.00(0.00)  Forward time: 0.24(0.25)  Batch time: 0.25(0.25)
2026-08-15 14:37:01,818   INFO  a1e06a0b30c0                Sat Aug 15 14:37:01 2026  580.173.02
[0] NVIDIA GeForce RTX 3070 | 72°C,  92 % |  7393 /  8192 MB | root(6928M)

2026-08-15 14:37:14,002   INFO  Train:    9/10 ( 90%) [49045/55563 ( 88%)]  Loss: 0.8552 (0.950)  LR: 1.421e-05  Time cost: 3:26:40/27:27 [3:26:42/4:21:36]  Acc_iter 493550      Data time: 0.00(0.00)  Forward time: 0.22(0.25)  Batch time: 0.22(0.25)
2026-08-15 14:37:26,508   INFO  Train:    9/10 ( 90%) [49095/55563 ( 88%)]  Loss: 1.137 (0.950)  LR: 1.419e-05  Time cost: 3:26:53/27:15 [3:26:54/4:21:23]  Acc_iter 493600      Data time: 0.00(0.00)  Forward time: 0.26(0.25)  Batch time: 0.26(0.25)
2026-08-15 14:37:38,531   INFO  Train:    9/10 ( 90%) [49145/55563 ( 88%)]  Loss: 0.6889 (0.950)  LR: 1.417e-05  Time cost: 3:27:05/27:02 [3:27:06/4:21:10]  Acc_iter 493650      Data time: 0.00(0.00)  Forward time: 0.26(0.25)  Batch time: 0.27(0.25)
2026-08-15 14:37:38,901   INFO  a1e06a0b30c0                Sat Aug 15 14:37:38 2026  580.173.02
[0] NVIDIA GeForce RTX 3070 | 68°C,  97 % |  7389 /  8192 MB | root(6928M)

2026-08-15 14:37:51,018   INFO  Train:    9/10 ( 90%) [49195/55563 ( 89%)]  Loss: 0.2341 (0.950)  LR: 1.414e-05  Time cost: 3:27:17/26:49 [3:27:19/4:20:57]  Acc_iter 493700      Data time: 0.00(0.00)  Forward time: 0.22(0.25)  Batch time: 0.22(0.25)
2026-08-15 14:38:03,081   INFO  Train:    9/10 ( 90%) [49245/55563 ( 89%)]  Loss: 0.8325 (0.950)  LR: 1.412e-05  Time cost: 3:27:29/26:37 [3:27:31/4:20:43]  Acc_iter 493750      Data time: 0.00(0.00)  Forward time: 0.25(0.25)  Batch time: 0.25(0.25)
2026-08-15 14:38:15,631   INFO  Train:    9/10 ( 90%) [49295/55563 ( 89%)]  Loss: 0.7004 (0.950)  LR: 1.410e-05  Time cost: 3:27:42/26:24 [3:27:43/4:20:31]  Acc_iter 493800      Data time: 0.00(0.00)  Forward time: 0.22(0.25)  Batch time: 0.22(0.25)
2026-08-15 14:38:16,028   INFO  a1e06a0b30c0                Sat Aug 15 14:38:16 2026  580.173.02
[0] NVIDIA GeForce RTX 3070 | 72°C,  95 % |  7384 /  8192 MB | root(6928M)

2026-08-15 14:38:28,179   INFO  Train:    9/10 ( 90%) [49345/55563 ( 89%)]  Loss: 0.6497 (0.950)  LR: 1.408e-05  Time cost: 3:27:54/26:11 [3:27:56/4:20:18]  Acc_iter 493850      Data time: 0.00(0.00)  Forward time: 0.25(0.25)  Batch time: 0.25(0.25)
2026-08-15 14:38:40,369   INFO  Train:    9/10 ( 90%) [49395/55563 ( 89%)]  Loss: 0.7239 (0.950)  LR: 1.405e-05  Time cost: 3:28:07/25:59 [3:28:08/4:20:05]  Acc_iter 493900      Data time: 0.00(0.00)  Forward time: 0.24(0.25)  Batch time: 0.24(0.25)
2026-08-15 14:38:52,862   INFO  Train:    9/10 ( 90%) [49445/55563 ( 89%)]  Loss: 1.690 (0.950)  LR: 1.403e-05  Time cost: 3:28:19/25:46 [3:28:20/4:19:52]  Acc_iter 493950      Data time: 0.00(0.00)  Forward time: 0.26(0.25)  Batch time: 0.26(0.25)
2026-08-15 14:38:53,226   INFO  a1e06a0b30c0                Sat Aug 15 14:38:53 2026  580.173.02
[0] NVIDIA GeForce RTX 3070 | 71°C,  72 % |  7386 /  8192 MB | root(6928M)

2026-08-15 14:39:05,593   INFO  Train:    9/10 ( 90%) [49495/55563 ( 89%)]  Loss: 0.6663 (0.950)  LR: 1.401e-05  Time cost: 3:28:32/25:33 [3:28:33/4:19:39]  Acc_iter 494000      Data time: 0.00(0.00)  Forward time: 0.26(0.25)  Batch time: 0.26(0.25)
2026-08-15 14:39:18,011   INFO  Train:    9/10 ( 90%) [49545/55563 ( 89%)]  Loss: 0.8627 (0.950)  LR: 1.399e-05  Time cost: 3:28:44/25:21 [3:28:46/4:19:26]  Acc_iter 494050      Data time: 0.00(0.00)  Forward time: 0.24(0.25)  Batch time: 0.24(0.25)
2026-08-15 14:39:30,302   INFO  Train:    9/10 ( 90%) [49595/55563 ( 89%)]  Loss: 1.705 (0.950)  LR: 1.396e-05  Time cost: 3:28:56/25:08 [3:28:58/4:19:13]  Acc_iter 494100      Data time: 0.00(0.00)  Forward time: 0.27(0.25)  Batch time: 0.27(0.25)
2026-08-15 14:39:30,696   INFO  a1e06a0b30c0                Sat Aug 15 14:39:30 2026  580.173.02
[0] NVIDIA GeForce RTX 3070 | 72°C,  83 % |  7393 /  8192 MB | root(6928M)

2026-08-15 14:39:43,086   INFO  Train:    9/10 ( 90%) [49645/55563 ( 89%)]  Loss: 1.099 (0.950)  LR: 1.394e-05  Time cost: 3:29:09/24:55 [3:29:11/4:19:01]  Acc_iter 494150      Data time: 0.00(0.00)  Forward time: 0.25(0.25)  Batch time: 0.25(0.25)
2026-08-15 14:39:55,679   INFO  Train:    9/10 ( 90%) [49695/55563 ( 89%)]  Loss: 1.666 (0.950)  LR: 1.392e-05  Time cost: 3:29:22/24:43 [3:29:23/4:18:48]  Acc_iter 494200      Data time: 0.00(0.00)  Forward time: 0.27(0.25)  Batch time: 0.27(0.25)
2026-08-15 14:40:08,534   INFO  Train:    9/10 ( 90%) [49745/55563 ( 90%)]  Loss: 0.6759 (0.950)  LR: 1.390e-05  Time cost: 3:29:35/24:30 [3:29:36/4:18:36]  Acc_iter 494250      Data time: 0.00(0.00)  Forward time: 0.25(0.25)  Batch time: 0.25(0.25)
2026-08-15 14:40:08,915   INFO  a1e06a0b30c0                Sat Aug 15 14:40:08 2026  580.173.02
[0] NVIDIA GeForce RTX 3070 | 67°C,  73 % |  7388 /  8192 MB | root(6928M)

2026-08-15 14:40:21,339   INFO  Train:    9/10 ( 90%) [49795/55563 ( 90%)]  Loss: 0.3640 (0.950)  LR: 1.388e-05  Time cost: 3:29:47/24:18 [3:29:49/4:18:23]  Acc_iter 494300      Data time: 0.00(0.00)  Forward time: 0.24(0.25)  Batch time: 0.24(0.25)
2026-08-15 14:40:33,553   INFO  Save latest model to /OpenPCDet/output/OpenPCDet/tools/cfgs/models/S/F/S_F_N/default/ckpt/latest_model
2026-08-15 14:40:33,807   INFO  Train:    9/10 ( 90%) [49845/55563 ( 90%)]  Loss: 1.368 (0.950)  LR: 1.385e-05  Time cost: 3:30:00/24:05 [3:30:01/4:18:11]  Acc_iter 494350      Data time: 0.10(0.00)  Forward time: 0.25(0.25)  Batch time: 0.35(0.25)
2026-08-15 14:40:46,272   INFO  Train:    9/10 ( 90%) [49895/55563 ( 90%)]  Loss: 0.7652 (0.950)  LR: 1.383e-05  Time cost: 3:30:12/23:52 [3:30:14/4:17:58]  Acc_iter 494400      Data time: 0.00(0.00)  Forward time: 0.24(0.25)  Batch time: 0.25(0.25)
2026-08-15 14:40:46,658   INFO  a1e06a0b30c0                Sat Aug 15 14:40:46 2026  580.173.02
[0] NVIDIA GeForce RTX 3070 | 72°C,  69 % |  7388 /  8192 MB | root(6928M)

2026-08-15 14:40:59,337   INFO  Train:    9/10 ( 90%) [49945/55563 ( 90%)]  Loss: 0.9907 (0.950)  LR: 1.381e-05  Time cost: 3:30:25/23:40 [3:30:27/4:17:46]  Acc_iter 494450      Data time: 0.00(0.00)  Forward time: 0.24(0.25)  Batch time: 0.25(0.25)
2026-08-15 14:41:11,439   INFO  Train:    9/10 ( 90%) [49995/55563 ( 90%)]  Loss: 1.382 (0.950)  LR: 1.379e-05  Time cost: 3:30:38/23:27 [3:30:39/4:17:32]  Acc_iter 494500      Data time: 0.00(0.00)  Forward time: 0.23(0.25)  Batch time: 0.23(0.25)
2026-08-15 14:41:23,660   INFO  Train:    9/10 ( 90%) [50045/55563 ( 90%)]  Loss: 0.5558 (0.950)  LR: 1.376e-05  Time cost: 3:30:50/23:14 [3:30:51/4:17:19]  Acc_iter 494550      Data time: 0.00(0.00)  Forward time: 0.26(0.25)  Batch time: 0.26(0.25)
2026-08-15 14:41:24,041   INFO  a1e06a0b30c0                Sat Aug 15 14:41:24 2026  580.173.02
[0] NVIDIA GeForce RTX 3070 | 75°C,  97 % |  7389 /  8192 MB | root(6928M)

2026-08-15 14:41:36,202   INFO  Train:    9/10 ( 90%) [50095/55563 ( 90%)]  Loss: 1.136 (0.949)  LR: 1.374e-05  Time cost: 3:31:02/23:02 [3:31:04/4:17:06]  Acc_iter 494600      Data time: 0.00(0.00)  Forward time: 0.26(0.25)  Batch time: 0.26(0.25)
2026-08-15 14:41:48,896   INFO  Train:    9/10 ( 90%) [50145/55563 ( 90%)]  Loss: 0.3713 (0.949)  LR: 1.372e-05  Time cost: 3:31:15/22:49 [3:31:16/4:16:54]  Acc_iter 494650      Data time: 0.00(0.00)  Forward time: 0.22(0.25)  Batch time: 0.22(0.25)
2026-08-15 14:42:01,429   INFO  Train:    9/10 ( 90%) [50195/55563 ( 90%)]  Loss: 0.4236 (0.949)  LR: 1.370e-05  Time cost: 3:31:28/22:36 [3:31:29/4:16:41]  Acc_iter 494700      Data time: 0.00(0.00)  Forward time: 0.22(0.25)  Batch time: 0.23(0.25)
2026-08-15 14:42:01,809   INFO  a1e06a0b30c0                Sat Aug 15 14:42:01 2026  580.173.02
[0] NVIDIA GeForce RTX 3070 | 75°C,  87 % |  7389 /  8192 MB | root(6928M)

2026-08-15 14:42:14,160   INFO  Train:    9/10 ( 90%) [50245/55563 ( 90%)]  Loss: 0.8792 (0.949)  LR: 1.368e-05  Time cost: 3:31:40/22:24 [3:31:42/4:16:29]  Acc_iter 494750      Data time: 0.00(0.00)  Forward time: 0.25(0.25)  Batch time: 0.25(0.25)
2026-08-15 14:42:26,558   INFO  Train:    9/10 ( 90%) [50295/55563 ( 91%)]  Loss: 0.5452 (0.949)  LR: 1.365e-05  Time cost: 3:31:53/22:11 [3:31:54/4:16:16]  Acc_iter 494800      Data time: 0.00(0.00)  Forward time: 0.24(0.25)  Batch time: 0.25(0.25)
2026-08-15 14:42:39,014   INFO  Train:    9/10 ( 90%) [50345/55563 ( 91%)]  Loss: 1.352 (0.949)  LR: 1.363e-05  Time cost: 3:32:05/21:58 [3:32:07/4:16:03]  Acc_iter 494850      Data time: 0.00(0.00)  Forward time: 0.26(0.25)  Batch time: 0.26(0.25)
2026-08-15 14:42:39,447   INFO  a1e06a0b30c0                Sat Aug 15 14:42:39 2026  580.173.02
[0] NVIDIA GeForce RTX 3070 | 69°C,   1 % |  7388 /  8192 MB | root(6928M)

2026-08-15 14:42:51,951   INFO  Train:    9/10 ( 90%) [50395/55563 ( 91%)]  Loss: 0.7839 (0.949)  LR: 1.361e-05  Time cost: 3:32:18/21:46 [3:32:19/4:15:50]  Acc_iter 494900      Data time: 0.00(0.00)  Forward time: 0.25(0.25)  Batch time: 0.25(0.25)
2026-08-15 14:43:04,263   INFO  Train:    9/10 ( 90%) [50445/55563 ( 91%)]  Loss: 1.100 (0.949)  LR: 1.359e-05  Time cost: 3:32:30/21:33 [3:32:32/4:15:37]  Acc_iter 494950      Data time: 0.00(0.00)  Forward time: 0.22(0.25)  Batch time: 0.22(0.25)
2026-08-15 14:43:16,228   INFO  Train:    9/10 ( 90%) [50495/55563 ( 91%)]  Loss: 0.7943 (0.949)  LR: 1.357e-05  Time cost: 3:32:42/21:20 [3:32:44/4:15:24]  Acc_iter 495000      Data time: 0.00(0.00)  Forward time: 0.22(0.25)  Batch time: 0.22(0.25)
2026-08-15 14:43:16,656   INFO  a1e06a0b30c0                Sat Aug 15 14:43:16 2026  580.173.02
[0] NVIDIA GeForce RTX 3070 | 75°C,  94 % |  7386 /  8192 MB | root(6928M)

2026-08-15 14:43:28,868   INFO  Train:    9/10 ( 90%) [50545/55563 ( 91%)]  Loss: 1.435 (0.949)  LR: 1.354e-05  Time cost: 3:32:55/21:08 [3:32:56/4:15:11]  Acc_iter 495050      Data time: 0.00(0.00)  Forward time: 0.24(0.25)  Batch time: 0.24(0.25)
2026-08-15 14:43:41,537   INFO  Train:    9/10 ( 90%) [50595/55563 ( 91%)]  Loss: 1.501 (0.949)  LR: 1.352e-05  Time cost: 3:33:08/20:55 [3:33:09/4:14:59]  Acc_iter 495100      Data time: 0.00(0.00)  Forward time: 0.26(0.25)  Batch time: 0.26(0.25)
2026-08-15 14:43:53,855   INFO  Train:    9/10 ( 90%) [50645/55563 ( 91%)]  Loss: 0.7697 (0.949)  LR: 1.350e-05  Time cost: 3:33:20/20:42 [3:33:21/4:14:46]  Acc_iter 495150      Data time: 0.00(0.00)  Forward time: 0.27(0.25)  Batch time: 0.27(0.25)
2026-08-15 14:43:54,224   INFO  a1e06a0b30c0                Sat Aug 15 14:43:54 2026  580.173.02
[0] NVIDIA GeForce RTX 3070 | 75°C,  87 % |  7389 /  8192 MB | root(6928M)

2026-08-15 14:44:06,488   INFO  Train:    9/10 ( 90%) [50695/55563 ( 91%)]  Loss: 0.7232 (0.949)  LR: 1.348e-05  Time cost: 3:33:33/20:30 [3:33:34/4:14:33]  Acc_iter 495200      Data time: 0.00(0.00)  Forward time: 0.25(0.25)  Batch time: 0.26(0.25)
2026-08-15 14:44:18,959   INFO  Train:    9/10 ( 90%) [50745/55563 ( 91%)]  Loss: 0.9136 (0.949)  LR: 1.346e-05  Time cost: 3:33:45/20:17 [3:33:47/4:14:20]  Acc_iter 495250      Data time: 0.00(0.00)  Forward time: 0.28(0.25)  Batch time: 0.28(0.25)
2026-08-15 14:44:31,901   INFO  Train:    9/10 ( 90%) [50795/55563 ( 91%)]  Loss: 0.7530 (0.949)  LR: 1.343e-05  Time cost: 3:33:58/20:05 [3:33:59/4:14:08]  Acc_iter 495300      Data time: 0.00(0.00)  Forward time: 0.27(0.25)  Batch time: 0.27(0.25)
2026-08-15 14:44:32,278   INFO  a1e06a0b30c0                Sat Aug 15 14:44:32 2026  580.173.02
[0] NVIDIA GeForce RTX 3070 | 73°C,  56 % |  7388 /  8192 MB | root(6928M)

2026-08-15 14:44:44,595   INFO  Train:    9/10 ( 90%) [50845/55563 ( 92%)]  Loss: 0.9051 (0.949)  LR: 1.341e-05  Time cost: 3:34:11/19:52 [3:34:12/4:13:55]  Acc_iter 495350      Data time: 0.00(0.00)  Forward time: 0.28(0.25)  Batch time: 0.28(0.25)
2026-08-15 14:44:56,871   INFO  Train:    9/10 ( 90%) [50895/55563 ( 92%)]  Loss: 0.6736 (0.949)  LR: 1.339e-05  Time cost: 3:34:23/19:39 [3:34:24/4:13:42]  Acc_iter 495400      Data time: 0.00(0.00)  Forward time: 0.26(0.25)  Batch time: 0.27(0.25)
2026-08-15 14:45:09,365   INFO  Train:    9/10 ( 90%) [50945/55563 ( 92%)]  Loss: 0.8794 (0.949)  LR: 1.337e-05  Time cost: 3:34:36/19:27 [3:34:37/4:13:30]  Acc_iter 495450      Data time: 0.00(0.00)  Forward time: 0.28(0.25)  Batch time: 0.28(0.25)
2026-08-15 14:45:09,791   INFO  a1e06a0b30c0                Sat Aug 15 14:45:09 2026  580.173.02
[0] NVIDIA GeForce RTX 3070 | 74°C,  59 % |  7388 /  8192 MB | root(6928M)

2026-08-15 14:45:22,679   INFO  Train:    9/10 ( 90%) [50995/55563 ( 92%)]  Loss: 0.8851 (0.949)  LR: 1.335e-05  Time cost: 3:34:49/19:14 [3:34:50/4:13:18]  Acc_iter 495500      Data time: 0.00(0.00)  Forward time: 0.22(0.25)  Batch time: 0.22(0.25)
2026-08-15 14:45:33,527   INFO  Save latest model to /OpenPCDet/output/OpenPCDet/tools/cfgs/models/S/F/S_F_N/default/ckpt/latest_model
2026-08-15 14:45:35,116   INFO  Train:    9/10 ( 90%) [51045/55563 ( 92%)]  Loss: 0.7683 (0.949)  LR: 1.332e-05  Time cost: 3:35:01/19:01 [3:35:03/4:13:05]  Acc_iter 495550      Data time: 0.00(0.00)  Forward time: 0.25(0.25)  Batch time: 0.25(0.25)
2026-08-15 14:45:47,697   INFO  Train:    9/10 ( 90%) [51095/55563 ( 92%)]  Loss: 0.8378 (0.949)  LR: 1.330e-05  Time cost: 3:35:14/18:49 [3:35:15/4:12:52]  Acc_iter 495600      Data time: 0.00(0.00)  Forward time: 0.24(0.25)  Batch time: 0.25(0.25)
2026-08-15 14:45:48,065   INFO  a1e06a0b30c0                Sat Aug 15 14:45:48 2026  580.173.02
[0] NVIDIA GeForce RTX 3070 | 75°C,  96 % |  7389 /  8192 MB | root(6928M)

2026-08-15 14:46:00,372   INFO  Train:    9/10 ( 90%) [51145/55563 ( 92%)]  Loss: 1.643 (0.949)  LR: 1.328e-05  Time cost: 3:35:27/18:36 [3:35:28/4:12:40]  Acc_iter 495650      Data time: 0.00(0.00)  Forward time: 0.25(0.25)  Batch time: 0.25(0.25)
2026-08-15 14:46:13,139   INFO  Train:    9/10 ( 90%) [51195/55563 ( 92%)]  Loss: 1.007 (0.949)  LR: 1.326e-05  Time cost: 3:35:39/18:24 [3:35:41/4:12:27]  Acc_iter 495700      Data time: 0.00(0.00)  Forward time: 0.24(0.25)  Batch time: 0.24(0.25)
2026-08-15 14:46:25,443   INFO  Train:    9/10 ( 90%) [51245/55563 ( 92%)]  Loss: 0.5851 (0.949)  LR: 1.324e-05  Time cost: 3:35:52/18:11 [3:35:53/4:12:14]  Acc_iter 495750      Data time: 0.00(0.00)  Forward time: 0.21(0.25)  Batch time: 0.21(0.25)
2026-08-15 14:46:25,823   INFO  a1e06a0b30c0                Sat Aug 15 14:46:25 2026  580.173.02
[0] NVIDIA GeForce RTX 3070 | 74°C,  96 % |  7388 /  8192 MB | root(6928M)

2026-08-15 14:46:38,094   INFO  Train:    9/10 ( 90%) [51295/55563 ( 92%)]  Loss: 1.029 (0.949)  LR: 1.322e-05  Time cost: 3:36:04/17:58 [3:36:06/4:12:01]  Acc_iter 495800      Data time: 0.00(0.00)  Forward time: 0.23(0.25)  Batch time: 0.23(0.25)
2026-08-15 14:46:50,285   INFO  Train:    9/10 ( 90%) [51345/55563 ( 92%)]  Loss: 1.151 (0.949)  LR: 1.319e-05  Time cost: 3:36:16/17:46 [3:36:18/4:11:48]  Acc_iter 495850      Data time: 0.00(0.00)  Forward time: 0.24(0.25)  Batch time: 0.24(0.25)
2026-08-15 14:47:02,614   INFO  Train:    9/10 ( 90%) [51395/55563 ( 92%)]  Loss: 2.242 (0.949)  LR: 1.317e-05  Time cost: 3:36:29/17:33 [3:36:30/4:11:35]  Acc_iter 495900      Data time: 0.00(0.00)  Forward time: 0.26(0.25)  Batch time: 0.26(0.25)
2026-08-15 14:47:03,040   INFO  a1e06a0b30c0                Sat Aug 15 14:47:03 2026  580.173.02
[0] NVIDIA GeForce RTX 3070 | 73°C,  73 % |  7388 /  8192 MB | root(6928M)

2026-08-15 14:47:15,742   INFO  Train:    9/10 ( 90%) [51445/55563 ( 93%)]  Loss: 1.127 (0.949)  LR: 1.315e-05  Time cost: 3:36:42/17:20 [3:36:43/4:11:23]  Acc_iter 495950      Data time: 0.00(0.00)  Forward time: 0.25(0.25)  Batch time: 0.25(0.25)
2026-08-15 14:47:28,181   INFO  Train:    9/10 ( 90%) [51495/55563 ( 93%)]  Loss: 0.4578 (0.949)  LR: 1.313e-05  Time cost: 3:36:54/17:08 [3:36:56/4:11:10]  Acc_iter 496000      Data time: 0.00(0.00)  Forward time: 0.25(0.25)  Batch time: 0.25(0.25)
2026-08-15 14:47:40,622   INFO  Train:    9/10 ( 90%) [51545/55563 ( 93%)]  Loss: 0.6988 (0.949)  LR: 1.311e-05  Time cost: 3:37:07/16:55 [3:37:08/4:10:57]  Acc_iter 496050      Data time: 0.00(0.00)  Forward time: 0.26(0.25)  Batch time: 0.26(0.25)
2026-08-15 14:47:40,987   INFO  a1e06a0b30c0                Sat Aug 15 14:47:40 2026  580.173.02
[0] NVIDIA GeForce RTX 3070 | 70°C,  65 % |  7389 /  8192 MB | root(6928M)

2026-08-15 14:47:53,391   INFO  Train:    9/10 ( 90%) [51595/55563 ( 93%)]  Loss: 0.4186 (0.949)  LR: 1.309e-05  Time cost: 3:37:20/16:42 [3:37:21/4:10:45]  Acc_iter 496100      Data time: 0.00(0.00)  Forward time: 0.20(0.25)  Batch time: 0.20(0.25)
2026-08-15 14:48:06,053   INFO  Train:    9/10 ( 90%) [51645/55563 ( 93%)]  Loss: 1.974 (0.949)  LR: 1.306e-05  Time cost: 3:37:32/16:30 [3:37:34/4:10:32]  Acc_iter 496150      Data time: 0.00(0.00)  Forward time: 0.27(0.25)  Batch time: 0.28(0.25)
2026-08-15 14:48:18,372   INFO  Train:    9/10 ( 90%) [51695/55563 ( 93%)]  Loss: 0.7170 (0.949)  LR: 1.304e-05  Time cost: 3:37:45/16:17 [3:37:46/4:10:19]  Acc_iter 496200      Data time: 0.00(0.00)  Forward time: 0.24(0.25)  Batch time: 0.24(0.25)
2026-08-15 14:48:18,748   INFO  a1e06a0b30c0                Sat Aug 15 14:48:18 2026  580.173.02
[0] NVIDIA GeForce RTX 3070 | 74°C,  73 % |  7386 /  8192 MB | root(6928M)

2026-08-15 14:48:31,165   INFO  Train:    9/10 ( 90%) [51745/55563 ( 93%)]  Loss: 0.5440 (0.949)  LR: 1.302e-05  Time cost: 3:37:57/16:04 [3:37:59/4:10:07]  Acc_iter 496250      Data time: 0.00(0.00)  Forward time: 0.24(0.25)  Batch time: 0.24(0.25)
2026-08-15 14:48:43,410   INFO  Train:    9/10 ( 90%) [51795/55563 ( 93%)]  Loss: 1.070 (0.949)  LR: 1.300e-05  Time cost: 3:38:10/15:52 [3:38:11/4:09:54]  Acc_iter 496300      Data time: 0.00(0.00)  Forward time: 0.24(0.25)  Batch time: 0.24(0.25)
2026-08-15 14:48:55,976   INFO  Train:    9/10 ( 90%) [51845/55563 ( 93%)]  Loss: 0.7391 (0.949)  LR: 1.298e-05  Time cost: 3:38:22/15:39 [3:38:24/4:09:41]  Acc_iter 496350      Data time: 0.00(0.00)  Forward time: 0.25(0.25)  Batch time: 0.25(0.25)
2026-08-15 14:48:56,410   INFO  a1e06a0b30c0                Sat Aug 15 14:48:56 2026  580.173.02
[0] NVIDIA GeForce RTX 3070 | 67°C,   1 % |  7388 /  8192 MB | root(6928M)

2026-08-15 14:49:08,982   INFO  Train:    9/10 ( 90%) [51895/55563 ( 93%)]  Loss: 0.2751 (0.949)  LR: 1.296e-05  Time cost: 3:38:35/15:27 [3:38:37/4:09:29]  Acc_iter 496400      Data time: 0.00(0.00)  Forward time: 0.22(0.25)  Batch time: 0.22(0.25)
2026-08-15 14:49:21,252   INFO  Train:    9/10 ( 90%) [51945/55563 ( 93%)]  Loss: 0.9352 (0.949)  LR: 1.293e-05  Time cost: 3:38:47/15:14 [3:38:49/4:09:16]  Acc_iter 496450      Data time: 0.00(0.00)  Forward time: 0.27(0.25)  Batch time: 0.27(0.25)
2026-08-15 14:49:33,636   INFO  Train:    9/10 ( 90%) [51995/55563 ( 94%)]  Loss: 0.8525 (0.949)  LR: 1.291e-05  Time cost: 3:39:00/15:01 [3:39:01/4:09:03]  Acc_iter 496500      Data time: 0.00(0.00)  Forward time: 0.26(0.25)  Batch time: 0.26(0.25)
2026-08-15 14:49:34,061   INFO  a1e06a0b30c0                Sat Aug 15 14:49:34 2026  580.173.02
[0] NVIDIA GeForce RTX 3070 | 70°C,  68 % |  7389 /  8192 MB | root(6928M)

2026-08-15 14:49:46,221   INFO  Train:    9/10 ( 90%) [52045/55563 ( 94%)]  Loss: 1.545 (0.949)  LR: 1.289e-05  Time cost: 3:39:12/14:49 [3:39:14/4:08:50]  Acc_iter 496550      Data time: 0.00(0.00)  Forward time: 0.22(0.25)  Batch time: 0.22(0.25)
2026-08-15 14:49:59,163   INFO  Train:    9/10 ( 90%) [52095/55563 ( 94%)]  Loss: 1.621 (0.949)  LR: 1.287e-05  Time cost: 3:39:25/14:36 [3:39:27/4:08:38]  Acc_iter 496600      Data time: 0.00(0.00)  Forward time: 0.27(0.25)  Batch time: 0.27(0.25)
2026-08-15 14:50:11,667   INFO  Train:    9/10 ( 90%) [52145/55563 ( 94%)]  Loss: 0.4797 (0.949)  LR: 1.285e-05  Time cost: 3:39:38/14:23 [3:39:39/4:08:25]  Acc_iter 496650      Data time: 0.00(0.00)  Forward time: 0.20(0.25)  Batch time: 0.20(0.25)
2026-08-15 14:50:12,045   INFO  a1e06a0b30c0                Sat Aug 15 14:50:12 2026  580.173.02
[0] NVIDIA GeForce RTX 3070 | 72°C,  94 % |  7388 /  8192 MB | root(6928M)

2026-08-15 14:50:24,330   INFO  Train:    9/10 ( 90%) [52195/55563 ( 94%)]  Loss: 1.256 (0.949)  LR: 1.283e-05  Time cost: 3:39:50/14:11 [3:39:52/4:08:13]  Acc_iter 496700      Data time: 0.00(0.00)  Forward time: 0.26(0.25)  Batch time: 0.26(0.25)
2026-08-15 14:50:33,587   INFO  Save latest model to /OpenPCDet/output/OpenPCDet/tools/cfgs/models/S/F/S_F_N/default/ckpt/latest_model
2026-08-15 14:50:36,855   INFO  Train:    9/10 ( 90%) [52245/55563 ( 94%)]  Loss: 1.384 (0.949)  LR: 1.281e-05  Time cost: 3:40:03/13:58 [3:40:04/4:08:00]  Acc_iter 496750      Data time: 0.00(0.00)  Forward time: 0.25(0.25)  Batch time: 0.25(0.25)
2026-08-15 14:50:49,329   INFO  Train:    9/10 ( 90%) [52295/55563 ( 94%)]  Loss: 0.6991 (0.949)  LR: 1.278e-05  Time cost: 3:40:15/13:45 [3:40:17/4:07:47]  Acc_iter 496800      Data time: 0.00(0.00)  Forward time: 0.25(0.25)  Batch time: 0.25(0.25)
2026-08-15 14:50:49,807   INFO  a1e06a0b30c0                Sat Aug 15 14:50:49 2026  580.173.02
[0] NVIDIA GeForce RTX 3070 | 71°C,  93 % |  7388 /  8192 MB | root(6928M)

2026-08-15 14:51:02,252   INFO  Train:    9/10 ( 90%) [52345/55563 ( 94%)]  Loss: 1.656 (0.949)  LR: 1.276e-05  Time cost: 3:40:28/13:33 [3:40:30/4:07:35]  Acc_iter 496850      Data time: 0.00(0.00)  Forward time: 0.26(0.25)  Batch time: 0.26(0.25)
2026-08-15 14:51:14,528   INFO  Train:    9/10 ( 90%) [52395/55563 ( 94%)]  Loss: 0.5839 (0.949)  LR: 1.274e-05  Time cost: 3:40:41/13:20 [3:40:42/4:07:22]  Acc_iter 496900      Data time: 0.00(0.00)  Forward time: 0.22(0.25)  Batch time: 0.23(0.25)
2026-08-15 14:51:26,830   INFO  Train:    9/10 ( 90%) [52445/55563 ( 94%)]  Loss: 1.182 (0.949)  LR: 1.272e-05  Time cost: 3:40:53/13:07 [3:40:54/4:07:09]  Acc_iter 496950      Data time: 0.00(0.00)  Forward time: 0.25(0.25)  Batch time: 0.25(0.25)
2026-08-15 14:51:27,200   INFO  a1e06a0b30c0                Sat Aug 15 14:51:27 2026  580.173.02
[0] NVIDIA GeForce RTX 3070 | 70°C,  97 % |  7388 /  8192 MB | root(6928M)

2026-08-15 14:51:39,706   INFO  Train:    9/10 ( 90%) [52495/55563 ( 94%)]  Loss: 0.6241 (0.949)  LR: 1.270e-05  Time cost: 3:41:06/12:55 [3:41:07/4:06:56]  Acc_iter 497000      Data time: 0.00(0.00)  Forward time: 0.28(0.25)  Batch time: 0.28(0.25)
2026-08-15 14:51:52,158   INFO  Train:    9/10 ( 90%) [52545/55563 ( 95%)]  Loss: 1.450 (0.949)  LR: 1.268e-05  Time cost: 3:41:18/12:42 [3:41:20/4:06:43]  Acc_iter 497050      Data time: 0.00(0.00)  Forward time: 0.29(0.25)  Batch time: 0.29(0.25)
2026-08-15 14:52:04,467   INFO  Train:    9/10 ( 90%) [52595/55563 ( 95%)]  Loss: 0.7471 (0.949)  LR: 1.266e-05  Time cost: 3:41:31/12:30 [3:41:32/4:06:30]  Acc_iter 497100      Data time: 0.00(0.00)  Forward time: 0.24(0.25)  Batch time: 0.25(0.25)
2026-08-15 14:52:04,864   INFO  a1e06a0b30c0                Sat Aug 15 14:52:04 2026  580.173.02
[0] NVIDIA GeForce RTX 3070 | 70°C,  87 % |  7388 /  8192 MB | root(6928M)

2026-08-15 14:52:17,216   INFO  Train:    9/10 ( 90%) [52645/55563 ( 95%)]  Loss: 1.393 (0.949)  LR: 1.263e-05  Time cost: 3:41:43/12:17 [3:41:45/4:06:18]  Acc_iter 497150      Data time: 0.00(0.00)  Forward time: 0.23(0.25)  Batch time: 0.23(0.25)
2026-08-15 14:52:29,465   INFO  Train:    9/10 ( 90%) [52695/55563 ( 95%)]  Loss: 0.8214 (0.949)  LR: 1.261e-05  Time cost: 3:41:56/12:04 [3:41:57/4:06:05]  Acc_iter 497200      Data time: 0.00(0.00)  Forward time: 0.22(0.25)  Batch time: 0.23(0.25)
2026-08-15 14:52:42,010   INFO  Train:    9/10 ( 90%) [52745/55563 ( 95%)]  Loss: 0.4991 (0.949)  LR: 1.259e-05  Time cost: 3:42:08/11:52 [3:42:10/4:05:52]  Acc_iter 497250      Data time: 0.00(0.00)  Forward time: 0.23(0.25)  Batch time: 0.23(0.25)
2026-08-15 14:52:42,379   INFO  a1e06a0b30c0                Sat Aug 15 14:52:42 2026  580.173.02
[0] NVIDIA GeForce RTX 3070 | 72°C,  98 % |  7388 /  8192 MB | root(6928M)

2026-08-15 14:52:54,515   INFO  Train:    9/10 ( 90%) [52795/55563 ( 95%)]  Loss: 0.7454 (0.949)  LR: 1.257e-05  Time cost: 3:42:21/11:39 [3:42:22/4:05:39]  Acc_iter 497300      Data time: 0.00(0.00)  Forward time: 0.22(0.25)  Batch time: 0.22(0.25)
2026-08-15 14:53:06,481   INFO  Train:    9/10 ( 90%) [52845/55563 ( 95%)]  Loss: 0.9090 (0.949)  LR: 1.255e-05  Time cost: 3:42:33/11:26 [3:42:34/4:05:26]  Acc_iter 497350      Data time: 0.00(0.00)  Forward time: 0.27(0.25)  Batch time: 0.27(0.25)
2026-08-15 14:53:18,976   INFO  Train:    9/10 ( 90%) [52895/55563 ( 95%)]  Loss: 0.4512 (0.949)  LR: 1.253e-05  Time cost: 3:42:45/11:14 [3:42:47/4:05:13]  Acc_iter 497400      Data time: 0.00(0.00)  Forward time: 0.22(0.25)  Batch time: 0.22(0.25)
2026-08-15 14:53:19,420   INFO  a1e06a0b30c0                Sat Aug 15 14:53:19 2026  580.173.02
[0] NVIDIA GeForce RTX 3070 | 65°C,  99 % |  7386 /  8192 MB | root(6928M)

2026-08-15 14:53:32,069   INFO  Train:    9/10 ( 90%) [52945/55563 ( 95%)]  Loss: 1.000 (0.949)  LR: 1.251e-05  Time cost: 3:42:58/11:01 [3:43:00/4:05:01]  Acc_iter 497450      Data time: 0.00(0.00)  Forward time: 0.23(0.25)  Batch time: 0.23(0.25)
2026-08-15 14:53:44,348   INFO  Train:    9/10 ( 90%) [52995/55563 ( 95%)]  Loss: 1.572 (0.949)  LR: 1.249e-05  Time cost: 3:43:10/10:48 [3:43:12/4:04:48]  Acc_iter 497500      Data time: 0.00(0.00)  Forward time: 0.25(0.25)  Batch time: 0.25(0.25)
2026-08-15 14:53:56,732   INFO  Train:    9/10 ( 90%) [53045/55563 ( 95%)]  Loss: 0.6747 (0.949)  LR: 1.246e-05  Time cost: 3:43:23/10:36 [3:43:24/4:04:35]  Acc_iter 497550      Data time: 0.00(0.00)  Forward time: 0.24(0.25)  Batch time: 0.24(0.25)
2026-08-15 14:53:57,103   INFO  a1e06a0b30c0                Sat Aug 15 14:53:57 2026  580.173.02
[0] NVIDIA GeForce RTX 3070 | 74°C,  96 % |  7389 /  8192 MB | root(6928M)

2026-08-15 14:54:09,351   INFO  Train:    9/10 ( 90%) [53095/55563 ( 96%)]  Loss: 0.5996 (0.949)  LR: 1.244e-05  Time cost: 3:43:35/10:23 [3:43:37/4:04:22]  Acc_iter 497600      Data time: 0.00(0.00)  Forward time: 0.22(0.25)  Batch time: 0.22(0.25)
2026-08-15 14:54:21,800   INFO  Train:    9/10 ( 90%) [53145/55563 ( 96%)]  Loss: 0.7656 (0.948)  LR: 1.242e-05  Time cost: 3:43:48/10:10 [3:43:49/4:04:10]  Acc_iter 497650      Data time: 0.00(0.00)  Forward time: 0.27(0.25)  Batch time: 0.27(0.25)
2026-08-15 14:54:34,020   INFO  Train:    9/10 ( 90%) [53195/55563 ( 96%)]  Loss: 0.8291 (0.948)  LR: 1.240e-05  Time cost: 3:44:00/09:58 [3:44:02/4:03:57]  Acc_iter 497700      Data time: 0.00(0.00)  Forward time: 0.23(0.25)  Batch time: 0.23(0.25)
2026-08-15 14:54:34,398   INFO  a1e06a0b30c0                Sat Aug 15 14:54:34 2026  580.173.02
[0] NVIDIA GeForce RTX 3070 | 67°C,  85 % |  7388 /  8192 MB | root(6928M)

2026-08-15 14:54:46,790   INFO  Train:    9/10 ( 90%) [53245/55563 ( 96%)]  Loss: 1.470 (0.948)  LR: 1.238e-05  Time cost: 3:44:13/09:45 [3:44:14/4:03:44]  Acc_iter 497750      Data time: 0.00(0.00)  Forward time: 0.26(0.25)  Batch time: 0.26(0.25)
2026-08-15 14:54:59,213   INFO  Train:    9/10 ( 90%) [53295/55563 ( 96%)]  Loss: 0.8824 (0.948)  LR: 1.236e-05  Time cost: 3:44:25/09:33 [3:44:27/4:03:31]  Acc_iter 497800      Data time: 0.00(0.00)  Forward time: 0.24(0.25)  Batch time: 0.25(0.25)
2026-08-15 14:55:11,462   INFO  Train:    9/10 ( 90%) [53345/55563 ( 96%)]  Loss: 0.4580 (0.948)  LR: 1.234e-05  Time cost: 3:44:38/09:20 [3:44:39/4:03:18]  Acc_iter 497850      Data time: 0.00(0.00)  Forward time: 0.25(0.25)  Batch time: 0.25(0.25)
2026-08-15 14:55:11,841   INFO  a1e06a0b30c0                Sat Aug 15 14:55:11 2026  580.173.02
[0] NVIDIA GeForce RTX 3070 | 74°C,  77 % |  7388 /  8192 MB | root(6928M)

2026-08-15 14:55:24,321   INFO  Train:    9/10 ( 90%) [53395/55563 ( 96%)]  Loss: 1.016 (0.948)  LR: 1.232e-05  Time cost: 3:44:50/09:07 [3:44:52/4:03:06]  Acc_iter 497900      Data time: 0.00(0.00)  Forward time: 0.26(0.25)  Batch time: 0.26(0.25)
2026-08-15 14:55:33,705   INFO  Save latest model to /OpenPCDet/output/OpenPCDet/tools/cfgs/models/S/F/S_F_N/default/ckpt/latest_model
2026-08-15 14:55:36,381   INFO  Train:    9/10 ( 90%) [53445/55563 ( 96%)]  Loss: 1.030 (0.948)  LR: 1.230e-05  Time cost: 3:45:03/08:55 [3:45:04/4:02:52]  Acc_iter 497950      Data time: 0.00(0.00)  Forward time: 0.26(0.25)  Batch time: 0.26(0.25)
2026-08-15 14:55:49,035   INFO  Train:    9/10 ( 90%) [53495/55563 ( 96%)]  Loss: 0.4010 (0.948)  LR: 1.227e-05  Time cost: 3:45:15/08:42 [3:45:17/4:02:40]  Acc_iter 498000      Data time: 0.00(0.00)  Forward time: 0.26(0.25)  Batch time: 0.27(0.25)
2026-08-15 14:55:49,430   INFO  a1e06a0b30c0                Sat Aug 15 14:55:49 2026  580.173.02
[0] NVIDIA GeForce RTX 3070 | 69°C,  99 % |  7389 /  8192 MB | root(6928M)

2026-08-15 14:56:01,890   INFO  Train:    9/10 ( 90%) [53545/55563 ( 96%)]  Loss: 0.5767 (0.948)  LR: 1.225e-05  Time cost: 3:45:28/08:29 [3:45:29/4:02:27]  Acc_iter 498050      Data time: 0.00(0.00)  Forward time: 0.22(0.25)  Batch time: 0.22(0.25)
2026-08-15 14:56:14,499   INFO  Train:    9/10 ( 90%) [53595/55563 ( 96%)]  Loss: 1.121 (0.948)  LR: 1.223e-05  Time cost: 3:45:41/08:17 [3:45:42/4:02:15]  Acc_iter 498100      Data time: 0.00(0.00)  Forward time: 0.26(0.25)  Batch time: 0.26(0.25)
2026-08-15 14:56:26,783   INFO  Train:    9/10 ( 90%) [53645/55563 ( 97%)]  Loss: 1.235 (0.949)  LR: 1.221e-05  Time cost: 3:45:53/08:04 [3:45:54/4:02:02]  Acc_iter 498150      Data time: 0.00(0.00)  Forward time: 0.26(0.25)  Batch time: 0.26(0.25)
2026-08-15 14:56:27,163   INFO  a1e06a0b30c0                Sat Aug 15 14:56:27 2026  580.173.02
[0] NVIDIA GeForce RTX 3070 | 75°C, 100 % |  7388 /  8192 MB | root(6928M)

2026-08-15 14:56:39,401   INFO  Train:    9/10 ( 90%) [53695/55563 ( 97%)]  Loss: 1.173 (0.949)  LR: 1.219e-05  Time cost: 3:46:06/07:51 [3:46:07/4:01:49]  Acc_iter 498200      Data time: 0.00(0.00)  Forward time: 0.26(0.25)  Batch time: 0.26(0.25)
2026-08-15 14:56:51,651   INFO  Train:    9/10 ( 90%) [53745/55563 ( 97%)]  Loss: 0.6529 (0.949)  LR: 1.217e-05  Time cost: 3:46:18/07:39 [3:46:19/4:01:36]  Acc_iter 498250      Data time: 0.00(0.00)  Forward time: 0.26(0.25)  Batch time: 0.26(0.25)
2026-08-15 14:57:04,349   INFO  Train:    9/10 ( 90%) [53795/55563 ( 97%)]  Loss: 0.7015 (0.949)  LR: 1.215e-05  Time cost: 3:46:30/07:26 [3:46:32/4:01:24]  Acc_iter 498300      Data time: 0.00(0.00)  Forward time: 0.26(0.25)  Batch time: 0.26(0.25)
2026-08-15 14:57:04,831   INFO  a1e06a0b30c0                Sat Aug 15 14:57:04 2026  580.173.02
[0] NVIDIA GeForce RTX 3070 | 74°C,  72 % |  7388 /  8192 MB | root(6928M)

2026-08-15 14:57:17,398   INFO  Train:    9/10 ( 90%) [53845/55563 ( 97%)]  Loss: 1.494 (0.949)  LR: 1.213e-05  Time cost: 3:46:44/07:14 [3:46:45/4:01:11]  Acc_iter 498350      Data time: 0.00(0.00)  Forward time: 0.27(0.25)  Batch time: 0.27(0.25)
2026-08-15 14:57:29,551   INFO  Train:    9/10 ( 90%) [53895/55563 ( 97%)]  Loss: 0.9922 (0.949)  LR: 1.211e-05  Time cost: 3:46:56/07:01 [3:46:57/4:00:58]  Acc_iter 498400      Data time: 0.00(0.00)  Forward time: 0.26(0.25)  Batch time: 0.26(0.25)
2026-08-15 14:57:41,738   INFO  Train:    9/10 ( 90%) [53945/55563 ( 97%)]  Loss: 0.6971 (0.949)  LR: 1.209e-05  Time cost: 3:47:08/06:48 [3:47:09/4:00:45]  Acc_iter 498450      Data time: 0.00(0.00)  Forward time: 0.24(0.25)  Batch time: 0.24(0.25)
2026-08-15 14:57:42,148   INFO  a1e06a0b30c0                Sat Aug 15 14:57:42 2026  580.173.02
[0] NVIDIA GeForce RTX 3070 | 75°C,  98 % |  7392 /  8192 MB | root(6928M)

2026-08-15 14:57:54,564   INFO  Train:    9/10 ( 90%) [53995/55563 ( 97%)]  Loss: 0.5467 (0.949)  LR: 1.207e-05  Time cost: 3:47:21/06:36 [3:47:22/4:00:33]  Acc_iter 498500      Data time: 0.00(0.00)  Forward time: 0.25(0.25)  Batch time: 0.25(0.25)
2026-08-15 14:58:06,941   INFO  Train:    9/10 ( 90%) [54045/55563 ( 97%)]  Loss: 1.069 (0.949)  LR: 1.204e-05  Time cost: 3:47:33/06:23 [3:47:34/4:00:20]  Acc_iter 498550      Data time: 0.00(0.00)  Forward time: 0.24(0.25)  Batch time: 0.24(0.25)
2026-08-15 14:58:19,061   INFO  Train:    9/10 ( 90%) [54095/55563 ( 97%)]  Loss: 0.7504 (0.949)  LR: 1.202e-05  Time cost: 3:47:45/06:10 [3:47:47/4:00:07]  Acc_iter 498600      Data time: 0.00(0.00)  Forward time: 0.26(0.25)  Batch time: 0.26(0.25)
2026-08-15 14:58:19,488   INFO  a1e06a0b30c0                Sat Aug 15 14:58:19 2026  580.173.02
[0] NVIDIA GeForce RTX 3070 | 67°C,  73 % |  7387 /  8192 MB | root(6928M)

2026-08-15 14:58:31,457   INFO  Train:    9/10 ( 90%) [54145/55563 ( 97%)]  Loss: 0.8135 (0.949)  LR: 1.200e-05  Time cost: 3:47:58/05:58 [3:47:59/3:59:54]  Acc_iter 498650      Data time: 0.00(0.00)  Forward time: 0.23(0.25)  Batch time: 0.23(0.25)
2026-08-15 14:58:43,758   INFO  Train:    9/10 ( 90%) [54195/55563 ( 98%)]  Loss: 1.195 (0.949)  LR: 1.198e-05  Time cost: 3:48:10/05:45 [3:48:11/3:59:41]  Acc_iter 498700      Data time: 0.00(0.00)  Forward time: 0.25(0.25)  Batch time: 0.25(0.25)
2026-08-15 14:58:56,246   INFO  Train:    9/10 ( 90%) [54245/55563 ( 98%)]  Loss: 0.8328 (0.949)  LR: 1.196e-05  Time cost: 3:48:22/05:32 [3:48:24/3:59:28]  Acc_iter 498750      Data time: 0.00(0.00)  Forward time: 0.24(0.25)  Batch time: 0.24(0.25)
2026-08-15 14:58:56,650   INFO  a1e06a0b30c0                Sat Aug 15 14:58:56 2026  580.173.02
[0] NVIDIA GeForce RTX 3070 | 73°C,  99 % |  7387 /  8192 MB | root(6928M)

2026-08-15 14:59:08,677   INFO  Train:    9/10 ( 90%) [54295/55563 ( 98%)]  Loss: 0.6290 (0.949)  LR: 1.194e-05  Time cost: 3:48:35/05:20 [3:48:36/3:59:15]  Acc_iter 498800      Data time: 0.00(0.00)  Forward time: 0.25(0.25)  Batch time: 0.26(0.25)
2026-08-15 14:59:21,000   INFO  Train:    9/10 ( 90%) [54345/55563 ( 98%)]  Loss: 0.6048 (0.949)  LR: 1.192e-05  Time cost: 3:48:47/05:07 [3:48:49/3:59:02]  Acc_iter 498850      Data time: 0.00(0.00)  Forward time: 0.24(0.25)  Batch time: 0.24(0.25)
2026-08-15 14:59:33,057   INFO  Train:    9/10 ( 90%) [54395/55563 ( 98%)]  Loss: 1.407 (0.949)  LR: 1.190e-05  Time cost: 3:48:59/04:55 [3:49:01/3:58:49]  Acc_iter 498900      Data time: 0.00(0.00)  Forward time: 0.25(0.25)  Batch time: 0.25(0.25)
2026-08-15 14:59:33,433   INFO  a1e06a0b30c0                Sat Aug 15 14:59:33 2026  580.173.02
[0] NVIDIA GeForce RTX 3070 | 66°C,  99 % |  7386 /  8192 MB | root(6928M)

2026-08-15 14:59:45,936   INFO  Train:    9/10 ( 90%) [54445/55563 ( 98%)]  Loss: 0.5866 (0.949)  LR: 1.188e-05  Time cost: 3:49:12/04:42 [3:49:13/3:58:37]  Acc_iter 498950      Data time: 0.00(0.00)  Forward time: 0.25(0.25)  Batch time: 0.25(0.25)
2026-08-15 14:59:58,180   INFO  Train:    9/10 ( 90%) [54495/55563 ( 98%)]  Loss: 0.7153 (0.948)  LR: 1.186e-05  Time cost: 3:49:24/04:29 [3:49:26/3:58:24]  Acc_iter 499000      Data time: 0.00(0.00)  Forward time: 0.23(0.25)  Batch time: 0.23(0.25)
2026-08-15 15:00:10,615   INFO  Train:    9/10 ( 90%) [54545/55563 ( 98%)]  Loss: 0.8864 (0.949)  LR: 1.184e-05  Time cost: 3:49:37/04:17 [3:49:38/3:58:11]  Acc_iter 499050      Data time: 0.00(0.00)  Forward time: 0.25(0.25)  Batch time: 0.25(0.25)
2026-08-15 15:00:10,992   INFO  a1e06a0b30c0                Sat Aug 15 15:00:10 2026  580.173.02
[0] NVIDIA GeForce RTX 3070 | 67°C,   1 % |  7386 /  8192 MB | root(6928M)

2026-08-15 15:00:23,498   INFO  Train:    9/10 ( 90%) [54595/55563 ( 98%)]  Loss: 1.371 (0.949)  LR: 1.182e-05  Time cost: 3:49:50/04:04 [3:49:51/3:57:58]  Acc_iter 499100      Data time: 0.00(0.00)  Forward time: 0.25(0.25)  Batch time: 0.25(0.25)
2026-08-15 15:00:33,609   INFO  Save latest model to /OpenPCDet/output/OpenPCDet/tools/cfgs/models/S/F/S_F_N/default/ckpt/latest_model
2026-08-15 15:00:36,391   INFO  Train:    9/10 ( 90%) [54645/55563 ( 98%)]  Loss: 0.7869 (0.948)  LR: 1.180e-05  Time cost: 3:50:03/03:51 [3:50:04/3:57:46]  Acc_iter 499150      Data time: 0.00(0.00)  Forward time: 0.25(0.25)  Batch time: 0.25(0.25)
2026-08-15 15:00:48,859   INFO  Train:    9/10 ( 90%) [54695/55563 ( 98%)]  Loss: 0.7538 (0.948)  LR: 1.178e-05  Time cost: 3:50:15/03:39 [3:50:16/3:57:33]  Acc_iter 499200      Data time: 0.00(0.00)  Forward time: 0.26(0.25)  Batch time: 0.26(0.25)
2026-08-15 15:00:49,241   INFO  a1e06a0b30c0                Sat Aug 15 15:00:49 2026  580.173.02
[0] NVIDIA GeForce RTX 3070 | 71°C,  93 % |  7387 /  8192 MB | root(6928M)

2026-08-15 15:01:01,596   INFO  Train:    9/10 ( 90%) [54745/55563 ( 99%)]  Loss: 0.7263 (0.948)  LR: 1.176e-05  Time cost: 3:50:28/03:26 [3:50:29/3:57:21]  Acc_iter 499250      Data time: 0.00(0.00)  Forward time: 0.23(0.25)  Batch time: 0.24(0.25)
2026-08-15 15:01:14,057   INFO  Train:    9/10 ( 90%) [54795/55563 ( 99%)]  Loss: 1.277 (0.948)  LR: 1.173e-05  Time cost: 3:50:40/03:13 [3:50:42/3:57:08]  Acc_iter 499300      Data time: 0.00(0.00)  Forward time: 0.22(0.25)  Batch time: 0.22(0.25)
2026-08-15 15:01:26,260   INFO  Train:    9/10 ( 90%) [54845/55563 ( 99%)]  Loss: 0.7340 (0.948)  LR: 1.171e-05  Time cost: 3:50:52/03:01 [3:50:54/3:56:55]  Acc_iter 499350      Data time: 0.00(0.00)  Forward time: 0.26(0.25)  Batch time: 0.26(0.25)
2026-08-15 15:01:26,720   INFO  a1e06a0b30c0                Sat Aug 15 15:01:26 2026  580.173.02
[0] NVIDIA GeForce RTX 3070 | 71°C,  97 % |  7386 /  8192 MB | root(6928M)

2026-08-15 15:01:39,348   INFO  Train:    9/10 ( 90%) [54895/55563 ( 99%)]  Loss: 1.828 (0.948)  LR: 1.169e-05  Time cost: 3:51:05/02:48 [3:51:07/3:56:43]  Acc_iter 499400      Data time: 0.00(0.00)  Forward time: 0.26(0.25)  Batch time: 0.26(0.25)
2026-08-15 15:01:51,521   INFO  Train:    9/10 ( 90%) [54945/55563 ( 99%)]  Loss: 1.184 (0.948)  LR: 1.167e-05  Time cost: 3:51:18/02:36 [3:51:19/3:56:30]  Acc_iter 499450      Data time: 0.00(0.00)  Forward time: 0.27(0.25)  Batch time: 0.27(0.25)
2026-08-15 15:02:03,758   INFO  Train:    9/10 ( 90%) [54995/55563 ( 99%)]  Loss: 1.063 (0.948)  LR: 1.165e-05  Time cost: 3:51:30/02:23 [3:51:31/3:56:17]  Acc_iter 499500      Data time: 0.00(0.00)  Forward time: 0.20(0.25)  Batch time: 0.20(0.25)
2026-08-15 15:02:04,141   INFO  a1e06a0b30c0                Sat Aug 15 15:02:04 2026  580.173.02
[0] NVIDIA GeForce RTX 3070 | 73°C,  96 % |  7388 /  8192 MB | root(6928M)

2026-08-15 15:02:16,828   INFO  Train:    9/10 ( 90%) [55045/55563 ( 99%)]  Loss: 1.397 (0.948)  LR: 1.163e-05  Time cost: 3:51:43/02:10 [3:51:44/3:56:04]  Acc_iter 499550      Data time: 0.00(0.00)  Forward time: 0.25(0.25)  Batch time: 0.25(0.25)
2026-08-15 15:02:29,350   INFO  Train:    9/10 ( 90%) [55095/55563 ( 99%)]  Loss: 1.560 (0.948)  LR: 1.161e-05  Time cost: 3:51:55/01:58 [3:51:57/3:55:52]  Acc_iter 499600      Data time: 0.00(0.00)  Forward time: 0.25(0.25)  Batch time: 0.25(0.25)
2026-08-15 15:02:41,828   INFO  Train:    9/10 ( 90%) [55145/55563 ( 99%)]  Loss: 0.3239 (0.948)  LR: 1.159e-05  Time cost: 3:52:08/01:45 [3:52:09/3:55:39]  Acc_iter 499650      Data time: 0.00(0.00)  Forward time: 0.24(0.25)  Batch time: 0.24(0.25)
2026-08-15 15:02:42,190   INFO  a1e06a0b30c0                Sat Aug 15 15:02:42 2026  580.173.02
[0] NVIDIA GeForce RTX 3070 | 72°C,  83 % |  7389 /  8192 MB | root(6928M)

2026-08-15 15:02:54,420   INFO  Train:    9/10 ( 90%) [55195/55563 ( 99%)]  Loss: 1.076 (0.948)  LR: 1.157e-05  Time cost: 3:52:21/01:32 [3:52:22/3:55:26]  Acc_iter 499700      Data time: 0.00(0.00)  Forward time: 0.25(0.25)  Batch time: 0.25(0.25)
2026-08-15 15:03:06,862   INFO  Train:    9/10 ( 90%) [55245/55563 ( 99%)]  Loss: 0.9817 (0.948)  LR: 1.155e-05  Time cost: 3:52:33/01:20 [3:52:34/3:55:13]  Acc_iter 499750      Data time: 0.00(0.00)  Forward time: 0.26(0.25)  Batch time: 0.26(0.25)
2026-08-15 15:03:19,537   INFO  Train:    9/10 ( 90%) [55295/55563 (100%)]  Loss: 0.4352 (0.948)  LR: 1.153e-05  Time cost: 3:52:46/01:07 [3:52:47/3:55:01]  Acc_iter 499800      Data time: 0.00(0.00)  Forward time: 0.22(0.25)  Batch time: 0.22(0.25)
2026-08-15 15:03:20,020   INFO  a1e06a0b30c0                Sat Aug 15 15:03:19 2026  580.173.02
[0] NVIDIA GeForce RTX 3070 | 66°C,   1 % |  7386 /  8192 MB | root(6928M)

2026-08-15 15:03:32,521   INFO  Train:    9/10 ( 90%) [55345/55563 (100%)]  Loss: 1.273 (0.948)  LR: 1.151e-05  Time cost: 3:52:59/00:55 [3:53:00/3:54:49]  Acc_iter 499850      Data time: 0.00(0.00)  Forward time: 0.24(0.25)  Batch time: 0.24(0.25)
2026-08-15 15:03:44,617   INFO  Train:    9/10 ( 90%) [55395/55563 (100%)]  Loss: 0.7861 (0.948)  LR: 1.149e-05  Time cost: 3:53:11/00:42 [3:53:12/3:54:35]  Acc_iter 499900      Data time: 0.00(0.00)  Forward time: 0.27(0.25)  Batch time: 0.27(0.25)
2026-08-15 15:03:57,063   INFO  Train:    9/10 ( 90%) [55445/55563 (100%)]  Loss: 2.307 (0.948)  LR: 1.147e-05  Time cost: 3:53:23/00:29 [3:53:25/3:54:23]  Acc_iter 499950      Data time: 0.00(0.00)  Forward time: 0.23(0.25)  Batch time: 0.23(0.25)
2026-08-15 15:03:57,450   INFO  a1e06a0b30c0                Sat Aug 15 15:03:57 2026  580.173.02
[0] NVIDIA GeForce RTX 3070 | 68°C, 100 % |  7388 /  8192 MB | root(6928M)

2026-08-15 15:04:09,846   INFO  Train:    9/10 ( 90%) [55495/55563 (100%)]  Loss: 0.2424 (0.948)  LR: 1.145e-05  Time cost: 3:53:36/00:17 [3:53:37/3:54:10]  Acc_iter 500000      Data time: 0.00(0.00)  Forward time: 0.21(0.25)  Batch time: 0.21(0.25)
2026-08-15 15:04:22,367   INFO  Train:    9/10 ( 90%) [55545/55563 (100%)]  Loss: 0.7858 (0.948)  LR: 1.143e-05  Time cost: 3:53:49/00:04 [3:53:50/3:53:57]  Acc_iter 500050      Data time: 0.00(0.00)  Forward time: 0.25(0.25)  Batch time: 0.25(0.25)
2026-08-15 15:04:26,376   INFO  Train:    9/10 ( 90%) [55562/55563 (100%)]  Loss: 1.261 (0.948)  LR: 1.142e-05  Time cost: 3:53:53/00:00 [3:53:54/3:53:53]  Acc_iter 500067      Data time: 0.00(0.00)  Forward time: 0.26(0.25)  Batch time: 0.26(0.25)
2026-08-15 15:04:28,452   INFO  Train:   10/10 (100%) [   0/55563 (  0%)]  Loss: 1.037 (1.04)  LR: 1.142e-05  Time cost: 00:01/22:20:21 [3:53:56/22:20:21]  Acc_iter 500068      Data time: 1.12(1.12)  Forward time: 0.33(0.33)  Batch time: 1.45(1.45)
2026-08-15 15:04:36,157   INFO  Train:   10/10 (100%) [  32/55563 (  0%)]  Loss: 0.5640 (0.919)  LR: 1.141e-05  Time cost: 00:09/4:16:41 [3:54:04/4:16:41]  Acc_iter 500100      Data time: 0.00(0.03)  Forward time: 0.21(0.24)  Batch time: 0.21(0.28)
2026-08-15 15:04:36,599   INFO  a1e06a0b30c0                Sat Aug 15 15:04:36 2026  580.173.02
[0] NVIDIA GeForce RTX 3070 | 70°C,  66 % |  7388 /  8192 MB | root(6928M)

2026-08-15 15:04:48,876   INFO  Train:   10/10 (100%) [  82/55563 (  0%)]  Loss: 0.6311 (0.906)  LR: 1.139e-05  Time cost: 00:21/4:03:39 [3:54:16/4:03:39]  Acc_iter 500150      Data time: 0.00(0.02)  Forward time: 0.26(0.24)  Batch time: 0.26(0.26)
2026-08-15 15:05:01,188   INFO  Train:   10/10 (100%) [ 132/55563 (  0%)]  Loss: 0.7260 (0.908)  LR: 1.137e-05  Time cost: 00:34/3:57:26 [3:54:29/3:57:26]  Acc_iter 500200      Data time: 0.00(0.01)  Forward time: 0.22(0.24)  Batch time: 0.23(0.26)
2026-08-15 15:05:13,874   INFO  Train:   10/10 (100%) [ 182/55563 (  0%)]  Loss: 0.6980 (0.921)  LR: 1.135e-05  Time cost: 00:46/3:56:24 [3:54:41/3:56:24]  Acc_iter 500250      Data time: 0.00(0.01)  Forward time: 0.28(0.25)  Batch time: 0.28(0.26)
2026-08-15 15:05:14,250   INFO  a1e06a0b30c0                Sat Aug 15 15:05:14 2026  580.173.02
[0] NVIDIA GeForce RTX 3070 | 74°C,  93 % |  7388 /  8192 MB | root(6928M)

2026-08-15 15:05:26,561   INFO  Train:   10/10 (100%) [ 232/55563 (  0%)]  Loss: 0.8629 (0.921)  LR: 1.133e-05  Time cost: 00:59/3:55:42 [3:54:54/3:55:42]  Acc_iter 500300      Data time: 0.00(0.01)  Forward time: 0.21(0.25)  Batch time: 0.21(0.26)
2026-08-15 15:05:38,779   INFO  Train:   10/10 (100%) [ 282/55563 (  1%)]  Loss: 1.141 (0.930)  LR: 1.131e-05  Time cost: 01:11/3:53:40 [3:55:06/3:53:40]  Acc_iter 500350      Data time: 0.00(0.01)  Forward time: 0.23(0.25)  Batch time: 0.23(0.25)
2026-08-15 15:05:51,070   INFO  Train:   10/10 (100%) [ 332/55563 (  1%)]  Loss: 1.155 (0.932)  LR: 1.129e-05  Time cost: 01:24/3:52:22 [3:55:19/3:52:22]  Acc_iter 500400      Data time: 0.00(0.01)  Forward time: 0.21(0.25)  Batch time: 0.22(0.25)
2026-08-15 15:05:51,467   INFO  a1e06a0b30c0                Sat Aug 15 15:05:51 2026  580.173.02
[0] NVIDIA GeForce RTX 3070 | 68°C,  97 % |  7389 /  8192 MB | root(6928M)

2026-08-15 15:06:03,865   INFO  Train:   10/10 (100%) [ 382/55563 (  1%)]  Loss: 0.7812 (0.930)  LR: 1.127e-05  Time cost: 01:36/3:52:35 [3:55:31/3:52:35]  Acc_iter 500450      Data time: 0.00(0.01)  Forward time: 0.27(0.25)  Batch time: 0.27(0.25)
2026-08-15 15:06:16,184   INFO  Train:   10/10 (100%) [ 432/55563 (  1%)]  Loss: 1.131 (0.927)  LR: 1.125e-05  Time cost: 01:49/3:51:41 [3:55:44/3:51:41]  Acc_iter 500500      Data time: 0.00(0.01)  Forward time: 0.26(0.25)  Batch time: 0.27(0.25)
2026-08-15 15:06:28,371   INFO  Train:   10/10 (100%) [ 482/55563 (  1%)]  Loss: 0.8384 (0.924)  LR: 1.123e-05  Time cost: 02:01/3:50:40 [3:55:56/3:50:40]  Acc_iter 500550      Data time: 0.00(0.01)  Forward time: 0.23(0.25)  Batch time: 0.23(0.25)
2026-08-15 15:06:28,734   INFO  a1e06a0b30c0                Sat Aug 15 15:06:28 2026  580.173.02
[0] NVIDIA GeForce RTX 3070 | 74°C,  73 % |  7388 /  8192 MB | root(6928M)

2026-08-15 15:06:40,839   INFO  Train:   10/10 (100%) [ 532/55563 (  1%)]  Loss: 0.6817 (0.917)  LR: 1.121e-05  Time cost: 02:13/3:50:18 [3:56:08/3:50:18]  Acc_iter 500600      Data time: 0.00(0.01)  Forward time: 0.26(0.24)  Batch time: 0.26(0.25)
2026-08-15 15:06:53,149   INFO  Train:   10/10 (100%) [ 582/55563 (  1%)]  Loss: 1.811 (0.915)  LR: 1.119e-05  Time cost: 02:26/3:49:42 [3:56:21/3:49:42]  Acc_iter 500650      Data time: 0.00(0.01)  Forward time: 0.24(0.24)  Batch time: 0.24(0.25)
2026-08-15 15:07:05,382   INFO  Train:   10/10 (100%) [ 632/55563 (  1%)]  Loss: 0.7667 (0.911)  LR: 1.117e-05  Time cost: 02:38/3:49:03 [3:56:33/3:49:03]  Acc_iter 500700      Data time: 0.00(0.01)  Forward time: 0.26(0.24)  Batch time: 0.26(0.25)
2026-08-15 15:07:05,767   INFO  a1e06a0b30c0                Sat Aug 15 15:07:05 2026  580.173.02
[0] NVIDIA GeForce RTX 3070 | 74°C,  89 % |  7388 /  8192 MB | root(6928M)

2026-08-15 15:07:18,105   INFO  Train:   10/10 (100%) [ 682/55563 (  1%)]  Loss: 1.189 (0.921)  LR: 1.115e-05  Time cost: 02:51/3:49:08 [3:56:46/3:49:08]  Acc_iter 500750      Data time: 0.00(0.01)  Forward time: 0.28(0.24)  Batch time: 0.28(0.25)
2026-08-15 15:07:30,359   INFO  Train:   10/10 (100%) [ 732/55563 (  1%)]  Loss: 2.114 (0.922)  LR: 1.113e-05  Time cost: 03:03/3:48:35 [3:56:58/3:48:35]  Acc_iter 500800      Data time: 0.00(0.01)  Forward time: 0.27(0.24)  Batch time: 0.27(0.25)
2026-08-15 15:07:42,572   INFO  Train:   10/10 (100%) [ 782/55563 (  1%)]  Loss: 1.177 (0.927)  LR: 1.111e-05  Time cost: 03:15/3:48:02 [3:57:10/3:48:02]  Acc_iter 500850      Data time: 0.00(0.01)  Forward time: 0.25(0.24)  Batch time: 0.25(0.25)
2026-08-15 15:07:42,996   INFO  a1e06a0b30c0                Sat Aug 15 15:07:42 2026  580.173.02
[0] NVIDIA GeForce RTX 3070 | 68°C,   1 % |  7388 /  8192 MB | root(6928M)

2026-08-15 15:07:55,462   INFO  Train:   10/10 (100%) [ 832/55563 (  1%)]  Loss: 0.7603 (0.930)  LR: 1.109e-05  Time cost: 03:28/3:48:16 [3:57:23/3:48:16]  Acc_iter 500900      Data time: 0.00(0.01)  Forward time: 0.28(0.24)  Batch time: 0.28(0.25)
2026-08-15 15:08:07,546   INFO  Train:   10/10 (100%) [ 882/55563 (  2%)]  Loss: 0.4648 (0.926)  LR: 1.107e-05  Time cost: 03:40/3:47:37 [3:57:35/3:47:37]  Acc_iter 500950      Data time: 0.00(0.01)  Forward time: 0.23(0.24)  Batch time: 0.23(0.25)
2026-08-15 15:08:19,386   INFO  Train:   10/10 (100%) [ 932/55563 (  2%)]  Loss: 1.365 (0.925)  LR: 1.105e-05  Time cost: 03:52/3:46:46 [3:57:47/3:46:46]  Acc_iter 501000      Data time: 0.00(0.01)  Forward time: 0.27(0.24)  Batch time: 0.27(0.25)
2026-08-15 15:08:19,753   INFO  a1e06a0b30c0                Sat Aug 15 15:08:19 2026  580.173.02
[0] NVIDIA GeForce RTX 3070 | 75°C,  95 % |  7386 /  8192 MB | root(6928M)

2026-08-15 15:08:32,046   INFO  Train:   10/10 (100%) [ 982/55563 (  2%)]  Loss: 0.4561 (0.924)  LR: 1.103e-05  Time cost: 04:05/3:46:45 [3:58:00/3:46:45]  Acc_iter 501050      Data time: 0.00(0.01)  Forward time: 0.29(0.24)  Batch time: 0.29(0.25)
2026-08-15 15:08:44,353   INFO  Train:   10/10 (100%) [1032/55563 (  2%)]  Loss: 0.4903 (0.923)  LR: 1.101e-05  Time cost: 04:17/3:46:25 [3:58:12/3:46:25]  Acc_iter 501100      Data time: 0.00(0.01)  Forward time: 0.26(0.24)  Batch time: 0.26(0.25)
2026-08-15 15:08:56,880   INFO  Train:   10/10 (100%) [1082/55563 (  2%)]  Loss: 0.8075 (0.923)  LR: 1.099e-05  Time cost: 04:29/3:46:16 [3:58:24/3:46:16]  Acc_iter 501150      Data time: 0.00(0.00)  Forward time: 0.25(0.24)  Batch time: 0.26(0.25)
2026-08-15 15:08:57,255   INFO  a1e06a0b30c0                Sat Aug 15 15:08:57 2026  580.173.02
[0] NVIDIA GeForce RTX 3070 | 74°C,  95 % |  7387 /  8192 MB | root(6928M)

2026-08-15 15:09:09,504   INFO  Train:   10/10 (100%) [1132/55563 (  2%)]  Loss: 1.002 (0.929)  LR: 1.097e-05  Time cost: 04:42/3:46:11 [3:58:37/3:46:11]  Acc_iter 501200      Data time: 0.00(0.01)  Forward time: 0.24(0.24)  Batch time: 0.24(0.25)
2026-08-15 15:09:21,744   INFO  Train:   10/10 (100%) [1182/55563 (  2%)]  Loss: 1.277 (0.927)  LR: 1.095e-05  Time cost: 04:54/3:45:48 [3:58:49/3:45:48]  Acc_iter 501250      Data time: 0.00(0.00)  Forward time: 0.28(0.24)  Batch time: 0.28(0.25)
2026-08-15 15:09:27,271   INFO  Save latest model to /OpenPCDet/output/OpenPCDet/tools/cfgs/models/S/F/S_F_N/default/ckpt/latest_model
2026-08-15 15:09:34,260   INFO  Train:   10/10 (100%) [1232/55563 (  2%)]  Loss: 0.7165 (0.928)  LR: 1.093e-05  Time cost: 05:07/3:45:38 [3:59:02/3:45:38]  Acc_iter 501300      Data time: 0.00(0.00)  Forward time: 0.26(0.24)  Batch time: 0.26(0.25)
2026-08-15 15:09:34,705   INFO  a1e06a0b30c0                Sat Aug 15 15:09:34 2026  580.173.02
[0] NVIDIA GeForce RTX 3070 | 69°C,  78 % |  7386 /  8192 MB | root(6928M)

2026-08-15 15:09:47,044   INFO  Train:   10/10 (100%) [1282/55563 (  2%)]  Loss: 0.4750 (0.928)  LR: 1.091e-05  Time cost: 05:20/3:45:40 [3:59:15/3:45:40]  Acc_iter 501350      Data time: 0.00(0.01)  Forward time: 0.22(0.24)  Batch time: 0.22(0.25)
2026-08-15 15:09:59,373   INFO  Train:   10/10 (100%) [1332/55563 (  2%)]  Loss: 0.3948 (0.928)  LR: 1.089e-05  Time cost: 05:32/3:45:21 [3:59:27/3:45:21]  Acc_iter 501400      Data time: 0.00(0.00)  Forward time: 0.25(0.24)  Batch time: 0.25(0.25)
2026-08-15 15:10:11,559   INFO  Train:   10/10 (100%) [1382/55563 (  2%)]  Loss: 1.390 (0.925)  LR: 1.087e-05  Time cost: 05:44/3:44:58 [3:59:39/3:44:58]  Acc_iter 501450      Data time: 0.00(0.00)  Forward time: 0.26(0.24)  Batch time: 0.26(0.25)
2026-08-15 15:10:12,035   INFO  a1e06a0b30c0                Sat Aug 15 15:10:12 2026  580.173.02
[0] NVIDIA GeForce RTX 3070 | 65°C,   1 % |  7388 /  8192 MB | root(6928M)

2026-08-15 15:10:24,462   INFO  Train:   10/10 (100%) [1432/55563 (  3%)]  Loss: 0.6512 (0.928)  LR: 1.085e-05  Time cost: 05:57/3:45:02 [3:59:52/3:45:02]  Acc_iter 501500      Data time: 0.00(0.00)  Forward time: 0.22(0.24)  Batch time: 0.22(0.25)
2026-08-15 15:10:36,774   INFO  Train:   10/10 (100%) [1482/55563 (  3%)]  Loss: 0.8205 (0.925)  LR: 1.083e-05  Time cost: 06:09/3:44:44 [4:00:04/3:44:44]  Acc_iter 501550      Data time: 0.00(0.00)  Forward time: 0.24(0.24)  Batch time: 0.24(0.25)
2026-08-15 15:10:49,214   INFO  Train:   10/10 (100%) [1532/55563 (  3%)]  Loss: 1.032 (0.930)  LR: 1.081e-05  Time cost: 06:22/3:44:31 [4:00:17/3:44:31]  Acc_iter 501600      Data time: 0.00(0.00)  Forward time: 0.31(0.24)  Batch time: 0.31(0.25)
2026-08-15 15:10:49,590   INFO  a1e06a0b30c0                Sat Aug 15 15:10:49 2026  580.173.02
[0] NVIDIA GeForce RTX 3070 | 68°C,  95 % |  7389 /  8192 MB | root(6928M)

2026-08-15 15:11:01,991   INFO  Train:   10/10 (100%) [1582/55563 (  3%)]  Loss: 0.6862 (0.930)  LR: 1.079e-05  Time cost: 06:34/3:44:29 [4:00:30/3:44:29]  Acc_iter 501650      Data time: 0.00(0.00)  Forward time: 0.20(0.24)  Batch time: 0.21(0.25)
2026-08-15 15:11:14,219   INFO  Train:   10/10 (100%) [1632/55563 (  3%)]  Loss: 1.118 (0.930)  LR: 1.077e-05  Time cost: 06:47/3:44:08 [4:00:42/3:44:08]  Acc_iter 501700      Data time: 0.00(0.00)  Forward time: 0.26(0.24)  Batch time: 0.26(0.25)
2026-08-15 15:11:26,775   INFO  Train:   10/10 (100%) [1682/55563 (  3%)]  Loss: 0.5693 (0.931)  LR: 1.075e-05  Time cost: 06:59/3:43:58 [4:00:54/3:43:58]  Acc_iter 501750      Data time: 0.00(0.00)  Forward time: 0.24(0.24)  Batch time: 0.24(0.25)
2026-08-15 15:11:27,178   INFO  a1e06a0b30c0                Sat Aug 15 15:11:27 2026  580.173.02
[0] NVIDIA GeForce RTX 3070 | 72°C,  99 % |  7388 /  8192 MB | root(6928M)

2026-08-15 15:11:39,573   INFO  Train:   10/10 (100%) [1732/55563 (  3%)]  Loss: 0.6327 (0.929)  LR: 1.073e-05  Time cost: 07:12/3:43:56 [4:01:07/3:43:56]  Acc_iter 501800      Data time: 0.00(0.00)  Forward time: 0.25(0.24)  Batch time: 0.25(0.25)
2026-08-15 15:11:51,940   INFO  Train:   10/10 (100%) [1782/55563 (  3%)]  Loss: 0.7825 (0.930)  LR: 1.071e-05  Time cost: 07:24/3:43:40 [4:01:19/3:43:40]  Acc_iter 501850      Data time: 0.00(0.00)  Forward time: 0.24(0.24)  Batch time: 0.25(0.25)
2026-08-15 15:12:04,478   INFO  Train:   10/10 (100%) [1832/55563 (  3%)]  Loss: 0.8360 (0.932)  LR: 1.069e-05  Time cost: 07:37/3:43:29 [4:01:32/3:43:29]  Acc_iter 501900      Data time: 0.00(0.00)  Forward time: 0.24(0.25)  Batch time: 0.24(0.25)
2026-08-15 15:12:04,919   INFO  a1e06a0b30c0                Sat Aug 15 15:12:04 2026  580.173.02
[0] NVIDIA GeForce RTX 3070 | 71°C,  91 % |  7653 /  8192 MB | root(6928M)

2026-08-15 15:12:18,076   INFO  Train:   10/10 (100%) [1882/55563 (  3%)]  Loss: 0.4837 (0.932)  LR: 1.067e-05  Time cost: 07:51/3:43:49 [4:01:46/3:43:49]  Acc_iter 501950      Data time: 0.00(0.00)  Forward time: 0.27(0.25)  Batch time: 0.27(0.25)
2026-08-15 15:12:31,207   INFO  Train:   10/10 (100%) [1932/55563 (  3%)]  Loss: 0.4827 (0.933)  LR: 1.065e-05  Time cost: 08:04/3:43:54 [4:01:59/3:43:54]  Acc_iter 502000      Data time: 0.00(0.00)  Forward time: 0.24(0.25)  Batch time: 0.24(0.25)
2026-08-15 15:12:43,917   INFO  Train:   10/10 (100%) [1982/55563 (  4%)]  Loss: 0.6116 (0.934)  LR: 1.063e-05  Time cost: 08:16/3:43:46 [4:02:11/3:43:46]  Acc_iter 502050      Data time: 0.00(0.00)  Forward time: 0.22(0.25)  Batch time: 0.22(0.25)
2026-08-15 15:12:44,316   INFO  a1e06a0b30c0                Sat Aug 15 15:12:44 2026  580.173.02
[0] NVIDIA GeForce RTX 3070 | 70°C,  90 % |  7632 /  8192 MB | root(6928M)

2026-08-15 15:12:56,667   INFO  Train:   10/10 (100%) [2032/55563 (  4%)]  Loss: 0.6350 (0.935)  LR: 1.061e-05  Time cost: 08:29/3:43:39 [4:02:24/3:43:39]  Acc_iter 502100      Data time: 0.00(0.00)  Forward time: 0.24(0.25)  Batch time: 0.24(0.25)
2026-08-15 15:13:09,006   INFO  Train:   10/10 (100%) [2082/55563 (  4%)]  Loss: 1.134 (0.933)  LR: 1.059e-05  Time cost: 08:42/3:43:22 [4:02:37/3:43:22]  Acc_iter 502150      Data time: 0.00(0.00)  Forward time: 0.26(0.25)  Batch time: 0.26(0.25)
2026-08-15 15:13:21,394   INFO  Train:   10/10 (100%) [2132/55563 (  4%)]  Loss: 0.8055 (0.933)  LR: 1.057e-05  Time cost: 08:54/3:43:06 [4:02:49/3:43:06]  Acc_iter 502200      Data time: 0.00(0.00)  Forward time: 0.25(0.25)  Batch time: 0.25(0.25)
2026-08-15 15:13:21,759   INFO  a1e06a0b30c0                Sat Aug 15 15:13:21 2026  580.173.02
[0] NVIDIA GeForce RTX 3070 | 72°C,  95 % |  7387 /  8192 MB | root(6928M)

2026-08-15 15:13:33,858   INFO  Train:   10/10 (100%) [2182/55563 (  4%)]  Loss: 1.382 (0.932)  LR: 1.055e-05  Time cost: 09:06/3:42:52 [4:03:01/3:42:52]  Acc_iter 502250      Data time: 0.00(0.00)  Forward time: 0.29(0.25)  Batch time: 0.29(0.25)
2026-08-15 15:13:45,924   INFO  Train:   10/10 (100%) [2232/55563 (  4%)]  Loss: 1.052 (0.932)  LR: 1.053e-05  Time cost: 09:18/3:42:28 [4:03:13/3:42:28]  Acc_iter 502300      Data time: 0.00(0.00)  Forward time: 0.23(0.25)  Batch time: 0.23(0.25)
2026-08-15 15:13:58,329   INFO  Train:   10/10 (100%) [2282/55563 (  4%)]  Loss: 0.9871 (0.933)  LR: 1.051e-05  Time cost: 09:31/3:42:13 [4:03:26/3:42:13]  Acc_iter 502350      Data time: 0.00(0.00)  Forward time: 0.28(0.25)  Batch time: 0.28(0.25)
2026-08-15 15:13:58,762   INFO  a1e06a0b30c0                Sat Aug 15 15:13:58 2026  580.173.02
[0] NVIDIA GeForce RTX 3070 | 74°C,  97 % |  7387 /  8192 MB | root(6928M)

2026-08-15 15:14:11,125   INFO  Train:   10/10 (100%) [2332/55563 (  4%)]  Loss: 0.6184 (0.931)  LR: 1.049e-05  Time cost: 09:44/3:42:07 [4:03:39/3:42:07]  Acc_iter 502400      Data time: 0.00(0.00)  Forward time: 0.22(0.25)  Batch time: 0.22(0.25)
2026-08-15 15:14:23,496   INFO  Train:   10/10 (100%) [2382/55563 (  4%)]  Loss: 0.9010 (0.932)  LR: 1.047e-05  Time cost: 09:56/3:41:51 [4:03:51/3:41:51]  Acc_iter 502450      Data time: 0.00(0.00)  Forward time: 0.26(0.25)  Batch time: 0.26(0.25)
2026-08-15 15:14:27,271   INFO  Save latest model to /OpenPCDet/output/OpenPCDet/tools/cfgs/models/S/F/S_F_N/default/ckpt/latest_model
2026-08-15 15:14:35,836   INFO  Train:   10/10 (100%) [2432/55563 (  4%)]  Loss: 3.766 (0.931)  LR: 1.045e-05  Time cost: 10:08/3:41:35 [4:04:03/3:41:35]  Acc_iter 502500      Data time: 0.00(0.00)  Forward time: 0.26(0.25)  Batch time: 0.26(0.25)
2026-08-15 15:14:36,225   INFO  a1e06a0b30c0                Sat Aug 15 15:14:36 2026  580.173.02
[0] NVIDIA GeForce RTX 3070 | 74°C,  99 % |  7391 /  8192 MB | root(6928M)

2026-08-15 15:14:48,760   INFO  Train:   10/10 (100%) [2482/55563 (  4%)]  Loss: 0.7819 (0.931)  LR: 1.044e-05  Time cost: 10:21/3:41:31 [4:04:16/3:41:31]  Acc_iter 502550      Data time: 0.00(0.00)  Forward time: 0.27(0.25)  Batch time: 0.27(0.25)
2026-08-15 15:15:01,144   INFO  Train:   10/10 (100%) [2532/55563 (  5%)]  Loss: 1.446 (0.932)  LR: 1.042e-05  Time cost: 10:34/3:41:16 [4:04:29/3:41:16]  Acc_iter 502600      Data time: 0.00(0.00)  Forward time: 0.26(0.25)  Batch time: 0.27(0.25)
2026-08-15 15:15:13,679   INFO  Train:   10/10 (100%) [2582/55563 (  5%)]  Loss: 0.9753 (0.933)  LR: 1.040e-05  Time cost: 10:46/3:41:04 [4:04:41/3:41:04]  Acc_iter 502650      Data time: 0.00(0.00)  Forward time: 0.24(0.25)  Batch time: 0.24(0.25)
2026-08-15 15:15:14,074   INFO  a1e06a0b30c0                Sat Aug 15 15:15:14 2026  580.173.02
[0] NVIDIA GeForce RTX 3070 | 68°C,   2 % |  7387 /  8192 MB | root(6928M)

2026-08-15 15:15:26,534   INFO  Train:   10/10 (100%) [2632/55563 (  5%)]  Loss: 0.8847 (0.934)  LR: 1.038e-05  Time cost: 10:59/3:40:58 [4:04:54/3:40:58]  Acc_iter 502700      Data time: 0.00(0.00)  Forward time: 0.21(0.25)  Batch time: 0.22(0.25)
2026-08-15 15:15:38,615   INFO  Train:   10/10 (100%) [2682/55563 (  5%)]  Loss: 0.9698 (0.933)  LR: 1.036e-05  Time cost: 11:11/3:40:37 [4:05:06/3:40:37]  Acc_iter 502750      Data time: 0.00(0.00)  Forward time: 0.22(0.25)  Batch time: 0.22(0.25)
2026-08-15 15:15:51,138   INFO  Train:   10/10 (100%) [2732/55563 (  5%)]  Loss: 0.5551 (0.933)  LR: 1.034e-05  Time cost: 11:24/3:40:24 [4:05:19/3:40:24]  Acc_iter 502800      Data time: 0.00(0.00)  Forward time: 0.23(0.25)  Batch time: 0.23(0.25)
2026-08-15 15:15:51,567   INFO  a1e06a0b30c0                Sat Aug 15 15:15:51 2026  580.173.02
[0] NVIDIA GeForce RTX 3070 | 67°C,  86 % |  7387 /  8192 MB | root(6928M)

2026-08-15 15:16:04,123   INFO  Train:   10/10 (100%) [2782/55563 (  5%)]  Loss: 0.7352 (0.932)  LR: 1.032e-05  Time cost: 11:37/3:40:21 [4:05:32/3:40:21]  Acc_iter 502850      Data time: 0.00(0.00)  Forward time: 0.26(0.25)  Batch time: 0.26(0.25)
2026-08-15 15:16:16,356   INFO  Train:   10/10 (100%) [2832/55563 (  5%)]  Loss: 0.5691 (0.932)  LR: 1.030e-05  Time cost: 11:49/3:40:03 [4:05:44/3:40:03]  Acc_iter 502900      Data time: 0.00(0.00)  Forward time: 0.27(0.25)  Batch time: 0.27(0.25)
2026-08-15 15:16:28,572   INFO  Train:   10/10 (100%) [2882/55563 (  5%)]  Loss: 1.046 (0.932)  LR: 1.028e-05  Time cost: 12:01/3:39:45 [4:05:56/3:39:45]  Acc_iter 502950      Data time: 0.00(0.00)  Forward time: 0.25(0.25)  Batch time: 0.25(0.25)
2026-08-15 15:16:29,020   INFO  a1e06a0b30c0                Sat Aug 15 15:16:28 2026  580.173.02
[0] NVIDIA GeForce RTX 3070 | 67°C,   1 % |  7393 /  8192 MB | root(6928M)

2026-08-15 15:16:41,292   INFO  Train:   10/10 (100%) [2932/55563 (  5%)]  Loss: 2.210 (0.933)  LR: 1.026e-05  Time cost: 12:14/3:39:36 [4:06:09/3:39:36]  Acc_iter 503000      Data time: 0.00(0.00)  Forward time: 0.28(0.25)  Batch time: 0.28(0.25)
2026-08-15 15:16:54,060   INFO  Train:   10/10 (100%) [2982/55563 (  5%)]  Loss: 0.8738 (0.934)  LR: 1.024e-05  Time cost: 12:27/3:39:28 [4:06:22/3:39:28]  Acc_iter 503050      Data time: 0.00(0.00)  Forward time: 0.24(0.25)  Batch time: 0.25(0.25)
2026-08-15 15:17:06,456   INFO  Train:   10/10 (100%) [3032/55563 (  5%)]  Loss: 1.130 (0.933)  LR: 1.022e-05  Time cost: 12:39/3:39:13 [4:06:34/3:39:13]  Acc_iter 503100      Data time: 0.00(0.00)  Forward time: 0.26(0.25)  Batch time: 0.27(0.25)
2026-08-15 15:17:06,910   INFO  a1e06a0b30c0                Sat Aug 15 15:17:06 2026  580.173.02
[0] NVIDIA GeForce RTX 3070 | 74°C,  95 % |  7389 /  8192 MB | root(6928M)

2026-08-15 15:17:19,032   INFO  Train:   10/10 (100%) [3082/55563 (  6%)]  Loss: 0.9215 (0.932)  LR: 1.020e-05  Time cost: 12:52/3:39:01 [4:06:47/3:39:01]  Acc_iter 503150      Data time: 0.00(0.00)  Forward time: 0.23(0.25)  Batch time: 0.23(0.25)
2026-08-15 15:17:31,313   INFO  Train:   10/10 (100%) [3132/55563 (  6%)]  Loss: 0.4584 (0.931)  LR: 1.018e-05  Time cost: 13:04/3:38:45 [4:06:59/3:38:45]  Acc_iter 503200      Data time: 0.00(0.00)  Forward time: 0.28(0.25)  Batch time: 0.28(0.25)
2026-08-15 15:17:43,980   INFO  Train:   10/10 (100%) [3182/55563 (  6%)]  Loss: 0.6362 (0.932)  LR: 1.017e-05  Time cost: 13:16/3:38:35 [4:07:12/3:38:35]  Acc_iter 503250      Data time: 0.00(0.00)  Forward time: 0.23(0.25)  Batch time: 0.23(0.25)
2026-08-15 15:17:44,401   INFO  a1e06a0b30c0                Sat Aug 15 15:17:44 2026  580.173.02
[0] NVIDIA GeForce RTX 3070 | 76°C,  64 % |  7389 /  8192 MB | root(6928M)

2026-08-15 15:17:56,774   INFO  Train:   10/10 (100%) [3232/55563 (  6%)]  Loss: 1.149 (0.932)  LR: 1.015e-05  Time cost: 13:29/3:38:27 [4:07:24/3:38:27]  Acc_iter 503300      Data time: 0.00(0.00)  Forward time: 0.25(0.25)  Batch time: 0.25(0.25)
2026-08-15 15:18:08,825   INFO  Train:   10/10 (100%) [3282/55563 (  6%)]  Loss: 0.6697 (0.931)  LR: 1.013e-05  Time cost: 13:41/3:38:07 [4:07:36/3:38:07]  Acc_iter 503350      Data time: 0.00(0.00)  Forward time: 0.22(0.25)  Batch time: 0.22(0.25)
2026-08-15 15:18:21,247   INFO  Train:   10/10 (100%) [3332/55563 (  6%)]  Loss: 0.8489 (0.929)  LR: 1.011e-05  Time cost: 13:54/3:37:53 [4:07:49/3:37:53]  Acc_iter 503400      Data time: 0.00(0.00)  Forward time: 0.22(0.25)  Batch time: 0.22(0.25)
2026-08-15 15:18:21,636   INFO  a1e06a0b30c0                Sat Aug 15 15:18:21 2026  580.173.02
[0] NVIDIA GeForce RTX 3070 | 70°C,  71 % |  7377 /  8192 MB | root(6928M)

2026-08-15 15:18:34,194   INFO  Train:   10/10 (100%) [3382/55563 (  6%)]  Loss: 1.510 (0.930)  LR: 1.009e-05  Time cost: 14:07/3:37:47 [4:08:02/3:37:47]  Acc_iter 503450      Data time: 0.00(0.00)  Forward time: 0.25(0.25)  Batch time: 0.25(0.25)
2026-08-15 15:18:46,648   INFO  Train:   10/10 (100%) [3432/55563 (  6%)]  Loss: 0.5751 (0.930)  LR: 1.007e-05  Time cost: 14:19/3:37:33 [4:08:14/3:37:33]  Acc_iter 503500      Data time: 0.00(0.00)  Forward time: 0.22(0.25)  Batch time: 0.22(0.25)
2026-08-15 15:18:58,851   INFO  Train:   10/10 (100%) [3482/55563 (  6%)]  Loss: 0.8253 (0.930)  LR: 1.005e-05  Time cost: 14:31/3:37:16 [4:08:26/3:37:16]  Acc_iter 503550      Data time: 0.00(0.00)  Forward time: 0.24(0.25)  Batch time: 0.24(0.25)
2026-08-15 15:18:59,340   INFO  a1e06a0b30c0                Sat Aug 15 15:18:59 2026  580.173.02
[0] NVIDIA GeForce RTX 3070 | 75°C,  95 % |  7387 /  8192 MB | root(6928M)

2026-08-15 15:19:11,815   INFO  Train:   10/10 (100%) [3532/55563 (  6%)]  Loss: 0.8184 (0.930)  LR: 1.003e-05  Time cost: 14:44/3:37:10 [4:08:39/3:37:10]  Acc_iter 503600      Data time: 0.00(0.00)  Forward time: 0.26(0.25)  Batch time: 0.27(0.25)
2026-08-15 15:19:23,920   INFO  Train:   10/10 (100%) [3582/55563 (  6%)]  Loss: 1.008 (0.929)  LR: 1.001e-05  Time cost: 14:56/3:36:52 [4:08:51/3:36:52]  Acc_iter 503650      Data time: 0.00(0.00)  Forward time: 0.26(0.25)  Batch time: 0.26(0.25)
2026-08-15 15:19:27,212   INFO  Save latest model to /OpenPCDet/output/OpenPCDet/tools/cfgs/models/S/F/S_F_N/default/ckpt/latest_model
2026-08-15 15:19:36,717   INFO  Train:   10/10 (100%) [3632/55563 (  7%)]  Loss: 0.5673 (0.929)  LR: 9.993e-06  Time cost: 15:09/3:36:43 [4:09:04/3:36:43]  Acc_iter 503700      Data time: 0.00(0.00)  Forward time: 0.27(0.25)  Batch time: 0.27(0.25)
2026-08-15 15:19:37,139   INFO  a1e06a0b30c0                Sat Aug 15 15:19:37 2026  580.173.02
[0] NVIDIA GeForce RTX 3070 | 69°C,  12 % |  7387 /  8192 MB | root(6928M)

2026-08-15 15:19:49,303   INFO  Train:   10/10 (100%) [3682/55563 (  7%)]  Loss: 0.8821 (0.929)  LR: 9.974e-06  Time cost: 15:22/3:36:32 [4:09:17/3:36:32]  Acc_iter 503750      Data time: 0.00(0.00)  Forward time: 0.21(0.25)  Batch time: 0.21(0.25)
2026-08-15 15:20:01,699   INFO  Train:   10/10 (100%) [3732/55563 (  7%)]  Loss: 1.120 (0.929)  LR: 9.955e-06  Time cost: 15:34/3:36:17 [4:09:29/3:36:17]  Acc_iter 503800      Data time: 0.00(0.00)  Forward time: 0.21(0.25)  Batch time: 0.21(0.25)
2026-08-15 15:20:13,961   INFO  Train:   10/10 (100%) [3782/55563 (  7%)]  Loss: 0.7398 (0.928)  LR: 9.936e-06  Time cost: 15:46/3:36:01 [4:09:42/3:36:01]  Acc_iter 503850      Data time: 0.00(0.00)  Forward time: 0.27(0.25)  Batch time: 0.27(0.25)
2026-08-15 15:20:14,394   INFO  a1e06a0b30c0                Sat Aug 15 15:20:14 2026  580.173.02
[0] NVIDIA GeForce RTX 3070 | 74°C,  84 % |  7389 /  8192 MB | root(6928M)

2026-08-15 15:20:27,075   INFO  Train:   10/10 (100%) [3832/55563 (  7%)]  Loss: 1.157 (0.928)  LR: 9.917e-06  Time cost: 16:00/3:35:57 [4:09:55/3:35:57]  Acc_iter 503900      Data time: 0.00(0.00)  Forward time: 0.22(0.25)  Batch time: 0.22(0.25)
2026-08-15 15:20:39,378   INFO  Train:   10/10 (100%) [3882/55563 (  7%)]  Loss: 1.111 (0.928)  LR: 9.898e-06  Time cost: 16:12/3:35:41 [4:10:07/3:35:41]  Acc_iter 503950      Data time: 0.00(0.00)  Forward time: 0.23(0.25)  Batch time: 0.23(0.25)
2026-08-15 15:20:51,495   INFO  Train:   10/10 (100%) [3932/55563 (  7%)]  Loss: 1.145 (0.928)  LR: 9.879e-06  Time cost: 16:24/3:35:24 [4:10:19/3:35:24]  Acc_iter 504000      Data time: 0.00(0.00)  Forward time: 0.26(0.25)  Batch time: 0.26(0.25)
2026-08-15 15:20:51,872   INFO  a1e06a0b30c0                Sat Aug 15 15:20:51 2026  580.173.02
[0] NVIDIA GeForce RTX 3070 | 74°C,  83 % |  7393 /  8192 MB | root(6928M)

2026-08-15 15:21:04,322   INFO  Train:   10/10 (100%) [3982/55563 (  7%)]  Loss: 1.966 (0.928)  LR: 9.861e-06  Time cost: 16:37/3:35:15 [4:10:32/3:35:15]  Acc_iter 504050      Data time: 0.00(0.00)  Forward time: 0.25(0.25)  Batch time: 0.25(0.25)
2026-08-15 15:21:16,741   INFO  Train:   10/10 (100%) [4032/55563 (  7%)]  Loss: 0.6538 (0.927)  LR: 9.842e-06  Time cost: 16:49/3:35:01 [4:10:44/3:35:01]  Acc_iter 504100      Data time: 0.00(0.00)  Forward time: 0.26(0.25)  Batch time: 0.26(0.25)
2026-08-15 15:21:29,462   INFO  Train:   10/10 (100%) [4082/55563 (  7%)]  Loss: 0.8176 (0.928)  LR: 9.823e-06  Time cost: 17:02/3:34:51 [4:10:57/3:34:51]  Acc_iter 504150      Data time: 0.00(0.00)  Forward time: 0.27(0.25)  Batch time: 0.27(0.25)
2026-08-15 15:21:29,829   INFO  a1e06a0b30c0                Sat Aug 15 15:21:29 2026  580.173.02
[0] NVIDIA GeForce RTX 3070 | 75°C,  96 % |  7389 /  8192 MB | root(6928M)

2026-08-15 15:21:42,106   INFO  Train:   10/10 (100%) [4132/55563 (  7%)]  Loss: 1.761 (0.928)  LR: 9.804e-06  Time cost: 17:15/3:34:40 [4:11:10/3:34:40]  Acc_iter 504200      Data time: 0.00(0.00)  Forward time: 0.28(0.25)  Batch time: 0.28(0.25)
2026-08-15 15:21:54,360   INFO  Train:   10/10 (100%) [4182/55563 (  8%)]  Loss: 1.020 (0.928)  LR: 9.785e-06  Time cost: 17:27/3:34:24 [4:11:22/3:34:24]  Acc_iter 504250      Data time: 0.00(0.00)  Forward time: 0.26(0.25)  Batch time: 0.26(0.25)
2026-08-15 15:22:06,732   INFO  Train:   10/10 (100%) [4232/55563 (  8%)]  Loss: 0.7006 (0.929)  LR: 9.766e-06  Time cost: 17:39/3:34:10 [4:11:34/3:34:10]  Acc_iter 504300      Data time: 0.00(0.00)  Forward time: 0.23(0.25)  Batch time: 0.23(0.25)
2026-08-15 15:22:07,184   INFO  a1e06a0b30c0                Sat Aug 15 15:22:07 2026  580.173.02
[0] NVIDIA GeForce RTX 3070 | 73°C,   2 % |  7388 /  8192 MB | root(6928M)

2026-08-15 15:22:20,043   INFO  Train:   10/10 (100%) [4282/55563 (  8%)]  Loss: 0.4173 (0.929)  LR: 9.747e-06  Time cost: 17:53/3:34:07 [4:11:48/3:34:07]  Acc_iter 504350      Data time: 0.00(0.00)  Forward time: 0.21(0.25)  Batch time: 0.21(0.25)
2026-08-15 15:22:32,277   INFO  Train:   10/10 (100%) [4332/55563 (  8%)]  Loss: 1.327 (0.929)  LR: 9.729e-06  Time cost: 18:05/3:33:51 [4:12:00/3:33:51]  Acc_iter 504400      Data time: 0.00(0.00)  Forward time: 0.26(0.25)  Batch time: 0.26(0.25)
2026-08-15 15:22:44,830   INFO  Train:   10/10 (100%) [4382/55563 (  8%)]  Loss: 0.6947 (0.929)  LR: 9.710e-06  Time cost: 18:17/3:33:39 [4:12:12/3:33:39]  Acc_iter 504450      Data time: 0.00(0.00)  Forward time: 0.26(0.25)  Batch time: 0.26(0.25)
2026-08-15 15:22:45,294   INFO  a1e06a0b30c0                Sat Aug 15 15:22:45 2026  580.173.02
[0] NVIDIA GeForce RTX 3070 | 73°C,  79 % |  7393 /  8192 MB | root(6928M)

2026-08-15 15:22:57,461   INFO  Train:   10/10 (100%) [4432/55563 (  8%)]  Loss: 1.193 (0.929)  LR: 9.691e-06  Time cost: 18:30/3:33:28 [4:12:25/3:33:28]  Acc_iter 504500      Data time: 0.00(0.00)  Forward time: 0.21(0.25)  Batch time: 0.21(0.25)
2026-08-15 15:23:10,060   INFO  Train:   10/10 (100%) [4482/55563 (  8%)]  Loss: 0.5744 (0.930)  LR: 9.672e-06  Time cost: 18:43/3:33:16 [4:12:38/3:33:16]  Acc_iter 504550      Data time: 0.00(0.00)  Forward time: 0.24(0.25)  Batch time: 0.24(0.25)
2026-08-15 15:23:22,812   INFO  Train:   10/10 (100%) [4532/55563 (  8%)]  Loss: 1.286 (0.931)  LR: 9.654e-06  Time cost: 18:55/3:33:06 [4:12:50/3:33:06]  Acc_iter 504600      Data time: 0.00(0.00)  Forward time: 0.24(0.25)  Batch time: 0.24(0.25)
2026-08-15 15:23:23,189   INFO  a1e06a0b30c0                Sat Aug 15 15:23:23 2026  580.173.02
[0] NVIDIA GeForce RTX 3070 | 73°C,  76 % |  7387 /  8192 MB | root(6928M)

2026-08-15 15:23:35,252   INFO  Train:   10/10 (100%) [4582/55563 (  8%)]  Loss: 0.6643 (0.931)  LR: 9.635e-06  Time cost: 19:08/3:32:53 [4:13:03/3:32:53]  Acc_iter 504650      Data time: 0.00(0.00)  Forward time: 0.23(0.25)  Batch time: 0.23(0.25)
2026-08-15 15:23:47,511   INFO  Train:   10/10 (100%) [4632/55563 (  8%)]  Loss: 0.9023 (0.930)  LR: 9.616e-06  Time cost: 19:20/3:32:37 [4:13:15/3:32:37]  Acc_iter 504700      Data time: 0.00(0.00)  Forward time: 0.29(0.25)  Batch time: 0.30(0.25)
2026-08-15 15:24:00,169   INFO  Train:   10/10 (100%) [4682/55563 (  8%)]  Loss: 0.8380 (0.930)  LR: 9.598e-06  Time cost: 19:33/3:32:26 [4:13:28/3:32:26]  Acc_iter 504750      Data time: 0.00(0.00)  Forward time: 0.27(0.25)  Batch time: 0.27(0.25)
2026-08-15 15:24:00,587   INFO  a1e06a0b30c0                Sat Aug 15 15:24:00 2026  580.173.02
[0] NVIDIA GeForce RTX 3070 | 68°C,  89 % |  7386 /  8192 MB | root(6928M)

2026-08-15 15:24:12,854   INFO  Train:   10/10 (100%) [4732/55563 (  9%)]  Loss: 0.9783 (0.929)  LR: 9.579e-06  Time cost: 19:45/3:32:15 [4:13:40/3:32:15]  Acc_iter 504800      Data time: 0.00(0.00)  Forward time: 0.28(0.25)  Batch time: 0.28(0.25)
2026-08-15 15:24:25,277   INFO  Train:   10/10 (100%) [4782/55563 (  9%)]  Loss: 2.119 (0.930)  LR: 9.560e-06  Time cost: 19:58/3:32:02 [4:13:53/3:32:02]  Acc_iter 504850      Data time: 0.00(0.00)  Forward time: 0.27(0.25)  Batch time: 0.27(0.25)
2026-08-15 15:24:27,299   INFO  Save latest model to /OpenPCDet/output/OpenPCDet/tools/cfgs/models/S/F/S_F_N/default/ckpt/latest_model
2026-08-15 15:24:37,784   INFO  Train:   10/10 (100%) [4832/55563 (  9%)]  Loss: 0.9511 (0.931)  LR: 9.542e-06  Time cost: 20:10/3:31:49 [4:14:05/3:31:49]  Acc_iter 504900      Data time: 0.00(0.00)  Forward time: 0.26(0.25)  Batch time: 0.26(0.25)
2026-08-15 15:24:38,194   INFO  a1e06a0b30c0                Sat Aug 15 15:24:38 2026  580.173.02
[0] NVIDIA GeForce RTX 3070 | 73°C,  73 % |  7388 /  8192 MB | root(6928M)

2026-08-15 15:24:50,767   INFO  Train:   10/10 (100%) [4882/55563 (  9%)]  Loss: 1.547 (0.931)  LR: 9.523e-06  Time cost: 20:23/3:31:41 [4:14:18/3:31:41]  Acc_iter 504950      Data time: 0.00(0.00)  Forward time: 0.23(0.25)  Batch time: 0.24(0.25)
2026-08-15 15:25:03,152   INFO  Train:   10/10 (100%) [4932/55563 (  9%)]  Loss: 2.059 (0.931)  LR: 9.505e-06  Time cost: 20:36/3:31:27 [4:14:31/3:31:27]  Acc_iter 505000      Data time: 0.00(0.00)  Forward time: 0.27(0.25)  Batch time: 0.27(0.25)
2026-08-15 15:25:15,163   INFO  Train:   10/10 (100%) [4982/55563 (  9%)]  Loss: 1.379 (0.932)  LR: 9.486e-06  Time cost: 20:48/3:31:09 [4:14:43/3:31:09]  Acc_iter 505050      Data time: 0.00(0.00)  Forward time: 0.27(0.25)  Batch time: 0.27(0.25)
2026-08-15 15:25:15,630   INFO  a1e06a0b30c0                Sat Aug 15 15:25:15 2026  580.173.02
[0] NVIDIA GeForce RTX 3070 | 68°C,  89 % |  7393 /  8192 MB | root(6928M)

2026-08-15 15:25:27,729   INFO  Train:   10/10 (100%) [5032/55563 (  9%)]  Loss: 0.4349 (0.932)  LR: 9.468e-06  Time cost: 21:00/3:30:57 [4:14:55/3:30:57]  Acc_iter 505100      Data time: 0.00(0.00)  Forward time: 0.26(0.25)  Batch time: 0.27(0.25)
2026-08-15 15:25:40,264   INFO  Train:   10/10 (100%) [5082/55563 (  9%)]  Loss: 0.8145 (0.932)  LR: 9.449e-06  Time cost: 21:13/3:30:45 [4:15:08/3:30:45]  Acc_iter 505150      Data time: 0.00(0.00)  Forward time: 0.21(0.25)  Batch time: 0.21(0.25)
2026-08-15 15:25:53,245   INFO  Train:   10/10 (100%) [5132/55563 (  9%)]  Loss: 1.534 (0.932)  LR: 9.431e-06  Time cost: 21:26/3:30:37 [4:15:21/3:30:37]  Acc_iter 505200      Data time: 0.00(0.00)  Forward time: 0.24(0.25)  Batch time: 0.24(0.25)
2026-08-15 15:25:53,628   INFO  a1e06a0b30c0                Sat Aug 15 15:25:53 2026  580.173.02
[0] NVIDIA GeForce RTX 3070 | 70°C,  66 % |  7388 /  8192 MB | root(6928M)

2026-08-15 15:26:05,823   INFO  Train:   10/10 (100%) [5182/55563 (  9%)]  Loss: 0.8332 (0.931)  LR: 9.412e-06  Time cost: 21:38/3:30:25 [4:15:33/3:30:25]  Acc_iter 505250      Data time: 0.00(0.00)  Forward time: 0.23(0.25)  Batch time: 0.23(0.25)
2026-08-15 15:26:18,524   INFO  Train:   10/10 (100%) [5232/55563 (  9%)]  Loss: 1.273 (0.931)  LR: 9.394e-06  Time cost: 21:51/3:30:14 [4:15:46/3:30:14]  Acc_iter 505300      Data time: 0.00(0.00)  Forward time: 0.25(0.25)  Batch time: 0.25(0.25)
2026-08-15 15:26:30,899   INFO  Train:   10/10 (100%) [5282/55563 ( 10%)]  Loss: 0.8754 (0.930)  LR: 9.375e-06  Time cost: 22:03/3:30:00 [4:15:58/3:30:00]  Acc_iter 505350      Data time: 0.00(0.00)  Forward time: 0.25(0.25)  Batch time: 0.25(0.25)
2026-08-15 15:26:31,321   INFO  a1e06a0b30c0                Sat Aug 15 15:26:31 2026  580.173.02
[0] NVIDIA GeForce RTX 3070 | 72°C,  99 % |  7388 /  8192 MB | root(6928M)

2026-08-15 15:26:44,039   INFO  Train:   10/10 (100%) [5332/55563 ( 10%)]  Loss: 0.4584 (0.932)  LR: 9.357e-06  Time cost: 22:17/3:29:53 [4:16:12/3:29:53]  Acc_iter 505400      Data time: 0.00(0.00)  Forward time: 0.22(0.25)  Batch time: 0.22(0.25)
2026-08-15 15:26:56,484   INFO  Train:   10/10 (100%) [5382/55563 ( 10%)]  Loss: 0.8316 (0.931)  LR: 9.338e-06  Time cost: 22:29/3:29:40 [4:16:24/3:29:40]  Acc_iter 505450      Data time: 0.00(0.00)  Forward time: 0.24(0.25)  Batch time: 0.24(0.25)
2026-08-15 15:27:08,703   INFO  Train:   10/10 (100%) [5432/55563 ( 10%)]  Loss: 0.2407 (0.931)  LR: 9.320e-06  Time cost: 22:41/3:29:24 [4:16:36/3:29:24]  Acc_iter 505500      Data time: 0.00(0.00)  Forward time: 0.20(0.25)  Batch time: 0.20(0.25)
2026-08-15 15:27:09,078   INFO  a1e06a0b30c0                Sat Aug 15 15:27:09 2026  580.173.02
[0] NVIDIA GeForce RTX 3070 | 66°C,   1 % |  7389 /  8192 MB | root(6928M)

2026-08-15 15:27:21,219   INFO  Train:   10/10 (100%) [5482/55563 ( 10%)]  Loss: 1.618 (0.931)  LR: 9.301e-06  Time cost: 22:54/3:29:11 [4:16:49/3:29:11]  Acc_iter 505550      Data time: 0.00(0.00)  Forward time: 0.27(0.25)  Batch time: 0.27(0.25)
2026-08-15 15:27:33,601   INFO  Train:   10/10 (100%) [5532/55563 ( 10%)]  Loss: 0.9012 (0.931)  LR: 9.283e-06  Time cost: 23:06/3:28:58 [4:17:01/3:28:58]  Acc_iter 505600      Data time: 0.00(0.00)  Forward time: 0.23(0.25)  Batch time: 0.24(0.25)
2026-08-15 15:27:46,178   INFO  Train:   10/10 (100%) [5582/55563 ( 10%)]  Loss: 0.4351 (0.931)  LR: 9.265e-06  Time cost: 23:19/3:28:45 [4:17:14/3:28:45]  Acc_iter 505650      Data time: 0.00(0.00)  Forward time: 0.23(0.25)  Batch time: 0.23(0.25)
2026-08-15 15:27:46,595   INFO  a1e06a0b30c0                Sat Aug 15 15:27:46 2026  580.173.02
[0] NVIDIA GeForce RTX 3070 | 65°C,  94 % |  7388 /  8192 MB | root(6928M)

2026-08-15 15:27:58,998   INFO  Train:   10/10 (100%) [5632/55563 ( 10%)]  Loss: 1.657 (0.931)  LR: 9.246e-06  Time cost: 23:31/3:28:35 [4:17:27/3:28:35]  Acc_iter 505700      Data time: 0.00(0.00)  Forward time: 0.26(0.25)  Batch time: 0.26(0.25)
2026-08-15 15:28:11,528   INFO  Train:   10/10 (100%) [5682/55563 ( 10%)]  Loss: 0.5986 (0.931)  LR: 9.228e-06  Time cost: 23:44/3:28:23 [4:17:39/3:28:23]  Acc_iter 505750      Data time: 0.00(0.00)  Forward time: 0.24(0.25)  Batch time: 0.25(0.25)
2026-08-15 15:28:23,945   INFO  Train:   10/10 (100%) [5732/55563 ( 10%)]  Loss: 0.7761 (0.932)  LR: 9.210e-06  Time cost: 23:56/3:28:09 [4:17:51/3:28:09]  Acc_iter 505800      Data time: 0.00(0.00)  Forward time: 0.22(0.25)  Batch time: 0.22(0.25)
2026-08-15 15:28:24,324   INFO  a1e06a0b30c0                Sat Aug 15 15:28:24 2026  580.173.02
[0] NVIDIA GeForce RTX 3070 | 71°C,  71 % |  7376 /  8192 MB | root(6928M)

2026-08-15 15:28:36,733   INFO  Train:   10/10 (100%) [5782/55563 ( 10%)]  Loss: 0.5798 (0.931)  LR: 9.192e-06  Time cost: 24:09/3:27:59 [4:18:04/3:27:59]  Acc_iter 505850      Data time: 0.00(0.00)  Forward time: 0.24(0.25)  Batch time: 0.24(0.25)
2026-08-15 15:28:48,768   INFO  Train:   10/10 (100%) [5832/55563 ( 10%)]  Loss: 0.7009 (0.931)  LR: 9.173e-06  Time cost: 24:21/3:27:42 [4:18:16/3:27:42]  Acc_iter 505900      Data time: 0.00(0.00)  Forward time: 0.22(0.25)  Batch time: 0.22(0.25)
2026-08-15 15:29:01,128   INFO  Train:   10/10 (100%) [5882/55563 ( 11%)]  Loss: 0.6485 (0.931)  LR: 9.155e-06  Time cost: 24:34/3:27:28 [4:18:29/3:27:28]  Acc_iter 505950      Data time: 0.00(0.00)  Forward time: 0.20(0.25)  Batch time: 0.20(0.25)
2026-08-15 15:29:01,526   INFO  a1e06a0b30c0                Sat Aug 15 15:29:01 2026  580.173.02
[0] NVIDIA GeForce RTX 3070 | 72°C,  79 % |  7390 /  8192 MB | root(6928M)

2026-08-15 15:29:13,867   INFO  Train:   10/10 (100%) [5932/55563 ( 11%)]  Loss: 0.7294 (0.931)  LR: 9.137e-06  Time cost: 24:46/3:27:17 [4:18:41/3:27:17]  Acc_iter 506000      Data time: 0.00(0.00)  Forward time: 0.23(0.25)  Batch time: 0.23(0.25)
2026-08-15 15:29:26,437   INFO  Train:   10/10 (100%) [5982/55563 ( 11%)]  Loss: 1.075 (0.931)  LR: 9.119e-06  Time cost: 24:59/3:27:05 [4:18:54/3:27:05]  Acc_iter 506050      Data time: 0.00(0.00)  Forward time: 0.26(0.25)  Batch time: 0.26(0.25)
2026-08-15 15:29:27,323   INFO  Save latest model to /OpenPCDet/output/OpenPCDet/tools/cfgs/models/S/F/S_F_N/default/ckpt/latest_model
2026-08-15 15:29:38,715   INFO  Train:   10/10 (100%) [6032/55563 ( 11%)]  Loss: 0.6534 (0.931)  LR: 9.100e-06  Time cost: 25:11/3:26:51 [4:19:06/3:26:51]  Acc_iter 506100      Data time: 0.00(0.00)  Forward time: 0.26(0.25)  Batch time: 0.26(0.25)
2026-08-15 15:29:39,087   INFO  a1e06a0b30c0                Sat Aug 15 15:29:39 2026  580.173.02
[0] NVIDIA GeForce RTX 3070 | 67°C,   4 % |  7387 /  8192 MB | root(6928M)

2026-08-15 15:29:51,529   INFO  Train:   10/10 (100%) [6082/55563 ( 11%)]  Loss: 0.7017 (0.932)  LR: 9.082e-06  Time cost: 25:24/3:26:40 [4:19:19/3:26:40]  Acc_iter 506150      Data time: 0.00(0.00)  Forward time: 0.28(0.25)  Batch time: 0.28(0.25)
2026-08-15 15:30:04,064   INFO  Train:   10/10 (100%) [6132/55563 ( 11%)]  Loss: 0.9285 (0.932)  LR: 9.064e-06  Time cost: 25:37/3:26:28 [4:19:32/3:26:28]  Acc_iter 506200      Data time: 0.00(0.00)  Forward time: 0.28(0.25)  Batch time: 0.28(0.25)
2026-08-15 15:30:16,548   INFO  Train:   10/10 (100%) [6182/55563 ( 11%)]  Loss: 1.070 (0.932)  LR: 9.046e-06  Time cost: 25:49/3:26:15 [4:19:44/3:26:15]  Acc_iter 506250      Data time: 0.00(0.00)  Forward time: 0.22(0.25)  Batch time: 0.22(0.25)
2026-08-15 15:30:17,019   INFO  a1e06a0b30c0                Sat Aug 15 15:30:16 2026  580.173.02
[0] NVIDIA GeForce RTX 3070 | 74°C,  66 % |  7388 /  8192 MB | root(6928M)

2026-08-15 15:30:29,569   INFO  Train:   10/10 (100%) [6232/55563 ( 11%)]  Loss: 0.9518 (0.931)  LR: 9.028e-06  Time cost: 26:02/3:26:06 [4:19:57/3:26:06]  Acc_iter 506300      Data time: 0.00(0.00)  Forward time: 0.25(0.25)  Batch time: 0.25(0.25)
2026-08-15 15:30:41,665   INFO  Train:   10/10 (100%) [6282/55563 ( 11%)]  Loss: 1.580 (0.932)  LR: 9.010e-06  Time cost: 26:14/3:25:50 [4:20:09/3:25:50]  Acc_iter 506350      Data time: 0.00(0.00)  Forward time: 0.28(0.25)  Batch time: 0.28(0.25)
2026-08-15 15:30:54,150   INFO  Train:   10/10 (100%) [6332/55563 ( 11%)]  Loss: 1.114 (0.932)  LR: 8.992e-06  Time cost: 26:27/3:25:38 [4:20:22/3:25:38]  Acc_iter 506400      Data time: 0.00(0.00)  Forward time: 0.23(0.25)  Batch time: 0.23(0.25)
2026-08-15 15:30:54,529   INFO  a1e06a0b30c0                Sat Aug 15 15:30:54 2026  580.173.02
[0] NVIDIA GeForce RTX 3070 | 73°C, 100 % |  7388 /  8192 MB | root(6928M)

2026-08-15 15:31:07,181   INFO  Train:   10/10 (100%) [6382/55563 ( 11%)]  Loss: 0.7854 (0.932)  LR: 8.974e-06  Time cost: 26:40/3:25:29 [4:20:35/3:25:29]  Acc_iter 506450      Data time: 0.00(0.00)  Forward time: 0.25(0.25)  Batch time: 0.25(0.25)
2026-08-15 15:31:19,949   INFO  Train:   10/10 (100%) [6432/55563 ( 12%)]  Loss: 1.153 (0.933)  LR: 8.956e-06  Time cost: 26:52/3:25:18 [4:20:47/3:25:18]  Acc_iter 506500      Data time: 0.00(0.00)  Forward time: 0.26(0.25)  Batch time: 0.26(0.25)
2026-08-15 15:31:32,187   INFO  Train:   10/10 (100%) [6482/55563 ( 12%)]  Loss: 1.716 (0.933)  LR: 8.938e-06  Time cost: 27:05/3:25:03 [4:21:00/3:25:03]  Acc_iter 506550      Data time: 0.00(0.00)  Forward time: 0.28(0.25)  Batch time: 0.28(0.25)
2026-08-15 15:31:32,569   INFO  a1e06a0b30c0                Sat Aug 15 15:31:32 2026  580.173.02
[0] NVIDIA GeForce RTX 3070 | 67°C, 100 % |  7389 /  8192 MB | root(6928M)

2026-08-15 15:31:44,669   INFO  Train:   10/10 (100%) [6532/55563 ( 12%)]  Loss: 0.8760 (0.933)  LR: 8.920e-06  Time cost: 27:17/3:24:50 [4:21:12/3:24:50]  Acc_iter 506600      Data time: 0.00(0.00)  Forward time: 0.27(0.25)  Batch time: 0.27(0.25)
2026-08-15 15:31:57,406   INFO  Train:   10/10 (100%) [6582/55563 ( 12%)]  Loss: 0.8879 (0.933)  LR: 8.902e-06  Time cost: 27:30/3:24:39 [4:21:25/3:24:39]  Acc_iter 506650      Data time: 0.00(0.00)  Forward time: 0.27(0.25)  Batch time: 0.27(0.25)
2026-08-15 15:32:09,864   INFO  Train:   10/10 (100%) [6632/55563 ( 12%)]  Loss: 0.5451 (0.933)  LR: 8.884e-06  Time cost: 27:42/3:24:26 [4:21:37/3:24:26]  Acc_iter 506700      Data time: 0.00(0.00)  Forward time: 0.24(0.25)  Batch time: 0.24(0.25)
2026-08-15 15:32:10,275   INFO  a1e06a0b30c0                Sat Aug 15 15:32:10 2026  580.173.02
[0] NVIDIA GeForce RTX 3070 | 73°C,  92 % |  7388 /  8192 MB | root(6928M)

2026-08-15 15:32:22,485   INFO  Train:   10/10 (100%) [6682/55563 ( 12%)]  Loss: 1.193 (0.932)  LR: 8.866e-06  Time cost: 27:55/3:24:14 [4:21:50/3:24:14]  Acc_iter 506750      Data time: 0.00(0.00)  Forward time: 0.23(0.25)  Batch time: 0.23(0.25)
2026-08-15 15:32:34,765   INFO  Train:   10/10 (100%) [6732/55563 ( 12%)]  Loss: 0.8705 (0.933)  LR: 8.848e-06  Time cost: 28:07/3:24:00 [4:22:02/3:24:00]  Acc_iter 506800      Data time: 0.00(0.00)  Forward time: 0.26(0.25)  Batch time: 0.26(0.25)
2026-08-15 15:32:47,018   INFO  Train:   10/10 (100%) [6782/55563 ( 12%)]  Loss: 0.7935 (0.932)  LR: 8.830e-06  Time cost: 28:20/3:23:45 [4:22:15/3:23:45]  Acc_iter 506850      Data time: 0.00(0.00)  Forward time: 0.21(0.25)  Batch time: 0.21(0.25)
2026-08-15 15:32:47,474   INFO  a1e06a0b30c0                Sat Aug 15 15:32:47 2026  580.173.02
[0] NVIDIA GeForce RTX 3070 | 73°C,  74 % |  7388 /  8192 MB | root(6928M)

2026-08-15 15:33:00,368   INFO  Train:   10/10 (100%) [6832/55563 ( 12%)]  Loss: 0.5597 (0.932)  LR: 8.812e-06  Time cost: 28:33/3:23:39 [4:22:28/3:23:39]  Acc_iter 506900      Data time: 0.00(0.00)  Forward time: 0.26(0.25)  Batch time: 0.26(0.25)
2026-08-15 15:33:12,966   INFO  Train:   10/10 (100%) [6882/55563 ( 12%)]  Loss: 0.9571 (0.933)  LR: 8.794e-06  Time cost: 28:45/3:23:27 [4:22:41/3:23:27]  Acc_iter 506950      Data time: 0.00(0.00)  Forward time: 0.26(0.25)  Batch time: 0.26(0.25)
2026-08-15 15:33:25,282   INFO  Train:   10/10 (100%) [6932/55563 ( 12%)]  Loss: 0.7817 (0.933)  LR: 8.776e-06  Time cost: 28:58/3:23:13 [4:22:53/3:23:13]  Acc_iter 507000      Data time: 0.00(0.00)  Forward time: 0.23(0.25)  Batch time: 0.23(0.25)
2026-08-15 15:33:25,666   INFO  a1e06a0b30c0                Sat Aug 15 15:33:25 2026  580.173.02
[0] NVIDIA GeForce RTX 3070 | 70°C,  72 % |  7387 /  8192 MB | root(6928M)

2026-08-15 15:33:38,032   INFO  Train:   10/10 (100%) [6982/55563 ( 13%)]  Loss: 1.136 (0.932)  LR: 8.758e-06  Time cost: 29:11/3:23:01 [4:23:06/3:23:01]  Acc_iter 507050      Data time: 0.00(0.00)  Forward time: 0.24(0.25)  Batch time: 0.24(0.25)
2026-08-15 15:33:50,511   INFO  Train:   10/10 (100%) [7032/55563 ( 13%)]  Loss: 0.5525 (0.932)  LR: 8.740e-06  Time cost: 29:23/3:22:49 [4:23:18/3:22:49]  Acc_iter 507100      Data time: 0.00(0.00)  Forward time: 0.27(0.25)  Batch time: 0.27(0.25)
2026-08-15 15:34:03,164   INFO  Train:   10/10 (100%) [7082/55563 ( 13%)]  Loss: 1.553 (0.932)  LR: 8.723e-06  Time cost: 29:36/3:22:37 [4:23:31/3:22:37]  Acc_iter 507150      Data time: 0.00(0.00)  Forward time: 0.26(0.25)  Batch time: 0.26(0.25)
2026-08-15 15:34:03,544   INFO  a1e06a0b30c0                Sat Aug 15 15:34:03 2026  580.173.02
[0] NVIDIA GeForce RTX 3070 | 68°C,  90 % |  7386 /  8192 MB | root(6928M)

2026-08-15 15:34:15,990   INFO  Train:   10/10 (100%) [7132/55563 ( 13%)]  Loss: 1.010 (0.932)  LR: 8.705e-06  Time cost: 29:48/3:22:26 [4:23:44/3:22:26]  Acc_iter 507200      Data time: 0.00(0.00)  Forward time: 0.26(0.25)  Batch time: 0.26(0.25)
2026-08-15 15:34:27,263   INFO  Save latest model to /OpenPCDet/output/OpenPCDet/tools/cfgs/models/S/F/S_F_N/default/ckpt/latest_model
2026-08-15 15:34:28,540   INFO  Train:   10/10 (100%) [7182/55563 ( 13%)]  Loss: 0.4088 (0.932)  LR: 8.687e-06  Time cost: 30:01/3:22:14 [4:23:56/3:22:14]  Acc_iter 507250      Data time: 0.00(0.00)  Forward time: 0.24(0.25)  Batch time: 0.24(0.25)
2026-08-15 15:34:40,808   INFO  Train:   10/10 (100%) [7232/55563 ( 13%)]  Loss: 0.8362 (0.932)  LR: 8.669e-06  Time cost: 30:13/3:21:59 [4:24:08/3:21:59]  Acc_iter 507300      Data time: 0.00(0.00)  Forward time: 0.24(0.25)  Batch time: 0.24(0.25)
2026-08-15 15:34:41,258   INFO  a1e06a0b30c0                Sat Aug 15 15:34:41 2026  580.173.02
[0] NVIDIA GeForce RTX 3070 | 74°C,   2 % |  7386 /  8192 MB | root(6928M)

2026-08-15 15:34:54,006   INFO  Train:   10/10 (100%) [7282/55563 ( 13%)]  Loss: 0.6299 (0.932)  LR: 8.651e-06  Time cost: 30:27/3:21:51 [4:24:22/3:21:51]  Acc_iter 507350      Data time: 0.00(0.00)  Forward time: 0.21(0.25)  Batch time: 0.21(0.25)
2026-08-15 15:35:06,485   INFO  Train:   10/10 (100%) [7332/55563 ( 13%)]  Loss: 1.012 (0.932)  LR: 8.634e-06  Time cost: 30:39/3:21:38 [4:24:34/3:21:38]  Acc_iter 507400      Data time: 0.00(0.00)  Forward time: 0.26(0.25)  Batch time: 0.26(0.25)
2026-08-15 15:35:18,710   INFO  Train:   10/10 (100%) [7382/55563 ( 13%)]  Loss: 0.6207 (0.932)  LR: 8.616e-06  Time cost: 30:51/3:21:24 [4:24:46/3:21:24]  Acc_iter 507450      Data time: 0.00(0.00)  Forward time: 0.24(0.25)  Batch time: 0.24(0.25)
2026-08-15 15:35:19,088   INFO  a1e06a0b30c0                Sat Aug 15 15:35:19 2026  580.173.02
[0] NVIDIA GeForce RTX 3070 | 69°C,   1 % |  7389 /  8192 MB | root(6928M)

2026-08-15 15:35:31,371   INFO  Train:   10/10 (100%) [7432/55563 ( 13%)]  Loss: 0.8907 (0.932)  LR: 8.598e-06  Time cost: 31:04/3:21:12 [4:24:59/3:21:12]  Acc_iter 507500      Data time: 0.00(0.00)  Forward time: 0.28(0.25)  Batch time: 0.28(0.25)
2026-08-15 15:35:44,254   INFO  Train:   10/10 (100%) [7482/55563 ( 13%)]  Loss: 1.675 (0.931)  LR: 8.581e-06  Time cost: 31:17/3:21:02 [4:25:12/3:21:02]  Acc_iter 507550      Data time: 0.00(0.00)  Forward time: 0.27(0.25)  Batch time: 0.27(0.25)
2026-08-15 15:35:56,625   INFO  Train:   10/10 (100%) [7532/55563 ( 14%)]  Loss: 0.7856 (0.931)  LR: 8.563e-06  Time cost: 31:29/3:20:48 [4:25:24/3:20:48]  Acc_iter 507600      Data time: 0.00(0.00)  Forward time: 0.25(0.25)  Batch time: 0.25(0.25)
2026-08-15 15:35:56,987   INFO  a1e06a0b30c0                Sat Aug 15 15:35:56 2026  580.173.02
[0] NVIDIA GeForce RTX 3070 | 73°C, 100 % |  7388 /  8192 MB | root(6928M)

2026-08-15 15:36:09,685   INFO  Train:   10/10 (100%) [7582/55563 ( 14%)]  Loss: 1.177 (0.932)  LR: 8.545e-06  Time cost: 31:42/3:20:39 [4:25:37/3:20:39]  Acc_iter 507650      Data time: 0.00(0.00)  Forward time: 0.29(0.25)  Batch time: 0.29(0.25)
2026-08-15 15:36:21,987   INFO  Train:   10/10 (100%) [7632/55563 ( 14%)]  Loss: 0.8329 (0.931)  LR: 8.528e-06  Time cost: 31:54/3:20:25 [4:25:50/3:20:25]  Acc_iter 507700      Data time: 0.00(0.00)  Forward time: 0.26(0.25)  Batch time: 0.26(0.25)
2026-08-15 15:36:34,599   INFO  Train:   10/10 (100%) [7682/55563 ( 14%)]  Loss: 0.6491 (0.930)  LR: 8.510e-06  Time cost: 32:07/3:20:12 [4:26:02/3:20:12]  Acc_iter 507750      Data time: 0.00(0.00)  Forward time: 0.26(0.25)  Batch time: 0.26(0.25)
2026-08-15 15:36:35,040   INFO  a1e06a0b30c0                Sat Aug 15 15:36:35 2026  580.173.02
[0] NVIDIA GeForce RTX 3070 | 73°C,  65 % |  7388 /  8192 MB | root(6928M)

2026-08-15 15:36:47,262   INFO  Train:   10/10 (100%) [7732/55563 ( 14%)]  Loss: 1.760 (0.931)  LR: 8.493e-06  Time cost: 32:20/3:20:01 [4:26:15/3:20:01]  Acc_iter 507800      Data time: 0.00(0.00)  Forward time: 0.27(0.25)  Batch time: 0.27(0.25)
2026-08-15 15:36:59,697   INFO  Train:   10/10 (100%) [7782/55563 ( 14%)]  Loss: 1.254 (0.931)  LR: 8.475e-06  Time cost: 32:32/3:19:47 [4:26:27/3:19:47]  Acc_iter 507850      Data time: 0.00(0.00)  Forward time: 0.25(0.25)  Batch time: 0.25(0.25)
2026-08-15 15:37:12,081   INFO  Train:   10/10 (100%) [7832/55563 ( 14%)]  Loss: 0.9788 (0.930)  LR: 8.457e-06  Time cost: 32:45/3:19:34 [4:26:40/3:19:34]  Acc_iter 507900      Data time: 0.00(0.00)  Forward time: 0.28(0.25)  Batch time: 0.28(0.25)
2026-08-15 15:37:12,468   INFO  a1e06a0b30c0                Sat Aug 15 15:37:12 2026  580.173.02
[0] NVIDIA GeForce RTX 3070 | 74°C,  74 % |  7389 /  8192 MB | root(6928M)

2026-08-15 15:37:25,073   INFO  Train:   10/10 (100%) [7882/55563 ( 14%)]  Loss: 0.9313 (0.931)  LR: 8.440e-06  Time cost: 32:58/3:19:24 [4:26:53/3:19:24]  Acc_iter 507950      Data time: 0.00(0.00)  Forward time: 0.22(0.25)  Batch time: 0.23(0.25)
2026-08-15 15:37:37,731   INFO  Train:   10/10 (100%) [7932/55563 ( 14%)]  Loss: 0.8214 (0.931)  LR: 8.422e-06  Time cost: 33:10/3:19:12 [4:27:05/3:19:12]  Acc_iter 508000      Data time: 0.00(0.00)  Forward time: 0.28(0.25)  Batch time: 0.29(0.25)
2026-08-15 15:37:50,208   INFO  Train:   10/10 (100%) [7982/55563 ( 14%)]  Loss: 0.6572 (0.931)  LR: 8.405e-06  Time cost: 33:23/3:18:59 [4:27:18/3:18:59]  Acc_iter 508050      Data time: 0.00(0.00)  Forward time: 0.26(0.25)  Batch time: 0.26(0.25)
2026-08-15 15:37:50,636   INFO  a1e06a0b30c0                Sat Aug 15 15:37:50 2026  580.173.02
[0] NVIDIA GeForce RTX 3070 | 69°C,  93 % |  7388 /  8192 MB | root(6928M)

2026-08-15 15:38:02,725   INFO  Train:   10/10 (100%) [8032/55563 ( 14%)]  Loss: 1.769 (0.931)  LR: 8.387e-06  Time cost: 33:35/3:18:46 [4:27:30/3:18:46]  Acc_iter 508100      Data time: 0.00(0.00)  Forward time: 0.25(0.25)  Batch time: 0.25(0.25)
2026-08-15 15:38:15,330   INFO  Train:   10/10 (100%) [8082/55563 ( 15%)]  Loss: 0.9232 (0.930)  LR: 8.370e-06  Time cost: 33:48/3:18:34 [4:27:43/3:18:34]  Acc_iter 508150      Data time: 0.00(0.00)  Forward time: 0.28(0.25)  Batch time: 0.28(0.25)
2026-08-15 15:38:27,851   INFO  Train:   10/10 (100%) [8132/55563 ( 15%)]  Loss: 0.3991 (0.931)  LR: 8.352e-06  Time cost: 34:00/3:18:22 [4:27:55/3:18:22]  Acc_iter 508200      Data time: 0.00(0.00)  Forward time: 0.22(0.25)  Batch time: 0.22(0.25)
2026-08-15 15:38:28,266   INFO  a1e06a0b30c0                Sat Aug 15 15:38:28 2026  580.173.02
[0] NVIDIA GeForce RTX 3070 | 74°C,  97 % |  7376 /  8192 MB | root(6928M)

2026-08-15 15:38:40,543   INFO  Train:   10/10 (100%) [8182/55563 ( 15%)]  Loss: 0.7313 (0.931)  LR: 8.335e-06  Time cost: 34:13/3:18:10 [4:28:08/3:18:10]  Acc_iter 508250      Data time: 0.00(0.00)  Forward time: 0.24(0.25)  Batch time: 0.24(0.25)
2026-08-15 15:38:52,676   INFO  Train:   10/10 (100%) [8232/55563 ( 15%)]  Loss: 1.022 (0.931)  LR: 8.318e-06  Time cost: 34:25/3:17:55 [4:28:20/3:17:55]  Acc_iter 508300      Data time: 0.00(0.00)  Forward time: 0.23(0.25)  Batch time: 0.23(0.25)
2026-08-15 15:39:05,142   INFO  Train:   10/10 (100%) [8282/55563 ( 15%)]  Loss: 0.7868 (0.931)  LR: 8.300e-06  Time cost: 34:38/3:17:42 [4:28:33/3:17:42]  Acc_iter 508350      Data time: 0.00(0.00)  Forward time: 0.24(0.25)  Batch time: 0.25(0.25)
2026-08-15 15:39:05,544   INFO  a1e06a0b30c0                Sat Aug 15 15:39:05 2026  580.173.02
[0] NVIDIA GeForce RTX 3070 | 75°C,  75 % |  7387 /  8192 MB | root(6928M)

2026-08-15 15:39:18,300   INFO  Train:   10/10 (100%) [8332/55563 ( 15%)]  Loss: 0.8491 (0.931)  LR: 8.283e-06  Time cost: 34:51/3:17:33 [4:28:46/3:17:33]  Acc_iter 508400      Data time: 0.00(0.00)  Forward time: 0.23(0.25)  Batch time: 0.23(0.25)
2026-08-15 15:39:27,234   INFO  Save latest model to /OpenPCDet/output/OpenPCDet/tools/cfgs/models/S/F/S_F_N/default/ckpt/latest_model
2026-08-15 15:39:30,708   INFO  Train:   10/10 (100%) [8382/55563 ( 15%)]  Loss: 1.045 (0.931)  LR: 8.266e-06  Time cost: 35:03/3:17:20 [4:28:58/3:17:20]  Acc_iter 508450      Data time: 0.00(0.00)  Forward time: 0.25(0.25)  Batch time: 0.25(0.25)
2026-08-15 15:39:43,166   INFO  Train:   10/10 (100%) [8432/55563 ( 15%)]  Loss: 1.285 (0.931)  LR: 8.248e-06  Time cost: 35:16/3:17:06 [4:29:11/3:17:06]  Acc_iter 508500      Data time: 0.00(0.00)  Forward time: 0.23(0.25)  Batch time: 0.23(0.25)
2026-08-15 15:39:43,542   INFO  a1e06a0b30c0                Sat Aug 15 15:39:43 2026  580.173.02
[0] NVIDIA GeForce RTX 3070 | 74°C,  99 % |  7386 /  8192 MB | root(6928M)

2026-08-15 15:39:55,908   INFO  Train:   10/10 (100%) [8482/55563 ( 15%)]  Loss: 0.7956 (0.930)  LR: 8.231e-06  Time cost: 35:28/3:16:55 [4:29:23/3:16:55]  Acc_iter 508550      Data time: 0.00(0.00)  Forward time: 0.25(0.25)  Batch time: 0.25(0.25)
2026-08-15 15:40:08,531   INFO  Train:   10/10 (100%) [8532/55563 ( 15%)]  Loss: 0.8692 (0.931)  LR: 8.214e-06  Time cost: 35:41/3:16:43 [4:29:36/3:16:43]  Acc_iter 508600      Data time: 0.00(0.00)  Forward time: 0.26(0.25)  Batch time: 0.26(0.25)
2026-08-15 15:40:20,816   INFO  Train:   10/10 (100%) [8582/55563 ( 15%)]  Loss: 1.055 (0.931)  LR: 8.196e-06  Time cost: 35:53/3:16:29 [4:29:48/3:16:29]  Acc_iter 508650      Data time: 0.00(0.00)  Forward time: 0.27(0.25)  Batch time: 0.27(0.25)
2026-08-15 15:40:21,199   INFO  a1e06a0b30c0                Sat Aug 15 15:40:21 2026  580.173.02
[0] NVIDIA GeForce RTX 3070 | 67°C,   7 % |  7386 /  8192 MB | root(6928M)

2026-08-15 15:40:33,712   INFO  Train:   10/10 (100%) [8632/55563 ( 16%)]  Loss: 1.355 (0.930)  LR: 8.179e-06  Time cost: 36:06/3:16:18 [4:30:01/3:16:18]  Acc_iter 508700      Data time: 0.00(0.00)  Forward time: 0.26(0.25)  Batch time: 0.26(0.25)
2026-08-15 15:40:45,941   INFO  Train:   10/10 (100%) [8682/55563 ( 16%)]  Loss: 1.790 (0.930)  LR: 8.162e-06  Time cost: 36:18/3:16:04 [4:30:13/3:16:04]  Acc_iter 508750      Data time: 0.00(0.00)  Forward time: 0.26(0.25)  Batch time: 0.26(0.25)
2026-08-15 15:40:58,498   INFO  Train:   10/10 (100%) [8732/55563 ( 16%)]  Loss: 1.040 (0.930)  LR: 8.144e-06  Time cost: 36:31/3:15:51 [4:30:26/3:15:51]  Acc_iter 508800      Data time: 0.00(0.00)  Forward time: 0.23(0.25)  Batch time: 0.23(0.25)
2026-08-15 15:40:58,924   INFO  a1e06a0b30c0                Sat Aug 15 15:40:58 2026  580.173.02
[0] NVIDIA GeForce RTX 3070 | 72°C,  93 % |  7387 /  8192 MB | root(6928M)

2026-08-15 15:41:11,361   INFO  Train:   10/10 (100%) [8782/55563 ( 16%)]  Loss: 0.8558 (0.930)  LR: 8.127e-06  Time cost: 36:44/3:15:41 [4:30:39/3:15:41]  Acc_iter 508850      Data time: 0.00(0.00)  Forward time: 0.22(0.25)  Batch time: 0.22(0.25)
2026-08-15 15:41:23,662   INFO  Train:   10/10 (100%) [8832/55563 ( 16%)]  Loss: 0.6771 (0.930)  LR: 8.110e-06  Time cost: 36:56/3:15:27 [4:30:51/3:15:27]  Acc_iter 508900      Data time: 0.00(0.00)  Forward time: 0.23(0.25)  Batch time: 0.23(0.25)
2026-08-15 15:41:35,890   INFO  Train:   10/10 (100%) [8882/55563 ( 16%)]  Loss: 1.824 (0.930)  LR: 8.093e-06  Time cost: 37:08/3:15:13 [4:31:03/3:15:13]  Acc_iter 508950      Data time: 0.00(0.00)  Forward time: 0.23(0.25)  Batch time: 0.23(0.25)
2026-08-15 15:41:36,257   INFO  a1e06a0b30c0                Sat Aug 15 15:41:36 2026  580.173.02
[0] NVIDIA GeForce RTX 3070 | 71°C,  97 % |  7388 /  8192 MB | root(6928M)

2026-08-15 15:41:48,759   INFO  Train:   10/10 (100%) [8932/55563 ( 16%)]  Loss: 1.331 (0.930)  LR: 8.076e-06  Time cost: 37:21/3:15:02 [4:31:16/3:15:02]  Acc_iter 509000      Data time: 0.00(0.00)  Forward time: 0.24(0.25)  Batch time: 0.24(0.25)
2026-08-15 15:42:01,245   INFO  Train:   10/10 (100%) [8982/55563 ( 16%)]  Loss: 0.2870 (0.930)  LR: 8.059e-06  Time cost: 37:34/3:14:49 [4:31:29/3:14:49]  Acc_iter 509050      Data time: 0.00(0.00)  Forward time: 0.26(0.25)  Batch time: 0.26(0.25)
2026-08-15 15:42:13,712   INFO  Train:   10/10 (100%) [9032/55563 ( 16%)]  Loss: 0.8697 (0.930)  LR: 8.041e-06  Time cost: 37:46/3:14:36 [4:31:41/3:14:36]  Acc_iter 509100      Data time: 0.00(0.00)  Forward time: 0.27(0.25)  Batch time: 0.27(0.25)
2026-08-15 15:42:14,094   INFO  a1e06a0b30c0                Sat Aug 15 15:42:14 2026  580.173.02
[0] NVIDIA GeForce RTX 3070 | 65°C,   1 % |  7388 /  8192 MB | root(6928M)

2026-08-15 15:42:26,441   INFO  Train:   10/10 (100%) [9082/55563 ( 16%)]  Loss: 0.5160 (0.930)  LR: 8.024e-06  Time cost: 37:59/3:14:24 [4:31:54/3:14:24]  Acc_iter 509150      Data time: 0.00(0.00)  Forward time: 0.22(0.25)  Batch time: 0.22(0.25)
2026-08-15 15:42:38,965   INFO  Train:   10/10 (100%) [9132/55563 ( 16%)]  Loss: 1.057 (0.930)  LR: 8.007e-06  Time cost: 38:11/3:14:12 [4:32:07/3:14:12]  Acc_iter 509200      Data time: 0.00(0.00)  Forward time: 0.25(0.25)  Batch time: 0.25(0.25)
2026-08-15 15:42:51,746   INFO  Train:   10/10 (100%) [9182/55563 ( 17%)]  Loss: 0.9868 (0.930)  LR: 7.990e-06  Time cost: 38:24/3:14:00 [4:32:19/3:14:00]  Acc_iter 509250      Data time: 0.00(0.00)  Forward time: 0.29(0.25)  Batch time: 0.29(0.25)
2026-08-15 15:42:52,186   INFO  a1e06a0b30c0                Sat Aug 15 15:42:52 2026  580.173.02
[0] NVIDIA GeForce RTX 3070 | 66°C,   3 % |  7389 /  8192 MB | root(6928M)

2026-08-15 15:43:04,871   INFO  Train:   10/10 (100%) [9232/55563 ( 17%)]  Loss: 0.4849 (0.930)  LR: 7.973e-06  Time cost: 38:37/3:13:51 [4:32:32/3:13:51]  Acc_iter 509300      Data time: 0.00(0.00)  Forward time: 0.19(0.25)  Batch time: 0.20(0.25)
2026-08-15 15:43:17,060   INFO  Train:   10/10 (100%) [9282/55563 ( 17%)]  Loss: 0.2100 (0.930)  LR: 7.956e-06  Time cost: 38:50/3:13:36 [4:32:45/3:13:36]  Acc_iter 509350      Data time: 0.00(0.00)  Forward time: 0.27(0.25)  Batch time: 0.27(0.25)
2026-08-15 15:43:29,345   INFO  Train:   10/10 (100%) [9332/55563 ( 17%)]  Loss: 0.3895 (0.930)  LR: 7.939e-06  Time cost: 39:02/3:13:22 [4:32:57/3:13:22]  Acc_iter 509400      Data time: 0.00(0.00)  Forward time: 0.21(0.25)  Batch time: 0.21(0.25)
2026-08-15 15:43:29,729   INFO  a1e06a0b30c0                Sat Aug 15 15:43:29 2026  580.173.02
[0] NVIDIA GeForce RTX 3070 | 70°C,  72 % |  7378 /  8192 MB | root(6928M)

2026-08-15 15:43:42,256   INFO  Train:   10/10 (100%) [9382/55563 ( 17%)]  Loss: 0.5409 (0.930)  LR: 7.922e-06  Time cost: 39:15/3:13:12 [4:33:10/3:13:12]  Acc_iter 509450      Data time: 0.00(0.00)  Forward time: 0.23(0.25)  Batch time: 0.23(0.25)
2026-08-15 15:43:55,008   INFO  Train:   10/10 (100%) [9432/55563 ( 17%)]  Loss: 0.5113 (0.930)  LR: 7.905e-06  Time cost: 39:28/3:13:00 [4:33:23/3:13:00]  Acc_iter 509500      Data time: 0.00(0.00)  Forward time: 0.24(0.25)  Batch time: 0.24(0.25)
2026-08-15 15:44:07,414   INFO  Train:   10/10 (100%) [9482/55563 ( 17%)]  Loss: 1.149 (0.930)  LR: 7.888e-06  Time cost: 39:40/3:12:47 [4:33:35/3:12:47]  Acc_iter 509550      Data time: 0.00(0.00)  Forward time: 0.25(0.25)  Batch time: 0.25(0.25)
2026-08-15 15:44:07,788   INFO  a1e06a0b30c0                Sat Aug 15 15:44:07 2026  580.173.02
[0] NVIDIA GeForce RTX 3070 | 70°C,  87 % |  7388 /  8192 MB | root(6928M)

2026-08-15 15:44:20,101   INFO  Train:   10/10 (100%) [9532/55563 ( 17%)]  Loss: 0.4117 (0.931)  LR: 7.871e-06  Time cost: 39:53/3:12:35 [4:33:48/3:12:35]  Acc_iter 509600      Data time: 0.00(0.00)  Forward time: 0.22(0.25)  Batch time: 0.22(0.25)
2026-08-15 15:44:27,245   INFO  Save latest model to /OpenPCDet/output/OpenPCDet/tools/cfgs/models/S/F/S_F_N/default/ckpt/latest_model
2026-08-15 15:44:32,741   INFO  Train:   10/10 (100%) [9582/55563 ( 17%)]  Loss: 0.6787 (0.931)  LR: 7.854e-06  Time cost: 40:05/3:12:23 [4:34:00/3:12:23]  Acc_iter 509650      Data time: 0.00(0.00)  Forward time: 0.23(0.25)  Batch time: 0.23(0.25)
2026-08-15 15:44:45,393   INFO  Train:   10/10 (100%) [9632/55563 ( 17%)]  Loss: 0.1750 (0.931)  LR: 7.837e-06  Time cost: 40:18/3:12:11 [4:34:13/3:12:11]  Acc_iter 509700      Data time: 0.00(0.00)  Forward time: 0.23(0.25)  Batch time: 0.23(0.25)
2026-08-15 15:44:45,772   INFO  a1e06a0b30c0                Sat Aug 15 15:44:45 2026  580.173.02
[0] NVIDIA GeForce RTX 3070 | 69°C,  98 % |  7389 /  8192 MB | root(6928M)

2026-08-15 15:44:58,064   INFO  Train:   10/10 (100%) [9682/55563 ( 17%)]  Loss: 1.179 (0.931)  LR: 7.820e-06  Time cost: 40:31/3:11:59 [4:34:26/3:11:59]  Acc_iter 509750      Data time: 0.00(0.00)  Forward time: 0.26(0.25)  Batch time: 0.26(0.25)
2026-08-15 15:45:10,356   INFO  Train:   10/10 (100%) [9732/55563 ( 18%)]  Loss: 0.2872 (0.931)  LR: 7.804e-06  Time cost: 40:43/3:11:45 [4:34:38/3:11:45]  Acc_iter 509800      Data time: 0.00(0.00)  Forward time: 0.24(0.25)  Batch time: 0.24(0.25)
2026-08-15 15:45:22,772   INFO  Train:   10/10 (100%) [9782/55563 ( 18%)]  Loss: 0.4932 (0.932)  LR: 7.787e-06  Time cost: 40:55/3:11:32 [4:34:50/3:11:32]  Acc_iter 509850      Data time: 0.00(0.00)  Forward time: 0.23(0.25)  Batch time: 0.24(0.25)
2026-08-15 15:45:23,149   INFO  a1e06a0b30c0                Sat Aug 15 15:45:23 2026  580.173.02
[0] NVIDIA GeForce RTX 3070 | 67°C,   1 % |  7388 /  8192 MB | root(6928M)

2026-08-15 15:45:36,081   INFO  Train:   10/10 (100%) [9832/55563 ( 18%)]  Loss: 0.7353 (0.932)  LR: 7.770e-06  Time cost: 41:09/3:11:23 [4:35:04/3:11:23]  Acc_iter 509900      Data time: 0.00(0.00)  Forward time: 0.31(0.25)  Batch time: 0.31(0.25)
2026-08-15 15:45:48,771   INFO  Train:   10/10 (100%) [9882/55563 ( 18%)]  Loss: 1.048 (0.932)  LR: 7.753e-06  Time cost: 41:21/3:11:11 [4:35:16/3:11:11]  Acc_iter 509950      Data time: 0.00(0.00)  Forward time: 0.28(0.25)  Batch time: 0.28(0.25)
2026-08-15 15:46:01,235   INFO  Train:   10/10 (100%) [9932/55563 ( 18%)]  Loss: 0.7272 (0.932)  LR: 7.736e-06  Time cost: 41:34/3:10:58 [4:35:29/3:10:58]  Acc_iter 510000      Data time: 0.00(0.00)  Forward time: 0.21(0.25)  Batch time: 0.21(0.25)
2026-08-15 15:46:01,606   INFO  a1e06a0b30c0                Sat Aug 15 15:46:01 2026  580.173.02
[0] NVIDIA GeForce RTX 3070 | 67°C,  89 % |  7388 /  8192 MB | root(6928M)

2026-08-15 15:46:14,122   INFO  Train:   10/10 (100%) [9982/55563 ( 18%)]  Loss: 1.069 (0.932)  LR: 7.719e-06  Time cost: 41:47/3:10:47 [4:35:42/3:10:47]  Acc_iter 510050      Data time: 0.00(0.00)  Forward time: 0.27(0.25)  Batch time: 0.27(0.25)
2026-08-15 15:46:26,541   INFO  Train:   10/10 (100%) [10032/55563 ( 18%)]  Loss: 1.348 (0.932)  LR: 7.703e-06  Time cost: 41:59/3:10:33 [4:35:54/3:10:33]  Acc_iter 510100      Data time: 0.00(0.00)  Forward time: 0.27(0.25)  Batch time: 0.27(0.25)
2026-08-15 15:46:39,223   INFO  Train:   10/10 (100%) [10082/55563 ( 18%)]  Loss: 0.5708 (0.932)  LR: 7.686e-06  Time cost: 42:12/3:10:21 [4:36:07/3:10:21]  Acc_iter 510150      Data time: 0.00(0.00)  Forward time: 0.24(0.25)  Batch time: 0.24(0.25)
2026-08-15 15:46:39,592   INFO  a1e06a0b30c0                Sat Aug 15 15:46:39 2026  580.173.02
[0] NVIDIA GeForce RTX 3070 | 67°C,  95 % |  7389 /  8192 MB | root(6928M)

2026-08-15 15:46:51,949   INFO  Train:   10/10 (100%) [10132/55563 ( 18%)]  Loss: 1.779 (0.932)  LR: 7.669e-06  Time cost: 42:24/3:10:10 [4:36:19/3:10:10]  Acc_iter 510200      Data time: 0.00(0.00)  Forward time: 0.27(0.25)  Batch time: 0.27(0.25)
2026-08-15 15:47:04,161   INFO  Train:   10/10 (100%) [10182/55563 ( 18%)]  Loss: 0.6454 (0.933)  LR: 7.652e-06  Time cost: 42:37/3:09:56 [4:36:32/3:09:56]  Acc_iter 510250      Data time: 0.00(0.00)  Forward time: 0.22(0.25)  Batch time: 0.22(0.25)
2026-08-15 15:47:16,610   INFO  Train:   10/10 (100%) [10232/55563 ( 18%)]  Loss: 0.9986 (0.933)  LR: 7.636e-06  Time cost: 42:49/3:09:43 [4:36:44/3:09:43]  Acc_iter 510300      Data time: 0.00(0.00)  Forward time: 0.25(0.25)  Batch time: 0.26(0.25)
2026-08-15 15:47:16,991   INFO  a1e06a0b30c0                Sat Aug 15 15:47:16 2026  580.173.02
[0] NVIDIA GeForce RTX 3070 | 73°C,  78 % |  7388 /  8192 MB | root(6928M)

2026-08-15 15:47:30,001   INFO  Train:   10/10 (100%) [10282/55563 ( 19%)]  Loss: 1.233 (0.933)  LR: 7.619e-06  Time cost: 43:02/3:09:34 [4:36:58/3:09:34]  Acc_iter 510350      Data time: 0.00(0.00)  Forward time: 0.22(0.25)  Batch time: 0.22(0.25)
2026-08-15 15:47:42,227   INFO  Train:   10/10 (100%) [10332/55563 ( 19%)]  Loss: 1.041 (0.934)  LR: 7.602e-06  Time cost: 43:15/3:09:20 [4:37:10/3:09:20]  Acc_iter 510400      Data time: 0.00(0.00)  Forward time: 0.25(0.25)  Batch time: 0.25(0.25)
2026-08-15 15:47:54,578   INFO  Train:   10/10 (100%) [10382/55563 ( 19%)]  Loss: 1.167 (0.934)  LR: 7.586e-06  Time cost: 43:27/3:09:06 [4:37:22/3:09:06]  Acc_iter 510450      Data time: 0.00(0.00)  Forward time: 0.25(0.25)  Batch time: 0.25(0.25)
2026-08-15 15:47:54,956   INFO  a1e06a0b30c0                Sat Aug 15 15:47:54 2026  580.173.02
[0] NVIDIA GeForce RTX 3070 | 74°C,  91 % |  7388 /  8192 MB | root(6928M)

2026-08-15 15:48:07,600   INFO  Train:   10/10 (100%) [10432/55563 ( 19%)]  Loss: 0.8690 (0.934)  LR: 7.569e-06  Time cost: 43:40/3:08:56 [4:37:35/3:08:56]  Acc_iter 510500      Data time: 0.00(0.00)  Forward time: 0.24(0.25)  Batch time: 0.24(0.25)
2026-08-15 15:48:20,142   INFO  Train:   10/10 (100%) [10482/55563 ( 19%)]  Loss: 1.711 (0.934)  LR: 7.552e-06  Time cost: 43:53/3:08:43 [4:37:48/3:08:43]  Acc_iter 510550      Data time: 0.00(0.00)  Forward time: 0.30(0.25)  Batch time: 0.30(0.25)
2026-08-15 15:48:32,827   INFO  Train:   10/10 (100%) [10532/55563 ( 19%)]  Loss: 1.453 (0.934)  LR: 7.536e-06  Time cost: 44:05/3:08:31 [4:38:00/3:08:31]  Acc_iter 510600      Data time: 0.00(0.00)  Forward time: 0.22(0.25)  Batch time: 0.23(0.25)
2026-08-15 15:48:33,204   INFO  a1e06a0b30c0                Sat Aug 15 15:48:33 2026  580.173.02
[0] NVIDIA GeForce RTX 3070 | 69°C,   1 % |  7387 /  8192 MB | root(6928M)

2026-08-15 15:48:45,215   INFO  Train:   10/10 (100%) [10582/55563 ( 19%)]  Loss: 0.5946 (0.934)  LR: 7.519e-06  Time cost: 44:18/3:08:18 [4:38:13/3:08:18]  Acc_iter 510650      Data time: 0.00(0.00)  Forward time: 0.24(0.25)  Batch time: 0.24(0.25)
2026-08-15 15:48:57,618   INFO  Train:   10/10 (100%) [10632/55563 ( 19%)]  Loss: 0.8056 (0.934)  LR: 7.503e-06  Time cost: 44:30/3:08:04 [4:38:25/3:08:04]  Acc_iter 510700      Data time: 0.00(0.00)  Forward time: 0.26(0.25)  Batch time: 0.26(0.25)
2026-08-15 15:49:10,413   INFO  Train:   10/10 (100%) [10682/55563 ( 19%)]  Loss: 1.209 (0.935)  LR: 7.486e-06  Time cost: 44:43/3:07:53 [4:38:38/3:07:53]  Acc_iter 510750      Data time: 0.00(0.00)  Forward time: 0.23(0.25)  Batch time: 0.23(0.25)
2026-08-15 15:49:10,870   INFO  a1e06a0b30c0                Sat Aug 15 15:49:10 2026  580.173.02
[0] NVIDIA GeForce RTX 3070 | 72°C,  74 % |  7388 /  8192 MB | root(6928M)

2026-08-15 15:49:23,450   INFO  Train:   10/10 (100%) [10732/55563 ( 19%)]  Loss: 0.4232 (0.935)  LR: 7.470e-06  Time cost: 44:56/3:07:42 [4:38:51/3:07:42]  Acc_iter 510800      Data time: 0.00(0.00)  Forward time: 0.24(0.25)  Batch time: 0.24(0.25)
2026-08-15 15:49:27,183   INFO  Save latest model to /OpenPCDet/output/OpenPCDet/tools/cfgs/models/S/F/S_F_N/default/ckpt/latest_model
2026-08-15 15:49:36,141   INFO  Train:   10/10 (100%) [10782/55563 ( 19%)]  Loss: 0.6913 (0.935)  LR: 7.453e-06  Time cost: 45:09/3:07:30 [4:39:04/3:07:30]  Acc_iter 510850      Data time: 0.00(0.00)  Forward time: 0.25(0.25)  Batch time: 0.25(0.25)
2026-08-15 15:49:48,661   INFO  Train:   10/10 (100%) [10832/55563 ( 19%)]  Loss: 0.4412 (0.936)  LR: 7.437e-06  Time cost: 45:21/3:07:18 [4:39:16/3:07:18]  Acc_iter 510900      Data time: 0.00(0.00)  Forward time: 0.22(0.25)  Batch time: 0.22(0.25)
2026-08-15 15:49:49,056   INFO  a1e06a0b30c0                Sat Aug 15 15:49:49 2026  580.173.02
[0] NVIDIA GeForce RTX 3070 | 73°C, 100 % |  7389 /  8192 MB | root(6928M)

2026-08-15 15:50:01,701   INFO  Train:   10/10 (100%) [10882/55563 ( 20%)]  Loss: 0.7270 (0.936)  LR: 7.420e-06  Time cost: 45:34/3:07:07 [4:39:29/3:07:07]  Acc_iter 510950      Data time: 0.00(0.00)  Forward time: 0.28(0.25)  Batch time: 0.28(0.25)
2026-08-15 15:50:14,050   INFO  Train:   10/10 (100%) [10932/55563 ( 20%)]  Loss: 0.4144 (0.936)  LR: 7.404e-06  Time cost: 45:47/3:06:54 [4:39:42/3:06:54]  Acc_iter 511000      Data time: 0.00(0.00)  Forward time: 0.21(0.25)  Batch time: 0.21(0.25)
2026-08-15 15:50:26,444   INFO  Train:   10/10 (100%) [10982/55563 ( 20%)]  Loss: 1.045 (0.936)  LR: 7.387e-06  Time cost: 45:59/3:06:40 [4:39:54/3:06:40]  Acc_iter 511050      Data time: 0.00(0.00)  Forward time: 0.21(0.25)  Batch time: 0.21(0.25)
2026-08-15 15:50:26,829   INFO  a1e06a0b30c0                Sat Aug 15 15:50:26 2026  580.173.02
[0] NVIDIA GeForce RTX 3070 | 74°C,  96 % |  7388 /  8192 MB | root(6928M)

2026-08-15 15:50:39,284   INFO  Train:   10/10 (100%) [11032/55563 ( 20%)]  Loss: 1.083 (0.936)  LR: 7.371e-06  Time cost: 46:12/3:06:29 [4:40:07/3:06:29]  Acc_iter 511100      Data time: 0.00(0.00)  Forward time: 0.21(0.25)  Batch time: 0.21(0.25)
2026-08-15 15:50:51,602   INFO  Train:   10/10 (100%) [11082/55563 ( 20%)]  Loss: 0.3068 (0.935)  LR: 7.354e-06  Time cost: 46:24/3:06:15 [4:40:19/3:06:15]  Acc_iter 511150      Data time: 0.00(0.00)  Forward time: 0.22(0.25)  Batch time: 0.22(0.25)
2026-08-15 15:51:04,380   INFO  Train:   10/10 (100%) [11132/55563 ( 20%)]  Loss: 0.8026 (0.935)  LR: 7.338e-06  Time cost: 46:37/3:06:04 [4:40:32/3:06:04]  Acc_iter 511200      Data time: 0.00(0.00)  Forward time: 0.24(0.25)  Batch time: 0.24(0.25)
2026-08-15 15:51:04,770   INFO  a1e06a0b30c0                Sat Aug 15 15:51:04 2026  580.173.02
[0] NVIDIA GeForce RTX 3070 | 70°C,  60 % |  7388 /  8192 MB | root(6928M)

2026-08-15 15:51:17,118   INFO  Train:   10/10 (100%) [11182/55563 ( 20%)]  Loss: 0.6097 (0.935)  LR: 7.322e-06  Time cost: 46:50/3:05:52 [4:40:45/3:05:52]  Acc_iter 511250      Data time: 0.00(0.00)  Forward time: 0.24(0.25)  Batch time: 0.24(0.25)
2026-08-15 15:51:29,424   INFO  Train:   10/10 (100%) [11232/55563 ( 20%)]  Loss: 0.9911 (0.935)  LR: 7.305e-06  Time cost: 47:02/3:05:38 [4:40:57/3:05:38]  Acc_iter 511300      Data time: 0.00(0.00)  Forward time: 0.23(0.25)  Batch time: 0.23(0.25)
2026-08-15 15:51:42,124   INFO  Train:   10/10 (100%) [11282/55563 ( 20%)]  Loss: 2.123 (0.935)  LR: 7.289e-06  Time cost: 47:15/3:05:26 [4:41:10/3:05:26]  Acc_iter 511350      Data time: 0.00(0.00)  Forward time: 0.25(0.25)  Batch time: 0.26(0.25)
2026-08-15 15:51:42,515   INFO  a1e06a0b30c0                Sat Aug 15 15:51:42 2026  580.173.02
[0] NVIDIA GeForce RTX 3070 | 70°C,  87 % |  7389 /  8192 MB | root(6928M)

2026-08-15 15:51:55,455   INFO  Train:   10/10 (100%) [11332/55563 ( 20%)]  Loss: 0.8741 (0.935)  LR: 7.273e-06  Time cost: 47:28/3:05:17 [4:41:23/3:05:17]  Acc_iter 511400      Data time: 0.00(0.00)  Forward time: 0.23(0.25)  Batch time: 0.23(0.25)
2026-08-15 15:52:08,089   INFO  Train:   10/10 (100%) [11382/55563 ( 20%)]  Loss: 0.9135 (0.935)  LR: 7.256e-06  Time cost: 47:41/3:05:04 [4:41:36/3:05:04]  Acc_iter 511450      Data time: 0.00(0.00)  Forward time: 0.25(0.25)  Batch time: 0.25(0.25)
2026-08-15 15:52:20,371   INFO  Train:   10/10 (100%) [11432/55563 ( 21%)]  Loss: 0.7512 (0.935)  LR: 7.240e-06  Time cost: 47:53/3:04:51 [4:41:48/3:04:51]  Acc_iter 511500      Data time: 0.00(0.00)  Forward time: 0.27(0.25)  Batch time: 0.27(0.25)
2026-08-15 15:52:20,751   INFO  a1e06a0b30c0                Sat Aug 15 15:52:20 2026  580.173.02
[0] NVIDIA GeForce RTX 3070 | 70°C,  94 % |  7388 /  8192 MB | root(6928M)

2026-08-15 15:52:33,568   INFO  Train:   10/10 (100%) [11482/55563 ( 21%)]  Loss: 1.417 (0.935)  LR: 7.224e-06  Time cost: 48:06/3:04:40 [4:42:01/3:04:40]  Acc_iter 511550      Data time: 0.00(0.00)  Forward time: 0.25(0.25)  Batch time: 0.25(0.25)
2026-08-15 15:52:46,019   INFO  Train:   10/10 (100%) [11532/55563 ( 21%)]  Loss: 0.6556 (0.935)  LR: 7.208e-06  Time cost: 48:19/3:04:27 [4:42:14/3:04:27]  Acc_iter 511600      Data time: 0.00(0.00)  Forward time: 0.26(0.25)  Batch time: 0.26(0.25)
2026-08-15 15:52:58,487   INFO  Train:   10/10 (100%) [11582/55563 ( 21%)]  Loss: 0.7425 (0.934)  LR: 7.191e-06  Time cost: 48:31/3:04:14 [4:42:26/3:04:14]  Acc_iter 511650      Data time: 0.00(0.00)  Forward time: 0.25(0.25)  Batch time: 0.25(0.25)
2026-08-15 15:52:58,920   INFO  a1e06a0b30c0                Sat Aug 15 15:52:58 2026  580.173.02
[0] NVIDIA GeForce RTX 3070 | 73°C,  95 % |  7393 /  8192 MB | root(6928M)

2026-08-15 15:53:11,367   INFO  Train:   10/10 (100%) [11632/55563 ( 21%)]  Loss: 1.268 (0.935)  LR: 7.175e-06  Time cost: 48:44/3:04:03 [4:42:39/3:04:03]  Acc_iter 511700      Data time: 0.00(0.00)  Forward time: 0.24(0.25)  Batch time: 0.25(0.25)
2026-08-15 15:53:23,621   INFO  Train:   10/10 (100%) [11682/55563 ( 21%)]  Loss: 0.9070 (0.935)  LR: 7.159e-06  Time cost: 48:56/3:03:49 [4:42:51/3:03:49]  Acc_iter 511750      Data time: 0.00(0.00)  Forward time: 0.28(0.25)  Batch time: 0.28(0.25)
2026-08-15 15:53:36,166   INFO  Train:   10/10 (100%) [11732/55563 ( 21%)]  Loss: 0.9379 (0.935)  LR: 7.143e-06  Time cost: 49:09/3:03:37 [4:43:04/3:03:37]  Acc_iter 511800      Data time: 0.00(0.00)  Forward time: 0.25(0.25)  Batch time: 0.25(0.25)
2026-08-15 15:53:36,550   INFO  a1e06a0b30c0                Sat Aug 15 15:53:36 2026  580.173.02
[0] NVIDIA GeForce RTX 3070 | 70°C,  73 % |  7389 /  8192 MB | root(6928M)

2026-08-15 15:53:49,343   INFO  Train:   10/10 (100%) [11782/55563 ( 21%)]  Loss: 0.8219 (0.935)  LR: 7.127e-06  Time cost: 49:22/3:03:26 [4:43:17/3:03:26]  Acc_iter 511850      Data time: 0.00(0.00)  Forward time: 0.25(0.25)  Batch time: 0.25(0.25)
2026-08-15 15:54:01,684   INFO  Train:   10/10 (100%) [11832/55563 ( 21%)]  Loss: 0.6011 (0.935)  LR: 7.111e-06  Time cost: 49:34/3:03:13 [4:43:29/3:03:13]  Acc_iter 511900      Data time: 0.00(0.00)  Forward time: 0.22(0.25)  Batch time: 0.22(0.25)
2026-08-15 15:54:14,045   INFO  Train:   10/10 (100%) [11882/55563 ( 21%)]  Loss: 1.098 (0.936)  LR: 7.095e-06  Time cost: 49:47/3:03:00 [4:43:42/3:03:00]  Acc_iter 511950      Data time: 0.00(0.00)  Forward time: 0.24(0.25)  Batch time: 0.24(0.25)
2026-08-15 15:54:14,419   INFO  a1e06a0b30c0                Sat Aug 15 15:54:14 2026  580.173.02
[0] NVIDIA GeForce RTX 3070 | 72°C,  91 % |  7388 /  8192 MB | root(6928M)

2026-08-15 15:54:26,872   INFO  Train:   10/10 (100%) [11932/55563 ( 21%)]  Loss: 1.367 (0.935)  LR: 7.078e-06  Time cost: 49:59/3:02:48 [4:43:54/3:02:48]  Acc_iter 512000      Data time: 0.00(0.00)  Forward time: 0.23(0.25)  Batch time: 0.23(0.25)
2026-08-15 15:54:27,220   INFO  Save latest model to /OpenPCDet/output/OpenPCDet/tools/cfgs/models/S/F/S_F_N/default/ckpt/latest_model
2026-08-15 15:54:39,530   INFO  Train:   10/10 (100%) [11982/55563 ( 22%)]  Loss: 0.6046 (0.935)  LR: 7.062e-06  Time cost: 50:12/3:02:36 [4:44:07/3:02:36]  Acc_iter 512050      Data time: 0.00(0.00)  Forward time: 0.20(0.25)  Batch time: 0.20(0.25)
2026-08-15 15:54:51,932   INFO  Train:   10/10 (100%) [12032/55563 ( 22%)]  Loss: 1.322 (0.935)  LR: 7.046e-06  Time cost: 50:24/3:02:23 [4:44:19/3:02:23]  Acc_iter 512100      Data time: 0.00(0.00)  Forward time: 0.29(0.25)  Batch time: 0.29(0.25)
2026-08-15 15:54:52,338   INFO  a1e06a0b30c0                Sat Aug 15 15:54:52 2026  580.173.02
[0] NVIDIA GeForce RTX 3070 | 72°C,  87 % |  7389 /  8192 MB | root(6928M)

2026-08-15 15:55:04,533   INFO  Train:   10/10 (100%) [12082/55563 ( 22%)]  Loss: 1.342 (0.935)  LR: 7.030e-06  Time cost: 50:37/3:02:10 [4:44:32/3:02:10]  Acc_iter 512150      Data time: 0.00(0.00)  Forward time: 0.27(0.25)  Batch time: 0.27(0.25)
2026-08-15 15:55:16,995   INFO  Train:   10/10 (100%) [12132/55563 ( 22%)]  Loss: 0.9742 (0.935)  LR: 7.014e-06  Time cost: 50:49/3:01:57 [4:44:45/3:01:57]  Acc_iter 512200      Data time: 0.00(0.00)  Forward time: 0.25(0.25)  Batch time: 0.25(0.25)
2026-08-15 15:55:29,566   INFO  Train:   10/10 (100%) [12182/55563 ( 22%)]  Loss: 1.265 (0.935)  LR: 6.998e-06  Time cost: 51:02/3:01:45 [4:44:57/3:01:45]  Acc_iter 512250      Data time: 0.00(0.00)  Forward time: 0.25(0.25)  Batch time: 0.25(0.25)
2026-08-15 15:55:30,012   INFO  a1e06a0b30c0                Sat Aug 15 15:55:29 2026  580.173.02
[0] NVIDIA GeForce RTX 3070 | 71°C,  73 % |  7389 /  8192 MB | root(6928M)

2026-08-15 15:55:42,460   INFO  Train:   10/10 (100%) [12232/55563 ( 22%)]  Loss: 0.6496 (0.935)  LR: 6.982e-06  Time cost: 51:15/3:01:33 [4:45:10/3:01:33]  Acc_iter 512300      Data time: 0.00(0.00)  Forward time: 0.27(0.25)  Batch time: 0.27(0.25)
2026-08-15 15:55:55,027   INFO  Train:   10/10 (100%) [12282/55563 ( 22%)]  Loss: 1.416 (0.935)  LR: 6.966e-06  Time cost: 51:28/3:01:21 [4:45:23/3:01:21]  Acc_iter 512350      Data time: 0.00(0.00)  Forward time: 0.26(0.25)  Batch time: 0.27(0.25)
2026-08-15 15:56:07,242   INFO  Train:   10/10 (100%) [12332/55563 ( 22%)]  Loss: 1.217 (0.935)  LR: 6.950e-06  Time cost: 51:40/3:01:07 [4:45:35/3:01:07]  Acc_iter 512400      Data time: 0.00(0.00)  Forward time: 0.27(0.25)  Batch time: 0.27(0.25)
2026-08-15 15:56:07,672   INFO  a1e06a0b30c0                Sat Aug 15 15:56:07 2026  580.173.02
[0] NVIDIA GeForce RTX 3070 | 66°C,  75 % |  7388 /  8192 MB | root(6928M)

2026-08-15 15:56:20,467   INFO  Train:   10/10 (100%) [12382/55563 ( 22%)]  Loss: 0.7432 (0.935)  LR: 6.934e-06  Time cost: 51:53/3:00:57 [4:45:48/3:00:57]  Acc_iter 512450      Data time: 0.00(0.00)  Forward time: 0.26(0.25)  Batch time: 0.26(0.25)
2026-08-15 15:56:33,179   INFO  Train:   10/10 (100%) [12432/55563 ( 22%)]  Loss: 1.117 (0.936)  LR: 6.918e-06  Time cost: 52:06/3:00:44 [4:46:01/3:00:44]  Acc_iter 512500      Data time: 0.00(0.00)  Forward time: 0.23(0.25)  Batch time: 0.24(0.25)
2026-08-15 15:56:45,291   INFO  Train:   10/10 (100%) [12482/55563 ( 22%)]  Loss: 1.135 (0.936)  LR: 6.903e-06  Time cost: 52:18/3:00:30 [4:46:13/3:00:30]  Acc_iter 512550      Data time: 0.00(0.00)  Forward time: 0.29(0.25)  Batch time: 0.29(0.25)
2026-08-15 15:56:45,671   INFO  a1e06a0b30c0                Sat Aug 15 15:56:45 2026  580.173.02
[0] NVIDIA GeForce RTX 3070 | 67°C,  95 % |  7389 /  8192 MB | root(6928M)

2026-08-15 15:56:58,007   INFO  Train:   10/10 (100%) [12532/55563 ( 23%)]  Loss: 0.6853 (0.936)  LR: 6.887e-06  Time cost: 52:31/3:00:18 [4:46:26/3:00:18]  Acc_iter 512600      Data time: 0.00(0.00)  Forward time: 0.26(0.25)  Batch time: 0.26(0.25)
2026-08-15 15:57:10,228   INFO  Train:   10/10 (100%) [12582/55563 ( 23%)]  Loss: 0.6639 (0.936)  LR: 6.871e-06  Time cost: 52:43/3:00:04 [4:46:38/3:00:04]  Acc_iter 512650      Data time: 0.00(0.00)  Forward time: 0.22(0.25)  Batch time: 0.22(0.25)
2026-08-15 15:57:22,794   INFO  Train:   10/10 (100%) [12632/55563 ( 23%)]  Loss: 0.9006 (0.936)  LR: 6.855e-06  Time cost: 52:55/2:59:52 [4:46:50/2:59:52]  Acc_iter 512700      Data time: 0.00(0.00)  Forward time: 0.22(0.25)  Batch time: 0.22(0.25)
2026-08-15 15:57:23,221   INFO  a1e06a0b30c0                Sat Aug 15 15:57:23 2026  580.173.02
[0] NVIDIA GeForce RTX 3070 | 66°C,   1 % |  7389 /  8192 MB | root(6928M)

2026-08-15 15:57:35,599   INFO  Train:   10/10 (100%) [12682/55563 ( 23%)]  Loss: 1.398 (0.936)  LR: 6.839e-06  Time cost: 53:08/2:59:40 [4:47:03/2:59:40]  Acc_iter 512750      Data time: 0.00(0.00)  Forward time: 0.28(0.25)  Batch time: 0.28(0.25)
2026-08-15 15:57:47,959   INFO  Train:   10/10 (100%) [12732/55563 ( 23%)]  Loss: 0.9321 (0.936)  LR: 6.823e-06  Time cost: 53:20/2:59:27 [4:47:16/2:59:27]  Acc_iter 512800      Data time: 0.00(0.00)  Forward time: 0.24(0.25)  Batch time: 0.24(0.25)
2026-08-15 15:58:00,712   INFO  Train:   10/10 (100%) [12782/55563 ( 23%)]  Loss: 1.335 (0.936)  LR: 6.807e-06  Time cost: 53:33/2:59:15 [4:47:28/2:59:15]  Acc_iter 512850      Data time: 0.00(0.00)  Forward time: 0.24(0.25)  Batch time: 0.24(0.25)
2026-08-15 15:58:01,181   INFO  a1e06a0b30c0                Sat Aug 15 15:58:01 2026  580.173.02
[0] NVIDIA GeForce RTX 3070 | 66°C,   1 % |  7388 /  8192 MB | root(6928M)

2026-08-15 15:58:13,791   INFO  Train:   10/10 (100%) [12832/55563 ( 23%)]  Loss: 1.008 (0.936)  LR: 6.792e-06  Time cost: 53:46/2:59:04 [4:47:41/2:59:04]  Acc_iter 512900      Data time: 0.00(0.00)  Forward time: 0.26(0.25)  Batch time: 0.26(0.25)
2026-08-15 15:58:26,450   INFO  Train:   10/10 (100%) [12882/55563 ( 23%)]  Loss: 0.7852 (0.936)  LR: 6.776e-06  Time cost: 53:59/2:58:52 [4:47:54/2:58:52]  Acc_iter 512950      Data time: 0.00(0.00)  Forward time: 0.21(0.25)  Batch time: 0.21(0.25)
2026-08-15 15:58:39,105   INFO  Train:   10/10 (100%) [12932/55563 ( 23%)]  Loss: 1.306 (0.936)  LR: 6.760e-06  Time cost: 54:12/2:58:39 [4:48:07/2:58:39]  Acc_iter 513000      Data time: 0.00(0.00)  Forward time: 0.28(0.25)  Batch time: 0.28(0.25)
2026-08-15 15:58:39,479   INFO  a1e06a0b30c0                Sat Aug 15 15:58:39 2026  580.173.02
[0] NVIDIA GeForce RTX 3070 | 73°C,  83 % |  7387 /  8192 MB | root(6928M)

2026-08-15 15:58:51,934   INFO  Train:   10/10 (100%) [12982/55563 ( 23%)]  Loss: 0.6841 (0.935)  LR: 6.745e-06  Time cost: 54:24/2:58:28 [4:48:19/2:58:28]  Acc_iter 513050      Data time: 0.00(0.00)  Forward time: 0.24(0.25)  Batch time: 0.24(0.25)
2026-08-15 15:59:04,470   INFO  Train:   10/10 (100%) [13032/55563 ( 23%)]  Loss: 1.011 (0.936)  LR: 6.729e-06  Time cost: 54:37/2:58:15 [4:48:32/2:58:15]  Acc_iter 513100      Data time: 0.00(0.00)  Forward time: 0.24(0.25)  Batch time: 0.24(0.25)
2026-08-15 15:59:16,823   INFO  Train:   10/10 (100%) [13082/55563 ( 24%)]  Loss: 0.5009 (0.936)  LR: 6.713e-06  Time cost: 54:49/2:58:02 [4:48:44/2:58:02]  Acc_iter 513150      Data time: 0.00(0.00)  Forward time: 0.26(0.25)  Batch time: 0.26(0.25)
2026-08-15 15:59:17,205   INFO  a1e06a0b30c0                Sat Aug 15 15:59:17 2026  580.173.02
[0] NVIDIA GeForce RTX 3070 | 68°C,   2 % |  7386 /  8192 MB | root(6928M)

2026-08-15 15:59:27,269   INFO  Save latest model to /OpenPCDet/output/OpenPCDet/tools/cfgs/models/S/F/S_F_N/default/ckpt/latest_model
2026-08-15 15:59:29,485   INFO  Train:   10/10 (100%) [13132/55563 ( 24%)]  Loss: 0.7906 (0.935)  LR: 6.697e-06  Time cost: 55:02/2:57:49 [4:48:57/2:57:49]  Acc_iter 513200      Data time: 0.00(0.00)  Forward time: 0.27(0.25)  Batch time: 0.27(0.25)
2026-08-15 15:59:41,686   INFO  Train:   10/10 (100%) [13182/55563 ( 24%)]  Loss: 0.9072 (0.935)  LR: 6.682e-06  Time cost: 55:14/2:57:36 [4:49:09/2:57:36]  Acc_iter 513250      Data time: 0.00(0.00)  Forward time: 0.26(0.25)  Batch time: 0.26(0.25)
2026-08-15 15:59:54,286   INFO  Train:   10/10 (100%) [13232/55563 ( 24%)]  Loss: 0.6351 (0.936)  LR: 6.666e-06  Time cost: 55:27/2:57:23 [4:49:22/2:57:23]  Acc_iter 513300      Data time: 0.00(0.00)  Forward time: 0.25(0.25)  Batch time: 0.25(0.25)
2026-08-15 15:59:54,803   INFO  a1e06a0b30c0                Sat Aug 15 15:59:54 2026  580.173.02
[0] NVIDIA GeForce RTX 3070 | 67°C,  80 % |  7388 /  8192 MB | root(6928M)

2026-08-15 16:00:07,434   INFO  Train:   10/10 (100%) [13282/55563 ( 24%)]  Loss: 0.3886 (0.936)  LR: 6.651e-06  Time cost: 55:40/2:57:12 [4:49:35/2:57:12]  Acc_iter 513350      Data time: 0.00(0.00)  Forward time: 0.22(0.25)  Batch time: 0.22(0.25)
2026-08-15 16:00:19,865   INFO  Train:   10/10 (100%) [13332/55563 ( 24%)]  Loss: 0.6701 (0.936)  LR: 6.635e-06  Time cost: 55:52/2:56:59 [4:49:47/2:56:59]  Acc_iter 513400      Data time: 0.00(0.00)  Forward time: 0.19(0.25)  Batch time: 0.19(0.25)
2026-08-15 16:00:32,087   INFO  Train:   10/10 (100%) [13382/55563 ( 24%)]  Loss: 0.6953 (0.936)  LR: 6.619e-06  Time cost: 56:05/2:56:46 [4:50:00/2:56:46]  Acc_iter 513450      Data time: 0.00(0.00)  Forward time: 0.24(0.25)  Batch time: 0.25(0.25)
2026-08-15 16:00:32,470   INFO  a1e06a0b30c0                Sat Aug 15 16:00:32 2026  580.173.02
[0] NVIDIA GeForce RTX 3070 | 73°C,  96 % |  7389 /  8192 MB | root(6928M)

2026-08-15 16:00:44,792   INFO  Train:   10/10 (100%) [13432/55563 ( 24%)]  Loss: 1.205 (0.936)  LR: 6.604e-06  Time cost: 56:17/2:56:34 [4:50:12/2:56:34]  Acc_iter 513500      Data time: 0.00(0.00)  Forward time: 0.22(0.25)  Batch time: 0.22(0.25)
2026-08-15 16:00:57,133   INFO  Train:   10/10 (100%) [13482/55563 ( 24%)]  Loss: 1.079 (0.936)  LR: 6.588e-06  Time cost: 56:30/2:56:20 [4:50:25/2:56:20]  Acc_iter 513550      Data time: 0.00(0.00)  Forward time: 0.27(0.25)  Batch time: 0.28(0.25)
2026-08-15 16:01:09,714   INFO  Train:   10/10 (100%) [13532/55563 ( 24%)]  Loss: 0.2586 (0.936)  LR: 6.573e-06  Time cost: 56:42/2:56:08 [4:50:37/2:56:08]  Acc_iter 513600      Data time: 0.00(0.00)  Forward time: 0.27(0.25)  Batch time: 0.27(0.25)
2026-08-15 16:01:10,091   INFO  a1e06a0b30c0                Sat Aug 15 16:01:10 2026  580.173.02
[0] NVIDIA GeForce RTX 3070 | 74°C,  83 % |  7389 /  8192 MB | root(6928M)

2026-08-15 16:01:22,347   INFO  Train:   10/10 (100%) [13582/55563 ( 24%)]  Loss: 1.152 (0.936)  LR: 6.557e-06  Time cost: 56:55/2:55:55 [4:50:50/2:55:55]  Acc_iter 513650      Data time: 0.00(0.00)  Forward time: 0.24(0.25)  Batch time: 0.24(0.25)
2026-08-15 16:01:34,866   INFO  Train:   10/10 (100%) [13632/55563 ( 25%)]  Loss: 0.5472 (0.936)  LR: 6.542e-06  Time cost: 57:07/2:55:43 [4:51:02/2:55:43]  Acc_iter 513700      Data time: 0.00(0.00)  Forward time: 0.26(0.25)  Batch time: 0.26(0.25)
2026-08-15 16:01:47,358   INFO  Train:   10/10 (100%) [13682/55563 ( 25%)]  Loss: 1.134 (0.936)  LR: 6.526e-06  Time cost: 57:20/2:55:30 [4:51:15/2:55:30]  Acc_iter 513750      Data time: 0.00(0.00)  Forward time: 0.24(0.25)  Batch time: 0.25(0.25)
2026-08-15 16:01:47,815   INFO  a1e06a0b30c0                Sat Aug 15 16:01:47 2026  580.173.02
[0] NVIDIA GeForce RTX 3070 | 66°C,  91 % |  7388 /  8192 MB | root(6928M)

2026-08-15 16:02:00,537   INFO  Train:   10/10 (100%) [13732/55563 ( 25%)]  Loss: 0.6136 (0.937)  LR: 6.511e-06  Time cost: 57:33/2:55:19 [4:51:28/2:55:19]  Acc_iter 513800      Data time: 0.00(0.00)  Forward time: 0.24(0.25)  Batch time: 0.24(0.25)
2026-08-15 16:02:12,862   INFO  Train:   10/10 (100%) [13782/55563 ( 25%)]  Loss: 1.721 (0.937)  LR: 6.495e-06  Time cost: 57:45/2:55:06 [4:51:40/2:55:06]  Acc_iter 513850      Data time: 0.00(0.00)  Forward time: 0.29(0.25)  Batch time: 0.29(0.25)
2026-08-15 16:02:25,229   INFO  Train:   10/10 (100%) [13832/55563 ( 25%)]  Loss: 0.6535 (0.937)  LR: 6.480e-06  Time cost: 57:58/2:54:53 [4:51:53/2:54:53]  Acc_iter 513900      Data time: 0.00(0.00)  Forward time: 0.26(0.25)  Batch time: 0.26(0.25)
2026-08-15 16:02:25,633   INFO  a1e06a0b30c0                Sat Aug 15 16:02:25 2026  580.173.02
[0] NVIDIA GeForce RTX 3070 | 71°C,  77 % |  7389 /  8192 MB | root(6928M)

2026-08-15 16:02:38,058   INFO  Train:   10/10 (100%) [13882/55563 ( 25%)]  Loss: 0.8158 (0.936)  LR: 6.465e-06  Time cost: 58:11/2:54:41 [4:52:06/2:54:41]  Acc_iter 513950      Data time: 0.00(0.00)  Forward time: 0.25(0.25)  Batch time: 0.25(0.25)
2026-08-15 16:02:50,883   INFO  Train:   10/10 (100%) [13932/55563 ( 25%)]  Loss: 0.8473 (0.936)  LR: 6.449e-06  Time cost: 58:23/2:54:29 [4:52:18/2:54:29]  Acc_iter 514000      Data time: 0.00(0.00)  Forward time: 0.27(0.25)  Batch time: 0.27(0.25)
2026-08-15 16:03:03,146   INFO  Train:   10/10 (100%) [13982/55563 ( 25%)]  Loss: 1.379 (0.936)  LR: 6.434e-06  Time cost: 58:36/2:54:15 [4:52:31/2:54:15]  Acc_iter 514050      Data time: 0.00(0.00)  Forward time: 0.27(0.25)  Batch time: 0.27(0.25)
2026-08-15 16:03:03,584   INFO  a1e06a0b30c0                Sat Aug 15 16:03:03 2026  580.173.02
[0] NVIDIA GeForce RTX 3070 | 72°C,  81 % |  7384 /  8192 MB | root(6928M)

2026-08-15 16:03:16,023   INFO  Train:   10/10 (100%) [14032/55563 ( 25%)]  Loss: 0.5852 (0.936)  LR: 6.418e-06  Time cost: 58:49/2:54:04 [4:52:44/2:54:04]  Acc_iter 514100      Data time: 0.00(0.00)  Forward time: 0.26(0.25)  Batch time: 0.26(0.25)
2026-08-15 16:03:28,232   INFO  Train:   10/10 (100%) [14082/55563 ( 25%)]  Loss: 1.600 (0.936)  LR: 6.403e-06  Time cost: 59:01/2:53:50 [4:52:56/2:53:50]  Acc_iter 514150      Data time: 0.00(0.00)  Forward time: 0.27(0.25)  Batch time: 0.27(0.25)
2026-08-15 16:03:40,970   INFO  Train:   10/10 (100%) [14132/55563 ( 25%)]  Loss: 0.7779 (0.936)  LR: 6.388e-06  Time cost: 59:13/2:53:38 [4:53:09/2:53:38]  Acc_iter 514200      Data time: 0.00(0.00)  Forward time: 0.23(0.25)  Batch time: 0.24(0.25)
2026-08-15 16:03:41,401   INFO  a1e06a0b30c0                Sat Aug 15 16:03:41 2026  580.173.02
[0] NVIDIA GeForce RTX 3070 | 70°C,  97 % |  7378 /  8192 MB | root(6928M)

2026-08-15 16:03:53,829   INFO  Train:   10/10 (100%) [14182/55563 ( 26%)]  Loss: 0.4858 (0.936)  LR: 6.373e-06  Time cost: 59:26/2:53:26 [4:53:21/2:53:26]  Acc_iter 514250      Data time: 0.00(0.00)  Forward time: 0.22(0.25)  Batch time: 0.22(0.25)
2026-08-15 16:04:06,264   INFO  Train:   10/10 (100%) [14232/55563 ( 26%)]  Loss: 0.8202 (0.937)  LR: 6.357e-06  Time cost: 59:39/2:53:13 [4:53:34/2:53:13]  Acc_iter 514300      Data time: 0.00(0.00)  Forward time: 0.27(0.25)  Batch time: 0.27(0.25)
2026-08-15 16:04:18,419   INFO  Train:   10/10 (100%) [14282/55563 ( 26%)]  Loss: 0.9022 (0.937)  LR: 6.342e-06  Time cost: 59:51/2:52:59 [4:53:46/2:52:59]  Acc_iter 514350      Data time: 0.00(0.00)  Forward time: 0.31(0.25)  Batch time: 0.31(0.25)
2026-08-15 16:04:18,835   INFO  a1e06a0b30c0                Sat Aug 15 16:04:18 2026  580.173.02
[0] NVIDIA GeForce RTX 3070 | 70°C,  72 % |  7389 /  8192 MB | root(6928M)

2026-08-15 16:04:27,277   INFO  Save latest model to /OpenPCDet/output/OpenPCDet/tools/cfgs/models/S/F/S_F_N/default/ckpt/latest_model
2026-08-15 16:04:31,193   INFO  Train:   10/10 (100%) [14332/55563 ( 26%)]  Loss: 1.118 (0.936)  LR: 6.327e-06  Time cost: 1:00:04/2:52:47 [4:53:59/2:52:47]  Acc_iter 514400      Data time: 0.00(0.00)  Forward time: 0.22(0.25)  Batch time: 0.22(0.25)
2026-08-15 16:04:43,991   INFO  Train:   10/10 (100%) [14382/55563 ( 26%)]  Loss: 0.4161 (0.937)  LR: 6.312e-06  Time cost: 1:00:16/2:52:36 [4:54:12/2:52:36]  Acc_iter 514450      Data time: 0.00(0.00)  Forward time: 0.27(0.25)  Batch time: 0.27(0.25)
2026-08-15 16:04:56,162   INFO  Train:   10/10 (100%) [14432/55563 ( 26%)]  Loss: 0.5925 (0.936)  LR: 6.296e-06  Time cost: 1:00:29/2:52:22 [4:54:24/2:52:22]  Acc_iter 514500      Data time: 0.00(0.00)  Forward time: 0.27(0.25)  Batch time: 0.27(0.25)
2026-08-15 16:04:56,598   INFO  a1e06a0b30c0                Sat Aug 15 16:04:56 2026  580.173.02
[0] NVIDIA GeForce RTX 3070 | 72°C,  84 % |  7388 /  8192 MB | root(6928M)

2026-08-15 16:05:08,951   INFO  Train:   10/10 (100%) [14482/55563 ( 26%)]  Loss: 0.8857 (0.936)  LR: 6.281e-06  Time cost: 1:00:41/2:52:10 [4:54:36/2:52:10]  Acc_iter 514550      Data time: 0.00(0.00)  Forward time: 0.24(0.25)  Batch time: 0.24(0.25)
2026-08-15 16:05:21,514   INFO  Train:   10/10 (100%) [14532/55563 ( 26%)]  Loss: 0.8534 (0.936)  LR: 6.266e-06  Time cost: 1:00:54/2:51:57 [4:54:49/2:51:57]  Acc_iter 514600      Data time: 0.00(0.00)  Forward time: 0.25(0.25)  Batch time: 0.25(0.25)
2026-08-15 16:05:34,267   INFO  Train:   10/10 (100%) [14582/55563 ( 26%)]  Loss: 1.113 (0.936)  LR: 6.251e-06  Time cost: 1:01:07/2:51:45 [4:55:02/2:51:45]  Acc_iter 514650      Data time: 0.00(0.00)  Forward time: 0.24(0.25)  Batch time: 0.24(0.25)
2026-08-15 16:05:34,664   INFO  a1e06a0b30c0                Sat Aug 15 16:05:34 2026  580.173.02
[0] NVIDIA GeForce RTX 3070 | 73°C,  92 % |  7388 /  8192 MB | root(6928M)

2026-08-15 16:05:47,085   INFO  Train:   10/10 (100%) [14632/55563 ( 26%)]  Loss: 0.9247 (0.936)  LR: 6.236e-06  Time cost: 1:01:20/2:51:33 [4:55:15/2:51:33]  Acc_iter 514700      Data time: 0.00(0.00)  Forward time: 0.26(0.25)  Batch time: 0.26(0.25)
2026-08-15 16:05:59,412   INFO  Train:   10/10 (100%) [14682/55563 ( 26%)]  Loss: 1.392 (0.936)  LR: 6.221e-06  Time cost: 1:01:32/2:51:20 [4:55:27/2:51:20]  Acc_iter 514750      Data time: 0.00(0.00)  Forward time: 0.26(0.25)  Batch time: 0.26(0.25)
2026-08-15 16:06:11,822   INFO  Train:   10/10 (100%) [14732/55563 ( 27%)]  Loss: 0.7086 (0.936)  LR: 6.206e-06  Time cost: 1:01:44/2:51:07 [4:55:39/2:51:07]  Acc_iter 514800      Data time: 0.00(0.00)  Forward time: 0.27(0.25)  Batch time: 0.27(0.25)
2026-08-15 16:06:12,197   INFO  a1e06a0b30c0                Sat Aug 15 16:06:12 2026  580.173.02
[0] NVIDIA GeForce RTX 3070 | 67°C,   1 % |  7388 /  8192 MB | root(6928M)

2026-08-15 16:06:24,895   INFO  Train:   10/10 (100%) [14782/55563 ( 27%)]  Loss: 1.253 (0.936)  LR: 6.190e-06  Time cost: 1:01:57/2:50:56 [4:55:52/2:50:56]  Acc_iter 514850      Data time: 0.00(0.00)  Forward time: 0.23(0.25)  Batch time: 0.24(0.25)
2026-08-15 16:06:37,183   INFO  Train:   10/10 (100%) [14832/55563 ( 27%)]  Loss: 0.7849 (0.936)  LR: 6.175e-06  Time cost: 1:02:10/2:50:42 [4:56:05/2:50:42]  Acc_iter 514900      Data time: 0.00(0.00)  Forward time: 0.25(0.25)  Batch time: 0.25(0.25)
2026-08-15 16:06:49,679   INFO  Train:   10/10 (100%) [14882/55563 ( 27%)]  Loss: 0.9250 (0.936)  LR: 6.160e-06  Time cost: 1:02:22/2:50:30 [4:56:17/2:50:30]  Acc_iter 514950      Data time: 0.00(0.00)  Forward time: 0.24(0.25)  Batch time: 0.24(0.25)
2026-08-15 16:06:50,051   INFO  a1e06a0b30c0                Sat Aug 15 16:06:50 2026  580.173.02
[0] NVIDIA GeForce RTX 3070 | 74°C,  75 % |  7388 /  8192 MB | root(6928M)

2026-08-15 16:07:02,280   INFO  Train:   10/10 (100%) [14932/55563 ( 27%)]  Loss: 1.035 (0.935)  LR: 6.145e-06  Time cost: 1:02:35/2:50:17 [4:56:30/2:50:17]  Acc_iter 515000      Data time: 0.00(0.00)  Forward time: 0.22(0.25)  Batch time: 0.22(0.25)
2026-08-15 16:07:15,061   INFO  Train:   10/10 (100%) [14982/55563 ( 27%)]  Loss: 0.2792 (0.935)  LR: 6.130e-06  Time cost: 1:02:48/2:50:05 [4:56:43/2:50:05]  Acc_iter 515050      Data time: 0.00(0.00)  Forward time: 0.22(0.25)  Batch time: 0.22(0.25)
2026-08-15 16:07:27,661   INFO  Train:   10/10 (100%) [15032/55563 ( 27%)]  Loss: 0.6005 (0.935)  LR: 6.115e-06  Time cost: 1:03:00/2:49:53 [4:56:55/2:49:53]  Acc_iter 515100      Data time: 0.00(0.00)  Forward time: 0.23(0.25)  Batch time: 0.23(0.25)
2026-08-15 16:07:28,055   INFO  a1e06a0b30c0                Sat Aug 15 16:07:28 2026  580.173.02
[0] NVIDIA GeForce RTX 3070 | 73°C,  79 % |  7388 /  8192 MB | root(6928M)

2026-08-15 16:07:40,453   INFO  Train:   10/10 (100%) [15082/55563 ( 27%)]  Loss: 0.9005 (0.935)  LR: 6.100e-06  Time cost: 1:03:13/2:49:41 [4:57:08/2:49:41]  Acc_iter 515150      Data time: 0.00(0.00)  Forward time: 0.21(0.25)  Batch time: 0.21(0.25)
2026-08-15 16:07:52,706   INFO  Train:   10/10 (100%) [15132/55563 ( 27%)]  Loss: 1.001 (0.936)  LR: 6.085e-06  Time cost: 1:03:25/2:49:27 [4:57:20/2:49:27]  Acc_iter 515200      Data time: 0.00(0.00)  Forward time: 0.27(0.25)  Batch time: 0.27(0.25)
2026-08-15 16:08:05,022   INFO  Train:   10/10 (100%) [15182/55563 ( 27%)]  Loss: 0.8807 (0.936)  LR: 6.070e-06  Time cost: 1:03:38/2:49:14 [4:57:33/2:49:14]  Acc_iter 515250      Data time: 0.00(0.00)  Forward time: 0.27(0.25)  Batch time: 0.27(0.25)
2026-08-15 16:08:05,428   INFO  a1e06a0b30c0                Sat Aug 15 16:08:05 2026  580.173.02
[0] NVIDIA GeForce RTX 3070 | 76°C,  99 % |  7384 /  8192 MB | root(6928M)

2026-08-15 16:08:18,133   INFO  Train:   10/10 (100%) [15232/55563 ( 27%)]  Loss: 0.7396 (0.936)  LR: 6.056e-06  Time cost: 1:03:51/2:49:03 [4:57:46/2:49:03]  Acc_iter 515300      Data time: 0.00(0.00)  Forward time: 0.26(0.25)  Batch time: 0.26(0.25)
2026-08-15 16:08:30,627   INFO  Train:   10/10 (100%) [15282/55563 ( 28%)]  Loss: 0.6149 (0.936)  LR: 6.041e-06  Time cost: 1:04:03/2:48:50 [4:57:58/2:48:50]  Acc_iter 515350      Data time: 0.00(0.00)  Forward time: 0.25(0.25)  Batch time: 0.25(0.25)
2026-08-15 16:08:42,927   INFO  Train:   10/10 (100%) [15332/55563 ( 28%)]  Loss: 0.7301 (0.936)  LR: 6.026e-06  Time cost: 1:04:15/2:48:37 [4:58:10/2:48:37]  Acc_iter 515400      Data time: 0.00(0.00)  Forward time: 0.22(0.25)  Batch time: 0.22(0.25)
2026-08-15 16:08:43,296   INFO  a1e06a0b30c0                Sat Aug 15 16:08:43 2026  580.173.02
[0] NVIDIA GeForce RTX 3070 | 72°C,  53 % |  7384 /  8192 MB | root(6928M)

2026-08-15 16:08:55,591   INFO  Train:   10/10 (100%) [15382/55563 ( 28%)]  Loss: 0.5499 (0.936)  LR: 6.011e-06  Time cost: 1:04:28/2:48:24 [4:58:23/2:48:24]  Acc_iter 515450      Data time: 0.00(0.00)  Forward time: 0.24(0.25)  Batch time: 0.24(0.25)
2026-08-15 16:09:08,261   INFO  Train:   10/10 (100%) [15432/55563 ( 28%)]  Loss: 1.205 (0.936)  LR: 5.996e-06  Time cost: 1:04:41/2:48:12 [4:58:36/2:48:12]  Acc_iter 515500      Data time: 0.00(0.00)  Forward time: 0.26(0.25)  Batch time: 0.26(0.25)
2026-08-15 16:09:20,807   INFO  Train:   10/10 (100%) [15482/55563 ( 28%)]  Loss: 0.4808 (0.936)  LR: 5.981e-06  Time cost: 1:04:53/2:47:59 [4:58:48/2:47:59]  Acc_iter 515550      Data time: 0.00(0.00)  Forward time: 0.28(0.25)  Batch time: 0.28(0.25)
2026-08-15 16:09:21,174   INFO  a1e06a0b30c0                Sat Aug 15 16:09:21 2026  580.173.02
[0] NVIDIA GeForce RTX 3070 | 75°C,  73 % |  7386 /  8192 MB | root(6928M)

2026-08-15 16:09:27,208   INFO  Save latest model to /OpenPCDet/output/OpenPCDet/tools/cfgs/models/S/F/S_F_N/default/ckpt/latest_model
2026-08-15 16:09:33,543   INFO  Train:   10/10 (100%) [15532/55563 ( 28%)]  Loss: 0.6620 (0.936)  LR: 5.966e-06  Time cost: 1:05:06/2:47:47 [4:59:01/2:47:47]  Acc_iter 515600      Data time: 0.00(0.00)  Forward time: 0.26(0.25)  Batch time: 0.26(0.25)
2026-08-15 16:09:46,200   INFO  Train:   10/10 (100%) [15582/55563 ( 28%)]  Loss: 0.7392 (0.936)  LR: 5.952e-06  Time cost: 1:05:19/2:47:35 [4:59:14/2:47:35]  Acc_iter 515650      Data time: 0.00(0.00)  Forward time: 0.26(0.25)  Batch time: 0.26(0.25)
2026-08-15 16:09:58,550   INFO  Train:   10/10 (100%) [15632/55563 ( 28%)]  Loss: 0.8995 (0.936)  LR: 5.937e-06  Time cost: 1:05:31/2:47:22 [4:59:26/2:47:22]  Acc_iter 515700      Data time: 0.00(0.00)  Forward time: 0.24(0.25)  Batch time: 0.24(0.25)
2026-08-15 16:09:58,985   INFO  a1e06a0b30c0                Sat Aug 15 16:09:58 2026  580.173.02
[0] NVIDIA GeForce RTX 3070 | 74°C,  67 % |  7388 /  8192 MB | root(6928M)

2026-08-15 16:10:11,829   INFO  Train:   10/10 (100%) [15682/55563 ( 28%)]  Loss: 1.430 (0.936)  LR: 5.922e-06  Time cost: 1:05:44/2:47:11 [4:59:39/2:47:11]  Acc_iter 515750      Data time: 0.00(0.00)  Forward time: 0.25(0.25)  Batch time: 0.25(0.25)
2026-08-15 16:10:24,268   INFO  Train:   10/10 (100%) [15732/55563 ( 28%)]  Loss: 1.298 (0.936)  LR: 5.907e-06  Time cost: 1:05:57/2:46:58 [4:59:52/2:46:58]  Acc_iter 515800      Data time: 0.00(0.00)  Forward time: 0.26(0.25)  Batch time: 0.26(0.25)
2026-08-15 16:10:36,478   INFO  Train:   10/10 (100%) [15782/55563 ( 28%)]  Loss: 0.6875 (0.936)  LR: 5.893e-06  Time cost: 1:06:09/2:46:45 [5:00:04/2:46:45]  Acc_iter 515850      Data time: 0.00(0.00)  Forward time: 0.24(0.25)  Batch time: 0.24(0.25)
2026-08-15 16:10:36,864   INFO  a1e06a0b30c0                Sat Aug 15 16:10:36 2026  580.173.02
[0] NVIDIA GeForce RTX 3070 | 69°C,  71 % |  7388 /  8192 MB | root(6928M)

2026-08-15 16:10:49,281   INFO  Train:   10/10 (100%) [15832/55563 ( 28%)]  Loss: 1.315 (0.936)  LR: 5.878e-06  Time cost: 1:06:22/2:46:33 [5:00:17/2:46:33]  Acc_iter 515900      Data time: 0.00(0.00)  Forward time: 0.26(0.25)  Batch time: 0.26(0.25)
2026-08-15 16:11:01,913   INFO  Train:   10/10 (100%) [15882/55563 ( 29%)]  Loss: 0.5908 (0.936)  LR: 5.863e-06  Time cost: 1:06:34/2:46:20 [5:00:29/2:46:20]  Acc_iter 515950      Data time: 0.00(0.00)  Forward time: 0.23(0.25)  Batch time: 0.23(0.25)
2026-08-15 16:11:14,453   INFO  Train:   10/10 (100%) [15932/55563 ( 29%)]  Loss: 0.9793 (0.937)  LR: 5.849e-06  Time cost: 1:06:47/2:46:07 [5:00:42/2:46:07]  Acc_iter 516000      Data time: 0.00(0.00)  Forward time: 0.27(0.25)  Batch time: 0.27(0.25)
2026-08-15 16:11:14,822   INFO  a1e06a0b30c0                Sat Aug 15 16:11:14 2026  580.173.02
[0] NVIDIA GeForce RTX 3070 | 68°C,  69 % |  7388 /  8192 MB | root(6928M)

2026-08-15 16:11:27,045   INFO  Train:   10/10 (100%) [15982/55563 ( 29%)]  Loss: 2.927 (0.937)  LR: 5.834e-06  Time cost: 1:07:00/2:45:55 [5:00:55/2:45:55]  Acc_iter 516050      Data time: 0.00(0.00)  Forward time: 0.28(0.25)  Batch time: 0.28(0.25)
2026-08-15 16:11:39,384   INFO  Train:   10/10 (100%) [16032/55563 ( 29%)]  Loss: 1.748 (0.937)  LR: 5.819e-06  Time cost: 1:07:12/2:45:42 [5:01:07/2:45:42]  Acc_iter 516100      Data time: 0.00(0.00)  Forward time: 0.31(0.25)  Batch time: 0.32(0.25)
2026-08-15 16:11:52,266   INFO  Train:   10/10 (100%) [16082/55563 ( 29%)]  Loss: 1.024 (0.936)  LR: 5.805e-06  Time cost: 1:07:25/2:45:30 [5:01:20/2:45:30]  Acc_iter 516150      Data time: 0.00(0.00)  Forward time: 0.25(0.25)  Batch time: 0.25(0.25)
2026-08-15 16:11:52,657   INFO  a1e06a0b30c0                Sat Aug 15 16:11:52 2026  580.173.02
[0] NVIDIA GeForce RTX 3070 | 73°C,  97 % |  7389 /  8192 MB | root(6928M)

2026-08-15 16:12:04,980   INFO  Train:   10/10 (100%) [16132/55563 ( 29%)]  Loss: 4.246 (0.937)  LR: 5.790e-06  Time cost: 1:07:37/2:45:18 [5:01:33/2:45:18]  Acc_iter 516200      Data time: 0.00(0.00)  Forward time: 0.25(0.25)  Batch time: 0.25(0.25)
2026-08-15 16:12:17,263   INFO  Train:   10/10 (100%) [16182/55563 ( 29%)]  Loss: 1.710 (0.937)  LR: 5.776e-06  Time cost: 1:07:50/2:45:04 [5:01:45/2:45:04]  Acc_iter 516250      Data time: 0.00(0.00)  Forward time: 0.28(0.25)  Batch time: 0.28(0.25)
2026-08-15 16:12:29,557   INFO  Train:   10/10 (100%) [16232/55563 ( 29%)]  Loss: 0.7556 (0.937)  LR: 5.761e-06  Time cost: 1:08:02/2:44:51 [5:01:57/2:44:51]  Acc_iter 516300      Data time: 0.00(0.00)  Forward time: 0.26(0.25)  Batch time: 0.26(0.25)
2026-08-15 16:12:29,983   INFO  a1e06a0b30c0                Sat Aug 15 16:12:29 2026  580.173.02
[0] NVIDIA GeForce RTX 3070 | 73°C,  99 % |  7388 /  8192 MB | root(6928M)

2026-08-15 16:12:42,540   INFO  Train:   10/10 (100%) [16282/55563 ( 29%)]  Loss: 1.257 (0.937)  LR: 5.747e-06  Time cost: 1:08:15/2:44:40 [5:02:10/2:44:40]  Acc_iter 516350      Data time: 0.00(0.00)  Forward time: 0.24(0.25)  Batch time: 0.24(0.25)
2026-08-15 16:12:54,835   INFO  Train:   10/10 (100%) [16332/55563 ( 29%)]  Loss: 0.3943 (0.937)  LR: 5.732e-06  Time cost: 1:08:27/2:44:26 [5:02:22/2:44:26]  Acc_iter 516400      Data time: 0.00(0.00)  Forward time: 0.22(0.25)  Batch time: 0.22(0.25)
2026-08-15 16:13:07,044   INFO  Train:   10/10 (100%) [16382/55563 ( 29%)]  Loss: 0.5555 (0.937)  LR: 5.718e-06  Time cost: 1:08:40/2:44:13 [5:02:35/2:44:13]  Acc_iter 516450      Data time: 0.00(0.00)  Forward time: 0.25(0.25)  Batch time: 0.25(0.25)
2026-08-15 16:13:07,424   INFO  a1e06a0b30c0                Sat Aug 15 16:13:07 2026  580.173.02
[0] NVIDIA GeForce RTX 3070 | 73°C,  95 % |  7387 /  8192 MB | root(6928M)

2026-08-15 16:13:20,034   INFO  Train:   10/10 (100%) [16432/55563 ( 30%)]  Loss: 0.3016 (0.937)  LR: 5.703e-06  Time cost: 1:08:53/2:44:01 [5:02:48/2:44:01]  Acc_iter 516500      Data time: 0.00(0.00)  Forward time: 0.27(0.25)  Batch time: 0.27(0.25)
2026-08-15 16:13:32,860   INFO  Train:   10/10 (100%) [16482/55563 ( 30%)]  Loss: 0.8344 (0.937)  LR: 5.689e-06  Time cost: 1:09:05/2:43:49 [5:03:00/2:43:49]  Acc_iter 516550      Data time: 0.00(0.00)  Forward time: 0.26(0.25)  Batch time: 0.26(0.25)
2026-08-15 16:13:45,467   INFO  Train:   10/10 (100%) [16532/55563 ( 30%)]  Loss: 0.5146 (0.937)  LR: 5.674e-06  Time cost: 1:09:18/2:43:37 [5:03:13/2:43:37]  Acc_iter 516600      Data time: 0.00(0.00)  Forward time: 0.23(0.25)  Batch time: 0.23(0.25)
2026-08-15 16:13:45,852   INFO  a1e06a0b30c0                Sat Aug 15 16:13:45 2026  580.173.02
[0] NVIDIA GeForce RTX 3070 | 69°C,  72 % |  7389 /  8192 MB | root(6928M)

2026-08-15 16:13:57,814   INFO  Train:   10/10 (100%) [16582/55563 ( 30%)]  Loss: 0.9126 (0.937)  LR: 5.660e-06  Time cost: 1:09:30/2:43:24 [5:03:25/2:43:24]  Acc_iter 516650      Data time: 0.00(0.00)  Forward time: 0.26(0.25)  Batch time: 0.26(0.25)
2026-08-15 16:14:10,030   INFO  Train:   10/10 (100%) [16632/55563 ( 30%)]  Loss: 0.7342 (0.937)  LR: 5.645e-06  Time cost: 1:09:43/2:43:10 [5:03:38/2:43:10]  Acc_iter 516700      Data time: 0.00(0.00)  Forward time: 0.24(0.25)  Batch time: 0.25(0.25)
2026-08-15 16:14:22,498   INFO  Train:   10/10 (100%) [16682/55563 ( 30%)]  Loss: 1.147 (0.937)  LR: 5.631e-06  Time cost: 1:09:55/2:42:57 [5:03:50/2:42:57]  Acc_iter 516750      Data time: 0.00(0.00)  Forward time: 0.20(0.25)  Batch time: 0.20(0.25)
2026-08-15 16:14:22,889   INFO  a1e06a0b30c0                Sat Aug 15 16:14:22 2026  580.173.02
[0] NVIDIA GeForce RTX 3070 | 72°C,  85 % |  7388 /  8192 MB | root(6928M)

2026-08-15 16:14:27,170   INFO  Save latest model to /OpenPCDet/output/OpenPCDet/tools/cfgs/models/S/F/S_F_N/default/ckpt/latest_model
2026-08-15 16:14:35,780   INFO  Train:   10/10 (100%) [16732/55563 ( 30%)]  Loss: 1.054 (0.937)  LR: 5.617e-06  Time cost: 1:10:08/2:42:46 [5:04:03/2:42:46]  Acc_iter 516800      Data time: 0.00(0.00)  Forward time: 0.27(0.25)  Batch time: 0.27(0.25)
2026-08-15 16:14:48,039   INFO  Train:   10/10 (100%) [16782/55563 ( 30%)]  Loss: 0.8980 (0.937)  LR: 5.602e-06  Time cost: 1:10:21/2:42:33 [5:04:16/2:42:33]  Acc_iter 516850      Data time: 0.00(0.00)  Forward time: 0.24(0.25)  Batch time: 0.24(0.25)
2026-08-15 16:15:00,297   INFO  Train:   10/10 (100%) [16832/55563 ( 30%)]  Loss: 0.6978 (0.937)  LR: 5.588e-06  Time cost: 1:10:33/2:42:20 [5:04:28/2:42:20]  Acc_iter 516900      Data time: 0.00(0.00)  Forward time: 0.22(0.25)  Batch time: 0.22(0.25)
2026-08-15 16:15:00,684   INFO  a1e06a0b30c0                Sat Aug 15 16:15:00 2026  580.173.02
[0] NVIDIA GeForce RTX 3070 | 73°C, 100 % |  7388 /  8192 MB | root(6928M)

2026-08-15 16:15:13,001   INFO  Train:   10/10 (100%) [16882/55563 ( 30%)]  Loss: 0.8998 (0.936)  LR: 5.573e-06  Time cost: 1:10:45/2:42:08 [5:04:41/2:42:08]  Acc_iter 516950      Data time: 0.00(0.00)  Forward time: 0.26(0.25)  Batch time: 0.26(0.25)
2026-08-15 16:15:25,711   INFO  Train:   10/10 (100%) [16932/55563 ( 30%)]  Loss: 0.7348 (0.936)  LR: 5.559e-06  Time cost: 1:10:58/2:41:55 [5:04:53/2:41:55]  Acc_iter 517000      Data time: 0.00(0.00)  Forward time: 0.28(0.25)  Batch time: 0.28(0.25)
2026-08-15 16:15:38,261   INFO  Train:   10/10 (100%) [16982/55563 ( 31%)]  Loss: 0.6103 (0.936)  LR: 5.545e-06  Time cost: 1:11:11/2:41:43 [5:05:06/2:41:43]  Acc_iter 517050      Data time: 0.00(0.00)  Forward time: 0.24(0.25)  Batch time: 0.25(0.25)
2026-08-15 16:15:38,626   INFO  a1e06a0b30c0                Sat Aug 15 16:15:38 2026  580.173.02
[0] NVIDIA GeForce RTX 3070 | 70°C,  79 % |  7389 /  8192 MB | root(6928M)

2026-08-15 16:15:50,969   INFO  Train:   10/10 (100%) [17032/55563 ( 31%)]  Loss: 1.150 (0.937)  LR: 5.531e-06  Time cost: 1:11:23/2:41:30 [5:05:19/2:41:30]  Acc_iter 517100      Data time: 0.00(0.00)  Forward time: 0.26(0.25)  Batch time: 0.26(0.25)
2026-08-15 16:16:03,483   INFO  Train:   10/10 (100%) [17082/55563 ( 31%)]  Loss: 0.9010 (0.937)  LR: 5.516e-06  Time cost: 1:11:36/2:41:18 [5:05:31/2:41:18]  Acc_iter 517150      Data time: 0.00(0.00)  Forward time: 0.24(0.25)  Batch time: 0.24(0.25)
2026-08-15 16:16:16,304   INFO  Train:   10/10 (100%) [17132/55563 ( 31%)]  Loss: 0.5848 (0.937)  LR: 5.502e-06  Time cost: 1:11:49/2:41:06 [5:05:44/2:41:06]  Acc_iter 517200      Data time: 0.00(0.00)  Forward time: 0.22(0.25)  Batch time: 0.22(0.25)
2026-08-15 16:16:16,733   INFO  a1e06a0b30c0                Sat Aug 15 16:16:16 2026  580.173.02
[0] NVIDIA GeForce RTX 3070 | 65°C,  94 % |  7388 /  8192 MB | root(6928M)

2026-08-15 16:16:29,546   INFO  Train:   10/10 (100%) [17182/55563 ( 31%)]  Loss: 0.5682 (0.937)  LR: 5.488e-06  Time cost: 1:12:02/2:40:55 [5:05:57/2:40:55]  Acc_iter 517250      Data time: 0.00(0.00)  Forward time: 0.25(0.25)  Batch time: 0.25(0.25)
2026-08-15 16:16:41,947   INFO  Train:   10/10 (100%) [17232/55563 ( 31%)]  Loss: 0.7223 (0.937)  LR: 5.474e-06  Time cost: 1:12:14/2:40:42 [5:06:09/2:40:42]  Acc_iter 517300      Data time: 0.00(0.00)  Forward time: 0.21(0.25)  Batch time: 0.22(0.25)
2026-08-15 16:16:54,078   INFO  Train:   10/10 (100%) [17282/55563 ( 31%)]  Loss: 1.261 (0.937)  LR: 5.460e-06  Time cost: 1:12:27/2:40:28 [5:06:22/2:40:28]  Acc_iter 517350      Data time: 0.00(0.00)  Forward time: 0.23(0.25)  Batch time: 0.23(0.25)
2026-08-15 16:16:54,465   INFO  a1e06a0b30c0                Sat Aug 15 16:16:54 2026  580.173.02
[0] NVIDIA GeForce RTX 3070 | 73°C,  94 % |  7388 /  8192 MB | root(6928M)

2026-08-15 16:17:07,092   INFO  Train:   10/10 (100%) [17332/55563 ( 31%)]  Loss: 0.6859 (0.937)  LR: 5.445e-06  Time cost: 1:12:40/2:40:16 [5:06:35/2:40:16]  Acc_iter 517400      Data time: 0.00(0.00)  Forward time: 0.22(0.25)  Batch time: 0.22(0.25)
2026-08-15 16:17:19,838   INFO  Train:   10/10 (100%) [17382/55563 ( 31%)]  Loss: 0.9945 (0.937)  LR: 5.431e-06  Time cost: 1:12:52/2:40:04 [5:06:47/2:40:04]  Acc_iter 517450      Data time: 0.00(0.00)  Forward time: 0.23(0.25)  Batch time: 0.23(0.25)
2026-08-15 16:17:31,831   INFO  Train:   10/10 (100%) [17432/55563 ( 31%)]  Loss: 0.7940 (0.937)  LR: 5.417e-06  Time cost: 1:13:04/2:39:50 [5:06:59/2:39:50]  Acc_iter 517500      Data time: 0.00(0.00)  Forward time: 0.22(0.25)  Batch time: 0.22(0.25)
2026-08-15 16:17:32,200   INFO  a1e06a0b30c0                Sat Aug 15 16:17:32 2026  580.173.02
[0] NVIDIA GeForce RTX 3070 | 72°C,  86 % |  7389 /  8192 MB | root(6928M)

2026-08-15 16:17:44,358   INFO  Train:   10/10 (100%) [17482/55563 ( 31%)]  Loss: 1.270 (0.937)  LR: 5.403e-06  Time cost: 1:13:17/2:39:38 [5:07:12/2:39:38]  Acc_iter 517550      Data time: 0.00(0.00)  Forward time: 0.25(0.25)  Batch time: 0.25(0.25)
2026-08-15 16:17:56,584   INFO  Train:   10/10 (100%) [17532/55563 ( 32%)]  Loss: 1.370 (0.937)  LR: 5.389e-06  Time cost: 1:13:29/2:39:24 [5:07:24/2:39:24]  Acc_iter 517600      Data time: 0.00(0.00)  Forward time: 0.27(0.25)  Batch time: 0.27(0.25)
2026-08-15 16:18:09,421   INFO  Train:   10/10 (100%) [17582/55563 ( 32%)]  Loss: 1.100 (0.937)  LR: 5.375e-06  Time cost: 1:13:42/2:39:12 [5:07:37/2:39:12]  Acc_iter 517650      Data time: 0.00(0.00)  Forward time: 0.26(0.25)  Batch time: 0.26(0.25)
2026-08-15 16:18:09,844   INFO  a1e06a0b30c0                Sat Aug 15 16:18:09 2026  580.173.02
[0] NVIDIA GeForce RTX 3070 | 67°C,  93 % |  7384 /  8192 MB | root(6928M)

2026-08-15 16:18:22,279   INFO  Train:   10/10 (100%) [17632/55563 ( 32%)]  Loss: 0.8183 (0.937)  LR: 5.361e-06  Time cost: 1:13:55/2:39:00 [5:07:50/2:39:00]  Acc_iter 517700      Data time: 0.00(0.00)  Forward time: 0.22(0.25)  Batch time: 0.22(0.25)
2026-08-15 16:18:34,701   INFO  Train:   10/10 (100%) [17682/55563 ( 32%)]  Loss: 0.7518 (0.937)  LR: 5.347e-06  Time cost: 1:14:07/2:38:47 [5:08:02/2:38:47]  Acc_iter 517750      Data time: 0.00(0.00)  Forward time: 0.22(0.25)  Batch time: 0.23(0.25)
2026-08-15 16:18:46,870   INFO  Train:   10/10 (100%) [17732/55563 ( 32%)]  Loss: 0.4652 (0.937)  LR: 5.333e-06  Time cost: 1:14:19/2:38:34 [5:08:14/2:38:34]  Acc_iter 517800      Data time: 0.00(0.00)  Forward time: 0.20(0.25)  Batch time: 0.20(0.25)
2026-08-15 16:18:47,260   INFO  a1e06a0b30c0                Sat Aug 15 16:18:47 2026  580.173.02
[0] NVIDIA GeForce RTX 3070 | 66°C,   1 % |  7378 /  8192 MB | root(6928M)

2026-08-15 16:18:59,795   INFO  Train:   10/10 (100%) [17782/55563 ( 32%)]  Loss: 0.7612 (0.937)  LR: 5.319e-06  Time cost: 1:14:32/2:38:22 [5:08:27/2:38:22]  Acc_iter 517850      Data time: 0.00(0.00)  Forward time: 0.25(0.25)  Batch time: 0.25(0.25)
2026-08-15 16:19:12,513   INFO  Train:   10/10 (100%) [17832/55563 ( 32%)]  Loss: 0.5682 (0.938)  LR: 5.305e-06  Time cost: 1:14:45/2:38:10 [5:08:40/2:38:10]  Acc_iter 517900      Data time: 0.00(0.00)  Forward time: 0.24(0.25)  Batch time: 0.24(0.25)
2026-08-15 16:19:24,771   INFO  Train:   10/10 (100%) [17882/55563 ( 32%)]  Loss: 0.5250 (0.938)  LR: 5.291e-06  Time cost: 1:14:57/2:37:57 [5:08:52/2:37:57]  Acc_iter 517950      Data time: 0.00(0.00)  Forward time: 0.25(0.25)  Batch time: 0.25(0.25)
2026-08-15 16:19:25,136   INFO  a1e06a0b30c0                Sat Aug 15 16:19:25 2026  580.173.02
[0] NVIDIA GeForce RTX 3070 | 71°C,  70 % |  7389 /  8192 MB | root(6928M)

2026-08-15 16:19:27,228   INFO  Save latest model to /OpenPCDet/output/OpenPCDet/tools/cfgs/models/S/F/S_F_N/default/ckpt/latest_model
2026-08-15 16:19:37,626   INFO  Train:   10/10 (100%) [17932/55563 ( 32%)]  Loss: 0.9786 (0.937)  LR: 5.277e-06  Time cost: 1:15:10/2:37:45 [5:09:05/2:37:45]  Acc_iter 518000      Data time: 0.00(0.00)  Forward time: 0.26(0.25)  Batch time: 0.26(0.25)
2026-08-15 16:19:49,987   INFO  Train:   10/10 (100%) [17982/55563 ( 32%)]  Loss: 1.194 (0.937)  LR: 5.263e-06  Time cost: 1:15:22/2:37:32 [5:09:18/2:37:32]  Acc_iter 518050      Data time: 0.00(0.00)  Forward time: 0.27(0.25)  Batch time: 0.27(0.25)
2026-08-15 16:20:02,534   INFO  Train:   10/10 (100%) [18032/55563 ( 32%)]  Loss: 0.8907 (0.937)  LR: 5.249e-06  Time cost: 1:15:35/2:37:19 [5:09:30/2:37:19]  Acc_iter 518100      Data time: 0.00(0.00)  Forward time: 0.26(0.25)  Batch time: 0.26(0.25)
2026-08-15 16:20:02,913   INFO  a1e06a0b30c0                Sat Aug 15 16:20:02 2026  580.173.02
[0] NVIDIA GeForce RTX 3070 | 69°C,  71 % |  7388 /  8192 MB | root(6928M)

2026-08-15 16:20:15,314   INFO  Train:   10/10 (100%) [18082/55563 ( 33%)]  Loss: 0.5133 (0.938)  LR: 5.235e-06  Time cost: 1:15:48/2:37:07 [5:09:43/2:37:07]  Acc_iter 518150      Data time: 0.00(0.00)  Forward time: 0.27(0.25)  Batch time: 0.27(0.25)
2026-08-15 16:20:27,587   INFO  Train:   10/10 (100%) [18132/55563 ( 33%)]  Loss: 1.043 (0.937)  LR: 5.221e-06  Time cost: 1:16:00/2:36:54 [5:09:55/2:36:54]  Acc_iter 518200      Data time: 0.00(0.00)  Forward time: 0.28(0.25)  Batch time: 0.28(0.25)
2026-08-15 16:20:40,103   INFO  Train:   10/10 (100%) [18182/55563 ( 33%)]  Loss: 1.596 (0.938)  LR: 5.208e-06  Time cost: 1:16:13/2:36:41 [5:10:08/2:36:41]  Acc_iter 518250      Data time: 0.00(0.00)  Forward time: 0.27(0.25)  Batch time: 0.27(0.25)
2026-08-15 16:20:40,632   INFO  a1e06a0b30c0                Sat Aug 15 16:20:40 2026  580.173.02
[0] NVIDIA GeForce RTX 3070 | 72°C,  95 % |  7388 /  8192 MB | root(6928M)

2026-08-15 16:20:53,359   INFO  Train:   10/10 (100%) [18232/55563 ( 33%)]  Loss: 1.231 (0.938)  LR: 5.194e-06  Time cost: 1:16:26/2:36:30 [5:10:21/2:36:30]  Acc_iter 518300      Data time: 0.00(0.00)  Forward time: 0.21(0.25)  Batch time: 0.21(0.25)
2026-08-15 16:21:05,603   INFO  Train:   10/10 (100%) [18282/55563 ( 33%)]  Loss: 0.7267 (0.938)  LR: 5.180e-06  Time cost: 1:16:38/2:36:17 [5:10:33/2:36:17]  Acc_iter 518350      Data time: 0.00(0.00)  Forward time: 0.23(0.25)  Batch time: 0.23(0.25)
2026-08-15 16:21:17,831   INFO  Train:   10/10 (100%) [18332/55563 ( 33%)]  Loss: 0.6629 (0.938)  LR: 5.166e-06  Time cost: 1:16:50/2:36:03 [5:10:45/2:36:03]  Acc_iter 518400      Data time: 0.00(0.00)  Forward time: 0.29(0.25)  Batch time: 0.29(0.25)
2026-08-15 16:21:18,234   INFO  a1e06a0b30c0                Sat Aug 15 16:21:18 2026  580.173.02
[0] NVIDIA GeForce RTX 3070 | 72°C,  97 % |  7388 /  8192 MB | root(6928M)

2026-08-15 16:21:30,561   INFO  Train:   10/10 (100%) [18382/55563 ( 33%)]  Loss: 0.7963 (0.938)  LR: 5.152e-06  Time cost: 1:17:03/2:35:51 [5:10:58/2:35:51]  Acc_iter 518450      Data time: 0.00(0.00)  Forward time: 0.25(0.25)  Batch time: 0.25(0.25)
2026-08-15 16:21:43,147   INFO  Train:   10/10 (100%) [18432/55563 ( 33%)]  Loss: 0.6246 (0.938)  LR: 5.139e-06  Time cost: 1:17:16/2:35:38 [5:11:11/2:35:38]  Acc_iter 518500      Data time: 0.00(0.00)  Forward time: 0.23(0.25)  Batch time: 0.23(0.25)
2026-08-15 16:21:55,536   INFO  Train:   10/10 (100%) [18482/55563 ( 33%)]  Loss: 1.435 (0.937)  LR: 5.125e-06  Time cost: 1:17:28/2:35:25 [5:11:23/2:35:25]  Acc_iter 518550      Data time: 0.00(0.00)  Forward time: 0.27(0.25)  Batch time: 0.27(0.25)
2026-08-15 16:21:55,917   INFO  a1e06a0b30c0                Sat Aug 15 16:21:55 2026  580.173.02
[0] NVIDIA GeForce RTX 3070 | 73°C,  81 % |  7388 /  8192 MB | root(6928M)

2026-08-15 16:22:08,492   INFO  Train:   10/10 (100%) [18532/55563 ( 33%)]  Loss: 0.3472 (0.938)  LR: 5.111e-06  Time cost: 1:17:41/2:35:14 [5:11:36/2:35:14]  Acc_iter 518600      Data time: 0.00(0.00)  Forward time: 0.21(0.25)  Batch time: 0.21(0.25)
2026-08-15 16:22:20,884   INFO  Train:   10/10 (100%) [18582/55563 ( 33%)]  Loss: 1.217 (0.937)  LR: 5.097e-06  Time cost: 1:17:53/2:35:01 [5:11:48/2:35:01]  Acc_iter 518650      Data time: 0.00(0.00)  Forward time: 0.26(0.25)  Batch time: 0.27(0.25)
2026-08-15 16:22:33,585   INFO  Train:   10/10 (100%) [18632/55563 ( 34%)]  Loss: 1.007 (0.937)  LR: 5.084e-06  Time cost: 1:18:06/2:34:48 [5:12:01/2:34:48]  Acc_iter 518700      Data time: 0.00(0.00)  Forward time: 0.23(0.25)  Batch time: 0.23(0.25)
2026-08-15 16:22:34,013   INFO  a1e06a0b30c0                Sat Aug 15 16:22:33 2026  580.173.02
[0] NVIDIA GeForce RTX 3070 | 72°C,  72 % |  7388 /  8192 MB | root(6928M)

2026-08-15 16:22:46,596   INFO  Train:   10/10 (100%) [18682/55563 ( 34%)]  Loss: 0.3922 (0.937)  LR: 5.070e-06  Time cost: 1:18:19/2:34:37 [5:12:14/2:34:37]  Acc_iter 518750      Data time: 0.00(0.00)  Forward time: 0.23(0.25)  Batch time: 0.23(0.25)
2026-08-15 16:22:59,112   INFO  Train:   10/10 (100%) [18732/55563 ( 34%)]  Loss: 0.7824 (0.937)  LR: 5.056e-06  Time cost: 1:18:32/2:34:24 [5:12:27/2:34:24]  Acc_iter 518800      Data time: 0.00(0.00)  Forward time: 0.23(0.25)  Batch time: 0.23(0.25)
2026-08-15 16:23:11,422   INFO  Train:   10/10 (100%) [18782/55563 ( 34%)]  Loss: 0.8236 (0.937)  LR: 5.043e-06  Time cost: 1:18:44/2:34:11 [5:12:39/2:34:11]  Acc_iter 518850      Data time: 0.00(0.00)  Forward time: 0.26(0.25)  Batch time: 0.26(0.25)
2026-08-15 16:23:11,817   INFO  a1e06a0b30c0                Sat Aug 15 16:23:11 2026  580.173.02
[0] NVIDIA GeForce RTX 3070 | 68°C,  91 % |  7387 /  8192 MB | root(6928M)

2026-08-15 16:23:24,646   INFO  Train:   10/10 (100%) [18832/55563 ( 34%)]  Loss: 1.412 (0.937)  LR: 5.029e-06  Time cost: 1:18:57/2:34:00 [5:12:52/2:34:00]  Acc_iter 518900      Data time: 0.00(0.00)  Forward time: 0.25(0.25)  Batch time: 0.25(0.25)
2026-08-15 16:23:37,233   INFO  Train:   10/10 (100%) [18882/55563 ( 34%)]  Loss: 1.117 (0.937)  LR: 5.015e-06  Time cost: 1:19:10/2:33:47 [5:13:05/2:33:47]  Acc_iter 518950      Data time: 0.00(0.00)  Forward time: 0.26(0.25)  Batch time: 0.27(0.25)
2026-08-15 16:23:49,643   INFO  Train:   10/10 (100%) [18932/55563 ( 34%)]  Loss: 1.652 (0.938)  LR: 5.002e-06  Time cost: 1:19:22/2:33:34 [5:13:17/2:33:34]  Acc_iter 519000      Data time: 0.00(0.00)  Forward time: 0.25(0.25)  Batch time: 0.26(0.25)
2026-08-15 16:23:50,085   INFO  a1e06a0b30c0                Sat Aug 15 16:23:50 2026  580.173.02
[0] NVIDIA GeForce RTX 3070 | 73°C,  96 % |  7388 /  8192 MB | root(6928M)

2026-08-15 16:24:02,245   INFO  Train:   10/10 (100%) [18982/55563 ( 34%)]  Loss: 0.5092 (0.938)  LR: 4.988e-06  Time cost: 1:19:35/2:33:22 [5:13:30/2:33:22]  Acc_iter 519050      Data time: 0.00(0.00)  Forward time: 0.25(0.25)  Batch time: 0.25(0.25)
2026-08-15 16:24:14,748   INFO  Train:   10/10 (100%) [19032/55563 ( 34%)]  Loss: 0.7637 (0.938)  LR: 4.975e-06  Time cost: 1:19:47/2:33:09 [5:13:42/2:33:09]  Acc_iter 519100      Data time: 0.00(0.00)  Forward time: 0.23(0.25)  Batch time: 0.23(0.25)
2026-08-15 16:24:27,192   INFO  Save latest model to /OpenPCDet/output/OpenPCDet/tools/cfgs/models/S/F/S_F_N/default/ckpt/latest_model
2026-08-15 16:24:27,460   INFO  Train:   10/10 (100%) [19082/55563 ( 34%)]  Loss: 1.234 (0.938)  LR: 4.961e-06  Time cost: 1:20:00/2:32:57 [5:13:55/2:32:57]  Acc_iter 519150      Data time: 0.10(0.00)  Forward time: 0.27(0.25)  Batch time: 0.36(0.25)
2026-08-15 16:24:27,860   INFO  a1e06a0b30c0                Sat Aug 15 16:24:27 2026  580.173.02
[0] NVIDIA GeForce RTX 3070 | 67°C,  99 % |  7388 /  8192 MB | root(6928M)

2026-08-15 16:24:40,033   INFO  Train:   10/10 (100%) [19132/55563 ( 34%)]  Loss: 1.316 (0.937)  LR: 4.948e-06  Time cost: 1:20:13/2:32:44 [5:14:08/2:32:44]  Acc_iter 519200      Data time: 0.00(0.00)  Forward time: 0.26(0.25)  Batch time: 0.26(0.25)
2026-08-15 16:24:52,365   INFO  Train:   10/10 (100%) [19182/55563 ( 35%)]  Loss: 2.000 (0.937)  LR: 4.934e-06  Time cost: 1:20:25/2:32:31 [5:14:20/2:32:31]  Acc_iter 519250      Data time: 0.00(0.00)  Forward time: 0.27(0.25)  Batch time: 0.27(0.25)
2026-08-15 16:25:05,299   INFO  Train:   10/10 (100%) [19232/55563 ( 35%)]  Loss: 1.214 (0.937)  LR: 4.921e-06  Time cost: 1:20:38/2:32:19 [5:14:33/2:32:19]  Acc_iter 519300      Data time: 0.00(0.00)  Forward time: 0.31(0.25)  Batch time: 0.31(0.25)
2026-08-15 16:25:05,770   INFO  a1e06a0b30c0                Sat Aug 15 16:25:05 2026  580.173.02
[0] NVIDIA GeForce RTX 3070 | 66°C,  62 % |  7389 /  8192 MB | root(6928M)

2026-08-15 16:25:18,145   INFO  Train:   10/10 (100%) [19282/55563 ( 35%)]  Loss: 0.4148 (0.937)  LR: 4.907e-06  Time cost: 1:20:51/2:32:07 [5:14:46/2:32:07]  Acc_iter 519350      Data time: 0.00(0.00)  Forward time: 0.24(0.25)  Batch time: 0.24(0.25)
2026-08-15 16:25:30,702   INFO  Train:   10/10 (100%) [19332/55563 ( 35%)]  Loss: 1.165 (0.937)  LR: 4.894e-06  Time cost: 1:21:03/2:31:54 [5:14:58/2:31:54]  Acc_iter 519400      Data time: 0.00(0.00)  Forward time: 0.22(0.25)  Batch time: 0.23(0.25)
2026-08-15 16:25:42,997   INFO  Train:   10/10 (100%) [19382/55563 ( 35%)]  Loss: 0.4786 (0.937)  LR: 4.881e-06  Time cost: 1:21:15/2:31:41 [5:15:11/2:31:41]  Acc_iter 519450      Data time: 0.00(0.00)  Forward time: 0.23(0.25)  Batch time: 0.23(0.25)
2026-08-15 16:25:43,382   INFO  a1e06a0b30c0                Sat Aug 15 16:25:43 2026  580.173.02
[0] NVIDIA GeForce RTX 3070 | 71°C,  47 % |  7388 /  8192 MB | root(6928M)

2026-08-15 16:25:55,820   INFO  Train:   10/10 (100%) [19432/55563 ( 35%)]  Loss: 0.5897 (0.937)  LR: 4.867e-06  Time cost: 1:21:28/2:31:29 [5:15:23/2:31:29]  Acc_iter 519500      Data time: 0.00(0.00)  Forward time: 0.26(0.25)  Batch time: 0.26(0.25)
2026-08-15 16:26:08,467   INFO  Train:   10/10 (100%) [19482/55563 ( 35%)]  Loss: 0.4333 (0.937)  LR: 4.854e-06  Time cost: 1:21:41/2:31:17 [5:15:36/2:31:17]  Acc_iter 519550      Data time: 0.00(0.00)  Forward time: 0.23(0.25)  Batch time: 0.23(0.25)
2026-08-15 16:26:20,770   INFO  Train:   10/10 (100%) [19532/55563 ( 35%)]  Loss: 0.7730 (0.937)  LR: 4.840e-06  Time cost: 1:21:53/2:31:04 [5:15:48/2:31:04]  Acc_iter 519600      Data time: 0.00(0.00)  Forward time: 0.26(0.25)  Batch time: 0.26(0.25)
2026-08-15 16:26:21,185   INFO  a1e06a0b30c0                Sat Aug 15 16:26:21 2026  580.173.02
[0] NVIDIA GeForce RTX 3070 | 73°C,  99 % |  7388 /  8192 MB | root(6928M)

2026-08-15 16:26:33,670   INFO  Train:   10/10 (100%) [19582/55563 ( 35%)]  Loss: 0.7202 (0.937)  LR: 4.827e-06  Time cost: 1:22:06/2:30:52 [5:16:01/2:30:52]  Acc_iter 519650      Data time: 0.00(0.00)  Forward time: 0.25(0.25)  Batch time: 0.25(0.25)
2026-08-15 16:26:46,164   INFO  Train:   10/10 (100%) [19632/55563 ( 35%)]  Loss: 0.8613 (0.937)  LR: 4.814e-06  Time cost: 1:22:19/2:30:39 [5:16:14/2:30:39]  Acc_iter 519700      Data time: 0.00(0.00)  Forward time: 0.27(0.25)  Batch time: 0.27(0.25)
2026-08-15 16:26:58,775   INFO  Train:   10/10 (100%) [19682/55563 ( 35%)]  Loss: 0.4581 (0.937)  LR: 4.800e-06  Time cost: 1:22:31/2:30:26 [5:16:26/2:30:26]  Acc_iter 519750      Data time: 0.00(0.00)  Forward time: 0.24(0.25)  Batch time: 0.24(0.25)
2026-08-15 16:26:59,159   INFO  a1e06a0b30c0                Sat Aug 15 16:26:59 2026  580.173.02
[0] NVIDIA GeForce RTX 3070 | 74°C,  60 % |  7389 /  8192 MB | root(6928M)

2026-08-15 16:27:12,040   INFO  Train:   10/10 (100%) [19732/55563 ( 36%)]  Loss: 0.7904 (0.937)  LR: 4.787e-06  Time cost: 1:22:45/2:30:15 [5:16:40/2:30:15]  Acc_iter 519800      Data time: 0.00(0.00)  Forward time: 0.24(0.25)  Batch time: 0.24(0.25)
2026-08-15 16:27:24,582   INFO  Train:   10/10 (100%) [19782/55563 ( 36%)]  Loss: 0.8767 (0.937)  LR: 4.774e-06  Time cost: 1:22:57/2:30:02 [5:16:52/2:30:02]  Acc_iter 519850      Data time: 0.00(0.00)  Forward time: 0.25(0.25)  Batch time: 0.26(0.25)
2026-08-15 16:27:37,030   INFO  Train:   10/10 (100%) [19832/55563 ( 36%)]  Loss: 2.701 (0.937)  LR: 4.761e-06  Time cost: 1:23:10/2:29:49 [5:17:05/2:29:49]  Acc_iter 519900      Data time: 0.00(0.00)  Forward time: 0.27(0.25)  Batch time: 0.27(0.25)
2026-08-15 16:27:37,460   INFO  a1e06a0b30c0                Sat Aug 15 16:27:37 2026  580.173.02
[0] NVIDIA GeForce RTX 3070 | 74°C,  17 % |  7388 /  8192 MB | root(6928M)

2026-08-15 16:27:50,034   INFO  Train:   10/10 (100%) [19882/55563 ( 36%)]  Loss: 1.255 (0.937)  LR: 4.747e-06  Time cost: 1:23:23/2:29:38 [5:17:18/2:29:38]  Acc_iter 519950      Data time: 0.00(0.00)  Forward time: 0.33(0.25)  Batch time: 0.33(0.25)
2026-08-15 16:28:02,577   INFO  Train:   10/10 (100%) [19932/55563 ( 36%)]  Loss: 0.5365 (0.937)  LR: 4.734e-06  Time cost: 1:23:35/2:29:25 [5:17:30/2:29:25]  Acc_iter 520000      Data time: 0.00(0.00)  Forward time: 0.29(0.25)  Batch time: 0.29(0.25)
2026-08-15 16:28:14,675   INFO  Train:   10/10 (100%) [19982/55563 ( 36%)]  Loss: 0.7527 (0.937)  LR: 4.721e-06  Time cost: 1:23:47/2:29:12 [5:17:42/2:29:12]  Acc_iter 520050      Data time: 0.00(0.00)  Forward time: 0.25(0.25)  Batch time: 0.25(0.25)
2026-08-15 16:28:15,080   INFO  a1e06a0b30c0                Sat Aug 15 16:28:15 2026  580.173.02
[0] NVIDIA GeForce RTX 3070 | 73°C,  94 % |  7384 /  8192 MB | root(6928M)

2026-08-15 16:28:27,600   INFO  Train:   10/10 (100%) [20032/55563 ( 36%)]  Loss: 0.9888 (0.937)  LR: 4.708e-06  Time cost: 1:24:00/2:29:00 [5:17:55/2:29:00]  Acc_iter 520100      Data time: 0.00(0.00)  Forward time: 0.25(0.25)  Batch time: 0.25(0.25)
2026-08-15 16:28:40,197   INFO  Train:   10/10 (100%) [20082/55563 ( 36%)]  Loss: 0.4886 (0.937)  LR: 4.695e-06  Time cost: 1:24:13/2:28:47 [5:18:08/2:28:47]  Acc_iter 520150      Data time: 0.00(0.00)  Forward time: 0.27(0.25)  Batch time: 0.27(0.25)
2026-08-15 16:28:53,020   INFO  Train:   10/10 (100%) [20132/55563 ( 36%)]  Loss: 1.149 (0.937)  LR: 4.681e-06  Time cost: 1:24:26/2:28:35 [5:18:21/2:28:35]  Acc_iter 520200      Data time: 0.00(0.00)  Forward time: 0.23(0.25)  Batch time: 0.24(0.25)
2026-08-15 16:28:53,455   INFO  a1e06a0b30c0                Sat Aug 15 16:28:53 2026  580.173.02
[0] NVIDIA GeForce RTX 3070 | 67°C,  28 % |  7389 /  8192 MB | root(6928M)

2026-08-15 16:29:06,186   INFO  Train:   10/10 (100%) [20182/55563 ( 36%)]  Loss: 0.7347 (0.938)  LR: 4.668e-06  Time cost: 1:24:39/2:28:23 [5:18:34/2:28:23]  Acc_iter 520250      Data time: 0.00(0.00)  Forward time: 0.26(0.25)  Batch time: 0.26(0.25)
2026-08-15 16:29:18,545   INFO  Train:   10/10 (100%) [20232/55563 ( 36%)]  Loss: 1.482 (0.938)  LR: 4.655e-06  Time cost: 1:24:51/2:28:10 [5:18:46/2:28:10]  Acc_iter 520300      Data time: 0.00(0.00)  Forward time: 0.26(0.25)  Batch time: 0.26(0.25)
2026-08-15 16:29:27,216   INFO  Save latest model to /OpenPCDet/output/OpenPCDet/tools/cfgs/models/S/F/S_F_N/default/ckpt/latest_model
2026-08-15 16:29:30,989   INFO  Train:   10/10 (100%) [20282/55563 ( 37%)]  Loss: 1.235 (0.938)  LR: 4.642e-06  Time cost: 1:25:03/2:27:58 [5:18:59/2:27:58]  Acc_iter 520350      Data time: 0.00(0.00)  Forward time: 0.26(0.25)  Batch time: 0.26(0.25)
2026-08-15 16:29:31,363   INFO  a1e06a0b30c0                Sat Aug 15 16:29:31 2026  580.173.02
[0] NVIDIA GeForce RTX 3070 | 67°C,  11 % |  7388 /  8192 MB | root(6928M)

2026-08-15 16:29:43,973   INFO  Train:   10/10 (100%) [20332/55563 ( 37%)]  Loss: 1.111 (0.938)  LR: 4.629e-06  Time cost: 1:25:16/2:27:46 [5:19:12/2:27:46]  Acc_iter 520400      Data time: 0.00(0.00)  Forward time: 0.21(0.25)  Batch time: 0.22(0.25)
2026-08-15 16:29:56,471   INFO  Train:   10/10 (100%) [20382/55563 ( 37%)]  Loss: 1.897 (0.938)  LR: 4.616e-06  Time cost: 1:25:29/2:27:33 [5:19:24/2:27:33]  Acc_iter 520450      Data time: 0.00(0.00)  Forward time: 0.28(0.25)  Batch time: 0.28(0.25)
2026-08-15 16:30:08,744   INFO  Train:   10/10 (100%) [20432/55563 ( 37%)]  Loss: 1.027 (0.938)  LR: 4.603e-06  Time cost: 1:25:41/2:27:20 [5:19:36/2:27:20]  Acc_iter 520500      Data time: 0.00(0.00)  Forward time: 0.27(0.25)  Batch time: 0.28(0.25)
2026-08-15 16:30:09,212   INFO  a1e06a0b30c0                Sat Aug 15 16:30:09 2026  580.173.02
[0] NVIDIA GeForce RTX 3070 | 71°C,  94 % |  7393 /  8192 MB | root(6928M)

2026-08-15 16:30:21,689   INFO  Train:   10/10 (100%) [20482/55563 ( 37%)]  Loss: 1.173 (0.937)  LR: 4.590e-06  Time cost: 1:25:54/2:27:08 [5:19:49/2:27:08]  Acc_iter 520550      Data time: 0.00(0.00)  Forward time: 0.25(0.25)  Batch time: 0.26(0.25)
2026-08-15 16:30:34,231   INFO  Train:   10/10 (100%) [20532/55563 ( 37%)]  Loss: 0.5441 (0.937)  LR: 4.577e-06  Time cost: 1:26:07/2:26:55 [5:20:02/2:26:55]  Acc_iter 520600      Data time: 0.00(0.00)  Forward time: 0.22(0.25)  Batch time: 0.22(0.25)
2026-08-15 16:30:46,896   INFO  Train:   10/10 (100%) [20582/55563 ( 37%)]  Loss: 1.145 (0.938)  LR: 4.564e-06  Time cost: 1:26:19/2:26:43 [5:20:14/2:26:43]  Acc_iter 520650      Data time: 0.00(0.00)  Forward time: 0.21(0.25)  Batch time: 0.21(0.25)
2026-08-15 16:30:47,280   INFO  a1e06a0b30c0                Sat Aug 15 16:30:47 2026  580.173.02
[0] NVIDIA GeForce RTX 3070 | 65°C,   1 % |  7388 /  8192 MB | root(6928M)

2026-08-15 16:30:59,902   INFO  Train:   10/10 (100%) [20632/55563 ( 37%)]  Loss: 0.8596 (0.938)  LR: 4.551e-06  Time cost: 1:26:32/2:26:31 [5:20:27/2:26:31]  Acc_iter 520700      Data time: 0.00(0.00)  Forward time: 0.22(0.25)  Batch time: 0.22(0.25)
2026-08-15 16:31:12,407   INFO  Train:   10/10 (100%) [20682/55563 ( 37%)]  Loss: 0.4737 (0.938)  LR: 4.538e-06  Time cost: 1:26:45/2:26:18 [5:20:40/2:26:18]  Acc_iter 520750      Data time: 0.00(0.00)  Forward time: 0.20(0.25)  Batch time: 0.20(0.25)
2026-08-15 16:31:24,907   INFO  Train:   10/10 (100%) [20732/55563 ( 37%)]  Loss: 1.014 (0.938)  LR: 4.525e-06  Time cost: 1:26:57/2:26:05 [5:20:52/2:26:05]  Acc_iter 520800      Data time: 0.00(0.00)  Forward time: 0.28(0.25)  Batch time: 0.28(0.25)
2026-08-15 16:31:25,369   INFO  a1e06a0b30c0                Sat Aug 15 16:31:25 2026  580.173.02
[0] NVIDIA GeForce RTX 3070 | 66°C,   1 % |  7388 /  8192 MB | root(6928M)

2026-08-15 16:31:38,335   INFO  Train:   10/10 (100%) [20782/55563 ( 37%)]  Loss: 1.270 (0.938)  LR: 4.512e-06  Time cost: 1:27:11/2:25:54 [5:21:06/2:25:54]  Acc_iter 520850      Data time: 0.00(0.00)  Forward time: 0.27(0.25)  Batch time: 0.27(0.25)
2026-08-15 16:31:50,856   INFO  Train:   10/10 (100%) [20832/55563 ( 37%)]  Loss: 0.8864 (0.938)  LR: 4.499e-06  Time cost: 1:27:23/2:25:42 [5:21:18/2:25:42]  Acc_iter 520900      Data time: 0.00(0.00)  Forward time: 0.28(0.25)  Batch time: 0.28(0.25)
2026-08-15 16:32:02,979   INFO  Train:   10/10 (100%) [20882/55563 ( 38%)]  Loss: 1.278 (0.938)  LR: 4.486e-06  Time cost: 1:27:35/2:25:28 [5:21:31/2:25:28]  Acc_iter 520950      Data time: 0.00(0.00)  Forward time: 0.24(0.25)  Batch time: 0.24(0.25)
2026-08-15 16:32:03,424   INFO  a1e06a0b30c0                Sat Aug 15 16:32:03 2026  580.173.02
[0] NVIDIA GeForce RTX 3070 | 69°C,   1 % |  7389 /  8192 MB | root(6928M)

2026-08-15 16:32:15,841   INFO  Train:   10/10 (100%) [20932/55563 ( 38%)]  Loss: 1.257 (0.938)  LR: 4.474e-06  Time cost: 1:27:48/2:25:16 [5:21:43/2:25:16]  Acc_iter 521000      Data time: 0.00(0.00)  Forward time: 0.23(0.25)  Batch time: 0.23(0.25)
2026-08-15 16:32:28,503   INFO  Train:   10/10 (100%) [20982/55563 ( 38%)]  Loss: 0.5377 (0.938)  LR: 4.461e-06  Time cost: 1:28:01/2:25:04 [5:21:56/2:25:04]  Acc_iter 521050      Data time: 0.00(0.00)  Forward time: 0.27(0.25)  Batch time: 0.27(0.25)
2026-08-15 16:32:41,091   INFO  Train:   10/10 (100%) [21032/55563 ( 38%)]  Loss: 1.027 (0.938)  LR: 4.448e-06  Time cost: 1:28:14/2:24:51 [5:22:09/2:24:51]  Acc_iter 521100      Data time: 0.00(0.00)  Forward time: 0.25(0.25)  Batch time: 0.26(0.25)
2026-08-15 16:32:41,496   INFO  a1e06a0b30c0                Sat Aug 15 16:32:41 2026  580.173.02
[0] NVIDIA GeForce RTX 3070 | 70°C,  71 % |  7388 /  8192 MB | root(6928M)

2026-08-15 16:32:53,694   INFO  Train:   10/10 (100%) [21082/55563 ( 38%)]  Loss: 0.4271 (0.938)  LR: 4.435e-06  Time cost: 1:28:26/2:24:39 [5:22:21/2:24:39]  Acc_iter 521150      Data time: 0.00(0.00)  Forward time: 0.27(0.25)  Batch time: 0.27(0.25)
2026-08-15 16:33:06,123   INFO  Train:   10/10 (100%) [21132/55563 ( 38%)]  Loss: 0.9612 (0.938)  LR: 4.422e-06  Time cost: 1:28:39/2:24:26 [5:22:34/2:24:26]  Acc_iter 521200      Data time: 0.00(0.00)  Forward time: 0.25(0.25)  Batch time: 0.25(0.25)
2026-08-15 16:33:18,757   INFO  Train:   10/10 (100%) [21182/55563 ( 38%)]  Loss: 0.6571 (0.938)  LR: 4.410e-06  Time cost: 1:28:51/2:24:13 [5:22:46/2:24:13]  Acc_iter 521250      Data time: 0.00(0.00)  Forward time: 0.24(0.25)  Batch time: 0.24(0.25)
2026-08-15 16:33:19,193   INFO  a1e06a0b30c0                Sat Aug 15 16:33:19 2026  580.173.02
[0] NVIDIA GeForce RTX 3070 | 73°C,  65 % |  7390 /  8192 MB | root(6928M)

2026-08-15 16:33:31,951   INFO  Train:   10/10 (100%) [21232/55563 ( 38%)]  Loss: 0.9406 (0.938)  LR: 4.397e-06  Time cost: 1:29:04/2:24:02 [5:22:59/2:24:02]  Acc_iter 521300      Data time: 0.00(0.00)  Forward time: 0.21(0.25)  Batch time: 0.21(0.25)
2026-08-15 16:33:44,121   INFO  Train:   10/10 (100%) [21282/55563 ( 38%)]  Loss: 1.111 (0.938)  LR: 4.384e-06  Time cost: 1:29:17/2:23:48 [5:23:12/2:23:48]  Acc_iter 521350      Data time: 0.00(0.00)  Forward time: 0.26(0.25)  Batch time: 0.26(0.25)
2026-08-15 16:33:56,406   INFO  Train:   10/10 (100%) [21332/55563 ( 38%)]  Loss: 0.9534 (0.938)  LR: 4.371e-06  Time cost: 1:29:29/2:23:35 [5:23:24/2:23:35]  Acc_iter 521400      Data time: 0.00(0.00)  Forward time: 0.27(0.25)  Batch time: 0.27(0.25)
2026-08-15 16:33:56,824   INFO  a1e06a0b30c0                Sat Aug 15 16:33:56 2026  580.173.02
[0] NVIDIA GeForce RTX 3070 | 67°C,  99 % |  7389 /  8192 MB | root(6928M)

2026-08-15 16:34:09,730   INFO  Train:   10/10 (100%) [21382/55563 ( 38%)]  Loss: 1.359 (0.937)  LR: 4.359e-06  Time cost: 1:29:42/2:23:24 [5:23:37/2:23:24]  Acc_iter 521450      Data time: 0.00(0.00)  Forward time: 0.27(0.25)  Batch time: 0.27(0.25)
2026-08-15 16:34:22,294   INFO  Train:   10/10 (100%) [21432/55563 ( 39%)]  Loss: 0.7687 (0.938)  LR: 4.346e-06  Time cost: 1:29:55/2:23:11 [5:23:50/2:23:11]  Acc_iter 521500      Data time: 0.00(0.00)  Forward time: 0.23(0.25)  Batch time: 0.23(0.25)
2026-08-15 16:34:27,189   INFO  Save latest model to /OpenPCDet/output/OpenPCDet/tools/cfgs/models/S/F/S_F_N/default/ckpt/latest_model
2026-08-15 16:34:34,669   INFO  Train:   10/10 (100%) [21482/55563 ( 39%)]  Loss: 1.454 (0.938)  LR: 4.333e-06  Time cost: 1:30:07/2:22:58 [5:24:02/2:22:58]  Acc_iter 521550      Data time: 0.00(0.00)  Forward time: 0.23(0.25)  Batch time: 0.23(0.25)
2026-08-15 16:34:35,039   INFO  a1e06a0b30c0                Sat Aug 15 16:34:35 2026  580.173.02
[0] NVIDIA GeForce RTX 3070 | 74°C,  78 % |  7388 /  8192 MB | root(6928M)

2026-08-15 16:34:47,430   INFO  Train:   10/10 (100%) [21532/55563 ( 39%)]  Loss: 1.246 (0.937)  LR: 4.321e-06  Time cost: 1:30:20/2:22:46 [5:24:15/2:22:46]  Acc_iter 521600      Data time: 0.00(0.00)  Forward time: 0.26(0.25)  Batch time: 0.26(0.25)
2026-08-15 16:34:59,825   INFO  Train:   10/10 (100%) [21582/55563 ( 39%)]  Loss: 1.614 (0.937)  LR: 4.308e-06  Time cost: 1:30:32/2:22:33 [5:24:27/2:22:33]  Acc_iter 521650      Data time: 0.00(0.00)  Forward time: 0.26(0.25)  Batch time: 0.26(0.25)
2026-08-15 16:35:12,566   INFO  Train:   10/10 (100%) [21632/55563 ( 39%)]  Loss: 0.7910 (0.937)  LR: 4.296e-06  Time cost: 1:30:45/2:22:21 [5:24:40/2:22:21]  Acc_iter 521700      Data time: 0.00(0.00)  Forward time: 0.25(0.25)  Batch time: 0.25(0.25)
2026-08-15 16:35:13,026   INFO  a1e06a0b30c0                Sat Aug 15 16:35:13 2026  580.173.02
[0] NVIDIA GeForce RTX 3070 | 73°C,  76 % |  7389 /  8192 MB | root(6928M)

2026-08-15 16:35:25,260   INFO  Train:   10/10 (100%) [21682/55563 ( 39%)]  Loss: 0.4559 (0.938)  LR: 4.283e-06  Time cost: 1:30:58/2:22:08 [5:24:53/2:22:08]  Acc_iter 521750      Data time: 0.00(0.00)  Forward time: 0.23(0.25)  Batch time: 0.23(0.25)
2026-08-15 16:35:37,595   INFO  Train:   10/10 (100%) [21732/55563 ( 39%)]  Loss: 0.8767 (0.938)  LR: 4.270e-06  Time cost: 1:31:10/2:21:55 [5:25:05/2:21:55]  Acc_iter 521800      Data time: 0.00(0.00)  Forward time: 0.23(0.25)  Batch time: 0.23(0.25)
2026-08-15 16:35:49,929   INFO  Train:   10/10 (100%) [21782/55563 ( 39%)]  Loss: 0.7367 (0.938)  LR: 4.258e-06  Time cost: 1:31:22/2:21:42 [5:25:17/2:21:42]  Acc_iter 521850      Data time: 0.00(0.00)  Forward time: 0.24(0.25)  Batch time: 0.24(0.25)
2026-08-15 16:35:50,307   INFO  a1e06a0b30c0                Sat Aug 15 16:35:50 2026  580.173.02
[0] NVIDIA GeForce RTX 3070 | 68°C,   1 % |  7389 /  8192 MB | root(6928M)

2026-08-15 16:36:02,815   INFO  Train:   10/10 (100%) [21832/55563 ( 39%)]  Loss: 1.008 (0.938)  LR: 4.245e-06  Time cost: 1:31:35/2:21:30 [5:25:30/2:21:30]  Acc_iter 521900      Data time: 0.00(0.00)  Forward time: 0.24(0.25)  Batch time: 0.24(0.25)
2026-08-15 16:36:15,531   INFO  Train:   10/10 (100%) [21882/55563 ( 39%)]  Loss: 0.5457 (0.938)  LR: 4.233e-06  Time cost: 1:31:48/2:21:18 [5:25:43/2:21:18]  Acc_iter 521950      Data time: 0.00(0.00)  Forward time: 0.23(0.25)  Batch time: 0.23(0.25)
2026-08-15 16:36:27,910   INFO  Train:   10/10 (100%) [21932/55563 ( 39%)]  Loss: 0.4985 (0.938)  LR: 4.220e-06  Time cost: 1:32:00/2:21:05 [5:25:55/2:21:05]  Acc_iter 522000      Data time: 0.00(0.00)  Forward time: 0.22(0.25)  Batch time: 0.22(0.25)
2026-08-15 16:36:28,317   INFO  a1e06a0b30c0                Sat Aug 15 16:36:28 2026  580.173.02
[0] NVIDIA GeForce RTX 3070 | 69°C,   1 % |  7388 /  8192 MB | root(6928M)

2026-08-15 16:36:40,806   INFO  Train:   10/10 (100%) [21982/55563 ( 40%)]  Loss: 1.226 (0.938)  LR: 4.208e-06  Time cost: 1:32:13/2:20:53 [5:26:08/2:20:53]  Acc_iter 522050      Data time: 0.00(0.00)  Forward time: 0.30(0.25)  Batch time: 0.30(0.25)
2026-08-15 16:36:53,354   INFO  Train:   10/10 (100%) [22032/55563 ( 40%)]  Loss: 0.8220 (0.938)  LR: 4.195e-06  Time cost: 1:32:26/2:20:40 [5:26:21/2:20:40]  Acc_iter 522100      Data time: 0.00(0.00)  Forward time: 0.26(0.25)  Batch time: 0.26(0.25)
2026-08-15 16:37:06,039   INFO  Train:   10/10 (100%) [22082/55563 ( 40%)]  Loss: 0.4481 (0.937)  LR: 4.183e-06  Time cost: 1:32:39/2:20:28 [5:26:34/2:20:28]  Acc_iter 522150      Data time: 0.00(0.00)  Forward time: 0.24(0.25)  Batch time: 0.24(0.25)
2026-08-15 16:37:06,417   INFO  a1e06a0b30c0                Sat Aug 15 16:37:06 2026  580.173.02
[0] NVIDIA GeForce RTX 3070 | 69°C,   6 % |  7388 /  8192 MB | root(6928M)

2026-08-15 16:37:18,801   INFO  Train:   10/10 (100%) [22132/55563 ( 40%)]  Loss: 1.444 (0.937)  LR: 4.171e-06  Time cost: 1:32:51/2:20:15 [5:26:46/2:20:15]  Acc_iter 522200      Data time: 0.00(0.00)  Forward time: 0.27(0.25)  Batch time: 0.27(0.25)
2026-08-15 16:37:31,152   INFO  Train:   10/10 (100%) [22182/55563 ( 40%)]  Loss: 1.159 (0.938)  LR: 4.158e-06  Time cost: 1:33:04/2:20:03 [5:26:59/2:20:03]  Acc_iter 522250      Data time: 0.00(0.00)  Forward time: 0.27(0.25)  Batch time: 0.27(0.25)
2026-08-15 16:37:43,728   INFO  Train:   10/10 (100%) [22232/55563 ( 40%)]  Loss: 0.5119 (0.938)  LR: 4.146e-06  Time cost: 1:33:16/2:19:50 [5:27:11/2:19:50]  Acc_iter 522300      Data time: 0.00(0.00)  Forward time: 0.23(0.25)  Batch time: 0.23(0.25)
2026-08-15 16:37:44,161   INFO  a1e06a0b30c0                Sat Aug 15 16:37:44 2026  580.173.02
[0] NVIDIA GeForce RTX 3070 | 73°C,  92 % |  7389 /  8192 MB | root(6928M)

2026-08-15 16:37:56,622   INFO  Train:   10/10 (100%) [22282/55563 ( 40%)]  Loss: 1.343 (0.938)  LR: 4.133e-06  Time cost: 1:33:29/2:19:38 [5:27:24/2:19:38]  Acc_iter 522350      Data time: 0.00(0.00)  Forward time: 0.23(0.25)  Batch time: 0.23(0.25)
2026-08-15 16:38:09,003   INFO  Train:   10/10 (100%) [22332/55563 ( 40%)]  Loss: 0.7298 (0.938)  LR: 4.121e-06  Time cost: 1:33:41/2:19:25 [5:27:37/2:19:25]  Acc_iter 522400      Data time: 0.00(0.00)  Forward time: 0.23(0.25)  Batch time: 0.23(0.25)
2026-08-15 16:38:21,055   INFO  Train:   10/10 (100%) [22382/55563 ( 40%)]  Loss: 0.4798 (0.937)  LR: 4.109e-06  Time cost: 1:33:54/2:19:12 [5:27:49/2:19:12]  Acc_iter 522450      Data time: 0.00(0.00)  Forward time: 0.23(0.25)  Batch time: 0.24(0.25)
2026-08-15 16:38:21,431   INFO  a1e06a0b30c0                Sat Aug 15 16:38:21 2026  580.173.02
[0] NVIDIA GeForce RTX 3070 | 68°C,  45 % |  7388 /  8192 MB | root(6928M)

2026-08-15 16:38:33,866   INFO  Train:   10/10 (100%) [22432/55563 ( 40%)]  Loss: 0.4226 (0.937)  LR: 4.096e-06  Time cost: 1:34:06/2:18:59 [5:28:01/2:18:59]  Acc_iter 522500      Data time: 0.00(0.00)  Forward time: 0.23(0.25)  Batch time: 0.23(0.25)
2026-08-15 16:38:46,194   INFO  Train:   10/10 (100%) [22482/55563 ( 40%)]  Loss: 0.7007 (0.937)  LR: 4.084e-06  Time cost: 1:34:19/2:18:46 [5:28:14/2:18:46]  Acc_iter 522550      Data time: 0.00(0.00)  Forward time: 0.24(0.25)  Batch time: 0.24(0.25)
2026-08-15 16:38:58,638   INFO  Train:   10/10 (100%) [22532/55563 ( 41%)]  Loss: 0.4818 (0.937)  LR: 4.072e-06  Time cost: 1:34:31/2:18:34 [5:28:26/2:18:34]  Acc_iter 522600      Data time: 0.00(0.00)  Forward time: 0.21(0.25)  Batch time: 0.21(0.25)
2026-08-15 16:38:59,024   INFO  a1e06a0b30c0                Sat Aug 15 16:38:59 2026  580.173.02
[0] NVIDIA GeForce RTX 3070 | 72°C,  93 % |  7386 /  8192 MB | root(6928M)

2026-08-15 16:39:11,364   INFO  Train:   10/10 (100%) [22582/55563 ( 41%)]  Loss: 0.3586 (0.937)  LR: 4.060e-06  Time cost: 1:34:44/2:18:21 [5:28:39/2:18:21]  Acc_iter 522650      Data time: 0.00(0.00)  Forward time: 0.21(0.25)  Batch time: 0.21(0.25)
2026-08-15 16:39:23,781   INFO  Train:   10/10 (100%) [22632/55563 ( 41%)]  Loss: 0.8123 (0.938)  LR: 4.047e-06  Time cost: 1:34:56/2:18:08 [5:28:51/2:18:08]  Acc_iter 522700      Data time: 0.00(0.00)  Forward time: 0.26(0.25)  Batch time: 0.26(0.25)
2026-08-15 16:39:27,137   INFO  Save latest model to /OpenPCDet/output/OpenPCDet/tools/cfgs/models/S/F/S_F_N/default/ckpt/latest_model
2026-08-15 16:39:36,289   INFO  Train:   10/10 (100%) [22682/55563 ( 41%)]  Loss: 0.8768 (0.938)  LR: 4.035e-06  Time cost: 1:35:09/2:17:56 [5:29:04/2:17:56]  Acc_iter 522750      Data time: 0.00(0.00)  Forward time: 0.25(0.25)  Batch time: 0.25(0.25)
2026-08-15 16:39:36,686   INFO  a1e06a0b30c0                Sat Aug 15 16:39:36 2026  580.173.02
[0] NVIDIA GeForce RTX 3070 | 70°C,  70 % |  7389 /  8192 MB | root(6928M)

2026-08-15 16:39:49,506   INFO  Train:   10/10 (100%) [22732/55563 ( 41%)]  Loss: 1.068 (0.938)  LR: 4.023e-06  Time cost: 1:35:22/2:17:44 [5:29:17/2:17:44]  Acc_iter 522800      Data time: 0.00(0.00)  Forward time: 0.24(0.25)  Batch time: 0.24(0.25)
2026-08-15 16:40:01,772   INFO  Train:   10/10 (100%) [22782/55563 ( 41%)]  Loss: 1.007 (0.937)  LR: 4.011e-06  Time cost: 1:35:34/2:17:31 [5:29:29/2:17:31]  Acc_iter 522850      Data time: 0.00(0.00)  Forward time: 0.24(0.25)  Batch time: 0.25(0.25)
2026-08-15 16:40:14,172   INFO  Train:   10/10 (100%) [22832/55563 ( 41%)]  Loss: 1.322 (0.937)  LR: 3.999e-06  Time cost: 1:35:47/2:17:18 [5:29:42/2:17:18]  Acc_iter 522900      Data time: 0.00(0.00)  Forward time: 0.24(0.25)  Batch time: 0.24(0.25)
2026-08-15 16:40:14,553   INFO  a1e06a0b30c0                Sat Aug 15 16:40:14 2026  580.173.02
[0] NVIDIA GeForce RTX 3070 | 72°C,  93 % |  7388 /  8192 MB | root(6928M)

2026-08-15 16:40:27,103   INFO  Train:   10/10 (100%) [22882/55563 ( 41%)]  Loss: 1.168 (0.937)  LR: 3.986e-06  Time cost: 1:36:00/2:17:06 [5:29:55/2:17:06]  Acc_iter 522950      Data time: 0.00(0.00)  Forward time: 0.29(0.25)  Batch time: 0.29(0.25)
2026-08-15 16:40:39,934   INFO  Train:   10/10 (100%) [22932/55563 ( 41%)]  Loss: 1.357 (0.937)  LR: 3.974e-06  Time cost: 1:36:12/2:16:54 [5:30:07/2:16:54]  Acc_iter 523000      Data time: 0.00(0.00)  Forward time: 0.25(0.25)  Batch time: 0.26(0.25)
2026-08-15 16:40:52,342   INFO  Train:   10/10 (100%) [22982/55563 ( 41%)]  Loss: 0.8174 (0.937)  LR: 3.962e-06  Time cost: 1:36:25/2:16:41 [5:30:20/2:16:41]  Acc_iter 523050      Data time: 0.00(0.00)  Forward time: 0.23(0.25)  Batch time: 0.23(0.25)
2026-08-15 16:40:52,742   INFO  a1e06a0b30c0                Sat Aug 15 16:40:52 2026  580.173.02
[0] NVIDIA GeForce RTX 3070 | 73°C,  71 % |  7388 /  8192 MB | root(6928M)

2026-08-15 16:41:05,290   INFO  Train:   10/10 (100%) [23032/55563 ( 41%)]  Loss: 0.7702 (0.937)  LR: 3.950e-06  Time cost: 1:36:38/2:16:29 [5:30:33/2:16:29]  Acc_iter 523100      Data time: 0.00(0.00)  Forward time: 0.23(0.25)  Batch time: 0.23(0.25)
2026-08-15 16:41:17,488   INFO  Train:   10/10 (100%) [23082/55563 ( 42%)]  Loss: 1.117 (0.937)  LR: 3.938e-06  Time cost: 1:36:50/2:16:16 [5:30:45/2:16:16]  Acc_iter 523150      Data time: 0.00(0.00)  Forward time: 0.27(0.25)  Batch time: 0.27(0.25)
2026-08-15 16:41:30,164   INFO  Train:   10/10 (100%) [23132/55563 ( 42%)]  Loss: 0.5626 (0.937)  LR: 3.926e-06  Time cost: 1:37:03/2:16:03 [5:30:58/2:16:03]  Acc_iter 523200      Data time: 0.00(0.00)  Forward time: 0.25(0.25)  Batch time: 0.25(0.25)
2026-08-15 16:41:30,591   INFO  a1e06a0b30c0                Sat Aug 15 16:41:30 2026  580.173.02
[0] NVIDIA GeForce RTX 3070 | 72°C,  99 % |  7389 /  8192 MB | root(6928M)

2026-08-15 16:41:42,897   INFO  Train:   10/10 (100%) [23182/55563 ( 42%)]  Loss: 1.131 (0.937)  LR: 3.914e-06  Time cost: 1:37:15/2:15:51 [5:31:10/2:15:51]  Acc_iter 523250      Data time: 0.00(0.00)  Forward time: 0.21(0.25)  Batch time: 0.21(0.25)
2026-08-15 16:41:55,240   INFO  Train:   10/10 (100%) [23232/55563 ( 42%)]  Loss: 1.039 (0.937)  LR: 3.902e-06  Time cost: 1:37:28/2:15:38 [5:31:23/2:15:38]  Acc_iter 523300      Data time: 0.00(0.00)  Forward time: 0.23(0.25)  Batch time: 0.23(0.25)
2026-08-15 16:42:07,440   INFO  Train:   10/10 (100%) [23282/55563 ( 42%)]  Loss: 1.823 (0.937)  LR: 3.890e-06  Time cost: 1:37:40/2:15:25 [5:31:35/2:15:25]  Acc_iter 523350      Data time: 0.00(0.00)  Forward time: 0.30(0.25)  Batch time: 0.30(0.25)
2026-08-15 16:42:07,875   INFO  a1e06a0b30c0                Sat Aug 15 16:42:07 2026  580.173.02
[0] NVIDIA GeForce RTX 3070 | 65°C,  96 % |  7388 /  8192 MB | root(6928M)

2026-08-15 16:42:20,547   INFO  Train:   10/10 (100%) [23332/55563 ( 42%)]  Loss: 1.013 (0.937)  LR: 3.878e-06  Time cost: 1:37:53/2:15:13 [5:31:48/2:15:13]  Acc_iter 523400      Data time: 0.00(0.00)  Forward time: 0.25(0.25)  Batch time: 0.25(0.25)
2026-08-15 16:42:33,028   INFO  Train:   10/10 (100%) [23382/55563 ( 42%)]  Loss: 0.2524 (0.938)  LR: 3.866e-06  Time cost: 1:38:06/2:15:00 [5:32:01/2:15:00]  Acc_iter 523450      Data time: 0.00(0.00)  Forward time: 0.24(0.25)  Batch time: 0.24(0.25)
2026-08-15 16:42:45,230   INFO  Train:   10/10 (100%) [23432/55563 ( 42%)]  Loss: 1.093 (0.937)  LR: 3.854e-06  Time cost: 1:38:18/2:14:47 [5:32:13/2:14:47]  Acc_iter 523500      Data time: 0.00(0.00)  Forward time: 0.24(0.25)  Batch time: 0.24(0.25)
2026-08-15 16:42:45,600   INFO  a1e06a0b30c0                Sat Aug 15 16:42:45 2026  580.173.02
[0] NVIDIA GeForce RTX 3070 | 72°C,  91 % |  7388 /  8192 MB | root(6928M)

2026-08-15 16:42:57,905   INFO  Train:   10/10 (100%) [23482/55563 ( 42%)]  Loss: 0.6312 (0.937)  LR: 3.842e-06  Time cost: 1:38:30/2:14:35 [5:32:25/2:14:35]  Acc_iter 523550      Data time: 0.00(0.00)  Forward time: 0.26(0.25)  Batch time: 0.26(0.25)
2026-08-15 16:43:10,118   INFO  Train:   10/10 (100%) [23532/55563 ( 42%)]  Loss: 1.054 (0.937)  LR: 3.830e-06  Time cost: 1:38:43/2:14:22 [5:32:38/2:14:22]  Acc_iter 523600      Data time: 0.00(0.00)  Forward time: 0.21(0.25)  Batch time: 0.21(0.25)
2026-08-15 16:43:22,753   INFO  Train:   10/10 (100%) [23582/55563 ( 42%)]  Loss: 1.084 (0.937)  LR: 3.818e-06  Time cost: 1:38:55/2:14:09 [5:32:50/2:14:09]  Acc_iter 523650      Data time: 0.00(0.00)  Forward time: 0.25(0.25)  Batch time: 0.25(0.25)
2026-08-15 16:43:23,276   INFO  a1e06a0b30c0                Sat Aug 15 16:43:23 2026  580.173.02
[0] NVIDIA GeForce RTX 3070 | 72°C,  72 % |  7389 /  8192 MB | root(6928M)

2026-08-15 16:43:35,714   INFO  Train:   10/10 (100%) [23632/55563 ( 43%)]  Loss: 1.459 (0.937)  LR: 3.807e-06  Time cost: 1:39:08/2:13:57 [5:33:03/2:13:57]  Acc_iter 523700      Data time: 0.00(0.00)  Forward time: 0.25(0.25)  Batch time: 0.25(0.25)
2026-08-15 16:43:47,800   INFO  Train:   10/10 (100%) [23682/55563 ( 43%)]  Loss: 0.5215 (0.937)  LR: 3.795e-06  Time cost: 1:39:20/2:13:44 [5:33:15/2:13:44]  Acc_iter 523750      Data time: 0.00(0.00)  Forward time: 0.25(0.25)  Batch time: 0.26(0.25)
2026-08-15 16:44:00,350   INFO  Train:   10/10 (100%) [23732/55563 ( 43%)]  Loss: 0.9029 (0.937)  LR: 3.783e-06  Time cost: 1:39:33/2:13:31 [5:33:28/2:13:31]  Acc_iter 523800      Data time: 0.00(0.00)  Forward time: 0.23(0.25)  Batch time: 0.24(0.25)
2026-08-15 16:44:00,727   INFO  a1e06a0b30c0                Sat Aug 15 16:44:00 2026  580.173.02
[0] NVIDIA GeForce RTX 3070 | 74°C,  99 % |  7389 /  8192 MB | root(6928M)

2026-08-15 16:44:13,414   INFO  Train:   10/10 (100%) [23782/55563 ( 43%)]  Loss: 0.9057 (0.937)  LR: 3.771e-06  Time cost: 1:39:46/2:13:19 [5:33:41/2:13:19]  Acc_iter 523850      Data time: 0.00(0.00)  Forward time: 0.25(0.25)  Batch time: 0.26(0.25)
2026-08-15 16:44:26,187   INFO  Train:   10/10 (100%) [23832/55563 ( 43%)]  Loss: 1.505 (0.938)  LR: 3.759e-06  Time cost: 1:39:59/2:13:07 [5:33:54/2:13:07]  Acc_iter 523900      Data time: 0.00(0.00)  Forward time: 0.26(0.25)  Batch time: 0.26(0.25)
2026-08-15 16:44:27,307   INFO  Save latest model to /OpenPCDet/output/OpenPCDet/tools/cfgs/models/S/F/S_F_N/default/ckpt/latest_model
2026-08-15 16:44:38,579   INFO  Train:   10/10 (100%) [23882/55563 ( 43%)]  Loss: 1.011 (0.938)  LR: 3.747e-06  Time cost: 1:40:11/2:12:54 [5:34:06/2:12:54]  Acc_iter 523950      Data time: 0.00(0.00)  Forward time: 0.23(0.25)  Batch time: 0.24(0.25)
2026-08-15 16:44:38,943   INFO  a1e06a0b30c0                Sat Aug 15 16:44:38 2026  580.173.02
[0] NVIDIA GeForce RTX 3070 | 72°C,  62 % |  7388 /  8192 MB | root(6928M)

2026-08-15 16:44:51,368   INFO  Train:   10/10 (100%) [23932/55563 ( 43%)]  Loss: 1.163 (0.938)  LR: 3.736e-06  Time cost: 1:40:24/2:12:42 [5:34:19/2:12:42]  Acc_iter 524000      Data time: 0.00(0.00)  Forward time: 0.27(0.25)  Batch time: 0.27(0.25)
2026-08-15 16:45:03,818   INFO  Train:   10/10 (100%) [23982/55563 ( 43%)]  Loss: 1.239 (0.937)  LR: 3.724e-06  Time cost: 1:40:36/2:12:29 [5:34:31/2:12:29]  Acc_iter 524050      Data time: 0.00(0.00)  Forward time: 0.26(0.25)  Batch time: 0.26(0.25)
2026-08-15 16:45:16,433   INFO  Train:   10/10 (100%) [24032/55563 ( 43%)]  Loss: 1.262 (0.937)  LR: 3.712e-06  Time cost: 1:40:49/2:12:16 [5:34:44/2:12:16]  Acc_iter 524100      Data time: 0.00(0.00)  Forward time: 0.28(0.25)  Batch time: 0.28(0.25)
2026-08-15 16:45:16,810   INFO  a1e06a0b30c0                Sat Aug 15 16:45:16 2026  580.173.02
[0] NVIDIA GeForce RTX 3070 | 74°C,  78 % |  7389 /  8192 MB | root(6928M)

2026-08-15 16:45:29,117   INFO  Train:   10/10 (100%) [24082/55563 ( 43%)]  Loss: 0.6868 (0.937)  LR: 3.701e-06  Time cost: 1:41:02/2:12:04 [5:34:57/2:12:04]  Acc_iter 524150      Data time: 0.00(0.00)  Forward time: 0.26(0.25)  Batch time: 0.26(0.25)
2026-08-15 16:45:41,317   INFO  Train:   10/10 (100%) [24132/55563 ( 43%)]  Loss: 1.503 (0.937)  LR: 3.689e-06  Time cost: 1:41:14/2:11:51 [5:35:09/2:11:51]  Acc_iter 524200      Data time: 0.00(0.00)  Forward time: 0.26(0.25)  Batch time: 0.26(0.25)
2026-08-15 16:45:53,827   INFO  Train:   10/10 (100%) [24182/55563 ( 44%)]  Loss: 0.7539 (0.937)  LR: 3.677e-06  Time cost: 1:41:26/2:11:38 [5:35:21/2:11:38]  Acc_iter 524250      Data time: 0.00(0.00)  Forward time: 0.23(0.25)  Batch time: 0.23(0.25)
2026-08-15 16:45:54,301   INFO  a1e06a0b30c0                Sat Aug 15 16:45:54 2026  580.173.02
[0] NVIDIA GeForce RTX 3070 | 73°C,  67 % |  7388 /  8192 MB | root(6928M)

2026-08-15 16:46:06,923   INFO  Train:   10/10 (100%) [24232/55563 ( 44%)]  Loss: 0.3428 (0.937)  LR: 3.666e-06  Time cost: 1:41:39/2:11:26 [5:35:34/2:11:26]  Acc_iter 524300      Data time: 0.00(0.00)  Forward time: 0.22(0.25)  Batch time: 0.22(0.25)
2026-08-15 16:46:19,224   INFO  Train:   10/10 (100%) [24282/55563 ( 44%)]  Loss: 2.291 (0.937)  LR: 3.654e-06  Time cost: 1:41:52/2:11:13 [5:35:47/2:11:13]  Acc_iter 524350      Data time: 0.00(0.00)  Forward time: 0.25(0.25)  Batch time: 0.25(0.25)
2026-08-15 16:46:31,682   INFO  Train:   10/10 (100%) [24332/55563 ( 44%)]  Loss: 1.116 (0.937)  LR: 3.642e-06  Time cost: 1:42:04/2:11:00 [5:35:59/2:11:00]  Acc_iter 524400      Data time: 0.00(0.00)  Forward time: 0.25(0.25)  Batch time: 0.25(0.25)
2026-08-15 16:46:32,069   INFO  a1e06a0b30c0                Sat Aug 15 16:46:32 2026  580.173.02
[0] NVIDIA GeForce RTX 3070 | 76°C,  96 % |  7388 /  8192 MB | root(6928M)

2026-08-15 16:46:44,334   INFO  Train:   10/10 (100%) [24382/55563 ( 44%)]  Loss: 0.7022 (0.937)  LR: 3.631e-06  Time cost: 1:42:17/2:10:48 [5:36:12/2:10:48]  Acc_iter 524450      Data time: 0.00(0.00)  Forward time: 0.24(0.25)  Batch time: 0.25(0.25)
2026-08-15 16:46:56,830   INFO  Train:   10/10 (100%) [24432/55563 ( 44%)]  Loss: 0.5077 (0.937)  LR: 3.619e-06  Time cost: 1:42:29/2:10:35 [5:36:24/2:10:35]  Acc_iter 524500      Data time: 0.00(0.00)  Forward time: 0.23(0.25)  Batch time: 0.23(0.25)
2026-08-15 16:47:09,127   INFO  Train:   10/10 (100%) [24482/55563 ( 44%)]  Loss: 1.238 (0.937)  LR: 3.608e-06  Time cost: 1:42:42/2:10:22 [5:36:37/2:10:22]  Acc_iter 524550      Data time: 0.00(0.00)  Forward time: 0.25(0.25)  Batch time: 0.25(0.25)
2026-08-15 16:47:09,584   INFO  a1e06a0b30c0                Sat Aug 15 16:47:09 2026  580.173.02
[0] NVIDIA GeForce RTX 3070 | 74°C,  82 % |  7392 /  8192 MB | root(6928M)

2026-08-15 16:47:22,149   INFO  Train:   10/10 (100%) [24532/55563 ( 44%)]  Loss: 1.889 (0.937)  LR: 3.596e-06  Time cost: 1:42:55/2:10:10 [5:36:50/2:10:10]  Acc_iter 524600      Data time: 0.00(0.00)  Forward time: 0.27(0.25)  Batch time: 0.27(0.25)
2026-08-15 16:47:34,523   INFO  Train:   10/10 (100%) [24582/55563 ( 44%)]  Loss: 0.5526 (0.937)  LR: 3.584e-06  Time cost: 1:43:07/2:09:57 [5:37:02/2:09:57]  Acc_iter 524650      Data time: 0.00(0.00)  Forward time: 0.25(0.25)  Batch time: 0.25(0.25)
2026-08-15 16:47:46,968   INFO  Train:   10/10 (100%) [24632/55563 ( 44%)]  Loss: 0.6312 (0.937)  LR: 3.573e-06  Time cost: 1:43:19/2:09:45 [5:37:15/2:09:45]  Acc_iter 524700      Data time: 0.00(0.00)  Forward time: 0.23(0.25)  Batch time: 0.23(0.25)
2026-08-15 16:47:47,421   INFO  a1e06a0b30c0                Sat Aug 15 16:47:47 2026  580.173.02
[0] NVIDIA GeForce RTX 3070 | 68°C,   1 % |  7388 /  8192 MB | root(6928M)

2026-08-15 16:47:59,986   INFO  Train:   10/10 (100%) [24682/55563 ( 44%)]  Loss: 1.084 (0.937)  LR: 3.561e-06  Time cost: 1:43:32/2:09:33 [5:37:28/2:09:33]  Acc_iter 524750      Data time: 0.00(0.00)  Forward time: 0.27(0.25)  Batch time: 0.27(0.25)
2026-08-15 16:48:12,338   INFO  Train:   10/10 (100%) [24732/55563 ( 45%)]  Loss: 0.7885 (0.937)  LR: 3.550e-06  Time cost: 1:43:45/2:09:20 [5:37:40/2:09:20]  Acc_iter 524800      Data time: 0.00(0.00)  Forward time: 0.26(0.25)  Batch time: 0.27(0.25)
2026-08-15 16:48:24,497   INFO  Train:   10/10 (100%) [24782/55563 ( 45%)]  Loss: 1.143 (0.937)  LR: 3.539e-06  Time cost: 1:43:57/2:09:07 [5:37:52/2:09:07]  Acc_iter 524850      Data time: 0.00(0.00)  Forward time: 0.25(0.25)  Batch time: 0.25(0.25)
2026-08-15 16:48:24,884   INFO  a1e06a0b30c0                Sat Aug 15 16:48:24 2026  580.173.02
[0] NVIDIA GeForce RTX 3070 | 69°C,  60 % |  7386 /  8192 MB | root(6928M)

2026-08-15 16:48:37,346   INFO  Train:   10/10 (100%) [24832/55563 ( 45%)]  Loss: 1.073 (0.937)  LR: 3.527e-06  Time cost: 1:44:10/2:08:54 [5:38:05/2:08:54]  Acc_iter 524900      Data time: 0.00(0.00)  Forward time: 0.29(0.25)  Batch time: 0.29(0.25)
2026-08-15 16:48:50,263   INFO  Train:   10/10 (100%) [24882/55563 ( 45%)]  Loss: 0.9726 (0.937)  LR: 3.516e-06  Time cost: 1:44:23/2:08:42 [5:38:18/2:08:42]  Acc_iter 524950      Data time: 0.00(0.00)  Forward time: 0.24(0.25)  Batch time: 0.24(0.25)
2026-08-15 16:49:02,484   INFO  Train:   10/10 (100%) [24932/55563 ( 45%)]  Loss: 0.7241 (0.937)  LR: 3.504e-06  Time cost: 1:44:35/2:08:29 [5:38:30/2:08:29]  Acc_iter 525000      Data time: 0.00(0.00)  Forward time: 0.24(0.25)  Batch time: 0.24(0.25)
2026-08-15 16:49:02,872   INFO  a1e06a0b30c0                Sat Aug 15 16:49:02 2026  580.173.02
[0] NVIDIA GeForce RTX 3070 | 68°C,  97 % |  7384 /  8192 MB | root(6928M)

2026-08-15 16:49:15,122   INFO  Train:   10/10 (100%) [24982/55563 ( 45%)]  Loss: 1.106 (0.937)  LR: 3.493e-06  Time cost: 1:44:48/2:08:17 [5:38:43/2:08:17]  Acc_iter 525050      Data time: 0.00(0.00)  Forward time: 0.25(0.25)  Batch time: 0.25(0.25)
2026-08-15 16:49:27,123   INFO  Save latest model to /OpenPCDet/output/OpenPCDet/tools/cfgs/models/S/F/S_F_N/default/ckpt/latest_model
2026-08-15 16:49:27,604   INFO  Train:   10/10 (100%) [25032/55563 ( 45%)]  Loss: 0.6357 (0.937)  LR: 3.482e-06  Time cost: 1:45:00/2:08:04 [5:38:55/2:08:04]  Acc_iter 525100      Data time: 0.00(0.00)  Forward time: 0.21(0.25)  Batch time: 0.21(0.25)
2026-08-15 16:49:40,235   INFO  Train:   10/10 (100%) [25082/55563 ( 45%)]  Loss: 1.104 (0.937)  LR: 3.470e-06  Time cost: 1:45:13/2:07:51 [5:39:08/2:07:51]  Acc_iter 525150      Data time: 0.00(0.00)  Forward time: 0.27(0.25)  Batch time: 0.27(0.25)
2026-08-15 16:49:40,637   INFO  a1e06a0b30c0                Sat Aug 15 16:49:40 2026  580.173.02
[0] NVIDIA GeForce RTX 3070 | 72°C, 100 % |  7387 /  8192 MB | root(6928M)

2026-08-15 16:49:52,928   INFO  Train:   10/10 (100%) [25132/55563 ( 45%)]  Loss: 0.9038 (0.937)  LR: 3.459e-06  Time cost: 1:45:25/2:07:39 [5:39:20/2:07:39]  Acc_iter 525200      Data time: 0.00(0.00)  Forward time: 0.25(0.25)  Batch time: 0.26(0.25)
2026-08-15 16:50:05,422   INFO  Train:   10/10 (100%) [25182/55563 ( 45%)]  Loss: 0.4867 (0.937)  LR: 3.448e-06  Time cost: 1:45:38/2:07:26 [5:39:33/2:07:26]  Acc_iter 525250      Data time: 0.00(0.00)  Forward time: 0.23(0.25)  Batch time: 0.23(0.25)
2026-08-15 16:50:17,737   INFO  Train:   10/10 (100%) [25232/55563 ( 45%)]  Loss: 1.705 (0.937)  LR: 3.436e-06  Time cost: 1:45:50/2:07:13 [5:39:45/2:07:13]  Acc_iter 525300      Data time: 0.00(0.00)  Forward time: 0.26(0.25)  Batch time: 0.26(0.25)
2026-08-15 16:50:18,108   INFO  a1e06a0b30c0                Sat Aug 15 16:50:18 2026  580.173.02
[0] NVIDIA GeForce RTX 3070 | 74°C,  90 % |  7388 /  8192 MB | root(6928M)

2026-08-15 16:50:30,844   INFO  Train:   10/10 (100%) [25282/55563 ( 46%)]  Loss: 0.7522 (0.937)  LR: 3.425e-06  Time cost: 1:46:03/2:07:01 [5:39:58/2:07:01]  Acc_iter 525350      Data time: 0.00(0.00)  Forward time: 0.26(0.25)  Batch time: 0.26(0.25)
2026-08-15 16:50:43,329   INFO  Train:   10/10 (100%) [25332/55563 ( 46%)]  Loss: 0.3371 (0.937)  LR: 3.414e-06  Time cost: 1:46:16/2:06:49 [5:40:11/2:06:49]  Acc_iter 525400      Data time: 0.00(0.00)  Forward time: 0.26(0.25)  Batch time: 0.26(0.25)
2026-08-15 16:50:55,538   INFO  Train:   10/10 (100%) [25382/55563 ( 46%)]  Loss: 0.9535 (0.937)  LR: 3.403e-06  Time cost: 1:46:28/2:06:36 [5:40:23/2:06:36]  Acc_iter 525450      Data time: 0.00(0.00)  Forward time: 0.25(0.25)  Batch time: 0.25(0.25)
2026-08-15 16:50:55,918   INFO  a1e06a0b30c0                Sat Aug 15 16:50:55 2026  580.173.02
[0] NVIDIA GeForce RTX 3070 | 66°C,  81 % |  7388 /  8192 MB | root(6928M)

2026-08-15 16:51:08,479   INFO  Train:   10/10 (100%) [25432/55563 ( 46%)]  Loss: 1.128 (0.937)  LR: 3.391e-06  Time cost: 1:46:41/2:06:23 [5:40:36/2:06:23]  Acc_iter 525500      Data time: 0.00(0.00)  Forward time: 0.26(0.25)  Batch time: 0.26(0.25)
2026-08-15 16:51:21,194   INFO  Train:   10/10 (100%) [25482/55563 ( 46%)]  Loss: 0.9428 (0.937)  LR: 3.380e-06  Time cost: 1:46:54/2:06:11 [5:40:49/2:06:11]  Acc_iter 525550      Data time: 0.00(0.00)  Forward time: 0.25(0.25)  Batch time: 0.25(0.25)
2026-08-15 16:51:33,981   INFO  Train:   10/10 (100%) [25532/55563 ( 46%)]  Loss: 0.9540 (0.937)  LR: 3.369e-06  Time cost: 1:47:06/2:05:59 [5:41:02/2:05:59]  Acc_iter 525600      Data time: 0.00(0.00)  Forward time: 0.28(0.25)  Batch time: 0.28(0.25)
2026-08-15 16:51:34,359   INFO  a1e06a0b30c0                Sat Aug 15 16:51:34 2026  580.173.02
[0] NVIDIA GeForce RTX 3070 | 65°C,   1 % |  7388 /  8192 MB | root(6928M)

2026-08-15 16:51:46,681   INFO  Train:   10/10 (100%) [25582/55563 ( 46%)]  Loss: 0.5217 (0.937)  LR: 3.358e-06  Time cost: 1:47:19/2:05:46 [5:41:14/2:05:46]  Acc_iter 525650      Data time: 0.00(0.00)  Forward time: 0.22(0.25)  Batch time: 0.22(0.25)
2026-08-15 16:51:59,149   INFO  Train:   10/10 (100%) [25632/55563 ( 46%)]  Loss: 0.8359 (0.937)  LR: 3.347e-06  Time cost: 1:47:32/2:05:34 [5:41:27/2:05:34]  Acc_iter 525700      Data time: 0.00(0.00)  Forward time: 0.22(0.25)  Batch time: 0.22(0.25)
2026-08-15 16:52:11,591   INFO  Train:   10/10 (100%) [25682/55563 ( 46%)]  Loss: 1.015 (0.937)  LR: 3.336e-06  Time cost: 1:47:44/2:05:21 [5:41:39/2:05:21]  Acc_iter 525750      Data time: 0.00(0.00)  Forward time: 0.26(0.25)  Batch time: 0.26(0.25)
2026-08-15 16:52:12,026   INFO  a1e06a0b30c0                Sat Aug 15 16:52:12 2026  580.173.02
[0] NVIDIA GeForce RTX 3070 | 68°C,  75 % |  7388 /  8192 MB | root(6928M)

2026-08-15 16:52:24,879   INFO  Train:   10/10 (100%) [25732/55563 ( 46%)]  Loss: 1.721 (0.937)  LR: 3.324e-06  Time cost: 1:47:57/2:05:09 [5:41:52/2:05:09]  Acc_iter 525800      Data time: 0.00(0.00)  Forward time: 0.25(0.25)  Batch time: 0.25(0.25)
2026-08-15 16:52:37,126   INFO  Train:   10/10 (100%) [25782/55563 ( 46%)]  Loss: 0.8179 (0.937)  LR: 3.313e-06  Time cost: 1:48:10/2:04:56 [5:42:05/2:04:56]  Acc_iter 525850      Data time: 0.00(0.00)  Forward time: 0.24(0.25)  Batch time: 0.24(0.25)
2026-08-15 16:52:49,544   INFO  Train:   10/10 (100%) [25832/55563 ( 46%)]  Loss: 1.566 (0.937)  LR: 3.302e-06  Time cost: 1:48:22/2:04:43 [5:42:17/2:04:43]  Acc_iter 525900      Data time: 0.00(0.00)  Forward time: 0.30(0.25)  Batch time: 0.30(0.25)
2026-08-15 16:52:49,921   INFO  a1e06a0b30c0                Sat Aug 15 16:52:49 2026  580.173.02
[0] NVIDIA GeForce RTX 3070 | 67°C,  91 % |  7389 /  8192 MB | root(6928M)

2026-08-15 16:53:02,108   INFO  Train:   10/10 (100%) [25882/55563 ( 47%)]  Loss: 0.3503 (0.937)  LR: 3.291e-06  Time cost: 1:48:35/2:04:31 [5:42:30/2:04:31]  Acc_iter 525950      Data time: 0.00(0.00)  Forward time: 0.27(0.25)  Batch time: 0.27(0.25)
2026-08-15 16:53:14,892   INFO  Train:   10/10 (100%) [25932/55563 ( 47%)]  Loss: 1.018 (0.937)  LR: 3.280e-06  Time cost: 1:48:47/2:04:18 [5:42:42/2:04:18]  Acc_iter 526000      Data time: 0.00(0.00)  Forward time: 0.29(0.25)  Batch time: 0.30(0.25)
2026-08-15 16:53:27,259   INFO  Train:   10/10 (100%) [25982/55563 ( 47%)]  Loss: 0.6791 (0.937)  LR: 3.269e-06  Time cost: 1:49:00/2:04:05 [5:42:55/2:04:05]  Acc_iter 526050      Data time: 0.00(0.00)  Forward time: 0.24(0.25)  Batch time: 0.24(0.25)
2026-08-15 16:53:27,645   INFO  a1e06a0b30c0                Sat Aug 15 16:53:27 2026  580.173.02
[0] NVIDIA GeForce RTX 3070 | 71°C,  96 % |  7386 /  8192 MB | root(6928M)

2026-08-15 16:53:39,791   INFO  Train:   10/10 (100%) [26032/55563 ( 47%)]  Loss: 1.043 (0.937)  LR: 3.258e-06  Time cost: 1:49:12/2:03:53 [5:43:07/2:03:53]  Acc_iter 526100      Data time: 0.00(0.00)  Forward time: 0.26(0.25)  Batch time: 0.26(0.25)
2026-08-15 16:53:52,232   INFO  Train:   10/10 (100%) [26082/55563 ( 47%)]  Loss: 0.6504 (0.937)  LR: 3.247e-06  Time cost: 1:49:25/2:03:40 [5:43:20/2:03:40]  Acc_iter 526150      Data time: 0.00(0.00)  Forward time: 0.24(0.25)  Batch time: 0.24(0.25)
2026-08-15 16:54:04,716   INFO  Train:   10/10 (100%) [26132/55563 ( 47%)]  Loss: 1.231 (0.937)  LR: 3.236e-06  Time cost: 1:49:37/2:03:27 [5:43:32/2:03:27]  Acc_iter 526200      Data time: 0.00(0.00)  Forward time: 0.27(0.25)  Batch time: 0.27(0.25)
2026-08-15 16:54:05,154   INFO  a1e06a0b30c0                Sat Aug 15 16:54:05 2026  580.173.02
[0] NVIDIA GeForce RTX 3070 | 73°C,  80 % |  7378 /  8192 MB | root(6928M)

2026-08-15 16:54:17,808   INFO  Train:   10/10 (100%) [26182/55563 ( 47%)]  Loss: 0.9412 (0.936)  LR: 3.225e-06  Time cost: 1:49:50/2:03:15 [5:43:45/2:03:15]  Acc_iter 526250      Data time: 0.00(0.00)  Forward time: 0.24(0.25)  Batch time: 0.24(0.25)
2026-08-15 16:54:27,272   INFO  Save latest model to /OpenPCDet/output/OpenPCDet/tools/cfgs/models/S/F/S_F_N/default/ckpt/latest_model
2026-08-15 16:54:29,865   INFO  Train:   10/10 (100%) [26232/55563 ( 47%)]  Loss: 0.8814 (0.936)  LR: 3.214e-06  Time cost: 1:50:02/2:03:02 [5:43:57/2:03:02]  Acc_iter 526300      Data time: 0.00(0.00)  Forward time: 0.24(0.25)  Batch time: 0.24(0.25)
2026-08-15 16:54:42,084   INFO  Train:   10/10 (100%) [26282/55563 ( 47%)]  Loss: 0.9463 (0.936)  LR: 3.204e-06  Time cost: 1:50:15/2:02:49 [5:44:10/2:02:49]  Acc_iter 526350      Data time: 0.00(0.00)  Forward time: 0.26(0.25)  Batch time: 0.26(0.25)
2026-08-15 16:54:42,516   INFO  a1e06a0b30c0                Sat Aug 15 16:54:42 2026  580.173.02
[0] NVIDIA GeForce RTX 3070 | 68°C,   2 % |  7392 /  8192 MB | root(6928M)

2026-08-15 16:54:55,002   INFO  Train:   10/10 (100%) [26332/55563 ( 47%)]  Loss: 0.7828 (0.936)  LR: 3.193e-06  Time cost: 1:50:27/2:02:37 [5:44:23/2:02:37]  Acc_iter 526400      Data time: 0.00(0.00)  Forward time: 0.25(0.25)  Batch time: 0.25(0.25)
2026-08-15 16:55:07,760   INFO  Train:   10/10 (100%) [26382/55563 ( 47%)]  Loss: 0.6525 (0.936)  LR: 3.182e-06  Time cost: 1:50:40/2:02:25 [5:44:35/2:02:25]  Acc_iter 526450      Data time: 0.00(0.00)  Forward time: 0.25(0.25)  Batch time: 0.25(0.25)
2026-08-15 16:55:20,275   INFO  Train:   10/10 (100%) [26432/55563 ( 48%)]  Loss: 1.728 (0.937)  LR: 3.171e-06  Time cost: 1:50:53/2:02:12 [5:44:48/2:02:12]  Acc_iter 526500      Data time: 0.00(0.00)  Forward time: 0.29(0.25)  Batch time: 0.29(0.25)
2026-08-15 16:55:20,639   INFO  a1e06a0b30c0                Sat Aug 15 16:55:20 2026  580.173.02
[0] NVIDIA GeForce RTX 3070 | 75°C,  96 % |  7388 /  8192 MB | root(6928M)

2026-08-15 16:55:32,730   INFO  Train:   10/10 (100%) [26482/55563 ( 48%)]  Loss: 0.7580 (0.937)  LR: 3.160e-06  Time cost: 1:51:05/2:01:59 [5:45:00/2:01:59]  Acc_iter 526550      Data time: 0.00(0.00)  Forward time: 0.24(0.25)  Batch time: 0.24(0.25)
2026-08-15 16:55:45,034   INFO  Train:   10/10 (100%) [26532/55563 ( 48%)]  Loss: 1.442 (0.937)  LR: 3.149e-06  Time cost: 1:51:18/2:01:46 [5:45:13/2:01:46]  Acc_iter 526600      Data time: 0.00(0.00)  Forward time: 0.21(0.25)  Batch time: 0.21(0.25)
2026-08-15 16:55:57,561   INFO  Train:   10/10 (100%) [26582/55563 ( 48%)]  Loss: 0.8532 (0.937)  LR: 3.139e-06  Time cost: 1:51:30/2:01:34 [5:45:25/2:01:34]  Acc_iter 526650      Data time: 0.00(0.00)  Forward time: 0.22(0.25)  Batch time: 0.22(0.25)
2026-08-15 16:55:58,040   INFO  a1e06a0b30c0                Sat Aug 15 16:55:58 2026  580.173.02
[0] NVIDIA GeForce RTX 3070 | 68°C,  83 % |  7388 /  8192 MB | root(6928M)

2026-08-15 16:56:10,379   INFO  Train:   10/10 (100%) [26632/55563 ( 48%)]  Loss: 0.6890 (0.936)  LR: 3.128e-06  Time cost: 1:51:43/2:01:21 [5:45:38/2:01:21]  Acc_iter 526700      Data time: 0.00(0.00)  Forward time: 0.23(0.25)  Batch time: 0.23(0.25)
2026-08-15 16:56:22,466   INFO  Train:   10/10 (100%) [26682/55563 ( 48%)]  Loss: 0.7073 (0.936)  LR: 3.117e-06  Time cost: 1:51:55/2:01:08 [5:45:50/2:01:08]  Acc_iter 526750      Data time: 0.00(0.00)  Forward time: 0.21(0.25)  Batch time: 0.21(0.25)
2026-08-15 16:56:34,899   INFO  Train:   10/10 (100%) [26732/55563 ( 48%)]  Loss: 0.6148 (0.936)  LR: 3.106e-06  Time cost: 1:52:07/2:00:55 [5:46:02/2:00:55]  Acc_iter 526800      Data time: 0.00(0.00)  Forward time: 0.28(0.25)  Batch time: 0.28(0.25)
2026-08-15 16:56:35,283   INFO  a1e06a0b30c0                Sat Aug 15 16:56:35 2026  580.173.02
[0] NVIDIA GeForce RTX 3070 | 73°C,  99 % |  7388 /  8192 MB | root(6928M)

2026-08-15 16:56:47,745   INFO  Train:   10/10 (100%) [26782/55563 ( 48%)]  Loss: 0.9879 (0.936)  LR: 3.096e-06  Time cost: 1:52:20/2:00:43 [5:46:15/2:00:43]  Acc_iter 526850      Data time: 0.00(0.00)  Forward time: 0.26(0.25)  Batch time: 0.26(0.25)
2026-08-15 16:57:00,448   INFO  Train:   10/10 (100%) [26832/55563 ( 48%)]  Loss: 1.467 (0.937)  LR: 3.085e-06  Time cost: 1:52:33/2:00:31 [5:46:28/2:00:31]  Acc_iter 526900      Data time: 0.00(0.00)  Forward time: 0.20(0.25)  Batch time: 0.21(0.25)
2026-08-15 16:57:12,389   INFO  Train:   10/10 (100%) [26882/55563 ( 48%)]  Loss: 0.8762 (0.937)  LR: 3.074e-06  Time cost: 1:52:45/2:00:17 [5:46:40/2:00:17]  Acc_iter 526950      Data time: 0.00(0.00)  Forward time: 0.22(0.25)  Batch time: 0.22(0.25)
2026-08-15 16:57:12,775   INFO  a1e06a0b30c0                Sat Aug 15 16:57:12 2026  580.173.02
[0] NVIDIA GeForce RTX 3070 | 76°C,  99 % |  7389 /  8192 MB | root(6928M)

2026-08-15 16:57:25,075   INFO  Train:   10/10 (100%) [26932/55563 ( 48%)]  Loss: 0.6434 (0.937)  LR: 3.064e-06  Time cost: 1:52:58/2:00:05 [5:46:53/2:00:05]  Acc_iter 527000      Data time: 0.00(0.00)  Forward time: 0.25(0.25)  Batch time: 0.25(0.25)
2026-08-15 16:57:37,646   INFO  Train:   10/10 (100%) [26982/55563 ( 49%)]  Loss: 1.742 (0.937)  LR: 3.053e-06  Time cost: 1:53:10/1:59:52 [5:47:05/1:59:52]  Acc_iter 527050      Data time: 0.00(0.00)  Forward time: 0.29(0.25)  Batch time: 0.30(0.25)
2026-08-15 16:57:50,258   INFO  Train:   10/10 (100%) [27032/55563 ( 49%)]  Loss: 0.4082 (0.937)  LR: 3.042e-06  Time cost: 1:53:23/1:59:40 [5:47:18/1:59:40]  Acc_iter 527100      Data time: 0.00(0.00)  Forward time: 0.25(0.25)  Batch time: 0.25(0.25)
2026-08-15 16:57:50,669   INFO  a1e06a0b30c0                Sat Aug 15 16:57:50 2026  580.173.02
[0] NVIDIA GeForce RTX 3070 | 74°C,  99 % |  7389 /  8192 MB | root(6928M)

2026-08-15 16:58:03,120   INFO  Train:   10/10 (100%) [27082/55563 ( 49%)]  Loss: 0.9445 (0.937)  LR: 3.032e-06  Time cost: 1:53:36/1:59:27 [5:47:31/1:59:27]  Acc_iter 527150      Data time: 0.00(0.00)  Forward time: 0.25(0.25)  Batch time: 0.25(0.25)
2026-08-15 16:58:15,500   INFO  Train:   10/10 (100%) [27132/55563 ( 49%)]  Loss: 0.5498 (0.937)  LR: 3.021e-06  Time cost: 1:53:48/1:59:15 [5:47:43/1:59:15]  Acc_iter 527200      Data time: 0.00(0.00)  Forward time: 0.23(0.25)  Batch time: 0.23(0.25)
2026-08-15 16:58:27,679   INFO  Train:   10/10 (100%) [27182/55563 ( 49%)]  Loss: 1.015 (0.937)  LR: 3.010e-06  Time cost: 1:54:00/1:59:02 [5:47:55/1:59:02]  Acc_iter 527250      Data time: 0.00(0.00)  Forward time: 0.25(0.25)  Batch time: 0.25(0.25)
2026-08-15 16:58:28,060   INFO  a1e06a0b30c0                Sat Aug 15 16:58:28 2026  580.173.02
[0] NVIDIA GeForce RTX 3070 | 76°C,  74 % |  7388 /  8192 MB | root(6928M)

2026-08-15 16:58:40,733   INFO  Train:   10/10 (100%) [27232/55563 ( 49%)]  Loss: 0.4985 (0.937)  LR: 3.000e-06  Time cost: 1:54:13/1:58:50 [5:48:08/1:58:50]  Acc_iter 527300      Data time: 0.00(0.00)  Forward time: 0.26(0.25)  Batch time: 0.26(0.25)
2026-08-15 16:58:53,133   INFO  Train:   10/10 (100%) [27282/55563 ( 49%)]  Loss: 0.3824 (0.937)  LR: 2.989e-06  Time cost: 1:54:26/1:58:37 [5:48:21/1:58:37]  Acc_iter 527350      Data time: 0.00(0.00)  Forward time: 0.22(0.25)  Batch time: 0.22(0.25)
2026-08-15 16:59:05,289   INFO  Train:   10/10 (100%) [27332/55563 ( 49%)]  Loss: 0.6753 (0.937)  LR: 2.979e-06  Time cost: 1:54:38/1:58:24 [5:48:33/1:58:24]  Acc_iter 527400      Data time: 0.00(0.00)  Forward time: 0.25(0.25)  Batch time: 0.25(0.25)
2026-08-15 16:59:05,659   INFO  a1e06a0b30c0                Sat Aug 15 16:59:05 2026  580.173.02
[0] NVIDIA GeForce RTX 3070 | 74°C,  94 % |  7389 /  8192 MB | root(6928M)

2026-08-15 16:59:18,067   INFO  Train:   10/10 (100%) [27382/55563 ( 49%)]  Loss: 1.181 (0.937)  LR: 2.968e-06  Time cost: 1:54:51/1:58:11 [5:48:46/1:58:11]  Acc_iter 527450      Data time: 0.00(0.00)  Forward time: 0.26(0.25)  Batch time: 0.27(0.25)
2026-08-15 16:59:27,305   INFO  Save latest model to /OpenPCDet/output/OpenPCDet/tools/cfgs/models/S/F/S_F_N/default/ckpt/latest_model
2026-08-15 16:59:30,470   INFO  Train:   10/10 (100%) [27432/55563 ( 49%)]  Loss: 0.6464 (0.937)  LR: 2.958e-06  Time cost: 1:55:03/1:57:59 [5:48:58/1:57:59]  Acc_iter 527500      Data time: 0.00(0.00)  Forward time: 0.27(0.25)  Batch time: 0.27(0.25)
2026-08-15 16:59:42,915   INFO  Train:   10/10 (100%) [27482/55563 ( 49%)]  Loss: 0.9381 (0.937)  LR: 2.947e-06  Time cost: 1:55:15/1:57:46 [5:49:10/1:57:46]  Acc_iter 527550      Data time: 0.00(0.00)  Forward time: 0.27(0.25)  Batch time: 0.27(0.25)
2026-08-15 16:59:43,284   INFO  a1e06a0b30c0                Sat Aug 15 16:59:43 2026  580.173.02
[0] NVIDIA GeForce RTX 3070 | 72°C,  72 % |  7388 /  8192 MB | root(6928M)

2026-08-15 16:59:55,908   INFO  Train:   10/10 (100%) [27532/55563 ( 50%)]  Loss: 0.7879 (0.937)  LR: 2.937e-06  Time cost: 1:55:28/1:57:34 [5:49:23/1:57:34]  Acc_iter 527600      Data time: 0.00(0.00)  Forward time: 0.25(0.25)  Batch time: 0.25(0.25)
2026-08-15 17:00:08,099   INFO  Train:   10/10 (100%) [27582/55563 ( 50%)]  Loss: 1.074 (0.937)  LR: 2.927e-06  Time cost: 1:55:41/1:57:21 [5:49:36/1:57:21]  Acc_iter 527650      Data time: 0.00(0.00)  Forward time: 0.23(0.25)  Batch time: 0.23(0.25)
2026-08-15 17:00:20,610   INFO  Train:   10/10 (100%) [27632/55563 ( 50%)]  Loss: 0.8919 (0.937)  LR: 2.916e-06  Time cost: 1:55:53/1:57:08 [5:49:48/1:57:08]  Acc_iter 527700      Data time: 0.00(0.00)  Forward time: 0.25(0.25)  Batch time: 0.25(0.25)
2026-08-15 17:00:21,059   INFO  a1e06a0b30c0                Sat Aug 15 17:00:21 2026  580.173.02
[0] NVIDIA GeForce RTX 3070 | 67°C,  72 % |  7388 /  8192 MB | root(6928M)

2026-08-15 17:00:33,721   INFO  Train:   10/10 (100%) [27682/55563 ( 50%)]  Loss: 0.7582 (0.937)  LR: 2.906e-06  Time cost: 1:56:06/1:56:56 [5:50:01/1:56:56]  Acc_iter 527750      Data time: 0.00(0.00)  Forward time: 0.22(0.25)  Batch time: 0.22(0.25)
2026-08-15 17:00:46,048   INFO  Train:   10/10 (100%) [27732/55563 ( 50%)]  Loss: 1.011 (0.937)  LR: 2.895e-06  Time cost: 1:56:19/1:56:43 [5:50:14/1:56:43]  Acc_iter 527800      Data time: 0.00(0.00)  Forward time: 0.27(0.25)  Batch time: 0.27(0.25)
2026-08-15 17:00:58,199   INFO  Train:   10/10 (100%) [27782/55563 ( 50%)]  Loss: 0.5891 (0.936)  LR: 2.885e-06  Time cost: 1:56:31/1:56:30 [5:50:26/1:56:30]  Acc_iter 527850      Data time: 0.00(0.00)  Forward time: 0.23(0.25)  Batch time: 0.23(0.25)
2026-08-15 17:00:58,585   INFO  a1e06a0b30c0                Sat Aug 15 17:00:58 2026  580.173.02
[0] NVIDIA GeForce RTX 3070 | 72°C,  99 % |  7389 /  8192 MB | root(6928M)

2026-08-15 17:01:10,649   INFO  Train:   10/10 (100%) [27832/55563 ( 50%)]  Loss: 0.7944 (0.936)  LR: 2.875e-06  Time cost: 1:56:43/1:56:17 [5:50:38/1:56:17]  Acc_iter 527900      Data time: 0.00(0.00)  Forward time: 0.21(0.25)  Batch time: 0.21(0.25)
2026-08-15 17:01:23,477   INFO  Train:   10/10 (100%) [27882/55563 ( 50%)]  Loss: 2.236 (0.936)  LR: 2.864e-06  Time cost: 1:56:56/1:56:05 [5:50:51/1:56:05]  Acc_iter 527950      Data time: 0.00(0.00)  Forward time: 0.26(0.25)  Batch time: 0.26(0.25)
2026-08-15 17:01:36,201   INFO  Train:   10/10 (100%) [27932/55563 ( 50%)]  Loss: 0.8898 (0.936)  LR: 2.854e-06  Time cost: 1:57:09/1:55:53 [5:51:04/1:55:53]  Acc_iter 528000      Data time: 0.00(0.00)  Forward time: 0.26(0.25)  Batch time: 0.26(0.25)
2026-08-15 17:01:36,569   INFO  a1e06a0b30c0                Sat Aug 15 17:01:36 2026  580.173.02
[0] NVIDIA GeForce RTX 3070 | 73°C, 100 % |  7388 /  8192 MB | root(6928M)

2026-08-15 17:01:49,126   INFO  Train:   10/10 (100%) [27982/55563 ( 50%)]  Loss: 0.2246 (0.936)  LR: 2.844e-06  Time cost: 1:57:22/1:55:40 [5:51:17/1:55:40]  Acc_iter 528050      Data time: 0.00(0.00)  Forward time: 0.23(0.25)  Batch time: 0.23(0.25)
2026-08-15 17:02:01,423   INFO  Train:   10/10 (100%) [28032/55563 ( 50%)]  Loss: 0.7913 (0.936)  LR: 2.834e-06  Time cost: 1:57:34/1:55:28 [5:51:29/1:55:28]  Acc_iter 528100      Data time: 0.00(0.00)  Forward time: 0.26(0.25)  Batch time: 0.26(0.25)
2026-08-15 17:02:13,952   INFO  Train:   10/10 (100%) [28082/55563 ( 51%)]  Loss: 2.029 (0.936)  LR: 2.823e-06  Time cost: 1:57:46/1:55:15 [5:51:41/1:55:15]  Acc_iter 528150      Data time: 0.00(0.00)  Forward time: 0.27(0.25)  Batch time: 0.27(0.25)
2026-08-15 17:02:14,430   INFO  a1e06a0b30c0                Sat Aug 15 17:02:14 2026  580.173.02
[0] NVIDIA GeForce RTX 3070 | 65°C,   1 % |  7388 /  8192 MB | root(6928M)

2026-08-15 17:02:27,031   INFO  Train:   10/10 (100%) [28132/55563 ( 51%)]  Loss: 0.4354 (0.936)  LR: 2.813e-06  Time cost: 1:58:00/1:55:03 [5:51:55/1:55:03]  Acc_iter 528200      Data time: 0.00(0.00)  Forward time: 0.21(0.25)  Batch time: 0.21(0.25)
2026-08-15 17:02:39,553   INFO  Train:   10/10 (100%) [28182/55563 ( 51%)]  Loss: 1.265 (0.936)  LR: 2.803e-06  Time cost: 1:58:12/1:54:50 [5:52:07/1:54:50]  Acc_iter 528250      Data time: 0.00(0.00)  Forward time: 0.25(0.25)  Batch time: 0.25(0.25)
2026-08-15 17:02:51,701   INFO  Train:   10/10 (100%) [28232/55563 ( 51%)]  Loss: 0.9687 (0.936)  LR: 2.793e-06  Time cost: 1:58:24/1:54:37 [5:52:19/1:54:37]  Acc_iter 528300      Data time: 0.00(0.00)  Forward time: 0.23(0.25)  Batch time: 0.23(0.25)
2026-08-15 17:02:52,080   INFO  a1e06a0b30c0                Sat Aug 15 17:02:52 2026  580.173.02
[0] NVIDIA GeForce RTX 3070 | 73°C,  69 % |  7389 /  8192 MB | root(6928M)

2026-08-15 17:03:04,546   INFO  Train:   10/10 (100%) [28282/55563 ( 51%)]  Loss: 0.7672 (0.936)  LR: 2.783e-06  Time cost: 1:58:37/1:54:25 [5:52:32/1:54:25]  Acc_iter 528350      Data time: 0.00(0.00)  Forward time: 0.25(0.25)  Batch time: 0.26(0.25)
2026-08-15 17:03:16,893   INFO  Train:   10/10 (100%) [28332/55563 ( 51%)]  Loss: 0.5313 (0.936)  LR: 2.772e-06  Time cost: 1:58:49/1:54:12 [5:52:44/1:54:12]  Acc_iter 528400      Data time: 0.00(0.00)  Forward time: 0.22(0.25)  Batch time: 0.22(0.25)
2026-08-15 17:03:29,183   INFO  Train:   10/10 (100%) [28382/55563 ( 51%)]  Loss: 0.3999 (0.936)  LR: 2.762e-06  Time cost: 1:59:02/1:53:59 [5:52:57/1:53:59]  Acc_iter 528450      Data time: 0.00(0.00)  Forward time: 0.22(0.25)  Batch time: 0.22(0.25)
2026-08-15 17:03:29,551   INFO  a1e06a0b30c0                Sat Aug 15 17:03:29 2026  580.173.02
[0] NVIDIA GeForce RTX 3070 | 69°C,  49 % |  7386 /  8192 MB | root(6928M)

2026-08-15 17:03:41,884   INFO  Train:   10/10 (100%) [28432/55563 ( 51%)]  Loss: 0.8848 (0.936)  LR: 2.752e-06  Time cost: 1:59:14/1:53:47 [5:53:09/1:53:47]  Acc_iter 528500      Data time: 0.00(0.00)  Forward time: 0.26(0.25)  Batch time: 0.26(0.25)
2026-08-15 17:03:54,300   INFO  Train:   10/10 (100%) [28482/55563 ( 51%)]  Loss: 0.4214 (0.936)  LR: 2.742e-06  Time cost: 1:59:27/1:53:34 [5:53:22/1:53:34]  Acc_iter 528550      Data time: 0.00(0.00)  Forward time: 0.22(0.25)  Batch time: 0.23(0.25)
2026-08-15 17:04:06,817   INFO  Train:   10/10 (100%) [28532/55563 ( 51%)]  Loss: 1.156 (0.936)  LR: 2.732e-06  Time cost: 1:59:39/1:53:21 [5:53:34/1:53:21]  Acc_iter 528600      Data time: 0.00(0.00)  Forward time: 0.28(0.25)  Batch time: 0.28(0.25)
2026-08-15 17:04:07,259   INFO  a1e06a0b30c0                Sat Aug 15 17:04:07 2026  580.173.02
[0] NVIDIA GeForce RTX 3070 | 73°C,  96 % |  7378 /  8192 MB | root(6928M)

2026-08-15 17:04:19,660   INFO  Train:   10/10 (100%) [28582/55563 ( 51%)]  Loss: 1.635 (0.936)  LR: 2.722e-06  Time cost: 1:59:52/1:53:09 [5:53:47/1:53:09]  Acc_iter 528650      Data time: 0.00(0.00)  Forward time: 0.27(0.25)  Batch time: 0.27(0.25)
2026-08-15 17:04:27,201   INFO  Save latest model to /OpenPCDet/output/OpenPCDet/tools/cfgs/models/S/F/S_F_N/default/ckpt/latest_model
2026-08-15 17:04:32,071   INFO  Train:   10/10 (100%) [28632/55563 ( 52%)]  Loss: 1.628 (0.936)  LR: 2.712e-06  Time cost: 2:00:05/1:52:56 [5:54:00/1:52:56]  Acc_iter 528700      Data time: 0.00(0.00)  Forward time: 0.26(0.25)  Batch time: 0.26(0.25)
2026-08-15 17:04:44,497   INFO  Train:   10/10 (100%) [28682/55563 ( 52%)]  Loss: 1.289 (0.936)  LR: 2.702e-06  Time cost: 2:00:17/1:52:44 [5:54:12/1:52:44]  Acc_iter 528750      Data time: 0.00(0.00)  Forward time: 0.28(0.25)  Batch time: 0.28(0.25)
2026-08-15 17:04:44,903   INFO  a1e06a0b30c0                Sat Aug 15 17:04:44 2026  580.173.02
[0] NVIDIA GeForce RTX 3070 | 67°C,  99 % |  7393 /  8192 MB | root(6928M)

2026-08-15 17:04:57,840   INFO  Train:   10/10 (100%) [28732/55563 ( 52%)]  Loss: 1.148 (0.936)  LR: 2.692e-06  Time cost: 2:00:30/1:52:32 [5:54:25/1:52:32]  Acc_iter 528800      Data time: 0.00(0.00)  Forward time: 0.21(0.25)  Batch time: 0.21(0.25)
2026-08-15 17:05:10,479   INFO  Train:   10/10 (100%) [28782/55563 ( 52%)]  Loss: 1.316 (0.936)  LR: 2.682e-06  Time cost: 2:00:43/1:52:19 [5:54:38/1:52:19]  Acc_iter 528850      Data time: 0.00(0.00)  Forward time: 0.30(0.25)  Batch time: 0.30(0.25)
2026-08-15 17:05:22,934   INFO  Train:   10/10 (100%) [28832/55563 ( 52%)]  Loss: 1.593 (0.936)  LR: 2.672e-06  Time cost: 2:00:55/1:52:06 [5:54:50/1:52:06]  Acc_iter 528900      Data time: 0.00(0.00)  Forward time: 0.24(0.25)  Batch time: 0.24(0.25)
2026-08-15 17:05:23,302   INFO  a1e06a0b30c0                Sat Aug 15 17:05:23 2026  580.173.02
[0] NVIDIA GeForce RTX 3070 | 73°C,  92 % |  7388 /  8192 MB | root(6928M)

2026-08-15 17:05:35,937   INFO  Train:   10/10 (100%) [28882/55563 ( 52%)]  Loss: 0.4794 (0.936)  LR: 2.662e-06  Time cost: 2:01:08/1:51:54 [5:55:03/1:51:54]  Acc_iter 528950      Data time: 0.00(0.00)  Forward time: 0.22(0.25)  Batch time: 0.22(0.25)
2026-08-15 17:05:48,551   INFO  Train:   10/10 (100%) [28932/55563 ( 52%)]  Loss: 0.8224 (0.936)  LR: 2.652e-06  Time cost: 2:01:21/1:51:42 [5:55:16/1:51:42]  Acc_iter 529000      Data time: 0.00(0.00)  Forward time: 0.25(0.25)  Batch time: 0.25(0.25)
2026-08-15 17:06:00,967   INFO  Train:   10/10 (100%) [28982/55563 ( 52%)]  Loss: 2.304 (0.936)  LR: 2.642e-06  Time cost: 2:01:33/1:51:29 [5:55:29/1:51:29]  Acc_iter 529050      Data time: 0.00(0.00)  Forward time: 0.22(0.25)  Batch time: 0.22(0.25)
2026-08-15 17:06:01,349   INFO  a1e06a0b30c0                Sat Aug 15 17:06:01 2026  580.173.02
[0] NVIDIA GeForce RTX 3070 | 75°C,  93 % |  7388 /  8192 MB | root(6928M)

2026-08-15 17:06:13,739   INFO  Train:   10/10 (100%) [29032/55563 ( 52%)]  Loss: 0.7476 (0.936)  LR: 2.632e-06  Time cost: 2:01:46/1:51:17 [5:55:41/1:51:17]  Acc_iter 529100      Data time: 0.00(0.00)  Forward time: 0.24(0.25)  Batch time: 0.24(0.25)
2026-08-15 17:06:26,004   INFO  Train:   10/10 (100%) [29082/55563 ( 52%)]  Loss: 0.6074 (0.936)  LR: 2.622e-06  Time cost: 2:01:58/1:51:04 [5:55:54/1:51:04]  Acc_iter 529150      Data time: 0.00(0.00)  Forward time: 0.26(0.25)  Batch time: 0.26(0.25)
2026-08-15 17:06:38,546   INFO  Train:   10/10 (100%) [29132/55563 ( 52%)]  Loss: 1.011 (0.936)  LR: 2.613e-06  Time cost: 2:02:11/1:50:51 [5:56:06/1:50:51]  Acc_iter 529200      Data time: 0.00(0.00)  Forward time: 0.21(0.25)  Batch time: 0.21(0.25)
2026-08-15 17:06:38,922   INFO  a1e06a0b30c0                Sat Aug 15 17:06:38 2026  580.173.02
[0] NVIDIA GeForce RTX 3070 | 68°C,  97 % |  7389 /  8192 MB | root(6928M)

2026-08-15 17:06:51,495   INFO  Train:   10/10 (100%) [29182/55563 ( 53%)]  Loss: 1.415 (0.936)  LR: 2.603e-06  Time cost: 2:02:24/1:50:39 [5:56:19/1:50:39]  Acc_iter 529250      Data time: 0.00(0.00)  Forward time: 0.28(0.25)  Batch time: 0.28(0.25)
2026-08-15 17:07:03,941   INFO  Train:   10/10 (100%) [29232/55563 ( 53%)]  Loss: 0.5686 (0.936)  LR: 2.593e-06  Time cost: 2:02:36/1:50:26 [5:56:31/1:50:26]  Acc_iter 529300      Data time: 0.00(0.00)  Forward time: 0.26(0.25)  Batch time: 0.26(0.25)
2026-08-15 17:07:16,496   INFO  Train:   10/10 (100%) [29282/55563 ( 53%)]  Loss: 1.054 (0.936)  LR: 2.583e-06  Time cost: 2:02:49/1:50:13 [5:56:44/1:50:13]  Acc_iter 529350      Data time: 0.00(0.00)  Forward time: 0.28(0.25)  Batch time: 0.28(0.25)
2026-08-15 17:07:16,889   INFO  a1e06a0b30c0                Sat Aug 15 17:07:16 2026  580.173.02
[0] NVIDIA GeForce RTX 3070 | 75°C,  75 % |  7388 /  8192 MB | root(6928M)

2026-08-15 17:07:29,666   INFO  Train:   10/10 (100%) [29332/55563 ( 53%)]  Loss: 0.5842 (0.936)  LR: 2.573e-06  Time cost: 2:03:02/1:50:01 [5:56:57/1:50:01]  Acc_iter 529400      Data time: 0.00(0.00)  Forward time: 0.29(0.25)  Batch time: 0.29(0.25)
2026-08-15 17:07:42,399   INFO  Train:   10/10 (100%) [29382/55563 ( 53%)]  Loss: 0.9577 (0.936)  LR: 2.564e-06  Time cost: 2:03:15/1:49:49 [5:57:10/1:49:49]  Acc_iter 529450      Data time: 0.00(0.00)  Forward time: 0.26(0.25)  Batch time: 0.26(0.25)
2026-08-15 17:07:54,395   INFO  Train:   10/10 (100%) [29432/55563 ( 53%)]  Loss: 0.7079 (0.936)  LR: 2.554e-06  Time cost: 2:03:27/1:49:36 [5:57:22/1:49:36]  Acc_iter 529500      Data time: 0.00(0.00)  Forward time: 0.26(0.25)  Batch time: 0.26(0.25)
2026-08-15 17:07:54,771   INFO  a1e06a0b30c0                Sat Aug 15 17:07:54 2026  580.173.02
[0] NVIDIA GeForce RTX 3070 | 73°C,  80 % |  7388 /  8192 MB | root(6928M)

2026-08-15 17:08:07,054   INFO  Train:   10/10 (100%) [29482/55563 ( 53%)]  Loss: 1.223 (0.936)  LR: 2.544e-06  Time cost: 2:03:40/1:49:23 [5:57:35/1:49:23]  Acc_iter 529550      Data time: 0.00(0.00)  Forward time: 0.27(0.25)  Batch time: 0.27(0.25)
2026-08-15 17:08:19,219   INFO  Train:   10/10 (100%) [29532/55563 ( 53%)]  Loss: 1.141 (0.936)  LR: 2.534e-06  Time cost: 2:03:52/1:49:10 [5:57:47/1:49:10]  Acc_iter 529600      Data time: 0.00(0.00)  Forward time: 0.25(0.25)  Batch time: 0.25(0.25)
2026-08-15 17:08:31,745   INFO  Train:   10/10 (100%) [29582/55563 ( 53%)]  Loss: 1.497 (0.936)  LR: 2.525e-06  Time cost: 2:04:04/1:48:58 [5:57:59/1:48:58]  Acc_iter 529650      Data time: 0.00(0.00)  Forward time: 0.28(0.25)  Batch time: 0.28(0.25)
2026-08-15 17:08:32,185   INFO  a1e06a0b30c0                Sat Aug 15 17:08:32 2026  580.173.02
[0] NVIDIA GeForce RTX 3070 | 73°C,  89 % |  7387 /  8192 MB | root(6928M)

2026-08-15 17:08:44,478   INFO  Train:   10/10 (100%) [29632/55563 ( 53%)]  Loss: 0.6894 (0.936)  LR: 2.515e-06  Time cost: 2:04:17/1:48:45 [5:58:12/1:48:45]  Acc_iter 529700      Data time: 0.00(0.00)  Forward time: 0.26(0.25)  Batch time: 0.26(0.25)
2026-08-15 17:08:56,632   INFO  Train:   10/10 (100%) [29682/55563 ( 53%)]  Loss: 0.8790 (0.936)  LR: 2.505e-06  Time cost: 2:04:29/1:48:32 [5:58:24/1:48:32]  Acc_iter 529750      Data time: 0.00(0.00)  Forward time: 0.24(0.25)  Batch time: 0.24(0.25)
2026-08-15 17:09:08,984   INFO  Train:   10/10 (100%) [29732/55563 ( 54%)]  Loss: 0.5152 (0.936)  LR: 2.496e-06  Time cost: 2:04:41/1:48:20 [5:58:37/1:48:20]  Acc_iter 529800      Data time: 0.00(0.00)  Forward time: 0.25(0.25)  Batch time: 0.25(0.25)
2026-08-15 17:09:09,478   INFO  a1e06a0b30c0                Sat Aug 15 17:09:09 2026  580.173.02
[0] NVIDIA GeForce RTX 3070 | 65°C,   1 % |  7386 /  8192 MB | root(6928M)

2026-08-15 17:09:21,907   INFO  Train:   10/10 (100%) [29782/55563 ( 54%)]  Loss: 0.8820 (0.936)  LR: 2.486e-06  Time cost: 2:04:54/1:48:07 [5:58:49/1:48:07]  Acc_iter 529850      Data time: 0.00(0.00)  Forward time: 0.26(0.25)  Batch time: 0.26(0.25)
2026-08-15 17:09:27,129   INFO  Save latest model to /OpenPCDet/output/OpenPCDet/tools/cfgs/models/S/F/S_F_N/default/ckpt/latest_model
2026-08-15 17:09:34,996   INFO  Train:   10/10 (100%) [29832/55563 ( 54%)]  Loss: 1.351 (0.936)  LR: 2.477e-06  Time cost: 2:05:07/1:47:55 [5:59:03/1:47:55]  Acc_iter 529900      Data time: 0.00(0.00)  Forward time: 0.27(0.25)  Batch time: 0.27(0.25)
2026-08-15 17:09:47,241   INFO  Train:   10/10 (100%) [29882/55563 ( 54%)]  Loss: 1.159 (0.936)  LR: 2.467e-06  Time cost: 2:05:20/1:47:42 [5:59:15/1:47:42]  Acc_iter 529950      Data time: 0.00(0.00)  Forward time: 0.24(0.25)  Batch time: 0.24(0.25)
2026-08-15 17:09:47,612   INFO  a1e06a0b30c0                Sat Aug 15 17:09:47 2026  580.173.02
[0] NVIDIA GeForce RTX 3070 | 74°C, 100 % |  7386 /  8192 MB | root(6928M)

2026-08-15 17:10:00,296   INFO  Train:   10/10 (100%) [29932/55563 ( 54%)]  Loss: 1.146 (0.936)  LR: 2.457e-06  Time cost: 2:05:33/1:47:30 [5:59:28/1:47:30]  Acc_iter 530000      Data time: 0.00(0.00)  Forward time: 0.21(0.25)  Batch time: 0.21(0.25)
2026-08-15 17:10:12,439   INFO  Train:   10/10 (100%) [29982/55563 ( 54%)]  Loss: 0.9175 (0.936)  LR: 2.448e-06  Time cost: 2:05:45/1:47:17 [5:59:40/1:47:17]  Acc_iter 530050      Data time: 0.00(0.00)  Forward time: 0.25(0.25)  Batch time: 0.25(0.25)
2026-08-15 17:10:25,103   INFO  Train:   10/10 (100%) [30032/55563 ( 54%)]  Loss: 0.9185 (0.936)  LR: 2.438e-06  Time cost: 2:05:58/1:47:05 [5:59:53/1:47:05]  Acc_iter 530100      Data time: 0.00(0.00)  Forward time: 0.24(0.25)  Batch time: 0.24(0.25)
2026-08-15 17:10:25,550   INFO  a1e06a0b30c0                Sat Aug 15 17:10:25 2026  580.173.02
[0] NVIDIA GeForce RTX 3070 | 68°C,   5 % |  7387 /  8192 MB | root(6928M)

2026-08-15 17:10:37,993   INFO  Train:   10/10 (100%) [30082/55563 ( 54%)]  Loss: 0.5974 (0.936)  LR: 2.429e-06  Time cost: 2:06:10/1:46:52 [6:00:06/1:46:52]  Acc_iter 530150      Data time: 0.00(0.00)  Forward time: 0.26(0.25)  Batch time: 0.26(0.25)
2026-08-15 17:10:50,477   INFO  Train:   10/10 (100%) [30132/55563 ( 54%)]  Loss: 0.8911 (0.936)  LR: 2.419e-06  Time cost: 2:06:23/1:46:40 [6:00:18/1:46:40]  Acc_iter 530200      Data time: 0.00(0.00)  Forward time: 0.25(0.25)  Batch time: 0.25(0.25)
2026-08-15 17:11:02,917   INFO  Train:   10/10 (100%) [30182/55563 ( 54%)]  Loss: 1.718 (0.936)  LR: 2.410e-06  Time cost: 2:06:35/1:46:27 [6:00:30/1:46:27]  Acc_iter 530250      Data time: 0.00(0.00)  Forward time: 0.27(0.25)  Batch time: 0.27(0.25)
2026-08-15 17:11:03,299   INFO  a1e06a0b30c0                Sat Aug 15 17:11:03 2026  580.173.02
[0] NVIDIA GeForce RTX 3070 | 73°C,  95 % |  7388 /  8192 MB | root(6928M)

2026-08-15 17:11:15,713   INFO  Train:   10/10 (100%) [30232/55563 ( 54%)]  Loss: 0.8117 (0.936)  LR: 2.400e-06  Time cost: 2:06:48/1:46:15 [6:00:43/1:46:15]  Acc_iter 530300      Data time: 0.00(0.00)  Forward time: 0.25(0.25)  Batch time: 0.26(0.25)
2026-08-15 17:11:28,452   INFO  Train:   10/10 (100%) [30282/55563 ( 55%)]  Loss: 0.6498 (0.936)  LR: 2.391e-06  Time cost: 2:07:01/1:46:02 [6:00:56/1:46:02]  Acc_iter 530350      Data time: 0.00(0.00)  Forward time: 0.21(0.25)  Batch time: 0.21(0.25)
2026-08-15 17:11:41,114   INFO  Train:   10/10 (100%) [30332/55563 ( 55%)]  Loss: 0.5317 (0.936)  LR: 2.382e-06  Time cost: 2:07:14/1:45:50 [6:01:09/1:45:50]  Acc_iter 530400      Data time: 0.00(0.00)  Forward time: 0.25(0.25)  Batch time: 0.25(0.25)
2026-08-15 17:11:41,514   INFO  a1e06a0b30c0                Sat Aug 15 17:11:41 2026  580.173.02
[0] NVIDIA GeForce RTX 3070 | 70°C,   1 % |  7388 /  8192 MB | root(6928M)

2026-08-15 17:11:53,787   INFO  Train:   10/10 (100%) [30382/55563 ( 55%)]  Loss: 0.8580 (0.936)  LR: 2.372e-06  Time cost: 2:07:26/1:45:37 [6:01:21/1:45:37]  Acc_iter 530450      Data time: 0.00(0.00)  Forward time: 0.24(0.25)  Batch time: 0.24(0.25)
2026-08-15 17:12:06,334   INFO  Train:   10/10 (100%) [30432/55563 ( 55%)]  Loss: 1.536 (0.936)  LR: 2.363e-06  Time cost: 2:07:39/1:45:24 [6:01:34/1:45:24]  Acc_iter 530500      Data time: 0.00(0.00)  Forward time: 0.25(0.25)  Batch time: 0.25(0.25)
2026-08-15 17:12:19,263   INFO  Train:   10/10 (100%) [30482/55563 ( 55%)]  Loss: 1.269 (0.936)  LR: 2.353e-06  Time cost: 2:07:52/1:45:12 [6:01:47/1:45:12]  Acc_iter 530550      Data time: 0.00(0.00)  Forward time: 0.25(0.25)  Batch time: 0.25(0.25)
2026-08-15 17:12:19,653   INFO  a1e06a0b30c0                Sat Aug 15 17:12:19 2026  580.173.02
[0] NVIDIA GeForce RTX 3070 | 74°C,  95 % |  7389 /  8192 MB | root(6928M)

2026-08-15 17:12:31,859   INFO  Train:   10/10 (100%) [30532/55563 ( 55%)]  Loss: 0.6730 (0.936)  LR: 2.344e-06  Time cost: 2:08:04/1:45:00 [6:01:59/1:45:00]  Acc_iter 530600      Data time: 0.00(0.00)  Forward time: 0.27(0.25)  Batch time: 0.28(0.25)
2026-08-15 17:12:44,031   INFO  Train:   10/10 (100%) [30582/55563 ( 55%)]  Loss: 1.145 (0.936)  LR: 2.335e-06  Time cost: 2:08:17/1:44:47 [6:02:12/1:44:47]  Acc_iter 530650      Data time: 0.00(0.00)  Forward time: 0.30(0.25)  Batch time: 0.30(0.25)
2026-08-15 17:12:56,662   INFO  Train:   10/10 (100%) [30632/55563 ( 55%)]  Loss: 1.150 (0.936)  LR: 2.326e-06  Time cost: 2:08:29/1:44:34 [6:02:24/1:44:34]  Acc_iter 530700      Data time: 0.00(0.00)  Forward time: 0.27(0.25)  Batch time: 0.27(0.25)
2026-08-15 17:12:57,100   INFO  a1e06a0b30c0                Sat Aug 15 17:12:57 2026  580.173.02
[0] NVIDIA GeForce RTX 3070 | 69°C,  59 % |  7388 /  8192 MB | root(6928M)

2026-08-15 17:13:09,834   INFO  Train:   10/10 (100%) [30682/55563 ( 55%)]  Loss: 0.6858 (0.936)  LR: 2.316e-06  Time cost: 2:08:42/1:44:22 [6:02:37/1:44:22]  Acc_iter 530750      Data time: 0.00(0.00)  Forward time: 0.26(0.25)  Batch time: 0.26(0.25)
2026-08-15 17:13:22,125   INFO  Train:   10/10 (100%) [30732/55563 ( 55%)]  Loss: 0.7475 (0.937)  LR: 2.307e-06  Time cost: 2:08:55/1:44:09 [6:02:50/1:44:09]  Acc_iter 530800      Data time: 0.00(0.00)  Forward time: 0.22(0.25)  Batch time: 0.22(0.25)
2026-08-15 17:13:34,450   INFO  Train:   10/10 (100%) [30782/55563 ( 55%)]  Loss: 0.5714 (0.937)  LR: 2.298e-06  Time cost: 2:09:07/1:43:56 [6:03:02/1:43:56]  Acc_iter 530850      Data time: 0.00(0.00)  Forward time: 0.25(0.25)  Batch time: 0.25(0.25)
2026-08-15 17:13:34,831   INFO  a1e06a0b30c0                Sat Aug 15 17:13:34 2026  580.173.02
[0] NVIDIA GeForce RTX 3070 | 73°C,  70 % |  7388 /  8192 MB | root(6928M)

2026-08-15 17:13:47,094   INFO  Train:   10/10 (100%) [30832/55563 ( 55%)]  Loss: 1.583 (0.936)  LR: 2.289e-06  Time cost: 2:09:20/1:43:44 [6:03:15/1:43:44]  Acc_iter 530900      Data time: 0.00(0.00)  Forward time: 0.26(0.25)  Batch time: 0.26(0.25)
2026-08-15 17:13:59,879   INFO  Train:   10/10 (100%) [30882/55563 ( 56%)]  Loss: 1.552 (0.936)  LR: 2.279e-06  Time cost: 2:09:32/1:43:31 [6:03:27/1:43:31]  Acc_iter 530950      Data time: 0.00(0.00)  Forward time: 0.23(0.25)  Batch time: 0.23(0.25)
2026-08-15 17:14:12,452   INFO  Train:   10/10 (100%) [30932/55563 ( 56%)]  Loss: 0.5727 (0.936)  LR: 2.270e-06  Time cost: 2:09:45/1:43:19 [6:03:40/1:43:19]  Acc_iter 531000      Data time: 0.00(0.00)  Forward time: 0.24(0.25)  Batch time: 0.24(0.25)
2026-08-15 17:14:12,834   INFO  a1e06a0b30c0                Sat Aug 15 17:14:12 2026  580.173.02
[0] NVIDIA GeForce RTX 3070 | 73°C,  80 % |  7389 /  8192 MB | root(6928M)

2026-08-15 17:14:25,262   INFO  Train:   10/10 (100%) [30982/55563 ( 56%)]  Loss: 0.6006 (0.936)  LR: 2.261e-06  Time cost: 2:09:58/1:43:06 [6:03:53/1:43:06]  Acc_iter 531050      Data time: 0.00(0.00)  Forward time: 0.24(0.25)  Batch time: 0.24(0.25)
2026-08-15 17:14:27,116   INFO  Save latest model to /OpenPCDet/output/OpenPCDet/tools/cfgs/models/S/F/S_F_N/default/ckpt/latest_model
2026-08-15 17:14:37,843   INFO  Train:   10/10 (100%) [31032/55563 ( 56%)]  Loss: 0.6198 (0.936)  LR: 2.252e-06  Time cost: 2:10:10/1:42:54 [6:04:05/1:42:54]  Acc_iter 531100      Data time: 0.00(0.00)  Forward time: 0.25(0.25)  Batch time: 0.25(0.25)
2026-08-15 17:14:50,466   INFO  Train:   10/10 (100%) [31082/55563 ( 56%)]  Loss: 1.339 (0.936)  LR: 2.243e-06  Time cost: 2:10:23/1:42:41 [6:04:18/1:42:41]  Acc_iter 531150      Data time: 0.00(0.00)  Forward time: 0.27(0.25)  Batch time: 0.27(0.25)
2026-08-15 17:14:50,895   INFO  a1e06a0b30c0                Sat Aug 15 17:14:50 2026  580.173.02
[0] NVIDIA GeForce RTX 3070 | 73°C,  81 % |  7388 /  8192 MB | root(6928M)

2026-08-15 17:15:03,542   INFO  Train:   10/10 (100%) [31132/55563 ( 56%)]  Loss: 0.6637 (0.936)  LR: 2.234e-06  Time cost: 2:10:36/1:42:29 [6:04:31/1:42:29]  Acc_iter 531200      Data time: 0.00(0.00)  Forward time: 0.25(0.25)  Batch time: 0.25(0.25)
2026-08-15 17:15:15,858   INFO  Train:   10/10 (100%) [31182/55563 ( 56%)]  Loss: 0.5899 (0.937)  LR: 2.224e-06  Time cost: 2:10:48/1:42:16 [6:04:43/1:42:16]  Acc_iter 531250      Data time: 0.00(0.00)  Forward time: 0.25(0.25)  Batch time: 0.26(0.25)
2026-08-15 17:15:28,186   INFO  Train:   10/10 (100%) [31232/55563 ( 56%)]  Loss: 0.9637 (0.937)  LR: 2.215e-06  Time cost: 2:11:01/1:42:03 [6:04:56/1:42:03]  Acc_iter 531300      Data time: 0.00(0.00)  Forward time: 0.25(0.25)  Batch time: 0.25(0.25)
2026-08-15 17:15:28,573   INFO  a1e06a0b30c0                Sat Aug 15 17:15:28 2026  580.173.02
[0] NVIDIA GeForce RTX 3070 | 73°C,   2 % |  7388 /  8192 MB | root(6928M)

2026-08-15 17:15:41,194   INFO  Train:   10/10 (100%) [31282/55563 ( 56%)]  Loss: 0.6751 (0.937)  LR: 2.206e-06  Time cost: 2:11:14/1:41:51 [6:05:09/1:41:51]  Acc_iter 531350      Data time: 0.00(0.00)  Forward time: 0.27(0.25)  Batch time: 0.27(0.25)
2026-08-15 17:15:53,966   INFO  Train:   10/10 (100%) [31332/55563 ( 56%)]  Loss: 0.7242 (0.937)  LR: 2.197e-06  Time cost: 2:11:26/1:41:39 [6:05:22/1:41:39]  Acc_iter 531400      Data time: 0.00(0.00)  Forward time: 0.25(0.25)  Batch time: 0.26(0.25)
2026-08-15 17:16:06,306   INFO  Train:   10/10 (100%) [31382/55563 ( 56%)]  Loss: 1.538 (0.937)  LR: 2.188e-06  Time cost: 2:11:39/1:41:26 [6:05:34/1:41:26]  Acc_iter 531450      Data time: 0.00(0.00)  Forward time: 0.27(0.25)  Batch time: 0.27(0.25)
2026-08-15 17:16:06,674   INFO  a1e06a0b30c0                Sat Aug 15 17:16:06 2026  580.173.02
[0] NVIDIA GeForce RTX 3070 | 74°C,  99 % |  7389 /  8192 MB | root(6928M)

2026-08-15 17:16:18,941   INFO  Train:   10/10 (100%) [31432/55563 ( 57%)]  Loss: 1.269 (0.937)  LR: 2.179e-06  Time cost: 2:11:51/1:41:13 [6:05:46/1:41:13]  Acc_iter 531500      Data time: 0.00(0.00)  Forward time: 0.25(0.25)  Batch time: 0.25(0.25)
2026-08-15 17:16:31,772   INFO  Train:   10/10 (100%) [31482/55563 ( 57%)]  Loss: 0.6795 (0.937)  LR: 2.170e-06  Time cost: 2:12:04/1:41:01 [6:05:59/1:41:01]  Acc_iter 531550      Data time: 0.00(0.00)  Forward time: 0.27(0.25)  Batch time: 0.27(0.25)
2026-08-15 17:16:44,642   INFO  Train:   10/10 (100%) [31532/55563 ( 57%)]  Loss: 0.5251 (0.937)  LR: 2.161e-06  Time cost: 2:12:17/1:40:49 [6:06:12/1:40:49]  Acc_iter 531600      Data time: 0.00(0.00)  Forward time: 0.24(0.25)  Batch time: 0.24(0.25)
2026-08-15 17:16:45,024   INFO  a1e06a0b30c0                Sat Aug 15 17:16:45 2026  580.173.02
[0] NVIDIA GeForce RTX 3070 | 68°C,  77 % |  7388 /  8192 MB | root(6928M)

2026-08-15 17:16:57,640   INFO  Train:   10/10 (100%) [31582/55563 ( 57%)]  Loss: 0.7415 (0.937)  LR: 2.152e-06  Time cost: 2:12:30/1:40:36 [6:06:25/1:40:36]  Acc_iter 531650      Data time: 0.00(0.00)  Forward time: 0.26(0.25)  Batch time: 0.26(0.25)
2026-08-15 17:17:10,130   INFO  Train:   10/10 (100%) [31632/55563 ( 57%)]  Loss: 0.3465 (0.937)  LR: 2.143e-06  Time cost: 2:12:43/1:40:24 [6:06:38/1:40:24]  Acc_iter 531700      Data time: 0.00(0.00)  Forward time: 0.21(0.25)  Batch time: 0.21(0.25)
2026-08-15 17:17:22,618   INFO  Train:   10/10 (100%) [31682/55563 ( 57%)]  Loss: 0.8342 (0.937)  LR: 2.134e-06  Time cost: 2:12:55/1:40:11 [6:06:50/1:40:11]  Acc_iter 531750      Data time: 0.00(0.00)  Forward time: 0.24(0.25)  Batch time: 0.24(0.25)
2026-08-15 17:17:23,031   INFO  a1e06a0b30c0                Sat Aug 15 17:17:23 2026  580.173.02
[0] NVIDIA GeForce RTX 3070 | 68°C,  91 % |  7389 /  8192 MB | root(6928M)

2026-08-15 17:17:35,878   INFO  Train:   10/10 (100%) [31732/55563 ( 57%)]  Loss: 0.4604 (0.937)  LR: 2.126e-06  Time cost: 2:13:08/1:39:59 [6:07:03/1:39:59]  Acc_iter 531800      Data time: 0.00(0.00)  Forward time: 0.25(0.25)  Batch time: 0.25(0.25)
2026-08-15 17:17:48,695   INFO  Train:   10/10 (100%) [31782/55563 ( 57%)]  Loss: 1.303 (0.937)  LR: 2.117e-06  Time cost: 2:13:21/1:39:47 [6:07:16/1:39:47]  Acc_iter 531850      Data time: 0.00(0.00)  Forward time: 0.25(0.25)  Batch time: 0.25(0.25)
2026-08-15 17:18:01,300   INFO  Train:   10/10 (100%) [31832/55563 ( 57%)]  Loss: 1.113 (0.937)  LR: 2.108e-06  Time cost: 2:13:34/1:39:34 [6:07:29/1:39:34]  Acc_iter 531900      Data time: 0.00(0.00)  Forward time: 0.26(0.25)  Batch time: 0.26(0.25)
2026-08-15 17:18:01,680   INFO  a1e06a0b30c0                Sat Aug 15 17:18:01 2026  580.173.02
[0] NVIDIA GeForce RTX 3070 | 76°C,  98 % |  7388 /  8192 MB | root(6928M)

2026-08-15 17:18:14,017   INFO  Train:   10/10 (100%) [31882/55563 ( 57%)]  Loss: 0.5299 (0.937)  LR: 2.099e-06  Time cost: 2:13:47/1:39:22 [6:07:42/1:39:22]  Acc_iter 531950      Data time: 0.00(0.00)  Forward time: 0.22(0.25)  Batch time: 0.22(0.25)
2026-08-15 17:18:26,376   INFO  Train:   10/10 (100%) [31932/55563 ( 57%)]  Loss: 0.7183 (0.937)  LR: 2.090e-06  Time cost: 2:13:59/1:39:09 [6:07:54/1:39:09]  Acc_iter 532000      Data time: 0.00(0.00)  Forward time: 0.26(0.25)  Batch time: 0.27(0.25)
2026-08-15 17:18:39,056   INFO  Train:   10/10 (100%) [31982/55563 ( 58%)]  Loss: 1.038 (0.937)  LR: 2.081e-06  Time cost: 2:14:12/1:38:56 [6:08:07/1:38:56]  Acc_iter 532050      Data time: 0.00(0.00)  Forward time: 0.25(0.25)  Batch time: 0.26(0.25)
2026-08-15 17:18:39,437   INFO  a1e06a0b30c0                Sat Aug 15 17:18:39 2026  580.173.02
[0] NVIDIA GeForce RTX 3070 | 75°C,  95 % |  7388 /  8192 MB | root(6928M)

2026-08-15 17:18:51,597   INFO  Train:   10/10 (100%) [32032/55563 ( 58%)]  Loss: 1.360 (0.937)  LR: 2.073e-06  Time cost: 2:14:24/1:38:44 [6:08:19/1:38:44]  Acc_iter 532100      Data time: 0.00(0.00)  Forward time: 0.27(0.25)  Batch time: 0.27(0.25)
2026-08-15 17:19:03,773   INFO  Train:   10/10 (100%) [32082/55563 ( 58%)]  Loss: 0.4898 (0.937)  LR: 2.064e-06  Time cost: 2:14:36/1:38:31 [6:08:31/1:38:31]  Acc_iter 532150      Data time: 0.00(0.00)  Forward time: 0.24(0.25)  Batch time: 0.24(0.25)
2026-08-15 17:19:16,103   INFO  Train:   10/10 (100%) [32132/55563 ( 58%)]  Loss: 0.4255 (0.937)  LR: 2.055e-06  Time cost: 2:14:49/1:38:18 [6:08:44/1:38:18]  Acc_iter 532200      Data time: 0.00(0.00)  Forward time: 0.31(0.25)  Batch time: 0.32(0.25)
2026-08-15 17:19:16,607   INFO  a1e06a0b30c0                Sat Aug 15 17:19:16 2026  580.173.02
[0] NVIDIA GeForce RTX 3070 | 69°C,   6 % |  7387 /  8192 MB | root(6928M)

2026-08-15 17:19:27,349   INFO  Save latest model to /OpenPCDet/output/OpenPCDet/tools/cfgs/models/S/F/S_F_N/default/ckpt/latest_model
2026-08-15 17:19:29,587   INFO  Train:   10/10 (100%) [32182/55563 ( 58%)]  Loss: 0.7023 (0.937)  LR: 2.046e-06  Time cost: 2:15:02/1:38:06 [6:08:57/1:38:06]  Acc_iter 532250      Data time: 0.00(0.00)  Forward time: 0.22(0.25)  Batch time: 0.22(0.25)
2026-08-15 17:19:41,959   INFO  Train:   10/10 (100%) [32232/55563 ( 58%)]  Loss: 0.6975 (0.937)  LR: 2.038e-06  Time cost: 2:15:14/1:37:53 [6:09:10/1:37:53]  Acc_iter 532300      Data time: 0.00(0.00)  Forward time: 0.23(0.25)  Batch time: 0.23(0.25)
2026-08-15 17:19:54,200   INFO  Train:   10/10 (100%) [32282/55563 ( 58%)]  Loss: 0.8083 (0.937)  LR: 2.029e-06  Time cost: 2:15:27/1:37:40 [6:09:22/1:37:40]  Acc_iter 532350      Data time: 0.00(0.00)  Forward time: 0.23(0.25)  Batch time: 0.24(0.25)
2026-08-15 17:19:54,568   INFO  a1e06a0b30c0                Sat Aug 15 17:19:54 2026  580.173.02
[0] NVIDIA GeForce RTX 3070 | 73°C,   2 % |  7388 /  8192 MB | root(6928M)

2026-08-15 17:20:06,918   INFO  Train:   10/10 (100%) [32332/55563 ( 58%)]  Loss: 0.7688 (0.937)  LR: 2.020e-06  Time cost: 2:15:39/1:37:28 [6:09:34/1:37:28]  Acc_iter 532400      Data time: 0.00(0.00)  Forward time: 0.19(0.25)  Batch time: 0.19(0.25)
2026-08-15 17:20:19,891   INFO  Train:   10/10 (100%) [32382/55563 ( 58%)]  Loss: 1.475 (0.937)  LR: 2.012e-06  Time cost: 2:15:52/1:37:16 [6:09:47/1:37:16]  Acc_iter 532450      Data time: 0.00(0.00)  Forward time: 0.27(0.25)  Batch time: 0.27(0.25)
2026-08-15 17:20:32,304   INFO  Train:   10/10 (100%) [32432/55563 ( 58%)]  Loss: 1.177 (0.937)  LR: 2.003e-06  Time cost: 2:16:05/1:37:03 [6:10:00/1:37:03]  Acc_iter 532500      Data time: 0.00(0.00)  Forward time: 0.24(0.25)  Batch time: 0.24(0.25)
2026-08-15 17:20:32,680   INFO  a1e06a0b30c0                Sat Aug 15 17:20:32 2026  580.173.02
[0] NVIDIA GeForce RTX 3070 | 74°C,  91 % |  7388 /  8192 MB | root(6928M)

2026-08-15 17:20:45,087   INFO  Train:   10/10 (100%) [32482/55563 ( 58%)]  Loss: 0.5964 (0.937)  LR: 1.994e-06  Time cost: 2:16:18/1:36:50 [6:10:13/1:36:50]  Acc_iter 532550      Data time: 0.00(0.00)  Forward time: 0.23(0.25)  Batch time: 0.23(0.25)
2026-08-15 17:20:57,507   INFO  Train:   10/10 (100%) [32532/55563 ( 59%)]  Loss: 0.8619 (0.937)  LR: 1.986e-06  Time cost: 2:16:30/1:36:38 [6:10:25/1:36:38]  Acc_iter 532600      Data time: 0.00(0.00)  Forward time: 0.24(0.25)  Batch time: 0.24(0.25)
2026-08-15 17:21:10,241   INFO  Train:   10/10 (100%) [32582/55563 ( 59%)]  Loss: 0.8920 (0.937)  LR: 1.977e-06  Time cost: 2:16:43/1:36:25 [6:10:38/1:36:25]  Acc_iter 532650      Data time: 0.00(0.00)  Forward time: 0.26(0.25)  Batch time: 0.26(0.25)
2026-08-15 17:21:10,635   INFO  a1e06a0b30c0                Sat Aug 15 17:21:10 2026  580.173.02
[0] NVIDIA GeForce RTX 3070 | 71°C,  45 % |  7389 /  8192 MB | root(6928M)

2026-08-15 17:21:23,349   INFO  Train:   10/10 (100%) [32632/55563 ( 59%)]  Loss: 0.8056 (0.937)  LR: 1.969e-06  Time cost: 2:16:56/1:36:13 [6:10:51/1:36:13]  Acc_iter 532700      Data time: 0.00(0.00)  Forward time: 0.27(0.25)  Batch time: 0.27(0.25)
2026-08-15 17:21:35,445   INFO  Train:   10/10 (100%) [32682/55563 ( 59%)]  Loss: 1.070 (0.937)  LR: 1.960e-06  Time cost: 2:17:08/1:36:00 [6:11:03/1:36:00]  Acc_iter 532750      Data time: 0.00(0.00)  Forward time: 0.25(0.25)  Batch time: 0.25(0.25)
2026-08-15 17:21:47,763   INFO  Train:   10/10 (100%) [32732/55563 ( 59%)]  Loss: 0.8212 (0.938)  LR: 1.952e-06  Time cost: 2:17:20/1:35:47 [6:11:15/1:35:47]  Acc_iter 532800      Data time: 0.00(0.00)  Forward time: 0.23(0.25)  Batch time: 0.23(0.25)
2026-08-15 17:21:48,142   INFO  a1e06a0b30c0                Sat Aug 15 17:21:48 2026  580.173.02
[0] NVIDIA GeForce RTX 3070 | 74°C, 100 % |  7388 /  8192 MB | root(6928M)

2026-08-15 17:22:00,642   INFO  Train:   10/10 (100%) [32782/55563 ( 59%)]  Loss: 0.8429 (0.937)  LR: 1.943e-06  Time cost: 2:17:33/1:35:35 [6:11:28/1:35:35]  Acc_iter 532850      Data time: 0.00(0.00)  Forward time: 0.29(0.25)  Batch time: 0.29(0.25)
2026-08-15 17:22:13,281   INFO  Train:   10/10 (100%) [32832/55563 ( 59%)]  Loss: 1.093 (0.938)  LR: 1.935e-06  Time cost: 2:17:46/1:35:22 [6:11:41/1:35:22]  Acc_iter 532900      Data time: 0.00(0.00)  Forward time: 0.24(0.25)  Batch time: 0.24(0.25)
2026-08-15 17:22:25,645   INFO  Train:   10/10 (100%) [32882/55563 ( 59%)]  Loss: 0.7205 (0.938)  LR: 1.926e-06  Time cost: 2:17:58/1:35:10 [6:11:53/1:35:10]  Acc_iter 532950      Data time: 0.00(0.00)  Forward time: 0.21(0.25)  Batch time: 0.21(0.25)
2026-08-15 17:22:26,051   INFO  a1e06a0b30c0                Sat Aug 15 17:22:26 2026  580.173.02
[0] NVIDIA GeForce RTX 3070 | 68°C,  71 % |  7388 /  8192 MB | root(6928M)

2026-08-15 17:22:38,610   INFO  Train:   10/10 (100%) [32932/55563 ( 59%)]  Loss: 0.2058 (0.938)  LR: 1.918e-06  Time cost: 2:18:11/1:34:57 [6:12:06/1:34:57]  Acc_iter 533000      Data time: 0.00(0.00)  Forward time: 0.20(0.25)  Batch time: 0.20(0.25)
2026-08-15 17:22:50,919   INFO  Train:   10/10 (100%) [32982/55563 ( 59%)]  Loss: 1.168 (0.938)  LR: 1.909e-06  Time cost: 2:18:23/1:34:45 [6:12:18/1:34:45]  Acc_iter 533050      Data time: 0.00(0.00)  Forward time: 0.22(0.25)  Batch time: 0.23(0.25)
2026-08-15 17:23:03,316   INFO  Train:   10/10 (100%) [33032/55563 ( 59%)]  Loss: 0.9182 (0.938)  LR: 1.901e-06  Time cost: 2:18:36/1:34:32 [6:12:31/1:34:32]  Acc_iter 533100      Data time: 0.00(0.00)  Forward time: 0.22(0.25)  Batch time: 0.22(0.25)
2026-08-15 17:23:03,781   INFO  a1e06a0b30c0                Sat Aug 15 17:23:03 2026  580.173.02
[0] NVIDIA GeForce RTX 3070 | 74°C,  95 % |  7389 /  8192 MB | root(6928M)

2026-08-15 17:23:16,145   INFO  Train:   10/10 (100%) [33082/55563 ( 60%)]  Loss: 0.5897 (0.938)  LR: 1.892e-06  Time cost: 2:18:49/1:34:19 [6:12:44/1:34:19]  Acc_iter 533150      Data time: 0.00(0.00)  Forward time: 0.22(0.25)  Batch time: 0.22(0.25)
2026-08-15 17:23:28,462   INFO  Train:   10/10 (100%) [33132/55563 ( 60%)]  Loss: 0.4446 (0.938)  LR: 1.884e-06  Time cost: 2:19:01/1:34:07 [6:12:56/1:34:07]  Acc_iter 533200      Data time: 0.00(0.00)  Forward time: 0.29(0.25)  Batch time: 0.30(0.25)
2026-08-15 17:23:41,023   INFO  Train:   10/10 (100%) [33182/55563 ( 60%)]  Loss: 0.6177 (0.938)  LR: 1.876e-06  Time cost: 2:19:14/1:33:54 [6:13:09/1:33:54]  Acc_iter 533250      Data time: 0.00(0.00)  Forward time: 0.27(0.25)  Batch time: 0.27(0.25)
2026-08-15 17:23:41,403   INFO  a1e06a0b30c0                Sat Aug 15 17:23:41 2026  580.173.02
[0] NVIDIA GeForce RTX 3070 | 75°C,  99 % |  7386 /  8192 MB | root(6928M)

2026-08-15 17:23:54,218   INFO  Train:   10/10 (100%) [33232/55563 ( 60%)]  Loss: 0.6624 (0.938)  LR: 1.867e-06  Time cost: 2:19:27/1:33:42 [6:13:22/1:33:42]  Acc_iter 533300      Data time: 0.00(0.00)  Forward time: 0.22(0.25)  Batch time: 0.23(0.25)
2026-08-15 17:24:06,730   INFO  Train:   10/10 (100%) [33282/55563 ( 60%)]  Loss: 0.7476 (0.938)  LR: 1.859e-06  Time cost: 2:19:39/1:33:29 [6:13:34/1:33:29]  Acc_iter 533350      Data time: 0.00(0.00)  Forward time: 0.23(0.25)  Batch time: 0.23(0.25)
2026-08-15 17:24:18,910   INFO  Train:   10/10 (100%) [33332/55563 ( 60%)]  Loss: 1.269 (0.938)  LR: 1.851e-06  Time cost: 2:19:51/1:33:16 [6:13:46/1:33:16]  Acc_iter 533400      Data time: 0.00(0.00)  Forward time: 0.25(0.25)  Batch time: 0.25(0.25)
2026-08-15 17:24:19,302   INFO  a1e06a0b30c0                Sat Aug 15 17:24:19 2026  580.173.02
[0] NVIDIA GeForce RTX 3070 | 75°C,  83 % |  7388 /  8192 MB | root(6928M)

2026-08-15 17:24:27,315   INFO  Save latest model to /OpenPCDet/output/OpenPCDet/tools/cfgs/models/S/F/S_F_N/default/ckpt/latest_model
2026-08-15 17:24:31,695   INFO  Train:   10/10 (100%) [33382/55563 ( 60%)]  Loss: 0.3762 (0.938)  LR: 1.842e-06  Time cost: 2:20:04/1:33:04 [6:13:59/1:33:04]  Acc_iter 533450      Data time: 0.00(0.00)  Forward time: 0.21(0.25)  Batch time: 0.22(0.25)
2026-08-15 17:24:44,050   INFO  Train:   10/10 (100%) [33432/55563 ( 60%)]  Loss: 1.112 (0.938)  LR: 1.834e-06  Time cost: 2:20:17/1:32:51 [6:14:12/1:32:51]  Acc_iter 533500      Data time: 0.00(0.00)  Forward time: 0.30(0.25)  Batch time: 0.30(0.25)
2026-08-15 17:24:56,667   INFO  Train:   10/10 (100%) [33482/55563 ( 60%)]  Loss: 0.7523 (0.938)  LR: 1.826e-06  Time cost: 2:20:29/1:32:39 [6:14:24/1:32:39]  Acc_iter 533550      Data time: 0.00(0.00)  Forward time: 0.27(0.25)  Batch time: 0.27(0.25)
2026-08-15 17:24:57,053   INFO  a1e06a0b30c0                Sat Aug 15 17:24:57 2026  580.173.02
[0] NVIDIA GeForce RTX 3070 | 71°C,  83 % |  7389 /  8192 MB | root(6928M)

2026-08-15 17:25:09,357   INFO  Train:   10/10 (100%) [33532/55563 ( 60%)]  Loss: 1.056 (0.938)  LR: 1.818e-06  Time cost: 2:20:42/1:32:26 [6:14:37/1:32:26]  Acc_iter 533600      Data time: 0.00(0.00)  Forward time: 0.22(0.25)  Batch time: 0.22(0.25)
2026-08-15 17:25:21,634   INFO  Train:   10/10 (100%) [33582/55563 ( 60%)]  Loss: 0.6696 (0.938)  LR: 1.809e-06  Time cost: 2:20:54/1:32:13 [6:14:49/1:32:13]  Acc_iter 533650      Data time: 0.00(0.00)  Forward time: 0.24(0.25)  Batch time: 0.24(0.25)
2026-08-15 17:25:33,899   INFO  Train:   10/10 (100%) [33632/55563 ( 61%)]  Loss: 0.6575 (0.938)  LR: 1.801e-06  Time cost: 2:21:06/1:32:00 [6:15:01/1:32:00]  Acc_iter 533700      Data time: 0.00(0.00)  Forward time: 0.25(0.25)  Batch time: 0.25(0.25)
2026-08-15 17:25:34,280   INFO  a1e06a0b30c0                Sat Aug 15 17:25:34 2026  580.173.02
[0] NVIDIA GeForce RTX 3070 | 76°C,  75 % |  7388 /  8192 MB | root(6928M)

2026-08-15 17:25:46,874   INFO  Train:   10/10 (100%) [33682/55563 ( 61%)]  Loss: 0.6860 (0.938)  LR: 1.793e-06  Time cost: 2:21:19/1:31:48 [6:15:14/1:31:48]  Acc_iter 533750      Data time: 0.00(0.00)  Forward time: 0.23(0.25)  Batch time: 0.23(0.25)
2026-08-15 17:25:59,484   INFO  Train:   10/10 (100%) [33732/55563 ( 61%)]  Loss: 0.2294 (0.938)  LR: 1.785e-06  Time cost: 2:21:32/1:31:36 [6:15:27/1:31:36]  Acc_iter 533800      Data time: 0.00(0.00)  Forward time: 0.25(0.25)  Batch time: 0.25(0.25)
2026-08-15 17:26:12,015   INFO  Train:   10/10 (100%) [33782/55563 ( 61%)]  Loss: 0.9070 (0.938)  LR: 1.777e-06  Time cost: 2:21:45/1:31:23 [6:15:40/1:31:23]  Acc_iter 533850      Data time: 0.00(0.00)  Forward time: 0.28(0.25)  Batch time: 0.29(0.25)
2026-08-15 17:26:12,393   INFO  a1e06a0b30c0                Sat Aug 15 17:26:12 2026  580.173.02
[0] NVIDIA GeForce RTX 3070 | 75°C,  63 % |  7388 /  8192 MB | root(6928M)

2026-08-15 17:26:24,723   INFO  Train:   10/10 (100%) [33832/55563 ( 61%)]  Loss: 1.259 (0.938)  LR: 1.769e-06  Time cost: 2:21:57/1:31:10 [6:15:52/1:31:10]  Acc_iter 533900      Data time: 0.00(0.00)  Forward time: 0.25(0.25)  Batch time: 0.25(0.25)
2026-08-15 17:26:37,193   INFO  Train:   10/10 (100%) [33882/55563 ( 61%)]  Loss: 0.6811 (0.938)  LR: 1.761e-06  Time cost: 2:22:10/1:30:58 [6:16:05/1:30:58]  Acc_iter 533950      Data time: 0.00(0.00)  Forward time: 0.23(0.25)  Batch time: 0.23(0.25)
2026-08-15 17:26:49,817   INFO  Train:   10/10 (100%) [33932/55563 ( 61%)]  Loss: 0.2860 (0.938)  LR: 1.752e-06  Time cost: 2:22:22/1:30:45 [6:16:17/1:30:45]  Acc_iter 534000      Data time: 0.00(0.00)  Forward time: 0.22(0.25)  Batch time: 0.23(0.25)
2026-08-15 17:26:50,191   INFO  a1e06a0b30c0                Sat Aug 15 17:26:50 2026  580.173.02
[0] NVIDIA GeForce RTX 3070 | 76°C,  89 % |  7389 /  8192 MB | root(6928M)

2026-08-15 17:27:02,294   INFO  Train:   10/10 (100%) [33982/55563 ( 61%)]  Loss: 0.4107 (0.938)  LR: 1.744e-06  Time cost: 2:22:35/1:30:33 [6:16:30/1:30:33]  Acc_iter 534050      Data time: 0.00(0.00)  Forward time: 0.23(0.25)  Batch time: 0.23(0.25)
2026-08-15 17:27:14,797   INFO  Train:   10/10 (100%) [34032/55563 ( 61%)]  Loss: 0.6668 (0.938)  LR: 1.736e-06  Time cost: 2:22:47/1:30:20 [6:16:42/1:30:20]  Acc_iter 534100      Data time: 0.00(0.00)  Forward time: 0.30(0.25)  Batch time: 0.30(0.25)
2026-08-15 17:27:27,656   INFO  Train:   10/10 (100%) [34082/55563 ( 61%)]  Loss: 0.7494 (0.937)  LR: 1.728e-06  Time cost: 2:23:00/1:30:08 [6:16:55/1:30:08]  Acc_iter 534150      Data time: 0.00(0.00)  Forward time: 0.26(0.25)  Batch time: 0.26(0.25)
2026-08-15 17:27:28,083   INFO  a1e06a0b30c0                Sat Aug 15 17:27:28 2026  580.173.02
[0] NVIDIA GeForce RTX 3070 | 69°C,  84 % |  7388 /  8192 MB | root(6928M)

2026-08-15 17:27:40,724   INFO  Train:   10/10 (100%) [34132/55563 ( 61%)]  Loss: 0.8830 (0.938)  LR: 1.720e-06  Time cost: 2:23:13/1:29:55 [6:17:08/1:29:55]  Acc_iter 534200      Data time: 0.00(0.00)  Forward time: 0.23(0.25)  Batch time: 0.23(0.25)
2026-08-15 17:27:53,045   INFO  Train:   10/10 (100%) [34182/55563 ( 62%)]  Loss: 1.289 (0.938)  LR: 1.712e-06  Time cost: 2:23:26/1:29:42 [6:17:21/1:29:42]  Acc_iter 534250      Data time: 0.00(0.00)  Forward time: 0.21(0.25)  Batch time: 0.21(0.25)
2026-08-15 17:28:05,280   INFO  Train:   10/10 (100%) [34232/55563 ( 62%)]  Loss: 0.7644 (0.938)  LR: 1.704e-06  Time cost: 2:23:38/1:29:30 [6:17:33/1:29:30]  Acc_iter 534300      Data time: 0.00(0.00)  Forward time: 0.21(0.25)  Batch time: 0.21(0.25)
2026-08-15 17:28:05,654   INFO  a1e06a0b30c0                Sat Aug 15 17:28:05 2026  580.173.02
[0] NVIDIA GeForce RTX 3070 | 75°C,  99 % |  7384 /  8192 MB | root(6928M)

2026-08-15 17:28:17,828   INFO  Train:   10/10 (100%) [34282/55563 ( 62%)]  Loss: 0.3216 (0.937)  LR: 1.696e-06  Time cost: 2:23:50/1:29:17 [6:17:45/1:29:17]  Acc_iter 534350      Data time: 0.00(0.00)  Forward time: 0.29(0.25)  Batch time: 0.29(0.25)
2026-08-15 17:28:30,321   INFO  Train:   10/10 (100%) [34332/55563 ( 62%)]  Loss: 1.934 (0.937)  LR: 1.689e-06  Time cost: 2:24:03/1:29:04 [6:17:58/1:29:04]  Acc_iter 534400      Data time: 0.00(0.00)  Forward time: 0.25(0.25)  Batch time: 0.25(0.25)
2026-08-15 17:28:43,096   INFO  Train:   10/10 (100%) [34382/55563 ( 62%)]  Loss: 1.158 (0.937)  LR: 1.681e-06  Time cost: 2:24:16/1:28:52 [6:18:11/1:28:52]  Acc_iter 534450      Data time: 0.00(0.00)  Forward time: 0.22(0.25)  Batch time: 0.22(0.25)
2026-08-15 17:28:43,505   INFO  a1e06a0b30c0                Sat Aug 15 17:28:43 2026  580.173.02
[0] NVIDIA GeForce RTX 3070 | 67°C,   1 % |  7387 /  8192 MB | root(6928M)

2026-08-15 17:28:55,851   INFO  Train:   10/10 (100%) [34432/55563 ( 62%)]  Loss: 0.7321 (0.937)  LR: 1.673e-06  Time cost: 2:24:28/1:28:39 [6:18:23/1:28:39]  Acc_iter 534500      Data time: 0.00(0.00)  Forward time: 0.23(0.25)  Batch time: 0.23(0.25)
2026-08-15 17:29:08,244   INFO  Train:   10/10 (100%) [34482/55563 ( 62%)]  Loss: 0.7832 (0.937)  LR: 1.665e-06  Time cost: 2:24:41/1:28:27 [6:18:36/1:28:27]  Acc_iter 534550      Data time: 0.00(0.00)  Forward time: 0.29(0.25)  Batch time: 0.29(0.25)
2026-08-15 17:29:20,942   INFO  Train:   10/10 (100%) [34532/55563 ( 62%)]  Loss: 0.3053 (0.937)  LR: 1.657e-06  Time cost: 2:24:53/1:28:14 [6:18:48/1:28:14]  Acc_iter 534600      Data time: 0.00(0.00)  Forward time: 0.22(0.25)  Batch time: 0.22(0.25)
2026-08-15 17:29:21,370   INFO  a1e06a0b30c0                Sat Aug 15 17:29:21 2026  580.173.02
[0] NVIDIA GeForce RTX 3070 | 73°C,  83 % |  7386 /  8192 MB | root(6928M)

2026-08-15 17:29:27,367   INFO  Save latest model to /OpenPCDet/output/OpenPCDet/tools/cfgs/models/S/F/S_F_N/default/ckpt/latest_model
2026-08-15 17:29:33,926   INFO  Train:   10/10 (100%) [34582/55563 ( 62%)]  Loss: 1.469 (0.937)  LR: 1.649e-06  Time cost: 2:25:06/1:28:02 [6:19:01/1:28:02]  Acc_iter 534650      Data time: 0.00(0.00)  Forward time: 0.26(0.25)  Batch time: 0.27(0.25)
2026-08-15 17:29:46,416   INFO  Train:   10/10 (100%) [34632/55563 ( 62%)]  Loss: 1.216 (0.937)  LR: 1.641e-06  Time cost: 2:25:19/1:27:49 [6:19:14/1:27:49]  Acc_iter 534700      Data time: 0.00(0.00)  Forward time: 0.26(0.25)  Batch time: 0.26(0.25)
2026-08-15 17:29:58,829   INFO  Train:   10/10 (100%) [34682/55563 ( 62%)]  Loss: 1.251 (0.937)  LR: 1.633e-06  Time cost: 2:25:31/1:27:37 [6:19:26/1:27:37]  Acc_iter 534750      Data time: 0.00(0.00)  Forward time: 0.28(0.25)  Batch time: 0.28(0.25)
2026-08-15 17:29:59,213   INFO  a1e06a0b30c0                Sat Aug 15 17:29:59 2026  580.173.02
[0] NVIDIA GeForce RTX 3070 | 74°C,  68 % |  7386 /  8192 MB | root(6928M)

2026-08-15 17:30:11,628   INFO  Train:   10/10 (100%) [34732/55563 ( 63%)]  Loss: 0.6621 (0.937)  LR: 1.626e-06  Time cost: 2:25:44/1:27:24 [6:19:39/1:27:24]  Acc_iter 534800      Data time: 0.00(0.00)  Forward time: 0.29(0.25)  Batch time: 0.30(0.25)
2026-08-15 17:30:24,332   INFO  Train:   10/10 (100%) [34782/55563 ( 63%)]  Loss: 0.5384 (0.937)  LR: 1.618e-06  Time cost: 2:25:57/1:27:12 [6:19:52/1:27:12]  Acc_iter 534850      Data time: 0.00(0.00)  Forward time: 0.24(0.25)  Batch time: 0.25(0.25)
2026-08-15 17:30:36,316   INFO  Train:   10/10 (100%) [34832/55563 ( 63%)]  Loss: 0.8905 (0.937)  LR: 1.610e-06  Time cost: 2:26:09/1:26:59 [6:20:04/1:26:59]  Acc_iter 534900      Data time: 0.00(0.00)  Forward time: 0.27(0.25)  Batch time: 0.27(0.25)
2026-08-15 17:30:36,691   INFO  a1e06a0b30c0                Sat Aug 15 17:30:36 2026  580.173.02
[0] NVIDIA GeForce RTX 3070 | 72°C,  94 % |  7387 /  8192 MB | root(6928M)

2026-08-15 17:30:48,979   INFO  Train:   10/10 (100%) [34882/55563 ( 63%)]  Loss: 1.229 (0.937)  LR: 1.602e-06  Time cost: 2:26:21/1:26:46 [6:20:17/1:26:46]  Acc_iter 534950      Data time: 0.00(0.00)  Forward time: 0.25(0.25)  Batch time: 0.25(0.25)
2026-08-15 17:31:01,375   INFO  Train:   10/10 (100%) [34932/55563 ( 63%)]  Loss: 0.6858 (0.937)  LR: 1.595e-06  Time cost: 2:26:34/1:26:33 [6:20:29/1:26:33]  Acc_iter 535000      Data time: 0.00(0.00)  Forward time: 0.26(0.25)  Batch time: 0.26(0.25)
2026-08-15 17:31:14,157   INFO  Train:   10/10 (100%) [34982/55563 ( 63%)]  Loss: 1.085 (0.937)  LR: 1.587e-06  Time cost: 2:26:47/1:26:21 [6:20:42/1:26:21]  Acc_iter 535050      Data time: 0.00(0.00)  Forward time: 0.27(0.25)  Batch time: 0.27(0.25)
2026-08-15 17:31:14,582   INFO  a1e06a0b30c0                Sat Aug 15 17:31:14 2026  580.173.02
[0] NVIDIA GeForce RTX 3070 | 66°C,   1 % |  7388 /  8192 MB | root(6928M)

2026-08-15 17:31:26,861   INFO  Train:   10/10 (100%) [35032/55563 ( 63%)]  Loss: 0.2661 (0.937)  LR: 1.579e-06  Time cost: 2:26:59/1:26:08 [6:20:54/1:26:08]  Acc_iter 535100      Data time: 0.00(0.00)  Forward time: 0.23(0.25)  Batch time: 0.23(0.25)
2026-08-15 17:31:39,504   INFO  Train:   10/10 (100%) [35082/55563 ( 63%)]  Loss: 1.021 (0.937)  LR: 1.572e-06  Time cost: 2:27:12/1:25:56 [6:21:07/1:25:56]  Acc_iter 535150      Data time: 0.00(0.00)  Forward time: 0.28(0.25)  Batch time: 0.28(0.25)
2026-08-15 17:31:52,009   INFO  Train:   10/10 (100%) [35132/55563 ( 63%)]  Loss: 1.237 (0.937)  LR: 1.564e-06  Time cost: 2:27:25/1:25:43 [6:21:20/1:25:43]  Acc_iter 535200      Data time: 0.00(0.00)  Forward time: 0.27(0.25)  Batch time: 0.27(0.25)
2026-08-15 17:31:52,407   INFO  a1e06a0b30c0                Sat Aug 15 17:31:52 2026  580.173.02
[0] NVIDIA GeForce RTX 3070 | 72°C,  75 % |  7388 /  8192 MB | root(6928M)

2026-08-15 17:32:04,920   INFO  Train:   10/10 (100%) [35182/55563 ( 63%)]  Loss: 0.6263 (0.937)  LR: 1.556e-06  Time cost: 2:27:37/1:25:31 [6:21:32/1:25:31]  Acc_iter 535250      Data time: 0.00(0.00)  Forward time: 0.26(0.25)  Batch time: 0.26(0.25)
2026-08-15 17:32:17,322   INFO  Train:   10/10 (100%) [35232/55563 ( 63%)]  Loss: 0.6300 (0.937)  LR: 1.549e-06  Time cost: 2:27:50/1:25:18 [6:21:45/1:25:18]  Acc_iter 535300      Data time: 0.00(0.00)  Forward time: 0.22(0.25)  Batch time: 0.22(0.25)
2026-08-15 17:32:29,835   INFO  Train:   10/10 (100%) [35282/55563 ( 63%)]  Loss: 0.3560 (0.937)  LR: 1.541e-06  Time cost: 2:28:02/1:25:05 [6:21:57/1:25:05]  Acc_iter 535350      Data time: 0.00(0.00)  Forward time: 0.24(0.25)  Batch time: 0.25(0.25)
2026-08-15 17:32:30,205   INFO  a1e06a0b30c0                Sat Aug 15 17:32:30 2026  580.173.02
[0] NVIDIA GeForce RTX 3070 | 73°C,  96 % |  7389 /  8192 MB | root(6928M)

2026-08-15 17:32:42,748   INFO  Train:   10/10 (100%) [35332/55563 ( 64%)]  Loss: 0.9110 (0.937)  LR: 1.534e-06  Time cost: 2:28:15/1:24:53 [6:22:10/1:24:53]  Acc_iter 535400      Data time: 0.00(0.00)  Forward time: 0.27(0.25)  Batch time: 0.27(0.25)
2026-08-15 17:32:55,506   INFO  Train:   10/10 (100%) [35382/55563 ( 64%)]  Loss: 1.625 (0.937)  LR: 1.526e-06  Time cost: 2:28:28/1:24:41 [6:22:23/1:24:41]  Acc_iter 535450      Data time: 0.00(0.00)  Forward time: 0.28(0.25)  Batch time: 0.28(0.25)
2026-08-15 17:33:08,287   INFO  Train:   10/10 (100%) [35432/55563 ( 64%)]  Loss: 1.188 (0.937)  LR: 1.519e-06  Time cost: 2:28:41/1:24:28 [6:22:36/1:24:28]  Acc_iter 535500      Data time: 0.00(0.00)  Forward time: 0.25(0.25)  Batch time: 0.25(0.25)
2026-08-15 17:33:08,669   INFO  a1e06a0b30c0                Sat Aug 15 17:33:08 2026  580.173.02
[0] NVIDIA GeForce RTX 3070 | 73°C,  18 % |  7384 /  8192 MB | root(6928M)

2026-08-15 17:33:21,252   INFO  Train:   10/10 (100%) [35482/55563 ( 64%)]  Loss: 0.6993 (0.937)  LR: 1.511e-06  Time cost: 2:28:54/1:24:16 [6:22:49/1:24:16]  Acc_iter 535550      Data time: 0.00(0.00)  Forward time: 0.30(0.25)  Batch time: 0.30(0.25)
2026-08-15 17:33:33,289   INFO  Train:   10/10 (100%) [35532/55563 ( 64%)]  Loss: 0.7433 (0.937)  LR: 1.504e-06  Time cost: 2:29:06/1:24:03 [6:23:01/1:24:03]  Acc_iter 535600      Data time: 0.00(0.00)  Forward time: 0.21(0.25)  Batch time: 0.21(0.25)
2026-08-15 17:33:45,702   INFO  Train:   10/10 (100%) [35582/55563 ( 64%)]  Loss: 1.057 (0.937)  LR: 1.496e-06  Time cost: 2:29:18/1:23:50 [6:23:13/1:23:50]  Acc_iter 535650      Data time: 0.00(0.00)  Forward time: 0.29(0.25)  Batch time: 0.29(0.25)
2026-08-15 17:33:46,093   INFO  a1e06a0b30c0                Sat Aug 15 17:33:46 2026  580.173.02
[0] NVIDIA GeForce RTX 3070 | 66°C,  94 % |  7388 /  8192 MB | root(6928M)

2026-08-15 17:33:59,080   INFO  Train:   10/10 (100%) [35632/55563 ( 64%)]  Loss: 1.681 (0.937)  LR: 1.489e-06  Time cost: 2:29:32/1:23:38 [6:23:27/1:23:38]  Acc_iter 535700      Data time: 0.00(0.00)  Forward time: 0.26(0.25)  Batch time: 0.26(0.25)
2026-08-15 17:34:11,215   INFO  Train:   10/10 (100%) [35682/55563 ( 64%)]  Loss: 0.4937 (0.937)  LR: 1.481e-06  Time cost: 2:29:44/1:23:25 [6:23:39/1:23:25]  Acc_iter 535750      Data time: 0.00(0.00)  Forward time: 0.22(0.25)  Batch time: 0.22(0.25)
2026-08-15 17:34:23,763   INFO  Train:   10/10 (100%) [35732/55563 ( 64%)]  Loss: 0.8836 (0.937)  LR: 1.474e-06  Time cost: 2:29:56/1:23:12 [6:23:51/1:23:12]  Acc_iter 535800      Data time: 0.00(0.00)  Forward time: 0.23(0.25)  Batch time: 0.24(0.25)
2026-08-15 17:34:24,174   INFO  a1e06a0b30c0                Sat Aug 15 17:34:24 2026  580.173.02
[0] NVIDIA GeForce RTX 3070 | 68°C,  70 % |  7389 /  8192 MB | root(6928M)

2026-08-15 17:34:27,299   INFO  Save latest model to /OpenPCDet/output/OpenPCDet/tools/cfgs/models/S/F/S_F_N/default/ckpt/latest_model
2026-08-15 17:34:36,701   INFO  Train:   10/10 (100%) [35782/55563 ( 64%)]  Loss: 1.362 (0.937)  LR: 1.467e-06  Time cost: 2:30:09/1:23:00 [6:24:04/1:23:00]  Acc_iter 535850      Data time: 0.00(0.00)  Forward time: 0.28(0.25)  Batch time: 0.29(0.25)
2026-08-15 17:34:49,506   INFO  Train:   10/10 (100%) [35832/55563 ( 64%)]  Loss: 0.3638 (0.936)  LR: 1.459e-06  Time cost: 2:30:22/1:22:48 [6:24:17/1:22:48]  Acc_iter 535900      Data time: 0.00(0.00)  Forward time: 0.21(0.25)  Batch time: 0.22(0.25)
2026-08-15 17:35:02,189   INFO  Train:   10/10 (100%) [35882/55563 ( 65%)]  Loss: 0.9515 (0.936)  LR: 1.452e-06  Time cost: 2:30:35/1:22:35 [6:24:30/1:22:35]  Acc_iter 535950      Data time: 0.00(0.00)  Forward time: 0.26(0.25)  Batch time: 0.26(0.25)
2026-08-15 17:35:02,560   INFO  a1e06a0b30c0                Sat Aug 15 17:35:02 2026  580.173.02
[0] NVIDIA GeForce RTX 3070 | 68°C,   3 % |  7388 /  8192 MB | root(6928M)

2026-08-15 17:35:14,800   INFO  Train:   10/10 (100%) [35932/55563 ( 65%)]  Loss: 0.5956 (0.937)  LR: 1.444e-06  Time cost: 2:30:47/1:22:23 [6:24:42/1:22:23]  Acc_iter 536000      Data time: 0.00(0.00)  Forward time: 0.22(0.25)  Batch time: 0.22(0.25)
2026-08-15 17:35:27,001   INFO  Train:   10/10 (100%) [35982/55563 ( 65%)]  Loss: 1.267 (0.937)  LR: 1.437e-06  Time cost: 2:30:59/1:22:10 [6:24:55/1:22:10]  Acc_iter 536050      Data time: 0.00(0.00)  Forward time: 0.23(0.25)  Batch time: 0.23(0.25)
2026-08-15 17:35:39,606   INFO  Train:   10/10 (100%) [36032/55563 ( 65%)]  Loss: 0.8648 (0.936)  LR: 1.430e-06  Time cost: 2:31:12/1:21:57 [6:25:07/1:21:57]  Acc_iter 536100      Data time: 0.00(0.00)  Forward time: 0.26(0.25)  Batch time: 0.27(0.25)
2026-08-15 17:35:40,065   INFO  a1e06a0b30c0                Sat Aug 15 17:35:40 2026  580.173.02
[0] NVIDIA GeForce RTX 3070 | 67°C,  95 % |  7388 /  8192 MB | root(6928M)

2026-08-15 17:35:52,355   INFO  Train:   10/10 (100%) [36082/55563 ( 65%)]  Loss: 0.8974 (0.936)  LR: 1.423e-06  Time cost: 2:31:25/1:21:45 [6:25:20/1:21:45]  Acc_iter 536150      Data time: 0.00(0.00)  Forward time: 0.23(0.25)  Batch time: 0.23(0.25)
2026-08-15 17:36:04,701   INFO  Train:   10/10 (100%) [36132/55563 ( 65%)]  Loss: 0.6283 (0.937)  LR: 1.415e-06  Time cost: 2:31:37/1:21:32 [6:25:32/1:21:32]  Acc_iter 536200      Data time: 0.00(0.00)  Forward time: 0.23(0.25)  Batch time: 0.23(0.25)
2026-08-15 17:36:17,332   INFO  Train:   10/10 (100%) [36182/55563 ( 65%)]  Loss: 2.102 (0.937)  LR: 1.408e-06  Time cost: 2:31:50/1:21:19 [6:25:45/1:21:19]  Acc_iter 536250      Data time: 0.00(0.00)  Forward time: 0.26(0.25)  Batch time: 0.26(0.25)
2026-08-15 17:36:17,729   INFO  a1e06a0b30c0                Sat Aug 15 17:36:17 2026  580.173.02
[0] NVIDIA GeForce RTX 3070 | 76°C,  99 % |  7389 /  8192 MB | root(6928M)

2026-08-15 17:36:30,455   INFO  Train:   10/10 (100%) [36232/55563 ( 65%)]  Loss: 1.075 (0.937)  LR: 1.401e-06  Time cost: 2:32:03/1:21:07 [6:25:58/1:21:07]  Acc_iter 536300      Data time: 0.00(0.00)  Forward time: 0.21(0.25)  Batch time: 0.22(0.25)
2026-08-15 17:36:43,171   INFO  Train:   10/10 (100%) [36282/55563 ( 65%)]  Loss: 1.123 (0.937)  LR: 1.394e-06  Time cost: 2:32:16/1:20:55 [6:26:11/1:20:55]  Acc_iter 536350      Data time: 0.00(0.00)  Forward time: 0.23(0.25)  Batch time: 0.23(0.25)
2026-08-15 17:36:55,341   INFO  Train:   10/10 (100%) [36332/55563 ( 65%)]  Loss: 1.232 (0.937)  LR: 1.386e-06  Time cost: 2:32:28/1:20:42 [6:26:23/1:20:42]  Acc_iter 536400      Data time: 0.00(0.00)  Forward time: 0.24(0.25)  Batch time: 0.24(0.25)
2026-08-15 17:36:55,712   INFO  a1e06a0b30c0                Sat Aug 15 17:36:55 2026  580.173.02
[0] NVIDIA GeForce RTX 3070 | 76°C,  96 % |  7388 /  8192 MB | root(6928M)

2026-08-15 17:37:08,049   INFO  Train:   10/10 (100%) [36382/55563 ( 65%)]  Loss: 0.5076 (0.937)  LR: 1.379e-06  Time cost: 2:32:41/1:20:29 [6:26:36/1:20:29]  Acc_iter 536450      Data time: 0.00(0.00)  Forward time: 0.26(0.25)  Batch time: 0.26(0.25)
2026-08-15 17:37:20,362   INFO  Train:   10/10 (100%) [36432/55563 ( 66%)]  Loss: 0.4151 (0.937)  LR: 1.372e-06  Time cost: 2:32:53/1:20:16 [6:26:48/1:20:16]  Acc_iter 536500      Data time: 0.00(0.00)  Forward time: 0.21(0.25)  Batch time: 0.21(0.25)
2026-08-15 17:37:33,055   INFO  Train:   10/10 (100%) [36482/55563 ( 66%)]  Loss: 0.7091 (0.936)  LR: 1.365e-06  Time cost: 2:33:06/1:20:04 [6:27:01/1:20:04]  Acc_iter 536550      Data time: 0.00(0.00)  Forward time: 0.23(0.25)  Batch time: 0.23(0.25)
2026-08-15 17:37:33,449   INFO  a1e06a0b30c0                Sat Aug 15 17:37:33 2026  580.173.02
[0] NVIDIA GeForce RTX 3070 | 76°C,  71 % |  7388 /  8192 MB | root(6928M)

2026-08-15 17:37:45,755   INFO  Train:   10/10 (100%) [36532/55563 ( 66%)]  Loss: 0.4778 (0.936)  LR: 1.358e-06  Time cost: 2:33:18/1:19:51 [6:27:13/1:19:51]  Acc_iter 536600      Data time: 0.00(0.00)  Forward time: 0.24(0.25)  Batch time: 0.24(0.25)
2026-08-15 17:37:58,193   INFO  Train:   10/10 (100%) [36582/55563 ( 66%)]  Loss: 1.114 (0.937)  LR: 1.351e-06  Time cost: 2:33:31/1:19:39 [6:27:26/1:19:39]  Acc_iter 536650      Data time: 0.00(0.00)  Forward time: 0.25(0.25)  Batch time: 0.25(0.25)
2026-08-15 17:38:10,881   INFO  Train:   10/10 (100%) [36632/55563 ( 66%)]  Loss: 0.4263 (0.937)  LR: 1.344e-06  Time cost: 2:33:43/1:19:26 [6:27:38/1:19:26]  Acc_iter 536700      Data time: 0.00(0.00)  Forward time: 0.25(0.25)  Batch time: 0.25(0.25)
2026-08-15 17:38:11,252   INFO  a1e06a0b30c0                Sat Aug 15 17:38:11 2026  580.173.02
[0] NVIDIA GeForce RTX 3070 | 74°C,  99 % |  7385 /  8192 MB | root(6928M)

2026-08-15 17:38:23,828   INFO  Train:   10/10 (100%) [36682/55563 ( 66%)]  Loss: 1.360 (0.937)  LR: 1.337e-06  Time cost: 2:33:56/1:19:14 [6:27:51/1:19:14]  Acc_iter 536750      Data time: 0.00(0.00)  Forward time: 0.25(0.25)  Batch time: 0.26(0.25)
2026-08-15 17:38:36,555   INFO  Train:   10/10 (100%) [36732/55563 ( 66%)]  Loss: 1.059 (0.937)  LR: 1.330e-06  Time cost: 2:34:09/1:19:01 [6:28:04/1:19:01]  Acc_iter 536800      Data time: 0.00(0.00)  Forward time: 0.22(0.25)  Batch time: 0.22(0.25)
2026-08-15 17:38:48,771   INFO  Train:   10/10 (100%) [36782/55563 ( 66%)]  Loss: 1.048 (0.937)  LR: 1.322e-06  Time cost: 2:34:21/1:18:48 [6:28:16/1:18:48]  Acc_iter 536850      Data time: 0.00(0.00)  Forward time: 0.21(0.25)  Batch time: 0.21(0.25)
2026-08-15 17:38:49,148   INFO  a1e06a0b30c0                Sat Aug 15 17:38:49 2026  580.173.02
[0] NVIDIA GeForce RTX 3070 | 70°C,  76 % |  7388 /  8192 MB | root(6928M)

2026-08-15 17:39:01,643   INFO  Train:   10/10 (100%) [36832/55563 ( 66%)]  Loss: 0.6016 (0.937)  LR: 1.315e-06  Time cost: 2:34:34/1:18:36 [6:28:29/1:18:36]  Acc_iter 536900      Data time: 0.00(0.00)  Forward time: 0.27(0.25)  Batch time: 0.27(0.25)
2026-08-15 17:39:14,255   INFO  Train:   10/10 (100%) [36882/55563 ( 66%)]  Loss: 0.9706 (0.937)  LR: 1.308e-06  Time cost: 2:34:47/1:18:23 [6:28:42/1:18:23]  Acc_iter 536950      Data time: 0.00(0.00)  Forward time: 0.24(0.25)  Batch time: 0.24(0.25)
2026-08-15 17:39:26,945   INFO  Train:   10/10 (100%) [36932/55563 ( 66%)]  Loss: 0.7379 (0.937)  LR: 1.302e-06  Time cost: 2:34:59/1:18:11 [6:28:54/1:18:11]  Acc_iter 537000      Data time: 0.00(0.00)  Forward time: 0.26(0.25)  Batch time: 0.26(0.25)
2026-08-15 17:39:27,339   INFO  a1e06a0b30c0                Sat Aug 15 17:39:27 2026  580.173.02
[0] NVIDIA GeForce RTX 3070 | 75°C,  94 % |  7388 /  8192 MB | root(6928M)

2026-08-15 17:39:27,436   INFO  Save latest model to /OpenPCDet/output/OpenPCDet/tools/cfgs/models/S/F/S_F_N/default/ckpt/latest_model
2026-08-15 17:39:39,819   INFO  Train:   10/10 (100%) [36982/55563 ( 67%)]  Loss: 0.9337 (0.937)  LR: 1.295e-06  Time cost: 2:35:12/1:17:58 [6:29:07/1:17:58]  Acc_iter 537050      Data time: 0.00(0.00)  Forward time: 0.27(0.25)  Batch time: 0.28(0.25)
2026-08-15 17:39:52,012   INFO  Train:   10/10 (100%) [37032/55563 ( 67%)]  Loss: 0.5792 (0.937)  LR: 1.288e-06  Time cost: 2:35:25/1:17:46 [6:29:20/1:17:46]  Acc_iter 537100      Data time: 0.00(0.00)  Forward time: 0.24(0.25)  Batch time: 0.24(0.25)
2026-08-15 17:40:04,339   INFO  Train:   10/10 (100%) [37082/55563 ( 67%)]  Loss: 0.5965 (0.937)  LR: 1.281e-06  Time cost: 2:35:37/1:17:33 [6:29:32/1:17:33]  Acc_iter 537150      Data time: 0.00(0.00)  Forward time: 0.26(0.25)  Batch time: 0.26(0.25)
2026-08-15 17:40:04,787   INFO  a1e06a0b30c0                Sat Aug 15 17:40:04 2026  580.173.02
[0] NVIDIA GeForce RTX 3070 | 72°C,  94 % |  7389 /  8192 MB | root(6928M)

2026-08-15 17:40:17,569   INFO  Train:   10/10 (100%) [37132/55563 ( 67%)]  Loss: 0.5185 (0.937)  LR: 1.274e-06  Time cost: 2:35:50/1:17:21 [6:29:45/1:17:21]  Acc_iter 537200      Data time: 0.00(0.00)  Forward time: 0.20(0.25)  Batch time: 0.20(0.25)
2026-08-15 17:40:29,896   INFO  Train:   10/10 (100%) [37182/55563 ( 67%)]  Loss: 0.6022 (0.937)  LR: 1.267e-06  Time cost: 2:36:02/1:17:08 [6:29:57/1:17:08]  Acc_iter 537250      Data time: 0.00(0.00)  Forward time: 0.25(0.25)  Batch time: 0.25(0.25)
2026-08-15 17:40:42,256   INFO  Train:   10/10 (100%) [37232/55563 ( 67%)]  Loss: 0.8899 (0.937)  LR: 1.260e-06  Time cost: 2:36:15/1:16:55 [6:30:10/1:16:55]  Acc_iter 537300      Data time: 0.00(0.00)  Forward time: 0.24(0.25)  Batch time: 0.24(0.25)
2026-08-15 17:40:42,625   INFO  a1e06a0b30c0                Sat Aug 15 17:40:42 2026  580.173.02
[0] NVIDIA GeForce RTX 3070 | 69°C,  31 % |  7388 /  8192 MB | root(6928M)

2026-08-15 17:40:55,071   INFO  Train:   10/10 (100%) [37282/55563 ( 67%)]  Loss: 0.7002 (0.937)  LR: 1.253e-06  Time cost: 2:36:28/1:16:43 [6:30:23/1:16:43]  Acc_iter 537350      Data time: 0.00(0.00)  Forward time: 0.24(0.25)  Batch time: 0.24(0.25)
2026-08-15 17:41:07,774   INFO  Train:   10/10 (100%) [37332/55563 ( 67%)]  Loss: 0.8343 (0.937)  LR: 1.246e-06  Time cost: 2:36:40/1:16:30 [6:30:35/1:16:30]  Acc_iter 537400      Data time: 0.00(0.00)  Forward time: 0.23(0.25)  Batch time: 0.23(0.25)
2026-08-15 17:41:20,149   INFO  Train:   10/10 (100%) [37382/55563 ( 67%)]  Loss: 0.5222 (0.937)  LR: 1.240e-06  Time cost: 2:36:53/1:16:18 [6:30:48/1:16:18]  Acc_iter 537450      Data time: 0.00(0.00)  Forward time: 0.22(0.25)  Batch time: 0.22(0.25)
2026-08-15 17:41:20,560   INFO  a1e06a0b30c0                Sat Aug 15 17:41:20 2026  580.173.02
[0] NVIDIA GeForce RTX 3070 | 66°C,   1 % |  7388 /  8192 MB | root(6928M)

2026-08-15 17:41:33,152   INFO  Train:   10/10 (100%) [37432/55563 ( 67%)]  Loss: 0.7930 (0.937)  LR: 1.233e-06  Time cost: 2:37:06/1:16:05 [6:31:01/1:16:05]  Acc_iter 537500      Data time: 0.00(0.00)  Forward time: 0.27(0.25)  Batch time: 0.27(0.25)
2026-08-15 17:41:45,453   INFO  Train:   10/10 (100%) [37482/55563 ( 67%)]  Loss: 0.7447 (0.937)  LR: 1.226e-06  Time cost: 2:37:18/1:15:52 [6:31:13/1:15:52]  Acc_iter 537550      Data time: 0.00(0.00)  Forward time: 0.24(0.25)  Batch time: 0.24(0.25)
2026-08-15 17:41:57,932   INFO  Train:   10/10 (100%) [37532/55563 ( 68%)]  Loss: 0.3094 (0.937)  LR: 1.219e-06  Time cost: 2:37:30/1:15:40 [6:31:25/1:15:40]  Acc_iter 537600      Data time: 0.00(0.00)  Forward time: 0.24(0.25)  Batch time: 0.24(0.25)
2026-08-15 17:41:58,364   INFO  a1e06a0b30c0                Sat Aug 15 17:41:58 2026  580.173.02
[0] NVIDIA GeForce RTX 3070 | 70°C,  96 % |  7389 /  8192 MB | root(6928M)

2026-08-15 17:42:10,911   INFO  Train:   10/10 (100%) [37582/55563 ( 68%)]  Loss: 0.4797 (0.936)  LR: 1.213e-06  Time cost: 2:37:43/1:15:27 [6:31:38/1:15:27]  Acc_iter 537650      Data time: 0.00(0.00)  Forward time: 0.24(0.25)  Batch time: 0.24(0.25)
2026-08-15 17:42:23,280   INFO  Train:   10/10 (100%) [37632/55563 ( 68%)]  Loss: 0.6794 (0.937)  LR: 1.206e-06  Time cost: 2:37:56/1:15:15 [6:31:51/1:15:15]  Acc_iter 537700      Data time: 0.00(0.00)  Forward time: 0.26(0.25)  Batch time: 0.26(0.25)
2026-08-15 17:42:35,817   INFO  Train:   10/10 (100%) [37682/55563 ( 68%)]  Loss: 1.321 (0.937)  LR: 1.199e-06  Time cost: 2:38:08/1:15:02 [6:32:03/1:15:02]  Acc_iter 537750      Data time: 0.00(0.00)  Forward time: 0.25(0.25)  Batch time: 0.25(0.25)
2026-08-15 17:42:36,211   INFO  a1e06a0b30c0                Sat Aug 15 17:42:36 2026  580.173.02
[0] NVIDIA GeForce RTX 3070 | 67°C,  81 % |  7388 /  8192 MB | root(6928M)

2026-08-15 17:42:49,127   INFO  Train:   10/10 (100%) [37732/55563 ( 68%)]  Loss: 0.7724 (0.937)  LR: 1.193e-06  Time cost: 2:38:22/1:14:50 [6:32:17/1:14:50]  Acc_iter 537800      Data time: 0.00(0.00)  Forward time: 0.28(0.25)  Batch time: 0.28(0.25)
2026-08-15 17:43:01,682   INFO  Train:   10/10 (100%) [37782/55563 ( 68%)]  Loss: 1.237 (0.936)  LR: 1.186e-06  Time cost: 2:38:34/1:14:37 [6:32:29/1:14:37]  Acc_iter 537850      Data time: 0.00(0.00)  Forward time: 0.25(0.25)  Batch time: 0.25(0.25)
2026-08-15 17:43:13,797   INFO  Train:   10/10 (100%) [37832/55563 ( 68%)]  Loss: 0.8558 (0.936)  LR: 1.179e-06  Time cost: 2:38:46/1:14:24 [6:32:41/1:14:24]  Acc_iter 537900      Data time: 0.00(0.00)  Forward time: 0.25(0.25)  Batch time: 0.25(0.25)
2026-08-15 17:43:14,172   INFO  a1e06a0b30c0                Sat Aug 15 17:43:14 2026  580.173.02
[0] NVIDIA GeForce RTX 3070 | 67°C,  72 % |  7384 /  8192 MB | root(6928M)

2026-08-15 17:43:26,780   INFO  Train:   10/10 (100%) [37882/55563 ( 68%)]  Loss: 0.9147 (0.936)  LR: 1.173e-06  Time cost: 2:38:59/1:14:12 [6:32:54/1:14:12]  Acc_iter 537950      Data time: 0.00(0.00)  Forward time: 0.29(0.25)  Batch time: 0.29(0.25)
2026-08-15 17:43:39,173   INFO  Train:   10/10 (100%) [37932/55563 ( 68%)]  Loss: 0.7001 (0.936)  LR: 1.166e-06  Time cost: 2:39:12/1:13:59 [6:33:07/1:13:59]  Acc_iter 538000      Data time: 0.00(0.00)  Forward time: 0.25(0.25)  Batch time: 0.25(0.25)
2026-08-15 17:43:51,918   INFO  Train:   10/10 (100%) [37982/55563 ( 68%)]  Loss: 1.292 (0.937)  LR: 1.159e-06  Time cost: 2:39:24/1:13:47 [6:33:19/1:13:47]  Acc_iter 538050      Data time: 0.00(0.00)  Forward time: 0.27(0.25)  Batch time: 0.28(0.25)
2026-08-15 17:43:52,307   INFO  a1e06a0b30c0                Sat Aug 15 17:43:52 2026  580.173.02
[0] NVIDIA GeForce RTX 3070 | 72°C,  98 % |  7389 /  8192 MB | root(6928M)

2026-08-15 17:44:04,138   INFO  Train:   10/10 (100%) [38032/55563 ( 68%)]  Loss: 1.672 (0.937)  LR: 1.153e-06  Time cost: 2:39:37/1:13:34 [6:33:32/1:13:34]  Acc_iter 538100      Data time: 0.00(0.00)  Forward time: 0.25(0.25)  Batch time: 0.25(0.25)
2026-08-15 17:44:16,342   INFO  Train:   10/10 (100%) [38082/55563 ( 69%)]  Loss: 0.8952 (0.937)  LR: 1.146e-06  Time cost: 2:39:49/1:13:21 [6:33:44/1:13:21]  Acc_iter 538150      Data time: 0.00(0.00)  Forward time: 0.25(0.25)  Batch time: 0.25(0.25)
2026-08-15 17:44:27,249   INFO  Save latest model to /OpenPCDet/output/OpenPCDet/tools/cfgs/models/S/F/S_F_N/default/ckpt/latest_model
2026-08-15 17:44:28,903   INFO  Train:   10/10 (100%) [38132/55563 ( 69%)]  Loss: 0.4781 (0.937)  LR: 1.140e-06  Time cost: 2:40:01/1:13:09 [6:33:56/1:13:09]  Acc_iter 538200      Data time: 0.00(0.00)  Forward time: 0.22(0.25)  Batch time: 0.23(0.25)
2026-08-15 17:44:29,288   INFO  a1e06a0b30c0                Sat Aug 15 17:44:29 2026  580.173.02
[0] NVIDIA GeForce RTX 3070 | 73°C,  92 % |  7388 /  8192 MB | root(6928M)

2026-08-15 17:44:41,962   INFO  Train:   10/10 (100%) [38182/55563 ( 69%)]  Loss: 0.9573 (0.937)  LR: 1.133e-06  Time cost: 2:40:14/1:12:56 [6:34:10/1:12:56]  Acc_iter 538250      Data time: 0.00(0.00)  Forward time: 0.26(0.25)  Batch time: 0.26(0.25)
2026-08-15 17:44:54,376   INFO  Train:   10/10 (100%) [38232/55563 ( 69%)]  Loss: 0.4275 (0.937)  LR: 1.127e-06  Time cost: 2:40:27/1:12:44 [6:34:22/1:12:44]  Acc_iter 538300      Data time: 0.00(0.00)  Forward time: 0.22(0.25)  Batch time: 0.22(0.25)
2026-08-15 17:45:06,812   INFO  Train:   10/10 (100%) [38282/55563 ( 69%)]  Loss: 0.8585 (0.937)  LR: 1.120e-06  Time cost: 2:40:39/1:12:31 [6:34:34/1:12:31]  Acc_iter 538350      Data time: 0.00(0.00)  Forward time: 0.24(0.25)  Batch time: 0.24(0.25)
2026-08-15 17:45:07,193   INFO  a1e06a0b30c0                Sat Aug 15 17:45:07 2026  580.173.02
[0] NVIDIA GeForce RTX 3070 | 71°C,  99 % |  7388 /  8192 MB | root(6928M)

2026-08-15 17:45:19,662   INFO  Train:   10/10 (100%) [38332/55563 ( 69%)]  Loss: 0.3657 (0.937)  LR: 1.114e-06  Time cost: 2:40:52/1:12:18 [6:34:47/1:12:18]  Acc_iter 538400      Data time: 0.00(0.00)  Forward time: 0.21(0.25)  Batch time: 0.21(0.25)
2026-08-15 17:45:32,267   INFO  Train:   10/10 (100%) [38382/55563 ( 69%)]  Loss: 0.6204 (0.937)  LR: 1.108e-06  Time cost: 2:41:05/1:12:06 [6:35:00/1:12:06]  Acc_iter 538450      Data time: 0.00(0.00)  Forward time: 0.23(0.25)  Batch time: 0.23(0.25)
2026-08-15 17:45:44,795   INFO  Train:   10/10 (100%) [38432/55563 ( 69%)]  Loss: 1.691 (0.937)  LR: 1.101e-06  Time cost: 2:41:17/1:11:53 [6:35:12/1:11:53]  Acc_iter 538500      Data time: 0.00(0.00)  Forward time: 0.23(0.25)  Batch time: 0.23(0.25)
2026-08-15 17:45:45,169   INFO  a1e06a0b30c0                Sat Aug 15 17:45:45 2026  580.173.02
[0] NVIDIA GeForce RTX 3070 | 71°C,  82 % |  7389 /  8192 MB | root(6928M)

2026-08-15 17:45:57,627   INFO  Train:   10/10 (100%) [38482/55563 ( 69%)]  Loss: 0.7841 (0.937)  LR: 1.095e-06  Time cost: 2:41:30/1:11:41 [6:35:25/1:11:41]  Acc_iter 538550      Data time: 0.00(0.00)  Forward time: 0.25(0.25)  Batch time: 0.25(0.25)
2026-08-15 17:46:10,019   INFO  Train:   10/10 (100%) [38532/55563 ( 69%)]  Loss: 0.9000 (0.937)  LR: 1.088e-06  Time cost: 2:41:43/1:11:28 [6:35:38/1:11:28]  Acc_iter 538600      Data time: 0.00(0.00)  Forward time: 0.31(0.25)  Batch time: 0.31(0.25)
2026-08-15 17:46:22,467   INFO  Train:   10/10 (100%) [38582/55563 ( 69%)]  Loss: 1.052 (0.937)  LR: 1.082e-06  Time cost: 2:41:55/1:11:15 [6:35:50/1:11:15]  Acc_iter 538650      Data time: 0.00(0.00)  Forward time: 0.25(0.25)  Batch time: 0.25(0.25)
2026-08-15 17:46:22,870   INFO  a1e06a0b30c0                Sat Aug 15 17:46:22 2026  580.173.02
[0] NVIDIA GeForce RTX 3070 | 73°C,  92 % |  7388 /  8192 MB | root(6928M)

2026-08-15 17:46:35,611   INFO  Train:   10/10 (100%) [38632/55563 ( 70%)]  Loss: 0.6647 (0.937)  LR: 1.076e-06  Time cost: 2:42:08/1:11:03 [6:36:03/1:11:03]  Acc_iter 538700      Data time: 0.00(0.00)  Forward time: 0.24(0.25)  Batch time: 0.24(0.25)
2026-08-15 17:46:48,189   INFO  Train:   10/10 (100%) [38682/55563 ( 70%)]  Loss: 0.8488 (0.937)  LR: 1.069e-06  Time cost: 2:42:21/1:10:50 [6:36:16/1:10:50]  Acc_iter 538750      Data time: 0.00(0.00)  Forward time: 0.23(0.25)  Batch time: 0.23(0.25)
2026-08-15 17:47:00,518   INFO  Train:   10/10 (100%) [38732/55563 ( 70%)]  Loss: 0.8738 (0.937)  LR: 1.063e-06  Time cost: 2:42:33/1:10:38 [6:36:28/1:10:38]  Acc_iter 538800      Data time: 0.00(0.00)  Forward time: 0.22(0.25)  Batch time: 0.22(0.25)
2026-08-15 17:47:00,894   INFO  a1e06a0b30c0                Sat Aug 15 17:47:00 2026  580.173.02
[0] NVIDIA GeForce RTX 3070 | 73°C,  74 % |  7388 /  8192 MB | root(6928M)

2026-08-15 17:47:13,561   INFO  Train:   10/10 (100%) [38782/55563 ( 70%)]  Loss: 0.5400 (0.937)  LR: 1.057e-06  Time cost: 2:42:46/1:10:25 [6:36:41/1:10:25]  Acc_iter 538850      Data time: 0.00(0.00)  Forward time: 0.26(0.25)  Batch time: 0.26(0.25)
2026-08-15 17:47:26,352   INFO  Train:   10/10 (100%) [38832/55563 ( 70%)]  Loss: 0.7057 (0.937)  LR: 1.050e-06  Time cost: 2:42:59/1:10:13 [6:36:54/1:10:13]  Acc_iter 538900      Data time: 0.00(0.00)  Forward time: 0.24(0.25)  Batch time: 0.24(0.25)
2026-08-15 17:47:38,818   INFO  Train:   10/10 (100%) [38882/55563 ( 70%)]  Loss: 1.175 (0.937)  LR: 1.044e-06  Time cost: 2:43:11/1:10:00 [6:37:06/1:10:00]  Acc_iter 538950      Data time: 0.00(0.00)  Forward time: 0.28(0.25)  Batch time: 0.28(0.25)
2026-08-15 17:47:39,193   INFO  a1e06a0b30c0                Sat Aug 15 17:47:39 2026  580.173.02
[0] NVIDIA GeForce RTX 3070 | 70°C,  78 % |  7389 /  8192 MB | root(6928M)

2026-08-15 17:47:51,822   INFO  Train:   10/10 (100%) [38932/55563 ( 70%)]  Loss: 0.8445 (0.937)  LR: 1.038e-06  Time cost: 2:43:24/1:09:48 [6:37:19/1:09:48]  Acc_iter 539000      Data time: 0.00(0.00)  Forward time: 0.25(0.25)  Batch time: 0.25(0.25)
2026-08-15 17:48:04,129   INFO  Train:   10/10 (100%) [38982/55563 ( 70%)]  Loss: 0.7839 (0.937)  LR: 1.032e-06  Time cost: 2:43:37/1:09:35 [6:37:32/1:09:35]  Acc_iter 539050      Data time: 0.00(0.00)  Forward time: 0.26(0.25)  Batch time: 0.27(0.25)
2026-08-15 17:48:16,700   INFO  Train:   10/10 (100%) [39032/55563 ( 70%)]  Loss: 0.8454 (0.938)  LR: 1.026e-06  Time cost: 2:43:49/1:09:23 [6:37:44/1:09:23]  Acc_iter 539100      Data time: 0.00(0.00)  Forward time: 0.26(0.25)  Batch time: 0.26(0.25)
2026-08-15 17:48:17,124   INFO  a1e06a0b30c0                Sat Aug 15 17:48:17 2026  580.173.02
[0] NVIDIA GeForce RTX 3070 | 67°C,  94 % |  7386 /  8192 MB | root(6928M)

2026-08-15 17:48:29,718   INFO  Train:   10/10 (100%) [39082/55563 ( 70%)]  Loss: 0.4428 (0.937)  LR: 1.019e-06  Time cost: 2:44:02/1:09:10 [6:37:57/1:09:10]  Acc_iter 539150      Data time: 0.00(0.00)  Forward time: 0.24(0.25)  Batch time: 0.24(0.25)
2026-08-15 17:48:41,957   INFO  Train:   10/10 (100%) [39132/55563 ( 70%)]  Loss: 0.5473 (0.937)  LR: 1.013e-06  Time cost: 2:44:14/1:08:57 [6:38:10/1:08:57]  Acc_iter 539200      Data time: 0.00(0.00)  Forward time: 0.24(0.25)  Batch time: 0.24(0.25)
2026-08-15 17:48:54,245   INFO  Train:   10/10 (100%) [39182/55563 ( 71%)]  Loss: 0.7852 (0.937)  LR: 1.007e-06  Time cost: 2:44:27/1:08:45 [6:38:22/1:08:45]  Acc_iter 539250      Data time: 0.00(0.00)  Forward time: 0.23(0.25)  Batch time: 0.23(0.25)
2026-08-15 17:48:54,690   INFO  a1e06a0b30c0                Sat Aug 15 17:48:54 2026  580.173.02
[0] NVIDIA GeForce RTX 3070 | 68°C,   2 % |  7388 /  8192 MB | root(6928M)

2026-08-15 17:49:07,467   INFO  Train:   10/10 (100%) [39232/55563 ( 71%)]  Loss: 0.9550 (0.937)  LR: 1.001e-06  Time cost: 2:44:40/1:08:32 [6:38:35/1:08:32]  Acc_iter 539300      Data time: 0.00(0.00)  Forward time: 0.26(0.25)  Batch time: 0.26(0.25)
2026-08-15 17:49:19,918   INFO  Train:   10/10 (100%) [39282/55563 ( 71%)]  Loss: 0.7572 (0.937)  LR: 9.949e-07  Time cost: 2:44:52/1:08:20 [6:38:47/1:08:20]  Acc_iter 539350      Data time: 0.00(0.00)  Forward time: 0.23(0.25)  Batch time: 0.23(0.25)
2026-08-15 17:49:27,360   INFO  Save latest model to /OpenPCDet/output/OpenPCDet/tools/cfgs/models/S/F/S_F_N/default/ckpt/latest_model
2026-08-15 17:49:32,314   INFO  Train:   10/10 (100%) [39332/55563 ( 71%)]  Loss: 0.6042 (0.937)  LR: 9.889e-07  Time cost: 2:45:05/1:08:07 [6:39:00/1:08:07]  Acc_iter 539400      Data time: 0.00(0.00)  Forward time: 0.23(0.25)  Batch time: 0.23(0.25)
2026-08-15 17:49:32,692   INFO  a1e06a0b30c0                Sat Aug 15 17:49:32 2026  580.173.02
[0] NVIDIA GeForce RTX 3070 | 72°C,  55 % |  7389 /  8192 MB | root(6928M)

2026-08-15 17:49:44,953   INFO  Train:   10/10 (100%) [39382/55563 ( 71%)]  Loss: 1.365 (0.937)  LR: 9.828e-07  Time cost: 2:45:17/1:07:54 [6:39:12/1:07:54]  Acc_iter 539450      Data time: 0.00(0.00)  Forward time: 0.23(0.25)  Batch time: 0.23(0.25)
2026-08-15 17:49:57,476   INFO  Train:   10/10 (100%) [39432/55563 ( 71%)]  Loss: 0.6613 (0.937)  LR: 9.768e-07  Time cost: 2:45:30/1:07:42 [6:39:25/1:07:42]  Acc_iter 539500      Data time: 0.00(0.00)  Forward time: 0.22(0.25)  Batch time: 0.22(0.25)
2026-08-15 17:50:10,545   INFO  Train:   10/10 (100%) [39482/55563 ( 71%)]  Loss: 1.467 (0.937)  LR: 9.708e-07  Time cost: 2:45:43/1:07:29 [6:39:38/1:07:29]  Acc_iter 539550      Data time: 0.00(0.00)  Forward time: 0.25(0.25)  Batch time: 0.25(0.25)
2026-08-15 17:50:10,929   INFO  a1e06a0b30c0                Sat Aug 15 17:50:10 2026  580.173.02
[0] NVIDIA GeForce RTX 3070 | 73°C,  92 % |  7388 /  8192 MB | root(6928M)

2026-08-15 17:50:23,271   INFO  Train:   10/10 (100%) [39532/55563 ( 71%)]  Loss: 0.4557 (0.937)  LR: 9.647e-07  Time cost: 2:45:56/1:07:17 [6:39:51/1:07:17]  Acc_iter 539600      Data time: 0.00(0.00)  Forward time: 0.23(0.25)  Batch time: 0.23(0.25)
2026-08-15 17:50:35,526   INFO  Train:   10/10 (100%) [39582/55563 ( 71%)]  Loss: 1.103 (0.937)  LR: 9.588e-07  Time cost: 2:46:08/1:07:04 [6:40:03/1:07:04]  Acc_iter 539650      Data time: 0.00(0.00)  Forward time: 0.25(0.25)  Batch time: 0.25(0.25)
2026-08-15 17:50:47,680   INFO  Train:   10/10 (100%) [39632/55563 ( 71%)]  Loss: 0.6381 (0.937)  LR: 9.528e-07  Time cost: 2:46:20/1:06:51 [6:40:15/1:06:51]  Acc_iter 539700      Data time: 0.00(0.00)  Forward time: 0.22(0.25)  Batch time: 0.22(0.25)
2026-08-15 17:50:48,076   INFO  a1e06a0b30c0                Sat Aug 15 17:50:48 2026  580.173.02
[0] NVIDIA GeForce RTX 3070 | 68°C,  99 % |  7388 /  8192 MB | root(6928M)

2026-08-15 17:51:00,768   INFO  Train:   10/10 (100%) [39682/55563 ( 71%)]  Loss: 0.6524 (0.937)  LR: 9.469e-07  Time cost: 2:46:33/1:06:39 [6:40:28/1:06:39]  Acc_iter 539750      Data time: 0.00(0.00)  Forward time: 0.28(0.25)  Batch time: 0.28(0.25)
2026-08-15 17:51:13,500   INFO  Train:   10/10 (100%) [39732/55563 ( 72%)]  Loss: 0.6225 (0.937)  LR: 9.409e-07  Time cost: 2:46:46/1:06:26 [6:40:41/1:06:26]  Acc_iter 539800      Data time: 0.00(0.00)  Forward time: 0.27(0.25)  Batch time: 0.27(0.25)
2026-08-15 17:51:26,018   INFO  Train:   10/10 (100%) [39782/55563 ( 72%)]  Loss: 1.226 (0.937)  LR: 9.350e-07  Time cost: 2:46:59/1:06:14 [6:40:54/1:06:14]  Acc_iter 539850      Data time: 0.00(0.00)  Forward time: 0.23(0.25)  Batch time: 0.23(0.25)
2026-08-15 17:51:26,409   INFO  a1e06a0b30c0                Sat Aug 15 17:51:26 2026  580.173.02
[0] NVIDIA GeForce RTX 3070 | 74°C,  95 % |  7389 /  8192 MB | root(6928M)

2026-08-15 17:51:38,956   INFO  Train:   10/10 (100%) [39832/55563 ( 72%)]  Loss: 1.300 (0.937)  LR: 9.291e-07  Time cost: 2:47:11/1:06:01 [6:41:07/1:06:01]  Acc_iter 539900      Data time: 0.00(0.00)  Forward time: 0.26(0.25)  Batch time: 0.26(0.25)
2026-08-15 17:51:51,911   INFO  Train:   10/10 (100%) [39882/55563 ( 72%)]  Loss: 1.356 (0.937)  LR: 9.233e-07  Time cost: 2:47:24/1:05:49 [6:41:19/1:05:49]  Acc_iter 539950      Data time: 0.00(0.00)  Forward time: 0.24(0.25)  Batch time: 0.25(0.25)
2026-08-15 17:52:04,492   INFO  Train:   10/10 (100%) [39932/55563 ( 72%)]  Loss: 1.288 (0.937)  LR: 9.174e-07  Time cost: 2:47:37/1:05:36 [6:41:32/1:05:36]  Acc_iter 540000      Data time: 0.00(0.00)  Forward time: 0.26(0.25)  Batch time: 0.26(0.25)
2026-08-15 17:52:04,877   INFO  a1e06a0b30c0                Sat Aug 15 17:52:04 2026  580.173.02
[0] NVIDIA GeForce RTX 3070 | 75°C,  94 % |  7388 /  8192 MB | root(6928M)

2026-08-15 17:52:16,914   INFO  Train:   10/10 (100%) [39982/55563 ( 72%)]  Loss: 0.5393 (0.937)  LR: 9.116e-07  Time cost: 2:47:49/1:05:24 [6:41:44/1:05:24]  Acc_iter 540050      Data time: 0.00(0.00)  Forward time: 0.24(0.25)  Batch time: 0.24(0.25)
2026-08-15 17:52:29,455   INFO  Train:   10/10 (100%) [40032/55563 ( 72%)]  Loss: 0.6591 (0.937)  LR: 9.058e-07  Time cost: 2:48:02/1:05:11 [6:41:57/1:05:11]  Acc_iter 540100      Data time: 0.00(0.00)  Forward time: 0.25(0.25)  Batch time: 0.25(0.25)
2026-08-15 17:52:41,950   INFO  Train:   10/10 (100%) [40082/55563 ( 72%)]  Loss: 0.4799 (0.937)  LR: 9.000e-07  Time cost: 2:48:14/1:04:58 [6:42:09/1:04:58]  Acc_iter 540150      Data time: 0.00(0.00)  Forward time: 0.28(0.25)  Batch time: 0.29(0.25)
2026-08-15 17:52:42,334   INFO  a1e06a0b30c0                Sat Aug 15 17:52:42 2026  580.173.02
[0] NVIDIA GeForce RTX 3070 | 75°C,  80 % |  7389 /  8192 MB | root(6928M)

2026-08-15 17:52:54,834   INFO  Train:   10/10 (100%) [40132/55563 ( 72%)]  Loss: 1.823 (0.937)  LR: 8.942e-07  Time cost: 2:48:27/1:04:46 [6:42:22/1:04:46]  Acc_iter 540200      Data time: 0.00(0.00)  Forward time: 0.21(0.25)  Batch time: 0.21(0.25)
2026-08-15 17:53:07,136   INFO  Train:   10/10 (100%) [40182/55563 ( 72%)]  Loss: 1.924 (0.937)  LR: 8.884e-07  Time cost: 2:48:40/1:04:33 [6:42:35/1:04:33]  Acc_iter 540250      Data time: 0.00(0.00)  Forward time: 0.24(0.25)  Batch time: 0.24(0.25)
2026-08-15 17:53:19,342   INFO  Train:   10/10 (100%) [40232/55563 ( 72%)]  Loss: 2.151 (0.937)  LR: 8.827e-07  Time cost: 2:48:52/1:04:20 [6:42:47/1:04:20]  Acc_iter 540300      Data time: 0.00(0.00)  Forward time: 0.27(0.25)  Batch time: 0.28(0.25)
2026-08-15 17:53:19,751   INFO  a1e06a0b30c0                Sat Aug 15 17:53:19 2026  580.173.02
[0] NVIDIA GeForce RTX 3070 | 71°C,  54 % |  7388 /  8192 MB | root(6928M)

2026-08-15 17:53:32,273   INFO  Train:   10/10 (100%) [40282/55563 ( 72%)]  Loss: 0.7249 (0.937)  LR: 8.770e-07  Time cost: 2:49:05/1:04:08 [6:43:00/1:04:08]  Acc_iter 540350      Data time: 0.00(0.00)  Forward time: 0.22(0.25)  Batch time: 0.22(0.25)
2026-08-15 17:53:45,120   INFO  Train:   10/10 (100%) [40332/55563 ( 73%)]  Loss: 1.209 (0.937)  LR: 8.712e-07  Time cost: 2:49:18/1:03:56 [6:43:13/1:03:56]  Acc_iter 540400      Data time: 0.00(0.00)  Forward time: 0.28(0.25)  Batch time: 0.28(0.25)
2026-08-15 17:53:57,520   INFO  Train:   10/10 (100%) [40382/55563 ( 73%)]  Loss: 0.5809 (0.937)  LR: 8.656e-07  Time cost: 2:49:30/1:03:43 [6:43:25/1:03:43]  Acc_iter 540450      Data time: 0.00(0.00)  Forward time: 0.22(0.25)  Batch time: 0.22(0.25)
2026-08-15 17:53:57,895   INFO  a1e06a0b30c0                Sat Aug 15 17:53:57 2026  580.173.02
[0] NVIDIA GeForce RTX 3070 | 74°C,  74 % |  7388 /  8192 MB | root(6928M)

2026-08-15 17:54:10,321   INFO  Train:   10/10 (100%) [40432/55563 ( 73%)]  Loss: 1.429 (0.937)  LR: 8.599e-07  Time cost: 2:49:43/1:03:30 [6:43:38/1:03:30]  Acc_iter 540500      Data time: 0.00(0.00)  Forward time: 0.24(0.25)  Batch time: 0.24(0.25)
2026-08-15 17:54:22,780   INFO  Train:   10/10 (100%) [40482/55563 ( 73%)]  Loss: 0.5633 (0.937)  LR: 8.542e-07  Time cost: 2:49:55/1:03:18 [6:43:50/1:03:18]  Acc_iter 540550      Data time: 0.00(0.00)  Forward time: 0.27(0.25)  Batch time: 0.27(0.25)
2026-08-15 17:54:27,154   INFO  Save latest model to /OpenPCDet/output/OpenPCDet/tools/cfgs/models/S/F/S_F_N/default/ckpt/latest_model
2026-08-15 17:54:35,365   INFO  Train:   10/10 (100%) [40532/55563 ( 73%)]  Loss: 0.6718 (0.937)  LR: 8.486e-07  Time cost: 2:50:08/1:03:05 [6:44:03/1:03:05]  Acc_iter 540600      Data time: 0.00(0.00)  Forward time: 0.24(0.25)  Batch time: 0.24(0.25)
2026-08-15 17:54:35,804   INFO  a1e06a0b30c0                Sat Aug 15 17:54:35 2026  580.173.02
[0] NVIDIA GeForce RTX 3070 | 74°C,   6 % |  7389 /  8192 MB | root(6928M)

2026-08-15 17:54:48,225   INFO  Train:   10/10 (100%) [40582/55563 ( 73%)]  Loss: 0.3137 (0.937)  LR: 8.430e-07  Time cost: 2:50:21/1:02:53 [6:44:16/1:02:53]  Acc_iter 540650      Data time: 0.00(0.00)  Forward time: 0.26(0.25)  Batch time: 0.26(0.25)
2026-08-15 17:55:00,920   INFO  Train:   10/10 (100%) [40632/55563 ( 73%)]  Loss: 0.8196 (0.937)  LR: 8.374e-07  Time cost: 2:50:33/1:02:40 [6:44:28/1:02:40]  Acc_iter 540700      Data time: 0.00(0.00)  Forward time: 0.28(0.25)  Batch time: 0.28(0.25)
2026-08-15 17:55:13,199   INFO  Train:   10/10 (100%) [40682/55563 ( 73%)]  Loss: 1.873 (0.937)  LR: 8.318e-07  Time cost: 2:50:46/1:02:27 [6:44:41/1:02:27]  Acc_iter 540750      Data time: 0.00(0.00)  Forward time: 0.30(0.25)  Batch time: 0.30(0.25)
2026-08-15 17:55:13,635   INFO  a1e06a0b30c0                Sat Aug 15 17:55:13 2026  580.173.02
[0] NVIDIA GeForce RTX 3070 | 67°C,   1 % |  7388 /  8192 MB | root(6928M)

2026-08-15 17:55:26,152   INFO  Train:   10/10 (100%) [40732/55563 ( 73%)]  Loss: 1.043 (0.937)  LR: 8.263e-07  Time cost: 2:50:59/1:02:15 [6:44:54/1:02:15]  Acc_iter 540800      Data time: 0.00(0.00)  Forward time: 0.24(0.25)  Batch time: 0.24(0.25)
2026-08-15 17:55:38,836   INFO  Train:   10/10 (100%) [40782/55563 ( 73%)]  Loss: 0.6408 (0.937)  LR: 8.207e-07  Time cost: 2:51:11/1:02:02 [6:45:06/1:02:02]  Acc_iter 540850      Data time: 0.00(0.00)  Forward time: 0.23(0.25)  Batch time: 0.23(0.25)
2026-08-15 17:55:51,262   INFO  Train:   10/10 (100%) [40832/55563 ( 73%)]  Loss: 0.8682 (0.937)  LR: 8.152e-07  Time cost: 2:51:24/1:01:50 [6:45:19/1:01:50]  Acc_iter 540900      Data time: 0.00(0.00)  Forward time: 0.25(0.25)  Batch time: 0.25(0.25)
2026-08-15 17:55:51,637   INFO  a1e06a0b30c0                Sat Aug 15 17:55:51 2026  580.173.02
[0] NVIDIA GeForce RTX 3070 | 66°C,   1 % |  7388 /  8192 MB | root(6928M)

2026-08-15 17:56:03,980   INFO  Train:   10/10 (100%) [40882/55563 ( 74%)]  Loss: 0.8401 (0.937)  LR: 8.097e-07  Time cost: 2:51:36/1:01:37 [6:45:32/1:01:37]  Acc_iter 540950      Data time: 0.00(0.00)  Forward time: 0.25(0.25)  Batch time: 0.25(0.25)
2026-08-15 17:56:16,600   INFO  Train:   10/10 (100%) [40932/55563 ( 74%)]  Loss: 0.6843 (0.937)  LR: 8.042e-07  Time cost: 2:51:49/1:01:25 [6:45:44/1:01:25]  Acc_iter 541000      Data time: 0.00(0.00)  Forward time: 0.28(0.25)  Batch time: 0.28(0.25)
2026-08-15 17:56:29,366   INFO  Train:   10/10 (100%) [40982/55563 ( 74%)]  Loss: 0.6876 (0.937)  LR: 7.988e-07  Time cost: 2:52:02/1:01:12 [6:45:57/1:01:12]  Acc_iter 541050      Data time: 0.00(0.00)  Forward time: 0.27(0.25)  Batch time: 0.27(0.25)
2026-08-15 17:56:29,773   INFO  a1e06a0b30c0                Sat Aug 15 17:56:29 2026  580.173.02
[0] NVIDIA GeForce RTX 3070 | 68°C,  38 % |  7389 /  8192 MB | root(6928M)

2026-08-15 17:56:41,953   INFO  Train:   10/10 (100%) [41032/55563 ( 74%)]  Loss: 0.6285 (0.937)  LR: 7.933e-07  Time cost: 2:52:14/1:00:59 [6:46:09/1:00:59]  Acc_iter 541100      Data time: 0.00(0.00)  Forward time: 0.25(0.25)  Batch time: 0.25(0.25)
2026-08-15 17:56:54,178   INFO  Train:   10/10 (100%) [41082/55563 ( 74%)]  Loss: 0.7320 (0.937)  LR: 7.879e-07  Time cost: 2:52:27/1:00:47 [6:46:22/1:00:47]  Acc_iter 541150      Data time: 0.00(0.00)  Forward time: 0.26(0.25)  Batch time: 0.26(0.25)
2026-08-15 17:57:06,898   INFO  Train:   10/10 (100%) [41132/55563 ( 74%)]  Loss: 0.7394 (0.937)  LR: 7.825e-07  Time cost: 2:52:39/1:00:34 [6:46:34/1:00:34]  Acc_iter 541200      Data time: 0.00(0.00)  Forward time: 0.25(0.25)  Batch time: 0.26(0.25)
2026-08-15 17:57:07,331   INFO  a1e06a0b30c0                Sat Aug 15 17:57:07 2026  580.173.02
[0] NVIDIA GeForce RTX 3070 | 70°C,  84 % |  7388 /  8192 MB | root(6928M)

2026-08-15 17:57:20,103   INFO  Train:   10/10 (100%) [41182/55563 ( 74%)]  Loss: 0.9868 (0.937)  LR: 7.771e-07  Time cost: 2:52:53/1:00:22 [6:46:48/1:00:22]  Acc_iter 541250      Data time: 0.00(0.00)  Forward time: 0.28(0.25)  Batch time: 0.28(0.25)
2026-08-15 17:57:32,610   INFO  Train:   10/10 (100%) [41232/55563 ( 74%)]  Loss: 0.5463 (0.937)  LR: 7.718e-07  Time cost: 2:53:05/1:00:09 [6:47:00/1:00:09]  Acc_iter 541300      Data time: 0.00(0.00)  Forward time: 0.24(0.25)  Batch time: 0.24(0.25)
2026-08-15 17:57:44,844   INFO  Train:   10/10 (100%) [41282/55563 ( 74%)]  Loss: 1.089 (0.937)  LR: 7.664e-07  Time cost: 2:53:17/59:56 [6:47:12/59:56]  Acc_iter 541350      Data time: 0.00(0.00)  Forward time: 0.24(0.25)  Batch time: 0.24(0.25)
2026-08-15 17:57:45,212   INFO  a1e06a0b30c0                Sat Aug 15 17:57:45 2026  580.173.02
[0] NVIDIA GeForce RTX 3070 | 68°C,  85 % |  7388 /  8192 MB | root(6928M)

2026-08-15 17:57:57,695   INFO  Train:   10/10 (100%) [41332/55563 ( 74%)]  Loss: 1.568 (0.937)  LR: 7.611e-07  Time cost: 2:53:30/59:44 [6:47:25/59:44]  Acc_iter 541400      Data time: 0.00(0.00)  Forward time: 0.27(0.25)  Batch time: 0.27(0.25)
2026-08-15 17:58:10,099   INFO  Train:   10/10 (100%) [41382/55563 ( 74%)]  Loss: 1.354 (0.937)  LR: 7.558e-07  Time cost: 2:53:43/59:31 [6:47:38/59:31]  Acc_iter 541450      Data time: 0.00(0.00)  Forward time: 0.27(0.25)  Batch time: 0.27(0.25)
2026-08-15 17:58:22,656   INFO  Train:   10/10 (100%) [41432/55563 ( 75%)]  Loss: 0.2985 (0.937)  LR: 7.505e-07  Time cost: 2:53:55/59:19 [6:47:50/59:19]  Acc_iter 541500      Data time: 0.00(0.00)  Forward time: 0.23(0.25)  Batch time: 0.23(0.25)
2026-08-15 17:58:23,046   INFO  a1e06a0b30c0                Sat Aug 15 17:58:23 2026  580.173.02
[0] NVIDIA GeForce RTX 3070 | 72°C,  96 % |  7387 /  8192 MB | root(6928M)

2026-08-15 17:58:35,283   INFO  Train:   10/10 (100%) [41482/55563 ( 75%)]  Loss: 1.643 (0.937)  LR: 7.452e-07  Time cost: 2:54:08/59:06 [6:48:03/59:06]  Acc_iter 541550      Data time: 0.00(0.00)  Forward time: 0.27(0.25)  Batch time: 0.27(0.25)
2026-08-15 17:58:47,741   INFO  Train:   10/10 (100%) [41532/55563 ( 75%)]  Loss: 0.7039 (0.937)  LR: 7.399e-07  Time cost: 2:54:20/58:53 [6:48:15/58:53]  Acc_iter 541600      Data time: 0.00(0.00)  Forward time: 0.27(0.25)  Batch time: 0.27(0.25)
2026-08-15 17:59:00,171   INFO  Train:   10/10 (100%) [41582/55563 ( 75%)]  Loss: 0.6029 (0.937)  LR: 7.347e-07  Time cost: 2:54:33/58:41 [6:48:28/58:41]  Acc_iter 541650      Data time: 0.00(0.00)  Forward time: 0.26(0.25)  Batch time: 0.26(0.25)
2026-08-15 17:59:00,560   INFO  a1e06a0b30c0                Sat Aug 15 17:59:00 2026  580.173.02
[0] NVIDIA GeForce RTX 3070 | 72°C,  94 % |  7388 /  8192 MB | root(6928M)

2026-08-15 17:59:12,769   INFO  Train:   10/10 (100%) [41632/55563 ( 75%)]  Loss: 1.074 (0.937)  LR: 7.295e-07  Time cost: 2:54:45/58:28 [6:48:40/58:28]  Acc_iter 541700      Data time: 0.00(0.00)  Forward time: 0.22(0.25)  Batch time: 0.22(0.25)
2026-08-15 17:59:25,160   INFO  Train:   10/10 (100%) [41682/55563 ( 75%)]  Loss: 0.7784 (0.937)  LR: 7.243e-07  Time cost: 2:54:58/58:16 [6:48:53/58:16]  Acc_iter 541750      Data time: 0.00(0.00)  Forward time: 0.24(0.25)  Batch time: 0.24(0.25)
2026-08-15 17:59:27,107   INFO  Save latest model to /OpenPCDet/output/OpenPCDet/tools/cfgs/models/S/F/S_F_N/default/ckpt/latest_model
2026-08-15 17:59:37,650   INFO  Train:   10/10 (100%) [41732/55563 ( 75%)]  Loss: 1.107 (0.937)  LR: 7.191e-07  Time cost: 2:55:10/58:03 [6:49:05/58:03]  Acc_iter 541800      Data time: 0.00(0.00)  Forward time: 0.28(0.25)  Batch time: 0.28(0.25)
2026-08-15 17:59:38,074   INFO  a1e06a0b30c0                Sat Aug 15 17:59:38 2026  580.173.02
[0] NVIDIA GeForce RTX 3070 | 71°C,  66 % |  7388 /  8192 MB | root(6928M)

2026-08-15 17:59:50,480   INFO  Train:   10/10 (100%) [41782/55563 ( 75%)]  Loss: 0.7916 (0.936)  LR: 7.139e-07  Time cost: 2:55:23/57:50 [6:49:18/57:50]  Acc_iter 541850      Data time: 0.00(0.00)  Forward time: 0.26(0.25)  Batch time: 0.26(0.25)
2026-08-15 18:00:03,102   INFO  Train:   10/10 (100%) [41832/55563 ( 75%)]  Loss: 1.277 (0.936)  LR: 7.088e-07  Time cost: 2:55:36/57:38 [6:49:31/57:38]  Acc_iter 541900      Data time: 0.00(0.00)  Forward time: 0.28(0.25)  Batch time: 0.28(0.25)
2026-08-15 18:00:15,509   INFO  Train:   10/10 (100%) [41882/55563 ( 75%)]  Loss: 0.6931 (0.936)  LR: 7.037e-07  Time cost: 2:55:48/57:25 [6:49:43/57:25]  Acc_iter 541950      Data time: 0.00(0.00)  Forward time: 0.28(0.25)  Batch time: 0.28(0.25)
2026-08-15 18:00:15,893   INFO  a1e06a0b30c0                Sat Aug 15 18:00:15 2026  580.173.02
[0] NVIDIA GeForce RTX 3070 | 73°C,  98 % |  7389 /  8192 MB | root(6928M)

2026-08-15 18:00:28,416   INFO  Train:   10/10 (100%) [41932/55563 ( 75%)]  Loss: 0.9510 (0.936)  LR: 6.985e-07  Time cost: 2:56:01/57:13 [6:49:56/57:13]  Acc_iter 542000      Data time: 0.00(0.00)  Forward time: 0.25(0.25)  Batch time: 0.26(0.25)
2026-08-15 18:00:40,971   INFO  Train:   10/10 (100%) [41982/55563 ( 76%)]  Loss: 0.7789 (0.936)  LR: 6.935e-07  Time cost: 2:56:13/57:00 [6:50:09/57:00]  Acc_iter 542050      Data time: 0.00(0.00)  Forward time: 0.27(0.25)  Batch time: 0.27(0.25)
2026-08-15 18:00:53,634   INFO  Train:   10/10 (100%) [42032/55563 ( 76%)]  Loss: 1.004 (0.936)  LR: 6.884e-07  Time cost: 2:56:26/56:47 [6:50:21/56:47]  Acc_iter 542100      Data time: 0.00(0.00)  Forward time: 0.27(0.25)  Batch time: 0.27(0.25)
2026-08-15 18:00:54,024   INFO  a1e06a0b30c0                Sat Aug 15 18:00:54 2026  580.173.02
[0] NVIDIA GeForce RTX 3070 | 72°C,  58 % |  7388 /  8192 MB | root(6928M)

2026-08-15 18:01:06,548   INFO  Train:   10/10 (100%) [42082/55563 ( 76%)]  Loss: 1.692 (0.936)  LR: 6.833e-07  Time cost: 2:56:39/56:35 [6:50:34/56:35]  Acc_iter 542150      Data time: 0.00(0.00)  Forward time: 0.25(0.25)  Batch time: 0.25(0.25)
2026-08-15 18:01:18,797   INFO  Train:   10/10 (100%) [42132/55563 ( 76%)]  Loss: 1.150 (0.936)  LR: 6.783e-07  Time cost: 2:56:51/56:22 [6:50:46/56:22]  Acc_iter 542200      Data time: 0.00(0.00)  Forward time: 0.26(0.25)  Batch time: 0.26(0.25)
2026-08-15 18:01:31,036   INFO  Train:   10/10 (100%) [42182/55563 ( 76%)]  Loss: 1.366 (0.936)  LR: 6.733e-07  Time cost: 2:57:04/56:10 [6:50:59/56:10]  Acc_iter 542250      Data time: 0.00(0.00)  Forward time: 0.22(0.25)  Batch time: 0.22(0.25)
2026-08-15 18:01:31,456   INFO  a1e06a0b30c0                Sat Aug 15 18:01:31 2026  580.173.02
[0] NVIDIA GeForce RTX 3070 | 72°C,  91 % |  7388 /  8192 MB | root(6928M)

2026-08-15 18:01:44,311   INFO  Train:   10/10 (100%) [42232/55563 ( 76%)]  Loss: 1.682 (0.936)  LR: 6.683e-07  Time cost: 2:57:17/55:57 [6:51:12/55:57]  Acc_iter 542300      Data time: 0.00(0.00)  Forward time: 0.27(0.25)  Batch time: 0.27(0.25)
2026-08-15 18:01:57,193   INFO  Train:   10/10 (100%) [42282/55563 ( 76%)]  Loss: 0.3652 (0.936)  LR: 6.633e-07  Time cost: 2:57:30/55:45 [6:51:25/55:45]  Acc_iter 542350      Data time: 0.00(0.00)  Forward time: 0.28(0.25)  Batch time: 0.28(0.25)
2026-08-15 18:02:09,320   INFO  Train:   10/10 (100%) [42332/55563 ( 76%)]  Loss: 1.042 (0.937)  LR: 6.584e-07  Time cost: 2:57:42/55:32 [6:51:37/55:32]  Acc_iter 542400      Data time: 0.00(0.00)  Forward time: 0.29(0.25)  Batch time: 0.29(0.25)
2026-08-15 18:02:09,688   INFO  a1e06a0b30c0                Sat Aug 15 18:02:09 2026  580.173.02
[0] NVIDIA GeForce RTX 3070 | 69°C,   5 % |  7389 /  8192 MB | root(6928M)

2026-08-15 18:02:22,017   INFO  Train:   10/10 (100%) [42382/55563 ( 76%)]  Loss: 0.9902 (0.937)  LR: 6.534e-07  Time cost: 2:57:55/55:19 [6:51:50/55:19]  Acc_iter 542450      Data time: 0.00(0.00)  Forward time: 0.25(0.25)  Batch time: 0.25(0.25)
2026-08-15 18:02:34,427   INFO  Train:   10/10 (100%) [42432/55563 ( 76%)]  Loss: 0.7811 (0.937)  LR: 6.485e-07  Time cost: 2:58:07/55:07 [6:52:02/55:07]  Acc_iter 542500      Data time: 0.00(0.00)  Forward time: 0.28(0.25)  Batch time: 0.28(0.25)
2026-08-15 18:02:46,615   INFO  Train:   10/10 (100%) [42482/55563 ( 76%)]  Loss: 1.429 (0.937)  LR: 6.436e-07  Time cost: 2:58:19/54:54 [6:52:14/54:54]  Acc_iter 542550      Data time: 0.00(0.00)  Forward time: 0.24(0.25)  Batch time: 0.25(0.25)
2026-08-15 18:02:47,055   INFO  a1e06a0b30c0                Sat Aug 15 18:02:47 2026  580.173.02
[0] NVIDIA GeForce RTX 3070 | 72°C,  75 % |  7388 /  8192 MB | root(6928M)

2026-08-15 18:02:59,586   INFO  Train:   10/10 (100%) [42532/55563 ( 77%)]  Loss: 1.713 (0.937)  LR: 6.387e-07  Time cost: 2:58:32/54:42 [6:52:27/54:42]  Acc_iter 542600      Data time: 0.00(0.00)  Forward time: 0.23(0.25)  Batch time: 0.23(0.25)
2026-08-15 18:03:12,070   INFO  Train:   10/10 (100%) [42582/55563 ( 77%)]  Loss: 0.4835 (0.937)  LR: 6.338e-07  Time cost: 2:58:45/54:29 [6:52:40/54:29]  Acc_iter 542650      Data time: 0.00(0.00)  Forward time: 0.28(0.25)  Batch time: 0.28(0.25)
2026-08-15 18:03:24,469   INFO  Train:   10/10 (100%) [42632/55563 ( 77%)]  Loss: 1.599 (0.937)  LR: 6.290e-07  Time cost: 2:58:57/54:16 [6:52:52/54:16]  Acc_iter 542700      Data time: 0.00(0.00)  Forward time: 0.24(0.25)  Batch time: 0.24(0.25)
2026-08-15 18:03:24,853   INFO  a1e06a0b30c0                Sat Aug 15 18:03:24 2026  580.173.02
[0] NVIDIA GeForce RTX 3070 | 75°C,  74 % |  7388 /  8192 MB | root(6928M)

2026-08-15 18:03:37,541   INFO  Train:   10/10 (100%) [42682/55563 ( 77%)]  Loss: 0.6643 (0.937)  LR: 6.242e-07  Time cost: 2:59:10/54:04 [6:53:05/54:04]  Acc_iter 542750      Data time: 0.00(0.00)  Forward time: 0.22(0.25)  Batch time: 0.23(0.25)
2026-08-15 18:03:50,160   INFO  Train:   10/10 (100%) [42732/55563 ( 77%)]  Loss: 0.9035 (0.937)  LR: 6.194e-07  Time cost: 2:59:23/53:51 [6:53:18/53:51]  Acc_iter 542800      Data time: 0.00(0.00)  Forward time: 0.25(0.25)  Batch time: 0.25(0.25)
2026-08-15 18:04:02,525   INFO  Train:   10/10 (100%) [42782/55563 ( 77%)]  Loss: 0.4701 (0.937)  LR: 6.146e-07  Time cost: 2:59:35/53:39 [6:53:30/53:39]  Acc_iter 542850      Data time: 0.00(0.00)  Forward time: 0.30(0.25)  Batch time: 0.30(0.25)
2026-08-15 18:04:02,982   INFO  a1e06a0b30c0                Sat Aug 15 18:04:02 2026  580.173.02
[0] NVIDIA GeForce RTX 3070 | 73°C,  99 % |  7389 /  8192 MB | root(6928M)

2026-08-15 18:04:15,465   INFO  Train:   10/10 (100%) [42832/55563 ( 77%)]  Loss: 0.6812 (0.937)  LR: 6.098e-07  Time cost: 2:59:48/53:26 [6:53:43/53:26]  Acc_iter 542900      Data time: 0.00(0.00)  Forward time: 0.24(0.25)  Batch time: 0.24(0.25)
2026-08-15 18:04:27,330   INFO  Save latest model to /OpenPCDet/output/OpenPCDet/tools/cfgs/models/S/F/S_F_N/default/ckpt/latest_model
2026-08-15 18:04:28,419   INFO  Train:   10/10 (100%) [42882/55563 ( 77%)]  Loss: 0.5387 (0.937)  LR: 6.050e-07  Time cost: 3:00:01/53:14 [6:53:56/53:14]  Acc_iter 542950      Data time: 0.00(0.00)  Forward time: 0.30(0.25)  Batch time: 0.30(0.25)
2026-08-15 18:04:41,110   INFO  Train:   10/10 (100%) [42932/55563 ( 77%)]  Loss: 1.019 (0.937)  LR: 6.003e-07  Time cost: 3:00:14/53:01 [6:54:09/53:01]  Acc_iter 543000      Data time: 0.00(0.00)  Forward time: 0.25(0.25)  Batch time: 0.25(0.25)
2026-08-15 18:04:41,511   INFO  a1e06a0b30c0                Sat Aug 15 18:04:41 2026  580.173.02
[0] NVIDIA GeForce RTX 3070 | 73°C,  68 % |  7388 /  8192 MB | root(6928M)

2026-08-15 18:04:53,772   INFO  Train:   10/10 (100%) [42982/55563 ( 77%)]  Loss: 0.6215 (0.937)  LR: 5.956e-07  Time cost: 3:00:26/52:48 [6:54:21/52:48]  Acc_iter 543050      Data time: 0.00(0.00)  Forward time: 0.24(0.25)  Batch time: 0.24(0.25)
2026-08-15 18:05:06,136   INFO  Train:   10/10 (100%) [43032/55563 ( 77%)]  Loss: 0.6440 (0.937)  LR: 5.909e-07  Time cost: 3:00:39/52:36 [6:54:34/52:36]  Acc_iter 543100      Data time: 0.00(0.00)  Forward time: 0.23(0.25)  Batch time: 0.23(0.25)
2026-08-15 18:05:18,404   INFO  Train:   10/10 (100%) [43082/55563 ( 78%)]  Loss: 0.5193 (0.937)  LR: 5.862e-07  Time cost: 3:00:51/52:23 [6:54:46/52:23]  Acc_iter 543150      Data time: 0.00(0.00)  Forward time: 0.26(0.25)  Batch time: 0.26(0.25)
2026-08-15 18:05:18,812   INFO  a1e06a0b30c0                Sat Aug 15 18:05:18 2026  580.173.02
[0] NVIDIA GeForce RTX 3070 | 70°C,  47 % |  7388 /  8192 MB | root(6928M)

2026-08-15 18:05:31,717   INFO  Train:   10/10 (100%) [43132/55563 ( 78%)]  Loss: 1.065 (0.937)  LR: 5.815e-07  Time cost: 3:01:04/52:11 [6:54:59/52:11]  Acc_iter 543200      Data time: 0.00(0.00)  Forward time: 0.27(0.25)  Batch time: 0.27(0.25)
2026-08-15 18:05:43,946   INFO  Train:   10/10 (100%) [43182/55563 ( 78%)]  Loss: 0.7477 (0.937)  LR: 5.769e-07  Time cost: 3:01:16/51:58 [6:55:11/51:58]  Acc_iter 543250      Data time: 0.00(0.00)  Forward time: 0.22(0.25)  Batch time: 0.22(0.25)
2026-08-15 18:05:56,644   INFO  Train:   10/10 (100%) [43232/55563 ( 78%)]  Loss: 0.8611 (0.937)  LR: 5.723e-07  Time cost: 3:01:29/51:45 [6:55:24/51:45]  Acc_iter 543300      Data time: 0.00(0.00)  Forward time: 0.24(0.25)  Batch time: 0.24(0.25)
2026-08-15 18:05:57,026   INFO  a1e06a0b30c0                Sat Aug 15 18:05:57 2026  580.173.02
[0] NVIDIA GeForce RTX 3070 | 73°C,  67 % |  7389 /  8192 MB | root(6928M)

2026-08-15 18:06:09,242   INFO  Train:   10/10 (100%) [43282/55563 ( 78%)]  Loss: 0.9356 (0.937)  LR: 5.677e-07  Time cost: 3:01:42/51:33 [6:55:37/51:33]  Acc_iter 543350      Data time: 0.00(0.00)  Forward time: 0.27(0.25)  Batch time: 0.27(0.25)
2026-08-15 18:06:21,749   INFO  Train:   10/10 (100%) [43332/55563 ( 78%)]  Loss: 0.8880 (0.937)  LR: 5.631e-07  Time cost: 3:01:54/51:20 [6:55:49/51:20]  Acc_iter 543400      Data time: 0.00(0.00)  Forward time: 0.24(0.25)  Batch time: 0.25(0.25)
2026-08-15 18:06:34,356   INFO  Train:   10/10 (100%) [43382/55563 ( 78%)]  Loss: 0.5067 (0.937)  LR: 5.585e-07  Time cost: 3:02:07/51:08 [6:56:02/51:08]  Acc_iter 543450      Data time: 0.00(0.00)  Forward time: 0.22(0.25)  Batch time: 0.22(0.25)
2026-08-15 18:06:34,777   INFO  a1e06a0b30c0                Sat Aug 15 18:06:34 2026  580.173.02
[0] NVIDIA GeForce RTX 3070 | 69°C,  22 % |  7388 /  8192 MB | root(6928M)

2026-08-15 18:06:46,926   INFO  Train:   10/10 (100%) [43432/55563 ( 78%)]  Loss: 0.8830 (0.937)  LR: 5.540e-07  Time cost: 3:02:19/50:55 [6:56:14/50:55]  Acc_iter 543500      Data time: 0.00(0.00)  Forward time: 0.25(0.25)  Batch time: 0.25(0.25)
2026-08-15 18:06:59,658   INFO  Train:   10/10 (100%) [43482/55563 ( 78%)]  Loss: 1.286 (0.937)  LR: 5.494e-07  Time cost: 3:02:32/50:43 [6:56:27/50:43]  Acc_iter 543550      Data time: 0.00(0.00)  Forward time: 0.28(0.25)  Batch time: 0.28(0.25)
2026-08-15 18:07:12,504   INFO  Train:   10/10 (100%) [43532/55563 ( 78%)]  Loss: 1.389 (0.937)  LR: 5.449e-07  Time cost: 3:02:45/50:30 [6:56:40/50:30]  Acc_iter 543600      Data time: 0.00(0.00)  Forward time: 0.24(0.25)  Batch time: 0.24(0.25)
2026-08-15 18:07:13,023   INFO  a1e06a0b30c0                Sat Aug 15 18:07:12 2026  580.173.02
[0] NVIDIA GeForce RTX 3070 | 74°C,  94 % |  7393 /  8192 MB | root(6928M)

2026-08-15 18:07:25,748   INFO  Train:   10/10 (100%) [43582/55563 ( 78%)]  Loss: 0.4416 (0.937)  LR: 5.404e-07  Time cost: 3:02:58/50:18 [6:56:53/50:18]  Acc_iter 543650      Data time: 0.00(0.00)  Forward time: 0.22(0.25)  Batch time: 0.22(0.25)
2026-08-15 18:07:38,442   INFO  Train:   10/10 (100%) [43632/55563 ( 79%)]  Loss: 0.9732 (0.937)  LR: 5.360e-07  Time cost: 3:03:11/50:05 [6:57:06/50:05]  Acc_iter 543700      Data time: 0.00(0.00)  Forward time: 0.25(0.25)  Batch time: 0.25(0.25)
2026-08-15 18:07:51,106   INFO  Train:   10/10 (100%) [43682/55563 ( 79%)]  Loss: 0.4547 (0.937)  LR: 5.315e-07  Time cost: 3:03:24/49:52 [6:57:19/49:52]  Acc_iter 543750      Data time: 0.00(0.00)  Forward time: 0.23(0.25)  Batch time: 0.24(0.25)
2026-08-15 18:07:51,543   INFO  a1e06a0b30c0                Sat Aug 15 18:07:51 2026  580.173.02
[0] NVIDIA GeForce RTX 3070 | 72°C,  93 % |  7388 /  8192 MB | root(6928M)

2026-08-15 18:08:03,986   INFO  Train:   10/10 (100%) [43732/55563 ( 79%)]  Loss: 0.9838 (0.937)  LR: 5.271e-07  Time cost: 3:03:36/49:40 [6:57:32/49:40]  Acc_iter 543800      Data time: 0.00(0.00)  Forward time: 0.22(0.25)  Batch time: 0.22(0.25)
2026-08-15 18:08:16,414   INFO  Train:   10/10 (100%) [43782/55563 ( 79%)]  Loss: 1.596 (0.937)  LR: 5.227e-07  Time cost: 3:03:49/49:27 [6:57:44/49:27]  Acc_iter 543850      Data time: 0.00(0.00)  Forward time: 0.21(0.25)  Batch time: 0.21(0.25)
2026-08-15 18:08:28,777   INFO  Train:   10/10 (100%) [43832/55563 ( 79%)]  Loss: 0.4508 (0.937)  LR: 5.183e-07  Time cost: 3:04:01/49:15 [6:57:56/49:15]  Acc_iter 543900      Data time: 0.00(0.00)  Forward time: 0.26(0.25)  Batch time: 0.26(0.25)
2026-08-15 18:08:29,148   INFO  a1e06a0b30c0                Sat Aug 15 18:08:29 2026  580.173.02
[0] NVIDIA GeForce RTX 3070 | 68°C,  93 % |  7386 /  8192 MB | root(6928M)

2026-08-15 18:08:41,391   INFO  Train:   10/10 (100%) [43882/55563 ( 79%)]  Loss: 0.9053 (0.937)  LR: 5.139e-07  Time cost: 3:04:14/49:02 [6:58:09/49:02]  Acc_iter 543950      Data time: 0.00(0.00)  Forward time: 0.27(0.25)  Batch time: 0.27(0.25)
2026-08-15 18:08:53,742   INFO  Train:   10/10 (100%) [43932/55563 ( 79%)]  Loss: 1.424 (0.937)  LR: 5.095e-07  Time cost: 3:04:26/48:49 [6:58:21/48:49]  Acc_iter 544000      Data time: 0.00(0.00)  Forward time: 0.25(0.25)  Batch time: 0.25(0.25)
2026-08-15 18:09:06,442   INFO  Train:   10/10 (100%) [43982/55563 ( 79%)]  Loss: 0.6748 (0.937)  LR: 5.052e-07  Time cost: 3:04:39/48:37 [6:58:34/48:37]  Acc_iter 544050      Data time: 0.00(0.00)  Forward time: 0.27(0.25)  Batch time: 0.27(0.25)
2026-08-15 18:09:06,835   INFO  a1e06a0b30c0                Sat Aug 15 18:09:06 2026  580.173.02
[0] NVIDIA GeForce RTX 3070 | 71°C,  55 % |  7389 /  8192 MB | root(6928M)

2026-08-15 18:09:19,308   INFO  Train:   10/10 (100%) [44032/55563 ( 79%)]  Loss: 0.3483 (0.937)  LR: 5.009e-07  Time cost: 3:04:52/48:24 [6:58:47/48:24]  Acc_iter 544100      Data time: 0.00(0.00)  Forward time: 0.26(0.25)  Batch time: 0.26(0.25)
2026-08-15 18:09:27,181   INFO  Save latest model to /OpenPCDet/output/OpenPCDet/tools/cfgs/models/S/F/S_F_N/default/ckpt/latest_model
2026-08-15 18:09:31,956   INFO  Train:   10/10 (100%) [44082/55563 ( 79%)]  Loss: 1.372 (0.937)  LR: 4.965e-07  Time cost: 3:05:04/48:12 [6:59:00/48:12]  Acc_iter 544150      Data time: 0.00(0.00)  Forward time: 0.28(0.25)  Batch time: 0.28(0.25)
2026-08-15 18:09:44,411   INFO  Train:   10/10 (100%) [44132/55563 ( 79%)]  Loss: 1.300 (0.937)  LR: 4.923e-07  Time cost: 3:05:17/47:59 [6:59:12/47:59]  Acc_iter 544200      Data time: 0.00(0.00)  Forward time: 0.24(0.25)  Batch time: 0.24(0.25)
2026-08-15 18:09:44,805   INFO  a1e06a0b30c0                Sat Aug 15 18:09:44 2026  580.173.02
[0] NVIDIA GeForce RTX 3070 | 69°C,  38 % |  7388 /  8192 MB | root(6928M)

2026-08-15 18:09:57,441   INFO  Train:   10/10 (100%) [44182/55563 ( 80%)]  Loss: 0.3056 (0.937)  LR: 4.880e-07  Time cost: 3:05:30/47:47 [6:59:25/47:47]  Acc_iter 544250      Data time: 0.00(0.00)  Forward time: 0.25(0.25)  Batch time: 0.25(0.25)
2026-08-15 18:10:10,101   INFO  Train:   10/10 (100%) [44232/55563 ( 80%)]  Loss: 1.243 (0.937)  LR: 4.837e-07  Time cost: 3:05:43/47:34 [6:59:38/47:34]  Acc_iter 544300      Data time: 0.00(0.00)  Forward time: 0.24(0.25)  Batch time: 0.24(0.25)
2026-08-15 18:10:22,725   INFO  Train:   10/10 (100%) [44282/55563 ( 80%)]  Loss: 1.455 (0.937)  LR: 4.795e-07  Time cost: 3:05:55/47:21 [6:59:50/47:21]  Acc_iter 544350      Data time: 0.00(0.00)  Forward time: 0.25(0.25)  Batch time: 0.25(0.25)
2026-08-15 18:10:23,117   INFO  a1e06a0b30c0                Sat Aug 15 18:10:23 2026  580.173.02
[0] NVIDIA GeForce RTX 3070 | 75°C,  98 % |  7388 /  8192 MB | root(6928M)

2026-08-15 18:10:35,427   INFO  Train:   10/10 (100%) [44332/55563 ( 80%)]  Loss: 0.9923 (0.937)  LR: 4.753e-07  Time cost: 3:06:08/47:09 [7:00:03/47:09]  Acc_iter 544400      Data time: 0.00(0.00)  Forward time: 0.26(0.25)  Batch time: 0.26(0.25)
2026-08-15 18:10:47,864   INFO  Train:   10/10 (100%) [44382/55563 ( 80%)]  Loss: 0.7044 (0.937)  LR: 4.711e-07  Time cost: 3:06:20/46:56 [7:00:15/46:56]  Acc_iter 544450      Data time: 0.00(0.00)  Forward time: 0.26(0.25)  Batch time: 0.26(0.25)
2026-08-15 18:11:00,546   INFO  Train:   10/10 (100%) [44432/55563 ( 80%)]  Loss: 0.4018 (0.937)  LR: 4.669e-07  Time cost: 3:06:33/46:44 [7:00:28/46:44]  Acc_iter 544500      Data time: 0.00(0.00)  Forward time: 0.21(0.25)  Batch time: 0.21(0.25)
2026-08-15 18:11:00,930   INFO  a1e06a0b30c0                Sat Aug 15 18:11:00 2026  580.173.02
[0] NVIDIA GeForce RTX 3070 | 73°C,  79 % |  7389 /  8192 MB | root(6928M)

2026-08-15 18:11:13,230   INFO  Train:   10/10 (100%) [44482/55563 ( 80%)]  Loss: 0.5857 (0.937)  LR: 4.628e-07  Time cost: 3:06:46/46:31 [7:00:41/46:31]  Acc_iter 544550      Data time: 0.00(0.00)  Forward time: 0.25(0.25)  Batch time: 0.25(0.25)
2026-08-15 18:11:25,488   INFO  Train:   10/10 (100%) [44532/55563 ( 80%)]  Loss: 1.058 (0.937)  LR: 4.586e-07  Time cost: 3:06:58/46:18 [7:00:53/46:18]  Acc_iter 544600      Data time: 0.00(0.00)  Forward time: 0.26(0.25)  Batch time: 0.27(0.25)
2026-08-15 18:11:38,100   INFO  Train:   10/10 (100%) [44582/55563 ( 80%)]  Loss: 0.9284 (0.937)  LR: 4.545e-07  Time cost: 3:07:11/46:06 [7:01:06/46:06]  Acc_iter 544650      Data time: 0.00(0.00)  Forward time: 0.27(0.25)  Batch time: 0.27(0.25)
2026-08-15 18:11:38,537   INFO  a1e06a0b30c0                Sat Aug 15 18:11:38 2026  580.173.02
[0] NVIDIA GeForce RTX 3070 | 73°C,  80 % |  7388 /  8192 MB | root(6928M)

2026-08-15 18:11:51,219   INFO  Train:   10/10 (100%) [44632/55563 ( 80%)]  Loss: 0.5137 (0.937)  LR: 4.504e-07  Time cost: 3:07:24/45:53 [7:01:19/45:53]  Acc_iter 544700      Data time: 0.00(0.00)  Forward time: 0.28(0.25)  Batch time: 0.28(0.25)
2026-08-15 18:12:03,804   INFO  Train:   10/10 (100%) [44682/55563 ( 80%)]  Loss: 0.8196 (0.937)  LR: 4.463e-07  Time cost: 3:07:36/45:41 [7:01:31/45:41]  Acc_iter 544750      Data time: 0.00(0.00)  Forward time: 0.27(0.25)  Batch time: 0.27(0.25)
2026-08-15 18:12:16,177   INFO  Train:   10/10 (100%) [44732/55563 ( 81%)]  Loss: 0.8998 (0.937)  LR: 4.423e-07  Time cost: 3:07:49/45:28 [7:01:44/45:28]  Acc_iter 544800      Data time: 0.00(0.00)  Forward time: 0.21(0.25)  Batch time: 0.21(0.25)
2026-08-15 18:12:16,591   INFO  a1e06a0b30c0                Sat Aug 15 18:12:16 2026  580.173.02
[0] NVIDIA GeForce RTX 3070 | 75°C,  67 % |  7388 /  8192 MB | root(6928M)

2026-08-15 18:12:29,178   INFO  Train:   10/10 (100%) [44782/55563 ( 81%)]  Loss: 0.5145 (0.937)  LR: 4.382e-07  Time cost: 3:08:02/45:16 [7:01:57/45:16]  Acc_iter 544850      Data time: 0.00(0.00)  Forward time: 0.24(0.25)  Batch time: 0.24(0.25)
2026-08-15 18:12:42,179   INFO  Train:   10/10 (100%) [44832/55563 ( 81%)]  Loss: 1.062 (0.937)  LR: 4.342e-07  Time cost: 3:08:15/45:03 [7:02:10/45:03]  Acc_iter 544900      Data time: 0.00(0.00)  Forward time: 0.26(0.25)  Batch time: 0.26(0.25)
2026-08-15 18:12:54,854   INFO  Train:   10/10 (100%) [44882/55563 ( 81%)]  Loss: 1.123 (0.937)  LR: 4.302e-07  Time cost: 3:08:27/44:50 [7:02:22/44:50]  Acc_iter 544950      Data time: 0.00(0.00)  Forward time: 0.21(0.25)  Batch time: 0.21(0.25)
2026-08-15 18:12:55,225   INFO  a1e06a0b30c0                Sat Aug 15 18:12:55 2026  580.173.02
[0] NVIDIA GeForce RTX 3070 | 69°C,  82 % |  6448 /  8192 MB | root(5988M)

2026-08-15 18:13:07,589   INFO  Train:   10/10 (100%) [44932/55563 ( 81%)]  Loss: 1.053 (0.937)  LR: 4.262e-07  Time cost: 3:08:40/44:38 [7:02:35/44:38]  Acc_iter 545000      Data time: 0.00(0.00)  Forward time: 0.26(0.25)  Batch time: 0.26(0.25)
2026-08-15 18:13:20,217   INFO  Train:   10/10 (100%) [44982/55563 ( 81%)]  Loss: 0.6545 (0.937)  LR: 4.222e-07  Time cost: 3:08:53/44:25 [7:02:48/44:25]  Acc_iter 545050      Data time: 0.00(0.00)  Forward time: 0.22(0.25)  Batch time: 0.22(0.25)
2026-08-15 18:13:33,011   INFO  Train:   10/10 (100%) [45032/55563 ( 81%)]  Loss: 0.8693 (0.937)  LR: 4.183e-07  Time cost: 3:09:06/44:13 [7:03:01/44:13]  Acc_iter 545100      Data time: 0.00(0.00)  Forward time: 0.28(0.25)  Batch time: 0.28(0.25)
2026-08-15 18:13:33,437   INFO  a1e06a0b30c0                Sat Aug 15 18:13:33 2026  580.173.02
[0] NVIDIA GeForce RTX 3070 | 75°C,  77 % |  6448 /  8192 MB | root(5988M)

2026-08-15 18:13:46,198   INFO  Train:   10/10 (100%) [45082/55563 ( 81%)]  Loss: 0.6249 (0.937)  LR: 4.144e-07  Time cost: 3:09:19/44:00 [7:03:14/44:00]  Acc_iter 545150      Data time: 0.00(0.00)  Forward time: 0.27(0.25)  Batch time: 0.27(0.25)
2026-08-15 18:13:58,606   INFO  Train:   10/10 (100%) [45132/55563 ( 81%)]  Loss: 1.249 (0.937)  LR: 4.104e-07  Time cost: 3:09:31/43:48 [7:03:26/43:48]  Acc_iter 545200      Data time: 0.00(0.00)  Forward time: 0.26(0.25)  Batch time: 0.26(0.25)
2026-08-15 18:14:10,815   INFO  Train:   10/10 (100%) [45182/55563 ( 81%)]  Loss: 0.9503 (0.937)  LR: 4.065e-07  Time cost: 3:09:43/43:35 [7:03:38/43:35]  Acc_iter 545250      Data time: 0.00(0.00)  Forward time: 0.28(0.25)  Batch time: 0.28(0.25)
2026-08-15 18:14:11,264   INFO  a1e06a0b30c0                Sat Aug 15 18:14:11 2026  580.173.02
[0] NVIDIA GeForce RTX 3070 | 67°C,  99 % |  6449 /  8192 MB | root(5988M)

2026-08-15 18:14:23,724   INFO  Train:   10/10 (100%) [45232/55563 ( 81%)]  Loss: 1.649 (0.937)  LR: 4.027e-07  Time cost: 3:09:56/43:22 [7:03:51/43:22]  Acc_iter 545300      Data time: 0.00(0.00)  Forward time: 0.25(0.25)  Batch time: 0.25(0.25)
2026-08-15 18:14:27,268   INFO  Save latest model to /OpenPCDet/output/OpenPCDet/tools/cfgs/models/S/F/S_F_N/default/ckpt/latest_model
2026-08-15 18:14:36,589   INFO  Train:   10/10 (100%) [45282/55563 ( 81%)]  Loss: 1.479 (0.937)  LR: 3.988e-07  Time cost: 3:10:09/43:10 [7:04:04/43:10]  Acc_iter 545350      Data time: 0.00(0.00)  Forward time: 0.31(0.25)  Batch time: 0.32(0.25)
2026-08-15 18:14:48,897   INFO  Train:   10/10 (100%) [45332/55563 ( 82%)]  Loss: 0.8293 (0.937)  LR: 3.950e-07  Time cost: 3:10:21/42:57 [7:04:16/42:57]  Acc_iter 545400      Data time: 0.00(0.00)  Forward time: 0.24(0.25)  Batch time: 0.24(0.25)
2026-08-15 18:14:49,268   INFO  a1e06a0b30c0                Sat Aug 15 18:14:49 2026  580.173.02
[0] NVIDIA GeForce RTX 3070 | 69°C,  73 % |  6448 /  8192 MB | root(5988M)

2026-08-15 18:15:01,463   INFO  Train:   10/10 (100%) [45382/55563 ( 82%)]  Loss: 0.5781 (0.937)  LR: 3.911e-07  Time cost: 3:10:34/42:45 [7:04:29/42:45]  Acc_iter 545450      Data time: 0.00(0.00)  Forward time: 0.23(0.25)  Batch time: 0.23(0.25)
2026-08-15 18:15:13,829   INFO  Train:   10/10 (100%) [45432/55563 ( 82%)]  Loss: 0.8894 (0.937)  LR: 3.873e-07  Time cost: 3:10:46/42:32 [7:04:41/42:32]  Acc_iter 545500      Data time: 0.00(0.00)  Forward time: 0.23(0.25)  Batch time: 0.23(0.25)
2026-08-15 18:15:26,561   INFO  Train:   10/10 (100%) [45482/55563 ( 82%)]  Loss: 0.9790 (0.937)  LR: 3.836e-07  Time cost: 3:10:59/42:19 [7:04:54/42:19]  Acc_iter 545550      Data time: 0.00(0.00)  Forward time: 0.27(0.25)  Batch time: 0.27(0.25)
2026-08-15 18:15:26,940   INFO  a1e06a0b30c0                Sat Aug 15 18:15:26 2026  580.173.02
[0] NVIDIA GeForce RTX 3070 | 73°C,  95 % |  6450 /  8192 MB | root(5990M)

2026-08-15 18:15:39,344   INFO  Train:   10/10 (100%) [45532/55563 ( 82%)]  Loss: 0.3181 (0.937)  LR: 3.798e-07  Time cost: 3:11:12/42:07 [7:05:07/42:07]  Acc_iter 545600      Data time: 0.00(0.00)  Forward time: 0.23(0.25)  Batch time: 0.23(0.25)
2026-08-15 18:15:51,666   INFO  Train:   10/10 (100%) [45582/55563 ( 82%)]  Loss: 1.227 (0.937)  LR: 3.761e-07  Time cost: 3:11:24/41:54 [7:05:19/41:54]  Acc_iter 545650      Data time: 0.00(0.00)  Forward time: 0.27(0.25)  Batch time: 0.27(0.25)
2026-08-15 18:16:03,976   INFO  Train:   10/10 (100%) [45632/55563 ( 82%)]  Loss: 0.9504 (0.937)  LR: 3.723e-07  Time cost: 3:11:36/41:42 [7:05:32/41:42]  Acc_iter 545700      Data time: 0.00(0.00)  Forward time: 0.25(0.25)  Batch time: 0.25(0.25)
2026-08-15 18:16:04,421   INFO  a1e06a0b30c0                Sat Aug 15 18:16:04 2026  580.173.02
[0] NVIDIA GeForce RTX 3070 | 75°C,  99 % |  6451 /  8192 MB | root(5990M)

2026-08-15 18:16:17,362   INFO  Train:   10/10 (100%) [45682/55563 ( 82%)]  Loss: 0.5294 (0.937)  LR: 3.686e-07  Time cost: 3:11:50/41:29 [7:05:45/41:29]  Acc_iter 545750      Data time: 0.00(0.00)  Forward time: 0.27(0.25)  Batch time: 0.27(0.25)
2026-08-15 18:16:30,610   INFO  Train:   10/10 (100%) [45732/55563 ( 82%)]  Loss: 2.343 (0.937)  LR: 3.649e-07  Time cost: 3:12:03/41:17 [7:05:58/41:17]  Acc_iter 545800      Data time: 0.00(0.00)  Forward time: 0.24(0.25)  Batch time: 0.25(0.25)
2026-08-15 18:16:43,190   INFO  Train:   10/10 (100%) [45782/55563 ( 82%)]  Loss: 0.6376 (0.937)  LR: 3.613e-07  Time cost: 3:12:16/41:04 [7:06:11/41:04]  Acc_iter 545850      Data time: 0.00(0.00)  Forward time: 0.27(0.25)  Batch time: 0.27(0.25)
2026-08-15 18:16:43,600   INFO  a1e06a0b30c0                Sat Aug 15 18:16:43 2026  580.173.02
[0] NVIDIA GeForce RTX 3070 | 71°C,  67 % |  6698 /  8192 MB | root(5990M)

2026-08-15 18:16:56,281   INFO  Train:   10/10 (100%) [45832/55563 ( 82%)]  Loss: 1.814 (0.937)  LR: 3.576e-07  Time cost: 3:12:29/40:52 [7:06:24/40:52]  Acc_iter 545900      Data time: 0.00(0.00)  Forward time: 0.24(0.25)  Batch time: 0.24(0.25)
2026-08-15 18:17:09,356   INFO  Train:   10/10 (100%) [45882/55563 ( 83%)]  Loss: 0.5017 (0.937)  LR: 3.540e-07  Time cost: 3:12:42/40:39 [7:06:37/40:39]  Acc_iter 545950      Data time: 0.00(0.00)  Forward time: 0.25(0.25)  Batch time: 0.26(0.25)
2026-08-15 18:17:22,749   INFO  Train:   10/10 (100%) [45932/55563 ( 83%)]  Loss: 0.9447 (0.938)  LR: 3.504e-07  Time cost: 3:12:55/40:27 [7:06:50/40:27]  Acc_iter 546000      Data time: 0.00(0.00)  Forward time: 0.23(0.25)  Batch time: 0.23(0.25)
2026-08-15 18:17:23,159   INFO  a1e06a0b30c0                Sat Aug 15 18:17:23 2026  580.173.02
[0] NVIDIA GeForce RTX 3070 | 72°C,  84 % |  6698 /  8192 MB | root(5990M)

2026-08-15 18:17:35,967   INFO  Train:   10/10 (100%) [45982/55563 ( 83%)]  Loss: 0.6621 (0.938)  LR: 3.468e-07  Time cost: 3:13:08/40:14 [7:07:04/40:14]  Acc_iter 546050      Data time: 0.00(0.00)  Forward time: 0.29(0.25)  Batch time: 0.29(0.25)
2026-08-15 18:17:48,764   INFO  Train:   10/10 (100%) [46032/55563 ( 83%)]  Loss: 0.5944 (0.938)  LR: 3.432e-07  Time cost: 3:13:21/40:02 [7:07:16/40:02]  Acc_iter 546100      Data time: 0.00(0.00)  Forward time: 0.23(0.25)  Batch time: 0.23(0.25)
2026-08-15 18:18:01,778   INFO  Train:   10/10 (100%) [46082/55563 ( 83%)]  Loss: 0.9632 (0.938)  LR: 3.396e-07  Time cost: 3:13:34/39:49 [7:07:29/39:49]  Acc_iter 546150      Data time: 0.00(0.00)  Forward time: 0.30(0.25)  Batch time: 0.30(0.25)
2026-08-15 18:18:02,209   INFO  a1e06a0b30c0                Sat Aug 15 18:18:02 2026  580.173.02
[0] NVIDIA GeForce RTX 3070 | 64°C,  81 % |  6700 /  8192 MB | root(5990M)

2026-08-15 18:18:15,587   INFO  Train:   10/10 (100%) [46132/55563 ( 83%)]  Loss: 0.5319 (0.938)  LR: 3.361e-07  Time cost: 3:13:48/39:37 [7:07:43/39:37]  Acc_iter 546200      Data time: 0.00(0.00)  Forward time: 0.23(0.25)  Batch time: 0.23(0.25)
2026-08-15 18:18:28,358   INFO  Train:   10/10 (100%) [46182/55563 ( 83%)]  Loss: 0.7807 (0.938)  LR: 3.326e-07  Time cost: 3:14:01/39:24 [7:07:56/39:24]  Acc_iter 546250      Data time: 0.00(0.00)  Forward time: 0.25(0.25)  Batch time: 0.25(0.25)
2026-08-15 18:18:41,008   INFO  Train:   10/10 (100%) [46232/55563 ( 83%)]  Loss: 0.6227 (0.938)  LR: 3.291e-07  Time cost: 3:14:14/39:12 [7:08:09/39:12]  Acc_iter 546300      Data time: 0.00(0.00)  Forward time: 0.25(0.25)  Batch time: 0.25(0.25)
2026-08-15 18:18:41,384   INFO  a1e06a0b30c0                Sat Aug 15 18:18:41 2026  580.173.02
[0] NVIDIA GeForce RTX 3070 | 71°C,  98 % |  6457 /  8192 MB | root(5990M)

2026-08-15 18:18:54,028   INFO  Train:   10/10 (100%) [46282/55563 ( 83%)]  Loss: 0.7461 (0.938)  LR: 3.256e-07  Time cost: 3:14:27/38:59 [7:08:22/38:59]  Acc_iter 546350      Data time: 0.00(0.00)  Forward time: 0.26(0.25)  Batch time: 0.26(0.25)
2026-08-15 18:19:06,689   INFO  Train:   10/10 (100%) [46332/55563 ( 83%)]  Loss: 1.087 (0.938)  LR: 3.221e-07  Time cost: 3:14:39/38:46 [7:08:34/38:46]  Acc_iter 546400      Data time: 0.00(0.00)  Forward time: 0.24(0.25)  Batch time: 0.25(0.25)
2026-08-15 18:19:19,686   INFO  Train:   10/10 (100%) [46382/55563 ( 83%)]  Loss: 0.7375 (0.938)  LR: 3.187e-07  Time cost: 3:14:52/38:34 [7:08:47/38:34]  Acc_iter 546450      Data time: 0.00(0.00)  Forward time: 0.27(0.25)  Batch time: 0.27(0.25)
2026-08-15 18:19:20,137   INFO  a1e06a0b30c0                Sat Aug 15 18:19:20 2026  580.173.02
[0] NVIDIA GeForce RTX 3070 | 70°C,  62 % |  6697 /  8192 MB | root(5990M)

2026-08-15 18:19:27,209   INFO  Save latest model to /OpenPCDet/output/OpenPCDet/tools/cfgs/models/S/F/S_F_N/default/ckpt/latest_model
2026-08-15 18:19:33,113   INFO  Train:   10/10 (100%) [46432/55563 ( 84%)]  Loss: 0.9028 (0.938)  LR: 3.152e-07  Time cost: 3:15:06/38:21 [7:09:01/38:21]  Acc_iter 546500      Data time: 0.00(0.00)  Forward time: 0.25(0.25)  Batch time: 0.25(0.25)
2026-08-15 18:19:45,743   INFO  Train:   10/10 (100%) [46482/55563 ( 84%)]  Loss: 1.113 (0.938)  LR: 3.118e-07  Time cost: 3:15:18/38:09 [7:09:13/38:09]  Acc_iter 546550      Data time: 0.00(0.00)  Forward time: 0.24(0.25)  Batch time: 0.25(0.25)
2026-08-15 18:19:58,604   INFO  Train:   10/10 (100%) [46532/55563 ( 84%)]  Loss: 0.5896 (0.938)  LR: 3.084e-07  Time cost: 3:15:31/37:56 [7:09:26/37:56]  Acc_iter 546600      Data time: 0.00(0.00)  Forward time: 0.25(0.25)  Batch time: 0.25(0.25)
2026-08-15 18:19:59,114   INFO  a1e06a0b30c0                Sat Aug 15 18:19:59 2026  580.173.02
[0] NVIDIA GeForce RTX 3070 | 69°C,  79 % |  6696 /  8192 MB | root(5990M)

2026-08-15 18:20:12,476   INFO  Train:   10/10 (100%) [46582/55563 ( 84%)]  Loss: 1.155 (0.938)  LR: 3.051e-07  Time cost: 3:15:45/37:44 [7:09:40/37:44]  Acc_iter 546650      Data time: 0.00(0.00)  Forward time: 0.26(0.25)  Batch time: 0.26(0.25)
2026-08-15 18:20:25,031   INFO  Train:   10/10 (100%) [46632/55563 ( 84%)]  Loss: 1.211 (0.938)  LR: 3.017e-07  Time cost: 3:15:58/37:31 [7:09:53/37:31]  Acc_iter 546700      Data time: 0.00(0.00)  Forward time: 0.23(0.25)  Batch time: 0.24(0.25)
2026-08-15 18:20:37,924   INFO  Train:   10/10 (100%) [46682/55563 ( 84%)]  Loss: 0.7048 (0.938)  LR: 2.984e-07  Time cost: 3:16:10/37:19 [7:10:05/37:19]  Acc_iter 546750      Data time: 0.00(0.00)  Forward time: 0.22(0.25)  Batch time: 0.22(0.25)
2026-08-15 18:20:38,321   INFO  a1e06a0b30c0                Sat Aug 15 18:20:38 2026  580.173.02
[0] NVIDIA GeForce RTX 3070 | 67°C,  79 % |  6696 /  8192 MB | root(5990M)

2026-08-15 18:20:51,190   INFO  Train:   10/10 (100%) [46732/55563 ( 84%)]  Loss: 1.202 (0.938)  LR: 2.951e-07  Time cost: 3:16:24/37:06 [7:10:19/37:06]  Acc_iter 546800      Data time: 0.00(0.00)  Forward time: 0.34(0.25)  Batch time: 0.34(0.25)
2026-08-15 18:21:04,132   INFO  Train:   10/10 (100%) [46782/55563 ( 84%)]  Loss: 1.014 (0.938)  LR: 2.918e-07  Time cost: 3:16:37/36:54 [7:10:32/36:54]  Acc_iter 546850      Data time: 0.00(0.00)  Forward time: 0.24(0.25)  Batch time: 0.25(0.25)
2026-08-15 18:21:16,783   INFO  Train:   10/10 (100%) [46832/55563 ( 84%)]  Loss: 1.200 (0.938)  LR: 2.885e-07  Time cost: 3:16:49/36:41 [7:10:44/36:41]  Acc_iter 546900      Data time: 0.00(0.00)  Forward time: 0.26(0.25)  Batch time: 0.26(0.25)
2026-08-15 18:21:17,151   INFO  a1e06a0b30c0                Sat Aug 15 18:21:17 2026  580.173.02
[0] NVIDIA GeForce RTX 3070 | 70°C,  80 % |  6696 /  8192 MB | root(5990M)

2026-08-15 18:21:29,241   INFO  Train:   10/10 (100%) [46882/55563 ( 84%)]  Loss: 0.9088 (0.938)  LR: 2.852e-07  Time cost: 3:17:02/36:29 [7:10:57/36:29]  Acc_iter 546950      Data time: 0.00(0.00)  Forward time: 0.26(0.25)  Batch time: 0.27(0.25)
2026-08-15 18:21:41,700   INFO  Train:   10/10 (100%) [46932/55563 ( 84%)]  Loss: 0.6512 (0.938)  LR: 2.820e-07  Time cost: 3:17:14/36:16 [7:11:09/36:16]  Acc_iter 547000      Data time: 0.00(0.00)  Forward time: 0.25(0.25)  Batch time: 0.25(0.25)
2026-08-15 18:21:54,256   INFO  Train:   10/10 (100%) [46982/55563 ( 85%)]  Loss: 0.5383 (0.938)  LR: 2.788e-07  Time cost: 3:17:27/36:03 [7:11:22/36:03]  Acc_iter 547050      Data time: 0.00(0.00)  Forward time: 0.22(0.25)  Batch time: 0.22(0.25)
2026-08-15 18:21:54,688   INFO  a1e06a0b30c0                Sat Aug 15 18:21:54 2026  580.173.02
[0] NVIDIA GeForce RTX 3070 | 64°C,   1 % |  6453 /  8192 MB | root(5990M)

2026-08-15 18:22:07,557   INFO  Train:   10/10 (100%) [47032/55563 ( 85%)]  Loss: 0.6250 (0.938)  LR: 2.756e-07  Time cost: 3:17:40/35:51 [7:11:35/35:51]  Acc_iter 547100      Data time: 0.00(0.00)  Forward time: 0.27(0.25)  Batch time: 0.27(0.25)
2026-08-15 18:22:20,351   INFO  Train:   10/10 (100%) [47082/55563 ( 85%)]  Loss: 1.077 (0.938)  LR: 2.724e-07  Time cost: 3:17:53/35:38 [7:11:48/35:38]  Acc_iter 547150      Data time: 0.00(0.00)  Forward time: 0.27(0.25)  Batch time: 0.27(0.25)
2026-08-15 18:22:32,799   INFO  Train:   10/10 (100%) [47132/55563 ( 85%)]  Loss: 0.4828 (0.938)  LR: 2.692e-07  Time cost: 3:18:05/35:26 [7:12:00/35:26]  Acc_iter 547200      Data time: 0.00(0.00)  Forward time: 0.26(0.25)  Batch time: 0.26(0.25)
2026-08-15 18:22:33,274   INFO  a1e06a0b30c0                Sat Aug 15 18:22:33 2026  580.173.02
[0] NVIDIA GeForce RTX 3070 | 64°C,  99 % |  6699 /  8192 MB | root(5990M)

2026-08-15 18:22:45,972   INFO  Train:   10/10 (100%) [47182/55563 ( 85%)]  Loss: 1.643 (0.938)  LR: 2.661e-07  Time cost: 3:18:18/35:13 [7:12:14/35:13]  Acc_iter 547250      Data time: 0.00(0.00)  Forward time: 0.27(0.25)  Batch time: 0.28(0.25)
2026-08-15 18:22:58,866   INFO  Train:   10/10 (100%) [47232/55563 ( 85%)]  Loss: 2.419 (0.938)  LR: 2.629e-07  Time cost: 3:18:31/35:01 [7:12:26/35:01]  Acc_iter 547300      Data time: 0.00(0.00)  Forward time: 0.25(0.25)  Batch time: 0.26(0.25)
2026-08-15 18:23:11,405   INFO  Train:   10/10 (100%) [47282/55563 ( 85%)]  Loss: 1.734 (0.938)  LR: 2.598e-07  Time cost: 3:18:44/34:48 [7:12:39/34:48]  Acc_iter 547350      Data time: 0.00(0.00)  Forward time: 0.20(0.25)  Batch time: 0.20(0.25)
2026-08-15 18:23:11,844   INFO  a1e06a0b30c0                Sat Aug 15 18:23:11 2026  580.173.02
[0] NVIDIA GeForce RTX 3070 | 65°C,   8 % |  6689 /  8192 MB | root(5990M)

2026-08-15 18:23:24,441   INFO  Train:   10/10 (100%) [47332/55563 ( 85%)]  Loss: 0.2733 (0.938)  LR: 2.567e-07  Time cost: 3:18:57/34:35 [7:12:52/34:35]  Acc_iter 547400      Data time: 0.00(0.00)  Forward time: 0.21(0.25)  Batch time: 0.21(0.25)
2026-08-15 18:23:36,906   INFO  Train:   10/10 (100%) [47382/55563 ( 85%)]  Loss: 0.5935 (0.938)  LR: 2.537e-07  Time cost: 3:19:09/34:23 [7:13:04/34:23]  Acc_iter 547450      Data time: 0.00(0.00)  Forward time: 0.25(0.25)  Batch time: 0.25(0.25)
2026-08-15 18:23:49,835   INFO  Train:   10/10 (100%) [47432/55563 ( 85%)]  Loss: 0.6045 (0.938)  LR: 2.506e-07  Time cost: 3:19:22/34:10 [7:13:17/34:10]  Acc_iter 547500      Data time: 0.00(0.00)  Forward time: 0.25(0.25)  Batch time: 0.25(0.25)
2026-08-15 18:23:50,286   INFO  a1e06a0b30c0                Sat Aug 15 18:23:50 2026  580.173.02
[0] NVIDIA GeForce RTX 3070 | 64°C,  94 % |  6695 /  8192 MB | root(5990M)

2026-08-15 18:24:02,788   INFO  Train:   10/10 (100%) [47482/55563 ( 85%)]  Loss: 1.018 (0.938)  LR: 2.476e-07  Time cost: 3:19:35/33:58 [7:13:30/33:58]  Acc_iter 547550      Data time: 0.00(0.00)  Forward time: 0.26(0.25)  Batch time: 0.26(0.25)
2026-08-15 18:24:15,347   INFO  Train:   10/10 (100%) [47532/55563 ( 86%)]  Loss: 1.140 (0.938)  LR: 2.446e-07  Time cost: 3:19:48/33:45 [7:13:43/33:45]  Acc_iter 547600      Data time: 0.00(0.00)  Forward time: 0.25(0.25)  Batch time: 0.25(0.25)
2026-08-15 18:24:27,153   INFO  Save latest model to /OpenPCDet/output/OpenPCDet/tools/cfgs/models/S/F/S_F_N/default/ckpt/latest_model
2026-08-15 18:24:27,614   INFO  Train:   10/10 (100%) [47582/55563 ( 86%)]  Loss: 0.9881 (0.938)  LR: 2.416e-07  Time cost: 3:20:00/33:32 [7:13:55/33:32]  Acc_iter 547650      Data time: 0.00(0.00)  Forward time: 0.20(0.25)  Batch time: 0.21(0.25)
2026-08-15 18:24:28,005   INFO  a1e06a0b30c0                Sat Aug 15 18:24:27 2026  580.173.02
[0] NVIDIA GeForce RTX 3070 | 70°C,  71 % |  6695 /  8192 MB | root(5990M)

2026-08-15 18:24:40,738   INFO  Train:   10/10 (100%) [47632/55563 ( 86%)]  Loss: 0.4465 (0.938)  LR: 2.386e-07  Time cost: 3:20:13/33:20 [7:14:08/33:20]  Acc_iter 547700      Data time: 0.00(0.00)  Forward time: 0.21(0.25)  Batch time: 0.21(0.25)
2026-08-15 18:24:53,472   INFO  Train:   10/10 (100%) [47682/55563 ( 86%)]  Loss: 0.8889 (0.938)  LR: 2.356e-07  Time cost: 3:20:26/33:07 [7:14:21/33:07]  Acc_iter 547750      Data time: 0.00(0.00)  Forward time: 0.21(0.25)  Batch time: 0.21(0.25)
2026-08-15 18:25:05,769   INFO  Train:   10/10 (100%) [47732/55563 ( 86%)]  Loss: 0.6741 (0.938)  LR: 2.327e-07  Time cost: 3:20:38/32:55 [7:14:33/32:55]  Acc_iter 547800      Data time: 0.00(0.00)  Forward time: 0.22(0.25)  Batch time: 0.23(0.25)
2026-08-15 18:25:06,202   INFO  a1e06a0b30c0                Sat Aug 15 18:25:06 2026  580.173.02
[0] NVIDIA GeForce RTX 3070 | 65°C,  96 % |  6442 /  8192 MB | root(5990M)

2026-08-15 18:25:18,869   INFO  Train:   10/10 (100%) [47782/55563 ( 86%)]  Loss: 0.8912 (0.938)  LR: 2.298e-07  Time cost: 3:20:51/32:42 [7:14:46/32:42]  Acc_iter 547850      Data time: 0.00(0.00)  Forward time: 0.24(0.25)  Batch time: 0.24(0.25)
2026-08-15 18:25:31,859   INFO  Train:   10/10 (100%) [47832/55563 ( 86%)]  Loss: 0.8304 (0.938)  LR: 2.269e-07  Time cost: 3:21:04/32:29 [7:14:59/32:29]  Acc_iter 547900      Data time: 0.00(0.00)  Forward time: 0.28(0.25)  Batch time: 0.28(0.25)
2026-08-15 18:25:45,212   INFO  Train:   10/10 (100%) [47882/55563 ( 86%)]  Loss: 1.120 (0.938)  LR: 2.240e-07  Time cost: 3:21:18/32:17 [7:15:13/32:17]  Acc_iter 547950      Data time: 0.00(0.00)  Forward time: 0.27(0.25)  Batch time: 0.27(0.25)
2026-08-15 18:25:45,661   INFO  a1e06a0b30c0                Sat Aug 15 18:25:45 2026  580.173.02
[0] NVIDIA GeForce RTX 3070 | 69°C,  94 % |  6914 /  8192 MB | root(6208M)

2026-08-15 18:25:58,331   INFO  Train:   10/10 (100%) [47932/55563 ( 86%)]  Loss: 1.175 (0.938)  LR: 2.211e-07  Time cost: 3:21:31/32:04 [7:15:26/32:04]  Acc_iter 548000      Data time: 0.00(0.00)  Forward time: 0.26(0.25)  Batch time: 0.27(0.25)
2026-08-15 18:26:11,088   INFO  Train:   10/10 (100%) [47982/55563 ( 86%)]  Loss: 0.9362 (0.938)  LR: 2.183e-07  Time cost: 3:21:44/31:52 [7:15:39/31:52]  Acc_iter 548050      Data time: 0.00(0.00)  Forward time: 0.24(0.25)  Batch time: 0.24(0.25)
2026-08-15 18:26:23,947   INFO  Train:   10/10 (100%) [48032/55563 ( 86%)]  Loss: 0.7719 (0.938)  LR: 2.154e-07  Time cost: 3:21:56/31:39 [7:15:51/31:39]  Acc_iter 548100      Data time: 0.00(0.00)  Forward time: 0.29(0.25)  Batch time: 0.29(0.25)
2026-08-15 18:26:24,406   INFO  a1e06a0b30c0                Sat Aug 15 18:26:24 2026  580.173.02
[0] NVIDIA GeForce RTX 3070 | 71°C,  95 % |  6914 /  8192 MB | root(6208M)

2026-08-15 18:26:37,558   INFO  Train:   10/10 (100%) [48082/55563 ( 87%)]  Loss: 0.6237 (0.938)  LR: 2.126e-07  Time cost: 3:22:10/31:27 [7:16:05/31:27]  Acc_iter 548150      Data time: 0.00(0.00)  Forward time: 0.26(0.25)  Batch time: 0.26(0.25)
2026-08-15 18:26:50,779   INFO  Train:   10/10 (100%) [48132/55563 ( 87%)]  Loss: 0.8267 (0.938)  LR: 2.098e-07  Time cost: 3:22:23/31:14 [7:16:18/31:14]  Acc_iter 548200      Data time: 0.00(0.00)  Forward time: 0.23(0.25)  Batch time: 0.23(0.25)
2026-08-15 18:27:03,482   INFO  Train:   10/10 (100%) [48182/55563 ( 87%)]  Loss: 1.004 (0.938)  LR: 2.071e-07  Time cost: 3:22:36/31:02 [7:16:31/31:02]  Acc_iter 548250      Data time: 0.00(0.00)  Forward time: 0.26(0.25)  Batch time: 0.26(0.25)
2026-08-15 18:27:03,891   INFO  a1e06a0b30c0                Sat Aug 15 18:27:03 2026  580.173.02
[0] NVIDIA GeForce RTX 3070 | 68°C,  37 % |  6914 /  8192 MB | root(6208M)

2026-08-15 18:27:16,707   INFO  Train:   10/10 (100%) [48232/55563 ( 87%)]  Loss: 0.4091 (0.938)  LR: 2.043e-07  Time cost: 3:22:49/30:49 [7:16:44/30:49]  Acc_iter 548300      Data time: 0.00(0.00)  Forward time: 0.24(0.25)  Batch time: 0.24(0.25)
2026-08-15 18:27:29,290   INFO  Train:   10/10 (100%) [48282/55563 ( 87%)]  Loss: 1.056 (0.938)  LR: 2.016e-07  Time cost: 3:23:02/30:37 [7:16:57/30:37]  Acc_iter 548350      Data time: 0.00(0.00)  Forward time: 0.24(0.25)  Batch time: 0.24(0.25)
2026-08-15 18:27:42,519   INFO  Train:   10/10 (100%) [48332/55563 ( 87%)]  Loss: 1.340 (0.938)  LR: 1.988e-07  Time cost: 3:23:15/30:24 [7:17:10/30:24]  Acc_iter 548400      Data time: 0.00(0.00)  Forward time: 0.27(0.25)  Batch time: 0.27(0.25)
2026-08-15 18:27:42,973   INFO  a1e06a0b30c0                Sat Aug 15 18:27:42 2026  580.173.02
[0] NVIDIA GeForce RTX 3070 | 72°C,  86 % |  6914 /  8192 MB | root(6208M)

2026-08-15 18:27:55,680   INFO  Train:   10/10 (100%) [48382/55563 ( 87%)]  Loss: 0.5047 (0.938)  LR: 1.961e-07  Time cost: 3:23:28/30:12 [7:17:23/30:12]  Acc_iter 548450      Data time: 0.00(0.00)  Forward time: 0.28(0.25)  Batch time: 0.28(0.25)
2026-08-15 18:28:08,465   INFO  Train:   10/10 (100%) [48432/55563 ( 87%)]  Loss: 0.9963 (0.938)  LR: 1.935e-07  Time cost: 3:23:41/29:59 [7:17:36/29:59]  Acc_iter 548500      Data time: 0.00(0.00)  Forward time: 0.23(0.25)  Batch time: 0.23(0.25)
2026-08-15 18:28:21,446   INFO  Train:   10/10 (100%) [48482/55563 ( 87%)]  Loss: 1.251 (0.938)  LR: 1.908e-07  Time cost: 3:23:54/29:46 [7:17:49/29:46]  Acc_iter 548550      Data time: 0.00(0.00)  Forward time: 0.26(0.25)  Batch time: 0.26(0.25)
2026-08-15 18:28:21,839   INFO  a1e06a0b30c0                Sat Aug 15 18:28:21 2026  580.173.02
[0] NVIDIA GeForce RTX 3070 | 68°C,  31 % |  6912 /  8192 MB | root(6208M)

2026-08-15 18:28:34,961   INFO  Train:   10/10 (100%) [48532/55563 ( 87%)]  Loss: 0.8016 (0.938)  LR: 1.882e-07  Time cost: 3:24:07/29:34 [7:18:03/29:34]  Acc_iter 548600      Data time: 0.00(0.00)  Forward time: 0.30(0.25)  Batch time: 0.30(0.25)
2026-08-15 18:28:47,601   INFO  Train:   10/10 (100%) [48582/55563 ( 87%)]  Loss: 0.3364 (0.938)  LR: 1.855e-07  Time cost: 3:24:20/29:21 [7:18:15/29:21]  Acc_iter 548650      Data time: 0.00(0.00)  Forward time: 0.24(0.25)  Batch time: 0.25(0.25)
2026-08-15 18:29:00,485   INFO  Train:   10/10 (100%) [48632/55563 ( 88%)]  Loss: 1.571 (0.938)  LR: 1.829e-07  Time cost: 3:24:33/29:09 [7:18:28/29:09]  Acc_iter 548700      Data time: 0.00(0.00)  Forward time: 0.26(0.25)  Batch time: 0.26(0.25)
2026-08-15 18:29:00,924   INFO  a1e06a0b30c0                Sat Aug 15 18:29:00 2026  580.173.02
[0] NVIDIA GeForce RTX 3070 | 70°C,  77 % |  6914 /  8192 MB | root(6208M)

2026-08-15 18:29:13,965   INFO  Train:   10/10 (100%) [48682/55563 ( 88%)]  Loss: 1.306 (0.938)  LR: 1.803e-07  Time cost: 3:24:46/28:56 [7:18:42/28:56]  Acc_iter 548750      Data time: 0.00(0.00)  Forward time: 0.32(0.25)  Batch time: 0.33(0.25)
2026-08-15 18:29:26,692   INFO  Train:   10/10 (100%) [48732/55563 ( 88%)]  Loss: 0.5556 (0.938)  LR: 1.778e-07  Time cost: 3:24:59/28:44 [7:18:54/28:44]  Acc_iter 548800      Data time: 0.00(0.00)  Forward time: 0.26(0.25)  Batch time: 0.26(0.25)
2026-08-15 18:29:27,360   INFO  Save latest model to /OpenPCDet/output/OpenPCDet/tools/cfgs/models/S/F/S_F_N/default/ckpt/latest_model
2026-08-15 18:29:39,782   INFO  Train:   10/10 (100%) [48782/55563 ( 88%)]  Loss: 1.364 (0.938)  LR: 1.752e-07  Time cost: 3:25:12/28:31 [7:19:07/28:31]  Acc_iter 548850      Data time: 0.00(0.00)  Forward time: 0.28(0.25)  Batch time: 0.28(0.25)
2026-08-15 18:29:40,202   INFO  a1e06a0b30c0                Sat Aug 15 18:29:40 2026  580.173.02
[0] NVIDIA GeForce RTX 3070 | 72°C,  97 % |  6914 /  8192 MB | root(6208M)

2026-08-15 18:29:53,049   INFO  Train:   10/10 (100%) [48832/55563 ( 88%)]  Loss: 1.271 (0.938)  LR: 1.727e-07  Time cost: 3:25:26/28:18 [7:19:21/28:18]  Acc_iter 548900      Data time: 0.00(0.00)  Forward time: 0.26(0.25)  Batch time: 0.26(0.25)
2026-08-15 18:30:05,743   INFO  Train:   10/10 (100%) [48882/55563 ( 88%)]  Loss: 0.8840 (0.938)  LR: 1.702e-07  Time cost: 3:25:38/28:06 [7:19:33/28:06]  Acc_iter 548950      Data time: 0.00(0.00)  Forward time: 0.25(0.25)  Batch time: 0.25(0.25)
2026-08-15 18:30:18,567   INFO  Train:   10/10 (100%) [48932/55563 ( 88%)]  Loss: 0.3898 (0.938)  LR: 1.677e-07  Time cost: 3:25:51/27:53 [7:19:46/27:53]  Acc_iter 549000      Data time: 0.00(0.00)  Forward time: 0.23(0.25)  Batch time: 0.23(0.25)
2026-08-15 18:30:19,034   INFO  a1e06a0b30c0                Sat Aug 15 18:30:19 2026  580.173.02
[0] NVIDIA GeForce RTX 3070 | 71°C,  79 % |  6914 /  8192 MB | root(6208M)

2026-08-15 18:30:32,174   INFO  Train:   10/10 (100%) [48982/55563 ( 88%)]  Loss: 1.761 (0.938)  LR: 1.652e-07  Time cost: 3:26:05/27:41 [7:20:00/27:41]  Acc_iter 549050      Data time: 0.00(0.00)  Forward time: 0.28(0.25)  Batch time: 0.28(0.25)
2026-08-15 18:30:45,052   INFO  Train:   10/10 (100%) [49032/55563 ( 88%)]  Loss: 1.261 (0.938)  LR: 1.628e-07  Time cost: 3:26:18/27:28 [7:20:13/27:28]  Acc_iter 549100      Data time: 0.00(0.00)  Forward time: 0.24(0.25)  Batch time: 0.24(0.25)
2026-08-15 18:30:57,707   INFO  Train:   10/10 (100%) [49082/55563 ( 88%)]  Loss: 0.5978 (0.938)  LR: 1.603e-07  Time cost: 3:26:30/27:16 [7:20:25/27:16]  Acc_iter 549150      Data time: 0.00(0.00)  Forward time: 0.26(0.25)  Batch time: 0.26(0.25)
2026-08-15 18:30:58,090   INFO  a1e06a0b30c0                Sat Aug 15 18:30:58 2026  580.173.02
[0] NVIDIA GeForce RTX 3070 | 69°C,  85 % |  6914 /  8192 MB | root(6208M)

2026-08-15 18:31:10,757   INFO  Train:   10/10 (100%) [49132/55563 ( 88%)]  Loss: 0.8830 (0.938)  LR: 1.579e-07  Time cost: 3:26:43/27:03 [7:20:38/27:03]  Acc_iter 549200      Data time: 0.00(0.00)  Forward time: 0.24(0.25)  Batch time: 0.24(0.25)
2026-08-15 18:31:23,328   INFO  Train:   10/10 (100%) [49182/55563 ( 89%)]  Loss: 0.9391 (0.938)  LR: 1.555e-07  Time cost: 3:26:56/26:50 [7:20:51/26:50]  Acc_iter 549250      Data time: 0.00(0.00)  Forward time: 0.29(0.25)  Batch time: 0.29(0.25)
2026-08-15 18:31:35,917   INFO  Train:   10/10 (100%) [49232/55563 ( 89%)]  Loss: 0.6147 (0.938)  LR: 1.531e-07  Time cost: 3:27:08/26:38 [7:21:03/26:38]  Acc_iter 549300      Data time: 0.00(0.00)  Forward time: 0.27(0.25)  Batch time: 0.27(0.25)
2026-08-15 18:31:36,314   INFO  a1e06a0b30c0                Sat Aug 15 18:31:36 2026  580.173.02
[0] NVIDIA GeForce RTX 3070 | 64°C,  96 % |  6913 /  8192 MB | root(6208M)

2026-08-15 18:31:48,735   INFO  Train:   10/10 (100%) [49282/55563 ( 89%)]  Loss: 1.933 (0.938)  LR: 1.508e-07  Time cost: 3:27:21/26:25 [7:21:16/26:25]  Acc_iter 549350      Data time: 0.00(0.00)  Forward time: 0.28(0.25)  Batch time: 0.28(0.25)
2026-08-15 18:32:01,115   INFO  Train:   10/10 (100%) [49332/55563 ( 89%)]  Loss: 1.136 (0.938)  LR: 1.484e-07  Time cost: 3:27:34/26:13 [7:21:29/26:13]  Acc_iter 549400      Data time: 0.00(0.00)  Forward time: 0.24(0.25)  Batch time: 0.24(0.25)
2026-08-15 18:32:13,690   INFO  Train:   10/10 (100%) [49382/55563 ( 89%)]  Loss: 1.021 (0.938)  LR: 1.461e-07  Time cost: 3:27:46/26:00 [7:21:41/26:00]  Acc_iter 549450      Data time: 0.00(0.00)  Forward time: 0.28(0.25)  Batch time: 0.28(0.25)
2026-08-15 18:32:14,124   INFO  a1e06a0b30c0                Sat Aug 15 18:32:14 2026  580.173.02
[0] NVIDIA GeForce RTX 3070 | 70°C,  76 % |  6671 /  8192 MB | root(6208M)

2026-08-15 18:32:26,902   INFO  Train:   10/10 (100%) [49432/55563 ( 89%)]  Loss: 0.6612 (0.938)  LR: 1.438e-07  Time cost: 3:27:59/25:47 [7:21:54/25:47]  Acc_iter 549500      Data time: 0.00(0.00)  Forward time: 0.24(0.25)  Batch time: 0.24(0.25)
2026-08-15 18:32:39,384   INFO  Train:   10/10 (100%) [49482/55563 ( 89%)]  Loss: 0.7495 (0.938)  LR: 1.415e-07  Time cost: 3:28:12/25:35 [7:22:07/25:35]  Acc_iter 549550      Data time: 0.00(0.00)  Forward time: 0.23(0.25)  Batch time: 0.23(0.25)
2026-08-15 18:32:51,620   INFO  Train:   10/10 (100%) [49532/55563 ( 89%)]  Loss: 0.7438 (0.938)  LR: 1.392e-07  Time cost: 3:28:24/25:22 [7:22:19/25:22]  Acc_iter 549600      Data time: 0.00(0.00)  Forward time: 0.23(0.25)  Batch time: 0.23(0.25)
2026-08-15 18:32:52,003   INFO  a1e06a0b30c0                Sat Aug 15 18:32:51 2026  580.173.02
[0] NVIDIA GeForce RTX 3070 | 71°C,  94 % |  6671 /  8192 MB | root(6208M)

2026-08-15 18:33:04,389   INFO  Train:   10/10 (100%) [49582/55563 ( 89%)]  Loss: 1.086 (0.938)  LR: 1.370e-07  Time cost: 3:28:37/25:09 [7:22:32/25:09]  Acc_iter 549650      Data time: 0.00(0.00)  Forward time: 0.25(0.25)  Batch time: 0.25(0.25)
2026-08-15 18:33:17,333   INFO  Train:   10/10 (100%) [49632/55563 ( 89%)]  Loss: 1.507 (0.938)  LR: 1.348e-07  Time cost: 3:28:50/24:57 [7:22:45/24:57]  Acc_iter 549700      Data time: 0.00(0.00)  Forward time: 0.25(0.25)  Batch time: 0.25(0.25)
2026-08-15 18:33:29,799   INFO  Train:   10/10 (100%) [49682/55563 ( 89%)]  Loss: 1.132 (0.938)  LR: 1.326e-07  Time cost: 3:29:02/24:44 [7:22:57/24:44]  Acc_iter 549750      Data time: 0.00(0.00)  Forward time: 0.25(0.25)  Batch time: 0.25(0.25)
2026-08-15 18:33:30,174   INFO  a1e06a0b30c0                Sat Aug 15 18:33:30 2026  580.173.02
[0] NVIDIA GeForce RTX 3070 | 72°C,  99 % |  6671 /  8192 MB | root(6208M)

2026-08-15 18:33:42,693   INFO  Train:   10/10 (100%) [49732/55563 ( 90%)]  Loss: 0.8964 (0.938)  LR: 1.304e-07  Time cost: 3:29:15/24:32 [7:23:10/24:32]  Acc_iter 549800      Data time: 0.00(0.00)  Forward time: 0.24(0.25)  Batch time: 0.24(0.25)
2026-08-15 18:33:54,888   INFO  Train:   10/10 (100%) [49782/55563 ( 90%)]  Loss: 0.9273 (0.938)  LR: 1.282e-07  Time cost: 3:29:27/24:19 [7:23:22/24:19]  Acc_iter 549850      Data time: 0.00(0.00)  Forward time: 0.24(0.25)  Batch time: 0.24(0.25)
2026-08-15 18:34:07,397   INFO  Train:   10/10 (100%) [49832/55563 ( 90%)]  Loss: 1.956 (0.938)  LR: 1.260e-07  Time cost: 3:29:40/24:06 [7:23:35/24:06]  Acc_iter 549900      Data time: 0.00(0.00)  Forward time: 0.27(0.25)  Batch time: 0.27(0.25)
2026-08-15 18:34:07,858   INFO  a1e06a0b30c0                Sat Aug 15 18:34:07 2026  580.173.02
[0] NVIDIA GeForce RTX 3070 | 65°C,   3 % |  6671 /  8192 MB | root(6208M)

2026-08-15 18:34:20,453   INFO  Train:   10/10 (100%) [49882/55563 ( 90%)]  Loss: 0.8726 (0.938)  LR: 1.239e-07  Time cost: 3:29:53/23:54 [7:23:48/23:54]  Acc_iter 549950      Data time: 0.00(0.00)  Forward time: 0.25(0.25)  Batch time: 0.25(0.25)
2026-08-15 18:34:27,336   INFO  Save latest model to /OpenPCDet/output/OpenPCDet/tools/cfgs/models/S/F/S_F_N/default/ckpt/latest_model
2026-08-15 18:34:33,106   INFO  Train:   10/10 (100%) [49932/55563 ( 90%)]  Loss: 0.6871 (0.938)  LR: 1.218e-07  Time cost: 3:30:06/23:41 [7:24:01/23:41]  Acc_iter 550000      Data time: 0.00(0.00)  Forward time: 0.24(0.25)  Batch time: 0.24(0.25)
2026-08-15 18:34:45,415   INFO  Train:   10/10 (100%) [49982/55563 ( 90%)]  Loss: 1.314 (0.938)  LR: 1.197e-07  Time cost: 3:30:18/23:28 [7:24:13/23:28]  Acc_iter 550050      Data time: 0.00(0.00)  Forward time: 0.27(0.25)  Batch time: 0.27(0.25)
2026-08-15 18:34:45,805   INFO  a1e06a0b30c0                Sat Aug 15 18:34:45 2026  580.173.02
[0] NVIDIA GeForce RTX 3070 | 66°C,   1 % |  6671 /  8192 MB | root(6208M)

2026-08-15 18:34:58,361   INFO  Train:   10/10 (100%) [50032/55563 ( 90%)]  Loss: 0.7046 (0.938)  LR: 1.176e-07  Time cost: 3:30:31/23:16 [7:24:26/23:16]  Acc_iter 550100      Data time: 0.00(0.00)  Forward time: 0.24(0.25)  Batch time: 0.24(0.25)
2026-08-15 18:35:10,881   INFO  Train:   10/10 (100%) [50082/55563 ( 90%)]  Loss: 0.4353 (0.938)  LR: 1.155e-07  Time cost: 3:30:43/23:03 [7:24:38/23:03]  Acc_iter 550150      Data time: 0.00(0.00)  Forward time: 0.27(0.25)  Batch time: 0.27(0.25)
2026-08-15 18:35:23,414   INFO  Train:   10/10 (100%) [50132/55563 ( 90%)]  Loss: 1.300 (0.938)  LR: 1.135e-07  Time cost: 3:30:56/22:51 [7:24:51/22:51]  Acc_iter 550200      Data time: 0.00(0.00)  Forward time: 0.27(0.25)  Batch time: 0.27(0.25)
2026-08-15 18:35:23,831   INFO  a1e06a0b30c0                Sat Aug 15 18:35:23 2026  580.173.02
[0] NVIDIA GeForce RTX 3070 | 67°C,   1 % |  6671 /  8192 MB | root(6208M)

2026-08-15 18:35:36,146   INFO  Train:   10/10 (100%) [50182/55563 ( 90%)]  Loss: 0.6638 (0.938)  LR: 1.115e-07  Time cost: 3:31:09/22:38 [7:25:04/22:38]  Acc_iter 550250      Data time: 0.00(0.00)  Forward time: 0.22(0.25)  Batch time: 0.22(0.25)
2026-08-15 18:35:48,480   INFO  Train:   10/10 (100%) [50232/55563 ( 90%)]  Loss: 1.386 (0.938)  LR: 1.095e-07  Time cost: 3:31:21/22:25 [7:25:16/22:25]  Acc_iter 550300      Data time: 0.00(0.00)  Forward time: 0.23(0.25)  Batch time: 0.23(0.25)
2026-08-15 18:36:01,291   INFO  Train:   10/10 (100%) [50282/55563 ( 90%)]  Loss: 0.5800 (0.938)  LR: 1.075e-07  Time cost: 3:31:34/22:13 [7:25:29/22:13]  Acc_iter 550350      Data time: 0.00(0.00)  Forward time: 0.28(0.25)  Batch time: 0.28(0.25)
2026-08-15 18:36:01,670   INFO  a1e06a0b30c0                Sat Aug 15 18:36:01 2026  580.173.02
[0] NVIDIA GeForce RTX 3070 | 70°C,  47 % |  6671 /  8192 MB | root(6208M)

2026-08-15 18:36:14,285   INFO  Train:   10/10 (100%) [50332/55563 ( 91%)]  Loss: 0.8455 (0.938)  LR: 1.055e-07  Time cost: 3:31:47/22:00 [7:25:42/22:00]  Acc_iter 550400      Data time: 0.00(0.00)  Forward time: 0.26(0.25)  Batch time: 0.26(0.25)
2026-08-15 18:36:26,644   INFO  Train:   10/10 (100%) [50382/55563 ( 91%)]  Loss: 0.6741 (0.938)  LR: 1.036e-07  Time cost: 3:31:59/21:47 [7:25:54/21:47]  Acc_iter 550450      Data time: 0.00(0.00)  Forward time: 0.25(0.25)  Batch time: 0.25(0.25)
2026-08-15 18:36:39,050   INFO  Train:   10/10 (100%) [50432/55563 ( 91%)]  Loss: 0.5952 (0.938)  LR: 1.016e-07  Time cost: 3:32:12/21:35 [7:26:07/21:35]  Acc_iter 550500      Data time: 0.00(0.00)  Forward time: 0.19(0.25)  Batch time: 0.19(0.25)
2026-08-15 18:36:39,424   INFO  a1e06a0b30c0                Sat Aug 15 18:36:39 2026  580.173.02
[0] NVIDIA GeForce RTX 3070 | 68°C,  94 % |  6671 /  8192 MB | root(6208M)

2026-08-15 18:36:51,930   INFO  Train:   10/10 (100%) [50482/55563 ( 91%)]  Loss: 0.8333 (0.938)  LR: 9.971e-08  Time cost: 3:32:24/21:22 [7:26:19/21:22]  Acc_iter 550550      Data time: 0.00(0.00)  Forward time: 0.24(0.25)  Batch time: 0.24(0.25)
2026-08-15 18:37:04,636   INFO  Train:   10/10 (100%) [50532/55563 ( 91%)]  Loss: 0.6863 (0.938)  LR: 9.781e-08  Time cost: 3:32:37/21:10 [7:26:32/21:10]  Acc_iter 550600      Data time: 0.00(0.00)  Forward time: 0.27(0.25)  Batch time: 0.27(0.25)
2026-08-15 18:37:16,725   INFO  Train:   10/10 (100%) [50582/55563 ( 91%)]  Loss: 1.187 (0.937)  LR: 9.594e-08  Time cost: 3:32:49/20:57 [7:26:44/20:57]  Acc_iter 550650      Data time: 0.00(0.00)  Forward time: 0.29(0.25)  Batch time: 0.29(0.25)
2026-08-15 18:37:17,129   INFO  a1e06a0b30c0                Sat Aug 15 18:37:17 2026  580.173.02
[0] NVIDIA GeForce RTX 3070 | 70°C,  76 % |  6671 /  8192 MB | root(6208M)

2026-08-15 18:37:29,224   INFO  Train:   10/10 (100%) [50632/55563 ( 91%)]  Loss: 1.313 (0.937)  LR: 9.408e-08  Time cost: 3:33:02/20:44 [7:26:57/20:44]  Acc_iter 550700      Data time: 0.00(0.00)  Forward time: 0.29(0.25)  Batch time: 0.29(0.25)
2026-08-15 18:37:41,849   INFO  Train:   10/10 (100%) [50682/55563 ( 91%)]  Loss: 1.935 (0.937)  LR: 9.224e-08  Time cost: 3:33:14/20:32 [7:27:09/20:32]  Acc_iter 550750      Data time: 0.00(0.00)  Forward time: 0.23(0.25)  Batch time: 0.23(0.25)
2026-08-15 18:37:54,531   INFO  Train:   10/10 (100%) [50732/55563 ( 91%)]  Loss: 0.6625 (0.937)  LR: 9.043e-08  Time cost: 3:33:27/20:19 [7:27:22/20:19]  Acc_iter 550800      Data time: 0.00(0.00)  Forward time: 0.24(0.25)  Batch time: 0.24(0.25)
2026-08-15 18:37:54,929   INFO  a1e06a0b30c0                Sat Aug 15 18:37:54 2026  580.173.02
[0] NVIDIA GeForce RTX 3070 | 70°C,  87 % |  6671 /  8192 MB | root(6208M)

2026-08-15 18:38:07,272   INFO  Train:   10/10 (100%) [50782/55563 ( 91%)]  Loss: 1.366 (0.937)  LR: 8.863e-08  Time cost: 3:33:40/20:06 [7:27:35/20:06]  Acc_iter 550850      Data time: 0.00(0.00)  Forward time: 0.24(0.25)  Batch time: 0.24(0.25)
2026-08-15 18:38:19,717   INFO  Train:   10/10 (100%) [50832/55563 ( 91%)]  Loss: 0.8681 (0.937)  LR: 8.684e-08  Time cost: 3:33:52/19:54 [7:27:47/19:54]  Acc_iter 550900      Data time: 0.00(0.00)  Forward time: 0.23(0.25)  Batch time: 0.24(0.25)
2026-08-15 18:38:31,934   INFO  Train:   10/10 (100%) [50882/55563 ( 92%)]  Loss: 1.618 (0.937)  LR: 8.508e-08  Time cost: 3:34:04/19:41 [7:27:59/19:41]  Acc_iter 550950      Data time: 0.00(0.00)  Forward time: 0.28(0.25)  Batch time: 0.28(0.25)
2026-08-15 18:38:32,358   INFO  a1e06a0b30c0                Sat Aug 15 18:38:32 2026  580.173.02
[0] NVIDIA GeForce RTX 3070 | 66°C,  91 % |  6903 /  8192 MB | root(6440M)

2026-08-15 18:38:45,311   INFO  Train:   10/10 (100%) [50932/55563 ( 92%)]  Loss: 1.399 (0.937)  LR: 8.334e-08  Time cost: 3:34:18/19:29 [7:28:13/19:29]  Acc_iter 551000      Data time: 0.00(0.00)  Forward time: 0.28(0.25)  Batch time: 0.28(0.25)
2026-08-15 18:38:57,780   INFO  Train:   10/10 (100%) [50982/55563 ( 92%)]  Loss: 1.186 (0.937)  LR: 8.161e-08  Time cost: 3:34:30/19:16 [7:28:25/19:16]  Acc_iter 551050      Data time: 0.00(0.00)  Forward time: 0.25(0.25)  Batch time: 0.25(0.25)
2026-08-15 18:39:10,185   INFO  Train:   10/10 (100%) [51032/55563 ( 92%)]  Loss: 0.9776 (0.937)  LR: 7.991e-08  Time cost: 3:34:43/19:03 [7:28:38/19:03]  Acc_iter 551100      Data time: 0.00(0.00)  Forward time: 0.26(0.25)  Batch time: 0.26(0.25)
2026-08-15 18:39:10,568   INFO  a1e06a0b30c0                Sat Aug 15 18:39:10 2026  580.173.02
[0] NVIDIA GeForce RTX 3070 | 72°C,  94 % |  6899 /  8192 MB | root(6440M)

2026-08-15 18:39:23,001   INFO  Train:   10/10 (100%) [51082/55563 ( 92%)]  Loss: 0.4860 (0.937)  LR: 7.822e-08  Time cost: 3:34:55/18:51 [7:28:51/18:51]  Acc_iter 551150      Data time: 0.00(0.00)  Forward time: 0.26(0.25)  Batch time: 0.26(0.25)
2026-08-15 18:39:27,197   INFO  Save latest model to /OpenPCDet/output/OpenPCDet/tools/cfgs/models/S/F/S_F_N/default/ckpt/latest_model
2026-08-15 18:39:35,890   INFO  Train:   10/10 (100%) [51132/55563 ( 92%)]  Loss: 0.5920 (0.937)  LR: 7.655e-08  Time cost: 3:35:08/18:38 [7:29:03/18:38]  Acc_iter 551200      Data time: 0.00(0.00)  Forward time: 0.26(0.25)  Batch time: 0.26(0.25)
2026-08-15 18:39:48,333   INFO  Train:   10/10 (100%) [51182/55563 ( 92%)]  Loss: 0.5822 (0.937)  LR: 7.490e-08  Time cost: 3:35:21/18:25 [7:29:16/18:25]  Acc_iter 551250      Data time: 0.00(0.00)  Forward time: 0.21(0.25)  Batch time: 0.21(0.25)
2026-08-15 18:39:48,723   INFO  a1e06a0b30c0                Sat Aug 15 18:39:48 2026  580.173.02
[0] NVIDIA GeForce RTX 3070 | 72°C,  99 % |  6901 /  8192 MB | root(6440M)

2026-08-15 18:40:01,152   INFO  Train:   10/10 (100%) [51232/55563 ( 92%)]  Loss: 0.8429 (0.937)  LR: 7.327e-08  Time cost: 3:35:34/18:13 [7:29:29/18:13]  Acc_iter 551300      Data time: 0.00(0.00)  Forward time: 0.23(0.25)  Batch time: 0.23(0.25)
2026-08-15 18:40:13,496   INFO  Train:   10/10 (100%) [51282/55563 ( 92%)]  Loss: 0.7126 (0.937)  LR: 7.165e-08  Time cost: 3:35:46/18:00 [7:29:41/18:00]  Acc_iter 551350      Data time: 0.00(0.00)  Forward time: 0.22(0.25)  Batch time: 0.23(0.25)
2026-08-15 18:40:26,105   INFO  Train:   10/10 (100%) [51332/55563 ( 92%)]  Loss: 1.855 (0.937)  LR: 7.006e-08  Time cost: 3:35:59/17:48 [7:29:54/17:48]  Acc_iter 551400      Data time: 0.00(0.00)  Forward time: 0.27(0.25)  Batch time: 0.27(0.25)
2026-08-15 18:40:26,543   INFO  a1e06a0b30c0                Sat Aug 15 18:40:26 2026  580.173.02
[0] NVIDIA GeForce RTX 3070 | 73°C,  82 % |  6901 /  8192 MB | root(6440M)

2026-08-15 18:40:39,243   INFO  Train:   10/10 (100%) [51382/55563 ( 92%)]  Loss: 0.6585 (0.937)  LR: 6.848e-08  Time cost: 3:36:12/17:35 [7:30:07/17:35]  Acc_iter 551450      Data time: 0.00(0.00)  Forward time: 0.22(0.25)  Batch time: 0.22(0.25)
2026-08-15 18:40:51,653   INFO  Train:   10/10 (100%) [51432/55563 ( 93%)]  Loss: 0.7016 (0.937)  LR: 6.693e-08  Time cost: 3:36:24/17:22 [7:30:19/17:22]  Acc_iter 551500      Data time: 0.00(0.00)  Forward time: 0.22(0.25)  Batch time: 0.22(0.25)
2026-08-15 18:41:03,655   INFO  Train:   10/10 (100%) [51482/55563 ( 93%)]  Loss: 0.9637 (0.937)  LR: 6.539e-08  Time cost: 3:36:36/17:10 [7:30:31/17:10]  Acc_iter 551550      Data time: 0.00(0.00)  Forward time: 0.27(0.25)  Batch time: 0.27(0.25)
2026-08-15 18:41:04,098   INFO  a1e06a0b30c0                Sat Aug 15 18:41:04 2026  580.173.02
[0] NVIDIA GeForce RTX 3070 | 73°C,  97 % |  6900 /  8192 MB | root(6440M)

2026-08-15 18:41:16,833   INFO  Train:   10/10 (100%) [51532/55563 ( 93%)]  Loss: 0.7932 (0.937)  LR: 6.387e-08  Time cost: 3:36:49/16:57 [7:30:44/16:57]  Acc_iter 551600      Data time: 0.00(0.00)  Forward time: 0.25(0.25)  Batch time: 0.26(0.25)
2026-08-15 18:41:29,503   INFO  Train:   10/10 (100%) [51582/55563 ( 93%)]  Loss: 1.417 (0.937)  LR: 6.237e-08  Time cost: 3:37:02/16:45 [7:30:57/16:45]  Acc_iter 551650      Data time: 0.00(0.00)  Forward time: 0.24(0.25)  Batch time: 0.24(0.25)
2026-08-15 18:41:41,466   INFO  Train:   10/10 (100%) [51632/55563 ( 93%)]  Loss: 2.175 (0.937)  LR: 6.089e-08  Time cost: 3:37:14/16:32 [7:31:09/16:32]  Acc_iter 551700      Data time: 0.00(0.00)  Forward time: 0.24(0.25)  Batch time: 0.24(0.25)
2026-08-15 18:41:41,841   INFO  a1e06a0b30c0                Sat Aug 15 18:41:41 2026  580.173.02
[0] NVIDIA GeForce RTX 3070 | 67°C,   4 % |  6900 /  8192 MB | root(6440M)

2026-08-15 18:41:54,368   INFO  Train:   10/10 (100%) [51682/55563 ( 93%)]  Loss: 0.7237 (0.937)  LR: 5.942e-08  Time cost: 3:37:27/16:19 [7:31:22/16:19]  Acc_iter 551750      Data time: 0.00(0.00)  Forward time: 0.23(0.25)  Batch time: 0.23(0.25)
2026-08-15 18:42:06,906   INFO  Train:   10/10 (100%) [51732/55563 ( 93%)]  Loss: 0.7575 (0.937)  LR: 5.798e-08  Time cost: 3:37:39/16:07 [7:31:34/16:07]  Acc_iter 551800      Data time: 0.00(0.00)  Forward time: 0.23(0.25)  Batch time: 0.23(0.25)
2026-08-15 18:42:19,825   INFO  Train:   10/10 (100%) [51782/55563 ( 93%)]  Loss: 0.6378 (0.938)  LR: 5.655e-08  Time cost: 3:37:52/15:54 [7:31:47/15:54]  Acc_iter 551850      Data time: 0.00(0.00)  Forward time: 0.29(0.25)  Batch time: 0.29(0.25)
2026-08-15 18:42:20,274   INFO  a1e06a0b30c0                Sat Aug 15 18:42:20 2026  580.173.02
[0] NVIDIA GeForce RTX 3070 | 65°C,  79 % |  6901 /  8192 MB | root(6440M)

2026-08-15 18:42:32,960   INFO  Train:   10/10 (100%) [51832/55563 ( 93%)]  Loss: 0.7770 (0.937)  LR: 5.515e-08  Time cost: 3:38:05/15:41 [7:32:01/15:41]  Acc_iter 551900      Data time: 0.00(0.00)  Forward time: 0.25(0.25)  Batch time: 0.26(0.25)
2026-08-15 18:42:45,261   INFO  Train:   10/10 (100%) [51882/55563 ( 93%)]  Loss: 1.091 (0.937)  LR: 5.376e-08  Time cost: 3:38:18/15:29 [7:32:13/15:29]  Acc_iter 551950      Data time: 0.00(0.00)  Forward time: 0.28(0.25)  Batch time: 0.28(0.25)
2026-08-15 18:42:57,887   INFO  Train:   10/10 (100%) [51932/55563 ( 93%)]  Loss: 0.8507 (0.938)  LR: 5.239e-08  Time cost: 3:38:30/15:16 [7:32:25/15:16]  Acc_iter 552000      Data time: 0.00(0.00)  Forward time: 0.25(0.25)  Batch time: 0.25(0.25)
2026-08-15 18:42:58,314   INFO  a1e06a0b30c0                Sat Aug 15 18:42:58 2026  580.173.02
[0] NVIDIA GeForce RTX 3070 | 67°C,  96 % |  6900 /  8192 MB | root(6440M)

2026-08-15 18:43:10,921   INFO  Train:   10/10 (100%) [51982/55563 ( 94%)]  Loss: 0.7764 (0.938)  LR: 5.104e-08  Time cost: 3:38:43/15:04 [7:32:38/15:04]  Acc_iter 552050      Data time: 0.00(0.00)  Forward time: 0.22(0.25)  Batch time: 0.22(0.25)
2026-08-15 18:43:23,347   INFO  Train:   10/10 (100%) [52032/55563 ( 94%)]  Loss: 0.6813 (0.938)  LR: 4.971e-08  Time cost: 3:38:56/14:51 [7:32:51/14:51]  Acc_iter 552100      Data time: 0.00(0.00)  Forward time: 0.21(0.25)  Batch time: 0.21(0.25)
2026-08-15 18:43:35,567   INFO  Train:   10/10 (100%) [52082/55563 ( 94%)]  Loss: 0.9194 (0.938)  LR: 4.839e-08  Time cost: 3:39:08/14:38 [7:33:03/14:38]  Acc_iter 552150      Data time: 0.00(0.00)  Forward time: 0.26(0.25)  Batch time: 0.26(0.25)
2026-08-15 18:43:36,005   INFO  a1e06a0b30c0                Sat Aug 15 18:43:35 2026  580.173.02
[0] NVIDIA GeForce RTX 3070 | 74°C,  35 % |  6900 /  8192 MB | root(6440M)

2026-08-15 18:43:48,424   INFO  Train:   10/10 (100%) [52132/55563 ( 94%)]  Loss: 0.6918 (0.937)  LR: 4.710e-08  Time cost: 3:39:21/14:26 [7:33:16/14:26]  Acc_iter 552200      Data time: 0.00(0.00)  Forward time: 0.23(0.25)  Batch time: 0.23(0.25)
2026-08-15 18:44:00,922   INFO  Train:   10/10 (100%) [52182/55563 ( 94%)]  Loss: 1.008 (0.937)  LR: 4.582e-08  Time cost: 3:39:33/14:13 [7:33:28/14:13]  Acc_iter 552250      Data time: 0.00(0.00)  Forward time: 0.21(0.25)  Batch time: 0.22(0.25)
2026-08-15 18:44:13,694   INFO  Train:   10/10 (100%) [52232/55563 ( 94%)]  Loss: 0.9536 (0.937)  LR: 4.457e-08  Time cost: 3:39:46/14:00 [7:33:41/14:00]  Acc_iter 552300      Data time: 0.00(0.00)  Forward time: 0.24(0.25)  Batch time: 0.24(0.25)
2026-08-15 18:44:14,130   INFO  a1e06a0b30c0                Sat Aug 15 18:44:14 2026  580.173.02
[0] NVIDIA GeForce RTX 3070 | 71°C,  94 % |  6901 /  8192 MB | root(6440M)

2026-08-15 18:44:26,499   INFO  Train:   10/10 (100%) [52282/55563 ( 94%)]  Loss: 1.125 (0.938)  LR: 4.333e-08  Time cost: 3:39:59/13:48 [7:33:54/13:48]  Acc_iter 552350      Data time: 0.00(0.00)  Forward time: 0.27(0.25)  Batch time: 0.27(0.25)
2026-08-15 18:44:27,245   INFO  Save latest model to /OpenPCDet/output/OpenPCDet/tools/cfgs/models/S/F/S_F_N/default/ckpt/latest_model
2026-08-15 18:44:38,778   INFO  Train:   10/10 (100%) [52332/55563 ( 94%)]  Loss: 0.7043 (0.937)  LR: 4.211e-08  Time cost: 3:40:11/13:35 [7:34:06/13:35]  Acc_iter 552400      Data time: 0.00(0.00)  Forward time: 0.28(0.25)  Batch time: 0.28(0.25)
2026-08-15 18:44:51,272   INFO  Train:   10/10 (100%) [52382/55563 ( 94%)]  Loss: 1.373 (0.937)  LR: 4.091e-08  Time cost: 3:40:24/13:23 [7:34:19/13:23]  Acc_iter 552450      Data time: 0.00(0.00)  Forward time: 0.24(0.25)  Batch time: 0.24(0.25)
2026-08-15 18:44:51,657   INFO  a1e06a0b30c0                Sat Aug 15 18:44:51 2026  580.173.02
[0] NVIDIA GeForce RTX 3070 | 73°C,  79 % |  6900 /  8192 MB | root(6440M)

2026-08-15 18:45:04,756   INFO  Train:   10/10 (100%) [52432/55563 ( 94%)]  Loss: 0.4820 (0.937)  LR: 3.972e-08  Time cost: 3:40:37/13:10 [7:34:32/13:10]  Acc_iter 552500      Data time: 0.00(0.00)  Forward time: 0.30(0.25)  Batch time: 0.30(0.25)
2026-08-15 18:45:16,971   INFO  Train:   10/10 (100%) [52482/55563 ( 94%)]  Loss: 1.830 (0.937)  LR: 3.856e-08  Time cost: 3:40:49/12:57 [7:34:45/12:57]  Acc_iter 552550      Data time: 0.00(0.00)  Forward time: 0.27(0.25)  Batch time: 0.27(0.25)
2026-08-15 18:45:29,369   INFO  Train:   10/10 (100%) [52532/55563 ( 95%)]  Loss: 0.5114 (0.938)  LR: 3.742e-08  Time cost: 3:41:02/12:45 [7:34:57/12:45]  Acc_iter 552600      Data time: 0.00(0.00)  Forward time: 0.22(0.25)  Batch time: 0.22(0.25)
2026-08-15 18:45:29,736   INFO  a1e06a0b30c0                Sat Aug 15 18:45:29 2026  580.173.02
[0] NVIDIA GeForce RTX 3070 | 73°C,  93 % |  6900 /  8192 MB | root(6440M)

2026-08-15 18:45:42,422   INFO  Train:   10/10 (100%) [52582/55563 ( 95%)]  Loss: 0.7426 (0.938)  LR: 3.629e-08  Time cost: 3:41:15/12:32 [7:35:10/12:32]  Acc_iter 552650      Data time: 0.00(0.00)  Forward time: 0.26(0.25)  Batch time: 0.26(0.25)
2026-08-15 18:45:55,027   INFO  Train:   10/10 (100%) [52632/55563 ( 95%)]  Loss: 1.135 (0.938)  LR: 3.518e-08  Time cost: 3:41:28/12:19 [7:35:23/12:19]  Acc_iter 552700      Data time: 0.00(0.00)  Forward time: 0.26(0.25)  Batch time: 0.27(0.25)
2026-08-15 18:46:07,742   INFO  Train:   10/10 (100%) [52682/55563 ( 95%)]  Loss: 0.5286 (0.938)  LR: 3.409e-08  Time cost: 3:41:40/12:07 [7:35:35/12:07]  Acc_iter 552750      Data time: 0.00(0.00)  Forward time: 0.22(0.25)  Batch time: 0.22(0.25)
2026-08-15 18:46:08,124   INFO  a1e06a0b30c0                Sat Aug 15 18:46:08 2026  580.173.02
[0] NVIDIA GeForce RTX 3070 | 73°C,  72 % |  6900 /  8192 MB | root(6440M)

2026-08-15 18:46:20,593   INFO  Train:   10/10 (100%) [52732/55563 ( 95%)]  Loss: 0.4701 (0.938)  LR: 3.302e-08  Time cost: 3:41:53/11:54 [7:35:48/11:54]  Acc_iter 552800      Data time: 0.00(0.00)  Forward time: 0.25(0.25)  Batch time: 0.25(0.25)
2026-08-15 18:46:32,989   INFO  Train:   10/10 (100%) [52782/55563 ( 95%)]  Loss: 0.8302 (0.938)  LR: 3.197e-08  Time cost: 3:42:05/11:42 [7:36:01/11:42]  Acc_iter 552850      Data time: 0.00(0.00)  Forward time: 0.21(0.25)  Batch time: 0.21(0.25)
2026-08-15 18:46:45,405   INFO  Train:   10/10 (100%) [52832/55563 ( 95%)]  Loss: 0.9156 (0.938)  LR: 3.094e-08  Time cost: 3:42:18/11:29 [7:36:13/11:29]  Acc_iter 552900      Data time: 0.00(0.00)  Forward time: 0.26(0.25)  Batch time: 0.26(0.25)
2026-08-15 18:46:45,895   INFO  a1e06a0b30c0                Sat Aug 15 18:46:45 2026  580.173.02
[0] NVIDIA GeForce RTX 3070 | 67°C,   1 % |  6900 /  8192 MB | root(6440M)

2026-08-15 18:46:58,735   INFO  Train:   10/10 (100%) [52882/55563 ( 95%)]  Loss: 0.6857 (0.938)  LR: 2.993e-08  Time cost: 3:42:31/11:16 [7:36:26/11:16]  Acc_iter 552950      Data time: 0.00(0.00)  Forward time: 0.27(0.25)  Batch time: 0.27(0.25)
2026-08-15 18:47:11,009   INFO  Train:   10/10 (100%) [52932/55563 ( 95%)]  Loss: 1.022 (0.938)  LR: 2.893e-08  Time cost: 3:42:44/11:04 [7:36:39/11:04]  Acc_iter 553000      Data time: 0.00(0.00)  Forward time: 0.25(0.25)  Batch time: 0.25(0.25)
2026-08-15 18:47:23,219   INFO  Train:   10/10 (100%) [52982/55563 ( 95%)]  Loss: 0.6916 (0.938)  LR: 2.796e-08  Time cost: 3:42:56/10:51 [7:36:51/10:51]  Acc_iter 553050      Data time: 0.00(0.00)  Forward time: 0.24(0.25)  Batch time: 0.25(0.25)
2026-08-15 18:47:23,643   INFO  a1e06a0b30c0                Sat Aug 15 18:47:23 2026  580.173.02
[0] NVIDIA GeForce RTX 3070 | 73°C,  69 % |  6904 /  8192 MB | root(6440M)

2026-08-15 18:47:36,353   INFO  Train:   10/10 (100%) [53032/55563 ( 95%)]  Loss: 0.9925 (0.938)  LR: 2.700e-08  Time cost: 3:43:09/10:39 [7:37:04/10:39]  Acc_iter 553100      Data time: 0.00(0.00)  Forward time: 0.29(0.25)  Batch time: 0.29(0.25)
2026-08-15 18:47:49,091   INFO  Train:   10/10 (100%) [53082/55563 ( 96%)]  Loss: 1.335 (0.938)  LR: 2.606e-08  Time cost: 3:43:22/10:26 [7:37:17/10:26]  Acc_iter 553150      Data time: 0.00(0.00)  Forward time: 0.25(0.25)  Batch time: 0.25(0.25)
2026-08-15 18:48:01,523   INFO  Train:   10/10 (100%) [53132/55563 ( 96%)]  Loss: 2.347 (0.938)  LR: 2.514e-08  Time cost: 3:43:34/10:13 [7:37:29/10:13]  Acc_iter 553200      Data time: 0.00(0.00)  Forward time: 0.25(0.25)  Batch time: 0.25(0.25)
2026-08-15 18:48:01,898   INFO  a1e06a0b30c0                Sat Aug 15 18:48:01 2026  580.173.02
[0] NVIDIA GeForce RTX 3070 | 70°C,  74 % |  6900 /  8192 MB | root(6440M)

2026-08-15 18:48:14,350   INFO  Train:   10/10 (100%) [53182/55563 ( 96%)]  Loss: 0.5417 (0.938)  LR: 2.424e-08  Time cost: 3:43:47/10:01 [7:37:42/10:01]  Acc_iter 553250      Data time: 0.00(0.00)  Forward time: 0.25(0.25)  Batch time: 0.25(0.25)
2026-08-15 18:48:26,990   INFO  Train:   10/10 (100%) [53232/55563 ( 96%)]  Loss: 1.381 (0.938)  LR: 2.336e-08  Time cost: 3:43:59/09:48 [7:37:55/09:48]  Acc_iter 553300      Data time: 0.00(0.00)  Forward time: 0.27(0.25)  Batch time: 0.27(0.25)
2026-08-15 18:48:39,394   INFO  Train:   10/10 (100%) [53282/55563 ( 96%)]  Loss: 2.114 (0.938)  LR: 2.249e-08  Time cost: 3:44:12/09:35 [7:38:07/09:35]  Acc_iter 553350      Data time: 0.00(0.00)  Forward time: 0.26(0.25)  Batch time: 0.26(0.25)
2026-08-15 18:48:39,821   INFO  a1e06a0b30c0                Sat Aug 15 18:48:39 2026  580.173.02
[0] NVIDIA GeForce RTX 3070 | 66°C,   1 % |  6900 /  8192 MB | root(6440M)

2026-08-15 18:48:52,557   INFO  Train:   10/10 (100%) [53332/55563 ( 96%)]  Loss: 0.9151 (0.938)  LR: 2.165e-08  Time cost: 3:44:25/09:23 [7:38:20/09:23]  Acc_iter 553400      Data time: 0.00(0.00)  Forward time: 0.21(0.25)  Batch time: 0.21(0.25)
2026-08-15 18:49:04,910   INFO  Train:   10/10 (100%) [53382/55563 ( 96%)]  Loss: 1.048 (0.938)  LR: 2.082e-08  Time cost: 3:44:37/09:10 [7:38:32/09:10]  Acc_iter 553450      Data time: 0.00(0.00)  Forward time: 0.26(0.25)  Batch time: 0.26(0.25)
2026-08-15 18:49:17,293   INFO  Train:   10/10 (100%) [53432/55563 ( 96%)]  Loss: 1.390 (0.938)  LR: 2.001e-08  Time cost: 3:44:50/08:58 [7:38:45/08:58]  Acc_iter 553500      Data time: 0.00(0.00)  Forward time: 0.28(0.25)  Batch time: 0.28(0.25)
2026-08-15 18:49:17,699   INFO  a1e06a0b30c0                Sat Aug 15 18:49:17 2026  580.173.02
[0] NVIDIA GeForce RTX 3070 | 71°C,  94 % |  6901 /  8192 MB | root(6440M)

2026-08-15 18:49:27,342   INFO  Save latest model to /OpenPCDet/output/OpenPCDet/tools/cfgs/models/S/F/S_F_N/default/ckpt/latest_model
2026-08-15 18:49:30,340   INFO  Train:   10/10 (100%) [53482/55563 ( 96%)]  Loss: 1.471 (0.938)  LR: 1.922e-08  Time cost: 3:45:03/08:45 [7:38:58/08:45]  Acc_iter 553550      Data time: 0.00(0.00)  Forward time: 0.29(0.25)  Batch time: 0.29(0.25)
2026-08-15 18:49:43,162   INFO  Train:   10/10 (100%) [53532/55563 ( 96%)]  Loss: 1.404 (0.938)  LR: 1.845e-08  Time cost: 3:45:16/08:32 [7:39:11/08:32]  Acc_iter 553600      Data time: 0.00(0.00)  Forward time: 0.26(0.25)  Batch time: 0.26(0.25)
2026-08-15 18:49:55,540   INFO  Train:   10/10 (100%) [53582/55563 ( 96%)]  Loss: 1.253 (0.938)  LR: 1.770e-08  Time cost: 3:45:28/08:20 [7:39:23/08:20]  Acc_iter 553650      Data time: 0.00(0.00)  Forward time: 0.23(0.25)  Batch time: 0.23(0.25)
2026-08-15 18:49:55,914   INFO  a1e06a0b30c0                Sat Aug 15 18:49:55 2026  580.173.02
[0] NVIDIA GeForce RTX 3070 | 67°C,  31 % |  6900 /  8192 MB | root(6440M)

2026-08-15 18:50:08,427   INFO  Train:   10/10 (100%) [53632/55563 ( 97%)]  Loss: 0.8368 (0.938)  LR: 1.697e-08  Time cost: 3:45:41/08:07 [7:39:36/08:07]  Acc_iter 553700      Data time: 0.00(0.00)  Forward time: 0.23(0.25)  Batch time: 0.23(0.25)
2026-08-15 18:50:20,869   INFO  Train:   10/10 (100%) [53682/55563 ( 97%)]  Loss: 0.6761 (0.938)  LR: 1.625e-08  Time cost: 3:45:53/07:54 [7:39:48/07:54]  Acc_iter 553750      Data time: 0.00(0.00)  Forward time: 0.26(0.25)  Batch time: 0.26(0.25)
2026-08-15 18:50:33,530   INFO  Train:   10/10 (100%) [53732/55563 ( 97%)]  Loss: 1.357 (0.938)  LR: 1.556e-08  Time cost: 3:46:06/07:42 [7:40:01/07:42]  Acc_iter 553800      Data time: 0.00(0.00)  Forward time: 0.27(0.25)  Batch time: 0.27(0.25)
2026-08-15 18:50:33,947   INFO  a1e06a0b30c0                Sat Aug 15 18:50:33 2026  580.173.02
[0] NVIDIA GeForce RTX 3070 | 67°C,  28 % |  6900 /  8192 MB | root(6440M)

2026-08-15 18:50:46,312   INFO  Train:   10/10 (100%) [53782/55563 ( 97%)]  Loss: 1.023 (0.938)  LR: 1.488e-08  Time cost: 3:46:19/07:29 [7:40:14/07:29]  Acc_iter 553850      Data time: 0.00(0.00)  Forward time: 0.22(0.25)  Batch time: 0.22(0.25)
2026-08-15 18:50:58,571   INFO  Train:   10/10 (100%) [53832/55563 ( 97%)]  Loss: 0.8456 (0.938)  LR: 1.423e-08  Time cost: 3:46:31/07:17 [7:40:26/07:17]  Acc_iter 553900      Data time: 0.00(0.00)  Forward time: 0.22(0.25)  Batch time: 0.23(0.25)
2026-08-15 18:51:10,854   INFO  Train:   10/10 (100%) [53882/55563 ( 97%)]  Loss: 0.5765 (0.938)  LR: 1.359e-08  Time cost: 3:46:43/07:04 [7:40:38/07:04]  Acc_iter 553950      Data time: 0.00(0.00)  Forward time: 0.24(0.25)  Batch time: 0.24(0.25)
2026-08-15 18:51:11,276   INFO  a1e06a0b30c0                Sat Aug 15 18:51:11 2026  580.173.02
[0] NVIDIA GeForce RTX 3070 | 64°C,  99 % |  6901 /  8192 MB | root(6440M)

2026-08-15 18:51:23,899   INFO  Train:   10/10 (100%) [53932/55563 ( 97%)]  Loss: 1.131 (0.938)  LR: 1.297e-08  Time cost: 3:46:56/06:51 [7:40:51/06:51]  Acc_iter 554000      Data time: 0.00(0.00)  Forward time: 0.24(0.25)  Batch time: 0.24(0.25)
2026-08-15 18:51:36,395   INFO  Train:   10/10 (100%) [53982/55563 ( 97%)]  Loss: 0.6717 (0.938)  LR: 1.236e-08  Time cost: 3:47:09/06:39 [7:41:04/06:39]  Acc_iter 554050      Data time: 0.00(0.00)  Forward time: 0.32(0.25)  Batch time: 0.32(0.25)
2026-08-15 18:51:48,893   INFO  Train:   10/10 (100%) [54032/55563 ( 97%)]  Loss: 0.6833 (0.938)  LR: 1.178e-08  Time cost: 3:47:21/06:26 [7:41:16/06:26]  Acc_iter 554100      Data time: 0.00(0.00)  Forward time: 0.26(0.25)  Batch time: 0.26(0.25)
2026-08-15 18:51:49,270   INFO  a1e06a0b30c0                Sat Aug 15 18:51:49 2026  580.173.02
[0] NVIDIA GeForce RTX 3070 | 72°C,  96 % |  6900 /  8192 MB | root(6440M)

2026-08-15 18:52:01,498   INFO  Train:   10/10 (100%) [54082/55563 ( 97%)]  Loss: 0.8888 (0.938)  LR: 1.122e-08  Time cost: 3:47:34/06:13 [7:41:29/06:13]  Acc_iter 554150      Data time: 0.00(0.00)  Forward time: 0.27(0.25)  Batch time: 0.27(0.25)
2026-08-15 18:52:14,013   INFO  Train:   10/10 (100%) [54132/55563 ( 97%)]  Loss: 0.6707 (0.938)  LR: 1.067e-08  Time cost: 3:47:47/06:01 [7:41:42/06:01]  Acc_iter 554200      Data time: 0.00(0.00)  Forward time: 0.25(0.25)  Batch time: 0.26(0.25)
2026-08-15 18:52:26,605   INFO  Train:   10/10 (100%) [54182/55563 ( 98%)]  Loss: 0.6578 (0.938)  LR: 1.014e-08  Time cost: 3:47:59/05:48 [7:41:54/05:48]  Acc_iter 554250      Data time: 0.00(0.00)  Forward time: 0.23(0.25)  Batch time: 0.24(0.25)
2026-08-15 18:52:26,989   INFO  a1e06a0b30c0                Sat Aug 15 18:52:26 2026  580.173.02
[0] NVIDIA GeForce RTX 3070 | 72°C,  96 % |  6900 /  8192 MB | root(6440M)

2026-08-15 18:52:39,228   INFO  Train:   10/10 (100%) [54232/55563 ( 98%)]  Loss: 0.6191 (0.938)  LR: 9.637e-09  Time cost: 3:48:12/05:36 [7:42:07/05:36]  Acc_iter 554300      Data time: 0.00(0.00)  Forward time: 0.22(0.25)  Batch time: 0.23(0.25)
2026-08-15 18:52:51,469   INFO  Train:   10/10 (100%) [54282/55563 ( 98%)]  Loss: 0.6500 (0.938)  LR: 9.148e-09  Time cost: 3:48:24/05:23 [7:42:19/05:23]  Acc_iter 554350      Data time: 0.00(0.00)  Forward time: 0.26(0.25)  Batch time: 0.26(0.25)
2026-08-15 18:53:04,114   INFO  Train:   10/10 (100%) [54332/55563 ( 98%)]  Loss: 1.760 (0.938)  LR: 8.677e-09  Time cost: 3:48:37/05:10 [7:42:32/05:10]  Acc_iter 554400      Data time: 0.00(0.00)  Forward time: 0.31(0.25)  Batch time: 0.31(0.25)
2026-08-15 18:53:04,518   INFO  a1e06a0b30c0                Sat Aug 15 18:53:04 2026  580.173.02
[0] NVIDIA GeForce RTX 3070 | 72°C,  89 % |  6901 /  8192 MB | root(6440M)

2026-08-15 18:53:17,234   INFO  Train:   10/10 (100%) [54382/55563 ( 98%)]  Loss: 0.6726 (0.938)  LR: 8.225e-09  Time cost: 3:48:50/04:58 [7:42:45/04:58]  Acc_iter 554450      Data time: 0.00(0.00)  Forward time: 0.23(0.25)  Batch time: 0.23(0.25)
2026-08-15 18:53:29,942   INFO  Train:   10/10 (100%) [54432/55563 ( 98%)]  Loss: 0.9648 (0.938)  LR: 7.792e-09  Time cost: 3:49:02/04:45 [7:42:57/04:45]  Acc_iter 554500      Data time: 0.00(0.00)  Forward time: 0.27(0.25)  Batch time: 0.27(0.25)
2026-08-15 18:53:42,659   INFO  Train:   10/10 (100%) [54482/55563 ( 98%)]  Loss: 0.9048 (0.938)  LR: 7.378e-09  Time cost: 3:49:15/04:32 [7:43:10/04:32]  Acc_iter 554550      Data time: 0.00(0.00)  Forward time: 0.25(0.25)  Batch time: 0.25(0.25)
2026-08-15 18:53:43,043   INFO  a1e06a0b30c0                Sat Aug 15 18:53:43 2026  580.173.02
[0] NVIDIA GeForce RTX 3070 | 72°C,  99 % |  6900 /  8192 MB | root(6440M)

2026-08-15 18:53:55,189   INFO  Train:   10/10 (100%) [54532/55563 ( 98%)]  Loss: 0.6677 (0.938)  LR: 6.982e-09  Time cost: 3:49:28/04:20 [7:43:23/04:20]  Acc_iter 554600      Data time: 0.00(0.00)  Forward time: 0.22(0.25)  Batch time: 0.22(0.25)
2026-08-15 18:54:07,958   INFO  Train:   10/10 (100%) [54582/55563 ( 98%)]  Loss: 0.3940 (0.938)  LR: 6.605e-09  Time cost: 3:49:40/04:07 [7:43:36/04:07]  Acc_iter 554650      Data time: 0.00(0.00)  Forward time: 0.22(0.25)  Batch time: 0.22(0.25)
2026-08-15 18:54:20,288   INFO  Train:   10/10 (100%) [54632/55563 ( 98%)]  Loss: 0.7162 (0.938)  LR: 6.247e-09  Time cost: 3:49:53/03:55 [7:43:48/03:55]  Acc_iter 554700      Data time: 0.00(0.00)  Forward time: 0.22(0.25)  Batch time: 0.22(0.25)
2026-08-15 18:54:20,663   INFO  a1e06a0b30c0                Sat Aug 15 18:54:20 2026  580.173.02
[0] NVIDIA GeForce RTX 3070 | 72°C,  75 % |  6900 /  8192 MB | root(6440M)

2026-08-15 18:54:27,230   INFO  Save latest model to /OpenPCDet/output/OpenPCDet/tools/cfgs/models/S/F/S_F_N/default/ckpt/latest_model
2026-08-15 18:54:33,340   INFO  Train:   10/10 (100%) [54682/55563 ( 98%)]  Loss: 1.169 (0.938)  LR: 5.908e-09  Time cost: 3:50:06/03:42 [7:44:01/03:42]  Acc_iter 554750      Data time: 0.00(0.00)  Forward time: 0.27(0.25)  Batch time: 0.27(0.25)
2026-08-15 18:54:45,937   INFO  Train:   10/10 (100%) [54732/55563 ( 99%)]  Loss: 0.1828 (0.938)  LR: 5.587e-09  Time cost: 3:50:18/03:29 [7:44:13/03:29]  Acc_iter 554800      Data time: 0.00(0.00)  Forward time: 0.25(0.25)  Batch time: 0.25(0.25)
2026-08-15 18:54:58,561   INFO  Train:   10/10 (100%) [54782/55563 ( 99%)]  Loss: 0.8462 (0.938)  LR: 5.285e-09  Time cost: 3:50:31/03:17 [7:44:26/03:17]  Acc_iter 554850      Data time: 0.00(0.00)  Forward time: 0.22(0.25)  Batch time: 0.22(0.25)
2026-08-15 18:54:58,990   INFO  a1e06a0b30c0                Sat Aug 15 18:54:58 2026  580.173.02
[0] NVIDIA GeForce RTX 3070 | 69°C,  45 % |  6901 /  8192 MB | root(6440M)

2026-08-15 18:55:11,793   INFO  Train:   10/10 (100%) [54832/55563 ( 99%)]  Loss: 0.6328 (0.938)  LR: 5.002e-09  Time cost: 3:50:44/03:04 [7:44:39/03:04]  Acc_iter 554900      Data time: 0.00(0.00)  Forward time: 0.18(0.25)  Batch time: 0.19(0.25)
2026-08-15 18:55:24,329   INFO  Train:   10/10 (100%) [54882/55563 ( 99%)]  Loss: 0.7380 (0.938)  LR: 4.737e-09  Time cost: 3:50:57/02:51 [7:44:52/02:51]  Acc_iter 554950      Data time: 0.00(0.00)  Forward time: 0.25(0.25)  Batch time: 0.25(0.25)
2026-08-15 18:55:36,768   INFO  Train:   10/10 (100%) [54932/55563 ( 99%)]  Loss: 0.3458 (0.938)  LR: 4.492e-09  Time cost: 3:51:09/02:39 [7:45:04/02:39]  Acc_iter 555000      Data time: 0.00(0.00)  Forward time: 0.28(0.25)  Batch time: 0.28(0.25)
2026-08-15 18:55:37,136   INFO  a1e06a0b30c0                Sat Aug 15 18:55:37 2026  580.173.02
[0] NVIDIA GeForce RTX 3070 | 73°C,  82 % |  6900 /  8192 MB | root(6440M)

2026-08-15 18:55:49,857   INFO  Train:   10/10 (100%) [54982/55563 ( 99%)]  Loss: 0.8514 (0.938)  LR: 4.265e-09  Time cost: 3:51:22/02:26 [7:45:17/02:26]  Acc_iter 555050      Data time: 0.00(0.00)  Forward time: 0.29(0.25)  Batch time: 0.29(0.25)
2026-08-15 18:56:02,375   INFO  Train:   10/10 (100%) [55032/55563 ( 99%)]  Loss: 1.080 (0.938)  LR: 4.056e-09  Time cost: 3:51:35/02:14 [7:45:30/02:14]  Acc_iter 555100      Data time: 0.00(0.00)  Forward time: 0.23(0.25)  Batch time: 0.23(0.25)
2026-08-15 18:56:14,424   INFO  Train:   10/10 (100%) [55082/55563 ( 99%)]  Loss: 0.9236 (0.938)  LR: 3.867e-09  Time cost: 3:51:47/02:01 [7:45:42/02:01]  Acc_iter 555150      Data time: 0.00(0.00)  Forward time: 0.23(0.25)  Batch time: 0.23(0.25)
2026-08-15 18:56:14,808   INFO  a1e06a0b30c0                Sat Aug 15 18:56:14 2026  580.173.02
[0] NVIDIA GeForce RTX 3070 | 67°C,   1 % |  6904 /  8192 MB | root(6440M)

2026-08-15 18:56:27,189   INFO  Train:   10/10 (100%) [55132/55563 ( 99%)]  Loss: 0.5970 (0.938)  LR: 3.696e-09  Time cost: 3:52:00/01:48 [7:45:55/01:48]  Acc_iter 555200      Data time: 0.00(0.00)  Forward time: 0.22(0.25)  Batch time: 0.22(0.25)
2026-08-15 18:56:39,557   INFO  Train:   10/10 (100%) [55182/55563 ( 99%)]  Loss: 1.079 (0.938)  LR: 3.544e-09  Time cost: 3:52:12/01:36 [7:46:07/01:36]  Acc_iter 555250      Data time: 0.00(0.00)  Forward time: 0.22(0.25)  Batch time: 0.22(0.25)
2026-08-15 18:56:52,251   INFO  Train:   10/10 (100%) [55232/55563 ( 99%)]  Loss: 0.5046 (0.938)  LR: 3.410e-09  Time cost: 3:52:25/01:23 [7:46:20/01:23]  Acc_iter 555300      Data time: 0.00(0.00)  Forward time: 0.21(0.25)  Batch time: 0.21(0.25)
2026-08-15 18:56:52,659   INFO  a1e06a0b30c0                Sat Aug 15 18:56:52 2026  580.173.02
[0] NVIDIA GeForce RTX 3070 | 71°C,  65 % |  6901 /  8192 MB | root(6440M)

2026-08-15 18:57:04,992   INFO  Train:   10/10 (100%) [55282/55563 ( 99%)]  Loss: 0.4331 (0.938)  LR: 3.296e-09  Time cost: 3:52:37/01:10 [7:46:33/01:10]  Acc_iter 555350      Data time: 0.00(0.00)  Forward time: 0.22(0.25)  Batch time: 0.22(0.25)
2026-08-15 18:57:17,282   INFO  Train:   10/10 (100%) [55332/55563 (100%)]  Loss: 2.243 (0.938)  LR: 3.200e-09  Time cost: 3:52:50/00:58 [7:46:45/00:58]  Acc_iter 555400      Data time: 0.00(0.00)  Forward time: 0.25(0.25)  Batch time: 0.25(0.25)
2026-08-15 18:57:29,569   INFO  Train:   10/10 (100%) [55382/55563 (100%)]  Loss: 1.063 (0.938)  LR: 3.123e-09  Time cost: 3:53:02/00:45 [7:46:57/00:45]  Acc_iter 555450      Data time: 0.00(0.00)  Forward time: 0.25(0.25)  Batch time: 0.25(0.25)
2026-08-15 18:57:29,983   INFO  a1e06a0b30c0                Sat Aug 15 18:57:29 2026  580.173.02
[0] NVIDIA GeForce RTX 3070 | 74°C,   4 % |  6900 /  8192 MB | root(6440M)

2026-08-15 18:57:42,682   INFO  Train:   10/10 (100%) [55432/55563 (100%)]  Loss: 0.7385 (0.938)  LR: 3.064e-09  Time cost: 3:53:15/00:33 [7:47:10/00:33]  Acc_iter 555500      Data time: 0.00(0.00)  Forward time: 0.25(0.25)  Batch time: 0.25(0.25)
2026-08-15 18:57:55,501   INFO  Train:   10/10 (100%) [55482/55563 (100%)]  Loss: 0.6888 (0.938)  LR: 3.025e-09  Time cost: 3:53:28/00:20 [7:47:23/00:20]  Acc_iter 555550      Data time: 0.00(0.00)  Forward time: 0.25(0.25)  Batch time: 0.25(0.25)
2026-08-15 18:58:07,976   INFO  Train:   10/10 (100%) [55532/55563 (100%)]  Loss: 0.6257 (0.938)  LR: 3.004e-09  Time cost: 3:53:40/00:07 [7:47:36/00:07]  Acc_iter 555600      Data time: 0.00(0.00)  Forward time: 0.25(0.25)  Batch time: 0.25(0.25)
2026-08-15 18:58:08,379   INFO  a1e06a0b30c0                Sat Aug 15 18:58:08 2026  580.173.02
[0] NVIDIA GeForce RTX 3070 | 69°C,  85 % |  6898 /  8192 MB | root(6440M)

2026-08-15 18:58:15,603   INFO  Train:   10/10 (100%) [55562/55563 (100%)]  Loss: 2.208 (0.938)  LR: 3.000e-09  Time cost: 3:53:48/00:00 [7:47:43/00:00]  Acc_iter 555630      Data time: 0.00(0.00)  Forward time: 0.22(0.25)  Batch time: 0.22(0.25)
2026-08-15 18:58:16,052   INFO  **********************End training OpenPCDet/tools/cfgs/models/S/F/S_F_N(default)**********************



2026-08-15 18:58:16,052   INFO  **********************Start evaluation OpenPCDet/tools/cfgs/models/S/F/S_F_N(default)**********************
2026-08-15 18:58:16,053   INFO  Loading NuScenes dataset
2026-08-15 18:58:16,167   INFO  Total samples for NuScenes dataset: 6019
